image_id,fold,role
smids/Abnormal_Sperm/Abnormal_Sperm (105).bmp,0,calib
smids/Abnormal_Sperm/Abnormal_Sperm (111).bmp,0,calib
smids/Abnormal_Sperm/Abnormal_Sperm (122).bmp,0,calib
smids/Abnormal_Sperm/Abnormal_Sperm (129).bmp,0,calib
smids/Abnormal_Sperm/Abnormal_Sperm (148).bmp,0,calib
smids/Abnormal_Sperm/Abnormal_Sperm (150).bmp,0,calib
smids/Abnormal_Sperm/Abnormal_Sperm (151).bmp,0,calib
smids/Abnormal_Sperm/Abnormal_Sperm (17).bmp,0,calib
smids/Abnormal_Sperm/Abnormal_Sperm (172).bmp,0,calib
smids/Abnormal_Sperm/Abnormal_Sperm (174).bmp,0,calib
smids/Abnormal_Sperm/Abnormal_Sperm (178).bmp,0,calib
smids/Abnormal_Sperm/Abnormal_Sperm (190).bmp,0,calib
smids/Abnormal_Sperm/Abnormal_Sperm (191).bmp,0,calib
smids/Abnormal_Sperm/Abnormal_Sperm (209).bmp,0,calib
smids/Abnormal_Sperm/Abnormal_Sperm (212).bmp,0,calib
smids/Abnormal_Sperm/Abnormal_Sperm (214).bmp,0,calib
smids/Abnormal_Sperm/Abnormal_Sperm (215).bmp,0,calib
smids/Abnormal_Sperm/Abnormal_Sperm (223).bmp,0,calib
smids/Abnormal_Sperm/Abnormal_Sperm (224).bmp,0,calib
smids/Abnormal_Sperm/Abnormal_Sperm (23).bmp,0,calib
smids/Abnormal_Sperm/Abnormal_Sperm (232).bmp,0,calib
smids/Abnormal_Sperm/Abnormal_Sperm (233).bmp,0,calib
smids/Abnormal_Sperm/Abnormal_Sperm (242).bmp,0,calib
smids/Abnormal_Sperm/Abnormal_Sperm (248).bmp,0,calib
smids/Abnormal_Sperm/Abnormal_Sperm (258).bmp,0,calib
smids/Abnormal_Sperm/Abnormal_Sperm (266).bmp,0,calib
smids/Abnormal_Sperm/Abnormal_Sperm (272).bmp,0,calib
smids/Abnormal_Sperm/Abnormal_Sperm (279).bmp,0,calib
smids/Abnormal_Sperm/Abnormal_Sperm (281).bmp,0,calib
smids/Abnormal_Sperm/Abnormal_Sperm (283).bmp,0,calib
smids/Abnormal_Sperm/Abnormal_Sperm (286).bmp,0,calib
smids/Abnormal_Sperm/Abnormal_Sperm (298).bmp,0,calib
smids/Abnormal_Sperm/Abnormal_Sperm (302).bmp,0,calib
smids/Abnormal_Sperm/Abnormal_Sperm (303).bmp,0,calib
smids/Abnormal_Sperm/Abnormal_Sperm (304).bmp,0,calib
smids/Abnormal_Sperm/Abnormal_Sperm (313).bmp,0,calib
smids/Abnormal_Sperm/Abnormal_Sperm (320).bmp,0,calib
smids/Abnormal_Sperm/Abnormal_Sperm (327).bmp,0,calib
smids/Abnormal_Sperm/Abnormal_Sperm (337).bmp,0,calib
smids/Abnormal_Sperm/Abnormal_Sperm (34).bmp,0,calib
smids/Abnormal_Sperm/Abnormal_Sperm (347).bmp,0,calib
smids/Abnormal_Sperm/Abnormal_Sperm (351).bmp,0,calib
smids/Abnormal_Sperm/Abnormal_Sperm (356).bmp,0,calib
smids/Abnormal_Sperm/Abnormal_Sperm (360).bmp,0,calib
smids/Abnormal_Sperm/Abnormal_Sperm (363).bmp,0,calib
smids/Abnormal_Sperm/Abnormal_Sperm (368).bmp,0,calib
smids/Abnormal_Sperm/Abnormal_Sperm (373).bmp,0,calib
smids/Abnormal_Sperm/Abnormal_Sperm (374).bmp,0,calib
smids/Abnormal_Sperm/Abnormal_Sperm (383).bmp,0,calib
smids/Abnormal_Sperm/Abnormal_Sperm (384).bmp,0,calib
smids/Abnormal_Sperm/Abnormal_Sperm (389).bmp,0,calib
smids/Abnormal_Sperm/Abnormal_Sperm (395).bmp,0,calib
smids/Abnormal_Sperm/Abnormal_Sperm (400).bmp,0,calib
smids/Abnormal_Sperm/Abnormal_Sperm (404).bmp,0,calib
smids/Abnormal_Sperm/Abnormal_Sperm (406).bmp,0,calib
smids/Abnormal_Sperm/Abnormal_Sperm (409).bmp,0,calib
smids/Abnormal_Sperm/Abnormal_Sperm (414).bmp,0,calib
smids/Abnormal_Sperm/Abnormal_Sperm (419).bmp,0,calib
smids/Abnormal_Sperm/Abnormal_Sperm (424).bmp,0,calib
smids/Abnormal_Sperm/Abnormal_Sperm (426).bmp,0,calib
smids/Abnormal_Sperm/Abnormal_Sperm (43).bmp,0,calib
smids/Abnormal_Sperm/Abnormal_Sperm (430).bmp,0,calib
smids/Abnormal_Sperm/Abnormal_Sperm (434).bmp,0,calib
smids/Abnormal_Sperm/Abnormal_Sperm (436).bmp,0,calib
smids/Abnormal_Sperm/Abnormal_Sperm (439).bmp,0,calib
smids/Abnormal_Sperm/Abnormal_Sperm (460).bmp,0,calib
smids/Abnormal_Sperm/Abnormal_Sperm (463).bmp,0,calib
smids/Abnormal_Sperm/Abnormal_Sperm (470).bmp,0,calib
smids/Abnormal_Sperm/Abnormal_Sperm (471).bmp,0,calib
smids/Abnormal_Sperm/Abnormal_Sperm (475).bmp,0,calib
smids/Abnormal_Sperm/Abnormal_Sperm (480).bmp,0,calib
smids/Abnormal_Sperm/Abnormal_Sperm (481).bmp,0,calib
smids/Abnormal_Sperm/Abnormal_Sperm (489).bmp,0,calib
smids/Abnormal_Sperm/Abnormal_Sperm (495).bmp,0,calib
smids/Abnormal_Sperm/Abnormal_Sperm (497).bmp,0,calib
smids/Abnormal_Sperm/Abnormal_Sperm (502).bmp,0,calib
smids/Abnormal_Sperm/Abnormal_Sperm (503).bmp,0,calib
smids/Abnormal_Sperm/Abnormal_Sperm (521).bmp,0,calib
smids/Abnormal_Sperm/Abnormal_Sperm (522).bmp,0,calib
smids/Abnormal_Sperm/Abnormal_Sperm (527).bmp,0,calib
smids/Abnormal_Sperm/Abnormal_Sperm (528).bmp,0,calib
smids/Abnormal_Sperm/Abnormal_Sperm (531).bmp,0,calib
smids/Abnormal_Sperm/Abnormal_Sperm (533).bmp,0,calib
smids/Abnormal_Sperm/Abnormal_Sperm (536).bmp,0,calib
smids/Abnormal_Sperm/Abnormal_Sperm (537).bmp,0,calib
smids/Abnormal_Sperm/Abnormal_Sperm (540).bmp,0,calib
smids/Abnormal_Sperm/Abnormal_Sperm (546).bmp,0,calib
smids/Abnormal_Sperm/Abnormal_Sperm (547).bmp,0,calib
smids/Abnormal_Sperm/Abnormal_Sperm (548).bmp,0,calib
smids/Abnormal_Sperm/Abnormal_Sperm (551).bmp,0,calib
smids/Abnormal_Sperm/Abnormal_Sperm (556).bmp,0,calib
smids/Abnormal_Sperm/Abnormal_Sperm (573).bmp,0,calib
smids/Abnormal_Sperm/Abnormal_Sperm (580).bmp,0,calib
smids/Abnormal_Sperm/Abnormal_Sperm (590).bmp,0,calib
smids/Abnormal_Sperm/Abnormal_Sperm (596).bmp,0,calib
smids/Abnormal_Sperm/Abnormal_Sperm (6).bmp,0,calib
smids/Abnormal_Sperm/Abnormal_Sperm (601).bmp,0,calib
smids/Abnormal_Sperm/Abnormal_Sperm (603).bmp,0,calib
smids/Abnormal_Sperm/Abnormal_Sperm (604).bmp,0,calib
smids/Abnormal_Sperm/Abnormal_Sperm (609).bmp,0,calib
smids/Abnormal_Sperm/Abnormal_Sperm (610).bmp,0,calib
smids/Abnormal_Sperm/Abnormal_Sperm (62).bmp,0,calib
smids/Abnormal_Sperm/Abnormal_Sperm (621).bmp,0,calib
smids/Abnormal_Sperm/Abnormal_Sperm (627).bmp,0,calib
smids/Abnormal_Sperm/Abnormal_Sperm (67).bmp,0,calib
smids/Abnormal_Sperm/Abnormal_Sperm (682).bmp,0,calib
smids/Abnormal_Sperm/Abnormal_Sperm (683).bmp,0,calib
smids/Abnormal_Sperm/Abnormal_Sperm (69).bmp,0,calib
smids/Abnormal_Sperm/Abnormal_Sperm (691).bmp,0,calib
smids/Abnormal_Sperm/Abnormal_Sperm (692).bmp,0,calib
smids/Abnormal_Sperm/Abnormal_Sperm (693).bmp,0,calib
smids/Abnormal_Sperm/Abnormal_Sperm (702).bmp,0,calib
smids/Abnormal_Sperm/Abnormal_Sperm (710).bmp,0,calib
smids/Abnormal_Sperm/Abnormal_Sperm (715).bmp,0,calib
smids/Abnormal_Sperm/Abnormal_Sperm (726).bmp,0,calib
smids/Abnormal_Sperm/Abnormal_Sperm (734).bmp,0,calib
smids/Abnormal_Sperm/Abnormal_Sperm (735).bmp,0,calib
smids/Abnormal_Sperm/Abnormal_Sperm (749).bmp,0,calib
smids/Abnormal_Sperm/Abnormal_Sperm (75).bmp,0,calib
smids/Abnormal_Sperm/Abnormal_Sperm (766).bmp,0,calib
smids/Abnormal_Sperm/Abnormal_Sperm (783).bmp,0,calib
smids/Abnormal_Sperm/Abnormal_Sperm (788).bmp,0,calib
smids/Abnormal_Sperm/Abnormal_Sperm (79).bmp,0,calib
smids/Abnormal_Sperm/Abnormal_Sperm (796).bmp,0,calib
smids/Abnormal_Sperm/Abnormal_Sperm (810).bmp,0,calib
smids/Abnormal_Sperm/Abnormal_Sperm (814).bmp,0,calib
smids/Abnormal_Sperm/Abnormal_Sperm (818).bmp,0,calib
smids/Abnormal_Sperm/Abnormal_Sperm (821).bmp,0,calib
smids/Abnormal_Sperm/Abnormal_Sperm (823).bmp,0,calib
smids/Abnormal_Sperm/Abnormal_Sperm (829).bmp,0,calib
smids/Abnormal_Sperm/Abnormal_Sperm (831).bmp,0,calib
smids/Abnormal_Sperm/Abnormal_Sperm (838).bmp,0,calib
smids/Abnormal_Sperm/Abnormal_Sperm (84).bmp,0,calib
smids/Abnormal_Sperm/Abnormal_Sperm (853).bmp,0,calib
smids/Abnormal_Sperm/Abnormal_Sperm (855).bmp,0,calib
smids/Abnormal_Sperm/Abnormal_Sperm (859).bmp,0,calib
smids/Abnormal_Sperm/Abnormal_Sperm (870).bmp,0,calib
smids/Abnormal_Sperm/Abnormal_Sperm (872).bmp,0,calib
smids/Abnormal_Sperm/Abnormal_Sperm (88).bmp,0,calib
smids/Abnormal_Sperm/Abnormal_Sperm (882).bmp,0,calib
smids/Abnormal_Sperm/Abnormal_Sperm (901).bmp,0,calib
smids/Abnormal_Sperm/Abnormal_Sperm (902).bmp,0,calib
smids/Abnormal_Sperm/Abnormal_Sperm (909).bmp,0,calib
smids/Abnormal_Sperm/Abnormal_Sperm (914).bmp,0,calib
smids/Abnormal_Sperm/Abnormal_Sperm (92).bmp,0,calib
smids/Abnormal_Sperm/Abnormal_Sperm (928).bmp,0,calib
smids/Abnormal_Sperm/Abnormal_Sperm (95).bmp,0,calib
smids/Abnormal_Sperm/Abnormal_Sperm (952).bmp,0,calib
smids/Abnormal_Sperm/Abnormal_Sperm (966).bmp,0,calib
smids/Abnormal_Sperm/Abnormal_Sperm (975).bmp,0,calib
smids/Abnormal_Sperm/Abnormal_Sperm (981).bmp,0,calib
smids/Abnormal_Sperm/Abnormal_Sperm (99).bmp,0,calib
smids/Abnormal_Sperm/Abnormal_Sperm (990).bmp,0,calib
smids/Abnormal_Sperm/Abnormal_Sperm (992).bmp,0,calib
smids/Abnormal_Sperm/Abnormal_Sperm (997).bmp,0,calib
smids/Non-Sperm/Non-Sperm (125).bmp,0,calib
smids/Non-Sperm/Non-Sperm (128).bmp,0,calib
smids/Non-Sperm/Non-Sperm (132).bmp,0,calib
smids/Non-Sperm/Non-Sperm (135).bmp,0,calib
smids/Non-Sperm/Non-Sperm (138).bmp,0,calib
smids/Non-Sperm/Non-Sperm (14).bmp,0,calib
smids/Non-Sperm/Non-Sperm (142).bmp,0,calib
smids/Non-Sperm/Non-Sperm (143).bmp,0,calib
smids/Non-Sperm/Non-Sperm (146).bmp,0,calib
smids/Non-Sperm/Non-Sperm (158).bmp,0,calib
smids/Non-Sperm/Non-Sperm (163).bmp,0,calib
smids/Non-Sperm/Non-Sperm (17).bmp,0,calib
smids/Non-Sperm/Non-Sperm (172).bmp,0,calib
smids/Non-Sperm/Non-Sperm (176).bmp,0,calib
smids/Non-Sperm/Non-Sperm (183).bmp,0,calib
smids/Non-Sperm/Non-Sperm (187).bmp,0,calib
smids/Non-Sperm/Non-Sperm (194).bmp,0,calib
smids/Non-Sperm/Non-Sperm (228).bmp,0,calib
smids/Non-Sperm/Non-Sperm (232).bmp,0,calib
smids/Non-Sperm/Non-Sperm (235).bmp,0,calib
smids/Non-Sperm/Non-Sperm (239).bmp,0,calib
smids/Non-Sperm/Non-Sperm (243).bmp,0,calib
smids/Non-Sperm/Non-Sperm (249).bmp,0,calib
smids/Non-Sperm/Non-Sperm (258).bmp,0,calib
smids/Non-Sperm/Non-Sperm (259).bmp,0,calib
smids/Non-Sperm/Non-Sperm (26).bmp,0,calib
smids/Non-Sperm/Non-Sperm (264).bmp,0,calib
smids/Non-Sperm/Non-Sperm (266).bmp,0,calib
smids/Non-Sperm/Non-Sperm (280).bmp,0,calib
smids/Non-Sperm/Non-Sperm (281).bmp,0,calib
smids/Non-Sperm/Non-Sperm (283).bmp,0,calib
smids/Non-Sperm/Non-Sperm (29).bmp,0,calib
smids/Non-Sperm/Non-Sperm (295).bmp,0,calib
smids/Non-Sperm/Non-Sperm (302).bmp,0,calib
smids/Non-Sperm/Non-Sperm (313).bmp,0,calib
smids/Non-Sperm/Non-Sperm (320).bmp,0,calib
smids/Non-Sperm/Non-Sperm (323).bmp,0,calib
smids/Non-Sperm/Non-Sperm (325).bmp,0,calib
smids/Non-Sperm/Non-Sperm (327).bmp,0,calib
smids/Non-Sperm/Non-Sperm (33).bmp,0,calib
smids/Non-Sperm/Non-Sperm (337).bmp,0,calib
smids/Non-Sperm/Non-Sperm (341).bmp,0,calib
smids/Non-Sperm/Non-Sperm (343).bmp,0,calib
smids/Non-Sperm/Non-Sperm (347).bmp,0,calib
smids/Non-Sperm/Non-Sperm (350).bmp,0,calib
smids/Non-Sperm/Non-Sperm (351).bmp,0,calib
smids/Non-Sperm/Non-Sperm (358).bmp,0,calib
smids/Non-Sperm/Non-Sperm (359).bmp,0,calib
smids/Non-Sperm/Non-Sperm (361).bmp,0,calib
smids/Non-Sperm/Non-Sperm (364).bmp,0,calib
smids/Non-Sperm/Non-Sperm (37).bmp,0,calib
smids/Non-Sperm/Non-Sperm (392).bmp,0,calib
smids/Non-Sperm/Non-Sperm (398).bmp,0,calib
smids/Non-Sperm/Non-Sperm (40).bmp,0,calib
smids/Non-Sperm/Non-Sperm (400).bmp,0,calib
smids/Non-Sperm/Non-Sperm (405).bmp,0,calib
smids/Non-Sperm/Non-Sperm (414).bmp,0,calib
smids/Non-Sperm/Non-Sperm (423).bmp,0,calib
smids/Non-Sperm/Non-Sperm (425).bmp,0,calib
smids/Non-Sperm/Non-Sperm (431).bmp,0,calib
smids/Non-Sperm/Non-Sperm (463).bmp,0,calib
smids/Non-Sperm/Non-Sperm (464).bmp,0,calib
smids/Non-Sperm/Non-Sperm (467).bmp,0,calib
smids/Non-Sperm/Non-Sperm (474).bmp,0,calib
smids/Non-Sperm/Non-Sperm (483).bmp,0,calib
smids/Non-Sperm/Non-Sperm (489).bmp,0,calib
smids/Non-Sperm/Non-Sperm (490).bmp,0,calib
smids/Non-Sperm/Non-Sperm (493).bmp,0,calib
smids/Non-Sperm/Non-Sperm (496).bmp,0,calib
smids/Non-Sperm/Non-Sperm (508).bmp,0,calib
smids/Non-Sperm/Non-Sperm (544).bmp,0,calib
smids/Non-Sperm/Non-Sperm (553).bmp,0,calib
smids/Non-Sperm/Non-Sperm (557).bmp,0,calib
smids/Non-Sperm/Non-Sperm (564).bmp,0,calib
smids/Non-Sperm/Non-Sperm (565).bmp,0,calib
smids/Non-Sperm/Non-Sperm (577).bmp,0,calib
smids/Non-Sperm/Non-Sperm (580).bmp,0,calib
smids/Non-Sperm/Non-Sperm (583).bmp,0,calib
smids/Non-Sperm/Non-Sperm (590).bmp,0,calib
smids/Non-Sperm/Non-Sperm (592).bmp,0,calib
smids/Non-Sperm/Non-Sperm (594).bmp,0,calib
smids/Non-Sperm/Non-Sperm (598).bmp,0,calib
smids/Non-Sperm/Non-Sperm (604).bmp,0,calib
smids/Non-Sperm/Non-Sperm (613).bmp,0,calib
smids/Non-Sperm/Non-Sperm (622).bmp,0,calib
smids/Non-Sperm/Non-Sperm (655).bmp,0,calib
smids/Non-Sperm/Non-Sperm (656).bmp,0,calib
smids/Non-Sperm/Non-Sperm (660).bmp,0,calib
smids/Non-Sperm/Non-Sperm (678).bmp,0,calib
smids/Non-Sperm/Non-Sperm (680).bmp,0,calib
smids/Non-Sperm/Non-Sperm (681).bmp,0,calib
smids/Non-Sperm/Non-Sperm (696).bmp,0,calib
smids/Non-Sperm/Non-Sperm (697).bmp,0,calib
smids/Non-Sperm/Non-Sperm (716).bmp,0,calib
smids/Non-Sperm/Non-Sperm (72).bmp,0,calib
smids/Non-Sperm/Non-Sperm (720).bmp,0,calib
smids/Non-Sperm/Non-Sperm (723).bmp,0,calib
smids/Non-Sperm/Non-Sperm (726).bmp,0,calib
smids/Non-Sperm/Non-Sperm (729).bmp,0,calib
smids/Non-Sperm/Non-Sperm (73).bmp,0,calib
smids/Non-Sperm/Non-Sperm (730).bmp,0,calib
smids/Non-Sperm/Non-Sperm (735).bmp,0,calib
smids/Non-Sperm/Non-Sperm (74).bmp,0,calib
smids/Non-Sperm/Non-Sperm (741).bmp,0,calib
smids/Non-Sperm/Non-Sperm (752).bmp,0,calib
smids/Non-Sperm/Non-Sperm (763).bmp,0,calib
smids/Non-Sperm/Non-Sperm (765).bmp,0,calib
smids/Non-Sperm/Non-Sperm (767).bmp,0,calib
smids/Non-Sperm/Non-Sperm (768).bmp,0,calib
smids/Non-Sperm/Non-Sperm (772).bmp,0,calib
smids/Non-Sperm/Non-Sperm (776).bmp,0,calib
smids/Non-Sperm/Non-Sperm (777).bmp,0,calib
smids/Non-Sperm/Non-Sperm (78).bmp,0,calib
smids/Non-Sperm/Non-Sperm (782).bmp,0,calib
smids/Non-Sperm/Non-Sperm (792).bmp,0,calib
smids/Non-Sperm/Non-Sperm (80).bmp,0,calib
smids/Non-Sperm/Non-Sperm (802).bmp,0,calib
smids/Non-Sperm/Non-Sperm (81).bmp,0,calib
smids/Non-Sperm/Non-Sperm (811).bmp,0,calib
smids/Non-Sperm/Non-Sperm (819).bmp,0,calib
smids/Non-Sperm/Non-Sperm (824).bmp,0,calib
smids/Non-Sperm/Non-Sperm (827).bmp,0,calib
smids/Non-Sperm/Non-Sperm (830).bmp,0,calib
smids/Non-Sperm/Non-Sperm (831).bmp,0,calib
smids/Non-Sperm/Non-Sperm (835).bmp,0,calib
smids/Non-Sperm/Non-Sperm (837).bmp,0,calib
smids/Non-Sperm/Non-Sperm (838).bmp,0,calib
smids/Non-Sperm/Non-Sperm (845).bmp,0,calib
smids/Non-Sperm/Non-Sperm (846).bmp,0,calib
smids/Non-Sperm/Non-Sperm (847).bmp,0,calib
smids/Non-Sperm/Non-Sperm (849).bmp,0,calib
smids/Non-Sperm/Non-Sperm (851).bmp,0,calib
smids/Non-Sperm/Non-Sperm (862).bmp,0,calib
smids/Non-Sperm/Non-Sperm (864).bmp,0,calib
smids/Non-Sperm/Non-Sperm (869).bmp,0,calib
smids/Non-Sperm/Non-Sperm (875).bmp,0,calib
smids/Non-Sperm/Non-Sperm (89).bmp,0,calib
smids/Non-Sperm/Non-Sperm (892).bmp,0,calib
smids/Non-Sperm/Non-Sperm (895).bmp,0,calib
smids/Non-Sperm/Non-Sperm (897).bmp,0,calib
smids/Non-Sperm/Non-Sperm (899).bmp,0,calib
smids/Non-Sperm/Non-Sperm (9).bmp,0,calib
smids/Non-Sperm/Non-Sperm (90).bmp,0,calib
smids/Non-Sperm/Non-Sperm (908).bmp,0,calib
smids/Non-Sperm/Non-Sperm (911).bmp,0,calib
smids/Non-Sperm/Non-Sperm (912).bmp,0,calib
smids/Non-Sperm/Non-Sperm (917).bmp,0,calib
smids/Non-Sperm/Non-Sperm (926).bmp,0,calib
smids/Non-Sperm/Non-Sperm (932).bmp,0,calib
smids/Non-Sperm/Non-Sperm (941).bmp,0,calib
smids/Non-Sperm/Non-Sperm (943).bmp,0,calib
smids/Non-Sperm/Non-Sperm (945).bmp,0,calib
smids/Non-Sperm/Non-Sperm (948).bmp,0,calib
smids/Non-Sperm/Non-Sperm (950).bmp,0,calib
smids/Non-Sperm/Non-Sperm (951).bmp,0,calib
smids/Non-Sperm/Non-Sperm (972).bmp,0,calib
smids/Normal_Sperm/Normal_Sperm (10).bmp,0,calib
smids/Normal_Sperm/Normal_Sperm (101).bmp,0,calib
smids/Normal_Sperm/Normal_Sperm (1012).bmp,0,calib
smids/Normal_Sperm/Normal_Sperm (1014).bmp,0,calib
smids/Normal_Sperm/Normal_Sperm (1015).bmp,0,calib
smids/Normal_Sperm/Normal_Sperm (112).bmp,0,calib
smids/Normal_Sperm/Normal_Sperm (114).bmp,0,calib
smids/Normal_Sperm/Normal_Sperm (116).bmp,0,calib
smids/Normal_Sperm/Normal_Sperm (12).bmp,0,calib
smids/Normal_Sperm/Normal_Sperm (121).bmp,0,calib
smids/Normal_Sperm/Normal_Sperm (122).bmp,0,calib
smids/Normal_Sperm/Normal_Sperm (124).bmp,0,calib
smids/Normal_Sperm/Normal_Sperm (125).bmp,0,calib
smids/Normal_Sperm/Normal_Sperm (127).bmp,0,calib
smids/Normal_Sperm/Normal_Sperm (132).bmp,0,calib
smids/Normal_Sperm/Normal_Sperm (134).bmp,0,calib
smids/Normal_Sperm/Normal_Sperm (142).bmp,0,calib
smids/Normal_Sperm/Normal_Sperm (152).bmp,0,calib
smids/Normal_Sperm/Normal_Sperm (163).bmp,0,calib
smids/Normal_Sperm/Normal_Sperm (183).bmp,0,calib
smids/Normal_Sperm/Normal_Sperm (184).bmp,0,calib
smids/Normal_Sperm/Normal_Sperm (209).bmp,0,calib
smids/Normal_Sperm/Normal_Sperm (217).bmp,0,calib
smids/Normal_Sperm/Normal_Sperm (219).bmp,0,calib
smids/Normal_Sperm/Normal_Sperm (221).bmp,0,calib
smids/Normal_Sperm/Normal_Sperm (232).bmp,0,calib
smids/Normal_Sperm/Normal_Sperm (234).bmp,0,calib
smids/Normal_Sperm/Normal_Sperm (237).bmp,0,calib
smids/Normal_Sperm/Normal_Sperm (240).bmp,0,calib
smids/Normal_Sperm/Normal_Sperm (247).bmp,0,calib
smids/Normal_Sperm/Normal_Sperm (249).bmp,0,calib
smids/Normal_Sperm/Normal_Sperm (253).bmp,0,calib
smids/Normal_Sperm/Normal_Sperm (255).bmp,0,calib
smids/Normal_Sperm/Normal_Sperm (257).bmp,0,calib
smids/Normal_Sperm/Normal_Sperm (26).bmp,0,calib
smids/Normal_Sperm/Normal_Sperm (271).bmp,0,calib
smids/Normal_Sperm/Normal_Sperm (295).bmp,0,calib
smids/Normal_Sperm/Normal_Sperm (297).bmp,0,calib
smids/Normal_Sperm/Normal_Sperm (301).bmp,0,calib
smids/Normal_Sperm/Normal_Sperm (304).bmp,0,calib
smids/Normal_Sperm/Normal_Sperm (32).bmp,0,calib
smids/Normal_Sperm/Normal_Sperm (332).bmp,0,calib
smids/Normal_Sperm/Normal_Sperm (335).bmp,0,calib
smids/Normal_Sperm/Normal_Sperm (339).bmp,0,calib
smids/Normal_Sperm/Normal_Sperm (340).bmp,0,calib
smids/Normal_Sperm/Normal_Sperm (352).bmp,0,calib
smids/Normal_Sperm/Normal_Sperm (353).bmp,0,calib
smids/Normal_Sperm/Normal_Sperm (366).bmp,0,calib
smids/Normal_Sperm/Normal_Sperm (386).bmp,0,calib
smids/Normal_Sperm/Normal_Sperm (395).bmp,0,calib
smids/Normal_Sperm/Normal_Sperm (397).bmp,0,calib
smids/Normal_Sperm/Normal_Sperm (4).bmp,0,calib
smids/Normal_Sperm/Normal_Sperm (400).bmp,0,calib
smids/Normal_Sperm/Normal_Sperm (402).bmp,0,calib
smids/Normal_Sperm/Normal_Sperm (403).bmp,0,calib
smids/Normal_Sperm/Normal_Sperm (404).bmp,0,calib
smids/Normal_Sperm/Normal_Sperm (411).bmp,0,calib
smids/Normal_Sperm/Normal_Sperm (414).bmp,0,calib
smids/Normal_Sperm/Normal_Sperm (415).bmp,0,calib
smids/Normal_Sperm/Normal_Sperm (419).bmp,0,calib
smids/Normal_Sperm/Normal_Sperm (424).bmp,0,calib
smids/Normal_Sperm/Normal_Sperm (443).bmp,0,calib
smids/Normal_Sperm/Normal_Sperm (452).bmp,0,calib
smids/Normal_Sperm/Normal_Sperm (459).bmp,0,calib
smids/Normal_Sperm/Normal_Sperm (462).bmp,0,calib
smids/Normal_Sperm/Normal_Sperm (467).bmp,0,calib
smids/Normal_Sperm/Normal_Sperm (470).bmp,0,calib
smids/Normal_Sperm/Normal_Sperm (472).bmp,0,calib
smids/Normal_Sperm/Normal_Sperm (50).bmp,0,calib
smids/Normal_Sperm/Normal_Sperm (513).bmp,0,calib
smids/Normal_Sperm/Normal_Sperm (517).bmp,0,calib
smids/Normal_Sperm/Normal_Sperm (529).bmp,0,calib
smids/Normal_Sperm/Normal_Sperm (531).bmp,0,calib
smids/Normal_Sperm/Normal_Sperm (532).bmp,0,calib
smids/Normal_Sperm/Normal_Sperm (534).bmp,0,calib
smids/Normal_Sperm/Normal_Sperm (535).bmp,0,calib
smids/Normal_Sperm/Normal_Sperm (539).bmp,0,calib
smids/Normal_Sperm/Normal_Sperm (542).bmp,0,calib
smids/Normal_Sperm/Normal_Sperm (544).bmp,0,calib
smids/Normal_Sperm/Normal_Sperm (549).bmp,0,calib
smids/Normal_Sperm/Normal_Sperm (55).bmp,0,calib
smids/Normal_Sperm/Normal_Sperm (560).bmp,0,calib
smids/Normal_Sperm/Normal_Sperm (563).bmp,0,calib
smids/Normal_Sperm/Normal_Sperm (574).bmp,0,calib
smids/Normal_Sperm/Normal_Sperm (588).bmp,0,calib
smids/Normal_Sperm/Normal_Sperm (591).bmp,0,calib
smids/Normal_Sperm/Normal_Sperm (593).bmp,0,calib
smids/Normal_Sperm/Normal_Sperm (594).bmp,0,calib
smids/Normal_Sperm/Normal_Sperm (601).bmp,0,calib
smids/Normal_Sperm/Normal_Sperm (605).bmp,0,calib
smids/Normal_Sperm/Normal_Sperm (607).bmp,0,calib
smids/Normal_Sperm/Normal_Sperm (61).bmp,0,calib
smids/Normal_Sperm/Normal_Sperm (611).bmp,0,calib
smids/Normal_Sperm/Normal_Sperm (621).bmp,0,calib
smids/Normal_Sperm/Normal_Sperm (633).bmp,0,calib
smids/Normal_Sperm/Normal_Sperm (635).bmp,0,calib
smids/Normal_Sperm/Normal_Sperm (637).bmp,0,calib
smids/Normal_Sperm/Normal_Sperm (644).bmp,0,calib
smids/Normal_Sperm/Normal_Sperm (655).bmp,0,calib
smids/Normal_Sperm/Normal_Sperm (657).bmp,0,calib
smids/Normal_Sperm/Normal_Sperm (662).bmp,0,calib
smids/Normal_Sperm/Normal_Sperm (685).bmp,0,calib
smids/Normal_Sperm/Normal_Sperm (694).bmp,0,calib
smids/Normal_Sperm/Normal_Sperm (710).bmp,0,calib
smids/Normal_Sperm/Normal_Sperm (720).bmp,0,calib
smids/Normal_Sperm/Normal_Sperm (721).bmp,0,calib
smids/Normal_Sperm/Normal_Sperm (727).bmp,0,calib
smids/Normal_Sperm/Normal_Sperm (729).bmp,0,calib
smids/Normal_Sperm/Normal_Sperm (73).bmp,0,calib
smids/Normal_Sperm/Normal_Sperm (730).bmp,0,calib
smids/Normal_Sperm/Normal_Sperm (735).bmp,0,calib
smids/Normal_Sperm/Normal_Sperm (738).bmp,0,calib
smids/Normal_Sperm/Normal_Sperm (740).bmp,0,calib
smids/Normal_Sperm/Normal_Sperm (741).bmp,0,calib
smids/Normal_Sperm/Normal_Sperm (743).bmp,0,calib
smids/Normal_Sperm/Normal_Sperm (75).bmp,0,calib
smids/Normal_Sperm/Normal_Sperm (751).bmp,0,calib
smids/Normal_Sperm/Normal_Sperm (752).bmp,0,calib
smids/Normal_Sperm/Normal_Sperm (764).bmp,0,calib
smids/Normal_Sperm/Normal_Sperm (776).bmp,0,calib
smids/Normal_Sperm/Normal_Sperm (78).bmp,0,calib
smids/Normal_Sperm/Normal_Sperm (788).bmp,0,calib
smids/Normal_Sperm/Normal_Sperm (789).bmp,0,calib
smids/Normal_Sperm/Normal_Sperm (799).bmp,0,calib
smids/Normal_Sperm/Normal_Sperm (802).bmp,0,calib
smids/Normal_Sperm/Normal_Sperm (82).bmp,0,calib
smids/Normal_Sperm/Normal_Sperm (822).bmp,0,calib
smids/Normal_Sperm/Normal_Sperm (826).bmp,0,calib
smids/Normal_Sperm/Normal_Sperm (83).bmp,0,calib
smids/Normal_Sperm/Normal_Sperm (836).bmp,0,calib
smids/Normal_Sperm/Normal_Sperm (837).bmp,0,calib
smids/Normal_Sperm/Normal_Sperm (839).bmp,0,calib
smids/Normal_Sperm/Normal_Sperm (840).bmp,0,calib
smids/Normal_Sperm/Normal_Sperm (842).bmp,0,calib
smids/Normal_Sperm/Normal_Sperm (846).bmp,0,calib
smids/Normal_Sperm/Normal_Sperm (847).bmp,0,calib
smids/Normal_Sperm/Normal_Sperm (867).bmp,0,calib
smids/Normal_Sperm/Normal_Sperm (876).bmp,0,calib
smids/Normal_Sperm/Normal_Sperm (877).bmp,0,calib
smids/Normal_Sperm/Normal_Sperm (888).bmp,0,calib
smids/Normal_Sperm/Normal_Sperm (893).bmp,0,calib
smids/Normal_Sperm/Normal_Sperm (90).bmp,0,calib
smids/Normal_Sperm/Normal_Sperm (905).bmp,0,calib
smids/Normal_Sperm/Normal_Sperm (910).bmp,0,calib
smids/Normal_Sperm/Normal_Sperm (918).bmp,0,calib
smids/Normal_Sperm/Normal_Sperm (921).bmp,0,calib
smids/Normal_Sperm/Normal_Sperm (927).bmp,0,calib
smids/Normal_Sperm/Normal_Sperm (931).bmp,0,calib
smids/Normal_Sperm/Normal_Sperm (94).bmp,0,calib
smids/Normal_Sperm/Normal_Sperm (945).bmp,0,calib
smids/Normal_Sperm/Normal_Sperm (950).bmp,0,calib
smids/Normal_Sperm/Normal_Sperm (951).bmp,0,calib
smids/Normal_Sperm/Normal_Sperm (952).bmp,0,calib
smids/Normal_Sperm/Normal_Sperm (963).bmp,0,calib
smids/Normal_Sperm/Normal_Sperm (98).bmp,0,calib
smids/Normal_Sperm/Normal_Sperm (980).bmp,0,calib
smids/Normal_Sperm/Normal_Sperm (984).bmp,0,calib
smids/Normal_Sperm/Normal_Sperm (985).bmp,0,calib
smids/Normal_Sperm/Normal_Sperm (99).bmp,0,calib
smids/Normal_Sperm/Normal_Sperm (994).bmp,0,calib
smids/Abnormal_Sperm/Abnormal_Sperm (1000).bmp,0,test
smids/Abnormal_Sperm/Abnormal_Sperm (1001).bmp,0,test
smids/Abnormal_Sperm/Abnormal_Sperm (1002).bmp,0,test
smids/Abnormal_Sperm/Abnormal_Sperm (113).bmp,0,test
smids/Abnormal_Sperm/Abnormal_Sperm (119).bmp,0,test
smids/Abnormal_Sperm/Abnormal_Sperm (125).bmp,0,test
smids/Abnormal_Sperm/Abnormal_Sperm (126).bmp,0,test
smids/Abnormal_Sperm/Abnormal_Sperm (127).bmp,0,test
smids/Abnormal_Sperm/Abnormal_Sperm (130).bmp,0,test
smids/Abnormal_Sperm/Abnormal_Sperm (134).bmp,0,test
smids/Abnormal_Sperm/Abnormal_Sperm (135).bmp,0,test
smids/Abnormal_Sperm/Abnormal_Sperm (136).bmp,0,test
smids/Abnormal_Sperm/Abnormal_Sperm (137).bmp,0,test
smids/Abnormal_Sperm/Abnormal_Sperm (14).bmp,0,test
smids/Abnormal_Sperm/Abnormal_Sperm (141).bmp,0,test
smids/Abnormal_Sperm/Abnormal_Sperm (142).bmp,0,test
smids/Abnormal_Sperm/Abnormal_Sperm (145).bmp,0,test
smids/Abnormal_Sperm/Abnormal_Sperm (149).bmp,0,test
smids/Abnormal_Sperm/Abnormal_Sperm (152).bmp,0,test
smids/Abnormal_Sperm/Abnormal_Sperm (163).bmp,0,test
smids/Abnormal_Sperm/Abnormal_Sperm (168).bmp,0,test
smids/Abnormal_Sperm/Abnormal_Sperm (169).bmp,0,test
smids/Abnormal_Sperm/Abnormal_Sperm (18).bmp,0,test
smids/Abnormal_Sperm/Abnormal_Sperm (180).bmp,0,test
smids/Abnormal_Sperm/Abnormal_Sperm (181).bmp,0,test
smids/Abnormal_Sperm/Abnormal_Sperm (183).bmp,0,test
smids/Abnormal_Sperm/Abnormal_Sperm (186).bmp,0,test
smids/Abnormal_Sperm/Abnormal_Sperm (188).bmp,0,test
smids/Abnormal_Sperm/Abnormal_Sperm (193).bmp,0,test
smids/Abnormal_Sperm/Abnormal_Sperm (194).bmp,0,test
smids/Abnormal_Sperm/Abnormal_Sperm (20).bmp,0,test
smids/Abnormal_Sperm/Abnormal_Sperm (206).bmp,0,test
smids/Abnormal_Sperm/Abnormal_Sperm (218).bmp,0,test
smids/Abnormal_Sperm/Abnormal_Sperm (230).bmp,0,test
smids/Abnormal_Sperm/Abnormal_Sperm (231).bmp,0,test
smids/Abnormal_Sperm/Abnormal_Sperm (237).bmp,0,test
smids/Abnormal_Sperm/Abnormal_Sperm (239).bmp,0,test
smids/Abnormal_Sperm/Abnormal_Sperm (24).bmp,0,test
smids/Abnormal_Sperm/Abnormal_Sperm (240).bmp,0,test
smids/Abnormal_Sperm/Abnormal_Sperm (246).bmp,0,test
smids/Abnormal_Sperm/Abnormal_Sperm (249).bmp,0,test
smids/Abnormal_Sperm/Abnormal_Sperm (25).bmp,0,test
smids/Abnormal_Sperm/Abnormal_Sperm (250).bmp,0,test
smids/Abnormal_Sperm/Abnormal_Sperm (264).bmp,0,test
smids/Abnormal_Sperm/Abnormal_Sperm (269).bmp,0,test
smids/Abnormal_Sperm/Abnormal_Sperm (271).bmp,0,test
smids/Abnormal_Sperm/Abnormal_Sperm (289).bmp,0,test
smids/Abnormal_Sperm/Abnormal_Sperm (3).bmp,0,test
smids/Abnormal_Sperm/Abnormal_Sperm (317).bmp,0,test
smids/Abnormal_Sperm/Abnormal_Sperm (322).bmp,0,test
smids/Abnormal_Sperm/Abnormal_Sperm (332).bmp,0,test
smids/Abnormal_Sperm/Abnormal_Sperm (341).bmp,0,test
smids/Abnormal_Sperm/Abnormal_Sperm (357).bmp,0,test
smids/Abnormal_Sperm/Abnormal_Sperm (361).bmp,0,test
smids/Abnormal_Sperm/Abnormal_Sperm (366).bmp,0,test
smids/Abnormal_Sperm/Abnormal_Sperm (372).bmp,0,test
smids/Abnormal_Sperm/Abnormal_Sperm (377).bmp,0,test
smids/Abnormal_Sperm/Abnormal_Sperm (380).bmp,0,test
smids/Abnormal_Sperm/Abnormal_Sperm (39).bmp,0,test
smids/Abnormal_Sperm/Abnormal_Sperm (391).bmp,0,test
smids/Abnormal_Sperm/Abnormal_Sperm (392).bmp,0,test
smids/Abnormal_Sperm/Abnormal_Sperm (393).bmp,0,test
smids/Abnormal_Sperm/Abnormal_Sperm (398).bmp,0,test
smids/Abnormal_Sperm/Abnormal_Sperm (421).bmp,0,test
smids/Abnormal_Sperm/Abnormal_Sperm (428).bmp,0,test
smids/Abnormal_Sperm/Abnormal_Sperm (438).bmp,0,test
smids/Abnormal_Sperm/Abnormal_Sperm (446).bmp,0,test
smids/Abnormal_Sperm/Abnormal_Sperm (449).bmp,0,test
smids/Abnormal_Sperm/Abnormal_Sperm (450).bmp,0,test
smids/Abnormal_Sperm/Abnormal_Sperm (451).bmp,0,test
smids/Abnormal_Sperm/Abnormal_Sperm (454).bmp,0,test
smids/Abnormal_Sperm/Abnormal_Sperm (457).bmp,0,test
smids/Abnormal_Sperm/Abnormal_Sperm (458).bmp,0,test
smids/Abnormal_Sperm/Abnormal_Sperm (478).bmp,0,test
smids/Abnormal_Sperm/Abnormal_Sperm (484).bmp,0,test
smids/Abnormal_Sperm/Abnormal_Sperm (486).bmp,0,test
smids/Abnormal_Sperm/Abnormal_Sperm (487).bmp,0,test
smids/Abnormal_Sperm/Abnormal_Sperm (490).bmp,0,test
smids/Abnormal_Sperm/Abnormal_Sperm (498).bmp,0,test
smids/Abnormal_Sperm/Abnormal_Sperm (5).bmp,0,test
smids/Abnormal_Sperm/Abnormal_Sperm (504).bmp,0,test
smids/Abnormal_Sperm/Abnormal_Sperm (509).bmp,0,test
smids/Abnormal_Sperm/Abnormal_Sperm (514).bmp,0,test
smids/Abnormal_Sperm/Abnormal_Sperm (525).bmp,0,test
smids/Abnormal_Sperm/Abnormal_Sperm (529).bmp,0,test
smids/Abnormal_Sperm/Abnormal_Sperm (538).bmp,0,test
smids/Abnormal_Sperm/Abnormal_Sperm (544).bmp,0,test
smids/Abnormal_Sperm/Abnormal_Sperm (559).bmp,0,test
smids/Abnormal_Sperm/Abnormal_Sperm (561).bmp,0,test
smids/Abnormal_Sperm/Abnormal_Sperm (565).bmp,0,test
smids/Abnormal_Sperm/Abnormal_Sperm (570).bmp,0,test
smids/Abnormal_Sperm/Abnormal_Sperm (571).bmp,0,test
smids/Abnormal_Sperm/Abnormal_Sperm (572).bmp,0,test
smids/Abnormal_Sperm/Abnormal_Sperm (585).bmp,0,test
smids/Abnormal_Sperm/Abnormal_Sperm (588).bmp,0,test
smids/Abnormal_Sperm/Abnormal_Sperm (60).bmp,0,test
smids/Abnormal_Sperm/Abnormal_Sperm (602).bmp,0,test
smids/Abnormal_Sperm/Abnormal_Sperm (607).bmp,0,test
smids/Abnormal_Sperm/Abnormal_Sperm (613).bmp,0,test
smids/Abnormal_Sperm/Abnormal_Sperm (619).bmp,0,test
smids/Abnormal_Sperm/Abnormal_Sperm (620).bmp,0,test
smids/Abnormal_Sperm/Abnormal_Sperm (626).bmp,0,test
smids/Abnormal_Sperm/Abnormal_Sperm (629).bmp,0,test
smids/Abnormal_Sperm/Abnormal_Sperm (63).bmp,0,test
smids/Abnormal_Sperm/Abnormal_Sperm (630).bmp,0,test
smids/Abnormal_Sperm/Abnormal_Sperm (633).bmp,0,test
smids/Abnormal_Sperm/Abnormal_Sperm (636).bmp,0,test
smids/Abnormal_Sperm/Abnormal_Sperm (637).bmp,0,test
smids/Abnormal_Sperm/Abnormal_Sperm (64).bmp,0,test
smids/Abnormal_Sperm/Abnormal_Sperm (649).bmp,0,test
smids/Abnormal_Sperm/Abnormal_Sperm (654).bmp,0,test
smids/Abnormal_Sperm/Abnormal_Sperm (66).bmp,0,test
smids/Abnormal_Sperm/Abnormal_Sperm (663).bmp,0,test
smids/Abnormal_Sperm/Abnormal_Sperm (669).bmp,0,test
smids/Abnormal_Sperm/Abnormal_Sperm (673).bmp,0,test
smids/Abnormal_Sperm/Abnormal_Sperm (675).bmp,0,test
smids/Abnormal_Sperm/Abnormal_Sperm (676).bmp,0,test
smids/Abnormal_Sperm/Abnormal_Sperm (678).bmp,0,test
smids/Abnormal_Sperm/Abnormal_Sperm (695).bmp,0,test
smids/Abnormal_Sperm/Abnormal_Sperm (697).bmp,0,test
smids/Abnormal_Sperm/Abnormal_Sperm (7).bmp,0,test
smids/Abnormal_Sperm/Abnormal_Sperm (701).bmp,0,test
smids/Abnormal_Sperm/Abnormal_Sperm (703).bmp,0,test
smids/Abnormal_Sperm/Abnormal_Sperm (704).bmp,0,test
smids/Abnormal_Sperm/Abnormal_Sperm (712).bmp,0,test
smids/Abnormal_Sperm/Abnormal_Sperm (72).bmp,0,test
smids/Abnormal_Sperm/Abnormal_Sperm (727).bmp,0,test
smids/Abnormal_Sperm/Abnormal_Sperm (731).bmp,0,test
smids/Abnormal_Sperm/Abnormal_Sperm (733).bmp,0,test
smids/Abnormal_Sperm/Abnormal_Sperm (737).bmp,0,test
smids/Abnormal_Sperm/Abnormal_Sperm (739).bmp,0,test
smids/Abnormal_Sperm/Abnormal_Sperm (740).bmp,0,test
smids/Abnormal_Sperm/Abnormal_Sperm (741).bmp,0,test
smids/Abnormal_Sperm/Abnormal_Sperm (744).bmp,0,test
smids/Abnormal_Sperm/Abnormal_Sperm (745).bmp,0,test
smids/Abnormal_Sperm/Abnormal_Sperm (757).bmp,0,test
smids/Abnormal_Sperm/Abnormal_Sperm (758).bmp,0,test
smids/Abnormal_Sperm/Abnormal_Sperm (767).bmp,0,test
smids/Abnormal_Sperm/Abnormal_Sperm (77).bmp,0,test
smids/Abnormal_Sperm/Abnormal_Sperm (772).bmp,0,test
smids/Abnormal_Sperm/Abnormal_Sperm (773).bmp,0,test
smids/Abnormal_Sperm/Abnormal_Sperm (777).bmp,0,test
smids/Abnormal_Sperm/Abnormal_Sperm (779).bmp,0,test
smids/Abnormal_Sperm/Abnormal_Sperm (781).bmp,0,test
smids/Abnormal_Sperm/Abnormal_Sperm (782).bmp,0,test
smids/Abnormal_Sperm/Abnormal_Sperm (789).bmp,0,test
smids/Abnormal_Sperm/Abnormal_Sperm (790).bmp,0,test
smids/Abnormal_Sperm/Abnormal_Sperm (791).bmp,0,test
smids/Abnormal_Sperm/Abnormal_Sperm (80).bmp,0,test
smids/Abnormal_Sperm/Abnormal_Sperm (802).bmp,0,test
smids/Abnormal_Sperm/Abnormal_Sperm (808).bmp,0,test
smids/Abnormal_Sperm/Abnormal_Sperm (811).bmp,0,test
smids/Abnormal_Sperm/Abnormal_Sperm (815).bmp,0,test
smids/Abnormal_Sperm/Abnormal_Sperm (816).bmp,0,test
smids/Abnormal_Sperm/Abnormal_Sperm (817).bmp,0,test
smids/Abnormal_Sperm/Abnormal_Sperm (825).bmp,0,test
smids/Abnormal_Sperm/Abnormal_Sperm (826).bmp,0,test
smids/Abnormal_Sperm/Abnormal_Sperm (827).bmp,0,test
smids/Abnormal_Sperm/Abnormal_Sperm (834).bmp,0,test
smids/Abnormal_Sperm/Abnormal_Sperm (839).bmp,0,test
smids/Abnormal_Sperm/Abnormal_Sperm (85).bmp,0,test
smids/Abnormal_Sperm/Abnormal_Sperm (852).bmp,0,test
smids/Abnormal_Sperm/Abnormal_Sperm (857).bmp,0,test
smids/Abnormal_Sperm/Abnormal_Sperm (862).bmp,0,test
smids/Abnormal_Sperm/Abnormal_Sperm (871).bmp,0,test
smids/Abnormal_Sperm/Abnormal_Sperm (876).bmp,0,test
smids/Abnormal_Sperm/Abnormal_Sperm (877).bmp,0,test
smids/Abnormal_Sperm/Abnormal_Sperm (881).bmp,0,test
smids/Abnormal_Sperm/Abnormal_Sperm (887).bmp,0,test
smids/Abnormal_Sperm/Abnormal_Sperm (890).bmp,0,test
smids/Abnormal_Sperm/Abnormal_Sperm (893).bmp,0,test
smids/Abnormal_Sperm/Abnormal_Sperm (895).bmp,0,test
smids/Abnormal_Sperm/Abnormal_Sperm (897).bmp,0,test
smids/Abnormal_Sperm/Abnormal_Sperm (90).bmp,0,test
smids/Abnormal_Sperm/Abnormal_Sperm (915).bmp,0,test
smids/Abnormal_Sperm/Abnormal_Sperm (916).bmp,0,test
smids/Abnormal_Sperm/Abnormal_Sperm (917).bmp,0,test
smids/Abnormal_Sperm/Abnormal_Sperm (918).bmp,0,test
smids/Abnormal_Sperm/Abnormal_Sperm (920).bmp,0,test
smids/Abnormal_Sperm/Abnormal_Sperm (922).bmp,0,test
smids/Abnormal_Sperm/Abnormal_Sperm (923).bmp,0,test
smids/Abnormal_Sperm/Abnormal_Sperm (93).bmp,0,test
smids/Abnormal_Sperm/Abnormal_Sperm (931).bmp,0,test
smids/Abnormal_Sperm/Abnormal_Sperm (932).bmp,0,test
smids/Abnormal_Sperm/Abnormal_Sperm (933).bmp,0,test
smids/Abnormal_Sperm/Abnormal_Sperm (937).bmp,0,test
smids/Abnormal_Sperm/Abnormal_Sperm (940).bmp,0,test
smids/Abnormal_Sperm/Abnormal_Sperm (942).bmp,0,test
smids/Abnormal_Sperm/Abnormal_Sperm (950).bmp,0,test
smids/Abnormal_Sperm/Abnormal_Sperm (972).bmp,0,test
smids/Abnormal_Sperm/Abnormal_Sperm (978).bmp,0,test
smids/Abnormal_Sperm/Abnormal_Sperm (985).bmp,0,test
smids/Abnormal_Sperm/Abnormal_Sperm (988).bmp,0,test
smids/Abnormal_Sperm/Abnormal_Sperm (993).bmp,0,test
smids/Abnormal_Sperm/Abnormal_Sperm (998).bmp,0,test
smids/Non-Sperm/Non-Sperm (106).bmp,0,test
smids/Non-Sperm/Non-Sperm (112).bmp,0,test
smids/Non-Sperm/Non-Sperm (113).bmp,0,test
smids/Non-Sperm/Non-Sperm (115).bmp,0,test
smids/Non-Sperm/Non-Sperm (118).bmp,0,test
smids/Non-Sperm/Non-Sperm (12).bmp,0,test
smids/Non-Sperm/Non-Sperm (120).bmp,0,test
smids/Non-Sperm/Non-Sperm (13).bmp,0,test
smids/Non-Sperm/Non-Sperm (130).bmp,0,test
smids/Non-Sperm/Non-Sperm (131).bmp,0,test
smids/Non-Sperm/Non-Sperm (144).bmp,0,test
smids/Non-Sperm/Non-Sperm (145).bmp,0,test
smids/Non-Sperm/Non-Sperm (153).bmp,0,test
smids/Non-Sperm/Non-Sperm (160).bmp,0,test
smids/Non-Sperm/Non-Sperm (161).bmp,0,test
smids/Non-Sperm/Non-Sperm (181).bmp,0,test
smids/Non-Sperm/Non-Sperm (184).bmp,0,test
smids/Non-Sperm/Non-Sperm (185).bmp,0,test
smids/Non-Sperm/Non-Sperm (189).bmp,0,test
smids/Non-Sperm/Non-Sperm (190).bmp,0,test
smids/Non-Sperm/Non-Sperm (191).bmp,0,test
smids/Non-Sperm/Non-Sperm (193).bmp,0,test
smids/Non-Sperm/Non-Sperm (197).bmp,0,test
smids/Non-Sperm/Non-Sperm (20).bmp,0,test
smids/Non-Sperm/Non-Sperm (211).bmp,0,test
smids/Non-Sperm/Non-Sperm (214).bmp,0,test
smids/Non-Sperm/Non-Sperm (220).bmp,0,test
smids/Non-Sperm/Non-Sperm (231).bmp,0,test
smids/Non-Sperm/Non-Sperm (234).bmp,0,test
smids/Non-Sperm/Non-Sperm (237).bmp,0,test
smids/Non-Sperm/Non-Sperm (238).bmp,0,test
smids/Non-Sperm/Non-Sperm (240).bmp,0,test
smids/Non-Sperm/Non-Sperm (244).bmp,0,test
smids/Non-Sperm/Non-Sperm (250).bmp,0,test
smids/Non-Sperm/Non-Sperm (253).bmp,0,test
smids/Non-Sperm/Non-Sperm (254).bmp,0,test
smids/Non-Sperm/Non-Sperm (255).bmp,0,test
smids/Non-Sperm/Non-Sperm (267).bmp,0,test
smids/Non-Sperm/Non-Sperm (273).bmp,0,test
smids/Non-Sperm/Non-Sperm (288).bmp,0,test
smids/Non-Sperm/Non-Sperm (298).bmp,0,test
smids/Non-Sperm/Non-Sperm (300).bmp,0,test
smids/Non-Sperm/Non-Sperm (301).bmp,0,test
smids/Non-Sperm/Non-Sperm (304).bmp,0,test
smids/Non-Sperm/Non-Sperm (305).bmp,0,test
smids/Non-Sperm/Non-Sperm (309).bmp,0,test
smids/Non-Sperm/Non-Sperm (310).bmp,0,test
smids/Non-Sperm/Non-Sperm (316).bmp,0,test
smids/Non-Sperm/Non-Sperm (318).bmp,0,test
smids/Non-Sperm/Non-Sperm (319).bmp,0,test
smids/Non-Sperm/Non-Sperm (330).bmp,0,test
smids/Non-Sperm/Non-Sperm (331).bmp,0,test
smids/Non-Sperm/Non-Sperm (332).bmp,0,test
smids/Non-Sperm/Non-Sperm (340).bmp,0,test
smids/Non-Sperm/Non-Sperm (344).bmp,0,test
smids/Non-Sperm/Non-Sperm (348).bmp,0,test
smids/Non-Sperm/Non-Sperm (35).bmp,0,test
smids/Non-Sperm/Non-Sperm (352).bmp,0,test
smids/Non-Sperm/Non-Sperm (355).bmp,0,test
smids/Non-Sperm/Non-Sperm (362).bmp,0,test
smids/Non-Sperm/Non-Sperm (363).bmp,0,test
smids/Non-Sperm/Non-Sperm (366).bmp,0,test
smids/Non-Sperm/Non-Sperm (374).bmp,0,test
smids/Non-Sperm/Non-Sperm (377).bmp,0,test
smids/Non-Sperm/Non-Sperm (384).bmp,0,test
smids/Non-Sperm/Non-Sperm (385).bmp,0,test
smids/Non-Sperm/Non-Sperm (389).bmp,0,test
smids/Non-Sperm/Non-Sperm (390).bmp,0,test
smids/Non-Sperm/Non-Sperm (391).bmp,0,test
smids/Non-Sperm/Non-Sperm (41).bmp,0,test
smids/Non-Sperm/Non-Sperm (42).bmp,0,test
smids/Non-Sperm/Non-Sperm (432).bmp,0,test
smids/Non-Sperm/Non-Sperm (446).bmp,0,test
smids/Non-Sperm/Non-Sperm (460).bmp,0,test
smids/Non-Sperm/Non-Sperm (462).bmp,0,test
smids/Non-Sperm/Non-Sperm (465).bmp,0,test
smids/Non-Sperm/Non-Sperm (47).bmp,0,test
smids/Non-Sperm/Non-Sperm (471).bmp,0,test
smids/Non-Sperm/Non-Sperm (475).bmp,0,test
smids/Non-Sperm/Non-Sperm (477).bmp,0,test
smids/Non-Sperm/Non-Sperm (480).bmp,0,test
smids/Non-Sperm/Non-Sperm (499).bmp,0,test
smids/Non-Sperm/Non-Sperm (500).bmp,0,test
smids/Non-Sperm/Non-Sperm (501).bmp,0,test
smids/Non-Sperm/Non-Sperm (502).bmp,0,test
smids/Non-Sperm/Non-Sperm (509).bmp,0,test
smids/Non-Sperm/Non-Sperm (524).bmp,0,test
smids/Non-Sperm/Non-Sperm (532).bmp,0,test
smids/Non-Sperm/Non-Sperm (533).bmp,0,test
smids/Non-Sperm/Non-Sperm (535).bmp,0,test
smids/Non-Sperm/Non-Sperm (536).bmp,0,test
smids/Non-Sperm/Non-Sperm (539).bmp,0,test
smids/Non-Sperm/Non-Sperm (540).bmp,0,test
smids/Non-Sperm/Non-Sperm (547).bmp,0,test
smids/Non-Sperm/Non-Sperm (548).bmp,0,test
smids/Non-Sperm/Non-Sperm (55).bmp,0,test
smids/Non-Sperm/Non-Sperm (554).bmp,0,test
smids/Non-Sperm/Non-Sperm (562).bmp,0,test
smids/Non-Sperm/Non-Sperm (563).bmp,0,test
smids/Non-Sperm/Non-Sperm (571).bmp,0,test
smids/Non-Sperm/Non-Sperm (575).bmp,0,test
smids/Non-Sperm/Non-Sperm (576).bmp,0,test
smids/Non-Sperm/Non-Sperm (578).bmp,0,test
smids/Non-Sperm/Non-Sperm (58).bmp,0,test
smids/Non-Sperm/Non-Sperm (587).bmp,0,test
smids/Non-Sperm/Non-Sperm (595).bmp,0,test
smids/Non-Sperm/Non-Sperm (596).bmp,0,test
smids/Non-Sperm/Non-Sperm (603).bmp,0,test
smids/Non-Sperm/Non-Sperm (606).bmp,0,test
smids/Non-Sperm/Non-Sperm (614).bmp,0,test
smids/Non-Sperm/Non-Sperm (615).bmp,0,test
smids/Non-Sperm/Non-Sperm (617).bmp,0,test
smids/Non-Sperm/Non-Sperm (619).bmp,0,test
smids/Non-Sperm/Non-Sperm (620).bmp,0,test
smids/Non-Sperm/Non-Sperm (627).bmp,0,test
smids/Non-Sperm/Non-Sperm (632).bmp,0,test
smids/Non-Sperm/Non-Sperm (638).bmp,0,test
smids/Non-Sperm/Non-Sperm (641).bmp,0,test
smids/Non-Sperm/Non-Sperm (648).bmp,0,test
smids/Non-Sperm/Non-Sperm (650).bmp,0,test
smids/Non-Sperm/Non-Sperm (651).bmp,0,test
smids/Non-Sperm/Non-Sperm (658).bmp,0,test
smids/Non-Sperm/Non-Sperm (661).bmp,0,test
smids/Non-Sperm/Non-Sperm (664).bmp,0,test
smids/Non-Sperm/Non-Sperm (673).bmp,0,test
smids/Non-Sperm/Non-Sperm (676).bmp,0,test
smids/Non-Sperm/Non-Sperm (68).bmp,0,test
smids/Non-Sperm/Non-Sperm (685).bmp,0,test
smids/Non-Sperm/Non-Sperm (688).bmp,0,test
smids/Non-Sperm/Non-Sperm (69).bmp,0,test
smids/Non-Sperm/Non-Sperm (691).bmp,0,test
smids/Non-Sperm/Non-Sperm (692).bmp,0,test
smids/Non-Sperm/Non-Sperm (700).bmp,0,test
smids/Non-Sperm/Non-Sperm (701).bmp,0,test
smids/Non-Sperm/Non-Sperm (705).bmp,0,test
smids/Non-Sperm/Non-Sperm (712).bmp,0,test
smids/Non-Sperm/Non-Sperm (714).bmp,0,test
smids/Non-Sperm/Non-Sperm (719).bmp,0,test
smids/Non-Sperm/Non-Sperm (725).bmp,0,test
smids/Non-Sperm/Non-Sperm (731).bmp,0,test
smids/Non-Sperm/Non-Sperm (750).bmp,0,test
smids/Non-Sperm/Non-Sperm (751).bmp,0,test
smids/Non-Sperm/Non-Sperm (755).bmp,0,test
smids/Non-Sperm/Non-Sperm (756).bmp,0,test
smids/Non-Sperm/Non-Sperm (764).bmp,0,test
smids/Non-Sperm/Non-Sperm (769).bmp,0,test
smids/Non-Sperm/Non-Sperm (77).bmp,0,test
smids/Non-Sperm/Non-Sperm (771).bmp,0,test
smids/Non-Sperm/Non-Sperm (789).bmp,0,test
smids/Non-Sperm/Non-Sperm (79).bmp,0,test
smids/Non-Sperm/Non-Sperm (795).bmp,0,test
smids/Non-Sperm/Non-Sperm (810).bmp,0,test
smids/Non-Sperm/Non-Sperm (813).bmp,0,test
smids/Non-Sperm/Non-Sperm (816).bmp,0,test
smids/Non-Sperm/Non-Sperm (817).bmp,0,test
smids/Non-Sperm/Non-Sperm (821).bmp,0,test
smids/Non-Sperm/Non-Sperm (822).bmp,0,test
smids/Non-Sperm/Non-Sperm (828).bmp,0,test
smids/Non-Sperm/Non-Sperm (834).bmp,0,test
smids/Non-Sperm/Non-Sperm (836).bmp,0,test
smids/Non-Sperm/Non-Sperm (844).bmp,0,test
smids/Non-Sperm/Non-Sperm (848).bmp,0,test
smids/Non-Sperm/Non-Sperm (857).bmp,0,test
smids/Non-Sperm/Non-Sperm (860).bmp,0,test
smids/Non-Sperm/Non-Sperm (861).bmp,0,test
smids/Non-Sperm/Non-Sperm (863).bmp,0,test
smids/Non-Sperm/Non-Sperm (866).bmp,0,test
smids/Non-Sperm/Non-Sperm (871).bmp,0,test
smids/Non-Sperm/Non-Sperm (872).bmp,0,test
smids/Non-Sperm/Non-Sperm (876).bmp,0,test
smids/Non-Sperm/Non-Sperm (879).bmp,0,test
smids/Non-Sperm/Non-Sperm (88).bmp,0,test
smids/Non-Sperm/Non-Sperm (880).bmp,0,test
smids/Non-Sperm/Non-Sperm (882).bmp,0,test
smids/Non-Sperm/Non-Sperm (886).bmp,0,test
smids/Non-Sperm/Non-Sperm (888).bmp,0,test
smids/Non-Sperm/Non-Sperm (900).bmp,0,test
smids/Non-Sperm/Non-Sperm (903).bmp,0,test
smids/Non-Sperm/Non-Sperm (918).bmp,0,test
smids/Non-Sperm/Non-Sperm (920).bmp,0,test
smids/Non-Sperm/Non-Sperm (922).bmp,0,test
smids/Non-Sperm/Non-Sperm (923).bmp,0,test
smids/Non-Sperm/Non-Sperm (924).bmp,0,test
smids/Non-Sperm/Non-Sperm (928).bmp,0,test
smids/Non-Sperm/Non-Sperm (934).bmp,0,test
smids/Non-Sperm/Non-Sperm (936).bmp,0,test
smids/Non-Sperm/Non-Sperm (937).bmp,0,test
smids/Non-Sperm/Non-Sperm (947).bmp,0,test
smids/Non-Sperm/Non-Sperm (953).bmp,0,test
smids/Non-Sperm/Non-Sperm (961).bmp,0,test
smids/Non-Sperm/Non-Sperm (962).bmp,0,test
smids/Non-Sperm/Non-Sperm (966).bmp,0,test
smids/Non-Sperm/Non-Sperm (970).bmp,0,test
smids/Non-Sperm/Non-Sperm (971).bmp,0,test
smids/Normal_Sperm/Normal_Sperm (100).bmp,0,test
smids/Normal_Sperm/Normal_Sperm (1005).bmp,0,test
smids/Normal_Sperm/Normal_Sperm (1007).bmp,0,test
smids/Normal_Sperm/Normal_Sperm (1021).bmp,0,test
smids/Normal_Sperm/Normal_Sperm (108).bmp,0,test
smids/Normal_Sperm/Normal_Sperm (110).bmp,0,test
smids/Normal_Sperm/Normal_Sperm (111).bmp,0,test
smids/Normal_Sperm/Normal_Sperm (117).bmp,0,test
smids/Normal_Sperm/Normal_Sperm (133).bmp,0,test
smids/Normal_Sperm/Normal_Sperm (135).bmp,0,test
smids/Normal_Sperm/Normal_Sperm (136).bmp,0,test
smids/Normal_Sperm/Normal_Sperm (138).bmp,0,test
smids/Normal_Sperm/Normal_Sperm (139).bmp,0,test
smids/Normal_Sperm/Normal_Sperm (14).bmp,0,test
smids/Normal_Sperm/Normal_Sperm (141).bmp,0,test
smids/Normal_Sperm/Normal_Sperm (143).bmp,0,test
smids/Normal_Sperm/Normal_Sperm (145).bmp,0,test
smids/Normal_Sperm/Normal_Sperm (16).bmp,0,test
smids/Normal_Sperm/Normal_Sperm (162).bmp,0,test
smids/Normal_Sperm/Normal_Sperm (168).bmp,0,test
smids/Normal_Sperm/Normal_Sperm (172).bmp,0,test
smids/Normal_Sperm/Normal_Sperm (174).bmp,0,test
smids/Normal_Sperm/Normal_Sperm (176).bmp,0,test
smids/Normal_Sperm/Normal_Sperm (182).bmp,0,test
smids/Normal_Sperm/Normal_Sperm (189).bmp,0,test
smids/Normal_Sperm/Normal_Sperm (193).bmp,0,test
smids/Normal_Sperm/Normal_Sperm (195).bmp,0,test
smids/Normal_Sperm/Normal_Sperm (197).bmp,0,test
smids/Normal_Sperm/Normal_Sperm (2).bmp,0,test
smids/Normal_Sperm/Normal_Sperm (207).bmp,0,test
smids/Normal_Sperm/Normal_Sperm (211).bmp,0,test
smids/Normal_Sperm/Normal_Sperm (212).bmp,0,test
smids/Normal_Sperm/Normal_Sperm (22).bmp,0,test
smids/Normal_Sperm/Normal_Sperm (220).bmp,0,test
smids/Normal_Sperm/Normal_Sperm (227).bmp,0,test
smids/Normal_Sperm/Normal_Sperm (23).bmp,0,test
smids/Normal_Sperm/Normal_Sperm (230).bmp,0,test
smids/Normal_Sperm/Normal_Sperm (236).bmp,0,test
smids/Normal_Sperm/Normal_Sperm (238).bmp,0,test
smids/Normal_Sperm/Normal_Sperm (24).bmp,0,test
smids/Normal_Sperm/Normal_Sperm (245).bmp,0,test
smids/Normal_Sperm/Normal_Sperm (263).bmp,0,test
smids/Normal_Sperm/Normal_Sperm (274).bmp,0,test
smids/Normal_Sperm/Normal_Sperm (276).bmp,0,test
smids/Normal_Sperm/Normal_Sperm (277).bmp,0,test
smids/Normal_Sperm/Normal_Sperm (279).bmp,0,test
smids/Normal_Sperm/Normal_Sperm (28).bmp,0,test
smids/Normal_Sperm/Normal_Sperm (285).bmp,0,test
smids/Normal_Sperm/Normal_Sperm (286).bmp,0,test
smids/Normal_Sperm/Normal_Sperm (287).bmp,0,test
smids/Normal_Sperm/Normal_Sperm (29).bmp,0,test
smids/Normal_Sperm/Normal_Sperm (290).bmp,0,test
smids/Normal_Sperm/Normal_Sperm (291).bmp,0,test
smids/Normal_Sperm/Normal_Sperm (292).bmp,0,test
smids/Normal_Sperm/Normal_Sperm (296).bmp,0,test
smids/Normal_Sperm/Normal_Sperm (306).bmp,0,test
smids/Normal_Sperm/Normal_Sperm (31).bmp,0,test
smids/Normal_Sperm/Normal_Sperm (310).bmp,0,test
smids/Normal_Sperm/Normal_Sperm (318).bmp,0,test
smids/Normal_Sperm/Normal_Sperm (320).bmp,0,test
smids/Normal_Sperm/Normal_Sperm (321).bmp,0,test
smids/Normal_Sperm/Normal_Sperm (323).bmp,0,test
smids/Normal_Sperm/Normal_Sperm (329).bmp,0,test
smids/Normal_Sperm/Normal_Sperm (333).bmp,0,test
smids/Normal_Sperm/Normal_Sperm (34).bmp,0,test
smids/Normal_Sperm/Normal_Sperm (341).bmp,0,test
smids/Normal_Sperm/Normal_Sperm (343).bmp,0,test
smids/Normal_Sperm/Normal_Sperm (347).bmp,0,test
smids/Normal_Sperm/Normal_Sperm (351).bmp,0,test
smids/Normal_Sperm/Normal_Sperm (360).bmp,0,test
smids/Normal_Sperm/Normal_Sperm (365).bmp,0,test
smids/Normal_Sperm/Normal_Sperm (369).bmp,0,test
smids/Normal_Sperm/Normal_Sperm (376).bmp,0,test
smids/Normal_Sperm/Normal_Sperm (385).bmp,0,test
smids/Normal_Sperm/Normal_Sperm (39).bmp,0,test
smids/Normal_Sperm/Normal_Sperm (393).bmp,0,test
smids/Normal_Sperm/Normal_Sperm (40).bmp,0,test
smids/Normal_Sperm/Normal_Sperm (406).bmp,0,test
smids/Normal_Sperm/Normal_Sperm (413).bmp,0,test
smids/Normal_Sperm/Normal_Sperm (420).bmp,0,test
smids/Normal_Sperm/Normal_Sperm (43).bmp,0,test
smids/Normal_Sperm/Normal_Sperm (435).bmp,0,test
smids/Normal_Sperm/Normal_Sperm (438).bmp,0,test
smids/Normal_Sperm/Normal_Sperm (441).bmp,0,test
smids/Normal_Sperm/Normal_Sperm (466).bmp,0,test
smids/Normal_Sperm/Normal_Sperm (47).bmp,0,test
smids/Normal_Sperm/Normal_Sperm (471).bmp,0,test
smids/Normal_Sperm/Normal_Sperm (475).bmp,0,test
smids/Normal_Sperm/Normal_Sperm (476).bmp,0,test
smids/Normal_Sperm/Normal_Sperm (478).bmp,0,test
smids/Normal_Sperm/Normal_Sperm (484).bmp,0,test
smids/Normal_Sperm/Normal_Sperm (489).bmp,0,test
smids/Normal_Sperm/Normal_Sperm (493).bmp,0,test
smids/Normal_Sperm/Normal_Sperm (494).bmp,0,test
smids/Normal_Sperm/Normal_Sperm (496).bmp,0,test
smids/Normal_Sperm/Normal_Sperm (507).bmp,0,test
smids/Normal_Sperm/Normal_Sperm (509).bmp,0,test
smids/Normal_Sperm/Normal_Sperm (510).bmp,0,test
smids/Normal_Sperm/Normal_Sperm (511).bmp,0,test
smids/Normal_Sperm/Normal_Sperm (518).bmp,0,test
smids/Normal_Sperm/Normal_Sperm (519).bmp,0,test
smids/Normal_Sperm/Normal_Sperm (537).bmp,0,test
smids/Normal_Sperm/Normal_Sperm (538).bmp,0,test
smids/Normal_Sperm/Normal_Sperm (545).bmp,0,test
smids/Normal_Sperm/Normal_Sperm (548).bmp,0,test
smids/Normal_Sperm/Normal_Sperm (550).bmp,0,test
smids/Normal_Sperm/Normal_Sperm (553).bmp,0,test
smids/Normal_Sperm/Normal_Sperm (554).bmp,0,test
smids/Normal_Sperm/Normal_Sperm (557).bmp,0,test
smids/Normal_Sperm/Normal_Sperm (564).bmp,0,test
smids/Normal_Sperm/Normal_Sperm (571).bmp,0,test
smids/Normal_Sperm/Normal_Sperm (573).bmp,0,test
smids/Normal_Sperm/Normal_Sperm (576).bmp,0,test
smids/Normal_Sperm/Normal_Sperm (577).bmp,0,test
smids/Normal_Sperm/Normal_Sperm (58).bmp,0,test
smids/Normal_Sperm/Normal_Sperm (580).bmp,0,test
smids/Normal_Sperm/Normal_Sperm (581).bmp,0,test
smids/Normal_Sperm/Normal_Sperm (582).bmp,0,test
smids/Normal_Sperm/Normal_Sperm (584).bmp,0,test
smids/Normal_Sperm/Normal_Sperm (585).bmp,0,test
smids/Normal_Sperm/Normal_Sperm (596).bmp,0,test
smids/Normal_Sperm/Normal_Sperm (608).bmp,0,test
smids/Normal_Sperm/Normal_Sperm (622).bmp,0,test
smids/Normal_Sperm/Normal_Sperm (625).bmp,0,test
smids/Normal_Sperm/Normal_Sperm (626).bmp,0,test
smids/Normal_Sperm/Normal_Sperm (636).bmp,0,test
smids/Normal_Sperm/Normal_Sperm (638).bmp,0,test
smids/Normal_Sperm/Normal_Sperm (639).bmp,0,test
smids/Normal_Sperm/Normal_Sperm (643).bmp,0,test
smids/Normal_Sperm/Normal_Sperm (645).bmp,0,test
smids/Normal_Sperm/Normal_Sperm (651).bmp,0,test
smids/Normal_Sperm/Normal_Sperm (652).bmp,0,test
smids/Normal_Sperm/Normal_Sperm (653).bmp,0,test
smids/Normal_Sperm/Normal_Sperm (660).bmp,0,test
smids/Normal_Sperm/Normal_Sperm (663).bmp,0,test
smids/Normal_Sperm/Normal_Sperm (667).bmp,0,test
smids/Normal_Sperm/Normal_Sperm (686).bmp,0,test
smids/Normal_Sperm/Normal_Sperm (699).bmp,0,test
smids/Normal_Sperm/Normal_Sperm (7).bmp,0,test
smids/Normal_Sperm/Normal_Sperm (701).bmp,0,test
smids/Normal_Sperm/Normal_Sperm (709).bmp,0,test
smids/Normal_Sperm/Normal_Sperm (71).bmp,0,test
smids/Normal_Sperm/Normal_Sperm (715).bmp,0,test
smids/Normal_Sperm/Normal_Sperm (728).bmp,0,test
smids/Normal_Sperm/Normal_Sperm (736).bmp,0,test
smids/Normal_Sperm/Normal_Sperm (737).bmp,0,test
smids/Normal_Sperm/Normal_Sperm (745).bmp,0,test
smids/Normal_Sperm/Normal_Sperm (749).bmp,0,test
smids/Normal_Sperm/Normal_Sperm (753).bmp,0,test
smids/Normal_Sperm/Normal_Sperm (756).bmp,0,test
smids/Normal_Sperm/Normal_Sperm (763).bmp,0,test
smids/Normal_Sperm/Normal_Sperm (766).bmp,0,test
smids/Normal_Sperm/Normal_Sperm (768).bmp,0,test
smids/Normal_Sperm/Normal_Sperm (777).bmp,0,test
smids/Normal_Sperm/Normal_Sperm (781).bmp,0,test
smids/Normal_Sperm/Normal_Sperm (795).bmp,0,test
smids/Normal_Sperm/Normal_Sperm (80).bmp,0,test
smids/Normal_Sperm/Normal_Sperm (803).bmp,0,test
smids/Normal_Sperm/Normal_Sperm (81).bmp,0,test
smids/Normal_Sperm/Normal_Sperm (813).bmp,0,test
smids/Normal_Sperm/Normal_Sperm (820).bmp,0,test
smids/Normal_Sperm/Normal_Sperm (821).bmp,0,test
smids/Normal_Sperm/Normal_Sperm (827).bmp,0,test
smids/Normal_Sperm/Normal_Sperm (834).bmp,0,test
smids/Normal_Sperm/Normal_Sperm (838).bmp,0,test
smids/Normal_Sperm/Normal_Sperm (84).bmp,0,test
smids/Normal_Sperm/Normal_Sperm (844).bmp,0,test
smids/Normal_Sperm/Normal_Sperm (85).bmp,0,test
smids/Normal_Sperm/Normal_Sperm (850).bmp,0,test
smids/Normal_Sperm/Normal_Sperm (851).bmp,0,test
smids/Normal_Sperm/Normal_Sperm (858).bmp,0,test
smids/Normal_Sperm/Normal_Sperm (861).bmp,0,test
smids/Normal_Sperm/Normal_Sperm (863).bmp,0,test
smids/Normal_Sperm/Normal_Sperm (864).bmp,0,test
smids/Normal_Sperm/Normal_Sperm (87).bmp,0,test
smids/Normal_Sperm/Normal_Sperm (885).bmp,0,test
smids/Normal_Sperm/Normal_Sperm (891).bmp,0,test
smids/Normal_Sperm/Normal_Sperm (895).bmp,0,test
smids/Normal_Sperm/Normal_Sperm (896).bmp,0,test
smids/Normal_Sperm/Normal_Sperm (897).bmp,0,test
smids/Normal_Sperm/Normal_Sperm (900).bmp,0,test
smids/Normal_Sperm/Normal_Sperm (904).bmp,0,test
smids/Normal_Sperm/Normal_Sperm (907).bmp,0,test
smids/Normal_Sperm/Normal_Sperm (909).bmp,0,test
smids/Normal_Sperm/Normal_Sperm (916).bmp,0,test
smids/Normal_Sperm/Normal_Sperm (922).bmp,0,test
smids/Normal_Sperm/Normal_Sperm (923).bmp,0,test
smids/Normal_Sperm/Normal_Sperm (926).bmp,0,test
smids/Normal_Sperm/Normal_Sperm (929).bmp,0,test
smids/Normal_Sperm/Normal_Sperm (93).bmp,0,test
smids/Normal_Sperm/Normal_Sperm (932).bmp,0,test
smids/Normal_Sperm/Normal_Sperm (942).bmp,0,test
smids/Normal_Sperm/Normal_Sperm (957).bmp,0,test
smids/Normal_Sperm/Normal_Sperm (962).bmp,0,test
smids/Normal_Sperm/Normal_Sperm (964).bmp,0,test
smids/Normal_Sperm/Normal_Sperm (965).bmp,0,test
smids/Normal_Sperm/Normal_Sperm (969).bmp,0,test
smids/Normal_Sperm/Normal_Sperm (986).bmp,0,test
smids/Normal_Sperm/Normal_Sperm (989).bmp,0,test
smids/Normal_Sperm/Normal_Sperm (992).bmp,0,test
smids/Normal_Sperm/Normal_Sperm (995).bmp,0,test
smids/Abnormal_Sperm/Abnormal_Sperm (1).bmp,0,train
smids/Abnormal_Sperm/Abnormal_Sperm (10).bmp,0,train
smids/Abnormal_Sperm/Abnormal_Sperm (1003).bmp,0,train
smids/Abnormal_Sperm/Abnormal_Sperm (1004).bmp,0,train
smids/Abnormal_Sperm/Abnormal_Sperm (1005).bmp,0,train
smids/Abnormal_Sperm/Abnormal_Sperm (101).bmp,0,train
smids/Abnormal_Sperm/Abnormal_Sperm (102).bmp,0,train
smids/Abnormal_Sperm/Abnormal_Sperm (103).bmp,0,train
smids/Abnormal_Sperm/Abnormal_Sperm (104).bmp,0,train
smids/Abnormal_Sperm/Abnormal_Sperm (106).bmp,0,train
smids/Abnormal_Sperm/Abnormal_Sperm (107).bmp,0,train
smids/Abnormal_Sperm/Abnormal_Sperm (108).bmp,0,train
smids/Abnormal_Sperm/Abnormal_Sperm (109).bmp,0,train
smids/Abnormal_Sperm/Abnormal_Sperm (11).bmp,0,train
smids/Abnormal_Sperm/Abnormal_Sperm (112).bmp,0,train
smids/Abnormal_Sperm/Abnormal_Sperm (114).bmp,0,train
smids/Abnormal_Sperm/Abnormal_Sperm (115).bmp,0,train
smids/Abnormal_Sperm/Abnormal_Sperm (117).bmp,0,train
smids/Abnormal_Sperm/Abnormal_Sperm (118).bmp,0,train
smids/Abnormal_Sperm/Abnormal_Sperm (120).bmp,0,train
smids/Abnormal_Sperm/Abnormal_Sperm (123).bmp,0,train
smids/Abnormal_Sperm/Abnormal_Sperm (124).bmp,0,train
smids/Abnormal_Sperm/Abnormal_Sperm (128).bmp,0,train
smids/Abnormal_Sperm/Abnormal_Sperm (13).bmp,0,train
smids/Abnormal_Sperm/Abnormal_Sperm (132).bmp,0,train
smids/Abnormal_Sperm/Abnormal_Sperm (133).bmp,0,train
smids/Abnormal_Sperm/Abnormal_Sperm (138).bmp,0,train
smids/Abnormal_Sperm/Abnormal_Sperm (139).bmp,0,train
smids/Abnormal_Sperm/Abnormal_Sperm (140).bmp,0,train
smids/Abnormal_Sperm/Abnormal_Sperm (143).bmp,0,train
smids/Abnormal_Sperm/Abnormal_Sperm (147).bmp,0,train
smids/Abnormal_Sperm/Abnormal_Sperm (15).bmp,0,train
smids/Abnormal_Sperm/Abnormal_Sperm (153).bmp,0,train
smids/Abnormal_Sperm/Abnormal_Sperm (154).bmp,0,train
smids/Abnormal_Sperm/Abnormal_Sperm (156).bmp,0,train
smids/Abnormal_Sperm/Abnormal_Sperm (157).bmp,0,train
smids/Abnormal_Sperm/Abnormal_Sperm (159).bmp,0,train
smids/Abnormal_Sperm/Abnormal_Sperm (16).bmp,0,train
smids/Abnormal_Sperm/Abnormal_Sperm (161).bmp,0,train
smids/Abnormal_Sperm/Abnormal_Sperm (162).bmp,0,train
smids/Abnormal_Sperm/Abnormal_Sperm (164).bmp,0,train
smids/Abnormal_Sperm/Abnormal_Sperm (165).bmp,0,train
smids/Abnormal_Sperm/Abnormal_Sperm (166).bmp,0,train
smids/Abnormal_Sperm/Abnormal_Sperm (167).bmp,0,train
smids/Abnormal_Sperm/Abnormal_Sperm (170).bmp,0,train
smids/Abnormal_Sperm/Abnormal_Sperm (171).bmp,0,train
smids/Abnormal_Sperm/Abnormal_Sperm (173).bmp,0,train
smids/Abnormal_Sperm/Abnormal_Sperm (175).bmp,0,train
smids/Abnormal_Sperm/Abnormal_Sperm (176).bmp,0,train
smids/Abnormal_Sperm/Abnormal_Sperm (184).bmp,0,train
smids/Abnormal_Sperm/Abnormal_Sperm (185).bmp,0,train
smids/Abnormal_Sperm/Abnormal_Sperm (189).bmp,0,train
smids/Abnormal_Sperm/Abnormal_Sperm (19).bmp,0,train
smids/Abnormal_Sperm/Abnormal_Sperm (192).bmp,0,train
smids/Abnormal_Sperm/Abnormal_Sperm (195).bmp,0,train
smids/Abnormal_Sperm/Abnormal_Sperm (196).bmp,0,train
smids/Abnormal_Sperm/Abnormal_Sperm (197).bmp,0,train
smids/Abnormal_Sperm/Abnormal_Sperm (199).bmp,0,train
smids/Abnormal_Sperm/Abnormal_Sperm (2).bmp,0,train
smids/Abnormal_Sperm/Abnormal_Sperm (202).bmp,0,train
smids/Abnormal_Sperm/Abnormal_Sperm (203).bmp,0,train
smids/Abnormal_Sperm/Abnormal_Sperm (204).bmp,0,train
smids/Abnormal_Sperm/Abnormal_Sperm (207).bmp,0,train
smids/Abnormal_Sperm/Abnormal_Sperm (208).bmp,0,train
smids/Abnormal_Sperm/Abnormal_Sperm (21).bmp,0,train
smids/Abnormal_Sperm/Abnormal_Sperm (216).bmp,0,train
smids/Abnormal_Sperm/Abnormal_Sperm (219).bmp,0,train
smids/Abnormal_Sperm/Abnormal_Sperm (22).bmp,0,train
smids/Abnormal_Sperm/Abnormal_Sperm (220).bmp,0,train
smids/Abnormal_Sperm/Abnormal_Sperm (221).bmp,0,train
smids/Abnormal_Sperm/Abnormal_Sperm (222).bmp,0,train
smids/Abnormal_Sperm/Abnormal_Sperm (225).bmp,0,train
smids/Abnormal_Sperm/Abnormal_Sperm (226).bmp,0,train
smids/Abnormal_Sperm/Abnormal_Sperm (227).bmp,0,train
smids/Abnormal_Sperm/Abnormal_Sperm (228).bmp,0,train
smids/Abnormal_Sperm/Abnormal_Sperm (229).bmp,0,train
smids/Abnormal_Sperm/Abnormal_Sperm (234).bmp,0,train
smids/Abnormal_Sperm/Abnormal_Sperm (235).bmp,0,train
smids/Abnormal_Sperm/Abnormal_Sperm (236).bmp,0,train
smids/Abnormal_Sperm/Abnormal_Sperm (238).bmp,0,train
smids/Abnormal_Sperm/Abnormal_Sperm (241).bmp,0,train
smids/Abnormal_Sperm/Abnormal_Sperm (243).bmp,0,train
smids/Abnormal_Sperm/Abnormal_Sperm (244).bmp,0,train
smids/Abnormal_Sperm/Abnormal_Sperm (245).bmp,0,train
smids/Abnormal_Sperm/Abnormal_Sperm (247).bmp,0,train
smids/Abnormal_Sperm/Abnormal_Sperm (251).bmp,0,train
smids/Abnormal_Sperm/Abnormal_Sperm (256).bmp,0,train
smids/Abnormal_Sperm/Abnormal_Sperm (257).bmp,0,train
smids/Abnormal_Sperm/Abnormal_Sperm (259).bmp,0,train
smids/Abnormal_Sperm/Abnormal_Sperm (26).bmp,0,train
smids/Abnormal_Sperm/Abnormal_Sperm (260).bmp,0,train
smids/Abnormal_Sperm/Abnormal_Sperm (261).bmp,0,train
smids/Abnormal_Sperm/Abnormal_Sperm (263).bmp,0,train
smids/Abnormal_Sperm/Abnormal_Sperm (265).bmp,0,train
smids/Abnormal_Sperm/Abnormal_Sperm (267).bmp,0,train
smids/Abnormal_Sperm/Abnormal_Sperm (268).bmp,0,train
smids/Abnormal_Sperm/Abnormal_Sperm (270).bmp,0,train
smids/Abnormal_Sperm/Abnormal_Sperm (273).bmp,0,train
smids/Abnormal_Sperm/Abnormal_Sperm (274).bmp,0,train
smids/Abnormal_Sperm/Abnormal_Sperm (275).bmp,0,train
smids/Abnormal_Sperm/Abnormal_Sperm (276).bmp,0,train
smids/Abnormal_Sperm/Abnormal_Sperm (278).bmp,0,train
smids/Abnormal_Sperm/Abnormal_Sperm (280).bmp,0,train
smids/Abnormal_Sperm/Abnormal_Sperm (284).bmp,0,train
smids/Abnormal_Sperm/Abnormal_Sperm (285).bmp,0,train
smids/Abnormal_Sperm/Abnormal_Sperm (288).bmp,0,train
smids/Abnormal_Sperm/Abnormal_Sperm (291).bmp,0,train
smids/Abnormal_Sperm/Abnormal_Sperm (293).bmp,0,train
smids/Abnormal_Sperm/Abnormal_Sperm (295).bmp,0,train
smids/Abnormal_Sperm/Abnormal_Sperm (297).bmp,0,train
smids/Abnormal_Sperm/Abnormal_Sperm (299).bmp,0,train
smids/Abnormal_Sperm/Abnormal_Sperm (300).bmp,0,train
smids/Abnormal_Sperm/Abnormal_Sperm (305).bmp,0,train
smids/Abnormal_Sperm/Abnormal_Sperm (306).bmp,0,train
smids/Abnormal_Sperm/Abnormal_Sperm (308).bmp,0,train
smids/Abnormal_Sperm/Abnormal_Sperm (309).bmp,0,train
smids/Abnormal_Sperm/Abnormal_Sperm (31).bmp,0,train
smids/Abnormal_Sperm/Abnormal_Sperm (310).bmp,0,train
smids/Abnormal_Sperm/Abnormal_Sperm (311).bmp,0,train
smids/Abnormal_Sperm/Abnormal_Sperm (312).bmp,0,train
smids/Abnormal_Sperm/Abnormal_Sperm (314).bmp,0,train
smids/Abnormal_Sperm/Abnormal_Sperm (315).bmp,0,train
smids/Abnormal_Sperm/Abnormal_Sperm (316).bmp,0,train
smids/Abnormal_Sperm/Abnormal_Sperm (318).bmp,0,train
smids/Abnormal_Sperm/Abnormal_Sperm (319).bmp,0,train
smids/Abnormal_Sperm/Abnormal_Sperm (321).bmp,0,train
smids/Abnormal_Sperm/Abnormal_Sperm (323).bmp,0,train
smids/Abnormal_Sperm/Abnormal_Sperm (324).bmp,0,train
smids/Abnormal_Sperm/Abnormal_Sperm (325).bmp,0,train
smids/Abnormal_Sperm/Abnormal_Sperm (328).bmp,0,train
smids/Abnormal_Sperm/Abnormal_Sperm (329).bmp,0,train
smids/Abnormal_Sperm/Abnormal_Sperm (330).bmp,0,train
smids/Abnormal_Sperm/Abnormal_Sperm (333).bmp,0,train
smids/Abnormal_Sperm/Abnormal_Sperm (334).bmp,0,train
smids/Abnormal_Sperm/Abnormal_Sperm (335).bmp,0,train
smids/Abnormal_Sperm/Abnormal_Sperm (336).bmp,0,train
smids/Abnormal_Sperm/Abnormal_Sperm (338).bmp,0,train
smids/Abnormal_Sperm/Abnormal_Sperm (339).bmp,0,train
smids/Abnormal_Sperm/Abnormal_Sperm (340).bmp,0,train
smids/Abnormal_Sperm/Abnormal_Sperm (342).bmp,0,train
smids/Abnormal_Sperm/Abnormal_Sperm (343).bmp,0,train
smids/Abnormal_Sperm/Abnormal_Sperm (344).bmp,0,train
smids/Abnormal_Sperm/Abnormal_Sperm (346).bmp,0,train
smids/Abnormal_Sperm/Abnormal_Sperm (348).bmp,0,train
smids/Abnormal_Sperm/Abnormal_Sperm (350).bmp,0,train
smids/Abnormal_Sperm/Abnormal_Sperm (352).bmp,0,train
smids/Abnormal_Sperm/Abnormal_Sperm (353).bmp,0,train
smids/Abnormal_Sperm/Abnormal_Sperm (354).bmp,0,train
smids/Abnormal_Sperm/Abnormal_Sperm (358).bmp,0,train
smids/Abnormal_Sperm/Abnormal_Sperm (362).bmp,0,train
smids/Abnormal_Sperm/Abnormal_Sperm (365).bmp,0,train
smids/Abnormal_Sperm/Abnormal_Sperm (369).bmp,0,train
smids/Abnormal_Sperm/Abnormal_Sperm (370).bmp,0,train
smids/Abnormal_Sperm/Abnormal_Sperm (371).bmp,0,train
smids/Abnormal_Sperm/Abnormal_Sperm (375).bmp,0,train
smids/Abnormal_Sperm/Abnormal_Sperm (376).bmp,0,train
smids/Abnormal_Sperm/Abnormal_Sperm (378).bmp,0,train
smids/Abnormal_Sperm/Abnormal_Sperm (379).bmp,0,train
smids/Abnormal_Sperm/Abnormal_Sperm (381).bmp,0,train
smids/Abnormal_Sperm/Abnormal_Sperm (382).bmp,0,train
smids/Abnormal_Sperm/Abnormal_Sperm (385).bmp,0,train
smids/Abnormal_Sperm/Abnormal_Sperm (387).bmp,0,train
smids/Abnormal_Sperm/Abnormal_Sperm (388).bmp,0,train
smids/Abnormal_Sperm/Abnormal_Sperm (390).bmp,0,train
smids/Abnormal_Sperm/Abnormal_Sperm (394).bmp,0,train
smids/Abnormal_Sperm/Abnormal_Sperm (396).bmp,0,train
smids/Abnormal_Sperm/Abnormal_Sperm (397).bmp,0,train
smids/Abnormal_Sperm/Abnormal_Sperm (399).bmp,0,train
smids/Abnormal_Sperm/Abnormal_Sperm (401).bmp,0,train
smids/Abnormal_Sperm/Abnormal_Sperm (402).bmp,0,train
smids/Abnormal_Sperm/Abnormal_Sperm (403).bmp,0,train
smids/Abnormal_Sperm/Abnormal_Sperm (405).bmp,0,train
smids/Abnormal_Sperm/Abnormal_Sperm (407).bmp,0,train
smids/Abnormal_Sperm/Abnormal_Sperm (408).bmp,0,train
smids/Abnormal_Sperm/Abnormal_Sperm (41).bmp,0,train
smids/Abnormal_Sperm/Abnormal_Sperm (410).bmp,0,train
smids/Abnormal_Sperm/Abnormal_Sperm (411).bmp,0,train
smids/Abnormal_Sperm/Abnormal_Sperm (413).bmp,0,train
smids/Abnormal_Sperm/Abnormal_Sperm (415).bmp,0,train
smids/Abnormal_Sperm/Abnormal_Sperm (416).bmp,0,train
smids/Abnormal_Sperm/Abnormal_Sperm (417).bmp,0,train
smids/Abnormal_Sperm/Abnormal_Sperm (420).bmp,0,train
smids/Abnormal_Sperm/Abnormal_Sperm (422).bmp,0,train
smids/Abnormal_Sperm/Abnormal_Sperm (425).bmp,0,train
smids/Abnormal_Sperm/Abnormal_Sperm (427).bmp,0,train
smids/Abnormal_Sperm/Abnormal_Sperm (429).bmp,0,train
smids/Abnormal_Sperm/Abnormal_Sperm (431).bmp,0,train
smids/Abnormal_Sperm/Abnormal_Sperm (433).bmp,0,train
smids/Abnormal_Sperm/Abnormal_Sperm (435).bmp,0,train
smids/Abnormal_Sperm/Abnormal_Sperm (437).bmp,0,train
smids/Abnormal_Sperm/Abnormal_Sperm (442).bmp,0,train
smids/Abnormal_Sperm/Abnormal_Sperm (443).bmp,0,train
smids/Abnormal_Sperm/Abnormal_Sperm (447).bmp,0,train
smids/Abnormal_Sperm/Abnormal_Sperm (448).bmp,0,train
smids/Abnormal_Sperm/Abnormal_Sperm (452).bmp,0,train
smids/Abnormal_Sperm/Abnormal_Sperm (453).bmp,0,train
smids/Abnormal_Sperm/Abnormal_Sperm (455).bmp,0,train
smids/Abnormal_Sperm/Abnormal_Sperm (456).bmp,0,train
smids/Abnormal_Sperm/Abnormal_Sperm (461).bmp,0,train
smids/Abnormal_Sperm/Abnormal_Sperm (462).bmp,0,train
smids/Abnormal_Sperm/Abnormal_Sperm (464).bmp,0,train
smids/Abnormal_Sperm/Abnormal_Sperm (466).bmp,0,train
smids/Abnormal_Sperm/Abnormal_Sperm (467).bmp,0,train
smids/Abnormal_Sperm/Abnormal_Sperm (468).bmp,0,train
smids/Abnormal_Sperm/Abnormal_Sperm (472).bmp,0,train
smids/Abnormal_Sperm/Abnormal_Sperm (474).bmp,0,train
smids/Abnormal_Sperm/Abnormal_Sperm (476).bmp,0,train
smids/Abnormal_Sperm/Abnormal_Sperm (477).bmp,0,train
smids/Abnormal_Sperm/Abnormal_Sperm (479).bmp,0,train
smids/Abnormal_Sperm/Abnormal_Sperm (482).bmp,0,train
smids/Abnormal_Sperm/Abnormal_Sperm (483).bmp,0,train
smids/Abnormal_Sperm/Abnormal_Sperm (485).bmp,0,train
smids/Abnormal_Sperm/Abnormal_Sperm (488).bmp,0,train
smids/Abnormal_Sperm/Abnormal_Sperm (491).bmp,0,train
smids/Abnormal_Sperm/Abnormal_Sperm (492).bmp,0,train
smids/Abnormal_Sperm/Abnormal_Sperm (494).bmp,0,train
smids/Abnormal_Sperm/Abnormal_Sperm (496).bmp,0,train
smids/Abnormal_Sperm/Abnormal_Sperm (499).bmp,0,train
smids/Abnormal_Sperm/Abnormal_Sperm (506).bmp,0,train
smids/Abnormal_Sperm/Abnormal_Sperm (507).bmp,0,train
smids/Abnormal_Sperm/Abnormal_Sperm (508).bmp,0,train
smids/Abnormal_Sperm/Abnormal_Sperm (510).bmp,0,train
smids/Abnormal_Sperm/Abnormal_Sperm (511).bmp,0,train
smids/Abnormal_Sperm/Abnormal_Sperm (512).bmp,0,train
smids/Abnormal_Sperm/Abnormal_Sperm (513).bmp,0,train
smids/Abnormal_Sperm/Abnormal_Sperm (516).bmp,0,train
smids/Abnormal_Sperm/Abnormal_Sperm (517).bmp,0,train
smids/Abnormal_Sperm/Abnormal_Sperm (518).bmp,0,train
smids/Abnormal_Sperm/Abnormal_Sperm (519).bmp,0,train
smids/Abnormal_Sperm/Abnormal_Sperm (520).bmp,0,train
smids/Abnormal_Sperm/Abnormal_Sperm (523).bmp,0,train
smids/Abnormal_Sperm/Abnormal_Sperm (524).bmp,0,train
smids/Abnormal_Sperm/Abnormal_Sperm (53).bmp,0,train
smids/Abnormal_Sperm/Abnormal_Sperm (530).bmp,0,train
smids/Abnormal_Sperm/Abnormal_Sperm (532).bmp,0,train
smids/Abnormal_Sperm/Abnormal_Sperm (534).bmp,0,train
smids/Abnormal_Sperm/Abnormal_Sperm (535).bmp,0,train
smids/Abnormal_Sperm/Abnormal_Sperm (54).bmp,0,train
smids/Abnormal_Sperm/Abnormal_Sperm (541).bmp,0,train
smids/Abnormal_Sperm/Abnormal_Sperm (542).bmp,0,train
smids/Abnormal_Sperm/Abnormal_Sperm (543).bmp,0,train
smids/Abnormal_Sperm/Abnormal_Sperm (55).bmp,0,train
smids/Abnormal_Sperm/Abnormal_Sperm (550).bmp,0,train
smids/Abnormal_Sperm/Abnormal_Sperm (552).bmp,0,train
smids/Abnormal_Sperm/Abnormal_Sperm (553).bmp,0,train
smids/Abnormal_Sperm/Abnormal_Sperm (554).bmp,0,train
smids/Abnormal_Sperm/Abnormal_Sperm (555).bmp,0,train
smids/Abnormal_Sperm/Abnormal_Sperm (557).bmp,0,train
smids/Abnormal_Sperm/Abnormal_Sperm (558).bmp,0,train
smids/Abnormal_Sperm/Abnormal_Sperm (560).bmp,0,train
smids/Abnormal_Sperm/Abnormal_Sperm (562).bmp,0,train
smids/Abnormal_Sperm/Abnormal_Sperm (563).bmp,0,train
smids/Abnormal_Sperm/Abnormal_Sperm (564).bmp,0,train
smids/Abnormal_Sperm/Abnormal_Sperm (566).bmp,0,train
smids/Abnormal_Sperm/Abnormal_Sperm (568).bmp,0,train
smids/Abnormal_Sperm/Abnormal_Sperm (569).bmp,0,train
smids/Abnormal_Sperm/Abnormal_Sperm (57).bmp,0,train
smids/Abnormal_Sperm/Abnormal_Sperm (574).bmp,0,train
smids/Abnormal_Sperm/Abnormal_Sperm (575).bmp,0,train
smids/Abnormal_Sperm/Abnormal_Sperm (576).bmp,0,train
smids/Abnormal_Sperm/Abnormal_Sperm (577).bmp,0,train
smids/Abnormal_Sperm/Abnormal_Sperm (578).bmp,0,train
smids/Abnormal_Sperm/Abnormal_Sperm (579).bmp,0,train
smids/Abnormal_Sperm/Abnormal_Sperm (58).bmp,0,train
smids/Abnormal_Sperm/Abnormal_Sperm (581).bmp,0,train
smids/Abnormal_Sperm/Abnormal_Sperm (582).bmp,0,train
smids/Abnormal_Sperm/Abnormal_Sperm (583).bmp,0,train
smids/Abnormal_Sperm/Abnormal_Sperm (584).bmp,0,train
smids/Abnormal_Sperm/Abnormal_Sperm (586).bmp,0,train
smids/Abnormal_Sperm/Abnormal_Sperm (587).bmp,0,train
smids/Abnormal_Sperm/Abnormal_Sperm (589).bmp,0,train
smids/Abnormal_Sperm/Abnormal_Sperm (59).bmp,0,train
smids/Abnormal_Sperm/Abnormal_Sperm (591).bmp,0,train
smids/Abnormal_Sperm/Abnormal_Sperm (592).bmp,0,train
smids/Abnormal_Sperm/Abnormal_Sperm (593).bmp,0,train
smids/Abnormal_Sperm/Abnormal_Sperm (594).bmp,0,train
smids/Abnormal_Sperm/Abnormal_Sperm (595).bmp,0,train
smids/Abnormal_Sperm/Abnormal_Sperm (597).bmp,0,train
smids/Abnormal_Sperm/Abnormal_Sperm (598).bmp,0,train
smids/Abnormal_Sperm/Abnormal_Sperm (599).bmp,0,train
smids/Abnormal_Sperm/Abnormal_Sperm (600).bmp,0,train
smids/Abnormal_Sperm/Abnormal_Sperm (605).bmp,0,train
smids/Abnormal_Sperm/Abnormal_Sperm (606).bmp,0,train
smids/Abnormal_Sperm/Abnormal_Sperm (608).bmp,0,train
smids/Abnormal_Sperm/Abnormal_Sperm (61).bmp,0,train
smids/Abnormal_Sperm/Abnormal_Sperm (611).bmp,0,train
smids/Abnormal_Sperm/Abnormal_Sperm (614).bmp,0,train
smids/Abnormal_Sperm/Abnormal_Sperm (617).bmp,0,train
smids/Abnormal_Sperm/Abnormal_Sperm (622).bmp,0,train
smids/Abnormal_Sperm/Abnormal_Sperm (623).bmp,0,train
smids/Abnormal_Sperm/Abnormal_Sperm (624).bmp,0,train
smids/Abnormal_Sperm/Abnormal_Sperm (625).bmp,0,train
smids/Abnormal_Sperm/Abnormal_Sperm (631).bmp,0,train
smids/Abnormal_Sperm/Abnormal_Sperm (634).bmp,0,train
smids/Abnormal_Sperm/Abnormal_Sperm (635).bmp,0,train
smids/Abnormal_Sperm/Abnormal_Sperm (639).bmp,0,train
smids/Abnormal_Sperm/Abnormal_Sperm (640).bmp,0,train
smids/Abnormal_Sperm/Abnormal_Sperm (641).bmp,0,train
smids/Abnormal_Sperm/Abnormal_Sperm (645).bmp,0,train
smids/Abnormal_Sperm/Abnormal_Sperm (646).bmp,0,train
smids/Abnormal_Sperm/Abnormal_Sperm (647).bmp,0,train
smids/Abnormal_Sperm/Abnormal_Sperm (648).bmp,0,train
smids/Abnormal_Sperm/Abnormal_Sperm (65).bmp,0,train
smids/Abnormal_Sperm/Abnormal_Sperm (650).bmp,0,train
smids/Abnormal_Sperm/Abnormal_Sperm (651).bmp,0,train
smids/Abnormal_Sperm/Abnormal_Sperm (652).bmp,0,train
smids/Abnormal_Sperm/Abnormal_Sperm (653).bmp,0,train
smids/Abnormal_Sperm/Abnormal_Sperm (655).bmp,0,train
smids/Abnormal_Sperm/Abnormal_Sperm (657).bmp,0,train
smids/Abnormal_Sperm/Abnormal_Sperm (658).bmp,0,train
smids/Abnormal_Sperm/Abnormal_Sperm (659).bmp,0,train
smids/Abnormal_Sperm/Abnormal_Sperm (660).bmp,0,train
smids/Abnormal_Sperm/Abnormal_Sperm (661).bmp,0,train
smids/Abnormal_Sperm/Abnormal_Sperm (662).bmp,0,train
smids/Abnormal_Sperm/Abnormal_Sperm (664).bmp,0,train
smids/Abnormal_Sperm/Abnormal_Sperm (665).bmp,0,train
smids/Abnormal_Sperm/Abnormal_Sperm (666).bmp,0,train
smids/Abnormal_Sperm/Abnormal_Sperm (668).bmp,0,train
smids/Abnormal_Sperm/Abnormal_Sperm (670).bmp,0,train
smids/Abnormal_Sperm/Abnormal_Sperm (671).bmp,0,train
smids/Abnormal_Sperm/Abnormal_Sperm (672).bmp,0,train
smids/Abnormal_Sperm/Abnormal_Sperm (674).bmp,0,train
smids/Abnormal_Sperm/Abnormal_Sperm (677).bmp,0,train
smids/Abnormal_Sperm/Abnormal_Sperm (679).bmp,0,train
smids/Abnormal_Sperm/Abnormal_Sperm (68).bmp,0,train
smids/Abnormal_Sperm/Abnormal_Sperm (680).bmp,0,train
smids/Abnormal_Sperm/Abnormal_Sperm (681).bmp,0,train
smids/Abnormal_Sperm/Abnormal_Sperm (684).bmp,0,train
smids/Abnormal_Sperm/Abnormal_Sperm (685).bmp,0,train
smids/Abnormal_Sperm/Abnormal_Sperm (686).bmp,0,train
smids/Abnormal_Sperm/Abnormal_Sperm (687).bmp,0,train
smids/Abnormal_Sperm/Abnormal_Sperm (688).bmp,0,train
smids/Abnormal_Sperm/Abnormal_Sperm (689).bmp,0,train
smids/Abnormal_Sperm/Abnormal_Sperm (698).bmp,0,train
smids/Abnormal_Sperm/Abnormal_Sperm (699).bmp,0,train
smids/Abnormal_Sperm/Abnormal_Sperm (700).bmp,0,train
smids/Abnormal_Sperm/Abnormal_Sperm (705).bmp,0,train
smids/Abnormal_Sperm/Abnormal_Sperm (706).bmp,0,train
smids/Abnormal_Sperm/Abnormal_Sperm (709).bmp,0,train
smids/Abnormal_Sperm/Abnormal_Sperm (71).bmp,0,train
smids/Abnormal_Sperm/Abnormal_Sperm (711).bmp,0,train
smids/Abnormal_Sperm/Abnormal_Sperm (713).bmp,0,train
smids/Abnormal_Sperm/Abnormal_Sperm (714).bmp,0,train
smids/Abnormal_Sperm/Abnormal_Sperm (717).bmp,0,train
smids/Abnormal_Sperm/Abnormal_Sperm (719).bmp,0,train
smids/Abnormal_Sperm/Abnormal_Sperm (720).bmp,0,train
smids/Abnormal_Sperm/Abnormal_Sperm (721).bmp,0,train
smids/Abnormal_Sperm/Abnormal_Sperm (722).bmp,0,train
smids/Abnormal_Sperm/Abnormal_Sperm (723).bmp,0,train
smids/Abnormal_Sperm/Abnormal_Sperm (724).bmp,0,train
smids/Abnormal_Sperm/Abnormal_Sperm (725).bmp,0,train
smids/Abnormal_Sperm/Abnormal_Sperm (728).bmp,0,train
smids/Abnormal_Sperm/Abnormal_Sperm (729).bmp,0,train
smids/Abnormal_Sperm/Abnormal_Sperm (73).bmp,0,train
smids/Abnormal_Sperm/Abnormal_Sperm (730).bmp,0,train
smids/Abnormal_Sperm/Abnormal_Sperm (732).bmp,0,train
smids/Abnormal_Sperm/Abnormal_Sperm (736).bmp,0,train
smids/Abnormal_Sperm/Abnormal_Sperm (74).bmp,0,train
smids/Abnormal_Sperm/Abnormal_Sperm (742).bmp,0,train
smids/Abnormal_Sperm/Abnormal_Sperm (743).bmp,0,train
smids/Abnormal_Sperm/Abnormal_Sperm (746).bmp,0,train
smids/Abnormal_Sperm/Abnormal_Sperm (748).bmp,0,train
smids/Abnormal_Sperm/Abnormal_Sperm (750).bmp,0,train
smids/Abnormal_Sperm/Abnormal_Sperm (751).bmp,0,train
smids/Abnormal_Sperm/Abnormal_Sperm (752).bmp,0,train
smids/Abnormal_Sperm/Abnormal_Sperm (753).bmp,0,train
smids/Abnormal_Sperm/Abnormal_Sperm (754).bmp,0,train
smids/Abnormal_Sperm/Abnormal_Sperm (756).bmp,0,train
smids/Abnormal_Sperm/Abnormal_Sperm (760).bmp,0,train
smids/Abnormal_Sperm/Abnormal_Sperm (761).bmp,0,train
smids/Abnormal_Sperm/Abnormal_Sperm (762).bmp,0,train
smids/Abnormal_Sperm/Abnormal_Sperm (764).bmp,0,train
smids/Abnormal_Sperm/Abnormal_Sperm (765).bmp,0,train
smids/Abnormal_Sperm/Abnormal_Sperm (768).bmp,0,train
smids/Abnormal_Sperm/Abnormal_Sperm (769).bmp,0,train
smids/Abnormal_Sperm/Abnormal_Sperm (770).bmp,0,train
smids/Abnormal_Sperm/Abnormal_Sperm (771).bmp,0,train
smids/Abnormal_Sperm/Abnormal_Sperm (774).bmp,0,train
smids/Abnormal_Sperm/Abnormal_Sperm (775).bmp,0,train
smids/Abnormal_Sperm/Abnormal_Sperm (778).bmp,0,train
smids/Abnormal_Sperm/Abnormal_Sperm (78).bmp,0,train
smids/Abnormal_Sperm/Abnormal_Sperm (780).bmp,0,train
smids/Abnormal_Sperm/Abnormal_Sperm (784).bmp,0,train
smids/Abnormal_Sperm/Abnormal_Sperm (786).bmp,0,train
smids/Abnormal_Sperm/Abnormal_Sperm (787).bmp,0,train
smids/Abnormal_Sperm/Abnormal_Sperm (793).bmp,0,train
smids/Abnormal_Sperm/Abnormal_Sperm (794).bmp,0,train
smids/Abnormal_Sperm/Abnormal_Sperm (795).bmp,0,train
smids/Abnormal_Sperm/Abnormal_Sperm (797).bmp,0,train
smids/Abnormal_Sperm/Abnormal_Sperm (798).bmp,0,train
smids/Abnormal_Sperm/Abnormal_Sperm (799).bmp,0,train
smids/Abnormal_Sperm/Abnormal_Sperm (800).bmp,0,train
smids/Abnormal_Sperm/Abnormal_Sperm (801).bmp,0,train
smids/Abnormal_Sperm/Abnormal_Sperm (805).bmp,0,train
smids/Abnormal_Sperm/Abnormal_Sperm (806).bmp,0,train
smids/Abnormal_Sperm/Abnormal_Sperm (807).bmp,0,train
smids/Abnormal_Sperm/Abnormal_Sperm (809).bmp,0,train
smids/Abnormal_Sperm/Abnormal_Sperm (81).bmp,0,train
smids/Abnormal_Sperm/Abnormal_Sperm (812).bmp,0,train
smids/Abnormal_Sperm/Abnormal_Sperm (813).bmp,0,train
smids/Abnormal_Sperm/Abnormal_Sperm (819).bmp,0,train
smids/Abnormal_Sperm/Abnormal_Sperm (82).bmp,0,train
smids/Abnormal_Sperm/Abnormal_Sperm (820).bmp,0,train
smids/Abnormal_Sperm/Abnormal_Sperm (822).bmp,0,train
smids/Abnormal_Sperm/Abnormal_Sperm (824).bmp,0,train
smids/Abnormal_Sperm/Abnormal_Sperm (828).bmp,0,train
smids/Abnormal_Sperm/Abnormal_Sperm (83).bmp,0,train
smids/Abnormal_Sperm/Abnormal_Sperm (832).bmp,0,train
smids/Abnormal_Sperm/Abnormal_Sperm (833).bmp,0,train
smids/Abnormal_Sperm/Abnormal_Sperm (835).bmp,0,train
smids/Abnormal_Sperm/Abnormal_Sperm (836).bmp,0,train
smids/Abnormal_Sperm/Abnormal_Sperm (841).bmp,0,train
smids/Abnormal_Sperm/Abnormal_Sperm (842).bmp,0,train
smids/Abnormal_Sperm/Abnormal_Sperm (843).bmp,0,train
smids/Abnormal_Sperm/Abnormal_Sperm (844).bmp,0,train
smids/Abnormal_Sperm/Abnormal_Sperm (845).bmp,0,train
smids/Abnormal_Sperm/Abnormal_Sperm (846).bmp,0,train
smids/Abnormal_Sperm/Abnormal_Sperm (848).bmp,0,train
smids/Abnormal_Sperm/Abnormal_Sperm (849).bmp,0,train
smids/Abnormal_Sperm/Abnormal_Sperm (850).bmp,0,train
smids/Abnormal_Sperm/Abnormal_Sperm (851).bmp,0,train
smids/Abnormal_Sperm/Abnormal_Sperm (854).bmp,0,train
smids/Abnormal_Sperm/Abnormal_Sperm (856).bmp,0,train
smids/Abnormal_Sperm/Abnormal_Sperm (858).bmp,0,train
smids/Abnormal_Sperm/Abnormal_Sperm (86).bmp,0,train
smids/Abnormal_Sperm/Abnormal_Sperm (860).bmp,0,train
smids/Abnormal_Sperm/Abnormal_Sperm (861).bmp,0,train
smids/Abnormal_Sperm/Abnormal_Sperm (863).bmp,0,train
smids/Abnormal_Sperm/Abnormal_Sperm (864).bmp,0,train
smids/Abnormal_Sperm/Abnormal_Sperm (865).bmp,0,train
smids/Abnormal_Sperm/Abnormal_Sperm (866).bmp,0,train
smids/Abnormal_Sperm/Abnormal_Sperm (867).bmp,0,train
smids/Abnormal_Sperm/Abnormal_Sperm (868).bmp,0,train
smids/Abnormal_Sperm/Abnormal_Sperm (869).bmp,0,train
smids/Abnormal_Sperm/Abnormal_Sperm (87).bmp,0,train
smids/Abnormal_Sperm/Abnormal_Sperm (873).bmp,0,train
smids/Abnormal_Sperm/Abnormal_Sperm (874).bmp,0,train
smids/Abnormal_Sperm/Abnormal_Sperm (875).bmp,0,train
smids/Abnormal_Sperm/Abnormal_Sperm (878).bmp,0,train
smids/Abnormal_Sperm/Abnormal_Sperm (879).bmp,0,train
smids/Abnormal_Sperm/Abnormal_Sperm (880).bmp,0,train
smids/Abnormal_Sperm/Abnormal_Sperm (883).bmp,0,train
smids/Abnormal_Sperm/Abnormal_Sperm (885).bmp,0,train
smids/Abnormal_Sperm/Abnormal_Sperm (886).bmp,0,train
smids/Abnormal_Sperm/Abnormal_Sperm (888).bmp,0,train
smids/Abnormal_Sperm/Abnormal_Sperm (889).bmp,0,train
smids/Abnormal_Sperm/Abnormal_Sperm (89).bmp,0,train
smids/Abnormal_Sperm/Abnormal_Sperm (891).bmp,0,train
smids/Abnormal_Sperm/Abnormal_Sperm (892).bmp,0,train
smids/Abnormal_Sperm/Abnormal_Sperm (894).bmp,0,train
smids/Abnormal_Sperm/Abnormal_Sperm (898).bmp,0,train
smids/Abnormal_Sperm/Abnormal_Sperm (900).bmp,0,train
smids/Abnormal_Sperm/Abnormal_Sperm (903).bmp,0,train
smids/Abnormal_Sperm/Abnormal_Sperm (905).bmp,0,train
smids/Abnormal_Sperm/Abnormal_Sperm (906).bmp,0,train
smids/Abnormal_Sperm/Abnormal_Sperm (907).bmp,0,train
smids/Abnormal_Sperm/Abnormal_Sperm (908).bmp,0,train
smids/Abnormal_Sperm/Abnormal_Sperm (91).bmp,0,train
smids/Abnormal_Sperm/Abnormal_Sperm (910).bmp,0,train
smids/Abnormal_Sperm/Abnormal_Sperm (911).bmp,0,train
smids/Abnormal_Sperm/Abnormal_Sperm (912).bmp,0,train
smids/Abnormal_Sperm/Abnormal_Sperm (913).bmp,0,train
smids/Abnormal_Sperm/Abnormal_Sperm (921).bmp,0,train
smids/Abnormal_Sperm/Abnormal_Sperm (924).bmp,0,train
smids/Abnormal_Sperm/Abnormal_Sperm (925).bmp,0,train
smids/Abnormal_Sperm/Abnormal_Sperm (926).bmp,0,train
smids/Abnormal_Sperm/Abnormal_Sperm (929).bmp,0,train
smids/Abnormal_Sperm/Abnormal_Sperm (930).bmp,0,train
smids/Abnormal_Sperm/Abnormal_Sperm (934).bmp,0,train
smids/Abnormal_Sperm/Abnormal_Sperm (938).bmp,0,train
smids/Abnormal_Sperm/Abnormal_Sperm (939).bmp,0,train
smids/Abnormal_Sperm/Abnormal_Sperm (94).bmp,0,train
smids/Abnormal_Sperm/Abnormal_Sperm (943).bmp,0,train
smids/Abnormal_Sperm/Abnormal_Sperm (944).bmp,0,train
smids/Abnormal_Sperm/Abnormal_Sperm (946).bmp,0,train
smids/Abnormal_Sperm/Abnormal_Sperm (949).bmp,0,train
smids/Abnormal_Sperm/Abnormal_Sperm (953).bmp,0,train
smids/Abnormal_Sperm/Abnormal_Sperm (954).bmp,0,train
smids/Abnormal_Sperm/Abnormal_Sperm (955).bmp,0,train
smids/Abnormal_Sperm/Abnormal_Sperm (956).bmp,0,train
smids/Abnormal_Sperm/Abnormal_Sperm (957).bmp,0,train
smids/Abnormal_Sperm/Abnormal_Sperm (958).bmp,0,train
smids/Abnormal_Sperm/Abnormal_Sperm (959).bmp,0,train
smids/Abnormal_Sperm/Abnormal_Sperm (96).bmp,0,train
smids/Abnormal_Sperm/Abnormal_Sperm (960).bmp,0,train
smids/Abnormal_Sperm/Abnormal_Sperm (961).bmp,0,train
smids/Abnormal_Sperm/Abnormal_Sperm (963).bmp,0,train
smids/Abnormal_Sperm/Abnormal_Sperm (964).bmp,0,train
smids/Abnormal_Sperm/Abnormal_Sperm (965).bmp,0,train
smids/Abnormal_Sperm/Abnormal_Sperm (967).bmp,0,train
smids/Abnormal_Sperm/Abnormal_Sperm (968).bmp,0,train
smids/Abnormal_Sperm/Abnormal_Sperm (971).bmp,0,train
smids/Abnormal_Sperm/Abnormal_Sperm (973).bmp,0,train
smids/Abnormal_Sperm/Abnormal_Sperm (974).bmp,0,train
smids/Abnormal_Sperm/Abnormal_Sperm (976).bmp,0,train
smids/Abnormal_Sperm/Abnormal_Sperm (977).bmp,0,train
smids/Abnormal_Sperm/Abnormal_Sperm (98).bmp,0,train
smids/Abnormal_Sperm/Abnormal_Sperm (982).bmp,0,train
smids/Abnormal_Sperm/Abnormal_Sperm (983).bmp,0,train
smids/Abnormal_Sperm/Abnormal_Sperm (986).bmp,0,train
smids/Abnormal_Sperm/Abnormal_Sperm (991).bmp,0,train
smids/Abnormal_Sperm/Abnormal_Sperm (994).bmp,0,train
smids/Abnormal_Sperm/Abnormal_Sperm (995).bmp,0,train
smids/Abnormal_Sperm/Abnormal_Sperm (996).bmp,0,train
smids/Abnormal_Sperm/Abnormal_Sperm (999).bmp,0,train
smids/Non-Sperm/Non-Sperm (1).bmp,0,train
smids/Non-Sperm/Non-Sperm (10).bmp,0,train
smids/Non-Sperm/Non-Sperm (100).bmp,0,train
smids/Non-Sperm/Non-Sperm (102).bmp,0,train
smids/Non-Sperm/Non-Sperm (103).bmp,0,train
smids/Non-Sperm/Non-Sperm (104).bmp,0,train
smids/Non-Sperm/Non-Sperm (105).bmp,0,train
smids/Non-Sperm/Non-Sperm (108).bmp,0,train
smids/Non-Sperm/Non-Sperm (109).bmp,0,train
smids/Non-Sperm/Non-Sperm (11).bmp,0,train
smids/Non-Sperm/Non-Sperm (114).bmp,0,train
smids/Non-Sperm/Non-Sperm (116).bmp,0,train
smids/Non-Sperm/Non-Sperm (117).bmp,0,train
smids/Non-Sperm/Non-Sperm (123).bmp,0,train
smids/Non-Sperm/Non-Sperm (124).bmp,0,train
smids/Non-Sperm/Non-Sperm (126).bmp,0,train
smids/Non-Sperm/Non-Sperm (129).bmp,0,train
smids/Non-Sperm/Non-Sperm (133).bmp,0,train
smids/Non-Sperm/Non-Sperm (136).bmp,0,train
smids/Non-Sperm/Non-Sperm (137).bmp,0,train
smids/Non-Sperm/Non-Sperm (140).bmp,0,train
smids/Non-Sperm/Non-Sperm (141).bmp,0,train
smids/Non-Sperm/Non-Sperm (147).bmp,0,train
smids/Non-Sperm/Non-Sperm (148).bmp,0,train
smids/Non-Sperm/Non-Sperm (149).bmp,0,train
smids/Non-Sperm/Non-Sperm (150).bmp,0,train
smids/Non-Sperm/Non-Sperm (152).bmp,0,train
smids/Non-Sperm/Non-Sperm (154).bmp,0,train
smids/Non-Sperm/Non-Sperm (156).bmp,0,train
smids/Non-Sperm/Non-Sperm (157).bmp,0,train
smids/Non-Sperm/Non-Sperm (16).bmp,0,train
smids/Non-Sperm/Non-Sperm (162).bmp,0,train
smids/Non-Sperm/Non-Sperm (164).bmp,0,train
smids/Non-Sperm/Non-Sperm (166).bmp,0,train
smids/Non-Sperm/Non-Sperm (167).bmp,0,train
smids/Non-Sperm/Non-Sperm (168).bmp,0,train
smids/Non-Sperm/Non-Sperm (169).bmp,0,train
smids/Non-Sperm/Non-Sperm (171).bmp,0,train
smids/Non-Sperm/Non-Sperm (173).bmp,0,train
smids/Non-Sperm/Non-Sperm (174).bmp,0,train
smids/Non-Sperm/Non-Sperm (175).bmp,0,train
smids/Non-Sperm/Non-Sperm (177).bmp,0,train
smids/Non-Sperm/Non-Sperm (179).bmp,0,train
smids/Non-Sperm/Non-Sperm (18).bmp,0,train
smids/Non-Sperm/Non-Sperm (180).bmp,0,train
smids/Non-Sperm/Non-Sperm (182).bmp,0,train
smids/Non-Sperm/Non-Sperm (186).bmp,0,train
smids/Non-Sperm/Non-Sperm (188).bmp,0,train
smids/Non-Sperm/Non-Sperm (19).bmp,0,train
smids/Non-Sperm/Non-Sperm (192).bmp,0,train
smids/Non-Sperm/Non-Sperm (195).bmp,0,train
smids/Non-Sperm/Non-Sperm (196).bmp,0,train
smids/Non-Sperm/Non-Sperm (198).bmp,0,train
smids/Non-Sperm/Non-Sperm (199).bmp,0,train
smids/Non-Sperm/Non-Sperm (2).bmp,0,train
smids/Non-Sperm/Non-Sperm (200).bmp,0,train
smids/Non-Sperm/Non-Sperm (203).bmp,0,train
smids/Non-Sperm/Non-Sperm (205).bmp,0,train
smids/Non-Sperm/Non-Sperm (207).bmp,0,train
smids/Non-Sperm/Non-Sperm (208).bmp,0,train
smids/Non-Sperm/Non-Sperm (209).bmp,0,train
smids/Non-Sperm/Non-Sperm (21).bmp,0,train
smids/Non-Sperm/Non-Sperm (210).bmp,0,train
smids/Non-Sperm/Non-Sperm (212).bmp,0,train
smids/Non-Sperm/Non-Sperm (213).bmp,0,train
smids/Non-Sperm/Non-Sperm (215).bmp,0,train
smids/Non-Sperm/Non-Sperm (216).bmp,0,train
smids/Non-Sperm/Non-Sperm (217).bmp,0,train
smids/Non-Sperm/Non-Sperm (218).bmp,0,train
smids/Non-Sperm/Non-Sperm (22).bmp,0,train
smids/Non-Sperm/Non-Sperm (222).bmp,0,train
smids/Non-Sperm/Non-Sperm (223).bmp,0,train
smids/Non-Sperm/Non-Sperm (224).bmp,0,train
smids/Non-Sperm/Non-Sperm (225).bmp,0,train
smids/Non-Sperm/Non-Sperm (226).bmp,0,train
smids/Non-Sperm/Non-Sperm (233).bmp,0,train
smids/Non-Sperm/Non-Sperm (236).bmp,0,train
smids/Non-Sperm/Non-Sperm (24).bmp,0,train
smids/Non-Sperm/Non-Sperm (241).bmp,0,train
smids/Non-Sperm/Non-Sperm (242).bmp,0,train
smids/Non-Sperm/Non-Sperm (245).bmp,0,train
smids/Non-Sperm/Non-Sperm (246).bmp,0,train
smids/Non-Sperm/Non-Sperm (247).bmp,0,train
smids/Non-Sperm/Non-Sperm (248).bmp,0,train
smids/Non-Sperm/Non-Sperm (252).bmp,0,train
smids/Non-Sperm/Non-Sperm (256).bmp,0,train
smids/Non-Sperm/Non-Sperm (257).bmp,0,train
smids/Non-Sperm/Non-Sperm (260).bmp,0,train
smids/Non-Sperm/Non-Sperm (261).bmp,0,train
smids/Non-Sperm/Non-Sperm (262).bmp,0,train
smids/Non-Sperm/Non-Sperm (263).bmp,0,train
smids/Non-Sperm/Non-Sperm (265).bmp,0,train
smids/Non-Sperm/Non-Sperm (269).bmp,0,train
smids/Non-Sperm/Non-Sperm (27).bmp,0,train
smids/Non-Sperm/Non-Sperm (270).bmp,0,train
smids/Non-Sperm/Non-Sperm (271).bmp,0,train
smids/Non-Sperm/Non-Sperm (272).bmp,0,train
smids/Non-Sperm/Non-Sperm (274).bmp,0,train
smids/Non-Sperm/Non-Sperm (275).bmp,0,train
smids/Non-Sperm/Non-Sperm (276).bmp,0,train
smids/Non-Sperm/Non-Sperm (278).bmp,0,train
smids/Non-Sperm/Non-Sperm (28).bmp,0,train
smids/Non-Sperm/Non-Sperm (282).bmp,0,train
smids/Non-Sperm/Non-Sperm (285).bmp,0,train
smids/Non-Sperm/Non-Sperm (286).bmp,0,train
smids/Non-Sperm/Non-Sperm (290).bmp,0,train
smids/Non-Sperm/Non-Sperm (291).bmp,0,train
smids/Non-Sperm/Non-Sperm (294).bmp,0,train
smids/Non-Sperm/Non-Sperm (296).bmp,0,train
smids/Non-Sperm/Non-Sperm (299).bmp,0,train
smids/Non-Sperm/Non-Sperm (3).bmp,0,train
smids/Non-Sperm/Non-Sperm (30).bmp,0,train
smids/Non-Sperm/Non-Sperm (306).bmp,0,train
smids/Non-Sperm/Non-Sperm (307).bmp,0,train
smids/Non-Sperm/Non-Sperm (31).bmp,0,train
smids/Non-Sperm/Non-Sperm (311).bmp,0,train
smids/Non-Sperm/Non-Sperm (312).bmp,0,train
smids/Non-Sperm/Non-Sperm (314).bmp,0,train
smids/Non-Sperm/Non-Sperm (315).bmp,0,train
smids/Non-Sperm/Non-Sperm (317).bmp,0,train
smids/Non-Sperm/Non-Sperm (32).bmp,0,train
smids/Non-Sperm/Non-Sperm (321).bmp,0,train
smids/Non-Sperm/Non-Sperm (322).bmp,0,train
smids/Non-Sperm/Non-Sperm (324).bmp,0,train
smids/Non-Sperm/Non-Sperm (326).bmp,0,train
smids/Non-Sperm/Non-Sperm (328).bmp,0,train
smids/Non-Sperm/Non-Sperm (329).bmp,0,train
smids/Non-Sperm/Non-Sperm (334).bmp,0,train
smids/Non-Sperm/Non-Sperm (335).bmp,0,train
smids/Non-Sperm/Non-Sperm (336).bmp,0,train
smids/Non-Sperm/Non-Sperm (338).bmp,0,train
smids/Non-Sperm/Non-Sperm (339).bmp,0,train
smids/Non-Sperm/Non-Sperm (34).bmp,0,train
smids/Non-Sperm/Non-Sperm (342).bmp,0,train
smids/Non-Sperm/Non-Sperm (345).bmp,0,train
smids/Non-Sperm/Non-Sperm (346).bmp,0,train
smids/Non-Sperm/Non-Sperm (349).bmp,0,train
smids/Non-Sperm/Non-Sperm (353).bmp,0,train
smids/Non-Sperm/Non-Sperm (354).bmp,0,train
smids/Non-Sperm/Non-Sperm (356).bmp,0,train
smids/Non-Sperm/Non-Sperm (357).bmp,0,train
smids/Non-Sperm/Non-Sperm (36).bmp,0,train
smids/Non-Sperm/Non-Sperm (360).bmp,0,train
smids/Non-Sperm/Non-Sperm (365).bmp,0,train
smids/Non-Sperm/Non-Sperm (367).bmp,0,train
smids/Non-Sperm/Non-Sperm (368).bmp,0,train
smids/Non-Sperm/Non-Sperm (369).bmp,0,train
smids/Non-Sperm/Non-Sperm (370).bmp,0,train
smids/Non-Sperm/Non-Sperm (371).bmp,0,train
smids/Non-Sperm/Non-Sperm (373).bmp,0,train
smids/Non-Sperm/Non-Sperm (376).bmp,0,train
smids/Non-Sperm/Non-Sperm (38).bmp,0,train
smids/Non-Sperm/Non-Sperm (380).bmp,0,train
smids/Non-Sperm/Non-Sperm (381).bmp,0,train
smids/Non-Sperm/Non-Sperm (382).bmp,0,train
smids/Non-Sperm/Non-Sperm (386).bmp,0,train
smids/Non-Sperm/Non-Sperm (387).bmp,0,train
smids/Non-Sperm/Non-Sperm (39).bmp,0,train
smids/Non-Sperm/Non-Sperm (393).bmp,0,train
smids/Non-Sperm/Non-Sperm (394).bmp,0,train
smids/Non-Sperm/Non-Sperm (396).bmp,0,train
smids/Non-Sperm/Non-Sperm (397).bmp,0,train
smids/Non-Sperm/Non-Sperm (399).bmp,0,train
smids/Non-Sperm/Non-Sperm (4).bmp,0,train
smids/Non-Sperm/Non-Sperm (401).bmp,0,train
smids/Non-Sperm/Non-Sperm (403).bmp,0,train
smids/Non-Sperm/Non-Sperm (404).bmp,0,train
smids/Non-Sperm/Non-Sperm (406).bmp,0,train
smids/Non-Sperm/Non-Sperm (408).bmp,0,train
smids/Non-Sperm/Non-Sperm (409).bmp,0,train
smids/Non-Sperm/Non-Sperm (411).bmp,0,train
smids/Non-Sperm/Non-Sperm (412).bmp,0,train
smids/Non-Sperm/Non-Sperm (413).bmp,0,train
smids/Non-Sperm/Non-Sperm (415).bmp,0,train
smids/Non-Sperm/Non-Sperm (416).bmp,0,train
smids/Non-Sperm/Non-Sperm (417).bmp,0,train
smids/Non-Sperm/Non-Sperm (418).bmp,0,train
smids/Non-Sperm/Non-Sperm (419).bmp,0,train
smids/Non-Sperm/Non-Sperm (420).bmp,0,train
smids/Non-Sperm/Non-Sperm (422).bmp,0,train
smids/Non-Sperm/Non-Sperm (424).bmp,0,train
smids/Non-Sperm/Non-Sperm (426).bmp,0,train
smids/Non-Sperm/Non-Sperm (427).bmp,0,train
smids/Non-Sperm/Non-Sperm (429).bmp,0,train
smids/Non-Sperm/Non-Sperm (43).bmp,0,train
smids/Non-Sperm/Non-Sperm (430).bmp,0,train
smids/Non-Sperm/Non-Sperm (434).bmp,0,train
smids/Non-Sperm/Non-Sperm (435).bmp,0,train
smids/Non-Sperm/Non-Sperm (436).bmp,0,train
smids/Non-Sperm/Non-Sperm (438).bmp,0,train
smids/Non-Sperm/Non-Sperm (439).bmp,0,train
smids/Non-Sperm/Non-Sperm (44).bmp,0,train
smids/Non-Sperm/Non-Sperm (440).bmp,0,train
smids/Non-Sperm/Non-Sperm (441).bmp,0,train
smids/Non-Sperm/Non-Sperm (442).bmp,0,train
smids/Non-Sperm/Non-Sperm (443).bmp,0,train
smids/Non-Sperm/Non-Sperm (444).bmp,0,train
smids/Non-Sperm/Non-Sperm (445).bmp,0,train
smids/Non-Sperm/Non-Sperm (447).bmp,0,train
smids/Non-Sperm/Non-Sperm (448).bmp,0,train
smids/Non-Sperm/Non-Sperm (449).bmp,0,train
smids/Non-Sperm/Non-Sperm (45).bmp,0,train
smids/Non-Sperm/Non-Sperm (450).bmp,0,train
smids/Non-Sperm/Non-Sperm (451).bmp,0,train
smids/Non-Sperm/Non-Sperm (452).bmp,0,train
smids/Non-Sperm/Non-Sperm (453).bmp,0,train
smids/Non-Sperm/Non-Sperm (454).bmp,0,train
smids/Non-Sperm/Non-Sperm (455).bmp,0,train
smids/Non-Sperm/Non-Sperm (456).bmp,0,train
smids/Non-Sperm/Non-Sperm (457).bmp,0,train
smids/Non-Sperm/Non-Sperm (458).bmp,0,train
smids/Non-Sperm/Non-Sperm (46).bmp,0,train
smids/Non-Sperm/Non-Sperm (461).bmp,0,train
smids/Non-Sperm/Non-Sperm (466).bmp,0,train
smids/Non-Sperm/Non-Sperm (468).bmp,0,train
smids/Non-Sperm/Non-Sperm (469).bmp,0,train
smids/Non-Sperm/Non-Sperm (470).bmp,0,train
smids/Non-Sperm/Non-Sperm (472).bmp,0,train
smids/Non-Sperm/Non-Sperm (473).bmp,0,train
smids/Non-Sperm/Non-Sperm (476).bmp,0,train
smids/Non-Sperm/Non-Sperm (478).bmp,0,train
smids/Non-Sperm/Non-Sperm (479).bmp,0,train
smids/Non-Sperm/Non-Sperm (481).bmp,0,train
smids/Non-Sperm/Non-Sperm (482).bmp,0,train
smids/Non-Sperm/Non-Sperm (484).bmp,0,train
smids/Non-Sperm/Non-Sperm (485).bmp,0,train
smids/Non-Sperm/Non-Sperm (486).bmp,0,train
smids/Non-Sperm/Non-Sperm (488).bmp,0,train
smids/Non-Sperm/Non-Sperm (49).bmp,0,train
smids/Non-Sperm/Non-Sperm (491).bmp,0,train
smids/Non-Sperm/Non-Sperm (492).bmp,0,train
smids/Non-Sperm/Non-Sperm (494).bmp,0,train
smids/Non-Sperm/Non-Sperm (495).bmp,0,train
smids/Non-Sperm/Non-Sperm (497).bmp,0,train
smids/Non-Sperm/Non-Sperm (498).bmp,0,train
smids/Non-Sperm/Non-Sperm (5).bmp,0,train
smids/Non-Sperm/Non-Sperm (50).bmp,0,train
smids/Non-Sperm/Non-Sperm (503).bmp,0,train
smids/Non-Sperm/Non-Sperm (504).bmp,0,train
smids/Non-Sperm/Non-Sperm (505).bmp,0,train
smids/Non-Sperm/Non-Sperm (506).bmp,0,train
smids/Non-Sperm/Non-Sperm (507).bmp,0,train
smids/Non-Sperm/Non-Sperm (510).bmp,0,train
smids/Non-Sperm/Non-Sperm (511).bmp,0,train
smids/Non-Sperm/Non-Sperm (512).bmp,0,train
smids/Non-Sperm/Non-Sperm (513).bmp,0,train
smids/Non-Sperm/Non-Sperm (514).bmp,0,train
smids/Non-Sperm/Non-Sperm (515).bmp,0,train
smids/Non-Sperm/Non-Sperm (516).bmp,0,train
smids/Non-Sperm/Non-Sperm (517).bmp,0,train
smids/Non-Sperm/Non-Sperm (518).bmp,0,train
smids/Non-Sperm/Non-Sperm (519).bmp,0,train
smids/Non-Sperm/Non-Sperm (520).bmp,0,train
smids/Non-Sperm/Non-Sperm (521).bmp,0,train
smids/Non-Sperm/Non-Sperm (526).bmp,0,train
smids/Non-Sperm/Non-Sperm (527).bmp,0,train
smids/Non-Sperm/Non-Sperm (528).bmp,0,train
smids/Non-Sperm/Non-Sperm (529).bmp,0,train
smids/Non-Sperm/Non-Sperm (530).bmp,0,train
smids/Non-Sperm/Non-Sperm (531).bmp,0,train
smids/Non-Sperm/Non-Sperm (534).bmp,0,train
smids/Non-Sperm/Non-Sperm (537).bmp,0,train
smids/Non-Sperm/Non-Sperm (538).bmp,0,train
smids/Non-Sperm/Non-Sperm (54).bmp,0,train
smids/Non-Sperm/Non-Sperm (541).bmp,0,train
smids/Non-Sperm/Non-Sperm (543).bmp,0,train
smids/Non-Sperm/Non-Sperm (546).bmp,0,train
smids/Non-Sperm/Non-Sperm (549).bmp,0,train
smids/Non-Sperm/Non-Sperm (550).bmp,0,train
smids/Non-Sperm/Non-Sperm (551).bmp,0,train
smids/Non-Sperm/Non-Sperm (552).bmp,0,train
smids/Non-Sperm/Non-Sperm (556).bmp,0,train
smids/Non-Sperm/Non-Sperm (558).bmp,0,train
smids/Non-Sperm/Non-Sperm (559).bmp,0,train
smids/Non-Sperm/Non-Sperm (56).bmp,0,train
smids/Non-Sperm/Non-Sperm (560).bmp,0,train
smids/Non-Sperm/Non-Sperm (561).bmp,0,train
smids/Non-Sperm/Non-Sperm (566).bmp,0,train
smids/Non-Sperm/Non-Sperm (567).bmp,0,train
smids/Non-Sperm/Non-Sperm (568).bmp,0,train
smids/Non-Sperm/Non-Sperm (57).bmp,0,train
smids/Non-Sperm/Non-Sperm (570).bmp,0,train
smids/Non-Sperm/Non-Sperm (572).bmp,0,train
smids/Non-Sperm/Non-Sperm (579).bmp,0,train
smids/Non-Sperm/Non-Sperm (581).bmp,0,train
smids/Non-Sperm/Non-Sperm (582).bmp,0,train
smids/Non-Sperm/Non-Sperm (584).bmp,0,train
smids/Non-Sperm/Non-Sperm (585).bmp,0,train
smids/Non-Sperm/Non-Sperm (586).bmp,0,train
smids/Non-Sperm/Non-Sperm (589).bmp,0,train
smids/Non-Sperm/Non-Sperm (59).bmp,0,train
smids/Non-Sperm/Non-Sperm (591).bmp,0,train
smids/Non-Sperm/Non-Sperm (597).bmp,0,train
smids/Non-Sperm/Non-Sperm (599).bmp,0,train
smids/Non-Sperm/Non-Sperm (6).bmp,0,train
smids/Non-Sperm/Non-Sperm (60).bmp,0,train
smids/Non-Sperm/Non-Sperm (600).bmp,0,train
smids/Non-Sperm/Non-Sperm (601).bmp,0,train
smids/Non-Sperm/Non-Sperm (602).bmp,0,train
smids/Non-Sperm/Non-Sperm (605).bmp,0,train
smids/Non-Sperm/Non-Sperm (608).bmp,0,train
smids/Non-Sperm/Non-Sperm (609).bmp,0,train
smids/Non-Sperm/Non-Sperm (61).bmp,0,train
smids/Non-Sperm/Non-Sperm (610).bmp,0,train
smids/Non-Sperm/Non-Sperm (611).bmp,0,train
smids/Non-Sperm/Non-Sperm (612).bmp,0,train
smids/Non-Sperm/Non-Sperm (616).bmp,0,train
smids/Non-Sperm/Non-Sperm (618).bmp,0,train
smids/Non-Sperm/Non-Sperm (62).bmp,0,train
smids/Non-Sperm/Non-Sperm (621).bmp,0,train
smids/Non-Sperm/Non-Sperm (623).bmp,0,train
smids/Non-Sperm/Non-Sperm (624).bmp,0,train
smids/Non-Sperm/Non-Sperm (625).bmp,0,train
smids/Non-Sperm/Non-Sperm (628).bmp,0,train
smids/Non-Sperm/Non-Sperm (629).bmp,0,train
smids/Non-Sperm/Non-Sperm (63).bmp,0,train
smids/Non-Sperm/Non-Sperm (630).bmp,0,train
smids/Non-Sperm/Non-Sperm (631).bmp,0,train
smids/Non-Sperm/Non-Sperm (633).bmp,0,train
smids/Non-Sperm/Non-Sperm (634).bmp,0,train
smids/Non-Sperm/Non-Sperm (636).bmp,0,train
smids/Non-Sperm/Non-Sperm (637).bmp,0,train
smids/Non-Sperm/Non-Sperm (64).bmp,0,train
smids/Non-Sperm/Non-Sperm (640).bmp,0,train
smids/Non-Sperm/Non-Sperm (642).bmp,0,train
smids/Non-Sperm/Non-Sperm (643).bmp,0,train
smids/Non-Sperm/Non-Sperm (644).bmp,0,train
smids/Non-Sperm/Non-Sperm (645).bmp,0,train
smids/Non-Sperm/Non-Sperm (646).bmp,0,train
smids/Non-Sperm/Non-Sperm (647).bmp,0,train
smids/Non-Sperm/Non-Sperm (649).bmp,0,train
smids/Non-Sperm/Non-Sperm (65).bmp,0,train
smids/Non-Sperm/Non-Sperm (653).bmp,0,train
smids/Non-Sperm/Non-Sperm (654).bmp,0,train
smids/Non-Sperm/Non-Sperm (659).bmp,0,train
smids/Non-Sperm/Non-Sperm (66).bmp,0,train
smids/Non-Sperm/Non-Sperm (662).bmp,0,train
smids/Non-Sperm/Non-Sperm (663).bmp,0,train
smids/Non-Sperm/Non-Sperm (665).bmp,0,train
smids/Non-Sperm/Non-Sperm (666).bmp,0,train
smids/Non-Sperm/Non-Sperm (667).bmp,0,train
smids/Non-Sperm/Non-Sperm (668).bmp,0,train
smids/Non-Sperm/Non-Sperm (669).bmp,0,train
smids/Non-Sperm/Non-Sperm (67).bmp,0,train
smids/Non-Sperm/Non-Sperm (670).bmp,0,train
smids/Non-Sperm/Non-Sperm (671).bmp,0,train
smids/Non-Sperm/Non-Sperm (672).bmp,0,train
smids/Non-Sperm/Non-Sperm (674).bmp,0,train
smids/Non-Sperm/Non-Sperm (675).bmp,0,train
smids/Non-Sperm/Non-Sperm (677).bmp,0,train
smids/Non-Sperm/Non-Sperm (682).bmp,0,train
smids/Non-Sperm/Non-Sperm (684).bmp,0,train
smids/Non-Sperm/Non-Sperm (686).bmp,0,train
smids/Non-Sperm/Non-Sperm (687).bmp,0,train
smids/Non-Sperm/Non-Sperm (689).bmp,0,train
smids/Non-Sperm/Non-Sperm (690).bmp,0,train
smids/Non-Sperm/Non-Sperm (693).bmp,0,train
smids/Non-Sperm/Non-Sperm (694).bmp,0,train
smids/Non-Sperm/Non-Sperm (699).bmp,0,train
smids/Non-Sperm/Non-Sperm (70).bmp,0,train
smids/Non-Sperm/Non-Sperm (702).bmp,0,train
smids/Non-Sperm/Non-Sperm (703).bmp,0,train
smids/Non-Sperm/Non-Sperm (704).bmp,0,train
smids/Non-Sperm/Non-Sperm (706).bmp,0,train
smids/Non-Sperm/Non-Sperm (708).bmp,0,train
smids/Non-Sperm/Non-Sperm (71).bmp,0,train
smids/Non-Sperm/Non-Sperm (710).bmp,0,train
smids/Non-Sperm/Non-Sperm (711).bmp,0,train
smids/Non-Sperm/Non-Sperm (713).bmp,0,train
smids/Non-Sperm/Non-Sperm (717).bmp,0,train
smids/Non-Sperm/Non-Sperm (718).bmp,0,train
smids/Non-Sperm/Non-Sperm (721).bmp,0,train
smids/Non-Sperm/Non-Sperm (724).bmp,0,train
smids/Non-Sperm/Non-Sperm (727).bmp,0,train
smids/Non-Sperm/Non-Sperm (728).bmp,0,train
smids/Non-Sperm/Non-Sperm (732).bmp,0,train
smids/Non-Sperm/Non-Sperm (734).bmp,0,train
smids/Non-Sperm/Non-Sperm (736).bmp,0,train
smids/Non-Sperm/Non-Sperm (737).bmp,0,train
smids/Non-Sperm/Non-Sperm (738).bmp,0,train
smids/Non-Sperm/Non-Sperm (739).bmp,0,train
smids/Non-Sperm/Non-Sperm (740).bmp,0,train
smids/Non-Sperm/Non-Sperm (742).bmp,0,train
smids/Non-Sperm/Non-Sperm (743).bmp,0,train
smids/Non-Sperm/Non-Sperm (744).bmp,0,train
smids/Non-Sperm/Non-Sperm (746).bmp,0,train
smids/Non-Sperm/Non-Sperm (747).bmp,0,train
smids/Non-Sperm/Non-Sperm (748).bmp,0,train
smids/Non-Sperm/Non-Sperm (749).bmp,0,train
smids/Non-Sperm/Non-Sperm (753).bmp,0,train
smids/Non-Sperm/Non-Sperm (757).bmp,0,train
smids/Non-Sperm/Non-Sperm (758).bmp,0,train
smids/Non-Sperm/Non-Sperm (759).bmp,0,train
smids/Non-Sperm/Non-Sperm (76).bmp,0,train
smids/Non-Sperm/Non-Sperm (760).bmp,0,train
smids/Non-Sperm/Non-Sperm (761).bmp,0,train
smids/Non-Sperm/Non-Sperm (766).bmp,0,train
smids/Non-Sperm/Non-Sperm (770).bmp,0,train
smids/Non-Sperm/Non-Sperm (773).bmp,0,train
smids/Non-Sperm/Non-Sperm (774).bmp,0,train
smids/Non-Sperm/Non-Sperm (775).bmp,0,train
smids/Non-Sperm/Non-Sperm (778).bmp,0,train
smids/Non-Sperm/Non-Sperm (780).bmp,0,train
smids/Non-Sperm/Non-Sperm (781).bmp,0,train
smids/Non-Sperm/Non-Sperm (784).bmp,0,train
smids/Non-Sperm/Non-Sperm (785).bmp,0,train
smids/Non-Sperm/Non-Sperm (787).bmp,0,train
smids/Non-Sperm/Non-Sperm (788).bmp,0,train
smids/Non-Sperm/Non-Sperm (790).bmp,0,train
smids/Non-Sperm/Non-Sperm (791).bmp,0,train
smids/Non-Sperm/Non-Sperm (793).bmp,0,train
smids/Non-Sperm/Non-Sperm (794).bmp,0,train
smids/Non-Sperm/Non-Sperm (797).bmp,0,train
smids/Non-Sperm/Non-Sperm (799).bmp,0,train
smids/Non-Sperm/Non-Sperm (8).bmp,0,train
smids/Non-Sperm/Non-Sperm (800).bmp,0,train
smids/Non-Sperm/Non-Sperm (803).bmp,0,train
smids/Non-Sperm/Non-Sperm (804).bmp,0,train
smids/Non-Sperm/Non-Sperm (805).bmp,0,train
smids/Non-Sperm/Non-Sperm (806).bmp,0,train
smids/Non-Sperm/Non-Sperm (807).bmp,0,train
smids/Non-Sperm/Non-Sperm (808).bmp,0,train
smids/Non-Sperm/Non-Sperm (812).bmp,0,train
smids/Non-Sperm/Non-Sperm (814).bmp,0,train
smids/Non-Sperm/Non-Sperm (815).bmp,0,train
smids/Non-Sperm/Non-Sperm (818).bmp,0,train
smids/Non-Sperm/Non-Sperm (82).bmp,0,train
smids/Non-Sperm/Non-Sperm (823).bmp,0,train
smids/Non-Sperm/Non-Sperm (825).bmp,0,train
smids/Non-Sperm/Non-Sperm (826).bmp,0,train
smids/Non-Sperm/Non-Sperm (829).bmp,0,train
smids/Non-Sperm/Non-Sperm (832).bmp,0,train
smids/Non-Sperm/Non-Sperm (839).bmp,0,train
smids/Non-Sperm/Non-Sperm (84).bmp,0,train
smids/Non-Sperm/Non-Sperm (840).bmp,0,train
smids/Non-Sperm/Non-Sperm (842).bmp,0,train
smids/Non-Sperm/Non-Sperm (843).bmp,0,train
smids/Non-Sperm/Non-Sperm (85).bmp,0,train
smids/Non-Sperm/Non-Sperm (850).bmp,0,train
smids/Non-Sperm/Non-Sperm (852).bmp,0,train
smids/Non-Sperm/Non-Sperm (853).bmp,0,train
smids/Non-Sperm/Non-Sperm (854).bmp,0,train
smids/Non-Sperm/Non-Sperm (855).bmp,0,train
smids/Non-Sperm/Non-Sperm (856).bmp,0,train
smids/Non-Sperm/Non-Sperm (858).bmp,0,train
smids/Non-Sperm/Non-Sperm (859).bmp,0,train
smids/Non-Sperm/Non-Sperm (86).bmp,0,train
smids/Non-Sperm/Non-Sperm (867).bmp,0,train
smids/Non-Sperm/Non-Sperm (868).bmp,0,train
smids/Non-Sperm/Non-Sperm (87).bmp,0,train
smids/Non-Sperm/Non-Sperm (870).bmp,0,train
smids/Non-Sperm/Non-Sperm (873).bmp,0,train
smids/Non-Sperm/Non-Sperm (877).bmp,0,train
smids/Non-Sperm/Non-Sperm (878).bmp,0,train
smids/Non-Sperm/Non-Sperm (881).bmp,0,train
smids/Non-Sperm/Non-Sperm (883).bmp,0,train
smids/Non-Sperm/Non-Sperm (884).bmp,0,train
smids/Non-Sperm/Non-Sperm (885).bmp,0,train
smids/Non-Sperm/Non-Sperm (887).bmp,0,train
smids/Non-Sperm/Non-Sperm (889).bmp,0,train
smids/Non-Sperm/Non-Sperm (890).bmp,0,train
smids/Non-Sperm/Non-Sperm (893).bmp,0,train
smids/Non-Sperm/Non-Sperm (894).bmp,0,train
smids/Non-Sperm/Non-Sperm (901).bmp,0,train
smids/Non-Sperm/Non-Sperm (902).bmp,0,train
smids/Non-Sperm/Non-Sperm (904).bmp,0,train
smids/Non-Sperm/Non-Sperm (905).bmp,0,train
smids/Non-Sperm/Non-Sperm (906).bmp,0,train
smids/Non-Sperm/Non-Sperm (907).bmp,0,train
smids/Non-Sperm/Non-Sperm (91).bmp,0,train
smids/Non-Sperm/Non-Sperm (910).bmp,0,train
smids/Non-Sperm/Non-Sperm (913).bmp,0,train
smids/Non-Sperm/Non-Sperm (914).bmp,0,train
smids/Non-Sperm/Non-Sperm (915).bmp,0,train
smids/Non-Sperm/Non-Sperm (916).bmp,0,train
smids/Non-Sperm/Non-Sperm (919).bmp,0,train
smids/Non-Sperm/Non-Sperm (92).bmp,0,train
smids/Non-Sperm/Non-Sperm (921).bmp,0,train
smids/Non-Sperm/Non-Sperm (925).bmp,0,train
smids/Non-Sperm/Non-Sperm (927).bmp,0,train
smids/Non-Sperm/Non-Sperm (929).bmp,0,train
smids/Non-Sperm/Non-Sperm (93).bmp,0,train
smids/Non-Sperm/Non-Sperm (930).bmp,0,train
smids/Non-Sperm/Non-Sperm (931).bmp,0,train
smids/Non-Sperm/Non-Sperm (933).bmp,0,train
smids/Non-Sperm/Non-Sperm (935).bmp,0,train
smids/Non-Sperm/Non-Sperm (938).bmp,0,train
smids/Non-Sperm/Non-Sperm (939).bmp,0,train
smids/Non-Sperm/Non-Sperm (94).bmp,0,train
smids/Non-Sperm/Non-Sperm (940).bmp,0,train
smids/Non-Sperm/Non-Sperm (942).bmp,0,train
smids/Non-Sperm/Non-Sperm (944).bmp,0,train
smids/Non-Sperm/Non-Sperm (946).bmp,0,train
smids/Non-Sperm/Non-Sperm (949).bmp,0,train
smids/Non-Sperm/Non-Sperm (95).bmp,0,train
smids/Non-Sperm/Non-Sperm (954).bmp,0,train
smids/Non-Sperm/Non-Sperm (955).bmp,0,train
smids/Non-Sperm/Non-Sperm (957).bmp,0,train
smids/Non-Sperm/Non-Sperm (96).bmp,0,train
smids/Non-Sperm/Non-Sperm (963).bmp,0,train
smids/Non-Sperm/Non-Sperm (964).bmp,0,train
smids/Non-Sperm/Non-Sperm (965).bmp,0,train
smids/Non-Sperm/Non-Sperm (967).bmp,0,train
smids/Non-Sperm/Non-Sperm (973).bmp,0,train
smids/Non-Sperm/Non-Sperm (974).bmp,0,train
smids/Non-Sperm/Non-Sperm (98).bmp,0,train
smids/Normal_Sperm/Normal_Sperm (1000).bmp,0,train
smids/Normal_Sperm/Normal_Sperm (1003).bmp,0,train
smids/Normal_Sperm/Normal_Sperm (1006).bmp,0,train
smids/Normal_Sperm/Normal_Sperm (1008).bmp,0,train
smids/Normal_Sperm/Normal_Sperm (1009).bmp,0,train
smids/Normal_Sperm/Normal_Sperm (1010).bmp,0,train
smids/Normal_Sperm/Normal_Sperm (1013).bmp,0,train
smids/Normal_Sperm/Normal_Sperm (1017).bmp,0,train
smids/Normal_Sperm/Normal_Sperm (1018).bmp,0,train
smids/Normal_Sperm/Normal_Sperm (102).bmp,0,train
smids/Normal_Sperm/Normal_Sperm (103).bmp,0,train
smids/Normal_Sperm/Normal_Sperm (104).bmp,0,train
smids/Normal_Sperm/Normal_Sperm (105).bmp,0,train
smids/Normal_Sperm/Normal_Sperm (106).bmp,0,train
smids/Normal_Sperm/Normal_Sperm (107).bmp,0,train
smids/Normal_Sperm/Normal_Sperm (109).bmp,0,train
smids/Normal_Sperm/Normal_Sperm (11).bmp,0,train
smids/Normal_Sperm/Normal_Sperm (113).bmp,0,train
smids/Normal_Sperm/Normal_Sperm (118).bmp,0,train
smids/Normal_Sperm/Normal_Sperm (119).bmp,0,train
smids/Normal_Sperm/Normal_Sperm (120).bmp,0,train
smids/Normal_Sperm/Normal_Sperm (123).bmp,0,train
smids/Normal_Sperm/Normal_Sperm (126).bmp,0,train
smids/Normal_Sperm/Normal_Sperm (128).bmp,0,train
smids/Normal_Sperm/Normal_Sperm (129).bmp,0,train
smids/Normal_Sperm/Normal_Sperm (13).bmp,0,train
smids/Normal_Sperm/Normal_Sperm (130).bmp,0,train
smids/Normal_Sperm/Normal_Sperm (137).bmp,0,train
smids/Normal_Sperm/Normal_Sperm (144).bmp,0,train
smids/Normal_Sperm/Normal_Sperm (146).bmp,0,train
smids/Normal_Sperm/Normal_Sperm (148).bmp,0,train
smids/Normal_Sperm/Normal_Sperm (149).bmp,0,train
smids/Normal_Sperm/Normal_Sperm (15).bmp,0,train
smids/Normal_Sperm/Normal_Sperm (150).bmp,0,train
smids/Normal_Sperm/Normal_Sperm (151).bmp,0,train
smids/Normal_Sperm/Normal_Sperm (153).bmp,0,train
smids/Normal_Sperm/Normal_Sperm (154).bmp,0,train
smids/Normal_Sperm/Normal_Sperm (155).bmp,0,train
smids/Normal_Sperm/Normal_Sperm (156).bmp,0,train
smids/Normal_Sperm/Normal_Sperm (157).bmp,0,train
smids/Normal_Sperm/Normal_Sperm (158).bmp,0,train
smids/Normal_Sperm/Normal_Sperm (160).bmp,0,train
smids/Normal_Sperm/Normal_Sperm (161).bmp,0,train
smids/Normal_Sperm/Normal_Sperm (164).bmp,0,train
smids/Normal_Sperm/Normal_Sperm (165).bmp,0,train
smids/Normal_Sperm/Normal_Sperm (166).bmp,0,train
smids/Normal_Sperm/Normal_Sperm (167).bmp,0,train
smids/Normal_Sperm/Normal_Sperm (17).bmp,0,train
smids/Normal_Sperm/Normal_Sperm (173).bmp,0,train
smids/Normal_Sperm/Normal_Sperm (175).bmp,0,train
smids/Normal_Sperm/Normal_Sperm (177).bmp,0,train
smids/Normal_Sperm/Normal_Sperm (179).bmp,0,train
smids/Normal_Sperm/Normal_Sperm (18).bmp,0,train
smids/Normal_Sperm/Normal_Sperm (180).bmp,0,train
smids/Normal_Sperm/Normal_Sperm (181).bmp,0,train
smids/Normal_Sperm/Normal_Sperm (186).bmp,0,train
smids/Normal_Sperm/Normal_Sperm (187).bmp,0,train
smids/Normal_Sperm/Normal_Sperm (188).bmp,0,train
smids/Normal_Sperm/Normal_Sperm (19).bmp,0,train
smids/Normal_Sperm/Normal_Sperm (190).bmp,0,train
smids/Normal_Sperm/Normal_Sperm (191).bmp,0,train
smids/Normal_Sperm/Normal_Sperm (192).bmp,0,train
smids/Normal_Sperm/Normal_Sperm (196).bmp,0,train
smids/Normal_Sperm/Normal_Sperm (198).bmp,0,train
smids/Normal_Sperm/Normal_Sperm (199).bmp,0,train
smids/Normal_Sperm/Normal_Sperm (20).bmp,0,train
smids/Normal_Sperm/Normal_Sperm (201).bmp,0,train
smids/Normal_Sperm/Normal_Sperm (202).bmp,0,train
smids/Normal_Sperm/Normal_Sperm (203).bmp,0,train
smids/Normal_Sperm/Normal_Sperm (204).bmp,0,train
smids/Normal_Sperm/Normal_Sperm (205).bmp,0,train
smids/Normal_Sperm/Normal_Sperm (206).bmp,0,train
smids/Normal_Sperm/Normal_Sperm (208).bmp,0,train
smids/Normal_Sperm/Normal_Sperm (21).bmp,0,train
smids/Normal_Sperm/Normal_Sperm (210).bmp,0,train
smids/Normal_Sperm/Normal_Sperm (213).bmp,0,train
smids/Normal_Sperm/Normal_Sperm (214).bmp,0,train
smids/Normal_Sperm/Normal_Sperm (215).bmp,0,train
smids/Normal_Sperm/Normal_Sperm (216).bmp,0,train
smids/Normal_Sperm/Normal_Sperm (218).bmp,0,train
smids/Normal_Sperm/Normal_Sperm (222).bmp,0,train
smids/Normal_Sperm/Normal_Sperm (224).bmp,0,train
smids/Normal_Sperm/Normal_Sperm (225).bmp,0,train
smids/Normal_Sperm/Normal_Sperm (226).bmp,0,train
smids/Normal_Sperm/Normal_Sperm (228).bmp,0,train
smids/Normal_Sperm/Normal_Sperm (229).bmp,0,train
smids/Normal_Sperm/Normal_Sperm (235).bmp,0,train
smids/Normal_Sperm/Normal_Sperm (239).bmp,0,train
smids/Normal_Sperm/Normal_Sperm (241).bmp,0,train
smids/Normal_Sperm/Normal_Sperm (242).bmp,0,train
smids/Normal_Sperm/Normal_Sperm (243).bmp,0,train
smids/Normal_Sperm/Normal_Sperm (244).bmp,0,train
smids/Normal_Sperm/Normal_Sperm (246).bmp,0,train
smids/Normal_Sperm/Normal_Sperm (248).bmp,0,train
smids/Normal_Sperm/Normal_Sperm (25).bmp,0,train
smids/Normal_Sperm/Normal_Sperm (250).bmp,0,train
smids/Normal_Sperm/Normal_Sperm (251).bmp,0,train
smids/Normal_Sperm/Normal_Sperm (252).bmp,0,train
smids/Normal_Sperm/Normal_Sperm (256).bmp,0,train
smids/Normal_Sperm/Normal_Sperm (258).bmp,0,train
smids/Normal_Sperm/Normal_Sperm (259).bmp,0,train
smids/Normal_Sperm/Normal_Sperm (260).bmp,0,train
smids/Normal_Sperm/Normal_Sperm (261).bmp,0,train
smids/Normal_Sperm/Normal_Sperm (262).bmp,0,train
smids/Normal_Sperm/Normal_Sperm (264).bmp,0,train
smids/Normal_Sperm/Normal_Sperm (265).bmp,0,train
smids/Normal_Sperm/Normal_Sperm (266).bmp,0,train
smids/Normal_Sperm/Normal_Sperm (268).bmp,0,train
smids/Normal_Sperm/Normal_Sperm (269).bmp,0,train
smids/Normal_Sperm/Normal_Sperm (27).bmp,0,train
smids/Normal_Sperm/Normal_Sperm (270).bmp,0,train
smids/Normal_Sperm/Normal_Sperm (272).bmp,0,train
smids/Normal_Sperm/Normal_Sperm (275).bmp,0,train
smids/Normal_Sperm/Normal_Sperm (278).bmp,0,train
smids/Normal_Sperm/Normal_Sperm (280).bmp,0,train
smids/Normal_Sperm/Normal_Sperm (281).bmp,0,train
smids/Normal_Sperm/Normal_Sperm (282).bmp,0,train
smids/Normal_Sperm/Normal_Sperm (284).bmp,0,train
smids/Normal_Sperm/Normal_Sperm (288).bmp,0,train
smids/Normal_Sperm/Normal_Sperm (289).bmp,0,train
smids/Normal_Sperm/Normal_Sperm (293).bmp,0,train
smids/Normal_Sperm/Normal_Sperm (294).bmp,0,train
smids/Normal_Sperm/Normal_Sperm (298).bmp,0,train
smids/Normal_Sperm/Normal_Sperm (299).bmp,0,train
smids/Normal_Sperm/Normal_Sperm (30).bmp,0,train
smids/Normal_Sperm/Normal_Sperm (300).bmp,0,train
smids/Normal_Sperm/Normal_Sperm (303).bmp,0,train
smids/Normal_Sperm/Normal_Sperm (305).bmp,0,train
smids/Normal_Sperm/Normal_Sperm (307).bmp,0,train
smids/Normal_Sperm/Normal_Sperm (308).bmp,0,train
smids/Normal_Sperm/Normal_Sperm (311).bmp,0,train
smids/Normal_Sperm/Normal_Sperm (312).bmp,0,train
smids/Normal_Sperm/Normal_Sperm (313).bmp,0,train
smids/Normal_Sperm/Normal_Sperm (314).bmp,0,train
smids/Normal_Sperm/Normal_Sperm (316).bmp,0,train
smids/Normal_Sperm/Normal_Sperm (319).bmp,0,train
smids/Normal_Sperm/Normal_Sperm (322).bmp,0,train
smids/Normal_Sperm/Normal_Sperm (324).bmp,0,train
smids/Normal_Sperm/Normal_Sperm (325).bmp,0,train
smids/Normal_Sperm/Normal_Sperm (327).bmp,0,train
smids/Normal_Sperm/Normal_Sperm (33).bmp,0,train
smids/Normal_Sperm/Normal_Sperm (330).bmp,0,train
smids/Normal_Sperm/Normal_Sperm (331).bmp,0,train
smids/Normal_Sperm/Normal_Sperm (334).bmp,0,train
smids/Normal_Sperm/Normal_Sperm (336).bmp,0,train
smids/Normal_Sperm/Normal_Sperm (337).bmp,0,train
smids/Normal_Sperm/Normal_Sperm (338).bmp,0,train
smids/Normal_Sperm/Normal_Sperm (342).bmp,0,train
smids/Normal_Sperm/Normal_Sperm (344).bmp,0,train
smids/Normal_Sperm/Normal_Sperm (346).bmp,0,train
smids/Normal_Sperm/Normal_Sperm (348).bmp,0,train
smids/Normal_Sperm/Normal_Sperm (349).bmp,0,train
smids/Normal_Sperm/Normal_Sperm (35).bmp,0,train
smids/Normal_Sperm/Normal_Sperm (350).bmp,0,train
smids/Normal_Sperm/Normal_Sperm (355).bmp,0,train
smids/Normal_Sperm/Normal_Sperm (356).bmp,0,train
smids/Normal_Sperm/Normal_Sperm (358).bmp,0,train
smids/Normal_Sperm/Normal_Sperm (359).bmp,0,train
smids/Normal_Sperm/Normal_Sperm (36).bmp,0,train
smids/Normal_Sperm/Normal_Sperm (361).bmp,0,train
smids/Normal_Sperm/Normal_Sperm (362).bmp,0,train
smids/Normal_Sperm/Normal_Sperm (363).bmp,0,train
smids/Normal_Sperm/Normal_Sperm (364).bmp,0,train
smids/Normal_Sperm/Normal_Sperm (367).bmp,0,train
smids/Normal_Sperm/Normal_Sperm (368).bmp,0,train
smids/Normal_Sperm/Normal_Sperm (37).bmp,0,train
smids/Normal_Sperm/Normal_Sperm (370).bmp,0,train
smids/Normal_Sperm/Normal_Sperm (371).bmp,0,train
smids/Normal_Sperm/Normal_Sperm (373).bmp,0,train
smids/Normal_Sperm/Normal_Sperm (374).bmp,0,train
smids/Normal_Sperm/Normal_Sperm (377).bmp,0,train
smids/Normal_Sperm/Normal_Sperm (379).bmp,0,train
smids/Normal_Sperm/Normal_Sperm (38).bmp,0,train
smids/Normal_Sperm/Normal_Sperm (380).bmp,0,train
smids/Normal_Sperm/Normal_Sperm (381).bmp,0,train
smids/Normal_Sperm/Normal_Sperm (382).bmp,0,train
smids/Normal_Sperm/Normal_Sperm (383).bmp,0,train
smids/Normal_Sperm/Normal_Sperm (387).bmp,0,train
smids/Normal_Sperm/Normal_Sperm (388).bmp,0,train
smids/Normal_Sperm/Normal_Sperm (390).bmp,0,train
smids/Normal_Sperm/Normal_Sperm (391).bmp,0,train
smids/Normal_Sperm/Normal_Sperm (392).bmp,0,train
smids/Normal_Sperm/Normal_Sperm (394).bmp,0,train
smids/Normal_Sperm/Normal_Sperm (396).bmp,0,train
smids/Normal_Sperm/Normal_Sperm (398).bmp,0,train
smids/Normal_Sperm/Normal_Sperm (399).bmp,0,train
smids/Normal_Sperm/Normal_Sperm (401).bmp,0,train
smids/Normal_Sperm/Normal_Sperm (405).bmp,0,train
smids/Normal_Sperm/Normal_Sperm (407).bmp,0,train
smids/Normal_Sperm/Normal_Sperm (408).bmp,0,train
smids/Normal_Sperm/Normal_Sperm (409).bmp,0,train
smids/Normal_Sperm/Normal_Sperm (412).bmp,0,train
smids/Normal_Sperm/Normal_Sperm (417).bmp,0,train
smids/Normal_Sperm/Normal_Sperm (418).bmp,0,train
smids/Normal_Sperm/Normal_Sperm (42).bmp,0,train
smids/Normal_Sperm/Normal_Sperm (421).bmp,0,train
smids/Normal_Sperm/Normal_Sperm (422).bmp,0,train
smids/Normal_Sperm/Normal_Sperm (423).bmp,0,train
smids/Normal_Sperm/Normal_Sperm (425).bmp,0,train
smids/Normal_Sperm/Normal_Sperm (426).bmp,0,train
smids/Normal_Sperm/Normal_Sperm (427).bmp,0,train
smids/Normal_Sperm/Normal_Sperm (428).bmp,0,train
smids/Normal_Sperm/Normal_Sperm (429).bmp,0,train
smids/Normal_Sperm/Normal_Sperm (430).bmp,0,train
smids/Normal_Sperm/Normal_Sperm (431).bmp,0,train
smids/Normal_Sperm/Normal_Sperm (433).bmp,0,train
smids/Normal_Sperm/Normal_Sperm (434).bmp,0,train
smids/Normal_Sperm/Normal_Sperm (436).bmp,0,train
smids/Normal_Sperm/Normal_Sperm (437).bmp,0,train
smids/Normal_Sperm/Normal_Sperm (439).bmp,0,train
smids/Normal_Sperm/Normal_Sperm (44).bmp,0,train
smids/Normal_Sperm/Normal_Sperm (440).bmp,0,train
smids/Normal_Sperm/Normal_Sperm (442).bmp,0,train
smids/Normal_Sperm/Normal_Sperm (445).bmp,0,train
smids/Normal_Sperm/Normal_Sperm (446).bmp,0,train
smids/Normal_Sperm/Normal_Sperm (447).bmp,0,train
smids/Normal_Sperm/Normal_Sperm (448).bmp,0,train
smids/Normal_Sperm/Normal_Sperm (45).bmp,0,train
smids/Normal_Sperm/Normal_Sperm (450).bmp,0,train
smids/Normal_Sperm/Normal_Sperm (453).bmp,0,train
smids/Normal_Sperm/Normal_Sperm (454).bmp,0,train
smids/Normal_Sperm/Normal_Sperm (455).bmp,0,train
smids/Normal_Sperm/Normal_Sperm (457).bmp,0,train
smids/Normal_Sperm/Normal_Sperm (458).bmp,0,train
smids/Normal_Sperm/Normal_Sperm (46).bmp,0,train
smids/Normal_Sperm/Normal_Sperm (461).bmp,0,train
smids/Normal_Sperm/Normal_Sperm (463).bmp,0,train
smids/Normal_Sperm/Normal_Sperm (464).bmp,0,train
smids/Normal_Sperm/Normal_Sperm (465).bmp,0,train
smids/Normal_Sperm/Normal_Sperm (468).bmp,0,train
smids/Normal_Sperm/Normal_Sperm (469).bmp,0,train
smids/Normal_Sperm/Normal_Sperm (473).bmp,0,train
smids/Normal_Sperm/Normal_Sperm (474).bmp,0,train
smids/Normal_Sperm/Normal_Sperm (477).bmp,0,train
smids/Normal_Sperm/Normal_Sperm (479).bmp,0,train
smids/Normal_Sperm/Normal_Sperm (48).bmp,0,train
smids/Normal_Sperm/Normal_Sperm (481).bmp,0,train
smids/Normal_Sperm/Normal_Sperm (482).bmp,0,train
smids/Normal_Sperm/Normal_Sperm (483).bmp,0,train
smids/Normal_Sperm/Normal_Sperm (485).bmp,0,train
smids/Normal_Sperm/Normal_Sperm (486).bmp,0,train
smids/Normal_Sperm/Normal_Sperm (487).bmp,0,train
smids/Normal_Sperm/Normal_Sperm (491).bmp,0,train
smids/Normal_Sperm/Normal_Sperm (495).bmp,0,train
smids/Normal_Sperm/Normal_Sperm (497).bmp,0,train
smids/Normal_Sperm/Normal_Sperm (498).bmp,0,train
smids/Normal_Sperm/Normal_Sperm (499).bmp,0,train
smids/Normal_Sperm/Normal_Sperm (500).bmp,0,train
smids/Normal_Sperm/Normal_Sperm (501).bmp,0,train
smids/Normal_Sperm/Normal_Sperm (502).bmp,0,train
smids/Normal_Sperm/Normal_Sperm (503).bmp,0,train
smids/Normal_Sperm/Normal_Sperm (504).bmp,0,train
smids/Normal_Sperm/Normal_Sperm (505).bmp,0,train
smids/Normal_Sperm/Normal_Sperm (506).bmp,0,train
smids/Normal_Sperm/Normal_Sperm (508).bmp,0,train
smids/Normal_Sperm/Normal_Sperm (51).bmp,0,train
smids/Normal_Sperm/Normal_Sperm (512).bmp,0,train
smids/Normal_Sperm/Normal_Sperm (514).bmp,0,train
smids/Normal_Sperm/Normal_Sperm (515).bmp,0,train
smids/Normal_Sperm/Normal_Sperm (516).bmp,0,train
smids/Normal_Sperm/Normal_Sperm (520).bmp,0,train
smids/Normal_Sperm/Normal_Sperm (521).bmp,0,train
smids/Normal_Sperm/Normal_Sperm (523).bmp,0,train
smids/Normal_Sperm/Normal_Sperm (524).bmp,0,train
smids/Normal_Sperm/Normal_Sperm (528).bmp,0,train
smids/Normal_Sperm/Normal_Sperm (53).bmp,0,train
smids/Normal_Sperm/Normal_Sperm (533).bmp,0,train
smids/Normal_Sperm/Normal_Sperm (536).bmp,0,train
smids/Normal_Sperm/Normal_Sperm (54).bmp,0,train
smids/Normal_Sperm/Normal_Sperm (540).bmp,0,train
smids/Normal_Sperm/Normal_Sperm (541).bmp,0,train
smids/Normal_Sperm/Normal_Sperm (543).bmp,0,train
smids/Normal_Sperm/Normal_Sperm (546).bmp,0,train
smids/Normal_Sperm/Normal_Sperm (547).bmp,0,train
smids/Normal_Sperm/Normal_Sperm (551).bmp,0,train
smids/Normal_Sperm/Normal_Sperm (552).bmp,0,train
smids/Normal_Sperm/Normal_Sperm (555).bmp,0,train
smids/Normal_Sperm/Normal_Sperm (556).bmp,0,train
smids/Normal_Sperm/Normal_Sperm (558).bmp,0,train
smids/Normal_Sperm/Normal_Sperm (559).bmp,0,train
smids/Normal_Sperm/Normal_Sperm (562).bmp,0,train
smids/Normal_Sperm/Normal_Sperm (568).bmp,0,train
smids/Normal_Sperm/Normal_Sperm (575).bmp,0,train
smids/Normal_Sperm/Normal_Sperm (578).bmp,0,train
smids/Normal_Sperm/Normal_Sperm (579).bmp,0,train
smids/Normal_Sperm/Normal_Sperm (583).bmp,0,train
smids/Normal_Sperm/Normal_Sperm (586).bmp,0,train
smids/Normal_Sperm/Normal_Sperm (587).bmp,0,train
smids/Normal_Sperm/Normal_Sperm (590).bmp,0,train
smids/Normal_Sperm/Normal_Sperm (592).bmp,0,train
smids/Normal_Sperm/Normal_Sperm (595).bmp,0,train
smids/Normal_Sperm/Normal_Sperm (597).bmp,0,train
smids/Normal_Sperm/Normal_Sperm (598).bmp,0,train
smids/Normal_Sperm/Normal_Sperm (599).bmp,0,train
smids/Normal_Sperm/Normal_Sperm (6).bmp,0,train
smids/Normal_Sperm/Normal_Sperm (60).bmp,0,train
smids/Normal_Sperm/Normal_Sperm (600).bmp,0,train
smids/Normal_Sperm/Normal_Sperm (602).bmp,0,train
smids/Normal_Sperm/Normal_Sperm (603).bmp,0,train
smids/Normal_Sperm/Normal_Sperm (604).bmp,0,train
smids/Normal_Sperm/Normal_Sperm (606).bmp,0,train
smids/Normal_Sperm/Normal_Sperm (610).bmp,0,train
smids/Normal_Sperm/Normal_Sperm (613).bmp,0,train
smids/Normal_Sperm/Normal_Sperm (614).bmp,0,train
smids/Normal_Sperm/Normal_Sperm (615).bmp,0,train
smids/Normal_Sperm/Normal_Sperm (616).bmp,0,train
smids/Normal_Sperm/Normal_Sperm (617).bmp,0,train
smids/Normal_Sperm/Normal_Sperm (618).bmp,0,train
smids/Normal_Sperm/Normal_Sperm (619).bmp,0,train
smids/Normal_Sperm/Normal_Sperm (62).bmp,0,train
smids/Normal_Sperm/Normal_Sperm (620).bmp,0,train
smids/Normal_Sperm/Normal_Sperm (623).bmp,0,train
smids/Normal_Sperm/Normal_Sperm (627).bmp,0,train
smids/Normal_Sperm/Normal_Sperm (628).bmp,0,train
smids/Normal_Sperm/Normal_Sperm (629).bmp,0,train
smids/Normal_Sperm/Normal_Sperm (630).bmp,0,train
smids/Normal_Sperm/Normal_Sperm (631).bmp,0,train
smids/Normal_Sperm/Normal_Sperm (632).bmp,0,train
smids/Normal_Sperm/Normal_Sperm (634).bmp,0,train
smids/Normal_Sperm/Normal_Sperm (64).bmp,0,train
smids/Normal_Sperm/Normal_Sperm (640).bmp,0,train
smids/Normal_Sperm/Normal_Sperm (641).bmp,0,train
smids/Normal_Sperm/Normal_Sperm (642).bmp,0,train
smids/Normal_Sperm/Normal_Sperm (647).bmp,0,train
smids/Normal_Sperm/Normal_Sperm (649).bmp,0,train
smids/Normal_Sperm/Normal_Sperm (650).bmp,0,train
smids/Normal_Sperm/Normal_Sperm (654).bmp,0,train
smids/Normal_Sperm/Normal_Sperm (656).bmp,0,train
smids/Normal_Sperm/Normal_Sperm (659).bmp,0,train
smids/Normal_Sperm/Normal_Sperm (66).bmp,0,train
smids/Normal_Sperm/Normal_Sperm (661).bmp,0,train
smids/Normal_Sperm/Normal_Sperm (664).bmp,0,train
smids/Normal_Sperm/Normal_Sperm (665).bmp,0,train
smids/Normal_Sperm/Normal_Sperm (668).bmp,0,train
smids/Normal_Sperm/Normal_Sperm (669).bmp,0,train
smids/Normal_Sperm/Normal_Sperm (67).bmp,0,train
smids/Normal_Sperm/Normal_Sperm (670).bmp,0,train
smids/Normal_Sperm/Normal_Sperm (671).bmp,0,train
smids/Normal_Sperm/Normal_Sperm (672).bmp,0,train
smids/Normal_Sperm/Normal_Sperm (674).bmp,0,train
smids/Normal_Sperm/Normal_Sperm (675).bmp,0,train
smids/Normal_Sperm/Normal_Sperm (676).bmp,0,train
smids/Normal_Sperm/Normal_Sperm (677).bmp,0,train
smids/Normal_Sperm/Normal_Sperm (678).bmp,0,train
smids/Normal_Sperm/Normal_Sperm (68).bmp,0,train
smids/Normal_Sperm/Normal_Sperm (681).bmp,0,train
smids/Normal_Sperm/Normal_Sperm (682).bmp,0,train
smids/Normal_Sperm/Normal_Sperm (683).bmp,0,train
smids/Normal_Sperm/Normal_Sperm (684).bmp,0,train
smids/Normal_Sperm/Normal_Sperm (687).bmp,0,train
smids/Normal_Sperm/Normal_Sperm (688).bmp,0,train
smids/Normal_Sperm/Normal_Sperm (689).bmp,0,train
smids/Normal_Sperm/Normal_Sperm (69).bmp,0,train
smids/Normal_Sperm/Normal_Sperm (690).bmp,0,train
smids/Normal_Sperm/Normal_Sperm (691).bmp,0,train
smids/Normal_Sperm/Normal_Sperm (693).bmp,0,train
smids/Normal_Sperm/Normal_Sperm (695).bmp,0,train
smids/Normal_Sperm/Normal_Sperm (696).bmp,0,train
smids/Normal_Sperm/Normal_Sperm (697).bmp,0,train
smids/Normal_Sperm/Normal_Sperm (698).bmp,0,train
smids/Normal_Sperm/Normal_Sperm (702).bmp,0,train
smids/Normal_Sperm/Normal_Sperm (703).bmp,0,train
smids/Normal_Sperm/Normal_Sperm (704).bmp,0,train
smids/Normal_Sperm/Normal_Sperm (706).bmp,0,train
smids/Normal_Sperm/Normal_Sperm (707).bmp,0,train
smids/Normal_Sperm/Normal_Sperm (708).bmp,0,train
smids/Normal_Sperm/Normal_Sperm (711).bmp,0,train
smids/Normal_Sperm/Normal_Sperm (712).bmp,0,train
smids/Normal_Sperm/Normal_Sperm (713).bmp,0,train
smids/Normal_Sperm/Normal_Sperm (714).bmp,0,train
smids/Normal_Sperm/Normal_Sperm (716).bmp,0,train
smids/Normal_Sperm/Normal_Sperm (718).bmp,0,train
smids/Normal_Sperm/Normal_Sperm (72).bmp,0,train
smids/Normal_Sperm/Normal_Sperm (723).bmp,0,train
smids/Normal_Sperm/Normal_Sperm (724).bmp,0,train
smids/Normal_Sperm/Normal_Sperm (725).bmp,0,train
smids/Normal_Sperm/Normal_Sperm (726).bmp,0,train
smids/Normal_Sperm/Normal_Sperm (731).bmp,0,train
smids/Normal_Sperm/Normal_Sperm (732).bmp,0,train
smids/Normal_Sperm/Normal_Sperm (733).bmp,0,train
smids/Normal_Sperm/Normal_Sperm (734).bmp,0,train
smids/Normal_Sperm/Normal_Sperm (74).bmp,0,train
smids/Normal_Sperm/Normal_Sperm (742).bmp,0,train
smids/Normal_Sperm/Normal_Sperm (744).bmp,0,train
smids/Normal_Sperm/Normal_Sperm (746).bmp,0,train
smids/Normal_Sperm/Normal_Sperm (747).bmp,0,train
smids/Normal_Sperm/Normal_Sperm (748).bmp,0,train
smids/Normal_Sperm/Normal_Sperm (750).bmp,0,train
smids/Normal_Sperm/Normal_Sperm (754).bmp,0,train
smids/Normal_Sperm/Normal_Sperm (755).bmp,0,train
smids/Normal_Sperm/Normal_Sperm (757).bmp,0,train
smids/Normal_Sperm/Normal_Sperm (758).bmp,0,train
smids/Normal_Sperm/Normal_Sperm (759).bmp,0,train
smids/Normal_Sperm/Normal_Sperm (76).bmp,0,train
smids/Normal_Sperm/Normal_Sperm (760).bmp,0,train
smids/Normal_Sperm/Normal_Sperm (761).bmp,0,train
smids/Normal_Sperm/Normal_Sperm (762).bmp,0,train
smids/Normal_Sperm/Normal_Sperm (765).bmp,0,train
smids/Normal_Sperm/Normal_Sperm (767).bmp,0,train
smids/Normal_Sperm/Normal_Sperm (769).bmp,0,train
smids/Normal_Sperm/Normal_Sperm (77).bmp,0,train
smids/Normal_Sperm/Normal_Sperm (770).bmp,0,train
smids/Normal_Sperm/Normal_Sperm (771).bmp,0,train
smids/Normal_Sperm/Normal_Sperm (772).bmp,0,train
smids/Normal_Sperm/Normal_Sperm (773).bmp,0,train
smids/Normal_Sperm/Normal_Sperm (774).bmp,0,train
smids/Normal_Sperm/Normal_Sperm (775).bmp,0,train
smids/Normal_Sperm/Normal_Sperm (778).bmp,0,train
smids/Normal_Sperm/Normal_Sperm (780).bmp,0,train
smids/Normal_Sperm/Normal_Sperm (783).bmp,0,train
smids/Normal_Sperm/Normal_Sperm (784).bmp,0,train
smids/Normal_Sperm/Normal_Sperm (785).bmp,0,train
smids/Normal_Sperm/Normal_Sperm (79).bmp,0,train
smids/Normal_Sperm/Normal_Sperm (790).bmp,0,train
smids/Normal_Sperm/Normal_Sperm (791).bmp,0,train
smids/Normal_Sperm/Normal_Sperm (792).bmp,0,train
smids/Normal_Sperm/Normal_Sperm (794).bmp,0,train
smids/Normal_Sperm/Normal_Sperm (796).bmp,0,train
smids/Normal_Sperm/Normal_Sperm (797).bmp,0,train
smids/Normal_Sperm/Normal_Sperm (798).bmp,0,train
smids/Normal_Sperm/Normal_Sperm (8).bmp,0,train
smids/Normal_Sperm/Normal_Sperm (800).bmp,0,train
smids/Normal_Sperm/Normal_Sperm (801).bmp,0,train
smids/Normal_Sperm/Normal_Sperm (805).bmp,0,train
smids/Normal_Sperm/Normal_Sperm (807).bmp,0,train
smids/Normal_Sperm/Normal_Sperm (809).bmp,0,train
smids/Normal_Sperm/Normal_Sperm (810).bmp,0,train
smids/Normal_Sperm/Normal_Sperm (811).bmp,0,train
smids/Normal_Sperm/Normal_Sperm (812).bmp,0,train
smids/Normal_Sperm/Normal_Sperm (814).bmp,0,train
smids/Normal_Sperm/Normal_Sperm (815).bmp,0,train
smids/Normal_Sperm/Normal_Sperm (816).bmp,0,train
smids/Normal_Sperm/Normal_Sperm (817).bmp,0,train
smids/Normal_Sperm/Normal_Sperm (818).bmp,0,train
smids/Normal_Sperm/Normal_Sperm (819).bmp,0,train
smids/Normal_Sperm/Normal_Sperm (823).bmp,0,train
smids/Normal_Sperm/Normal_Sperm (824).bmp,0,train
smids/Normal_Sperm/Normal_Sperm (828).bmp,0,train
smids/Normal_Sperm/Normal_Sperm (829).bmp,0,train
smids/Normal_Sperm/Normal_Sperm (833).bmp,0,train
smids/Normal_Sperm/Normal_Sperm (835).bmp,0,train
smids/Normal_Sperm/Normal_Sperm (843).bmp,0,train
smids/Normal_Sperm/Normal_Sperm (845).bmp,0,train
smids/Normal_Sperm/Normal_Sperm (848).bmp,0,train
smids/Normal_Sperm/Normal_Sperm (849).bmp,0,train
smids/Normal_Sperm/Normal_Sperm (852).bmp,0,train
smids/Normal_Sperm/Normal_Sperm (853).bmp,0,train
smids/Normal_Sperm/Normal_Sperm (854).bmp,0,train
smids/Normal_Sperm/Normal_Sperm (856).bmp,0,train
smids/Normal_Sperm/Normal_Sperm (857).bmp,0,train
smids/Normal_Sperm/Normal_Sperm (859).bmp,0,train
smids/Normal_Sperm/Normal_Sperm (860).bmp,0,train
smids/Normal_Sperm/Normal_Sperm (862).bmp,0,train
smids/Normal_Sperm/Normal_Sperm (865).bmp,0,train
smids/Normal_Sperm/Normal_Sperm (866).bmp,0,train
smids/Normal_Sperm/Normal_Sperm (868).bmp,0,train
smids/Normal_Sperm/Normal_Sperm (870).bmp,0,train
smids/Normal_Sperm/Normal_Sperm (872).bmp,0,train
smids/Normal_Sperm/Normal_Sperm (873).bmp,0,train
smids/Normal_Sperm/Normal_Sperm (874).bmp,0,train
smids/Normal_Sperm/Normal_Sperm (875).bmp,0,train
smids/Normal_Sperm/Normal_Sperm (88).bmp,0,train
smids/Normal_Sperm/Normal_Sperm (880).bmp,0,train
smids/Normal_Sperm/Normal_Sperm (883).bmp,0,train
smids/Normal_Sperm/Normal_Sperm (886).bmp,0,train
smids/Normal_Sperm/Normal_Sperm (887).bmp,0,train
smids/Normal_Sperm/Normal_Sperm (889).bmp,0,train
smids/Normal_Sperm/Normal_Sperm (89).bmp,0,train
smids/Normal_Sperm/Normal_Sperm (890).bmp,0,train
smids/Normal_Sperm/Normal_Sperm (892).bmp,0,train
smids/Normal_Sperm/Normal_Sperm (899).bmp,0,train
smids/Normal_Sperm/Normal_Sperm (9).bmp,0,train
smids/Normal_Sperm/Normal_Sperm (902).bmp,0,train
smids/Normal_Sperm/Normal_Sperm (906).bmp,0,train
smids/Normal_Sperm/Normal_Sperm (91).bmp,0,train
smids/Normal_Sperm/Normal_Sperm (911).bmp,0,train
smids/Normal_Sperm/Normal_Sperm (913).bmp,0,train
smids/Normal_Sperm/Normal_Sperm (914).bmp,0,train
smids/Normal_Sperm/Normal_Sperm (915).bmp,0,train
smids/Normal_Sperm/Normal_Sperm (917).bmp,0,train
smids/Normal_Sperm/Normal_Sperm (92).bmp,0,train
smids/Normal_Sperm/Normal_Sperm (920).bmp,0,train
smids/Normal_Sperm/Normal_Sperm (924).bmp,0,train
smids/Normal_Sperm/Normal_Sperm (934).bmp,0,train
smids/Normal_Sperm/Normal_Sperm (935).bmp,0,train
smids/Normal_Sperm/Normal_Sperm (936).bmp,0,train
smids/Normal_Sperm/Normal_Sperm (937).bmp,0,train
smids/Normal_Sperm/Normal_Sperm (938).bmp,0,train
smids/Normal_Sperm/Normal_Sperm (939).bmp,0,train
smids/Normal_Sperm/Normal_Sperm (940).bmp,0,train
smids/Normal_Sperm/Normal_Sperm (943).bmp,0,train
smids/Normal_Sperm/Normal_Sperm (944).bmp,0,train
smids/Normal_Sperm/Normal_Sperm (946).bmp,0,train
smids/Normal_Sperm/Normal_Sperm (947).bmp,0,train
smids/Normal_Sperm/Normal_Sperm (948).bmp,0,train
smids/Normal_Sperm/Normal_Sperm (949).bmp,0,train
smids/Normal_Sperm/Normal_Sperm (95).bmp,0,train
smids/Normal_Sperm/Normal_Sperm (953).bmp,0,train
smids/Normal_Sperm/Normal_Sperm (954).bmp,0,train
smids/Normal_Sperm/Normal_Sperm (955).bmp,0,train
smids/Normal_Sperm/Normal_Sperm (956).bmp,0,train
smids/Normal_Sperm/Normal_Sperm (958).bmp,0,train
smids/Normal_Sperm/Normal_Sperm (959).bmp,0,train
smids/Normal_Sperm/Normal_Sperm (960).bmp,0,train
smids/Normal_Sperm/Normal_Sperm (966).bmp,0,train
smids/Normal_Sperm/Normal_Sperm (967).bmp,0,train
smids/Normal_Sperm/Normal_Sperm (968).bmp,0,train
smids/Normal_Sperm/Normal_Sperm (97).bmp,0,train
smids/Normal_Sperm/Normal_Sperm (970).bmp,0,train
smids/Normal_Sperm/Normal_Sperm (976).bmp,0,train
smids/Normal_Sperm/Normal_Sperm (977).bmp,0,train
smids/Normal_Sperm/Normal_Sperm (981).bmp,0,train
smids/Normal_Sperm/Normal_Sperm (983).bmp,0,train
smids/Normal_Sperm/Normal_Sperm (987).bmp,0,train
smids/Normal_Sperm/Normal_Sperm (988).bmp,0,train
smids/Normal_Sperm/Normal_Sperm (990).bmp,0,train
smids/Normal_Sperm/Normal_Sperm (991).bmp,0,train
smids/Normal_Sperm/Normal_Sperm (993).bmp,0,train
smids/Normal_Sperm/Normal_Sperm (996).bmp,0,train
smids/Normal_Sperm/Normal_Sperm (997).bmp,0,train
smids/Normal_Sperm/Normal_Sperm (998).bmp,0,train
smids/Abnormal_Sperm/Abnormal_Sperm (100).bmp,0,val
smids/Abnormal_Sperm/Abnormal_Sperm (110).bmp,0,val
smids/Abnormal_Sperm/Abnormal_Sperm (12).bmp,0,val
smids/Abnormal_Sperm/Abnormal_Sperm (121).bmp,0,val
smids/Abnormal_Sperm/Abnormal_Sperm (131).bmp,0,val
smids/Abnormal_Sperm/Abnormal_Sperm (146).bmp,0,val
smids/Abnormal_Sperm/Abnormal_Sperm (155).bmp,0,val
smids/Abnormal_Sperm/Abnormal_Sperm (158).bmp,0,val
smids/Abnormal_Sperm/Abnormal_Sperm (160).bmp,0,val
smids/Abnormal_Sperm/Abnormal_Sperm (177).bmp,0,val
smids/Abnormal_Sperm/Abnormal_Sperm (179).bmp,0,val
smids/Abnormal_Sperm/Abnormal_Sperm (182).bmp,0,val
smids/Abnormal_Sperm/Abnormal_Sperm (187).bmp,0,val
smids/Abnormal_Sperm/Abnormal_Sperm (198).bmp,0,val
smids/Abnormal_Sperm/Abnormal_Sperm (205).bmp,0,val
smids/Abnormal_Sperm/Abnormal_Sperm (213).bmp,0,val
smids/Abnormal_Sperm/Abnormal_Sperm (217).bmp,0,val
smids/Abnormal_Sperm/Abnormal_Sperm (262).bmp,0,val
smids/Abnormal_Sperm/Abnormal_Sperm (277).bmp,0,val
smids/Abnormal_Sperm/Abnormal_Sperm (28).bmp,0,val
smids/Abnormal_Sperm/Abnormal_Sperm (282).bmp,0,val
smids/Abnormal_Sperm/Abnormal_Sperm (287).bmp,0,val
smids/Abnormal_Sperm/Abnormal_Sperm (296).bmp,0,val
smids/Abnormal_Sperm/Abnormal_Sperm (301).bmp,0,val
smids/Abnormal_Sperm/Abnormal_Sperm (307).bmp,0,val
smids/Abnormal_Sperm/Abnormal_Sperm (326).bmp,0,val
smids/Abnormal_Sperm/Abnormal_Sperm (33).bmp,0,val
smids/Abnormal_Sperm/Abnormal_Sperm (331).bmp,0,val
smids/Abnormal_Sperm/Abnormal_Sperm (345).bmp,0,val
smids/Abnormal_Sperm/Abnormal_Sperm (349).bmp,0,val
smids/Abnormal_Sperm/Abnormal_Sperm (35).bmp,0,val
smids/Abnormal_Sperm/Abnormal_Sperm (355).bmp,0,val
smids/Abnormal_Sperm/Abnormal_Sperm (359).bmp,0,val
smids/Abnormal_Sperm/Abnormal_Sperm (364).bmp,0,val
smids/Abnormal_Sperm/Abnormal_Sperm (367).bmp,0,val
smids/Abnormal_Sperm/Abnormal_Sperm (386).bmp,0,val
smids/Abnormal_Sperm/Abnormal_Sperm (4).bmp,0,val
smids/Abnormal_Sperm/Abnormal_Sperm (412).bmp,0,val
smids/Abnormal_Sperm/Abnormal_Sperm (418).bmp,0,val
smids/Abnormal_Sperm/Abnormal_Sperm (42).bmp,0,val
smids/Abnormal_Sperm/Abnormal_Sperm (423).bmp,0,val
smids/Abnormal_Sperm/Abnormal_Sperm (432).bmp,0,val
smids/Abnormal_Sperm/Abnormal_Sperm (440).bmp,0,val
smids/Abnormal_Sperm/Abnormal_Sperm (441).bmp,0,val
smids/Abnormal_Sperm/Abnormal_Sperm (444).bmp,0,val
smids/Abnormal_Sperm/Abnormal_Sperm (445).bmp,0,val
smids/Abnormal_Sperm/Abnormal_Sperm (459).bmp,0,val
smids/Abnormal_Sperm/Abnormal_Sperm (465).bmp,0,val
smids/Abnormal_Sperm/Abnormal_Sperm (469).bmp,0,val
smids/Abnormal_Sperm/Abnormal_Sperm (473).bmp,0,val
smids/Abnormal_Sperm/Abnormal_Sperm (48).bmp,0,val
smids/Abnormal_Sperm/Abnormal_Sperm (493).bmp,0,val
smids/Abnormal_Sperm/Abnormal_Sperm (500).bmp,0,val
smids/Abnormal_Sperm/Abnormal_Sperm (501).bmp,0,val
smids/Abnormal_Sperm/Abnormal_Sperm (505).bmp,0,val
smids/Abnormal_Sperm/Abnormal_Sperm (515).bmp,0,val
smids/Abnormal_Sperm/Abnormal_Sperm (526).bmp,0,val
smids/Abnormal_Sperm/Abnormal_Sperm (539).bmp,0,val
smids/Abnormal_Sperm/Abnormal_Sperm (545).bmp,0,val
smids/Abnormal_Sperm/Abnormal_Sperm (549).bmp,0,val
smids/Abnormal_Sperm/Abnormal_Sperm (56).bmp,0,val
smids/Abnormal_Sperm/Abnormal_Sperm (567).bmp,0,val
smids/Abnormal_Sperm/Abnormal_Sperm (612).bmp,0,val
smids/Abnormal_Sperm/Abnormal_Sperm (615).bmp,0,val
smids/Abnormal_Sperm/Abnormal_Sperm (616).bmp,0,val
smids/Abnormal_Sperm/Abnormal_Sperm (618).bmp,0,val
smids/Abnormal_Sperm/Abnormal_Sperm (628).bmp,0,val
smids/Abnormal_Sperm/Abnormal_Sperm (632).bmp,0,val
smids/Abnormal_Sperm/Abnormal_Sperm (638).bmp,0,val
smids/Abnormal_Sperm/Abnormal_Sperm (642).bmp,0,val
smids/Abnormal_Sperm/Abnormal_Sperm (643).bmp,0,val
smids/Abnormal_Sperm/Abnormal_Sperm (644).bmp,0,val
smids/Abnormal_Sperm/Abnormal_Sperm (656).bmp,0,val
smids/Abnormal_Sperm/Abnormal_Sperm (667).bmp,0,val
smids/Abnormal_Sperm/Abnormal_Sperm (690).bmp,0,val
smids/Abnormal_Sperm/Abnormal_Sperm (694).bmp,0,val
smids/Abnormal_Sperm/Abnormal_Sperm (696).bmp,0,val
smids/Abnormal_Sperm/Abnormal_Sperm (70).bmp,0,val
smids/Abnormal_Sperm/Abnormal_Sperm (707).bmp,0,val
smids/Abnormal_Sperm/Abnormal_Sperm (708).bmp,0,val
smids/Abnormal_Sperm/Abnormal_Sperm (716).bmp,0,val
smids/Abnormal_Sperm/Abnormal_Sperm (718).bmp,0,val
smids/Abnormal_Sperm/Abnormal_Sperm (738).bmp,0,val
smids/Abnormal_Sperm/Abnormal_Sperm (747).bmp,0,val
smids/Abnormal_Sperm/Abnormal_Sperm (755).bmp,0,val
smids/Abnormal_Sperm/Abnormal_Sperm (759).bmp,0,val
smids/Abnormal_Sperm/Abnormal_Sperm (76).bmp,0,val
smids/Abnormal_Sperm/Abnormal_Sperm (763).bmp,0,val
smids/Abnormal_Sperm/Abnormal_Sperm (776).bmp,0,val
smids/Abnormal_Sperm/Abnormal_Sperm (785).bmp,0,val
smids/Abnormal_Sperm/Abnormal_Sperm (792).bmp,0,val
smids/Abnormal_Sperm/Abnormal_Sperm (803).bmp,0,val
smids/Abnormal_Sperm/Abnormal_Sperm (804).bmp,0,val
smids/Abnormal_Sperm/Abnormal_Sperm (830).bmp,0,val
smids/Abnormal_Sperm/Abnormal_Sperm (837).bmp,0,val
smids/Abnormal_Sperm/Abnormal_Sperm (840).bmp,0,val
smids/Abnormal_Sperm/Abnormal_Sperm (847).bmp,0,val
smids/Abnormal_Sperm/Abnormal_Sperm (884).bmp,0,val
smids/Abnormal_Sperm/Abnormal_Sperm (896).bmp,0,val
smids/Abnormal_Sperm/Abnormal_Sperm (899).bmp,0,val
smids/Abnormal_Sperm/Abnormal_Sperm (904).bmp,0,val
smids/Abnormal_Sperm/Abnormal_Sperm (919).bmp,0,val
smids/Abnormal_Sperm/Abnormal_Sperm (927).bmp,0,val
smids/Abnormal_Sperm/Abnormal_Sperm (941).bmp,0,val
smids/Abnormal_Sperm/Abnormal_Sperm (945).bmp,0,val
smids/Abnormal_Sperm/Abnormal_Sperm (947).bmp,0,val
smids/Abnormal_Sperm/Abnormal_Sperm (948).bmp,0,val
smids/Abnormal_Sperm/Abnormal_Sperm (951).bmp,0,val
smids/Abnormal_Sperm/Abnormal_Sperm (962).bmp,0,val
smids/Abnormal_Sperm/Abnormal_Sperm (969).bmp,0,val
smids/Abnormal_Sperm/Abnormal_Sperm (97).bmp,0,val
smids/Abnormal_Sperm/Abnormal_Sperm (970).bmp,0,val
smids/Abnormal_Sperm/Abnormal_Sperm (979).bmp,0,val
smids/Abnormal_Sperm/Abnormal_Sperm (980).bmp,0,val
smids/Abnormal_Sperm/Abnormal_Sperm (984).bmp,0,val
smids/Abnormal_Sperm/Abnormal_Sperm (987).bmp,0,val
smids/Abnormal_Sperm/Abnormal_Sperm (989).bmp,0,val
smids/Non-Sperm/Non-Sperm (101).bmp,0,val
smids/Non-Sperm/Non-Sperm (107).bmp,0,val
smids/Non-Sperm/Non-Sperm (110).bmp,0,val
smids/Non-Sperm/Non-Sperm (111).bmp,0,val
smids/Non-Sperm/Non-Sperm (119).bmp,0,val
smids/Non-Sperm/Non-Sperm (121).bmp,0,val
smids/Non-Sperm/Non-Sperm (122).bmp,0,val
smids/Non-Sperm/Non-Sperm (127).bmp,0,val
smids/Non-Sperm/Non-Sperm (134).bmp,0,val
smids/Non-Sperm/Non-Sperm (139).bmp,0,val
smids/Non-Sperm/Non-Sperm (15).bmp,0,val
smids/Non-Sperm/Non-Sperm (151).bmp,0,val
smids/Non-Sperm/Non-Sperm (155).bmp,0,val
smids/Non-Sperm/Non-Sperm (159).bmp,0,val
smids/Non-Sperm/Non-Sperm (165).bmp,0,val
smids/Non-Sperm/Non-Sperm (170).bmp,0,val
smids/Non-Sperm/Non-Sperm (178).bmp,0,val
smids/Non-Sperm/Non-Sperm (201).bmp,0,val
smids/Non-Sperm/Non-Sperm (202).bmp,0,val
smids/Non-Sperm/Non-Sperm (204).bmp,0,val
smids/Non-Sperm/Non-Sperm (206).bmp,0,val
smids/Non-Sperm/Non-Sperm (219).bmp,0,val
smids/Non-Sperm/Non-Sperm (221).bmp,0,val
smids/Non-Sperm/Non-Sperm (227).bmp,0,val
smids/Non-Sperm/Non-Sperm (229).bmp,0,val
smids/Non-Sperm/Non-Sperm (23).bmp,0,val
smids/Non-Sperm/Non-Sperm (230).bmp,0,val
smids/Non-Sperm/Non-Sperm (25).bmp,0,val
smids/Non-Sperm/Non-Sperm (251).bmp,0,val
smids/Non-Sperm/Non-Sperm (268).bmp,0,val
smids/Non-Sperm/Non-Sperm (277).bmp,0,val
smids/Non-Sperm/Non-Sperm (279).bmp,0,val
smids/Non-Sperm/Non-Sperm (284).bmp,0,val
smids/Non-Sperm/Non-Sperm (287).bmp,0,val
smids/Non-Sperm/Non-Sperm (289).bmp,0,val
smids/Non-Sperm/Non-Sperm (292).bmp,0,val
smids/Non-Sperm/Non-Sperm (293).bmp,0,val
smids/Non-Sperm/Non-Sperm (297).bmp,0,val
smids/Non-Sperm/Non-Sperm (303).bmp,0,val
smids/Non-Sperm/Non-Sperm (308).bmp,0,val
smids/Non-Sperm/Non-Sperm (333).bmp,0,val
smids/Non-Sperm/Non-Sperm (372).bmp,0,val
smids/Non-Sperm/Non-Sperm (375).bmp,0,val
smids/Non-Sperm/Non-Sperm (378).bmp,0,val
smids/Non-Sperm/Non-Sperm (379).bmp,0,val
smids/Non-Sperm/Non-Sperm (383).bmp,0,val
smids/Non-Sperm/Non-Sperm (388).bmp,0,val
smids/Non-Sperm/Non-Sperm (395).bmp,0,val
smids/Non-Sperm/Non-Sperm (402).bmp,0,val
smids/Non-Sperm/Non-Sperm (407).bmp,0,val
smids/Non-Sperm/Non-Sperm (410).bmp,0,val
smids/Non-Sperm/Non-Sperm (421).bmp,0,val
smids/Non-Sperm/Non-Sperm (428).bmp,0,val
smids/Non-Sperm/Non-Sperm (433).bmp,0,val
smids/Non-Sperm/Non-Sperm (437).bmp,0,val
smids/Non-Sperm/Non-Sperm (459).bmp,0,val
smids/Non-Sperm/Non-Sperm (48).bmp,0,val
smids/Non-Sperm/Non-Sperm (487).bmp,0,val
smids/Non-Sperm/Non-Sperm (51).bmp,0,val
smids/Non-Sperm/Non-Sperm (52).bmp,0,val
smids/Non-Sperm/Non-Sperm (522).bmp,0,val
smids/Non-Sperm/Non-Sperm (523).bmp,0,val
smids/Non-Sperm/Non-Sperm (525).bmp,0,val
smids/Non-Sperm/Non-Sperm (53).bmp,0,val
smids/Non-Sperm/Non-Sperm (542).bmp,0,val
smids/Non-Sperm/Non-Sperm (545).bmp,0,val
smids/Non-Sperm/Non-Sperm (555).bmp,0,val
smids/Non-Sperm/Non-Sperm (569).bmp,0,val
smids/Non-Sperm/Non-Sperm (573).bmp,0,val
smids/Non-Sperm/Non-Sperm (574).bmp,0,val
smids/Non-Sperm/Non-Sperm (588).bmp,0,val
smids/Non-Sperm/Non-Sperm (593).bmp,0,val
smids/Non-Sperm/Non-Sperm (607).bmp,0,val
smids/Non-Sperm/Non-Sperm (626).bmp,0,val
smids/Non-Sperm/Non-Sperm (635).bmp,0,val
smids/Non-Sperm/Non-Sperm (639).bmp,0,val
smids/Non-Sperm/Non-Sperm (652).bmp,0,val
smids/Non-Sperm/Non-Sperm (657).bmp,0,val
smids/Non-Sperm/Non-Sperm (679).bmp,0,val
smids/Non-Sperm/Non-Sperm (683).bmp,0,val
smids/Non-Sperm/Non-Sperm (695).bmp,0,val
smids/Non-Sperm/Non-Sperm (698).bmp,0,val
smids/Non-Sperm/Non-Sperm (7).bmp,0,val
smids/Non-Sperm/Non-Sperm (707).bmp,0,val
smids/Non-Sperm/Non-Sperm (709).bmp,0,val
smids/Non-Sperm/Non-Sperm (715).bmp,0,val
smids/Non-Sperm/Non-Sperm (722).bmp,0,val
smids/Non-Sperm/Non-Sperm (733).bmp,0,val
smids/Non-Sperm/Non-Sperm (745).bmp,0,val
smids/Non-Sperm/Non-Sperm (75).bmp,0,val
smids/Non-Sperm/Non-Sperm (754).bmp,0,val
smids/Non-Sperm/Non-Sperm (762).bmp,0,val
smids/Non-Sperm/Non-Sperm (779).bmp,0,val
smids/Non-Sperm/Non-Sperm (783).bmp,0,val
smids/Non-Sperm/Non-Sperm (786).bmp,0,val
smids/Non-Sperm/Non-Sperm (796).bmp,0,val
smids/Non-Sperm/Non-Sperm (798).bmp,0,val
smids/Non-Sperm/Non-Sperm (801).bmp,0,val
smids/Non-Sperm/Non-Sperm (809).bmp,0,val
smids/Non-Sperm/Non-Sperm (820).bmp,0,val
smids/Non-Sperm/Non-Sperm (83).bmp,0,val
smids/Non-Sperm/Non-Sperm (833).bmp,0,val
smids/Non-Sperm/Non-Sperm (841).bmp,0,val
smids/Non-Sperm/Non-Sperm (865).bmp,0,val
smids/Non-Sperm/Non-Sperm (874).bmp,0,val
smids/Non-Sperm/Non-Sperm (891).bmp,0,val
smids/Non-Sperm/Non-Sperm (896).bmp,0,val
smids/Non-Sperm/Non-Sperm (898).bmp,0,val
smids/Non-Sperm/Non-Sperm (909).bmp,0,val
smids/Non-Sperm/Non-Sperm (956).bmp,0,val
smids/Non-Sperm/Non-Sperm (958).bmp,0,val
smids/Non-Sperm/Non-Sperm (959).bmp,0,val
smids/Non-Sperm/Non-Sperm (960).bmp,0,val
smids/Non-Sperm/Non-Sperm (968).bmp,0,val
smids/Non-Sperm/Non-Sperm (969).bmp,0,val
smids/Non-Sperm/Non-Sperm (97).bmp,0,val
smids/Non-Sperm/Non-Sperm (99).bmp,0,val
smids/Normal_Sperm/Normal_Sperm (1).bmp,0,val
smids/Normal_Sperm/Normal_Sperm (1004).bmp,0,val
smids/Normal_Sperm/Normal_Sperm (1011).bmp,0,val
smids/Normal_Sperm/Normal_Sperm (1016).bmp,0,val
smids/Normal_Sperm/Normal_Sperm (1019).bmp,0,val
smids/Normal_Sperm/Normal_Sperm (1020).bmp,0,val
smids/Normal_Sperm/Normal_Sperm (115).bmp,0,val
smids/Normal_Sperm/Normal_Sperm (131).bmp,0,val
smids/Normal_Sperm/Normal_Sperm (140).bmp,0,val
smids/Normal_Sperm/Normal_Sperm (147).bmp,0,val
smids/Normal_Sperm/Normal_Sperm (159).bmp,0,val
smids/Normal_Sperm/Normal_Sperm (169).bmp,0,val
smids/Normal_Sperm/Normal_Sperm (170).bmp,0,val
smids/Normal_Sperm/Normal_Sperm (171).bmp,0,val
smids/Normal_Sperm/Normal_Sperm (178).bmp,0,val
smids/Normal_Sperm/Normal_Sperm (185).bmp,0,val
smids/Normal_Sperm/Normal_Sperm (194).bmp,0,val
smids/Normal_Sperm/Normal_Sperm (200).bmp,0,val
smids/Normal_Sperm/Normal_Sperm (223).bmp,0,val
smids/Normal_Sperm/Normal_Sperm (231).bmp,0,val
smids/Normal_Sperm/Normal_Sperm (233).bmp,0,val
smids/Normal_Sperm/Normal_Sperm (254).bmp,0,val
smids/Normal_Sperm/Normal_Sperm (267).bmp,0,val
smids/Normal_Sperm/Normal_Sperm (273).bmp,0,val
smids/Normal_Sperm/Normal_Sperm (283).bmp,0,val
smids/Normal_Sperm/Normal_Sperm (3).bmp,0,val
smids/Normal_Sperm/Normal_Sperm (302).bmp,0,val
smids/Normal_Sperm/Normal_Sperm (309).bmp,0,val
smids/Normal_Sperm/Normal_Sperm (315).bmp,0,val
smids/Normal_Sperm/Normal_Sperm (317).bmp,0,val
smids/Normal_Sperm/Normal_Sperm (326).bmp,0,val
smids/Normal_Sperm/Normal_Sperm (328).bmp,0,val
smids/Normal_Sperm/Normal_Sperm (345).bmp,0,val
smids/Normal_Sperm/Normal_Sperm (354).bmp,0,val
smids/Normal_Sperm/Normal_Sperm (357).bmp,0,val
smids/Normal_Sperm/Normal_Sperm (372).bmp,0,val
smids/Normal_Sperm/Normal_Sperm (375).bmp,0,val
smids/Normal_Sperm/Normal_Sperm (378).bmp,0,val
smids/Normal_Sperm/Normal_Sperm (384).bmp,0,val
smids/Normal_Sperm/Normal_Sperm (389).bmp,0,val
smids/Normal_Sperm/Normal_Sperm (41).bmp,0,val
smids/Normal_Sperm/Normal_Sperm (410).bmp,0,val
smids/Normal_Sperm/Normal_Sperm (416).bmp,0,val
smids/Normal_Sperm/Normal_Sperm (432).bmp,0,val
smids/Normal_Sperm/Normal_Sperm (444).bmp,0,val
smids/Normal_Sperm/Normal_Sperm (449).bmp,0,val
smids/Normal_Sperm/Normal_Sperm (451).bmp,0,val
smids/Normal_Sperm/Normal_Sperm (456).bmp,0,val
smids/Normal_Sperm/Normal_Sperm (460).bmp,0,val
smids/Normal_Sperm/Normal_Sperm (480).bmp,0,val
smids/Normal_Sperm/Normal_Sperm (488).bmp,0,val
smids/Normal_Sperm/Normal_Sperm (49).bmp,0,val
smids/Normal_Sperm/Normal_Sperm (490).bmp,0,val
smids/Normal_Sperm/Normal_Sperm (492).bmp,0,val
smids/Normal_Sperm/Normal_Sperm (5).bmp,0,val
smids/Normal_Sperm/Normal_Sperm (52).bmp,0,val
smids/Normal_Sperm/Normal_Sperm (522).bmp,0,val
smids/Normal_Sperm/Normal_Sperm (525).bmp,0,val
smids/Normal_Sperm/Normal_Sperm (526).bmp,0,val
smids/Normal_Sperm/Normal_Sperm (527).bmp,0,val
smids/Normal_Sperm/Normal_Sperm (530).bmp,0,val
smids/Normal_Sperm/Normal_Sperm (56).bmp,0,val
smids/Normal_Sperm/Normal_Sperm (561).bmp,0,val
smids/Normal_Sperm/Normal_Sperm (565).bmp,0,val
smids/Normal_Sperm/Normal_Sperm (566).bmp,0,val
smids/Normal_Sperm/Normal_Sperm (567).bmp,0,val
smids/Normal_Sperm/Normal_Sperm (569).bmp,0,val
smids/Normal_Sperm/Normal_Sperm (57).bmp,0,val
smids/Normal_Sperm/Normal_Sperm (570).bmp,0,val
smids/Normal_Sperm/Normal_Sperm (572).bmp,0,val
smids/Normal_Sperm/Normal_Sperm (589).bmp,0,val
smids/Normal_Sperm/Normal_Sperm (59).bmp,0,val
smids/Normal_Sperm/Normal_Sperm (609).bmp,0,val
smids/Normal_Sperm/Normal_Sperm (612).bmp,0,val
smids/Normal_Sperm/Normal_Sperm (624).bmp,0,val
smids/Normal_Sperm/Normal_Sperm (63).bmp,0,val
smids/Normal_Sperm/Normal_Sperm (646).bmp,0,val
smids/Normal_Sperm/Normal_Sperm (648).bmp,0,val
smids/Normal_Sperm/Normal_Sperm (65).bmp,0,val
smids/Normal_Sperm/Normal_Sperm (658).bmp,0,val
smids/Normal_Sperm/Normal_Sperm (666).bmp,0,val
smids/Normal_Sperm/Normal_Sperm (673).bmp,0,val
smids/Normal_Sperm/Normal_Sperm (679).bmp,0,val
smids/Normal_Sperm/Normal_Sperm (680).bmp,0,val
smids/Normal_Sperm/Normal_Sperm (692).bmp,0,val
smids/Normal_Sperm/Normal_Sperm (70).bmp,0,val
smids/Normal_Sperm/Normal_Sperm (700).bmp,0,val
smids/Normal_Sperm/Normal_Sperm (705).bmp,0,val
smids/Normal_Sperm/Normal_Sperm (717).bmp,0,val
smids/Normal_Sperm/Normal_Sperm (719).bmp,0,val
smids/Normal_Sperm/Normal_Sperm (722).bmp,0,val
smids/Normal_Sperm/Normal_Sperm (739).bmp,0,val
smids/Normal_Sperm/Normal_Sperm (779).bmp,0,val
smids/Normal_Sperm/Normal_Sperm (782).bmp,0,val
smids/Normal_Sperm/Normal_Sperm (786).bmp,0,val
smids/Normal_Sperm/Normal_Sperm (787).bmp,0,val
smids/Normal_Sperm/Normal_Sperm (793).bmp,0,val
smids/Normal_Sperm/Normal_Sperm (804).bmp,0,val
smids/Normal_Sperm/Normal_Sperm (806).bmp,0,val
smids/Normal_Sperm/Normal_Sperm (808).bmp,0,val
smids/Normal_Sperm/Normal_Sperm (825).bmp,0,val
smids/Normal_Sperm/Normal_Sperm (841).bmp,0,val
smids/Normal_Sperm/Normal_Sperm (855).bmp,0,val
smids/Normal_Sperm/Normal_Sperm (86).bmp,0,val
smids/Normal_Sperm/Normal_Sperm (869).bmp,0,val
smids/Normal_Sperm/Normal_Sperm (882).bmp,0,val
smids/Normal_Sperm/Normal_Sperm (884).bmp,0,val
smids/Normal_Sperm/Normal_Sperm (898).bmp,0,val
smids/Normal_Sperm/Normal_Sperm (901).bmp,0,val
smids/Normal_Sperm/Normal_Sperm (903).bmp,0,val
smids/Normal_Sperm/Normal_Sperm (908).bmp,0,val
smids/Normal_Sperm/Normal_Sperm (912).bmp,0,val
smids/Normal_Sperm/Normal_Sperm (919).bmp,0,val
smids/Normal_Sperm/Normal_Sperm (925).bmp,0,val
smids/Normal_Sperm/Normal_Sperm (928).bmp,0,val
smids/Normal_Sperm/Normal_Sperm (930).bmp,0,val
smids/Normal_Sperm/Normal_Sperm (941).bmp,0,val
smids/Normal_Sperm/Normal_Sperm (96).bmp,0,val
smids/Normal_Sperm/Normal_Sperm (961).bmp,0,val
smids/Normal_Sperm/Normal_Sperm (999).bmp,0,val
smids/Abnormal_Sperm/Abnormal_Sperm (110).bmp,1,calib
smids/Abnormal_Sperm/Abnormal_Sperm (119).bmp,1,calib
smids/Abnormal_Sperm/Abnormal_Sperm (126).bmp,1,calib
smids/Abnormal_Sperm/Abnormal_Sperm (128).bmp,1,calib
smids/Abnormal_Sperm/Abnormal_Sperm (133).bmp,1,calib
smids/Abnormal_Sperm/Abnormal_Sperm (135).bmp,1,calib
smids/Abnormal_Sperm/Abnormal_Sperm (152).bmp,1,calib
smids/Abnormal_Sperm/Abnormal_Sperm (159).bmp,1,calib
smids/Abnormal_Sperm/Abnormal_Sperm (174).bmp,1,calib
smids/Abnormal_Sperm/Abnormal_Sperm (176).bmp,1,calib
smids/Abnormal_Sperm/Abnormal_Sperm (186).bmp,1,calib
smids/Abnormal_Sperm/Abnormal_Sperm (195).bmp,1,calib
smids/Abnormal_Sperm/Abnormal_Sperm (199).bmp,1,calib
smids/Abnormal_Sperm/Abnormal_Sperm (20).bmp,1,calib
smids/Abnormal_Sperm/Abnormal_Sperm (206).bmp,1,calib
smids/Abnormal_Sperm/Abnormal_Sperm (21).bmp,1,calib
smids/Abnormal_Sperm/Abnormal_Sperm (22).bmp,1,calib
smids/Abnormal_Sperm/Abnormal_Sperm (220).bmp,1,calib
smids/Abnormal_Sperm/Abnormal_Sperm (227).bmp,1,calib
smids/Abnormal_Sperm/Abnormal_Sperm (238).bmp,1,calib
smids/Abnormal_Sperm/Abnormal_Sperm (240).bmp,1,calib
smids/Abnormal_Sperm/Abnormal_Sperm (241).bmp,1,calib
smids/Abnormal_Sperm/Abnormal_Sperm (268).bmp,1,calib
smids/Abnormal_Sperm/Abnormal_Sperm (286).bmp,1,calib
smids/Abnormal_Sperm/Abnormal_Sperm (289).bmp,1,calib
smids/Abnormal_Sperm/Abnormal_Sperm (291).bmp,1,calib
smids/Abnormal_Sperm/Abnormal_Sperm (3).bmp,1,calib
smids/Abnormal_Sperm/Abnormal_Sperm (310).bmp,1,calib
smids/Abnormal_Sperm/Abnormal_Sperm (314).bmp,1,calib
smids/Abnormal_Sperm/Abnormal_Sperm (332).bmp,1,calib
smids/Abnormal_Sperm/Abnormal_Sperm (334).bmp,1,calib
smids/Abnormal_Sperm/Abnormal_Sperm (339).bmp,1,calib
smids/Abnormal_Sperm/Abnormal_Sperm (345).bmp,1,calib
smids/Abnormal_Sperm/Abnormal_Sperm (346).bmp,1,calib
smids/Abnormal_Sperm/Abnormal_Sperm (355).bmp,1,calib
smids/Abnormal_Sperm/Abnormal_Sperm (357).bmp,1,calib
smids/Abnormal_Sperm/Abnormal_Sperm (361).bmp,1,calib
smids/Abnormal_Sperm/Abnormal_Sperm (369).bmp,1,calib
smids/Abnormal_Sperm/Abnormal_Sperm (374).bmp,1,calib
smids/Abnormal_Sperm/Abnormal_Sperm (375).bmp,1,calib
smids/Abnormal_Sperm/Abnormal_Sperm (387).bmp,1,calib
smids/Abnormal_Sperm/Abnormal_Sperm (391).bmp,1,calib
smids/Abnormal_Sperm/Abnormal_Sperm (409).bmp,1,calib
smids/Abnormal_Sperm/Abnormal_Sperm (41).bmp,1,calib
smids/Abnormal_Sperm/Abnormal_Sperm (411).bmp,1,calib
smids/Abnormal_Sperm/Abnormal_Sperm (425).bmp,1,calib
smids/Abnormal_Sperm/Abnormal_Sperm (435).bmp,1,calib
smids/Abnormal_Sperm/Abnormal_Sperm (449).bmp,1,calib
smids/Abnormal_Sperm/Abnormal_Sperm (451).bmp,1,calib
smids/Abnormal_Sperm/Abnormal_Sperm (454).bmp,1,calib
smids/Abnormal_Sperm/Abnormal_Sperm (455).bmp,1,calib
smids/Abnormal_Sperm/Abnormal_Sperm (462).bmp,1,calib
smids/Abnormal_Sperm/Abnormal_Sperm (467).bmp,1,calib
smids/Abnormal_Sperm/Abnormal_Sperm (473).bmp,1,calib
smids/Abnormal_Sperm/Abnormal_Sperm (480).bmp,1,calib
smids/Abnormal_Sperm/Abnormal_Sperm (493).bmp,1,calib
smids/Abnormal_Sperm/Abnormal_Sperm (498).bmp,1,calib
smids/Abnormal_Sperm/Abnormal_Sperm (5).bmp,1,calib
smids/Abnormal_Sperm/Abnormal_Sperm (505).bmp,1,calib
smids/Abnormal_Sperm/Abnormal_Sperm (509).bmp,1,calib
smids/Abnormal_Sperm/Abnormal_Sperm (511).bmp,1,calib
smids/Abnormal_Sperm/Abnormal_Sperm (522).bmp,1,calib
smids/Abnormal_Sperm/Abnormal_Sperm (523).bmp,1,calib
smids/Abnormal_Sperm/Abnormal_Sperm (526).bmp,1,calib
smids/Abnormal_Sperm/Abnormal_Sperm (540).bmp,1,calib
smids/Abnormal_Sperm/Abnormal_Sperm (543).bmp,1,calib
smids/Abnormal_Sperm/Abnormal_Sperm (55).bmp,1,calib
smids/Abnormal_Sperm/Abnormal_Sperm (552).bmp,1,calib
smids/Abnormal_Sperm/Abnormal_Sperm (559).bmp,1,calib
smids/Abnormal_Sperm/Abnormal_Sperm (56).bmp,1,calib
smids/Abnormal_Sperm/Abnormal_Sperm (565).bmp,1,calib
smids/Abnormal_Sperm/Abnormal_Sperm (574).bmp,1,calib
smids/Abnormal_Sperm/Abnormal_Sperm (576).bmp,1,calib
smids/Abnormal_Sperm/Abnormal_Sperm (579).bmp,1,calib
smids/Abnormal_Sperm/Abnormal_Sperm (581).bmp,1,calib
smids/Abnormal_Sperm/Abnormal_Sperm (589).bmp,1,calib
smids/Abnormal_Sperm/Abnormal_Sperm (597).bmp,1,calib
smids/Abnormal_Sperm/Abnormal_Sperm (607).bmp,1,calib
smids/Abnormal_Sperm/Abnormal_Sperm (618).bmp,1,calib
smids/Abnormal_Sperm/Abnormal_Sperm (62).bmp,1,calib
smids/Abnormal_Sperm/Abnormal_Sperm (623).bmp,1,calib
smids/Abnormal_Sperm/Abnormal_Sperm (626).bmp,1,calib
smids/Abnormal_Sperm/Abnormal_Sperm (63).bmp,1,calib
smids/Abnormal_Sperm/Abnormal_Sperm (634).bmp,1,calib
smids/Abnormal_Sperm/Abnormal_Sperm (635).bmp,1,calib
smids/Abnormal_Sperm/Abnormal_Sperm (636).bmp,1,calib
smids/Abnormal_Sperm/Abnormal_Sperm (64).bmp,1,calib
smids/Abnormal_Sperm/Abnormal_Sperm (643).bmp,1,calib
smids/Abnormal_Sperm/Abnormal_Sperm (644).bmp,1,calib
smids/Abnormal_Sperm/Abnormal_Sperm (652).bmp,1,calib
smids/Abnormal_Sperm/Abnormal_Sperm (654).bmp,1,calib
smids/Abnormal_Sperm/Abnormal_Sperm (658).bmp,1,calib
smids/Abnormal_Sperm/Abnormal_Sperm (663).bmp,1,calib
smids/Abnormal_Sperm/Abnormal_Sperm (666).bmp,1,calib
smids/Abnormal_Sperm/Abnormal_Sperm (67).bmp,1,calib
smids/Abnormal_Sperm/Abnormal_Sperm (680).bmp,1,calib
smids/Abnormal_Sperm/Abnormal_Sperm (686).bmp,1,calib
smids/Abnormal_Sperm/Abnormal_Sperm (697).bmp,1,calib
smids/Abnormal_Sperm/Abnormal_Sperm (699).bmp,1,calib
smids/Abnormal_Sperm/Abnormal_Sperm (700).bmp,1,calib
smids/Abnormal_Sperm/Abnormal_Sperm (707).bmp,1,calib
smids/Abnormal_Sperm/Abnormal_Sperm (710).bmp,1,calib
smids/Abnormal_Sperm/Abnormal_Sperm (720).bmp,1,calib
smids/Abnormal_Sperm/Abnormal_Sperm (742).bmp,1,calib
smids/Abnormal_Sperm/Abnormal_Sperm (744).bmp,1,calib
smids/Abnormal_Sperm/Abnormal_Sperm (756).bmp,1,calib
smids/Abnormal_Sperm/Abnormal_Sperm (758).bmp,1,calib
smids/Abnormal_Sperm/Abnormal_Sperm (76).bmp,1,calib
smids/Abnormal_Sperm/Abnormal_Sperm (762).bmp,1,calib
smids/Abnormal_Sperm/Abnormal_Sperm (77).bmp,1,calib
smids/Abnormal_Sperm/Abnormal_Sperm (774).bmp,1,calib
smids/Abnormal_Sperm/Abnormal_Sperm (775).bmp,1,calib
smids/Abnormal_Sperm/Abnormal_Sperm (781).bmp,1,calib
smids/Abnormal_Sperm/Abnormal_Sperm (787).bmp,1,calib
smids/Abnormal_Sperm/Abnormal_Sperm (798).bmp,1,calib
smids/Abnormal_Sperm/Abnormal_Sperm (799).bmp,1,calib
smids/Abnormal_Sperm/Abnormal_Sperm (802).bmp,1,calib
smids/Abnormal_Sperm/Abnormal_Sperm (805).bmp,1,calib
smids/Abnormal_Sperm/Abnormal_Sperm (815).bmp,1,calib
smids/Abnormal_Sperm/Abnormal_Sperm (82).bmp,1,calib
smids/Abnormal_Sperm/Abnormal_Sperm (825).bmp,1,calib
smids/Abnormal_Sperm/Abnormal_Sperm (834).bmp,1,calib
smids/Abnormal_Sperm/Abnormal_Sperm (843).bmp,1,calib
smids/Abnormal_Sperm/Abnormal_Sperm (848).bmp,1,calib
smids/Abnormal_Sperm/Abnormal_Sperm (852).bmp,1,calib
smids/Abnormal_Sperm/Abnormal_Sperm (853).bmp,1,calib
smids/Abnormal_Sperm/Abnormal_Sperm (854).bmp,1,calib
smids/Abnormal_Sperm/Abnormal_Sperm (865).bmp,1,calib
smids/Abnormal_Sperm/Abnormal_Sperm (868).bmp,1,calib
smids/Abnormal_Sperm/Abnormal_Sperm (873).bmp,1,calib
smids/Abnormal_Sperm/Abnormal_Sperm (898).bmp,1,calib
smids/Abnormal_Sperm/Abnormal_Sperm (905).bmp,1,calib
smids/Abnormal_Sperm/Abnormal_Sperm (906).bmp,1,calib
smids/Abnormal_Sperm/Abnormal_Sperm (910).bmp,1,calib
smids/Abnormal_Sperm/Abnormal_Sperm (916).bmp,1,calib
smids/Abnormal_Sperm/Abnormal_Sperm (917).bmp,1,calib
smids/Abnormal_Sperm/Abnormal_Sperm (918).bmp,1,calib
smids/Abnormal_Sperm/Abnormal_Sperm (92).bmp,1,calib
smids/Abnormal_Sperm/Abnormal_Sperm (928).bmp,1,calib
smids/Abnormal_Sperm/Abnormal_Sperm (930).bmp,1,calib
smids/Abnormal_Sperm/Abnormal_Sperm (934).bmp,1,calib
smids/Abnormal_Sperm/Abnormal_Sperm (948).bmp,1,calib
smids/Abnormal_Sperm/Abnormal_Sperm (950).bmp,1,calib
smids/Abnormal_Sperm/Abnormal_Sperm (951).bmp,1,calib
smids/Abnormal_Sperm/Abnormal_Sperm (954).bmp,1,calib
smids/Abnormal_Sperm/Abnormal_Sperm (958).bmp,1,calib
smids/Abnormal_Sperm/Abnormal_Sperm (959).bmp,1,calib
smids/Abnormal_Sperm/Abnormal_Sperm (962).bmp,1,calib
smids/Abnormal_Sperm/Abnormal_Sperm (967).bmp,1,calib
smids/Abnormal_Sperm/Abnormal_Sperm (97).bmp,1,calib
smids/Abnormal_Sperm/Abnormal_Sperm (971).bmp,1,calib
smids/Abnormal_Sperm/Abnormal_Sperm (974).bmp,1,calib
smids/Abnormal_Sperm/Abnormal_Sperm (981).bmp,1,calib
smids/Abnormal_Sperm/Abnormal_Sperm (989).bmp,1,calib
smids/Abnormal_Sperm/Abnormal_Sperm (990).bmp,1,calib
smids/Non-Sperm/Non-Sperm (1).bmp,1,calib
smids/Non-Sperm/Non-Sperm (101).bmp,1,calib
smids/Non-Sperm/Non-Sperm (116).bmp,1,calib
smids/Non-Sperm/Non-Sperm (120).bmp,1,calib
smids/Non-Sperm/Non-Sperm (121).bmp,1,calib
smids/Non-Sperm/Non-Sperm (123).bmp,1,calib
smids/Non-Sperm/Non-Sperm (125).bmp,1,calib
smids/Non-Sperm/Non-Sperm (127).bmp,1,calib
smids/Non-Sperm/Non-Sperm (128).bmp,1,calib
smids/Non-Sperm/Non-Sperm (13).bmp,1,calib
smids/Non-Sperm/Non-Sperm (131).bmp,1,calib
smids/Non-Sperm/Non-Sperm (134).bmp,1,calib
smids/Non-Sperm/Non-Sperm (138).bmp,1,calib
smids/Non-Sperm/Non-Sperm (142).bmp,1,calib
smids/Non-Sperm/Non-Sperm (144).bmp,1,calib
smids/Non-Sperm/Non-Sperm (148).bmp,1,calib
smids/Non-Sperm/Non-Sperm (151).bmp,1,calib
smids/Non-Sperm/Non-Sperm (16).bmp,1,calib
smids/Non-Sperm/Non-Sperm (163).bmp,1,calib
smids/Non-Sperm/Non-Sperm (165).bmp,1,calib
smids/Non-Sperm/Non-Sperm (168).bmp,1,calib
smids/Non-Sperm/Non-Sperm (179).bmp,1,calib
smids/Non-Sperm/Non-Sperm (188).bmp,1,calib
smids/Non-Sperm/Non-Sperm (195).bmp,1,calib
smids/Non-Sperm/Non-Sperm (197).bmp,1,calib
smids/Non-Sperm/Non-Sperm (213).bmp,1,calib
smids/Non-Sperm/Non-Sperm (214).bmp,1,calib
smids/Non-Sperm/Non-Sperm (22).bmp,1,calib
smids/Non-Sperm/Non-Sperm (220).bmp,1,calib
smids/Non-Sperm/Non-Sperm (237).bmp,1,calib
smids/Non-Sperm/Non-Sperm (240).bmp,1,calib
smids/Non-Sperm/Non-Sperm (242).bmp,1,calib
smids/Non-Sperm/Non-Sperm (248).bmp,1,calib
smids/Non-Sperm/Non-Sperm (250).bmp,1,calib
smids/Non-Sperm/Non-Sperm (255).bmp,1,calib
smids/Non-Sperm/Non-Sperm (268).bmp,1,calib
smids/Non-Sperm/Non-Sperm (271).bmp,1,calib
smids/Non-Sperm/Non-Sperm (275).bmp,1,calib
smids/Non-Sperm/Non-Sperm (291).bmp,1,calib
smids/Non-Sperm/Non-Sperm (292).bmp,1,calib
smids/Non-Sperm/Non-Sperm (294).bmp,1,calib
smids/Non-Sperm/Non-Sperm (296).bmp,1,calib
smids/Non-Sperm/Non-Sperm (299).bmp,1,calib
smids/Non-Sperm/Non-Sperm (302).bmp,1,calib
smids/Non-Sperm/Non-Sperm (316).bmp,1,calib
smids/Non-Sperm/Non-Sperm (317).bmp,1,calib
smids/Non-Sperm/Non-Sperm (318).bmp,1,calib
smids/Non-Sperm/Non-Sperm (319).bmp,1,calib
smids/Non-Sperm/Non-Sperm (330).bmp,1,calib
smids/Non-Sperm/Non-Sperm (346).bmp,1,calib
smids/Non-Sperm/Non-Sperm (35).bmp,1,calib
smids/Non-Sperm/Non-Sperm (352).bmp,1,calib
smids/Non-Sperm/Non-Sperm (355).bmp,1,calib
smids/Non-Sperm/Non-Sperm (36).bmp,1,calib
smids/Non-Sperm/Non-Sperm (366).bmp,1,calib
smids/Non-Sperm/Non-Sperm (368).bmp,1,calib
smids/Non-Sperm/Non-Sperm (374).bmp,1,calib
smids/Non-Sperm/Non-Sperm (389).bmp,1,calib
smids/Non-Sperm/Non-Sperm (395).bmp,1,calib
smids/Non-Sperm/Non-Sperm (40).bmp,1,calib
smids/Non-Sperm/Non-Sperm (406).bmp,1,calib
smids/Non-Sperm/Non-Sperm (416).bmp,1,calib
smids/Non-Sperm/Non-Sperm (426).bmp,1,calib
smids/Non-Sperm/Non-Sperm (429).bmp,1,calib
smids/Non-Sperm/Non-Sperm (435).bmp,1,calib
smids/Non-Sperm/Non-Sperm (440).bmp,1,calib
smids/Non-Sperm/Non-Sperm (442).bmp,1,calib
smids/Non-Sperm/Non-Sperm (446).bmp,1,calib
smids/Non-Sperm/Non-Sperm (454).bmp,1,calib
smids/Non-Sperm/Non-Sperm (456).bmp,1,calib
smids/Non-Sperm/Non-Sperm (464).bmp,1,calib
smids/Non-Sperm/Non-Sperm (465).bmp,1,calib
smids/Non-Sperm/Non-Sperm (490).bmp,1,calib
smids/Non-Sperm/Non-Sperm (493).bmp,1,calib
smids/Non-Sperm/Non-Sperm (495).bmp,1,calib
smids/Non-Sperm/Non-Sperm (50).bmp,1,calib
smids/Non-Sperm/Non-Sperm (510).bmp,1,calib
smids/Non-Sperm/Non-Sperm (519).bmp,1,calib
smids/Non-Sperm/Non-Sperm (52).bmp,1,calib
smids/Non-Sperm/Non-Sperm (522).bmp,1,calib
smids/Non-Sperm/Non-Sperm (523).bmp,1,calib
smids/Non-Sperm/Non-Sperm (527).bmp,1,calib
smids/Non-Sperm/Non-Sperm (528).bmp,1,calib
smids/Non-Sperm/Non-Sperm (532).bmp,1,calib
smids/Non-Sperm/Non-Sperm (535).bmp,1,calib
smids/Non-Sperm/Non-Sperm (539).bmp,1,calib
smids/Non-Sperm/Non-Sperm (542).bmp,1,calib
smids/Non-Sperm/Non-Sperm (544).bmp,1,calib
smids/Non-Sperm/Non-Sperm (545).bmp,1,calib
smids/Non-Sperm/Non-Sperm (562).bmp,1,calib
smids/Non-Sperm/Non-Sperm (564).bmp,1,calib
smids/Non-Sperm/Non-Sperm (566).bmp,1,calib
smids/Non-Sperm/Non-Sperm (575).bmp,1,calib
smids/Non-Sperm/Non-Sperm (578).bmp,1,calib
smids/Non-Sperm/Non-Sperm (596).bmp,1,calib
smids/Non-Sperm/Non-Sperm (599).bmp,1,calib
smids/Non-Sperm/Non-Sperm (605).bmp,1,calib
smids/Non-Sperm/Non-Sperm (608).bmp,1,calib
smids/Non-Sperm/Non-Sperm (611).bmp,1,calib
smids/Non-Sperm/Non-Sperm (613).bmp,1,calib
smids/Non-Sperm/Non-Sperm (625).bmp,1,calib
smids/Non-Sperm/Non-Sperm (637).bmp,1,calib
smids/Non-Sperm/Non-Sperm (641).bmp,1,calib
smids/Non-Sperm/Non-Sperm (658).bmp,1,calib
smids/Non-Sperm/Non-Sperm (671).bmp,1,calib
smids/Non-Sperm/Non-Sperm (676).bmp,1,calib
smids/Non-Sperm/Non-Sperm (689).bmp,1,calib
smids/Non-Sperm/Non-Sperm (69).bmp,1,calib
smids/Non-Sperm/Non-Sperm (693).bmp,1,calib
smids/Non-Sperm/Non-Sperm (70).bmp,1,calib
smids/Non-Sperm/Non-Sperm (707).bmp,1,calib
smids/Non-Sperm/Non-Sperm (71).bmp,1,calib
smids/Non-Sperm/Non-Sperm (712).bmp,1,calib
smids/Non-Sperm/Non-Sperm (714).bmp,1,calib
smids/Non-Sperm/Non-Sperm (72).bmp,1,calib
smids/Non-Sperm/Non-Sperm (728).bmp,1,calib
smids/Non-Sperm/Non-Sperm (753).bmp,1,calib
smids/Non-Sperm/Non-Sperm (760).bmp,1,calib
smids/Non-Sperm/Non-Sperm (764).bmp,1,calib
smids/Non-Sperm/Non-Sperm (765).bmp,1,calib
smids/Non-Sperm/Non-Sperm (771).bmp,1,calib
smids/Non-Sperm/Non-Sperm (796).bmp,1,calib
smids/Non-Sperm/Non-Sperm (797).bmp,1,calib
smids/Non-Sperm/Non-Sperm (802).bmp,1,calib
smids/Non-Sperm/Non-Sperm (811).bmp,1,calib
smids/Non-Sperm/Non-Sperm (816).bmp,1,calib
smids/Non-Sperm/Non-Sperm (819).bmp,1,calib
smids/Non-Sperm/Non-Sperm (826).bmp,1,calib
smids/Non-Sperm/Non-Sperm (834).bmp,1,calib
smids/Non-Sperm/Non-Sperm (835).bmp,1,calib
smids/Non-Sperm/Non-Sperm (838).bmp,1,calib
smids/Non-Sperm/Non-Sperm (848).bmp,1,calib
smids/Non-Sperm/Non-Sperm (855).bmp,1,calib
smids/Non-Sperm/Non-Sperm (856).bmp,1,calib
smids/Non-Sperm/Non-Sperm (862).bmp,1,calib
smids/Non-Sperm/Non-Sperm (863).bmp,1,calib
smids/Non-Sperm/Non-Sperm (866).bmp,1,calib
smids/Non-Sperm/Non-Sperm (868).bmp,1,calib
smids/Non-Sperm/Non-Sperm (874).bmp,1,calib
smids/Non-Sperm/Non-Sperm (875).bmp,1,calib
smids/Non-Sperm/Non-Sperm (882).bmp,1,calib
smids/Non-Sperm/Non-Sperm (9).bmp,1,calib
smids/Non-Sperm/Non-Sperm (90).bmp,1,calib
smids/Non-Sperm/Non-Sperm (903).bmp,1,calib
smids/Non-Sperm/Non-Sperm (907).bmp,1,calib
smids/Non-Sperm/Non-Sperm (91).bmp,1,calib
smids/Non-Sperm/Non-Sperm (911).bmp,1,calib
smids/Non-Sperm/Non-Sperm (92).bmp,1,calib
smids/Non-Sperm/Non-Sperm (929).bmp,1,calib
smids/Non-Sperm/Non-Sperm (941).bmp,1,calib
smids/Non-Sperm/Non-Sperm (942).bmp,1,calib
smids/Non-Sperm/Non-Sperm (945).bmp,1,calib
smids/Non-Sperm/Non-Sperm (954).bmp,1,calib
smids/Non-Sperm/Non-Sperm (961).bmp,1,calib
smids/Non-Sperm/Non-Sperm (962).bmp,1,calib
smids/Non-Sperm/Non-Sperm (966).bmp,1,calib
smids/Normal_Sperm/Normal_Sperm (100).bmp,1,calib
smids/Normal_Sperm/Normal_Sperm (1000).bmp,1,calib
smids/Normal_Sperm/Normal_Sperm (1008).bmp,1,calib
smids/Normal_Sperm/Normal_Sperm (1011).bmp,1,calib
smids/Normal_Sperm/Normal_Sperm (1016).bmp,1,calib
smids/Normal_Sperm/Normal_Sperm (1021).bmp,1,calib
smids/Normal_Sperm/Normal_Sperm (105).bmp,1,calib
smids/Normal_Sperm/Normal_Sperm (114).bmp,1,calib
smids/Normal_Sperm/Normal_Sperm (115).bmp,1,calib
smids/Normal_Sperm/Normal_Sperm (116).bmp,1,calib
smids/Normal_Sperm/Normal_Sperm (118).bmp,1,calib
smids/Normal_Sperm/Normal_Sperm (122).bmp,1,calib
smids/Normal_Sperm/Normal_Sperm (126).bmp,1,calib
smids/Normal_Sperm/Normal_Sperm (132).bmp,1,calib
smids/Normal_Sperm/Normal_Sperm (136).bmp,1,calib
smids/Normal_Sperm/Normal_Sperm (140).bmp,1,calib
smids/Normal_Sperm/Normal_Sperm (147).bmp,1,calib
smids/Normal_Sperm/Normal_Sperm (148).bmp,1,calib
smids/Normal_Sperm/Normal_Sperm (150).bmp,1,calib
smids/Normal_Sperm/Normal_Sperm (154).bmp,1,calib
smids/Normal_Sperm/Normal_Sperm (170).bmp,1,calib
smids/Normal_Sperm/Normal_Sperm (171).bmp,1,calib
smids/Normal_Sperm/Normal_Sperm (175).bmp,1,calib
smids/Normal_Sperm/Normal_Sperm (178).bmp,1,calib
smids/Normal_Sperm/Normal_Sperm (181).bmp,1,calib
smids/Normal_Sperm/Normal_Sperm (187).bmp,1,calib
smids/Normal_Sperm/Normal_Sperm (190).bmp,1,calib
smids/Normal_Sperm/Normal_Sperm (198).bmp,1,calib
smids/Normal_Sperm/Normal_Sperm (206).bmp,1,calib
smids/Normal_Sperm/Normal_Sperm (21).bmp,1,calib
smids/Normal_Sperm/Normal_Sperm (22).bmp,1,calib
smids/Normal_Sperm/Normal_Sperm (225).bmp,1,calib
smids/Normal_Sperm/Normal_Sperm (233).bmp,1,calib
smids/Normal_Sperm/Normal_Sperm (234).bmp,1,calib
smids/Normal_Sperm/Normal_Sperm (235).bmp,1,calib
smids/Normal_Sperm/Normal_Sperm (238).bmp,1,calib
smids/Normal_Sperm/Normal_Sperm (247).bmp,1,calib
smids/Normal_Sperm/Normal_Sperm (251).bmp,1,calib
smids/Normal_Sperm/Normal_Sperm (261).bmp,1,calib
smids/Normal_Sperm/Normal_Sperm (264).bmp,1,calib
smids/Normal_Sperm/Normal_Sperm (265).bmp,1,calib
smids/Normal_Sperm/Normal_Sperm (274).bmp,1,calib
smids/Normal_Sperm/Normal_Sperm (281).bmp,1,calib
smids/Normal_Sperm/Normal_Sperm (285).bmp,1,calib
smids/Normal_Sperm/Normal_Sperm (289).bmp,1,calib
smids/Normal_Sperm/Normal_Sperm (295).bmp,1,calib
smids/Normal_Sperm/Normal_Sperm (3).bmp,1,calib
smids/Normal_Sperm/Normal_Sperm (301).bmp,1,calib
smids/Normal_Sperm/Normal_Sperm (337).bmp,1,calib
smids/Normal_Sperm/Normal_Sperm (35).bmp,1,calib
smids/Normal_Sperm/Normal_Sperm (353).bmp,1,calib
smids/Normal_Sperm/Normal_Sperm (355).bmp,1,calib
smids/Normal_Sperm/Normal_Sperm (365).bmp,1,calib
smids/Normal_Sperm/Normal_Sperm (368).bmp,1,calib
smids/Normal_Sperm/Normal_Sperm (370).bmp,1,calib
smids/Normal_Sperm/Normal_Sperm (374).bmp,1,calib
smids/Normal_Sperm/Normal_Sperm (390).bmp,1,calib
smids/Normal_Sperm/Normal_Sperm (394).bmp,1,calib
smids/Normal_Sperm/Normal_Sperm (401).bmp,1,calib
smids/Normal_Sperm/Normal_Sperm (41).bmp,1,calib
smids/Normal_Sperm/Normal_Sperm (415).bmp,1,calib
smids/Normal_Sperm/Normal_Sperm (416).bmp,1,calib
smids/Normal_Sperm/Normal_Sperm (42).bmp,1,calib
smids/Normal_Sperm/Normal_Sperm (420).bmp,1,calib
smids/Normal_Sperm/Normal_Sperm (422).bmp,1,calib
smids/Normal_Sperm/Normal_Sperm (445).bmp,1,calib
smids/Normal_Sperm/Normal_Sperm (453).bmp,1,calib
smids/Normal_Sperm/Normal_Sperm (454).bmp,1,calib
smids/Normal_Sperm/Normal_Sperm (467).bmp,1,calib
smids/Normal_Sperm/Normal_Sperm (478).bmp,1,calib
smids/Normal_Sperm/Normal_Sperm (479).bmp,1,calib
smids/Normal_Sperm/Normal_Sperm (480).bmp,1,calib
smids/Normal_Sperm/Normal_Sperm (484).bmp,1,calib
smids/Normal_Sperm/Normal_Sperm (489).bmp,1,calib
smids/Normal_Sperm/Normal_Sperm (494).bmp,1,calib
smids/Normal_Sperm/Normal_Sperm (5).bmp,1,calib
smids/Normal_Sperm/Normal_Sperm (50).bmp,1,calib
smids/Normal_Sperm/Normal_Sperm (51).bmp,1,calib
smids/Normal_Sperm/Normal_Sperm (512).bmp,1,calib
smids/Normal_Sperm/Normal_Sperm (513).bmp,1,calib
smids/Normal_Sperm/Normal_Sperm (517).bmp,1,calib
smids/Normal_Sperm/Normal_Sperm (518).bmp,1,calib
smids/Normal_Sperm/Normal_Sperm (519).bmp,1,calib
smids/Normal_Sperm/Normal_Sperm (521).bmp,1,calib
smids/Normal_Sperm/Normal_Sperm (524).bmp,1,calib
smids/Normal_Sperm/Normal_Sperm (528).bmp,1,calib
smids/Normal_Sperm/Normal_Sperm (531).bmp,1,calib
smids/Normal_Sperm/Normal_Sperm (535).bmp,1,calib
smids/Normal_Sperm/Normal_Sperm (554).bmp,1,calib
smids/Normal_Sperm/Normal_Sperm (557).bmp,1,calib
smids/Normal_Sperm/Normal_Sperm (558).bmp,1,calib
smids/Normal_Sperm/Normal_Sperm (570).bmp,1,calib
smids/Normal_Sperm/Normal_Sperm (571).bmp,1,calib
smids/Normal_Sperm/Normal_Sperm (591).bmp,1,calib
smids/Normal_Sperm/Normal_Sperm (593).bmp,1,calib
smids/Normal_Sperm/Normal_Sperm (594).bmp,1,calib
smids/Normal_Sperm/Normal_Sperm (602).bmp,1,calib
smids/Normal_Sperm/Normal_Sperm (606).bmp,1,calib
smids/Normal_Sperm/Normal_Sperm (617).bmp,1,calib
smids/Normal_Sperm/Normal_Sperm (619).bmp,1,calib
smids/Normal_Sperm/Normal_Sperm (627).bmp,1,calib
smids/Normal_Sperm/Normal_Sperm (63).bmp,1,calib
smids/Normal_Sperm/Normal_Sperm (640).bmp,1,calib
smids/Normal_Sperm/Normal_Sperm (657).bmp,1,calib
smids/Normal_Sperm/Normal_Sperm (661).bmp,1,calib
smids/Normal_Sperm/Normal_Sperm (667).bmp,1,calib
smids/Normal_Sperm/Normal_Sperm (674).bmp,1,calib
smids/Normal_Sperm/Normal_Sperm (679).bmp,1,calib
smids/Normal_Sperm/Normal_Sperm (683).bmp,1,calib
smids/Normal_Sperm/Normal_Sperm (695).bmp,1,calib
smids/Normal_Sperm/Normal_Sperm (698).bmp,1,calib
smids/Normal_Sperm/Normal_Sperm (71).bmp,1,calib
smids/Normal_Sperm/Normal_Sperm (719).bmp,1,calib
smids/Normal_Sperm/Normal_Sperm (72).bmp,1,calib
smids/Normal_Sperm/Normal_Sperm (722).bmp,1,calib
smids/Normal_Sperm/Normal_Sperm (723).bmp,1,calib
smids/Normal_Sperm/Normal_Sperm (727).bmp,1,calib
smids/Normal_Sperm/Normal_Sperm (735).bmp,1,calib
smids/Normal_Sperm/Normal_Sperm (74).bmp,1,calib
smids/Normal_Sperm/Normal_Sperm (742).bmp,1,calib
smids/Normal_Sperm/Normal_Sperm (745).bmp,1,calib
smids/Normal_Sperm/Normal_Sperm (763).bmp,1,calib
smids/Normal_Sperm/Normal_Sperm (765).bmp,1,calib
smids/Normal_Sperm/Normal_Sperm (770).bmp,1,calib
smids/Normal_Sperm/Normal_Sperm (782).bmp,1,calib
smids/Normal_Sperm/Normal_Sperm (79).bmp,1,calib
smids/Normal_Sperm/Normal_Sperm (805).bmp,1,calib
smids/Normal_Sperm/Normal_Sperm (813).bmp,1,calib
smids/Normal_Sperm/Normal_Sperm (818).bmp,1,calib
smids/Normal_Sperm/Normal_Sperm (821).bmp,1,calib
smids/Normal_Sperm/Normal_Sperm (825).bmp,1,calib
smids/Normal_Sperm/Normal_Sperm (826).bmp,1,calib
smids/Normal_Sperm/Normal_Sperm (833).bmp,1,calib
smids/Normal_Sperm/Normal_Sperm (837).bmp,1,calib
smids/Normal_Sperm/Normal_Sperm (838).bmp,1,calib
smids/Normal_Sperm/Normal_Sperm (856).bmp,1,calib
smids/Normal_Sperm/Normal_Sperm (863).bmp,1,calib
smids/Normal_Sperm/Normal_Sperm (872).bmp,1,calib
smids/Normal_Sperm/Normal_Sperm (874).bmp,1,calib
smids/Normal_Sperm/Normal_Sperm (880).bmp,1,calib
smids/Normal_Sperm/Normal_Sperm (882).bmp,1,calib
smids/Normal_Sperm/Normal_Sperm (891).bmp,1,calib
smids/Normal_Sperm/Normal_Sperm (896).bmp,1,calib
smids/Normal_Sperm/Normal_Sperm (9).bmp,1,calib
smids/Normal_Sperm/Normal_Sperm (902).bmp,1,calib
smids/Normal_Sperm/Normal_Sperm (904).bmp,1,calib
smids/Normal_Sperm/Normal_Sperm (907).bmp,1,calib
smids/Normal_Sperm/Normal_Sperm (91).bmp,1,calib
smids/Normal_Sperm/Normal_Sperm (915).bmp,1,calib
smids/Normal_Sperm/Normal_Sperm (921).bmp,1,calib
smids/Normal_Sperm/Normal_Sperm (924).bmp,1,calib
smids/Normal_Sperm/Normal_Sperm (938).bmp,1,calib
smids/Normal_Sperm/Normal_Sperm (948).bmp,1,calib
smids/Normal_Sperm/Normal_Sperm (951).bmp,1,calib
smids/Normal_Sperm/Normal_Sperm (957).bmp,1,calib
smids/Normal_Sperm/Normal_Sperm (983).bmp,1,calib
smids/Normal_Sperm/Normal_Sperm (987).bmp,1,calib
smids/Normal_Sperm/Normal_Sperm (990).bmp,1,calib
smids/Normal_Sperm/Normal_Sperm (993).bmp,1,calib
smids/Normal_Sperm/Normal_Sperm (995).bmp,1,calib
smids/Abnormal_Sperm/Abnormal_Sperm (10).bmp,1,test
smids/Abnormal_Sperm/Abnormal_Sperm (100).bmp,1,test
smids/Abnormal_Sperm/Abnormal_Sperm (1005).bmp,1,test
smids/Abnormal_Sperm/Abnormal_Sperm (101).bmp,1,test
smids/Abnormal_Sperm/Abnormal_Sperm (104).bmp,1,test
smids/Abnormal_Sperm/Abnormal_Sperm (107).bmp,1,test
smids/Abnormal_Sperm/Abnormal_Sperm (111).bmp,1,test
smids/Abnormal_Sperm/Abnormal_Sperm (114).bmp,1,test
smids/Abnormal_Sperm/Abnormal_Sperm (121).bmp,1,test
smids/Abnormal_Sperm/Abnormal_Sperm (131).bmp,1,test
smids/Abnormal_Sperm/Abnormal_Sperm (132).bmp,1,test
smids/Abnormal_Sperm/Abnormal_Sperm (139).bmp,1,test
smids/Abnormal_Sperm/Abnormal_Sperm (15).bmp,1,test
smids/Abnormal_Sperm/Abnormal_Sperm (153).bmp,1,test
smids/Abnormal_Sperm/Abnormal_Sperm (155).bmp,1,test
smids/Abnormal_Sperm/Abnormal_Sperm (160).bmp,1,test
smids/Abnormal_Sperm/Abnormal_Sperm (167).bmp,1,test
smids/Abnormal_Sperm/Abnormal_Sperm (170).bmp,1,test
smids/Abnormal_Sperm/Abnormal_Sperm (182).bmp,1,test
smids/Abnormal_Sperm/Abnormal_Sperm (187).bmp,1,test
smids/Abnormal_Sperm/Abnormal_Sperm (189).bmp,1,test
smids/Abnormal_Sperm/Abnormal_Sperm (190).bmp,1,test
smids/Abnormal_Sperm/Abnormal_Sperm (197).bmp,1,test
smids/Abnormal_Sperm/Abnormal_Sperm (198).bmp,1,test
smids/Abnormal_Sperm/Abnormal_Sperm (202).bmp,1,test
smids/Abnormal_Sperm/Abnormal_Sperm (204).bmp,1,test
smids/Abnormal_Sperm/Abnormal_Sperm (207).bmp,1,test
smids/Abnormal_Sperm/Abnormal_Sperm (209).bmp,1,test
smids/Abnormal_Sperm/Abnormal_Sperm (212).bmp,1,test
smids/Abnormal_Sperm/Abnormal_Sperm (213).bmp,1,test
smids/Abnormal_Sperm/Abnormal_Sperm (214).bmp,1,test
smids/Abnormal_Sperm/Abnormal_Sperm (219).bmp,1,test
smids/Abnormal_Sperm/Abnormal_Sperm (226).bmp,1,test
smids/Abnormal_Sperm/Abnormal_Sperm (229).bmp,1,test
smids/Abnormal_Sperm/Abnormal_Sperm (232).bmp,1,test
smids/Abnormal_Sperm/Abnormal_Sperm (236).bmp,1,test
smids/Abnormal_Sperm/Abnormal_Sperm (242).bmp,1,test
smids/Abnormal_Sperm/Abnormal_Sperm (245).bmp,1,test
smids/Abnormal_Sperm/Abnormal_Sperm (256).bmp,1,test
smids/Abnormal_Sperm/Abnormal_Sperm (258).bmp,1,test
smids/Abnormal_Sperm/Abnormal_Sperm (260).bmp,1,test
smids/Abnormal_Sperm/Abnormal_Sperm (261).bmp,1,test
smids/Abnormal_Sperm/Abnormal_Sperm (272).bmp,1,test
smids/Abnormal_Sperm/Abnormal_Sperm (275).bmp,1,test
smids/Abnormal_Sperm/Abnormal_Sperm (281).bmp,1,test
smids/Abnormal_Sperm/Abnormal_Sperm (282).bmp,1,test
smids/Abnormal_Sperm/Abnormal_Sperm (283).bmp,1,test
smids/Abnormal_Sperm/Abnormal_Sperm (295).bmp,1,test
smids/Abnormal_Sperm/Abnormal_Sperm (304).bmp,1,test
smids/Abnormal_Sperm/Abnormal_Sperm (319).bmp,1,test
smids/Abnormal_Sperm/Abnormal_Sperm (320).bmp,1,test
smids/Abnormal_Sperm/Abnormal_Sperm (323).bmp,1,test
smids/Abnormal_Sperm/Abnormal_Sperm (326).bmp,1,test
smids/Abnormal_Sperm/Abnormal_Sperm (328).bmp,1,test
smids/Abnormal_Sperm/Abnormal_Sperm (330).bmp,1,test
smids/Abnormal_Sperm/Abnormal_Sperm (331).bmp,1,test
smids/Abnormal_Sperm/Abnormal_Sperm (333).bmp,1,test
smids/Abnormal_Sperm/Abnormal_Sperm (335).bmp,1,test
smids/Abnormal_Sperm/Abnormal_Sperm (336).bmp,1,test
smids/Abnormal_Sperm/Abnormal_Sperm (34).bmp,1,test
smids/Abnormal_Sperm/Abnormal_Sperm (340).bmp,1,test
smids/Abnormal_Sperm/Abnormal_Sperm (342).bmp,1,test
smids/Abnormal_Sperm/Abnormal_Sperm (351).bmp,1,test
smids/Abnormal_Sperm/Abnormal_Sperm (353).bmp,1,test
smids/Abnormal_Sperm/Abnormal_Sperm (356).bmp,1,test
smids/Abnormal_Sperm/Abnormal_Sperm (360).bmp,1,test
smids/Abnormal_Sperm/Abnormal_Sperm (367).bmp,1,test
smids/Abnormal_Sperm/Abnormal_Sperm (370).bmp,1,test
smids/Abnormal_Sperm/Abnormal_Sperm (371).bmp,1,test
smids/Abnormal_Sperm/Abnormal_Sperm (381).bmp,1,test
smids/Abnormal_Sperm/Abnormal_Sperm (382).bmp,1,test
smids/Abnormal_Sperm/Abnormal_Sperm (388).bmp,1,test
smids/Abnormal_Sperm/Abnormal_Sperm (390).bmp,1,test
smids/Abnormal_Sperm/Abnormal_Sperm (395).bmp,1,test
smids/Abnormal_Sperm/Abnormal_Sperm (396).bmp,1,test
smids/Abnormal_Sperm/Abnormal_Sperm (399).bmp,1,test
smids/Abnormal_Sperm/Abnormal_Sperm (401).bmp,1,test
smids/Abnormal_Sperm/Abnormal_Sperm (405).bmp,1,test
smids/Abnormal_Sperm/Abnormal_Sperm (406).bmp,1,test
smids/Abnormal_Sperm/Abnormal_Sperm (413).bmp,1,test
smids/Abnormal_Sperm/Abnormal_Sperm (416).bmp,1,test
smids/Abnormal_Sperm/Abnormal_Sperm (417).bmp,1,test
smids/Abnormal_Sperm/Abnormal_Sperm (418).bmp,1,test
smids/Abnormal_Sperm/Abnormal_Sperm (422).bmp,1,test
smids/Abnormal_Sperm/Abnormal_Sperm (424).bmp,1,test
smids/Abnormal_Sperm/Abnormal_Sperm (427).bmp,1,test
smids/Abnormal_Sperm/Abnormal_Sperm (43).bmp,1,test
smids/Abnormal_Sperm/Abnormal_Sperm (434).bmp,1,test
smids/Abnormal_Sperm/Abnormal_Sperm (436).bmp,1,test
smids/Abnormal_Sperm/Abnormal_Sperm (437).bmp,1,test
smids/Abnormal_Sperm/Abnormal_Sperm (442).bmp,1,test
smids/Abnormal_Sperm/Abnormal_Sperm (448).bmp,1,test
smids/Abnormal_Sperm/Abnormal_Sperm (452).bmp,1,test
smids/Abnormal_Sperm/Abnormal_Sperm (456).bmp,1,test
smids/Abnormal_Sperm/Abnormal_Sperm (465).bmp,1,test
smids/Abnormal_Sperm/Abnormal_Sperm (468).bmp,1,test
smids/Abnormal_Sperm/Abnormal_Sperm (469).bmp,1,test
smids/Abnormal_Sperm/Abnormal_Sperm (476).bmp,1,test
smids/Abnormal_Sperm/Abnormal_Sperm (48).bmp,1,test
smids/Abnormal_Sperm/Abnormal_Sperm (481).bmp,1,test
smids/Abnormal_Sperm/Abnormal_Sperm (482).bmp,1,test
smids/Abnormal_Sperm/Abnormal_Sperm (492).bmp,1,test
smids/Abnormal_Sperm/Abnormal_Sperm (499).bmp,1,test
smids/Abnormal_Sperm/Abnormal_Sperm (503).bmp,1,test
smids/Abnormal_Sperm/Abnormal_Sperm (507).bmp,1,test
smids/Abnormal_Sperm/Abnormal_Sperm (508).bmp,1,test
smids/Abnormal_Sperm/Abnormal_Sperm (516).bmp,1,test
smids/Abnormal_Sperm/Abnormal_Sperm (519).bmp,1,test
smids/Abnormal_Sperm/Abnormal_Sperm (524).bmp,1,test
smids/Abnormal_Sperm/Abnormal_Sperm (53).bmp,1,test
smids/Abnormal_Sperm/Abnormal_Sperm (532).bmp,1,test
smids/Abnormal_Sperm/Abnormal_Sperm (541).bmp,1,test
smids/Abnormal_Sperm/Abnormal_Sperm (545).bmp,1,test
smids/Abnormal_Sperm/Abnormal_Sperm (548).bmp,1,test
smids/Abnormal_Sperm/Abnormal_Sperm (551).bmp,1,test
smids/Abnormal_Sperm/Abnormal_Sperm (560).bmp,1,test
smids/Abnormal_Sperm/Abnormal_Sperm (564).bmp,1,test
smids/Abnormal_Sperm/Abnormal_Sperm (566).bmp,1,test
smids/Abnormal_Sperm/Abnormal_Sperm (58).bmp,1,test
smids/Abnormal_Sperm/Abnormal_Sperm (580).bmp,1,test
smids/Abnormal_Sperm/Abnormal_Sperm (583).bmp,1,test
smids/Abnormal_Sperm/Abnormal_Sperm (587).bmp,1,test
smids/Abnormal_Sperm/Abnormal_Sperm (590).bmp,1,test
smids/Abnormal_Sperm/Abnormal_Sperm (591).bmp,1,test
smids/Abnormal_Sperm/Abnormal_Sperm (603).bmp,1,test
smids/Abnormal_Sperm/Abnormal_Sperm (604).bmp,1,test
smids/Abnormal_Sperm/Abnormal_Sperm (605).bmp,1,test
smids/Abnormal_Sperm/Abnormal_Sperm (606).bmp,1,test
smids/Abnormal_Sperm/Abnormal_Sperm (610).bmp,1,test
smids/Abnormal_Sperm/Abnormal_Sperm (611).bmp,1,test
smids/Abnormal_Sperm/Abnormal_Sperm (615).bmp,1,test
smids/Abnormal_Sperm/Abnormal_Sperm (627).bmp,1,test
smids/Abnormal_Sperm/Abnormal_Sperm (641).bmp,1,test
smids/Abnormal_Sperm/Abnormal_Sperm (65).bmp,1,test
smids/Abnormal_Sperm/Abnormal_Sperm (650).bmp,1,test
smids/Abnormal_Sperm/Abnormal_Sperm (659).bmp,1,test
smids/Abnormal_Sperm/Abnormal_Sperm (660).bmp,1,test
smids/Abnormal_Sperm/Abnormal_Sperm (665).bmp,1,test
smids/Abnormal_Sperm/Abnormal_Sperm (668).bmp,1,test
smids/Abnormal_Sperm/Abnormal_Sperm (674).bmp,1,test
smids/Abnormal_Sperm/Abnormal_Sperm (68).bmp,1,test
smids/Abnormal_Sperm/Abnormal_Sperm (681).bmp,1,test
smids/Abnormal_Sperm/Abnormal_Sperm (685).bmp,1,test
smids/Abnormal_Sperm/Abnormal_Sperm (690).bmp,1,test
smids/Abnormal_Sperm/Abnormal_Sperm (702).bmp,1,test
smids/Abnormal_Sperm/Abnormal_Sperm (705).bmp,1,test
smids/Abnormal_Sperm/Abnormal_Sperm (708).bmp,1,test
smids/Abnormal_Sperm/Abnormal_Sperm (713).bmp,1,test
smids/Abnormal_Sperm/Abnormal_Sperm (718).bmp,1,test
smids/Abnormal_Sperm/Abnormal_Sperm (719).bmp,1,test
smids/Abnormal_Sperm/Abnormal_Sperm (721).bmp,1,test
smids/Abnormal_Sperm/Abnormal_Sperm (722).bmp,1,test
smids/Abnormal_Sperm/Abnormal_Sperm (729).bmp,1,test
smids/Abnormal_Sperm/Abnormal_Sperm (730).bmp,1,test
smids/Abnormal_Sperm/Abnormal_Sperm (735).bmp,1,test
smids/Abnormal_Sperm/Abnormal_Sperm (760).bmp,1,test
smids/Abnormal_Sperm/Abnormal_Sperm (764).bmp,1,test
smids/Abnormal_Sperm/Abnormal_Sperm (78).bmp,1,test
smids/Abnormal_Sperm/Abnormal_Sperm (79).bmp,1,test
smids/Abnormal_Sperm/Abnormal_Sperm (797).bmp,1,test
smids/Abnormal_Sperm/Abnormal_Sperm (803).bmp,1,test
smids/Abnormal_Sperm/Abnormal_Sperm (809).bmp,1,test
smids/Abnormal_Sperm/Abnormal_Sperm (812).bmp,1,test
smids/Abnormal_Sperm/Abnormal_Sperm (813).bmp,1,test
smids/Abnormal_Sperm/Abnormal_Sperm (822).bmp,1,test
smids/Abnormal_Sperm/Abnormal_Sperm (823).bmp,1,test
smids/Abnormal_Sperm/Abnormal_Sperm (83).bmp,1,test
smids/Abnormal_Sperm/Abnormal_Sperm (830).bmp,1,test
smids/Abnormal_Sperm/Abnormal_Sperm (835).bmp,1,test
smids/Abnormal_Sperm/Abnormal_Sperm (837).bmp,1,test
smids/Abnormal_Sperm/Abnormal_Sperm (845).bmp,1,test
smids/Abnormal_Sperm/Abnormal_Sperm (851).bmp,1,test
smids/Abnormal_Sperm/Abnormal_Sperm (855).bmp,1,test
smids/Abnormal_Sperm/Abnormal_Sperm (856).bmp,1,test
smids/Abnormal_Sperm/Abnormal_Sperm (859).bmp,1,test
smids/Abnormal_Sperm/Abnormal_Sperm (861).bmp,1,test
smids/Abnormal_Sperm/Abnormal_Sperm (866).bmp,1,test
smids/Abnormal_Sperm/Abnormal_Sperm (869).bmp,1,test
smids/Abnormal_Sperm/Abnormal_Sperm (872).bmp,1,test
smids/Abnormal_Sperm/Abnormal_Sperm (875).bmp,1,test
smids/Abnormal_Sperm/Abnormal_Sperm (880).bmp,1,test
smids/Abnormal_Sperm/Abnormal_Sperm (882).bmp,1,test
smids/Abnormal_Sperm/Abnormal_Sperm (885).bmp,1,test
smids/Abnormal_Sperm/Abnormal_Sperm (89).bmp,1,test
smids/Abnormal_Sperm/Abnormal_Sperm (894).bmp,1,test
smids/Abnormal_Sperm/Abnormal_Sperm (913).bmp,1,test
smids/Abnormal_Sperm/Abnormal_Sperm (914).bmp,1,test
smids/Abnormal_Sperm/Abnormal_Sperm (941).bmp,1,test
smids/Abnormal_Sperm/Abnormal_Sperm (956).bmp,1,test
smids/Abnormal_Sperm/Abnormal_Sperm (964).bmp,1,test
smids/Abnormal_Sperm/Abnormal_Sperm (966).bmp,1,test
smids/Abnormal_Sperm/Abnormal_Sperm (976).bmp,1,test
smids/Abnormal_Sperm/Abnormal_Sperm (987).bmp,1,test
smids/Abnormal_Sperm/Abnormal_Sperm (997).bmp,1,test
smids/Abnormal_Sperm/Abnormal_Sperm (999).bmp,1,test
smids/Non-Sperm/Non-Sperm (102).bmp,1,test
smids/Non-Sperm/Non-Sperm (105).bmp,1,test
smids/Non-Sperm/Non-Sperm (111).bmp,1,test
smids/Non-Sperm/Non-Sperm (119).bmp,1,test
smids/Non-Sperm/Non-Sperm (122).bmp,1,test
smids/Non-Sperm/Non-Sperm (129).bmp,1,test
smids/Non-Sperm/Non-Sperm (132).bmp,1,test
smids/Non-Sperm/Non-Sperm (133).bmp,1,test
smids/Non-Sperm/Non-Sperm (135).bmp,1,test
smids/Non-Sperm/Non-Sperm (149).bmp,1,test
smids/Non-Sperm/Non-Sperm (164).bmp,1,test
smids/Non-Sperm/Non-Sperm (167).bmp,1,test
smids/Non-Sperm/Non-Sperm (171).bmp,1,test
smids/Non-Sperm/Non-Sperm (172).bmp,1,test
smids/Non-Sperm/Non-Sperm (173).bmp,1,test
smids/Non-Sperm/Non-Sperm (175).bmp,1,test
smids/Non-Sperm/Non-Sperm (178).bmp,1,test
smids/Non-Sperm/Non-Sperm (18).bmp,1,test
smids/Non-Sperm/Non-Sperm (183).bmp,1,test
smids/Non-Sperm/Non-Sperm (196).bmp,1,test
smids/Non-Sperm/Non-Sperm (202).bmp,1,test
smids/Non-Sperm/Non-Sperm (203).bmp,1,test
smids/Non-Sperm/Non-Sperm (205).bmp,1,test
smids/Non-Sperm/Non-Sperm (209).bmp,1,test
smids/Non-Sperm/Non-Sperm (215).bmp,1,test
smids/Non-Sperm/Non-Sperm (217).bmp,1,test
smids/Non-Sperm/Non-Sperm (226).bmp,1,test
smids/Non-Sperm/Non-Sperm (230).bmp,1,test
smids/Non-Sperm/Non-Sperm (233).bmp,1,test
smids/Non-Sperm/Non-Sperm (235).bmp,1,test
smids/Non-Sperm/Non-Sperm (239).bmp,1,test
smids/Non-Sperm/Non-Sperm (24).bmp,1,test
smids/Non-Sperm/Non-Sperm (243).bmp,1,test
smids/Non-Sperm/Non-Sperm (245).bmp,1,test
smids/Non-Sperm/Non-Sperm (249).bmp,1,test
smids/Non-Sperm/Non-Sperm (266).bmp,1,test
smids/Non-Sperm/Non-Sperm (279).bmp,1,test
smids/Non-Sperm/Non-Sperm (281).bmp,1,test
smids/Non-Sperm/Non-Sperm (289).bmp,1,test
smids/Non-Sperm/Non-Sperm (30).bmp,1,test
smids/Non-Sperm/Non-Sperm (307).bmp,1,test
smids/Non-Sperm/Non-Sperm (308).bmp,1,test
smids/Non-Sperm/Non-Sperm (31).bmp,1,test
smids/Non-Sperm/Non-Sperm (32).bmp,1,test
smids/Non-Sperm/Non-Sperm (321).bmp,1,test
smids/Non-Sperm/Non-Sperm (325).bmp,1,test
smids/Non-Sperm/Non-Sperm (326).bmp,1,test
smids/Non-Sperm/Non-Sperm (327).bmp,1,test
smids/Non-Sperm/Non-Sperm (33).bmp,1,test
smids/Non-Sperm/Non-Sperm (338).bmp,1,test
smids/Non-Sperm/Non-Sperm (347).bmp,1,test
smids/Non-Sperm/Non-Sperm (349).bmp,1,test
smids/Non-Sperm/Non-Sperm (350).bmp,1,test
smids/Non-Sperm/Non-Sperm (351).bmp,1,test
smids/Non-Sperm/Non-Sperm (353).bmp,1,test
smids/Non-Sperm/Non-Sperm (357).bmp,1,test
smids/Non-Sperm/Non-Sperm (361).bmp,1,test
smids/Non-Sperm/Non-Sperm (365).bmp,1,test
smids/Non-Sperm/Non-Sperm (37).bmp,1,test
smids/Non-Sperm/Non-Sperm (373).bmp,1,test
smids/Non-Sperm/Non-Sperm (375).bmp,1,test
smids/Non-Sperm/Non-Sperm (378).bmp,1,test
smids/Non-Sperm/Non-Sperm (381).bmp,1,test
smids/Non-Sperm/Non-Sperm (409).bmp,1,test
smids/Non-Sperm/Non-Sperm (414).bmp,1,test
smids/Non-Sperm/Non-Sperm (415).bmp,1,test
smids/Non-Sperm/Non-Sperm (417).bmp,1,test
smids/Non-Sperm/Non-Sperm (425).bmp,1,test
smids/Non-Sperm/Non-Sperm (431).bmp,1,test
smids/Non-Sperm/Non-Sperm (436).bmp,1,test
smids/Non-Sperm/Non-Sperm (44).bmp,1,test
smids/Non-Sperm/Non-Sperm (449).bmp,1,test
smids/Non-Sperm/Non-Sperm (452).bmp,1,test
smids/Non-Sperm/Non-Sperm (453).bmp,1,test
smids/Non-Sperm/Non-Sperm (459).bmp,1,test
smids/Non-Sperm/Non-Sperm (467).bmp,1,test
smids/Non-Sperm/Non-Sperm (472).bmp,1,test
smids/Non-Sperm/Non-Sperm (473).bmp,1,test
smids/Non-Sperm/Non-Sperm (474).bmp,1,test
smids/Non-Sperm/Non-Sperm (486).bmp,1,test
smids/Non-Sperm/Non-Sperm (488).bmp,1,test
smids/Non-Sperm/Non-Sperm (49).bmp,1,test
smids/Non-Sperm/Non-Sperm (492).bmp,1,test
smids/Non-Sperm/Non-Sperm (498).bmp,1,test
smids/Non-Sperm/Non-Sperm (5).bmp,1,test
smids/Non-Sperm/Non-Sperm (503).bmp,1,test
smids/Non-Sperm/Non-Sperm (505).bmp,1,test
smids/Non-Sperm/Non-Sperm (507).bmp,1,test
smids/Non-Sperm/Non-Sperm (514).bmp,1,test
smids/Non-Sperm/Non-Sperm (520).bmp,1,test
smids/Non-Sperm/Non-Sperm (530).bmp,1,test
smids/Non-Sperm/Non-Sperm (531).bmp,1,test
smids/Non-Sperm/Non-Sperm (537).bmp,1,test
smids/Non-Sperm/Non-Sperm (54).bmp,1,test
smids/Non-Sperm/Non-Sperm (549).bmp,1,test
smids/Non-Sperm/Non-Sperm (550).bmp,1,test
smids/Non-Sperm/Non-Sperm (555).bmp,1,test
smids/Non-Sperm/Non-Sperm (557).bmp,1,test
smids/Non-Sperm/Non-Sperm (558).bmp,1,test
smids/Non-Sperm/Non-Sperm (565).bmp,1,test
smids/Non-Sperm/Non-Sperm (567).bmp,1,test
smids/Non-Sperm/Non-Sperm (568).bmp,1,test
smids/Non-Sperm/Non-Sperm (570).bmp,1,test
smids/Non-Sperm/Non-Sperm (573).bmp,1,test
smids/Non-Sperm/Non-Sperm (577).bmp,1,test
smids/Non-Sperm/Non-Sperm (580).bmp,1,test
smids/Non-Sperm/Non-Sperm (581).bmp,1,test
smids/Non-Sperm/Non-Sperm (586).bmp,1,test
smids/Non-Sperm/Non-Sperm (600).bmp,1,test
smids/Non-Sperm/Non-Sperm (62).bmp,1,test
smids/Non-Sperm/Non-Sperm (63).bmp,1,test
smids/Non-Sperm/Non-Sperm (631).bmp,1,test
smids/Non-Sperm/Non-Sperm (635).bmp,1,test
smids/Non-Sperm/Non-Sperm (639).bmp,1,test
smids/Non-Sperm/Non-Sperm (64).bmp,1,test
smids/Non-Sperm/Non-Sperm (640).bmp,1,test
smids/Non-Sperm/Non-Sperm (642).bmp,1,test
smids/Non-Sperm/Non-Sperm (652).bmp,1,test
smids/Non-Sperm/Non-Sperm (653).bmp,1,test
smids/Non-Sperm/Non-Sperm (654).bmp,1,test
smids/Non-Sperm/Non-Sperm (656).bmp,1,test
smids/Non-Sperm/Non-Sperm (662).bmp,1,test
smids/Non-Sperm/Non-Sperm (667).bmp,1,test
smids/Non-Sperm/Non-Sperm (668).bmp,1,test
smids/Non-Sperm/Non-Sperm (675).bmp,1,test
smids/Non-Sperm/Non-Sperm (677).bmp,1,test
smids/Non-Sperm/Non-Sperm (679).bmp,1,test
smids/Non-Sperm/Non-Sperm (682).bmp,1,test
smids/Non-Sperm/Non-Sperm (694).bmp,1,test
smids/Non-Sperm/Non-Sperm (695).bmp,1,test
smids/Non-Sperm/Non-Sperm (699).bmp,1,test
smids/Non-Sperm/Non-Sperm (709).bmp,1,test
smids/Non-Sperm/Non-Sperm (711).bmp,1,test
smids/Non-Sperm/Non-Sperm (715).bmp,1,test
smids/Non-Sperm/Non-Sperm (717).bmp,1,test
smids/Non-Sperm/Non-Sperm (718).bmp,1,test
smids/Non-Sperm/Non-Sperm (720).bmp,1,test
smids/Non-Sperm/Non-Sperm (722).bmp,1,test
smids/Non-Sperm/Non-Sperm (724).bmp,1,test
smids/Non-Sperm/Non-Sperm (729).bmp,1,test
smids/Non-Sperm/Non-Sperm (733).bmp,1,test
smids/Non-Sperm/Non-Sperm (736).bmp,1,test
smids/Non-Sperm/Non-Sperm (742).bmp,1,test
smids/Non-Sperm/Non-Sperm (748).bmp,1,test
smids/Non-Sperm/Non-Sperm (749).bmp,1,test
smids/Non-Sperm/Non-Sperm (75).bmp,1,test
smids/Non-Sperm/Non-Sperm (754).bmp,1,test
smids/Non-Sperm/Non-Sperm (758).bmp,1,test
smids/Non-Sperm/Non-Sperm (766).bmp,1,test
smids/Non-Sperm/Non-Sperm (770).bmp,1,test
smids/Non-Sperm/Non-Sperm (774).bmp,1,test
smids/Non-Sperm/Non-Sperm (779).bmp,1,test
smids/Non-Sperm/Non-Sperm (780).bmp,1,test
smids/Non-Sperm/Non-Sperm (783).bmp,1,test
smids/Non-Sperm/Non-Sperm (790).bmp,1,test
smids/Non-Sperm/Non-Sperm (791).bmp,1,test
smids/Non-Sperm/Non-Sperm (799).bmp,1,test
smids/Non-Sperm/Non-Sperm (8).bmp,1,test
smids/Non-Sperm/Non-Sperm (806).bmp,1,test
smids/Non-Sperm/Non-Sperm (807).bmp,1,test
smids/Non-Sperm/Non-Sperm (809).bmp,1,test
smids/Non-Sperm/Non-Sperm (812).bmp,1,test
smids/Non-Sperm/Non-Sperm (814).bmp,1,test
smids/Non-Sperm/Non-Sperm (815).bmp,1,test
smids/Non-Sperm/Non-Sperm (824).bmp,1,test
smids/Non-Sperm/Non-Sperm (827).bmp,1,test
smids/Non-Sperm/Non-Sperm (832).bmp,1,test
smids/Non-Sperm/Non-Sperm (840).bmp,1,test
smids/Non-Sperm/Non-Sperm (847).bmp,1,test
smids/Non-Sperm/Non-Sperm (85).bmp,1,test
smids/Non-Sperm/Non-Sperm (852).bmp,1,test
smids/Non-Sperm/Non-Sperm (86).bmp,1,test
smids/Non-Sperm/Non-Sperm (885).bmp,1,test
smids/Non-Sperm/Non-Sperm (894).bmp,1,test
smids/Non-Sperm/Non-Sperm (895).bmp,1,test
smids/Non-Sperm/Non-Sperm (896).bmp,1,test
smids/Non-Sperm/Non-Sperm (898).bmp,1,test
smids/Non-Sperm/Non-Sperm (899).bmp,1,test
smids/Non-Sperm/Non-Sperm (904).bmp,1,test
smids/Non-Sperm/Non-Sperm (912).bmp,1,test
smids/Non-Sperm/Non-Sperm (914).bmp,1,test
smids/Non-Sperm/Non-Sperm (943).bmp,1,test
smids/Non-Sperm/Non-Sperm (948).bmp,1,test
smids/Non-Sperm/Non-Sperm (949).bmp,1,test
smids/Non-Sperm/Non-Sperm (950).bmp,1,test
smids/Non-Sperm/Non-Sperm (957).bmp,1,test
smids/Non-Sperm/Non-Sperm (958).bmp,1,test
smids/Non-Sperm/Non-Sperm (960).bmp,1,test
smids/Non-Sperm/Non-Sperm (968).bmp,1,test
smids/Non-Sperm/Non-Sperm (97).bmp,1,test
smids/Non-Sperm/Non-Sperm (973).bmp,1,test
smids/Non-Sperm/Non-Sperm (974).bmp,1,test
smids/Non-Sperm/Non-Sperm (98).bmp,1,test
smids/Non-Sperm/Non-Sperm (99).bmp,1,test
smids/Normal_Sperm/Normal_Sperm (10).bmp,1,test
smids/Normal_Sperm/Normal_Sperm (1006).bmp,1,test
smids/Normal_Sperm/Normal_Sperm (101).bmp,1,test
smids/Normal_Sperm/Normal_Sperm (1010).bmp,1,test
smids/Normal_Sperm/Normal_Sperm (103).bmp,1,test
smids/Normal_Sperm/Normal_Sperm (107).bmp,1,test
smids/Normal_Sperm/Normal_Sperm (109).bmp,1,test
smids/Normal_Sperm/Normal_Sperm (112).bmp,1,test
smids/Normal_Sperm/Normal_Sperm (113).bmp,1,test
smids/Normal_Sperm/Normal_Sperm (119).bmp,1,test
smids/Normal_Sperm/Normal_Sperm (129).bmp,1,test
smids/Normal_Sperm/Normal_Sperm (13).bmp,1,test
smids/Normal_Sperm/Normal_Sperm (130).bmp,1,test
smids/Normal_Sperm/Normal_Sperm (131).bmp,1,test
smids/Normal_Sperm/Normal_Sperm (137).bmp,1,test
smids/Normal_Sperm/Normal_Sperm (155).bmp,1,test
smids/Normal_Sperm/Normal_Sperm (156).bmp,1,test
smids/Normal_Sperm/Normal_Sperm (159).bmp,1,test
smids/Normal_Sperm/Normal_Sperm (161).bmp,1,test
smids/Normal_Sperm/Normal_Sperm (166).bmp,1,test
smids/Normal_Sperm/Normal_Sperm (167).bmp,1,test
smids/Normal_Sperm/Normal_Sperm (169).bmp,1,test
smids/Normal_Sperm/Normal_Sperm (177).bmp,1,test
smids/Normal_Sperm/Normal_Sperm (18).bmp,1,test
smids/Normal_Sperm/Normal_Sperm (183).bmp,1,test
smids/Normal_Sperm/Normal_Sperm (185).bmp,1,test
smids/Normal_Sperm/Normal_Sperm (188).bmp,1,test
smids/Normal_Sperm/Normal_Sperm (196).bmp,1,test
smids/Normal_Sperm/Normal_Sperm (200).bmp,1,test
smids/Normal_Sperm/Normal_Sperm (213).bmp,1,test
smids/Normal_Sperm/Normal_Sperm (216).bmp,1,test
smids/Normal_Sperm/Normal_Sperm (217).bmp,1,test
smids/Normal_Sperm/Normal_Sperm (219).bmp,1,test
smids/Normal_Sperm/Normal_Sperm (224).bmp,1,test
smids/Normal_Sperm/Normal_Sperm (228).bmp,1,test
smids/Normal_Sperm/Normal_Sperm (229).bmp,1,test
smids/Normal_Sperm/Normal_Sperm (232).bmp,1,test
smids/Normal_Sperm/Normal_Sperm (237).bmp,1,test
smids/Normal_Sperm/Normal_Sperm (241).bmp,1,test
smids/Normal_Sperm/Normal_Sperm (25).bmp,1,test
smids/Normal_Sperm/Normal_Sperm (253).bmp,1,test
smids/Normal_Sperm/Normal_Sperm (254).bmp,1,test
smids/Normal_Sperm/Normal_Sperm (266).bmp,1,test
smids/Normal_Sperm/Normal_Sperm (268).bmp,1,test
smids/Normal_Sperm/Normal_Sperm (275).bmp,1,test
smids/Normal_Sperm/Normal_Sperm (283).bmp,1,test
smids/Normal_Sperm/Normal_Sperm (293).bmp,1,test
smids/Normal_Sperm/Normal_Sperm (294).bmp,1,test
smids/Normal_Sperm/Normal_Sperm (303).bmp,1,test
smids/Normal_Sperm/Normal_Sperm (304).bmp,1,test
smids/Normal_Sperm/Normal_Sperm (309).bmp,1,test
smids/Normal_Sperm/Normal_Sperm (312).bmp,1,test
smids/Normal_Sperm/Normal_Sperm (314).bmp,1,test
smids/Normal_Sperm/Normal_Sperm (317).bmp,1,test
smids/Normal_Sperm/Normal_Sperm (324).bmp,1,test
smids/Normal_Sperm/Normal_Sperm (325).bmp,1,test
smids/Normal_Sperm/Normal_Sperm (33).bmp,1,test
smids/Normal_Sperm/Normal_Sperm (330).bmp,1,test
smids/Normal_Sperm/Normal_Sperm (335).bmp,1,test
smids/Normal_Sperm/Normal_Sperm (338).bmp,1,test
smids/Normal_Sperm/Normal_Sperm (340).bmp,1,test
smids/Normal_Sperm/Normal_Sperm (345).bmp,1,test
smids/Normal_Sperm/Normal_Sperm (346).bmp,1,test
smids/Normal_Sperm/Normal_Sperm (348).bmp,1,test
smids/Normal_Sperm/Normal_Sperm (366).bmp,1,test
smids/Normal_Sperm/Normal_Sperm (378).bmp,1,test
smids/Normal_Sperm/Normal_Sperm (379).bmp,1,test
smids/Normal_Sperm/Normal_Sperm (384).bmp,1,test
smids/Normal_Sperm/Normal_Sperm (397).bmp,1,test
smids/Normal_Sperm/Normal_Sperm (398).bmp,1,test
smids/Normal_Sperm/Normal_Sperm (4).bmp,1,test
smids/Normal_Sperm/Normal_Sperm (403).bmp,1,test
smids/Normal_Sperm/Normal_Sperm (412).bmp,1,test
smids/Normal_Sperm/Normal_Sperm (417).bmp,1,test
smids/Normal_Sperm/Normal_Sperm (428).bmp,1,test
smids/Normal_Sperm/Normal_Sperm (432).bmp,1,test
smids/Normal_Sperm/Normal_Sperm (437).bmp,1,test
smids/Normal_Sperm/Normal_Sperm (440).bmp,1,test
smids/Normal_Sperm/Normal_Sperm (442).bmp,1,test
smids/Normal_Sperm/Normal_Sperm (450).bmp,1,test
smids/Normal_Sperm/Normal_Sperm (451).bmp,1,test
smids/Normal_Sperm/Normal_Sperm (455).bmp,1,test
smids/Normal_Sperm/Normal_Sperm (461).bmp,1,test
smids/Normal_Sperm/Normal_Sperm (464).bmp,1,test
smids/Normal_Sperm/Normal_Sperm (465).bmp,1,test
smids/Normal_Sperm/Normal_Sperm (470).bmp,1,test
smids/Normal_Sperm/Normal_Sperm (477).bmp,1,test
smids/Normal_Sperm/Normal_Sperm (48).bmp,1,test
smids/Normal_Sperm/Normal_Sperm (483).bmp,1,test
smids/Normal_Sperm/Normal_Sperm (488).bmp,1,test
smids/Normal_Sperm/Normal_Sperm (49).bmp,1,test
smids/Normal_Sperm/Normal_Sperm (499).bmp,1,test
smids/Normal_Sperm/Normal_Sperm (500).bmp,1,test
smids/Normal_Sperm/Normal_Sperm (505).bmp,1,test
smids/Normal_Sperm/Normal_Sperm (520).bmp,1,test
smids/Normal_Sperm/Normal_Sperm (525).bmp,1,test
smids/Normal_Sperm/Normal_Sperm (526).bmp,1,test
smids/Normal_Sperm/Normal_Sperm (527).bmp,1,test
smids/Normal_Sperm/Normal_Sperm (529).bmp,1,test
smids/Normal_Sperm/Normal_Sperm (530).bmp,1,test
smids/Normal_Sperm/Normal_Sperm (532).bmp,1,test
smids/Normal_Sperm/Normal_Sperm (540).bmp,1,test
smids/Normal_Sperm/Normal_Sperm (541).bmp,1,test
smids/Normal_Sperm/Normal_Sperm (542).bmp,1,test
smids/Normal_Sperm/Normal_Sperm (544).bmp,1,test
smids/Normal_Sperm/Normal_Sperm (546).bmp,1,test
smids/Normal_Sperm/Normal_Sperm (547).bmp,1,test
smids/Normal_Sperm/Normal_Sperm (549).bmp,1,test
smids/Normal_Sperm/Normal_Sperm (55).bmp,1,test
smids/Normal_Sperm/Normal_Sperm (555).bmp,1,test
smids/Normal_Sperm/Normal_Sperm (560).bmp,1,test
smids/Normal_Sperm/Normal_Sperm (561).bmp,1,test
smids/Normal_Sperm/Normal_Sperm (562).bmp,1,test
smids/Normal_Sperm/Normal_Sperm (563).bmp,1,test
smids/Normal_Sperm/Normal_Sperm (568).bmp,1,test
smids/Normal_Sperm/Normal_Sperm (572).bmp,1,test
smids/Normal_Sperm/Normal_Sperm (579).bmp,1,test
smids/Normal_Sperm/Normal_Sperm (59).bmp,1,test
smids/Normal_Sperm/Normal_Sperm (598).bmp,1,test
smids/Normal_Sperm/Normal_Sperm (600).bmp,1,test
smids/Normal_Sperm/Normal_Sperm (605).bmp,1,test
smids/Normal_Sperm/Normal_Sperm (613).bmp,1,test
smids/Normal_Sperm/Normal_Sperm (615).bmp,1,test
smids/Normal_Sperm/Normal_Sperm (633).bmp,1,test
smids/Normal_Sperm/Normal_Sperm (635).bmp,1,test
smids/Normal_Sperm/Normal_Sperm (637).bmp,1,test
smids/Normal_Sperm/Normal_Sperm (642).bmp,1,test
smids/Normal_Sperm/Normal_Sperm (647).bmp,1,test
smids/Normal_Sperm/Normal_Sperm (649).bmp,1,test
smids/Normal_Sperm/Normal_Sperm (65).bmp,1,test
smids/Normal_Sperm/Normal_Sperm (655).bmp,1,test
smids/Normal_Sperm/Normal_Sperm (658).bmp,1,test
smids/Normal_Sperm/Normal_Sperm (666).bmp,1,test
smids/Normal_Sperm/Normal_Sperm (672).bmp,1,test
smids/Normal_Sperm/Normal_Sperm (685).bmp,1,test
smids/Normal_Sperm/Normal_Sperm (696).bmp,1,test
smids/Normal_Sperm/Normal_Sperm (697).bmp,1,test
smids/Normal_Sperm/Normal_Sperm (705).bmp,1,test
smids/Normal_Sperm/Normal_Sperm (717).bmp,1,test
smids/Normal_Sperm/Normal_Sperm (718).bmp,1,test
smids/Normal_Sperm/Normal_Sperm (720).bmp,1,test
smids/Normal_Sperm/Normal_Sperm (721).bmp,1,test
smids/Normal_Sperm/Normal_Sperm (730).bmp,1,test
smids/Normal_Sperm/Normal_Sperm (741).bmp,1,test
smids/Normal_Sperm/Normal_Sperm (743).bmp,1,test
smids/Normal_Sperm/Normal_Sperm (744).bmp,1,test
smids/Normal_Sperm/Normal_Sperm (748).bmp,1,test
smids/Normal_Sperm/Normal_Sperm (75).bmp,1,test
smids/Normal_Sperm/Normal_Sperm (752).bmp,1,test
smids/Normal_Sperm/Normal_Sperm (758).bmp,1,test
smids/Normal_Sperm/Normal_Sperm (759).bmp,1,test
smids/Normal_Sperm/Normal_Sperm (760).bmp,1,test
smids/Normal_Sperm/Normal_Sperm (762).bmp,1,test
smids/Normal_Sperm/Normal_Sperm (764).bmp,1,test
smids/Normal_Sperm/Normal_Sperm (77).bmp,1,test
smids/Normal_Sperm/Normal_Sperm (784).bmp,1,test
smids/Normal_Sperm/Normal_Sperm (787).bmp,1,test
smids/Normal_Sperm/Normal_Sperm (790).bmp,1,test
smids/Normal_Sperm/Normal_Sperm (794).bmp,1,test
smids/Normal_Sperm/Normal_Sperm (801).bmp,1,test
smids/Normal_Sperm/Normal_Sperm (806).bmp,1,test
smids/Normal_Sperm/Normal_Sperm (807).bmp,1,test
smids/Normal_Sperm/Normal_Sperm (809).bmp,1,test
smids/Normal_Sperm/Normal_Sperm (811).bmp,1,test
smids/Normal_Sperm/Normal_Sperm (815).bmp,1,test
smids/Normal_Sperm/Normal_Sperm (816).bmp,1,test
smids/Normal_Sperm/Normal_Sperm (817).bmp,1,test
smids/Normal_Sperm/Normal_Sperm (819).bmp,1,test
smids/Normal_Sperm/Normal_Sperm (822).bmp,1,test
smids/Normal_Sperm/Normal_Sperm (823).bmp,1,test
smids/Normal_Sperm/Normal_Sperm (824).bmp,1,test
smids/Normal_Sperm/Normal_Sperm (83).bmp,1,test
smids/Normal_Sperm/Normal_Sperm (840).bmp,1,test
smids/Normal_Sperm/Normal_Sperm (841).bmp,1,test
smids/Normal_Sperm/Normal_Sperm (847).bmp,1,test
smids/Normal_Sperm/Normal_Sperm (849).bmp,1,test
smids/Normal_Sperm/Normal_Sperm (857).bmp,1,test
smids/Normal_Sperm/Normal_Sperm (866).bmp,1,test
smids/Normal_Sperm/Normal_Sperm (876).bmp,1,test
smids/Normal_Sperm/Normal_Sperm (883).bmp,1,test
smids/Normal_Sperm/Normal_Sperm (884).bmp,1,test
smids/Normal_Sperm/Normal_Sperm (890).bmp,1,test
smids/Normal_Sperm/Normal_Sperm (90).bmp,1,test
smids/Normal_Sperm/Normal_Sperm (919).bmp,1,test
smids/Normal_Sperm/Normal_Sperm (925).bmp,1,test
smids/Normal_Sperm/Normal_Sperm (928).bmp,1,test
smids/Normal_Sperm/Normal_Sperm (930).bmp,1,test
smids/Normal_Sperm/Normal_Sperm (934).bmp,1,test
smids/Normal_Sperm/Normal_Sperm (939).bmp,1,test
smids/Normal_Sperm/Normal_Sperm (952).bmp,1,test
smids/Normal_Sperm/Normal_Sperm (953).bmp,1,test
smids/Normal_Sperm/Normal_Sperm (954).bmp,1,test
smids/Normal_Sperm/Normal_Sperm (966).bmp,1,test
smids/Normal_Sperm/Normal_Sperm (970).bmp,1,test
smids/Normal_Sperm/Normal_Sperm (976).bmp,1,test
smids/Normal_Sperm/Normal_Sperm (977).bmp,1,test
smids/Normal_Sperm/Normal_Sperm (985).bmp,1,test
smids/Normal_Sperm/Normal_Sperm (99).bmp,1,test
smids/Normal_Sperm/Normal_Sperm (996).bmp,1,test
smids/Normal_Sperm/Normal_Sperm (998).bmp,1,test
smids/Normal_Sperm/Normal_Sperm (999).bmp,1,test
smids/Abnormal_Sperm/Abnormal_Sperm (1).bmp,1,train
smids/Abnormal_Sperm/Abnormal_Sperm (1000).bmp,1,train
smids/Abnormal_Sperm/Abnormal_Sperm (1001).bmp,1,train
smids/Abnormal_Sperm/Abnormal_Sperm (1004).bmp,1,train
smids/Abnormal_Sperm/Abnormal_Sperm (102).bmp,1,train
smids/Abnormal_Sperm/Abnormal_Sperm (105).bmp,1,train
smids/Abnormal_Sperm/Abnormal_Sperm (106).bmp,1,train
smids/Abnormal_Sperm/Abnormal_Sperm (108).bmp,1,train
smids/Abnormal_Sperm/Abnormal_Sperm (109).bmp,1,train
smids/Abnormal_Sperm/Abnormal_Sperm (112).bmp,1,train
smids/Abnormal_Sperm/Abnormal_Sperm (115).bmp,1,train
smids/Abnormal_Sperm/Abnormal_Sperm (117).bmp,1,train
smids/Abnormal_Sperm/Abnormal_Sperm (118).bmp,1,train
smids/Abnormal_Sperm/Abnormal_Sperm (12).bmp,1,train
smids/Abnormal_Sperm/Abnormal_Sperm (122).bmp,1,train
smids/Abnormal_Sperm/Abnormal_Sperm (123).bmp,1,train
smids/Abnormal_Sperm/Abnormal_Sperm (124).bmp,1,train
smids/Abnormal_Sperm/Abnormal_Sperm (125).bmp,1,train
smids/Abnormal_Sperm/Abnormal_Sperm (127).bmp,1,train
smids/Abnormal_Sperm/Abnormal_Sperm (129).bmp,1,train
smids/Abnormal_Sperm/Abnormal_Sperm (13).bmp,1,train
smids/Abnormal_Sperm/Abnormal_Sperm (130).bmp,1,train
smids/Abnormal_Sperm/Abnormal_Sperm (134).bmp,1,train
smids/Abnormal_Sperm/Abnormal_Sperm (136).bmp,1,train
smids/Abnormal_Sperm/Abnormal_Sperm (14).bmp,1,train
smids/Abnormal_Sperm/Abnormal_Sperm (141).bmp,1,train
smids/Abnormal_Sperm/Abnormal_Sperm (142).bmp,1,train
smids/Abnormal_Sperm/Abnormal_Sperm (143).bmp,1,train
smids/Abnormal_Sperm/Abnormal_Sperm (145).bmp,1,train
smids/Abnormal_Sperm/Abnormal_Sperm (146).bmp,1,train
smids/Abnormal_Sperm/Abnormal_Sperm (147).bmp,1,train
smids/Abnormal_Sperm/Abnormal_Sperm (148).bmp,1,train
smids/Abnormal_Sperm/Abnormal_Sperm (149).bmp,1,train
smids/Abnormal_Sperm/Abnormal_Sperm (150).bmp,1,train
smids/Abnormal_Sperm/Abnormal_Sperm (151).bmp,1,train
smids/Abnormal_Sperm/Abnormal_Sperm (154).bmp,1,train
smids/Abnormal_Sperm/Abnormal_Sperm (156).bmp,1,train
smids/Abnormal_Sperm/Abnormal_Sperm (157).bmp,1,train
smids/Abnormal_Sperm/Abnormal_Sperm (158).bmp,1,train
smids/Abnormal_Sperm/Abnormal_Sperm (16).bmp,1,train
smids/Abnormal_Sperm/Abnormal_Sperm (162).bmp,1,train
smids/Abnormal_Sperm/Abnormal_Sperm (164).bmp,1,train
smids/Abnormal_Sperm/Abnormal_Sperm (165).bmp,1,train
smids/Abnormal_Sperm/Abnormal_Sperm (166).bmp,1,train
smids/Abnormal_Sperm/Abnormal_Sperm (168).bmp,1,train
smids/Abnormal_Sperm/Abnormal_Sperm (169).bmp,1,train
smids/Abnormal_Sperm/Abnormal_Sperm (17).bmp,1,train
smids/Abnormal_Sperm/Abnormal_Sperm (171).bmp,1,train
smids/Abnormal_Sperm/Abnormal_Sperm (172).bmp,1,train
smids/Abnormal_Sperm/Abnormal_Sperm (173).bmp,1,train
smids/Abnormal_Sperm/Abnormal_Sperm (177).bmp,1,train
smids/Abnormal_Sperm/Abnormal_Sperm (178).bmp,1,train
smids/Abnormal_Sperm/Abnormal_Sperm (179).bmp,1,train
smids/Abnormal_Sperm/Abnormal_Sperm (18).bmp,1,train
smids/Abnormal_Sperm/Abnormal_Sperm (180).bmp,1,train
smids/Abnormal_Sperm/Abnormal_Sperm (181).bmp,1,train
smids/Abnormal_Sperm/Abnormal_Sperm (183).bmp,1,train
smids/Abnormal_Sperm/Abnormal_Sperm (184).bmp,1,train
smids/Abnormal_Sperm/Abnormal_Sperm (185).bmp,1,train
smids/Abnormal_Sperm/Abnormal_Sperm (188).bmp,1,train
smids/Abnormal_Sperm/Abnormal_Sperm (19).bmp,1,train
smids/Abnormal_Sperm/Abnormal_Sperm (191).bmp,1,train
smids/Abnormal_Sperm/Abnormal_Sperm (193).bmp,1,train
smids/Abnormal_Sperm/Abnormal_Sperm (194).bmp,1,train
smids/Abnormal_Sperm/Abnormal_Sperm (196).bmp,1,train
smids/Abnormal_Sperm/Abnormal_Sperm (2).bmp,1,train
smids/Abnormal_Sperm/Abnormal_Sperm (203).bmp,1,train
smids/Abnormal_Sperm/Abnormal_Sperm (208).bmp,1,train
smids/Abnormal_Sperm/Abnormal_Sperm (215).bmp,1,train
smids/Abnormal_Sperm/Abnormal_Sperm (216).bmp,1,train
smids/Abnormal_Sperm/Abnormal_Sperm (217).bmp,1,train
smids/Abnormal_Sperm/Abnormal_Sperm (218).bmp,1,train
smids/Abnormal_Sperm/Abnormal_Sperm (221).bmp,1,train
smids/Abnormal_Sperm/Abnormal_Sperm (222).bmp,1,train
smids/Abnormal_Sperm/Abnormal_Sperm (224).bmp,1,train
smids/Abnormal_Sperm/Abnormal_Sperm (225).bmp,1,train
smids/Abnormal_Sperm/Abnormal_Sperm (228).bmp,1,train
smids/Abnormal_Sperm/Abnormal_Sperm (23).bmp,1,train
smids/Abnormal_Sperm/Abnormal_Sperm (230).bmp,1,train
smids/Abnormal_Sperm/Abnormal_Sperm (231).bmp,1,train
smids/Abnormal_Sperm/Abnormal_Sperm (233).bmp,1,train
smids/Abnormal_Sperm/Abnormal_Sperm (24).bmp,1,train
smids/Abnormal_Sperm/Abnormal_Sperm (243).bmp,1,train
smids/Abnormal_Sperm/Abnormal_Sperm (244).bmp,1,train
smids/Abnormal_Sperm/Abnormal_Sperm (247).bmp,1,train
smids/Abnormal_Sperm/Abnormal_Sperm (248).bmp,1,train
smids/Abnormal_Sperm/Abnormal_Sperm (249).bmp,1,train
smids/Abnormal_Sperm/Abnormal_Sperm (25).bmp,1,train
smids/Abnormal_Sperm/Abnormal_Sperm (250).bmp,1,train
smids/Abnormal_Sperm/Abnormal_Sperm (251).bmp,1,train
smids/Abnormal_Sperm/Abnormal_Sperm (257).bmp,1,train
smids/Abnormal_Sperm/Abnormal_Sperm (259).bmp,1,train
smids/Abnormal_Sperm/Abnormal_Sperm (262).bmp,1,train
smids/Abnormal_Sperm/Abnormal_Sperm (263).bmp,1,train
smids/Abnormal_Sperm/Abnormal_Sperm (264).bmp,1,train
smids/Abnormal_Sperm/Abnormal_Sperm (266).bmp,1,train
smids/Abnormal_Sperm/Abnormal_Sperm (267).bmp,1,train
smids/Abnormal_Sperm/Abnormal_Sperm (269).bmp,1,train
smids/Abnormal_Sperm/Abnormal_Sperm (270).bmp,1,train
smids/Abnormal_Sperm/Abnormal_Sperm (271).bmp,1,train
smids/Abnormal_Sperm/Abnormal_Sperm (273).bmp,1,train
smids/Abnormal_Sperm/Abnormal_Sperm (274).bmp,1,train
smids/Abnormal_Sperm/Abnormal_Sperm (277).bmp,1,train
smids/Abnormal_Sperm/Abnormal_Sperm (278).bmp,1,train
smids/Abnormal_Sperm/Abnormal_Sperm (279).bmp,1,train
smids/Abnormal_Sperm/Abnormal_Sperm (28).bmp,1,train
smids/Abnormal_Sperm/Abnormal_Sperm (280).bmp,1,train
smids/Abnormal_Sperm/Abnormal_Sperm (284).bmp,1,train
smids/Abnormal_Sperm/Abnormal_Sperm (285).bmp,1,train
smids/Abnormal_Sperm/Abnormal_Sperm (287).bmp,1,train
smids/Abnormal_Sperm/Abnormal_Sperm (288).bmp,1,train
smids/Abnormal_Sperm/Abnormal_Sperm (293).bmp,1,train
smids/Abnormal_Sperm/Abnormal_Sperm (296).bmp,1,train
smids/Abnormal_Sperm/Abnormal_Sperm (297).bmp,1,train
smids/Abnormal_Sperm/Abnormal_Sperm (298).bmp,1,train
smids/Abnormal_Sperm/Abnormal_Sperm (299).bmp,1,train
smids/Abnormal_Sperm/Abnormal_Sperm (300).bmp,1,train
smids/Abnormal_Sperm/Abnormal_Sperm (301).bmp,1,train
smids/Abnormal_Sperm/Abnormal_Sperm (303).bmp,1,train
smids/Abnormal_Sperm/Abnormal_Sperm (305).bmp,1,train
smids/Abnormal_Sperm/Abnormal_Sperm (306).bmp,1,train
smids/Abnormal_Sperm/Abnormal_Sperm (307).bmp,1,train
smids/Abnormal_Sperm/Abnormal_Sperm (308).bmp,1,train
smids/Abnormal_Sperm/Abnormal_Sperm (309).bmp,1,train
smids/Abnormal_Sperm/Abnormal_Sperm (31).bmp,1,train
smids/Abnormal_Sperm/Abnormal_Sperm (311).bmp,1,train
smids/Abnormal_Sperm/Abnormal_Sperm (312).bmp,1,train
smids/Abnormal_Sperm/Abnormal_Sperm (313).bmp,1,train
smids/Abnormal_Sperm/Abnormal_Sperm (315).bmp,1,train
smids/Abnormal_Sperm/Abnormal_Sperm (316).bmp,1,train
smids/Abnormal_Sperm/Abnormal_Sperm (318).bmp,1,train
smids/Abnormal_Sperm/Abnormal_Sperm (321).bmp,1,train
smids/Abnormal_Sperm/Abnormal_Sperm (322).bmp,1,train
smids/Abnormal_Sperm/Abnormal_Sperm (324).bmp,1,train
smids/Abnormal_Sperm/Abnormal_Sperm (325).bmp,1,train
smids/Abnormal_Sperm/Abnormal_Sperm (327).bmp,1,train
smids/Abnormal_Sperm/Abnormal_Sperm (329).bmp,1,train
smids/Abnormal_Sperm/Abnormal_Sperm (337).bmp,1,train
smids/Abnormal_Sperm/Abnormal_Sperm (338).bmp,1,train
smids/Abnormal_Sperm/Abnormal_Sperm (343).bmp,1,train
smids/Abnormal_Sperm/Abnormal_Sperm (347).bmp,1,train
smids/Abnormal_Sperm/Abnormal_Sperm (348).bmp,1,train
smids/Abnormal_Sperm/Abnormal_Sperm (349).bmp,1,train
smids/Abnormal_Sperm/Abnormal_Sperm (35).bmp,1,train
smids/Abnormal_Sperm/Abnormal_Sperm (350).bmp,1,train
smids/Abnormal_Sperm/Abnormal_Sperm (352).bmp,1,train
smids/Abnormal_Sperm/Abnormal_Sperm (354).bmp,1,train
smids/Abnormal_Sperm/Abnormal_Sperm (358).bmp,1,train
smids/Abnormal_Sperm/Abnormal_Sperm (359).bmp,1,train
smids/Abnormal_Sperm/Abnormal_Sperm (363).bmp,1,train
smids/Abnormal_Sperm/Abnormal_Sperm (364).bmp,1,train
smids/Abnormal_Sperm/Abnormal_Sperm (365).bmp,1,train
smids/Abnormal_Sperm/Abnormal_Sperm (368).bmp,1,train
smids/Abnormal_Sperm/Abnormal_Sperm (372).bmp,1,train
smids/Abnormal_Sperm/Abnormal_Sperm (373).bmp,1,train
smids/Abnormal_Sperm/Abnormal_Sperm (376).bmp,1,train
smids/Abnormal_Sperm/Abnormal_Sperm (378).bmp,1,train
smids/Abnormal_Sperm/Abnormal_Sperm (379).bmp,1,train
smids/Abnormal_Sperm/Abnormal_Sperm (380).bmp,1,train
smids/Abnormal_Sperm/Abnormal_Sperm (383).bmp,1,train
smids/Abnormal_Sperm/Abnormal_Sperm (384).bmp,1,train
smids/Abnormal_Sperm/Abnormal_Sperm (385).bmp,1,train
smids/Abnormal_Sperm/Abnormal_Sperm (386).bmp,1,train
smids/Abnormal_Sperm/Abnormal_Sperm (39).bmp,1,train
smids/Abnormal_Sperm/Abnormal_Sperm (392).bmp,1,train
smids/Abnormal_Sperm/Abnormal_Sperm (394).bmp,1,train
smids/Abnormal_Sperm/Abnormal_Sperm (397).bmp,1,train
smids/Abnormal_Sperm/Abnormal_Sperm (398).bmp,1,train
smids/Abnormal_Sperm/Abnormal_Sperm (400).bmp,1,train
smids/Abnormal_Sperm/Abnormal_Sperm (402).bmp,1,train
smids/Abnormal_Sperm/Abnormal_Sperm (403).bmp,1,train
smids/Abnormal_Sperm/Abnormal_Sperm (404).bmp,1,train
smids/Abnormal_Sperm/Abnormal_Sperm (407).bmp,1,train
smids/Abnormal_Sperm/Abnormal_Sperm (408).bmp,1,train
smids/Abnormal_Sperm/Abnormal_Sperm (410).bmp,1,train
smids/Abnormal_Sperm/Abnormal_Sperm (412).bmp,1,train
smids/Abnormal_Sperm/Abnormal_Sperm (414).bmp,1,train
smids/Abnormal_Sperm/Abnormal_Sperm (415).bmp,1,train
smids/Abnormal_Sperm/Abnormal_Sperm (419).bmp,1,train
smids/Abnormal_Sperm/Abnormal_Sperm (420).bmp,1,train
smids/Abnormal_Sperm/Abnormal_Sperm (421).bmp,1,train
smids/Abnormal_Sperm/Abnormal_Sperm (423).bmp,1,train
smids/Abnormal_Sperm/Abnormal_Sperm (426).bmp,1,train
smids/Abnormal_Sperm/Abnormal_Sperm (428).bmp,1,train
smids/Abnormal_Sperm/Abnormal_Sperm (429).bmp,1,train
smids/Abnormal_Sperm/Abnormal_Sperm (430).bmp,1,train
smids/Abnormal_Sperm/Abnormal_Sperm (431).bmp,1,train
smids/Abnormal_Sperm/Abnormal_Sperm (432).bmp,1,train
smids/Abnormal_Sperm/Abnormal_Sperm (433).bmp,1,train
smids/Abnormal_Sperm/Abnormal_Sperm (439).bmp,1,train
smids/Abnormal_Sperm/Abnormal_Sperm (440).bmp,1,train
smids/Abnormal_Sperm/Abnormal_Sperm (441).bmp,1,train
smids/Abnormal_Sperm/Abnormal_Sperm (443).bmp,1,train
smids/Abnormal_Sperm/Abnormal_Sperm (444).bmp,1,train
smids/Abnormal_Sperm/Abnormal_Sperm (445).bmp,1,train
smids/Abnormal_Sperm/Abnormal_Sperm (447).bmp,1,train
smids/Abnormal_Sperm/Abnormal_Sperm (453).bmp,1,train
smids/Abnormal_Sperm/Abnormal_Sperm (457).bmp,1,train
smids/Abnormal_Sperm/Abnormal_Sperm (459).bmp,1,train
smids/Abnormal_Sperm/Abnormal_Sperm (460).bmp,1,train
smids/Abnormal_Sperm/Abnormal_Sperm (461).bmp,1,train
smids/Abnormal_Sperm/Abnormal_Sperm (463).bmp,1,train
smids/Abnormal_Sperm/Abnormal_Sperm (464).bmp,1,train
smids/Abnormal_Sperm/Abnormal_Sperm (466).bmp,1,train
smids/Abnormal_Sperm/Abnormal_Sperm (470).bmp,1,train
smids/Abnormal_Sperm/Abnormal_Sperm (471).bmp,1,train
smids/Abnormal_Sperm/Abnormal_Sperm (474).bmp,1,train
smids/Abnormal_Sperm/Abnormal_Sperm (475).bmp,1,train
smids/Abnormal_Sperm/Abnormal_Sperm (477).bmp,1,train
smids/Abnormal_Sperm/Abnormal_Sperm (479).bmp,1,train
smids/Abnormal_Sperm/Abnormal_Sperm (483).bmp,1,train
smids/Abnormal_Sperm/Abnormal_Sperm (484).bmp,1,train
smids/Abnormal_Sperm/Abnormal_Sperm (485).bmp,1,train
smids/Abnormal_Sperm/Abnormal_Sperm (486).bmp,1,train
smids/Abnormal_Sperm/Abnormal_Sperm (488).bmp,1,train
smids/Abnormal_Sperm/Abnormal_Sperm (489).bmp,1,train
smids/Abnormal_Sperm/Abnormal_Sperm (494).bmp,1,train
smids/Abnormal_Sperm/Abnormal_Sperm (495).bmp,1,train
smids/Abnormal_Sperm/Abnormal_Sperm (496).bmp,1,train
smids/Abnormal_Sperm/Abnormal_Sperm (497).bmp,1,train
smids/Abnormal_Sperm/Abnormal_Sperm (501).bmp,1,train
smids/Abnormal_Sperm/Abnormal_Sperm (502).bmp,1,train
smids/Abnormal_Sperm/Abnormal_Sperm (504).bmp,1,train
smids/Abnormal_Sperm/Abnormal_Sperm (506).bmp,1,train
smids/Abnormal_Sperm/Abnormal_Sperm (510).bmp,1,train
smids/Abnormal_Sperm/Abnormal_Sperm (512).bmp,1,train
smids/Abnormal_Sperm/Abnormal_Sperm (513).bmp,1,train
smids/Abnormal_Sperm/Abnormal_Sperm (514).bmp,1,train
smids/Abnormal_Sperm/Abnormal_Sperm (515).bmp,1,train
smids/Abnormal_Sperm/Abnormal_Sperm (517).bmp,1,train
smids/Abnormal_Sperm/Abnormal_Sperm (518).bmp,1,train
smids/Abnormal_Sperm/Abnormal_Sperm (521).bmp,1,train
smids/Abnormal_Sperm/Abnormal_Sperm (525).bmp,1,train
smids/Abnormal_Sperm/Abnormal_Sperm (527).bmp,1,train
smids/Abnormal_Sperm/Abnormal_Sperm (528).bmp,1,train
smids/Abnormal_Sperm/Abnormal_Sperm (529).bmp,1,train
smids/Abnormal_Sperm/Abnormal_Sperm (530).bmp,1,train
smids/Abnormal_Sperm/Abnormal_Sperm (531).bmp,1,train
smids/Abnormal_Sperm/Abnormal_Sperm (534).bmp,1,train
smids/Abnormal_Sperm/Abnormal_Sperm (535).bmp,1,train
smids/Abnormal_Sperm/Abnormal_Sperm (536).bmp,1,train
smids/Abnormal_Sperm/Abnormal_Sperm (537).bmp,1,train
smids/Abnormal_Sperm/Abnormal_Sperm (538).bmp,1,train
smids/Abnormal_Sperm/Abnormal_Sperm (539).bmp,1,train
smids/Abnormal_Sperm/Abnormal_Sperm (54).bmp,1,train
smids/Abnormal_Sperm/Abnormal_Sperm (542).bmp,1,train
smids/Abnormal_Sperm/Abnormal_Sperm (544).bmp,1,train
smids/Abnormal_Sperm/Abnormal_Sperm (546).bmp,1,train
smids/Abnormal_Sperm/Abnormal_Sperm (547).bmp,1,train
smids/Abnormal_Sperm/Abnormal_Sperm (549).bmp,1,train
smids/Abnormal_Sperm/Abnormal_Sperm (550).bmp,1,train
smids/Abnormal_Sperm/Abnormal_Sperm (553).bmp,1,train
smids/Abnormal_Sperm/Abnormal_Sperm (554).bmp,1,train
smids/Abnormal_Sperm/Abnormal_Sperm (555).bmp,1,train
smids/Abnormal_Sperm/Abnormal_Sperm (558).bmp,1,train
smids/Abnormal_Sperm/Abnormal_Sperm (561).bmp,1,train
smids/Abnormal_Sperm/Abnormal_Sperm (562).bmp,1,train
smids/Abnormal_Sperm/Abnormal_Sperm (563).bmp,1,train
smids/Abnormal_Sperm/Abnormal_Sperm (567).bmp,1,train
smids/Abnormal_Sperm/Abnormal_Sperm (568).bmp,1,train
smids/Abnormal_Sperm/Abnormal_Sperm (569).bmp,1,train
smids/Abnormal_Sperm/Abnormal_Sperm (57).bmp,1,train
smids/Abnormal_Sperm/Abnormal_Sperm (570).bmp,1,train
smids/Abnormal_Sperm/Abnormal_Sperm (571).bmp,1,train
smids/Abnormal_Sperm/Abnormal_Sperm (572).bmp,1,train
smids/Abnormal_Sperm/Abnormal_Sperm (573).bmp,1,train
smids/Abnormal_Sperm/Abnormal_Sperm (575).bmp,1,train
smids/Abnormal_Sperm/Abnormal_Sperm (578).bmp,1,train
smids/Abnormal_Sperm/Abnormal_Sperm (584).bmp,1,train
smids/Abnormal_Sperm/Abnormal_Sperm (585).bmp,1,train
smids/Abnormal_Sperm/Abnormal_Sperm (586).bmp,1,train
smids/Abnormal_Sperm/Abnormal_Sperm (588).bmp,1,train
smids/Abnormal_Sperm/Abnormal_Sperm (59).bmp,1,train
smids/Abnormal_Sperm/Abnormal_Sperm (592).bmp,1,train
smids/Abnormal_Sperm/Abnormal_Sperm (593).bmp,1,train
smids/Abnormal_Sperm/Abnormal_Sperm (594).bmp,1,train
smids/Abnormal_Sperm/Abnormal_Sperm (595).bmp,1,train
smids/Abnormal_Sperm/Abnormal_Sperm (6).bmp,1,train
smids/Abnormal_Sperm/Abnormal_Sperm (60).bmp,1,train
smids/Abnormal_Sperm/Abnormal_Sperm (600).bmp,1,train
smids/Abnormal_Sperm/Abnormal_Sperm (602).bmp,1,train
smids/Abnormal_Sperm/Abnormal_Sperm (608).bmp,1,train
smids/Abnormal_Sperm/Abnormal_Sperm (61).bmp,1,train
smids/Abnormal_Sperm/Abnormal_Sperm (614).bmp,1,train
smids/Abnormal_Sperm/Abnormal_Sperm (616).bmp,1,train
smids/Abnormal_Sperm/Abnormal_Sperm (617).bmp,1,train
smids/Abnormal_Sperm/Abnormal_Sperm (619).bmp,1,train
smids/Abnormal_Sperm/Abnormal_Sperm (620).bmp,1,train
smids/Abnormal_Sperm/Abnormal_Sperm (621).bmp,1,train
smids/Abnormal_Sperm/Abnormal_Sperm (622).bmp,1,train
smids/Abnormal_Sperm/Abnormal_Sperm (625).bmp,1,train
smids/Abnormal_Sperm/Abnormal_Sperm (628).bmp,1,train
smids/Abnormal_Sperm/Abnormal_Sperm (629).bmp,1,train
smids/Abnormal_Sperm/Abnormal_Sperm (630).bmp,1,train
smids/Abnormal_Sperm/Abnormal_Sperm (632).bmp,1,train
smids/Abnormal_Sperm/Abnormal_Sperm (637).bmp,1,train
smids/Abnormal_Sperm/Abnormal_Sperm (638).bmp,1,train
smids/Abnormal_Sperm/Abnormal_Sperm (639).bmp,1,train
smids/Abnormal_Sperm/Abnormal_Sperm (640).bmp,1,train
smids/Abnormal_Sperm/Abnormal_Sperm (646).bmp,1,train
smids/Abnormal_Sperm/Abnormal_Sperm (647).bmp,1,train
smids/Abnormal_Sperm/Abnormal_Sperm (648).bmp,1,train
smids/Abnormal_Sperm/Abnormal_Sperm (649).bmp,1,train
smids/Abnormal_Sperm/Abnormal_Sperm (651).bmp,1,train
smids/Abnormal_Sperm/Abnormal_Sperm (653).bmp,1,train
smids/Abnormal_Sperm/Abnormal_Sperm (655).bmp,1,train
smids/Abnormal_Sperm/Abnormal_Sperm (656).bmp,1,train
smids/Abnormal_Sperm/Abnormal_Sperm (657).bmp,1,train
smids/Abnormal_Sperm/Abnormal_Sperm (66).bmp,1,train
smids/Abnormal_Sperm/Abnormal_Sperm (661).bmp,1,train
smids/Abnormal_Sperm/Abnormal_Sperm (664).bmp,1,train
smids/Abnormal_Sperm/Abnormal_Sperm (667).bmp,1,train
smids/Abnormal_Sperm/Abnormal_Sperm (669).bmp,1,train
smids/Abnormal_Sperm/Abnormal_Sperm (670).bmp,1,train
smids/Abnormal_Sperm/Abnormal_Sperm (673).bmp,1,train
smids/Abnormal_Sperm/Abnormal_Sperm (675).bmp,1,train
smids/Abnormal_Sperm/Abnormal_Sperm (676).bmp,1,train
smids/Abnormal_Sperm/Abnormal_Sperm (677).bmp,1,train
smids/Abnormal_Sperm/Abnormal_Sperm (682).bmp,1,train
smids/Abnormal_Sperm/Abnormal_Sperm (683).bmp,1,train
smids/Abnormal_Sperm/Abnormal_Sperm (684).bmp,1,train
smids/Abnormal_Sperm/Abnormal_Sperm (687).bmp,1,train
smids/Abnormal_Sperm/Abnormal_Sperm (688).bmp,1,train
smids/Abnormal_Sperm/Abnormal_Sperm (689).bmp,1,train
smids/Abnormal_Sperm/Abnormal_Sperm (69).bmp,1,train
smids/Abnormal_Sperm/Abnormal_Sperm (691).bmp,1,train
smids/Abnormal_Sperm/Abnormal_Sperm (692).bmp,1,train
smids/Abnormal_Sperm/Abnormal_Sperm (693).bmp,1,train
smids/Abnormal_Sperm/Abnormal_Sperm (694).bmp,1,train
smids/Abnormal_Sperm/Abnormal_Sperm (695).bmp,1,train
smids/Abnormal_Sperm/Abnormal_Sperm (696).bmp,1,train
smids/Abnormal_Sperm/Abnormal_Sperm (698).bmp,1,train
smids/Abnormal_Sperm/Abnormal_Sperm (7).bmp,1,train
smids/Abnormal_Sperm/Abnormal_Sperm (70).bmp,1,train
smids/Abnormal_Sperm/Abnormal_Sperm (701).bmp,1,train
smids/Abnormal_Sperm/Abnormal_Sperm (703).bmp,1,train
smids/Abnormal_Sperm/Abnormal_Sperm (704).bmp,1,train
smids/Abnormal_Sperm/Abnormal_Sperm (706).bmp,1,train
smids/Abnormal_Sperm/Abnormal_Sperm (709).bmp,1,train
smids/Abnormal_Sperm/Abnormal_Sperm (71).bmp,1,train
smids/Abnormal_Sperm/Abnormal_Sperm (711).bmp,1,train
smids/Abnormal_Sperm/Abnormal_Sperm (712).bmp,1,train
smids/Abnormal_Sperm/Abnormal_Sperm (714).bmp,1,train
smids/Abnormal_Sperm/Abnormal_Sperm (715).bmp,1,train
smids/Abnormal_Sperm/Abnormal_Sperm (723).bmp,1,train
smids/Abnormal_Sperm/Abnormal_Sperm (724).bmp,1,train
smids/Abnormal_Sperm/Abnormal_Sperm (725).bmp,1,train
smids/Abnormal_Sperm/Abnormal_Sperm (726).bmp,1,train
smids/Abnormal_Sperm/Abnormal_Sperm (727).bmp,1,train
smids/Abnormal_Sperm/Abnormal_Sperm (728).bmp,1,train
smids/Abnormal_Sperm/Abnormal_Sperm (73).bmp,1,train
smids/Abnormal_Sperm/Abnormal_Sperm (732).bmp,1,train
smids/Abnormal_Sperm/Abnormal_Sperm (733).bmp,1,train
smids/Abnormal_Sperm/Abnormal_Sperm (734).bmp,1,train
smids/Abnormal_Sperm/Abnormal_Sperm (736).bmp,1,train
smids/Abnormal_Sperm/Abnormal_Sperm (737).bmp,1,train
smids/Abnormal_Sperm/Abnormal_Sperm (738).bmp,1,train
smids/Abnormal_Sperm/Abnormal_Sperm (739).bmp,1,train
smids/Abnormal_Sperm/Abnormal_Sperm (74).bmp,1,train
smids/Abnormal_Sperm/Abnormal_Sperm (741).bmp,1,train
smids/Abnormal_Sperm/Abnormal_Sperm (743).bmp,1,train
smids/Abnormal_Sperm/Abnormal_Sperm (745).bmp,1,train
smids/Abnormal_Sperm/Abnormal_Sperm (746).bmp,1,train
smids/Abnormal_Sperm/Abnormal_Sperm (747).bmp,1,train
smids/Abnormal_Sperm/Abnormal_Sperm (749).bmp,1,train
smids/Abnormal_Sperm/Abnormal_Sperm (75).bmp,1,train
smids/Abnormal_Sperm/Abnormal_Sperm (750).bmp,1,train
smids/Abnormal_Sperm/Abnormal_Sperm (751).bmp,1,train
smids/Abnormal_Sperm/Abnormal_Sperm (753).bmp,1,train
smids/Abnormal_Sperm/Abnormal_Sperm (754).bmp,1,train
smids/Abnormal_Sperm/Abnormal_Sperm (755).bmp,1,train
smids/Abnormal_Sperm/Abnormal_Sperm (757).bmp,1,train
smids/Abnormal_Sperm/Abnormal_Sperm (759).bmp,1,train
smids/Abnormal_Sperm/Abnormal_Sperm (761).bmp,1,train
smids/Abnormal_Sperm/Abnormal_Sperm (763).bmp,1,train
smids/Abnormal_Sperm/Abnormal_Sperm (765).bmp,1,train
smids/Abnormal_Sperm/Abnormal_Sperm (766).bmp,1,train
smids/Abnormal_Sperm/Abnormal_Sperm (767).bmp,1,train
smids/Abnormal_Sperm/Abnormal_Sperm (768).bmp,1,train
smids/Abnormal_Sperm/Abnormal_Sperm (770).bmp,1,train
smids/Abnormal_Sperm/Abnormal_Sperm (771).bmp,1,train
smids/Abnormal_Sperm/Abnormal_Sperm (772).bmp,1,train
smids/Abnormal_Sperm/Abnormal_Sperm (778).bmp,1,train
smids/Abnormal_Sperm/Abnormal_Sperm (779).bmp,1,train
smids/Abnormal_Sperm/Abnormal_Sperm (780).bmp,1,train
smids/Abnormal_Sperm/Abnormal_Sperm (782).bmp,1,train
smids/Abnormal_Sperm/Abnormal_Sperm (783).bmp,1,train
smids/Abnormal_Sperm/Abnormal_Sperm (784).bmp,1,train
smids/Abnormal_Sperm/Abnormal_Sperm (786).bmp,1,train
smids/Abnormal_Sperm/Abnormal_Sperm (788).bmp,1,train
smids/Abnormal_Sperm/Abnormal_Sperm (790).bmp,1,train
smids/Abnormal_Sperm/Abnormal_Sperm (793).bmp,1,train
smids/Abnormal_Sperm/Abnormal_Sperm (794).bmp,1,train
smids/Abnormal_Sperm/Abnormal_Sperm (795).bmp,1,train
smids/Abnormal_Sperm/Abnormal_Sperm (796).bmp,1,train
smids/Abnormal_Sperm/Abnormal_Sperm (80).bmp,1,train
smids/Abnormal_Sperm/Abnormal_Sperm (800).bmp,1,train
smids/Abnormal_Sperm/Abnormal_Sperm (801).bmp,1,train
smids/Abnormal_Sperm/Abnormal_Sperm (804).bmp,1,train
smids/Abnormal_Sperm/Abnormal_Sperm (806).bmp,1,train
smids/Abnormal_Sperm/Abnormal_Sperm (808).bmp,1,train
smids/Abnormal_Sperm/Abnormal_Sperm (810).bmp,1,train
smids/Abnormal_Sperm/Abnormal_Sperm (811).bmp,1,train
smids/Abnormal_Sperm/Abnormal_Sperm (814).bmp,1,train
smids/Abnormal_Sperm/Abnormal_Sperm (816).bmp,1,train
smids/Abnormal_Sperm/Abnormal_Sperm (818).bmp,1,train
smids/Abnormal_Sperm/Abnormal_Sperm (819).bmp,1,train
smids/Abnormal_Sperm/Abnormal_Sperm (820).bmp,1,train
smids/Abnormal_Sperm/Abnormal_Sperm (821).bmp,1,train
smids/Abnormal_Sperm/Abnormal_Sperm (824).bmp,1,train
smids/Abnormal_Sperm/Abnormal_Sperm (827).bmp,1,train
smids/Abnormal_Sperm/Abnormal_Sperm (829).bmp,1,train
smids/Abnormal_Sperm/Abnormal_Sperm (831).bmp,1,train
smids/Abnormal_Sperm/Abnormal_Sperm (832).bmp,1,train
smids/Abnormal_Sperm/Abnormal_Sperm (833).bmp,1,train
smids/Abnormal_Sperm/Abnormal_Sperm (836).bmp,1,train
smids/Abnormal_Sperm/Abnormal_Sperm (839).bmp,1,train
smids/Abnormal_Sperm/Abnormal_Sperm (84).bmp,1,train
smids/Abnormal_Sperm/Abnormal_Sperm (840).bmp,1,train
smids/Abnormal_Sperm/Abnormal_Sperm (842).bmp,1,train
smids/Abnormal_Sperm/Abnormal_Sperm (844).bmp,1,train
smids/Abnormal_Sperm/Abnormal_Sperm (846).bmp,1,train
smids/Abnormal_Sperm/Abnormal_Sperm (847).bmp,1,train
smids/Abnormal_Sperm/Abnormal_Sperm (849).bmp,1,train
smids/Abnormal_Sperm/Abnormal_Sperm (85).bmp,1,train
smids/Abnormal_Sperm/Abnormal_Sperm (850).bmp,1,train
smids/Abnormal_Sperm/Abnormal_Sperm (857).bmp,1,train
smids/Abnormal_Sperm/Abnormal_Sperm (858).bmp,1,train
smids/Abnormal_Sperm/Abnormal_Sperm (86).bmp,1,train
smids/Abnormal_Sperm/Abnormal_Sperm (860).bmp,1,train
smids/Abnormal_Sperm/Abnormal_Sperm (862).bmp,1,train
smids/Abnormal_Sperm/Abnormal_Sperm (863).bmp,1,train
smids/Abnormal_Sperm/Abnormal_Sperm (864).bmp,1,train
smids/Abnormal_Sperm/Abnormal_Sperm (867).bmp,1,train
smids/Abnormal_Sperm/Abnormal_Sperm (87).bmp,1,train
smids/Abnormal_Sperm/Abnormal_Sperm (870).bmp,1,train
smids/Abnormal_Sperm/Abnormal_Sperm (871).bmp,1,train
smids/Abnormal_Sperm/Abnormal_Sperm (874).bmp,1,train
smids/Abnormal_Sperm/Abnormal_Sperm (876).bmp,1,train
smids/Abnormal_Sperm/Abnormal_Sperm (877).bmp,1,train
smids/Abnormal_Sperm/Abnormal_Sperm (878).bmp,1,train
smids/Abnormal_Sperm/Abnormal_Sperm (879).bmp,1,train
smids/Abnormal_Sperm/Abnormal_Sperm (88).bmp,1,train
smids/Abnormal_Sperm/Abnormal_Sperm (881).bmp,1,train
smids/Abnormal_Sperm/Abnormal_Sperm (884).bmp,1,train
smids/Abnormal_Sperm/Abnormal_Sperm (886).bmp,1,train
smids/Abnormal_Sperm/Abnormal_Sperm (888).bmp,1,train
smids/Abnormal_Sperm/Abnormal_Sperm (891).bmp,1,train
smids/Abnormal_Sperm/Abnormal_Sperm (895).bmp,1,train
smids/Abnormal_Sperm/Abnormal_Sperm (896).bmp,1,train
smids/Abnormal_Sperm/Abnormal_Sperm (897).bmp,1,train
smids/Abnormal_Sperm/Abnormal_Sperm (900).bmp,1,train
smids/Abnormal_Sperm/Abnormal_Sperm (901).bmp,1,train
smids/Abnormal_Sperm/Abnormal_Sperm (903).bmp,1,train
smids/Abnormal_Sperm/Abnormal_Sperm (904).bmp,1,train
smids/Abnormal_Sperm/Abnormal_Sperm (907).bmp,1,train
smids/Abnormal_Sperm/Abnormal_Sperm (908).bmp,1,train
smids/Abnormal_Sperm/Abnormal_Sperm (91).bmp,1,train
smids/Abnormal_Sperm/Abnormal_Sperm (911).bmp,1,train
smids/Abnormal_Sperm/Abnormal_Sperm (915).bmp,1,train
smids/Abnormal_Sperm/Abnormal_Sperm (919).bmp,1,train
smids/Abnormal_Sperm/Abnormal_Sperm (920).bmp,1,train
smids/Abnormal_Sperm/Abnormal_Sperm (921).bmp,1,train
smids/Abnormal_Sperm/Abnormal_Sperm (922).bmp,1,train
smids/Abnormal_Sperm/Abnormal_Sperm (924).bmp,1,train
smids/Abnormal_Sperm/Abnormal_Sperm (925).bmp,1,train
smids/Abnormal_Sperm/Abnormal_Sperm (926).bmp,1,train
smids/Abnormal_Sperm/Abnormal_Sperm (927).bmp,1,train
smids/Abnormal_Sperm/Abnormal_Sperm (931).bmp,1,train
smids/Abnormal_Sperm/Abnormal_Sperm (933).bmp,1,train
smids/Abnormal_Sperm/Abnormal_Sperm (937).bmp,1,train
smids/Abnormal_Sperm/Abnormal_Sperm (938).bmp,1,train
smids/Abnormal_Sperm/Abnormal_Sperm (939).bmp,1,train
smids/Abnormal_Sperm/Abnormal_Sperm (94).bmp,1,train
smids/Abnormal_Sperm/Abnormal_Sperm (940).bmp,1,train
smids/Abnormal_Sperm/Abnormal_Sperm (942).bmp,1,train
smids/Abnormal_Sperm/Abnormal_Sperm (943).bmp,1,train
smids/Abnormal_Sperm/Abnormal_Sperm (945).bmp,1,train
smids/Abnormal_Sperm/Abnormal_Sperm (946).bmp,1,train
smids/Abnormal_Sperm/Abnormal_Sperm (947).bmp,1,train
smids/Abnormal_Sperm/Abnormal_Sperm (949).bmp,1,train
smids/Abnormal_Sperm/Abnormal_Sperm (953).bmp,1,train
smids/Abnormal_Sperm/Abnormal_Sperm (955).bmp,1,train
smids/Abnormal_Sperm/Abnormal_Sperm (957).bmp,1,train
smids/Abnormal_Sperm/Abnormal_Sperm (96).bmp,1,train
smids/Abnormal_Sperm/Abnormal_Sperm (960).bmp,1,train
smids/Abnormal_Sperm/Abnormal_Sperm (961).bmp,1,train
smids/Abnormal_Sperm/Abnormal_Sperm (963).bmp,1,train
smids/Abnormal_Sperm/Abnormal_Sperm (965).bmp,1,train
smids/Abnormal_Sperm/Abnormal_Sperm (968).bmp,1,train
smids/Abnormal_Sperm/Abnormal_Sperm (969).bmp,1,train
smids/Abnormal_Sperm/Abnormal_Sperm (970).bmp,1,train
smids/Abnormal_Sperm/Abnormal_Sperm (972).bmp,1,train
smids/Abnormal_Sperm/Abnormal_Sperm (973).bmp,1,train
smids/Abnormal_Sperm/Abnormal_Sperm (977).bmp,1,train
smids/Abnormal_Sperm/Abnormal_Sperm (979).bmp,1,train
smids/Abnormal_Sperm/Abnormal_Sperm (98).bmp,1,train
smids/Abnormal_Sperm/Abnormal_Sperm (982).bmp,1,train
smids/Abnormal_Sperm/Abnormal_Sperm (986).bmp,1,train
smids/Abnormal_Sperm/Abnormal_Sperm (988).bmp,1,train
smids/Abnormal_Sperm/Abnormal_Sperm (991).bmp,1,train
smids/Abnormal_Sperm/Abnormal_Sperm (992).bmp,1,train
smids/Abnormal_Sperm/Abnormal_Sperm (994).bmp,1,train
smids/Abnormal_Sperm/Abnormal_Sperm (996).bmp,1,train
smids/Abnormal_Sperm/Abnormal_Sperm (998).bmp,1,train
smids/Non-Sperm/Non-Sperm (10).bmp,1,train
smids/Non-Sperm/Non-Sperm (100).bmp,1,train
smids/Non-Sperm/Non-Sperm (103).bmp,1,train
smids/Non-Sperm/Non-Sperm (104).bmp,1,train
smids/Non-Sperm/Non-Sperm (107).bmp,1,train
smids/Non-Sperm/Non-Sperm (108).bmp,1,train
smids/Non-Sperm/Non-Sperm (109).bmp,1,train
smids/Non-Sperm/Non-Sperm (110).bmp,1,train
smids/Non-Sperm/Non-Sperm (112).bmp,1,train
smids/Non-Sperm/Non-Sperm (115).bmp,1,train
smids/Non-Sperm/Non-Sperm (117).bmp,1,train
smids/Non-Sperm/Non-Sperm (118).bmp,1,train
smids/Non-Sperm/Non-Sperm (12).bmp,1,train
smids/Non-Sperm/Non-Sperm (126).bmp,1,train
smids/Non-Sperm/Non-Sperm (136).bmp,1,train
smids/Non-Sperm/Non-Sperm (137).bmp,1,train
smids/Non-Sperm/Non-Sperm (14).bmp,1,train
smids/Non-Sperm/Non-Sperm (140).bmp,1,train
smids/Non-Sperm/Non-Sperm (141).bmp,1,train
smids/Non-Sperm/Non-Sperm (143).bmp,1,train
smids/Non-Sperm/Non-Sperm (145).bmp,1,train
smids/Non-Sperm/Non-Sperm (147).bmp,1,train
smids/Non-Sperm/Non-Sperm (150).bmp,1,train
smids/Non-Sperm/Non-Sperm (153).bmp,1,train
smids/Non-Sperm/Non-Sperm (154).bmp,1,train
smids/Non-Sperm/Non-Sperm (155).bmp,1,train
smids/Non-Sperm/Non-Sperm (156).bmp,1,train
smids/Non-Sperm/Non-Sperm (157).bmp,1,train
smids/Non-Sperm/Non-Sperm (159).bmp,1,train
smids/Non-Sperm/Non-Sperm (160).bmp,1,train
smids/Non-Sperm/Non-Sperm (161).bmp,1,train
smids/Non-Sperm/Non-Sperm (162).bmp,1,train
smids/Non-Sperm/Non-Sperm (166).bmp,1,train
smids/Non-Sperm/Non-Sperm (169).bmp,1,train
smids/Non-Sperm/Non-Sperm (17).bmp,1,train
smids/Non-Sperm/Non-Sperm (170).bmp,1,train
smids/Non-Sperm/Non-Sperm (176).bmp,1,train
smids/Non-Sperm/Non-Sperm (177).bmp,1,train
smids/Non-Sperm/Non-Sperm (180).bmp,1,train
smids/Non-Sperm/Non-Sperm (181).bmp,1,train
smids/Non-Sperm/Non-Sperm (182).bmp,1,train
smids/Non-Sperm/Non-Sperm (184).bmp,1,train
smids/Non-Sperm/Non-Sperm (185).bmp,1,train
smids/Non-Sperm/Non-Sperm (186).bmp,1,train
smids/Non-Sperm/Non-Sperm (187).bmp,1,train
smids/Non-Sperm/Non-Sperm (189).bmp,1,train
smids/Non-Sperm/Non-Sperm (19).bmp,1,train
smids/Non-Sperm/Non-Sperm (190).bmp,1,train
smids/Non-Sperm/Non-Sperm (191).bmp,1,train
smids/Non-Sperm/Non-Sperm (192).bmp,1,train
smids/Non-Sperm/Non-Sperm (193).bmp,1,train
smids/Non-Sperm/Non-Sperm (194).bmp,1,train
smids/Non-Sperm/Non-Sperm (198).bmp,1,train
smids/Non-Sperm/Non-Sperm (199).bmp,1,train
smids/Non-Sperm/Non-Sperm (2).bmp,1,train
smids/Non-Sperm/Non-Sperm (20).bmp,1,train
smids/Non-Sperm/Non-Sperm (200).bmp,1,train
smids/Non-Sperm/Non-Sperm (204).bmp,1,train
smids/Non-Sperm/Non-Sperm (206).bmp,1,train
smids/Non-Sperm/Non-Sperm (207).bmp,1,train
smids/Non-Sperm/Non-Sperm (21).bmp,1,train
smids/Non-Sperm/Non-Sperm (210).bmp,1,train
smids/Non-Sperm/Non-Sperm (211).bmp,1,train
smids/Non-Sperm/Non-Sperm (212).bmp,1,train
smids/Non-Sperm/Non-Sperm (216).bmp,1,train
smids/Non-Sperm/Non-Sperm (218).bmp,1,train
smids/Non-Sperm/Non-Sperm (219).bmp,1,train
smids/Non-Sperm/Non-Sperm (224).bmp,1,train
smids/Non-Sperm/Non-Sperm (225).bmp,1,train
smids/Non-Sperm/Non-Sperm (227).bmp,1,train
smids/Non-Sperm/Non-Sperm (228).bmp,1,train
smids/Non-Sperm/Non-Sperm (229).bmp,1,train
smids/Non-Sperm/Non-Sperm (23).bmp,1,train
smids/Non-Sperm/Non-Sperm (231).bmp,1,train
smids/Non-Sperm/Non-Sperm (232).bmp,1,train
smids/Non-Sperm/Non-Sperm (234).bmp,1,train
smids/Non-Sperm/Non-Sperm (236).bmp,1,train
smids/Non-Sperm/Non-Sperm (241).bmp,1,train
smids/Non-Sperm/Non-Sperm (244).bmp,1,train
smids/Non-Sperm/Non-Sperm (246).bmp,1,train
smids/Non-Sperm/Non-Sperm (247).bmp,1,train
smids/Non-Sperm/Non-Sperm (251).bmp,1,train
smids/Non-Sperm/Non-Sperm (252).bmp,1,train
smids/Non-Sperm/Non-Sperm (253).bmp,1,train
smids/Non-Sperm/Non-Sperm (254).bmp,1,train
smids/Non-Sperm/Non-Sperm (256).bmp,1,train
smids/Non-Sperm/Non-Sperm (257).bmp,1,train
smids/Non-Sperm/Non-Sperm (258).bmp,1,train
smids/Non-Sperm/Non-Sperm (259).bmp,1,train
smids/Non-Sperm/Non-Sperm (26).bmp,1,train
smids/Non-Sperm/Non-Sperm (260).bmp,1,train
smids/Non-Sperm/Non-Sperm (261).bmp,1,train
smids/Non-Sperm/Non-Sperm (262).bmp,1,train
smids/Non-Sperm/Non-Sperm (263).bmp,1,train
smids/Non-Sperm/Non-Sperm (264).bmp,1,train
smids/Non-Sperm/Non-Sperm (265).bmp,1,train
smids/Non-Sperm/Non-Sperm (269).bmp,1,train
smids/Non-Sperm/Non-Sperm (27).bmp,1,train
smids/Non-Sperm/Non-Sperm (270).bmp,1,train
smids/Non-Sperm/Non-Sperm (272).bmp,1,train
smids/Non-Sperm/Non-Sperm (274).bmp,1,train
smids/Non-Sperm/Non-Sperm (277).bmp,1,train
smids/Non-Sperm/Non-Sperm (278).bmp,1,train
smids/Non-Sperm/Non-Sperm (28).bmp,1,train
smids/Non-Sperm/Non-Sperm (280).bmp,1,train
smids/Non-Sperm/Non-Sperm (282).bmp,1,train
smids/Non-Sperm/Non-Sperm (283).bmp,1,train
smids/Non-Sperm/Non-Sperm (284).bmp,1,train
smids/Non-Sperm/Non-Sperm (286).bmp,1,train
smids/Non-Sperm/Non-Sperm (287).bmp,1,train
smids/Non-Sperm/Non-Sperm (288).bmp,1,train
smids/Non-Sperm/Non-Sperm (295).bmp,1,train
smids/Non-Sperm/Non-Sperm (297).bmp,1,train
smids/Non-Sperm/Non-Sperm (298).bmp,1,train
smids/Non-Sperm/Non-Sperm (3).bmp,1,train
smids/Non-Sperm/Non-Sperm (300).bmp,1,train
smids/Non-Sperm/Non-Sperm (301).bmp,1,train
smids/Non-Sperm/Non-Sperm (304).bmp,1,train
smids/Non-Sperm/Non-Sperm (305).bmp,1,train
smids/Non-Sperm/Non-Sperm (310).bmp,1,train
smids/Non-Sperm/Non-Sperm (311).bmp,1,train
smids/Non-Sperm/Non-Sperm (312).bmp,1,train
smids/Non-Sperm/Non-Sperm (313).bmp,1,train
smids/Non-Sperm/Non-Sperm (314).bmp,1,train
smids/Non-Sperm/Non-Sperm (315).bmp,1,train
smids/Non-Sperm/Non-Sperm (320).bmp,1,train
smids/Non-Sperm/Non-Sperm (322).bmp,1,train
smids/Non-Sperm/Non-Sperm (323).bmp,1,train
smids/Non-Sperm/Non-Sperm (328).bmp,1,train
smids/Non-Sperm/Non-Sperm (329).bmp,1,train
smids/Non-Sperm/Non-Sperm (331).bmp,1,train
smids/Non-Sperm/Non-Sperm (332).bmp,1,train
smids/Non-Sperm/Non-Sperm (333).bmp,1,train
smids/Non-Sperm/Non-Sperm (334).bmp,1,train
smids/Non-Sperm/Non-Sperm (335).bmp,1,train
smids/Non-Sperm/Non-Sperm (339).bmp,1,train
smids/Non-Sperm/Non-Sperm (34).bmp,1,train
smids/Non-Sperm/Non-Sperm (341).bmp,1,train
smids/Non-Sperm/Non-Sperm (342).bmp,1,train
smids/Non-Sperm/Non-Sperm (343).bmp,1,train
smids/Non-Sperm/Non-Sperm (344).bmp,1,train
smids/Non-Sperm/Non-Sperm (345).bmp,1,train
smids/Non-Sperm/Non-Sperm (348).bmp,1,train
smids/Non-Sperm/Non-Sperm (359).bmp,1,train
smids/Non-Sperm/Non-Sperm (360).bmp,1,train
smids/Non-Sperm/Non-Sperm (362).bmp,1,train
smids/Non-Sperm/Non-Sperm (363).bmp,1,train
smids/Non-Sperm/Non-Sperm (364).bmp,1,train
smids/Non-Sperm/Non-Sperm (367).bmp,1,train
smids/Non-Sperm/Non-Sperm (369).bmp,1,train
smids/Non-Sperm/Non-Sperm (370).bmp,1,train
smids/Non-Sperm/Non-Sperm (371).bmp,1,train
smids/Non-Sperm/Non-Sperm (372).bmp,1,train
smids/Non-Sperm/Non-Sperm (376).bmp,1,train
smids/Non-Sperm/Non-Sperm (377).bmp,1,train
smids/Non-Sperm/Non-Sperm (379).bmp,1,train
smids/Non-Sperm/Non-Sperm (38).bmp,1,train
smids/Non-Sperm/Non-Sperm (380).bmp,1,train
smids/Non-Sperm/Non-Sperm (382).bmp,1,train
smids/Non-Sperm/Non-Sperm (383).bmp,1,train
smids/Non-Sperm/Non-Sperm (384).bmp,1,train
smids/Non-Sperm/Non-Sperm (386).bmp,1,train
smids/Non-Sperm/Non-Sperm (387).bmp,1,train
smids/Non-Sperm/Non-Sperm (39).bmp,1,train
smids/Non-Sperm/Non-Sperm (390).bmp,1,train
smids/Non-Sperm/Non-Sperm (391).bmp,1,train
smids/Non-Sperm/Non-Sperm (392).bmp,1,train
smids/Non-Sperm/Non-Sperm (393).bmp,1,train
smids/Non-Sperm/Non-Sperm (394).bmp,1,train
smids/Non-Sperm/Non-Sperm (396).bmp,1,train
smids/Non-Sperm/Non-Sperm (397).bmp,1,train
smids/Non-Sperm/Non-Sperm (398).bmp,1,train
smids/Non-Sperm/Non-Sperm (399).bmp,1,train
smids/Non-Sperm/Non-Sperm (4).bmp,1,train
smids/Non-Sperm/Non-Sperm (400).bmp,1,train
smids/Non-Sperm/Non-Sperm (401).bmp,1,train
smids/Non-Sperm/Non-Sperm (402).bmp,1,train
smids/Non-Sperm/Non-Sperm (403).bmp,1,train
smids/Non-Sperm/Non-Sperm (404).bmp,1,train
smids/Non-Sperm/Non-Sperm (408).bmp,1,train
smids/Non-Sperm/Non-Sperm (41).bmp,1,train
smids/Non-Sperm/Non-Sperm (410).bmp,1,train
smids/Non-Sperm/Non-Sperm (411).bmp,1,train
smids/Non-Sperm/Non-Sperm (412).bmp,1,train
smids/Non-Sperm/Non-Sperm (418).bmp,1,train
smids/Non-Sperm/Non-Sperm (419).bmp,1,train
smids/Non-Sperm/Non-Sperm (42).bmp,1,train
smids/Non-Sperm/Non-Sperm (422).bmp,1,train
smids/Non-Sperm/Non-Sperm (423).bmp,1,train
smids/Non-Sperm/Non-Sperm (424).bmp,1,train
smids/Non-Sperm/Non-Sperm (427).bmp,1,train
smids/Non-Sperm/Non-Sperm (428).bmp,1,train
smids/Non-Sperm/Non-Sperm (43).bmp,1,train
smids/Non-Sperm/Non-Sperm (430).bmp,1,train
smids/Non-Sperm/Non-Sperm (432).bmp,1,train
smids/Non-Sperm/Non-Sperm (434).bmp,1,train
smids/Non-Sperm/Non-Sperm (437).bmp,1,train
smids/Non-Sperm/Non-Sperm (438).bmp,1,train
smids/Non-Sperm/Non-Sperm (439).bmp,1,train
smids/Non-Sperm/Non-Sperm (441).bmp,1,train
smids/Non-Sperm/Non-Sperm (443).bmp,1,train
smids/Non-Sperm/Non-Sperm (445).bmp,1,train
smids/Non-Sperm/Non-Sperm (448).bmp,1,train
smids/Non-Sperm/Non-Sperm (45).bmp,1,train
smids/Non-Sperm/Non-Sperm (450).bmp,1,train
smids/Non-Sperm/Non-Sperm (457).bmp,1,train
smids/Non-Sperm/Non-Sperm (458).bmp,1,train
smids/Non-Sperm/Non-Sperm (46).bmp,1,train
smids/Non-Sperm/Non-Sperm (460).bmp,1,train
smids/Non-Sperm/Non-Sperm (461).bmp,1,train
smids/Non-Sperm/Non-Sperm (462).bmp,1,train
smids/Non-Sperm/Non-Sperm (463).bmp,1,train
smids/Non-Sperm/Non-Sperm (466).bmp,1,train
smids/Non-Sperm/Non-Sperm (468).bmp,1,train
smids/Non-Sperm/Non-Sperm (469).bmp,1,train
smids/Non-Sperm/Non-Sperm (47).bmp,1,train
smids/Non-Sperm/Non-Sperm (470).bmp,1,train
smids/Non-Sperm/Non-Sperm (471).bmp,1,train
smids/Non-Sperm/Non-Sperm (475).bmp,1,train
smids/Non-Sperm/Non-Sperm (476).bmp,1,train
smids/Non-Sperm/Non-Sperm (477).bmp,1,train
smids/Non-Sperm/Non-Sperm (478).bmp,1,train
smids/Non-Sperm/Non-Sperm (479).bmp,1,train
smids/Non-Sperm/Non-Sperm (48).bmp,1,train
smids/Non-Sperm/Non-Sperm (480).bmp,1,train
smids/Non-Sperm/Non-Sperm (481).bmp,1,train
smids/Non-Sperm/Non-Sperm (482).bmp,1,train
smids/Non-Sperm/Non-Sperm (483).bmp,1,train
smids/Non-Sperm/Non-Sperm (484).bmp,1,train
smids/Non-Sperm/Non-Sperm (485).bmp,1,train
smids/Non-Sperm/Non-Sperm (487).bmp,1,train
smids/Non-Sperm/Non-Sperm (489).bmp,1,train
smids/Non-Sperm/Non-Sperm (491).bmp,1,train
smids/Non-Sperm/Non-Sperm (494).bmp,1,train
smids/Non-Sperm/Non-Sperm (496).bmp,1,train
smids/Non-Sperm/Non-Sperm (497).bmp,1,train
smids/Non-Sperm/Non-Sperm (501).bmp,1,train
smids/Non-Sperm/Non-Sperm (506).bmp,1,train
smids/Non-Sperm/Non-Sperm (508).bmp,1,train
smids/Non-Sperm/Non-Sperm (509).bmp,1,train
smids/Non-Sperm/Non-Sperm (51).bmp,1,train
smids/Non-Sperm/Non-Sperm (512).bmp,1,train
smids/Non-Sperm/Non-Sperm (516).bmp,1,train
smids/Non-Sperm/Non-Sperm (517).bmp,1,train
smids/Non-Sperm/Non-Sperm (518).bmp,1,train
smids/Non-Sperm/Non-Sperm (521).bmp,1,train
smids/Non-Sperm/Non-Sperm (524).bmp,1,train
smids/Non-Sperm/Non-Sperm (525).bmp,1,train
smids/Non-Sperm/Non-Sperm (526).bmp,1,train
smids/Non-Sperm/Non-Sperm (529).bmp,1,train
smids/Non-Sperm/Non-Sperm (53).bmp,1,train
smids/Non-Sperm/Non-Sperm (533).bmp,1,train
smids/Non-Sperm/Non-Sperm (534).bmp,1,train
smids/Non-Sperm/Non-Sperm (536).bmp,1,train
smids/Non-Sperm/Non-Sperm (538).bmp,1,train
smids/Non-Sperm/Non-Sperm (540).bmp,1,train
smids/Non-Sperm/Non-Sperm (541).bmp,1,train
smids/Non-Sperm/Non-Sperm (543).bmp,1,train
smids/Non-Sperm/Non-Sperm (546).bmp,1,train
smids/Non-Sperm/Non-Sperm (547).bmp,1,train
smids/Non-Sperm/Non-Sperm (548).bmp,1,train
smids/Non-Sperm/Non-Sperm (55).bmp,1,train
smids/Non-Sperm/Non-Sperm (551).bmp,1,train
smids/Non-Sperm/Non-Sperm (552).bmp,1,train
smids/Non-Sperm/Non-Sperm (553).bmp,1,train
smids/Non-Sperm/Non-Sperm (554).bmp,1,train
smids/Non-Sperm/Non-Sperm (556).bmp,1,train
smids/Non-Sperm/Non-Sperm (559).bmp,1,train
smids/Non-Sperm/Non-Sperm (56).bmp,1,train
smids/Non-Sperm/Non-Sperm (561).bmp,1,train
smids/Non-Sperm/Non-Sperm (563).bmp,1,train
smids/Non-Sperm/Non-Sperm (569).bmp,1,train
smids/Non-Sperm/Non-Sperm (57).bmp,1,train
smids/Non-Sperm/Non-Sperm (571).bmp,1,train
smids/Non-Sperm/Non-Sperm (572).bmp,1,train
smids/Non-Sperm/Non-Sperm (574).bmp,1,train
smids/Non-Sperm/Non-Sperm (58).bmp,1,train
smids/Non-Sperm/Non-Sperm (582).bmp,1,train
smids/Non-Sperm/Non-Sperm (583).bmp,1,train
smids/Non-Sperm/Non-Sperm (585).bmp,1,train
smids/Non-Sperm/Non-Sperm (588).bmp,1,train
smids/Non-Sperm/Non-Sperm (589).bmp,1,train
smids/Non-Sperm/Non-Sperm (592).bmp,1,train
smids/Non-Sperm/Non-Sperm (593).bmp,1,train
smids/Non-Sperm/Non-Sperm (595).bmp,1,train
smids/Non-Sperm/Non-Sperm (598).bmp,1,train
smids/Non-Sperm/Non-Sperm (6).bmp,1,train
smids/Non-Sperm/Non-Sperm (601).bmp,1,train
smids/Non-Sperm/Non-Sperm (603).bmp,1,train
smids/Non-Sperm/Non-Sperm (604).bmp,1,train
smids/Non-Sperm/Non-Sperm (607).bmp,1,train
smids/Non-Sperm/Non-Sperm (61).bmp,1,train
smids/Non-Sperm/Non-Sperm (610).bmp,1,train
smids/Non-Sperm/Non-Sperm (612).bmp,1,train
smids/Non-Sperm/Non-Sperm (614).bmp,1,train
smids/Non-Sperm/Non-Sperm (615).bmp,1,train
smids/Non-Sperm/Non-Sperm (617).bmp,1,train
smids/Non-Sperm/Non-Sperm (619).bmp,1,train
smids/Non-Sperm/Non-Sperm (621).bmp,1,train
smids/Non-Sperm/Non-Sperm (622).bmp,1,train
smids/Non-Sperm/Non-Sperm (623).bmp,1,train
smids/Non-Sperm/Non-Sperm (624).bmp,1,train
smids/Non-Sperm/Non-Sperm (626).bmp,1,train
smids/Non-Sperm/Non-Sperm (627).bmp,1,train
smids/Non-Sperm/Non-Sperm (628).bmp,1,train
smids/Non-Sperm/Non-Sperm (630).bmp,1,train
smids/Non-Sperm/Non-Sperm (632).bmp,1,train
smids/Non-Sperm/Non-Sperm (633).bmp,1,train
smids/Non-Sperm/Non-Sperm (634).bmp,1,train
smids/Non-Sperm/Non-Sperm (636).bmp,1,train
smids/Non-Sperm/Non-Sperm (638).bmp,1,train
smids/Non-Sperm/Non-Sperm (644).bmp,1,train
smids/Non-Sperm/Non-Sperm (646).bmp,1,train
smids/Non-Sperm/Non-Sperm (647).bmp,1,train
smids/Non-Sperm/Non-Sperm (648).bmp,1,train
smids/Non-Sperm/Non-Sperm (649).bmp,1,train
smids/Non-Sperm/Non-Sperm (65).bmp,1,train
smids/Non-Sperm/Non-Sperm (650).bmp,1,train
smids/Non-Sperm/Non-Sperm (651).bmp,1,train
smids/Non-Sperm/Non-Sperm (655).bmp,1,train
smids/Non-Sperm/Non-Sperm (657).bmp,1,train
smids/Non-Sperm/Non-Sperm (66).bmp,1,train
smids/Non-Sperm/Non-Sperm (660).bmp,1,train
smids/Non-Sperm/Non-Sperm (661).bmp,1,train
smids/Non-Sperm/Non-Sperm (663).bmp,1,train
smids/Non-Sperm/Non-Sperm (664).bmp,1,train
smids/Non-Sperm/Non-Sperm (669).bmp,1,train
smids/Non-Sperm/Non-Sperm (67).bmp,1,train
smids/Non-Sperm/Non-Sperm (670).bmp,1,train
smids/Non-Sperm/Non-Sperm (673).bmp,1,train
smids/Non-Sperm/Non-Sperm (674).bmp,1,train
smids/Non-Sperm/Non-Sperm (68).bmp,1,train
smids/Non-Sperm/Non-Sperm (680).bmp,1,train
smids/Non-Sperm/Non-Sperm (681).bmp,1,train
smids/Non-Sperm/Non-Sperm (683).bmp,1,train
smids/Non-Sperm/Non-Sperm (684).bmp,1,train
smids/Non-Sperm/Non-Sperm (685).bmp,1,train
smids/Non-Sperm/Non-Sperm (686).bmp,1,train
smids/Non-Sperm/Non-Sperm (687).bmp,1,train
smids/Non-Sperm/Non-Sperm (688).bmp,1,train
smids/Non-Sperm/Non-Sperm (691).bmp,1,train
smids/Non-Sperm/Non-Sperm (692).bmp,1,train
smids/Non-Sperm/Non-Sperm (696).bmp,1,train
smids/Non-Sperm/Non-Sperm (697).bmp,1,train
smids/Non-Sperm/Non-Sperm (698).bmp,1,train
smids/Non-Sperm/Non-Sperm (700).bmp,1,train
smids/Non-Sperm/Non-Sperm (701).bmp,1,train
smids/Non-Sperm/Non-Sperm (702).bmp,1,train
smids/Non-Sperm/Non-Sperm (703).bmp,1,train
smids/Non-Sperm/Non-Sperm (704).bmp,1,train
smids/Non-Sperm/Non-Sperm (705).bmp,1,train
smids/Non-Sperm/Non-Sperm (708).bmp,1,train
smids/Non-Sperm/Non-Sperm (710).bmp,1,train
smids/Non-Sperm/Non-Sperm (713).bmp,1,train
smids/Non-Sperm/Non-Sperm (716).bmp,1,train
smids/Non-Sperm/Non-Sperm (719).bmp,1,train
smids/Non-Sperm/Non-Sperm (721).bmp,1,train
smids/Non-Sperm/Non-Sperm (723).bmp,1,train
smids/Non-Sperm/Non-Sperm (725).bmp,1,train
smids/Non-Sperm/Non-Sperm (726).bmp,1,train
smids/Non-Sperm/Non-Sperm (727).bmp,1,train
smids/Non-Sperm/Non-Sperm (73).bmp,1,train
smids/Non-Sperm/Non-Sperm (730).bmp,1,train
smids/Non-Sperm/Non-Sperm (732).bmp,1,train
smids/Non-Sperm/Non-Sperm (734).bmp,1,train
smids/Non-Sperm/Non-Sperm (737).bmp,1,train
smids/Non-Sperm/Non-Sperm (738).bmp,1,train
smids/Non-Sperm/Non-Sperm (739).bmp,1,train
smids/Non-Sperm/Non-Sperm (74).bmp,1,train
smids/Non-Sperm/Non-Sperm (740).bmp,1,train
smids/Non-Sperm/Non-Sperm (741).bmp,1,train
smids/Non-Sperm/Non-Sperm (743).bmp,1,train
smids/Non-Sperm/Non-Sperm (744).bmp,1,train
smids/Non-Sperm/Non-Sperm (745).bmp,1,train
smids/Non-Sperm/Non-Sperm (746).bmp,1,train
smids/Non-Sperm/Non-Sperm (747).bmp,1,train
smids/Non-Sperm/Non-Sperm (750).bmp,1,train
smids/Non-Sperm/Non-Sperm (751).bmp,1,train
smids/Non-Sperm/Non-Sperm (752).bmp,1,train
smids/Non-Sperm/Non-Sperm (756).bmp,1,train
smids/Non-Sperm/Non-Sperm (757).bmp,1,train
smids/Non-Sperm/Non-Sperm (759).bmp,1,train
smids/Non-Sperm/Non-Sperm (76).bmp,1,train
smids/Non-Sperm/Non-Sperm (761).bmp,1,train
smids/Non-Sperm/Non-Sperm (762).bmp,1,train
smids/Non-Sperm/Non-Sperm (763).bmp,1,train
smids/Non-Sperm/Non-Sperm (767).bmp,1,train
smids/Non-Sperm/Non-Sperm (768).bmp,1,train
smids/Non-Sperm/Non-Sperm (772).bmp,1,train
smids/Non-Sperm/Non-Sperm (773).bmp,1,train
smids/Non-Sperm/Non-Sperm (775).bmp,1,train
smids/Non-Sperm/Non-Sperm (776).bmp,1,train
smids/Non-Sperm/Non-Sperm (777).bmp,1,train
smids/Non-Sperm/Non-Sperm (778).bmp,1,train
smids/Non-Sperm/Non-Sperm (781).bmp,1,train
smids/Non-Sperm/Non-Sperm (782).bmp,1,train
smids/Non-Sperm/Non-Sperm (784).bmp,1,train
smids/Non-Sperm/Non-Sperm (786).bmp,1,train
smids/Non-Sperm/Non-Sperm (787).bmp,1,train
smids/Non-Sperm/Non-Sperm (789).bmp,1,train
smids/Non-Sperm/Non-Sperm (792).bmp,1,train
smids/Non-Sperm/Non-Sperm (793).bmp,1,train
smids/Non-Sperm/Non-Sperm (794).bmp,1,train
smids/Non-Sperm/Non-Sperm (795).bmp,1,train
smids/Non-Sperm/Non-Sperm (798).bmp,1,train
smids/Non-Sperm/Non-Sperm (80).bmp,1,train
smids/Non-Sperm/Non-Sperm (800).bmp,1,train
smids/Non-Sperm/Non-Sperm (801).bmp,1,train
smids/Non-Sperm/Non-Sperm (803).bmp,1,train
smids/Non-Sperm/Non-Sperm (804).bmp,1,train
smids/Non-Sperm/Non-Sperm (805).bmp,1,train
smids/Non-Sperm/Non-Sperm (81).bmp,1,train
smids/Non-Sperm/Non-Sperm (810).bmp,1,train
smids/Non-Sperm/Non-Sperm (813).bmp,1,train
smids/Non-Sperm/Non-Sperm (817).bmp,1,train
smids/Non-Sperm/Non-Sperm (818).bmp,1,train
smids/Non-Sperm/Non-Sperm (82).bmp,1,train
smids/Non-Sperm/Non-Sperm (820).bmp,1,train
smids/Non-Sperm/Non-Sperm (821).bmp,1,train
smids/Non-Sperm/Non-Sperm (822).bmp,1,train
smids/Non-Sperm/Non-Sperm (823).bmp,1,train
smids/Non-Sperm/Non-Sperm (825).bmp,1,train
smids/Non-Sperm/Non-Sperm (828).bmp,1,train
smids/Non-Sperm/Non-Sperm (829).bmp,1,train
smids/Non-Sperm/Non-Sperm (83).bmp,1,train
smids/Non-Sperm/Non-Sperm (831).bmp,1,train
smids/Non-Sperm/Non-Sperm (833).bmp,1,train
smids/Non-Sperm/Non-Sperm (836).bmp,1,train
smids/Non-Sperm/Non-Sperm (837).bmp,1,train
smids/Non-Sperm/Non-Sperm (839).bmp,1,train
smids/Non-Sperm/Non-Sperm (84).bmp,1,train
smids/Non-Sperm/Non-Sperm (841).bmp,1,train
smids/Non-Sperm/Non-Sperm (842).bmp,1,train
smids/Non-Sperm/Non-Sperm (843).bmp,1,train
smids/Non-Sperm/Non-Sperm (844).bmp,1,train
smids/Non-Sperm/Non-Sperm (845).bmp,1,train
smids/Non-Sperm/Non-Sperm (846).bmp,1,train
smids/Non-Sperm/Non-Sperm (849).bmp,1,train
smids/Non-Sperm/Non-Sperm (850).bmp,1,train
smids/Non-Sperm/Non-Sperm (851).bmp,1,train
smids/Non-Sperm/Non-Sperm (853).bmp,1,train
smids/Non-Sperm/Non-Sperm (857).bmp,1,train
smids/Non-Sperm/Non-Sperm (858).bmp,1,train
smids/Non-Sperm/Non-Sperm (859).bmp,1,train
smids/Non-Sperm/Non-Sperm (860).bmp,1,train
smids/Non-Sperm/Non-Sperm (861).bmp,1,train
smids/Non-Sperm/Non-Sperm (864).bmp,1,train
smids/Non-Sperm/Non-Sperm (865).bmp,1,train
smids/Non-Sperm/Non-Sperm (867).bmp,1,train
smids/Non-Sperm/Non-Sperm (870).bmp,1,train
smids/Non-Sperm/Non-Sperm (872).bmp,1,train
smids/Non-Sperm/Non-Sperm (873).bmp,1,train
smids/Non-Sperm/Non-Sperm (876).bmp,1,train
smids/Non-Sperm/Non-Sperm (878).bmp,1,train
smids/Non-Sperm/Non-Sperm (879).bmp,1,train
smids/Non-Sperm/Non-Sperm (88).bmp,1,train
smids/Non-Sperm/Non-Sperm (881).bmp,1,train
smids/Non-Sperm/Non-Sperm (884).bmp,1,train
smids/Non-Sperm/Non-Sperm (886).bmp,1,train
smids/Non-Sperm/Non-Sperm (887).bmp,1,train
smids/Non-Sperm/Non-Sperm (888).bmp,1,train
smids/Non-Sperm/Non-Sperm (889).bmp,1,train
smids/Non-Sperm/Non-Sperm (89).bmp,1,train
smids/Non-Sperm/Non-Sperm (891).bmp,1,train
smids/Non-Sperm/Non-Sperm (892).bmp,1,train
smids/Non-Sperm/Non-Sperm (893).bmp,1,train
smids/Non-Sperm/Non-Sperm (897).bmp,1,train
smids/Non-Sperm/Non-Sperm (901).bmp,1,train
smids/Non-Sperm/Non-Sperm (902).bmp,1,train
smids/Non-Sperm/Non-Sperm (905).bmp,1,train
smids/Non-Sperm/Non-Sperm (909).bmp,1,train
smids/Non-Sperm/Non-Sperm (910).bmp,1,train
smids/Non-Sperm/Non-Sperm (913).bmp,1,train
smids/Non-Sperm/Non-Sperm (915).bmp,1,train
smids/Non-Sperm/Non-Sperm (917).bmp,1,train
smids/Non-Sperm/Non-Sperm (918).bmp,1,train
smids/Non-Sperm/Non-Sperm (921).bmp,1,train
smids/Non-Sperm/Non-Sperm (923).bmp,1,train
smids/Non-Sperm/Non-Sperm (924).bmp,1,train
smids/Non-Sperm/Non-Sperm (925).bmp,1,train
smids/Non-Sperm/Non-Sperm (926).bmp,1,train
smids/Non-Sperm/Non-Sperm (928).bmp,1,train
smids/Non-Sperm/Non-Sperm (93).bmp,1,train
smids/Non-Sperm/Non-Sperm (930).bmp,1,train
smids/Non-Sperm/Non-Sperm (931).bmp,1,train
smids/Non-Sperm/Non-Sperm (932).bmp,1,train
smids/Non-Sperm/Non-Sperm (933).bmp,1,train
smids/Non-Sperm/Non-Sperm (935).bmp,1,train
smids/Non-Sperm/Non-Sperm (936).bmp,1,train
smids/Non-Sperm/Non-Sperm (937).bmp,1,train
smids/Non-Sperm/Non-Sperm (938).bmp,1,train
smids/Non-Sperm/Non-Sperm (939).bmp,1,train
smids/Non-Sperm/Non-Sperm (94).bmp,1,train
smids/Non-Sperm/Non-Sperm (940).bmp,1,train
smids/Non-Sperm/Non-Sperm (944).bmp,1,train
smids/Non-Sperm/Non-Sperm (946).bmp,1,train
smids/Non-Sperm/Non-Sperm (947).bmp,1,train
smids/Non-Sperm/Non-Sperm (95).bmp,1,train
smids/Non-Sperm/Non-Sperm (951).bmp,1,train
smids/Non-Sperm/Non-Sperm (956).bmp,1,train
smids/Non-Sperm/Non-Sperm (959).bmp,1,train
smids/Non-Sperm/Non-Sperm (96).bmp,1,train
smids/Non-Sperm/Non-Sperm (965).bmp,1,train
smids/Non-Sperm/Non-Sperm (967).bmp,1,train
smids/Non-Sperm/Non-Sperm (970).bmp,1,train
smids/Non-Sperm/Non-Sperm (971).bmp,1,train
smids/Normal_Sperm/Normal_Sperm (1).bmp,1,train
smids/Normal_Sperm/Normal_Sperm (1003).bmp,1,train
smids/Normal_Sperm/Normal_Sperm (1004).bmp,1,train
smids/Normal_Sperm/Normal_Sperm (1007).bmp,1,train
smids/Normal_Sperm/Normal_Sperm (1009).bmp,1,train
smids/Normal_Sperm/Normal_Sperm (1012).bmp,1,train
smids/Normal_Sperm/Normal_Sperm (1013).bmp,1,train
smids/Normal_Sperm/Normal_Sperm (1014).bmp,1,train
smids/Normal_Sperm/Normal_Sperm (1015).bmp,1,train
smids/Normal_Sperm/Normal_Sperm (1017).bmp,1,train
smids/Normal_Sperm/Normal_Sperm (1019).bmp,1,train
smids/Normal_Sperm/Normal_Sperm (102).bmp,1,train
smids/Normal_Sperm/Normal_Sperm (1020).bmp,1,train
smids/Normal_Sperm/Normal_Sperm (104).bmp,1,train
smids/Normal_Sperm/Normal_Sperm (11).bmp,1,train
smids/Normal_Sperm/Normal_Sperm (110).bmp,1,train
smids/Normal_Sperm/Normal_Sperm (111).bmp,1,train
smids/Normal_Sperm/Normal_Sperm (12).bmp,1,train
smids/Normal_Sperm/Normal_Sperm (120).bmp,1,train
smids/Normal_Sperm/Normal_Sperm (121).bmp,1,train
smids/Normal_Sperm/Normal_Sperm (123).bmp,1,train
smids/Normal_Sperm/Normal_Sperm (124).bmp,1,train
smids/Normal_Sperm/Normal_Sperm (125).bmp,1,train
smids/Normal_Sperm/Normal_Sperm (127).bmp,1,train
smids/Normal_Sperm/Normal_Sperm (128).bmp,1,train
smids/Normal_Sperm/Normal_Sperm (134).bmp,1,train
smids/Normal_Sperm/Normal_Sperm (138).bmp,1,train
smids/Normal_Sperm/Normal_Sperm (139).bmp,1,train
smids/Normal_Sperm/Normal_Sperm (14).bmp,1,train
smids/Normal_Sperm/Normal_Sperm (142).bmp,1,train
smids/Normal_Sperm/Normal_Sperm (143).bmp,1,train
smids/Normal_Sperm/Normal_Sperm (144).bmp,1,train
smids/Normal_Sperm/Normal_Sperm (145).bmp,1,train
smids/Normal_Sperm/Normal_Sperm (149).bmp,1,train
smids/Normal_Sperm/Normal_Sperm (15).bmp,1,train
smids/Normal_Sperm/Normal_Sperm (151).bmp,1,train
smids/Normal_Sperm/Normal_Sperm (153).bmp,1,train
smids/Normal_Sperm/Normal_Sperm (158).bmp,1,train
smids/Normal_Sperm/Normal_Sperm (16).bmp,1,train
smids/Normal_Sperm/Normal_Sperm (160).bmp,1,train
smids/Normal_Sperm/Normal_Sperm (162).bmp,1,train
smids/Normal_Sperm/Normal_Sperm (163).bmp,1,train
smids/Normal_Sperm/Normal_Sperm (164).bmp,1,train
smids/Normal_Sperm/Normal_Sperm (165).bmp,1,train
smids/Normal_Sperm/Normal_Sperm (17).bmp,1,train
smids/Normal_Sperm/Normal_Sperm (172).bmp,1,train
smids/Normal_Sperm/Normal_Sperm (173).bmp,1,train
smids/Normal_Sperm/Normal_Sperm (176).bmp,1,train
smids/Normal_Sperm/Normal_Sperm (179).bmp,1,train
smids/Normal_Sperm/Normal_Sperm (180).bmp,1,train
smids/Normal_Sperm/Normal_Sperm (182).bmp,1,train
smids/Normal_Sperm/Normal_Sperm (186).bmp,1,train
smids/Normal_Sperm/Normal_Sperm (19).bmp,1,train
smids/Normal_Sperm/Normal_Sperm (191).bmp,1,train
smids/Normal_Sperm/Normal_Sperm (192).bmp,1,train
smids/Normal_Sperm/Normal_Sperm (193).bmp,1,train
smids/Normal_Sperm/Normal_Sperm (194).bmp,1,train
smids/Normal_Sperm/Normal_Sperm (197).bmp,1,train
smids/Normal_Sperm/Normal_Sperm (199).bmp,1,train
smids/Normal_Sperm/Normal_Sperm (2).bmp,1,train
smids/Normal_Sperm/Normal_Sperm (20).bmp,1,train
smids/Normal_Sperm/Normal_Sperm (203).bmp,1,train
smids/Normal_Sperm/Normal_Sperm (205).bmp,1,train
smids/Normal_Sperm/Normal_Sperm (207).bmp,1,train
smids/Normal_Sperm/Normal_Sperm (208).bmp,1,train
smids/Normal_Sperm/Normal_Sperm (209).bmp,1,train
smids/Normal_Sperm/Normal_Sperm (210).bmp,1,train
smids/Normal_Sperm/Normal_Sperm (211).bmp,1,train
smids/Normal_Sperm/Normal_Sperm (212).bmp,1,train
smids/Normal_Sperm/Normal_Sperm (214).bmp,1,train
smids/Normal_Sperm/Normal_Sperm (215).bmp,1,train
smids/Normal_Sperm/Normal_Sperm (218).bmp,1,train
smids/Normal_Sperm/Normal_Sperm (221).bmp,1,train
smids/Normal_Sperm/Normal_Sperm (222).bmp,1,train
smids/Normal_Sperm/Normal_Sperm (223).bmp,1,train
smids/Normal_Sperm/Normal_Sperm (226).bmp,1,train
smids/Normal_Sperm/Normal_Sperm (227).bmp,1,train
smids/Normal_Sperm/Normal_Sperm (23).bmp,1,train
smids/Normal_Sperm/Normal_Sperm (230).bmp,1,train
smids/Normal_Sperm/Normal_Sperm (231).bmp,1,train
smids/Normal_Sperm/Normal_Sperm (236).bmp,1,train
smids/Normal_Sperm/Normal_Sperm (24).bmp,1,train
smids/Normal_Sperm/Normal_Sperm (242).bmp,1,train
smids/Normal_Sperm/Normal_Sperm (243).bmp,1,train
smids/Normal_Sperm/Normal_Sperm (245).bmp,1,train
smids/Normal_Sperm/Normal_Sperm (246).bmp,1,train
smids/Normal_Sperm/Normal_Sperm (248).bmp,1,train
smids/Normal_Sperm/Normal_Sperm (250).bmp,1,train
smids/Normal_Sperm/Normal_Sperm (252).bmp,1,train
smids/Normal_Sperm/Normal_Sperm (255).bmp,1,train
smids/Normal_Sperm/Normal_Sperm (256).bmp,1,train
smids/Normal_Sperm/Normal_Sperm (257).bmp,1,train
smids/Normal_Sperm/Normal_Sperm (258).bmp,1,train
smids/Normal_Sperm/Normal_Sperm (259).bmp,1,train
smids/Normal_Sperm/Normal_Sperm (26).bmp,1,train
smids/Normal_Sperm/Normal_Sperm (260).bmp,1,train
smids/Normal_Sperm/Normal_Sperm (262).bmp,1,train
smids/Normal_Sperm/Normal_Sperm (263).bmp,1,train
smids/Normal_Sperm/Normal_Sperm (267).bmp,1,train
smids/Normal_Sperm/Normal_Sperm (269).bmp,1,train
smids/Normal_Sperm/Normal_Sperm (27).bmp,1,train
smids/Normal_Sperm/Normal_Sperm (271).bmp,1,train
smids/Normal_Sperm/Normal_Sperm (273).bmp,1,train
smids/Normal_Sperm/Normal_Sperm (276).bmp,1,train
smids/Normal_Sperm/Normal_Sperm (277).bmp,1,train
smids/Normal_Sperm/Normal_Sperm (278).bmp,1,train
smids/Normal_Sperm/Normal_Sperm (28).bmp,1,train
smids/Normal_Sperm/Normal_Sperm (280).bmp,1,train
smids/Normal_Sperm/Normal_Sperm (282).bmp,1,train
smids/Normal_Sperm/Normal_Sperm (284).bmp,1,train
smids/Normal_Sperm/Normal_Sperm (286).bmp,1,train
smids/Normal_Sperm/Normal_Sperm (287).bmp,1,train
smids/Normal_Sperm/Normal_Sperm (288).bmp,1,train
smids/Normal_Sperm/Normal_Sperm (29).bmp,1,train
smids/Normal_Sperm/Normal_Sperm (290).bmp,1,train
smids/Normal_Sperm/Normal_Sperm (291).bmp,1,train
smids/Normal_Sperm/Normal_Sperm (292).bmp,1,train
smids/Normal_Sperm/Normal_Sperm (296).bmp,1,train
smids/Normal_Sperm/Normal_Sperm (297).bmp,1,train
smids/Normal_Sperm/Normal_Sperm (298).bmp,1,train
smids/Normal_Sperm/Normal_Sperm (299).bmp,1,train
smids/Normal_Sperm/Normal_Sperm (30).bmp,1,train
smids/Normal_Sperm/Normal_Sperm (300).bmp,1,train
smids/Normal_Sperm/Normal_Sperm (302).bmp,1,train
smids/Normal_Sperm/Normal_Sperm (306).bmp,1,train
smids/Normal_Sperm/Normal_Sperm (307).bmp,1,train
smids/Normal_Sperm/Normal_Sperm (308).bmp,1,train
smids/Normal_Sperm/Normal_Sperm (310).bmp,1,train
smids/Normal_Sperm/Normal_Sperm (311).bmp,1,train
smids/Normal_Sperm/Normal_Sperm (313).bmp,1,train
smids/Normal_Sperm/Normal_Sperm (315).bmp,1,train
smids/Normal_Sperm/Normal_Sperm (316).bmp,1,train
smids/Normal_Sperm/Normal_Sperm (318).bmp,1,train
smids/Normal_Sperm/Normal_Sperm (319).bmp,1,train
smids/Normal_Sperm/Normal_Sperm (32).bmp,1,train
smids/Normal_Sperm/Normal_Sperm (320).bmp,1,train
smids/Normal_Sperm/Normal_Sperm (321).bmp,1,train
smids/Normal_Sperm/Normal_Sperm (323).bmp,1,train
smids/Normal_Sperm/Normal_Sperm (327).bmp,1,train
smids/Normal_Sperm/Normal_Sperm (329).bmp,1,train
smids/Normal_Sperm/Normal_Sperm (331).bmp,1,train
smids/Normal_Sperm/Normal_Sperm (332).bmp,1,train
smids/Normal_Sperm/Normal_Sperm (333).bmp,1,train
smids/Normal_Sperm/Normal_Sperm (336).bmp,1,train
smids/Normal_Sperm/Normal_Sperm (339).bmp,1,train
smids/Normal_Sperm/Normal_Sperm (34).bmp,1,train
smids/Normal_Sperm/Normal_Sperm (341).bmp,1,train
smids/Normal_Sperm/Normal_Sperm (342).bmp,1,train
smids/Normal_Sperm/Normal_Sperm (343).bmp,1,train
smids/Normal_Sperm/Normal_Sperm (344).bmp,1,train
smids/Normal_Sperm/Normal_Sperm (347).bmp,1,train
smids/Normal_Sperm/Normal_Sperm (349).bmp,1,train
smids/Normal_Sperm/Normal_Sperm (352).bmp,1,train
smids/Normal_Sperm/Normal_Sperm (354).bmp,1,train
smids/Normal_Sperm/Normal_Sperm (356).bmp,1,train
smids/Normal_Sperm/Normal_Sperm (357).bmp,1,train
smids/Normal_Sperm/Normal_Sperm (358).bmp,1,train
smids/Normal_Sperm/Normal_Sperm (359).bmp,1,train
smids/Normal_Sperm/Normal_Sperm (36).bmp,1,train
smids/Normal_Sperm/Normal_Sperm (361).bmp,1,train
smids/Normal_Sperm/Normal_Sperm (362).bmp,1,train
smids/Normal_Sperm/Normal_Sperm (363).bmp,1,train
smids/Normal_Sperm/Normal_Sperm (364).bmp,1,train
smids/Normal_Sperm/Normal_Sperm (367).bmp,1,train
smids/Normal_Sperm/Normal_Sperm (369).bmp,1,train
smids/Normal_Sperm/Normal_Sperm (37).bmp,1,train
smids/Normal_Sperm/Normal_Sperm (371).bmp,1,train
smids/Normal_Sperm/Normal_Sperm (372).bmp,1,train
smids/Normal_Sperm/Normal_Sperm (373).bmp,1,train
smids/Normal_Sperm/Normal_Sperm (377).bmp,1,train
smids/Normal_Sperm/Normal_Sperm (380).bmp,1,train
smids/Normal_Sperm/Normal_Sperm (381).bmp,1,train
smids/Normal_Sperm/Normal_Sperm (382).bmp,1,train
smids/Normal_Sperm/Normal_Sperm (383).bmp,1,train
smids/Normal_Sperm/Normal_Sperm (385).bmp,1,train
smids/Normal_Sperm/Normal_Sperm (386).bmp,1,train
smids/Normal_Sperm/Normal_Sperm (387).bmp,1,train
smids/Normal_Sperm/Normal_Sperm (388).bmp,1,train
smids/Normal_Sperm/Normal_Sperm (389).bmp,1,train
smids/Normal_Sperm/Normal_Sperm (39).bmp,1,train
smids/Normal_Sperm/Normal_Sperm (393).bmp,1,train
smids/Normal_Sperm/Normal_Sperm (396).bmp,1,train
smids/Normal_Sperm/Normal_Sperm (399).bmp,1,train
smids/Normal_Sperm/Normal_Sperm (40).bmp,1,train
smids/Normal_Sperm/Normal_Sperm (400).bmp,1,train
smids/Normal_Sperm/Normal_Sperm (402).bmp,1,train
smids/Normal_Sperm/Normal_Sperm (405).bmp,1,train
smids/Normal_Sperm/Normal_Sperm (407).bmp,1,train
smids/Normal_Sperm/Normal_Sperm (408).bmp,1,train
smids/Normal_Sperm/Normal_Sperm (409).bmp,1,train
smids/Normal_Sperm/Normal_Sperm (410).bmp,1,train
smids/Normal_Sperm/Normal_Sperm (411).bmp,1,train
smids/Normal_Sperm/Normal_Sperm (413).bmp,1,train
smids/Normal_Sperm/Normal_Sperm (419).bmp,1,train
smids/Normal_Sperm/Normal_Sperm (421).bmp,1,train
smids/Normal_Sperm/Normal_Sperm (423).bmp,1,train
smids/Normal_Sperm/Normal_Sperm (424).bmp,1,train
smids/Normal_Sperm/Normal_Sperm (425).bmp,1,train
smids/Normal_Sperm/Normal_Sperm (426).bmp,1,train
smids/Normal_Sperm/Normal_Sperm (427).bmp,1,train
smids/Normal_Sperm/Normal_Sperm (430).bmp,1,train
smids/Normal_Sperm/Normal_Sperm (431).bmp,1,train
smids/Normal_Sperm/Normal_Sperm (433).bmp,1,train
smids/Normal_Sperm/Normal_Sperm (435).bmp,1,train
smids/Normal_Sperm/Normal_Sperm (436).bmp,1,train
smids/Normal_Sperm/Normal_Sperm (438).bmp,1,train
smids/Normal_Sperm/Normal_Sperm (44).bmp,1,train
smids/Normal_Sperm/Normal_Sperm (441).bmp,1,train
smids/Normal_Sperm/Normal_Sperm (443).bmp,1,train
smids/Normal_Sperm/Normal_Sperm (448).bmp,1,train
smids/Normal_Sperm/Normal_Sperm (449).bmp,1,train
smids/Normal_Sperm/Normal_Sperm (45).bmp,1,train
smids/Normal_Sperm/Normal_Sperm (452).bmp,1,train
smids/Normal_Sperm/Normal_Sperm (456).bmp,1,train
smids/Normal_Sperm/Normal_Sperm (457).bmp,1,train
smids/Normal_Sperm/Normal_Sperm (459).bmp,1,train
smids/Normal_Sperm/Normal_Sperm (46).bmp,1,train
smids/Normal_Sperm/Normal_Sperm (460).bmp,1,train
smids/Normal_Sperm/Normal_Sperm (462).bmp,1,train
smids/Normal_Sperm/Normal_Sperm (463).bmp,1,train
smids/Normal_Sperm/Normal_Sperm (466).bmp,1,train
smids/Normal_Sperm/Normal_Sperm (468).bmp,1,train
smids/Normal_Sperm/Normal_Sperm (469).bmp,1,train
smids/Normal_Sperm/Normal_Sperm (47).bmp,1,train
smids/Normal_Sperm/Normal_Sperm (471).bmp,1,train
smids/Normal_Sperm/Normal_Sperm (473).bmp,1,train
smids/Normal_Sperm/Normal_Sperm (474).bmp,1,train
smids/Normal_Sperm/Normal_Sperm (475).bmp,1,train
smids/Normal_Sperm/Normal_Sperm (476).bmp,1,train
smids/Normal_Sperm/Normal_Sperm (481).bmp,1,train
smids/Normal_Sperm/Normal_Sperm (482).bmp,1,train
smids/Normal_Sperm/Normal_Sperm (485).bmp,1,train
smids/Normal_Sperm/Normal_Sperm (486).bmp,1,train
smids/Normal_Sperm/Normal_Sperm (487).bmp,1,train
smids/Normal_Sperm/Normal_Sperm (490).bmp,1,train
smids/Normal_Sperm/Normal_Sperm (491).bmp,1,train
smids/Normal_Sperm/Normal_Sperm (492).bmp,1,train
smids/Normal_Sperm/Normal_Sperm (493).bmp,1,train
smids/Normal_Sperm/Normal_Sperm (495).bmp,1,train
smids/Normal_Sperm/Normal_Sperm (497).bmp,1,train
smids/Normal_Sperm/Normal_Sperm (498).bmp,1,train
smids/Normal_Sperm/Normal_Sperm (501).bmp,1,train
smids/Normal_Sperm/Normal_Sperm (502).bmp,1,train
smids/Normal_Sperm/Normal_Sperm (503).bmp,1,train
smids/Normal_Sperm/Normal_Sperm (504).bmp,1,train
smids/Normal_Sperm/Normal_Sperm (506).bmp,1,train
smids/Normal_Sperm/Normal_Sperm (507).bmp,1,train
smids/Normal_Sperm/Normal_Sperm (508).bmp,1,train
smids/Normal_Sperm/Normal_Sperm (510).bmp,1,train
smids/Normal_Sperm/Normal_Sperm (511).bmp,1,train
smids/Normal_Sperm/Normal_Sperm (514).bmp,1,train
smids/Normal_Sperm/Normal_Sperm (52).bmp,1,train
smids/Normal_Sperm/Normal_Sperm (522).bmp,1,train
smids/Normal_Sperm/Normal_Sperm (53).bmp,1,train
smids/Normal_Sperm/Normal_Sperm (533).bmp,1,train
smids/Normal_Sperm/Normal_Sperm (536).bmp,1,train
smids/Normal_Sperm/Normal_Sperm (537).bmp,1,train
smids/Normal_Sperm/Normal_Sperm (538).bmp,1,train
smids/Normal_Sperm/Normal_Sperm (539).bmp,1,train
smids/Normal_Sperm/Normal_Sperm (54).bmp,1,train
smids/Normal_Sperm/Normal_Sperm (543).bmp,1,train
smids/Normal_Sperm/Normal_Sperm (545).bmp,1,train
smids/Normal_Sperm/Normal_Sperm (548).bmp,1,train
smids/Normal_Sperm/Normal_Sperm (550).bmp,1,train
smids/Normal_Sperm/Normal_Sperm (551).bmp,1,train
smids/Normal_Sperm/Normal_Sperm (553).bmp,1,train
smids/Normal_Sperm/Normal_Sperm (556).bmp,1,train
smids/Normal_Sperm/Normal_Sperm (56).bmp,1,train
smids/Normal_Sperm/Normal_Sperm (564).bmp,1,train
smids/Normal_Sperm/Normal_Sperm (565).bmp,1,train
smids/Normal_Sperm/Normal_Sperm (566).bmp,1,train
smids/Normal_Sperm/Normal_Sperm (567).bmp,1,train
smids/Normal_Sperm/Normal_Sperm (569).bmp,1,train
smids/Normal_Sperm/Normal_Sperm (57).bmp,1,train
smids/Normal_Sperm/Normal_Sperm (573).bmp,1,train
smids/Normal_Sperm/Normal_Sperm (574).bmp,1,train
smids/Normal_Sperm/Normal_Sperm (576).bmp,1,train
smids/Normal_Sperm/Normal_Sperm (577).bmp,1,train
smids/Normal_Sperm/Normal_Sperm (578).bmp,1,train
smids/Normal_Sperm/Normal_Sperm (58).bmp,1,train
smids/Normal_Sperm/Normal_Sperm (580).bmp,1,train
smids/Normal_Sperm/Normal_Sperm (581).bmp,1,train
smids/Normal_Sperm/Normal_Sperm (584).bmp,1,train
smids/Normal_Sperm/Normal_Sperm (585).bmp,1,train
smids/Normal_Sperm/Normal_Sperm (586).bmp,1,train
smids/Normal_Sperm/Normal_Sperm (587).bmp,1,train
smids/Normal_Sperm/Normal_Sperm (588).bmp,1,train
smids/Normal_Sperm/Normal_Sperm (590).bmp,1,train
smids/Normal_Sperm/Normal_Sperm (592).bmp,1,train
smids/Normal_Sperm/Normal_Sperm (595).bmp,1,train
smids/Normal_Sperm/Normal_Sperm (596).bmp,1,train
smids/Normal_Sperm/Normal_Sperm (597).bmp,1,train
smids/Normal_Sperm/Normal_Sperm (599).bmp,1,train
smids/Normal_Sperm/Normal_Sperm (60).bmp,1,train
smids/Normal_Sperm/Normal_Sperm (601).bmp,1,train
smids/Normal_Sperm/Normal_Sperm (603).bmp,1,train
smids/Normal_Sperm/Normal_Sperm (607).bmp,1,train
smids/Normal_Sperm/Normal_Sperm (608).bmp,1,train
smids/Normal_Sperm/Normal_Sperm (609).bmp,1,train
smids/Normal_Sperm/Normal_Sperm (61).bmp,1,train
smids/Normal_Sperm/Normal_Sperm (610).bmp,1,train
smids/Normal_Sperm/Normal_Sperm (611).bmp,1,train
smids/Normal_Sperm/Normal_Sperm (612).bmp,1,train
smids/Normal_Sperm/Normal_Sperm (614).bmp,1,train
smids/Normal_Sperm/Normal_Sperm (616).bmp,1,train
smids/Normal_Sperm/Normal_Sperm (618).bmp,1,train
smids/Normal_Sperm/Normal_Sperm (62).bmp,1,train
smids/Normal_Sperm/Normal_Sperm (620).bmp,1,train
smids/Normal_Sperm/Normal_Sperm (621).bmp,1,train
smids/Normal_Sperm/Normal_Sperm (622).bmp,1,train
smids/Normal_Sperm/Normal_Sperm (623).bmp,1,train
smids/Normal_Sperm/Normal_Sperm (628).bmp,1,train
smids/Normal_Sperm/Normal_Sperm (629).bmp,1,train
smids/Normal_Sperm/Normal_Sperm (630).bmp,1,train
smids/Normal_Sperm/Normal_Sperm (631).bmp,1,train
smids/Normal_Sperm/Normal_Sperm (632).bmp,1,train
smids/Normal_Sperm/Normal_Sperm (634).bmp,1,train
smids/Normal_Sperm/Normal_Sperm (636).bmp,1,train
smids/Normal_Sperm/Normal_Sperm (638).bmp,1,train
smids/Normal_Sperm/Normal_Sperm (639).bmp,1,train
smids/Normal_Sperm/Normal_Sperm (64).bmp,1,train
smids/Normal_Sperm/Normal_Sperm (641).bmp,1,train
smids/Normal_Sperm/Normal_Sperm (645).bmp,1,train
smids/Normal_Sperm/Normal_Sperm (648).bmp,1,train
smids/Normal_Sperm/Normal_Sperm (650).bmp,1,train
smids/Normal_Sperm/Normal_Sperm (651).bmp,1,train
smids/Normal_Sperm/Normal_Sperm (652).bmp,1,train
smids/Normal_Sperm/Normal_Sperm (653).bmp,1,train
smids/Normal_Sperm/Normal_Sperm (654).bmp,1,train
smids/Normal_Sperm/Normal_Sperm (656).bmp,1,train
smids/Normal_Sperm/Normal_Sperm (659).bmp,1,train
smids/Normal_Sperm/Normal_Sperm (660).bmp,1,train
smids/Normal_Sperm/Normal_Sperm (663).bmp,1,train
smids/Normal_Sperm/Normal_Sperm (664).bmp,1,train
smids/Normal_Sperm/Normal_Sperm (665).bmp,1,train
smids/Normal_Sperm/Normal_Sperm (669).bmp,1,train
smids/Normal_Sperm/Normal_Sperm (67).bmp,1,train
smids/Normal_Sperm/Normal_Sperm (670).bmp,1,train
smids/Normal_Sperm/Normal_Sperm (671).bmp,1,train
smids/Normal_Sperm/Normal_Sperm (673).bmp,1,train
smids/Normal_Sperm/Normal_Sperm (675).bmp,1,train
smids/Normal_Sperm/Normal_Sperm (676).bmp,1,train
smids/Normal_Sperm/Normal_Sperm (677).bmp,1,train
smids/Normal_Sperm/Normal_Sperm (678).bmp,1,train
smids/Normal_Sperm/Normal_Sperm (68).bmp,1,train
smids/Normal_Sperm/Normal_Sperm (680).bmp,1,train
smids/Normal_Sperm/Normal_Sperm (681).bmp,1,train
smids/Normal_Sperm/Normal_Sperm (682).bmp,1,train
smids/Normal_Sperm/Normal_Sperm (684).bmp,1,train
smids/Normal_Sperm/Normal_Sperm (687).bmp,1,train
smids/Normal_Sperm/Normal_Sperm (688).bmp,1,train
smids/Normal_Sperm/Normal_Sperm (689).bmp,1,train
smids/Normal_Sperm/Normal_Sperm (69).bmp,1,train
smids/Normal_Sperm/Normal_Sperm (690).bmp,1,train
smids/Normal_Sperm/Normal_Sperm (691).bmp,1,train
smids/Normal_Sperm/Normal_Sperm (692).bmp,1,train
smids/Normal_Sperm/Normal_Sperm (693).bmp,1,train
smids/Normal_Sperm/Normal_Sperm (699).bmp,1,train
smids/Normal_Sperm/Normal_Sperm (70).bmp,1,train
smids/Normal_Sperm/Normal_Sperm (700).bmp,1,train
smids/Normal_Sperm/Normal_Sperm (701).bmp,1,train
smids/Normal_Sperm/Normal_Sperm (703).bmp,1,train
smids/Normal_Sperm/Normal_Sperm (704).bmp,1,train
smids/Normal_Sperm/Normal_Sperm (706).bmp,1,train
smids/Normal_Sperm/Normal_Sperm (707).bmp,1,train
smids/Normal_Sperm/Normal_Sperm (708).bmp,1,train
smids/Normal_Sperm/Normal_Sperm (709).bmp,1,train
smids/Normal_Sperm/Normal_Sperm (710).bmp,1,train
smids/Normal_Sperm/Normal_Sperm (711).bmp,1,train
smids/Normal_Sperm/Normal_Sperm (712).bmp,1,train
smids/Normal_Sperm/Normal_Sperm (715).bmp,1,train
smids/Normal_Sperm/Normal_Sperm (716).bmp,1,train
smids/Normal_Sperm/Normal_Sperm (725).bmp,1,train
smids/Normal_Sperm/Normal_Sperm (728).bmp,1,train
smids/Normal_Sperm/Normal_Sperm (729).bmp,1,train
smids/Normal_Sperm/Normal_Sperm (73).bmp,1,train
smids/Normal_Sperm/Normal_Sperm (731).bmp,1,train
smids/Normal_Sperm/Normal_Sperm (732).bmp,1,train
smids/Normal_Sperm/Normal_Sperm (733).bmp,1,train
smids/Normal_Sperm/Normal_Sperm (734).bmp,1,train
smids/Normal_Sperm/Normal_Sperm (736).bmp,1,train
smids/Normal_Sperm/Normal_Sperm (737).bmp,1,train
smids/Normal_Sperm/Normal_Sperm (738).bmp,1,train
smids/Normal_Sperm/Normal_Sperm (739).bmp,1,train
smids/Normal_Sperm/Normal_Sperm (746).bmp,1,train
smids/Normal_Sperm/Normal_Sperm (747).bmp,1,train
smids/Normal_Sperm/Normal_Sperm (749).bmp,1,train
smids/Normal_Sperm/Normal_Sperm (753).bmp,1,train
smids/Normal_Sperm/Normal_Sperm (754).bmp,1,train
smids/Normal_Sperm/Normal_Sperm (755).bmp,1,train
smids/Normal_Sperm/Normal_Sperm (756).bmp,1,train
smids/Normal_Sperm/Normal_Sperm (757).bmp,1,train
smids/Normal_Sperm/Normal_Sperm (76).bmp,1,train
smids/Normal_Sperm/Normal_Sperm (761).bmp,1,train
smids/Normal_Sperm/Normal_Sperm (767).bmp,1,train
smids/Normal_Sperm/Normal_Sperm (768).bmp,1,train
smids/Normal_Sperm/Normal_Sperm (769).bmp,1,train
smids/Normal_Sperm/Normal_Sperm (772).bmp,1,train
smids/Normal_Sperm/Normal_Sperm (773).bmp,1,train
smids/Normal_Sperm/Normal_Sperm (774).bmp,1,train
smids/Normal_Sperm/Normal_Sperm (775).bmp,1,train
smids/Normal_Sperm/Normal_Sperm (778).bmp,1,train
smids/Normal_Sperm/Normal_Sperm (779).bmp,1,train
smids/Normal_Sperm/Normal_Sperm (78).bmp,1,train
smids/Normal_Sperm/Normal_Sperm (780).bmp,1,train
smids/Normal_Sperm/Normal_Sperm (783).bmp,1,train
smids/Normal_Sperm/Normal_Sperm (785).bmp,1,train
smids/Normal_Sperm/Normal_Sperm (786).bmp,1,train
smids/Normal_Sperm/Normal_Sperm (788).bmp,1,train
smids/Normal_Sperm/Normal_Sperm (789).bmp,1,train
smids/Normal_Sperm/Normal_Sperm (792).bmp,1,train
smids/Normal_Sperm/Normal_Sperm (793).bmp,1,train
smids/Normal_Sperm/Normal_Sperm (795).bmp,1,train
smids/Normal_Sperm/Normal_Sperm (796).bmp,1,train
smids/Normal_Sperm/Normal_Sperm (798).bmp,1,train
smids/Normal_Sperm/Normal_Sperm (799).bmp,1,train
smids/Normal_Sperm/Normal_Sperm (8).bmp,1,train
smids/Normal_Sperm/Normal_Sperm (80).bmp,1,train
smids/Normal_Sperm/Normal_Sperm (800).bmp,1,train
smids/Normal_Sperm/Normal_Sperm (802).bmp,1,train
smids/Normal_Sperm/Normal_Sperm (803).bmp,1,train
smids/Normal_Sperm/Normal_Sperm (804).bmp,1,train
smids/Normal_Sperm/Normal_Sperm (808).bmp,1,train
smids/Normal_Sperm/Normal_Sperm (81).bmp,1,train
smids/Normal_Sperm/Normal_Sperm (810).bmp,1,train
smids/Normal_Sperm/Normal_Sperm (812).bmp,1,train
smids/Normal_Sperm/Normal_Sperm (82).bmp,1,train
smids/Normal_Sperm/Normal_Sperm (820).bmp,1,train
smids/Normal_Sperm/Normal_Sperm (827).bmp,1,train
smids/Normal_Sperm/Normal_Sperm (828).bmp,1,train
smids/Normal_Sperm/Normal_Sperm (829).bmp,1,train
smids/Normal_Sperm/Normal_Sperm (834).bmp,1,train
smids/Normal_Sperm/Normal_Sperm (835).bmp,1,train
smids/Normal_Sperm/Normal_Sperm (836).bmp,1,train
smids/Normal_Sperm/Normal_Sperm (839).bmp,1,train
smids/Normal_Sperm/Normal_Sperm (84).bmp,1,train
smids/Normal_Sperm/Normal_Sperm (844).bmp,1,train
smids/Normal_Sperm/Normal_Sperm (845).bmp,1,train
smids/Normal_Sperm/Normal_Sperm (846).bmp,1,train
smids/Normal_Sperm/Normal_Sperm (85).bmp,1,train
smids/Normal_Sperm/Normal_Sperm (850).bmp,1,train
smids/Normal_Sperm/Normal_Sperm (853).bmp,1,train
smids/Normal_Sperm/Normal_Sperm (854).bmp,1,train
smids/Normal_Sperm/Normal_Sperm (855).bmp,1,train
smids/Normal_Sperm/Normal_Sperm (858).bmp,1,train
smids/Normal_Sperm/Normal_Sperm (859).bmp,1,train
smids/Normal_Sperm/Normal_Sperm (86).bmp,1,train
smids/Normal_Sperm/Normal_Sperm (860).bmp,1,train
smids/Normal_Sperm/Normal_Sperm (861).bmp,1,train
smids/Normal_Sperm/Normal_Sperm (862).bmp,1,train
smids/Normal_Sperm/Normal_Sperm (864).bmp,1,train
smids/Normal_Sperm/Normal_Sperm (865).bmp,1,train
smids/Normal_Sperm/Normal_Sperm (867).bmp,1,train
smids/Normal_Sperm/Normal_Sperm (868).bmp,1,train
smids/Normal_Sperm/Normal_Sperm (869).bmp,1,train
smids/Normal_Sperm/Normal_Sperm (870).bmp,1,train
smids/Normal_Sperm/Normal_Sperm (873).bmp,1,train
smids/Normal_Sperm/Normal_Sperm (875).bmp,1,train
smids/Normal_Sperm/Normal_Sperm (877).bmp,1,train
smids/Normal_Sperm/Normal_Sperm (885).bmp,1,train
smids/Normal_Sperm/Normal_Sperm (886).bmp,1,train
smids/Normal_Sperm/Normal_Sperm (887).bmp,1,train
smids/Normal_Sperm/Normal_Sperm (888).bmp,1,train
smids/Normal_Sperm/Normal_Sperm (889).bmp,1,train
smids/Normal_Sperm/Normal_Sperm (89).bmp,1,train
smids/Normal_Sperm/Normal_Sperm (892).bmp,1,train
smids/Normal_Sperm/Normal_Sperm (893).bmp,1,train
smids/Normal_Sperm/Normal_Sperm (895).bmp,1,train
smids/Normal_Sperm/Normal_Sperm (897).bmp,1,train
smids/Normal_Sperm/Normal_Sperm (898).bmp,1,train
smids/Normal_Sperm/Normal_Sperm (900).bmp,1,train
smids/Normal_Sperm/Normal_Sperm (901).bmp,1,train
smids/Normal_Sperm/Normal_Sperm (903).bmp,1,train
smids/Normal_Sperm/Normal_Sperm (905).bmp,1,train
smids/Normal_Sperm/Normal_Sperm (906).bmp,1,train
smids/Normal_Sperm/Normal_Sperm (908).bmp,1,train
smids/Normal_Sperm/Normal_Sperm (909).bmp,1,train
smids/Normal_Sperm/Normal_Sperm (910).bmp,1,train
smids/Normal_Sperm/Normal_Sperm (911).bmp,1,train
smids/Normal_Sperm/Normal_Sperm (912).bmp,1,train
smids/Normal_Sperm/Normal_Sperm (913).bmp,1,train
smids/Normal_Sperm/Normal_Sperm (914).bmp,1,train
smids/Normal_Sperm/Normal_Sperm (916).bmp,1,train
smids/Normal_Sperm/Normal_Sperm (917).bmp,1,train
smids/Normal_Sperm/Normal_Sperm (918).bmp,1,train
smids/Normal_Sperm/Normal_Sperm (92).bmp,1,train
smids/Normal_Sperm/Normal_Sperm (922).bmp,1,train
smids/Normal_Sperm/Normal_Sperm (923).bmp,1,train
smids/Normal_Sperm/Normal_Sperm (926).bmp,1,train
smids/Normal_Sperm/Normal_Sperm (929).bmp,1,train
smids/Normal_Sperm/Normal_Sperm (93).bmp,1,train
smids/Normal_Sperm/Normal_Sperm (935).bmp,1,train
smids/Normal_Sperm/Normal_Sperm (936).bmp,1,train
smids/Normal_Sperm/Normal_Sperm (937).bmp,1,train
smids/Normal_Sperm/Normal_Sperm (941).bmp,1,train
smids/Normal_Sperm/Normal_Sperm (942).bmp,1,train
smids/Normal_Sperm/Normal_Sperm (945).bmp,1,train
smids/Normal_Sperm/Normal_Sperm (946).bmp,1,train
smids/Normal_Sperm/Normal_Sperm (947).bmp,1,train
smids/Normal_Sperm/Normal_Sperm (949).bmp,1,train
smids/Normal_Sperm/Normal_Sperm (95).bmp,1,train
smids/Normal_Sperm/Normal_Sperm (950).bmp,1,train
smids/Normal_Sperm/Normal_Sperm (956).bmp,1,train
smids/Normal_Sperm/Normal_Sperm (958).bmp,1,train
smids/Normal_Sperm/Normal_Sperm (959).bmp,1,train
smids/Normal_Sperm/Normal_Sperm (960).bmp,1,train
smids/Normal_Sperm/Normal_Sperm (962).bmp,1,train
smids/Normal_Sperm/Normal_Sperm (963).bmp,1,train
smids/Normal_Sperm/Normal_Sperm (964).bmp,1,train
smids/Normal_Sperm/Normal_Sperm (965).bmp,1,train
smids/Normal_Sperm/Normal_Sperm (967).bmp,1,train
smids/Normal_Sperm/Normal_Sperm (968).bmp,1,train
smids/Normal_Sperm/Normal_Sperm (969).bmp,1,train
smids/Normal_Sperm/Normal_Sperm (98).bmp,1,train
smids/Normal_Sperm/Normal_Sperm (981).bmp,1,train
smids/Normal_Sperm/Normal_Sperm (984).bmp,1,train
smids/Normal_Sperm/Normal_Sperm (989).bmp,1,train
smids/Normal_Sperm/Normal_Sperm (991).bmp,1,train
smids/Normal_Sperm/Normal_Sperm (992).bmp,1,train
smids/Normal_Sperm/Normal_Sperm (994).bmp,1,train
smids/Normal_Sperm/Normal_Sperm (997).bmp,1,train
smids/Abnormal_Sperm/Abnormal_Sperm (1002).bmp,1,val
smids/Abnormal_Sperm/Abnormal_Sperm (1003).bmp,1,val
smids/Abnormal_Sperm/Abnormal_Sperm (103).bmp,1,val
smids/Abnormal_Sperm/Abnormal_Sperm (11).bmp,1,val
smids/Abnormal_Sperm/Abnormal_Sperm (113).bmp,1,val
smids/Abnormal_Sperm/Abnormal_Sperm (120).bmp,1,val
smids/Abnormal_Sperm/Abnormal_Sperm (137).bmp,1,val
smids/Abnormal_Sperm/Abnormal_Sperm (138).bmp,1,val
smids/Abnormal_Sperm/Abnormal_Sperm (140).bmp,1,val
smids/Abnormal_Sperm/Abnormal_Sperm (161).bmp,1,val
smids/Abnormal_Sperm/Abnormal_Sperm (163).bmp,1,val
smids/Abnormal_Sperm/Abnormal_Sperm (175).bmp,1,val
smids/Abnormal_Sperm/Abnormal_Sperm (192).bmp,1,val
smids/Abnormal_Sperm/Abnormal_Sperm (205).bmp,1,val
smids/Abnormal_Sperm/Abnormal_Sperm (223).bmp,1,val
smids/Abnormal_Sperm/Abnormal_Sperm (234).bmp,1,val
smids/Abnormal_Sperm/Abnormal_Sperm (235).bmp,1,val
smids/Abnormal_Sperm/Abnormal_Sperm (237).bmp,1,val
smids/Abnormal_Sperm/Abnormal_Sperm (239).bmp,1,val
smids/Abnormal_Sperm/Abnormal_Sperm (246).bmp,1,val
smids/Abnormal_Sperm/Abnormal_Sperm (26).bmp,1,val
smids/Abnormal_Sperm/Abnormal_Sperm (265).bmp,1,val
smids/Abnormal_Sperm/Abnormal_Sperm (276).bmp,1,val
smids/Abnormal_Sperm/Abnormal_Sperm (302).bmp,1,val
smids/Abnormal_Sperm/Abnormal_Sperm (317).bmp,1,val
smids/Abnormal_Sperm/Abnormal_Sperm (33).bmp,1,val
smids/Abnormal_Sperm/Abnormal_Sperm (341).bmp,1,val
smids/Abnormal_Sperm/Abnormal_Sperm (344).bmp,1,val
smids/Abnormal_Sperm/Abnormal_Sperm (362).bmp,1,val
smids/Abnormal_Sperm/Abnormal_Sperm (366).bmp,1,val
smids/Abnormal_Sperm/Abnormal_Sperm (377).bmp,1,val
smids/Abnormal_Sperm/Abnormal_Sperm (389).bmp,1,val
smids/Abnormal_Sperm/Abnormal_Sperm (393).bmp,1,val
smids/Abnormal_Sperm/Abnormal_Sperm (4).bmp,1,val
smids/Abnormal_Sperm/Abnormal_Sperm (42).bmp,1,val
smids/Abnormal_Sperm/Abnormal_Sperm (438).bmp,1,val
smids/Abnormal_Sperm/Abnormal_Sperm (446).bmp,1,val
smids/Abnormal_Sperm/Abnormal_Sperm (450).bmp,1,val
smids/Abnormal_Sperm/Abnormal_Sperm (458).bmp,1,val
smids/Abnormal_Sperm/Abnormal_Sperm (472).bmp,1,val
smids/Abnormal_Sperm/Abnormal_Sperm (478).bmp,1,val
smids/Abnormal_Sperm/Abnormal_Sperm (487).bmp,1,val
smids/Abnormal_Sperm/Abnormal_Sperm (490).bmp,1,val
smids/Abnormal_Sperm/Abnormal_Sperm (491).bmp,1,val
smids/Abnormal_Sperm/Abnormal_Sperm (500).bmp,1,val
smids/Abnormal_Sperm/Abnormal_Sperm (520).bmp,1,val
smids/Abnormal_Sperm/Abnormal_Sperm (533).bmp,1,val
smids/Abnormal_Sperm/Abnormal_Sperm (556).bmp,1,val
smids/Abnormal_Sperm/Abnormal_Sperm (557).bmp,1,val
smids/Abnormal_Sperm/Abnormal_Sperm (577).bmp,1,val
smids/Abnormal_Sperm/Abnormal_Sperm (582).bmp,1,val
smids/Abnormal_Sperm/Abnormal_Sperm (596).bmp,1,val
smids/Abnormal_Sperm/Abnormal_Sperm (598).bmp,1,val
smids/Abnormal_Sperm/Abnormal_Sperm (599).bmp,1,val
smids/Abnormal_Sperm/Abnormal_Sperm (601).bmp,1,val
smids/Abnormal_Sperm/Abnormal_Sperm (609).bmp,1,val
smids/Abnormal_Sperm/Abnormal_Sperm (612).bmp,1,val
smids/Abnormal_Sperm/Abnormal_Sperm (613).bmp,1,val
smids/Abnormal_Sperm/Abnormal_Sperm (624).bmp,1,val
smids/Abnormal_Sperm/Abnormal_Sperm (631).bmp,1,val
smids/Abnormal_Sperm/Abnormal_Sperm (633).bmp,1,val
smids/Abnormal_Sperm/Abnormal_Sperm (642).bmp,1,val
smids/Abnormal_Sperm/Abnormal_Sperm (645).bmp,1,val
smids/Abnormal_Sperm/Abnormal_Sperm (662).bmp,1,val
smids/Abnormal_Sperm/Abnormal_Sperm (671).bmp,1,val
smids/Abnormal_Sperm/Abnormal_Sperm (672).bmp,1,val
smids/Abnormal_Sperm/Abnormal_Sperm (678).bmp,1,val
smids/Abnormal_Sperm/Abnormal_Sperm (679).bmp,1,val
smids/Abnormal_Sperm/Abnormal_Sperm (716).bmp,1,val
smids/Abnormal_Sperm/Abnormal_Sperm (717).bmp,1,val
smids/Abnormal_Sperm/Abnormal_Sperm (72).bmp,1,val
smids/Abnormal_Sperm/Abnormal_Sperm (731).bmp,1,val
smids/Abnormal_Sperm/Abnormal_Sperm (740).bmp,1,val
smids/Abnormal_Sperm/Abnormal_Sperm (748).bmp,1,val
smids/Abnormal_Sperm/Abnormal_Sperm (752).bmp,1,val
smids/Abnormal_Sperm/Abnormal_Sperm (769).bmp,1,val
smids/Abnormal_Sperm/Abnormal_Sperm (773).bmp,1,val
smids/Abnormal_Sperm/Abnormal_Sperm (776).bmp,1,val
smids/Abnormal_Sperm/Abnormal_Sperm (777).bmp,1,val
smids/Abnormal_Sperm/Abnormal_Sperm (785).bmp,1,val
smids/Abnormal_Sperm/Abnormal_Sperm (789).bmp,1,val
smids/Abnormal_Sperm/Abnormal_Sperm (791).bmp,1,val
smids/Abnormal_Sperm/Abnormal_Sperm (792).bmp,1,val
smids/Abnormal_Sperm/Abnormal_Sperm (807).bmp,1,val
smids/Abnormal_Sperm/Abnormal_Sperm (81).bmp,1,val
smids/Abnormal_Sperm/Abnormal_Sperm (817).bmp,1,val
smids/Abnormal_Sperm/Abnormal_Sperm (826).bmp,1,val
smids/Abnormal_Sperm/Abnormal_Sperm (828).bmp,1,val
smids/Abnormal_Sperm/Abnormal_Sperm (838).bmp,1,val
smids/Abnormal_Sperm/Abnormal_Sperm (841).bmp,1,val
smids/Abnormal_Sperm/Abnormal_Sperm (883).bmp,1,val
smids/Abnormal_Sperm/Abnormal_Sperm (887).bmp,1,val
smids/Abnormal_Sperm/Abnormal_Sperm (889).bmp,1,val
smids/Abnormal_Sperm/Abnormal_Sperm (890).bmp,1,val
smids/Abnormal_Sperm/Abnormal_Sperm (892).bmp,1,val
smids/Abnormal_Sperm/Abnormal_Sperm (893).bmp,1,val
smids/Abnormal_Sperm/Abnormal_Sperm (899).bmp,1,val
smids/Abnormal_Sperm/Abnormal_Sperm (90).bmp,1,val
smids/Abnormal_Sperm/Abnormal_Sperm (902).bmp,1,val
smids/Abnormal_Sperm/Abnormal_Sperm (909).bmp,1,val
smids/Abnormal_Sperm/Abnormal_Sperm (912).bmp,1,val
smids/Abnormal_Sperm/Abnormal_Sperm (923).bmp,1,val
smids/Abnormal_Sperm/Abnormal_Sperm (929).bmp,1,val
smids/Abnormal_Sperm/Abnormal_Sperm (93).bmp,1,val
smids/Abnormal_Sperm/Abnormal_Sperm (932).bmp,1,val
smids/Abnormal_Sperm/Abnormal_Sperm (944).bmp,1,val
smids/Abnormal_Sperm/Abnormal_Sperm (95).bmp,1,val
smids/Abnormal_Sperm/Abnormal_Sperm (952).bmp,1,val
smids/Abnormal_Sperm/Abnormal_Sperm (975).bmp,1,val
smids/Abnormal_Sperm/Abnormal_Sperm (978).bmp,1,val
smids/Abnormal_Sperm/Abnormal_Sperm (980).bmp,1,val
smids/Abnormal_Sperm/Abnormal_Sperm (983).bmp,1,val
smids/Abnormal_Sperm/Abnormal_Sperm (984).bmp,1,val
smids/Abnormal_Sperm/Abnormal_Sperm (985).bmp,1,val
smids/Abnormal_Sperm/Abnormal_Sperm (99).bmp,1,val
smids/Abnormal_Sperm/Abnormal_Sperm (993).bmp,1,val
smids/Abnormal_Sperm/Abnormal_Sperm (995).bmp,1,val
smids/Non-Sperm/Non-Sperm (106).bmp,1,val
smids/Non-Sperm/Non-Sperm (11).bmp,1,val
smids/Non-Sperm/Non-Sperm (113).bmp,1,val
smids/Non-Sperm/Non-Sperm (114).bmp,1,val
smids/Non-Sperm/Non-Sperm (124).bmp,1,val
smids/Non-Sperm/Non-Sperm (130).bmp,1,val
smids/Non-Sperm/Non-Sperm (139).bmp,1,val
smids/Non-Sperm/Non-Sperm (146).bmp,1,val
smids/Non-Sperm/Non-Sperm (15).bmp,1,val
smids/Non-Sperm/Non-Sperm (152).bmp,1,val
smids/Non-Sperm/Non-Sperm (158).bmp,1,val
smids/Non-Sperm/Non-Sperm (174).bmp,1,val
smids/Non-Sperm/Non-Sperm (201).bmp,1,val
smids/Non-Sperm/Non-Sperm (208).bmp,1,val
smids/Non-Sperm/Non-Sperm (221).bmp,1,val
smids/Non-Sperm/Non-Sperm (222).bmp,1,val
smids/Non-Sperm/Non-Sperm (223).bmp,1,val
smids/Non-Sperm/Non-Sperm (238).bmp,1,val
smids/Non-Sperm/Non-Sperm (25).bmp,1,val
smids/Non-Sperm/Non-Sperm (267).bmp,1,val
smids/Non-Sperm/Non-Sperm (273).bmp,1,val
smids/Non-Sperm/Non-Sperm (276).bmp,1,val
smids/Non-Sperm/Non-Sperm (285).bmp,1,val
smids/Non-Sperm/Non-Sperm (29).bmp,1,val
smids/Non-Sperm/Non-Sperm (290).bmp,1,val
smids/Non-Sperm/Non-Sperm (293).bmp,1,val
smids/Non-Sperm/Non-Sperm (303).bmp,1,val
smids/Non-Sperm/Non-Sperm (306).bmp,1,val
smids/Non-Sperm/Non-Sperm (309).bmp,1,val
smids/Non-Sperm/Non-Sperm (324).bmp,1,val
smids/Non-Sperm/Non-Sperm (336).bmp,1,val
smids/Non-Sperm/Non-Sperm (337).bmp,1,val
smids/Non-Sperm/Non-Sperm (340).bmp,1,val
smids/Non-Sperm/Non-Sperm (354).bmp,1,val
smids/Non-Sperm/Non-Sperm (356).bmp,1,val
smids/Non-Sperm/Non-Sperm (358).bmp,1,val
smids/Non-Sperm/Non-Sperm (385).bmp,1,val
smids/Non-Sperm/Non-Sperm (388).bmp,1,val
smids/Non-Sperm/Non-Sperm (405).bmp,1,val
smids/Non-Sperm/Non-Sperm (407).bmp,1,val
smids/Non-Sperm/Non-Sperm (413).bmp,1,val
smids/Non-Sperm/Non-Sperm (420).bmp,1,val
smids/Non-Sperm/Non-Sperm (421).bmp,1,val
smids/Non-Sperm/Non-Sperm (433).bmp,1,val
smids/Non-Sperm/Non-Sperm (444).bmp,1,val
smids/Non-Sperm/Non-Sperm (447).bmp,1,val
smids/Non-Sperm/Non-Sperm (451).bmp,1,val
smids/Non-Sperm/Non-Sperm (455).bmp,1,val
smids/Non-Sperm/Non-Sperm (499).bmp,1,val
smids/Non-Sperm/Non-Sperm (500).bmp,1,val
smids/Non-Sperm/Non-Sperm (502).bmp,1,val
smids/Non-Sperm/Non-Sperm (504).bmp,1,val
smids/Non-Sperm/Non-Sperm (511).bmp,1,val
smids/Non-Sperm/Non-Sperm (513).bmp,1,val
smids/Non-Sperm/Non-Sperm (515).bmp,1,val
smids/Non-Sperm/Non-Sperm (560).bmp,1,val
smids/Non-Sperm/Non-Sperm (576).bmp,1,val
smids/Non-Sperm/Non-Sperm (579).bmp,1,val
smids/Non-Sperm/Non-Sperm (584).bmp,1,val
smids/Non-Sperm/Non-Sperm (587).bmp,1,val
smids/Non-Sperm/Non-Sperm (59).bmp,1,val
smids/Non-Sperm/Non-Sperm (590).bmp,1,val
smids/Non-Sperm/Non-Sperm (591).bmp,1,val
smids/Non-Sperm/Non-Sperm (594).bmp,1,val
smids/Non-Sperm/Non-Sperm (597).bmp,1,val
smids/Non-Sperm/Non-Sperm (60).bmp,1,val
smids/Non-Sperm/Non-Sperm (602).bmp,1,val
smids/Non-Sperm/Non-Sperm (606).bmp,1,val
smids/Non-Sperm/Non-Sperm (609).bmp,1,val
smids/Non-Sperm/Non-Sperm (616).bmp,1,val
smids/Non-Sperm/Non-Sperm (618).bmp,1,val
smids/Non-Sperm/Non-Sperm (620).bmp,1,val
smids/Non-Sperm/Non-Sperm (629).bmp,1,val
smids/Non-Sperm/Non-Sperm (643).bmp,1,val
smids/Non-Sperm/Non-Sperm (645).bmp,1,val
smids/Non-Sperm/Non-Sperm (659).bmp,1,val
smids/Non-Sperm/Non-Sperm (665).bmp,1,val
smids/Non-Sperm/Non-Sperm (666).bmp,1,val
smids/Non-Sperm/Non-Sperm (672).bmp,1,val
smids/Non-Sperm/Non-Sperm (678).bmp,1,val
smids/Non-Sperm/Non-Sperm (690).bmp,1,val
smids/Non-Sperm/Non-Sperm (7).bmp,1,val
smids/Non-Sperm/Non-Sperm (706).bmp,1,val
smids/Non-Sperm/Non-Sperm (731).bmp,1,val
smids/Non-Sperm/Non-Sperm (735).bmp,1,val
smids/Non-Sperm/Non-Sperm (755).bmp,1,val
smids/Non-Sperm/Non-Sperm (769).bmp,1,val
smids/Non-Sperm/Non-Sperm (77).bmp,1,val
smids/Non-Sperm/Non-Sperm (78).bmp,1,val
smids/Non-Sperm/Non-Sperm (785).bmp,1,val
smids/Non-Sperm/Non-Sperm (788).bmp,1,val
smids/Non-Sperm/Non-Sperm (79).bmp,1,val
smids/Non-Sperm/Non-Sperm (808).bmp,1,val
smids/Non-Sperm/Non-Sperm (830).bmp,1,val
smids/Non-Sperm/Non-Sperm (854).bmp,1,val
smids/Non-Sperm/Non-Sperm (869).bmp,1,val
smids/Non-Sperm/Non-Sperm (87).bmp,1,val
smids/Non-Sperm/Non-Sperm (871).bmp,1,val
smids/Non-Sperm/Non-Sperm (877).bmp,1,val
smids/Non-Sperm/Non-Sperm (880).bmp,1,val
smids/Non-Sperm/Non-Sperm (883).bmp,1,val
smids/Non-Sperm/Non-Sperm (890).bmp,1,val
smids/Non-Sperm/Non-Sperm (900).bmp,1,val
smids/Non-Sperm/Non-Sperm (906).bmp,1,val
smids/Non-Sperm/Non-Sperm (908).bmp,1,val
smids/Non-Sperm/Non-Sperm (916).bmp,1,val
smids/Non-Sperm/Non-Sperm (919).bmp,1,val
smids/Non-Sperm/Non-Sperm (920).bmp,1,val
smids/Non-Sperm/Non-Sperm (922).bmp,1,val
smids/Non-Sperm/Non-Sperm (927).bmp,1,val
smids/Non-Sperm/Non-Sperm (934).bmp,1,val
smids/Non-Sperm/Non-Sperm (953).bmp,1,val
smids/Non-Sperm/Non-Sperm (955).bmp,1,val
smids/Non-Sperm/Non-Sperm (963).bmp,1,val
smids/Non-Sperm/Non-Sperm (964).bmp,1,val
smids/Non-Sperm/Non-Sperm (969).bmp,1,val
smids/Non-Sperm/Non-Sperm (972).bmp,1,val
smids/Normal_Sperm/Normal_Sperm (1005).bmp,1,val
smids/Normal_Sperm/Normal_Sperm (1018).bmp,1,val
smids/Normal_Sperm/Normal_Sperm (106).bmp,1,val
smids/Normal_Sperm/Normal_Sperm (108).bmp,1,val
smids/Normal_Sperm/Normal_Sperm (117).bmp,1,val
smids/Normal_Sperm/Normal_Sperm (133).bmp,1,val
smids/Normal_Sperm/Normal_Sperm (135).bmp,1,val
smids/Normal_Sperm/Normal_Sperm (141).bmp,1,val
smids/Normal_Sperm/Normal_Sperm (146).bmp,1,val
smids/Normal_Sperm/Normal_Sperm (152).bmp,1,val
smids/Normal_Sperm/Normal_Sperm (157).bmp,1,val
smids/Normal_Sperm/Normal_Sperm (168).bmp,1,val
smids/Normal_Sperm/Normal_Sperm (174).bmp,1,val
smids/Normal_Sperm/Normal_Sperm (184).bmp,1,val
smids/Normal_Sperm/Normal_Sperm (189).bmp,1,val
smids/Normal_Sperm/Normal_Sperm (195).bmp,1,val
smids/Normal_Sperm/Normal_Sperm (201).bmp,1,val
smids/Normal_Sperm/Normal_Sperm (202).bmp,1,val
smids/Normal_Sperm/Normal_Sperm (204).bmp,1,val
smids/Normal_Sperm/Normal_Sperm (220).bmp,1,val
smids/Normal_Sperm/Normal_Sperm (239).bmp,1,val
smids/Normal_Sperm/Normal_Sperm (240).bmp,1,val
smids/Normal_Sperm/Normal_Sperm (244).bmp,1,val
smids/Normal_Sperm/Normal_Sperm (249).bmp,1,val
smids/Normal_Sperm/Normal_Sperm (270).bmp,1,val
smids/Normal_Sperm/Normal_Sperm (272).bmp,1,val
smids/Normal_Sperm/Normal_Sperm (279).bmp,1,val
smids/Normal_Sperm/Normal_Sperm (305).bmp,1,val
smids/Normal_Sperm/Normal_Sperm (31).bmp,1,val
smids/Normal_Sperm/Normal_Sperm (322).bmp,1,val
smids/Normal_Sperm/Normal_Sperm (326).bmp,1,val
smids/Normal_Sperm/Normal_Sperm (328).bmp,1,val
smids/Normal_Sperm/Normal_Sperm (334).bmp,1,val
smids/Normal_Sperm/Normal_Sperm (350).bmp,1,val
smids/Normal_Sperm/Normal_Sperm (351).bmp,1,val
smids/Normal_Sperm/Normal_Sperm (360).bmp,1,val
smids/Normal_Sperm/Normal_Sperm (375).bmp,1,val
smids/Normal_Sperm/Normal_Sperm (376).bmp,1,val
smids/Normal_Sperm/Normal_Sperm (38).bmp,1,val
smids/Normal_Sperm/Normal_Sperm (391).bmp,1,val
smids/Normal_Sperm/Normal_Sperm (392).bmp,1,val
smids/Normal_Sperm/Normal_Sperm (395).bmp,1,val
smids/Normal_Sperm/Normal_Sperm (404).bmp,1,val
smids/Normal_Sperm/Normal_Sperm (406).bmp,1,val
smids/Normal_Sperm/Normal_Sperm (414).bmp,1,val
smids/Normal_Sperm/Normal_Sperm (418).bmp,1,val
smids/Normal_Sperm/Normal_Sperm (429).bmp,1,val
smids/Normal_Sperm/Normal_Sperm (43).bmp,1,val
smids/Normal_Sperm/Normal_Sperm (434).bmp,1,val
smids/Normal_Sperm/Normal_Sperm (439).bmp,1,val
smids/Normal_Sperm/Normal_Sperm (444).bmp,1,val
smids/Normal_Sperm/Normal_Sperm (446).bmp,1,val
smids/Normal_Sperm/Normal_Sperm (447).bmp,1,val
smids/Normal_Sperm/Normal_Sperm (458).bmp,1,val
smids/Normal_Sperm/Normal_Sperm (472).bmp,1,val
smids/Normal_Sperm/Normal_Sperm (496).bmp,1,val
smids/Normal_Sperm/Normal_Sperm (509).bmp,1,val
smids/Normal_Sperm/Normal_Sperm (515).bmp,1,val
smids/Normal_Sperm/Normal_Sperm (516).bmp,1,val
smids/Normal_Sperm/Normal_Sperm (523).bmp,1,val
smids/Normal_Sperm/Normal_Sperm (534).bmp,1,val
smids/Normal_Sperm/Normal_Sperm (552).bmp,1,val
smids/Normal_Sperm/Normal_Sperm (559).bmp,1,val
smids/Normal_Sperm/Normal_Sperm (575).bmp,1,val
smids/Normal_Sperm/Normal_Sperm (582).bmp,1,val
smids/Normal_Sperm/Normal_Sperm (583).bmp,1,val
smids/Normal_Sperm/Normal_Sperm (589).bmp,1,val
smids/Normal_Sperm/Normal_Sperm (6).bmp,1,val
smids/Normal_Sperm/Normal_Sperm (604).bmp,1,val
smids/Normal_Sperm/Normal_Sperm (624).bmp,1,val
smids/Normal_Sperm/Normal_Sperm (625).bmp,1,val
smids/Normal_Sperm/Normal_Sperm (626).bmp,1,val
smids/Normal_Sperm/Normal_Sperm (643).bmp,1,val
smids/Normal_Sperm/Normal_Sperm (644).bmp,1,val
smids/Normal_Sperm/Normal_Sperm (646).bmp,1,val
smids/Normal_Sperm/Normal_Sperm (66).bmp,1,val
smids/Normal_Sperm/Normal_Sperm (662).bmp,1,val
smids/Normal_Sperm/Normal_Sperm (668).bmp,1,val
smids/Normal_Sperm/Normal_Sperm (686).bmp,1,val
smids/Normal_Sperm/Normal_Sperm (694).bmp,1,val
smids/Normal_Sperm/Normal_Sperm (7).bmp,1,val
smids/Normal_Sperm/Normal_Sperm (702).bmp,1,val
smids/Normal_Sperm/Normal_Sperm (713).bmp,1,val
smids/Normal_Sperm/Normal_Sperm (714).bmp,1,val
smids/Normal_Sperm/Normal_Sperm (724).bmp,1,val
smids/Normal_Sperm/Normal_Sperm (726).bmp,1,val
smids/Normal_Sperm/Normal_Sperm (740).bmp,1,val
smids/Normal_Sperm/Normal_Sperm (750).bmp,1,val
smids/Normal_Sperm/Normal_Sperm (751).bmp,1,val
smids/Normal_Sperm/Normal_Sperm (766).bmp,1,val
smids/Normal_Sperm/Normal_Sperm (771).bmp,1,val
smids/Normal_Sperm/Normal_Sperm (776).bmp,1,val
smids/Normal_Sperm/Normal_Sperm (777).bmp,1,val
smids/Normal_Sperm/Normal_Sperm (781).bmp,1,val
smids/Normal_Sperm/Normal_Sperm (791).bmp,1,val
smids/Normal_Sperm/Normal_Sperm (797).bmp,1,val
smids/Normal_Sperm/Normal_Sperm (814).bmp,1,val
smids/Normal_Sperm/Normal_Sperm (842).bmp,1,val
smids/Normal_Sperm/Normal_Sperm (843).bmp,1,val
smids/Normal_Sperm/Normal_Sperm (848).bmp,1,val
smids/Normal_Sperm/Normal_Sperm (851).bmp,1,val
smids/Normal_Sperm/Normal_Sperm (852).bmp,1,val
smids/Normal_Sperm/Normal_Sperm (87).bmp,1,val
smids/Normal_Sperm/Normal_Sperm (88).bmp,1,val
smids/Normal_Sperm/Normal_Sperm (899).bmp,1,val
smids/Normal_Sperm/Normal_Sperm (920).bmp,1,val
smids/Normal_Sperm/Normal_Sperm (927).bmp,1,val
smids/Normal_Sperm/Normal_Sperm (931).bmp,1,val
smids/Normal_Sperm/Normal_Sperm (932).bmp,1,val
smids/Normal_Sperm/Normal_Sperm (94).bmp,1,val
smids/Normal_Sperm/Normal_Sperm (940).bmp,1,val
smids/Normal_Sperm/Normal_Sperm (943).bmp,1,val
smids/Normal_Sperm/Normal_Sperm (944).bmp,1,val
smids/Normal_Sperm/Normal_Sperm (955).bmp,1,val
smids/Normal_Sperm/Normal_Sperm (96).bmp,1,val
smids/Normal_Sperm/Normal_Sperm (961).bmp,1,val
smids/Normal_Sperm/Normal_Sperm (97).bmp,1,val
smids/Normal_Sperm/Normal_Sperm (980).bmp,1,val
smids/Normal_Sperm/Normal_Sperm (986).bmp,1,val
smids/Normal_Sperm/Normal_Sperm (988).bmp,1,val
smids/Abnormal_Sperm/Abnormal_Sperm (1001).bmp,2,calib
smids/Abnormal_Sperm/Abnormal_Sperm (108).bmp,2,calib
smids/Abnormal_Sperm/Abnormal_Sperm (110).bmp,2,calib
smids/Abnormal_Sperm/Abnormal_Sperm (115).bmp,2,calib
smids/Abnormal_Sperm/Abnormal_Sperm (123).bmp,2,calib
smids/Abnormal_Sperm/Abnormal_Sperm (129).bmp,2,calib
smids/Abnormal_Sperm/Abnormal_Sperm (132).bmp,2,calib
smids/Abnormal_Sperm/Abnormal_Sperm (136).bmp,2,calib
smids/Abnormal_Sperm/Abnormal_Sperm (137).bmp,2,calib
smids/Abnormal_Sperm/Abnormal_Sperm (139).bmp,2,calib
smids/Abnormal_Sperm/Abnormal_Sperm (142).bmp,2,calib
smids/Abnormal_Sperm/Abnormal_Sperm (143).bmp,2,calib
smids/Abnormal_Sperm/Abnormal_Sperm (145).bmp,2,calib
smids/Abnormal_Sperm/Abnormal_Sperm (146).bmp,2,calib
smids/Abnormal_Sperm/Abnormal_Sperm (152).bmp,2,calib
smids/Abnormal_Sperm/Abnormal_Sperm (160).bmp,2,calib
smids/Abnormal_Sperm/Abnormal_Sperm (168).bmp,2,calib
smids/Abnormal_Sperm/Abnormal_Sperm (172).bmp,2,calib
smids/Abnormal_Sperm/Abnormal_Sperm (183).bmp,2,calib
smids/Abnormal_Sperm/Abnormal_Sperm (189).bmp,2,calib
smids/Abnormal_Sperm/Abnormal_Sperm (195).bmp,2,calib
smids/Abnormal_Sperm/Abnormal_Sperm (198).bmp,2,calib
smids/Abnormal_Sperm/Abnormal_Sperm (20).bmp,2,calib
smids/Abnormal_Sperm/Abnormal_Sperm (202).bmp,2,calib
smids/Abnormal_Sperm/Abnormal_Sperm (216).bmp,2,calib
smids/Abnormal_Sperm/Abnormal_Sperm (229).bmp,2,calib
smids/Abnormal_Sperm/Abnormal_Sperm (235).bmp,2,calib
smids/Abnormal_Sperm/Abnormal_Sperm (239).bmp,2,calib
smids/Abnormal_Sperm/Abnormal_Sperm (240).bmp,2,calib
smids/Abnormal_Sperm/Abnormal_Sperm (244).bmp,2,calib
smids/Abnormal_Sperm/Abnormal_Sperm (245).bmp,2,calib
smids/Abnormal_Sperm/Abnormal_Sperm (256).bmp,2,calib
smids/Abnormal_Sperm/Abnormal_Sperm (260).bmp,2,calib
smids/Abnormal_Sperm/Abnormal_Sperm (264).bmp,2,calib
smids/Abnormal_Sperm/Abnormal_Sperm (268).bmp,2,calib
smids/Abnormal_Sperm/Abnormal_Sperm (280).bmp,2,calib
smids/Abnormal_Sperm/Abnormal_Sperm (281).bmp,2,calib
smids/Abnormal_Sperm/Abnormal_Sperm (300).bmp,2,calib
smids/Abnormal_Sperm/Abnormal_Sperm (305).bmp,2,calib
smids/Abnormal_Sperm/Abnormal_Sperm (309).bmp,2,calib
smids/Abnormal_Sperm/Abnormal_Sperm (31).bmp,2,calib
smids/Abnormal_Sperm/Abnormal_Sperm (311).bmp,2,calib
smids/Abnormal_Sperm/Abnormal_Sperm (312).bmp,2,calib
smids/Abnormal_Sperm/Abnormal_Sperm (317).bmp,2,calib
smids/Abnormal_Sperm/Abnormal_Sperm (323).bmp,2,calib
smids/Abnormal_Sperm/Abnormal_Sperm (326).bmp,2,calib
smids/Abnormal_Sperm/Abnormal_Sperm (335).bmp,2,calib
smids/Abnormal_Sperm/Abnormal_Sperm (343).bmp,2,calib
smids/Abnormal_Sperm/Abnormal_Sperm (347).bmp,2,calib
smids/Abnormal_Sperm/Abnormal_Sperm (353).bmp,2,calib
smids/Abnormal_Sperm/Abnormal_Sperm (359).bmp,2,calib
smids/Abnormal_Sperm/Abnormal_Sperm (375).bmp,2,calib
smids/Abnormal_Sperm/Abnormal_Sperm (381).bmp,2,calib
smids/Abnormal_Sperm/Abnormal_Sperm (392).bmp,2,calib
smids/Abnormal_Sperm/Abnormal_Sperm (394).bmp,2,calib
smids/Abnormal_Sperm/Abnormal_Sperm (397).bmp,2,calib
smids/Abnormal_Sperm/Abnormal_Sperm (399).bmp,2,calib
smids/Abnormal_Sperm/Abnormal_Sperm (403).bmp,2,calib
smids/Abnormal_Sperm/Abnormal_Sperm (404).bmp,2,calib
smids/Abnormal_Sperm/Abnormal_Sperm (406).bmp,2,calib
smids/Abnormal_Sperm/Abnormal_Sperm (420).bmp,2,calib
smids/Abnormal_Sperm/Abnormal_Sperm (426).bmp,2,calib
smids/Abnormal_Sperm/Abnormal_Sperm (429).bmp,2,calib
smids/Abnormal_Sperm/Abnormal_Sperm (432).bmp,2,calib
smids/Abnormal_Sperm/Abnormal_Sperm (433).bmp,2,calib
smids/Abnormal_Sperm/Abnormal_Sperm (438).bmp,2,calib
smids/Abnormal_Sperm/Abnormal_Sperm (441).bmp,2,calib
smids/Abnormal_Sperm/Abnormal_Sperm (442).bmp,2,calib
smids/Abnormal_Sperm/Abnormal_Sperm (451).bmp,2,calib
smids/Abnormal_Sperm/Abnormal_Sperm (456).bmp,2,calib
smids/Abnormal_Sperm/Abnormal_Sperm (459).bmp,2,calib
smids/Abnormal_Sperm/Abnormal_Sperm (465).bmp,2,calib
smids/Abnormal_Sperm/Abnormal_Sperm (469).bmp,2,calib
smids/Abnormal_Sperm/Abnormal_Sperm (476).bmp,2,calib
smids/Abnormal_Sperm/Abnormal_Sperm (491).bmp,2,calib
smids/Abnormal_Sperm/Abnormal_Sperm (499).bmp,2,calib
smids/Abnormal_Sperm/Abnormal_Sperm (512).bmp,2,calib
smids/Abnormal_Sperm/Abnormal_Sperm (516).bmp,2,calib
smids/Abnormal_Sperm/Abnormal_Sperm (524).bmp,2,calib
smids/Abnormal_Sperm/Abnormal_Sperm (532).bmp,2,calib
smids/Abnormal_Sperm/Abnormal_Sperm (545).bmp,2,calib
smids/Abnormal_Sperm/Abnormal_Sperm (548).bmp,2,calib
smids/Abnormal_Sperm/Abnormal_Sperm (550).bmp,2,calib
smids/Abnormal_Sperm/Abnormal_Sperm (554).bmp,2,calib
smids/Abnormal_Sperm/Abnormal_Sperm (557).bmp,2,calib
smids/Abnormal_Sperm/Abnormal_Sperm (559).bmp,2,calib
smids/Abnormal_Sperm/Abnormal_Sperm (56).bmp,2,calib
smids/Abnormal_Sperm/Abnormal_Sperm (560).bmp,2,calib
smids/Abnormal_Sperm/Abnormal_Sperm (581).bmp,2,calib
smids/Abnormal_Sperm/Abnormal_Sperm (59).bmp,2,calib
smids/Abnormal_Sperm/Abnormal_Sperm (595).bmp,2,calib
smids/Abnormal_Sperm/Abnormal_Sperm (6).bmp,2,calib
smids/Abnormal_Sperm/Abnormal_Sperm (604).bmp,2,calib
smids/Abnormal_Sperm/Abnormal_Sperm (609).bmp,2,calib
smids/Abnormal_Sperm/Abnormal_Sperm (610).bmp,2,calib
smids/Abnormal_Sperm/Abnormal_Sperm (629).bmp,2,calib
smids/Abnormal_Sperm/Abnormal_Sperm (63).bmp,2,calib
smids/Abnormal_Sperm/Abnormal_Sperm (634).bmp,2,calib
smids/Abnormal_Sperm/Abnormal_Sperm (64).bmp,2,calib
smids/Abnormal_Sperm/Abnormal_Sperm (641).bmp,2,calib
smids/Abnormal_Sperm/Abnormal_Sperm (644).bmp,2,calib
smids/Abnormal_Sperm/Abnormal_Sperm (647).bmp,2,calib
smids/Abnormal_Sperm/Abnormal_Sperm (650).bmp,2,calib
smids/Abnormal_Sperm/Abnormal_Sperm (655).bmp,2,calib
smids/Abnormal_Sperm/Abnormal_Sperm (660).bmp,2,calib
smids/Abnormal_Sperm/Abnormal_Sperm (663).bmp,2,calib
smids/Abnormal_Sperm/Abnormal_Sperm (665).bmp,2,calib
smids/Abnormal_Sperm/Abnormal_Sperm (693).bmp,2,calib
smids/Abnormal_Sperm/Abnormal_Sperm (703).bmp,2,calib
smids/Abnormal_Sperm/Abnormal_Sperm (717).bmp,2,calib
smids/Abnormal_Sperm/Abnormal_Sperm (721).bmp,2,calib
smids/Abnormal_Sperm/Abnormal_Sperm (730).bmp,2,calib
smids/Abnormal_Sperm/Abnormal_Sperm (733).bmp,2,calib
smids/Abnormal_Sperm/Abnormal_Sperm (749).bmp,2,calib
smids/Abnormal_Sperm/Abnormal_Sperm (756).bmp,2,calib
smids/Abnormal_Sperm/Abnormal_Sperm (767).bmp,2,calib
smids/Abnormal_Sperm/Abnormal_Sperm (77).bmp,2,calib
smids/Abnormal_Sperm/Abnormal_Sperm (772).bmp,2,calib
smids/Abnormal_Sperm/Abnormal_Sperm (78).bmp,2,calib
smids/Abnormal_Sperm/Abnormal_Sperm (790).bmp,2,calib
smids/Abnormal_Sperm/Abnormal_Sperm (793).bmp,2,calib
smids/Abnormal_Sperm/Abnormal_Sperm (812).bmp,2,calib
smids/Abnormal_Sperm/Abnormal_Sperm (814).bmp,2,calib
smids/Abnormal_Sperm/Abnormal_Sperm (817).bmp,2,calib
smids/Abnormal_Sperm/Abnormal_Sperm (825).bmp,2,calib
smids/Abnormal_Sperm/Abnormal_Sperm (835).bmp,2,calib
smids/Abnormal_Sperm/Abnormal_Sperm (836).bmp,2,calib
smids/Abnormal_Sperm/Abnormal_Sperm (861).bmp,2,calib
smids/Abnormal_Sperm/Abnormal_Sperm (865).bmp,2,calib
smids/Abnormal_Sperm/Abnormal_Sperm (871).bmp,2,calib
smids/Abnormal_Sperm/Abnormal_Sperm (872).bmp,2,calib
smids/Abnormal_Sperm/Abnormal_Sperm (875).bmp,2,calib
smids/Abnormal_Sperm/Abnormal_Sperm (876).bmp,2,calib
smids/Abnormal_Sperm/Abnormal_Sperm (880).bmp,2,calib
smids/Abnormal_Sperm/Abnormal_Sperm (887).bmp,2,calib
smids/Abnormal_Sperm/Abnormal_Sperm (888).bmp,2,calib
smids/Abnormal_Sperm/Abnormal_Sperm (89).bmp,2,calib
smids/Abnormal_Sperm/Abnormal_Sperm (895).bmp,2,calib
smids/Abnormal_Sperm/Abnormal_Sperm (918).bmp,2,calib
smids/Abnormal_Sperm/Abnormal_Sperm (927).bmp,2,calib
smids/Abnormal_Sperm/Abnormal_Sperm (932).bmp,2,calib
smids/Abnormal_Sperm/Abnormal_Sperm (938).bmp,2,calib
smids/Abnormal_Sperm/Abnormal_Sperm (943).bmp,2,calib
smids/Abnormal_Sperm/Abnormal_Sperm (948).bmp,2,calib
smids/Abnormal_Sperm/Abnormal_Sperm (950).bmp,2,calib
smids/Abnormal_Sperm/Abnormal_Sperm (958).bmp,2,calib
smids/Abnormal_Sperm/Abnormal_Sperm (959).bmp,2,calib
smids/Abnormal_Sperm/Abnormal_Sperm (974).bmp,2,calib
smids/Abnormal_Sperm/Abnormal_Sperm (976).bmp,2,calib
smids/Abnormal_Sperm/Abnormal_Sperm (977).bmp,2,calib
smids/Abnormal_Sperm/Abnormal_Sperm (978).bmp,2,calib
smids/Abnormal_Sperm/Abnormal_Sperm (982).bmp,2,calib
smids/Abnormal_Sperm/Abnormal_Sperm (985).bmp,2,calib
smids/Abnormal_Sperm/Abnormal_Sperm (992).bmp,2,calib
smids/Abnormal_Sperm/Abnormal_Sperm (997).bmp,2,calib
smids/Abnormal_Sperm/Abnormal_Sperm (998).bmp,2,calib
smids/Non-Sperm/Non-Sperm (106).bmp,2,calib
smids/Non-Sperm/Non-Sperm (112).bmp,2,calib
smids/Non-Sperm/Non-Sperm (12).bmp,2,calib
smids/Non-Sperm/Non-Sperm (123).bmp,2,calib
smids/Non-Sperm/Non-Sperm (127).bmp,2,calib
smids/Non-Sperm/Non-Sperm (142).bmp,2,calib
smids/Non-Sperm/Non-Sperm (146).bmp,2,calib
smids/Non-Sperm/Non-Sperm (163).bmp,2,calib
smids/Non-Sperm/Non-Sperm (164).bmp,2,calib
smids/Non-Sperm/Non-Sperm (171).bmp,2,calib
smids/Non-Sperm/Non-Sperm (172).bmp,2,calib
smids/Non-Sperm/Non-Sperm (178).bmp,2,calib
smids/Non-Sperm/Non-Sperm (189).bmp,2,calib
smids/Non-Sperm/Non-Sperm (193).bmp,2,calib
smids/Non-Sperm/Non-Sperm (195).bmp,2,calib
smids/Non-Sperm/Non-Sperm (197).bmp,2,calib
smids/Non-Sperm/Non-Sperm (2).bmp,2,calib
smids/Non-Sperm/Non-Sperm (205).bmp,2,calib
smids/Non-Sperm/Non-Sperm (210).bmp,2,calib
smids/Non-Sperm/Non-Sperm (218).bmp,2,calib
smids/Non-Sperm/Non-Sperm (236).bmp,2,calib
smids/Non-Sperm/Non-Sperm (237).bmp,2,calib
smids/Non-Sperm/Non-Sperm (246).bmp,2,calib
smids/Non-Sperm/Non-Sperm (257).bmp,2,calib
smids/Non-Sperm/Non-Sperm (272).bmp,2,calib
smids/Non-Sperm/Non-Sperm (276).bmp,2,calib
smids/Non-Sperm/Non-Sperm (277).bmp,2,calib
smids/Non-Sperm/Non-Sperm (280).bmp,2,calib
smids/Non-Sperm/Non-Sperm (285).bmp,2,calib
smids/Non-Sperm/Non-Sperm (287).bmp,2,calib
smids/Non-Sperm/Non-Sperm (300).bmp,2,calib
smids/Non-Sperm/Non-Sperm (304).bmp,2,calib
smids/Non-Sperm/Non-Sperm (316).bmp,2,calib
smids/Non-Sperm/Non-Sperm (325).bmp,2,calib
smids/Non-Sperm/Non-Sperm (327).bmp,2,calib
smids/Non-Sperm/Non-Sperm (338).bmp,2,calib
smids/Non-Sperm/Non-Sperm (348).bmp,2,calib
smids/Non-Sperm/Non-Sperm (35).bmp,2,calib
smids/Non-Sperm/Non-Sperm (36).bmp,2,calib
smids/Non-Sperm/Non-Sperm (363).bmp,2,calib
smids/Non-Sperm/Non-Sperm (365).bmp,2,calib
smids/Non-Sperm/Non-Sperm (388).bmp,2,calib
smids/Non-Sperm/Non-Sperm (397).bmp,2,calib
smids/Non-Sperm/Non-Sperm (399).bmp,2,calib
smids/Non-Sperm/Non-Sperm (404).bmp,2,calib
smids/Non-Sperm/Non-Sperm (41).bmp,2,calib
smids/Non-Sperm/Non-Sperm (414).bmp,2,calib
smids/Non-Sperm/Non-Sperm (42).bmp,2,calib
smids/Non-Sperm/Non-Sperm (424).bmp,2,calib
smids/Non-Sperm/Non-Sperm (432).bmp,2,calib
smids/Non-Sperm/Non-Sperm (436).bmp,2,calib
smids/Non-Sperm/Non-Sperm (439).bmp,2,calib
smids/Non-Sperm/Non-Sperm (440).bmp,2,calib
smids/Non-Sperm/Non-Sperm (442).bmp,2,calib
smids/Non-Sperm/Non-Sperm (447).bmp,2,calib
smids/Non-Sperm/Non-Sperm (450).bmp,2,calib
smids/Non-Sperm/Non-Sperm (451).bmp,2,calib
smids/Non-Sperm/Non-Sperm (452).bmp,2,calib
smids/Non-Sperm/Non-Sperm (458).bmp,2,calib
smids/Non-Sperm/Non-Sperm (459).bmp,2,calib
smids/Non-Sperm/Non-Sperm (461).bmp,2,calib
smids/Non-Sperm/Non-Sperm (472).bmp,2,calib
smids/Non-Sperm/Non-Sperm (476).bmp,2,calib
smids/Non-Sperm/Non-Sperm (480).bmp,2,calib
smids/Non-Sperm/Non-Sperm (49).bmp,2,calib
smids/Non-Sperm/Non-Sperm (491).bmp,2,calib
smids/Non-Sperm/Non-Sperm (498).bmp,2,calib
smids/Non-Sperm/Non-Sperm (5).bmp,2,calib
smids/Non-Sperm/Non-Sperm (501).bmp,2,calib
smids/Non-Sperm/Non-Sperm (508).bmp,2,calib
smids/Non-Sperm/Non-Sperm (514).bmp,2,calib
smids/Non-Sperm/Non-Sperm (523).bmp,2,calib
smids/Non-Sperm/Non-Sperm (529).bmp,2,calib
smids/Non-Sperm/Non-Sperm (534).bmp,2,calib
smids/Non-Sperm/Non-Sperm (536).bmp,2,calib
smids/Non-Sperm/Non-Sperm (544).bmp,2,calib
smids/Non-Sperm/Non-Sperm (545).bmp,2,calib
smids/Non-Sperm/Non-Sperm (55).bmp,2,calib
smids/Non-Sperm/Non-Sperm (552).bmp,2,calib
smids/Non-Sperm/Non-Sperm (556).bmp,2,calib
smids/Non-Sperm/Non-Sperm (559).bmp,2,calib
smids/Non-Sperm/Non-Sperm (562).bmp,2,calib
smids/Non-Sperm/Non-Sperm (565).bmp,2,calib
smids/Non-Sperm/Non-Sperm (567).bmp,2,calib
smids/Non-Sperm/Non-Sperm (568).bmp,2,calib
smids/Non-Sperm/Non-Sperm (58).bmp,2,calib
smids/Non-Sperm/Non-Sperm (60).bmp,2,calib
smids/Non-Sperm/Non-Sperm (601).bmp,2,calib
smids/Non-Sperm/Non-Sperm (602).bmp,2,calib
smids/Non-Sperm/Non-Sperm (603).bmp,2,calib
smids/Non-Sperm/Non-Sperm (609).bmp,2,calib
smids/Non-Sperm/Non-Sperm (615).bmp,2,calib
smids/Non-Sperm/Non-Sperm (63).bmp,2,calib
smids/Non-Sperm/Non-Sperm (633).bmp,2,calib
smids/Non-Sperm/Non-Sperm (635).bmp,2,calib
smids/Non-Sperm/Non-Sperm (664).bmp,2,calib
smids/Non-Sperm/Non-Sperm (667).bmp,2,calib
smids/Non-Sperm/Non-Sperm (668).bmp,2,calib
smids/Non-Sperm/Non-Sperm (673).bmp,2,calib
smids/Non-Sperm/Non-Sperm (677).bmp,2,calib
smids/Non-Sperm/Non-Sperm (681).bmp,2,calib
smids/Non-Sperm/Non-Sperm (687).bmp,2,calib
smids/Non-Sperm/Non-Sperm (689).bmp,2,calib
smids/Non-Sperm/Non-Sperm (696).bmp,2,calib
smids/Non-Sperm/Non-Sperm (702).bmp,2,calib
smids/Non-Sperm/Non-Sperm (716).bmp,2,calib
smids/Non-Sperm/Non-Sperm (722).bmp,2,calib
smids/Non-Sperm/Non-Sperm (732).bmp,2,calib
smids/Non-Sperm/Non-Sperm (737).bmp,2,calib
smids/Non-Sperm/Non-Sperm (739).bmp,2,calib
smids/Non-Sperm/Non-Sperm (742).bmp,2,calib
smids/Non-Sperm/Non-Sperm (746).bmp,2,calib
smids/Non-Sperm/Non-Sperm (754).bmp,2,calib
smids/Non-Sperm/Non-Sperm (761).bmp,2,calib
smids/Non-Sperm/Non-Sperm (765).bmp,2,calib
smids/Non-Sperm/Non-Sperm (776).bmp,2,calib
smids/Non-Sperm/Non-Sperm (777).bmp,2,calib
smids/Non-Sperm/Non-Sperm (778).bmp,2,calib
smids/Non-Sperm/Non-Sperm (779).bmp,2,calib
smids/Non-Sperm/Non-Sperm (785).bmp,2,calib
smids/Non-Sperm/Non-Sperm (786).bmp,2,calib
smids/Non-Sperm/Non-Sperm (787).bmp,2,calib
smids/Non-Sperm/Non-Sperm (788).bmp,2,calib
smids/Non-Sperm/Non-Sperm (796).bmp,2,calib
smids/Non-Sperm/Non-Sperm (801).bmp,2,calib
smids/Non-Sperm/Non-Sperm (804).bmp,2,calib
smids/Non-Sperm/Non-Sperm (810).bmp,2,calib
smids/Non-Sperm/Non-Sperm (812).bmp,2,calib
smids/Non-Sperm/Non-Sperm (82).bmp,2,calib
smids/Non-Sperm/Non-Sperm (825).bmp,2,calib
smids/Non-Sperm/Non-Sperm (830).bmp,2,calib
smids/Non-Sperm/Non-Sperm (847).bmp,2,calib
smids/Non-Sperm/Non-Sperm (848).bmp,2,calib
smids/Non-Sperm/Non-Sperm (85).bmp,2,calib
smids/Non-Sperm/Non-Sperm (852).bmp,2,calib
smids/Non-Sperm/Non-Sperm (87).bmp,2,calib
smids/Non-Sperm/Non-Sperm (871).bmp,2,calib
smids/Non-Sperm/Non-Sperm (872).bmp,2,calib
smids/Non-Sperm/Non-Sperm (887).bmp,2,calib
smids/Non-Sperm/Non-Sperm (899).bmp,2,calib
smids/Non-Sperm/Non-Sperm (90).bmp,2,calib
smids/Non-Sperm/Non-Sperm (904).bmp,2,calib
smids/Non-Sperm/Non-Sperm (908).bmp,2,calib
smids/Non-Sperm/Non-Sperm (924).bmp,2,calib
smids/Non-Sperm/Non-Sperm (929).bmp,2,calib
smids/Non-Sperm/Non-Sperm (930).bmp,2,calib
smids/Non-Sperm/Non-Sperm (932).bmp,2,calib
smids/Non-Sperm/Non-Sperm (935).bmp,2,calib
smids/Non-Sperm/Non-Sperm (938).bmp,2,calib
smids/Non-Sperm/Non-Sperm (94).bmp,2,calib
smids/Non-Sperm/Non-Sperm (959).bmp,2,calib
smids/Non-Sperm/Non-Sperm (961).bmp,2,calib
smids/Non-Sperm/Non-Sperm (965).bmp,2,calib
smids/Non-Sperm/Non-Sperm (970).bmp,2,calib
smids/Non-Sperm/Non-Sperm (971).bmp,2,calib
smids/Non-Sperm/Non-Sperm (974).bmp,2,calib
smids/Normal_Sperm/Normal_Sperm (1004).bmp,2,calib
smids/Normal_Sperm/Normal_Sperm (1005).bmp,2,calib
smids/Normal_Sperm/Normal_Sperm (1009).bmp,2,calib
smids/Normal_Sperm/Normal_Sperm (1010).bmp,2,calib
smids/Normal_Sperm/Normal_Sperm (1020).bmp,2,calib
smids/Normal_Sperm/Normal_Sperm (107).bmp,2,calib
smids/Normal_Sperm/Normal_Sperm (113).bmp,2,calib
smids/Normal_Sperm/Normal_Sperm (115).bmp,2,calib
smids/Normal_Sperm/Normal_Sperm (116).bmp,2,calib
smids/Normal_Sperm/Normal_Sperm (133).bmp,2,calib
smids/Normal_Sperm/Normal_Sperm (136).bmp,2,calib
smids/Normal_Sperm/Normal_Sperm (16).bmp,2,calib
smids/Normal_Sperm/Normal_Sperm (168).bmp,2,calib
smids/Normal_Sperm/Normal_Sperm (169).bmp,2,calib
smids/Normal_Sperm/Normal_Sperm (173).bmp,2,calib
smids/Normal_Sperm/Normal_Sperm (178).bmp,2,calib
smids/Normal_Sperm/Normal_Sperm (183).bmp,2,calib
smids/Normal_Sperm/Normal_Sperm (184).bmp,2,calib
smids/Normal_Sperm/Normal_Sperm (187).bmp,2,calib
smids/Normal_Sperm/Normal_Sperm (191).bmp,2,calib
smids/Normal_Sperm/Normal_Sperm (197).bmp,2,calib
smids/Normal_Sperm/Normal_Sperm (207).bmp,2,calib
smids/Normal_Sperm/Normal_Sperm (215).bmp,2,calib
smids/Normal_Sperm/Normal_Sperm (220).bmp,2,calib
smids/Normal_Sperm/Normal_Sperm (221).bmp,2,calib
smids/Normal_Sperm/Normal_Sperm (224).bmp,2,calib
smids/Normal_Sperm/Normal_Sperm (229).bmp,2,calib
smids/Normal_Sperm/Normal_Sperm (231).bmp,2,calib
smids/Normal_Sperm/Normal_Sperm (241).bmp,2,calib
smids/Normal_Sperm/Normal_Sperm (262).bmp,2,calib
smids/Normal_Sperm/Normal_Sperm (271).bmp,2,calib
smids/Normal_Sperm/Normal_Sperm (272).bmp,2,calib
smids/Normal_Sperm/Normal_Sperm (274).bmp,2,calib
smids/Normal_Sperm/Normal_Sperm (277).bmp,2,calib
smids/Normal_Sperm/Normal_Sperm (281).bmp,2,calib
smids/Normal_Sperm/Normal_Sperm (288).bmp,2,calib
smids/Normal_Sperm/Normal_Sperm (294).bmp,2,calib
smids/Normal_Sperm/Normal_Sperm (304).bmp,2,calib
smids/Normal_Sperm/Normal_Sperm (308).bmp,2,calib
smids/Normal_Sperm/Normal_Sperm (310).bmp,2,calib
smids/Normal_Sperm/Normal_Sperm (313).bmp,2,calib
smids/Normal_Sperm/Normal_Sperm (316).bmp,2,calib
smids/Normal_Sperm/Normal_Sperm (322).bmp,2,calib
smids/Normal_Sperm/Normal_Sperm (324).bmp,2,calib
smids/Normal_Sperm/Normal_Sperm (327).bmp,2,calib
smids/Normal_Sperm/Normal_Sperm (339).bmp,2,calib
smids/Normal_Sperm/Normal_Sperm (34).bmp,2,calib
smids/Normal_Sperm/Normal_Sperm (347).bmp,2,calib
smids/Normal_Sperm/Normal_Sperm (354).bmp,2,calib
smids/Normal_Sperm/Normal_Sperm (362).bmp,2,calib
smids/Normal_Sperm/Normal_Sperm (365).bmp,2,calib
smids/Normal_Sperm/Normal_Sperm (369).bmp,2,calib
smids/Normal_Sperm/Normal_Sperm (385).bmp,2,calib
smids/Normal_Sperm/Normal_Sperm (386).bmp,2,calib
smids/Normal_Sperm/Normal_Sperm (389).bmp,2,calib
smids/Normal_Sperm/Normal_Sperm (391).bmp,2,calib
smids/Normal_Sperm/Normal_Sperm (394).bmp,2,calib
smids/Normal_Sperm/Normal_Sperm (398).bmp,2,calib
smids/Normal_Sperm/Normal_Sperm (4).bmp,2,calib
smids/Normal_Sperm/Normal_Sperm (40).bmp,2,calib
smids/Normal_Sperm/Normal_Sperm (406).bmp,2,calib
smids/Normal_Sperm/Normal_Sperm (409).bmp,2,calib
smids/Normal_Sperm/Normal_Sperm (435).bmp,2,calib
smids/Normal_Sperm/Normal_Sperm (440).bmp,2,calib
smids/Normal_Sperm/Normal_Sperm (451).bmp,2,calib
smids/Normal_Sperm/Normal_Sperm (458).bmp,2,calib
smids/Normal_Sperm/Normal_Sperm (459).bmp,2,calib
smids/Normal_Sperm/Normal_Sperm (460).bmp,2,calib
smids/Normal_Sperm/Normal_Sperm (471).bmp,2,calib
smids/Normal_Sperm/Normal_Sperm (473).bmp,2,calib
smids/Normal_Sperm/Normal_Sperm (480).bmp,2,calib
smids/Normal_Sperm/Normal_Sperm (482).bmp,2,calib
smids/Normal_Sperm/Normal_Sperm (485).bmp,2,calib
smids/Normal_Sperm/Normal_Sperm (498).bmp,2,calib
smids/Normal_Sperm/Normal_Sperm (499).bmp,2,calib
smids/Normal_Sperm/Normal_Sperm (50).bmp,2,calib
smids/Normal_Sperm/Normal_Sperm (520).bmp,2,calib
smids/Normal_Sperm/Normal_Sperm (531).bmp,2,calib
smids/Normal_Sperm/Normal_Sperm (534).bmp,2,calib
smids/Normal_Sperm/Normal_Sperm (538).bmp,2,calib
smids/Normal_Sperm/Normal_Sperm (543).bmp,2,calib
smids/Normal_Sperm/Normal_Sperm (546).bmp,2,calib
smids/Normal_Sperm/Normal_Sperm (55).bmp,2,calib
smids/Normal_Sperm/Normal_Sperm (552).bmp,2,calib
smids/Normal_Sperm/Normal_Sperm (558).bmp,2,calib
smids/Normal_Sperm/Normal_Sperm (563).bmp,2,calib
smids/Normal_Sperm/Normal_Sperm (564).bmp,2,calib
smids/Normal_Sperm/Normal_Sperm (567).bmp,2,calib
smids/Normal_Sperm/Normal_Sperm (568).bmp,2,calib
smids/Normal_Sperm/Normal_Sperm (572).bmp,2,calib
smids/Normal_Sperm/Normal_Sperm (577).bmp,2,calib
smids/Normal_Sperm/Normal_Sperm (608).bmp,2,calib
smids/Normal_Sperm/Normal_Sperm (610).bmp,2,calib
smids/Normal_Sperm/Normal_Sperm (627).bmp,2,calib
smids/Normal_Sperm/Normal_Sperm (646).bmp,2,calib
smids/Normal_Sperm/Normal_Sperm (647).bmp,2,calib
smids/Normal_Sperm/Normal_Sperm (649).bmp,2,calib
smids/Normal_Sperm/Normal_Sperm (653).bmp,2,calib
smids/Normal_Sperm/Normal_Sperm (656).bmp,2,calib
smids/Normal_Sperm/Normal_Sperm (663).bmp,2,calib
smids/Normal_Sperm/Normal_Sperm (664).bmp,2,calib
smids/Normal_Sperm/Normal_Sperm (665).bmp,2,calib
smids/Normal_Sperm/Normal_Sperm (672).bmp,2,calib
smids/Normal_Sperm/Normal_Sperm (674).bmp,2,calib
smids/Normal_Sperm/Normal_Sperm (676).bmp,2,calib
smids/Normal_Sperm/Normal_Sperm (677).bmp,2,calib
smids/Normal_Sperm/Normal_Sperm (683).bmp,2,calib
smids/Normal_Sperm/Normal_Sperm (687).bmp,2,calib
smids/Normal_Sperm/Normal_Sperm (694).bmp,2,calib
smids/Normal_Sperm/Normal_Sperm (703).bmp,2,calib
smids/Normal_Sperm/Normal_Sperm (718).bmp,2,calib
smids/Normal_Sperm/Normal_Sperm (721).bmp,2,calib
smids/Normal_Sperm/Normal_Sperm (733).bmp,2,calib
smids/Normal_Sperm/Normal_Sperm (738).bmp,2,calib
smids/Normal_Sperm/Normal_Sperm (758).bmp,2,calib
smids/Normal_Sperm/Normal_Sperm (765).bmp,2,calib
smids/Normal_Sperm/Normal_Sperm (767).bmp,2,calib
smids/Normal_Sperm/Normal_Sperm (768).bmp,2,calib
smids/Normal_Sperm/Normal_Sperm (772).bmp,2,calib
smids/Normal_Sperm/Normal_Sperm (776).bmp,2,calib
smids/Normal_Sperm/Normal_Sperm (779).bmp,2,calib
smids/Normal_Sperm/Normal_Sperm (780).bmp,2,calib
smids/Normal_Sperm/Normal_Sperm (781).bmp,2,calib
smids/Normal_Sperm/Normal_Sperm (784).bmp,2,calib
smids/Normal_Sperm/Normal_Sperm (795).bmp,2,calib
smids/Normal_Sperm/Normal_Sperm (8).bmp,2,calib
smids/Normal_Sperm/Normal_Sperm (801).bmp,2,calib
smids/Normal_Sperm/Normal_Sperm (802).bmp,2,calib
smids/Normal_Sperm/Normal_Sperm (811).bmp,2,calib
smids/Normal_Sperm/Normal_Sperm (812).bmp,2,calib
smids/Normal_Sperm/Normal_Sperm (824).bmp,2,calib
smids/Normal_Sperm/Normal_Sperm (828).bmp,2,calib
smids/Normal_Sperm/Normal_Sperm (829).bmp,2,calib
smids/Normal_Sperm/Normal_Sperm (836).bmp,2,calib
smids/Normal_Sperm/Normal_Sperm (84).bmp,2,calib
smids/Normal_Sperm/Normal_Sperm (840).bmp,2,calib
smids/Normal_Sperm/Normal_Sperm (843).bmp,2,calib
smids/Normal_Sperm/Normal_Sperm (847).bmp,2,calib
smids/Normal_Sperm/Normal_Sperm (854).bmp,2,calib
smids/Normal_Sperm/Normal_Sperm (864).bmp,2,calib
smids/Normal_Sperm/Normal_Sperm (868).bmp,2,calib
smids/Normal_Sperm/Normal_Sperm (900).bmp,2,calib
smids/Normal_Sperm/Normal_Sperm (903).bmp,2,calib
smids/Normal_Sperm/Normal_Sperm (908).bmp,2,calib
smids/Normal_Sperm/Normal_Sperm (913).bmp,2,calib
smids/Normal_Sperm/Normal_Sperm (915).bmp,2,calib
smids/Normal_Sperm/Normal_Sperm (929).bmp,2,calib
smids/Normal_Sperm/Normal_Sperm (930).bmp,2,calib
smids/Normal_Sperm/Normal_Sperm (931).bmp,2,calib
smids/Normal_Sperm/Normal_Sperm (932).bmp,2,calib
smids/Normal_Sperm/Normal_Sperm (935).bmp,2,calib
smids/Normal_Sperm/Normal_Sperm (942).bmp,2,calib
smids/Normal_Sperm/Normal_Sperm (95).bmp,2,calib
smids/Normal_Sperm/Normal_Sperm (954).bmp,2,calib
smids/Normal_Sperm/Normal_Sperm (962).bmp,2,calib
smids/Normal_Sperm/Normal_Sperm (964).bmp,2,calib
smids/Normal_Sperm/Normal_Sperm (98).bmp,2,calib
smids/Normal_Sperm/Normal_Sperm (984).bmp,2,calib
smids/Normal_Sperm/Normal_Sperm (986).bmp,2,calib
smids/Normal_Sperm/Normal_Sperm (995).bmp,2,calib
smids/Abnormal_Sperm/Abnormal_Sperm (1).bmp,2,test
smids/Abnormal_Sperm/Abnormal_Sperm (1003).bmp,2,test
smids/Abnormal_Sperm/Abnormal_Sperm (109).bmp,2,test
smids/Abnormal_Sperm/Abnormal_Sperm (124).bmp,2,test
smids/Abnormal_Sperm/Abnormal_Sperm (133).bmp,2,test
smids/Abnormal_Sperm/Abnormal_Sperm (147).bmp,2,test
smids/Abnormal_Sperm/Abnormal_Sperm (157).bmp,2,test
smids/Abnormal_Sperm/Abnormal_Sperm (162).bmp,2,test
smids/Abnormal_Sperm/Abnormal_Sperm (164).bmp,2,test
smids/Abnormal_Sperm/Abnormal_Sperm (165).bmp,2,test
smids/Abnormal_Sperm/Abnormal_Sperm (166).bmp,2,test
smids/Abnormal_Sperm/Abnormal_Sperm (171).bmp,2,test
smids/Abnormal_Sperm/Abnormal_Sperm (178).bmp,2,test
smids/Abnormal_Sperm/Abnormal_Sperm (184).bmp,2,test
smids/Abnormal_Sperm/Abnormal_Sperm (192).bmp,2,test
smids/Abnormal_Sperm/Abnormal_Sperm (203).bmp,2,test
smids/Abnormal_Sperm/Abnormal_Sperm (205).bmp,2,test
smids/Abnormal_Sperm/Abnormal_Sperm (208).bmp,2,test
smids/Abnormal_Sperm/Abnormal_Sperm (215).bmp,2,test
smids/Abnormal_Sperm/Abnormal_Sperm (224).bmp,2,test
smids/Abnormal_Sperm/Abnormal_Sperm (225).bmp,2,test
smids/Abnormal_Sperm/Abnormal_Sperm (234).bmp,2,test
smids/Abnormal_Sperm/Abnormal_Sperm (267).bmp,2,test
smids/Abnormal_Sperm/Abnormal_Sperm (273).bmp,2,test
smids/Abnormal_Sperm/Abnormal_Sperm (277).bmp,2,test
smids/Abnormal_Sperm/Abnormal_Sperm (278).bmp,2,test
smids/Abnormal_Sperm/Abnormal_Sperm (279).bmp,2,test
smids/Abnormal_Sperm/Abnormal_Sperm (285).bmp,2,test
smids/Abnormal_Sperm/Abnormal_Sperm (291).bmp,2,test
smids/Abnormal_Sperm/Abnormal_Sperm (293).bmp,2,test
smids/Abnormal_Sperm/Abnormal_Sperm (301).bmp,2,test
smids/Abnormal_Sperm/Abnormal_Sperm (302).bmp,2,test
smids/Abnormal_Sperm/Abnormal_Sperm (306).bmp,2,test
smids/Abnormal_Sperm/Abnormal_Sperm (314).bmp,2,test
smids/Abnormal_Sperm/Abnormal_Sperm (318).bmp,2,test
smids/Abnormal_Sperm/Abnormal_Sperm (321).bmp,2,test
smids/Abnormal_Sperm/Abnormal_Sperm (324).bmp,2,test
smids/Abnormal_Sperm/Abnormal_Sperm (325).bmp,2,test
smids/Abnormal_Sperm/Abnormal_Sperm (327).bmp,2,test
smids/Abnormal_Sperm/Abnormal_Sperm (329).bmp,2,test
smids/Abnormal_Sperm/Abnormal_Sperm (334).bmp,2,test
smids/Abnormal_Sperm/Abnormal_Sperm (338).bmp,2,test
smids/Abnormal_Sperm/Abnormal_Sperm (344).bmp,2,test
smids/Abnormal_Sperm/Abnormal_Sperm (346).bmp,2,test
smids/Abnormal_Sperm/Abnormal_Sperm (348).bmp,2,test
smids/Abnormal_Sperm/Abnormal_Sperm (35).bmp,2,test
smids/Abnormal_Sperm/Abnormal_Sperm (355).bmp,2,test
smids/Abnormal_Sperm/Abnormal_Sperm (364).bmp,2,test
smids/Abnormal_Sperm/Abnormal_Sperm (365).bmp,2,test
smids/Abnormal_Sperm/Abnormal_Sperm (373).bmp,2,test
smids/Abnormal_Sperm/Abnormal_Sperm (374).bmp,2,test
smids/Abnormal_Sperm/Abnormal_Sperm (379).bmp,2,test
smids/Abnormal_Sperm/Abnormal_Sperm (400).bmp,2,test
smids/Abnormal_Sperm/Abnormal_Sperm (41).bmp,2,test
smids/Abnormal_Sperm/Abnormal_Sperm (412).bmp,2,test
smids/Abnormal_Sperm/Abnormal_Sperm (415).bmp,2,test
smids/Abnormal_Sperm/Abnormal_Sperm (430).bmp,2,test
smids/Abnormal_Sperm/Abnormal_Sperm (431).bmp,2,test
smids/Abnormal_Sperm/Abnormal_Sperm (439).bmp,2,test
smids/Abnormal_Sperm/Abnormal_Sperm (443).bmp,2,test
smids/Abnormal_Sperm/Abnormal_Sperm (445).bmp,2,test
smids/Abnormal_Sperm/Abnormal_Sperm (447).bmp,2,test
smids/Abnormal_Sperm/Abnormal_Sperm (460).bmp,2,test
smids/Abnormal_Sperm/Abnormal_Sperm (462).bmp,2,test
smids/Abnormal_Sperm/Abnormal_Sperm (463).bmp,2,test
smids/Abnormal_Sperm/Abnormal_Sperm (470).bmp,2,test
smids/Abnormal_Sperm/Abnormal_Sperm (477).bmp,2,test
smids/Abnormal_Sperm/Abnormal_Sperm (483).bmp,2,test
smids/Abnormal_Sperm/Abnormal_Sperm (489).bmp,2,test
smids/Abnormal_Sperm/Abnormal_Sperm (496).bmp,2,test
smids/Abnormal_Sperm/Abnormal_Sperm (497).bmp,2,test
smids/Abnormal_Sperm/Abnormal_Sperm (501).bmp,2,test
smids/Abnormal_Sperm/Abnormal_Sperm (513).bmp,2,test
smids/Abnormal_Sperm/Abnormal_Sperm (520).bmp,2,test
smids/Abnormal_Sperm/Abnormal_Sperm (526).bmp,2,test
smids/Abnormal_Sperm/Abnormal_Sperm (535).bmp,2,test
smids/Abnormal_Sperm/Abnormal_Sperm (539).bmp,2,test
smids/Abnormal_Sperm/Abnormal_Sperm (543).bmp,2,test
smids/Abnormal_Sperm/Abnormal_Sperm (547).bmp,2,test
smids/Abnormal_Sperm/Abnormal_Sperm (55).bmp,2,test
smids/Abnormal_Sperm/Abnormal_Sperm (555).bmp,2,test
smids/Abnormal_Sperm/Abnormal_Sperm (558).bmp,2,test
smids/Abnormal_Sperm/Abnormal_Sperm (562).bmp,2,test
smids/Abnormal_Sperm/Abnormal_Sperm (569).bmp,2,test
smids/Abnormal_Sperm/Abnormal_Sperm (573).bmp,2,test
smids/Abnormal_Sperm/Abnormal_Sperm (574).bmp,2,test
smids/Abnormal_Sperm/Abnormal_Sperm (575).bmp,2,test
smids/Abnormal_Sperm/Abnormal_Sperm (576).bmp,2,test
smids/Abnormal_Sperm/Abnormal_Sperm (577).bmp,2,test
smids/Abnormal_Sperm/Abnormal_Sperm (578).bmp,2,test
smids/Abnormal_Sperm/Abnormal_Sperm (584).bmp,2,test
smids/Abnormal_Sperm/Abnormal_Sperm (589).bmp,2,test
smids/Abnormal_Sperm/Abnormal_Sperm (592).bmp,2,test
smids/Abnormal_Sperm/Abnormal_Sperm (593).bmp,2,test
smids/Abnormal_Sperm/Abnormal_Sperm (596).bmp,2,test
smids/Abnormal_Sperm/Abnormal_Sperm (608).bmp,2,test
smids/Abnormal_Sperm/Abnormal_Sperm (614).bmp,2,test
smids/Abnormal_Sperm/Abnormal_Sperm (617).bmp,2,test
smids/Abnormal_Sperm/Abnormal_Sperm (618).bmp,2,test
smids/Abnormal_Sperm/Abnormal_Sperm (62).bmp,2,test
smids/Abnormal_Sperm/Abnormal_Sperm (621).bmp,2,test
smids/Abnormal_Sperm/Abnormal_Sperm (622).bmp,2,test
smids/Abnormal_Sperm/Abnormal_Sperm (623).bmp,2,test
smids/Abnormal_Sperm/Abnormal_Sperm (625).bmp,2,test
smids/Abnormal_Sperm/Abnormal_Sperm (628).bmp,2,test
smids/Abnormal_Sperm/Abnormal_Sperm (632).bmp,2,test
smids/Abnormal_Sperm/Abnormal_Sperm (635).bmp,2,test
smids/Abnormal_Sperm/Abnormal_Sperm (638).bmp,2,test
smids/Abnormal_Sperm/Abnormal_Sperm (639).bmp,2,test
smids/Abnormal_Sperm/Abnormal_Sperm (642).bmp,2,test
smids/Abnormal_Sperm/Abnormal_Sperm (653).bmp,2,test
smids/Abnormal_Sperm/Abnormal_Sperm (657).bmp,2,test
smids/Abnormal_Sperm/Abnormal_Sperm (661).bmp,2,test
smids/Abnormal_Sperm/Abnormal_Sperm (662).bmp,2,test
smids/Abnormal_Sperm/Abnormal_Sperm (664).bmp,2,test
smids/Abnormal_Sperm/Abnormal_Sperm (667).bmp,2,test
smids/Abnormal_Sperm/Abnormal_Sperm (671).bmp,2,test
smids/Abnormal_Sperm/Abnormal_Sperm (672).bmp,2,test
smids/Abnormal_Sperm/Abnormal_Sperm (683).bmp,2,test
smids/Abnormal_Sperm/Abnormal_Sperm (694).bmp,2,test
smids/Abnormal_Sperm/Abnormal_Sperm (699).bmp,2,test
smids/Abnormal_Sperm/Abnormal_Sperm (700).bmp,2,test
smids/Abnormal_Sperm/Abnormal_Sperm (707).bmp,2,test
smids/Abnormal_Sperm/Abnormal_Sperm (709).bmp,2,test
smids/Abnormal_Sperm/Abnormal_Sperm (710).bmp,2,test
smids/Abnormal_Sperm/Abnormal_Sperm (714).bmp,2,test
smids/Abnormal_Sperm/Abnormal_Sperm (715).bmp,2,test
smids/Abnormal_Sperm/Abnormal_Sperm (725).bmp,2,test
smids/Abnormal_Sperm/Abnormal_Sperm (728).bmp,2,test
smids/Abnormal_Sperm/Abnormal_Sperm (73).bmp,2,test
smids/Abnormal_Sperm/Abnormal_Sperm (734).bmp,2,test
smids/Abnormal_Sperm/Abnormal_Sperm (742).bmp,2,test
smids/Abnormal_Sperm/Abnormal_Sperm (746).bmp,2,test
smids/Abnormal_Sperm/Abnormal_Sperm (748).bmp,2,test
smids/Abnormal_Sperm/Abnormal_Sperm (75).bmp,2,test
smids/Abnormal_Sperm/Abnormal_Sperm (751).bmp,2,test
smids/Abnormal_Sperm/Abnormal_Sperm (753).bmp,2,test
smids/Abnormal_Sperm/Abnormal_Sperm (761).bmp,2,test
smids/Abnormal_Sperm/Abnormal_Sperm (763).bmp,2,test
smids/Abnormal_Sperm/Abnormal_Sperm (769).bmp,2,test
smids/Abnormal_Sperm/Abnormal_Sperm (770).bmp,2,test
smids/Abnormal_Sperm/Abnormal_Sperm (776).bmp,2,test
smids/Abnormal_Sperm/Abnormal_Sperm (780).bmp,2,test
smids/Abnormal_Sperm/Abnormal_Sperm (783).bmp,2,test
smids/Abnormal_Sperm/Abnormal_Sperm (784).bmp,2,test
smids/Abnormal_Sperm/Abnormal_Sperm (785).bmp,2,test
smids/Abnormal_Sperm/Abnormal_Sperm (786).bmp,2,test
smids/Abnormal_Sperm/Abnormal_Sperm (787).bmp,2,test
smids/Abnormal_Sperm/Abnormal_Sperm (794).bmp,2,test
smids/Abnormal_Sperm/Abnormal_Sperm (798).bmp,2,test
smids/Abnormal_Sperm/Abnormal_Sperm (807).bmp,2,test
smids/Abnormal_Sperm/Abnormal_Sperm (819).bmp,2,test
smids/Abnormal_Sperm/Abnormal_Sperm (82).bmp,2,test
smids/Abnormal_Sperm/Abnormal_Sperm (821).bmp,2,test
smids/Abnormal_Sperm/Abnormal_Sperm (828).bmp,2,test
smids/Abnormal_Sperm/Abnormal_Sperm (831).bmp,2,test
smids/Abnormal_Sperm/Abnormal_Sperm (833).bmp,2,test
smids/Abnormal_Sperm/Abnormal_Sperm (840).bmp,2,test
smids/Abnormal_Sperm/Abnormal_Sperm (843).bmp,2,test
smids/Abnormal_Sperm/Abnormal_Sperm (848).bmp,2,test
smids/Abnormal_Sperm/Abnormal_Sperm (858).bmp,2,test
smids/Abnormal_Sperm/Abnormal_Sperm (86).bmp,2,test
smids/Abnormal_Sperm/Abnormal_Sperm (867).bmp,2,test
smids/Abnormal_Sperm/Abnormal_Sperm (87).bmp,2,test
smids/Abnormal_Sperm/Abnormal_Sperm (870).bmp,2,test
smids/Abnormal_Sperm/Abnormal_Sperm (874).bmp,2,test
smids/Abnormal_Sperm/Abnormal_Sperm (878).bmp,2,test
smids/Abnormal_Sperm/Abnormal_Sperm (889).bmp,2,test
smids/Abnormal_Sperm/Abnormal_Sperm (891).bmp,2,test
smids/Abnormal_Sperm/Abnormal_Sperm (899).bmp,2,test
smids/Abnormal_Sperm/Abnormal_Sperm (901).bmp,2,test
smids/Abnormal_Sperm/Abnormal_Sperm (905).bmp,2,test
smids/Abnormal_Sperm/Abnormal_Sperm (910).bmp,2,test
smids/Abnormal_Sperm/Abnormal_Sperm (912).bmp,2,test
smids/Abnormal_Sperm/Abnormal_Sperm (92).bmp,2,test
smids/Abnormal_Sperm/Abnormal_Sperm (926).bmp,2,test
smids/Abnormal_Sperm/Abnormal_Sperm (928).bmp,2,test
smids/Abnormal_Sperm/Abnormal_Sperm (939).bmp,2,test
smids/Abnormal_Sperm/Abnormal_Sperm (944).bmp,2,test
smids/Abnormal_Sperm/Abnormal_Sperm (946).bmp,2,test
smids/Abnormal_Sperm/Abnormal_Sperm (949).bmp,2,test
smids/Abnormal_Sperm/Abnormal_Sperm (95).bmp,2,test
smids/Abnormal_Sperm/Abnormal_Sperm (953).bmp,2,test
smids/Abnormal_Sperm/Abnormal_Sperm (954).bmp,2,test
smids/Abnormal_Sperm/Abnormal_Sperm (955).bmp,2,test
smids/Abnormal_Sperm/Abnormal_Sperm (961).bmp,2,test
smids/Abnormal_Sperm/Abnormal_Sperm (963).bmp,2,test
smids/Abnormal_Sperm/Abnormal_Sperm (969).bmp,2,test
smids/Abnormal_Sperm/Abnormal_Sperm (97).bmp,2,test
smids/Abnormal_Sperm/Abnormal_Sperm (970).bmp,2,test
smids/Abnormal_Sperm/Abnormal_Sperm (980).bmp,2,test
smids/Abnormal_Sperm/Abnormal_Sperm (990).bmp,2,test
smids/Abnormal_Sperm/Abnormal_Sperm (995).bmp,2,test
smids/Abnormal_Sperm/Abnormal_Sperm (996).bmp,2,test
smids/Non-Sperm/Non-Sperm (1).bmp,2,test
smids/Non-Sperm/Non-Sperm (10).bmp,2,test
smids/Non-Sperm/Non-Sperm (104).bmp,2,test
smids/Non-Sperm/Non-Sperm (107).bmp,2,test
smids/Non-Sperm/Non-Sperm (109).bmp,2,test
smids/Non-Sperm/Non-Sperm (11).bmp,2,test
smids/Non-Sperm/Non-Sperm (110).bmp,2,test
smids/Non-Sperm/Non-Sperm (117).bmp,2,test
smids/Non-Sperm/Non-Sperm (121).bmp,2,test
smids/Non-Sperm/Non-Sperm (125).bmp,2,test
smids/Non-Sperm/Non-Sperm (126).bmp,2,test
smids/Non-Sperm/Non-Sperm (136).bmp,2,test
smids/Non-Sperm/Non-Sperm (137).bmp,2,test
smids/Non-Sperm/Non-Sperm (138).bmp,2,test
smids/Non-Sperm/Non-Sperm (140).bmp,2,test
smids/Non-Sperm/Non-Sperm (141).bmp,2,test
smids/Non-Sperm/Non-Sperm (148).bmp,2,test
smids/Non-Sperm/Non-Sperm (150).bmp,2,test
smids/Non-Sperm/Non-Sperm (155).bmp,2,test
smids/Non-Sperm/Non-Sperm (156).bmp,2,test
smids/Non-Sperm/Non-Sperm (157).bmp,2,test
smids/Non-Sperm/Non-Sperm (158).bmp,2,test
smids/Non-Sperm/Non-Sperm (159).bmp,2,test
smids/Non-Sperm/Non-Sperm (16).bmp,2,test
smids/Non-Sperm/Non-Sperm (162).bmp,2,test
smids/Non-Sperm/Non-Sperm (165).bmp,2,test
smids/Non-Sperm/Non-Sperm (166).bmp,2,test
smids/Non-Sperm/Non-Sperm (169).bmp,2,test
smids/Non-Sperm/Non-Sperm (17).bmp,2,test
smids/Non-Sperm/Non-Sperm (170).bmp,2,test
smids/Non-Sperm/Non-Sperm (174).bmp,2,test
smids/Non-Sperm/Non-Sperm (177).bmp,2,test
smids/Non-Sperm/Non-Sperm (19).bmp,2,test
smids/Non-Sperm/Non-Sperm (198).bmp,2,test
smids/Non-Sperm/Non-Sperm (200).bmp,2,test
smids/Non-Sperm/Non-Sperm (219).bmp,2,test
smids/Non-Sperm/Non-Sperm (22).bmp,2,test
smids/Non-Sperm/Non-Sperm (222).bmp,2,test
smids/Non-Sperm/Non-Sperm (224).bmp,2,test
smids/Non-Sperm/Non-Sperm (229).bmp,2,test
smids/Non-Sperm/Non-Sperm (241).bmp,2,test
smids/Non-Sperm/Non-Sperm (258).bmp,2,test
smids/Non-Sperm/Non-Sperm (259).bmp,2,test
smids/Non-Sperm/Non-Sperm (260).bmp,2,test
smids/Non-Sperm/Non-Sperm (268).bmp,2,test
smids/Non-Sperm/Non-Sperm (27).bmp,2,test
smids/Non-Sperm/Non-Sperm (28).bmp,2,test
smids/Non-Sperm/Non-Sperm (282).bmp,2,test
smids/Non-Sperm/Non-Sperm (291).bmp,2,test
smids/Non-Sperm/Non-Sperm (292).bmp,2,test
smids/Non-Sperm/Non-Sperm (293).bmp,2,test
smids/Non-Sperm/Non-Sperm (294).bmp,2,test
smids/Non-Sperm/Non-Sperm (296).bmp,2,test
smids/Non-Sperm/Non-Sperm (299).bmp,2,test
smids/Non-Sperm/Non-Sperm (302).bmp,2,test
smids/Non-Sperm/Non-Sperm (313).bmp,2,test
smids/Non-Sperm/Non-Sperm (315).bmp,2,test
smids/Non-Sperm/Non-Sperm (317).bmp,2,test
smids/Non-Sperm/Non-Sperm (323).bmp,2,test
smids/Non-Sperm/Non-Sperm (324).bmp,2,test
smids/Non-Sperm/Non-Sperm (329).bmp,2,test
smids/Non-Sperm/Non-Sperm (334).bmp,2,test
smids/Non-Sperm/Non-Sperm (337).bmp,2,test
smids/Non-Sperm/Non-Sperm (339).bmp,2,test
smids/Non-Sperm/Non-Sperm (342).bmp,2,test
smids/Non-Sperm/Non-Sperm (343).bmp,2,test
smids/Non-Sperm/Non-Sperm (345).bmp,2,test
smids/Non-Sperm/Non-Sperm (364).bmp,2,test
smids/Non-Sperm/Non-Sperm (367).bmp,2,test
smids/Non-Sperm/Non-Sperm (380).bmp,2,test
smids/Non-Sperm/Non-Sperm (386).bmp,2,test
smids/Non-Sperm/Non-Sperm (39).bmp,2,test
smids/Non-Sperm/Non-Sperm (395).bmp,2,test
smids/Non-Sperm/Non-Sperm (402).bmp,2,test
smids/Non-Sperm/Non-Sperm (410).bmp,2,test
smids/Non-Sperm/Non-Sperm (416).bmp,2,test
smids/Non-Sperm/Non-Sperm (420).bmp,2,test
smids/Non-Sperm/Non-Sperm (427).bmp,2,test
smids/Non-Sperm/Non-Sperm (437).bmp,2,test
smids/Non-Sperm/Non-Sperm (441).bmp,2,test
smids/Non-Sperm/Non-Sperm (443).bmp,2,test
smids/Non-Sperm/Non-Sperm (444).bmp,2,test
smids/Non-Sperm/Non-Sperm (448).bmp,2,test
smids/Non-Sperm/Non-Sperm (45).bmp,2,test
smids/Non-Sperm/Non-Sperm (454).bmp,2,test
smids/Non-Sperm/Non-Sperm (456).bmp,2,test
smids/Non-Sperm/Non-Sperm (46).bmp,2,test
smids/Non-Sperm/Non-Sperm (464).bmp,2,test
smids/Non-Sperm/Non-Sperm (466).bmp,2,test
smids/Non-Sperm/Non-Sperm (469).bmp,2,test
smids/Non-Sperm/Non-Sperm (470).bmp,2,test
smids/Non-Sperm/Non-Sperm (478).bmp,2,test
smids/Non-Sperm/Non-Sperm (479).bmp,2,test
smids/Non-Sperm/Non-Sperm (484).bmp,2,test
smids/Non-Sperm/Non-Sperm (485).bmp,2,test
smids/Non-Sperm/Non-Sperm (490).bmp,2,test
smids/Non-Sperm/Non-Sperm (496).bmp,2,test
smids/Non-Sperm/Non-Sperm (50).bmp,2,test
smids/Non-Sperm/Non-Sperm (511).bmp,2,test
smids/Non-Sperm/Non-Sperm (513).bmp,2,test
smids/Non-Sperm/Non-Sperm (519).bmp,2,test
smids/Non-Sperm/Non-Sperm (521).bmp,2,test
smids/Non-Sperm/Non-Sperm (538).bmp,2,test
smids/Non-Sperm/Non-Sperm (56).bmp,2,test
smids/Non-Sperm/Non-Sperm (561).bmp,2,test
smids/Non-Sperm/Non-Sperm (574).bmp,2,test
smids/Non-Sperm/Non-Sperm (579).bmp,2,test
smids/Non-Sperm/Non-Sperm (584).bmp,2,test
smids/Non-Sperm/Non-Sperm (588).bmp,2,test
smids/Non-Sperm/Non-Sperm (597).bmp,2,test
smids/Non-Sperm/Non-Sperm (598).bmp,2,test
smids/Non-Sperm/Non-Sperm (599).bmp,2,test
smids/Non-Sperm/Non-Sperm (6).bmp,2,test
smids/Non-Sperm/Non-Sperm (604).bmp,2,test
smids/Non-Sperm/Non-Sperm (610).bmp,2,test
smids/Non-Sperm/Non-Sperm (612).bmp,2,test
smids/Non-Sperm/Non-Sperm (613).bmp,2,test
smids/Non-Sperm/Non-Sperm (621).bmp,2,test
smids/Non-Sperm/Non-Sperm (626).bmp,2,test
smids/Non-Sperm/Non-Sperm (644).bmp,2,test
smids/Non-Sperm/Non-Sperm (655).bmp,2,test
smids/Non-Sperm/Non-Sperm (66).bmp,2,test
smids/Non-Sperm/Non-Sperm (663).bmp,2,test
smids/Non-Sperm/Non-Sperm (665).bmp,2,test
smids/Non-Sperm/Non-Sperm (67).bmp,2,test
smids/Non-Sperm/Non-Sperm (678).bmp,2,test
smids/Non-Sperm/Non-Sperm (680).bmp,2,test
smids/Non-Sperm/Non-Sperm (684).bmp,2,test
smids/Non-Sperm/Non-Sperm (686).bmp,2,test
smids/Non-Sperm/Non-Sperm (698).bmp,2,test
smids/Non-Sperm/Non-Sperm (7).bmp,2,test
smids/Non-Sperm/Non-Sperm (70).bmp,2,test
smids/Non-Sperm/Non-Sperm (704).bmp,2,test
smids/Non-Sperm/Non-Sperm (706).bmp,2,test
smids/Non-Sperm/Non-Sperm (708).bmp,2,test
smids/Non-Sperm/Non-Sperm (713).bmp,2,test
smids/Non-Sperm/Non-Sperm (723).bmp,2,test
smids/Non-Sperm/Non-Sperm (727).bmp,2,test
smids/Non-Sperm/Non-Sperm (735).bmp,2,test
smids/Non-Sperm/Non-Sperm (738).bmp,2,test
smids/Non-Sperm/Non-Sperm (74).bmp,2,test
smids/Non-Sperm/Non-Sperm (740).bmp,2,test
smids/Non-Sperm/Non-Sperm (743).bmp,2,test
smids/Non-Sperm/Non-Sperm (752).bmp,2,test
smids/Non-Sperm/Non-Sperm (759).bmp,2,test
smids/Non-Sperm/Non-Sperm (76).bmp,2,test
smids/Non-Sperm/Non-Sperm (762).bmp,2,test
smids/Non-Sperm/Non-Sperm (773).bmp,2,test
smids/Non-Sperm/Non-Sperm (784).bmp,2,test
smids/Non-Sperm/Non-Sperm (794).bmp,2,test
smids/Non-Sperm/Non-Sperm (802).bmp,2,test
smids/Non-Sperm/Non-Sperm (803).bmp,2,test
smids/Non-Sperm/Non-Sperm (81).bmp,2,test
smids/Non-Sperm/Non-Sperm (819).bmp,2,test
smids/Non-Sperm/Non-Sperm (823).bmp,2,test
smids/Non-Sperm/Non-Sperm (826).bmp,2,test
smids/Non-Sperm/Non-Sperm (831).bmp,2,test
smids/Non-Sperm/Non-Sperm (837).bmp,2,test
smids/Non-Sperm/Non-Sperm (838).bmp,2,test
smids/Non-Sperm/Non-Sperm (839).bmp,2,test
smids/Non-Sperm/Non-Sperm (841).bmp,2,test
smids/Non-Sperm/Non-Sperm (842).bmp,2,test
smids/Non-Sperm/Non-Sperm (849).bmp,2,test
smids/Non-Sperm/Non-Sperm (850).bmp,2,test
smids/Non-Sperm/Non-Sperm (855).bmp,2,test
smids/Non-Sperm/Non-Sperm (856).bmp,2,test
smids/Non-Sperm/Non-Sperm (862).bmp,2,test
smids/Non-Sperm/Non-Sperm (865).bmp,2,test
smids/Non-Sperm/Non-Sperm (868).bmp,2,test
smids/Non-Sperm/Non-Sperm (870).bmp,2,test
smids/Non-Sperm/Non-Sperm (874).bmp,2,test
smids/Non-Sperm/Non-Sperm (875).bmp,2,test
smids/Non-Sperm/Non-Sperm (883).bmp,2,test
smids/Non-Sperm/Non-Sperm (890).bmp,2,test
smids/Non-Sperm/Non-Sperm (891).bmp,2,test
smids/Non-Sperm/Non-Sperm (902).bmp,2,test
smids/Non-Sperm/Non-Sperm (905).bmp,2,test
smids/Non-Sperm/Non-Sperm (906).bmp,2,test
smids/Non-Sperm/Non-Sperm (91).bmp,2,test
smids/Non-Sperm/Non-Sperm (910).bmp,2,test
smids/Non-Sperm/Non-Sperm (911).bmp,2,test
smids/Non-Sperm/Non-Sperm (915).bmp,2,test
smids/Non-Sperm/Non-Sperm (919).bmp,2,test
smids/Non-Sperm/Non-Sperm (925).bmp,2,test
smids/Non-Sperm/Non-Sperm (926).bmp,2,test
smids/Non-Sperm/Non-Sperm (927).bmp,2,test
smids/Non-Sperm/Non-Sperm (931).bmp,2,test
smids/Non-Sperm/Non-Sperm (941).bmp,2,test
smids/Non-Sperm/Non-Sperm (944).bmp,2,test
smids/Non-Sperm/Non-Sperm (945).bmp,2,test
smids/Non-Sperm/Non-Sperm (946).bmp,2,test
smids/Non-Sperm/Non-Sperm (954).bmp,2,test
smids/Non-Sperm/Non-Sperm (955).bmp,2,test
smids/Non-Sperm/Non-Sperm (967).bmp,2,test
smids/Non-Sperm/Non-Sperm (969).bmp,2,test
smids/Normal_Sperm/Normal_Sperm (1011).bmp,2,test
smids/Normal_Sperm/Normal_Sperm (1012).bmp,2,test
smids/Normal_Sperm/Normal_Sperm (1015).bmp,2,test
smids/Normal_Sperm/Normal_Sperm (1016).bmp,2,test
smids/Normal_Sperm/Normal_Sperm (1017).bmp,2,test
smids/Normal_Sperm/Normal_Sperm (104).bmp,2,test
smids/Normal_Sperm/Normal_Sperm (106).bmp,2,test
smids/Normal_Sperm/Normal_Sperm (122).bmp,2,test
smids/Normal_Sperm/Normal_Sperm (125).bmp,2,test
smids/Normal_Sperm/Normal_Sperm (126).bmp,2,test
smids/Normal_Sperm/Normal_Sperm (128).bmp,2,test
smids/Normal_Sperm/Normal_Sperm (147).bmp,2,test
smids/Normal_Sperm/Normal_Sperm (149).bmp,2,test
smids/Normal_Sperm/Normal_Sperm (153).bmp,2,test
smids/Normal_Sperm/Normal_Sperm (154).bmp,2,test
smids/Normal_Sperm/Normal_Sperm (157).bmp,2,test
smids/Normal_Sperm/Normal_Sperm (165).bmp,2,test
smids/Normal_Sperm/Normal_Sperm (17).bmp,2,test
smids/Normal_Sperm/Normal_Sperm (170).bmp,2,test
smids/Normal_Sperm/Normal_Sperm (171).bmp,2,test
smids/Normal_Sperm/Normal_Sperm (180).bmp,2,test
smids/Normal_Sperm/Normal_Sperm (19).bmp,2,test
smids/Normal_Sperm/Normal_Sperm (201).bmp,2,test
smids/Normal_Sperm/Normal_Sperm (203).bmp,2,test
smids/Normal_Sperm/Normal_Sperm (204).bmp,2,test
smids/Normal_Sperm/Normal_Sperm (205).bmp,2,test
smids/Normal_Sperm/Normal_Sperm (21).bmp,2,test
smids/Normal_Sperm/Normal_Sperm (210).bmp,2,test
smids/Normal_Sperm/Normal_Sperm (214).bmp,2,test
smids/Normal_Sperm/Normal_Sperm (223).bmp,2,test
smids/Normal_Sperm/Normal_Sperm (233).bmp,2,test
smids/Normal_Sperm/Normal_Sperm (239).bmp,2,test
smids/Normal_Sperm/Normal_Sperm (246).bmp,2,test
smids/Normal_Sperm/Normal_Sperm (247).bmp,2,test
smids/Normal_Sperm/Normal_Sperm (248).bmp,2,test
smids/Normal_Sperm/Normal_Sperm (251).bmp,2,test
smids/Normal_Sperm/Normal_Sperm (252).bmp,2,test
smids/Normal_Sperm/Normal_Sperm (255).bmp,2,test
smids/Normal_Sperm/Normal_Sperm (258).bmp,2,test
smids/Normal_Sperm/Normal_Sperm (261).bmp,2,test
smids/Normal_Sperm/Normal_Sperm (264).bmp,2,test
smids/Normal_Sperm/Normal_Sperm (265).bmp,2,test
smids/Normal_Sperm/Normal_Sperm (267).bmp,2,test
smids/Normal_Sperm/Normal_Sperm (278).bmp,2,test
smids/Normal_Sperm/Normal_Sperm (280).bmp,2,test
smids/Normal_Sperm/Normal_Sperm (297).bmp,2,test
smids/Normal_Sperm/Normal_Sperm (3).bmp,2,test
smids/Normal_Sperm/Normal_Sperm (30).bmp,2,test
smids/Normal_Sperm/Normal_Sperm (301).bmp,2,test
smids/Normal_Sperm/Normal_Sperm (302).bmp,2,test
smids/Normal_Sperm/Normal_Sperm (305).bmp,2,test
smids/Normal_Sperm/Normal_Sperm (311).bmp,2,test
smids/Normal_Sperm/Normal_Sperm (32).bmp,2,test
smids/Normal_Sperm/Normal_Sperm (328).bmp,2,test
smids/Normal_Sperm/Normal_Sperm (334).bmp,2,test
smids/Normal_Sperm/Normal_Sperm (336).bmp,2,test
smids/Normal_Sperm/Normal_Sperm (342).bmp,2,test
smids/Normal_Sperm/Normal_Sperm (344).bmp,2,test
smids/Normal_Sperm/Normal_Sperm (355).bmp,2,test
smids/Normal_Sperm/Normal_Sperm (36).bmp,2,test
smids/Normal_Sperm/Normal_Sperm (361).bmp,2,test
smids/Normal_Sperm/Normal_Sperm (367).bmp,2,test
smids/Normal_Sperm/Normal_Sperm (370).bmp,2,test
smids/Normal_Sperm/Normal_Sperm (374).bmp,2,test
smids/Normal_Sperm/Normal_Sperm (38).bmp,2,test
smids/Normal_Sperm/Normal_Sperm (380).bmp,2,test
smids/Normal_Sperm/Normal_Sperm (381).bmp,2,test
smids/Normal_Sperm/Normal_Sperm (387).bmp,2,test
smids/Normal_Sperm/Normal_Sperm (388).bmp,2,test
smids/Normal_Sperm/Normal_Sperm (390).bmp,2,test
smids/Normal_Sperm/Normal_Sperm (392).bmp,2,test
smids/Normal_Sperm/Normal_Sperm (395).bmp,2,test
smids/Normal_Sperm/Normal_Sperm (400).bmp,2,test
smids/Normal_Sperm/Normal_Sperm (405).bmp,2,test
smids/Normal_Sperm/Normal_Sperm (411).bmp,2,test
smids/Normal_Sperm/Normal_Sperm (414).bmp,2,test
smids/Normal_Sperm/Normal_Sperm (415).bmp,2,test
smids/Normal_Sperm/Normal_Sperm (416).bmp,2,test
smids/Normal_Sperm/Normal_Sperm (419).bmp,2,test
smids/Normal_Sperm/Normal_Sperm (42).bmp,2,test
smids/Normal_Sperm/Normal_Sperm (421).bmp,2,test
smids/Normal_Sperm/Normal_Sperm (427).bmp,2,test
smids/Normal_Sperm/Normal_Sperm (434).bmp,2,test
smids/Normal_Sperm/Normal_Sperm (436).bmp,2,test
smids/Normal_Sperm/Normal_Sperm (439).bmp,2,test
smids/Normal_Sperm/Normal_Sperm (44).bmp,2,test
smids/Normal_Sperm/Normal_Sperm (444).bmp,2,test
smids/Normal_Sperm/Normal_Sperm (447).bmp,2,test
smids/Normal_Sperm/Normal_Sperm (448).bmp,2,test
smids/Normal_Sperm/Normal_Sperm (453).bmp,2,test
smids/Normal_Sperm/Normal_Sperm (468).bmp,2,test
smids/Normal_Sperm/Normal_Sperm (472).bmp,2,test
smids/Normal_Sperm/Normal_Sperm (479).bmp,2,test
smids/Normal_Sperm/Normal_Sperm (481).bmp,2,test
smids/Normal_Sperm/Normal_Sperm (491).bmp,2,test
smids/Normal_Sperm/Normal_Sperm (5).bmp,2,test
smids/Normal_Sperm/Normal_Sperm (506).bmp,2,test
smids/Normal_Sperm/Normal_Sperm (515).bmp,2,test
smids/Normal_Sperm/Normal_Sperm (516).bmp,2,test
smids/Normal_Sperm/Normal_Sperm (517).bmp,2,test
smids/Normal_Sperm/Normal_Sperm (522).bmp,2,test
smids/Normal_Sperm/Normal_Sperm (524).bmp,2,test
smids/Normal_Sperm/Normal_Sperm (528).bmp,2,test
smids/Normal_Sperm/Normal_Sperm (54).bmp,2,test
smids/Normal_Sperm/Normal_Sperm (551).bmp,2,test
smids/Normal_Sperm/Normal_Sperm (559).bmp,2,test
smids/Normal_Sperm/Normal_Sperm (570).bmp,2,test
smids/Normal_Sperm/Normal_Sperm (574).bmp,2,test
smids/Normal_Sperm/Normal_Sperm (575).bmp,2,test
smids/Normal_Sperm/Normal_Sperm (588).bmp,2,test
smids/Normal_Sperm/Normal_Sperm (589).bmp,2,test
smids/Normal_Sperm/Normal_Sperm (591).bmp,2,test
smids/Normal_Sperm/Normal_Sperm (593).bmp,2,test
smids/Normal_Sperm/Normal_Sperm (597).bmp,2,test
smids/Normal_Sperm/Normal_Sperm (60).bmp,2,test
smids/Normal_Sperm/Normal_Sperm (603).bmp,2,test
smids/Normal_Sperm/Normal_Sperm (609).bmp,2,test
smids/Normal_Sperm/Normal_Sperm (612).bmp,2,test
smids/Normal_Sperm/Normal_Sperm (616).bmp,2,test
smids/Normal_Sperm/Normal_Sperm (617).bmp,2,test
smids/Normal_Sperm/Normal_Sperm (619).bmp,2,test
smids/Normal_Sperm/Normal_Sperm (628).bmp,2,test
smids/Normal_Sperm/Normal_Sperm (630).bmp,2,test
smids/Normal_Sperm/Normal_Sperm (632).bmp,2,test
smids/Normal_Sperm/Normal_Sperm (634).bmp,2,test
smids/Normal_Sperm/Normal_Sperm (650).bmp,2,test
smids/Normal_Sperm/Normal_Sperm (654).bmp,2,test
smids/Normal_Sperm/Normal_Sperm (657).bmp,2,test
smids/Normal_Sperm/Normal_Sperm (659).bmp,2,test
smids/Normal_Sperm/Normal_Sperm (670).bmp,2,test
smids/Normal_Sperm/Normal_Sperm (675).bmp,2,test
smids/Normal_Sperm/Normal_Sperm (68).bmp,2,test
smids/Normal_Sperm/Normal_Sperm (680).bmp,2,test
smids/Normal_Sperm/Normal_Sperm (69).bmp,2,test
smids/Normal_Sperm/Normal_Sperm (693).bmp,2,test
smids/Normal_Sperm/Normal_Sperm (702).bmp,2,test
smids/Normal_Sperm/Normal_Sperm (704).bmp,2,test
smids/Normal_Sperm/Normal_Sperm (706).bmp,2,test
smids/Normal_Sperm/Normal_Sperm (707).bmp,2,test
smids/Normal_Sperm/Normal_Sperm (708).bmp,2,test
smids/Normal_Sperm/Normal_Sperm (710).bmp,2,test
smids/Normal_Sperm/Normal_Sperm (72).bmp,2,test
smids/Normal_Sperm/Normal_Sperm (724).bmp,2,test
smids/Normal_Sperm/Normal_Sperm (725).bmp,2,test
smids/Normal_Sperm/Normal_Sperm (73).bmp,2,test
smids/Normal_Sperm/Normal_Sperm (734).bmp,2,test
smids/Normal_Sperm/Normal_Sperm (739).bmp,2,test
smids/Normal_Sperm/Normal_Sperm (74).bmp,2,test
smids/Normal_Sperm/Normal_Sperm (754).bmp,2,test
smids/Normal_Sperm/Normal_Sperm (76).bmp,2,test
smids/Normal_Sperm/Normal_Sperm (769).bmp,2,test
smids/Normal_Sperm/Normal_Sperm (770).bmp,2,test
smids/Normal_Sperm/Normal_Sperm (771).bmp,2,test
smids/Normal_Sperm/Normal_Sperm (774).bmp,2,test
smids/Normal_Sperm/Normal_Sperm (78).bmp,2,test
smids/Normal_Sperm/Normal_Sperm (783).bmp,2,test
smids/Normal_Sperm/Normal_Sperm (785).bmp,2,test
smids/Normal_Sperm/Normal_Sperm (79).bmp,2,test
smids/Normal_Sperm/Normal_Sperm (796).bmp,2,test
smids/Normal_Sperm/Normal_Sperm (800).bmp,2,test
smids/Normal_Sperm/Normal_Sperm (804).bmp,2,test
smids/Normal_Sperm/Normal_Sperm (814).bmp,2,test
smids/Normal_Sperm/Normal_Sperm (82).bmp,2,test
smids/Normal_Sperm/Normal_Sperm (833).bmp,2,test
smids/Normal_Sperm/Normal_Sperm (835).bmp,2,test
smids/Normal_Sperm/Normal_Sperm (837).bmp,2,test
smids/Normal_Sperm/Normal_Sperm (846).bmp,2,test
smids/Normal_Sperm/Normal_Sperm (848).bmp,2,test
smids/Normal_Sperm/Normal_Sperm (853).bmp,2,test
smids/Normal_Sperm/Normal_Sperm (856).bmp,2,test
smids/Normal_Sperm/Normal_Sperm (860).bmp,2,test
smids/Normal_Sperm/Normal_Sperm (865).bmp,2,test
smids/Normal_Sperm/Normal_Sperm (870).bmp,2,test
smids/Normal_Sperm/Normal_Sperm (872).bmp,2,test
smids/Normal_Sperm/Normal_Sperm (873).bmp,2,test
smids/Normal_Sperm/Normal_Sperm (874).bmp,2,test
smids/Normal_Sperm/Normal_Sperm (875).bmp,2,test
smids/Normal_Sperm/Normal_Sperm (880).bmp,2,test
smids/Normal_Sperm/Normal_Sperm (886).bmp,2,test
smids/Normal_Sperm/Normal_Sperm (889).bmp,2,test
smids/Normal_Sperm/Normal_Sperm (9).bmp,2,test
smids/Normal_Sperm/Normal_Sperm (905).bmp,2,test
smids/Normal_Sperm/Normal_Sperm (91).bmp,2,test
smids/Normal_Sperm/Normal_Sperm (911).bmp,2,test
smids/Normal_Sperm/Normal_Sperm (917).bmp,2,test
smids/Normal_Sperm/Normal_Sperm (918).bmp,2,test
smids/Normal_Sperm/Normal_Sperm (92).bmp,2,test
smids/Normal_Sperm/Normal_Sperm (924).bmp,2,test
smids/Normal_Sperm/Normal_Sperm (940).bmp,2,test
smids/Normal_Sperm/Normal_Sperm (941).bmp,2,test
smids/Normal_Sperm/Normal_Sperm (944).bmp,2,test
smids/Normal_Sperm/Normal_Sperm (947).bmp,2,test
smids/Normal_Sperm/Normal_Sperm (949).bmp,2,test
smids/Normal_Sperm/Normal_Sperm (950).bmp,2,test
smids/Normal_Sperm/Normal_Sperm (960).bmp,2,test
smids/Normal_Sperm/Normal_Sperm (980).bmp,2,test
smids/Normal_Sperm/Normal_Sperm (987).bmp,2,test
smids/Normal_Sperm/Normal_Sperm (991).bmp,2,test
smids/Normal_Sperm/Normal_Sperm (994).bmp,2,test
smids/Normal_Sperm/Normal_Sperm (997).bmp,2,test
smids/Abnormal_Sperm/Abnormal_Sperm (10).bmp,2,train
smids/Abnormal_Sperm/Abnormal_Sperm (100).bmp,2,train
smids/Abnormal_Sperm/Abnormal_Sperm (1000).bmp,2,train
smids/Abnormal_Sperm/Abnormal_Sperm (1002).bmp,2,train
smids/Abnormal_Sperm/Abnormal_Sperm (1004).bmp,2,train
smids/Abnormal_Sperm/Abnormal_Sperm (1005).bmp,2,train
smids/Abnormal_Sperm/Abnormal_Sperm (101).bmp,2,train
smids/Abnormal_Sperm/Abnormal_Sperm (102).bmp,2,train
smids/Abnormal_Sperm/Abnormal_Sperm (103).bmp,2,train
smids/Abnormal_Sperm/Abnormal_Sperm (104).bmp,2,train
smids/Abnormal_Sperm/Abnormal_Sperm (105).bmp,2,train
smids/Abnormal_Sperm/Abnormal_Sperm (106).bmp,2,train
smids/Abnormal_Sperm/Abnormal_Sperm (107).bmp,2,train
smids/Abnormal_Sperm/Abnormal_Sperm (11).bmp,2,train
smids/Abnormal_Sperm/Abnormal_Sperm (111).bmp,2,train
smids/Abnormal_Sperm/Abnormal_Sperm (112).bmp,2,train
smids/Abnormal_Sperm/Abnormal_Sperm (113).bmp,2,train
smids/Abnormal_Sperm/Abnormal_Sperm (114).bmp,2,train
smids/Abnormal_Sperm/Abnormal_Sperm (117).bmp,2,train
smids/Abnormal_Sperm/Abnormal_Sperm (119).bmp,2,train
smids/Abnormal_Sperm/Abnormal_Sperm (120).bmp,2,train
smids/Abnormal_Sperm/Abnormal_Sperm (121).bmp,2,train
smids/Abnormal_Sperm/Abnormal_Sperm (122).bmp,2,train
smids/Abnormal_Sperm/Abnormal_Sperm (125).bmp,2,train
smids/Abnormal_Sperm/Abnormal_Sperm (127).bmp,2,train
smids/Abnormal_Sperm/Abnormal_Sperm (13).bmp,2,train
smids/Abnormal_Sperm/Abnormal_Sperm (130).bmp,2,train
smids/Abnormal_Sperm/Abnormal_Sperm (131).bmp,2,train
smids/Abnormal_Sperm/Abnormal_Sperm (135).bmp,2,train
smids/Abnormal_Sperm/Abnormal_Sperm (138).bmp,2,train
smids/Abnormal_Sperm/Abnormal_Sperm (140).bmp,2,train
smids/Abnormal_Sperm/Abnormal_Sperm (141).bmp,2,train
smids/Abnormal_Sperm/Abnormal_Sperm (149).bmp,2,train
smids/Abnormal_Sperm/Abnormal_Sperm (150).bmp,2,train
smids/Abnormal_Sperm/Abnormal_Sperm (151).bmp,2,train
smids/Abnormal_Sperm/Abnormal_Sperm (153).bmp,2,train
smids/Abnormal_Sperm/Abnormal_Sperm (154).bmp,2,train
smids/Abnormal_Sperm/Abnormal_Sperm (156).bmp,2,train
smids/Abnormal_Sperm/Abnormal_Sperm (16).bmp,2,train
smids/Abnormal_Sperm/Abnormal_Sperm (161).bmp,2,train
smids/Abnormal_Sperm/Abnormal_Sperm (163).bmp,2,train
smids/Abnormal_Sperm/Abnormal_Sperm (167).bmp,2,train
smids/Abnormal_Sperm/Abnormal_Sperm (169).bmp,2,train
smids/Abnormal_Sperm/Abnormal_Sperm (17).bmp,2,train
smids/Abnormal_Sperm/Abnormal_Sperm (170).bmp,2,train
smids/Abnormal_Sperm/Abnormal_Sperm (173).bmp,2,train
smids/Abnormal_Sperm/Abnormal_Sperm (174).bmp,2,train
smids/Abnormal_Sperm/Abnormal_Sperm (175).bmp,2,train
smids/Abnormal_Sperm/Abnormal_Sperm (176).bmp,2,train
smids/Abnormal_Sperm/Abnormal_Sperm (177).bmp,2,train
smids/Abnormal_Sperm/Abnormal_Sperm (179).bmp,2,train
smids/Abnormal_Sperm/Abnormal_Sperm (180).bmp,2,train
smids/Abnormal_Sperm/Abnormal_Sperm (181).bmp,2,train
smids/Abnormal_Sperm/Abnormal_Sperm (182).bmp,2,train
smids/Abnormal_Sperm/Abnormal_Sperm (185).bmp,2,train
smids/Abnormal_Sperm/Abnormal_Sperm (186).bmp,2,train
smids/Abnormal_Sperm/Abnormal_Sperm (187).bmp,2,train
smids/Abnormal_Sperm/Abnormal_Sperm (188).bmp,2,train
smids/Abnormal_Sperm/Abnormal_Sperm (190).bmp,2,train
smids/Abnormal_Sperm/Abnormal_Sperm (193).bmp,2,train
smids/Abnormal_Sperm/Abnormal_Sperm (196).bmp,2,train
smids/Abnormal_Sperm/Abnormal_Sperm (199).bmp,2,train
smids/Abnormal_Sperm/Abnormal_Sperm (2).bmp,2,train
smids/Abnormal_Sperm/Abnormal_Sperm (207).bmp,2,train
smids/Abnormal_Sperm/Abnormal_Sperm (209).bmp,2,train
smids/Abnormal_Sperm/Abnormal_Sperm (21).bmp,2,train
smids/Abnormal_Sperm/Abnormal_Sperm (212).bmp,2,train
smids/Abnormal_Sperm/Abnormal_Sperm (213).bmp,2,train
smids/Abnormal_Sperm/Abnormal_Sperm (214).bmp,2,train
smids/Abnormal_Sperm/Abnormal_Sperm (217).bmp,2,train
smids/Abnormal_Sperm/Abnormal_Sperm (218).bmp,2,train
smids/Abnormal_Sperm/Abnormal_Sperm (219).bmp,2,train
smids/Abnormal_Sperm/Abnormal_Sperm (22).bmp,2,train
smids/Abnormal_Sperm/Abnormal_Sperm (220).bmp,2,train
smids/Abnormal_Sperm/Abnormal_Sperm (221).bmp,2,train
smids/Abnormal_Sperm/Abnormal_Sperm (222).bmp,2,train
smids/Abnormal_Sperm/Abnormal_Sperm (226).bmp,2,train
smids/Abnormal_Sperm/Abnormal_Sperm (227).bmp,2,train
smids/Abnormal_Sperm/Abnormal_Sperm (228).bmp,2,train
smids/Abnormal_Sperm/Abnormal_Sperm (23).bmp,2,train
smids/Abnormal_Sperm/Abnormal_Sperm (230).bmp,2,train
smids/Abnormal_Sperm/Abnormal_Sperm (231).bmp,2,train
smids/Abnormal_Sperm/Abnormal_Sperm (232).bmp,2,train
smids/Abnormal_Sperm/Abnormal_Sperm (233).bmp,2,train
smids/Abnormal_Sperm/Abnormal_Sperm (236).bmp,2,train
smids/Abnormal_Sperm/Abnormal_Sperm (238).bmp,2,train
smids/Abnormal_Sperm/Abnormal_Sperm (241).bmp,2,train
smids/Abnormal_Sperm/Abnormal_Sperm (242).bmp,2,train
smids/Abnormal_Sperm/Abnormal_Sperm (243).bmp,2,train
smids/Abnormal_Sperm/Abnormal_Sperm (246).bmp,2,train
smids/Abnormal_Sperm/Abnormal_Sperm (247).bmp,2,train
smids/Abnormal_Sperm/Abnormal_Sperm (248).bmp,2,train
smids/Abnormal_Sperm/Abnormal_Sperm (25).bmp,2,train
smids/Abnormal_Sperm/Abnormal_Sperm (250).bmp,2,train
smids/Abnormal_Sperm/Abnormal_Sperm (251).bmp,2,train
smids/Abnormal_Sperm/Abnormal_Sperm (257).bmp,2,train
smids/Abnormal_Sperm/Abnormal_Sperm (258).bmp,2,train
smids/Abnormal_Sperm/Abnormal_Sperm (259).bmp,2,train
smids/Abnormal_Sperm/Abnormal_Sperm (26).bmp,2,train
smids/Abnormal_Sperm/Abnormal_Sperm (261).bmp,2,train
smids/Abnormal_Sperm/Abnormal_Sperm (262).bmp,2,train
smids/Abnormal_Sperm/Abnormal_Sperm (265).bmp,2,train
smids/Abnormal_Sperm/Abnormal_Sperm (266).bmp,2,train
smids/Abnormal_Sperm/Abnormal_Sperm (269).bmp,2,train
smids/Abnormal_Sperm/Abnormal_Sperm (270).bmp,2,train
smids/Abnormal_Sperm/Abnormal_Sperm (272).bmp,2,train
smids/Abnormal_Sperm/Abnormal_Sperm (274).bmp,2,train
smids/Abnormal_Sperm/Abnormal_Sperm (276).bmp,2,train
smids/Abnormal_Sperm/Abnormal_Sperm (28).bmp,2,train
smids/Abnormal_Sperm/Abnormal_Sperm (282).bmp,2,train
smids/Abnormal_Sperm/Abnormal_Sperm (284).bmp,2,train
smids/Abnormal_Sperm/Abnormal_Sperm (286).bmp,2,train
smids/Abnormal_Sperm/Abnormal_Sperm (288).bmp,2,train
smids/Abnormal_Sperm/Abnormal_Sperm (289).bmp,2,train
smids/Abnormal_Sperm/Abnormal_Sperm (295).bmp,2,train
smids/Abnormal_Sperm/Abnormal_Sperm (297).bmp,2,train
smids/Abnormal_Sperm/Abnormal_Sperm (299).bmp,2,train
smids/Abnormal_Sperm/Abnormal_Sperm (3).bmp,2,train
smids/Abnormal_Sperm/Abnormal_Sperm (303).bmp,2,train
smids/Abnormal_Sperm/Abnormal_Sperm (304).bmp,2,train
smids/Abnormal_Sperm/Abnormal_Sperm (307).bmp,2,train
smids/Abnormal_Sperm/Abnormal_Sperm (308).bmp,2,train
smids/Abnormal_Sperm/Abnormal_Sperm (310).bmp,2,train
smids/Abnormal_Sperm/Abnormal_Sperm (313).bmp,2,train
smids/Abnormal_Sperm/Abnormal_Sperm (315).bmp,2,train
smids/Abnormal_Sperm/Abnormal_Sperm (316).bmp,2,train
smids/Abnormal_Sperm/Abnormal_Sperm (319).bmp,2,train
smids/Abnormal_Sperm/Abnormal_Sperm (320).bmp,2,train
smids/Abnormal_Sperm/Abnormal_Sperm (322).bmp,2,train
smids/Abnormal_Sperm/Abnormal_Sperm (328).bmp,2,train
smids/Abnormal_Sperm/Abnormal_Sperm (33).bmp,2,train
smids/Abnormal_Sperm/Abnormal_Sperm (330).bmp,2,train
smids/Abnormal_Sperm/Abnormal_Sperm (331).bmp,2,train
smids/Abnormal_Sperm/Abnormal_Sperm (332).bmp,2,train
smids/Abnormal_Sperm/Abnormal_Sperm (336).bmp,2,train
smids/Abnormal_Sperm/Abnormal_Sperm (337).bmp,2,train
smids/Abnormal_Sperm/Abnormal_Sperm (34).bmp,2,train
smids/Abnormal_Sperm/Abnormal_Sperm (340).bmp,2,train
smids/Abnormal_Sperm/Abnormal_Sperm (342).bmp,2,train
smids/Abnormal_Sperm/Abnormal_Sperm (345).bmp,2,train
smids/Abnormal_Sperm/Abnormal_Sperm (349).bmp,2,train
smids/Abnormal_Sperm/Abnormal_Sperm (351).bmp,2,train
smids/Abnormal_Sperm/Abnormal_Sperm (354).bmp,2,train
smids/Abnormal_Sperm/Abnormal_Sperm (356).bmp,2,train
smids/Abnormal_Sperm/Abnormal_Sperm (358).bmp,2,train
smids/Abnormal_Sperm/Abnormal_Sperm (360).bmp,2,train
smids/Abnormal_Sperm/Abnormal_Sperm (361).bmp,2,train
smids/Abnormal_Sperm/Abnormal_Sperm (362).bmp,2,train
smids/Abnormal_Sperm/Abnormal_Sperm (363).bmp,2,train
smids/Abnormal_Sperm/Abnormal_Sperm (366).bmp,2,train
smids/Abnormal_Sperm/Abnormal_Sperm (367).bmp,2,train
smids/Abnormal_Sperm/Abnormal_Sperm (369).bmp,2,train
smids/Abnormal_Sperm/Abnormal_Sperm (370).bmp,2,train
smids/Abnormal_Sperm/Abnormal_Sperm (371).bmp,2,train
smids/Abnormal_Sperm/Abnormal_Sperm (372).bmp,2,train
smids/Abnormal_Sperm/Abnormal_Sperm (376).bmp,2,train
smids/Abnormal_Sperm/Abnormal_Sperm (377).bmp,2,train
smids/Abnormal_Sperm/Abnormal_Sperm (378).bmp,2,train
smids/Abnormal_Sperm/Abnormal_Sperm (382).bmp,2,train
smids/Abnormal_Sperm/Abnormal_Sperm (383).bmp,2,train
smids/Abnormal_Sperm/Abnormal_Sperm (384).bmp,2,train
smids/Abnormal_Sperm/Abnormal_Sperm (385).bmp,2,train
smids/Abnormal_Sperm/Abnormal_Sperm (386).bmp,2,train
smids/Abnormal_Sperm/Abnormal_Sperm (388).bmp,2,train
smids/Abnormal_Sperm/Abnormal_Sperm (39).bmp,2,train
smids/Abnormal_Sperm/Abnormal_Sperm (390).bmp,2,train
smids/Abnormal_Sperm/Abnormal_Sperm (391).bmp,2,train
smids/Abnormal_Sperm/Abnormal_Sperm (396).bmp,2,train
smids/Abnormal_Sperm/Abnormal_Sperm (398).bmp,2,train
smids/Abnormal_Sperm/Abnormal_Sperm (4).bmp,2,train
smids/Abnormal_Sperm/Abnormal_Sperm (402).bmp,2,train
smids/Abnormal_Sperm/Abnormal_Sperm (405).bmp,2,train
smids/Abnormal_Sperm/Abnormal_Sperm (407).bmp,2,train
smids/Abnormal_Sperm/Abnormal_Sperm (408).bmp,2,train
smids/Abnormal_Sperm/Abnormal_Sperm (411).bmp,2,train
smids/Abnormal_Sperm/Abnormal_Sperm (414).bmp,2,train
smids/Abnormal_Sperm/Abnormal_Sperm (416).bmp,2,train
smids/Abnormal_Sperm/Abnormal_Sperm (417).bmp,2,train
smids/Abnormal_Sperm/Abnormal_Sperm (419).bmp,2,train
smids/Abnormal_Sperm/Abnormal_Sperm (42).bmp,2,train
smids/Abnormal_Sperm/Abnormal_Sperm (421).bmp,2,train
smids/Abnormal_Sperm/Abnormal_Sperm (422).bmp,2,train
smids/Abnormal_Sperm/Abnormal_Sperm (424).bmp,2,train
smids/Abnormal_Sperm/Abnormal_Sperm (425).bmp,2,train
smids/Abnormal_Sperm/Abnormal_Sperm (427).bmp,2,train
smids/Abnormal_Sperm/Abnormal_Sperm (428).bmp,2,train
smids/Abnormal_Sperm/Abnormal_Sperm (43).bmp,2,train
smids/Abnormal_Sperm/Abnormal_Sperm (434).bmp,2,train
smids/Abnormal_Sperm/Abnormal_Sperm (436).bmp,2,train
smids/Abnormal_Sperm/Abnormal_Sperm (437).bmp,2,train
smids/Abnormal_Sperm/Abnormal_Sperm (440).bmp,2,train
smids/Abnormal_Sperm/Abnormal_Sperm (444).bmp,2,train
smids/Abnormal_Sperm/Abnormal_Sperm (448).bmp,2,train
smids/Abnormal_Sperm/Abnormal_Sperm (450).bmp,2,train
smids/Abnormal_Sperm/Abnormal_Sperm (453).bmp,2,train
smids/Abnormal_Sperm/Abnormal_Sperm (455).bmp,2,train
smids/Abnormal_Sperm/Abnormal_Sperm (457).bmp,2,train
smids/Abnormal_Sperm/Abnormal_Sperm (458).bmp,2,train
smids/Abnormal_Sperm/Abnormal_Sperm (461).bmp,2,train
smids/Abnormal_Sperm/Abnormal_Sperm (464).bmp,2,train
smids/Abnormal_Sperm/Abnormal_Sperm (466).bmp,2,train
smids/Abnormal_Sperm/Abnormal_Sperm (467).bmp,2,train
smids/Abnormal_Sperm/Abnormal_Sperm (468).bmp,2,train
smids/Abnormal_Sperm/Abnormal_Sperm (471).bmp,2,train
smids/Abnormal_Sperm/Abnormal_Sperm (472).bmp,2,train
smids/Abnormal_Sperm/Abnormal_Sperm (473).bmp,2,train
smids/Abnormal_Sperm/Abnormal_Sperm (474).bmp,2,train
smids/Abnormal_Sperm/Abnormal_Sperm (475).bmp,2,train
smids/Abnormal_Sperm/Abnormal_Sperm (478).bmp,2,train
smids/Abnormal_Sperm/Abnormal_Sperm (479).bmp,2,train
smids/Abnormal_Sperm/Abnormal_Sperm (480).bmp,2,train
smids/Abnormal_Sperm/Abnormal_Sperm (481).bmp,2,train
smids/Abnormal_Sperm/Abnormal_Sperm (486).bmp,2,train
smids/Abnormal_Sperm/Abnormal_Sperm (487).bmp,2,train
smids/Abnormal_Sperm/Abnormal_Sperm (490).bmp,2,train
smids/Abnormal_Sperm/Abnormal_Sperm (492).bmp,2,train
smids/Abnormal_Sperm/Abnormal_Sperm (493).bmp,2,train
smids/Abnormal_Sperm/Abnormal_Sperm (494).bmp,2,train
smids/Abnormal_Sperm/Abnormal_Sperm (495).bmp,2,train
smids/Abnormal_Sperm/Abnormal_Sperm (5).bmp,2,train
smids/Abnormal_Sperm/Abnormal_Sperm (502).bmp,2,train
smids/Abnormal_Sperm/Abnormal_Sperm (503).bmp,2,train
smids/Abnormal_Sperm/Abnormal_Sperm (504).bmp,2,train
smids/Abnormal_Sperm/Abnormal_Sperm (507).bmp,2,train
smids/Abnormal_Sperm/Abnormal_Sperm (508).bmp,2,train
smids/Abnormal_Sperm/Abnormal_Sperm (509).bmp,2,train
smids/Abnormal_Sperm/Abnormal_Sperm (510).bmp,2,train
smids/Abnormal_Sperm/Abnormal_Sperm (511).bmp,2,train
smids/Abnormal_Sperm/Abnormal_Sperm (514).bmp,2,train
smids/Abnormal_Sperm/Abnormal_Sperm (515).bmp,2,train
smids/Abnormal_Sperm/Abnormal_Sperm (518).bmp,2,train
smids/Abnormal_Sperm/Abnormal_Sperm (521).bmp,2,train
smids/Abnormal_Sperm/Abnormal_Sperm (522).bmp,2,train
smids/Abnormal_Sperm/Abnormal_Sperm (523).bmp,2,train
smids/Abnormal_Sperm/Abnormal_Sperm (525).bmp,2,train
smids/Abnormal_Sperm/Abnormal_Sperm (527).bmp,2,train
smids/Abnormal_Sperm/Abnormal_Sperm (529).bmp,2,train
smids/Abnormal_Sperm/Abnormal_Sperm (53).bmp,2,train
smids/Abnormal_Sperm/Abnormal_Sperm (530).bmp,2,train
smids/Abnormal_Sperm/Abnormal_Sperm (531).bmp,2,train
smids/Abnormal_Sperm/Abnormal_Sperm (533).bmp,2,train
smids/Abnormal_Sperm/Abnormal_Sperm (534).bmp,2,train
smids/Abnormal_Sperm/Abnormal_Sperm (536).bmp,2,train
smids/Abnormal_Sperm/Abnormal_Sperm (537).bmp,2,train
smids/Abnormal_Sperm/Abnormal_Sperm (538).bmp,2,train
smids/Abnormal_Sperm/Abnormal_Sperm (54).bmp,2,train
smids/Abnormal_Sperm/Abnormal_Sperm (540).bmp,2,train
smids/Abnormal_Sperm/Abnormal_Sperm (541).bmp,2,train
smids/Abnormal_Sperm/Abnormal_Sperm (544).bmp,2,train
smids/Abnormal_Sperm/Abnormal_Sperm (546).bmp,2,train
smids/Abnormal_Sperm/Abnormal_Sperm (553).bmp,2,train
smids/Abnormal_Sperm/Abnormal_Sperm (556).bmp,2,train
smids/Abnormal_Sperm/Abnormal_Sperm (561).bmp,2,train
smids/Abnormal_Sperm/Abnormal_Sperm (563).bmp,2,train
smids/Abnormal_Sperm/Abnormal_Sperm (564).bmp,2,train
smids/Abnormal_Sperm/Abnormal_Sperm (565).bmp,2,train
smids/Abnormal_Sperm/Abnormal_Sperm (566).bmp,2,train
smids/Abnormal_Sperm/Abnormal_Sperm (57).bmp,2,train
smids/Abnormal_Sperm/Abnormal_Sperm (571).bmp,2,train
smids/Abnormal_Sperm/Abnormal_Sperm (572).bmp,2,train
smids/Abnormal_Sperm/Abnormal_Sperm (58).bmp,2,train
smids/Abnormal_Sperm/Abnormal_Sperm (580).bmp,2,train
smids/Abnormal_Sperm/Abnormal_Sperm (582).bmp,2,train
smids/Abnormal_Sperm/Abnormal_Sperm (583).bmp,2,train
smids/Abnormal_Sperm/Abnormal_Sperm (586).bmp,2,train
smids/Abnormal_Sperm/Abnormal_Sperm (587).bmp,2,train
smids/Abnormal_Sperm/Abnormal_Sperm (588).bmp,2,train
smids/Abnormal_Sperm/Abnormal_Sperm (590).bmp,2,train
smids/Abnormal_Sperm/Abnormal_Sperm (591).bmp,2,train
smids/Abnormal_Sperm/Abnormal_Sperm (594).bmp,2,train
smids/Abnormal_Sperm/Abnormal_Sperm (597).bmp,2,train
smids/Abnormal_Sperm/Abnormal_Sperm (60).bmp,2,train
smids/Abnormal_Sperm/Abnormal_Sperm (600).bmp,2,train
smids/Abnormal_Sperm/Abnormal_Sperm (601).bmp,2,train
smids/Abnormal_Sperm/Abnormal_Sperm (602).bmp,2,train
smids/Abnormal_Sperm/Abnormal_Sperm (603).bmp,2,train
smids/Abnormal_Sperm/Abnormal_Sperm (606).bmp,2,train
smids/Abnormal_Sperm/Abnormal_Sperm (607).bmp,2,train
smids/Abnormal_Sperm/Abnormal_Sperm (61).bmp,2,train
smids/Abnormal_Sperm/Abnormal_Sperm (611).bmp,2,train
smids/Abnormal_Sperm/Abnormal_Sperm (612).bmp,2,train
smids/Abnormal_Sperm/Abnormal_Sperm (613).bmp,2,train
smids/Abnormal_Sperm/Abnormal_Sperm (615).bmp,2,train
smids/Abnormal_Sperm/Abnormal_Sperm (616).bmp,2,train
smids/Abnormal_Sperm/Abnormal_Sperm (619).bmp,2,train
smids/Abnormal_Sperm/Abnormal_Sperm (620).bmp,2,train
smids/Abnormal_Sperm/Abnormal_Sperm (624).bmp,2,train
smids/Abnormal_Sperm/Abnormal_Sperm (626).bmp,2,train
smids/Abnormal_Sperm/Abnormal_Sperm (627).bmp,2,train
smids/Abnormal_Sperm/Abnormal_Sperm (630).bmp,2,train
smids/Abnormal_Sperm/Abnormal_Sperm (631).bmp,2,train
smids/Abnormal_Sperm/Abnormal_Sperm (633).bmp,2,train
smids/Abnormal_Sperm/Abnormal_Sperm (636).bmp,2,train
smids/Abnormal_Sperm/Abnormal_Sperm (637).bmp,2,train
smids/Abnormal_Sperm/Abnormal_Sperm (640).bmp,2,train
smids/Abnormal_Sperm/Abnormal_Sperm (643).bmp,2,train
smids/Abnormal_Sperm/Abnormal_Sperm (646).bmp,2,train
smids/Abnormal_Sperm/Abnormal_Sperm (649).bmp,2,train
smids/Abnormal_Sperm/Abnormal_Sperm (65).bmp,2,train
smids/Abnormal_Sperm/Abnormal_Sperm (651).bmp,2,train
smids/Abnormal_Sperm/Abnormal_Sperm (652).bmp,2,train
smids/Abnormal_Sperm/Abnormal_Sperm (654).bmp,2,train
smids/Abnormal_Sperm/Abnormal_Sperm (656).bmp,2,train
smids/Abnormal_Sperm/Abnormal_Sperm (658).bmp,2,train
smids/Abnormal_Sperm/Abnormal_Sperm (659).bmp,2,train
smids/Abnormal_Sperm/Abnormal_Sperm (666).bmp,2,train
smids/Abnormal_Sperm/Abnormal_Sperm (668).bmp,2,train
smids/Abnormal_Sperm/Abnormal_Sperm (669).bmp,2,train
smids/Abnormal_Sperm/Abnormal_Sperm (673).bmp,2,train
smids/Abnormal_Sperm/Abnormal_Sperm (674).bmp,2,train
smids/Abnormal_Sperm/Abnormal_Sperm (675).bmp,2,train
smids/Abnormal_Sperm/Abnormal_Sperm (676).bmp,2,train
smids/Abnormal_Sperm/Abnormal_Sperm (677).bmp,2,train
smids/Abnormal_Sperm/Abnormal_Sperm (678).bmp,2,train
smids/Abnormal_Sperm/Abnormal_Sperm (679).bmp,2,train
smids/Abnormal_Sperm/Abnormal_Sperm (68).bmp,2,train
smids/Abnormal_Sperm/Abnormal_Sperm (680).bmp,2,train
smids/Abnormal_Sperm/Abnormal_Sperm (681).bmp,2,train
smids/Abnormal_Sperm/Abnormal_Sperm (684).bmp,2,train
smids/Abnormal_Sperm/Abnormal_Sperm (687).bmp,2,train
smids/Abnormal_Sperm/Abnormal_Sperm (688).bmp,2,train
smids/Abnormal_Sperm/Abnormal_Sperm (689).bmp,2,train
smids/Abnormal_Sperm/Abnormal_Sperm (69).bmp,2,train
smids/Abnormal_Sperm/Abnormal_Sperm (690).bmp,2,train
smids/Abnormal_Sperm/Abnormal_Sperm (692).bmp,2,train
smids/Abnormal_Sperm/Abnormal_Sperm (695).bmp,2,train
smids/Abnormal_Sperm/Abnormal_Sperm (696).bmp,2,train
smids/Abnormal_Sperm/Abnormal_Sperm (697).bmp,2,train
smids/Abnormal_Sperm/Abnormal_Sperm (698).bmp,2,train
smids/Abnormal_Sperm/Abnormal_Sperm (7).bmp,2,train
smids/Abnormal_Sperm/Abnormal_Sperm (70).bmp,2,train
smids/Abnormal_Sperm/Abnormal_Sperm (702).bmp,2,train
smids/Abnormal_Sperm/Abnormal_Sperm (704).bmp,2,train
smids/Abnormal_Sperm/Abnormal_Sperm (705).bmp,2,train
smids/Abnormal_Sperm/Abnormal_Sperm (706).bmp,2,train
smids/Abnormal_Sperm/Abnormal_Sperm (71).bmp,2,train
smids/Abnormal_Sperm/Abnormal_Sperm (711).bmp,2,train
smids/Abnormal_Sperm/Abnormal_Sperm (712).bmp,2,train
smids/Abnormal_Sperm/Abnormal_Sperm (716).bmp,2,train
smids/Abnormal_Sperm/Abnormal_Sperm (719).bmp,2,train
smids/Abnormal_Sperm/Abnormal_Sperm (72).bmp,2,train
smids/Abnormal_Sperm/Abnormal_Sperm (720).bmp,2,train
smids/Abnormal_Sperm/Abnormal_Sperm (722).bmp,2,train
smids/Abnormal_Sperm/Abnormal_Sperm (723).bmp,2,train
smids/Abnormal_Sperm/Abnormal_Sperm (724).bmp,2,train
smids/Abnormal_Sperm/Abnormal_Sperm (726).bmp,2,train
smids/Abnormal_Sperm/Abnormal_Sperm (727).bmp,2,train
smids/Abnormal_Sperm/Abnormal_Sperm (729).bmp,2,train
smids/Abnormal_Sperm/Abnormal_Sperm (731).bmp,2,train
smids/Abnormal_Sperm/Abnormal_Sperm (732).bmp,2,train
smids/Abnormal_Sperm/Abnormal_Sperm (735).bmp,2,train
smids/Abnormal_Sperm/Abnormal_Sperm (736).bmp,2,train
smids/Abnormal_Sperm/Abnormal_Sperm (737).bmp,2,train
smids/Abnormal_Sperm/Abnormal_Sperm (738).bmp,2,train
smids/Abnormal_Sperm/Abnormal_Sperm (739).bmp,2,train
smids/Abnormal_Sperm/Abnormal_Sperm (74).bmp,2,train
smids/Abnormal_Sperm/Abnormal_Sperm (740).bmp,2,train
smids/Abnormal_Sperm/Abnormal_Sperm (741).bmp,2,train
smids/Abnormal_Sperm/Abnormal_Sperm (744).bmp,2,train
smids/Abnormal_Sperm/Abnormal_Sperm (745).bmp,2,train
smids/Abnormal_Sperm/Abnormal_Sperm (747).bmp,2,train
smids/Abnormal_Sperm/Abnormal_Sperm (750).bmp,2,train
smids/Abnormal_Sperm/Abnormal_Sperm (752).bmp,2,train
smids/Abnormal_Sperm/Abnormal_Sperm (755).bmp,2,train
smids/Abnormal_Sperm/Abnormal_Sperm (757).bmp,2,train
smids/Abnormal_Sperm/Abnormal_Sperm (758).bmp,2,train
smids/Abnormal_Sperm/Abnormal_Sperm (759).bmp,2,train
smids/Abnormal_Sperm/Abnormal_Sperm (76).bmp,2,train
smids/Abnormal_Sperm/Abnormal_Sperm (760).bmp,2,train
smids/Abnormal_Sperm/Abnormal_Sperm (762).bmp,2,train
smids/Abnormal_Sperm/Abnormal_Sperm (764).bmp,2,train
smids/Abnormal_Sperm/Abnormal_Sperm (765).bmp,2,train
smids/Abnormal_Sperm/Abnormal_Sperm (766).bmp,2,train
smids/Abnormal_Sperm/Abnormal_Sperm (768).bmp,2,train
smids/Abnormal_Sperm/Abnormal_Sperm (773).bmp,2,train
smids/Abnormal_Sperm/Abnormal_Sperm (774).bmp,2,train
smids/Abnormal_Sperm/Abnormal_Sperm (775).bmp,2,train
smids/Abnormal_Sperm/Abnormal_Sperm (779).bmp,2,train
smids/Abnormal_Sperm/Abnormal_Sperm (781).bmp,2,train
smids/Abnormal_Sperm/Abnormal_Sperm (782).bmp,2,train
smids/Abnormal_Sperm/Abnormal_Sperm (788).bmp,2,train
smids/Abnormal_Sperm/Abnormal_Sperm (79).bmp,2,train
smids/Abnormal_Sperm/Abnormal_Sperm (791).bmp,2,train
smids/Abnormal_Sperm/Abnormal_Sperm (792).bmp,2,train
smids/Abnormal_Sperm/Abnormal_Sperm (795).bmp,2,train
smids/Abnormal_Sperm/Abnormal_Sperm (797).bmp,2,train
smids/Abnormal_Sperm/Abnormal_Sperm (799).bmp,2,train
smids/Abnormal_Sperm/Abnormal_Sperm (80).bmp,2,train
smids/Abnormal_Sperm/Abnormal_Sperm (800).bmp,2,train
smids/Abnormal_Sperm/Abnormal_Sperm (801).bmp,2,train
smids/Abnormal_Sperm/Abnormal_Sperm (802).bmp,2,train
smids/Abnormal_Sperm/Abnormal_Sperm (803).bmp,2,train
smids/Abnormal_Sperm/Abnormal_Sperm (804).bmp,2,train
smids/Abnormal_Sperm/Abnormal_Sperm (805).bmp,2,train
smids/Abnormal_Sperm/Abnormal_Sperm (806).bmp,2,train
smids/Abnormal_Sperm/Abnormal_Sperm (808).bmp,2,train
smids/Abnormal_Sperm/Abnormal_Sperm (809).bmp,2,train
smids/Abnormal_Sperm/Abnormal_Sperm (81).bmp,2,train
smids/Abnormal_Sperm/Abnormal_Sperm (810).bmp,2,train
smids/Abnormal_Sperm/Abnormal_Sperm (811).bmp,2,train
smids/Abnormal_Sperm/Abnormal_Sperm (815).bmp,2,train
smids/Abnormal_Sperm/Abnormal_Sperm (816).bmp,2,train
smids/Abnormal_Sperm/Abnormal_Sperm (820).bmp,2,train
smids/Abnormal_Sperm/Abnormal_Sperm (823).bmp,2,train
smids/Abnormal_Sperm/Abnormal_Sperm (824).bmp,2,train
smids/Abnormal_Sperm/Abnormal_Sperm (826).bmp,2,train
smids/Abnormal_Sperm/Abnormal_Sperm (829).bmp,2,train
smids/Abnormal_Sperm/Abnormal_Sperm (83).bmp,2,train
smids/Abnormal_Sperm/Abnormal_Sperm (830).bmp,2,train
smids/Abnormal_Sperm/Abnormal_Sperm (832).bmp,2,train
smids/Abnormal_Sperm/Abnormal_Sperm (834).bmp,2,train
smids/Abnormal_Sperm/Abnormal_Sperm (837).bmp,2,train
smids/Abnormal_Sperm/Abnormal_Sperm (838).bmp,2,train
smids/Abnormal_Sperm/Abnormal_Sperm (839).bmp,2,train
smids/Abnormal_Sperm/Abnormal_Sperm (84).bmp,2,train
smids/Abnormal_Sperm/Abnormal_Sperm (841).bmp,2,train
smids/Abnormal_Sperm/Abnormal_Sperm (844).bmp,2,train
smids/Abnormal_Sperm/Abnormal_Sperm (845).bmp,2,train
smids/Abnormal_Sperm/Abnormal_Sperm (846).bmp,2,train
smids/Abnormal_Sperm/Abnormal_Sperm (847).bmp,2,train
smids/Abnormal_Sperm/Abnormal_Sperm (849).bmp,2,train
smids/Abnormal_Sperm/Abnormal_Sperm (851).bmp,2,train
smids/Abnormal_Sperm/Abnormal_Sperm (852).bmp,2,train
smids/Abnormal_Sperm/Abnormal_Sperm (853).bmp,2,train
smids/Abnormal_Sperm/Abnormal_Sperm (854).bmp,2,train
smids/Abnormal_Sperm/Abnormal_Sperm (855).bmp,2,train
smids/Abnormal_Sperm/Abnormal_Sperm (856).bmp,2,train
smids/Abnormal_Sperm/Abnormal_Sperm (857).bmp,2,train
smids/Abnormal_Sperm/Abnormal_Sperm (859).bmp,2,train
smids/Abnormal_Sperm/Abnormal_Sperm (862).bmp,2,train
smids/Abnormal_Sperm/Abnormal_Sperm (863).bmp,2,train
smids/Abnormal_Sperm/Abnormal_Sperm (864).bmp,2,train
smids/Abnormal_Sperm/Abnormal_Sperm (868).bmp,2,train
smids/Abnormal_Sperm/Abnormal_Sperm (869).bmp,2,train
smids/Abnormal_Sperm/Abnormal_Sperm (873).bmp,2,train
smids/Abnormal_Sperm/Abnormal_Sperm (877).bmp,2,train
smids/Abnormal_Sperm/Abnormal_Sperm (88).bmp,2,train
smids/Abnormal_Sperm/Abnormal_Sperm (881).bmp,2,train
smids/Abnormal_Sperm/Abnormal_Sperm (882).bmp,2,train
smids/Abnormal_Sperm/Abnormal_Sperm (883).bmp,2,train
smids/Abnormal_Sperm/Abnormal_Sperm (884).bmp,2,train
smids/Abnormal_Sperm/Abnormal_Sperm (885).bmp,2,train
smids/Abnormal_Sperm/Abnormal_Sperm (886).bmp,2,train
smids/Abnormal_Sperm/Abnormal_Sperm (890).bmp,2,train
smids/Abnormal_Sperm/Abnormal_Sperm (892).bmp,2,train
smids/Abnormal_Sperm/Abnormal_Sperm (893).bmp,2,train
smids/Abnormal_Sperm/Abnormal_Sperm (894).bmp,2,train
smids/Abnormal_Sperm/Abnormal_Sperm (896).bmp,2,train
smids/Abnormal_Sperm/Abnormal_Sperm (897).bmp,2,train
smids/Abnormal_Sperm/Abnormal_Sperm (90).bmp,2,train
smids/Abnormal_Sperm/Abnormal_Sperm (900).bmp,2,train
smids/Abnormal_Sperm/Abnormal_Sperm (902).bmp,2,train
smids/Abnormal_Sperm/Abnormal_Sperm (904).bmp,2,train
smids/Abnormal_Sperm/Abnormal_Sperm (907).bmp,2,train
smids/Abnormal_Sperm/Abnormal_Sperm (909).bmp,2,train
smids/Abnormal_Sperm/Abnormal_Sperm (91).bmp,2,train
smids/Abnormal_Sperm/Abnormal_Sperm (911).bmp,2,train
smids/Abnormal_Sperm/Abnormal_Sperm (913).bmp,2,train
smids/Abnormal_Sperm/Abnormal_Sperm (914).bmp,2,train
smids/Abnormal_Sperm/Abnormal_Sperm (915).bmp,2,train
smids/Abnormal_Sperm/Abnormal_Sperm (916).bmp,2,train
smids/Abnormal_Sperm/Abnormal_Sperm (919).bmp,2,train
smids/Abnormal_Sperm/Abnormal_Sperm (920).bmp,2,train
smids/Abnormal_Sperm/Abnormal_Sperm (921).bmp,2,train
smids/Abnormal_Sperm/Abnormal_Sperm (922).bmp,2,train
smids/Abnormal_Sperm/Abnormal_Sperm (923).bmp,2,train
smids/Abnormal_Sperm/Abnormal_Sperm (924).bmp,2,train
smids/Abnormal_Sperm/Abnormal_Sperm (925).bmp,2,train
smids/Abnormal_Sperm/Abnormal_Sperm (929).bmp,2,train
smids/Abnormal_Sperm/Abnormal_Sperm (93).bmp,2,train
smids/Abnormal_Sperm/Abnormal_Sperm (930).bmp,2,train
smids/Abnormal_Sperm/Abnormal_Sperm (933).bmp,2,train
smids/Abnormal_Sperm/Abnormal_Sperm (934).bmp,2,train
smids/Abnormal_Sperm/Abnormal_Sperm (937).bmp,2,train
smids/Abnormal_Sperm/Abnormal_Sperm (94).bmp,2,train
smids/Abnormal_Sperm/Abnormal_Sperm (940).bmp,2,train
smids/Abnormal_Sperm/Abnormal_Sperm (941).bmp,2,train
smids/Abnormal_Sperm/Abnormal_Sperm (942).bmp,2,train
smids/Abnormal_Sperm/Abnormal_Sperm (945).bmp,2,train
smids/Abnormal_Sperm/Abnormal_Sperm (951).bmp,2,train
smids/Abnormal_Sperm/Abnormal_Sperm (952).bmp,2,train
smids/Abnormal_Sperm/Abnormal_Sperm (956).bmp,2,train
smids/Abnormal_Sperm/Abnormal_Sperm (957).bmp,2,train
smids/Abnormal_Sperm/Abnormal_Sperm (96).bmp,2,train
smids/Abnormal_Sperm/Abnormal_Sperm (960).bmp,2,train
smids/Abnormal_Sperm/Abnormal_Sperm (964).bmp,2,train
smids/Abnormal_Sperm/Abnormal_Sperm (965).bmp,2,train
smids/Abnormal_Sperm/Abnormal_Sperm (966).bmp,2,train
smids/Abnormal_Sperm/Abnormal_Sperm (968).bmp,2,train
smids/Abnormal_Sperm/Abnormal_Sperm (971).bmp,2,train
smids/Abnormal_Sperm/Abnormal_Sperm (972).bmp,2,train
smids/Abnormal_Sperm/Abnormal_Sperm (973).bmp,2,train
smids/Abnormal_Sperm/Abnormal_Sperm (975).bmp,2,train
smids/Abnormal_Sperm/Abnormal_Sperm (979).bmp,2,train
smids/Abnormal_Sperm/Abnormal_Sperm (98).bmp,2,train
smids/Abnormal_Sperm/Abnormal_Sperm (981).bmp,2,train
smids/Abnormal_Sperm/Abnormal_Sperm (983).bmp,2,train
smids/Abnormal_Sperm/Abnormal_Sperm (984).bmp,2,train
smids/Abnormal_Sperm/Abnormal_Sperm (987).bmp,2,train
smids/Abnormal_Sperm/Abnormal_Sperm (988).bmp,2,train
smids/Abnormal_Sperm/Abnormal_Sperm (989).bmp,2,train
smids/Abnormal_Sperm/Abnormal_Sperm (99).bmp,2,train
smids/Abnormal_Sperm/Abnormal_Sperm (991).bmp,2,train
smids/Abnormal_Sperm/Abnormal_Sperm (994).bmp,2,train
smids/Abnormal_Sperm/Abnormal_Sperm (999).bmp,2,train
smids/Non-Sperm/Non-Sperm (100).bmp,2,train
smids/Non-Sperm/Non-Sperm (101).bmp,2,train
smids/Non-Sperm/Non-Sperm (103).bmp,2,train
smids/Non-Sperm/Non-Sperm (108).bmp,2,train
smids/Non-Sperm/Non-Sperm (111).bmp,2,train
smids/Non-Sperm/Non-Sperm (113).bmp,2,train
smids/Non-Sperm/Non-Sperm (114).bmp,2,train
smids/Non-Sperm/Non-Sperm (116).bmp,2,train
smids/Non-Sperm/Non-Sperm (119).bmp,2,train
smids/Non-Sperm/Non-Sperm (120).bmp,2,train
smids/Non-Sperm/Non-Sperm (122).bmp,2,train
smids/Non-Sperm/Non-Sperm (124).bmp,2,train
smids/Non-Sperm/Non-Sperm (128).bmp,2,train
smids/Non-Sperm/Non-Sperm (129).bmp,2,train
smids/Non-Sperm/Non-Sperm (130).bmp,2,train
smids/Non-Sperm/Non-Sperm (133).bmp,2,train
smids/Non-Sperm/Non-Sperm (134).bmp,2,train
smids/Non-Sperm/Non-Sperm (135).bmp,2,train
smids/Non-Sperm/Non-Sperm (139).bmp,2,train
smids/Non-Sperm/Non-Sperm (14).bmp,2,train
smids/Non-Sperm/Non-Sperm (143).bmp,2,train
smids/Non-Sperm/Non-Sperm (145).bmp,2,train
smids/Non-Sperm/Non-Sperm (147).bmp,2,train
smids/Non-Sperm/Non-Sperm (149).bmp,2,train
smids/Non-Sperm/Non-Sperm (15).bmp,2,train
smids/Non-Sperm/Non-Sperm (152).bmp,2,train
smids/Non-Sperm/Non-Sperm (154).bmp,2,train
smids/Non-Sperm/Non-Sperm (160).bmp,2,train
smids/Non-Sperm/Non-Sperm (161).bmp,2,train
smids/Non-Sperm/Non-Sperm (167).bmp,2,train
smids/Non-Sperm/Non-Sperm (168).bmp,2,train
smids/Non-Sperm/Non-Sperm (173).bmp,2,train
smids/Non-Sperm/Non-Sperm (175).bmp,2,train
smids/Non-Sperm/Non-Sperm (176).bmp,2,train
smids/Non-Sperm/Non-Sperm (179).bmp,2,train
smids/Non-Sperm/Non-Sperm (18).bmp,2,train
smids/Non-Sperm/Non-Sperm (180).bmp,2,train
smids/Non-Sperm/Non-Sperm (181).bmp,2,train
smids/Non-Sperm/Non-Sperm (182).bmp,2,train
smids/Non-Sperm/Non-Sperm (184).bmp,2,train
smids/Non-Sperm/Non-Sperm (185).bmp,2,train
smids/Non-Sperm/Non-Sperm (188).bmp,2,train
smids/Non-Sperm/Non-Sperm (190).bmp,2,train
smids/Non-Sperm/Non-Sperm (191).bmp,2,train
smids/Non-Sperm/Non-Sperm (192).bmp,2,train
smids/Non-Sperm/Non-Sperm (194).bmp,2,train
smids/Non-Sperm/Non-Sperm (199).bmp,2,train
smids/Non-Sperm/Non-Sperm (20).bmp,2,train
smids/Non-Sperm/Non-Sperm (201).bmp,2,train
smids/Non-Sperm/Non-Sperm (202).bmp,2,train
smids/Non-Sperm/Non-Sperm (203).bmp,2,train
smids/Non-Sperm/Non-Sperm (204).bmp,2,train
smids/Non-Sperm/Non-Sperm (206).bmp,2,train
smids/Non-Sperm/Non-Sperm (207).bmp,2,train
smids/Non-Sperm/Non-Sperm (208).bmp,2,train
smids/Non-Sperm/Non-Sperm (209).bmp,2,train
smids/Non-Sperm/Non-Sperm (21).bmp,2,train
smids/Non-Sperm/Non-Sperm (212).bmp,2,train
smids/Non-Sperm/Non-Sperm (213).bmp,2,train
smids/Non-Sperm/Non-Sperm (214).bmp,2,train
smids/Non-Sperm/Non-Sperm (215).bmp,2,train
smids/Non-Sperm/Non-Sperm (216).bmp,2,train
smids/Non-Sperm/Non-Sperm (217).bmp,2,train
smids/Non-Sperm/Non-Sperm (221).bmp,2,train
smids/Non-Sperm/Non-Sperm (225).bmp,2,train
smids/Non-Sperm/Non-Sperm (227).bmp,2,train
smids/Non-Sperm/Non-Sperm (23).bmp,2,train
smids/Non-Sperm/Non-Sperm (230).bmp,2,train
smids/Non-Sperm/Non-Sperm (234).bmp,2,train
smids/Non-Sperm/Non-Sperm (235).bmp,2,train
smids/Non-Sperm/Non-Sperm (238).bmp,2,train
smids/Non-Sperm/Non-Sperm (239).bmp,2,train
smids/Non-Sperm/Non-Sperm (24).bmp,2,train
smids/Non-Sperm/Non-Sperm (240).bmp,2,train
smids/Non-Sperm/Non-Sperm (245).bmp,2,train
smids/Non-Sperm/Non-Sperm (247).bmp,2,train
smids/Non-Sperm/Non-Sperm (248).bmp,2,train
smids/Non-Sperm/Non-Sperm (249).bmp,2,train
smids/Non-Sperm/Non-Sperm (25).bmp,2,train
smids/Non-Sperm/Non-Sperm (250).bmp,2,train
smids/Non-Sperm/Non-Sperm (251).bmp,2,train
smids/Non-Sperm/Non-Sperm (253).bmp,2,train
smids/Non-Sperm/Non-Sperm (254).bmp,2,train
smids/Non-Sperm/Non-Sperm (255).bmp,2,train
smids/Non-Sperm/Non-Sperm (256).bmp,2,train
smids/Non-Sperm/Non-Sperm (261).bmp,2,train
smids/Non-Sperm/Non-Sperm (262).bmp,2,train
smids/Non-Sperm/Non-Sperm (263).bmp,2,train
smids/Non-Sperm/Non-Sperm (264).bmp,2,train
smids/Non-Sperm/Non-Sperm (265).bmp,2,train
smids/Non-Sperm/Non-Sperm (266).bmp,2,train
smids/Non-Sperm/Non-Sperm (267).bmp,2,train
smids/Non-Sperm/Non-Sperm (269).bmp,2,train
smids/Non-Sperm/Non-Sperm (270).bmp,2,train
smids/Non-Sperm/Non-Sperm (271).bmp,2,train
smids/Non-Sperm/Non-Sperm (274).bmp,2,train
smids/Non-Sperm/Non-Sperm (278).bmp,2,train
smids/Non-Sperm/Non-Sperm (279).bmp,2,train
smids/Non-Sperm/Non-Sperm (281).bmp,2,train
smids/Non-Sperm/Non-Sperm (283).bmp,2,train
smids/Non-Sperm/Non-Sperm (284).bmp,2,train
smids/Non-Sperm/Non-Sperm (288).bmp,2,train
smids/Non-Sperm/Non-Sperm (289).bmp,2,train
smids/Non-Sperm/Non-Sperm (29).bmp,2,train
smids/Non-Sperm/Non-Sperm (295).bmp,2,train
smids/Non-Sperm/Non-Sperm (298).bmp,2,train
smids/Non-Sperm/Non-Sperm (3).bmp,2,train
smids/Non-Sperm/Non-Sperm (30).bmp,2,train
smids/Non-Sperm/Non-Sperm (301).bmp,2,train
smids/Non-Sperm/Non-Sperm (303).bmp,2,train
smids/Non-Sperm/Non-Sperm (305).bmp,2,train
smids/Non-Sperm/Non-Sperm (306).bmp,2,train
smids/Non-Sperm/Non-Sperm (307).bmp,2,train
smids/Non-Sperm/Non-Sperm (308).bmp,2,train
smids/Non-Sperm/Non-Sperm (31).bmp,2,train
smids/Non-Sperm/Non-Sperm (310).bmp,2,train
smids/Non-Sperm/Non-Sperm (311).bmp,2,train
smids/Non-Sperm/Non-Sperm (312).bmp,2,train
smids/Non-Sperm/Non-Sperm (314).bmp,2,train
smids/Non-Sperm/Non-Sperm (318).bmp,2,train
smids/Non-Sperm/Non-Sperm (319).bmp,2,train
smids/Non-Sperm/Non-Sperm (32).bmp,2,train
smids/Non-Sperm/Non-Sperm (320).bmp,2,train
smids/Non-Sperm/Non-Sperm (322).bmp,2,train
smids/Non-Sperm/Non-Sperm (326).bmp,2,train
smids/Non-Sperm/Non-Sperm (33).bmp,2,train
smids/Non-Sperm/Non-Sperm (330).bmp,2,train
smids/Non-Sperm/Non-Sperm (331).bmp,2,train
smids/Non-Sperm/Non-Sperm (332).bmp,2,train
smids/Non-Sperm/Non-Sperm (333).bmp,2,train
smids/Non-Sperm/Non-Sperm (336).bmp,2,train
smids/Non-Sperm/Non-Sperm (341).bmp,2,train
smids/Non-Sperm/Non-Sperm (344).bmp,2,train
smids/Non-Sperm/Non-Sperm (346).bmp,2,train
smids/Non-Sperm/Non-Sperm (347).bmp,2,train
smids/Non-Sperm/Non-Sperm (349).bmp,2,train
smids/Non-Sperm/Non-Sperm (350).bmp,2,train
smids/Non-Sperm/Non-Sperm (352).bmp,2,train
smids/Non-Sperm/Non-Sperm (354).bmp,2,train
smids/Non-Sperm/Non-Sperm (356).bmp,2,train
smids/Non-Sperm/Non-Sperm (358).bmp,2,train
smids/Non-Sperm/Non-Sperm (359).bmp,2,train
smids/Non-Sperm/Non-Sperm (361).bmp,2,train
smids/Non-Sperm/Non-Sperm (362).bmp,2,train
smids/Non-Sperm/Non-Sperm (366).bmp,2,train
smids/Non-Sperm/Non-Sperm (368).bmp,2,train
smids/Non-Sperm/Non-Sperm (37).bmp,2,train
smids/Non-Sperm/Non-Sperm (370).bmp,2,train
smids/Non-Sperm/Non-Sperm (371).bmp,2,train
smids/Non-Sperm/Non-Sperm (372).bmp,2,train
smids/Non-Sperm/Non-Sperm (373).bmp,2,train
smids/Non-Sperm/Non-Sperm (374).bmp,2,train
smids/Non-Sperm/Non-Sperm (375).bmp,2,train
smids/Non-Sperm/Non-Sperm (376).bmp,2,train
smids/Non-Sperm/Non-Sperm (377).bmp,2,train
smids/Non-Sperm/Non-Sperm (378).bmp,2,train
smids/Non-Sperm/Non-Sperm (38).bmp,2,train
smids/Non-Sperm/Non-Sperm (381).bmp,2,train
smids/Non-Sperm/Non-Sperm (382).bmp,2,train
smids/Non-Sperm/Non-Sperm (384).bmp,2,train
smids/Non-Sperm/Non-Sperm (385).bmp,2,train
smids/Non-Sperm/Non-Sperm (387).bmp,2,train
smids/Non-Sperm/Non-Sperm (389).bmp,2,train
smids/Non-Sperm/Non-Sperm (392).bmp,2,train
smids/Non-Sperm/Non-Sperm (393).bmp,2,train
smids/Non-Sperm/Non-Sperm (394).bmp,2,train
smids/Non-Sperm/Non-Sperm (396).bmp,2,train
smids/Non-Sperm/Non-Sperm (4).bmp,2,train
smids/Non-Sperm/Non-Sperm (40).bmp,2,train
smids/Non-Sperm/Non-Sperm (400).bmp,2,train
smids/Non-Sperm/Non-Sperm (401).bmp,2,train
smids/Non-Sperm/Non-Sperm (405).bmp,2,train
smids/Non-Sperm/Non-Sperm (406).bmp,2,train
smids/Non-Sperm/Non-Sperm (407).bmp,2,train
smids/Non-Sperm/Non-Sperm (408).bmp,2,train
smids/Non-Sperm/Non-Sperm (409).bmp,2,train
smids/Non-Sperm/Non-Sperm (411).bmp,2,train
smids/Non-Sperm/Non-Sperm (412).bmp,2,train
smids/Non-Sperm/Non-Sperm (413).bmp,2,train
smids/Non-Sperm/Non-Sperm (417).bmp,2,train
smids/Non-Sperm/Non-Sperm (418).bmp,2,train
smids/Non-Sperm/Non-Sperm (419).bmp,2,train
smids/Non-Sperm/Non-Sperm (421).bmp,2,train
smids/Non-Sperm/Non-Sperm (422).bmp,2,train
smids/Non-Sperm/Non-Sperm (423).bmp,2,train
smids/Non-Sperm/Non-Sperm (425).bmp,2,train
smids/Non-Sperm/Non-Sperm (430).bmp,2,train
smids/Non-Sperm/Non-Sperm (431).bmp,2,train
smids/Non-Sperm/Non-Sperm (433).bmp,2,train
smids/Non-Sperm/Non-Sperm (434).bmp,2,train
smids/Non-Sperm/Non-Sperm (435).bmp,2,train
smids/Non-Sperm/Non-Sperm (438).bmp,2,train
smids/Non-Sperm/Non-Sperm (44).bmp,2,train
smids/Non-Sperm/Non-Sperm (445).bmp,2,train
smids/Non-Sperm/Non-Sperm (446).bmp,2,train
smids/Non-Sperm/Non-Sperm (449).bmp,2,train
smids/Non-Sperm/Non-Sperm (457).bmp,2,train
smids/Non-Sperm/Non-Sperm (462).bmp,2,train
smids/Non-Sperm/Non-Sperm (465).bmp,2,train
smids/Non-Sperm/Non-Sperm (467).bmp,2,train
smids/Non-Sperm/Non-Sperm (471).bmp,2,train
smids/Non-Sperm/Non-Sperm (473).bmp,2,train
smids/Non-Sperm/Non-Sperm (474).bmp,2,train
smids/Non-Sperm/Non-Sperm (475).bmp,2,train
smids/Non-Sperm/Non-Sperm (477).bmp,2,train
smids/Non-Sperm/Non-Sperm (481).bmp,2,train
smids/Non-Sperm/Non-Sperm (482).bmp,2,train
smids/Non-Sperm/Non-Sperm (483).bmp,2,train
smids/Non-Sperm/Non-Sperm (486).bmp,2,train
smids/Non-Sperm/Non-Sperm (487).bmp,2,train
smids/Non-Sperm/Non-Sperm (488).bmp,2,train
smids/Non-Sperm/Non-Sperm (489).bmp,2,train
smids/Non-Sperm/Non-Sperm (492).bmp,2,train
smids/Non-Sperm/Non-Sperm (493).bmp,2,train
smids/Non-Sperm/Non-Sperm (495).bmp,2,train
smids/Non-Sperm/Non-Sperm (497).bmp,2,train
smids/Non-Sperm/Non-Sperm (499).bmp,2,train
smids/Non-Sperm/Non-Sperm (500).bmp,2,train
smids/Non-Sperm/Non-Sperm (503).bmp,2,train
smids/Non-Sperm/Non-Sperm (504).bmp,2,train
smids/Non-Sperm/Non-Sperm (505).bmp,2,train
smids/Non-Sperm/Non-Sperm (507).bmp,2,train
smids/Non-Sperm/Non-Sperm (509).bmp,2,train
smids/Non-Sperm/Non-Sperm (510).bmp,2,train
smids/Non-Sperm/Non-Sperm (512).bmp,2,train
smids/Non-Sperm/Non-Sperm (515).bmp,2,train
smids/Non-Sperm/Non-Sperm (516).bmp,2,train
smids/Non-Sperm/Non-Sperm (517).bmp,2,train
smids/Non-Sperm/Non-Sperm (52).bmp,2,train
smids/Non-Sperm/Non-Sperm (520).bmp,2,train
smids/Non-Sperm/Non-Sperm (522).bmp,2,train
smids/Non-Sperm/Non-Sperm (526).bmp,2,train
smids/Non-Sperm/Non-Sperm (527).bmp,2,train
smids/Non-Sperm/Non-Sperm (528).bmp,2,train
smids/Non-Sperm/Non-Sperm (53).bmp,2,train
smids/Non-Sperm/Non-Sperm (532).bmp,2,train
smids/Non-Sperm/Non-Sperm (533).bmp,2,train
smids/Non-Sperm/Non-Sperm (535).bmp,2,train
smids/Non-Sperm/Non-Sperm (539).bmp,2,train
smids/Non-Sperm/Non-Sperm (540).bmp,2,train
smids/Non-Sperm/Non-Sperm (541).bmp,2,train
smids/Non-Sperm/Non-Sperm (542).bmp,2,train
smids/Non-Sperm/Non-Sperm (543).bmp,2,train
smids/Non-Sperm/Non-Sperm (546).bmp,2,train
smids/Non-Sperm/Non-Sperm (547).bmp,2,train
smids/Non-Sperm/Non-Sperm (548).bmp,2,train
smids/Non-Sperm/Non-Sperm (549).bmp,2,train
smids/Non-Sperm/Non-Sperm (550).bmp,2,train
smids/Non-Sperm/Non-Sperm (553).bmp,2,train
smids/Non-Sperm/Non-Sperm (554).bmp,2,train
smids/Non-Sperm/Non-Sperm (555).bmp,2,train
smids/Non-Sperm/Non-Sperm (557).bmp,2,train
smids/Non-Sperm/Non-Sperm (560).bmp,2,train
smids/Non-Sperm/Non-Sperm (563).bmp,2,train
smids/Non-Sperm/Non-Sperm (564).bmp,2,train
smids/Non-Sperm/Non-Sperm (569).bmp,2,train
smids/Non-Sperm/Non-Sperm (57).bmp,2,train
smids/Non-Sperm/Non-Sperm (570).bmp,2,train
smids/Non-Sperm/Non-Sperm (571).bmp,2,train
smids/Non-Sperm/Non-Sperm (573).bmp,2,train
smids/Non-Sperm/Non-Sperm (575).bmp,2,train
smids/Non-Sperm/Non-Sperm (577).bmp,2,train
smids/Non-Sperm/Non-Sperm (580).bmp,2,train
smids/Non-Sperm/Non-Sperm (581).bmp,2,train
smids/Non-Sperm/Non-Sperm (582).bmp,2,train
smids/Non-Sperm/Non-Sperm (583).bmp,2,train
smids/Non-Sperm/Non-Sperm (586).bmp,2,train
smids/Non-Sperm/Non-Sperm (587).bmp,2,train
smids/Non-Sperm/Non-Sperm (589).bmp,2,train
smids/Non-Sperm/Non-Sperm (59).bmp,2,train
smids/Non-Sperm/Non-Sperm (590).bmp,2,train
smids/Non-Sperm/Non-Sperm (591).bmp,2,train
smids/Non-Sperm/Non-Sperm (592).bmp,2,train
smids/Non-Sperm/Non-Sperm (593).bmp,2,train
smids/Non-Sperm/Non-Sperm (595).bmp,2,train
smids/Non-Sperm/Non-Sperm (596).bmp,2,train
smids/Non-Sperm/Non-Sperm (600).bmp,2,train
smids/Non-Sperm/Non-Sperm (605).bmp,2,train
smids/Non-Sperm/Non-Sperm (606).bmp,2,train
smids/Non-Sperm/Non-Sperm (607).bmp,2,train
smids/Non-Sperm/Non-Sperm (608).bmp,2,train
smids/Non-Sperm/Non-Sperm (61).bmp,2,train
smids/Non-Sperm/Non-Sperm (611).bmp,2,train
smids/Non-Sperm/Non-Sperm (614).bmp,2,train
smids/Non-Sperm/Non-Sperm (616).bmp,2,train
smids/Non-Sperm/Non-Sperm (617).bmp,2,train
smids/Non-Sperm/Non-Sperm (618).bmp,2,train
smids/Non-Sperm/Non-Sperm (619).bmp,2,train
smids/Non-Sperm/Non-Sperm (62).bmp,2,train
smids/Non-Sperm/Non-Sperm (620).bmp,2,train
smids/Non-Sperm/Non-Sperm (622).bmp,2,train
smids/Non-Sperm/Non-Sperm (623).bmp,2,train
smids/Non-Sperm/Non-Sperm (627).bmp,2,train
smids/Non-Sperm/Non-Sperm (629).bmp,2,train
smids/Non-Sperm/Non-Sperm (630).bmp,2,train
smids/Non-Sperm/Non-Sperm (631).bmp,2,train
smids/Non-Sperm/Non-Sperm (632).bmp,2,train
smids/Non-Sperm/Non-Sperm (634).bmp,2,train
smids/Non-Sperm/Non-Sperm (636).bmp,2,train
smids/Non-Sperm/Non-Sperm (637).bmp,2,train
smids/Non-Sperm/Non-Sperm (638).bmp,2,train
smids/Non-Sperm/Non-Sperm (639).bmp,2,train
smids/Non-Sperm/Non-Sperm (64).bmp,2,train
smids/Non-Sperm/Non-Sperm (640).bmp,2,train
smids/Non-Sperm/Non-Sperm (642).bmp,2,train
smids/Non-Sperm/Non-Sperm (643).bmp,2,train
smids/Non-Sperm/Non-Sperm (646).bmp,2,train
smids/Non-Sperm/Non-Sperm (647).bmp,2,train
smids/Non-Sperm/Non-Sperm (648).bmp,2,train
smids/Non-Sperm/Non-Sperm (649).bmp,2,train
smids/Non-Sperm/Non-Sperm (65).bmp,2,train
smids/Non-Sperm/Non-Sperm (650).bmp,2,train
smids/Non-Sperm/Non-Sperm (651).bmp,2,train
smids/Non-Sperm/Non-Sperm (652).bmp,2,train
smids/Non-Sperm/Non-Sperm (653).bmp,2,train
smids/Non-Sperm/Non-Sperm (657).bmp,2,train
smids/Non-Sperm/Non-Sperm (658).bmp,2,train
smids/Non-Sperm/Non-Sperm (659).bmp,2,train
smids/Non-Sperm/Non-Sperm (660).bmp,2,train
smids/Non-Sperm/Non-Sperm (661).bmp,2,train
smids/Non-Sperm/Non-Sperm (666).bmp,2,train
smids/Non-Sperm/Non-Sperm (669).bmp,2,train
smids/Non-Sperm/Non-Sperm (670).bmp,2,train
smids/Non-Sperm/Non-Sperm (671).bmp,2,train
smids/Non-Sperm/Non-Sperm (674).bmp,2,train
smids/Non-Sperm/Non-Sperm (675).bmp,2,train
smids/Non-Sperm/Non-Sperm (676).bmp,2,train
smids/Non-Sperm/Non-Sperm (679).bmp,2,train
smids/Non-Sperm/Non-Sperm (68).bmp,2,train
smids/Non-Sperm/Non-Sperm (682).bmp,2,train
smids/Non-Sperm/Non-Sperm (683).bmp,2,train
smids/Non-Sperm/Non-Sperm (685).bmp,2,train
smids/Non-Sperm/Non-Sperm (688).bmp,2,train
smids/Non-Sperm/Non-Sperm (690).bmp,2,train
smids/Non-Sperm/Non-Sperm (691).bmp,2,train
smids/Non-Sperm/Non-Sperm (692).bmp,2,train
smids/Non-Sperm/Non-Sperm (695).bmp,2,train
smids/Non-Sperm/Non-Sperm (697).bmp,2,train
smids/Non-Sperm/Non-Sperm (699).bmp,2,train
smids/Non-Sperm/Non-Sperm (700).bmp,2,train
smids/Non-Sperm/Non-Sperm (701).bmp,2,train
smids/Non-Sperm/Non-Sperm (703).bmp,2,train
smids/Non-Sperm/Non-Sperm (705).bmp,2,train
smids/Non-Sperm/Non-Sperm (707).bmp,2,train
smids/Non-Sperm/Non-Sperm (709).bmp,2,train
smids/Non-Sperm/Non-Sperm (71).bmp,2,train
smids/Non-Sperm/Non-Sperm (710).bmp,2,train
smids/Non-Sperm/Non-Sperm (711).bmp,2,train
smids/Non-Sperm/Non-Sperm (712).bmp,2,train
smids/Non-Sperm/Non-Sperm (714).bmp,2,train
smids/Non-Sperm/Non-Sperm (715).bmp,2,train
smids/Non-Sperm/Non-Sperm (717).bmp,2,train
smids/Non-Sperm/Non-Sperm (718).bmp,2,train
smids/Non-Sperm/Non-Sperm (719).bmp,2,train
smids/Non-Sperm/Non-Sperm (72).bmp,2,train
smids/Non-Sperm/Non-Sperm (720).bmp,2,train
smids/Non-Sperm/Non-Sperm (721).bmp,2,train
smids/Non-Sperm/Non-Sperm (724).bmp,2,train
smids/Non-Sperm/Non-Sperm (725).bmp,2,train
smids/Non-Sperm/Non-Sperm (726).bmp,2,train
smids/Non-Sperm/Non-Sperm (728).bmp,2,train
smids/Non-Sperm/Non-Sperm (729).bmp,2,train
smids/Non-Sperm/Non-Sperm (73).bmp,2,train
smids/Non-Sperm/Non-Sperm (730).bmp,2,train
smids/Non-Sperm/Non-Sperm (731).bmp,2,train
smids/Non-Sperm/Non-Sperm (733).bmp,2,train
smids/Non-Sperm/Non-Sperm (734).bmp,2,train
smids/Non-Sperm/Non-Sperm (736).bmp,2,train
smids/Non-Sperm/Non-Sperm (744).bmp,2,train
smids/Non-Sperm/Non-Sperm (745).bmp,2,train
smids/Non-Sperm/Non-Sperm (747).bmp,2,train
smids/Non-Sperm/Non-Sperm (748).bmp,2,train
smids/Non-Sperm/Non-Sperm (75).bmp,2,train
smids/Non-Sperm/Non-Sperm (750).bmp,2,train
smids/Non-Sperm/Non-Sperm (751).bmp,2,train
smids/Non-Sperm/Non-Sperm (753).bmp,2,train
smids/Non-Sperm/Non-Sperm (755).bmp,2,train
smids/Non-Sperm/Non-Sperm (756).bmp,2,train
smids/Non-Sperm/Non-Sperm (757).bmp,2,train
smids/Non-Sperm/Non-Sperm (758).bmp,2,train
smids/Non-Sperm/Non-Sperm (760).bmp,2,train
smids/Non-Sperm/Non-Sperm (763).bmp,2,train
smids/Non-Sperm/Non-Sperm (764).bmp,2,train
smids/Non-Sperm/Non-Sperm (766).bmp,2,train
smids/Non-Sperm/Non-Sperm (767).bmp,2,train
smids/Non-Sperm/Non-Sperm (768).bmp,2,train
smids/Non-Sperm/Non-Sperm (769).bmp,2,train
smids/Non-Sperm/Non-Sperm (77).bmp,2,train
smids/Non-Sperm/Non-Sperm (770).bmp,2,train
smids/Non-Sperm/Non-Sperm (771).bmp,2,train
smids/Non-Sperm/Non-Sperm (772).bmp,2,train
smids/Non-Sperm/Non-Sperm (774).bmp,2,train
smids/Non-Sperm/Non-Sperm (775).bmp,2,train
smids/Non-Sperm/Non-Sperm (78).bmp,2,train
smids/Non-Sperm/Non-Sperm (780).bmp,2,train
smids/Non-Sperm/Non-Sperm (781).bmp,2,train
smids/Non-Sperm/Non-Sperm (783).bmp,2,train
smids/Non-Sperm/Non-Sperm (789).bmp,2,train
smids/Non-Sperm/Non-Sperm (79).bmp,2,train
smids/Non-Sperm/Non-Sperm (790).bmp,2,train
smids/Non-Sperm/Non-Sperm (791).bmp,2,train
smids/Non-Sperm/Non-Sperm (792).bmp,2,train
smids/Non-Sperm/Non-Sperm (793).bmp,2,train
smids/Non-Sperm/Non-Sperm (797).bmp,2,train
smids/Non-Sperm/Non-Sperm (798).bmp,2,train
smids/Non-Sperm/Non-Sperm (799).bmp,2,train
smids/Non-Sperm/Non-Sperm (80).bmp,2,train
smids/Non-Sperm/Non-Sperm (800).bmp,2,train
smids/Non-Sperm/Non-Sperm (805).bmp,2,train
smids/Non-Sperm/Non-Sperm (806).bmp,2,train
smids/Non-Sperm/Non-Sperm (807).bmp,2,train
smids/Non-Sperm/Non-Sperm (809).bmp,2,train
smids/Non-Sperm/Non-Sperm (811).bmp,2,train
smids/Non-Sperm/Non-Sperm (813).bmp,2,train
smids/Non-Sperm/Non-Sperm (815).bmp,2,train
smids/Non-Sperm/Non-Sperm (816).bmp,2,train
smids/Non-Sperm/Non-Sperm (817).bmp,2,train
smids/Non-Sperm/Non-Sperm (818).bmp,2,train
smids/Non-Sperm/Non-Sperm (820).bmp,2,train
smids/Non-Sperm/Non-Sperm (821).bmp,2,train
smids/Non-Sperm/Non-Sperm (822).bmp,2,train
smids/Non-Sperm/Non-Sperm (824).bmp,2,train
smids/Non-Sperm/Non-Sperm (827).bmp,2,train
smids/Non-Sperm/Non-Sperm (829).bmp,2,train
smids/Non-Sperm/Non-Sperm (832).bmp,2,train
smids/Non-Sperm/Non-Sperm (833).bmp,2,train
smids/Non-Sperm/Non-Sperm (835).bmp,2,train
smids/Non-Sperm/Non-Sperm (836).bmp,2,train
smids/Non-Sperm/Non-Sperm (840).bmp,2,train
smids/Non-Sperm/Non-Sperm (843).bmp,2,train
smids/Non-Sperm/Non-Sperm (844).bmp,2,train
smids/Non-Sperm/Non-Sperm (846).bmp,2,train
smids/Non-Sperm/Non-Sperm (851).bmp,2,train
smids/Non-Sperm/Non-Sperm (853).bmp,2,train
smids/Non-Sperm/Non-Sperm (854).bmp,2,train
smids/Non-Sperm/Non-Sperm (857).bmp,2,train
smids/Non-Sperm/Non-Sperm (86).bmp,2,train
smids/Non-Sperm/Non-Sperm (860).bmp,2,train
smids/Non-Sperm/Non-Sperm (861).bmp,2,train
smids/Non-Sperm/Non-Sperm (863).bmp,2,train
smids/Non-Sperm/Non-Sperm (864).bmp,2,train
smids/Non-Sperm/Non-Sperm (866).bmp,2,train
smids/Non-Sperm/Non-Sperm (867).bmp,2,train
smids/Non-Sperm/Non-Sperm (869).bmp,2,train
smids/Non-Sperm/Non-Sperm (873).bmp,2,train
smids/Non-Sperm/Non-Sperm (876).bmp,2,train
smids/Non-Sperm/Non-Sperm (877).bmp,2,train
smids/Non-Sperm/Non-Sperm (878).bmp,2,train
smids/Non-Sperm/Non-Sperm (88).bmp,2,train
smids/Non-Sperm/Non-Sperm (880).bmp,2,train
smids/Non-Sperm/Non-Sperm (881).bmp,2,train
smids/Non-Sperm/Non-Sperm (882).bmp,2,train
smids/Non-Sperm/Non-Sperm (885).bmp,2,train
smids/Non-Sperm/Non-Sperm (886).bmp,2,train
smids/Non-Sperm/Non-Sperm (888).bmp,2,train
smids/Non-Sperm/Non-Sperm (889).bmp,2,train
smids/Non-Sperm/Non-Sperm (89).bmp,2,train
smids/Non-Sperm/Non-Sperm (892).bmp,2,train
smids/Non-Sperm/Non-Sperm (894).bmp,2,train
smids/Non-Sperm/Non-Sperm (895).bmp,2,train
smids/Non-Sperm/Non-Sperm (896).bmp,2,train
smids/Non-Sperm/Non-Sperm (897).bmp,2,train
smids/Non-Sperm/Non-Sperm (898).bmp,2,train
smids/Non-Sperm/Non-Sperm (9).bmp,2,train
smids/Non-Sperm/Non-Sperm (900).bmp,2,train
smids/Non-Sperm/Non-Sperm (901).bmp,2,train
smids/Non-Sperm/Non-Sperm (903).bmp,2,train
smids/Non-Sperm/Non-Sperm (907).bmp,2,train
smids/Non-Sperm/Non-Sperm (909).bmp,2,train
smids/Non-Sperm/Non-Sperm (912).bmp,2,train
smids/Non-Sperm/Non-Sperm (913).bmp,2,train
smids/Non-Sperm/Non-Sperm (916).bmp,2,train
smids/Non-Sperm/Non-Sperm (918).bmp,2,train
smids/Non-Sperm/Non-Sperm (92).bmp,2,train
smids/Non-Sperm/Non-Sperm (921).bmp,2,train
smids/Non-Sperm/Non-Sperm (922).bmp,2,train
smids/Non-Sperm/Non-Sperm (923).bmp,2,train
smids/Non-Sperm/Non-Sperm (928).bmp,2,train
smids/Non-Sperm/Non-Sperm (93).bmp,2,train
smids/Non-Sperm/Non-Sperm (933).bmp,2,train
smids/Non-Sperm/Non-Sperm (934).bmp,2,train
smids/Non-Sperm/Non-Sperm (936).bmp,2,train
smids/Non-Sperm/Non-Sperm (937).bmp,2,train
smids/Non-Sperm/Non-Sperm (939).bmp,2,train
smids/Non-Sperm/Non-Sperm (940).bmp,2,train
smids/Non-Sperm/Non-Sperm (942).bmp,2,train
smids/Non-Sperm/Non-Sperm (943).bmp,2,train
smids/Non-Sperm/Non-Sperm (949).bmp,2,train
smids/Non-Sperm/Non-Sperm (95).bmp,2,train
smids/Non-Sperm/Non-Sperm (951).bmp,2,train
smids/Non-Sperm/Non-Sperm (953).bmp,2,train
smids/Non-Sperm/Non-Sperm (956).bmp,2,train
smids/Non-Sperm/Non-Sperm (957).bmp,2,train
smids/Non-Sperm/Non-Sperm (958).bmp,2,train
smids/Non-Sperm/Non-Sperm (96).bmp,2,train
smids/Non-Sperm/Non-Sperm (960).bmp,2,train
smids/Non-Sperm/Non-Sperm (962).bmp,2,train
smids/Non-Sperm/Non-Sperm (963).bmp,2,train
smids/Non-Sperm/Non-Sperm (964).bmp,2,train
smids/Non-Sperm/Non-Sperm (966).bmp,2,train
smids/Non-Sperm/Non-Sperm (968).bmp,2,train
smids/Non-Sperm/Non-Sperm (97).bmp,2,train
smids/Non-Sperm/Non-Sperm (973).bmp,2,train
smids/Non-Sperm/Non-Sperm (98).bmp,2,train
smids/Non-Sperm/Non-Sperm (99).bmp,2,train
smids/Normal_Sperm/Normal_Sperm (1).bmp,2,train
smids/Normal_Sperm/Normal_Sperm (10).bmp,2,train
smids/Normal_Sperm/Normal_Sperm (100).bmp,2,train
smids/Normal_Sperm/Normal_Sperm (1000).bmp,2,train
smids/Normal_Sperm/Normal_Sperm (1003).bmp,2,train
smids/Normal_Sperm/Normal_Sperm (1006).bmp,2,train
smids/Normal_Sperm/Normal_Sperm (1007).bmp,2,train
smids/Normal_Sperm/Normal_Sperm (1008).bmp,2,train
smids/Normal_Sperm/Normal_Sperm (101).bmp,2,train
smids/Normal_Sperm/Normal_Sperm (1013).bmp,2,train
smids/Normal_Sperm/Normal_Sperm (1014).bmp,2,train
smids/Normal_Sperm/Normal_Sperm (1018).bmp,2,train
smids/Normal_Sperm/Normal_Sperm (1019).bmp,2,train
smids/Normal_Sperm/Normal_Sperm (102).bmp,2,train
smids/Normal_Sperm/Normal_Sperm (1021).bmp,2,train
smids/Normal_Sperm/Normal_Sperm (105).bmp,2,train
smids/Normal_Sperm/Normal_Sperm (108).bmp,2,train
smids/Normal_Sperm/Normal_Sperm (109).bmp,2,train
smids/Normal_Sperm/Normal_Sperm (11).bmp,2,train
smids/Normal_Sperm/Normal_Sperm (110).bmp,2,train
smids/Normal_Sperm/Normal_Sperm (111).bmp,2,train
smids/Normal_Sperm/Normal_Sperm (112).bmp,2,train
smids/Normal_Sperm/Normal_Sperm (114).bmp,2,train
smids/Normal_Sperm/Normal_Sperm (117).bmp,2,train
smids/Normal_Sperm/Normal_Sperm (118).bmp,2,train
smids/Normal_Sperm/Normal_Sperm (119).bmp,2,train
smids/Normal_Sperm/Normal_Sperm (12).bmp,2,train
smids/Normal_Sperm/Normal_Sperm (121).bmp,2,train
smids/Normal_Sperm/Normal_Sperm (123).bmp,2,train
smids/Normal_Sperm/Normal_Sperm (124).bmp,2,train
smids/Normal_Sperm/Normal_Sperm (127).bmp,2,train
smids/Normal_Sperm/Normal_Sperm (129).bmp,2,train
smids/Normal_Sperm/Normal_Sperm (13).bmp,2,train
smids/Normal_Sperm/Normal_Sperm (131).bmp,2,train
smids/Normal_Sperm/Normal_Sperm (132).bmp,2,train
smids/Normal_Sperm/Normal_Sperm (134).bmp,2,train
smids/Normal_Sperm/Normal_Sperm (135).bmp,2,train
smids/Normal_Sperm/Normal_Sperm (137).bmp,2,train
smids/Normal_Sperm/Normal_Sperm (138).bmp,2,train
smids/Normal_Sperm/Normal_Sperm (139).bmp,2,train
smids/Normal_Sperm/Normal_Sperm (14).bmp,2,train
smids/Normal_Sperm/Normal_Sperm (140).bmp,2,train
smids/Normal_Sperm/Normal_Sperm (142).bmp,2,train
smids/Normal_Sperm/Normal_Sperm (143).bmp,2,train
smids/Normal_Sperm/Normal_Sperm (145).bmp,2,train
smids/Normal_Sperm/Normal_Sperm (146).bmp,2,train
smids/Normal_Sperm/Normal_Sperm (148).bmp,2,train
smids/Normal_Sperm/Normal_Sperm (15).bmp,2,train
smids/Normal_Sperm/Normal_Sperm (156).bmp,2,train
smids/Normal_Sperm/Normal_Sperm (158).bmp,2,train
smids/Normal_Sperm/Normal_Sperm (159).bmp,2,train
smids/Normal_Sperm/Normal_Sperm (160).bmp,2,train
smids/Normal_Sperm/Normal_Sperm (161).bmp,2,train
smids/Normal_Sperm/Normal_Sperm (162).bmp,2,train
smids/Normal_Sperm/Normal_Sperm (163).bmp,2,train
smids/Normal_Sperm/Normal_Sperm (164).bmp,2,train
smids/Normal_Sperm/Normal_Sperm (166).bmp,2,train
smids/Normal_Sperm/Normal_Sperm (167).bmp,2,train
smids/Normal_Sperm/Normal_Sperm (172).bmp,2,train
smids/Normal_Sperm/Normal_Sperm (174).bmp,2,train
smids/Normal_Sperm/Normal_Sperm (175).bmp,2,train
smids/Normal_Sperm/Normal_Sperm (176).bmp,2,train
smids/Normal_Sperm/Normal_Sperm (177).bmp,2,train
smids/Normal_Sperm/Normal_Sperm (179).bmp,2,train
smids/Normal_Sperm/Normal_Sperm (18).bmp,2,train
smids/Normal_Sperm/Normal_Sperm (181).bmp,2,train
smids/Normal_Sperm/Normal_Sperm (182).bmp,2,train
smids/Normal_Sperm/Normal_Sperm (186).bmp,2,train
smids/Normal_Sperm/Normal_Sperm (188).bmp,2,train
smids/Normal_Sperm/Normal_Sperm (192).bmp,2,train
smids/Normal_Sperm/Normal_Sperm (193).bmp,2,train
smids/Normal_Sperm/Normal_Sperm (198).bmp,2,train
smids/Normal_Sperm/Normal_Sperm (199).bmp,2,train
smids/Normal_Sperm/Normal_Sperm (2).bmp,2,train
smids/Normal_Sperm/Normal_Sperm (20).bmp,2,train
smids/Normal_Sperm/Normal_Sperm (200).bmp,2,train
smids/Normal_Sperm/Normal_Sperm (206).bmp,2,train
smids/Normal_Sperm/Normal_Sperm (208).bmp,2,train
smids/Normal_Sperm/Normal_Sperm (209).bmp,2,train
smids/Normal_Sperm/Normal_Sperm (211).bmp,2,train
smids/Normal_Sperm/Normal_Sperm (212).bmp,2,train
smids/Normal_Sperm/Normal_Sperm (218).bmp,2,train
smids/Normal_Sperm/Normal_Sperm (219).bmp,2,train
smids/Normal_Sperm/Normal_Sperm (222).bmp,2,train
smids/Normal_Sperm/Normal_Sperm (225).bmp,2,train
smids/Normal_Sperm/Normal_Sperm (227).bmp,2,train
smids/Normal_Sperm/Normal_Sperm (228).bmp,2,train
smids/Normal_Sperm/Normal_Sperm (23).bmp,2,train
smids/Normal_Sperm/Normal_Sperm (230).bmp,2,train
smids/Normal_Sperm/Normal_Sperm (232).bmp,2,train
smids/Normal_Sperm/Normal_Sperm (234).bmp,2,train
smids/Normal_Sperm/Normal_Sperm (235).bmp,2,train
smids/Normal_Sperm/Normal_Sperm (237).bmp,2,train
smids/Normal_Sperm/Normal_Sperm (238).bmp,2,train
smids/Normal_Sperm/Normal_Sperm (24).bmp,2,train
smids/Normal_Sperm/Normal_Sperm (240).bmp,2,train
smids/Normal_Sperm/Normal_Sperm (242).bmp,2,train
smids/Normal_Sperm/Normal_Sperm (243).bmp,2,train
smids/Normal_Sperm/Normal_Sperm (244).bmp,2,train
smids/Normal_Sperm/Normal_Sperm (245).bmp,2,train
smids/Normal_Sperm/Normal_Sperm (249).bmp,2,train
smids/Normal_Sperm/Normal_Sperm (25).bmp,2,train
smids/Normal_Sperm/Normal_Sperm (254).bmp,2,train
smids/Normal_Sperm/Normal_Sperm (257).bmp,2,train
smids/Normal_Sperm/Normal_Sperm (259).bmp,2,train
smids/Normal_Sperm/Normal_Sperm (26).bmp,2,train
smids/Normal_Sperm/Normal_Sperm (260).bmp,2,train
smids/Normal_Sperm/Normal_Sperm (263).bmp,2,train
smids/Normal_Sperm/Normal_Sperm (268).bmp,2,train
smids/Normal_Sperm/Normal_Sperm (27).bmp,2,train
smids/Normal_Sperm/Normal_Sperm (270).bmp,2,train
smids/Normal_Sperm/Normal_Sperm (273).bmp,2,train
smids/Normal_Sperm/Normal_Sperm (275).bmp,2,train
smids/Normal_Sperm/Normal_Sperm (276).bmp,2,train
smids/Normal_Sperm/Normal_Sperm (28).bmp,2,train
smids/Normal_Sperm/Normal_Sperm (282).bmp,2,train
smids/Normal_Sperm/Normal_Sperm (283).bmp,2,train
smids/Normal_Sperm/Normal_Sperm (284).bmp,2,train
smids/Normal_Sperm/Normal_Sperm (285).bmp,2,train
smids/Normal_Sperm/Normal_Sperm (286).bmp,2,train
smids/Normal_Sperm/Normal_Sperm (287).bmp,2,train
smids/Normal_Sperm/Normal_Sperm (289).bmp,2,train
smids/Normal_Sperm/Normal_Sperm (29).bmp,2,train
smids/Normal_Sperm/Normal_Sperm (290).bmp,2,train
smids/Normal_Sperm/Normal_Sperm (291).bmp,2,train
smids/Normal_Sperm/Normal_Sperm (292).bmp,2,train
smids/Normal_Sperm/Normal_Sperm (293).bmp,2,train
smids/Normal_Sperm/Normal_Sperm (295).bmp,2,train
smids/Normal_Sperm/Normal_Sperm (296).bmp,2,train
smids/Normal_Sperm/Normal_Sperm (298).bmp,2,train
smids/Normal_Sperm/Normal_Sperm (299).bmp,2,train
smids/Normal_Sperm/Normal_Sperm (300).bmp,2,train
smids/Normal_Sperm/Normal_Sperm (303).bmp,2,train
smids/Normal_Sperm/Normal_Sperm (306).bmp,2,train
smids/Normal_Sperm/Normal_Sperm (307).bmp,2,train
smids/Normal_Sperm/Normal_Sperm (309).bmp,2,train
smids/Normal_Sperm/Normal_Sperm (31).bmp,2,train
smids/Normal_Sperm/Normal_Sperm (312).bmp,2,train
smids/Normal_Sperm/Normal_Sperm (314).bmp,2,train
smids/Normal_Sperm/Normal_Sperm (315).bmp,2,train
smids/Normal_Sperm/Normal_Sperm (317).bmp,2,train
smids/Normal_Sperm/Normal_Sperm (318).bmp,2,train
smids/Normal_Sperm/Normal_Sperm (319).bmp,2,train
smids/Normal_Sperm/Normal_Sperm (320).bmp,2,train
smids/Normal_Sperm/Normal_Sperm (321).bmp,2,train
smids/Normal_Sperm/Normal_Sperm (323).bmp,2,train
smids/Normal_Sperm/Normal_Sperm (325).bmp,2,train
smids/Normal_Sperm/Normal_Sperm (326).bmp,2,train
smids/Normal_Sperm/Normal_Sperm (329).bmp,2,train
smids/Normal_Sperm/Normal_Sperm (33).bmp,2,train
smids/Normal_Sperm/Normal_Sperm (330).bmp,2,train
smids/Normal_Sperm/Normal_Sperm (331).bmp,2,train
smids/Normal_Sperm/Normal_Sperm (332).bmp,2,train
smids/Normal_Sperm/Normal_Sperm (335).bmp,2,train
smids/Normal_Sperm/Normal_Sperm (337).bmp,2,train
smids/Normal_Sperm/Normal_Sperm (340).bmp,2,train
smids/Normal_Sperm/Normal_Sperm (341).bmp,2,train
smids/Normal_Sperm/Normal_Sperm (343).bmp,2,train
smids/Normal_Sperm/Normal_Sperm (345).bmp,2,train
smids/Normal_Sperm/Normal_Sperm (346).bmp,2,train
smids/Normal_Sperm/Normal_Sperm (348).bmp,2,train
smids/Normal_Sperm/Normal_Sperm (35).bmp,2,train
smids/Normal_Sperm/Normal_Sperm (350).bmp,2,train
smids/Normal_Sperm/Normal_Sperm (352).bmp,2,train
smids/Normal_Sperm/Normal_Sperm (353).bmp,2,train
smids/Normal_Sperm/Normal_Sperm (357).bmp,2,train
smids/Normal_Sperm/Normal_Sperm (358).bmp,2,train
smids/Normal_Sperm/Normal_Sperm (359).bmp,2,train
smids/Normal_Sperm/Normal_Sperm (360).bmp,2,train
smids/Normal_Sperm/Normal_Sperm (363).bmp,2,train
smids/Normal_Sperm/Normal_Sperm (366).bmp,2,train
smids/Normal_Sperm/Normal_Sperm (368).bmp,2,train
smids/Normal_Sperm/Normal_Sperm (37).bmp,2,train
smids/Normal_Sperm/Normal_Sperm (371).bmp,2,train
smids/Normal_Sperm/Normal_Sperm (372).bmp,2,train
smids/Normal_Sperm/Normal_Sperm (373).bmp,2,train
smids/Normal_Sperm/Normal_Sperm (375).bmp,2,train
smids/Normal_Sperm/Normal_Sperm (377).bmp,2,train
smids/Normal_Sperm/Normal_Sperm (378).bmp,2,train
smids/Normal_Sperm/Normal_Sperm (379).bmp,2,train
smids/Normal_Sperm/Normal_Sperm (382).bmp,2,train
smids/Normal_Sperm/Normal_Sperm (383).bmp,2,train
smids/Normal_Sperm/Normal_Sperm (396).bmp,2,train
smids/Normal_Sperm/Normal_Sperm (397).bmp,2,train
smids/Normal_Sperm/Normal_Sperm (399).bmp,2,train
smids/Normal_Sperm/Normal_Sperm (401).bmp,2,train
smids/Normal_Sperm/Normal_Sperm (402).bmp,2,train
smids/Normal_Sperm/Normal_Sperm (407).bmp,2,train
smids/Normal_Sperm/Normal_Sperm (412).bmp,2,train
smids/Normal_Sperm/Normal_Sperm (413).bmp,2,train
smids/Normal_Sperm/Normal_Sperm (417).bmp,2,train
smids/Normal_Sperm/Normal_Sperm (418).bmp,2,train
smids/Normal_Sperm/Normal_Sperm (420).bmp,2,train
smids/Normal_Sperm/Normal_Sperm (422).bmp,2,train
smids/Normal_Sperm/Normal_Sperm (423).bmp,2,train
smids/Normal_Sperm/Normal_Sperm (425).bmp,2,train
smids/Normal_Sperm/Normal_Sperm (426).bmp,2,train
smids/Normal_Sperm/Normal_Sperm (428).bmp,2,train
smids/Normal_Sperm/Normal_Sperm (429).bmp,2,train
smids/Normal_Sperm/Normal_Sperm (43).bmp,2,train
smids/Normal_Sperm/Normal_Sperm (430).bmp,2,train
smids/Normal_Sperm/Normal_Sperm (431).bmp,2,train
smids/Normal_Sperm/Normal_Sperm (432).bmp,2,train
smids/Normal_Sperm/Normal_Sperm (433).bmp,2,train
smids/Normal_Sperm/Normal_Sperm (437).bmp,2,train
smids/Normal_Sperm/Normal_Sperm (438).bmp,2,train
smids/Normal_Sperm/Normal_Sperm (442).bmp,2,train
smids/Normal_Sperm/Normal_Sperm (443).bmp,2,train
smids/Normal_Sperm/Normal_Sperm (445).bmp,2,train
smids/Normal_Sperm/Normal_Sperm (449).bmp,2,train
smids/Normal_Sperm/Normal_Sperm (45).bmp,2,train
smids/Normal_Sperm/Normal_Sperm (450).bmp,2,train
smids/Normal_Sperm/Normal_Sperm (454).bmp,2,train
smids/Normal_Sperm/Normal_Sperm (455).bmp,2,train
smids/Normal_Sperm/Normal_Sperm (456).bmp,2,train
smids/Normal_Sperm/Normal_Sperm (461).bmp,2,train
smids/Normal_Sperm/Normal_Sperm (462).bmp,2,train
smids/Normal_Sperm/Normal_Sperm (463).bmp,2,train
smids/Normal_Sperm/Normal_Sperm (464).bmp,2,train
smids/Normal_Sperm/Normal_Sperm (465).bmp,2,train
smids/Normal_Sperm/Normal_Sperm (466).bmp,2,train
smids/Normal_Sperm/Normal_Sperm (467).bmp,2,train
smids/Normal_Sperm/Normal_Sperm (469).bmp,2,train
smids/Normal_Sperm/Normal_Sperm (47).bmp,2,train
smids/Normal_Sperm/Normal_Sperm (470).bmp,2,train
smids/Normal_Sperm/Normal_Sperm (474).bmp,2,train
smids/Normal_Sperm/Normal_Sperm (475).bmp,2,train
smids/Normal_Sperm/Normal_Sperm (476).bmp,2,train
smids/Normal_Sperm/Normal_Sperm (477).bmp,2,train
smids/Normal_Sperm/Normal_Sperm (478).bmp,2,train
smids/Normal_Sperm/Normal_Sperm (48).bmp,2,train
smids/Normal_Sperm/Normal_Sperm (483).bmp,2,train
smids/Normal_Sperm/Normal_Sperm (484).bmp,2,train
smids/Normal_Sperm/Normal_Sperm (486).bmp,2,train
smids/Normal_Sperm/Normal_Sperm (488).bmp,2,train
smids/Normal_Sperm/Normal_Sperm (489).bmp,2,train
smids/Normal_Sperm/Normal_Sperm (492).bmp,2,train
smids/Normal_Sperm/Normal_Sperm (493).bmp,2,train
smids/Normal_Sperm/Normal_Sperm (494).bmp,2,train
smids/Normal_Sperm/Normal_Sperm (495).bmp,2,train
smids/Normal_Sperm/Normal_Sperm (496).bmp,2,train
smids/Normal_Sperm/Normal_Sperm (500).bmp,2,train
smids/Normal_Sperm/Normal_Sperm (501).bmp,2,train
smids/Normal_Sperm/Normal_Sperm (502).bmp,2,train
smids/Normal_Sperm/Normal_Sperm (507).bmp,2,train
smids/Normal_Sperm/Normal_Sperm (508).bmp,2,train
smids/Normal_Sperm/Normal_Sperm (509).bmp,2,train
smids/Normal_Sperm/Normal_Sperm (510).bmp,2,train
smids/Normal_Sperm/Normal_Sperm (511).bmp,2,train
smids/Normal_Sperm/Normal_Sperm (512).bmp,2,train
smids/Normal_Sperm/Normal_Sperm (513).bmp,2,train
smids/Normal_Sperm/Normal_Sperm (514).bmp,2,train
smids/Normal_Sperm/Normal_Sperm (518).bmp,2,train
smids/Normal_Sperm/Normal_Sperm (519).bmp,2,train
smids/Normal_Sperm/Normal_Sperm (52).bmp,2,train
smids/Normal_Sperm/Normal_Sperm (521).bmp,2,train
smids/Normal_Sperm/Normal_Sperm (523).bmp,2,train
smids/Normal_Sperm/Normal_Sperm (526).bmp,2,train
smids/Normal_Sperm/Normal_Sperm (529).bmp,2,train
smids/Normal_Sperm/Normal_Sperm (53).bmp,2,train
smids/Normal_Sperm/Normal_Sperm (530).bmp,2,train
smids/Normal_Sperm/Normal_Sperm (532).bmp,2,train
smids/Normal_Sperm/Normal_Sperm (533).bmp,2,train
smids/Normal_Sperm/Normal_Sperm (535).bmp,2,train
smids/Normal_Sperm/Normal_Sperm (536).bmp,2,train
smids/Normal_Sperm/Normal_Sperm (537).bmp,2,train
smids/Normal_Sperm/Normal_Sperm (539).bmp,2,train
smids/Normal_Sperm/Normal_Sperm (540).bmp,2,train
smids/Normal_Sperm/Normal_Sperm (541).bmp,2,train
smids/Normal_Sperm/Normal_Sperm (544).bmp,2,train
smids/Normal_Sperm/Normal_Sperm (545).bmp,2,train
smids/Normal_Sperm/Normal_Sperm (547).bmp,2,train
smids/Normal_Sperm/Normal_Sperm (549).bmp,2,train
smids/Normal_Sperm/Normal_Sperm (550).bmp,2,train
smids/Normal_Sperm/Normal_Sperm (553).bmp,2,train
smids/Normal_Sperm/Normal_Sperm (554).bmp,2,train
smids/Normal_Sperm/Normal_Sperm (556).bmp,2,train
smids/Normal_Sperm/Normal_Sperm (557).bmp,2,train
smids/Normal_Sperm/Normal_Sperm (56).bmp,2,train
smids/Normal_Sperm/Normal_Sperm (560).bmp,2,train
smids/Normal_Sperm/Normal_Sperm (561).bmp,2,train
smids/Normal_Sperm/Normal_Sperm (562).bmp,2,train
smids/Normal_Sperm/Normal_Sperm (569).bmp,2,train
smids/Normal_Sperm/Normal_Sperm (57).bmp,2,train
smids/Normal_Sperm/Normal_Sperm (571).bmp,2,train
smids/Normal_Sperm/Normal_Sperm (578).bmp,2,train
smids/Normal_Sperm/Normal_Sperm (579).bmp,2,train
smids/Normal_Sperm/Normal_Sperm (58).bmp,2,train
smids/Normal_Sperm/Normal_Sperm (580).bmp,2,train
smids/Normal_Sperm/Normal_Sperm (581).bmp,2,train
smids/Normal_Sperm/Normal_Sperm (582).bmp,2,train
smids/Normal_Sperm/Normal_Sperm (583).bmp,2,train
smids/Normal_Sperm/Normal_Sperm (584).bmp,2,train
smids/Normal_Sperm/Normal_Sperm (585).bmp,2,train
smids/Normal_Sperm/Normal_Sperm (587).bmp,2,train
smids/Normal_Sperm/Normal_Sperm (59).bmp,2,train
smids/Normal_Sperm/Normal_Sperm (590).bmp,2,train
smids/Normal_Sperm/Normal_Sperm (592).bmp,2,train
smids/Normal_Sperm/Normal_Sperm (594).bmp,2,train
smids/Normal_Sperm/Normal_Sperm (595).bmp,2,train
smids/Normal_Sperm/Normal_Sperm (596).bmp,2,train
smids/Normal_Sperm/Normal_Sperm (598).bmp,2,train
smids/Normal_Sperm/Normal_Sperm (599).bmp,2,train
smids/Normal_Sperm/Normal_Sperm (600).bmp,2,train
smids/Normal_Sperm/Normal_Sperm (601).bmp,2,train
smids/Normal_Sperm/Normal_Sperm (602).bmp,2,train
smids/Normal_Sperm/Normal_Sperm (604).bmp,2,train
smids/Normal_Sperm/Normal_Sperm (605).bmp,2,train
smids/Normal_Sperm/Normal_Sperm (607).bmp,2,train
smids/Normal_Sperm/Normal_Sperm (61).bmp,2,train
smids/Normal_Sperm/Normal_Sperm (611).bmp,2,train
smids/Normal_Sperm/Normal_Sperm (613).bmp,2,train
smids/Normal_Sperm/Normal_Sperm (615).bmp,2,train
smids/Normal_Sperm/Normal_Sperm (618).bmp,2,train
smids/Normal_Sperm/Normal_Sperm (62).bmp,2,train
smids/Normal_Sperm/Normal_Sperm (620).bmp,2,train
smids/Normal_Sperm/Normal_Sperm (622).bmp,2,train
smids/Normal_Sperm/Normal_Sperm (623).bmp,2,train
smids/Normal_Sperm/Normal_Sperm (625).bmp,2,train
smids/Normal_Sperm/Normal_Sperm (629).bmp,2,train
smids/Normal_Sperm/Normal_Sperm (63).bmp,2,train
smids/Normal_Sperm/Normal_Sperm (631).bmp,2,train
smids/Normal_Sperm/Normal_Sperm (633).bmp,2,train
smids/Normal_Sperm/Normal_Sperm (635).bmp,2,train
smids/Normal_Sperm/Normal_Sperm (636).bmp,2,train
smids/Normal_Sperm/Normal_Sperm (638).bmp,2,train
smids/Normal_Sperm/Normal_Sperm (64).bmp,2,train
smids/Normal_Sperm/Normal_Sperm (640).bmp,2,train
smids/Normal_Sperm/Normal_Sperm (641).bmp,2,train
smids/Normal_Sperm/Normal_Sperm (642).bmp,2,train
smids/Normal_Sperm/Normal_Sperm (643).bmp,2,train
smids/Normal_Sperm/Normal_Sperm (644).bmp,2,train
smids/Normal_Sperm/Normal_Sperm (645).bmp,2,train
smids/Normal_Sperm/Normal_Sperm (648).bmp,2,train
smids/Normal_Sperm/Normal_Sperm (65).bmp,2,train
smids/Normal_Sperm/Normal_Sperm (651).bmp,2,train
smids/Normal_Sperm/Normal_Sperm (652).bmp,2,train
smids/Normal_Sperm/Normal_Sperm (655).bmp,2,train
smids/Normal_Sperm/Normal_Sperm (658).bmp,2,train
smids/Normal_Sperm/Normal_Sperm (660).bmp,2,train
smids/Normal_Sperm/Normal_Sperm (661).bmp,2,train
smids/Normal_Sperm/Normal_Sperm (662).bmp,2,train
smids/Normal_Sperm/Normal_Sperm (666).bmp,2,train
smids/Normal_Sperm/Normal_Sperm (668).bmp,2,train
smids/Normal_Sperm/Normal_Sperm (671).bmp,2,train
smids/Normal_Sperm/Normal_Sperm (678).bmp,2,train
smids/Normal_Sperm/Normal_Sperm (679).bmp,2,train
smids/Normal_Sperm/Normal_Sperm (681).bmp,2,train
smids/Normal_Sperm/Normal_Sperm (682).bmp,2,train
smids/Normal_Sperm/Normal_Sperm (684).bmp,2,train
smids/Normal_Sperm/Normal_Sperm (685).bmp,2,train
smids/Normal_Sperm/Normal_Sperm (686).bmp,2,train
smids/Normal_Sperm/Normal_Sperm (688).bmp,2,train
smids/Normal_Sperm/Normal_Sperm (689).bmp,2,train
smids/Normal_Sperm/Normal_Sperm (690).bmp,2,train
smids/Normal_Sperm/Normal_Sperm (691).bmp,2,train
smids/Normal_Sperm/Normal_Sperm (692).bmp,2,train
smids/Normal_Sperm/Normal_Sperm (695).bmp,2,train
smids/Normal_Sperm/Normal_Sperm (696).bmp,2,train
smids/Normal_Sperm/Normal_Sperm (697).bmp,2,train
smids/Normal_Sperm/Normal_Sperm (698).bmp,2,train
smids/Normal_Sperm/Normal_Sperm (699).bmp,2,train
smids/Normal_Sperm/Normal_Sperm (70).bmp,2,train
smids/Normal_Sperm/Normal_Sperm (700).bmp,2,train
smids/Normal_Sperm/Normal_Sperm (701).bmp,2,train
smids/Normal_Sperm/Normal_Sperm (709).bmp,2,train
smids/Normal_Sperm/Normal_Sperm (71).bmp,2,train
smids/Normal_Sperm/Normal_Sperm (711).bmp,2,train
smids/Normal_Sperm/Normal_Sperm (712).bmp,2,train
smids/Normal_Sperm/Normal_Sperm (713).bmp,2,train
smids/Normal_Sperm/Normal_Sperm (714).bmp,2,train
smids/Normal_Sperm/Normal_Sperm (715).bmp,2,train
smids/Normal_Sperm/Normal_Sperm (716).bmp,2,train
smids/Normal_Sperm/Normal_Sperm (717).bmp,2,train
smids/Normal_Sperm/Normal_Sperm (720).bmp,2,train
smids/Normal_Sperm/Normal_Sperm (722).bmp,2,train
smids/Normal_Sperm/Normal_Sperm (723).bmp,2,train
smids/Normal_Sperm/Normal_Sperm (726).bmp,2,train
smids/Normal_Sperm/Normal_Sperm (727).bmp,2,train
smids/Normal_Sperm/Normal_Sperm (728).bmp,2,train
smids/Normal_Sperm/Normal_Sperm (730).bmp,2,train
smids/Normal_Sperm/Normal_Sperm (731).bmp,2,train
smids/Normal_Sperm/Normal_Sperm (732).bmp,2,train
smids/Normal_Sperm/Normal_Sperm (736).bmp,2,train
smids/Normal_Sperm/Normal_Sperm (737).bmp,2,train
smids/Normal_Sperm/Normal_Sperm (740).bmp,2,train
smids/Normal_Sperm/Normal_Sperm (743).bmp,2,train
smids/Normal_Sperm/Normal_Sperm (744).bmp,2,train
smids/Normal_Sperm/Normal_Sperm (745).bmp,2,train
smids/Normal_Sperm/Normal_Sperm (746).bmp,2,train
smids/Normal_Sperm/Normal_Sperm (747).bmp,2,train
smids/Normal_Sperm/Normal_Sperm (75).bmp,2,train
smids/Normal_Sperm/Normal_Sperm (750).bmp,2,train
smids/Normal_Sperm/Normal_Sperm (751).bmp,2,train
smids/Normal_Sperm/Normal_Sperm (752).bmp,2,train
smids/Normal_Sperm/Normal_Sperm (753).bmp,2,train
smids/Normal_Sperm/Normal_Sperm (755).bmp,2,train
smids/Normal_Sperm/Normal_Sperm (756).bmp,2,train
smids/Normal_Sperm/Normal_Sperm (757).bmp,2,train
smids/Normal_Sperm/Normal_Sperm (759).bmp,2,train
smids/Normal_Sperm/Normal_Sperm (760).bmp,2,train
smids/Normal_Sperm/Normal_Sperm (761).bmp,2,train
smids/Normal_Sperm/Normal_Sperm (762).bmp,2,train
smids/Normal_Sperm/Normal_Sperm (763).bmp,2,train
smids/Normal_Sperm/Normal_Sperm (764).bmp,2,train
smids/Normal_Sperm/Normal_Sperm (766).bmp,2,train
smids/Normal_Sperm/Normal_Sperm (773).bmp,2,train
smids/Normal_Sperm/Normal_Sperm (775).bmp,2,train
smids/Normal_Sperm/Normal_Sperm (778).bmp,2,train
smids/Normal_Sperm/Normal_Sperm (782).bmp,2,train
smids/Normal_Sperm/Normal_Sperm (786).bmp,2,train
smids/Normal_Sperm/Normal_Sperm (787).bmp,2,train
smids/Normal_Sperm/Normal_Sperm (788).bmp,2,train
smids/Normal_Sperm/Normal_Sperm (790).bmp,2,train
smids/Normal_Sperm/Normal_Sperm (791).bmp,2,train
smids/Normal_Sperm/Normal_Sperm (792).bmp,2,train
smids/Normal_Sperm/Normal_Sperm (794).bmp,2,train
smids/Normal_Sperm/Normal_Sperm (797).bmp,2,train
smids/Normal_Sperm/Normal_Sperm (798).bmp,2,train
smids/Normal_Sperm/Normal_Sperm (799).bmp,2,train
smids/Normal_Sperm/Normal_Sperm (80).bmp,2,train
smids/Normal_Sperm/Normal_Sperm (805).bmp,2,train
smids/Normal_Sperm/Normal_Sperm (806).bmp,2,train
smids/Normal_Sperm/Normal_Sperm (807).bmp,2,train
smids/Normal_Sperm/Normal_Sperm (809).bmp,2,train
smids/Normal_Sperm/Normal_Sperm (81).bmp,2,train
smids/Normal_Sperm/Normal_Sperm (810).bmp,2,train
smids/Normal_Sperm/Normal_Sperm (813).bmp,2,train
smids/Normal_Sperm/Normal_Sperm (815).bmp,2,train
smids/Normal_Sperm/Normal_Sperm (816).bmp,2,train
smids/Normal_Sperm/Normal_Sperm (818).bmp,2,train
smids/Normal_Sperm/Normal_Sperm (820).bmp,2,train
smids/Normal_Sperm/Normal_Sperm (821).bmp,2,train
smids/Normal_Sperm/Normal_Sperm (822).bmp,2,train
smids/Normal_Sperm/Normal_Sperm (823).bmp,2,train
smids/Normal_Sperm/Normal_Sperm (825).bmp,2,train
smids/Normal_Sperm/Normal_Sperm (826).bmp,2,train
smids/Normal_Sperm/Normal_Sperm (827).bmp,2,train
smids/Normal_Sperm/Normal_Sperm (83).bmp,2,train
smids/Normal_Sperm/Normal_Sperm (834).bmp,2,train
smids/Normal_Sperm/Normal_Sperm (841).bmp,2,train
smids/Normal_Sperm/Normal_Sperm (842).bmp,2,train
smids/Normal_Sperm/Normal_Sperm (844).bmp,2,train
smids/Normal_Sperm/Normal_Sperm (849).bmp,2,train
smids/Normal_Sperm/Normal_Sperm (85).bmp,2,train
smids/Normal_Sperm/Normal_Sperm (850).bmp,2,train
smids/Normal_Sperm/Normal_Sperm (851).bmp,2,train
smids/Normal_Sperm/Normal_Sperm (852).bmp,2,train
smids/Normal_Sperm/Normal_Sperm (855).bmp,2,train
smids/Normal_Sperm/Normal_Sperm (857).bmp,2,train
smids/Normal_Sperm/Normal_Sperm (858).bmp,2,train
smids/Normal_Sperm/Normal_Sperm (86).bmp,2,train
smids/Normal_Sperm/Normal_Sperm (861).bmp,2,train
smids/Normal_Sperm/Normal_Sperm (862).bmp,2,train
smids/Normal_Sperm/Normal_Sperm (863).bmp,2,train
smids/Normal_Sperm/Normal_Sperm (866).bmp,2,train
smids/Normal_Sperm/Normal_Sperm (867).bmp,2,train
smids/Normal_Sperm/Normal_Sperm (869).bmp,2,train
smids/Normal_Sperm/Normal_Sperm (876).bmp,2,train
smids/Normal_Sperm/Normal_Sperm (877).bmp,2,train
smids/Normal_Sperm/Normal_Sperm (882).bmp,2,train
smids/Normal_Sperm/Normal_Sperm (883).bmp,2,train
smids/Normal_Sperm/Normal_Sperm (884).bmp,2,train
smids/Normal_Sperm/Normal_Sperm (885).bmp,2,train
smids/Normal_Sperm/Normal_Sperm (887).bmp,2,train
smids/Normal_Sperm/Normal_Sperm (888).bmp,2,train
smids/Normal_Sperm/Normal_Sperm (89).bmp,2,train
smids/Normal_Sperm/Normal_Sperm (890).bmp,2,train
smids/Normal_Sperm/Normal_Sperm (891).bmp,2,train
smids/Normal_Sperm/Normal_Sperm (892).bmp,2,train
smids/Normal_Sperm/Normal_Sperm (893).bmp,2,train
smids/Normal_Sperm/Normal_Sperm (896).bmp,2,train
smids/Normal_Sperm/Normal_Sperm (898).bmp,2,train
smids/Normal_Sperm/Normal_Sperm (901).bmp,2,train
smids/Normal_Sperm/Normal_Sperm (902).bmp,2,train
smids/Normal_Sperm/Normal_Sperm (904).bmp,2,train
smids/Normal_Sperm/Normal_Sperm (906).bmp,2,train
smids/Normal_Sperm/Normal_Sperm (907).bmp,2,train
smids/Normal_Sperm/Normal_Sperm (909).bmp,2,train
smids/Normal_Sperm/Normal_Sperm (910).bmp,2,train
smids/Normal_Sperm/Normal_Sperm (916).bmp,2,train
smids/Normal_Sperm/Normal_Sperm (919).bmp,2,train
smids/Normal_Sperm/Normal_Sperm (920).bmp,2,train
smids/Normal_Sperm/Normal_Sperm (921).bmp,2,train
smids/Normal_Sperm/Normal_Sperm (922).bmp,2,train
smids/Normal_Sperm/Normal_Sperm (923).bmp,2,train
smids/Normal_Sperm/Normal_Sperm (925).bmp,2,train
smids/Normal_Sperm/Normal_Sperm (927).bmp,2,train
smids/Normal_Sperm/Normal_Sperm (928).bmp,2,train
smids/Normal_Sperm/Normal_Sperm (93).bmp,2,train
smids/Normal_Sperm/Normal_Sperm (934).bmp,2,train
smids/Normal_Sperm/Normal_Sperm (936).bmp,2,train
smids/Normal_Sperm/Normal_Sperm (937).bmp,2,train
smids/Normal_Sperm/Normal_Sperm (938).bmp,2,train
smids/Normal_Sperm/Normal_Sperm (939).bmp,2,train
smids/Normal_Sperm/Normal_Sperm (94).bmp,2,train
smids/Normal_Sperm/Normal_Sperm (943).bmp,2,train
smids/Normal_Sperm/Normal_Sperm (945).bmp,2,train
smids/Normal_Sperm/Normal_Sperm (948).bmp,2,train
smids/Normal_Sperm/Normal_Sperm (951).bmp,2,train
smids/Normal_Sperm/Normal_Sperm (952).bmp,2,train
smids/Normal_Sperm/Normal_Sperm (959).bmp,2,train
smids/Normal_Sperm/Normal_Sperm (96).bmp,2,train
smids/Normal_Sperm/Normal_Sperm (961).bmp,2,train
smids/Normal_Sperm/Normal_Sperm (963).bmp,2,train
smids/Normal_Sperm/Normal_Sperm (965).bmp,2,train
smids/Normal_Sperm/Normal_Sperm (966).bmp,2,train
smids/Normal_Sperm/Normal_Sperm (968).bmp,2,train
smids/Normal_Sperm/Normal_Sperm (97).bmp,2,train
smids/Normal_Sperm/Normal_Sperm (970).bmp,2,train
smids/Normal_Sperm/Normal_Sperm (976).bmp,2,train
smids/Normal_Sperm/Normal_Sperm (977).bmp,2,train
smids/Normal_Sperm/Normal_Sperm (981).bmp,2,train
smids/Normal_Sperm/Normal_Sperm (983).bmp,2,train
smids/Normal_Sperm/Normal_Sperm (985).bmp,2,train
smids/Normal_Sperm/Normal_Sperm (988).bmp,2,train
smids/Normal_Sperm/Normal_Sperm (989).bmp,2,train
smids/Normal_Sperm/Normal_Sperm (99).bmp,2,train
smids/Normal_Sperm/Normal_Sperm (990).bmp,2,train
smids/Normal_Sperm/Normal_Sperm (996).bmp,2,train
smids/Normal_Sperm/Normal_Sperm (998).bmp,2,train
smids/Normal_Sperm/Normal_Sperm (999).bmp,2,train
smids/Abnormal_Sperm/Abnormal_Sperm (118).bmp,2,val
smids/Abnormal_Sperm/Abnormal_Sperm (12).bmp,2,val
smids/Abnormal_Sperm/Abnormal_Sperm (126).bmp,2,val
smids/Abnormal_Sperm/Abnormal_Sperm (128).bmp,2,val
smids/Abnormal_Sperm/Abnormal_Sperm (134).bmp,2,val
smids/Abnormal_Sperm/Abnormal_Sperm (14).bmp,2,val
smids/Abnormal_Sperm/Abnormal_Sperm (148).bmp,2,val
smids/Abnormal_Sperm/Abnormal_Sperm (15).bmp,2,val
smids/Abnormal_Sperm/Abnormal_Sperm (155).bmp,2,val
smids/Abnormal_Sperm/Abnormal_Sperm (158).bmp,2,val
smids/Abnormal_Sperm/Abnormal_Sperm (159).bmp,2,val
smids/Abnormal_Sperm/Abnormal_Sperm (18).bmp,2,val
smids/Abnormal_Sperm/Abnormal_Sperm (19).bmp,2,val
smids/Abnormal_Sperm/Abnormal_Sperm (191).bmp,2,val
smids/Abnormal_Sperm/Abnormal_Sperm (194).bmp,2,val
smids/Abnormal_Sperm/Abnormal_Sperm (197).bmp,2,val
smids/Abnormal_Sperm/Abnormal_Sperm (204).bmp,2,val
smids/Abnormal_Sperm/Abnormal_Sperm (206).bmp,2,val
smids/Abnormal_Sperm/Abnormal_Sperm (223).bmp,2,val
smids/Abnormal_Sperm/Abnormal_Sperm (237).bmp,2,val
smids/Abnormal_Sperm/Abnormal_Sperm (24).bmp,2,val
smids/Abnormal_Sperm/Abnormal_Sperm (249).bmp,2,val
smids/Abnormal_Sperm/Abnormal_Sperm (263).bmp,2,val
smids/Abnormal_Sperm/Abnormal_Sperm (271).bmp,2,val
smids/Abnormal_Sperm/Abnormal_Sperm (275).bmp,2,val
smids/Abnormal_Sperm/Abnormal_Sperm (283).bmp,2,val
smids/Abnormal_Sperm/Abnormal_Sperm (287).bmp,2,val
smids/Abnormal_Sperm/Abnormal_Sperm (296).bmp,2,val
smids/Abnormal_Sperm/Abnormal_Sperm (298).bmp,2,val
smids/Abnormal_Sperm/Abnormal_Sperm (333).bmp,2,val
smids/Abnormal_Sperm/Abnormal_Sperm (339).bmp,2,val
smids/Abnormal_Sperm/Abnormal_Sperm (341).bmp,2,val
smids/Abnormal_Sperm/Abnormal_Sperm (350).bmp,2,val
smids/Abnormal_Sperm/Abnormal_Sperm (352).bmp,2,val
smids/Abnormal_Sperm/Abnormal_Sperm (357).bmp,2,val
smids/Abnormal_Sperm/Abnormal_Sperm (368).bmp,2,val
smids/Abnormal_Sperm/Abnormal_Sperm (380).bmp,2,val
smids/Abnormal_Sperm/Abnormal_Sperm (387).bmp,2,val
smids/Abnormal_Sperm/Abnormal_Sperm (389).bmp,2,val
smids/Abnormal_Sperm/Abnormal_Sperm (393).bmp,2,val
smids/Abnormal_Sperm/Abnormal_Sperm (395).bmp,2,val
smids/Abnormal_Sperm/Abnormal_Sperm (401).bmp,2,val
smids/Abnormal_Sperm/Abnormal_Sperm (409).bmp,2,val
smids/Abnormal_Sperm/Abnormal_Sperm (410).bmp,2,val
smids/Abnormal_Sperm/Abnormal_Sperm (413).bmp,2,val
smids/Abnormal_Sperm/Abnormal_Sperm (418).bmp,2,val
smids/Abnormal_Sperm/Abnormal_Sperm (423).bmp,2,val
smids/Abnormal_Sperm/Abnormal_Sperm (435).bmp,2,val
smids/Abnormal_Sperm/Abnormal_Sperm (446).bmp,2,val
smids/Abnormal_Sperm/Abnormal_Sperm (449).bmp,2,val
smids/Abnormal_Sperm/Abnormal_Sperm (452).bmp,2,val
smids/Abnormal_Sperm/Abnormal_Sperm (454).bmp,2,val
smids/Abnormal_Sperm/Abnormal_Sperm (48).bmp,2,val
smids/Abnormal_Sperm/Abnormal_Sperm (482).bmp,2,val
smids/Abnormal_Sperm/Abnormal_Sperm (484).bmp,2,val
smids/Abnormal_Sperm/Abnormal_Sperm (485).bmp,2,val
smids/Abnormal_Sperm/Abnormal_Sperm (488).bmp,2,val
smids/Abnormal_Sperm/Abnormal_Sperm (498).bmp,2,val
smids/Abnormal_Sperm/Abnormal_Sperm (500).bmp,2,val
smids/Abnormal_Sperm/Abnormal_Sperm (505).bmp,2,val
smids/Abnormal_Sperm/Abnormal_Sperm (506).bmp,2,val
smids/Abnormal_Sperm/Abnormal_Sperm (517).bmp,2,val
smids/Abnormal_Sperm/Abnormal_Sperm (519).bmp,2,val
smids/Abnormal_Sperm/Abnormal_Sperm (528).bmp,2,val
smids/Abnormal_Sperm/Abnormal_Sperm (542).bmp,2,val
smids/Abnormal_Sperm/Abnormal_Sperm (549).bmp,2,val
smids/Abnormal_Sperm/Abnormal_Sperm (551).bmp,2,val
smids/Abnormal_Sperm/Abnormal_Sperm (552).bmp,2,val
smids/Abnormal_Sperm/Abnormal_Sperm (567).bmp,2,val
smids/Abnormal_Sperm/Abnormal_Sperm (568).bmp,2,val
smids/Abnormal_Sperm/Abnormal_Sperm (570).bmp,2,val
smids/Abnormal_Sperm/Abnormal_Sperm (579).bmp,2,val
smids/Abnormal_Sperm/Abnormal_Sperm (585).bmp,2,val
smids/Abnormal_Sperm/Abnormal_Sperm (598).bmp,2,val
smids/Abnormal_Sperm/Abnormal_Sperm (599).bmp,2,val
smids/Abnormal_Sperm/Abnormal_Sperm (605).bmp,2,val
smids/Abnormal_Sperm/Abnormal_Sperm (645).bmp,2,val
smids/Abnormal_Sperm/Abnormal_Sperm (648).bmp,2,val
smids/Abnormal_Sperm/Abnormal_Sperm (66).bmp,2,val
smids/Abnormal_Sperm/Abnormal_Sperm (67).bmp,2,val
smids/Abnormal_Sperm/Abnormal_Sperm (670).bmp,2,val
smids/Abnormal_Sperm/Abnormal_Sperm (682).bmp,2,val
smids/Abnormal_Sperm/Abnormal_Sperm (685).bmp,2,val
smids/Abnormal_Sperm/Abnormal_Sperm (686).bmp,2,val
smids/Abnormal_Sperm/Abnormal_Sperm (691).bmp,2,val
smids/Abnormal_Sperm/Abnormal_Sperm (701).bmp,2,val
smids/Abnormal_Sperm/Abnormal_Sperm (708).bmp,2,val
smids/Abnormal_Sperm/Abnormal_Sperm (713).bmp,2,val
smids/Abnormal_Sperm/Abnormal_Sperm (718).bmp,2,val
smids/Abnormal_Sperm/Abnormal_Sperm (743).bmp,2,val
smids/Abnormal_Sperm/Abnormal_Sperm (754).bmp,2,val
smids/Abnormal_Sperm/Abnormal_Sperm (771).bmp,2,val
smids/Abnormal_Sperm/Abnormal_Sperm (777).bmp,2,val
smids/Abnormal_Sperm/Abnormal_Sperm (778).bmp,2,val
smids/Abnormal_Sperm/Abnormal_Sperm (789).bmp,2,val
smids/Abnormal_Sperm/Abnormal_Sperm (796).bmp,2,val
smids/Abnormal_Sperm/Abnormal_Sperm (813).bmp,2,val
smids/Abnormal_Sperm/Abnormal_Sperm (818).bmp,2,val
smids/Abnormal_Sperm/Abnormal_Sperm (822).bmp,2,val
smids/Abnormal_Sperm/Abnormal_Sperm (827).bmp,2,val
smids/Abnormal_Sperm/Abnormal_Sperm (842).bmp,2,val
smids/Abnormal_Sperm/Abnormal_Sperm (85).bmp,2,val
smids/Abnormal_Sperm/Abnormal_Sperm (850).bmp,2,val
smids/Abnormal_Sperm/Abnormal_Sperm (860).bmp,2,val
smids/Abnormal_Sperm/Abnormal_Sperm (866).bmp,2,val
smids/Abnormal_Sperm/Abnormal_Sperm (879).bmp,2,val
smids/Abnormal_Sperm/Abnormal_Sperm (898).bmp,2,val
smids/Abnormal_Sperm/Abnormal_Sperm (903).bmp,2,val
smids/Abnormal_Sperm/Abnormal_Sperm (906).bmp,2,val
smids/Abnormal_Sperm/Abnormal_Sperm (908).bmp,2,val
smids/Abnormal_Sperm/Abnormal_Sperm (917).bmp,2,val
smids/Abnormal_Sperm/Abnormal_Sperm (931).bmp,2,val
smids/Abnormal_Sperm/Abnormal_Sperm (947).bmp,2,val
smids/Abnormal_Sperm/Abnormal_Sperm (962).bmp,2,val
smids/Abnormal_Sperm/Abnormal_Sperm (967).bmp,2,val
smids/Abnormal_Sperm/Abnormal_Sperm (986).bmp,2,val
smids/Abnormal_Sperm/Abnormal_Sperm (993).bmp,2,val
smids/Non-Sperm/Non-Sperm (102).bmp,2,val
smids/Non-Sperm/Non-Sperm (105).bmp,2,val
smids/Non-Sperm/Non-Sperm (115).bmp,2,val
smids/Non-Sperm/Non-Sperm (118).bmp,2,val
smids/Non-Sperm/Non-Sperm (13).bmp,2,val
smids/Non-Sperm/Non-Sperm (131).bmp,2,val
smids/Non-Sperm/Non-Sperm (132).bmp,2,val
smids/Non-Sperm/Non-Sperm (144).bmp,2,val
smids/Non-Sperm/Non-Sperm (151).bmp,2,val
smids/Non-Sperm/Non-Sperm (153).bmp,2,val
smids/Non-Sperm/Non-Sperm (183).bmp,2,val
smids/Non-Sperm/Non-Sperm (186).bmp,2,val
smids/Non-Sperm/Non-Sperm (187).bmp,2,val
smids/Non-Sperm/Non-Sperm (196).bmp,2,val
smids/Non-Sperm/Non-Sperm (211).bmp,2,val
smids/Non-Sperm/Non-Sperm (220).bmp,2,val
smids/Non-Sperm/Non-Sperm (223).bmp,2,val
smids/Non-Sperm/Non-Sperm (226).bmp,2,val
smids/Non-Sperm/Non-Sperm (228).bmp,2,val
smids/Non-Sperm/Non-Sperm (231).bmp,2,val
smids/Non-Sperm/Non-Sperm (232).bmp,2,val
smids/Non-Sperm/Non-Sperm (233).bmp,2,val
smids/Non-Sperm/Non-Sperm (242).bmp,2,val
smids/Non-Sperm/Non-Sperm (243).bmp,2,val
smids/Non-Sperm/Non-Sperm (244).bmp,2,val
smids/Non-Sperm/Non-Sperm (252).bmp,2,val
smids/Non-Sperm/Non-Sperm (26).bmp,2,val
smids/Non-Sperm/Non-Sperm (273).bmp,2,val
smids/Non-Sperm/Non-Sperm (275).bmp,2,val
smids/Non-Sperm/Non-Sperm (286).bmp,2,val
smids/Non-Sperm/Non-Sperm (290).bmp,2,val
smids/Non-Sperm/Non-Sperm (297).bmp,2,val
smids/Non-Sperm/Non-Sperm (309).bmp,2,val
smids/Non-Sperm/Non-Sperm (321).bmp,2,val
smids/Non-Sperm/Non-Sperm (328).bmp,2,val
smids/Non-Sperm/Non-Sperm (335).bmp,2,val
smids/Non-Sperm/Non-Sperm (34).bmp,2,val
smids/Non-Sperm/Non-Sperm (340).bmp,2,val
smids/Non-Sperm/Non-Sperm (351).bmp,2,val
smids/Non-Sperm/Non-Sperm (353).bmp,2,val
smids/Non-Sperm/Non-Sperm (355).bmp,2,val
smids/Non-Sperm/Non-Sperm (357).bmp,2,val
smids/Non-Sperm/Non-Sperm (360).bmp,2,val
smids/Non-Sperm/Non-Sperm (369).bmp,2,val
smids/Non-Sperm/Non-Sperm (379).bmp,2,val
smids/Non-Sperm/Non-Sperm (383).bmp,2,val
smids/Non-Sperm/Non-Sperm (390).bmp,2,val
smids/Non-Sperm/Non-Sperm (391).bmp,2,val
smids/Non-Sperm/Non-Sperm (398).bmp,2,val
smids/Non-Sperm/Non-Sperm (403).bmp,2,val
smids/Non-Sperm/Non-Sperm (415).bmp,2,val
smids/Non-Sperm/Non-Sperm (426).bmp,2,val
smids/Non-Sperm/Non-Sperm (428).bmp,2,val
smids/Non-Sperm/Non-Sperm (429).bmp,2,val
smids/Non-Sperm/Non-Sperm (43).bmp,2,val
smids/Non-Sperm/Non-Sperm (453).bmp,2,val
smids/Non-Sperm/Non-Sperm (455).bmp,2,val
smids/Non-Sperm/Non-Sperm (460).bmp,2,val
smids/Non-Sperm/Non-Sperm (463).bmp,2,val
smids/Non-Sperm/Non-Sperm (468).bmp,2,val
smids/Non-Sperm/Non-Sperm (47).bmp,2,val
smids/Non-Sperm/Non-Sperm (48).bmp,2,val
smids/Non-Sperm/Non-Sperm (494).bmp,2,val
smids/Non-Sperm/Non-Sperm (502).bmp,2,val
smids/Non-Sperm/Non-Sperm (506).bmp,2,val
smids/Non-Sperm/Non-Sperm (51).bmp,2,val
smids/Non-Sperm/Non-Sperm (518).bmp,2,val
smids/Non-Sperm/Non-Sperm (524).bmp,2,val
smids/Non-Sperm/Non-Sperm (525).bmp,2,val
smids/Non-Sperm/Non-Sperm (530).bmp,2,val
smids/Non-Sperm/Non-Sperm (531).bmp,2,val
smids/Non-Sperm/Non-Sperm (537).bmp,2,val
smids/Non-Sperm/Non-Sperm (54).bmp,2,val
smids/Non-Sperm/Non-Sperm (551).bmp,2,val
smids/Non-Sperm/Non-Sperm (558).bmp,2,val
smids/Non-Sperm/Non-Sperm (566).bmp,2,val
smids/Non-Sperm/Non-Sperm (572).bmp,2,val
smids/Non-Sperm/Non-Sperm (576).bmp,2,val
smids/Non-Sperm/Non-Sperm (578).bmp,2,val
smids/Non-Sperm/Non-Sperm (585).bmp,2,val
smids/Non-Sperm/Non-Sperm (594).bmp,2,val
smids/Non-Sperm/Non-Sperm (624).bmp,2,val
smids/Non-Sperm/Non-Sperm (625).bmp,2,val
smids/Non-Sperm/Non-Sperm (628).bmp,2,val
smids/Non-Sperm/Non-Sperm (641).bmp,2,val
smids/Non-Sperm/Non-Sperm (645).bmp,2,val
smids/Non-Sperm/Non-Sperm (654).bmp,2,val
smids/Non-Sperm/Non-Sperm (656).bmp,2,val
smids/Non-Sperm/Non-Sperm (662).bmp,2,val
smids/Non-Sperm/Non-Sperm (672).bmp,2,val
smids/Non-Sperm/Non-Sperm (69).bmp,2,val
smids/Non-Sperm/Non-Sperm (693).bmp,2,val
smids/Non-Sperm/Non-Sperm (694).bmp,2,val
smids/Non-Sperm/Non-Sperm (741).bmp,2,val
smids/Non-Sperm/Non-Sperm (749).bmp,2,val
smids/Non-Sperm/Non-Sperm (782).bmp,2,val
smids/Non-Sperm/Non-Sperm (795).bmp,2,val
smids/Non-Sperm/Non-Sperm (8).bmp,2,val
smids/Non-Sperm/Non-Sperm (808).bmp,2,val
smids/Non-Sperm/Non-Sperm (814).bmp,2,val
smids/Non-Sperm/Non-Sperm (828).bmp,2,val
smids/Non-Sperm/Non-Sperm (83).bmp,2,val
smids/Non-Sperm/Non-Sperm (834).bmp,2,val
smids/Non-Sperm/Non-Sperm (84).bmp,2,val
smids/Non-Sperm/Non-Sperm (845).bmp,2,val
smids/Non-Sperm/Non-Sperm (858).bmp,2,val
smids/Non-Sperm/Non-Sperm (859).bmp,2,val
smids/Non-Sperm/Non-Sperm (879).bmp,2,val
smids/Non-Sperm/Non-Sperm (884).bmp,2,val
smids/Non-Sperm/Non-Sperm (893).bmp,2,val
smids/Non-Sperm/Non-Sperm (914).bmp,2,val
smids/Non-Sperm/Non-Sperm (917).bmp,2,val
smids/Non-Sperm/Non-Sperm (920).bmp,2,val
smids/Non-Sperm/Non-Sperm (947).bmp,2,val
smids/Non-Sperm/Non-Sperm (948).bmp,2,val
smids/Non-Sperm/Non-Sperm (950).bmp,2,val
smids/Non-Sperm/Non-Sperm (972).bmp,2,val
smids/Normal_Sperm/Normal_Sperm (103).bmp,2,val
smids/Normal_Sperm/Normal_Sperm (120).bmp,2,val
smids/Normal_Sperm/Normal_Sperm (130).bmp,2,val
smids/Normal_Sperm/Normal_Sperm (141).bmp,2,val
smids/Normal_Sperm/Normal_Sperm (144).bmp,2,val
smids/Normal_Sperm/Normal_Sperm (150).bmp,2,val
smids/Normal_Sperm/Normal_Sperm (151).bmp,2,val
smids/Normal_Sperm/Normal_Sperm (152).bmp,2,val
smids/Normal_Sperm/Normal_Sperm (155).bmp,2,val
smids/Normal_Sperm/Normal_Sperm (185).bmp,2,val
smids/Normal_Sperm/Normal_Sperm (189).bmp,2,val
smids/Normal_Sperm/Normal_Sperm (190).bmp,2,val
smids/Normal_Sperm/Normal_Sperm (194).bmp,2,val
smids/Normal_Sperm/Normal_Sperm (195).bmp,2,val
smids/Normal_Sperm/Normal_Sperm (196).bmp,2,val
smids/Normal_Sperm/Normal_Sperm (202).bmp,2,val
smids/Normal_Sperm/Normal_Sperm (213).bmp,2,val
smids/Normal_Sperm/Normal_Sperm (216).bmp,2,val
smids/Normal_Sperm/Normal_Sperm (217).bmp,2,val
smids/Normal_Sperm/Normal_Sperm (22).bmp,2,val
smids/Normal_Sperm/Normal_Sperm (226).bmp,2,val
smids/Normal_Sperm/Normal_Sperm (236).bmp,2,val
smids/Normal_Sperm/Normal_Sperm (250).bmp,2,val
smids/Normal_Sperm/Normal_Sperm (253).bmp,2,val
smids/Normal_Sperm/Normal_Sperm (256).bmp,2,val
smids/Normal_Sperm/Normal_Sperm (266).bmp,2,val
smids/Normal_Sperm/Normal_Sperm (269).bmp,2,val
smids/Normal_Sperm/Normal_Sperm (279).bmp,2,val
smids/Normal_Sperm/Normal_Sperm (333).bmp,2,val
smids/Normal_Sperm/Normal_Sperm (338).bmp,2,val
smids/Normal_Sperm/Normal_Sperm (349).bmp,2,val
smids/Normal_Sperm/Normal_Sperm (351).bmp,2,val
smids/Normal_Sperm/Normal_Sperm (356).bmp,2,val
smids/Normal_Sperm/Normal_Sperm (364).bmp,2,val
smids/Normal_Sperm/Normal_Sperm (376).bmp,2,val
smids/Normal_Sperm/Normal_Sperm (384).bmp,2,val
smids/Normal_Sperm/Normal_Sperm (39).bmp,2,val
smids/Normal_Sperm/Normal_Sperm (393).bmp,2,val
smids/Normal_Sperm/Normal_Sperm (403).bmp,2,val
smids/Normal_Sperm/Normal_Sperm (404).bmp,2,val
smids/Normal_Sperm/Normal_Sperm (408).bmp,2,val
smids/Normal_Sperm/Normal_Sperm (41).bmp,2,val
smids/Normal_Sperm/Normal_Sperm (410).bmp,2,val
smids/Normal_Sperm/Normal_Sperm (424).bmp,2,val
smids/Normal_Sperm/Normal_Sperm (441).bmp,2,val
smids/Normal_Sperm/Normal_Sperm (446).bmp,2,val
smids/Normal_Sperm/Normal_Sperm (452).bmp,2,val
smids/Normal_Sperm/Normal_Sperm (457).bmp,2,val
smids/Normal_Sperm/Normal_Sperm (46).bmp,2,val
smids/Normal_Sperm/Normal_Sperm (487).bmp,2,val
smids/Normal_Sperm/Normal_Sperm (49).bmp,2,val
smids/Normal_Sperm/Normal_Sperm (490).bmp,2,val
smids/Normal_Sperm/Normal_Sperm (497).bmp,2,val
smids/Normal_Sperm/Normal_Sperm (503).bmp,2,val
smids/Normal_Sperm/Normal_Sperm (504).bmp,2,val
smids/Normal_Sperm/Normal_Sperm (505).bmp,2,val
smids/Normal_Sperm/Normal_Sperm (51).bmp,2,val
smids/Normal_Sperm/Normal_Sperm (525).bmp,2,val
smids/Normal_Sperm/Normal_Sperm (527).bmp,2,val
smids/Normal_Sperm/Normal_Sperm (542).bmp,2,val
smids/Normal_Sperm/Normal_Sperm (548).bmp,2,val
smids/Normal_Sperm/Normal_Sperm (555).bmp,2,val
smids/Normal_Sperm/Normal_Sperm (565).bmp,2,val
smids/Normal_Sperm/Normal_Sperm (566).bmp,2,val
smids/Normal_Sperm/Normal_Sperm (573).bmp,2,val
smids/Normal_Sperm/Normal_Sperm (576).bmp,2,val
smids/Normal_Sperm/Normal_Sperm (586).bmp,2,val
smids/Normal_Sperm/Normal_Sperm (6).bmp,2,val
smids/Normal_Sperm/Normal_Sperm (606).bmp,2,val
smids/Normal_Sperm/Normal_Sperm (614).bmp,2,val
smids/Normal_Sperm/Normal_Sperm (621).bmp,2,val
smids/Normal_Sperm/Normal_Sperm (624).bmp,2,val
smids/Normal_Sperm/Normal_Sperm (626).bmp,2,val
smids/Normal_Sperm/Normal_Sperm (637).bmp,2,val
smids/Normal_Sperm/Normal_Sperm (639).bmp,2,val
smids/Normal_Sperm/Normal_Sperm (66).bmp,2,val
smids/Normal_Sperm/Normal_Sperm (667).bmp,2,val
smids/Normal_Sperm/Normal_Sperm (669).bmp,2,val
smids/Normal_Sperm/Normal_Sperm (67).bmp,2,val
smids/Normal_Sperm/Normal_Sperm (673).bmp,2,val
smids/Normal_Sperm/Normal_Sperm (7).bmp,2,val
smids/Normal_Sperm/Normal_Sperm (705).bmp,2,val
smids/Normal_Sperm/Normal_Sperm (719).bmp,2,val
smids/Normal_Sperm/Normal_Sperm (729).bmp,2,val
smids/Normal_Sperm/Normal_Sperm (735).bmp,2,val
smids/Normal_Sperm/Normal_Sperm (741).bmp,2,val
smids/Normal_Sperm/Normal_Sperm (742).bmp,2,val
smids/Normal_Sperm/Normal_Sperm (748).bmp,2,val
smids/Normal_Sperm/Normal_Sperm (749).bmp,2,val
smids/Normal_Sperm/Normal_Sperm (77).bmp,2,val
smids/Normal_Sperm/Normal_Sperm (777).bmp,2,val
smids/Normal_Sperm/Normal_Sperm (789).bmp,2,val
smids/Normal_Sperm/Normal_Sperm (793).bmp,2,val
smids/Normal_Sperm/Normal_Sperm (803).bmp,2,val
smids/Normal_Sperm/Normal_Sperm (808).bmp,2,val
smids/Normal_Sperm/Normal_Sperm (817).bmp,2,val
smids/Normal_Sperm/Normal_Sperm (819).bmp,2,val
smids/Normal_Sperm/Normal_Sperm (838).bmp,2,val
smids/Normal_Sperm/Normal_Sperm (839).bmp,2,val
smids/Normal_Sperm/Normal_Sperm (845).bmp,2,val
smids/Normal_Sperm/Normal_Sperm (859).bmp,2,val
smids/Normal_Sperm/Normal_Sperm (87).bmp,2,val
smids/Normal_Sperm/Normal_Sperm (88).bmp,2,val
smids/Normal_Sperm/Normal_Sperm (895).bmp,2,val
smids/Normal_Sperm/Normal_Sperm (897).bmp,2,val
smids/Normal_Sperm/Normal_Sperm (899).bmp,2,val
smids/Normal_Sperm/Normal_Sperm (90).bmp,2,val
smids/Normal_Sperm/Normal_Sperm (912).bmp,2,val
smids/Normal_Sperm/Normal_Sperm (914).bmp,2,val
smids/Normal_Sperm/Normal_Sperm (926).bmp,2,val
smids/Normal_Sperm/Normal_Sperm (946).bmp,2,val
smids/Normal_Sperm/Normal_Sperm (953).bmp,2,val
smids/Normal_Sperm/Normal_Sperm (955).bmp,2,val
smids/Normal_Sperm/Normal_Sperm (956).bmp,2,val
smids/Normal_Sperm/Normal_Sperm (957).bmp,2,val
smids/Normal_Sperm/Normal_Sperm (958).bmp,2,val
smids/Normal_Sperm/Normal_Sperm (967).bmp,2,val
smids/Normal_Sperm/Normal_Sperm (969).bmp,2,val
smids/Normal_Sperm/Normal_Sperm (992).bmp,2,val
smids/Normal_Sperm/Normal_Sperm (993).bmp,2,val
smids/Abnormal_Sperm/Abnormal_Sperm (10).bmp,3,calib
smids/Abnormal_Sperm/Abnormal_Sperm (100).bmp,3,calib
smids/Abnormal_Sperm/Abnormal_Sperm (1000).bmp,3,calib
smids/Abnormal_Sperm/Abnormal_Sperm (1002).bmp,3,calib
smids/Abnormal_Sperm/Abnormal_Sperm (105).bmp,3,calib
smids/Abnormal_Sperm/Abnormal_Sperm (113).bmp,3,calib
smids/Abnormal_Sperm/Abnormal_Sperm (117).bmp,3,calib
smids/Abnormal_Sperm/Abnormal_Sperm (119).bmp,3,calib
smids/Abnormal_Sperm/Abnormal_Sperm (125).bmp,3,calib
smids/Abnormal_Sperm/Abnormal_Sperm (126).bmp,3,calib
smids/Abnormal_Sperm/Abnormal_Sperm (127).bmp,3,calib
smids/Abnormal_Sperm/Abnormal_Sperm (128).bmp,3,calib
smids/Abnormal_Sperm/Abnormal_Sperm (137).bmp,3,calib
smids/Abnormal_Sperm/Abnormal_Sperm (139).bmp,3,calib
smids/Abnormal_Sperm/Abnormal_Sperm (140).bmp,3,calib
smids/Abnormal_Sperm/Abnormal_Sperm (141).bmp,3,calib
smids/Abnormal_Sperm/Abnormal_Sperm (149).bmp,3,calib
smids/Abnormal_Sperm/Abnormal_Sperm (157).bmp,3,calib
smids/Abnormal_Sperm/Abnormal_Sperm (163).bmp,3,calib
smids/Abnormal_Sperm/Abnormal_Sperm (164).bmp,3,calib
smids/Abnormal_Sperm/Abnormal_Sperm (176).bmp,3,calib
smids/Abnormal_Sperm/Abnormal_Sperm (182).bmp,3,calib
smids/Abnormal_Sperm/Abnormal_Sperm (184).bmp,3,calib
smids/Abnormal_Sperm/Abnormal_Sperm (20).bmp,3,calib
smids/Abnormal_Sperm/Abnormal_Sperm (202).bmp,3,calib
smids/Abnormal_Sperm/Abnormal_Sperm (213).bmp,3,calib
smids/Abnormal_Sperm/Abnormal_Sperm (215).bmp,3,calib
smids/Abnormal_Sperm/Abnormal_Sperm (220).bmp,3,calib
smids/Abnormal_Sperm/Abnormal_Sperm (228).bmp,3,calib
smids/Abnormal_Sperm/Abnormal_Sperm (230).bmp,3,calib
smids/Abnormal_Sperm/Abnormal_Sperm (234).bmp,3,calib
smids/Abnormal_Sperm/Abnormal_Sperm (237).bmp,3,calib
smids/Abnormal_Sperm/Abnormal_Sperm (238).bmp,3,calib
smids/Abnormal_Sperm/Abnormal_Sperm (256).bmp,3,calib
smids/Abnormal_Sperm/Abnormal_Sperm (269).bmp,3,calib
smids/Abnormal_Sperm/Abnormal_Sperm (270).bmp,3,calib
smids/Abnormal_Sperm/Abnormal_Sperm (274).bmp,3,calib
smids/Abnormal_Sperm/Abnormal_Sperm (281).bmp,3,calib
smids/Abnormal_Sperm/Abnormal_Sperm (284).bmp,3,calib
smids/Abnormal_Sperm/Abnormal_Sperm (289).bmp,3,calib
smids/Abnormal_Sperm/Abnormal_Sperm (298).bmp,3,calib
smids/Abnormal_Sperm/Abnormal_Sperm (304).bmp,3,calib
smids/Abnormal_Sperm/Abnormal_Sperm (310).bmp,3,calib
smids/Abnormal_Sperm/Abnormal_Sperm (312).bmp,3,calib
smids/Abnormal_Sperm/Abnormal_Sperm (317).bmp,3,calib
smids/Abnormal_Sperm/Abnormal_Sperm (325).bmp,3,calib
smids/Abnormal_Sperm/Abnormal_Sperm (331).bmp,3,calib
smids/Abnormal_Sperm/Abnormal_Sperm (340).bmp,3,calib
smids/Abnormal_Sperm/Abnormal_Sperm (355).bmp,3,calib
smids/Abnormal_Sperm/Abnormal_Sperm (358).bmp,3,calib
smids/Abnormal_Sperm/Abnormal_Sperm (364).bmp,3,calib
smids/Abnormal_Sperm/Abnormal_Sperm (372).bmp,3,calib
smids/Abnormal_Sperm/Abnormal_Sperm (373).bmp,3,calib
smids/Abnormal_Sperm/Abnormal_Sperm (382).bmp,3,calib
smids/Abnormal_Sperm/Abnormal_Sperm (386).bmp,3,calib
smids/Abnormal_Sperm/Abnormal_Sperm (391).bmp,3,calib
smids/Abnormal_Sperm/Abnormal_Sperm (394).bmp,3,calib
smids/Abnormal_Sperm/Abnormal_Sperm (403).bmp,3,calib
smids/Abnormal_Sperm/Abnormal_Sperm (41).bmp,3,calib
smids/Abnormal_Sperm/Abnormal_Sperm (413).bmp,3,calib
smids/Abnormal_Sperm/Abnormal_Sperm (42).bmp,3,calib
smids/Abnormal_Sperm/Abnormal_Sperm (427).bmp,3,calib
smids/Abnormal_Sperm/Abnormal_Sperm (428).bmp,3,calib
smids/Abnormal_Sperm/Abnormal_Sperm (43).bmp,3,calib
smids/Abnormal_Sperm/Abnormal_Sperm (433).bmp,3,calib
smids/Abnormal_Sperm/Abnormal_Sperm (443).bmp,3,calib
smids/Abnormal_Sperm/Abnormal_Sperm (456).bmp,3,calib
smids/Abnormal_Sperm/Abnormal_Sperm (465).bmp,3,calib
smids/Abnormal_Sperm/Abnormal_Sperm (470).bmp,3,calib
smids/Abnormal_Sperm/Abnormal_Sperm (48).bmp,3,calib
smids/Abnormal_Sperm/Abnormal_Sperm (484).bmp,3,calib
smids/Abnormal_Sperm/Abnormal_Sperm (494).bmp,3,calib
smids/Abnormal_Sperm/Abnormal_Sperm (5).bmp,3,calib
smids/Abnormal_Sperm/Abnormal_Sperm (506).bmp,3,calib
smids/Abnormal_Sperm/Abnormal_Sperm (514).bmp,3,calib
smids/Abnormal_Sperm/Abnormal_Sperm (519).bmp,3,calib
smids/Abnormal_Sperm/Abnormal_Sperm (524).bmp,3,calib
smids/Abnormal_Sperm/Abnormal_Sperm (533).bmp,3,calib
smids/Abnormal_Sperm/Abnormal_Sperm (538).bmp,3,calib
smids/Abnormal_Sperm/Abnormal_Sperm (548).bmp,3,calib
smids/Abnormal_Sperm/Abnormal_Sperm (554).bmp,3,calib
smids/Abnormal_Sperm/Abnormal_Sperm (561).bmp,3,calib
smids/Abnormal_Sperm/Abnormal_Sperm (564).bmp,3,calib
smids/Abnormal_Sperm/Abnormal_Sperm (569).bmp,3,calib
smids/Abnormal_Sperm/Abnormal_Sperm (577).bmp,3,calib
smids/Abnormal_Sperm/Abnormal_Sperm (578).bmp,3,calib
smids/Abnormal_Sperm/Abnormal_Sperm (606).bmp,3,calib
smids/Abnormal_Sperm/Abnormal_Sperm (613).bmp,3,calib
smids/Abnormal_Sperm/Abnormal_Sperm (621).bmp,3,calib
smids/Abnormal_Sperm/Abnormal_Sperm (628).bmp,3,calib
smids/Abnormal_Sperm/Abnormal_Sperm (635).bmp,3,calib
smids/Abnormal_Sperm/Abnormal_Sperm (636).bmp,3,calib
smids/Abnormal_Sperm/Abnormal_Sperm (638).bmp,3,calib
smids/Abnormal_Sperm/Abnormal_Sperm (639).bmp,3,calib
smids/Abnormal_Sperm/Abnormal_Sperm (651).bmp,3,calib
smids/Abnormal_Sperm/Abnormal_Sperm (654).bmp,3,calib
smids/Abnormal_Sperm/Abnormal_Sperm (659).bmp,3,calib
smids/Abnormal_Sperm/Abnormal_Sperm (663).bmp,3,calib
smids/Abnormal_Sperm/Abnormal_Sperm (672).bmp,3,calib
smids/Abnormal_Sperm/Abnormal_Sperm (673).bmp,3,calib
smids/Abnormal_Sperm/Abnormal_Sperm (699).bmp,3,calib
smids/Abnormal_Sperm/Abnormal_Sperm (7).bmp,3,calib
smids/Abnormal_Sperm/Abnormal_Sperm (70).bmp,3,calib
smids/Abnormal_Sperm/Abnormal_Sperm (702).bmp,3,calib
smids/Abnormal_Sperm/Abnormal_Sperm (705).bmp,3,calib
smids/Abnormal_Sperm/Abnormal_Sperm (712).bmp,3,calib
smids/Abnormal_Sperm/Abnormal_Sperm (714).bmp,3,calib
smids/Abnormal_Sperm/Abnormal_Sperm (723).bmp,3,calib
smids/Abnormal_Sperm/Abnormal_Sperm (724).bmp,3,calib
smids/Abnormal_Sperm/Abnormal_Sperm (725).bmp,3,calib
smids/Abnormal_Sperm/Abnormal_Sperm (731).bmp,3,calib
smids/Abnormal_Sperm/Abnormal_Sperm (749).bmp,3,calib
smids/Abnormal_Sperm/Abnormal_Sperm (75).bmp,3,calib
smids/Abnormal_Sperm/Abnormal_Sperm (760).bmp,3,calib
smids/Abnormal_Sperm/Abnormal_Sperm (761).bmp,3,calib
smids/Abnormal_Sperm/Abnormal_Sperm (764).bmp,3,calib
smids/Abnormal_Sperm/Abnormal_Sperm (769).bmp,3,calib
smids/Abnormal_Sperm/Abnormal_Sperm (772).bmp,3,calib
smids/Abnormal_Sperm/Abnormal_Sperm (776).bmp,3,calib
smids/Abnormal_Sperm/Abnormal_Sperm (779).bmp,3,calib
smids/Abnormal_Sperm/Abnormal_Sperm (781).bmp,3,calib
smids/Abnormal_Sperm/Abnormal_Sperm (786).bmp,3,calib
smids/Abnormal_Sperm/Abnormal_Sperm (792).bmp,3,calib
smids/Abnormal_Sperm/Abnormal_Sperm (796).bmp,3,calib
smids/Abnormal_Sperm/Abnormal_Sperm (798).bmp,3,calib
smids/Abnormal_Sperm/Abnormal_Sperm (806).bmp,3,calib
smids/Abnormal_Sperm/Abnormal_Sperm (814).bmp,3,calib
smids/Abnormal_Sperm/Abnormal_Sperm (82).bmp,3,calib
smids/Abnormal_Sperm/Abnormal_Sperm (820).bmp,3,calib
smids/Abnormal_Sperm/Abnormal_Sperm (83).bmp,3,calib
smids/Abnormal_Sperm/Abnormal_Sperm (837).bmp,3,calib
smids/Abnormal_Sperm/Abnormal_Sperm (839).bmp,3,calib
smids/Abnormal_Sperm/Abnormal_Sperm (844).bmp,3,calib
smids/Abnormal_Sperm/Abnormal_Sperm (858).bmp,3,calib
smids/Abnormal_Sperm/Abnormal_Sperm (86).bmp,3,calib
smids/Abnormal_Sperm/Abnormal_Sperm (866).bmp,3,calib
smids/Abnormal_Sperm/Abnormal_Sperm (882).bmp,3,calib
smids/Abnormal_Sperm/Abnormal_Sperm (889).bmp,3,calib
smids/Abnormal_Sperm/Abnormal_Sperm (89).bmp,3,calib
smids/Abnormal_Sperm/Abnormal_Sperm (901).bmp,3,calib
smids/Abnormal_Sperm/Abnormal_Sperm (908).bmp,3,calib
smids/Abnormal_Sperm/Abnormal_Sperm (910).bmp,3,calib
smids/Abnormal_Sperm/Abnormal_Sperm (928).bmp,3,calib
smids/Abnormal_Sperm/Abnormal_Sperm (939).bmp,3,calib
smids/Abnormal_Sperm/Abnormal_Sperm (94).bmp,3,calib
smids/Abnormal_Sperm/Abnormal_Sperm (942).bmp,3,calib
smids/Abnormal_Sperm/Abnormal_Sperm (955).bmp,3,calib
smids/Abnormal_Sperm/Abnormal_Sperm (969).bmp,3,calib
smids/Abnormal_Sperm/Abnormal_Sperm (97).bmp,3,calib
smids/Abnormal_Sperm/Abnormal_Sperm (970).bmp,3,calib
smids/Abnormal_Sperm/Abnormal_Sperm (971).bmp,3,calib
smids/Abnormal_Sperm/Abnormal_Sperm (976).bmp,3,calib
smids/Abnormal_Sperm/Abnormal_Sperm (987).bmp,3,calib
smids/Abnormal_Sperm/Abnormal_Sperm (996).bmp,3,calib
smids/Abnormal_Sperm/Abnormal_Sperm (997).bmp,3,calib
smids/Abnormal_Sperm/Abnormal_Sperm (999).bmp,3,calib
smids/Non-Sperm/Non-Sperm (10).bmp,3,calib
smids/Non-Sperm/Non-Sperm (107).bmp,3,calib
smids/Non-Sperm/Non-Sperm (108).bmp,3,calib
smids/Non-Sperm/Non-Sperm (113).bmp,3,calib
smids/Non-Sperm/Non-Sperm (13).bmp,3,calib
smids/Non-Sperm/Non-Sperm (131).bmp,3,calib
smids/Non-Sperm/Non-Sperm (132).bmp,3,calib
smids/Non-Sperm/Non-Sperm (133).bmp,3,calib
smids/Non-Sperm/Non-Sperm (140).bmp,3,calib
smids/Non-Sperm/Non-Sperm (141).bmp,3,calib
smids/Non-Sperm/Non-Sperm (144).bmp,3,calib
smids/Non-Sperm/Non-Sperm (158).bmp,3,calib
smids/Non-Sperm/Non-Sperm (162).bmp,3,calib
smids/Non-Sperm/Non-Sperm (164).bmp,3,calib
smids/Non-Sperm/Non-Sperm (167).bmp,3,calib
smids/Non-Sperm/Non-Sperm (173).bmp,3,calib
smids/Non-Sperm/Non-Sperm (175).bmp,3,calib
smids/Non-Sperm/Non-Sperm (177).bmp,3,calib
smids/Non-Sperm/Non-Sperm (178).bmp,3,calib
smids/Non-Sperm/Non-Sperm (18).bmp,3,calib
smids/Non-Sperm/Non-Sperm (181).bmp,3,calib
smids/Non-Sperm/Non-Sperm (186).bmp,3,calib
smids/Non-Sperm/Non-Sperm (188).bmp,3,calib
smids/Non-Sperm/Non-Sperm (216).bmp,3,calib
smids/Non-Sperm/Non-Sperm (217).bmp,3,calib
smids/Non-Sperm/Non-Sperm (221).bmp,3,calib
smids/Non-Sperm/Non-Sperm (223).bmp,3,calib
smids/Non-Sperm/Non-Sperm (240).bmp,3,calib
smids/Non-Sperm/Non-Sperm (243).bmp,3,calib
smids/Non-Sperm/Non-Sperm (253).bmp,3,calib
smids/Non-Sperm/Non-Sperm (254).bmp,3,calib
smids/Non-Sperm/Non-Sperm (257).bmp,3,calib
smids/Non-Sperm/Non-Sperm (258).bmp,3,calib
smids/Non-Sperm/Non-Sperm (261).bmp,3,calib
smids/Non-Sperm/Non-Sperm (265).bmp,3,calib
smids/Non-Sperm/Non-Sperm (278).bmp,3,calib
smids/Non-Sperm/Non-Sperm (28).bmp,3,calib
smids/Non-Sperm/Non-Sperm (291).bmp,3,calib
smids/Non-Sperm/Non-Sperm (298).bmp,3,calib
smids/Non-Sperm/Non-Sperm (30).bmp,3,calib
smids/Non-Sperm/Non-Sperm (301).bmp,3,calib
smids/Non-Sperm/Non-Sperm (302).bmp,3,calib
smids/Non-Sperm/Non-Sperm (316).bmp,3,calib
smids/Non-Sperm/Non-Sperm (319).bmp,3,calib
smids/Non-Sperm/Non-Sperm (32).bmp,3,calib
smids/Non-Sperm/Non-Sperm (335).bmp,3,calib
smids/Non-Sperm/Non-Sperm (344).bmp,3,calib
smids/Non-Sperm/Non-Sperm (349).bmp,3,calib
smids/Non-Sperm/Non-Sperm (351).bmp,3,calib
smids/Non-Sperm/Non-Sperm (353).bmp,3,calib
smids/Non-Sperm/Non-Sperm (354).bmp,3,calib
smids/Non-Sperm/Non-Sperm (356).bmp,3,calib
smids/Non-Sperm/Non-Sperm (357).bmp,3,calib
smids/Non-Sperm/Non-Sperm (359).bmp,3,calib
smids/Non-Sperm/Non-Sperm (360).bmp,3,calib
smids/Non-Sperm/Non-Sperm (384).bmp,3,calib
smids/Non-Sperm/Non-Sperm (396).bmp,3,calib
smids/Non-Sperm/Non-Sperm (397).bmp,3,calib
smids/Non-Sperm/Non-Sperm (399).bmp,3,calib
smids/Non-Sperm/Non-Sperm (409).bmp,3,calib
smids/Non-Sperm/Non-Sperm (416).bmp,3,calib
smids/Non-Sperm/Non-Sperm (43).bmp,3,calib
smids/Non-Sperm/Non-Sperm (431).bmp,3,calib
smids/Non-Sperm/Non-Sperm (44).bmp,3,calib
smids/Non-Sperm/Non-Sperm (440).bmp,3,calib
smids/Non-Sperm/Non-Sperm (446).bmp,3,calib
smids/Non-Sperm/Non-Sperm (459).bmp,3,calib
smids/Non-Sperm/Non-Sperm (460).bmp,3,calib
smids/Non-Sperm/Non-Sperm (464).bmp,3,calib
smids/Non-Sperm/Non-Sperm (467).bmp,3,calib
smids/Non-Sperm/Non-Sperm (472).bmp,3,calib
smids/Non-Sperm/Non-Sperm (473).bmp,3,calib
smids/Non-Sperm/Non-Sperm (478).bmp,3,calib
smids/Non-Sperm/Non-Sperm (479).bmp,3,calib
smids/Non-Sperm/Non-Sperm (480).bmp,3,calib
smids/Non-Sperm/Non-Sperm (484).bmp,3,calib
smids/Non-Sperm/Non-Sperm (502).bmp,3,calib
smids/Non-Sperm/Non-Sperm (504).bmp,3,calib
smids/Non-Sperm/Non-Sperm (510).bmp,3,calib
smids/Non-Sperm/Non-Sperm (515).bmp,3,calib
smids/Non-Sperm/Non-Sperm (517).bmp,3,calib
smids/Non-Sperm/Non-Sperm (518).bmp,3,calib
smids/Non-Sperm/Non-Sperm (524).bmp,3,calib
smids/Non-Sperm/Non-Sperm (528).bmp,3,calib
smids/Non-Sperm/Non-Sperm (53).bmp,3,calib
smids/Non-Sperm/Non-Sperm (530).bmp,3,calib
smids/Non-Sperm/Non-Sperm (533).bmp,3,calib
smids/Non-Sperm/Non-Sperm (546).bmp,3,calib
smids/Non-Sperm/Non-Sperm (550).bmp,3,calib
smids/Non-Sperm/Non-Sperm (555).bmp,3,calib
smids/Non-Sperm/Non-Sperm (562).bmp,3,calib
smids/Non-Sperm/Non-Sperm (567).bmp,3,calib
smids/Non-Sperm/Non-Sperm (578).bmp,3,calib
smids/Non-Sperm/Non-Sperm (59).bmp,3,calib
smids/Non-Sperm/Non-Sperm (60).bmp,3,calib
smids/Non-Sperm/Non-Sperm (603).bmp,3,calib
smids/Non-Sperm/Non-Sperm (609).bmp,3,calib
smids/Non-Sperm/Non-Sperm (612).bmp,3,calib
smids/Non-Sperm/Non-Sperm (621).bmp,3,calib
smids/Non-Sperm/Non-Sperm (623).bmp,3,calib
smids/Non-Sperm/Non-Sperm (633).bmp,3,calib
smids/Non-Sperm/Non-Sperm (64).bmp,3,calib
smids/Non-Sperm/Non-Sperm (640).bmp,3,calib
smids/Non-Sperm/Non-Sperm (644).bmp,3,calib
smids/Non-Sperm/Non-Sperm (652).bmp,3,calib
smids/Non-Sperm/Non-Sperm (655).bmp,3,calib
smids/Non-Sperm/Non-Sperm (66).bmp,3,calib
smids/Non-Sperm/Non-Sperm (674).bmp,3,calib
smids/Non-Sperm/Non-Sperm (675).bmp,3,calib
smids/Non-Sperm/Non-Sperm (678).bmp,3,calib
smids/Non-Sperm/Non-Sperm (679).bmp,3,calib
smids/Non-Sperm/Non-Sperm (687).bmp,3,calib
smids/Non-Sperm/Non-Sperm (694).bmp,3,calib
smids/Non-Sperm/Non-Sperm (71).bmp,3,calib
smids/Non-Sperm/Non-Sperm (727).bmp,3,calib
smids/Non-Sperm/Non-Sperm (740).bmp,3,calib
smids/Non-Sperm/Non-Sperm (749).bmp,3,calib
smids/Non-Sperm/Non-Sperm (765).bmp,3,calib
smids/Non-Sperm/Non-Sperm (766).bmp,3,calib
smids/Non-Sperm/Non-Sperm (769).bmp,3,calib
smids/Non-Sperm/Non-Sperm (77).bmp,3,calib
smids/Non-Sperm/Non-Sperm (780).bmp,3,calib
smids/Non-Sperm/Non-Sperm (782).bmp,3,calib
smids/Non-Sperm/Non-Sperm (797).bmp,3,calib
smids/Non-Sperm/Non-Sperm (800).bmp,3,calib
smids/Non-Sperm/Non-Sperm (803).bmp,3,calib
smids/Non-Sperm/Non-Sperm (806).bmp,3,calib
smids/Non-Sperm/Non-Sperm (809).bmp,3,calib
smids/Non-Sperm/Non-Sperm (816).bmp,3,calib
smids/Non-Sperm/Non-Sperm (819).bmp,3,calib
smids/Non-Sperm/Non-Sperm (834).bmp,3,calib
smids/Non-Sperm/Non-Sperm (837).bmp,3,calib
smids/Non-Sperm/Non-Sperm (840).bmp,3,calib
smids/Non-Sperm/Non-Sperm (844).bmp,3,calib
smids/Non-Sperm/Non-Sperm (846).bmp,3,calib
smids/Non-Sperm/Non-Sperm (848).bmp,3,calib
smids/Non-Sperm/Non-Sperm (85).bmp,3,calib
smids/Non-Sperm/Non-Sperm (855).bmp,3,calib
smids/Non-Sperm/Non-Sperm (863).bmp,3,calib
smids/Non-Sperm/Non-Sperm (864).bmp,3,calib
smids/Non-Sperm/Non-Sperm (867).bmp,3,calib
smids/Non-Sperm/Non-Sperm (890).bmp,3,calib
smids/Non-Sperm/Non-Sperm (893).bmp,3,calib
smids/Non-Sperm/Non-Sperm (899).bmp,3,calib
smids/Non-Sperm/Non-Sperm (905).bmp,3,calib
smids/Non-Sperm/Non-Sperm (91).bmp,3,calib
smids/Non-Sperm/Non-Sperm (911).bmp,3,calib
smids/Non-Sperm/Non-Sperm (913).bmp,3,calib
smids/Non-Sperm/Non-Sperm (924).bmp,3,calib
smids/Non-Sperm/Non-Sperm (931).bmp,3,calib
smids/Non-Sperm/Non-Sperm (934).bmp,3,calib
smids/Non-Sperm/Non-Sperm (942).bmp,3,calib
smids/Non-Sperm/Non-Sperm (954).bmp,3,calib
smids/Non-Sperm/Non-Sperm (956).bmp,3,calib
smids/Non-Sperm/Non-Sperm (960).bmp,3,calib
smids/Non-Sperm/Non-Sperm (962).bmp,3,calib
smids/Normal_Sperm/Normal_Sperm (1017).bmp,3,calib
smids/Normal_Sperm/Normal_Sperm (1019).bmp,3,calib
smids/Normal_Sperm/Normal_Sperm (105).bmp,3,calib
smids/Normal_Sperm/Normal_Sperm (106).bmp,3,calib
smids/Normal_Sperm/Normal_Sperm (112).bmp,3,calib
smids/Normal_Sperm/Normal_Sperm (117).bmp,3,calib
smids/Normal_Sperm/Normal_Sperm (125).bmp,3,calib
smids/Normal_Sperm/Normal_Sperm (126).bmp,3,calib
smids/Normal_Sperm/Normal_Sperm (13).bmp,3,calib
smids/Normal_Sperm/Normal_Sperm (135).bmp,3,calib
smids/Normal_Sperm/Normal_Sperm (137).bmp,3,calib
smids/Normal_Sperm/Normal_Sperm (138).bmp,3,calib
smids/Normal_Sperm/Normal_Sperm (144).bmp,3,calib
smids/Normal_Sperm/Normal_Sperm (153).bmp,3,calib
smids/Normal_Sperm/Normal_Sperm (162).bmp,3,calib
smids/Normal_Sperm/Normal_Sperm (165).bmp,3,calib
smids/Normal_Sperm/Normal_Sperm (167).bmp,3,calib
smids/Normal_Sperm/Normal_Sperm (168).bmp,3,calib
smids/Normal_Sperm/Normal_Sperm (17).bmp,3,calib
smids/Normal_Sperm/Normal_Sperm (176).bmp,3,calib
smids/Normal_Sperm/Normal_Sperm (182).bmp,3,calib
smids/Normal_Sperm/Normal_Sperm (183).bmp,3,calib
smids/Normal_Sperm/Normal_Sperm (186).bmp,3,calib
smids/Normal_Sperm/Normal_Sperm (195).bmp,3,calib
smids/Normal_Sperm/Normal_Sperm (196).bmp,3,calib
smids/Normal_Sperm/Normal_Sperm (197).bmp,3,calib
smids/Normal_Sperm/Normal_Sperm (2).bmp,3,calib
smids/Normal_Sperm/Normal_Sperm (21).bmp,3,calib
smids/Normal_Sperm/Normal_Sperm (228).bmp,3,calib
smids/Normal_Sperm/Normal_Sperm (237).bmp,3,calib
smids/Normal_Sperm/Normal_Sperm (238).bmp,3,calib
smids/Normal_Sperm/Normal_Sperm (239).bmp,3,calib
smids/Normal_Sperm/Normal_Sperm (248).bmp,3,calib
smids/Normal_Sperm/Normal_Sperm (252).bmp,3,calib
smids/Normal_Sperm/Normal_Sperm (254).bmp,3,calib
smids/Normal_Sperm/Normal_Sperm (263).bmp,3,calib
smids/Normal_Sperm/Normal_Sperm (268).bmp,3,calib
smids/Normal_Sperm/Normal_Sperm (277).bmp,3,calib
smids/Normal_Sperm/Normal_Sperm (278).bmp,3,calib
smids/Normal_Sperm/Normal_Sperm (283).bmp,3,calib
smids/Normal_Sperm/Normal_Sperm (29).bmp,3,calib
smids/Normal_Sperm/Normal_Sperm (3).bmp,3,calib
smids/Normal_Sperm/Normal_Sperm (30).bmp,3,calib
smids/Normal_Sperm/Normal_Sperm (308).bmp,3,calib
smids/Normal_Sperm/Normal_Sperm (320).bmp,3,calib
smids/Normal_Sperm/Normal_Sperm (321).bmp,3,calib
smids/Normal_Sperm/Normal_Sperm (329).bmp,3,calib
smids/Normal_Sperm/Normal_Sperm (34).bmp,3,calib
smids/Normal_Sperm/Normal_Sperm (359).bmp,3,calib
smids/Normal_Sperm/Normal_Sperm (360).bmp,3,calib
smids/Normal_Sperm/Normal_Sperm (375).bmp,3,calib
smids/Normal_Sperm/Normal_Sperm (378).bmp,3,calib
smids/Normal_Sperm/Normal_Sperm (38).bmp,3,calib
smids/Normal_Sperm/Normal_Sperm (383).bmp,3,calib
smids/Normal_Sperm/Normal_Sperm (388).bmp,3,calib
smids/Normal_Sperm/Normal_Sperm (393).bmp,3,calib
smids/Normal_Sperm/Normal_Sperm (4).bmp,3,calib
smids/Normal_Sperm/Normal_Sperm (400).bmp,3,calib
smids/Normal_Sperm/Normal_Sperm (41).bmp,3,calib
smids/Normal_Sperm/Normal_Sperm (413).bmp,3,calib
smids/Normal_Sperm/Normal_Sperm (42).bmp,3,calib
smids/Normal_Sperm/Normal_Sperm (420).bmp,3,calib
smids/Normal_Sperm/Normal_Sperm (433).bmp,3,calib
smids/Normal_Sperm/Normal_Sperm (45).bmp,3,calib
smids/Normal_Sperm/Normal_Sperm (451).bmp,3,calib
smids/Normal_Sperm/Normal_Sperm (452).bmp,3,calib
smids/Normal_Sperm/Normal_Sperm (469).bmp,3,calib
smids/Normal_Sperm/Normal_Sperm (477).bmp,3,calib
smids/Normal_Sperm/Normal_Sperm (484).bmp,3,calib
smids/Normal_Sperm/Normal_Sperm (488).bmp,3,calib
smids/Normal_Sperm/Normal_Sperm (517).bmp,3,calib
smids/Normal_Sperm/Normal_Sperm (519).bmp,3,calib
smids/Normal_Sperm/Normal_Sperm (534).bmp,3,calib
smids/Normal_Sperm/Normal_Sperm (536).bmp,3,calib
smids/Normal_Sperm/Normal_Sperm (537).bmp,3,calib
smids/Normal_Sperm/Normal_Sperm (542).bmp,3,calib
smids/Normal_Sperm/Normal_Sperm (543).bmp,3,calib
smids/Normal_Sperm/Normal_Sperm (544).bmp,3,calib
smids/Normal_Sperm/Normal_Sperm (56).bmp,3,calib
smids/Normal_Sperm/Normal_Sperm (57).bmp,3,calib
smids/Normal_Sperm/Normal_Sperm (570).bmp,3,calib
smids/Normal_Sperm/Normal_Sperm (580).bmp,3,calib
smids/Normal_Sperm/Normal_Sperm (581).bmp,3,calib
smids/Normal_Sperm/Normal_Sperm (584).bmp,3,calib
smids/Normal_Sperm/Normal_Sperm (597).bmp,3,calib
smids/Normal_Sperm/Normal_Sperm (609).bmp,3,calib
smids/Normal_Sperm/Normal_Sperm (612).bmp,3,calib
smids/Normal_Sperm/Normal_Sperm (616).bmp,3,calib
smids/Normal_Sperm/Normal_Sperm (619).bmp,3,calib
smids/Normal_Sperm/Normal_Sperm (621).bmp,3,calib
smids/Normal_Sperm/Normal_Sperm (625).bmp,3,calib
smids/Normal_Sperm/Normal_Sperm (63).bmp,3,calib
smids/Normal_Sperm/Normal_Sperm (630).bmp,3,calib
smids/Normal_Sperm/Normal_Sperm (637).bmp,3,calib
smids/Normal_Sperm/Normal_Sperm (638).bmp,3,calib
smids/Normal_Sperm/Normal_Sperm (645).bmp,3,calib
smids/Normal_Sperm/Normal_Sperm (646).bmp,3,calib
smids/Normal_Sperm/Normal_Sperm (652).bmp,3,calib
smids/Normal_Sperm/Normal_Sperm (659).bmp,3,calib
smids/Normal_Sperm/Normal_Sperm (68).bmp,3,calib
smids/Normal_Sperm/Normal_Sperm (685).bmp,3,calib
smids/Normal_Sperm/Normal_Sperm (687).bmp,3,calib
smids/Normal_Sperm/Normal_Sperm (695).bmp,3,calib
smids/Normal_Sperm/Normal_Sperm (702).bmp,3,calib
smids/Normal_Sperm/Normal_Sperm (705).bmp,3,calib
smids/Normal_Sperm/Normal_Sperm (710).bmp,3,calib
smids/Normal_Sperm/Normal_Sperm (716).bmp,3,calib
smids/Normal_Sperm/Normal_Sperm (737).bmp,3,calib
smids/Normal_Sperm/Normal_Sperm (75).bmp,3,calib
smids/Normal_Sperm/Normal_Sperm (757).bmp,3,calib
smids/Normal_Sperm/Normal_Sperm (758).bmp,3,calib
smids/Normal_Sperm/Normal_Sperm (760).bmp,3,calib
smids/Normal_Sperm/Normal_Sperm (767).bmp,3,calib
smids/Normal_Sperm/Normal_Sperm (771).bmp,3,calib
smids/Normal_Sperm/Normal_Sperm (777).bmp,3,calib
smids/Normal_Sperm/Normal_Sperm (784).bmp,3,calib
smids/Normal_Sperm/Normal_Sperm (790).bmp,3,calib
smids/Normal_Sperm/Normal_Sperm (801).bmp,3,calib
smids/Normal_Sperm/Normal_Sperm (802).bmp,3,calib
smids/Normal_Sperm/Normal_Sperm (803).bmp,3,calib
smids/Normal_Sperm/Normal_Sperm (805).bmp,3,calib
smids/Normal_Sperm/Normal_Sperm (811).bmp,3,calib
smids/Normal_Sperm/Normal_Sperm (816).bmp,3,calib
smids/Normal_Sperm/Normal_Sperm (823).bmp,3,calib
smids/Normal_Sperm/Normal_Sperm (827).bmp,3,calib
smids/Normal_Sperm/Normal_Sperm (840).bmp,3,calib
smids/Normal_Sperm/Normal_Sperm (841).bmp,3,calib
smids/Normal_Sperm/Normal_Sperm (846).bmp,3,calib
smids/Normal_Sperm/Normal_Sperm (848).bmp,3,calib
smids/Normal_Sperm/Normal_Sperm (85).bmp,3,calib
smids/Normal_Sperm/Normal_Sperm (852).bmp,3,calib
smids/Normal_Sperm/Normal_Sperm (86).bmp,3,calib
smids/Normal_Sperm/Normal_Sperm (861).bmp,3,calib
smids/Normal_Sperm/Normal_Sperm (864).bmp,3,calib
smids/Normal_Sperm/Normal_Sperm (868).bmp,3,calib
smids/Normal_Sperm/Normal_Sperm (872).bmp,3,calib
smids/Normal_Sperm/Normal_Sperm (874).bmp,3,calib
smids/Normal_Sperm/Normal_Sperm (884).bmp,3,calib
smids/Normal_Sperm/Normal_Sperm (891).bmp,3,calib
smids/Normal_Sperm/Normal_Sperm (896).bmp,3,calib
smids/Normal_Sperm/Normal_Sperm (897).bmp,3,calib
smids/Normal_Sperm/Normal_Sperm (898).bmp,3,calib
smids/Normal_Sperm/Normal_Sperm (900).bmp,3,calib
smids/Normal_Sperm/Normal_Sperm (908).bmp,3,calib
smids/Normal_Sperm/Normal_Sperm (915).bmp,3,calib
smids/Normal_Sperm/Normal_Sperm (918).bmp,3,calib
smids/Normal_Sperm/Normal_Sperm (92).bmp,3,calib
smids/Normal_Sperm/Normal_Sperm (922).bmp,3,calib
smids/Normal_Sperm/Normal_Sperm (924).bmp,3,calib
smids/Normal_Sperm/Normal_Sperm (932).bmp,3,calib
smids/Normal_Sperm/Normal_Sperm (94).bmp,3,calib
smids/Normal_Sperm/Normal_Sperm (942).bmp,3,calib
smids/Normal_Sperm/Normal_Sperm (944).bmp,3,calib
smids/Normal_Sperm/Normal_Sperm (957).bmp,3,calib
smids/Normal_Sperm/Normal_Sperm (96).bmp,3,calib
smids/Normal_Sperm/Normal_Sperm (961).bmp,3,calib
smids/Normal_Sperm/Normal_Sperm (966).bmp,3,calib
smids/Normal_Sperm/Normal_Sperm (970).bmp,3,calib
smids/Normal_Sperm/Normal_Sperm (976).bmp,3,calib
smids/Normal_Sperm/Normal_Sperm (998).bmp,3,calib
smids/Abnormal_Sperm/Abnormal_Sperm (1004).bmp,3,test
smids/Abnormal_Sperm/Abnormal_Sperm (102).bmp,3,test
smids/Abnormal_Sperm/Abnormal_Sperm (103).bmp,3,test
smids/Abnormal_Sperm/Abnormal_Sperm (108).bmp,3,test
smids/Abnormal_Sperm/Abnormal_Sperm (110).bmp,3,test
smids/Abnormal_Sperm/Abnormal_Sperm (112).bmp,3,test
smids/Abnormal_Sperm/Abnormal_Sperm (12).bmp,3,test
smids/Abnormal_Sperm/Abnormal_Sperm (120).bmp,3,test
smids/Abnormal_Sperm/Abnormal_Sperm (129).bmp,3,test
smids/Abnormal_Sperm/Abnormal_Sperm (13).bmp,3,test
smids/Abnormal_Sperm/Abnormal_Sperm (143).bmp,3,test
smids/Abnormal_Sperm/Abnormal_Sperm (148).bmp,3,test
smids/Abnormal_Sperm/Abnormal_Sperm (151).bmp,3,test
smids/Abnormal_Sperm/Abnormal_Sperm (158).bmp,3,test
smids/Abnormal_Sperm/Abnormal_Sperm (16).bmp,3,test
smids/Abnormal_Sperm/Abnormal_Sperm (17).bmp,3,test
smids/Abnormal_Sperm/Abnormal_Sperm (172).bmp,3,test
smids/Abnormal_Sperm/Abnormal_Sperm (174).bmp,3,test
smids/Abnormal_Sperm/Abnormal_Sperm (179).bmp,3,test
smids/Abnormal_Sperm/Abnormal_Sperm (191).bmp,3,test
smids/Abnormal_Sperm/Abnormal_Sperm (195).bmp,3,test
smids/Abnormal_Sperm/Abnormal_Sperm (196).bmp,3,test
smids/Abnormal_Sperm/Abnormal_Sperm (199).bmp,3,test
smids/Abnormal_Sperm/Abnormal_Sperm (216).bmp,3,test
smids/Abnormal_Sperm/Abnormal_Sperm (217).bmp,3,test
smids/Abnormal_Sperm/Abnormal_Sperm (221).bmp,3,test
smids/Abnormal_Sperm/Abnormal_Sperm (222).bmp,3,test
smids/Abnormal_Sperm/Abnormal_Sperm (223).bmp,3,test
smids/Abnormal_Sperm/Abnormal_Sperm (23).bmp,3,test
smids/Abnormal_Sperm/Abnormal_Sperm (233).bmp,3,test
smids/Abnormal_Sperm/Abnormal_Sperm (235).bmp,3,test
smids/Abnormal_Sperm/Abnormal_Sperm (241).bmp,3,test
smids/Abnormal_Sperm/Abnormal_Sperm (243).bmp,3,test
smids/Abnormal_Sperm/Abnormal_Sperm (248).bmp,3,test
smids/Abnormal_Sperm/Abnormal_Sperm (251).bmp,3,test
smids/Abnormal_Sperm/Abnormal_Sperm (257).bmp,3,test
smids/Abnormal_Sperm/Abnormal_Sperm (259).bmp,3,test
smids/Abnormal_Sperm/Abnormal_Sperm (265).bmp,3,test
smids/Abnormal_Sperm/Abnormal_Sperm (266).bmp,3,test
smids/Abnormal_Sperm/Abnormal_Sperm (276).bmp,3,test
smids/Abnormal_Sperm/Abnormal_Sperm (280).bmp,3,test
smids/Abnormal_Sperm/Abnormal_Sperm (288).bmp,3,test
smids/Abnormal_Sperm/Abnormal_Sperm (296).bmp,3,test
smids/Abnormal_Sperm/Abnormal_Sperm (300).bmp,3,test
smids/Abnormal_Sperm/Abnormal_Sperm (303).bmp,3,test
smids/Abnormal_Sperm/Abnormal_Sperm (307).bmp,3,test
smids/Abnormal_Sperm/Abnormal_Sperm (309).bmp,3,test
smids/Abnormal_Sperm/Abnormal_Sperm (31).bmp,3,test
smids/Abnormal_Sperm/Abnormal_Sperm (311).bmp,3,test
smids/Abnormal_Sperm/Abnormal_Sperm (313).bmp,3,test
smids/Abnormal_Sperm/Abnormal_Sperm (315).bmp,3,test
smids/Abnormal_Sperm/Abnormal_Sperm (316).bmp,3,test
smids/Abnormal_Sperm/Abnormal_Sperm (337).bmp,3,test
smids/Abnormal_Sperm/Abnormal_Sperm (345).bmp,3,test
smids/Abnormal_Sperm/Abnormal_Sperm (347).bmp,3,test
smids/Abnormal_Sperm/Abnormal_Sperm (349).bmp,3,test
smids/Abnormal_Sperm/Abnormal_Sperm (350).bmp,3,test
smids/Abnormal_Sperm/Abnormal_Sperm (354).bmp,3,test
smids/Abnormal_Sperm/Abnormal_Sperm (359).bmp,3,test
smids/Abnormal_Sperm/Abnormal_Sperm (362).bmp,3,test
smids/Abnormal_Sperm/Abnormal_Sperm (363).bmp,3,test
smids/Abnormal_Sperm/Abnormal_Sperm (368).bmp,3,test
smids/Abnormal_Sperm/Abnormal_Sperm (369).bmp,3,test
smids/Abnormal_Sperm/Abnormal_Sperm (375).bmp,3,test
smids/Abnormal_Sperm/Abnormal_Sperm (378).bmp,3,test
smids/Abnormal_Sperm/Abnormal_Sperm (384).bmp,3,test
smids/Abnormal_Sperm/Abnormal_Sperm (385).bmp,3,test
smids/Abnormal_Sperm/Abnormal_Sperm (387).bmp,3,test
smids/Abnormal_Sperm/Abnormal_Sperm (389).bmp,3,test
smids/Abnormal_Sperm/Abnormal_Sperm (4).bmp,3,test
smids/Abnormal_Sperm/Abnormal_Sperm (402).bmp,3,test
smids/Abnormal_Sperm/Abnormal_Sperm (410).bmp,3,test
smids/Abnormal_Sperm/Abnormal_Sperm (414).bmp,3,test
smids/Abnormal_Sperm/Abnormal_Sperm (419).bmp,3,test
smids/Abnormal_Sperm/Abnormal_Sperm (420).bmp,3,test
smids/Abnormal_Sperm/Abnormal_Sperm (423).bmp,3,test
smids/Abnormal_Sperm/Abnormal_Sperm (425).bmp,3,test
smids/Abnormal_Sperm/Abnormal_Sperm (429).bmp,3,test
smids/Abnormal_Sperm/Abnormal_Sperm (432).bmp,3,test
smids/Abnormal_Sperm/Abnormal_Sperm (453).bmp,3,test
smids/Abnormal_Sperm/Abnormal_Sperm (455).bmp,3,test
smids/Abnormal_Sperm/Abnormal_Sperm (459).bmp,3,test
smids/Abnormal_Sperm/Abnormal_Sperm (464).bmp,3,test
smids/Abnormal_Sperm/Abnormal_Sperm (472).bmp,3,test
smids/Abnormal_Sperm/Abnormal_Sperm (474).bmp,3,test
smids/Abnormal_Sperm/Abnormal_Sperm (475).bmp,3,test
smids/Abnormal_Sperm/Abnormal_Sperm (479).bmp,3,test
smids/Abnormal_Sperm/Abnormal_Sperm (485).bmp,3,test
smids/Abnormal_Sperm/Abnormal_Sperm (488).bmp,3,test
smids/Abnormal_Sperm/Abnormal_Sperm (493).bmp,3,test
smids/Abnormal_Sperm/Abnormal_Sperm (500).bmp,3,test
smids/Abnormal_Sperm/Abnormal_Sperm (502).bmp,3,test
smids/Abnormal_Sperm/Abnormal_Sperm (505).bmp,3,test
smids/Abnormal_Sperm/Abnormal_Sperm (510).bmp,3,test
smids/Abnormal_Sperm/Abnormal_Sperm (511).bmp,3,test
smids/Abnormal_Sperm/Abnormal_Sperm (518).bmp,3,test
smids/Abnormal_Sperm/Abnormal_Sperm (521).bmp,3,test
smids/Abnormal_Sperm/Abnormal_Sperm (527).bmp,3,test
smids/Abnormal_Sperm/Abnormal_Sperm (528).bmp,3,test
smids/Abnormal_Sperm/Abnormal_Sperm (534).bmp,3,test
smids/Abnormal_Sperm/Abnormal_Sperm (542).bmp,3,test
smids/Abnormal_Sperm/Abnormal_Sperm (546).bmp,3,test
smids/Abnormal_Sperm/Abnormal_Sperm (550).bmp,3,test
smids/Abnormal_Sperm/Abnormal_Sperm (552).bmp,3,test
smids/Abnormal_Sperm/Abnormal_Sperm (556).bmp,3,test
smids/Abnormal_Sperm/Abnormal_Sperm (563).bmp,3,test
smids/Abnormal_Sperm/Abnormal_Sperm (568).bmp,3,test
smids/Abnormal_Sperm/Abnormal_Sperm (57).bmp,3,test
smids/Abnormal_Sperm/Abnormal_Sperm (579).bmp,3,test
smids/Abnormal_Sperm/Abnormal_Sperm (594).bmp,3,test
smids/Abnormal_Sperm/Abnormal_Sperm (595).bmp,3,test
smids/Abnormal_Sperm/Abnormal_Sperm (597).bmp,3,test
smids/Abnormal_Sperm/Abnormal_Sperm (600).bmp,3,test
smids/Abnormal_Sperm/Abnormal_Sperm (609).bmp,3,test
smids/Abnormal_Sperm/Abnormal_Sperm (616).bmp,3,test
smids/Abnormal_Sperm/Abnormal_Sperm (631).bmp,3,test
smids/Abnormal_Sperm/Abnormal_Sperm (634).bmp,3,test
smids/Abnormal_Sperm/Abnormal_Sperm (643).bmp,3,test
smids/Abnormal_Sperm/Abnormal_Sperm (648).bmp,3,test
smids/Abnormal_Sperm/Abnormal_Sperm (67).bmp,3,test
smids/Abnormal_Sperm/Abnormal_Sperm (679).bmp,3,test
smids/Abnormal_Sperm/Abnormal_Sperm (680).bmp,3,test
smids/Abnormal_Sperm/Abnormal_Sperm (684).bmp,3,test
smids/Abnormal_Sperm/Abnormal_Sperm (686).bmp,3,test
smids/Abnormal_Sperm/Abnormal_Sperm (687).bmp,3,test
smids/Abnormal_Sperm/Abnormal_Sperm (689).bmp,3,test
smids/Abnormal_Sperm/Abnormal_Sperm (69).bmp,3,test
smids/Abnormal_Sperm/Abnormal_Sperm (693).bmp,3,test
smids/Abnormal_Sperm/Abnormal_Sperm (696).bmp,3,test
smids/Abnormal_Sperm/Abnormal_Sperm (71).bmp,3,test
smids/Abnormal_Sperm/Abnormal_Sperm (711).bmp,3,test
smids/Abnormal_Sperm/Abnormal_Sperm (717).bmp,3,test
smids/Abnormal_Sperm/Abnormal_Sperm (720).bmp,3,test
smids/Abnormal_Sperm/Abnormal_Sperm (732).bmp,3,test
smids/Abnormal_Sperm/Abnormal_Sperm (736).bmp,3,test
smids/Abnormal_Sperm/Abnormal_Sperm (747).bmp,3,test
smids/Abnormal_Sperm/Abnormal_Sperm (750).bmp,3,test
smids/Abnormal_Sperm/Abnormal_Sperm (752).bmp,3,test
smids/Abnormal_Sperm/Abnormal_Sperm (754).bmp,3,test
smids/Abnormal_Sperm/Abnormal_Sperm (756).bmp,3,test
smids/Abnormal_Sperm/Abnormal_Sperm (759).bmp,3,test
smids/Abnormal_Sperm/Abnormal_Sperm (765).bmp,3,test
smids/Abnormal_Sperm/Abnormal_Sperm (774).bmp,3,test
smids/Abnormal_Sperm/Abnormal_Sperm (775).bmp,3,test
smids/Abnormal_Sperm/Abnormal_Sperm (795).bmp,3,test
smids/Abnormal_Sperm/Abnormal_Sperm (799).bmp,3,test
smids/Abnormal_Sperm/Abnormal_Sperm (800).bmp,3,test
smids/Abnormal_Sperm/Abnormal_Sperm (801).bmp,3,test
smids/Abnormal_Sperm/Abnormal_Sperm (804).bmp,3,test
smids/Abnormal_Sperm/Abnormal_Sperm (805).bmp,3,test
smids/Abnormal_Sperm/Abnormal_Sperm (81).bmp,3,test
smids/Abnormal_Sperm/Abnormal_Sperm (810).bmp,3,test
smids/Abnormal_Sperm/Abnormal_Sperm (818).bmp,3,test
smids/Abnormal_Sperm/Abnormal_Sperm (829).bmp,3,test
smids/Abnormal_Sperm/Abnormal_Sperm (838).bmp,3,test
smids/Abnormal_Sperm/Abnormal_Sperm (841).bmp,3,test
smids/Abnormal_Sperm/Abnormal_Sperm (847).bmp,3,test
smids/Abnormal_Sperm/Abnormal_Sperm (863).bmp,3,test
smids/Abnormal_Sperm/Abnormal_Sperm (865).bmp,3,test
smids/Abnormal_Sperm/Abnormal_Sperm (879).bmp,3,test
smids/Abnormal_Sperm/Abnormal_Sperm (88).bmp,3,test
smids/Abnormal_Sperm/Abnormal_Sperm (883).bmp,3,test
smids/Abnormal_Sperm/Abnormal_Sperm (886).bmp,3,test
smids/Abnormal_Sperm/Abnormal_Sperm (892).bmp,3,test
smids/Abnormal_Sperm/Abnormal_Sperm (896).bmp,3,test
smids/Abnormal_Sperm/Abnormal_Sperm (898).bmp,3,test
smids/Abnormal_Sperm/Abnormal_Sperm (903).bmp,3,test
smids/Abnormal_Sperm/Abnormal_Sperm (907).bmp,3,test
smids/Abnormal_Sperm/Abnormal_Sperm (91).bmp,3,test
smids/Abnormal_Sperm/Abnormal_Sperm (911).bmp,3,test
smids/Abnormal_Sperm/Abnormal_Sperm (919).bmp,3,test
smids/Abnormal_Sperm/Abnormal_Sperm (927).bmp,3,test
smids/Abnormal_Sperm/Abnormal_Sperm (929).bmp,3,test
smids/Abnormal_Sperm/Abnormal_Sperm (930).bmp,3,test
smids/Abnormal_Sperm/Abnormal_Sperm (934).bmp,3,test
smids/Abnormal_Sperm/Abnormal_Sperm (938).bmp,3,test
smids/Abnormal_Sperm/Abnormal_Sperm (943).bmp,3,test
smids/Abnormal_Sperm/Abnormal_Sperm (945).bmp,3,test
smids/Abnormal_Sperm/Abnormal_Sperm (947).bmp,3,test
smids/Abnormal_Sperm/Abnormal_Sperm (958).bmp,3,test
smids/Abnormal_Sperm/Abnormal_Sperm (959).bmp,3,test
smids/Abnormal_Sperm/Abnormal_Sperm (960).bmp,3,test
smids/Abnormal_Sperm/Abnormal_Sperm (962).bmp,3,test
smids/Abnormal_Sperm/Abnormal_Sperm (967).bmp,3,test
smids/Abnormal_Sperm/Abnormal_Sperm (968).bmp,3,test
smids/Abnormal_Sperm/Abnormal_Sperm (973).bmp,3,test
smids/Abnormal_Sperm/Abnormal_Sperm (974).bmp,3,test
smids/Abnormal_Sperm/Abnormal_Sperm (981).bmp,3,test
smids/Abnormal_Sperm/Abnormal_Sperm (982).bmp,3,test
smids/Abnormal_Sperm/Abnormal_Sperm (984).bmp,3,test
smids/Abnormal_Sperm/Abnormal_Sperm (986).bmp,3,test
smids/Abnormal_Sperm/Abnormal_Sperm (989).bmp,3,test
smids/Abnormal_Sperm/Abnormal_Sperm (99).bmp,3,test
smids/Abnormal_Sperm/Abnormal_Sperm (992).bmp,3,test
smids/Non-Sperm/Non-Sperm (101).bmp,3,test
smids/Non-Sperm/Non-Sperm (103).bmp,3,test
smids/Non-Sperm/Non-Sperm (114).bmp,3,test
smids/Non-Sperm/Non-Sperm (116).bmp,3,test
smids/Non-Sperm/Non-Sperm (123).bmp,3,test
smids/Non-Sperm/Non-Sperm (124).bmp,3,test
smids/Non-Sperm/Non-Sperm (128).bmp,3,test
smids/Non-Sperm/Non-Sperm (134).bmp,3,test
smids/Non-Sperm/Non-Sperm (14).bmp,3,test
smids/Non-Sperm/Non-Sperm (142).bmp,3,test
smids/Non-Sperm/Non-Sperm (15).bmp,3,test
smids/Non-Sperm/Non-Sperm (151).bmp,3,test
smids/Non-Sperm/Non-Sperm (176).bmp,3,test
smids/Non-Sperm/Non-Sperm (194).bmp,3,test
smids/Non-Sperm/Non-Sperm (195).bmp,3,test
smids/Non-Sperm/Non-Sperm (199).bmp,3,test
smids/Non-Sperm/Non-Sperm (201).bmp,3,test
smids/Non-Sperm/Non-Sperm (207).bmp,3,test
smids/Non-Sperm/Non-Sperm (208).bmp,3,test
smids/Non-Sperm/Non-Sperm (21).bmp,3,test
smids/Non-Sperm/Non-Sperm (210).bmp,3,test
smids/Non-Sperm/Non-Sperm (218).bmp,3,test
smids/Non-Sperm/Non-Sperm (225).bmp,3,test
smids/Non-Sperm/Non-Sperm (227).bmp,3,test
smids/Non-Sperm/Non-Sperm (228).bmp,3,test
smids/Non-Sperm/Non-Sperm (23).bmp,3,test
smids/Non-Sperm/Non-Sperm (242).bmp,3,test
smids/Non-Sperm/Non-Sperm (246).bmp,3,test
smids/Non-Sperm/Non-Sperm (247).bmp,3,test
smids/Non-Sperm/Non-Sperm (251).bmp,3,test
smids/Non-Sperm/Non-Sperm (252).bmp,3,test
smids/Non-Sperm/Non-Sperm (26).bmp,3,test
smids/Non-Sperm/Non-Sperm (262).bmp,3,test
smids/Non-Sperm/Non-Sperm (269).bmp,3,test
smids/Non-Sperm/Non-Sperm (272).bmp,3,test
smids/Non-Sperm/Non-Sperm (275).bmp,3,test
smids/Non-Sperm/Non-Sperm (277).bmp,3,test
smids/Non-Sperm/Non-Sperm (283).bmp,3,test
smids/Non-Sperm/Non-Sperm (285).bmp,3,test
smids/Non-Sperm/Non-Sperm (286).bmp,3,test
smids/Non-Sperm/Non-Sperm (287).bmp,3,test
smids/Non-Sperm/Non-Sperm (290).bmp,3,test
smids/Non-Sperm/Non-Sperm (295).bmp,3,test
smids/Non-Sperm/Non-Sperm (3).bmp,3,test
smids/Non-Sperm/Non-Sperm (306).bmp,3,test
smids/Non-Sperm/Non-Sperm (311).bmp,3,test
smids/Non-Sperm/Non-Sperm (314).bmp,3,test
smids/Non-Sperm/Non-Sperm (320).bmp,3,test
smids/Non-Sperm/Non-Sperm (328).bmp,3,test
smids/Non-Sperm/Non-Sperm (333).bmp,3,test
smids/Non-Sperm/Non-Sperm (34).bmp,3,test
smids/Non-Sperm/Non-Sperm (36).bmp,3,test
smids/Non-Sperm/Non-Sperm (369).bmp,3,test
smids/Non-Sperm/Non-Sperm (370).bmp,3,test
smids/Non-Sperm/Non-Sperm (371).bmp,3,test
smids/Non-Sperm/Non-Sperm (38).bmp,3,test
smids/Non-Sperm/Non-Sperm (382).bmp,3,test
smids/Non-Sperm/Non-Sperm (383).bmp,3,test
smids/Non-Sperm/Non-Sperm (387).bmp,3,test
smids/Non-Sperm/Non-Sperm (388).bmp,3,test
smids/Non-Sperm/Non-Sperm (392).bmp,3,test
smids/Non-Sperm/Non-Sperm (393).bmp,3,test
smids/Non-Sperm/Non-Sperm (4).bmp,3,test
smids/Non-Sperm/Non-Sperm (40).bmp,3,test
smids/Non-Sperm/Non-Sperm (400).bmp,3,test
smids/Non-Sperm/Non-Sperm (405).bmp,3,test
smids/Non-Sperm/Non-Sperm (408).bmp,3,test
smids/Non-Sperm/Non-Sperm (411).bmp,3,test
smids/Non-Sperm/Non-Sperm (421).bmp,3,test
smids/Non-Sperm/Non-Sperm (424).bmp,3,test
smids/Non-Sperm/Non-Sperm (428).bmp,3,test
smids/Non-Sperm/Non-Sperm (433).bmp,3,test
smids/Non-Sperm/Non-Sperm (435).bmp,3,test
smids/Non-Sperm/Non-Sperm (438).bmp,3,test
smids/Non-Sperm/Non-Sperm (442).bmp,3,test
smids/Non-Sperm/Non-Sperm (445).bmp,3,test
smids/Non-Sperm/Non-Sperm (451).bmp,3,test
smids/Non-Sperm/Non-Sperm (455).bmp,3,test
smids/Non-Sperm/Non-Sperm (457).bmp,3,test
smids/Non-Sperm/Non-Sperm (461).bmp,3,test
smids/Non-Sperm/Non-Sperm (468).bmp,3,test
smids/Non-Sperm/Non-Sperm (481).bmp,3,test
smids/Non-Sperm/Non-Sperm (487).bmp,3,test
smids/Non-Sperm/Non-Sperm (489).bmp,3,test
smids/Non-Sperm/Non-Sperm (494).bmp,3,test
smids/Non-Sperm/Non-Sperm (495).bmp,3,test
smids/Non-Sperm/Non-Sperm (506).bmp,3,test
smids/Non-Sperm/Non-Sperm (508).bmp,3,test
smids/Non-Sperm/Non-Sperm (52).bmp,3,test
smids/Non-Sperm/Non-Sperm (523).bmp,3,test
smids/Non-Sperm/Non-Sperm (525).bmp,3,test
smids/Non-Sperm/Non-Sperm (526).bmp,3,test
smids/Non-Sperm/Non-Sperm (529).bmp,3,test
smids/Non-Sperm/Non-Sperm (534).bmp,3,test
smids/Non-Sperm/Non-Sperm (541).bmp,3,test
smids/Non-Sperm/Non-Sperm (542).bmp,3,test
smids/Non-Sperm/Non-Sperm (543).bmp,3,test
smids/Non-Sperm/Non-Sperm (545).bmp,3,test
smids/Non-Sperm/Non-Sperm (551).bmp,3,test
smids/Non-Sperm/Non-Sperm (552).bmp,3,test
smids/Non-Sperm/Non-Sperm (553).bmp,3,test
smids/Non-Sperm/Non-Sperm (556).bmp,3,test
smids/Non-Sperm/Non-Sperm (559).bmp,3,test
smids/Non-Sperm/Non-Sperm (560).bmp,3,test
smids/Non-Sperm/Non-Sperm (566).bmp,3,test
smids/Non-Sperm/Non-Sperm (569).bmp,3,test
smids/Non-Sperm/Non-Sperm (589).bmp,3,test
smids/Non-Sperm/Non-Sperm (590).bmp,3,test
smids/Non-Sperm/Non-Sperm (591).bmp,3,test
smids/Non-Sperm/Non-Sperm (592).bmp,3,test
smids/Non-Sperm/Non-Sperm (601).bmp,3,test
smids/Non-Sperm/Non-Sperm (602).bmp,3,test
smids/Non-Sperm/Non-Sperm (607).bmp,3,test
smids/Non-Sperm/Non-Sperm (61).bmp,3,test
smids/Non-Sperm/Non-Sperm (611).bmp,3,test
smids/Non-Sperm/Non-Sperm (616).bmp,3,test
smids/Non-Sperm/Non-Sperm (624).bmp,3,test
smids/Non-Sperm/Non-Sperm (625).bmp,3,test
smids/Non-Sperm/Non-Sperm (634).bmp,3,test
smids/Non-Sperm/Non-Sperm (636).bmp,3,test
smids/Non-Sperm/Non-Sperm (637).bmp,3,test
smids/Non-Sperm/Non-Sperm (645).bmp,3,test
smids/Non-Sperm/Non-Sperm (647).bmp,3,test
smids/Non-Sperm/Non-Sperm (649).bmp,3,test
smids/Non-Sperm/Non-Sperm (65).bmp,3,test
smids/Non-Sperm/Non-Sperm (657).bmp,3,test
smids/Non-Sperm/Non-Sperm (659).bmp,3,test
smids/Non-Sperm/Non-Sperm (666).bmp,3,test
smids/Non-Sperm/Non-Sperm (669).bmp,3,test
smids/Non-Sperm/Non-Sperm (671).bmp,3,test
smids/Non-Sperm/Non-Sperm (689).bmp,3,test
smids/Non-Sperm/Non-Sperm (690).bmp,3,test
smids/Non-Sperm/Non-Sperm (693).bmp,3,test
smids/Non-Sperm/Non-Sperm (696).bmp,3,test
smids/Non-Sperm/Non-Sperm (697).bmp,3,test
smids/Non-Sperm/Non-Sperm (702).bmp,3,test
smids/Non-Sperm/Non-Sperm (710).bmp,3,test
smids/Non-Sperm/Non-Sperm (716).bmp,3,test
smids/Non-Sperm/Non-Sperm (721).bmp,3,test
smids/Non-Sperm/Non-Sperm (73).bmp,3,test
smids/Non-Sperm/Non-Sperm (732).bmp,3,test
smids/Non-Sperm/Non-Sperm (734).bmp,3,test
smids/Non-Sperm/Non-Sperm (744).bmp,3,test
smids/Non-Sperm/Non-Sperm (745).bmp,3,test
smids/Non-Sperm/Non-Sperm (746).bmp,3,test
smids/Non-Sperm/Non-Sperm (747).bmp,3,test
smids/Non-Sperm/Non-Sperm (757).bmp,3,test
smids/Non-Sperm/Non-Sperm (760).bmp,3,test
smids/Non-Sperm/Non-Sperm (761).bmp,3,test
smids/Non-Sperm/Non-Sperm (767).bmp,3,test
smids/Non-Sperm/Non-Sperm (772).bmp,3,test
smids/Non-Sperm/Non-Sperm (775).bmp,3,test
smids/Non-Sperm/Non-Sperm (778).bmp,3,test
smids/Non-Sperm/Non-Sperm (78).bmp,3,test
smids/Non-Sperm/Non-Sperm (781).bmp,3,test
smids/Non-Sperm/Non-Sperm (787).bmp,3,test
smids/Non-Sperm/Non-Sperm (788).bmp,3,test
smids/Non-Sperm/Non-Sperm (792).bmp,3,test
smids/Non-Sperm/Non-Sperm (796).bmp,3,test
smids/Non-Sperm/Non-Sperm (798).bmp,3,test
smids/Non-Sperm/Non-Sperm (80).bmp,3,test
smids/Non-Sperm/Non-Sperm (804).bmp,3,test
smids/Non-Sperm/Non-Sperm (808).bmp,3,test
smids/Non-Sperm/Non-Sperm (811).bmp,3,test
smids/Non-Sperm/Non-Sperm (825).bmp,3,test
smids/Non-Sperm/Non-Sperm (829).bmp,3,test
smids/Non-Sperm/Non-Sperm (830).bmp,3,test
smids/Non-Sperm/Non-Sperm (84).bmp,3,test
smids/Non-Sperm/Non-Sperm (843).bmp,3,test
smids/Non-Sperm/Non-Sperm (845).bmp,3,test
smids/Non-Sperm/Non-Sperm (858).bmp,3,test
smids/Non-Sperm/Non-Sperm (859).bmp,3,test
smids/Non-Sperm/Non-Sperm (869).bmp,3,test
smids/Non-Sperm/Non-Sperm (877).bmp,3,test
smids/Non-Sperm/Non-Sperm (878).bmp,3,test
smids/Non-Sperm/Non-Sperm (881).bmp,3,test
smids/Non-Sperm/Non-Sperm (884).bmp,3,test
smids/Non-Sperm/Non-Sperm (887).bmp,3,test
smids/Non-Sperm/Non-Sperm (889).bmp,3,test
smids/Non-Sperm/Non-Sperm (89).bmp,3,test
smids/Non-Sperm/Non-Sperm (908).bmp,3,test
smids/Non-Sperm/Non-Sperm (916).bmp,3,test
smids/Non-Sperm/Non-Sperm (917).bmp,3,test
smids/Non-Sperm/Non-Sperm (929).bmp,3,test
smids/Non-Sperm/Non-Sperm (93).bmp,3,test
smids/Non-Sperm/Non-Sperm (930).bmp,3,test
smids/Non-Sperm/Non-Sperm (932).bmp,3,test
smids/Non-Sperm/Non-Sperm (935).bmp,3,test
smids/Non-Sperm/Non-Sperm (938).bmp,3,test
smids/Non-Sperm/Non-Sperm (939).bmp,3,test
smids/Non-Sperm/Non-Sperm (94).bmp,3,test
smids/Non-Sperm/Non-Sperm (940).bmp,3,test
smids/Non-Sperm/Non-Sperm (95).bmp,3,test
smids/Non-Sperm/Non-Sperm (951).bmp,3,test
smids/Non-Sperm/Non-Sperm (96).bmp,3,test
smids/Normal_Sperm/Normal_Sperm (1003).bmp,3,test
smids/Normal_Sperm/Normal_Sperm (1004).bmp,3,test
smids/Normal_Sperm/Normal_Sperm (1009).bmp,3,test
smids/Normal_Sperm/Normal_Sperm (1013).bmp,3,test
smids/Normal_Sperm/Normal_Sperm (1018).bmp,3,test
smids/Normal_Sperm/Normal_Sperm (1020).bmp,3,test
smids/Normal_Sperm/Normal_Sperm (11).bmp,3,test
smids/Normal_Sperm/Normal_Sperm (114).bmp,3,test
smids/Normal_Sperm/Normal_Sperm (115).bmp,3,test
smids/Normal_Sperm/Normal_Sperm (118).bmp,3,test
smids/Normal_Sperm/Normal_Sperm (12).bmp,3,test
smids/Normal_Sperm/Normal_Sperm (121).bmp,3,test
smids/Normal_Sperm/Normal_Sperm (124).bmp,3,test
smids/Normal_Sperm/Normal_Sperm (127).bmp,3,test
smids/Normal_Sperm/Normal_Sperm (132).bmp,3,test
smids/Normal_Sperm/Normal_Sperm (140).bmp,3,test
smids/Normal_Sperm/Normal_Sperm (142).bmp,3,test
smids/Normal_Sperm/Normal_Sperm (151).bmp,3,test
smids/Normal_Sperm/Normal_Sperm (158).bmp,3,test
smids/Normal_Sperm/Normal_Sperm (160).bmp,3,test
smids/Normal_Sperm/Normal_Sperm (163).bmp,3,test
smids/Normal_Sperm/Normal_Sperm (164).bmp,3,test
smids/Normal_Sperm/Normal_Sperm (175).bmp,3,test
smids/Normal_Sperm/Normal_Sperm (178).bmp,3,test
smids/Normal_Sperm/Normal_Sperm (179).bmp,3,test
smids/Normal_Sperm/Normal_Sperm (181).bmp,3,test
smids/Normal_Sperm/Normal_Sperm (190).bmp,3,test
smids/Normal_Sperm/Normal_Sperm (194).bmp,3,test
smids/Normal_Sperm/Normal_Sperm (20).bmp,3,test
smids/Normal_Sperm/Normal_Sperm (208).bmp,3,test
smids/Normal_Sperm/Normal_Sperm (209).bmp,3,test
smids/Normal_Sperm/Normal_Sperm (215).bmp,3,test
smids/Normal_Sperm/Normal_Sperm (221).bmp,3,test
smids/Normal_Sperm/Normal_Sperm (222).bmp,3,test
smids/Normal_Sperm/Normal_Sperm (226).bmp,3,test
smids/Normal_Sperm/Normal_Sperm (243).bmp,3,test
smids/Normal_Sperm/Normal_Sperm (249).bmp,3,test
smids/Normal_Sperm/Normal_Sperm (256).bmp,3,test
smids/Normal_Sperm/Normal_Sperm (269).bmp,3,test
smids/Normal_Sperm/Normal_Sperm (27).bmp,3,test
smids/Normal_Sperm/Normal_Sperm (288).bmp,3,test
smids/Normal_Sperm/Normal_Sperm (295).bmp,3,test
smids/Normal_Sperm/Normal_Sperm (298).bmp,3,test
smids/Normal_Sperm/Normal_Sperm (315).bmp,3,test
smids/Normal_Sperm/Normal_Sperm (316).bmp,3,test
smids/Normal_Sperm/Normal_Sperm (322).bmp,3,test
smids/Normal_Sperm/Normal_Sperm (326).bmp,3,test
smids/Normal_Sperm/Normal_Sperm (327).bmp,3,test
smids/Normal_Sperm/Normal_Sperm (332).bmp,3,test
smids/Normal_Sperm/Normal_Sperm (349).bmp,3,test
smids/Normal_Sperm/Normal_Sperm (352).bmp,3,test
smids/Normal_Sperm/Normal_Sperm (354).bmp,3,test
smids/Normal_Sperm/Normal_Sperm (358).bmp,3,test
smids/Normal_Sperm/Normal_Sperm (362).bmp,3,test
smids/Normal_Sperm/Normal_Sperm (363).bmp,3,test
smids/Normal_Sperm/Normal_Sperm (37).bmp,3,test
smids/Normal_Sperm/Normal_Sperm (371).bmp,3,test
smids/Normal_Sperm/Normal_Sperm (386).bmp,3,test
smids/Normal_Sperm/Normal_Sperm (401).bmp,3,test
smids/Normal_Sperm/Normal_Sperm (402).bmp,3,test
smids/Normal_Sperm/Normal_Sperm (408).bmp,3,test
smids/Normal_Sperm/Normal_Sperm (422).bmp,3,test
smids/Normal_Sperm/Normal_Sperm (423).bmp,3,test
smids/Normal_Sperm/Normal_Sperm (424).bmp,3,test
smids/Normal_Sperm/Normal_Sperm (426).bmp,3,test
smids/Normal_Sperm/Normal_Sperm (429).bmp,3,test
smids/Normal_Sperm/Normal_Sperm (430).bmp,3,test
smids/Normal_Sperm/Normal_Sperm (431).bmp,3,test
smids/Normal_Sperm/Normal_Sperm (443).bmp,3,test
smids/Normal_Sperm/Normal_Sperm (445).bmp,3,test
smids/Normal_Sperm/Normal_Sperm (446).bmp,3,test
smids/Normal_Sperm/Normal_Sperm (449).bmp,3,test
smids/Normal_Sperm/Normal_Sperm (454).bmp,3,test
smids/Normal_Sperm/Normal_Sperm (457).bmp,3,test
smids/Normal_Sperm/Normal_Sperm (459).bmp,3,test
smids/Normal_Sperm/Normal_Sperm (460).bmp,3,test
smids/Normal_Sperm/Normal_Sperm (462).bmp,3,test
smids/Normal_Sperm/Normal_Sperm (463).bmp,3,test
smids/Normal_Sperm/Normal_Sperm (467).bmp,3,test
smids/Normal_Sperm/Normal_Sperm (473).bmp,3,test
smids/Normal_Sperm/Normal_Sperm (480).bmp,3,test
smids/Normal_Sperm/Normal_Sperm (482).bmp,3,test
smids/Normal_Sperm/Normal_Sperm (485).bmp,3,test
smids/Normal_Sperm/Normal_Sperm (486).bmp,3,test
smids/Normal_Sperm/Normal_Sperm (487).bmp,3,test
smids/Normal_Sperm/Normal_Sperm (490).bmp,3,test
smids/Normal_Sperm/Normal_Sperm (492).bmp,3,test
smids/Normal_Sperm/Normal_Sperm (497).bmp,3,test
smids/Normal_Sperm/Normal_Sperm (501).bmp,3,test
smids/Normal_Sperm/Normal_Sperm (504).bmp,3,test
smids/Normal_Sperm/Normal_Sperm (508).bmp,3,test
smids/Normal_Sperm/Normal_Sperm (51).bmp,3,test
smids/Normal_Sperm/Normal_Sperm (512).bmp,3,test
smids/Normal_Sperm/Normal_Sperm (514).bmp,3,test
smids/Normal_Sperm/Normal_Sperm (521).bmp,3,test
smids/Normal_Sperm/Normal_Sperm (523).bmp,3,test
smids/Normal_Sperm/Normal_Sperm (53).bmp,3,test
smids/Normal_Sperm/Normal_Sperm (531).bmp,3,test
smids/Normal_Sperm/Normal_Sperm (533).bmp,3,test
smids/Normal_Sperm/Normal_Sperm (535).bmp,3,test
smids/Normal_Sperm/Normal_Sperm (558).bmp,3,test
smids/Normal_Sperm/Normal_Sperm (565).bmp,3,test
smids/Normal_Sperm/Normal_Sperm (569).bmp,3,test
smids/Normal_Sperm/Normal_Sperm (578).bmp,3,test
smids/Normal_Sperm/Normal_Sperm (586).bmp,3,test
smids/Normal_Sperm/Normal_Sperm (594).bmp,3,test
smids/Normal_Sperm/Normal_Sperm (6).bmp,3,test
smids/Normal_Sperm/Normal_Sperm (602).bmp,3,test
smids/Normal_Sperm/Normal_Sperm (604).bmp,3,test
smids/Normal_Sperm/Normal_Sperm (606).bmp,3,test
smids/Normal_Sperm/Normal_Sperm (61).bmp,3,test
smids/Normal_Sperm/Normal_Sperm (614).bmp,3,test
smids/Normal_Sperm/Normal_Sperm (618).bmp,3,test
smids/Normal_Sperm/Normal_Sperm (623).bmp,3,test
smids/Normal_Sperm/Normal_Sperm (624).bmp,3,test
smids/Normal_Sperm/Normal_Sperm (627).bmp,3,test
smids/Normal_Sperm/Normal_Sperm (64).bmp,3,test
smids/Normal_Sperm/Normal_Sperm (640).bmp,3,test
smids/Normal_Sperm/Normal_Sperm (644).bmp,3,test
smids/Normal_Sperm/Normal_Sperm (648).bmp,3,test
smids/Normal_Sperm/Normal_Sperm (656).bmp,3,test
smids/Normal_Sperm/Normal_Sperm (66).bmp,3,test
smids/Normal_Sperm/Normal_Sperm (662).bmp,3,test
smids/Normal_Sperm/Normal_Sperm (665).bmp,3,test
smids/Normal_Sperm/Normal_Sperm (668).bmp,3,test
smids/Normal_Sperm/Normal_Sperm (671).bmp,3,test
smids/Normal_Sperm/Normal_Sperm (673).bmp,3,test
smids/Normal_Sperm/Normal_Sperm (676).bmp,3,test
smids/Normal_Sperm/Normal_Sperm (677).bmp,3,test
smids/Normal_Sperm/Normal_Sperm (678).bmp,3,test
smids/Normal_Sperm/Normal_Sperm (679).bmp,3,test
smids/Normal_Sperm/Normal_Sperm (681).bmp,3,test
smids/Normal_Sperm/Normal_Sperm (683).bmp,3,test
smids/Normal_Sperm/Normal_Sperm (684).bmp,3,test
smids/Normal_Sperm/Normal_Sperm (688).bmp,3,test
smids/Normal_Sperm/Normal_Sperm (689).bmp,3,test
smids/Normal_Sperm/Normal_Sperm (690).bmp,3,test
smids/Normal_Sperm/Normal_Sperm (691).bmp,3,test
smids/Normal_Sperm/Normal_Sperm (692).bmp,3,test
smids/Normal_Sperm/Normal_Sperm (694).bmp,3,test
smids/Normal_Sperm/Normal_Sperm (698).bmp,3,test
smids/Normal_Sperm/Normal_Sperm (700).bmp,3,test
smids/Normal_Sperm/Normal_Sperm (713).bmp,3,test
smids/Normal_Sperm/Normal_Sperm (714).bmp,3,test
smids/Normal_Sperm/Normal_Sperm (722).bmp,3,test
smids/Normal_Sperm/Normal_Sperm (723).bmp,3,test
smids/Normal_Sperm/Normal_Sperm (731).bmp,3,test
smids/Normal_Sperm/Normal_Sperm (732).bmp,3,test
smids/Normal_Sperm/Normal_Sperm (735).bmp,3,test
smids/Normal_Sperm/Normal_Sperm (738).bmp,3,test
smids/Normal_Sperm/Normal_Sperm (765).bmp,3,test
smids/Normal_Sperm/Normal_Sperm (772).bmp,3,test
smids/Normal_Sperm/Normal_Sperm (775).bmp,3,test
smids/Normal_Sperm/Normal_Sperm (776).bmp,3,test
smids/Normal_Sperm/Normal_Sperm (779).bmp,3,test
smids/Normal_Sperm/Normal_Sperm (780).bmp,3,test
smids/Normal_Sperm/Normal_Sperm (782).bmp,3,test
smids/Normal_Sperm/Normal_Sperm (788).bmp,3,test
smids/Normal_Sperm/Normal_Sperm (791).bmp,3,test
smids/Normal_Sperm/Normal_Sperm (793).bmp,3,test
smids/Normal_Sperm/Normal_Sperm (797).bmp,3,test
smids/Normal_Sperm/Normal_Sperm (799).bmp,3,test
smids/Normal_Sperm/Normal_Sperm (8).bmp,3,test
smids/Normal_Sperm/Normal_Sperm (808).bmp,3,test
smids/Normal_Sperm/Normal_Sperm (825).bmp,3,test
smids/Normal_Sperm/Normal_Sperm (829).bmp,3,test
smids/Normal_Sperm/Normal_Sperm (836).bmp,3,test
smids/Normal_Sperm/Normal_Sperm (839).bmp,3,test
smids/Normal_Sperm/Normal_Sperm (845).bmp,3,test
smids/Normal_Sperm/Normal_Sperm (854).bmp,3,test
smids/Normal_Sperm/Normal_Sperm (859).bmp,3,test
smids/Normal_Sperm/Normal_Sperm (869).bmp,3,test
smids/Normal_Sperm/Normal_Sperm (877).bmp,3,test
smids/Normal_Sperm/Normal_Sperm (88).bmp,3,test
smids/Normal_Sperm/Normal_Sperm (882).bmp,3,test
smids/Normal_Sperm/Normal_Sperm (892).bmp,3,test
smids/Normal_Sperm/Normal_Sperm (893).bmp,3,test
smids/Normal_Sperm/Normal_Sperm (899).bmp,3,test
smids/Normal_Sperm/Normal_Sperm (902).bmp,3,test
smids/Normal_Sperm/Normal_Sperm (903).bmp,3,test
smids/Normal_Sperm/Normal_Sperm (906).bmp,3,test
smids/Normal_Sperm/Normal_Sperm (910).bmp,3,test
smids/Normal_Sperm/Normal_Sperm (912).bmp,3,test
smids/Normal_Sperm/Normal_Sperm (913).bmp,3,test
smids/Normal_Sperm/Normal_Sperm (914).bmp,3,test
smids/Normal_Sperm/Normal_Sperm (931).bmp,3,test
smids/Normal_Sperm/Normal_Sperm (935).bmp,3,test
smids/Normal_Sperm/Normal_Sperm (936).bmp,3,test
smids/Normal_Sperm/Normal_Sperm (943).bmp,3,test
smids/Normal_Sperm/Normal_Sperm (946).bmp,3,test
smids/Normal_Sperm/Normal_Sperm (948).bmp,3,test
smids/Normal_Sperm/Normal_Sperm (955).bmp,3,test
smids/Normal_Sperm/Normal_Sperm (956).bmp,3,test
smids/Normal_Sperm/Normal_Sperm (958).bmp,3,test
smids/Normal_Sperm/Normal_Sperm (959).bmp,3,test
smids/Normal_Sperm/Normal_Sperm (963).bmp,3,test
smids/Normal_Sperm/Normal_Sperm (967).bmp,3,test
smids/Normal_Sperm/Normal_Sperm (98).bmp,3,test
smids/Normal_Sperm/Normal_Sperm (981).bmp,3,test
smids/Normal_Sperm/Normal_Sperm (988).bmp,3,test
smids/Abnormal_Sperm/Abnormal_Sperm (1).bmp,3,train
smids/Abnormal_Sperm/Abnormal_Sperm (1001).bmp,3,train
smids/Abnormal_Sperm/Abnormal_Sperm (1003).bmp,3,train
smids/Abnormal_Sperm/Abnormal_Sperm (1005).bmp,3,train
smids/Abnormal_Sperm/Abnormal_Sperm (101).bmp,3,train
smids/Abnormal_Sperm/Abnormal_Sperm (104).bmp,3,train
smids/Abnormal_Sperm/Abnormal_Sperm (106).bmp,3,train
smids/Abnormal_Sperm/Abnormal_Sperm (107).bmp,3,train
smids/Abnormal_Sperm/Abnormal_Sperm (11).bmp,3,train
smids/Abnormal_Sperm/Abnormal_Sperm (111).bmp,3,train
smids/Abnormal_Sperm/Abnormal_Sperm (114).bmp,3,train
smids/Abnormal_Sperm/Abnormal_Sperm (115).bmp,3,train
smids/Abnormal_Sperm/Abnormal_Sperm (118).bmp,3,train
smids/Abnormal_Sperm/Abnormal_Sperm (121).bmp,3,train
smids/Abnormal_Sperm/Abnormal_Sperm (122).bmp,3,train
smids/Abnormal_Sperm/Abnormal_Sperm (123).bmp,3,train
smids/Abnormal_Sperm/Abnormal_Sperm (124).bmp,3,train
smids/Abnormal_Sperm/Abnormal_Sperm (130).bmp,3,train
smids/Abnormal_Sperm/Abnormal_Sperm (131).bmp,3,train
smids/Abnormal_Sperm/Abnormal_Sperm (132).bmp,3,train
smids/Abnormal_Sperm/Abnormal_Sperm (133).bmp,3,train
smids/Abnormal_Sperm/Abnormal_Sperm (134).bmp,3,train
smids/Abnormal_Sperm/Abnormal_Sperm (135).bmp,3,train
smids/Abnormal_Sperm/Abnormal_Sperm (136).bmp,3,train
smids/Abnormal_Sperm/Abnormal_Sperm (138).bmp,3,train
smids/Abnormal_Sperm/Abnormal_Sperm (14).bmp,3,train
smids/Abnormal_Sperm/Abnormal_Sperm (142).bmp,3,train
smids/Abnormal_Sperm/Abnormal_Sperm (145).bmp,3,train
smids/Abnormal_Sperm/Abnormal_Sperm (146).bmp,3,train
smids/Abnormal_Sperm/Abnormal_Sperm (147).bmp,3,train
smids/Abnormal_Sperm/Abnormal_Sperm (150).bmp,3,train
smids/Abnormal_Sperm/Abnormal_Sperm (152).bmp,3,train
smids/Abnormal_Sperm/Abnormal_Sperm (153).bmp,3,train
smids/Abnormal_Sperm/Abnormal_Sperm (154).bmp,3,train
smids/Abnormal_Sperm/Abnormal_Sperm (155).bmp,3,train
smids/Abnormal_Sperm/Abnormal_Sperm (156).bmp,3,train
smids/Abnormal_Sperm/Abnormal_Sperm (159).bmp,3,train
smids/Abnormal_Sperm/Abnormal_Sperm (160).bmp,3,train
smids/Abnormal_Sperm/Abnormal_Sperm (161).bmp,3,train
smids/Abnormal_Sperm/Abnormal_Sperm (162).bmp,3,train
smids/Abnormal_Sperm/Abnormal_Sperm (167).bmp,3,train
smids/Abnormal_Sperm/Abnormal_Sperm (169).bmp,3,train
smids/Abnormal_Sperm/Abnormal_Sperm (170).bmp,3,train
smids/Abnormal_Sperm/Abnormal_Sperm (171).bmp,3,train
smids/Abnormal_Sperm/Abnormal_Sperm (173).bmp,3,train
smids/Abnormal_Sperm/Abnormal_Sperm (175).bmp,3,train
smids/Abnormal_Sperm/Abnormal_Sperm (177).bmp,3,train
smids/Abnormal_Sperm/Abnormal_Sperm (18).bmp,3,train
smids/Abnormal_Sperm/Abnormal_Sperm (180).bmp,3,train
smids/Abnormal_Sperm/Abnormal_Sperm (181).bmp,3,train
smids/Abnormal_Sperm/Abnormal_Sperm (185).bmp,3,train
smids/Abnormal_Sperm/Abnormal_Sperm (186).bmp,3,train
smids/Abnormal_Sperm/Abnormal_Sperm (188).bmp,3,train
smids/Abnormal_Sperm/Abnormal_Sperm (190).bmp,3,train
smids/Abnormal_Sperm/Abnormal_Sperm (192).bmp,3,train
smids/Abnormal_Sperm/Abnormal_Sperm (193).bmp,3,train
smids/Abnormal_Sperm/Abnormal_Sperm (194).bmp,3,train
smids/Abnormal_Sperm/Abnormal_Sperm (197).bmp,3,train
smids/Abnormal_Sperm/Abnormal_Sperm (198).bmp,3,train
smids/Abnormal_Sperm/Abnormal_Sperm (2).bmp,3,train
smids/Abnormal_Sperm/Abnormal_Sperm (203).bmp,3,train
smids/Abnormal_Sperm/Abnormal_Sperm (204).bmp,3,train
smids/Abnormal_Sperm/Abnormal_Sperm (205).bmp,3,train
smids/Abnormal_Sperm/Abnormal_Sperm (206).bmp,3,train
smids/Abnormal_Sperm/Abnormal_Sperm (207).bmp,3,train
smids/Abnormal_Sperm/Abnormal_Sperm (208).bmp,3,train
smids/Abnormal_Sperm/Abnormal_Sperm (209).bmp,3,train
smids/Abnormal_Sperm/Abnormal_Sperm (21).bmp,3,train
smids/Abnormal_Sperm/Abnormal_Sperm (212).bmp,3,train
smids/Abnormal_Sperm/Abnormal_Sperm (214).bmp,3,train
smids/Abnormal_Sperm/Abnormal_Sperm (219).bmp,3,train
smids/Abnormal_Sperm/Abnormal_Sperm (22).bmp,3,train
smids/Abnormal_Sperm/Abnormal_Sperm (224).bmp,3,train
smids/Abnormal_Sperm/Abnormal_Sperm (225).bmp,3,train
smids/Abnormal_Sperm/Abnormal_Sperm (226).bmp,3,train
smids/Abnormal_Sperm/Abnormal_Sperm (227).bmp,3,train
smids/Abnormal_Sperm/Abnormal_Sperm (229).bmp,3,train
smids/Abnormal_Sperm/Abnormal_Sperm (231).bmp,3,train
smids/Abnormal_Sperm/Abnormal_Sperm (239).bmp,3,train
smids/Abnormal_Sperm/Abnormal_Sperm (24).bmp,3,train
smids/Abnormal_Sperm/Abnormal_Sperm (240).bmp,3,train
smids/Abnormal_Sperm/Abnormal_Sperm (242).bmp,3,train
smids/Abnormal_Sperm/Abnormal_Sperm (244).bmp,3,train
smids/Abnormal_Sperm/Abnormal_Sperm (245).bmp,3,train
smids/Abnormal_Sperm/Abnormal_Sperm (246).bmp,3,train
smids/Abnormal_Sperm/Abnormal_Sperm (247).bmp,3,train
smids/Abnormal_Sperm/Abnormal_Sperm (249).bmp,3,train
smids/Abnormal_Sperm/Abnormal_Sperm (25).bmp,3,train
smids/Abnormal_Sperm/Abnormal_Sperm (250).bmp,3,train
smids/Abnormal_Sperm/Abnormal_Sperm (26).bmp,3,train
smids/Abnormal_Sperm/Abnormal_Sperm (260).bmp,3,train
smids/Abnormal_Sperm/Abnormal_Sperm (262).bmp,3,train
smids/Abnormal_Sperm/Abnormal_Sperm (263).bmp,3,train
smids/Abnormal_Sperm/Abnormal_Sperm (264).bmp,3,train
smids/Abnormal_Sperm/Abnormal_Sperm (267).bmp,3,train
smids/Abnormal_Sperm/Abnormal_Sperm (268).bmp,3,train
smids/Abnormal_Sperm/Abnormal_Sperm (271).bmp,3,train
smids/Abnormal_Sperm/Abnormal_Sperm (273).bmp,3,train
smids/Abnormal_Sperm/Abnormal_Sperm (275).bmp,3,train
smids/Abnormal_Sperm/Abnormal_Sperm (277).bmp,3,train
smids/Abnormal_Sperm/Abnormal_Sperm (278).bmp,3,train
smids/Abnormal_Sperm/Abnormal_Sperm (279).bmp,3,train
smids/Abnormal_Sperm/Abnormal_Sperm (28).bmp,3,train
smids/Abnormal_Sperm/Abnormal_Sperm (282).bmp,3,train
smids/Abnormal_Sperm/Abnormal_Sperm (283).bmp,3,train
smids/Abnormal_Sperm/Abnormal_Sperm (285).bmp,3,train
smids/Abnormal_Sperm/Abnormal_Sperm (291).bmp,3,train
smids/Abnormal_Sperm/Abnormal_Sperm (295).bmp,3,train
smids/Abnormal_Sperm/Abnormal_Sperm (297).bmp,3,train
smids/Abnormal_Sperm/Abnormal_Sperm (299).bmp,3,train
smids/Abnormal_Sperm/Abnormal_Sperm (3).bmp,3,train
smids/Abnormal_Sperm/Abnormal_Sperm (301).bmp,3,train
smids/Abnormal_Sperm/Abnormal_Sperm (302).bmp,3,train
smids/Abnormal_Sperm/Abnormal_Sperm (305).bmp,3,train
smids/Abnormal_Sperm/Abnormal_Sperm (306).bmp,3,train
smids/Abnormal_Sperm/Abnormal_Sperm (314).bmp,3,train
smids/Abnormal_Sperm/Abnormal_Sperm (318).bmp,3,train
smids/Abnormal_Sperm/Abnormal_Sperm (319).bmp,3,train
smids/Abnormal_Sperm/Abnormal_Sperm (321).bmp,3,train
smids/Abnormal_Sperm/Abnormal_Sperm (322).bmp,3,train
smids/Abnormal_Sperm/Abnormal_Sperm (323).bmp,3,train
smids/Abnormal_Sperm/Abnormal_Sperm (324).bmp,3,train
smids/Abnormal_Sperm/Abnormal_Sperm (326).bmp,3,train
smids/Abnormal_Sperm/Abnormal_Sperm (327).bmp,3,train
smids/Abnormal_Sperm/Abnormal_Sperm (328).bmp,3,train
smids/Abnormal_Sperm/Abnormal_Sperm (329).bmp,3,train
smids/Abnormal_Sperm/Abnormal_Sperm (33).bmp,3,train
smids/Abnormal_Sperm/Abnormal_Sperm (330).bmp,3,train
smids/Abnormal_Sperm/Abnormal_Sperm (332).bmp,3,train
smids/Abnormal_Sperm/Abnormal_Sperm (333).bmp,3,train
smids/Abnormal_Sperm/Abnormal_Sperm (335).bmp,3,train
smids/Abnormal_Sperm/Abnormal_Sperm (336).bmp,3,train
smids/Abnormal_Sperm/Abnormal_Sperm (339).bmp,3,train
smids/Abnormal_Sperm/Abnormal_Sperm (34).bmp,3,train
smids/Abnormal_Sperm/Abnormal_Sperm (341).bmp,3,train
smids/Abnormal_Sperm/Abnormal_Sperm (342).bmp,3,train
smids/Abnormal_Sperm/Abnormal_Sperm (343).bmp,3,train
smids/Abnormal_Sperm/Abnormal_Sperm (344).bmp,3,train
smids/Abnormal_Sperm/Abnormal_Sperm (348).bmp,3,train
smids/Abnormal_Sperm/Abnormal_Sperm (352).bmp,3,train
smids/Abnormal_Sperm/Abnormal_Sperm (353).bmp,3,train
smids/Abnormal_Sperm/Abnormal_Sperm (356).bmp,3,train
smids/Abnormal_Sperm/Abnormal_Sperm (357).bmp,3,train
smids/Abnormal_Sperm/Abnormal_Sperm (360).bmp,3,train
smids/Abnormal_Sperm/Abnormal_Sperm (361).bmp,3,train
smids/Abnormal_Sperm/Abnormal_Sperm (365).bmp,3,train
smids/Abnormal_Sperm/Abnormal_Sperm (366).bmp,3,train
smids/Abnormal_Sperm/Abnormal_Sperm (367).bmp,3,train
smids/Abnormal_Sperm/Abnormal_Sperm (371).bmp,3,train
smids/Abnormal_Sperm/Abnormal_Sperm (374).bmp,3,train
smids/Abnormal_Sperm/Abnormal_Sperm (376).bmp,3,train
smids/Abnormal_Sperm/Abnormal_Sperm (377).bmp,3,train
smids/Abnormal_Sperm/Abnormal_Sperm (379).bmp,3,train
smids/Abnormal_Sperm/Abnormal_Sperm (380).bmp,3,train
smids/Abnormal_Sperm/Abnormal_Sperm (388).bmp,3,train
smids/Abnormal_Sperm/Abnormal_Sperm (393).bmp,3,train
smids/Abnormal_Sperm/Abnormal_Sperm (396).bmp,3,train
smids/Abnormal_Sperm/Abnormal_Sperm (397).bmp,3,train
smids/Abnormal_Sperm/Abnormal_Sperm (398).bmp,3,train
smids/Abnormal_Sperm/Abnormal_Sperm (399).bmp,3,train
smids/Abnormal_Sperm/Abnormal_Sperm (401).bmp,3,train
smids/Abnormal_Sperm/Abnormal_Sperm (404).bmp,3,train
smids/Abnormal_Sperm/Abnormal_Sperm (406).bmp,3,train
smids/Abnormal_Sperm/Abnormal_Sperm (408).bmp,3,train
smids/Abnormal_Sperm/Abnormal_Sperm (411).bmp,3,train
smids/Abnormal_Sperm/Abnormal_Sperm (412).bmp,3,train
smids/Abnormal_Sperm/Abnormal_Sperm (415).bmp,3,train
smids/Abnormal_Sperm/Abnormal_Sperm (416).bmp,3,train
smids/Abnormal_Sperm/Abnormal_Sperm (417).bmp,3,train
smids/Abnormal_Sperm/Abnormal_Sperm (418).bmp,3,train
smids/Abnormal_Sperm/Abnormal_Sperm (422).bmp,3,train
smids/Abnormal_Sperm/Abnormal_Sperm (424).bmp,3,train
smids/Abnormal_Sperm/Abnormal_Sperm (426).bmp,3,train
smids/Abnormal_Sperm/Abnormal_Sperm (430).bmp,3,train
smids/Abnormal_Sperm/Abnormal_Sperm (431).bmp,3,train
smids/Abnormal_Sperm/Abnormal_Sperm (434).bmp,3,train
smids/Abnormal_Sperm/Abnormal_Sperm (437).bmp,3,train
smids/Abnormal_Sperm/Abnormal_Sperm (438).bmp,3,train
smids/Abnormal_Sperm/Abnormal_Sperm (439).bmp,3,train
smids/Abnormal_Sperm/Abnormal_Sperm (441).bmp,3,train
smids/Abnormal_Sperm/Abnormal_Sperm (442).bmp,3,train
smids/Abnormal_Sperm/Abnormal_Sperm (444).bmp,3,train
smids/Abnormal_Sperm/Abnormal_Sperm (445).bmp,3,train
smids/Abnormal_Sperm/Abnormal_Sperm (446).bmp,3,train
smids/Abnormal_Sperm/Abnormal_Sperm (447).bmp,3,train
smids/Abnormal_Sperm/Abnormal_Sperm (448).bmp,3,train
smids/Abnormal_Sperm/Abnormal_Sperm (449).bmp,3,train
smids/Abnormal_Sperm/Abnormal_Sperm (450).bmp,3,train
smids/Abnormal_Sperm/Abnormal_Sperm (451).bmp,3,train
smids/Abnormal_Sperm/Abnormal_Sperm (452).bmp,3,train
smids/Abnormal_Sperm/Abnormal_Sperm (454).bmp,3,train
smids/Abnormal_Sperm/Abnormal_Sperm (457).bmp,3,train
smids/Abnormal_Sperm/Abnormal_Sperm (460).bmp,3,train
smids/Abnormal_Sperm/Abnormal_Sperm (461).bmp,3,train
smids/Abnormal_Sperm/Abnormal_Sperm (462).bmp,3,train
smids/Abnormal_Sperm/Abnormal_Sperm (463).bmp,3,train
smids/Abnormal_Sperm/Abnormal_Sperm (466).bmp,3,train
smids/Abnormal_Sperm/Abnormal_Sperm (467).bmp,3,train
smids/Abnormal_Sperm/Abnormal_Sperm (468).bmp,3,train
smids/Abnormal_Sperm/Abnormal_Sperm (471).bmp,3,train
smids/Abnormal_Sperm/Abnormal_Sperm (473).bmp,3,train
smids/Abnormal_Sperm/Abnormal_Sperm (476).bmp,3,train
smids/Abnormal_Sperm/Abnormal_Sperm (477).bmp,3,train
smids/Abnormal_Sperm/Abnormal_Sperm (478).bmp,3,train
smids/Abnormal_Sperm/Abnormal_Sperm (480).bmp,3,train
smids/Abnormal_Sperm/Abnormal_Sperm (481).bmp,3,train
smids/Abnormal_Sperm/Abnormal_Sperm (483).bmp,3,train
smids/Abnormal_Sperm/Abnormal_Sperm (487).bmp,3,train
smids/Abnormal_Sperm/Abnormal_Sperm (489).bmp,3,train
smids/Abnormal_Sperm/Abnormal_Sperm (490).bmp,3,train
smids/Abnormal_Sperm/Abnormal_Sperm (491).bmp,3,train
smids/Abnormal_Sperm/Abnormal_Sperm (492).bmp,3,train
smids/Abnormal_Sperm/Abnormal_Sperm (495).bmp,3,train
smids/Abnormal_Sperm/Abnormal_Sperm (496).bmp,3,train
smids/Abnormal_Sperm/Abnormal_Sperm (497).bmp,3,train
smids/Abnormal_Sperm/Abnormal_Sperm (501).bmp,3,train
smids/Abnormal_Sperm/Abnormal_Sperm (503).bmp,3,train
smids/Abnormal_Sperm/Abnormal_Sperm (504).bmp,3,train
smids/Abnormal_Sperm/Abnormal_Sperm (507).bmp,3,train
smids/Abnormal_Sperm/Abnormal_Sperm (508).bmp,3,train
smids/Abnormal_Sperm/Abnormal_Sperm (509).bmp,3,train
smids/Abnormal_Sperm/Abnormal_Sperm (513).bmp,3,train
smids/Abnormal_Sperm/Abnormal_Sperm (515).bmp,3,train
smids/Abnormal_Sperm/Abnormal_Sperm (516).bmp,3,train
smids/Abnormal_Sperm/Abnormal_Sperm (520).bmp,3,train
smids/Abnormal_Sperm/Abnormal_Sperm (522).bmp,3,train
smids/Abnormal_Sperm/Abnormal_Sperm (523).bmp,3,train
smids/Abnormal_Sperm/Abnormal_Sperm (525).bmp,3,train
smids/Abnormal_Sperm/Abnormal_Sperm (526).bmp,3,train
smids/Abnormal_Sperm/Abnormal_Sperm (53).bmp,3,train
smids/Abnormal_Sperm/Abnormal_Sperm (530).bmp,3,train
smids/Abnormal_Sperm/Abnormal_Sperm (531).bmp,3,train
smids/Abnormal_Sperm/Abnormal_Sperm (532).bmp,3,train
smids/Abnormal_Sperm/Abnormal_Sperm (535).bmp,3,train
smids/Abnormal_Sperm/Abnormal_Sperm (536).bmp,3,train
smids/Abnormal_Sperm/Abnormal_Sperm (537).bmp,3,train
smids/Abnormal_Sperm/Abnormal_Sperm (539).bmp,3,train
smids/Abnormal_Sperm/Abnormal_Sperm (54).bmp,3,train
smids/Abnormal_Sperm/Abnormal_Sperm (540).bmp,3,train
smids/Abnormal_Sperm/Abnormal_Sperm (541).bmp,3,train
smids/Abnormal_Sperm/Abnormal_Sperm (543).bmp,3,train
smids/Abnormal_Sperm/Abnormal_Sperm (544).bmp,3,train
smids/Abnormal_Sperm/Abnormal_Sperm (545).bmp,3,train
smids/Abnormal_Sperm/Abnormal_Sperm (549).bmp,3,train
smids/Abnormal_Sperm/Abnormal_Sperm (55).bmp,3,train
smids/Abnormal_Sperm/Abnormal_Sperm (551).bmp,3,train
smids/Abnormal_Sperm/Abnormal_Sperm (553).bmp,3,train
smids/Abnormal_Sperm/Abnormal_Sperm (555).bmp,3,train
smids/Abnormal_Sperm/Abnormal_Sperm (557).bmp,3,train
smids/Abnormal_Sperm/Abnormal_Sperm (558).bmp,3,train
smids/Abnormal_Sperm/Abnormal_Sperm (559).bmp,3,train
smids/Abnormal_Sperm/Abnormal_Sperm (560).bmp,3,train
smids/Abnormal_Sperm/Abnormal_Sperm (562).bmp,3,train
smids/Abnormal_Sperm/Abnormal_Sperm (566).bmp,3,train
smids/Abnormal_Sperm/Abnormal_Sperm (567).bmp,3,train
smids/Abnormal_Sperm/Abnormal_Sperm (570).bmp,3,train
smids/Abnormal_Sperm/Abnormal_Sperm (571).bmp,3,train
smids/Abnormal_Sperm/Abnormal_Sperm (572).bmp,3,train
smids/Abnormal_Sperm/Abnormal_Sperm (573).bmp,3,train
smids/Abnormal_Sperm/Abnormal_Sperm (574).bmp,3,train
smids/Abnormal_Sperm/Abnormal_Sperm (575).bmp,3,train
smids/Abnormal_Sperm/Abnormal_Sperm (576).bmp,3,train
smids/Abnormal_Sperm/Abnormal_Sperm (58).bmp,3,train
smids/Abnormal_Sperm/Abnormal_Sperm (580).bmp,3,train
smids/Abnormal_Sperm/Abnormal_Sperm (581).bmp,3,train
smids/Abnormal_Sperm/Abnormal_Sperm (582).bmp,3,train
smids/Abnormal_Sperm/Abnormal_Sperm (583).bmp,3,train
smids/Abnormal_Sperm/Abnormal_Sperm (585).bmp,3,train
smids/Abnormal_Sperm/Abnormal_Sperm (588).bmp,3,train
smids/Abnormal_Sperm/Abnormal_Sperm (589).bmp,3,train
smids/Abnormal_Sperm/Abnormal_Sperm (59).bmp,3,train
smids/Abnormal_Sperm/Abnormal_Sperm (590).bmp,3,train
smids/Abnormal_Sperm/Abnormal_Sperm (591).bmp,3,train
smids/Abnormal_Sperm/Abnormal_Sperm (592).bmp,3,train
smids/Abnormal_Sperm/Abnormal_Sperm (593).bmp,3,train
smids/Abnormal_Sperm/Abnormal_Sperm (596).bmp,3,train
smids/Abnormal_Sperm/Abnormal_Sperm (598).bmp,3,train
smids/Abnormal_Sperm/Abnormal_Sperm (599).bmp,3,train
smids/Abnormal_Sperm/Abnormal_Sperm (60).bmp,3,train
smids/Abnormal_Sperm/Abnormal_Sperm (602).bmp,3,train
smids/Abnormal_Sperm/Abnormal_Sperm (603).bmp,3,train
smids/Abnormal_Sperm/Abnormal_Sperm (604).bmp,3,train
smids/Abnormal_Sperm/Abnormal_Sperm (605).bmp,3,train
smids/Abnormal_Sperm/Abnormal_Sperm (607).bmp,3,train
smids/Abnormal_Sperm/Abnormal_Sperm (61).bmp,3,train
smids/Abnormal_Sperm/Abnormal_Sperm (610).bmp,3,train
smids/Abnormal_Sperm/Abnormal_Sperm (611).bmp,3,train
smids/Abnormal_Sperm/Abnormal_Sperm (614).bmp,3,train
smids/Abnormal_Sperm/Abnormal_Sperm (615).bmp,3,train
smids/Abnormal_Sperm/Abnormal_Sperm (617).bmp,3,train
smids/Abnormal_Sperm/Abnormal_Sperm (619).bmp,3,train
smids/Abnormal_Sperm/Abnormal_Sperm (62).bmp,3,train
smids/Abnormal_Sperm/Abnormal_Sperm (620).bmp,3,train
smids/Abnormal_Sperm/Abnormal_Sperm (623).bmp,3,train
smids/Abnormal_Sperm/Abnormal_Sperm (624).bmp,3,train
smids/Abnormal_Sperm/Abnormal_Sperm (625).bmp,3,train
smids/Abnormal_Sperm/Abnormal_Sperm (626).bmp,3,train
smids/Abnormal_Sperm/Abnormal_Sperm (629).bmp,3,train
smids/Abnormal_Sperm/Abnormal_Sperm (63).bmp,3,train
smids/Abnormal_Sperm/Abnormal_Sperm (630).bmp,3,train
smids/Abnormal_Sperm/Abnormal_Sperm (632).bmp,3,train
smids/Abnormal_Sperm/Abnormal_Sperm (633).bmp,3,train
smids/Abnormal_Sperm/Abnormal_Sperm (637).bmp,3,train
smids/Abnormal_Sperm/Abnormal_Sperm (64).bmp,3,train
smids/Abnormal_Sperm/Abnormal_Sperm (640).bmp,3,train
smids/Abnormal_Sperm/Abnormal_Sperm (642).bmp,3,train
smids/Abnormal_Sperm/Abnormal_Sperm (644).bmp,3,train
smids/Abnormal_Sperm/Abnormal_Sperm (645).bmp,3,train
smids/Abnormal_Sperm/Abnormal_Sperm (646).bmp,3,train
smids/Abnormal_Sperm/Abnormal_Sperm (647).bmp,3,train
smids/Abnormal_Sperm/Abnormal_Sperm (649).bmp,3,train
smids/Abnormal_Sperm/Abnormal_Sperm (65).bmp,3,train
smids/Abnormal_Sperm/Abnormal_Sperm (650).bmp,3,train
smids/Abnormal_Sperm/Abnormal_Sperm (653).bmp,3,train
smids/Abnormal_Sperm/Abnormal_Sperm (656).bmp,3,train
smids/Abnormal_Sperm/Abnormal_Sperm (657).bmp,3,train
smids/Abnormal_Sperm/Abnormal_Sperm (660).bmp,3,train
smids/Abnormal_Sperm/Abnormal_Sperm (661).bmp,3,train
smids/Abnormal_Sperm/Abnormal_Sperm (662).bmp,3,train
smids/Abnormal_Sperm/Abnormal_Sperm (664).bmp,3,train
smids/Abnormal_Sperm/Abnormal_Sperm (665).bmp,3,train
smids/Abnormal_Sperm/Abnormal_Sperm (667).bmp,3,train
smids/Abnormal_Sperm/Abnormal_Sperm (669).bmp,3,train
smids/Abnormal_Sperm/Abnormal_Sperm (670).bmp,3,train
smids/Abnormal_Sperm/Abnormal_Sperm (671).bmp,3,train
smids/Abnormal_Sperm/Abnormal_Sperm (674).bmp,3,train
smids/Abnormal_Sperm/Abnormal_Sperm (676).bmp,3,train
smids/Abnormal_Sperm/Abnormal_Sperm (678).bmp,3,train
smids/Abnormal_Sperm/Abnormal_Sperm (685).bmp,3,train
smids/Abnormal_Sperm/Abnormal_Sperm (688).bmp,3,train
smids/Abnormal_Sperm/Abnormal_Sperm (690).bmp,3,train
smids/Abnormal_Sperm/Abnormal_Sperm (691).bmp,3,train
smids/Abnormal_Sperm/Abnormal_Sperm (692).bmp,3,train
smids/Abnormal_Sperm/Abnormal_Sperm (697).bmp,3,train
smids/Abnormal_Sperm/Abnormal_Sperm (698).bmp,3,train
smids/Abnormal_Sperm/Abnormal_Sperm (700).bmp,3,train
smids/Abnormal_Sperm/Abnormal_Sperm (701).bmp,3,train
smids/Abnormal_Sperm/Abnormal_Sperm (703).bmp,3,train
smids/Abnormal_Sperm/Abnormal_Sperm (704).bmp,3,train
smids/Abnormal_Sperm/Abnormal_Sperm (708).bmp,3,train
smids/Abnormal_Sperm/Abnormal_Sperm (709).bmp,3,train
smids/Abnormal_Sperm/Abnormal_Sperm (710).bmp,3,train
smids/Abnormal_Sperm/Abnormal_Sperm (713).bmp,3,train
smids/Abnormal_Sperm/Abnormal_Sperm (715).bmp,3,train
smids/Abnormal_Sperm/Abnormal_Sperm (716).bmp,3,train
smids/Abnormal_Sperm/Abnormal_Sperm (72).bmp,3,train
smids/Abnormal_Sperm/Abnormal_Sperm (721).bmp,3,train
smids/Abnormal_Sperm/Abnormal_Sperm (722).bmp,3,train
smids/Abnormal_Sperm/Abnormal_Sperm (726).bmp,3,train
smids/Abnormal_Sperm/Abnormal_Sperm (728).bmp,3,train
smids/Abnormal_Sperm/Abnormal_Sperm (729).bmp,3,train
smids/Abnormal_Sperm/Abnormal_Sperm (73).bmp,3,train
smids/Abnormal_Sperm/Abnormal_Sperm (730).bmp,3,train
smids/Abnormal_Sperm/Abnormal_Sperm (735).bmp,3,train
smids/Abnormal_Sperm/Abnormal_Sperm (737).bmp,3,train
smids/Abnormal_Sperm/Abnormal_Sperm (738).bmp,3,train
smids/Abnormal_Sperm/Abnormal_Sperm (739).bmp,3,train
smids/Abnormal_Sperm/Abnormal_Sperm (74).bmp,3,train
smids/Abnormal_Sperm/Abnormal_Sperm (740).bmp,3,train
smids/Abnormal_Sperm/Abnormal_Sperm (741).bmp,3,train
smids/Abnormal_Sperm/Abnormal_Sperm (742).bmp,3,train
smids/Abnormal_Sperm/Abnormal_Sperm (743).bmp,3,train
smids/Abnormal_Sperm/Abnormal_Sperm (746).bmp,3,train
smids/Abnormal_Sperm/Abnormal_Sperm (751).bmp,3,train
smids/Abnormal_Sperm/Abnormal_Sperm (753).bmp,3,train
smids/Abnormal_Sperm/Abnormal_Sperm (757).bmp,3,train
smids/Abnormal_Sperm/Abnormal_Sperm (758).bmp,3,train
smids/Abnormal_Sperm/Abnormal_Sperm (76).bmp,3,train
smids/Abnormal_Sperm/Abnormal_Sperm (762).bmp,3,train
smids/Abnormal_Sperm/Abnormal_Sperm (763).bmp,3,train
smids/Abnormal_Sperm/Abnormal_Sperm (767).bmp,3,train
smids/Abnormal_Sperm/Abnormal_Sperm (768).bmp,3,train
smids/Abnormal_Sperm/Abnormal_Sperm (770).bmp,3,train
smids/Abnormal_Sperm/Abnormal_Sperm (773).bmp,3,train
smids/Abnormal_Sperm/Abnormal_Sperm (777).bmp,3,train
smids/Abnormal_Sperm/Abnormal_Sperm (778).bmp,3,train
smids/Abnormal_Sperm/Abnormal_Sperm (78).bmp,3,train
smids/Abnormal_Sperm/Abnormal_Sperm (780).bmp,3,train
smids/Abnormal_Sperm/Abnormal_Sperm (782).bmp,3,train
smids/Abnormal_Sperm/Abnormal_Sperm (784).bmp,3,train
smids/Abnormal_Sperm/Abnormal_Sperm (785).bmp,3,train
smids/Abnormal_Sperm/Abnormal_Sperm (788).bmp,3,train
smids/Abnormal_Sperm/Abnormal_Sperm (789).bmp,3,train
smids/Abnormal_Sperm/Abnormal_Sperm (79).bmp,3,train
smids/Abnormal_Sperm/Abnormal_Sperm (790).bmp,3,train
smids/Abnormal_Sperm/Abnormal_Sperm (793).bmp,3,train
smids/Abnormal_Sperm/Abnormal_Sperm (794).bmp,3,train
smids/Abnormal_Sperm/Abnormal_Sperm (797).bmp,3,train
smids/Abnormal_Sperm/Abnormal_Sperm (80).bmp,3,train
smids/Abnormal_Sperm/Abnormal_Sperm (803).bmp,3,train
smids/Abnormal_Sperm/Abnormal_Sperm (807).bmp,3,train
smids/Abnormal_Sperm/Abnormal_Sperm (808).bmp,3,train
smids/Abnormal_Sperm/Abnormal_Sperm (812).bmp,3,train
smids/Abnormal_Sperm/Abnormal_Sperm (815).bmp,3,train
smids/Abnormal_Sperm/Abnormal_Sperm (816).bmp,3,train
smids/Abnormal_Sperm/Abnormal_Sperm (817).bmp,3,train
smids/Abnormal_Sperm/Abnormal_Sperm (819).bmp,3,train
smids/Abnormal_Sperm/Abnormal_Sperm (821).bmp,3,train
smids/Abnormal_Sperm/Abnormal_Sperm (822).bmp,3,train
smids/Abnormal_Sperm/Abnormal_Sperm (823).bmp,3,train
smids/Abnormal_Sperm/Abnormal_Sperm (824).bmp,3,train
smids/Abnormal_Sperm/Abnormal_Sperm (825).bmp,3,train
smids/Abnormal_Sperm/Abnormal_Sperm (826).bmp,3,train
smids/Abnormal_Sperm/Abnormal_Sperm (827).bmp,3,train
smids/Abnormal_Sperm/Abnormal_Sperm (828).bmp,3,train
smids/Abnormal_Sperm/Abnormal_Sperm (830).bmp,3,train
smids/Abnormal_Sperm/Abnormal_Sperm (831).bmp,3,train
smids/Abnormal_Sperm/Abnormal_Sperm (833).bmp,3,train
smids/Abnormal_Sperm/Abnormal_Sperm (834).bmp,3,train
smids/Abnormal_Sperm/Abnormal_Sperm (835).bmp,3,train
smids/Abnormal_Sperm/Abnormal_Sperm (84).bmp,3,train
smids/Abnormal_Sperm/Abnormal_Sperm (840).bmp,3,train
smids/Abnormal_Sperm/Abnormal_Sperm (842).bmp,3,train
smids/Abnormal_Sperm/Abnormal_Sperm (843).bmp,3,train
smids/Abnormal_Sperm/Abnormal_Sperm (845).bmp,3,train
smids/Abnormal_Sperm/Abnormal_Sperm (846).bmp,3,train
smids/Abnormal_Sperm/Abnormal_Sperm (848).bmp,3,train
smids/Abnormal_Sperm/Abnormal_Sperm (849).bmp,3,train
smids/Abnormal_Sperm/Abnormal_Sperm (85).bmp,3,train
smids/Abnormal_Sperm/Abnormal_Sperm (851).bmp,3,train
smids/Abnormal_Sperm/Abnormal_Sperm (852).bmp,3,train
smids/Abnormal_Sperm/Abnormal_Sperm (853).bmp,3,train
smids/Abnormal_Sperm/Abnormal_Sperm (855).bmp,3,train
smids/Abnormal_Sperm/Abnormal_Sperm (856).bmp,3,train
smids/Abnormal_Sperm/Abnormal_Sperm (857).bmp,3,train
smids/Abnormal_Sperm/Abnormal_Sperm (859).bmp,3,train
smids/Abnormal_Sperm/Abnormal_Sperm (860).bmp,3,train
smids/Abnormal_Sperm/Abnormal_Sperm (861).bmp,3,train
smids/Abnormal_Sperm/Abnormal_Sperm (862).bmp,3,train
smids/Abnormal_Sperm/Abnormal_Sperm (864).bmp,3,train
smids/Abnormal_Sperm/Abnormal_Sperm (867).bmp,3,train
smids/Abnormal_Sperm/Abnormal_Sperm (869).bmp,3,train
smids/Abnormal_Sperm/Abnormal_Sperm (87).bmp,3,train
smids/Abnormal_Sperm/Abnormal_Sperm (871).bmp,3,train
smids/Abnormal_Sperm/Abnormal_Sperm (872).bmp,3,train
smids/Abnormal_Sperm/Abnormal_Sperm (873).bmp,3,train
smids/Abnormal_Sperm/Abnormal_Sperm (874).bmp,3,train
smids/Abnormal_Sperm/Abnormal_Sperm (875).bmp,3,train
smids/Abnormal_Sperm/Abnormal_Sperm (877).bmp,3,train
smids/Abnormal_Sperm/Abnormal_Sperm (878).bmp,3,train
smids/Abnormal_Sperm/Abnormal_Sperm (880).bmp,3,train
smids/Abnormal_Sperm/Abnormal_Sperm (881).bmp,3,train
smids/Abnormal_Sperm/Abnormal_Sperm (884).bmp,3,train
smids/Abnormal_Sperm/Abnormal_Sperm (885).bmp,3,train
smids/Abnormal_Sperm/Abnormal_Sperm (887).bmp,3,train
smids/Abnormal_Sperm/Abnormal_Sperm (888).bmp,3,train
smids/Abnormal_Sperm/Abnormal_Sperm (890).bmp,3,train
smids/Abnormal_Sperm/Abnormal_Sperm (891).bmp,3,train
smids/Abnormal_Sperm/Abnormal_Sperm (893).bmp,3,train
smids/Abnormal_Sperm/Abnormal_Sperm (894).bmp,3,train
smids/Abnormal_Sperm/Abnormal_Sperm (895).bmp,3,train
smids/Abnormal_Sperm/Abnormal_Sperm (897).bmp,3,train
smids/Abnormal_Sperm/Abnormal_Sperm (90).bmp,3,train
smids/Abnormal_Sperm/Abnormal_Sperm (900).bmp,3,train
smids/Abnormal_Sperm/Abnormal_Sperm (904).bmp,3,train
smids/Abnormal_Sperm/Abnormal_Sperm (905).bmp,3,train
smids/Abnormal_Sperm/Abnormal_Sperm (906).bmp,3,train
smids/Abnormal_Sperm/Abnormal_Sperm (909).bmp,3,train
smids/Abnormal_Sperm/Abnormal_Sperm (912).bmp,3,train
smids/Abnormal_Sperm/Abnormal_Sperm (913).bmp,3,train
smids/Abnormal_Sperm/Abnormal_Sperm (914).bmp,3,train
smids/Abnormal_Sperm/Abnormal_Sperm (916).bmp,3,train
smids/Abnormal_Sperm/Abnormal_Sperm (917).bmp,3,train
smids/Abnormal_Sperm/Abnormal_Sperm (918).bmp,3,train
smids/Abnormal_Sperm/Abnormal_Sperm (92).bmp,3,train
smids/Abnormal_Sperm/Abnormal_Sperm (921).bmp,3,train
smids/Abnormal_Sperm/Abnormal_Sperm (923).bmp,3,train
smids/Abnormal_Sperm/Abnormal_Sperm (924).bmp,3,train
smids/Abnormal_Sperm/Abnormal_Sperm (925).bmp,3,train
smids/Abnormal_Sperm/Abnormal_Sperm (93).bmp,3,train
smids/Abnormal_Sperm/Abnormal_Sperm (931).bmp,3,train
smids/Abnormal_Sperm/Abnormal_Sperm (932).bmp,3,train
smids/Abnormal_Sperm/Abnormal_Sperm (933).bmp,3,train
smids/Abnormal_Sperm/Abnormal_Sperm (937).bmp,3,train
smids/Abnormal_Sperm/Abnormal_Sperm (941).bmp,3,train
smids/Abnormal_Sperm/Abnormal_Sperm (944).bmp,3,train
smids/Abnormal_Sperm/Abnormal_Sperm (946).bmp,3,train
smids/Abnormal_Sperm/Abnormal_Sperm (948).bmp,3,train
smids/Abnormal_Sperm/Abnormal_Sperm (949).bmp,3,train
smids/Abnormal_Sperm/Abnormal_Sperm (95).bmp,3,train
smids/Abnormal_Sperm/Abnormal_Sperm (950).bmp,3,train
smids/Abnormal_Sperm/Abnormal_Sperm (951).bmp,3,train
smids/Abnormal_Sperm/Abnormal_Sperm (952).bmp,3,train
smids/Abnormal_Sperm/Abnormal_Sperm (953).bmp,3,train
smids/Abnormal_Sperm/Abnormal_Sperm (954).bmp,3,train
smids/Abnormal_Sperm/Abnormal_Sperm (956).bmp,3,train
smids/Abnormal_Sperm/Abnormal_Sperm (957).bmp,3,train
smids/Abnormal_Sperm/Abnormal_Sperm (96).bmp,3,train
smids/Abnormal_Sperm/Abnormal_Sperm (961).bmp,3,train
smids/Abnormal_Sperm/Abnormal_Sperm (963).bmp,3,train
smids/Abnormal_Sperm/Abnormal_Sperm (964).bmp,3,train
smids/Abnormal_Sperm/Abnormal_Sperm (965).bmp,3,train
smids/Abnormal_Sperm/Abnormal_Sperm (966).bmp,3,train
smids/Abnormal_Sperm/Abnormal_Sperm (972).bmp,3,train
smids/Abnormal_Sperm/Abnormal_Sperm (977).bmp,3,train
smids/Abnormal_Sperm/Abnormal_Sperm (98).bmp,3,train
smids/Abnormal_Sperm/Abnormal_Sperm (980).bmp,3,train
smids/Abnormal_Sperm/Abnormal_Sperm (983).bmp,3,train
smids/Abnormal_Sperm/Abnormal_Sperm (985).bmp,3,train
smids/Abnormal_Sperm/Abnormal_Sperm (988).bmp,3,train
smids/Abnormal_Sperm/Abnormal_Sperm (990).bmp,3,train
smids/Abnormal_Sperm/Abnormal_Sperm (991).bmp,3,train
smids/Abnormal_Sperm/Abnormal_Sperm (994).bmp,3,train
smids/Abnormal_Sperm/Abnormal_Sperm (995).bmp,3,train
smids/Abnormal_Sperm/Abnormal_Sperm (998).bmp,3,train
smids/Non-Sperm/Non-Sperm (100).bmp,3,train
smids/Non-Sperm/Non-Sperm (102).bmp,3,train
smids/Non-Sperm/Non-Sperm (109).bmp,3,train
smids/Non-Sperm/Non-Sperm (11).bmp,3,train
smids/Non-Sperm/Non-Sperm (110).bmp,3,train
smids/Non-Sperm/Non-Sperm (111).bmp,3,train
smids/Non-Sperm/Non-Sperm (117).bmp,3,train
smids/Non-Sperm/Non-Sperm (118).bmp,3,train
smids/Non-Sperm/Non-Sperm (119).bmp,3,train
smids/Non-Sperm/Non-Sperm (12).bmp,3,train
smids/Non-Sperm/Non-Sperm (120).bmp,3,train
smids/Non-Sperm/Non-Sperm (121).bmp,3,train
smids/Non-Sperm/Non-Sperm (122).bmp,3,train
smids/Non-Sperm/Non-Sperm (125).bmp,3,train
smids/Non-Sperm/Non-Sperm (126).bmp,3,train
smids/Non-Sperm/Non-Sperm (129).bmp,3,train
smids/Non-Sperm/Non-Sperm (130).bmp,3,train
smids/Non-Sperm/Non-Sperm (135).bmp,3,train
smids/Non-Sperm/Non-Sperm (136).bmp,3,train
smids/Non-Sperm/Non-Sperm (137).bmp,3,train
smids/Non-Sperm/Non-Sperm (138).bmp,3,train
smids/Non-Sperm/Non-Sperm (139).bmp,3,train
smids/Non-Sperm/Non-Sperm (143).bmp,3,train
smids/Non-Sperm/Non-Sperm (145).bmp,3,train
smids/Non-Sperm/Non-Sperm (146).bmp,3,train
smids/Non-Sperm/Non-Sperm (147).bmp,3,train
smids/Non-Sperm/Non-Sperm (148).bmp,3,train
smids/Non-Sperm/Non-Sperm (149).bmp,3,train
smids/Non-Sperm/Non-Sperm (150).bmp,3,train
smids/Non-Sperm/Non-Sperm (153).bmp,3,train
smids/Non-Sperm/Non-Sperm (155).bmp,3,train
smids/Non-Sperm/Non-Sperm (156).bmp,3,train
smids/Non-Sperm/Non-Sperm (157).bmp,3,train
smids/Non-Sperm/Non-Sperm (159).bmp,3,train
smids/Non-Sperm/Non-Sperm (16).bmp,3,train
smids/Non-Sperm/Non-Sperm (160).bmp,3,train
smids/Non-Sperm/Non-Sperm (161).bmp,3,train
smids/Non-Sperm/Non-Sperm (163).bmp,3,train
smids/Non-Sperm/Non-Sperm (165).bmp,3,train
smids/Non-Sperm/Non-Sperm (168).bmp,3,train
smids/Non-Sperm/Non-Sperm (169).bmp,3,train
smids/Non-Sperm/Non-Sperm (17).bmp,3,train
smids/Non-Sperm/Non-Sperm (170).bmp,3,train
smids/Non-Sperm/Non-Sperm (171).bmp,3,train
smids/Non-Sperm/Non-Sperm (172).bmp,3,train
smids/Non-Sperm/Non-Sperm (179).bmp,3,train
smids/Non-Sperm/Non-Sperm (180).bmp,3,train
smids/Non-Sperm/Non-Sperm (182).bmp,3,train
smids/Non-Sperm/Non-Sperm (183).bmp,3,train
smids/Non-Sperm/Non-Sperm (184).bmp,3,train
smids/Non-Sperm/Non-Sperm (185).bmp,3,train
smids/Non-Sperm/Non-Sperm (187).bmp,3,train
smids/Non-Sperm/Non-Sperm (189).bmp,3,train
smids/Non-Sperm/Non-Sperm (19).bmp,3,train
smids/Non-Sperm/Non-Sperm (191).bmp,3,train
smids/Non-Sperm/Non-Sperm (192).bmp,3,train
smids/Non-Sperm/Non-Sperm (193).bmp,3,train
smids/Non-Sperm/Non-Sperm (196).bmp,3,train
smids/Non-Sperm/Non-Sperm (197).bmp,3,train
smids/Non-Sperm/Non-Sperm (198).bmp,3,train
smids/Non-Sperm/Non-Sperm (2).bmp,3,train
smids/Non-Sperm/Non-Sperm (20).bmp,3,train
smids/Non-Sperm/Non-Sperm (200).bmp,3,train
smids/Non-Sperm/Non-Sperm (202).bmp,3,train
smids/Non-Sperm/Non-Sperm (203).bmp,3,train
smids/Non-Sperm/Non-Sperm (205).bmp,3,train
smids/Non-Sperm/Non-Sperm (206).bmp,3,train
smids/Non-Sperm/Non-Sperm (209).bmp,3,train
smids/Non-Sperm/Non-Sperm (211).bmp,3,train
smids/Non-Sperm/Non-Sperm (212).bmp,3,train
smids/Non-Sperm/Non-Sperm (214).bmp,3,train
smids/Non-Sperm/Non-Sperm (215).bmp,3,train
smids/Non-Sperm/Non-Sperm (219).bmp,3,train
smids/Non-Sperm/Non-Sperm (22).bmp,3,train
smids/Non-Sperm/Non-Sperm (220).bmp,3,train
smids/Non-Sperm/Non-Sperm (222).bmp,3,train
smids/Non-Sperm/Non-Sperm (224).bmp,3,train
smids/Non-Sperm/Non-Sperm (226).bmp,3,train
smids/Non-Sperm/Non-Sperm (229).bmp,3,train
smids/Non-Sperm/Non-Sperm (230).bmp,3,train
smids/Non-Sperm/Non-Sperm (231).bmp,3,train
smids/Non-Sperm/Non-Sperm (232).bmp,3,train
smids/Non-Sperm/Non-Sperm (233).bmp,3,train
smids/Non-Sperm/Non-Sperm (234).bmp,3,train
smids/Non-Sperm/Non-Sperm (237).bmp,3,train
smids/Non-Sperm/Non-Sperm (238).bmp,3,train
smids/Non-Sperm/Non-Sperm (239).bmp,3,train
smids/Non-Sperm/Non-Sperm (24).bmp,3,train
smids/Non-Sperm/Non-Sperm (241).bmp,3,train
smids/Non-Sperm/Non-Sperm (244).bmp,3,train
smids/Non-Sperm/Non-Sperm (245).bmp,3,train
smids/Non-Sperm/Non-Sperm (248).bmp,3,train
smids/Non-Sperm/Non-Sperm (249).bmp,3,train
smids/Non-Sperm/Non-Sperm (25).bmp,3,train
smids/Non-Sperm/Non-Sperm (250).bmp,3,train
smids/Non-Sperm/Non-Sperm (255).bmp,3,train
smids/Non-Sperm/Non-Sperm (259).bmp,3,train
smids/Non-Sperm/Non-Sperm (260).bmp,3,train
smids/Non-Sperm/Non-Sperm (263).bmp,3,train
smids/Non-Sperm/Non-Sperm (264).bmp,3,train
smids/Non-Sperm/Non-Sperm (266).bmp,3,train
smids/Non-Sperm/Non-Sperm (267).bmp,3,train
smids/Non-Sperm/Non-Sperm (268).bmp,3,train
smids/Non-Sperm/Non-Sperm (270).bmp,3,train
smids/Non-Sperm/Non-Sperm (271).bmp,3,train
smids/Non-Sperm/Non-Sperm (274).bmp,3,train
smids/Non-Sperm/Non-Sperm (276).bmp,3,train
smids/Non-Sperm/Non-Sperm (280).bmp,3,train
smids/Non-Sperm/Non-Sperm (281).bmp,3,train
smids/Non-Sperm/Non-Sperm (282).bmp,3,train
smids/Non-Sperm/Non-Sperm (288).bmp,3,train
smids/Non-Sperm/Non-Sperm (289).bmp,3,train
smids/Non-Sperm/Non-Sperm (29).bmp,3,train
smids/Non-Sperm/Non-Sperm (292).bmp,3,train
smids/Non-Sperm/Non-Sperm (293).bmp,3,train
smids/Non-Sperm/Non-Sperm (294).bmp,3,train
smids/Non-Sperm/Non-Sperm (296).bmp,3,train
smids/Non-Sperm/Non-Sperm (297).bmp,3,train
smids/Non-Sperm/Non-Sperm (299).bmp,3,train
smids/Non-Sperm/Non-Sperm (300).bmp,3,train
smids/Non-Sperm/Non-Sperm (303).bmp,3,train
smids/Non-Sperm/Non-Sperm (304).bmp,3,train
smids/Non-Sperm/Non-Sperm (305).bmp,3,train
smids/Non-Sperm/Non-Sperm (307).bmp,3,train
smids/Non-Sperm/Non-Sperm (308).bmp,3,train
smids/Non-Sperm/Non-Sperm (309).bmp,3,train
smids/Non-Sperm/Non-Sperm (310).bmp,3,train
smids/Non-Sperm/Non-Sperm (312).bmp,3,train
smids/Non-Sperm/Non-Sperm (313).bmp,3,train
smids/Non-Sperm/Non-Sperm (317).bmp,3,train
smids/Non-Sperm/Non-Sperm (318).bmp,3,train
smids/Non-Sperm/Non-Sperm (321).bmp,3,train
smids/Non-Sperm/Non-Sperm (322).bmp,3,train
smids/Non-Sperm/Non-Sperm (323).bmp,3,train
smids/Non-Sperm/Non-Sperm (324).bmp,3,train
smids/Non-Sperm/Non-Sperm (325).bmp,3,train
smids/Non-Sperm/Non-Sperm (326).bmp,3,train
smids/Non-Sperm/Non-Sperm (327).bmp,3,train
smids/Non-Sperm/Non-Sperm (329).bmp,3,train
smids/Non-Sperm/Non-Sperm (331).bmp,3,train
smids/Non-Sperm/Non-Sperm (332).bmp,3,train
smids/Non-Sperm/Non-Sperm (334).bmp,3,train
smids/Non-Sperm/Non-Sperm (336).bmp,3,train
smids/Non-Sperm/Non-Sperm (337).bmp,3,train
smids/Non-Sperm/Non-Sperm (338).bmp,3,train
smids/Non-Sperm/Non-Sperm (339).bmp,3,train
smids/Non-Sperm/Non-Sperm (343).bmp,3,train
smids/Non-Sperm/Non-Sperm (347).bmp,3,train
smids/Non-Sperm/Non-Sperm (35).bmp,3,train
smids/Non-Sperm/Non-Sperm (350).bmp,3,train
smids/Non-Sperm/Non-Sperm (352).bmp,3,train
smids/Non-Sperm/Non-Sperm (355).bmp,3,train
smids/Non-Sperm/Non-Sperm (358).bmp,3,train
smids/Non-Sperm/Non-Sperm (361).bmp,3,train
smids/Non-Sperm/Non-Sperm (362).bmp,3,train
smids/Non-Sperm/Non-Sperm (363).bmp,3,train
smids/Non-Sperm/Non-Sperm (364).bmp,3,train
smids/Non-Sperm/Non-Sperm (365).bmp,3,train
smids/Non-Sperm/Non-Sperm (367).bmp,3,train
smids/Non-Sperm/Non-Sperm (368).bmp,3,train
smids/Non-Sperm/Non-Sperm (37).bmp,3,train
smids/Non-Sperm/Non-Sperm (372).bmp,3,train
smids/Non-Sperm/Non-Sperm (373).bmp,3,train
smids/Non-Sperm/Non-Sperm (374).bmp,3,train
smids/Non-Sperm/Non-Sperm (375).bmp,3,train
smids/Non-Sperm/Non-Sperm (376).bmp,3,train
smids/Non-Sperm/Non-Sperm (377).bmp,3,train
smids/Non-Sperm/Non-Sperm (378).bmp,3,train
smids/Non-Sperm/Non-Sperm (379).bmp,3,train
smids/Non-Sperm/Non-Sperm (380).bmp,3,train
smids/Non-Sperm/Non-Sperm (381).bmp,3,train
smids/Non-Sperm/Non-Sperm (385).bmp,3,train
smids/Non-Sperm/Non-Sperm (386).bmp,3,train
smids/Non-Sperm/Non-Sperm (389).bmp,3,train
smids/Non-Sperm/Non-Sperm (39).bmp,3,train
smids/Non-Sperm/Non-Sperm (390).bmp,3,train
smids/Non-Sperm/Non-Sperm (394).bmp,3,train
smids/Non-Sperm/Non-Sperm (395).bmp,3,train
smids/Non-Sperm/Non-Sperm (398).bmp,3,train
smids/Non-Sperm/Non-Sperm (401).bmp,3,train
smids/Non-Sperm/Non-Sperm (402).bmp,3,train
smids/Non-Sperm/Non-Sperm (403).bmp,3,train
smids/Non-Sperm/Non-Sperm (404).bmp,3,train
smids/Non-Sperm/Non-Sperm (41).bmp,3,train
smids/Non-Sperm/Non-Sperm (410).bmp,3,train
smids/Non-Sperm/Non-Sperm (412).bmp,3,train
smids/Non-Sperm/Non-Sperm (413).bmp,3,train
smids/Non-Sperm/Non-Sperm (414).bmp,3,train
smids/Non-Sperm/Non-Sperm (417).bmp,3,train
smids/Non-Sperm/Non-Sperm (418).bmp,3,train
smids/Non-Sperm/Non-Sperm (419).bmp,3,train
smids/Non-Sperm/Non-Sperm (42).bmp,3,train
smids/Non-Sperm/Non-Sperm (420).bmp,3,train
smids/Non-Sperm/Non-Sperm (422).bmp,3,train
smids/Non-Sperm/Non-Sperm (423).bmp,3,train
smids/Non-Sperm/Non-Sperm (429).bmp,3,train
smids/Non-Sperm/Non-Sperm (430).bmp,3,train
smids/Non-Sperm/Non-Sperm (432).bmp,3,train
smids/Non-Sperm/Non-Sperm (434).bmp,3,train
smids/Non-Sperm/Non-Sperm (439).bmp,3,train
smids/Non-Sperm/Non-Sperm (441).bmp,3,train
smids/Non-Sperm/Non-Sperm (443).bmp,3,train
smids/Non-Sperm/Non-Sperm (444).bmp,3,train
smids/Non-Sperm/Non-Sperm (448).bmp,3,train
smids/Non-Sperm/Non-Sperm (449).bmp,3,train
smids/Non-Sperm/Non-Sperm (45).bmp,3,train
smids/Non-Sperm/Non-Sperm (450).bmp,3,train
smids/Non-Sperm/Non-Sperm (452).bmp,3,train
smids/Non-Sperm/Non-Sperm (453).bmp,3,train
smids/Non-Sperm/Non-Sperm (456).bmp,3,train
smids/Non-Sperm/Non-Sperm (458).bmp,3,train
smids/Non-Sperm/Non-Sperm (46).bmp,3,train
smids/Non-Sperm/Non-Sperm (462).bmp,3,train
smids/Non-Sperm/Non-Sperm (463).bmp,3,train
smids/Non-Sperm/Non-Sperm (465).bmp,3,train
smids/Non-Sperm/Non-Sperm (466).bmp,3,train
smids/Non-Sperm/Non-Sperm (469).bmp,3,train
smids/Non-Sperm/Non-Sperm (470).bmp,3,train
smids/Non-Sperm/Non-Sperm (471).bmp,3,train
smids/Non-Sperm/Non-Sperm (474).bmp,3,train
smids/Non-Sperm/Non-Sperm (475).bmp,3,train
smids/Non-Sperm/Non-Sperm (48).bmp,3,train
smids/Non-Sperm/Non-Sperm (482).bmp,3,train
smids/Non-Sperm/Non-Sperm (483).bmp,3,train
smids/Non-Sperm/Non-Sperm (485).bmp,3,train
smids/Non-Sperm/Non-Sperm (486).bmp,3,train
smids/Non-Sperm/Non-Sperm (488).bmp,3,train
smids/Non-Sperm/Non-Sperm (490).bmp,3,train
smids/Non-Sperm/Non-Sperm (491).bmp,3,train
smids/Non-Sperm/Non-Sperm (492).bmp,3,train
smids/Non-Sperm/Non-Sperm (493).bmp,3,train
smids/Non-Sperm/Non-Sperm (496).bmp,3,train
smids/Non-Sperm/Non-Sperm (498).bmp,3,train
smids/Non-Sperm/Non-Sperm (499).bmp,3,train
smids/Non-Sperm/Non-Sperm (5).bmp,3,train
smids/Non-Sperm/Non-Sperm (500).bmp,3,train
smids/Non-Sperm/Non-Sperm (503).bmp,3,train
smids/Non-Sperm/Non-Sperm (507).bmp,3,train
smids/Non-Sperm/Non-Sperm (509).bmp,3,train
smids/Non-Sperm/Non-Sperm (51).bmp,3,train
smids/Non-Sperm/Non-Sperm (511).bmp,3,train
smids/Non-Sperm/Non-Sperm (512).bmp,3,train
smids/Non-Sperm/Non-Sperm (514).bmp,3,train
smids/Non-Sperm/Non-Sperm (516).bmp,3,train
smids/Non-Sperm/Non-Sperm (519).bmp,3,train
smids/Non-Sperm/Non-Sperm (520).bmp,3,train
smids/Non-Sperm/Non-Sperm (521).bmp,3,train
smids/Non-Sperm/Non-Sperm (522).bmp,3,train
smids/Non-Sperm/Non-Sperm (527).bmp,3,train
smids/Non-Sperm/Non-Sperm (531).bmp,3,train
smids/Non-Sperm/Non-Sperm (532).bmp,3,train
smids/Non-Sperm/Non-Sperm (535).bmp,3,train
smids/Non-Sperm/Non-Sperm (536).bmp,3,train
smids/Non-Sperm/Non-Sperm (537).bmp,3,train
smids/Non-Sperm/Non-Sperm (538).bmp,3,train
smids/Non-Sperm/Non-Sperm (54).bmp,3,train
smids/Non-Sperm/Non-Sperm (544).bmp,3,train
smids/Non-Sperm/Non-Sperm (547).bmp,3,train
smids/Non-Sperm/Non-Sperm (548).bmp,3,train
smids/Non-Sperm/Non-Sperm (549).bmp,3,train
smids/Non-Sperm/Non-Sperm (55).bmp,3,train
smids/Non-Sperm/Non-Sperm (554).bmp,3,train
smids/Non-Sperm/Non-Sperm (557).bmp,3,train
smids/Non-Sperm/Non-Sperm (558).bmp,3,train
smids/Non-Sperm/Non-Sperm (56).bmp,3,train
smids/Non-Sperm/Non-Sperm (563).bmp,3,train
smids/Non-Sperm/Non-Sperm (564).bmp,3,train
smids/Non-Sperm/Non-Sperm (565).bmp,3,train
smids/Non-Sperm/Non-Sperm (568).bmp,3,train
smids/Non-Sperm/Non-Sperm (570).bmp,3,train
smids/Non-Sperm/Non-Sperm (571).bmp,3,train
smids/Non-Sperm/Non-Sperm (573).bmp,3,train
smids/Non-Sperm/Non-Sperm (576).bmp,3,train
smids/Non-Sperm/Non-Sperm (579).bmp,3,train
smids/Non-Sperm/Non-Sperm (58).bmp,3,train
smids/Non-Sperm/Non-Sperm (580).bmp,3,train
smids/Non-Sperm/Non-Sperm (581).bmp,3,train
smids/Non-Sperm/Non-Sperm (583).bmp,3,train
smids/Non-Sperm/Non-Sperm (584).bmp,3,train
smids/Non-Sperm/Non-Sperm (585).bmp,3,train
smids/Non-Sperm/Non-Sperm (586).bmp,3,train
smids/Non-Sperm/Non-Sperm (587).bmp,3,train
smids/Non-Sperm/Non-Sperm (593).bmp,3,train
smids/Non-Sperm/Non-Sperm (595).bmp,3,train
smids/Non-Sperm/Non-Sperm (596).bmp,3,train
smids/Non-Sperm/Non-Sperm (597).bmp,3,train
smids/Non-Sperm/Non-Sperm (598).bmp,3,train
smids/Non-Sperm/Non-Sperm (599).bmp,3,train
smids/Non-Sperm/Non-Sperm (6).bmp,3,train
smids/Non-Sperm/Non-Sperm (600).bmp,3,train
smids/Non-Sperm/Non-Sperm (604).bmp,3,train
smids/Non-Sperm/Non-Sperm (605).bmp,3,train
smids/Non-Sperm/Non-Sperm (606).bmp,3,train
smids/Non-Sperm/Non-Sperm (608).bmp,3,train
smids/Non-Sperm/Non-Sperm (610).bmp,3,train
smids/Non-Sperm/Non-Sperm (613).bmp,3,train
smids/Non-Sperm/Non-Sperm (614).bmp,3,train
smids/Non-Sperm/Non-Sperm (617).bmp,3,train
smids/Non-Sperm/Non-Sperm (618).bmp,3,train
smids/Non-Sperm/Non-Sperm (619).bmp,3,train
smids/Non-Sperm/Non-Sperm (62).bmp,3,train
smids/Non-Sperm/Non-Sperm (620).bmp,3,train
smids/Non-Sperm/Non-Sperm (622).bmp,3,train
smids/Non-Sperm/Non-Sperm (626).bmp,3,train
smids/Non-Sperm/Non-Sperm (627).bmp,3,train
smids/Non-Sperm/Non-Sperm (628).bmp,3,train
smids/Non-Sperm/Non-Sperm (629).bmp,3,train
smids/Non-Sperm/Non-Sperm (63).bmp,3,train
smids/Non-Sperm/Non-Sperm (630).bmp,3,train
smids/Non-Sperm/Non-Sperm (632).bmp,3,train
smids/Non-Sperm/Non-Sperm (635).bmp,3,train
smids/Non-Sperm/Non-Sperm (639).bmp,3,train
smids/Non-Sperm/Non-Sperm (641).bmp,3,train
smids/Non-Sperm/Non-Sperm (642).bmp,3,train
smids/Non-Sperm/Non-Sperm (643).bmp,3,train
smids/Non-Sperm/Non-Sperm (646).bmp,3,train
smids/Non-Sperm/Non-Sperm (648).bmp,3,train
smids/Non-Sperm/Non-Sperm (650).bmp,3,train
smids/Non-Sperm/Non-Sperm (651).bmp,3,train
smids/Non-Sperm/Non-Sperm (653).bmp,3,train
smids/Non-Sperm/Non-Sperm (654).bmp,3,train
smids/Non-Sperm/Non-Sperm (656).bmp,3,train
smids/Non-Sperm/Non-Sperm (658).bmp,3,train
smids/Non-Sperm/Non-Sperm (662).bmp,3,train
smids/Non-Sperm/Non-Sperm (663).bmp,3,train
smids/Non-Sperm/Non-Sperm (664).bmp,3,train
smids/Non-Sperm/Non-Sperm (665).bmp,3,train
smids/Non-Sperm/Non-Sperm (667).bmp,3,train
smids/Non-Sperm/Non-Sperm (668).bmp,3,train
smids/Non-Sperm/Non-Sperm (67).bmp,3,train
smids/Non-Sperm/Non-Sperm (670).bmp,3,train
smids/Non-Sperm/Non-Sperm (672).bmp,3,train
smids/Non-Sperm/Non-Sperm (673).bmp,3,train
smids/Non-Sperm/Non-Sperm (68).bmp,3,train
smids/Non-Sperm/Non-Sperm (680).bmp,3,train
smids/Non-Sperm/Non-Sperm (681).bmp,3,train
smids/Non-Sperm/Non-Sperm (682).bmp,3,train
smids/Non-Sperm/Non-Sperm (684).bmp,3,train
smids/Non-Sperm/Non-Sperm (685).bmp,3,train
smids/Non-Sperm/Non-Sperm (686).bmp,3,train
smids/Non-Sperm/Non-Sperm (688).bmp,3,train
smids/Non-Sperm/Non-Sperm (69).bmp,3,train
smids/Non-Sperm/Non-Sperm (692).bmp,3,train
smids/Non-Sperm/Non-Sperm (695).bmp,3,train
smids/Non-Sperm/Non-Sperm (698).bmp,3,train
smids/Non-Sperm/Non-Sperm (699).bmp,3,train
smids/Non-Sperm/Non-Sperm (7).bmp,3,train
smids/Non-Sperm/Non-Sperm (70).bmp,3,train
smids/Non-Sperm/Non-Sperm (700).bmp,3,train
smids/Non-Sperm/Non-Sperm (701).bmp,3,train
smids/Non-Sperm/Non-Sperm (703).bmp,3,train
smids/Non-Sperm/Non-Sperm (704).bmp,3,train
smids/Non-Sperm/Non-Sperm (706).bmp,3,train
smids/Non-Sperm/Non-Sperm (707).bmp,3,train
smids/Non-Sperm/Non-Sperm (709).bmp,3,train
smids/Non-Sperm/Non-Sperm (712).bmp,3,train
smids/Non-Sperm/Non-Sperm (714).bmp,3,train
smids/Non-Sperm/Non-Sperm (715).bmp,3,train
smids/Non-Sperm/Non-Sperm (718).bmp,3,train
smids/Non-Sperm/Non-Sperm (719).bmp,3,train
smids/Non-Sperm/Non-Sperm (72).bmp,3,train
smids/Non-Sperm/Non-Sperm (720).bmp,3,train
smids/Non-Sperm/Non-Sperm (722).bmp,3,train
smids/Non-Sperm/Non-Sperm (723).bmp,3,train
smids/Non-Sperm/Non-Sperm (724).bmp,3,train
smids/Non-Sperm/Non-Sperm (728).bmp,3,train
smids/Non-Sperm/Non-Sperm (730).bmp,3,train
smids/Non-Sperm/Non-Sperm (731).bmp,3,train
smids/Non-Sperm/Non-Sperm (733).bmp,3,train
smids/Non-Sperm/Non-Sperm (735).bmp,3,train
smids/Non-Sperm/Non-Sperm (737).bmp,3,train
smids/Non-Sperm/Non-Sperm (738).bmp,3,train
smids/Non-Sperm/Non-Sperm (739).bmp,3,train
smids/Non-Sperm/Non-Sperm (74).bmp,3,train
smids/Non-Sperm/Non-Sperm (742).bmp,3,train
smids/Non-Sperm/Non-Sperm (748).bmp,3,train
smids/Non-Sperm/Non-Sperm (75).bmp,3,train
smids/Non-Sperm/Non-Sperm (751).bmp,3,train
smids/Non-Sperm/Non-Sperm (753).bmp,3,train
smids/Non-Sperm/Non-Sperm (754).bmp,3,train
smids/Non-Sperm/Non-Sperm (755).bmp,3,train
smids/Non-Sperm/Non-Sperm (756).bmp,3,train
smids/Non-Sperm/Non-Sperm (759).bmp,3,train
smids/Non-Sperm/Non-Sperm (762).bmp,3,train
smids/Non-Sperm/Non-Sperm (763).bmp,3,train
smids/Non-Sperm/Non-Sperm (764).bmp,3,train
smids/Non-Sperm/Non-Sperm (770).bmp,3,train
smids/Non-Sperm/Non-Sperm (771).bmp,3,train
smids/Non-Sperm/Non-Sperm (773).bmp,3,train
smids/Non-Sperm/Non-Sperm (774).bmp,3,train
smids/Non-Sperm/Non-Sperm (776).bmp,3,train
smids/Non-Sperm/Non-Sperm (777).bmp,3,train
smids/Non-Sperm/Non-Sperm (779).bmp,3,train
smids/Non-Sperm/Non-Sperm (783).bmp,3,train
smids/Non-Sperm/Non-Sperm (785).bmp,3,train
smids/Non-Sperm/Non-Sperm (786).bmp,3,train
smids/Non-Sperm/Non-Sperm (789).bmp,3,train
smids/Non-Sperm/Non-Sperm (79).bmp,3,train
smids/Non-Sperm/Non-Sperm (790).bmp,3,train
smids/Non-Sperm/Non-Sperm (791).bmp,3,train
smids/Non-Sperm/Non-Sperm (793).bmp,3,train
smids/Non-Sperm/Non-Sperm (794).bmp,3,train
smids/Non-Sperm/Non-Sperm (802).bmp,3,train
smids/Non-Sperm/Non-Sperm (805).bmp,3,train
smids/Non-Sperm/Non-Sperm (807).bmp,3,train
smids/Non-Sperm/Non-Sperm (81).bmp,3,train
smids/Non-Sperm/Non-Sperm (810).bmp,3,train
smids/Non-Sperm/Non-Sperm (812).bmp,3,train
smids/Non-Sperm/Non-Sperm (814).bmp,3,train
smids/Non-Sperm/Non-Sperm (815).bmp,3,train
smids/Non-Sperm/Non-Sperm (817).bmp,3,train
smids/Non-Sperm/Non-Sperm (818).bmp,3,train
smids/Non-Sperm/Non-Sperm (820).bmp,3,train
smids/Non-Sperm/Non-Sperm (821).bmp,3,train
smids/Non-Sperm/Non-Sperm (822).bmp,3,train
smids/Non-Sperm/Non-Sperm (823).bmp,3,train
smids/Non-Sperm/Non-Sperm (826).bmp,3,train
smids/Non-Sperm/Non-Sperm (827).bmp,3,train
smids/Non-Sperm/Non-Sperm (828).bmp,3,train
smids/Non-Sperm/Non-Sperm (83).bmp,3,train
smids/Non-Sperm/Non-Sperm (831).bmp,3,train
smids/Non-Sperm/Non-Sperm (833).bmp,3,train
smids/Non-Sperm/Non-Sperm (835).bmp,3,train
smids/Non-Sperm/Non-Sperm (836).bmp,3,train
smids/Non-Sperm/Non-Sperm (838).bmp,3,train
smids/Non-Sperm/Non-Sperm (842).bmp,3,train
smids/Non-Sperm/Non-Sperm (847).bmp,3,train
smids/Non-Sperm/Non-Sperm (849).bmp,3,train
smids/Non-Sperm/Non-Sperm (851).bmp,3,train
smids/Non-Sperm/Non-Sperm (852).bmp,3,train
smids/Non-Sperm/Non-Sperm (853).bmp,3,train
smids/Non-Sperm/Non-Sperm (854).bmp,3,train
smids/Non-Sperm/Non-Sperm (856).bmp,3,train
smids/Non-Sperm/Non-Sperm (857).bmp,3,train
smids/Non-Sperm/Non-Sperm (86).bmp,3,train
smids/Non-Sperm/Non-Sperm (860).bmp,3,train
smids/Non-Sperm/Non-Sperm (861).bmp,3,train
smids/Non-Sperm/Non-Sperm (865).bmp,3,train
smids/Non-Sperm/Non-Sperm (866).bmp,3,train
smids/Non-Sperm/Non-Sperm (87).bmp,3,train
smids/Non-Sperm/Non-Sperm (870).bmp,3,train
smids/Non-Sperm/Non-Sperm (871).bmp,3,train
smids/Non-Sperm/Non-Sperm (873).bmp,3,train
smids/Non-Sperm/Non-Sperm (874).bmp,3,train
smids/Non-Sperm/Non-Sperm (875).bmp,3,train
smids/Non-Sperm/Non-Sperm (876).bmp,3,train
smids/Non-Sperm/Non-Sperm (879).bmp,3,train
smids/Non-Sperm/Non-Sperm (88).bmp,3,train
smids/Non-Sperm/Non-Sperm (880).bmp,3,train
smids/Non-Sperm/Non-Sperm (882).bmp,3,train
smids/Non-Sperm/Non-Sperm (883).bmp,3,train
smids/Non-Sperm/Non-Sperm (885).bmp,3,train
smids/Non-Sperm/Non-Sperm (888).bmp,3,train
smids/Non-Sperm/Non-Sperm (891).bmp,3,train
smids/Non-Sperm/Non-Sperm (892).bmp,3,train
smids/Non-Sperm/Non-Sperm (894).bmp,3,train
smids/Non-Sperm/Non-Sperm (895).bmp,3,train
smids/Non-Sperm/Non-Sperm (896).bmp,3,train
smids/Non-Sperm/Non-Sperm (897).bmp,3,train
smids/Non-Sperm/Non-Sperm (898).bmp,3,train
smids/Non-Sperm/Non-Sperm (9).bmp,3,train
smids/Non-Sperm/Non-Sperm (90).bmp,3,train
smids/Non-Sperm/Non-Sperm (900).bmp,3,train
smids/Non-Sperm/Non-Sperm (901).bmp,3,train
smids/Non-Sperm/Non-Sperm (902).bmp,3,train
smids/Non-Sperm/Non-Sperm (903).bmp,3,train
smids/Non-Sperm/Non-Sperm (904).bmp,3,train
smids/Non-Sperm/Non-Sperm (906).bmp,3,train
smids/Non-Sperm/Non-Sperm (909).bmp,3,train
smids/Non-Sperm/Non-Sperm (912).bmp,3,train
smids/Non-Sperm/Non-Sperm (914).bmp,3,train
smids/Non-Sperm/Non-Sperm (915).bmp,3,train
smids/Non-Sperm/Non-Sperm (918).bmp,3,train
smids/Non-Sperm/Non-Sperm (92).bmp,3,train
smids/Non-Sperm/Non-Sperm (921).bmp,3,train
smids/Non-Sperm/Non-Sperm (922).bmp,3,train
smids/Non-Sperm/Non-Sperm (923).bmp,3,train
smids/Non-Sperm/Non-Sperm (925).bmp,3,train
smids/Non-Sperm/Non-Sperm (926).bmp,3,train
smids/Non-Sperm/Non-Sperm (927).bmp,3,train
smids/Non-Sperm/Non-Sperm (928).bmp,3,train
smids/Non-Sperm/Non-Sperm (933).bmp,3,train
smids/Non-Sperm/Non-Sperm (937).bmp,3,train
smids/Non-Sperm/Non-Sperm (943).bmp,3,train
smids/Non-Sperm/Non-Sperm (944).bmp,3,train
smids/Non-Sperm/Non-Sperm (945).bmp,3,train
smids/Non-Sperm/Non-Sperm (946).bmp,3,train
smids/Non-Sperm/Non-Sperm (947).bmp,3,train
smids/Non-Sperm/Non-Sperm (948).bmp,3,train
smids/Non-Sperm/Non-Sperm (949).bmp,3,train
smids/Non-Sperm/Non-Sperm (953).bmp,3,train
smids/Non-Sperm/Non-Sperm (955).bmp,3,train
smids/Non-Sperm/Non-Sperm (959).bmp,3,train
smids/Non-Sperm/Non-Sperm (961).bmp,3,train
smids/Non-Sperm/Non-Sperm (964).bmp,3,train
smids/Non-Sperm/Non-Sperm (965).bmp,3,train
smids/Non-Sperm/Non-Sperm (966).bmp,3,train
smids/Non-Sperm/Non-Sperm (968).bmp,3,train
smids/Non-Sperm/Non-Sperm (969).bmp,3,train
smids/Non-Sperm/Non-Sperm (97).bmp,3,train
smids/Non-Sperm/Non-Sperm (970).bmp,3,train
smids/Non-Sperm/Non-Sperm (971).bmp,3,train
smids/Non-Sperm/Non-Sperm (972).bmp,3,train
smids/Non-Sperm/Non-Sperm (973).bmp,3,train
smids/Non-Sperm/Non-Sperm (99).bmp,3,train
smids/Normal_Sperm/Normal_Sperm (1).bmp,3,train
smids/Normal_Sperm/Normal_Sperm (10).bmp,3,train
smids/Normal_Sperm/Normal_Sperm (1000).bmp,3,train
smids/Normal_Sperm/Normal_Sperm (1005).bmp,3,train
smids/Normal_Sperm/Normal_Sperm (1006).bmp,3,train
smids/Normal_Sperm/Normal_Sperm (1007).bmp,3,train
smids/Normal_Sperm/Normal_Sperm (1008).bmp,3,train
smids/Normal_Sperm/Normal_Sperm (1012).bmp,3,train
smids/Normal_Sperm/Normal_Sperm (1016).bmp,3,train
smids/Normal_Sperm/Normal_Sperm (102).bmp,3,train
smids/Normal_Sperm/Normal_Sperm (1021).bmp,3,train
smids/Normal_Sperm/Normal_Sperm (103).bmp,3,train
smids/Normal_Sperm/Normal_Sperm (104).bmp,3,train
smids/Normal_Sperm/Normal_Sperm (108).bmp,3,train
smids/Normal_Sperm/Normal_Sperm (109).bmp,3,train
smids/Normal_Sperm/Normal_Sperm (110).bmp,3,train
smids/Normal_Sperm/Normal_Sperm (111).bmp,3,train
smids/Normal_Sperm/Normal_Sperm (113).bmp,3,train
smids/Normal_Sperm/Normal_Sperm (119).bmp,3,train
smids/Normal_Sperm/Normal_Sperm (120).bmp,3,train
smids/Normal_Sperm/Normal_Sperm (122).bmp,3,train
smids/Normal_Sperm/Normal_Sperm (128).bmp,3,train
smids/Normal_Sperm/Normal_Sperm (129).bmp,3,train
smids/Normal_Sperm/Normal_Sperm (131).bmp,3,train
smids/Normal_Sperm/Normal_Sperm (134).bmp,3,train
smids/Normal_Sperm/Normal_Sperm (136).bmp,3,train
smids/Normal_Sperm/Normal_Sperm (139).bmp,3,train
smids/Normal_Sperm/Normal_Sperm (14).bmp,3,train
smids/Normal_Sperm/Normal_Sperm (141).bmp,3,train
smids/Normal_Sperm/Normal_Sperm (145).bmp,3,train
smids/Normal_Sperm/Normal_Sperm (148).bmp,3,train
smids/Normal_Sperm/Normal_Sperm (15).bmp,3,train
smids/Normal_Sperm/Normal_Sperm (150).bmp,3,train
smids/Normal_Sperm/Normal_Sperm (152).bmp,3,train
smids/Normal_Sperm/Normal_Sperm (155).bmp,3,train
smids/Normal_Sperm/Normal_Sperm (156).bmp,3,train
smids/Normal_Sperm/Normal_Sperm (159).bmp,3,train
smids/Normal_Sperm/Normal_Sperm (16).bmp,3,train
smids/Normal_Sperm/Normal_Sperm (161).bmp,3,train
smids/Normal_Sperm/Normal_Sperm (166).bmp,3,train
smids/Normal_Sperm/Normal_Sperm (169).bmp,3,train
smids/Normal_Sperm/Normal_Sperm (171).bmp,3,train
smids/Normal_Sperm/Normal_Sperm (172).bmp,3,train
smids/Normal_Sperm/Normal_Sperm (174).bmp,3,train
smids/Normal_Sperm/Normal_Sperm (177).bmp,3,train
smids/Normal_Sperm/Normal_Sperm (18).bmp,3,train
smids/Normal_Sperm/Normal_Sperm (180).bmp,3,train
smids/Normal_Sperm/Normal_Sperm (184).bmp,3,train
smids/Normal_Sperm/Normal_Sperm (185).bmp,3,train
smids/Normal_Sperm/Normal_Sperm (187).bmp,3,train
smids/Normal_Sperm/Normal_Sperm (188).bmp,3,train
smids/Normal_Sperm/Normal_Sperm (189).bmp,3,train
smids/Normal_Sperm/Normal_Sperm (19).bmp,3,train
smids/Normal_Sperm/Normal_Sperm (191).bmp,3,train
smids/Normal_Sperm/Normal_Sperm (192).bmp,3,train
smids/Normal_Sperm/Normal_Sperm (198).bmp,3,train
smids/Normal_Sperm/Normal_Sperm (199).bmp,3,train
smids/Normal_Sperm/Normal_Sperm (200).bmp,3,train
smids/Normal_Sperm/Normal_Sperm (201).bmp,3,train
smids/Normal_Sperm/Normal_Sperm (203).bmp,3,train
smids/Normal_Sperm/Normal_Sperm (204).bmp,3,train
smids/Normal_Sperm/Normal_Sperm (206).bmp,3,train
smids/Normal_Sperm/Normal_Sperm (207).bmp,3,train
smids/Normal_Sperm/Normal_Sperm (210).bmp,3,train
smids/Normal_Sperm/Normal_Sperm (211).bmp,3,train
smids/Normal_Sperm/Normal_Sperm (213).bmp,3,train
smids/Normal_Sperm/Normal_Sperm (214).bmp,3,train
smids/Normal_Sperm/Normal_Sperm (216).bmp,3,train
smids/Normal_Sperm/Normal_Sperm (217).bmp,3,train
smids/Normal_Sperm/Normal_Sperm (218).bmp,3,train
smids/Normal_Sperm/Normal_Sperm (219).bmp,3,train
smids/Normal_Sperm/Normal_Sperm (22).bmp,3,train
smids/Normal_Sperm/Normal_Sperm (220).bmp,3,train
smids/Normal_Sperm/Normal_Sperm (223).bmp,3,train
smids/Normal_Sperm/Normal_Sperm (224).bmp,3,train
smids/Normal_Sperm/Normal_Sperm (227).bmp,3,train
smids/Normal_Sperm/Normal_Sperm (229).bmp,3,train
smids/Normal_Sperm/Normal_Sperm (23).bmp,3,train
smids/Normal_Sperm/Normal_Sperm (231).bmp,3,train
smids/Normal_Sperm/Normal_Sperm (232).bmp,3,train
smids/Normal_Sperm/Normal_Sperm (233).bmp,3,train
smids/Normal_Sperm/Normal_Sperm (234).bmp,3,train
smids/Normal_Sperm/Normal_Sperm (235).bmp,3,train
smids/Normal_Sperm/Normal_Sperm (24).bmp,3,train
smids/Normal_Sperm/Normal_Sperm (240).bmp,3,train
smids/Normal_Sperm/Normal_Sperm (241).bmp,3,train
smids/Normal_Sperm/Normal_Sperm (242).bmp,3,train
smids/Normal_Sperm/Normal_Sperm (244).bmp,3,train
smids/Normal_Sperm/Normal_Sperm (245).bmp,3,train
smids/Normal_Sperm/Normal_Sperm (246).bmp,3,train
smids/Normal_Sperm/Normal_Sperm (25).bmp,3,train
smids/Normal_Sperm/Normal_Sperm (250).bmp,3,train
smids/Normal_Sperm/Normal_Sperm (251).bmp,3,train
smids/Normal_Sperm/Normal_Sperm (253).bmp,3,train
smids/Normal_Sperm/Normal_Sperm (255).bmp,3,train
smids/Normal_Sperm/Normal_Sperm (257).bmp,3,train
smids/Normal_Sperm/Normal_Sperm (258).bmp,3,train
smids/Normal_Sperm/Normal_Sperm (259).bmp,3,train
smids/Normal_Sperm/Normal_Sperm (26).bmp,3,train
smids/Normal_Sperm/Normal_Sperm (262).bmp,3,train
smids/Normal_Sperm/Normal_Sperm (264).bmp,3,train
smids/Normal_Sperm/Normal_Sperm (265).bmp,3,train
smids/Normal_Sperm/Normal_Sperm (267).bmp,3,train
smids/Normal_Sperm/Normal_Sperm (270).bmp,3,train
smids/Normal_Sperm/Normal_Sperm (271).bmp,3,train
smids/Normal_Sperm/Normal_Sperm (272).bmp,3,train
smids/Normal_Sperm/Normal_Sperm (276).bmp,3,train
smids/Normal_Sperm/Normal_Sperm (279).bmp,3,train
smids/Normal_Sperm/Normal_Sperm (280).bmp,3,train
smids/Normal_Sperm/Normal_Sperm (284).bmp,3,train
smids/Normal_Sperm/Normal_Sperm (285).bmp,3,train
smids/Normal_Sperm/Normal_Sperm (286).bmp,3,train
smids/Normal_Sperm/Normal_Sperm (287).bmp,3,train
smids/Normal_Sperm/Normal_Sperm (289).bmp,3,train
smids/Normal_Sperm/Normal_Sperm (293).bmp,3,train
smids/Normal_Sperm/Normal_Sperm (294).bmp,3,train
smids/Normal_Sperm/Normal_Sperm (296).bmp,3,train
smids/Normal_Sperm/Normal_Sperm (297).bmp,3,train
smids/Normal_Sperm/Normal_Sperm (300).bmp,3,train
smids/Normal_Sperm/Normal_Sperm (301).bmp,3,train
smids/Normal_Sperm/Normal_Sperm (302).bmp,3,train
smids/Normal_Sperm/Normal_Sperm (303).bmp,3,train
smids/Normal_Sperm/Normal_Sperm (305).bmp,3,train
smids/Normal_Sperm/Normal_Sperm (306).bmp,3,train
smids/Normal_Sperm/Normal_Sperm (307).bmp,3,train
smids/Normal_Sperm/Normal_Sperm (309).bmp,3,train
smids/Normal_Sperm/Normal_Sperm (31).bmp,3,train
smids/Normal_Sperm/Normal_Sperm (310).bmp,3,train
smids/Normal_Sperm/Normal_Sperm (311).bmp,3,train
smids/Normal_Sperm/Normal_Sperm (312).bmp,3,train
smids/Normal_Sperm/Normal_Sperm (313).bmp,3,train
smids/Normal_Sperm/Normal_Sperm (317).bmp,3,train
smids/Normal_Sperm/Normal_Sperm (318).bmp,3,train
smids/Normal_Sperm/Normal_Sperm (319).bmp,3,train
smids/Normal_Sperm/Normal_Sperm (323).bmp,3,train
smids/Normal_Sperm/Normal_Sperm (324).bmp,3,train
smids/Normal_Sperm/Normal_Sperm (325).bmp,3,train
smids/Normal_Sperm/Normal_Sperm (328).bmp,3,train
smids/Normal_Sperm/Normal_Sperm (330).bmp,3,train
smids/Normal_Sperm/Normal_Sperm (331).bmp,3,train
smids/Normal_Sperm/Normal_Sperm (333).bmp,3,train
smids/Normal_Sperm/Normal_Sperm (335).bmp,3,train
smids/Normal_Sperm/Normal_Sperm (336).bmp,3,train
smids/Normal_Sperm/Normal_Sperm (338).bmp,3,train
smids/Normal_Sperm/Normal_Sperm (339).bmp,3,train
smids/Normal_Sperm/Normal_Sperm (340).bmp,3,train
smids/Normal_Sperm/Normal_Sperm (342).bmp,3,train
smids/Normal_Sperm/Normal_Sperm (343).bmp,3,train
smids/Normal_Sperm/Normal_Sperm (344).bmp,3,train
smids/Normal_Sperm/Normal_Sperm (345).bmp,3,train
smids/Normal_Sperm/Normal_Sperm (346).bmp,3,train
smids/Normal_Sperm/Normal_Sperm (347).bmp,3,train
smids/Normal_Sperm/Normal_Sperm (35).bmp,3,train
smids/Normal_Sperm/Normal_Sperm (350).bmp,3,train
smids/Normal_Sperm/Normal_Sperm (351).bmp,3,train
smids/Normal_Sperm/Normal_Sperm (353).bmp,3,train
smids/Normal_Sperm/Normal_Sperm (355).bmp,3,train
smids/Normal_Sperm/Normal_Sperm (356).bmp,3,train
smids/Normal_Sperm/Normal_Sperm (357).bmp,3,train
smids/Normal_Sperm/Normal_Sperm (36).bmp,3,train
smids/Normal_Sperm/Normal_Sperm (361).bmp,3,train
smids/Normal_Sperm/Normal_Sperm (365).bmp,3,train
smids/Normal_Sperm/Normal_Sperm (367).bmp,3,train
smids/Normal_Sperm/Normal_Sperm (368).bmp,3,train
smids/Normal_Sperm/Normal_Sperm (370).bmp,3,train
smids/Normal_Sperm/Normal_Sperm (372).bmp,3,train
smids/Normal_Sperm/Normal_Sperm (373).bmp,3,train
smids/Normal_Sperm/Normal_Sperm (374).bmp,3,train
smids/Normal_Sperm/Normal_Sperm (376).bmp,3,train
smids/Normal_Sperm/Normal_Sperm (377).bmp,3,train
smids/Normal_Sperm/Normal_Sperm (380).bmp,3,train
smids/Normal_Sperm/Normal_Sperm (381).bmp,3,train
smids/Normal_Sperm/Normal_Sperm (382).bmp,3,train
smids/Normal_Sperm/Normal_Sperm (385).bmp,3,train
smids/Normal_Sperm/Normal_Sperm (387).bmp,3,train
smids/Normal_Sperm/Normal_Sperm (389).bmp,3,train
smids/Normal_Sperm/Normal_Sperm (39).bmp,3,train
smids/Normal_Sperm/Normal_Sperm (390).bmp,3,train
smids/Normal_Sperm/Normal_Sperm (391).bmp,3,train
smids/Normal_Sperm/Normal_Sperm (394).bmp,3,train
smids/Normal_Sperm/Normal_Sperm (396).bmp,3,train
smids/Normal_Sperm/Normal_Sperm (398).bmp,3,train
smids/Normal_Sperm/Normal_Sperm (399).bmp,3,train
smids/Normal_Sperm/Normal_Sperm (40).bmp,3,train
smids/Normal_Sperm/Normal_Sperm (403).bmp,3,train
smids/Normal_Sperm/Normal_Sperm (404).bmp,3,train
smids/Normal_Sperm/Normal_Sperm (406).bmp,3,train
smids/Normal_Sperm/Normal_Sperm (407).bmp,3,train
smids/Normal_Sperm/Normal_Sperm (409).bmp,3,train
smids/Normal_Sperm/Normal_Sperm (410).bmp,3,train
smids/Normal_Sperm/Normal_Sperm (411).bmp,3,train
smids/Normal_Sperm/Normal_Sperm (412).bmp,3,train
smids/Normal_Sperm/Normal_Sperm (415).bmp,3,train
smids/Normal_Sperm/Normal_Sperm (416).bmp,3,train
smids/Normal_Sperm/Normal_Sperm (417).bmp,3,train
smids/Normal_Sperm/Normal_Sperm (418).bmp,3,train
smids/Normal_Sperm/Normal_Sperm (421).bmp,3,train
smids/Normal_Sperm/Normal_Sperm (425).bmp,3,train
smids/Normal_Sperm/Normal_Sperm (427).bmp,3,train
smids/Normal_Sperm/Normal_Sperm (43).bmp,3,train
smids/Normal_Sperm/Normal_Sperm (432).bmp,3,train
smids/Normal_Sperm/Normal_Sperm (435).bmp,3,train
smids/Normal_Sperm/Normal_Sperm (436).bmp,3,train
smids/Normal_Sperm/Normal_Sperm (437).bmp,3,train
smids/Normal_Sperm/Normal_Sperm (439).bmp,3,train
smids/Normal_Sperm/Normal_Sperm (44).bmp,3,train
smids/Normal_Sperm/Normal_Sperm (440).bmp,3,train
smids/Normal_Sperm/Normal_Sperm (442).bmp,3,train
smids/Normal_Sperm/Normal_Sperm (444).bmp,3,train
smids/Normal_Sperm/Normal_Sperm (448).bmp,3,train
smids/Normal_Sperm/Normal_Sperm (450).bmp,3,train
smids/Normal_Sperm/Normal_Sperm (453).bmp,3,train
smids/Normal_Sperm/Normal_Sperm (455).bmp,3,train
smids/Normal_Sperm/Normal_Sperm (456).bmp,3,train
smids/Normal_Sperm/Normal_Sperm (458).bmp,3,train
smids/Normal_Sperm/Normal_Sperm (461).bmp,3,train
smids/Normal_Sperm/Normal_Sperm (464).bmp,3,train
smids/Normal_Sperm/Normal_Sperm (466).bmp,3,train
smids/Normal_Sperm/Normal_Sperm (468).bmp,3,train
smids/Normal_Sperm/Normal_Sperm (47).bmp,3,train
smids/Normal_Sperm/Normal_Sperm (470).bmp,3,train
smids/Normal_Sperm/Normal_Sperm (471).bmp,3,train
smids/Normal_Sperm/Normal_Sperm (472).bmp,3,train
smids/Normal_Sperm/Normal_Sperm (474).bmp,3,train
smids/Normal_Sperm/Normal_Sperm (475).bmp,3,train
smids/Normal_Sperm/Normal_Sperm (476).bmp,3,train
smids/Normal_Sperm/Normal_Sperm (478).bmp,3,train
smids/Normal_Sperm/Normal_Sperm (479).bmp,3,train
smids/Normal_Sperm/Normal_Sperm (489).bmp,3,train
smids/Normal_Sperm/Normal_Sperm (49).bmp,3,train
smids/Normal_Sperm/Normal_Sperm (491).bmp,3,train
smids/Normal_Sperm/Normal_Sperm (493).bmp,3,train
smids/Normal_Sperm/Normal_Sperm (494).bmp,3,train
smids/Normal_Sperm/Normal_Sperm (495).bmp,3,train
smids/Normal_Sperm/Normal_Sperm (496).bmp,3,train
smids/Normal_Sperm/Normal_Sperm (498).bmp,3,train
smids/Normal_Sperm/Normal_Sperm (499).bmp,3,train
smids/Normal_Sperm/Normal_Sperm (5).bmp,3,train
smids/Normal_Sperm/Normal_Sperm (50).bmp,3,train
smids/Normal_Sperm/Normal_Sperm (502).bmp,3,train
smids/Normal_Sperm/Normal_Sperm (505).bmp,3,train
smids/Normal_Sperm/Normal_Sperm (511).bmp,3,train
smids/Normal_Sperm/Normal_Sperm (513).bmp,3,train
smids/Normal_Sperm/Normal_Sperm (515).bmp,3,train
smids/Normal_Sperm/Normal_Sperm (516).bmp,3,train
smids/Normal_Sperm/Normal_Sperm (518).bmp,3,train
smids/Normal_Sperm/Normal_Sperm (520).bmp,3,train
smids/Normal_Sperm/Normal_Sperm (522).bmp,3,train
smids/Normal_Sperm/Normal_Sperm (524).bmp,3,train
smids/Normal_Sperm/Normal_Sperm (525).bmp,3,train
smids/Normal_Sperm/Normal_Sperm (528).bmp,3,train
smids/Normal_Sperm/Normal_Sperm (529).bmp,3,train
smids/Normal_Sperm/Normal_Sperm (530).bmp,3,train
smids/Normal_Sperm/Normal_Sperm (532).bmp,3,train
smids/Normal_Sperm/Normal_Sperm (538).bmp,3,train
smids/Normal_Sperm/Normal_Sperm (539).bmp,3,train
smids/Normal_Sperm/Normal_Sperm (54).bmp,3,train
smids/Normal_Sperm/Normal_Sperm (540).bmp,3,train
smids/Normal_Sperm/Normal_Sperm (541).bmp,3,train
smids/Normal_Sperm/Normal_Sperm (545).bmp,3,train
smids/Normal_Sperm/Normal_Sperm (546).bmp,3,train
smids/Normal_Sperm/Normal_Sperm (547).bmp,3,train
smids/Normal_Sperm/Normal_Sperm (548).bmp,3,train
smids/Normal_Sperm/Normal_Sperm (549).bmp,3,train
smids/Normal_Sperm/Normal_Sperm (55).bmp,3,train
smids/Normal_Sperm/Normal_Sperm (550).bmp,3,train
smids/Normal_Sperm/Normal_Sperm (551).bmp,3,train
smids/Normal_Sperm/Normal_Sperm (553).bmp,3,train
smids/Normal_Sperm/Normal_Sperm (555).bmp,3,train
smids/Normal_Sperm/Normal_Sperm (556).bmp,3,train
smids/Normal_Sperm/Normal_Sperm (557).bmp,3,train
smids/Normal_Sperm/Normal_Sperm (559).bmp,3,train
smids/Normal_Sperm/Normal_Sperm (560).bmp,3,train
smids/Normal_Sperm/Normal_Sperm (561).bmp,3,train
smids/Normal_Sperm/Normal_Sperm (562).bmp,3,train
smids/Normal_Sperm/Normal_Sperm (563).bmp,3,train
smids/Normal_Sperm/Normal_Sperm (564).bmp,3,train
smids/Normal_Sperm/Normal_Sperm (567).bmp,3,train
smids/Normal_Sperm/Normal_Sperm (571).bmp,3,train
smids/Normal_Sperm/Normal_Sperm (572).bmp,3,train
smids/Normal_Sperm/Normal_Sperm (573).bmp,3,train
smids/Normal_Sperm/Normal_Sperm (574).bmp,3,train
smids/Normal_Sperm/Normal_Sperm (576).bmp,3,train
smids/Normal_Sperm/Normal_Sperm (577).bmp,3,train
smids/Normal_Sperm/Normal_Sperm (579).bmp,3,train
smids/Normal_Sperm/Normal_Sperm (58).bmp,3,train
smids/Normal_Sperm/Normal_Sperm (582).bmp,3,train
smids/Normal_Sperm/Normal_Sperm (583).bmp,3,train
smids/Normal_Sperm/Normal_Sperm (585).bmp,3,train
smids/Normal_Sperm/Normal_Sperm (588).bmp,3,train
smids/Normal_Sperm/Normal_Sperm (589).bmp,3,train
smids/Normal_Sperm/Normal_Sperm (59).bmp,3,train
smids/Normal_Sperm/Normal_Sperm (590).bmp,3,train
smids/Normal_Sperm/Normal_Sperm (592).bmp,3,train
smids/Normal_Sperm/Normal_Sperm (593).bmp,3,train
smids/Normal_Sperm/Normal_Sperm (595).bmp,3,train
smids/Normal_Sperm/Normal_Sperm (596).bmp,3,train
smids/Normal_Sperm/Normal_Sperm (598).bmp,3,train
smids/Normal_Sperm/Normal_Sperm (599).bmp,3,train
smids/Normal_Sperm/Normal_Sperm (60).bmp,3,train
smids/Normal_Sperm/Normal_Sperm (600).bmp,3,train
smids/Normal_Sperm/Normal_Sperm (601).bmp,3,train
smids/Normal_Sperm/Normal_Sperm (603).bmp,3,train
smids/Normal_Sperm/Normal_Sperm (605).bmp,3,train
smids/Normal_Sperm/Normal_Sperm (607).bmp,3,train
smids/Normal_Sperm/Normal_Sperm (608).bmp,3,train
smids/Normal_Sperm/Normal_Sperm (610).bmp,3,train
smids/Normal_Sperm/Normal_Sperm (611).bmp,3,train
smids/Normal_Sperm/Normal_Sperm (613).bmp,3,train
smids/Normal_Sperm/Normal_Sperm (615).bmp,3,train
smids/Normal_Sperm/Normal_Sperm (617).bmp,3,train
smids/Normal_Sperm/Normal_Sperm (62).bmp,3,train
smids/Normal_Sperm/Normal_Sperm (620).bmp,3,train
smids/Normal_Sperm/Normal_Sperm (622).bmp,3,train
smids/Normal_Sperm/Normal_Sperm (628).bmp,3,train
smids/Normal_Sperm/Normal_Sperm (629).bmp,3,train
smids/Normal_Sperm/Normal_Sperm (633).bmp,3,train
smids/Normal_Sperm/Normal_Sperm (634).bmp,3,train
smids/Normal_Sperm/Normal_Sperm (636).bmp,3,train
smids/Normal_Sperm/Normal_Sperm (639).bmp,3,train
smids/Normal_Sperm/Normal_Sperm (641).bmp,3,train
smids/Normal_Sperm/Normal_Sperm (642).bmp,3,train
smids/Normal_Sperm/Normal_Sperm (643).bmp,3,train
smids/Normal_Sperm/Normal_Sperm (647).bmp,3,train
smids/Normal_Sperm/Normal_Sperm (65).bmp,3,train
smids/Normal_Sperm/Normal_Sperm (650).bmp,3,train
smids/Normal_Sperm/Normal_Sperm (651).bmp,3,train
smids/Normal_Sperm/Normal_Sperm (654).bmp,3,train
smids/Normal_Sperm/Normal_Sperm (657).bmp,3,train
smids/Normal_Sperm/Normal_Sperm (661).bmp,3,train
smids/Normal_Sperm/Normal_Sperm (666).bmp,3,train
smids/Normal_Sperm/Normal_Sperm (667).bmp,3,train
smids/Normal_Sperm/Normal_Sperm (669).bmp,3,train
smids/Normal_Sperm/Normal_Sperm (67).bmp,3,train
smids/Normal_Sperm/Normal_Sperm (670).bmp,3,train
smids/Normal_Sperm/Normal_Sperm (672).bmp,3,train
smids/Normal_Sperm/Normal_Sperm (674).bmp,3,train
smids/Normal_Sperm/Normal_Sperm (675).bmp,3,train
smids/Normal_Sperm/Normal_Sperm (680).bmp,3,train
smids/Normal_Sperm/Normal_Sperm (682).bmp,3,train
smids/Normal_Sperm/Normal_Sperm (686).bmp,3,train
smids/Normal_Sperm/Normal_Sperm (693).bmp,3,train
smids/Normal_Sperm/Normal_Sperm (696).bmp,3,train
smids/Normal_Sperm/Normal_Sperm (697).bmp,3,train
smids/Normal_Sperm/Normal_Sperm (699).bmp,3,train
smids/Normal_Sperm/Normal_Sperm (70).bmp,3,train
smids/Normal_Sperm/Normal_Sperm (701).bmp,3,train
smids/Normal_Sperm/Normal_Sperm (703).bmp,3,train
smids/Normal_Sperm/Normal_Sperm (704).bmp,3,train
smids/Normal_Sperm/Normal_Sperm (706).bmp,3,train
smids/Normal_Sperm/Normal_Sperm (707).bmp,3,train
smids/Normal_Sperm/Normal_Sperm (708).bmp,3,train
smids/Normal_Sperm/Normal_Sperm (709).bmp,3,train
smids/Normal_Sperm/Normal_Sperm (71).bmp,3,train
smids/Normal_Sperm/Normal_Sperm (711).bmp,3,train
smids/Normal_Sperm/Normal_Sperm (712).bmp,3,train
smids/Normal_Sperm/Normal_Sperm (717).bmp,3,train
smids/Normal_Sperm/Normal_Sperm (718).bmp,3,train
smids/Normal_Sperm/Normal_Sperm (719).bmp,3,train
smids/Normal_Sperm/Normal_Sperm (72).bmp,3,train
smids/Normal_Sperm/Normal_Sperm (720).bmp,3,train
smids/Normal_Sperm/Normal_Sperm (721).bmp,3,train
smids/Normal_Sperm/Normal_Sperm (724).bmp,3,train
smids/Normal_Sperm/Normal_Sperm (727).bmp,3,train
smids/Normal_Sperm/Normal_Sperm (728).bmp,3,train
smids/Normal_Sperm/Normal_Sperm (729).bmp,3,train
smids/Normal_Sperm/Normal_Sperm (73).bmp,3,train
smids/Normal_Sperm/Normal_Sperm (730).bmp,3,train
smids/Normal_Sperm/Normal_Sperm (733).bmp,3,train
smids/Normal_Sperm/Normal_Sperm (734).bmp,3,train
smids/Normal_Sperm/Normal_Sperm (736).bmp,3,train
smids/Normal_Sperm/Normal_Sperm (739).bmp,3,train
smids/Normal_Sperm/Normal_Sperm (74).bmp,3,train
smids/Normal_Sperm/Normal_Sperm (740).bmp,3,train
smids/Normal_Sperm/Normal_Sperm (741).bmp,3,train
smids/Normal_Sperm/Normal_Sperm (742).bmp,3,train
smids/Normal_Sperm/Normal_Sperm (743).bmp,3,train
smids/Normal_Sperm/Normal_Sperm (744).bmp,3,train
smids/Normal_Sperm/Normal_Sperm (745).bmp,3,train
smids/Normal_Sperm/Normal_Sperm (746).bmp,3,train
smids/Normal_Sperm/Normal_Sperm (747).bmp,3,train
smids/Normal_Sperm/Normal_Sperm (748).bmp,3,train
smids/Normal_Sperm/Normal_Sperm (749).bmp,3,train
smids/Normal_Sperm/Normal_Sperm (750).bmp,3,train
smids/Normal_Sperm/Normal_Sperm (751).bmp,3,train
smids/Normal_Sperm/Normal_Sperm (752).bmp,3,train
smids/Normal_Sperm/Normal_Sperm (753).bmp,3,train
smids/Normal_Sperm/Normal_Sperm (756).bmp,3,train
smids/Normal_Sperm/Normal_Sperm (759).bmp,3,train
smids/Normal_Sperm/Normal_Sperm (76).bmp,3,train
smids/Normal_Sperm/Normal_Sperm (762).bmp,3,train
smids/Normal_Sperm/Normal_Sperm (763).bmp,3,train
smids/Normal_Sperm/Normal_Sperm (764).bmp,3,train
smids/Normal_Sperm/Normal_Sperm (766).bmp,3,train
smids/Normal_Sperm/Normal_Sperm (768).bmp,3,train
smids/Normal_Sperm/Normal_Sperm (769).bmp,3,train
smids/Normal_Sperm/Normal_Sperm (770).bmp,3,train
smids/Normal_Sperm/Normal_Sperm (773).bmp,3,train
smids/Normal_Sperm/Normal_Sperm (774).bmp,3,train
smids/Normal_Sperm/Normal_Sperm (778).bmp,3,train
smids/Normal_Sperm/Normal_Sperm (78).bmp,3,train
smids/Normal_Sperm/Normal_Sperm (781).bmp,3,train
smids/Normal_Sperm/Normal_Sperm (783).bmp,3,train
smids/Normal_Sperm/Normal_Sperm (785).bmp,3,train
smids/Normal_Sperm/Normal_Sperm (786).bmp,3,train
smids/Normal_Sperm/Normal_Sperm (787).bmp,3,train
smids/Normal_Sperm/Normal_Sperm (79).bmp,3,train
smids/Normal_Sperm/Normal_Sperm (792).bmp,3,train
smids/Normal_Sperm/Normal_Sperm (794).bmp,3,train
smids/Normal_Sperm/Normal_Sperm (795).bmp,3,train
smids/Normal_Sperm/Normal_Sperm (798).bmp,3,train
smids/Normal_Sperm/Normal_Sperm (80).bmp,3,train
smids/Normal_Sperm/Normal_Sperm (800).bmp,3,train
smids/Normal_Sperm/Normal_Sperm (804).bmp,3,train
smids/Normal_Sperm/Normal_Sperm (806).bmp,3,train
smids/Normal_Sperm/Normal_Sperm (807).bmp,3,train
smids/Normal_Sperm/Normal_Sperm (809).bmp,3,train
smids/Normal_Sperm/Normal_Sperm (810).bmp,3,train
smids/Normal_Sperm/Normal_Sperm (812).bmp,3,train
smids/Normal_Sperm/Normal_Sperm (813).bmp,3,train
smids/Normal_Sperm/Normal_Sperm (814).bmp,3,train
smids/Normal_Sperm/Normal_Sperm (817).bmp,3,train
smids/Normal_Sperm/Normal_Sperm (818).bmp,3,train
smids/Normal_Sperm/Normal_Sperm (819).bmp,3,train
smids/Normal_Sperm/Normal_Sperm (82).bmp,3,train
smids/Normal_Sperm/Normal_Sperm (820).bmp,3,train
smids/Normal_Sperm/Normal_Sperm (821).bmp,3,train
smids/Normal_Sperm/Normal_Sperm (822).bmp,3,train
smids/Normal_Sperm/Normal_Sperm (824).bmp,3,train
smids/Normal_Sperm/Normal_Sperm (826).bmp,3,train
smids/Normal_Sperm/Normal_Sperm (83).bmp,3,train
smids/Normal_Sperm/Normal_Sperm (835).bmp,3,train
smids/Normal_Sperm/Normal_Sperm (837).bmp,3,train
smids/Normal_Sperm/Normal_Sperm (838).bmp,3,train
smids/Normal_Sperm/Normal_Sperm (84).bmp,3,train
smids/Normal_Sperm/Normal_Sperm (842).bmp,3,train
smids/Normal_Sperm/Normal_Sperm (843).bmp,3,train
smids/Normal_Sperm/Normal_Sperm (847).bmp,3,train
smids/Normal_Sperm/Normal_Sperm (849).bmp,3,train
smids/Normal_Sperm/Normal_Sperm (850).bmp,3,train
smids/Normal_Sperm/Normal_Sperm (851).bmp,3,train
smids/Normal_Sperm/Normal_Sperm (853).bmp,3,train
smids/Normal_Sperm/Normal_Sperm (855).bmp,3,train
smids/Normal_Sperm/Normal_Sperm (856).bmp,3,train
smids/Normal_Sperm/Normal_Sperm (857).bmp,3,train
smids/Normal_Sperm/Normal_Sperm (860).bmp,3,train
smids/Normal_Sperm/Normal_Sperm (862).bmp,3,train
smids/Normal_Sperm/Normal_Sperm (863).bmp,3,train
smids/Normal_Sperm/Normal_Sperm (865).bmp,3,train
smids/Normal_Sperm/Normal_Sperm (866).bmp,3,train
smids/Normal_Sperm/Normal_Sperm (867).bmp,3,train
smids/Normal_Sperm/Normal_Sperm (87).bmp,3,train
smids/Normal_Sperm/Normal_Sperm (870).bmp,3,train
smids/Normal_Sperm/Normal_Sperm (873).bmp,3,train
smids/Normal_Sperm/Normal_Sperm (875).bmp,3,train
smids/Normal_Sperm/Normal_Sperm (876).bmp,3,train
smids/Normal_Sperm/Normal_Sperm (880).bmp,3,train
smids/Normal_Sperm/Normal_Sperm (883).bmp,3,train
smids/Normal_Sperm/Normal_Sperm (885).bmp,3,train
smids/Normal_Sperm/Normal_Sperm (886).bmp,3,train
smids/Normal_Sperm/Normal_Sperm (887).bmp,3,train
smids/Normal_Sperm/Normal_Sperm (888).bmp,3,train
smids/Normal_Sperm/Normal_Sperm (889).bmp,3,train
smids/Normal_Sperm/Normal_Sperm (89).bmp,3,train
smids/Normal_Sperm/Normal_Sperm (890).bmp,3,train
smids/Normal_Sperm/Normal_Sperm (895).bmp,3,train
smids/Normal_Sperm/Normal_Sperm (9).bmp,3,train
smids/Normal_Sperm/Normal_Sperm (90).bmp,3,train
smids/Normal_Sperm/Normal_Sperm (901).bmp,3,train
smids/Normal_Sperm/Normal_Sperm (904).bmp,3,train
smids/Normal_Sperm/Normal_Sperm (905).bmp,3,train
smids/Normal_Sperm/Normal_Sperm (907).bmp,3,train
smids/Normal_Sperm/Normal_Sperm (909).bmp,3,train
smids/Normal_Sperm/Normal_Sperm (91).bmp,3,train
smids/Normal_Sperm/Normal_Sperm (911).bmp,3,train
smids/Normal_Sperm/Normal_Sperm (916).bmp,3,train
smids/Normal_Sperm/Normal_Sperm (917).bmp,3,train
smids/Normal_Sperm/Normal_Sperm (919).bmp,3,train
smids/Normal_Sperm/Normal_Sperm (923).bmp,3,train
smids/Normal_Sperm/Normal_Sperm (925).bmp,3,train
smids/Normal_Sperm/Normal_Sperm (926).bmp,3,train
smids/Normal_Sperm/Normal_Sperm (927).bmp,3,train
smids/Normal_Sperm/Normal_Sperm (93).bmp,3,train
smids/Normal_Sperm/Normal_Sperm (930).bmp,3,train
smids/Normal_Sperm/Normal_Sperm (934).bmp,3,train
smids/Normal_Sperm/Normal_Sperm (937).bmp,3,train
smids/Normal_Sperm/Normal_Sperm (938).bmp,3,train
smids/Normal_Sperm/Normal_Sperm (939).bmp,3,train
smids/Normal_Sperm/Normal_Sperm (940).bmp,3,train
smids/Normal_Sperm/Normal_Sperm (941).bmp,3,train
smids/Normal_Sperm/Normal_Sperm (945).bmp,3,train
smids/Normal_Sperm/Normal_Sperm (947).bmp,3,train
smids/Normal_Sperm/Normal_Sperm (949).bmp,3,train
smids/Normal_Sperm/Normal_Sperm (95).bmp,3,train
smids/Normal_Sperm/Normal_Sperm (950).bmp,3,train
smids/Normal_Sperm/Normal_Sperm (951).bmp,3,train
smids/Normal_Sperm/Normal_Sperm (952).bmp,3,train
smids/Normal_Sperm/Normal_Sperm (953).bmp,3,train
smids/Normal_Sperm/Normal_Sperm (954).bmp,3,train
smids/Normal_Sperm/Normal_Sperm (960).bmp,3,train
smids/Normal_Sperm/Normal_Sperm (962).bmp,3,train
smids/Normal_Sperm/Normal_Sperm (964).bmp,3,train
smids/Normal_Sperm/Normal_Sperm (965).bmp,3,train
smids/Normal_Sperm/Normal_Sperm (968).bmp,3,train
smids/Normal_Sperm/Normal_Sperm (969).bmp,3,train
smids/Normal_Sperm/Normal_Sperm (97).bmp,3,train
smids/Normal_Sperm/Normal_Sperm (977).bmp,3,train
smids/Normal_Sperm/Normal_Sperm (980).bmp,3,train
smids/Normal_Sperm/Normal_Sperm (983).bmp,3,train
smids/Normal_Sperm/Normal_Sperm (984).bmp,3,train
smids/Normal_Sperm/Normal_Sperm (985).bmp,3,train
smids/Normal_Sperm/Normal_Sperm (986).bmp,3,train
smids/Normal_Sperm/Normal_Sperm (987).bmp,3,train
smids/Normal_Sperm/Normal_Sperm (989).bmp,3,train
smids/Normal_Sperm/Normal_Sperm (99).bmp,3,train
smids/Normal_Sperm/Normal_Sperm (991).bmp,3,train
smids/Normal_Sperm/Normal_Sperm (992).bmp,3,train
smids/Normal_Sperm/Normal_Sperm (993).bmp,3,train
smids/Normal_Sperm/Normal_Sperm (994).bmp,3,train
smids/Normal_Sperm/Normal_Sperm (995).bmp,3,train
smids/Normal_Sperm/Normal_Sperm (996).bmp,3,train
smids/Normal_Sperm/Normal_Sperm (997).bmp,3,train
smids/Abnormal_Sperm/Abnormal_Sperm (109).bmp,3,val
smids/Abnormal_Sperm/Abnormal_Sperm (15).bmp,3,val
smids/Abnormal_Sperm/Abnormal_Sperm (165).bmp,3,val
smids/Abnormal_Sperm/Abnormal_Sperm (166).bmp,3,val
smids/Abnormal_Sperm/Abnormal_Sperm (168).bmp,3,val
smids/Abnormal_Sperm/Abnormal_Sperm (178).bmp,3,val
smids/Abnormal_Sperm/Abnormal_Sperm (183).bmp,3,val
smids/Abnormal_Sperm/Abnormal_Sperm (187).bmp,3,val
smids/Abnormal_Sperm/Abnormal_Sperm (189).bmp,3,val
smids/Abnormal_Sperm/Abnormal_Sperm (19).bmp,3,val
smids/Abnormal_Sperm/Abnormal_Sperm (218).bmp,3,val
smids/Abnormal_Sperm/Abnormal_Sperm (232).bmp,3,val
smids/Abnormal_Sperm/Abnormal_Sperm (236).bmp,3,val
smids/Abnormal_Sperm/Abnormal_Sperm (258).bmp,3,val
smids/Abnormal_Sperm/Abnormal_Sperm (261).bmp,3,val
smids/Abnormal_Sperm/Abnormal_Sperm (272).bmp,3,val
smids/Abnormal_Sperm/Abnormal_Sperm (286).bmp,3,val
smids/Abnormal_Sperm/Abnormal_Sperm (287).bmp,3,val
smids/Abnormal_Sperm/Abnormal_Sperm (293).bmp,3,val
smids/Abnormal_Sperm/Abnormal_Sperm (308).bmp,3,val
smids/Abnormal_Sperm/Abnormal_Sperm (320).bmp,3,val
smids/Abnormal_Sperm/Abnormal_Sperm (334).bmp,3,val
smids/Abnormal_Sperm/Abnormal_Sperm (338).bmp,3,val
smids/Abnormal_Sperm/Abnormal_Sperm (346).bmp,3,val
smids/Abnormal_Sperm/Abnormal_Sperm (35).bmp,3,val
smids/Abnormal_Sperm/Abnormal_Sperm (351).bmp,3,val
smids/Abnormal_Sperm/Abnormal_Sperm (370).bmp,3,val
smids/Abnormal_Sperm/Abnormal_Sperm (381).bmp,3,val
smids/Abnormal_Sperm/Abnormal_Sperm (383).bmp,3,val
smids/Abnormal_Sperm/Abnormal_Sperm (39).bmp,3,val
smids/Abnormal_Sperm/Abnormal_Sperm (390).bmp,3,val
smids/Abnormal_Sperm/Abnormal_Sperm (392).bmp,3,val
smids/Abnormal_Sperm/Abnormal_Sperm (395).bmp,3,val
smids/Abnormal_Sperm/Abnormal_Sperm (400).bmp,3,val
smids/Abnormal_Sperm/Abnormal_Sperm (405).bmp,3,val
smids/Abnormal_Sperm/Abnormal_Sperm (407).bmp,3,val
smids/Abnormal_Sperm/Abnormal_Sperm (409).bmp,3,val
smids/Abnormal_Sperm/Abnormal_Sperm (421).bmp,3,val
smids/Abnormal_Sperm/Abnormal_Sperm (435).bmp,3,val
smids/Abnormal_Sperm/Abnormal_Sperm (436).bmp,3,val
smids/Abnormal_Sperm/Abnormal_Sperm (440).bmp,3,val
smids/Abnormal_Sperm/Abnormal_Sperm (458).bmp,3,val
smids/Abnormal_Sperm/Abnormal_Sperm (469).bmp,3,val
smids/Abnormal_Sperm/Abnormal_Sperm (482).bmp,3,val
smids/Abnormal_Sperm/Abnormal_Sperm (486).bmp,3,val
smids/Abnormal_Sperm/Abnormal_Sperm (498).bmp,3,val
smids/Abnormal_Sperm/Abnormal_Sperm (499).bmp,3,val
smids/Abnormal_Sperm/Abnormal_Sperm (512).bmp,3,val
smids/Abnormal_Sperm/Abnormal_Sperm (517).bmp,3,val
smids/Abnormal_Sperm/Abnormal_Sperm (529).bmp,3,val
smids/Abnormal_Sperm/Abnormal_Sperm (547).bmp,3,val
smids/Abnormal_Sperm/Abnormal_Sperm (56).bmp,3,val
smids/Abnormal_Sperm/Abnormal_Sperm (565).bmp,3,val
smids/Abnormal_Sperm/Abnormal_Sperm (584).bmp,3,val
smids/Abnormal_Sperm/Abnormal_Sperm (586).bmp,3,val
smids/Abnormal_Sperm/Abnormal_Sperm (587).bmp,3,val
smids/Abnormal_Sperm/Abnormal_Sperm (6).bmp,3,val
smids/Abnormal_Sperm/Abnormal_Sperm (601).bmp,3,val
smids/Abnormal_Sperm/Abnormal_Sperm (608).bmp,3,val
smids/Abnormal_Sperm/Abnormal_Sperm (612).bmp,3,val
smids/Abnormal_Sperm/Abnormal_Sperm (618).bmp,3,val
smids/Abnormal_Sperm/Abnormal_Sperm (622).bmp,3,val
smids/Abnormal_Sperm/Abnormal_Sperm (627).bmp,3,val
smids/Abnormal_Sperm/Abnormal_Sperm (641).bmp,3,val
smids/Abnormal_Sperm/Abnormal_Sperm (652).bmp,3,val
smids/Abnormal_Sperm/Abnormal_Sperm (655).bmp,3,val
smids/Abnormal_Sperm/Abnormal_Sperm (658).bmp,3,val
smids/Abnormal_Sperm/Abnormal_Sperm (66).bmp,3,val
smids/Abnormal_Sperm/Abnormal_Sperm (666).bmp,3,val
smids/Abnormal_Sperm/Abnormal_Sperm (668).bmp,3,val
smids/Abnormal_Sperm/Abnormal_Sperm (675).bmp,3,val
smids/Abnormal_Sperm/Abnormal_Sperm (677).bmp,3,val
smids/Abnormal_Sperm/Abnormal_Sperm (68).bmp,3,val
smids/Abnormal_Sperm/Abnormal_Sperm (681).bmp,3,val
smids/Abnormal_Sperm/Abnormal_Sperm (682).bmp,3,val
smids/Abnormal_Sperm/Abnormal_Sperm (683).bmp,3,val
smids/Abnormal_Sperm/Abnormal_Sperm (694).bmp,3,val
smids/Abnormal_Sperm/Abnormal_Sperm (695).bmp,3,val
smids/Abnormal_Sperm/Abnormal_Sperm (706).bmp,3,val
smids/Abnormal_Sperm/Abnormal_Sperm (707).bmp,3,val
smids/Abnormal_Sperm/Abnormal_Sperm (718).bmp,3,val
smids/Abnormal_Sperm/Abnormal_Sperm (719).bmp,3,val
smids/Abnormal_Sperm/Abnormal_Sperm (727).bmp,3,val
smids/Abnormal_Sperm/Abnormal_Sperm (733).bmp,3,val
smids/Abnormal_Sperm/Abnormal_Sperm (734).bmp,3,val
smids/Abnormal_Sperm/Abnormal_Sperm (744).bmp,3,val
smids/Abnormal_Sperm/Abnormal_Sperm (745).bmp,3,val
smids/Abnormal_Sperm/Abnormal_Sperm (748).bmp,3,val
smids/Abnormal_Sperm/Abnormal_Sperm (755).bmp,3,val
smids/Abnormal_Sperm/Abnormal_Sperm (766).bmp,3,val
smids/Abnormal_Sperm/Abnormal_Sperm (77).bmp,3,val
smids/Abnormal_Sperm/Abnormal_Sperm (771).bmp,3,val
smids/Abnormal_Sperm/Abnormal_Sperm (783).bmp,3,val
smids/Abnormal_Sperm/Abnormal_Sperm (787).bmp,3,val
smids/Abnormal_Sperm/Abnormal_Sperm (791).bmp,3,val
smids/Abnormal_Sperm/Abnormal_Sperm (802).bmp,3,val
smids/Abnormal_Sperm/Abnormal_Sperm (809).bmp,3,val
smids/Abnormal_Sperm/Abnormal_Sperm (811).bmp,3,val
smids/Abnormal_Sperm/Abnormal_Sperm (813).bmp,3,val
smids/Abnormal_Sperm/Abnormal_Sperm (832).bmp,3,val
smids/Abnormal_Sperm/Abnormal_Sperm (836).bmp,3,val
smids/Abnormal_Sperm/Abnormal_Sperm (850).bmp,3,val
smids/Abnormal_Sperm/Abnormal_Sperm (854).bmp,3,val
smids/Abnormal_Sperm/Abnormal_Sperm (868).bmp,3,val
smids/Abnormal_Sperm/Abnormal_Sperm (870).bmp,3,val
smids/Abnormal_Sperm/Abnormal_Sperm (876).bmp,3,val
smids/Abnormal_Sperm/Abnormal_Sperm (899).bmp,3,val
smids/Abnormal_Sperm/Abnormal_Sperm (902).bmp,3,val
smids/Abnormal_Sperm/Abnormal_Sperm (915).bmp,3,val
smids/Abnormal_Sperm/Abnormal_Sperm (920).bmp,3,val
smids/Abnormal_Sperm/Abnormal_Sperm (922).bmp,3,val
smids/Abnormal_Sperm/Abnormal_Sperm (926).bmp,3,val
smids/Abnormal_Sperm/Abnormal_Sperm (940).bmp,3,val
smids/Abnormal_Sperm/Abnormal_Sperm (975).bmp,3,val
smids/Abnormal_Sperm/Abnormal_Sperm (978).bmp,3,val
smids/Abnormal_Sperm/Abnormal_Sperm (979).bmp,3,val
smids/Abnormal_Sperm/Abnormal_Sperm (993).bmp,3,val
smids/Non-Sperm/Non-Sperm (1).bmp,3,val
smids/Non-Sperm/Non-Sperm (104).bmp,3,val
smids/Non-Sperm/Non-Sperm (105).bmp,3,val
smids/Non-Sperm/Non-Sperm (106).bmp,3,val
smids/Non-Sperm/Non-Sperm (112).bmp,3,val
smids/Non-Sperm/Non-Sperm (115).bmp,3,val
smids/Non-Sperm/Non-Sperm (127).bmp,3,val
smids/Non-Sperm/Non-Sperm (152).bmp,3,val
smids/Non-Sperm/Non-Sperm (154).bmp,3,val
smids/Non-Sperm/Non-Sperm (166).bmp,3,val
smids/Non-Sperm/Non-Sperm (174).bmp,3,val
smids/Non-Sperm/Non-Sperm (190).bmp,3,val
smids/Non-Sperm/Non-Sperm (204).bmp,3,val
smids/Non-Sperm/Non-Sperm (213).bmp,3,val
smids/Non-Sperm/Non-Sperm (235).bmp,3,val
smids/Non-Sperm/Non-Sperm (236).bmp,3,val
smids/Non-Sperm/Non-Sperm (256).bmp,3,val
smids/Non-Sperm/Non-Sperm (27).bmp,3,val
smids/Non-Sperm/Non-Sperm (273).bmp,3,val
smids/Non-Sperm/Non-Sperm (279).bmp,3,val
smids/Non-Sperm/Non-Sperm (284).bmp,3,val
smids/Non-Sperm/Non-Sperm (31).bmp,3,val
smids/Non-Sperm/Non-Sperm (315).bmp,3,val
smids/Non-Sperm/Non-Sperm (33).bmp,3,val
smids/Non-Sperm/Non-Sperm (330).bmp,3,val
smids/Non-Sperm/Non-Sperm (340).bmp,3,val
smids/Non-Sperm/Non-Sperm (341).bmp,3,val
smids/Non-Sperm/Non-Sperm (342).bmp,3,val
smids/Non-Sperm/Non-Sperm (345).bmp,3,val
smids/Non-Sperm/Non-Sperm (346).bmp,3,val
smids/Non-Sperm/Non-Sperm (348).bmp,3,val
smids/Non-Sperm/Non-Sperm (366).bmp,3,val
smids/Non-Sperm/Non-Sperm (391).bmp,3,val
smids/Non-Sperm/Non-Sperm (406).bmp,3,val
smids/Non-Sperm/Non-Sperm (407).bmp,3,val
smids/Non-Sperm/Non-Sperm (415).bmp,3,val
smids/Non-Sperm/Non-Sperm (425).bmp,3,val
smids/Non-Sperm/Non-Sperm (426).bmp,3,val
smids/Non-Sperm/Non-Sperm (427).bmp,3,val
smids/Non-Sperm/Non-Sperm (436).bmp,3,val
smids/Non-Sperm/Non-Sperm (437).bmp,3,val
smids/Non-Sperm/Non-Sperm (447).bmp,3,val
smids/Non-Sperm/Non-Sperm (454).bmp,3,val
smids/Non-Sperm/Non-Sperm (47).bmp,3,val
smids/Non-Sperm/Non-Sperm (476).bmp,3,val
smids/Non-Sperm/Non-Sperm (477).bmp,3,val
smids/Non-Sperm/Non-Sperm (49).bmp,3,val
smids/Non-Sperm/Non-Sperm (497).bmp,3,val
smids/Non-Sperm/Non-Sperm (50).bmp,3,val
smids/Non-Sperm/Non-Sperm (501).bmp,3,val
smids/Non-Sperm/Non-Sperm (505).bmp,3,val
smids/Non-Sperm/Non-Sperm (513).bmp,3,val
smids/Non-Sperm/Non-Sperm (539).bmp,3,val
smids/Non-Sperm/Non-Sperm (540).bmp,3,val
smids/Non-Sperm/Non-Sperm (561).bmp,3,val
smids/Non-Sperm/Non-Sperm (57).bmp,3,val
smids/Non-Sperm/Non-Sperm (572).bmp,3,val
smids/Non-Sperm/Non-Sperm (574).bmp,3,val
smids/Non-Sperm/Non-Sperm (575).bmp,3,val
smids/Non-Sperm/Non-Sperm (577).bmp,3,val
smids/Non-Sperm/Non-Sperm (582).bmp,3,val
smids/Non-Sperm/Non-Sperm (588).bmp,3,val
smids/Non-Sperm/Non-Sperm (594).bmp,3,val
smids/Non-Sperm/Non-Sperm (615).bmp,3,val
smids/Non-Sperm/Non-Sperm (631).bmp,3,val
smids/Non-Sperm/Non-Sperm (638).bmp,3,val
smids/Non-Sperm/Non-Sperm (660).bmp,3,val
smids/Non-Sperm/Non-Sperm (661).bmp,3,val
smids/Non-Sperm/Non-Sperm (676).bmp,3,val
smids/Non-Sperm/Non-Sperm (677).bmp,3,val
smids/Non-Sperm/Non-Sperm (683).bmp,3,val
smids/Non-Sperm/Non-Sperm (691).bmp,3,val
smids/Non-Sperm/Non-Sperm (705).bmp,3,val
smids/Non-Sperm/Non-Sperm (708).bmp,3,val
smids/Non-Sperm/Non-Sperm (711).bmp,3,val
smids/Non-Sperm/Non-Sperm (713).bmp,3,val
smids/Non-Sperm/Non-Sperm (717).bmp,3,val
smids/Non-Sperm/Non-Sperm (725).bmp,3,val
smids/Non-Sperm/Non-Sperm (726).bmp,3,val
smids/Non-Sperm/Non-Sperm (729).bmp,3,val
smids/Non-Sperm/Non-Sperm (736).bmp,3,val
smids/Non-Sperm/Non-Sperm (741).bmp,3,val
smids/Non-Sperm/Non-Sperm (743).bmp,3,val
smids/Non-Sperm/Non-Sperm (750).bmp,3,val
smids/Non-Sperm/Non-Sperm (752).bmp,3,val
smids/Non-Sperm/Non-Sperm (758).bmp,3,val
smids/Non-Sperm/Non-Sperm (76).bmp,3,val
smids/Non-Sperm/Non-Sperm (768).bmp,3,val
smids/Non-Sperm/Non-Sperm (784).bmp,3,val
smids/Non-Sperm/Non-Sperm (795).bmp,3,val
smids/Non-Sperm/Non-Sperm (799).bmp,3,val
smids/Non-Sperm/Non-Sperm (8).bmp,3,val
smids/Non-Sperm/Non-Sperm (801).bmp,3,val
smids/Non-Sperm/Non-Sperm (813).bmp,3,val
smids/Non-Sperm/Non-Sperm (82).bmp,3,val
smids/Non-Sperm/Non-Sperm (824).bmp,3,val
smids/Non-Sperm/Non-Sperm (832).bmp,3,val
smids/Non-Sperm/Non-Sperm (839).bmp,3,val
smids/Non-Sperm/Non-Sperm (841).bmp,3,val
smids/Non-Sperm/Non-Sperm (850).bmp,3,val
smids/Non-Sperm/Non-Sperm (862).bmp,3,val
smids/Non-Sperm/Non-Sperm (868).bmp,3,val
smids/Non-Sperm/Non-Sperm (872).bmp,3,val
smids/Non-Sperm/Non-Sperm (886).bmp,3,val
smids/Non-Sperm/Non-Sperm (907).bmp,3,val
smids/Non-Sperm/Non-Sperm (910).bmp,3,val
smids/Non-Sperm/Non-Sperm (919).bmp,3,val
smids/Non-Sperm/Non-Sperm (920).bmp,3,val
smids/Non-Sperm/Non-Sperm (936).bmp,3,val
smids/Non-Sperm/Non-Sperm (941).bmp,3,val
smids/Non-Sperm/Non-Sperm (950).bmp,3,val
smids/Non-Sperm/Non-Sperm (957).bmp,3,val
smids/Non-Sperm/Non-Sperm (958).bmp,3,val
smids/Non-Sperm/Non-Sperm (963).bmp,3,val
smids/Non-Sperm/Non-Sperm (967).bmp,3,val
smids/Non-Sperm/Non-Sperm (974).bmp,3,val
smids/Non-Sperm/Non-Sperm (98).bmp,3,val
smids/Normal_Sperm/Normal_Sperm (100).bmp,3,val
smids/Normal_Sperm/Normal_Sperm (101).bmp,3,val
smids/Normal_Sperm/Normal_Sperm (1010).bmp,3,val
smids/Normal_Sperm/Normal_Sperm (1011).bmp,3,val
smids/Normal_Sperm/Normal_Sperm (1014).bmp,3,val
smids/Normal_Sperm/Normal_Sperm (1015).bmp,3,val
smids/Normal_Sperm/Normal_Sperm (107).bmp,3,val
smids/Normal_Sperm/Normal_Sperm (116).bmp,3,val
smids/Normal_Sperm/Normal_Sperm (123).bmp,3,val
smids/Normal_Sperm/Normal_Sperm (130).bmp,3,val
smids/Normal_Sperm/Normal_Sperm (133).bmp,3,val
smids/Normal_Sperm/Normal_Sperm (143).bmp,3,val
smids/Normal_Sperm/Normal_Sperm (146).bmp,3,val
smids/Normal_Sperm/Normal_Sperm (147).bmp,3,val
smids/Normal_Sperm/Normal_Sperm (149).bmp,3,val
smids/Normal_Sperm/Normal_Sperm (154).bmp,3,val
smids/Normal_Sperm/Normal_Sperm (157).bmp,3,val
smids/Normal_Sperm/Normal_Sperm (170).bmp,3,val
smids/Normal_Sperm/Normal_Sperm (173).bmp,3,val
smids/Normal_Sperm/Normal_Sperm (193).bmp,3,val
smids/Normal_Sperm/Normal_Sperm (202).bmp,3,val
smids/Normal_Sperm/Normal_Sperm (205).bmp,3,val
smids/Normal_Sperm/Normal_Sperm (212).bmp,3,val
smids/Normal_Sperm/Normal_Sperm (225).bmp,3,val
smids/Normal_Sperm/Normal_Sperm (230).bmp,3,val
smids/Normal_Sperm/Normal_Sperm (236).bmp,3,val
smids/Normal_Sperm/Normal_Sperm (247).bmp,3,val
smids/Normal_Sperm/Normal_Sperm (260).bmp,3,val
smids/Normal_Sperm/Normal_Sperm (261).bmp,3,val
smids/Normal_Sperm/Normal_Sperm (266).bmp,3,val
smids/Normal_Sperm/Normal_Sperm (273).bmp,3,val
smids/Normal_Sperm/Normal_Sperm (274).bmp,3,val
smids/Normal_Sperm/Normal_Sperm (275).bmp,3,val
smids/Normal_Sperm/Normal_Sperm (28).bmp,3,val
smids/Normal_Sperm/Normal_Sperm (281).bmp,3,val
smids/Normal_Sperm/Normal_Sperm (282).bmp,3,val
smids/Normal_Sperm/Normal_Sperm (290).bmp,3,val
smids/Normal_Sperm/Normal_Sperm (291).bmp,3,val
smids/Normal_Sperm/Normal_Sperm (292).bmp,3,val
smids/Normal_Sperm/Normal_Sperm (299).bmp,3,val
smids/Normal_Sperm/Normal_Sperm (304).bmp,3,val
smids/Normal_Sperm/Normal_Sperm (314).bmp,3,val
smids/Normal_Sperm/Normal_Sperm (32).bmp,3,val
smids/Normal_Sperm/Normal_Sperm (33).bmp,3,val
smids/Normal_Sperm/Normal_Sperm (334).bmp,3,val
smids/Normal_Sperm/Normal_Sperm (337).bmp,3,val
smids/Normal_Sperm/Normal_Sperm (341).bmp,3,val
smids/Normal_Sperm/Normal_Sperm (348).bmp,3,val
smids/Normal_Sperm/Normal_Sperm (364).bmp,3,val
smids/Normal_Sperm/Normal_Sperm (366).bmp,3,val
smids/Normal_Sperm/Normal_Sperm (369).bmp,3,val
smids/Normal_Sperm/Normal_Sperm (379).bmp,3,val
smids/Normal_Sperm/Normal_Sperm (384).bmp,3,val
smids/Normal_Sperm/Normal_Sperm (392).bmp,3,val
smids/Normal_Sperm/Normal_Sperm (395).bmp,3,val
smids/Normal_Sperm/Normal_Sperm (397).bmp,3,val
smids/Normal_Sperm/Normal_Sperm (405).bmp,3,val
smids/Normal_Sperm/Normal_Sperm (414).bmp,3,val
smids/Normal_Sperm/Normal_Sperm (419).bmp,3,val
smids/Normal_Sperm/Normal_Sperm (428).bmp,3,val
smids/Normal_Sperm/Normal_Sperm (434).bmp,3,val
smids/Normal_Sperm/Normal_Sperm (438).bmp,3,val
smids/Normal_Sperm/Normal_Sperm (441).bmp,3,val
smids/Normal_Sperm/Normal_Sperm (447).bmp,3,val
smids/Normal_Sperm/Normal_Sperm (46).bmp,3,val
smids/Normal_Sperm/Normal_Sperm (465).bmp,3,val
smids/Normal_Sperm/Normal_Sperm (48).bmp,3,val
smids/Normal_Sperm/Normal_Sperm (481).bmp,3,val
smids/Normal_Sperm/Normal_Sperm (483).bmp,3,val
smids/Normal_Sperm/Normal_Sperm (500).bmp,3,val
smids/Normal_Sperm/Normal_Sperm (503).bmp,3,val
smids/Normal_Sperm/Normal_Sperm (506).bmp,3,val
smids/Normal_Sperm/Normal_Sperm (507).bmp,3,val
smids/Normal_Sperm/Normal_Sperm (509).bmp,3,val
smids/Normal_Sperm/Normal_Sperm (510).bmp,3,val
smids/Normal_Sperm/Normal_Sperm (52).bmp,3,val
smids/Normal_Sperm/Normal_Sperm (526).bmp,3,val
smids/Normal_Sperm/Normal_Sperm (527).bmp,3,val
smids/Normal_Sperm/Normal_Sperm (552).bmp,3,val
smids/Normal_Sperm/Normal_Sperm (554).bmp,3,val
smids/Normal_Sperm/Normal_Sperm (566).bmp,3,val
smids/Normal_Sperm/Normal_Sperm (568).bmp,3,val
smids/Normal_Sperm/Normal_Sperm (575).bmp,3,val
smids/Normal_Sperm/Normal_Sperm (587).bmp,3,val
smids/Normal_Sperm/Normal_Sperm (591).bmp,3,val
smids/Normal_Sperm/Normal_Sperm (626).bmp,3,val
smids/Normal_Sperm/Normal_Sperm (631).bmp,3,val
smids/Normal_Sperm/Normal_Sperm (632).bmp,3,val
smids/Normal_Sperm/Normal_Sperm (635).bmp,3,val
smids/Normal_Sperm/Normal_Sperm (649).bmp,3,val
smids/Normal_Sperm/Normal_Sperm (653).bmp,3,val
smids/Normal_Sperm/Normal_Sperm (655).bmp,3,val
smids/Normal_Sperm/Normal_Sperm (658).bmp,3,val
smids/Normal_Sperm/Normal_Sperm (660).bmp,3,val
smids/Normal_Sperm/Normal_Sperm (663).bmp,3,val
smids/Normal_Sperm/Normal_Sperm (664).bmp,3,val
smids/Normal_Sperm/Normal_Sperm (69).bmp,3,val
smids/Normal_Sperm/Normal_Sperm (7).bmp,3,val
smids/Normal_Sperm/Normal_Sperm (715).bmp,3,val
smids/Normal_Sperm/Normal_Sperm (725).bmp,3,val
smids/Normal_Sperm/Normal_Sperm (726).bmp,3,val
smids/Normal_Sperm/Normal_Sperm (754).bmp,3,val
smids/Normal_Sperm/Normal_Sperm (755).bmp,3,val
smids/Normal_Sperm/Normal_Sperm (761).bmp,3,val
smids/Normal_Sperm/Normal_Sperm (77).bmp,3,val
smids/Normal_Sperm/Normal_Sperm (789).bmp,3,val
smids/Normal_Sperm/Normal_Sperm (796).bmp,3,val
smids/Normal_Sperm/Normal_Sperm (81).bmp,3,val
smids/Normal_Sperm/Normal_Sperm (815).bmp,3,val
smids/Normal_Sperm/Normal_Sperm (828).bmp,3,val
smids/Normal_Sperm/Normal_Sperm (833).bmp,3,val
smids/Normal_Sperm/Normal_Sperm (834).bmp,3,val
smids/Normal_Sperm/Normal_Sperm (844).bmp,3,val
smids/Normal_Sperm/Normal_Sperm (858).bmp,3,val
smids/Normal_Sperm/Normal_Sperm (920).bmp,3,val
smids/Normal_Sperm/Normal_Sperm (921).bmp,3,val
smids/Normal_Sperm/Normal_Sperm (928).bmp,3,val
smids/Normal_Sperm/Normal_Sperm (929).bmp,3,val
smids/Normal_Sperm/Normal_Sperm (990).bmp,3,val
smids/Normal_Sperm/Normal_Sperm (999).bmp,3,val
smids/Abnormal_Sperm/Abnormal_Sperm (1002).bmp,4,calib
smids/Abnormal_Sperm/Abnormal_Sperm (1005).bmp,4,calib
smids/Abnormal_Sperm/Abnormal_Sperm (114).bmp,4,calib
smids/Abnormal_Sperm/Abnormal_Sperm (119).bmp,4,calib
smids/Abnormal_Sperm/Abnormal_Sperm (120).bmp,4,calib
smids/Abnormal_Sperm/Abnormal_Sperm (121).bmp,4,calib
smids/Abnormal_Sperm/Abnormal_Sperm (13).bmp,4,calib
smids/Abnormal_Sperm/Abnormal_Sperm (131).bmp,4,calib
smids/Abnormal_Sperm/Abnormal_Sperm (134).bmp,4,calib
smids/Abnormal_Sperm/Abnormal_Sperm (135).bmp,4,calib
smids/Abnormal_Sperm/Abnormal_Sperm (149).bmp,4,calib
smids/Abnormal_Sperm/Abnormal_Sperm (169).bmp,4,calib
smids/Abnormal_Sperm/Abnormal_Sperm (181).bmp,4,calib
smids/Abnormal_Sperm/Abnormal_Sperm (183).bmp,4,calib
smids/Abnormal_Sperm/Abnormal_Sperm (190).bmp,4,calib
smids/Abnormal_Sperm/Abnormal_Sperm (192).bmp,4,calib
smids/Abnormal_Sperm/Abnormal_Sperm (199).bmp,4,calib
smids/Abnormal_Sperm/Abnormal_Sperm (203).bmp,4,calib
smids/Abnormal_Sperm/Abnormal_Sperm (205).bmp,4,calib
smids/Abnormal_Sperm/Abnormal_Sperm (207).bmp,4,calib
smids/Abnormal_Sperm/Abnormal_Sperm (208).bmp,4,calib
smids/Abnormal_Sperm/Abnormal_Sperm (224).bmp,4,calib
smids/Abnormal_Sperm/Abnormal_Sperm (231).bmp,4,calib
smids/Abnormal_Sperm/Abnormal_Sperm (237).bmp,4,calib
smids/Abnormal_Sperm/Abnormal_Sperm (240).bmp,4,calib
smids/Abnormal_Sperm/Abnormal_Sperm (242).bmp,4,calib
smids/Abnormal_Sperm/Abnormal_Sperm (243).bmp,4,calib
smids/Abnormal_Sperm/Abnormal_Sperm (264).bmp,4,calib
smids/Abnormal_Sperm/Abnormal_Sperm (266).bmp,4,calib
smids/Abnormal_Sperm/Abnormal_Sperm (267).bmp,4,calib
smids/Abnormal_Sperm/Abnormal_Sperm (295).bmp,4,calib
smids/Abnormal_Sperm/Abnormal_Sperm (309).bmp,4,calib
smids/Abnormal_Sperm/Abnormal_Sperm (314).bmp,4,calib
smids/Abnormal_Sperm/Abnormal_Sperm (318).bmp,4,calib
smids/Abnormal_Sperm/Abnormal_Sperm (319).bmp,4,calib
smids/Abnormal_Sperm/Abnormal_Sperm (323).bmp,4,calib
smids/Abnormal_Sperm/Abnormal_Sperm (326).bmp,4,calib
smids/Abnormal_Sperm/Abnormal_Sperm (335).bmp,4,calib
smids/Abnormal_Sperm/Abnormal_Sperm (347).bmp,4,calib
smids/Abnormal_Sperm/Abnormal_Sperm (350).bmp,4,calib
smids/Abnormal_Sperm/Abnormal_Sperm (351).bmp,4,calib
smids/Abnormal_Sperm/Abnormal_Sperm (356).bmp,4,calib
smids/Abnormal_Sperm/Abnormal_Sperm (370).bmp,4,calib
smids/Abnormal_Sperm/Abnormal_Sperm (373).bmp,4,calib
smids/Abnormal_Sperm/Abnormal_Sperm (377).bmp,4,calib
smids/Abnormal_Sperm/Abnormal_Sperm (384).bmp,4,calib
smids/Abnormal_Sperm/Abnormal_Sperm (388).bmp,4,calib
smids/Abnormal_Sperm/Abnormal_Sperm (401).bmp,4,calib
smids/Abnormal_Sperm/Abnormal_Sperm (406).bmp,4,calib
smids/Abnormal_Sperm/Abnormal_Sperm (41).bmp,4,calib
smids/Abnormal_Sperm/Abnormal_Sperm (416).bmp,4,calib
smids/Abnormal_Sperm/Abnormal_Sperm (417).bmp,4,calib
smids/Abnormal_Sperm/Abnormal_Sperm (419).bmp,4,calib
smids/Abnormal_Sperm/Abnormal_Sperm (431).bmp,4,calib
smids/Abnormal_Sperm/Abnormal_Sperm (439).bmp,4,calib
smids/Abnormal_Sperm/Abnormal_Sperm (451).bmp,4,calib
smids/Abnormal_Sperm/Abnormal_Sperm (452).bmp,4,calib
smids/Abnormal_Sperm/Abnormal_Sperm (457).bmp,4,calib
smids/Abnormal_Sperm/Abnormal_Sperm (460).bmp,4,calib
smids/Abnormal_Sperm/Abnormal_Sperm (462).bmp,4,calib
smids/Abnormal_Sperm/Abnormal_Sperm (465).bmp,4,calib
smids/Abnormal_Sperm/Abnormal_Sperm (475).bmp,4,calib
smids/Abnormal_Sperm/Abnormal_Sperm (484).bmp,4,calib
smids/Abnormal_Sperm/Abnormal_Sperm (489).bmp,4,calib
smids/Abnormal_Sperm/Abnormal_Sperm (493).bmp,4,calib
smids/Abnormal_Sperm/Abnormal_Sperm (496).bmp,4,calib
smids/Abnormal_Sperm/Abnormal_Sperm (497).bmp,4,calib
smids/Abnormal_Sperm/Abnormal_Sperm (503).bmp,4,calib
smids/Abnormal_Sperm/Abnormal_Sperm (519).bmp,4,calib
smids/Abnormal_Sperm/Abnormal_Sperm (521).bmp,4,calib
smids/Abnormal_Sperm/Abnormal_Sperm (527).bmp,4,calib
smids/Abnormal_Sperm/Abnormal_Sperm (529).bmp,4,calib
smids/Abnormal_Sperm/Abnormal_Sperm (535).bmp,4,calib
smids/Abnormal_Sperm/Abnormal_Sperm (547).bmp,4,calib
smids/Abnormal_Sperm/Abnormal_Sperm (552).bmp,4,calib
smids/Abnormal_Sperm/Abnormal_Sperm (558).bmp,4,calib
smids/Abnormal_Sperm/Abnormal_Sperm (559).bmp,4,calib
smids/Abnormal_Sperm/Abnormal_Sperm (569).bmp,4,calib
smids/Abnormal_Sperm/Abnormal_Sperm (571).bmp,4,calib
smids/Abnormal_Sperm/Abnormal_Sperm (579).bmp,4,calib
smids/Abnormal_Sperm/Abnormal_Sperm (58).bmp,4,calib
smids/Abnormal_Sperm/Abnormal_Sperm (580).bmp,4,calib
smids/Abnormal_Sperm/Abnormal_Sperm (583).bmp,4,calib
smids/Abnormal_Sperm/Abnormal_Sperm (584).bmp,4,calib
smids/Abnormal_Sperm/Abnormal_Sperm (600).bmp,4,calib
smids/Abnormal_Sperm/Abnormal_Sperm (602).bmp,4,calib
smids/Abnormal_Sperm/Abnormal_Sperm (607).bmp,4,calib
smids/Abnormal_Sperm/Abnormal_Sperm (617).bmp,4,calib
smids/Abnormal_Sperm/Abnormal_Sperm (622).bmp,4,calib
smids/Abnormal_Sperm/Abnormal_Sperm (627).bmp,4,calib
smids/Abnormal_Sperm/Abnormal_Sperm (630).bmp,4,calib
smids/Abnormal_Sperm/Abnormal_Sperm (631).bmp,4,calib
smids/Abnormal_Sperm/Abnormal_Sperm (649).bmp,4,calib
smids/Abnormal_Sperm/Abnormal_Sperm (65).bmp,4,calib
smids/Abnormal_Sperm/Abnormal_Sperm (659).bmp,4,calib
smids/Abnormal_Sperm/Abnormal_Sperm (660).bmp,4,calib
smids/Abnormal_Sperm/Abnormal_Sperm (668).bmp,4,calib
smids/Abnormal_Sperm/Abnormal_Sperm (671).bmp,4,calib
smids/Abnormal_Sperm/Abnormal_Sperm (685).bmp,4,calib
smids/Abnormal_Sperm/Abnormal_Sperm (686).bmp,4,calib
smids/Abnormal_Sperm/Abnormal_Sperm (696).bmp,4,calib
smids/Abnormal_Sperm/Abnormal_Sperm (7).bmp,4,calib
smids/Abnormal_Sperm/Abnormal_Sperm (705).bmp,4,calib
smids/Abnormal_Sperm/Abnormal_Sperm (727).bmp,4,calib
smids/Abnormal_Sperm/Abnormal_Sperm (742).bmp,4,calib
smids/Abnormal_Sperm/Abnormal_Sperm (746).bmp,4,calib
smids/Abnormal_Sperm/Abnormal_Sperm (751).bmp,4,calib
smids/Abnormal_Sperm/Abnormal_Sperm (757).bmp,4,calib
smids/Abnormal_Sperm/Abnormal_Sperm (759).bmp,4,calib
smids/Abnormal_Sperm/Abnormal_Sperm (767).bmp,4,calib
smids/Abnormal_Sperm/Abnormal_Sperm (780).bmp,4,calib
smids/Abnormal_Sperm/Abnormal_Sperm (783).bmp,4,calib
smids/Abnormal_Sperm/Abnormal_Sperm (785).bmp,4,calib
smids/Abnormal_Sperm/Abnormal_Sperm (789).bmp,4,calib
smids/Abnormal_Sperm/Abnormal_Sperm (791).bmp,4,calib
smids/Abnormal_Sperm/Abnormal_Sperm (794).bmp,4,calib
smids/Abnormal_Sperm/Abnormal_Sperm (797).bmp,4,calib
smids/Abnormal_Sperm/Abnormal_Sperm (798).bmp,4,calib
smids/Abnormal_Sperm/Abnormal_Sperm (799).bmp,4,calib
smids/Abnormal_Sperm/Abnormal_Sperm (800).bmp,4,calib
smids/Abnormal_Sperm/Abnormal_Sperm (801).bmp,4,calib
smids/Abnormal_Sperm/Abnormal_Sperm (804).bmp,4,calib
smids/Abnormal_Sperm/Abnormal_Sperm (813).bmp,4,calib
smids/Abnormal_Sperm/Abnormal_Sperm (821).bmp,4,calib
smids/Abnormal_Sperm/Abnormal_Sperm (828).bmp,4,calib
smids/Abnormal_Sperm/Abnormal_Sperm (834).bmp,4,calib
smids/Abnormal_Sperm/Abnormal_Sperm (85).bmp,4,calib
smids/Abnormal_Sperm/Abnormal_Sperm (855).bmp,4,calib
smids/Abnormal_Sperm/Abnormal_Sperm (856).bmp,4,calib
smids/Abnormal_Sperm/Abnormal_Sperm (862).bmp,4,calib
smids/Abnormal_Sperm/Abnormal_Sperm (869).bmp,4,calib
smids/Abnormal_Sperm/Abnormal_Sperm (874).bmp,4,calib
smids/Abnormal_Sperm/Abnormal_Sperm (875).bmp,4,calib
smids/Abnormal_Sperm/Abnormal_Sperm (877).bmp,4,calib
smids/Abnormal_Sperm/Abnormal_Sperm (882).bmp,4,calib
smids/Abnormal_Sperm/Abnormal_Sperm (883).bmp,4,calib
smids/Abnormal_Sperm/Abnormal_Sperm (886).bmp,4,calib
smids/Abnormal_Sperm/Abnormal_Sperm (887).bmp,4,calib
smids/Abnormal_Sperm/Abnormal_Sperm (889).bmp,4,calib
smids/Abnormal_Sperm/Abnormal_Sperm (89).bmp,4,calib
smids/Abnormal_Sperm/Abnormal_Sperm (890).bmp,4,calib
smids/Abnormal_Sperm/Abnormal_Sperm (891).bmp,4,calib
smids/Abnormal_Sperm/Abnormal_Sperm (896).bmp,4,calib
smids/Abnormal_Sperm/Abnormal_Sperm (912).bmp,4,calib
smids/Abnormal_Sperm/Abnormal_Sperm (918).bmp,4,calib
smids/Abnormal_Sperm/Abnormal_Sperm (922).bmp,4,calib
smids/Abnormal_Sperm/Abnormal_Sperm (923).bmp,4,calib
smids/Abnormal_Sperm/Abnormal_Sperm (946).bmp,4,calib
smids/Abnormal_Sperm/Abnormal_Sperm (954).bmp,4,calib
smids/Abnormal_Sperm/Abnormal_Sperm (962).bmp,4,calib
smids/Abnormal_Sperm/Abnormal_Sperm (964).bmp,4,calib
smids/Abnormal_Sperm/Abnormal_Sperm (966).bmp,4,calib
smids/Abnormal_Sperm/Abnormal_Sperm (974).bmp,4,calib
smids/Abnormal_Sperm/Abnormal_Sperm (989).bmp,4,calib
smids/Abnormal_Sperm/Abnormal_Sperm (990).bmp,4,calib
smids/Abnormal_Sperm/Abnormal_Sperm (998).bmp,4,calib
smids/Non-Sperm/Non-Sperm (104).bmp,4,calib
smids/Non-Sperm/Non-Sperm (105).bmp,4,calib
smids/Non-Sperm/Non-Sperm (113).bmp,4,calib
smids/Non-Sperm/Non-Sperm (117).bmp,4,calib
smids/Non-Sperm/Non-Sperm (121).bmp,4,calib
smids/Non-Sperm/Non-Sperm (122).bmp,4,calib
smids/Non-Sperm/Non-Sperm (124).bmp,4,calib
smids/Non-Sperm/Non-Sperm (128).bmp,4,calib
smids/Non-Sperm/Non-Sperm (129).bmp,4,calib
smids/Non-Sperm/Non-Sperm (130).bmp,4,calib
smids/Non-Sperm/Non-Sperm (131).bmp,4,calib
smids/Non-Sperm/Non-Sperm (151).bmp,4,calib
smids/Non-Sperm/Non-Sperm (157).bmp,4,calib
smids/Non-Sperm/Non-Sperm (16).bmp,4,calib
smids/Non-Sperm/Non-Sperm (170).bmp,4,calib
smids/Non-Sperm/Non-Sperm (171).bmp,4,calib
smids/Non-Sperm/Non-Sperm (172).bmp,4,calib
smids/Non-Sperm/Non-Sperm (176).bmp,4,calib
smids/Non-Sperm/Non-Sperm (177).bmp,4,calib
smids/Non-Sperm/Non-Sperm (181).bmp,4,calib
smids/Non-Sperm/Non-Sperm (193).bmp,4,calib
smids/Non-Sperm/Non-Sperm (196).bmp,4,calib
smids/Non-Sperm/Non-Sperm (197).bmp,4,calib
smids/Non-Sperm/Non-Sperm (20).bmp,4,calib
smids/Non-Sperm/Non-Sperm (211).bmp,4,calib
smids/Non-Sperm/Non-Sperm (214).bmp,4,calib
smids/Non-Sperm/Non-Sperm (217).bmp,4,calib
smids/Non-Sperm/Non-Sperm (22).bmp,4,calib
smids/Non-Sperm/Non-Sperm (220).bmp,4,calib
smids/Non-Sperm/Non-Sperm (228).bmp,4,calib
smids/Non-Sperm/Non-Sperm (229).bmp,4,calib
smids/Non-Sperm/Non-Sperm (231).bmp,4,calib
smids/Non-Sperm/Non-Sperm (24).bmp,4,calib
smids/Non-Sperm/Non-Sperm (242).bmp,4,calib
smids/Non-Sperm/Non-Sperm (251).bmp,4,calib
smids/Non-Sperm/Non-Sperm (253).bmp,4,calib
smids/Non-Sperm/Non-Sperm (277).bmp,4,calib
smids/Non-Sperm/Non-Sperm (287).bmp,4,calib
smids/Non-Sperm/Non-Sperm (299).bmp,4,calib
smids/Non-Sperm/Non-Sperm (300).bmp,4,calib
smids/Non-Sperm/Non-Sperm (304).bmp,4,calib
smids/Non-Sperm/Non-Sperm (305).bmp,4,calib
smids/Non-Sperm/Non-Sperm (315).bmp,4,calib
smids/Non-Sperm/Non-Sperm (317).bmp,4,calib
smids/Non-Sperm/Non-Sperm (318).bmp,4,calib
smids/Non-Sperm/Non-Sperm (32).bmp,4,calib
smids/Non-Sperm/Non-Sperm (337).bmp,4,calib
smids/Non-Sperm/Non-Sperm (338).bmp,4,calib
smids/Non-Sperm/Non-Sperm (345).bmp,4,calib
smids/Non-Sperm/Non-Sperm (364).bmp,4,calib
smids/Non-Sperm/Non-Sperm (366).bmp,4,calib
smids/Non-Sperm/Non-Sperm (367).bmp,4,calib
smids/Non-Sperm/Non-Sperm (37).bmp,4,calib
smids/Non-Sperm/Non-Sperm (375).bmp,4,calib
smids/Non-Sperm/Non-Sperm (383).bmp,4,calib
smids/Non-Sperm/Non-Sperm (386).bmp,4,calib
smids/Non-Sperm/Non-Sperm (387).bmp,4,calib
smids/Non-Sperm/Non-Sperm (39).bmp,4,calib
smids/Non-Sperm/Non-Sperm (400).bmp,4,calib
smids/Non-Sperm/Non-Sperm (402).bmp,4,calib
smids/Non-Sperm/Non-Sperm (409).bmp,4,calib
smids/Non-Sperm/Non-Sperm (41).bmp,4,calib
smids/Non-Sperm/Non-Sperm (410).bmp,4,calib
smids/Non-Sperm/Non-Sperm (42).bmp,4,calib
smids/Non-Sperm/Non-Sperm (431).bmp,4,calib
smids/Non-Sperm/Non-Sperm (445).bmp,4,calib
smids/Non-Sperm/Non-Sperm (470).bmp,4,calib
smids/Non-Sperm/Non-Sperm (475).bmp,4,calib
smids/Non-Sperm/Non-Sperm (481).bmp,4,calib
smids/Non-Sperm/Non-Sperm (488).bmp,4,calib
smids/Non-Sperm/Non-Sperm (49).bmp,4,calib
smids/Non-Sperm/Non-Sperm (506).bmp,4,calib
smids/Non-Sperm/Non-Sperm (514).bmp,4,calib
smids/Non-Sperm/Non-Sperm (523).bmp,4,calib
smids/Non-Sperm/Non-Sperm (530).bmp,4,calib
smids/Non-Sperm/Non-Sperm (536).bmp,4,calib
smids/Non-Sperm/Non-Sperm (538).bmp,4,calib
smids/Non-Sperm/Non-Sperm (549).bmp,4,calib
smids/Non-Sperm/Non-Sperm (556).bmp,4,calib
smids/Non-Sperm/Non-Sperm (563).bmp,4,calib
smids/Non-Sperm/Non-Sperm (566).bmp,4,calib
smids/Non-Sperm/Non-Sperm (567).bmp,4,calib
smids/Non-Sperm/Non-Sperm (570).bmp,4,calib
smids/Non-Sperm/Non-Sperm (58).bmp,4,calib
smids/Non-Sperm/Non-Sperm (584).bmp,4,calib
smids/Non-Sperm/Non-Sperm (592).bmp,4,calib
smids/Non-Sperm/Non-Sperm (596).bmp,4,calib
smids/Non-Sperm/Non-Sperm (611).bmp,4,calib
smids/Non-Sperm/Non-Sperm (613).bmp,4,calib
smids/Non-Sperm/Non-Sperm (615).bmp,4,calib
smids/Non-Sperm/Non-Sperm (621).bmp,4,calib
smids/Non-Sperm/Non-Sperm (625).bmp,4,calib
smids/Non-Sperm/Non-Sperm (631).bmp,4,calib
smids/Non-Sperm/Non-Sperm (632).bmp,4,calib
smids/Non-Sperm/Non-Sperm (634).bmp,4,calib
smids/Non-Sperm/Non-Sperm (636).bmp,4,calib
smids/Non-Sperm/Non-Sperm (644).bmp,4,calib
smids/Non-Sperm/Non-Sperm (649).bmp,4,calib
smids/Non-Sperm/Non-Sperm (650).bmp,4,calib
smids/Non-Sperm/Non-Sperm (654).bmp,4,calib
smids/Non-Sperm/Non-Sperm (667).bmp,4,calib
smids/Non-Sperm/Non-Sperm (668).bmp,4,calib
smids/Non-Sperm/Non-Sperm (671).bmp,4,calib
smids/Non-Sperm/Non-Sperm (673).bmp,4,calib
smids/Non-Sperm/Non-Sperm (688).bmp,4,calib
smids/Non-Sperm/Non-Sperm (70).bmp,4,calib
smids/Non-Sperm/Non-Sperm (700).bmp,4,calib
smids/Non-Sperm/Non-Sperm (702).bmp,4,calib
smids/Non-Sperm/Non-Sperm (704).bmp,4,calib
smids/Non-Sperm/Non-Sperm (711).bmp,4,calib
smids/Non-Sperm/Non-Sperm (714).bmp,4,calib
smids/Non-Sperm/Non-Sperm (721).bmp,4,calib
smids/Non-Sperm/Non-Sperm (722).bmp,4,calib
smids/Non-Sperm/Non-Sperm (723).bmp,4,calib
smids/Non-Sperm/Non-Sperm (729).bmp,4,calib
smids/Non-Sperm/Non-Sperm (73).bmp,4,calib
smids/Non-Sperm/Non-Sperm (732).bmp,4,calib
smids/Non-Sperm/Non-Sperm (734).bmp,4,calib
smids/Non-Sperm/Non-Sperm (736).bmp,4,calib
smids/Non-Sperm/Non-Sperm (742).bmp,4,calib
smids/Non-Sperm/Non-Sperm (743).bmp,4,calib
smids/Non-Sperm/Non-Sperm (746).bmp,4,calib
smids/Non-Sperm/Non-Sperm (749).bmp,4,calib
smids/Non-Sperm/Non-Sperm (750).bmp,4,calib
smids/Non-Sperm/Non-Sperm (757).bmp,4,calib
smids/Non-Sperm/Non-Sperm (759).bmp,4,calib
smids/Non-Sperm/Non-Sperm (760).bmp,4,calib
smids/Non-Sperm/Non-Sperm (770).bmp,4,calib
smids/Non-Sperm/Non-Sperm (774).bmp,4,calib
smids/Non-Sperm/Non-Sperm (784).bmp,4,calib
smids/Non-Sperm/Non-Sperm (789).bmp,4,calib
smids/Non-Sperm/Non-Sperm (804).bmp,4,calib
smids/Non-Sperm/Non-Sperm (810).bmp,4,calib
smids/Non-Sperm/Non-Sperm (822).bmp,4,calib
smids/Non-Sperm/Non-Sperm (831).bmp,4,calib
smids/Non-Sperm/Non-Sperm (836).bmp,4,calib
smids/Non-Sperm/Non-Sperm (848).bmp,4,calib
smids/Non-Sperm/Non-Sperm (85).bmp,4,calib
smids/Non-Sperm/Non-Sperm (858).bmp,4,calib
smids/Non-Sperm/Non-Sperm (872).bmp,4,calib
smids/Non-Sperm/Non-Sperm (877).bmp,4,calib
smids/Non-Sperm/Non-Sperm (879).bmp,4,calib
smids/Non-Sperm/Non-Sperm (881).bmp,4,calib
smids/Non-Sperm/Non-Sperm (884).bmp,4,calib
smids/Non-Sperm/Non-Sperm (888).bmp,4,calib
smids/Non-Sperm/Non-Sperm (900).bmp,4,calib
smids/Non-Sperm/Non-Sperm (91).bmp,4,calib
smids/Non-Sperm/Non-Sperm (923).bmp,4,calib
smids/Non-Sperm/Non-Sperm (928).bmp,4,calib
smids/Non-Sperm/Non-Sperm (934).bmp,4,calib
smids/Non-Sperm/Non-Sperm (94).bmp,4,calib
smids/Non-Sperm/Non-Sperm (957).bmp,4,calib
smids/Non-Sperm/Non-Sperm (96).bmp,4,calib
smids/Non-Sperm/Non-Sperm (960).bmp,4,calib
smids/Non-Sperm/Non-Sperm (961).bmp,4,calib
smids/Non-Sperm/Non-Sperm (971).bmp,4,calib
smids/Normal_Sperm/Normal_Sperm (1010).bmp,4,calib
smids/Normal_Sperm/Normal_Sperm (103).bmp,4,calib
smids/Normal_Sperm/Normal_Sperm (113).bmp,4,calib
smids/Normal_Sperm/Normal_Sperm (114).bmp,4,calib
smids/Normal_Sperm/Normal_Sperm (127).bmp,4,calib
smids/Normal_Sperm/Normal_Sperm (132).bmp,4,calib
smids/Normal_Sperm/Normal_Sperm (138).bmp,4,calib
smids/Normal_Sperm/Normal_Sperm (14).bmp,4,calib
smids/Normal_Sperm/Normal_Sperm (151).bmp,4,calib
smids/Normal_Sperm/Normal_Sperm (153).bmp,4,calib
smids/Normal_Sperm/Normal_Sperm (155).bmp,4,calib
smids/Normal_Sperm/Normal_Sperm (164).bmp,4,calib
smids/Normal_Sperm/Normal_Sperm (169).bmp,4,calib
smids/Normal_Sperm/Normal_Sperm (170).bmp,4,calib
smids/Normal_Sperm/Normal_Sperm (176).bmp,4,calib
smids/Normal_Sperm/Normal_Sperm (183).bmp,4,calib
smids/Normal_Sperm/Normal_Sperm (189).bmp,4,calib
smids/Normal_Sperm/Normal_Sperm (19).bmp,4,calib
smids/Normal_Sperm/Normal_Sperm (193).bmp,4,calib
smids/Normal_Sperm/Normal_Sperm (197).bmp,4,calib
smids/Normal_Sperm/Normal_Sperm (2).bmp,4,calib
smids/Normal_Sperm/Normal_Sperm (204).bmp,4,calib
smids/Normal_Sperm/Normal_Sperm (207).bmp,4,calib
smids/Normal_Sperm/Normal_Sperm (222).bmp,4,calib
smids/Normal_Sperm/Normal_Sperm (223).bmp,4,calib
smids/Normal_Sperm/Normal_Sperm (228).bmp,4,calib
smids/Normal_Sperm/Normal_Sperm (232).bmp,4,calib
smids/Normal_Sperm/Normal_Sperm (238).bmp,4,calib
smids/Normal_Sperm/Normal_Sperm (239).bmp,4,calib
smids/Normal_Sperm/Normal_Sperm (254).bmp,4,calib
smids/Normal_Sperm/Normal_Sperm (264).bmp,4,calib
smids/Normal_Sperm/Normal_Sperm (268).bmp,4,calib
smids/Normal_Sperm/Normal_Sperm (278).bmp,4,calib
smids/Normal_Sperm/Normal_Sperm (294).bmp,4,calib
smids/Normal_Sperm/Normal_Sperm (295).bmp,4,calib
smids/Normal_Sperm/Normal_Sperm (309).bmp,4,calib
smids/Normal_Sperm/Normal_Sperm (310).bmp,4,calib
smids/Normal_Sperm/Normal_Sperm (315).bmp,4,calib
smids/Normal_Sperm/Normal_Sperm (32).bmp,4,calib
smids/Normal_Sperm/Normal_Sperm (320).bmp,4,calib
smids/Normal_Sperm/Normal_Sperm (321).bmp,4,calib
smids/Normal_Sperm/Normal_Sperm (324).bmp,4,calib
smids/Normal_Sperm/Normal_Sperm (33).bmp,4,calib
smids/Normal_Sperm/Normal_Sperm (330).bmp,4,calib
smids/Normal_Sperm/Normal_Sperm (340).bmp,4,calib
smids/Normal_Sperm/Normal_Sperm (343).bmp,4,calib
smids/Normal_Sperm/Normal_Sperm (351).bmp,4,calib
smids/Normal_Sperm/Normal_Sperm (354).bmp,4,calib
smids/Normal_Sperm/Normal_Sperm (355).bmp,4,calib
smids/Normal_Sperm/Normal_Sperm (361).bmp,4,calib
smids/Normal_Sperm/Normal_Sperm (384).bmp,4,calib
smids/Normal_Sperm/Normal_Sperm (385).bmp,4,calib
smids/Normal_Sperm/Normal_Sperm (40).bmp,4,calib
smids/Normal_Sperm/Normal_Sperm (402).bmp,4,calib
smids/Normal_Sperm/Normal_Sperm (412).bmp,4,calib
smids/Normal_Sperm/Normal_Sperm (420).bmp,4,calib
smids/Normal_Sperm/Normal_Sperm (426).bmp,4,calib
smids/Normal_Sperm/Normal_Sperm (428).bmp,4,calib
smids/Normal_Sperm/Normal_Sperm (431).bmp,4,calib
smids/Normal_Sperm/Normal_Sperm (432).bmp,4,calib
smids/Normal_Sperm/Normal_Sperm (435).bmp,4,calib
smids/Normal_Sperm/Normal_Sperm (436).bmp,4,calib
smids/Normal_Sperm/Normal_Sperm (437).bmp,4,calib
smids/Normal_Sperm/Normal_Sperm (439).bmp,4,calib
smids/Normal_Sperm/Normal_Sperm (441).bmp,4,calib
smids/Normal_Sperm/Normal_Sperm (442).bmp,4,calib
smids/Normal_Sperm/Normal_Sperm (447).bmp,4,calib
smids/Normal_Sperm/Normal_Sperm (467).bmp,4,calib
smids/Normal_Sperm/Normal_Sperm (468).bmp,4,calib
smids/Normal_Sperm/Normal_Sperm (473).bmp,4,calib
smids/Normal_Sperm/Normal_Sperm (477).bmp,4,calib
smids/Normal_Sperm/Normal_Sperm (483).bmp,4,calib
smids/Normal_Sperm/Normal_Sperm (49).bmp,4,calib
smids/Normal_Sperm/Normal_Sperm (496).bmp,4,calib
smids/Normal_Sperm/Normal_Sperm (499).bmp,4,calib
smids/Normal_Sperm/Normal_Sperm (507).bmp,4,calib
smids/Normal_Sperm/Normal_Sperm (511).bmp,4,calib
smids/Normal_Sperm/Normal_Sperm (512).bmp,4,calib
smids/Normal_Sperm/Normal_Sperm (522).bmp,4,calib
smids/Normal_Sperm/Normal_Sperm (524).bmp,4,calib
smids/Normal_Sperm/Normal_Sperm (527).bmp,4,calib
smids/Normal_Sperm/Normal_Sperm (537).bmp,4,calib
smids/Normal_Sperm/Normal_Sperm (540).bmp,4,calib
smids/Normal_Sperm/Normal_Sperm (544).bmp,4,calib
smids/Normal_Sperm/Normal_Sperm (550).bmp,4,calib
smids/Normal_Sperm/Normal_Sperm (554).bmp,4,calib
smids/Normal_Sperm/Normal_Sperm (555).bmp,4,calib
smids/Normal_Sperm/Normal_Sperm (561).bmp,4,calib
smids/Normal_Sperm/Normal_Sperm (563).bmp,4,calib
smids/Normal_Sperm/Normal_Sperm (582).bmp,4,calib
smids/Normal_Sperm/Normal_Sperm (584).bmp,4,calib
smids/Normal_Sperm/Normal_Sperm (585).bmp,4,calib
smids/Normal_Sperm/Normal_Sperm (594).bmp,4,calib
smids/Normal_Sperm/Normal_Sperm (598).bmp,4,calib
smids/Normal_Sperm/Normal_Sperm (60).bmp,4,calib
smids/Normal_Sperm/Normal_Sperm (605).bmp,4,calib
smids/Normal_Sperm/Normal_Sperm (618).bmp,4,calib
smids/Normal_Sperm/Normal_Sperm (630).bmp,4,calib
smids/Normal_Sperm/Normal_Sperm (647).bmp,4,calib
smids/Normal_Sperm/Normal_Sperm (654).bmp,4,calib
smids/Normal_Sperm/Normal_Sperm (657).bmp,4,calib
smids/Normal_Sperm/Normal_Sperm (660).bmp,4,calib
smids/Normal_Sperm/Normal_Sperm (662).bmp,4,calib
smids/Normal_Sperm/Normal_Sperm (665).bmp,4,calib
smids/Normal_Sperm/Normal_Sperm (672).bmp,4,calib
smids/Normal_Sperm/Normal_Sperm (675).bmp,4,calib
smids/Normal_Sperm/Normal_Sperm (676).bmp,4,calib
smids/Normal_Sperm/Normal_Sperm (68).bmp,4,calib
smids/Normal_Sperm/Normal_Sperm (681).bmp,4,calib
smids/Normal_Sperm/Normal_Sperm (683).bmp,4,calib
smids/Normal_Sperm/Normal_Sperm (693).bmp,4,calib
smids/Normal_Sperm/Normal_Sperm (694).bmp,4,calib
smids/Normal_Sperm/Normal_Sperm (698).bmp,4,calib
smids/Normal_Sperm/Normal_Sperm (699).bmp,4,calib
smids/Normal_Sperm/Normal_Sperm (7).bmp,4,calib
smids/Normal_Sperm/Normal_Sperm (701).bmp,4,calib
smids/Normal_Sperm/Normal_Sperm (715).bmp,4,calib
smids/Normal_Sperm/Normal_Sperm (722).bmp,4,calib
smids/Normal_Sperm/Normal_Sperm (730).bmp,4,calib
smids/Normal_Sperm/Normal_Sperm (732).bmp,4,calib
smids/Normal_Sperm/Normal_Sperm (74).bmp,4,calib
smids/Normal_Sperm/Normal_Sperm (763).bmp,4,calib
smids/Normal_Sperm/Normal_Sperm (764).bmp,4,calib
smids/Normal_Sperm/Normal_Sperm (765).bmp,4,calib
smids/Normal_Sperm/Normal_Sperm (772).bmp,4,calib
smids/Normal_Sperm/Normal_Sperm (777).bmp,4,calib
smids/Normal_Sperm/Normal_Sperm (780).bmp,4,calib
smids/Normal_Sperm/Normal_Sperm (781).bmp,4,calib
smids/Normal_Sperm/Normal_Sperm (783).bmp,4,calib
smids/Normal_Sperm/Normal_Sperm (787).bmp,4,calib
smids/Normal_Sperm/Normal_Sperm (790).bmp,4,calib
smids/Normal_Sperm/Normal_Sperm (794).bmp,4,calib
smids/Normal_Sperm/Normal_Sperm (8).bmp,4,calib
smids/Normal_Sperm/Normal_Sperm (808).bmp,4,calib
smids/Normal_Sperm/Normal_Sperm (819).bmp,4,calib
smids/Normal_Sperm/Normal_Sperm (82).bmp,4,calib
smids/Normal_Sperm/Normal_Sperm (835).bmp,4,calib
smids/Normal_Sperm/Normal_Sperm (836).bmp,4,calib
smids/Normal_Sperm/Normal_Sperm (837).bmp,4,calib
smids/Normal_Sperm/Normal_Sperm (84).bmp,4,calib
smids/Normal_Sperm/Normal_Sperm (845).bmp,4,calib
smids/Normal_Sperm/Normal_Sperm (847).bmp,4,calib
smids/Normal_Sperm/Normal_Sperm (85).bmp,4,calib
smids/Normal_Sperm/Normal_Sperm (860).bmp,4,calib
smids/Normal_Sperm/Normal_Sperm (866).bmp,4,calib
smids/Normal_Sperm/Normal_Sperm (869).bmp,4,calib
smids/Normal_Sperm/Normal_Sperm (876).bmp,4,calib
smids/Normal_Sperm/Normal_Sperm (883).bmp,4,calib
smids/Normal_Sperm/Normal_Sperm (910).bmp,4,calib
smids/Normal_Sperm/Normal_Sperm (914).bmp,4,calib
smids/Normal_Sperm/Normal_Sperm (928).bmp,4,calib
smids/Normal_Sperm/Normal_Sperm (930).bmp,4,calib
smids/Normal_Sperm/Normal_Sperm (953).bmp,4,calib
smids/Normal_Sperm/Normal_Sperm (960).bmp,4,calib
smids/Normal_Sperm/Normal_Sperm (970).bmp,4,calib
smids/Normal_Sperm/Normal_Sperm (98).bmp,4,calib
smids/Normal_Sperm/Normal_Sperm (981).bmp,4,calib
smids/Normal_Sperm/Normal_Sperm (99).bmp,4,calib
smids/Normal_Sperm/Normal_Sperm (991).bmp,4,calib
smids/Normal_Sperm/Normal_Sperm (992).bmp,4,calib
smids/Abnormal_Sperm/Abnormal_Sperm (105).bmp,4,test
smids/Abnormal_Sperm/Abnormal_Sperm (106).bmp,4,test
smids/Abnormal_Sperm/Abnormal_Sperm (11).bmp,4,test
smids/Abnormal_Sperm/Abnormal_Sperm (115).bmp,4,test
smids/Abnormal_Sperm/Abnormal_Sperm (117).bmp,4,test
smids/Abnormal_Sperm/Abnormal_Sperm (118).bmp,4,test
smids/Abnormal_Sperm/Abnormal_Sperm (122).bmp,4,test
smids/Abnormal_Sperm/Abnormal_Sperm (123).bmp,4,test
smids/Abnormal_Sperm/Abnormal_Sperm (128).bmp,4,test
smids/Abnormal_Sperm/Abnormal_Sperm (138).bmp,4,test
smids/Abnormal_Sperm/Abnormal_Sperm (140).bmp,4,test
smids/Abnormal_Sperm/Abnormal_Sperm (146).bmp,4,test
smids/Abnormal_Sperm/Abnormal_Sperm (150).bmp,4,test
smids/Abnormal_Sperm/Abnormal_Sperm (154).bmp,4,test
smids/Abnormal_Sperm/Abnormal_Sperm (156).bmp,4,test
smids/Abnormal_Sperm/Abnormal_Sperm (159).bmp,4,test
smids/Abnormal_Sperm/Abnormal_Sperm (161).bmp,4,test
smids/Abnormal_Sperm/Abnormal_Sperm (173).bmp,4,test
smids/Abnormal_Sperm/Abnormal_Sperm (175).bmp,4,test
smids/Abnormal_Sperm/Abnormal_Sperm (176).bmp,4,test
smids/Abnormal_Sperm/Abnormal_Sperm (177).bmp,4,test
smids/Abnormal_Sperm/Abnormal_Sperm (185).bmp,4,test
smids/Abnormal_Sperm/Abnormal_Sperm (19).bmp,4,test
smids/Abnormal_Sperm/Abnormal_Sperm (2).bmp,4,test
smids/Abnormal_Sperm/Abnormal_Sperm (21).bmp,4,test
smids/Abnormal_Sperm/Abnormal_Sperm (22).bmp,4,test
smids/Abnormal_Sperm/Abnormal_Sperm (220).bmp,4,test
smids/Abnormal_Sperm/Abnormal_Sperm (227).bmp,4,test
smids/Abnormal_Sperm/Abnormal_Sperm (228).bmp,4,test
smids/Abnormal_Sperm/Abnormal_Sperm (238).bmp,4,test
smids/Abnormal_Sperm/Abnormal_Sperm (244).bmp,4,test
smids/Abnormal_Sperm/Abnormal_Sperm (247).bmp,4,test
smids/Abnormal_Sperm/Abnormal_Sperm (26).bmp,4,test
smids/Abnormal_Sperm/Abnormal_Sperm (262).bmp,4,test
smids/Abnormal_Sperm/Abnormal_Sperm (263).bmp,4,test
smids/Abnormal_Sperm/Abnormal_Sperm (268).bmp,4,test
smids/Abnormal_Sperm/Abnormal_Sperm (270).bmp,4,test
smids/Abnormal_Sperm/Abnormal_Sperm (274).bmp,4,test
smids/Abnormal_Sperm/Abnormal_Sperm (28).bmp,4,test
smids/Abnormal_Sperm/Abnormal_Sperm (284).bmp,4,test
smids/Abnormal_Sperm/Abnormal_Sperm (286).bmp,4,test
smids/Abnormal_Sperm/Abnormal_Sperm (287).bmp,4,test
smids/Abnormal_Sperm/Abnormal_Sperm (297).bmp,4,test
smids/Abnormal_Sperm/Abnormal_Sperm (298).bmp,4,test
smids/Abnormal_Sperm/Abnormal_Sperm (299).bmp,4,test
smids/Abnormal_Sperm/Abnormal_Sperm (305).bmp,4,test
smids/Abnormal_Sperm/Abnormal_Sperm (308).bmp,4,test
smids/Abnormal_Sperm/Abnormal_Sperm (310).bmp,4,test
smids/Abnormal_Sperm/Abnormal_Sperm (312).bmp,4,test
smids/Abnormal_Sperm/Abnormal_Sperm (33).bmp,4,test
smids/Abnormal_Sperm/Abnormal_Sperm (339).bmp,4,test
smids/Abnormal_Sperm/Abnormal_Sperm (343).bmp,4,test
smids/Abnormal_Sperm/Abnormal_Sperm (352).bmp,4,test
smids/Abnormal_Sperm/Abnormal_Sperm (358).bmp,4,test
smids/Abnormal_Sperm/Abnormal_Sperm (376).bmp,4,test
smids/Abnormal_Sperm/Abnormal_Sperm (383).bmp,4,test
smids/Abnormal_Sperm/Abnormal_Sperm (386).bmp,4,test
smids/Abnormal_Sperm/Abnormal_Sperm (394).bmp,4,test
smids/Abnormal_Sperm/Abnormal_Sperm (397).bmp,4,test
smids/Abnormal_Sperm/Abnormal_Sperm (403).bmp,4,test
smids/Abnormal_Sperm/Abnormal_Sperm (404).bmp,4,test
smids/Abnormal_Sperm/Abnormal_Sperm (407).bmp,4,test
smids/Abnormal_Sperm/Abnormal_Sperm (408).bmp,4,test
smids/Abnormal_Sperm/Abnormal_Sperm (409).bmp,4,test
smids/Abnormal_Sperm/Abnormal_Sperm (411).bmp,4,test
smids/Abnormal_Sperm/Abnormal_Sperm (42).bmp,4,test
smids/Abnormal_Sperm/Abnormal_Sperm (426).bmp,4,test
smids/Abnormal_Sperm/Abnormal_Sperm (433).bmp,4,test
smids/Abnormal_Sperm/Abnormal_Sperm (435).bmp,4,test
smids/Abnormal_Sperm/Abnormal_Sperm (440).bmp,4,test
smids/Abnormal_Sperm/Abnormal_Sperm (441).bmp,4,test
smids/Abnormal_Sperm/Abnormal_Sperm (444).bmp,4,test
smids/Abnormal_Sperm/Abnormal_Sperm (461).bmp,4,test
smids/Abnormal_Sperm/Abnormal_Sperm (466).bmp,4,test
smids/Abnormal_Sperm/Abnormal_Sperm (467).bmp,4,test
smids/Abnormal_Sperm/Abnormal_Sperm (471).bmp,4,test
smids/Abnormal_Sperm/Abnormal_Sperm (473).bmp,4,test
smids/Abnormal_Sperm/Abnormal_Sperm (480).bmp,4,test
smids/Abnormal_Sperm/Abnormal_Sperm (491).bmp,4,test
smids/Abnormal_Sperm/Abnormal_Sperm (494).bmp,4,test
smids/Abnormal_Sperm/Abnormal_Sperm (495).bmp,4,test
smids/Abnormal_Sperm/Abnormal_Sperm (506).bmp,4,test
smids/Abnormal_Sperm/Abnormal_Sperm (512).bmp,4,test
smids/Abnormal_Sperm/Abnormal_Sperm (515).bmp,4,test
smids/Abnormal_Sperm/Abnormal_Sperm (517).bmp,4,test
smids/Abnormal_Sperm/Abnormal_Sperm (522).bmp,4,test
smids/Abnormal_Sperm/Abnormal_Sperm (523).bmp,4,test
smids/Abnormal_Sperm/Abnormal_Sperm (530).bmp,4,test
smids/Abnormal_Sperm/Abnormal_Sperm (531).bmp,4,test
smids/Abnormal_Sperm/Abnormal_Sperm (533).bmp,4,test
smids/Abnormal_Sperm/Abnormal_Sperm (536).bmp,4,test
smids/Abnormal_Sperm/Abnormal_Sperm (537).bmp,4,test
smids/Abnormal_Sperm/Abnormal_Sperm (54).bmp,4,test
smids/Abnormal_Sperm/Abnormal_Sperm (540).bmp,4,test
smids/Abnormal_Sperm/Abnormal_Sperm (549).bmp,4,test
smids/Abnormal_Sperm/Abnormal_Sperm (553).bmp,4,test
smids/Abnormal_Sperm/Abnormal_Sperm (554).bmp,4,test
smids/Abnormal_Sperm/Abnormal_Sperm (557).bmp,4,test
smids/Abnormal_Sperm/Abnormal_Sperm (56).bmp,4,test
smids/Abnormal_Sperm/Abnormal_Sperm (567).bmp,4,test
smids/Abnormal_Sperm/Abnormal_Sperm (581).bmp,4,test
smids/Abnormal_Sperm/Abnormal_Sperm (582).bmp,4,test
smids/Abnormal_Sperm/Abnormal_Sperm (586).bmp,4,test
smids/Abnormal_Sperm/Abnormal_Sperm (59).bmp,4,test
smids/Abnormal_Sperm/Abnormal_Sperm (598).bmp,4,test
smids/Abnormal_Sperm/Abnormal_Sperm (599).bmp,4,test
smids/Abnormal_Sperm/Abnormal_Sperm (6).bmp,4,test
smids/Abnormal_Sperm/Abnormal_Sperm (601).bmp,4,test
smids/Abnormal_Sperm/Abnormal_Sperm (61).bmp,4,test
smids/Abnormal_Sperm/Abnormal_Sperm (612).bmp,4,test
smids/Abnormal_Sperm/Abnormal_Sperm (624).bmp,4,test
smids/Abnormal_Sperm/Abnormal_Sperm (640).bmp,4,test
smids/Abnormal_Sperm/Abnormal_Sperm (644).bmp,4,test
smids/Abnormal_Sperm/Abnormal_Sperm (645).bmp,4,test
smids/Abnormal_Sperm/Abnormal_Sperm (646).bmp,4,test
smids/Abnormal_Sperm/Abnormal_Sperm (647).bmp,4,test
smids/Abnormal_Sperm/Abnormal_Sperm (651).bmp,4,test
smids/Abnormal_Sperm/Abnormal_Sperm (652).bmp,4,test
smids/Abnormal_Sperm/Abnormal_Sperm (655).bmp,4,test
smids/Abnormal_Sperm/Abnormal_Sperm (656).bmp,4,test
smids/Abnormal_Sperm/Abnormal_Sperm (658).bmp,4,test
smids/Abnormal_Sperm/Abnormal_Sperm (666).bmp,4,test
smids/Abnormal_Sperm/Abnormal_Sperm (670).bmp,4,test
smids/Abnormal_Sperm/Abnormal_Sperm (677).bmp,4,test
smids/Abnormal_Sperm/Abnormal_Sperm (682).bmp,4,test
smids/Abnormal_Sperm/Abnormal_Sperm (688).bmp,4,test
smids/Abnormal_Sperm/Abnormal_Sperm (691).bmp,4,test
smids/Abnormal_Sperm/Abnormal_Sperm (692).bmp,4,test
smids/Abnormal_Sperm/Abnormal_Sperm (698).bmp,4,test
smids/Abnormal_Sperm/Abnormal_Sperm (70).bmp,4,test
smids/Abnormal_Sperm/Abnormal_Sperm (706).bmp,4,test
smids/Abnormal_Sperm/Abnormal_Sperm (716).bmp,4,test
smids/Abnormal_Sperm/Abnormal_Sperm (723).bmp,4,test
smids/Abnormal_Sperm/Abnormal_Sperm (724).bmp,4,test
smids/Abnormal_Sperm/Abnormal_Sperm (726).bmp,4,test
smids/Abnormal_Sperm/Abnormal_Sperm (738).bmp,4,test
smids/Abnormal_Sperm/Abnormal_Sperm (74).bmp,4,test
smids/Abnormal_Sperm/Abnormal_Sperm (743).bmp,4,test
smids/Abnormal_Sperm/Abnormal_Sperm (749).bmp,4,test
smids/Abnormal_Sperm/Abnormal_Sperm (755).bmp,4,test
smids/Abnormal_Sperm/Abnormal_Sperm (76).bmp,4,test
smids/Abnormal_Sperm/Abnormal_Sperm (762).bmp,4,test
smids/Abnormal_Sperm/Abnormal_Sperm (766).bmp,4,test
smids/Abnormal_Sperm/Abnormal_Sperm (768).bmp,4,test
smids/Abnormal_Sperm/Abnormal_Sperm (771).bmp,4,test
smids/Abnormal_Sperm/Abnormal_Sperm (778).bmp,4,test
smids/Abnormal_Sperm/Abnormal_Sperm (788).bmp,4,test
smids/Abnormal_Sperm/Abnormal_Sperm (792).bmp,4,test
smids/Abnormal_Sperm/Abnormal_Sperm (793).bmp,4,test
smids/Abnormal_Sperm/Abnormal_Sperm (796).bmp,4,test
smids/Abnormal_Sperm/Abnormal_Sperm (806).bmp,4,test
smids/Abnormal_Sperm/Abnormal_Sperm (814).bmp,4,test
smids/Abnormal_Sperm/Abnormal_Sperm (820).bmp,4,test
smids/Abnormal_Sperm/Abnormal_Sperm (824).bmp,4,test
smids/Abnormal_Sperm/Abnormal_Sperm (832).bmp,4,test
smids/Abnormal_Sperm/Abnormal_Sperm (836).bmp,4,test
smids/Abnormal_Sperm/Abnormal_Sperm (84).bmp,4,test
smids/Abnormal_Sperm/Abnormal_Sperm (842).bmp,4,test
smids/Abnormal_Sperm/Abnormal_Sperm (844).bmp,4,test
smids/Abnormal_Sperm/Abnormal_Sperm (846).bmp,4,test
smids/Abnormal_Sperm/Abnormal_Sperm (849).bmp,4,test
smids/Abnormal_Sperm/Abnormal_Sperm (850).bmp,4,test
smids/Abnormal_Sperm/Abnormal_Sperm (853).bmp,4,test
smids/Abnormal_Sperm/Abnormal_Sperm (854).bmp,4,test
smids/Abnormal_Sperm/Abnormal_Sperm (860).bmp,4,test
smids/Abnormal_Sperm/Abnormal_Sperm (864).bmp,4,test
smids/Abnormal_Sperm/Abnormal_Sperm (868).bmp,4,test
smids/Abnormal_Sperm/Abnormal_Sperm (873).bmp,4,test
smids/Abnormal_Sperm/Abnormal_Sperm (884).bmp,4,test
smids/Abnormal_Sperm/Abnormal_Sperm (888).bmp,4,test
smids/Abnormal_Sperm/Abnormal_Sperm (900).bmp,4,test
smids/Abnormal_Sperm/Abnormal_Sperm (902).bmp,4,test
smids/Abnormal_Sperm/Abnormal_Sperm (904).bmp,4,test
smids/Abnormal_Sperm/Abnormal_Sperm (906).bmp,4,test
smids/Abnormal_Sperm/Abnormal_Sperm (908).bmp,4,test
smids/Abnormal_Sperm/Abnormal_Sperm (909).bmp,4,test
smids/Abnormal_Sperm/Abnormal_Sperm (921).bmp,4,test
smids/Abnormal_Sperm/Abnormal_Sperm (924).bmp,4,test
smids/Abnormal_Sperm/Abnormal_Sperm (925).bmp,4,test
smids/Abnormal_Sperm/Abnormal_Sperm (94).bmp,4,test
smids/Abnormal_Sperm/Abnormal_Sperm (948).bmp,4,test
smids/Abnormal_Sperm/Abnormal_Sperm (951).bmp,4,test
smids/Abnormal_Sperm/Abnormal_Sperm (952).bmp,4,test
smids/Abnormal_Sperm/Abnormal_Sperm (957).bmp,4,test
smids/Abnormal_Sperm/Abnormal_Sperm (96).bmp,4,test
smids/Abnormal_Sperm/Abnormal_Sperm (965).bmp,4,test
smids/Abnormal_Sperm/Abnormal_Sperm (971).bmp,4,test
smids/Abnormal_Sperm/Abnormal_Sperm (975).bmp,4,test
smids/Abnormal_Sperm/Abnormal_Sperm (977).bmp,4,test
smids/Abnormal_Sperm/Abnormal_Sperm (979).bmp,4,test
smids/Abnormal_Sperm/Abnormal_Sperm (98).bmp,4,test
smids/Abnormal_Sperm/Abnormal_Sperm (983).bmp,4,test
smids/Abnormal_Sperm/Abnormal_Sperm (991).bmp,4,test
smids/Abnormal_Sperm/Abnormal_Sperm (994).bmp,4,test
smids/Non-Sperm/Non-Sperm (100).bmp,4,test
smids/Non-Sperm/Non-Sperm (108).bmp,4,test
smids/Non-Sperm/Non-Sperm (127).bmp,4,test
smids/Non-Sperm/Non-Sperm (139).bmp,4,test
smids/Non-Sperm/Non-Sperm (143).bmp,4,test
smids/Non-Sperm/Non-Sperm (146).bmp,4,test
smids/Non-Sperm/Non-Sperm (147).bmp,4,test
smids/Non-Sperm/Non-Sperm (152).bmp,4,test
smids/Non-Sperm/Non-Sperm (154).bmp,4,test
smids/Non-Sperm/Non-Sperm (163).bmp,4,test
smids/Non-Sperm/Non-Sperm (168).bmp,4,test
smids/Non-Sperm/Non-Sperm (179).bmp,4,test
smids/Non-Sperm/Non-Sperm (180).bmp,4,test
smids/Non-Sperm/Non-Sperm (182).bmp,4,test
smids/Non-Sperm/Non-Sperm (186).bmp,4,test
smids/Non-Sperm/Non-Sperm (187).bmp,4,test
smids/Non-Sperm/Non-Sperm (188).bmp,4,test
smids/Non-Sperm/Non-Sperm (192).bmp,4,test
smids/Non-Sperm/Non-Sperm (2).bmp,4,test
smids/Non-Sperm/Non-Sperm (204).bmp,4,test
smids/Non-Sperm/Non-Sperm (206).bmp,4,test
smids/Non-Sperm/Non-Sperm (212).bmp,4,test
smids/Non-Sperm/Non-Sperm (213).bmp,4,test
smids/Non-Sperm/Non-Sperm (216).bmp,4,test
smids/Non-Sperm/Non-Sperm (221).bmp,4,test
smids/Non-Sperm/Non-Sperm (223).bmp,4,test
smids/Non-Sperm/Non-Sperm (232).bmp,4,test
smids/Non-Sperm/Non-Sperm (236).bmp,4,test
smids/Non-Sperm/Non-Sperm (248).bmp,4,test
smids/Non-Sperm/Non-Sperm (25).bmp,4,test
smids/Non-Sperm/Non-Sperm (256).bmp,4,test
smids/Non-Sperm/Non-Sperm (257).bmp,4,test
smids/Non-Sperm/Non-Sperm (261).bmp,4,test
smids/Non-Sperm/Non-Sperm (263).bmp,4,test
smids/Non-Sperm/Non-Sperm (264).bmp,4,test
smids/Non-Sperm/Non-Sperm (265).bmp,4,test
smids/Non-Sperm/Non-Sperm (270).bmp,4,test
smids/Non-Sperm/Non-Sperm (271).bmp,4,test
smids/Non-Sperm/Non-Sperm (274).bmp,4,test
smids/Non-Sperm/Non-Sperm (276).bmp,4,test
smids/Non-Sperm/Non-Sperm (278).bmp,4,test
smids/Non-Sperm/Non-Sperm (280).bmp,4,test
smids/Non-Sperm/Non-Sperm (284).bmp,4,test
smids/Non-Sperm/Non-Sperm (29).bmp,4,test
smids/Non-Sperm/Non-Sperm (297).bmp,4,test
smids/Non-Sperm/Non-Sperm (303).bmp,4,test
smids/Non-Sperm/Non-Sperm (312).bmp,4,test
smids/Non-Sperm/Non-Sperm (322).bmp,4,test
smids/Non-Sperm/Non-Sperm (335).bmp,4,test
smids/Non-Sperm/Non-Sperm (336).bmp,4,test
smids/Non-Sperm/Non-Sperm (341).bmp,4,test
smids/Non-Sperm/Non-Sperm (346).bmp,4,test
smids/Non-Sperm/Non-Sperm (354).bmp,4,test
smids/Non-Sperm/Non-Sperm (356).bmp,4,test
smids/Non-Sperm/Non-Sperm (358).bmp,4,test
smids/Non-Sperm/Non-Sperm (359).bmp,4,test
smids/Non-Sperm/Non-Sperm (360).bmp,4,test
smids/Non-Sperm/Non-Sperm (368).bmp,4,test
smids/Non-Sperm/Non-Sperm (372).bmp,4,test
smids/Non-Sperm/Non-Sperm (376).bmp,4,test
smids/Non-Sperm/Non-Sperm (379).bmp,4,test
smids/Non-Sperm/Non-Sperm (394).bmp,4,test
smids/Non-Sperm/Non-Sperm (396).bmp,4,test
smids/Non-Sperm/Non-Sperm (397).bmp,4,test
smids/Non-Sperm/Non-Sperm (398).bmp,4,test
smids/Non-Sperm/Non-Sperm (399).bmp,4,test
smids/Non-Sperm/Non-Sperm (401).bmp,4,test
smids/Non-Sperm/Non-Sperm (403).bmp,4,test
smids/Non-Sperm/Non-Sperm (404).bmp,4,test
smids/Non-Sperm/Non-Sperm (406).bmp,4,test
smids/Non-Sperm/Non-Sperm (407).bmp,4,test
smids/Non-Sperm/Non-Sperm (412).bmp,4,test
smids/Non-Sperm/Non-Sperm (413).bmp,4,test
smids/Non-Sperm/Non-Sperm (418).bmp,4,test
smids/Non-Sperm/Non-Sperm (419).bmp,4,test
smids/Non-Sperm/Non-Sperm (422).bmp,4,test
smids/Non-Sperm/Non-Sperm (423).bmp,4,test
smids/Non-Sperm/Non-Sperm (426).bmp,4,test
smids/Non-Sperm/Non-Sperm (429).bmp,4,test
smids/Non-Sperm/Non-Sperm (43).bmp,4,test
smids/Non-Sperm/Non-Sperm (430).bmp,4,test
smids/Non-Sperm/Non-Sperm (434).bmp,4,test
smids/Non-Sperm/Non-Sperm (439).bmp,4,test
smids/Non-Sperm/Non-Sperm (440).bmp,4,test
smids/Non-Sperm/Non-Sperm (447).bmp,4,test
smids/Non-Sperm/Non-Sperm (450).bmp,4,test
smids/Non-Sperm/Non-Sperm (458).bmp,4,test
smids/Non-Sperm/Non-Sperm (463).bmp,4,test
smids/Non-Sperm/Non-Sperm (476).bmp,4,test
smids/Non-Sperm/Non-Sperm (48).bmp,4,test
smids/Non-Sperm/Non-Sperm (482).bmp,4,test
smids/Non-Sperm/Non-Sperm (483).bmp,4,test
smids/Non-Sperm/Non-Sperm (491).bmp,4,test
smids/Non-Sperm/Non-Sperm (493).bmp,4,test
smids/Non-Sperm/Non-Sperm (497).bmp,4,test
smids/Non-Sperm/Non-Sperm (504).bmp,4,test
smids/Non-Sperm/Non-Sperm (51).bmp,4,test
smids/Non-Sperm/Non-Sperm (510).bmp,4,test
smids/Non-Sperm/Non-Sperm (512).bmp,4,test
smids/Non-Sperm/Non-Sperm (515).bmp,4,test
smids/Non-Sperm/Non-Sperm (516).bmp,4,test
smids/Non-Sperm/Non-Sperm (517).bmp,4,test
smids/Non-Sperm/Non-Sperm (518).bmp,4,test
smids/Non-Sperm/Non-Sperm (522).bmp,4,test
smids/Non-Sperm/Non-Sperm (527).bmp,4,test
smids/Non-Sperm/Non-Sperm (528).bmp,4,test
smids/Non-Sperm/Non-Sperm (53).bmp,4,test
smids/Non-Sperm/Non-Sperm (544).bmp,4,test
smids/Non-Sperm/Non-Sperm (546).bmp,4,test
smids/Non-Sperm/Non-Sperm (564).bmp,4,test
smids/Non-Sperm/Non-Sperm (57).bmp,4,test
smids/Non-Sperm/Non-Sperm (572).bmp,4,test
smids/Non-Sperm/Non-Sperm (582).bmp,4,test
smids/Non-Sperm/Non-Sperm (583).bmp,4,test
smids/Non-Sperm/Non-Sperm (585).bmp,4,test
smids/Non-Sperm/Non-Sperm (59).bmp,4,test
smids/Non-Sperm/Non-Sperm (593).bmp,4,test
smids/Non-Sperm/Non-Sperm (594).bmp,4,test
smids/Non-Sperm/Non-Sperm (60).bmp,4,test
smids/Non-Sperm/Non-Sperm (605).bmp,4,test
smids/Non-Sperm/Non-Sperm (608).bmp,4,test
smids/Non-Sperm/Non-Sperm (609).bmp,4,test
smids/Non-Sperm/Non-Sperm (618).bmp,4,test
smids/Non-Sperm/Non-Sperm (622).bmp,4,test
smids/Non-Sperm/Non-Sperm (623).bmp,4,test
smids/Non-Sperm/Non-Sperm (628).bmp,4,test
smids/Non-Sperm/Non-Sperm (629).bmp,4,test
smids/Non-Sperm/Non-Sperm (630).bmp,4,test
smids/Non-Sperm/Non-Sperm (633).bmp,4,test
smids/Non-Sperm/Non-Sperm (643).bmp,4,test
smids/Non-Sperm/Non-Sperm (646).bmp,4,test
smids/Non-Sperm/Non-Sperm (660).bmp,4,test
smids/Non-Sperm/Non-Sperm (670).bmp,4,test
smids/Non-Sperm/Non-Sperm (672).bmp,4,test
smids/Non-Sperm/Non-Sperm (674).bmp,4,test
smids/Non-Sperm/Non-Sperm (681).bmp,4,test
smids/Non-Sperm/Non-Sperm (683).bmp,4,test
smids/Non-Sperm/Non-Sperm (687).bmp,4,test
smids/Non-Sperm/Non-Sperm (703).bmp,4,test
smids/Non-Sperm/Non-Sperm (707).bmp,4,test
smids/Non-Sperm/Non-Sperm (71).bmp,4,test
smids/Non-Sperm/Non-Sperm (72).bmp,4,test
smids/Non-Sperm/Non-Sperm (726).bmp,4,test
smids/Non-Sperm/Non-Sperm (728).bmp,4,test
smids/Non-Sperm/Non-Sperm (730).bmp,4,test
smids/Non-Sperm/Non-Sperm (737).bmp,4,test
smids/Non-Sperm/Non-Sperm (739).bmp,4,test
smids/Non-Sperm/Non-Sperm (741).bmp,4,test
smids/Non-Sperm/Non-Sperm (753).bmp,4,test
smids/Non-Sperm/Non-Sperm (763).bmp,4,test
smids/Non-Sperm/Non-Sperm (765).bmp,4,test
smids/Non-Sperm/Non-Sperm (768).bmp,4,test
smids/Non-Sperm/Non-Sperm (776).bmp,4,test
smids/Non-Sperm/Non-Sperm (777).bmp,4,test
smids/Non-Sperm/Non-Sperm (782).bmp,4,test
smids/Non-Sperm/Non-Sperm (785).bmp,4,test
smids/Non-Sperm/Non-Sperm (786).bmp,4,test
smids/Non-Sperm/Non-Sperm (793).bmp,4,test
smids/Non-Sperm/Non-Sperm (797).bmp,4,test
smids/Non-Sperm/Non-Sperm (800).bmp,4,test
smids/Non-Sperm/Non-Sperm (801).bmp,4,test
smids/Non-Sperm/Non-Sperm (805).bmp,4,test
smids/Non-Sperm/Non-Sperm (818).bmp,4,test
smids/Non-Sperm/Non-Sperm (82).bmp,4,test
smids/Non-Sperm/Non-Sperm (820).bmp,4,test
smids/Non-Sperm/Non-Sperm (83).bmp,4,test
smids/Non-Sperm/Non-Sperm (833).bmp,4,test
smids/Non-Sperm/Non-Sperm (835).bmp,4,test
smids/Non-Sperm/Non-Sperm (846).bmp,4,test
smids/Non-Sperm/Non-Sperm (851).bmp,4,test
smids/Non-Sperm/Non-Sperm (853).bmp,4,test
smids/Non-Sperm/Non-Sperm (854).bmp,4,test
smids/Non-Sperm/Non-Sperm (864).bmp,4,test
smids/Non-Sperm/Non-Sperm (867).bmp,4,test
smids/Non-Sperm/Non-Sperm (87).bmp,4,test
smids/Non-Sperm/Non-Sperm (873).bmp,4,test
smids/Non-Sperm/Non-Sperm (892).bmp,4,test
smids/Non-Sperm/Non-Sperm (893).bmp,4,test
smids/Non-Sperm/Non-Sperm (897).bmp,4,test
smids/Non-Sperm/Non-Sperm (9).bmp,4,test
smids/Non-Sperm/Non-Sperm (90).bmp,4,test
smids/Non-Sperm/Non-Sperm (901).bmp,4,test
smids/Non-Sperm/Non-Sperm (907).bmp,4,test
smids/Non-Sperm/Non-Sperm (909).bmp,4,test
smids/Non-Sperm/Non-Sperm (913).bmp,4,test
smids/Non-Sperm/Non-Sperm (92).bmp,4,test
smids/Non-Sperm/Non-Sperm (921).bmp,4,test
smids/Non-Sperm/Non-Sperm (933).bmp,4,test
smids/Non-Sperm/Non-Sperm (942).bmp,4,test
smids/Non-Sperm/Non-Sperm (956).bmp,4,test
smids/Non-Sperm/Non-Sperm (959).bmp,4,test
smids/Non-Sperm/Non-Sperm (963).bmp,4,test
smids/Non-Sperm/Non-Sperm (964).bmp,4,test
smids/Non-Sperm/Non-Sperm (965).bmp,4,test
smids/Non-Sperm/Non-Sperm (972).bmp,4,test
smids/Normal_Sperm/Normal_Sperm (1).bmp,4,test
smids/Normal_Sperm/Normal_Sperm (1000).bmp,4,test
smids/Normal_Sperm/Normal_Sperm (1008).bmp,4,test
smids/Normal_Sperm/Normal_Sperm (1014).bmp,4,test
smids/Normal_Sperm/Normal_Sperm (1019).bmp,4,test
smids/Normal_Sperm/Normal_Sperm (102).bmp,4,test
smids/Normal_Sperm/Normal_Sperm (105).bmp,4,test
smids/Normal_Sperm/Normal_Sperm (116).bmp,4,test
smids/Normal_Sperm/Normal_Sperm (120).bmp,4,test
smids/Normal_Sperm/Normal_Sperm (123).bmp,4,test
smids/Normal_Sperm/Normal_Sperm (134).bmp,4,test
smids/Normal_Sperm/Normal_Sperm (144).bmp,4,test
smids/Normal_Sperm/Normal_Sperm (146).bmp,4,test
smids/Normal_Sperm/Normal_Sperm (148).bmp,4,test
smids/Normal_Sperm/Normal_Sperm (15).bmp,4,test
smids/Normal_Sperm/Normal_Sperm (150).bmp,4,test
smids/Normal_Sperm/Normal_Sperm (152).bmp,4,test
smids/Normal_Sperm/Normal_Sperm (173).bmp,4,test
smids/Normal_Sperm/Normal_Sperm (184).bmp,4,test
smids/Normal_Sperm/Normal_Sperm (186).bmp,4,test
smids/Normal_Sperm/Normal_Sperm (187).bmp,4,test
smids/Normal_Sperm/Normal_Sperm (191).bmp,4,test
smids/Normal_Sperm/Normal_Sperm (192).bmp,4,test
smids/Normal_Sperm/Normal_Sperm (198).bmp,4,test
smids/Normal_Sperm/Normal_Sperm (199).bmp,4,test
smids/Normal_Sperm/Normal_Sperm (202).bmp,4,test
smids/Normal_Sperm/Normal_Sperm (206).bmp,4,test
smids/Normal_Sperm/Normal_Sperm (218).bmp,4,test
smids/Normal_Sperm/Normal_Sperm (225).bmp,4,test
smids/Normal_Sperm/Normal_Sperm (231).bmp,4,test
smids/Normal_Sperm/Normal_Sperm (234).bmp,4,test
smids/Normal_Sperm/Normal_Sperm (235).bmp,4,test
smids/Normal_Sperm/Normal_Sperm (240).bmp,4,test
smids/Normal_Sperm/Normal_Sperm (242).bmp,4,test
smids/Normal_Sperm/Normal_Sperm (244).bmp,4,test
smids/Normal_Sperm/Normal_Sperm (250).bmp,4,test
smids/Normal_Sperm/Normal_Sperm (257).bmp,4,test
smids/Normal_Sperm/Normal_Sperm (259).bmp,4,test
smids/Normal_Sperm/Normal_Sperm (26).bmp,4,test
smids/Normal_Sperm/Normal_Sperm (260).bmp,4,test
smids/Normal_Sperm/Normal_Sperm (262).bmp,4,test
smids/Normal_Sperm/Normal_Sperm (270).bmp,4,test
smids/Normal_Sperm/Normal_Sperm (271).bmp,4,test
smids/Normal_Sperm/Normal_Sperm (272).bmp,4,test
smids/Normal_Sperm/Normal_Sperm (273).bmp,4,test
smids/Normal_Sperm/Normal_Sperm (281).bmp,4,test
smids/Normal_Sperm/Normal_Sperm (282).bmp,4,test
smids/Normal_Sperm/Normal_Sperm (284).bmp,4,test
smids/Normal_Sperm/Normal_Sperm (289).bmp,4,test
smids/Normal_Sperm/Normal_Sperm (299).bmp,4,test
smids/Normal_Sperm/Normal_Sperm (300).bmp,4,test
smids/Normal_Sperm/Normal_Sperm (307).bmp,4,test
smids/Normal_Sperm/Normal_Sperm (308).bmp,4,test
smids/Normal_Sperm/Normal_Sperm (313).bmp,4,test
smids/Normal_Sperm/Normal_Sperm (319).bmp,4,test
smids/Normal_Sperm/Normal_Sperm (331).bmp,4,test
smids/Normal_Sperm/Normal_Sperm (337).bmp,4,test
smids/Normal_Sperm/Normal_Sperm (339).bmp,4,test
smids/Normal_Sperm/Normal_Sperm (35).bmp,4,test
smids/Normal_Sperm/Normal_Sperm (350).bmp,4,test
smids/Normal_Sperm/Normal_Sperm (353).bmp,4,test
smids/Normal_Sperm/Normal_Sperm (356).bmp,4,test
smids/Normal_Sperm/Normal_Sperm (357).bmp,4,test
smids/Normal_Sperm/Normal_Sperm (359).bmp,4,test
smids/Normal_Sperm/Normal_Sperm (364).bmp,4,test
smids/Normal_Sperm/Normal_Sperm (368).bmp,4,test
smids/Normal_Sperm/Normal_Sperm (372).bmp,4,test
smids/Normal_Sperm/Normal_Sperm (373).bmp,4,test
smids/Normal_Sperm/Normal_Sperm (375).bmp,4,test
smids/Normal_Sperm/Normal_Sperm (377).bmp,4,test
smids/Normal_Sperm/Normal_Sperm (382).bmp,4,test
smids/Normal_Sperm/Normal_Sperm (383).bmp,4,test
smids/Normal_Sperm/Normal_Sperm (389).bmp,4,test
smids/Normal_Sperm/Normal_Sperm (391).bmp,4,test
smids/Normal_Sperm/Normal_Sperm (394).bmp,4,test
smids/Normal_Sperm/Normal_Sperm (396).bmp,4,test
smids/Normal_Sperm/Normal_Sperm (399).bmp,4,test
smids/Normal_Sperm/Normal_Sperm (404).bmp,4,test
smids/Normal_Sperm/Normal_Sperm (407).bmp,4,test
smids/Normal_Sperm/Normal_Sperm (409).bmp,4,test
smids/Normal_Sperm/Normal_Sperm (41).bmp,4,test
smids/Normal_Sperm/Normal_Sperm (410).bmp,4,test
smids/Normal_Sperm/Normal_Sperm (418).bmp,4,test
smids/Normal_Sperm/Normal_Sperm (425).bmp,4,test
smids/Normal_Sperm/Normal_Sperm (433).bmp,4,test
smids/Normal_Sperm/Normal_Sperm (45).bmp,4,test
smids/Normal_Sperm/Normal_Sperm (452).bmp,4,test
smids/Normal_Sperm/Normal_Sperm (456).bmp,4,test
smids/Normal_Sperm/Normal_Sperm (458).bmp,4,test
smids/Normal_Sperm/Normal_Sperm (46).bmp,4,test
smids/Normal_Sperm/Normal_Sperm (469).bmp,4,test
smids/Normal_Sperm/Normal_Sperm (474).bmp,4,test
smids/Normal_Sperm/Normal_Sperm (495).bmp,4,test
smids/Normal_Sperm/Normal_Sperm (498).bmp,4,test
smids/Normal_Sperm/Normal_Sperm (50).bmp,4,test
smids/Normal_Sperm/Normal_Sperm (502).bmp,4,test
smids/Normal_Sperm/Normal_Sperm (503).bmp,4,test
smids/Normal_Sperm/Normal_Sperm (513).bmp,4,test
smids/Normal_Sperm/Normal_Sperm (52).bmp,4,test
smids/Normal_Sperm/Normal_Sperm (534).bmp,4,test
smids/Normal_Sperm/Normal_Sperm (536).bmp,4,test
smids/Normal_Sperm/Normal_Sperm (539).bmp,4,test
smids/Normal_Sperm/Normal_Sperm (543).bmp,4,test
smids/Normal_Sperm/Normal_Sperm (552).bmp,4,test
smids/Normal_Sperm/Normal_Sperm (556).bmp,4,test
smids/Normal_Sperm/Normal_Sperm (56).bmp,4,test
smids/Normal_Sperm/Normal_Sperm (566).bmp,4,test
smids/Normal_Sperm/Normal_Sperm (567).bmp,4,test
smids/Normal_Sperm/Normal_Sperm (57).bmp,4,test
smids/Normal_Sperm/Normal_Sperm (583).bmp,4,test
smids/Normal_Sperm/Normal_Sperm (587).bmp,4,test
smids/Normal_Sperm/Normal_Sperm (590).bmp,4,test
smids/Normal_Sperm/Normal_Sperm (592).bmp,4,test
smids/Normal_Sperm/Normal_Sperm (595).bmp,4,test
smids/Normal_Sperm/Normal_Sperm (599).bmp,4,test
smids/Normal_Sperm/Normal_Sperm (601).bmp,4,test
smids/Normal_Sperm/Normal_Sperm (607).bmp,4,test
smids/Normal_Sperm/Normal_Sperm (610).bmp,4,test
smids/Normal_Sperm/Normal_Sperm (611).bmp,4,test
smids/Normal_Sperm/Normal_Sperm (62).bmp,4,test
smids/Normal_Sperm/Normal_Sperm (620).bmp,4,test
smids/Normal_Sperm/Normal_Sperm (621).bmp,4,test
smids/Normal_Sperm/Normal_Sperm (629).bmp,4,test
smids/Normal_Sperm/Normal_Sperm (63).bmp,4,test
smids/Normal_Sperm/Normal_Sperm (631).bmp,4,test
smids/Normal_Sperm/Normal_Sperm (641).bmp,4,test
smids/Normal_Sperm/Normal_Sperm (646).bmp,4,test
smids/Normal_Sperm/Normal_Sperm (661).bmp,4,test
smids/Normal_Sperm/Normal_Sperm (664).bmp,4,test
smids/Normal_Sperm/Normal_Sperm (669).bmp,4,test
smids/Normal_Sperm/Normal_Sperm (67).bmp,4,test
smids/Normal_Sperm/Normal_Sperm (674).bmp,4,test
smids/Normal_Sperm/Normal_Sperm (682).bmp,4,test
smids/Normal_Sperm/Normal_Sperm (687).bmp,4,test
smids/Normal_Sperm/Normal_Sperm (695).bmp,4,test
smids/Normal_Sperm/Normal_Sperm (70).bmp,4,test
smids/Normal_Sperm/Normal_Sperm (703).bmp,4,test
smids/Normal_Sperm/Normal_Sperm (711).bmp,4,test
smids/Normal_Sperm/Normal_Sperm (712).bmp,4,test
smids/Normal_Sperm/Normal_Sperm (716).bmp,4,test
smids/Normal_Sperm/Normal_Sperm (719).bmp,4,test
smids/Normal_Sperm/Normal_Sperm (726).bmp,4,test
smids/Normal_Sperm/Normal_Sperm (727).bmp,4,test
smids/Normal_Sperm/Normal_Sperm (729).bmp,4,test
smids/Normal_Sperm/Normal_Sperm (733).bmp,4,test
smids/Normal_Sperm/Normal_Sperm (740).bmp,4,test
smids/Normal_Sperm/Normal_Sperm (742).bmp,4,test
smids/Normal_Sperm/Normal_Sperm (746).bmp,4,test
smids/Normal_Sperm/Normal_Sperm (747).bmp,4,test
smids/Normal_Sperm/Normal_Sperm (750).bmp,4,test
smids/Normal_Sperm/Normal_Sperm (751).bmp,4,test
smids/Normal_Sperm/Normal_Sperm (755).bmp,4,test
smids/Normal_Sperm/Normal_Sperm (757).bmp,4,test
smids/Normal_Sperm/Normal_Sperm (761).bmp,4,test
smids/Normal_Sperm/Normal_Sperm (767).bmp,4,test
smids/Normal_Sperm/Normal_Sperm (773).bmp,4,test
smids/Normal_Sperm/Normal_Sperm (778).bmp,4,test
smids/Normal_Sperm/Normal_Sperm (786).bmp,4,test
smids/Normal_Sperm/Normal_Sperm (789).bmp,4,test
smids/Normal_Sperm/Normal_Sperm (792).bmp,4,test
smids/Normal_Sperm/Normal_Sperm (798).bmp,4,test
smids/Normal_Sperm/Normal_Sperm (802).bmp,4,test
smids/Normal_Sperm/Normal_Sperm (805).bmp,4,test
smids/Normal_Sperm/Normal_Sperm (810).bmp,4,test
smids/Normal_Sperm/Normal_Sperm (812).bmp,4,test
smids/Normal_Sperm/Normal_Sperm (818).bmp,4,test
smids/Normal_Sperm/Normal_Sperm (826).bmp,4,test
smids/Normal_Sperm/Normal_Sperm (828).bmp,4,test
smids/Normal_Sperm/Normal_Sperm (842).bmp,4,test
smids/Normal_Sperm/Normal_Sperm (843).bmp,4,test
smids/Normal_Sperm/Normal_Sperm (852).bmp,4,test
smids/Normal_Sperm/Normal_Sperm (855).bmp,4,test
smids/Normal_Sperm/Normal_Sperm (86).bmp,4,test
smids/Normal_Sperm/Normal_Sperm (862).bmp,4,test
smids/Normal_Sperm/Normal_Sperm (867).bmp,4,test
smids/Normal_Sperm/Normal_Sperm (868).bmp,4,test
smids/Normal_Sperm/Normal_Sperm (887).bmp,4,test
smids/Normal_Sperm/Normal_Sperm (888).bmp,4,test
smids/Normal_Sperm/Normal_Sperm (89).bmp,4,test
smids/Normal_Sperm/Normal_Sperm (898).bmp,4,test
smids/Normal_Sperm/Normal_Sperm (901).bmp,4,test
smids/Normal_Sperm/Normal_Sperm (908).bmp,4,test
smids/Normal_Sperm/Normal_Sperm (915).bmp,4,test
smids/Normal_Sperm/Normal_Sperm (920).bmp,4,test
smids/Normal_Sperm/Normal_Sperm (921).bmp,4,test
smids/Normal_Sperm/Normal_Sperm (927).bmp,4,test
smids/Normal_Sperm/Normal_Sperm (937).bmp,4,test
smids/Normal_Sperm/Normal_Sperm (938).bmp,4,test
smids/Normal_Sperm/Normal_Sperm (94).bmp,4,test
smids/Normal_Sperm/Normal_Sperm (945).bmp,4,test
smids/Normal_Sperm/Normal_Sperm (95).bmp,4,test
smids/Normal_Sperm/Normal_Sperm (951).bmp,4,test
smids/Normal_Sperm/Normal_Sperm (96).bmp,4,test
smids/Normal_Sperm/Normal_Sperm (961).bmp,4,test
smids/Normal_Sperm/Normal_Sperm (968).bmp,4,test
smids/Normal_Sperm/Normal_Sperm (97).bmp,4,test
smids/Normal_Sperm/Normal_Sperm (983).bmp,4,test
smids/Normal_Sperm/Normal_Sperm (984).bmp,4,test
smids/Normal_Sperm/Normal_Sperm (990).bmp,4,test
smids/Normal_Sperm/Normal_Sperm (993).bmp,4,test
smids/Abnormal_Sperm/Abnormal_Sperm (1).bmp,4,train
smids/Abnormal_Sperm/Abnormal_Sperm (10).bmp,4,train
smids/Abnormal_Sperm/Abnormal_Sperm (100).bmp,4,train
smids/Abnormal_Sperm/Abnormal_Sperm (1000).bmp,4,train
smids/Abnormal_Sperm/Abnormal_Sperm (1001).bmp,4,train
smids/Abnormal_Sperm/Abnormal_Sperm (1003).bmp,4,train
smids/Abnormal_Sperm/Abnormal_Sperm (102).bmp,4,train
smids/Abnormal_Sperm/Abnormal_Sperm (103).bmp,4,train
smids/Abnormal_Sperm/Abnormal_Sperm (104).bmp,4,train
smids/Abnormal_Sperm/Abnormal_Sperm (107).bmp,4,train
smids/Abnormal_Sperm/Abnormal_Sperm (108).bmp,4,train
smids/Abnormal_Sperm/Abnormal_Sperm (109).bmp,4,train
smids/Abnormal_Sperm/Abnormal_Sperm (110).bmp,4,train
smids/Abnormal_Sperm/Abnormal_Sperm (111).bmp,4,train
smids/Abnormal_Sperm/Abnormal_Sperm (112).bmp,4,train
smids/Abnormal_Sperm/Abnormal_Sperm (12).bmp,4,train
smids/Abnormal_Sperm/Abnormal_Sperm (124).bmp,4,train
smids/Abnormal_Sperm/Abnormal_Sperm (126).bmp,4,train
smids/Abnormal_Sperm/Abnormal_Sperm (127).bmp,4,train
smids/Abnormal_Sperm/Abnormal_Sperm (129).bmp,4,train
smids/Abnormal_Sperm/Abnormal_Sperm (130).bmp,4,train
smids/Abnormal_Sperm/Abnormal_Sperm (132).bmp,4,train
smids/Abnormal_Sperm/Abnormal_Sperm (133).bmp,4,train
smids/Abnormal_Sperm/Abnormal_Sperm (136).bmp,4,train
smids/Abnormal_Sperm/Abnormal_Sperm (137).bmp,4,train
smids/Abnormal_Sperm/Abnormal_Sperm (139).bmp,4,train
smids/Abnormal_Sperm/Abnormal_Sperm (14).bmp,4,train
smids/Abnormal_Sperm/Abnormal_Sperm (141).bmp,4,train
smids/Abnormal_Sperm/Abnormal_Sperm (143).bmp,4,train
smids/Abnormal_Sperm/Abnormal_Sperm (145).bmp,4,train
smids/Abnormal_Sperm/Abnormal_Sperm (15).bmp,4,train
smids/Abnormal_Sperm/Abnormal_Sperm (151).bmp,4,train
smids/Abnormal_Sperm/Abnormal_Sperm (152).bmp,4,train
smids/Abnormal_Sperm/Abnormal_Sperm (153).bmp,4,train
smids/Abnormal_Sperm/Abnormal_Sperm (157).bmp,4,train
smids/Abnormal_Sperm/Abnormal_Sperm (158).bmp,4,train
smids/Abnormal_Sperm/Abnormal_Sperm (16).bmp,4,train
smids/Abnormal_Sperm/Abnormal_Sperm (160).bmp,4,train
smids/Abnormal_Sperm/Abnormal_Sperm (163).bmp,4,train
smids/Abnormal_Sperm/Abnormal_Sperm (164).bmp,4,train
smids/Abnormal_Sperm/Abnormal_Sperm (165).bmp,4,train
smids/Abnormal_Sperm/Abnormal_Sperm (166).bmp,4,train
smids/Abnormal_Sperm/Abnormal_Sperm (167).bmp,4,train
smids/Abnormal_Sperm/Abnormal_Sperm (168).bmp,4,train
smids/Abnormal_Sperm/Abnormal_Sperm (17).bmp,4,train
smids/Abnormal_Sperm/Abnormal_Sperm (171).bmp,4,train
smids/Abnormal_Sperm/Abnormal_Sperm (172).bmp,4,train
smids/Abnormal_Sperm/Abnormal_Sperm (174).bmp,4,train
smids/Abnormal_Sperm/Abnormal_Sperm (178).bmp,4,train
smids/Abnormal_Sperm/Abnormal_Sperm (18).bmp,4,train
smids/Abnormal_Sperm/Abnormal_Sperm (180).bmp,4,train
smids/Abnormal_Sperm/Abnormal_Sperm (182).bmp,4,train
smids/Abnormal_Sperm/Abnormal_Sperm (184).bmp,4,train
smids/Abnormal_Sperm/Abnormal_Sperm (186).bmp,4,train
smids/Abnormal_Sperm/Abnormal_Sperm (188).bmp,4,train
smids/Abnormal_Sperm/Abnormal_Sperm (189).bmp,4,train
smids/Abnormal_Sperm/Abnormal_Sperm (193).bmp,4,train
smids/Abnormal_Sperm/Abnormal_Sperm (194).bmp,4,train
smids/Abnormal_Sperm/Abnormal_Sperm (195).bmp,4,train
smids/Abnormal_Sperm/Abnormal_Sperm (196).bmp,4,train
smids/Abnormal_Sperm/Abnormal_Sperm (197).bmp,4,train
smids/Abnormal_Sperm/Abnormal_Sperm (198).bmp,4,train
smids/Abnormal_Sperm/Abnormal_Sperm (20).bmp,4,train
smids/Abnormal_Sperm/Abnormal_Sperm (202).bmp,4,train
smids/Abnormal_Sperm/Abnormal_Sperm (209).bmp,4,train
smids/Abnormal_Sperm/Abnormal_Sperm (212).bmp,4,train
smids/Abnormal_Sperm/Abnormal_Sperm (213).bmp,4,train
smids/Abnormal_Sperm/Abnormal_Sperm (214).bmp,4,train
smids/Abnormal_Sperm/Abnormal_Sperm (215).bmp,4,train
smids/Abnormal_Sperm/Abnormal_Sperm (216).bmp,4,train
smids/Abnormal_Sperm/Abnormal_Sperm (219).bmp,4,train
smids/Abnormal_Sperm/Abnormal_Sperm (221).bmp,4,train
smids/Abnormal_Sperm/Abnormal_Sperm (223).bmp,4,train
smids/Abnormal_Sperm/Abnormal_Sperm (229).bmp,4,train
smids/Abnormal_Sperm/Abnormal_Sperm (23).bmp,4,train
smids/Abnormal_Sperm/Abnormal_Sperm (230).bmp,4,train
smids/Abnormal_Sperm/Abnormal_Sperm (232).bmp,4,train
smids/Abnormal_Sperm/Abnormal_Sperm (233).bmp,4,train
smids/Abnormal_Sperm/Abnormal_Sperm (234).bmp,4,train
smids/Abnormal_Sperm/Abnormal_Sperm (235).bmp,4,train
smids/Abnormal_Sperm/Abnormal_Sperm (24).bmp,4,train
smids/Abnormal_Sperm/Abnormal_Sperm (241).bmp,4,train
smids/Abnormal_Sperm/Abnormal_Sperm (245).bmp,4,train
smids/Abnormal_Sperm/Abnormal_Sperm (248).bmp,4,train
smids/Abnormal_Sperm/Abnormal_Sperm (249).bmp,4,train
smids/Abnormal_Sperm/Abnormal_Sperm (25).bmp,4,train
smids/Abnormal_Sperm/Abnormal_Sperm (250).bmp,4,train
smids/Abnormal_Sperm/Abnormal_Sperm (256).bmp,4,train
smids/Abnormal_Sperm/Abnormal_Sperm (257).bmp,4,train
smids/Abnormal_Sperm/Abnormal_Sperm (259).bmp,4,train
smids/Abnormal_Sperm/Abnormal_Sperm (260).bmp,4,train
smids/Abnormal_Sperm/Abnormal_Sperm (265).bmp,4,train
smids/Abnormal_Sperm/Abnormal_Sperm (269).bmp,4,train
smids/Abnormal_Sperm/Abnormal_Sperm (272).bmp,4,train
smids/Abnormal_Sperm/Abnormal_Sperm (273).bmp,4,train
smids/Abnormal_Sperm/Abnormal_Sperm (275).bmp,4,train
smids/Abnormal_Sperm/Abnormal_Sperm (276).bmp,4,train
smids/Abnormal_Sperm/Abnormal_Sperm (277).bmp,4,train
smids/Abnormal_Sperm/Abnormal_Sperm (278).bmp,4,train
smids/Abnormal_Sperm/Abnormal_Sperm (279).bmp,4,train
smids/Abnormal_Sperm/Abnormal_Sperm (280).bmp,4,train
smids/Abnormal_Sperm/Abnormal_Sperm (282).bmp,4,train
smids/Abnormal_Sperm/Abnormal_Sperm (285).bmp,4,train
smids/Abnormal_Sperm/Abnormal_Sperm (288).bmp,4,train
smids/Abnormal_Sperm/Abnormal_Sperm (291).bmp,4,train
smids/Abnormal_Sperm/Abnormal_Sperm (293).bmp,4,train
smids/Abnormal_Sperm/Abnormal_Sperm (296).bmp,4,train
smids/Abnormal_Sperm/Abnormal_Sperm (3).bmp,4,train
smids/Abnormal_Sperm/Abnormal_Sperm (300).bmp,4,train
smids/Abnormal_Sperm/Abnormal_Sperm (301).bmp,4,train
smids/Abnormal_Sperm/Abnormal_Sperm (302).bmp,4,train
smids/Abnormal_Sperm/Abnormal_Sperm (303).bmp,4,train
smids/Abnormal_Sperm/Abnormal_Sperm (304).bmp,4,train
smids/Abnormal_Sperm/Abnormal_Sperm (306).bmp,4,train
smids/Abnormal_Sperm/Abnormal_Sperm (311).bmp,4,train
smids/Abnormal_Sperm/Abnormal_Sperm (316).bmp,4,train
smids/Abnormal_Sperm/Abnormal_Sperm (317).bmp,4,train
smids/Abnormal_Sperm/Abnormal_Sperm (320).bmp,4,train
smids/Abnormal_Sperm/Abnormal_Sperm (321).bmp,4,train
smids/Abnormal_Sperm/Abnormal_Sperm (322).bmp,4,train
smids/Abnormal_Sperm/Abnormal_Sperm (324).bmp,4,train
smids/Abnormal_Sperm/Abnormal_Sperm (328).bmp,4,train
smids/Abnormal_Sperm/Abnormal_Sperm (330).bmp,4,train
smids/Abnormal_Sperm/Abnormal_Sperm (331).bmp,4,train
smids/Abnormal_Sperm/Abnormal_Sperm (332).bmp,4,train
smids/Abnormal_Sperm/Abnormal_Sperm (333).bmp,4,train
smids/Abnormal_Sperm/Abnormal_Sperm (334).bmp,4,train
smids/Abnormal_Sperm/Abnormal_Sperm (336).bmp,4,train
smids/Abnormal_Sperm/Abnormal_Sperm (337).bmp,4,train
smids/Abnormal_Sperm/Abnormal_Sperm (34).bmp,4,train
smids/Abnormal_Sperm/Abnormal_Sperm (340).bmp,4,train
smids/Abnormal_Sperm/Abnormal_Sperm (341).bmp,4,train
smids/Abnormal_Sperm/Abnormal_Sperm (342).bmp,4,train
smids/Abnormal_Sperm/Abnormal_Sperm (344).bmp,4,train
smids/Abnormal_Sperm/Abnormal_Sperm (345).bmp,4,train
smids/Abnormal_Sperm/Abnormal_Sperm (346).bmp,4,train
smids/Abnormal_Sperm/Abnormal_Sperm (349).bmp,4,train
smids/Abnormal_Sperm/Abnormal_Sperm (35).bmp,4,train
smids/Abnormal_Sperm/Abnormal_Sperm (353).bmp,4,train
smids/Abnormal_Sperm/Abnormal_Sperm (354).bmp,4,train
smids/Abnormal_Sperm/Abnormal_Sperm (355).bmp,4,train
smids/Abnormal_Sperm/Abnormal_Sperm (357).bmp,4,train
smids/Abnormal_Sperm/Abnormal_Sperm (359).bmp,4,train
smids/Abnormal_Sperm/Abnormal_Sperm (362).bmp,4,train
smids/Abnormal_Sperm/Abnormal_Sperm (364).bmp,4,train
smids/Abnormal_Sperm/Abnormal_Sperm (365).bmp,4,train
smids/Abnormal_Sperm/Abnormal_Sperm (366).bmp,4,train
smids/Abnormal_Sperm/Abnormal_Sperm (368).bmp,4,train
smids/Abnormal_Sperm/Abnormal_Sperm (369).bmp,4,train
smids/Abnormal_Sperm/Abnormal_Sperm (371).bmp,4,train
smids/Abnormal_Sperm/Abnormal_Sperm (372).bmp,4,train
smids/Abnormal_Sperm/Abnormal_Sperm (375).bmp,4,train
smids/Abnormal_Sperm/Abnormal_Sperm (378).bmp,4,train
smids/Abnormal_Sperm/Abnormal_Sperm (379).bmp,4,train
smids/Abnormal_Sperm/Abnormal_Sperm (380).bmp,4,train
smids/Abnormal_Sperm/Abnormal_Sperm (381).bmp,4,train
smids/Abnormal_Sperm/Abnormal_Sperm (385).bmp,4,train
smids/Abnormal_Sperm/Abnormal_Sperm (387).bmp,4,train
smids/Abnormal_Sperm/Abnormal_Sperm (389).bmp,4,train
smids/Abnormal_Sperm/Abnormal_Sperm (390).bmp,4,train
smids/Abnormal_Sperm/Abnormal_Sperm (391).bmp,4,train
smids/Abnormal_Sperm/Abnormal_Sperm (392).bmp,4,train
smids/Abnormal_Sperm/Abnormal_Sperm (393).bmp,4,train
smids/Abnormal_Sperm/Abnormal_Sperm (395).bmp,4,train
smids/Abnormal_Sperm/Abnormal_Sperm (396).bmp,4,train
smids/Abnormal_Sperm/Abnormal_Sperm (4).bmp,4,train
smids/Abnormal_Sperm/Abnormal_Sperm (402).bmp,4,train
smids/Abnormal_Sperm/Abnormal_Sperm (405).bmp,4,train
smids/Abnormal_Sperm/Abnormal_Sperm (410).bmp,4,train
smids/Abnormal_Sperm/Abnormal_Sperm (412).bmp,4,train
smids/Abnormal_Sperm/Abnormal_Sperm (414).bmp,4,train
smids/Abnormal_Sperm/Abnormal_Sperm (415).bmp,4,train
smids/Abnormal_Sperm/Abnormal_Sperm (420).bmp,4,train
smids/Abnormal_Sperm/Abnormal_Sperm (421).bmp,4,train
smids/Abnormal_Sperm/Abnormal_Sperm (423).bmp,4,train
smids/Abnormal_Sperm/Abnormal_Sperm (424).bmp,4,train
smids/Abnormal_Sperm/Abnormal_Sperm (425).bmp,4,train
smids/Abnormal_Sperm/Abnormal_Sperm (427).bmp,4,train
smids/Abnormal_Sperm/Abnormal_Sperm (428).bmp,4,train
smids/Abnormal_Sperm/Abnormal_Sperm (429).bmp,4,train
smids/Abnormal_Sperm/Abnormal_Sperm (43).bmp,4,train
smids/Abnormal_Sperm/Abnormal_Sperm (430).bmp,4,train
smids/Abnormal_Sperm/Abnormal_Sperm (432).bmp,4,train
smids/Abnormal_Sperm/Abnormal_Sperm (434).bmp,4,train
smids/Abnormal_Sperm/Abnormal_Sperm (436).bmp,4,train
smids/Abnormal_Sperm/Abnormal_Sperm (437).bmp,4,train
smids/Abnormal_Sperm/Abnormal_Sperm (438).bmp,4,train
smids/Abnormal_Sperm/Abnormal_Sperm (442).bmp,4,train
smids/Abnormal_Sperm/Abnormal_Sperm (443).bmp,4,train
smids/Abnormal_Sperm/Abnormal_Sperm (445).bmp,4,train
smids/Abnormal_Sperm/Abnormal_Sperm (446).bmp,4,train
smids/Abnormal_Sperm/Abnormal_Sperm (447).bmp,4,train
smids/Abnormal_Sperm/Abnormal_Sperm (448).bmp,4,train
smids/Abnormal_Sperm/Abnormal_Sperm (449).bmp,4,train
smids/Abnormal_Sperm/Abnormal_Sperm (450).bmp,4,train
smids/Abnormal_Sperm/Abnormal_Sperm (453).bmp,4,train
smids/Abnormal_Sperm/Abnormal_Sperm (454).bmp,4,train
smids/Abnormal_Sperm/Abnormal_Sperm (455).bmp,4,train
smids/Abnormal_Sperm/Abnormal_Sperm (458).bmp,4,train
smids/Abnormal_Sperm/Abnormal_Sperm (459).bmp,4,train
smids/Abnormal_Sperm/Abnormal_Sperm (463).bmp,4,train
smids/Abnormal_Sperm/Abnormal_Sperm (464).bmp,4,train
smids/Abnormal_Sperm/Abnormal_Sperm (468).bmp,4,train
smids/Abnormal_Sperm/Abnormal_Sperm (469).bmp,4,train
smids/Abnormal_Sperm/Abnormal_Sperm (470).bmp,4,train
smids/Abnormal_Sperm/Abnormal_Sperm (472).bmp,4,train
smids/Abnormal_Sperm/Abnormal_Sperm (474).bmp,4,train
smids/Abnormal_Sperm/Abnormal_Sperm (476).bmp,4,train
smids/Abnormal_Sperm/Abnormal_Sperm (477).bmp,4,train
smids/Abnormal_Sperm/Abnormal_Sperm (478).bmp,4,train
smids/Abnormal_Sperm/Abnormal_Sperm (479).bmp,4,train
smids/Abnormal_Sperm/Abnormal_Sperm (48).bmp,4,train
smids/Abnormal_Sperm/Abnormal_Sperm (481).bmp,4,train
smids/Abnormal_Sperm/Abnormal_Sperm (482).bmp,4,train
smids/Abnormal_Sperm/Abnormal_Sperm (483).bmp,4,train
smids/Abnormal_Sperm/Abnormal_Sperm (486).bmp,4,train
smids/Abnormal_Sperm/Abnormal_Sperm (488).bmp,4,train
smids/Abnormal_Sperm/Abnormal_Sperm (490).bmp,4,train
smids/Abnormal_Sperm/Abnormal_Sperm (492).bmp,4,train
smids/Abnormal_Sperm/Abnormal_Sperm (498).bmp,4,train
smids/Abnormal_Sperm/Abnormal_Sperm (499).bmp,4,train
smids/Abnormal_Sperm/Abnormal_Sperm (500).bmp,4,train
smids/Abnormal_Sperm/Abnormal_Sperm (501).bmp,4,train
smids/Abnormal_Sperm/Abnormal_Sperm (502).bmp,4,train
smids/Abnormal_Sperm/Abnormal_Sperm (504).bmp,4,train
smids/Abnormal_Sperm/Abnormal_Sperm (505).bmp,4,train
smids/Abnormal_Sperm/Abnormal_Sperm (508).bmp,4,train
smids/Abnormal_Sperm/Abnormal_Sperm (509).bmp,4,train
smids/Abnormal_Sperm/Abnormal_Sperm (510).bmp,4,train
smids/Abnormal_Sperm/Abnormal_Sperm (511).bmp,4,train
smids/Abnormal_Sperm/Abnormal_Sperm (513).bmp,4,train
smids/Abnormal_Sperm/Abnormal_Sperm (516).bmp,4,train
smids/Abnormal_Sperm/Abnormal_Sperm (518).bmp,4,train
smids/Abnormal_Sperm/Abnormal_Sperm (524).bmp,4,train
smids/Abnormal_Sperm/Abnormal_Sperm (525).bmp,4,train
smids/Abnormal_Sperm/Abnormal_Sperm (526).bmp,4,train
smids/Abnormal_Sperm/Abnormal_Sperm (528).bmp,4,train
smids/Abnormal_Sperm/Abnormal_Sperm (53).bmp,4,train
smids/Abnormal_Sperm/Abnormal_Sperm (532).bmp,4,train
smids/Abnormal_Sperm/Abnormal_Sperm (534).bmp,4,train
smids/Abnormal_Sperm/Abnormal_Sperm (539).bmp,4,train
smids/Abnormal_Sperm/Abnormal_Sperm (541).bmp,4,train
smids/Abnormal_Sperm/Abnormal_Sperm (542).bmp,4,train
smids/Abnormal_Sperm/Abnormal_Sperm (543).bmp,4,train
smids/Abnormal_Sperm/Abnormal_Sperm (545).bmp,4,train
smids/Abnormal_Sperm/Abnormal_Sperm (548).bmp,4,train
smids/Abnormal_Sperm/Abnormal_Sperm (55).bmp,4,train
smids/Abnormal_Sperm/Abnormal_Sperm (551).bmp,4,train
smids/Abnormal_Sperm/Abnormal_Sperm (556).bmp,4,train
smids/Abnormal_Sperm/Abnormal_Sperm (560).bmp,4,train
smids/Abnormal_Sperm/Abnormal_Sperm (561).bmp,4,train
smids/Abnormal_Sperm/Abnormal_Sperm (562).bmp,4,train
smids/Abnormal_Sperm/Abnormal_Sperm (564).bmp,4,train
smids/Abnormal_Sperm/Abnormal_Sperm (565).bmp,4,train
smids/Abnormal_Sperm/Abnormal_Sperm (566).bmp,4,train
smids/Abnormal_Sperm/Abnormal_Sperm (568).bmp,4,train
smids/Abnormal_Sperm/Abnormal_Sperm (570).bmp,4,train
smids/Abnormal_Sperm/Abnormal_Sperm (572).bmp,4,train
smids/Abnormal_Sperm/Abnormal_Sperm (573).bmp,4,train
smids/Abnormal_Sperm/Abnormal_Sperm (574).bmp,4,train
smids/Abnormal_Sperm/Abnormal_Sperm (575).bmp,4,train
smids/Abnormal_Sperm/Abnormal_Sperm (578).bmp,4,train
smids/Abnormal_Sperm/Abnormal_Sperm (585).bmp,4,train
smids/Abnormal_Sperm/Abnormal_Sperm (587).bmp,4,train
smids/Abnormal_Sperm/Abnormal_Sperm (590).bmp,4,train
smids/Abnormal_Sperm/Abnormal_Sperm (591).bmp,4,train
smids/Abnormal_Sperm/Abnormal_Sperm (592).bmp,4,train
smids/Abnormal_Sperm/Abnormal_Sperm (593).bmp,4,train
smids/Abnormal_Sperm/Abnormal_Sperm (595).bmp,4,train
smids/Abnormal_Sperm/Abnormal_Sperm (596).bmp,4,train
smids/Abnormal_Sperm/Abnormal_Sperm (597).bmp,4,train
smids/Abnormal_Sperm/Abnormal_Sperm (60).bmp,4,train
smids/Abnormal_Sperm/Abnormal_Sperm (603).bmp,4,train
smids/Abnormal_Sperm/Abnormal_Sperm (604).bmp,4,train
smids/Abnormal_Sperm/Abnormal_Sperm (605).bmp,4,train
smids/Abnormal_Sperm/Abnormal_Sperm (608).bmp,4,train
smids/Abnormal_Sperm/Abnormal_Sperm (609).bmp,4,train
smids/Abnormal_Sperm/Abnormal_Sperm (610).bmp,4,train
smids/Abnormal_Sperm/Abnormal_Sperm (611).bmp,4,train
smids/Abnormal_Sperm/Abnormal_Sperm (613).bmp,4,train
smids/Abnormal_Sperm/Abnormal_Sperm (615).bmp,4,train
smids/Abnormal_Sperm/Abnormal_Sperm (616).bmp,4,train
smids/Abnormal_Sperm/Abnormal_Sperm (618).bmp,4,train
smids/Abnormal_Sperm/Abnormal_Sperm (619).bmp,4,train
smids/Abnormal_Sperm/Abnormal_Sperm (62).bmp,4,train
smids/Abnormal_Sperm/Abnormal_Sperm (620).bmp,4,train
smids/Abnormal_Sperm/Abnormal_Sperm (621).bmp,4,train
smids/Abnormal_Sperm/Abnormal_Sperm (625).bmp,4,train
smids/Abnormal_Sperm/Abnormal_Sperm (628).bmp,4,train
smids/Abnormal_Sperm/Abnormal_Sperm (629).bmp,4,train
smids/Abnormal_Sperm/Abnormal_Sperm (63).bmp,4,train
smids/Abnormal_Sperm/Abnormal_Sperm (632).bmp,4,train
smids/Abnormal_Sperm/Abnormal_Sperm (633).bmp,4,train
smids/Abnormal_Sperm/Abnormal_Sperm (634).bmp,4,train
smids/Abnormal_Sperm/Abnormal_Sperm (635).bmp,4,train
smids/Abnormal_Sperm/Abnormal_Sperm (636).bmp,4,train
smids/Abnormal_Sperm/Abnormal_Sperm (637).bmp,4,train
smids/Abnormal_Sperm/Abnormal_Sperm (638).bmp,4,train
smids/Abnormal_Sperm/Abnormal_Sperm (639).bmp,4,train
smids/Abnormal_Sperm/Abnormal_Sperm (64).bmp,4,train
smids/Abnormal_Sperm/Abnormal_Sperm (641).bmp,4,train
smids/Abnormal_Sperm/Abnormal_Sperm (642).bmp,4,train
smids/Abnormal_Sperm/Abnormal_Sperm (643).bmp,4,train
smids/Abnormal_Sperm/Abnormal_Sperm (648).bmp,4,train
smids/Abnormal_Sperm/Abnormal_Sperm (653).bmp,4,train
smids/Abnormal_Sperm/Abnormal_Sperm (654).bmp,4,train
smids/Abnormal_Sperm/Abnormal_Sperm (66).bmp,4,train
smids/Abnormal_Sperm/Abnormal_Sperm (661).bmp,4,train
smids/Abnormal_Sperm/Abnormal_Sperm (662).bmp,4,train
smids/Abnormal_Sperm/Abnormal_Sperm (663).bmp,4,train
smids/Abnormal_Sperm/Abnormal_Sperm (664).bmp,4,train
smids/Abnormal_Sperm/Abnormal_Sperm (665).bmp,4,train
smids/Abnormal_Sperm/Abnormal_Sperm (667).bmp,4,train
smids/Abnormal_Sperm/Abnormal_Sperm (67).bmp,4,train
smids/Abnormal_Sperm/Abnormal_Sperm (672).bmp,4,train
smids/Abnormal_Sperm/Abnormal_Sperm (673).bmp,4,train
smids/Abnormal_Sperm/Abnormal_Sperm (674).bmp,4,train
smids/Abnormal_Sperm/Abnormal_Sperm (675).bmp,4,train
smids/Abnormal_Sperm/Abnormal_Sperm (676).bmp,4,train
smids/Abnormal_Sperm/Abnormal_Sperm (678).bmp,4,train
smids/Abnormal_Sperm/Abnormal_Sperm (679).bmp,4,train
smids/Abnormal_Sperm/Abnormal_Sperm (681).bmp,4,train
smids/Abnormal_Sperm/Abnormal_Sperm (683).bmp,4,train
smids/Abnormal_Sperm/Abnormal_Sperm (684).bmp,4,train
smids/Abnormal_Sperm/Abnormal_Sperm (687).bmp,4,train
smids/Abnormal_Sperm/Abnormal_Sperm (689).bmp,4,train
smids/Abnormal_Sperm/Abnormal_Sperm (69).bmp,4,train
smids/Abnormal_Sperm/Abnormal_Sperm (690).bmp,4,train
smids/Abnormal_Sperm/Abnormal_Sperm (695).bmp,4,train
smids/Abnormal_Sperm/Abnormal_Sperm (697).bmp,4,train
smids/Abnormal_Sperm/Abnormal_Sperm (699).bmp,4,train
smids/Abnormal_Sperm/Abnormal_Sperm (700).bmp,4,train
smids/Abnormal_Sperm/Abnormal_Sperm (701).bmp,4,train
smids/Abnormal_Sperm/Abnormal_Sperm (702).bmp,4,train
smids/Abnormal_Sperm/Abnormal_Sperm (704).bmp,4,train
smids/Abnormal_Sperm/Abnormal_Sperm (708).bmp,4,train
smids/Abnormal_Sperm/Abnormal_Sperm (709).bmp,4,train
smids/Abnormal_Sperm/Abnormal_Sperm (71).bmp,4,train
smids/Abnormal_Sperm/Abnormal_Sperm (710).bmp,4,train
smids/Abnormal_Sperm/Abnormal_Sperm (711).bmp,4,train
smids/Abnormal_Sperm/Abnormal_Sperm (713).bmp,4,train
smids/Abnormal_Sperm/Abnormal_Sperm (714).bmp,4,train
smids/Abnormal_Sperm/Abnormal_Sperm (715).bmp,4,train
smids/Abnormal_Sperm/Abnormal_Sperm (717).bmp,4,train
smids/Abnormal_Sperm/Abnormal_Sperm (718).bmp,4,train
smids/Abnormal_Sperm/Abnormal_Sperm (719).bmp,4,train
smids/Abnormal_Sperm/Abnormal_Sperm (72).bmp,4,train
smids/Abnormal_Sperm/Abnormal_Sperm (720).bmp,4,train
smids/Abnormal_Sperm/Abnormal_Sperm (725).bmp,4,train
smids/Abnormal_Sperm/Abnormal_Sperm (728).bmp,4,train
smids/Abnormal_Sperm/Abnormal_Sperm (729).bmp,4,train
smids/Abnormal_Sperm/Abnormal_Sperm (730).bmp,4,train
smids/Abnormal_Sperm/Abnormal_Sperm (731).bmp,4,train
smids/Abnormal_Sperm/Abnormal_Sperm (732).bmp,4,train
smids/Abnormal_Sperm/Abnormal_Sperm (733).bmp,4,train
smids/Abnormal_Sperm/Abnormal_Sperm (736).bmp,4,train
smids/Abnormal_Sperm/Abnormal_Sperm (737).bmp,4,train
smids/Abnormal_Sperm/Abnormal_Sperm (739).bmp,4,train
smids/Abnormal_Sperm/Abnormal_Sperm (744).bmp,4,train
smids/Abnormal_Sperm/Abnormal_Sperm (747).bmp,4,train
smids/Abnormal_Sperm/Abnormal_Sperm (748).bmp,4,train
smids/Abnormal_Sperm/Abnormal_Sperm (75).bmp,4,train
smids/Abnormal_Sperm/Abnormal_Sperm (750).bmp,4,train
smids/Abnormal_Sperm/Abnormal_Sperm (752).bmp,4,train
smids/Abnormal_Sperm/Abnormal_Sperm (753).bmp,4,train
smids/Abnormal_Sperm/Abnormal_Sperm (754).bmp,4,train
smids/Abnormal_Sperm/Abnormal_Sperm (756).bmp,4,train
smids/Abnormal_Sperm/Abnormal_Sperm (758).bmp,4,train
smids/Abnormal_Sperm/Abnormal_Sperm (760).bmp,4,train
smids/Abnormal_Sperm/Abnormal_Sperm (761).bmp,4,train
smids/Abnormal_Sperm/Abnormal_Sperm (763).bmp,4,train
smids/Abnormal_Sperm/Abnormal_Sperm (765).bmp,4,train
smids/Abnormal_Sperm/Abnormal_Sperm (769).bmp,4,train
smids/Abnormal_Sperm/Abnormal_Sperm (77).bmp,4,train
smids/Abnormal_Sperm/Abnormal_Sperm (770).bmp,4,train
smids/Abnormal_Sperm/Abnormal_Sperm (772).bmp,4,train
smids/Abnormal_Sperm/Abnormal_Sperm (773).bmp,4,train
smids/Abnormal_Sperm/Abnormal_Sperm (775).bmp,4,train
smids/Abnormal_Sperm/Abnormal_Sperm (776).bmp,4,train
smids/Abnormal_Sperm/Abnormal_Sperm (779).bmp,4,train
smids/Abnormal_Sperm/Abnormal_Sperm (78).bmp,4,train
smids/Abnormal_Sperm/Abnormal_Sperm (781).bmp,4,train
smids/Abnormal_Sperm/Abnormal_Sperm (787).bmp,4,train
smids/Abnormal_Sperm/Abnormal_Sperm (790).bmp,4,train
smids/Abnormal_Sperm/Abnormal_Sperm (80).bmp,4,train
smids/Abnormal_Sperm/Abnormal_Sperm (802).bmp,4,train
smids/Abnormal_Sperm/Abnormal_Sperm (803).bmp,4,train
smids/Abnormal_Sperm/Abnormal_Sperm (805).bmp,4,train
smids/Abnormal_Sperm/Abnormal_Sperm (807).bmp,4,train
smids/Abnormal_Sperm/Abnormal_Sperm (809).bmp,4,train
smids/Abnormal_Sperm/Abnormal_Sperm (810).bmp,4,train
smids/Abnormal_Sperm/Abnormal_Sperm (811).bmp,4,train
smids/Abnormal_Sperm/Abnormal_Sperm (816).bmp,4,train
smids/Abnormal_Sperm/Abnormal_Sperm (817).bmp,4,train
smids/Abnormal_Sperm/Abnormal_Sperm (818).bmp,4,train
smids/Abnormal_Sperm/Abnormal_Sperm (819).bmp,4,train
smids/Abnormal_Sperm/Abnormal_Sperm (82).bmp,4,train
smids/Abnormal_Sperm/Abnormal_Sperm (822).bmp,4,train
smids/Abnormal_Sperm/Abnormal_Sperm (823).bmp,4,train
smids/Abnormal_Sperm/Abnormal_Sperm (825).bmp,4,train
smids/Abnormal_Sperm/Abnormal_Sperm (826).bmp,4,train
smids/Abnormal_Sperm/Abnormal_Sperm (827).bmp,4,train
smids/Abnormal_Sperm/Abnormal_Sperm (829).bmp,4,train
smids/Abnormal_Sperm/Abnormal_Sperm (83).bmp,4,train
smids/Abnormal_Sperm/Abnormal_Sperm (830).bmp,4,train
smids/Abnormal_Sperm/Abnormal_Sperm (831).bmp,4,train
smids/Abnormal_Sperm/Abnormal_Sperm (837).bmp,4,train
smids/Abnormal_Sperm/Abnormal_Sperm (838).bmp,4,train
smids/Abnormal_Sperm/Abnormal_Sperm (839).bmp,4,train
smids/Abnormal_Sperm/Abnormal_Sperm (840).bmp,4,train
smids/Abnormal_Sperm/Abnormal_Sperm (841).bmp,4,train
smids/Abnormal_Sperm/Abnormal_Sperm (845).bmp,4,train
smids/Abnormal_Sperm/Abnormal_Sperm (847).bmp,4,train
smids/Abnormal_Sperm/Abnormal_Sperm (848).bmp,4,train
smids/Abnormal_Sperm/Abnormal_Sperm (851).bmp,4,train
smids/Abnormal_Sperm/Abnormal_Sperm (852).bmp,4,train
smids/Abnormal_Sperm/Abnormal_Sperm (857).bmp,4,train
smids/Abnormal_Sperm/Abnormal_Sperm (858).bmp,4,train
smids/Abnormal_Sperm/Abnormal_Sperm (859).bmp,4,train
smids/Abnormal_Sperm/Abnormal_Sperm (86).bmp,4,train
smids/Abnormal_Sperm/Abnormal_Sperm (861).bmp,4,train
smids/Abnormal_Sperm/Abnormal_Sperm (863).bmp,4,train
smids/Abnormal_Sperm/Abnormal_Sperm (865).bmp,4,train
smids/Abnormal_Sperm/Abnormal_Sperm (866).bmp,4,train
smids/Abnormal_Sperm/Abnormal_Sperm (867).bmp,4,train
smids/Abnormal_Sperm/Abnormal_Sperm (87).bmp,4,train
smids/Abnormal_Sperm/Abnormal_Sperm (870).bmp,4,train
smids/Abnormal_Sperm/Abnormal_Sperm (871).bmp,4,train
smids/Abnormal_Sperm/Abnormal_Sperm (872).bmp,4,train
smids/Abnormal_Sperm/Abnormal_Sperm (878).bmp,4,train
smids/Abnormal_Sperm/Abnormal_Sperm (879).bmp,4,train
smids/Abnormal_Sperm/Abnormal_Sperm (88).bmp,4,train
smids/Abnormal_Sperm/Abnormal_Sperm (880).bmp,4,train
smids/Abnormal_Sperm/Abnormal_Sperm (881).bmp,4,train
smids/Abnormal_Sperm/Abnormal_Sperm (885).bmp,4,train
smids/Abnormal_Sperm/Abnormal_Sperm (892).bmp,4,train
smids/Abnormal_Sperm/Abnormal_Sperm (893).bmp,4,train
smids/Abnormal_Sperm/Abnormal_Sperm (894).bmp,4,train
smids/Abnormal_Sperm/Abnormal_Sperm (895).bmp,4,train
smids/Abnormal_Sperm/Abnormal_Sperm (897).bmp,4,train
smids/Abnormal_Sperm/Abnormal_Sperm (898).bmp,4,train
smids/Abnormal_Sperm/Abnormal_Sperm (899).bmp,4,train
smids/Abnormal_Sperm/Abnormal_Sperm (90).bmp,4,train
smids/Abnormal_Sperm/Abnormal_Sperm (901).bmp,4,train
smids/Abnormal_Sperm/Abnormal_Sperm (903).bmp,4,train
smids/Abnormal_Sperm/Abnormal_Sperm (905).bmp,4,train
smids/Abnormal_Sperm/Abnormal_Sperm (907).bmp,4,train
smids/Abnormal_Sperm/Abnormal_Sperm (910).bmp,4,train
smids/Abnormal_Sperm/Abnormal_Sperm (911).bmp,4,train
smids/Abnormal_Sperm/Abnormal_Sperm (913).bmp,4,train
smids/Abnormal_Sperm/Abnormal_Sperm (914).bmp,4,train
smids/Abnormal_Sperm/Abnormal_Sperm (915).bmp,4,train
smids/Abnormal_Sperm/Abnormal_Sperm (916).bmp,4,train
smids/Abnormal_Sperm/Abnormal_Sperm (92).bmp,4,train
smids/Abnormal_Sperm/Abnormal_Sperm (920).bmp,4,train
smids/Abnormal_Sperm/Abnormal_Sperm (926).bmp,4,train
smids/Abnormal_Sperm/Abnormal_Sperm (927).bmp,4,train
smids/Abnormal_Sperm/Abnormal_Sperm (928).bmp,4,train
smids/Abnormal_Sperm/Abnormal_Sperm (929).bmp,4,train
smids/Abnormal_Sperm/Abnormal_Sperm (93).bmp,4,train
smids/Abnormal_Sperm/Abnormal_Sperm (930).bmp,4,train
smids/Abnormal_Sperm/Abnormal_Sperm (932).bmp,4,train
smids/Abnormal_Sperm/Abnormal_Sperm (933).bmp,4,train
smids/Abnormal_Sperm/Abnormal_Sperm (934).bmp,4,train
smids/Abnormal_Sperm/Abnormal_Sperm (937).bmp,4,train
smids/Abnormal_Sperm/Abnormal_Sperm (938).bmp,4,train
smids/Abnormal_Sperm/Abnormal_Sperm (939).bmp,4,train
smids/Abnormal_Sperm/Abnormal_Sperm (940).bmp,4,train
smids/Abnormal_Sperm/Abnormal_Sperm (941).bmp,4,train
smids/Abnormal_Sperm/Abnormal_Sperm (942).bmp,4,train
smids/Abnormal_Sperm/Abnormal_Sperm (943).bmp,4,train
smids/Abnormal_Sperm/Abnormal_Sperm (944).bmp,4,train
smids/Abnormal_Sperm/Abnormal_Sperm (945).bmp,4,train
smids/Abnormal_Sperm/Abnormal_Sperm (949).bmp,4,train
smids/Abnormal_Sperm/Abnormal_Sperm (95).bmp,4,train
smids/Abnormal_Sperm/Abnormal_Sperm (950).bmp,4,train
smids/Abnormal_Sperm/Abnormal_Sperm (953).bmp,4,train
smids/Abnormal_Sperm/Abnormal_Sperm (955).bmp,4,train
smids/Abnormal_Sperm/Abnormal_Sperm (956).bmp,4,train
smids/Abnormal_Sperm/Abnormal_Sperm (958).bmp,4,train
smids/Abnormal_Sperm/Abnormal_Sperm (960).bmp,4,train
smids/Abnormal_Sperm/Abnormal_Sperm (961).bmp,4,train
smids/Abnormal_Sperm/Abnormal_Sperm (963).bmp,4,train
smids/Abnormal_Sperm/Abnormal_Sperm (967).bmp,4,train
smids/Abnormal_Sperm/Abnormal_Sperm (968).bmp,4,train
smids/Abnormal_Sperm/Abnormal_Sperm (969).bmp,4,train
smids/Abnormal_Sperm/Abnormal_Sperm (97).bmp,4,train
smids/Abnormal_Sperm/Abnormal_Sperm (970).bmp,4,train
smids/Abnormal_Sperm/Abnormal_Sperm (972).bmp,4,train
smids/Abnormal_Sperm/Abnormal_Sperm (973).bmp,4,train
smids/Abnormal_Sperm/Abnormal_Sperm (976).bmp,4,train
smids/Abnormal_Sperm/Abnormal_Sperm (978).bmp,4,train
smids/Abnormal_Sperm/Abnormal_Sperm (980).bmp,4,train
smids/Abnormal_Sperm/Abnormal_Sperm (981).bmp,4,train
smids/Abnormal_Sperm/Abnormal_Sperm (984).bmp,4,train
smids/Abnormal_Sperm/Abnormal_Sperm (985).bmp,4,train
smids/Abnormal_Sperm/Abnormal_Sperm (986).bmp,4,train
smids/Abnormal_Sperm/Abnormal_Sperm (987).bmp,4,train
smids/Abnormal_Sperm/Abnormal_Sperm (988).bmp,4,train
smids/Abnormal_Sperm/Abnormal_Sperm (99).bmp,4,train
smids/Abnormal_Sperm/Abnormal_Sperm (992).bmp,4,train
smids/Abnormal_Sperm/Abnormal_Sperm (993).bmp,4,train
smids/Abnormal_Sperm/Abnormal_Sperm (996).bmp,4,train
smids/Abnormal_Sperm/Abnormal_Sperm (997).bmp,4,train
smids/Abnormal_Sperm/Abnormal_Sperm (999).bmp,4,train
smids/Non-Sperm/Non-Sperm (1).bmp,4,train
smids/Non-Sperm/Non-Sperm (10).bmp,4,train
smids/Non-Sperm/Non-Sperm (101).bmp,4,train
smids/Non-Sperm/Non-Sperm (102).bmp,4,train
smids/Non-Sperm/Non-Sperm (103).bmp,4,train
smids/Non-Sperm/Non-Sperm (107).bmp,4,train
smids/Non-Sperm/Non-Sperm (11).bmp,4,train
smids/Non-Sperm/Non-Sperm (110).bmp,4,train
smids/Non-Sperm/Non-Sperm (111).bmp,4,train
smids/Non-Sperm/Non-Sperm (112).bmp,4,train
smids/Non-Sperm/Non-Sperm (114).bmp,4,train
smids/Non-Sperm/Non-Sperm (115).bmp,4,train
smids/Non-Sperm/Non-Sperm (116).bmp,4,train
smids/Non-Sperm/Non-Sperm (118).bmp,4,train
smids/Non-Sperm/Non-Sperm (12).bmp,4,train
smids/Non-Sperm/Non-Sperm (123).bmp,4,train
smids/Non-Sperm/Non-Sperm (125).bmp,4,train
smids/Non-Sperm/Non-Sperm (13).bmp,4,train
smids/Non-Sperm/Non-Sperm (132).bmp,4,train
smids/Non-Sperm/Non-Sperm (133).bmp,4,train
smids/Non-Sperm/Non-Sperm (135).bmp,4,train
smids/Non-Sperm/Non-Sperm (136).bmp,4,train
smids/Non-Sperm/Non-Sperm (137).bmp,4,train
smids/Non-Sperm/Non-Sperm (138).bmp,4,train
smids/Non-Sperm/Non-Sperm (14).bmp,4,train
smids/Non-Sperm/Non-Sperm (141).bmp,4,train
smids/Non-Sperm/Non-Sperm (142).bmp,4,train
smids/Non-Sperm/Non-Sperm (144).bmp,4,train
smids/Non-Sperm/Non-Sperm (148).bmp,4,train
smids/Non-Sperm/Non-Sperm (149).bmp,4,train
smids/Non-Sperm/Non-Sperm (15).bmp,4,train
smids/Non-Sperm/Non-Sperm (150).bmp,4,train
smids/Non-Sperm/Non-Sperm (153).bmp,4,train
smids/Non-Sperm/Non-Sperm (155).bmp,4,train
smids/Non-Sperm/Non-Sperm (156).bmp,4,train
smids/Non-Sperm/Non-Sperm (158).bmp,4,train
smids/Non-Sperm/Non-Sperm (159).bmp,4,train
smids/Non-Sperm/Non-Sperm (160).bmp,4,train
smids/Non-Sperm/Non-Sperm (161).bmp,4,train
smids/Non-Sperm/Non-Sperm (162).bmp,4,train
smids/Non-Sperm/Non-Sperm (165).bmp,4,train
smids/Non-Sperm/Non-Sperm (166).bmp,4,train
smids/Non-Sperm/Non-Sperm (167).bmp,4,train
smids/Non-Sperm/Non-Sperm (169).bmp,4,train
smids/Non-Sperm/Non-Sperm (173).bmp,4,train
smids/Non-Sperm/Non-Sperm (174).bmp,4,train
smids/Non-Sperm/Non-Sperm (175).bmp,4,train
smids/Non-Sperm/Non-Sperm (178).bmp,4,train
smids/Non-Sperm/Non-Sperm (18).bmp,4,train
smids/Non-Sperm/Non-Sperm (183).bmp,4,train
smids/Non-Sperm/Non-Sperm (185).bmp,4,train
smids/Non-Sperm/Non-Sperm (189).bmp,4,train
smids/Non-Sperm/Non-Sperm (19).bmp,4,train
smids/Non-Sperm/Non-Sperm (190).bmp,4,train
smids/Non-Sperm/Non-Sperm (191).bmp,4,train
smids/Non-Sperm/Non-Sperm (194).bmp,4,train
smids/Non-Sperm/Non-Sperm (199).bmp,4,train
smids/Non-Sperm/Non-Sperm (200).bmp,4,train
smids/Non-Sperm/Non-Sperm (201).bmp,4,train
smids/Non-Sperm/Non-Sperm (202).bmp,4,train
smids/Non-Sperm/Non-Sperm (205).bmp,4,train
smids/Non-Sperm/Non-Sperm (207).bmp,4,train
smids/Non-Sperm/Non-Sperm (209).bmp,4,train
smids/Non-Sperm/Non-Sperm (21).bmp,4,train
smids/Non-Sperm/Non-Sperm (210).bmp,4,train
smids/Non-Sperm/Non-Sperm (215).bmp,4,train
smids/Non-Sperm/Non-Sperm (218).bmp,4,train
smids/Non-Sperm/Non-Sperm (219).bmp,4,train
smids/Non-Sperm/Non-Sperm (222).bmp,4,train
smids/Non-Sperm/Non-Sperm (224).bmp,4,train
smids/Non-Sperm/Non-Sperm (226).bmp,4,train
smids/Non-Sperm/Non-Sperm (227).bmp,4,train
smids/Non-Sperm/Non-Sperm (23).bmp,4,train
smids/Non-Sperm/Non-Sperm (230).bmp,4,train
smids/Non-Sperm/Non-Sperm (233).bmp,4,train
smids/Non-Sperm/Non-Sperm (234).bmp,4,train
smids/Non-Sperm/Non-Sperm (235).bmp,4,train
smids/Non-Sperm/Non-Sperm (237).bmp,4,train
smids/Non-Sperm/Non-Sperm (238).bmp,4,train
smids/Non-Sperm/Non-Sperm (239).bmp,4,train
smids/Non-Sperm/Non-Sperm (240).bmp,4,train
smids/Non-Sperm/Non-Sperm (243).bmp,4,train
smids/Non-Sperm/Non-Sperm (245).bmp,4,train
smids/Non-Sperm/Non-Sperm (249).bmp,4,train
smids/Non-Sperm/Non-Sperm (258).bmp,4,train
smids/Non-Sperm/Non-Sperm (259).bmp,4,train
smids/Non-Sperm/Non-Sperm (260).bmp,4,train
smids/Non-Sperm/Non-Sperm (262).bmp,4,train
smids/Non-Sperm/Non-Sperm (266).bmp,4,train
smids/Non-Sperm/Non-Sperm (267).bmp,4,train
smids/Non-Sperm/Non-Sperm (268).bmp,4,train
smids/Non-Sperm/Non-Sperm (269).bmp,4,train
smids/Non-Sperm/Non-Sperm (27).bmp,4,train
smids/Non-Sperm/Non-Sperm (272).bmp,4,train
smids/Non-Sperm/Non-Sperm (273).bmp,4,train
smids/Non-Sperm/Non-Sperm (275).bmp,4,train
smids/Non-Sperm/Non-Sperm (283).bmp,4,train
smids/Non-Sperm/Non-Sperm (285).bmp,4,train
smids/Non-Sperm/Non-Sperm (286).bmp,4,train
smids/Non-Sperm/Non-Sperm (288).bmp,4,train
smids/Non-Sperm/Non-Sperm (290).bmp,4,train
smids/Non-Sperm/Non-Sperm (291).bmp,4,train
smids/Non-Sperm/Non-Sperm (292).bmp,4,train
smids/Non-Sperm/Non-Sperm (293).bmp,4,train
smids/Non-Sperm/Non-Sperm (294).bmp,4,train
smids/Non-Sperm/Non-Sperm (295).bmp,4,train
smids/Non-Sperm/Non-Sperm (296).bmp,4,train
smids/Non-Sperm/Non-Sperm (298).bmp,4,train
smids/Non-Sperm/Non-Sperm (3).bmp,4,train
smids/Non-Sperm/Non-Sperm (30).bmp,4,train
smids/Non-Sperm/Non-Sperm (301).bmp,4,train
smids/Non-Sperm/Non-Sperm (302).bmp,4,train
smids/Non-Sperm/Non-Sperm (306).bmp,4,train
smids/Non-Sperm/Non-Sperm (307).bmp,4,train
smids/Non-Sperm/Non-Sperm (308).bmp,4,train
smids/Non-Sperm/Non-Sperm (309).bmp,4,train
smids/Non-Sperm/Non-Sperm (31).bmp,4,train
smids/Non-Sperm/Non-Sperm (310).bmp,4,train
smids/Non-Sperm/Non-Sperm (311).bmp,4,train
smids/Non-Sperm/Non-Sperm (313).bmp,4,train
smids/Non-Sperm/Non-Sperm (314).bmp,4,train
smids/Non-Sperm/Non-Sperm (316).bmp,4,train
smids/Non-Sperm/Non-Sperm (320).bmp,4,train
smids/Non-Sperm/Non-Sperm (321).bmp,4,train
smids/Non-Sperm/Non-Sperm (323).bmp,4,train
smids/Non-Sperm/Non-Sperm (324).bmp,4,train
smids/Non-Sperm/Non-Sperm (325).bmp,4,train
smids/Non-Sperm/Non-Sperm (328).bmp,4,train
smids/Non-Sperm/Non-Sperm (329).bmp,4,train
smids/Non-Sperm/Non-Sperm (33).bmp,4,train
smids/Non-Sperm/Non-Sperm (330).bmp,4,train
smids/Non-Sperm/Non-Sperm (331).bmp,4,train
smids/Non-Sperm/Non-Sperm (332).bmp,4,train
smids/Non-Sperm/Non-Sperm (333).bmp,4,train
smids/Non-Sperm/Non-Sperm (339).bmp,4,train
smids/Non-Sperm/Non-Sperm (34).bmp,4,train
smids/Non-Sperm/Non-Sperm (340).bmp,4,train
smids/Non-Sperm/Non-Sperm (342).bmp,4,train
smids/Non-Sperm/Non-Sperm (343).bmp,4,train
smids/Non-Sperm/Non-Sperm (348).bmp,4,train
smids/Non-Sperm/Non-Sperm (349).bmp,4,train
smids/Non-Sperm/Non-Sperm (35).bmp,4,train
smids/Non-Sperm/Non-Sperm (350).bmp,4,train
smids/Non-Sperm/Non-Sperm (351).bmp,4,train
smids/Non-Sperm/Non-Sperm (352).bmp,4,train
smids/Non-Sperm/Non-Sperm (353).bmp,4,train
smids/Non-Sperm/Non-Sperm (355).bmp,4,train
smids/Non-Sperm/Non-Sperm (357).bmp,4,train
smids/Non-Sperm/Non-Sperm (36).bmp,4,train
smids/Non-Sperm/Non-Sperm (361).bmp,4,train
smids/Non-Sperm/Non-Sperm (362).bmp,4,train
smids/Non-Sperm/Non-Sperm (363).bmp,4,train
smids/Non-Sperm/Non-Sperm (365).bmp,4,train
smids/Non-Sperm/Non-Sperm (369).bmp,4,train
smids/Non-Sperm/Non-Sperm (370).bmp,4,train
smids/Non-Sperm/Non-Sperm (371).bmp,4,train
smids/Non-Sperm/Non-Sperm (373).bmp,4,train
smids/Non-Sperm/Non-Sperm (374).bmp,4,train
smids/Non-Sperm/Non-Sperm (377).bmp,4,train
smids/Non-Sperm/Non-Sperm (38).bmp,4,train
smids/Non-Sperm/Non-Sperm (380).bmp,4,train
smids/Non-Sperm/Non-Sperm (381).bmp,4,train
smids/Non-Sperm/Non-Sperm (389).bmp,4,train
smids/Non-Sperm/Non-Sperm (391).bmp,4,train
smids/Non-Sperm/Non-Sperm (392).bmp,4,train
smids/Non-Sperm/Non-Sperm (393).bmp,4,train
smids/Non-Sperm/Non-Sperm (395).bmp,4,train
smids/Non-Sperm/Non-Sperm (4).bmp,4,train
smids/Non-Sperm/Non-Sperm (40).bmp,4,train
smids/Non-Sperm/Non-Sperm (405).bmp,4,train
smids/Non-Sperm/Non-Sperm (408).bmp,4,train
smids/Non-Sperm/Non-Sperm (411).bmp,4,train
smids/Non-Sperm/Non-Sperm (414).bmp,4,train
smids/Non-Sperm/Non-Sperm (415).bmp,4,train
smids/Non-Sperm/Non-Sperm (417).bmp,4,train
smids/Non-Sperm/Non-Sperm (420).bmp,4,train
smids/Non-Sperm/Non-Sperm (425).bmp,4,train
smids/Non-Sperm/Non-Sperm (427).bmp,4,train
smids/Non-Sperm/Non-Sperm (428).bmp,4,train
smids/Non-Sperm/Non-Sperm (432).bmp,4,train
smids/Non-Sperm/Non-Sperm (433).bmp,4,train
smids/Non-Sperm/Non-Sperm (435).bmp,4,train
smids/Non-Sperm/Non-Sperm (436).bmp,4,train
smids/Non-Sperm/Non-Sperm (438).bmp,4,train
smids/Non-Sperm/Non-Sperm (44).bmp,4,train
smids/Non-Sperm/Non-Sperm (441).bmp,4,train
smids/Non-Sperm/Non-Sperm (442).bmp,4,train
smids/Non-Sperm/Non-Sperm (443).bmp,4,train
smids/Non-Sperm/Non-Sperm (444).bmp,4,train
smids/Non-Sperm/Non-Sperm (446).bmp,4,train
smids/Non-Sperm/Non-Sperm (448).bmp,4,train
smids/Non-Sperm/Non-Sperm (449).bmp,4,train
smids/Non-Sperm/Non-Sperm (45).bmp,4,train
smids/Non-Sperm/Non-Sperm (451).bmp,4,train
smids/Non-Sperm/Non-Sperm (452).bmp,4,train
smids/Non-Sperm/Non-Sperm (453).bmp,4,train
smids/Non-Sperm/Non-Sperm (454).bmp,4,train
smids/Non-Sperm/Non-Sperm (455).bmp,4,train
smids/Non-Sperm/Non-Sperm (456).bmp,4,train
smids/Non-Sperm/Non-Sperm (457).bmp,4,train
smids/Non-Sperm/Non-Sperm (459).bmp,4,train
smids/Non-Sperm/Non-Sperm (46).bmp,4,train
smids/Non-Sperm/Non-Sperm (460).bmp,4,train
smids/Non-Sperm/Non-Sperm (462).bmp,4,train
smids/Non-Sperm/Non-Sperm (464).bmp,4,train
smids/Non-Sperm/Non-Sperm (466).bmp,4,train
smids/Non-Sperm/Non-Sperm (467).bmp,4,train
smids/Non-Sperm/Non-Sperm (468).bmp,4,train
smids/Non-Sperm/Non-Sperm (469).bmp,4,train
smids/Non-Sperm/Non-Sperm (47).bmp,4,train
smids/Non-Sperm/Non-Sperm (472).bmp,4,train
smids/Non-Sperm/Non-Sperm (473).bmp,4,train
smids/Non-Sperm/Non-Sperm (474).bmp,4,train
smids/Non-Sperm/Non-Sperm (479).bmp,4,train
smids/Non-Sperm/Non-Sperm (480).bmp,4,train
smids/Non-Sperm/Non-Sperm (484).bmp,4,train
smids/Non-Sperm/Non-Sperm (486).bmp,4,train
smids/Non-Sperm/Non-Sperm (487).bmp,4,train
smids/Non-Sperm/Non-Sperm (489).bmp,4,train
smids/Non-Sperm/Non-Sperm (492).bmp,4,train
smids/Non-Sperm/Non-Sperm (494).bmp,4,train
smids/Non-Sperm/Non-Sperm (495).bmp,4,train
smids/Non-Sperm/Non-Sperm (496).bmp,4,train
smids/Non-Sperm/Non-Sperm (498).bmp,4,train
smids/Non-Sperm/Non-Sperm (5).bmp,4,train
smids/Non-Sperm/Non-Sperm (50).bmp,4,train
smids/Non-Sperm/Non-Sperm (500).bmp,4,train
smids/Non-Sperm/Non-Sperm (501).bmp,4,train
smids/Non-Sperm/Non-Sperm (502).bmp,4,train
smids/Non-Sperm/Non-Sperm (503).bmp,4,train
smids/Non-Sperm/Non-Sperm (505).bmp,4,train
smids/Non-Sperm/Non-Sperm (507).bmp,4,train
smids/Non-Sperm/Non-Sperm (508).bmp,4,train
smids/Non-Sperm/Non-Sperm (511).bmp,4,train
smids/Non-Sperm/Non-Sperm (513).bmp,4,train
smids/Non-Sperm/Non-Sperm (519).bmp,4,train
smids/Non-Sperm/Non-Sperm (52).bmp,4,train
smids/Non-Sperm/Non-Sperm (520).bmp,4,train
smids/Non-Sperm/Non-Sperm (521).bmp,4,train
smids/Non-Sperm/Non-Sperm (524).bmp,4,train
smids/Non-Sperm/Non-Sperm (525).bmp,4,train
smids/Non-Sperm/Non-Sperm (526).bmp,4,train
smids/Non-Sperm/Non-Sperm (529).bmp,4,train
smids/Non-Sperm/Non-Sperm (531).bmp,4,train
smids/Non-Sperm/Non-Sperm (532).bmp,4,train
smids/Non-Sperm/Non-Sperm (533).bmp,4,train
smids/Non-Sperm/Non-Sperm (534).bmp,4,train
smids/Non-Sperm/Non-Sperm (535).bmp,4,train
smids/Non-Sperm/Non-Sperm (537).bmp,4,train
smids/Non-Sperm/Non-Sperm (539).bmp,4,train
smids/Non-Sperm/Non-Sperm (540).bmp,4,train
smids/Non-Sperm/Non-Sperm (541).bmp,4,train
smids/Non-Sperm/Non-Sperm (542).bmp,4,train
smids/Non-Sperm/Non-Sperm (543).bmp,4,train
smids/Non-Sperm/Non-Sperm (545).bmp,4,train
smids/Non-Sperm/Non-Sperm (548).bmp,4,train
smids/Non-Sperm/Non-Sperm (55).bmp,4,train
smids/Non-Sperm/Non-Sperm (550).bmp,4,train
smids/Non-Sperm/Non-Sperm (552).bmp,4,train
smids/Non-Sperm/Non-Sperm (553).bmp,4,train
smids/Non-Sperm/Non-Sperm (554).bmp,4,train
smids/Non-Sperm/Non-Sperm (555).bmp,4,train
smids/Non-Sperm/Non-Sperm (557).bmp,4,train
smids/Non-Sperm/Non-Sperm (558).bmp,4,train
smids/Non-Sperm/Non-Sperm (559).bmp,4,train
smids/Non-Sperm/Non-Sperm (56).bmp,4,train
smids/Non-Sperm/Non-Sperm (561).bmp,4,train
smids/Non-Sperm/Non-Sperm (562).bmp,4,train
smids/Non-Sperm/Non-Sperm (565).bmp,4,train
smids/Non-Sperm/Non-Sperm (568).bmp,4,train
smids/Non-Sperm/Non-Sperm (569).bmp,4,train
smids/Non-Sperm/Non-Sperm (571).bmp,4,train
smids/Non-Sperm/Non-Sperm (573).bmp,4,train
smids/Non-Sperm/Non-Sperm (574).bmp,4,train
smids/Non-Sperm/Non-Sperm (576).bmp,4,train
smids/Non-Sperm/Non-Sperm (578).bmp,4,train
smids/Non-Sperm/Non-Sperm (579).bmp,4,train
smids/Non-Sperm/Non-Sperm (581).bmp,4,train
smids/Non-Sperm/Non-Sperm (586).bmp,4,train
smids/Non-Sperm/Non-Sperm (587).bmp,4,train
smids/Non-Sperm/Non-Sperm (588).bmp,4,train
smids/Non-Sperm/Non-Sperm (589).bmp,4,train
smids/Non-Sperm/Non-Sperm (590).bmp,4,train
smids/Non-Sperm/Non-Sperm (591).bmp,4,train
smids/Non-Sperm/Non-Sperm (595).bmp,4,train
smids/Non-Sperm/Non-Sperm (597).bmp,4,train
smids/Non-Sperm/Non-Sperm (598).bmp,4,train
smids/Non-Sperm/Non-Sperm (599).bmp,4,train
smids/Non-Sperm/Non-Sperm (600).bmp,4,train
smids/Non-Sperm/Non-Sperm (601).bmp,4,train
smids/Non-Sperm/Non-Sperm (602).bmp,4,train
smids/Non-Sperm/Non-Sperm (603).bmp,4,train
smids/Non-Sperm/Non-Sperm (604).bmp,4,train
smids/Non-Sperm/Non-Sperm (606).bmp,4,train
smids/Non-Sperm/Non-Sperm (607).bmp,4,train
smids/Non-Sperm/Non-Sperm (61).bmp,4,train
smids/Non-Sperm/Non-Sperm (610).bmp,4,train
smids/Non-Sperm/Non-Sperm (612).bmp,4,train
smids/Non-Sperm/Non-Sperm (614).bmp,4,train
smids/Non-Sperm/Non-Sperm (616).bmp,4,train
smids/Non-Sperm/Non-Sperm (617).bmp,4,train
smids/Non-Sperm/Non-Sperm (619).bmp,4,train
smids/Non-Sperm/Non-Sperm (620).bmp,4,train
smids/Non-Sperm/Non-Sperm (624).bmp,4,train
smids/Non-Sperm/Non-Sperm (635).bmp,4,train
smids/Non-Sperm/Non-Sperm (639).bmp,4,train
smids/Non-Sperm/Non-Sperm (64).bmp,4,train
smids/Non-Sperm/Non-Sperm (640).bmp,4,train
smids/Non-Sperm/Non-Sperm (642).bmp,4,train
smids/Non-Sperm/Non-Sperm (645).bmp,4,train
smids/Non-Sperm/Non-Sperm (647).bmp,4,train
smids/Non-Sperm/Non-Sperm (648).bmp,4,train
smids/Non-Sperm/Non-Sperm (651).bmp,4,train
smids/Non-Sperm/Non-Sperm (652).bmp,4,train
smids/Non-Sperm/Non-Sperm (653).bmp,4,train
smids/Non-Sperm/Non-Sperm (656).bmp,4,train
smids/Non-Sperm/Non-Sperm (657).bmp,4,train
smids/Non-Sperm/Non-Sperm (658).bmp,4,train
smids/Non-Sperm/Non-Sperm (66).bmp,4,train
smids/Non-Sperm/Non-Sperm (661).bmp,4,train
smids/Non-Sperm/Non-Sperm (662).bmp,4,train
smids/Non-Sperm/Non-Sperm (663).bmp,4,train
smids/Non-Sperm/Non-Sperm (665).bmp,4,train
smids/Non-Sperm/Non-Sperm (666).bmp,4,train
smids/Non-Sperm/Non-Sperm (669).bmp,4,train
smids/Non-Sperm/Non-Sperm (67).bmp,4,train
smids/Non-Sperm/Non-Sperm (676).bmp,4,train
smids/Non-Sperm/Non-Sperm (677).bmp,4,train
smids/Non-Sperm/Non-Sperm (678).bmp,4,train
smids/Non-Sperm/Non-Sperm (68).bmp,4,train
smids/Non-Sperm/Non-Sperm (680).bmp,4,train
smids/Non-Sperm/Non-Sperm (682).bmp,4,train
smids/Non-Sperm/Non-Sperm (685).bmp,4,train
smids/Non-Sperm/Non-Sperm (686).bmp,4,train
smids/Non-Sperm/Non-Sperm (689).bmp,4,train
smids/Non-Sperm/Non-Sperm (69).bmp,4,train
smids/Non-Sperm/Non-Sperm (690).bmp,4,train
smids/Non-Sperm/Non-Sperm (692).bmp,4,train
smids/Non-Sperm/Non-Sperm (693).bmp,4,train
smids/Non-Sperm/Non-Sperm (694).bmp,4,train
smids/Non-Sperm/Non-Sperm (695).bmp,4,train
smids/Non-Sperm/Non-Sperm (696).bmp,4,train
smids/Non-Sperm/Non-Sperm (698).bmp,4,train
smids/Non-Sperm/Non-Sperm (7).bmp,4,train
smids/Non-Sperm/Non-Sperm (701).bmp,4,train
smids/Non-Sperm/Non-Sperm (705).bmp,4,train
smids/Non-Sperm/Non-Sperm (706).bmp,4,train
smids/Non-Sperm/Non-Sperm (708).bmp,4,train
smids/Non-Sperm/Non-Sperm (709).bmp,4,train
smids/Non-Sperm/Non-Sperm (710).bmp,4,train
smids/Non-Sperm/Non-Sperm (712).bmp,4,train
smids/Non-Sperm/Non-Sperm (713).bmp,4,train
smids/Non-Sperm/Non-Sperm (715).bmp,4,train
smids/Non-Sperm/Non-Sperm (716).bmp,4,train
smids/Non-Sperm/Non-Sperm (717).bmp,4,train
smids/Non-Sperm/Non-Sperm (724).bmp,4,train
smids/Non-Sperm/Non-Sperm (725).bmp,4,train
smids/Non-Sperm/Non-Sperm (727).bmp,4,train
smids/Non-Sperm/Non-Sperm (731).bmp,4,train
smids/Non-Sperm/Non-Sperm (733).bmp,4,train
smids/Non-Sperm/Non-Sperm (74).bmp,4,train
smids/Non-Sperm/Non-Sperm (740).bmp,4,train
smids/Non-Sperm/Non-Sperm (744).bmp,4,train
smids/Non-Sperm/Non-Sperm (745).bmp,4,train
smids/Non-Sperm/Non-Sperm (747).bmp,4,train
smids/Non-Sperm/Non-Sperm (748).bmp,4,train
smids/Non-Sperm/Non-Sperm (75).bmp,4,train
smids/Non-Sperm/Non-Sperm (754).bmp,4,train
smids/Non-Sperm/Non-Sperm (755).bmp,4,train
smids/Non-Sperm/Non-Sperm (756).bmp,4,train
smids/Non-Sperm/Non-Sperm (758).bmp,4,train
smids/Non-Sperm/Non-Sperm (761).bmp,4,train
smids/Non-Sperm/Non-Sperm (762).bmp,4,train
smids/Non-Sperm/Non-Sperm (764).bmp,4,train
smids/Non-Sperm/Non-Sperm (766).bmp,4,train
smids/Non-Sperm/Non-Sperm (767).bmp,4,train
smids/Non-Sperm/Non-Sperm (77).bmp,4,train
smids/Non-Sperm/Non-Sperm (771).bmp,4,train
smids/Non-Sperm/Non-Sperm (772).bmp,4,train
smids/Non-Sperm/Non-Sperm (773).bmp,4,train
smids/Non-Sperm/Non-Sperm (775).bmp,4,train
smids/Non-Sperm/Non-Sperm (778).bmp,4,train
smids/Non-Sperm/Non-Sperm (779).bmp,4,train
smids/Non-Sperm/Non-Sperm (78).bmp,4,train
smids/Non-Sperm/Non-Sperm (780).bmp,4,train
smids/Non-Sperm/Non-Sperm (781).bmp,4,train
smids/Non-Sperm/Non-Sperm (783).bmp,4,train
smids/Non-Sperm/Non-Sperm (787).bmp,4,train
smids/Non-Sperm/Non-Sperm (788).bmp,4,train
smids/Non-Sperm/Non-Sperm (79).bmp,4,train
smids/Non-Sperm/Non-Sperm (790).bmp,4,train
smids/Non-Sperm/Non-Sperm (791).bmp,4,train
smids/Non-Sperm/Non-Sperm (792).bmp,4,train
smids/Non-Sperm/Non-Sperm (794).bmp,4,train
smids/Non-Sperm/Non-Sperm (795).bmp,4,train
smids/Non-Sperm/Non-Sperm (796).bmp,4,train
smids/Non-Sperm/Non-Sperm (798).bmp,4,train
smids/Non-Sperm/Non-Sperm (799).bmp,4,train
smids/Non-Sperm/Non-Sperm (8).bmp,4,train
smids/Non-Sperm/Non-Sperm (802).bmp,4,train
smids/Non-Sperm/Non-Sperm (803).bmp,4,train
smids/Non-Sperm/Non-Sperm (807).bmp,4,train
smids/Non-Sperm/Non-Sperm (808).bmp,4,train
smids/Non-Sperm/Non-Sperm (809).bmp,4,train
smids/Non-Sperm/Non-Sperm (81).bmp,4,train
smids/Non-Sperm/Non-Sperm (811).bmp,4,train
smids/Non-Sperm/Non-Sperm (812).bmp,4,train
smids/Non-Sperm/Non-Sperm (813).bmp,4,train
smids/Non-Sperm/Non-Sperm (814).bmp,4,train
smids/Non-Sperm/Non-Sperm (815).bmp,4,train
smids/Non-Sperm/Non-Sperm (816).bmp,4,train
smids/Non-Sperm/Non-Sperm (817).bmp,4,train
smids/Non-Sperm/Non-Sperm (819).bmp,4,train
smids/Non-Sperm/Non-Sperm (821).bmp,4,train
smids/Non-Sperm/Non-Sperm (823).bmp,4,train
smids/Non-Sperm/Non-Sperm (825).bmp,4,train
smids/Non-Sperm/Non-Sperm (826).bmp,4,train
smids/Non-Sperm/Non-Sperm (827).bmp,4,train
smids/Non-Sperm/Non-Sperm (828).bmp,4,train
smids/Non-Sperm/Non-Sperm (829).bmp,4,train
smids/Non-Sperm/Non-Sperm (832).bmp,4,train
smids/Non-Sperm/Non-Sperm (834).bmp,4,train
smids/Non-Sperm/Non-Sperm (837).bmp,4,train
smids/Non-Sperm/Non-Sperm (839).bmp,4,train
smids/Non-Sperm/Non-Sperm (840).bmp,4,train
smids/Non-Sperm/Non-Sperm (841).bmp,4,train
smids/Non-Sperm/Non-Sperm (842).bmp,4,train
smids/Non-Sperm/Non-Sperm (843).bmp,4,train
smids/Non-Sperm/Non-Sperm (844).bmp,4,train
smids/Non-Sperm/Non-Sperm (850).bmp,4,train
smids/Non-Sperm/Non-Sperm (852).bmp,4,train
smids/Non-Sperm/Non-Sperm (855).bmp,4,train
smids/Non-Sperm/Non-Sperm (857).bmp,4,train
smids/Non-Sperm/Non-Sperm (859).bmp,4,train
smids/Non-Sperm/Non-Sperm (86).bmp,4,train
smids/Non-Sperm/Non-Sperm (860).bmp,4,train
smids/Non-Sperm/Non-Sperm (861).bmp,4,train
smids/Non-Sperm/Non-Sperm (862).bmp,4,train
smids/Non-Sperm/Non-Sperm (863).bmp,4,train
smids/Non-Sperm/Non-Sperm (865).bmp,4,train
smids/Non-Sperm/Non-Sperm (866).bmp,4,train
smids/Non-Sperm/Non-Sperm (868).bmp,4,train
smids/Non-Sperm/Non-Sperm (870).bmp,4,train
smids/Non-Sperm/Non-Sperm (871).bmp,4,train
smids/Non-Sperm/Non-Sperm (874).bmp,4,train
smids/Non-Sperm/Non-Sperm (876).bmp,4,train
smids/Non-Sperm/Non-Sperm (878).bmp,4,train
smids/Non-Sperm/Non-Sperm (88).bmp,4,train
smids/Non-Sperm/Non-Sperm (880).bmp,4,train
smids/Non-Sperm/Non-Sperm (882).bmp,4,train
smids/Non-Sperm/Non-Sperm (883).bmp,4,train
smids/Non-Sperm/Non-Sperm (885).bmp,4,train
smids/Non-Sperm/Non-Sperm (887).bmp,4,train
smids/Non-Sperm/Non-Sperm (889).bmp,4,train
smids/Non-Sperm/Non-Sperm (89).bmp,4,train
smids/Non-Sperm/Non-Sperm (890).bmp,4,train
smids/Non-Sperm/Non-Sperm (891).bmp,4,train
smids/Non-Sperm/Non-Sperm (895).bmp,4,train
smids/Non-Sperm/Non-Sperm (896).bmp,4,train
smids/Non-Sperm/Non-Sperm (898).bmp,4,train
smids/Non-Sperm/Non-Sperm (899).bmp,4,train
smids/Non-Sperm/Non-Sperm (902).bmp,4,train
smids/Non-Sperm/Non-Sperm (903).bmp,4,train
smids/Non-Sperm/Non-Sperm (905).bmp,4,train
smids/Non-Sperm/Non-Sperm (906).bmp,4,train
smids/Non-Sperm/Non-Sperm (911).bmp,4,train
smids/Non-Sperm/Non-Sperm (915).bmp,4,train
smids/Non-Sperm/Non-Sperm (916).bmp,4,train
smids/Non-Sperm/Non-Sperm (918).bmp,4,train
smids/Non-Sperm/Non-Sperm (919).bmp,4,train
smids/Non-Sperm/Non-Sperm (920).bmp,4,train
smids/Non-Sperm/Non-Sperm (922).bmp,4,train
smids/Non-Sperm/Non-Sperm (925).bmp,4,train
smids/Non-Sperm/Non-Sperm (927).bmp,4,train
smids/Non-Sperm/Non-Sperm (929).bmp,4,train
smids/Non-Sperm/Non-Sperm (930).bmp,4,train
smids/Non-Sperm/Non-Sperm (931).bmp,4,train
smids/Non-Sperm/Non-Sperm (932).bmp,4,train
smids/Non-Sperm/Non-Sperm (935).bmp,4,train
smids/Non-Sperm/Non-Sperm (936).bmp,4,train
smids/Non-Sperm/Non-Sperm (937).bmp,4,train
smids/Non-Sperm/Non-Sperm (938).bmp,4,train
smids/Non-Sperm/Non-Sperm (939).bmp,4,train
smids/Non-Sperm/Non-Sperm (940).bmp,4,train
smids/Non-Sperm/Non-Sperm (943).bmp,4,train
smids/Non-Sperm/Non-Sperm (944).bmp,4,train
smids/Non-Sperm/Non-Sperm (945).bmp,4,train
smids/Non-Sperm/Non-Sperm (946).bmp,4,train
smids/Non-Sperm/Non-Sperm (947).bmp,4,train
smids/Non-Sperm/Non-Sperm (948).bmp,4,train
smids/Non-Sperm/Non-Sperm (95).bmp,4,train
smids/Non-Sperm/Non-Sperm (951).bmp,4,train
smids/Non-Sperm/Non-Sperm (953).bmp,4,train
smids/Non-Sperm/Non-Sperm (958).bmp,4,train
smids/Non-Sperm/Non-Sperm (962).bmp,4,train
smids/Non-Sperm/Non-Sperm (966).bmp,4,train
smids/Non-Sperm/Non-Sperm (967).bmp,4,train
smids/Non-Sperm/Non-Sperm (968).bmp,4,train
smids/Non-Sperm/Non-Sperm (969).bmp,4,train
smids/Non-Sperm/Non-Sperm (97).bmp,4,train
smids/Non-Sperm/Non-Sperm (970).bmp,4,train
smids/Non-Sperm/Non-Sperm (973).bmp,4,train
smids/Non-Sperm/Non-Sperm (974).bmp,4,train
smids/Non-Sperm/Non-Sperm (98).bmp,4,train
smids/Non-Sperm/Non-Sperm (99).bmp,4,train
smids/Normal_Sperm/Normal_Sperm (10).bmp,4,train
smids/Normal_Sperm/Normal_Sperm (1003).bmp,4,train
smids/Normal_Sperm/Normal_Sperm (1004).bmp,4,train
smids/Normal_Sperm/Normal_Sperm (1005).bmp,4,train
smids/Normal_Sperm/Normal_Sperm (1006).bmp,4,train
smids/Normal_Sperm/Normal_Sperm (1007).bmp,4,train
smids/Normal_Sperm/Normal_Sperm (101).bmp,4,train
smids/Normal_Sperm/Normal_Sperm (1011).bmp,4,train
smids/Normal_Sperm/Normal_Sperm (1013).bmp,4,train
smids/Normal_Sperm/Normal_Sperm (1015).bmp,4,train
smids/Normal_Sperm/Normal_Sperm (1018).bmp,4,train
smids/Normal_Sperm/Normal_Sperm (1021).bmp,4,train
smids/Normal_Sperm/Normal_Sperm (104).bmp,4,train
smids/Normal_Sperm/Normal_Sperm (108).bmp,4,train
smids/Normal_Sperm/Normal_Sperm (109).bmp,4,train
smids/Normal_Sperm/Normal_Sperm (11).bmp,4,train
smids/Normal_Sperm/Normal_Sperm (110).bmp,4,train
smids/Normal_Sperm/Normal_Sperm (111).bmp,4,train
smids/Normal_Sperm/Normal_Sperm (112).bmp,4,train
smids/Normal_Sperm/Normal_Sperm (115).bmp,4,train
smids/Normal_Sperm/Normal_Sperm (117).bmp,4,train
smids/Normal_Sperm/Normal_Sperm (118).bmp,4,train
smids/Normal_Sperm/Normal_Sperm (119).bmp,4,train
smids/Normal_Sperm/Normal_Sperm (122).bmp,4,train
smids/Normal_Sperm/Normal_Sperm (129).bmp,4,train
smids/Normal_Sperm/Normal_Sperm (130).bmp,4,train
smids/Normal_Sperm/Normal_Sperm (133).bmp,4,train
smids/Normal_Sperm/Normal_Sperm (135).bmp,4,train
smids/Normal_Sperm/Normal_Sperm (136).bmp,4,train
smids/Normal_Sperm/Normal_Sperm (137).bmp,4,train
smids/Normal_Sperm/Normal_Sperm (139).bmp,4,train
smids/Normal_Sperm/Normal_Sperm (140).bmp,4,train
smids/Normal_Sperm/Normal_Sperm (141).bmp,4,train
smids/Normal_Sperm/Normal_Sperm (142).bmp,4,train
smids/Normal_Sperm/Normal_Sperm (143).bmp,4,train
smids/Normal_Sperm/Normal_Sperm (145).bmp,4,train
smids/Normal_Sperm/Normal_Sperm (147).bmp,4,train
smids/Normal_Sperm/Normal_Sperm (149).bmp,4,train
smids/Normal_Sperm/Normal_Sperm (154).bmp,4,train
smids/Normal_Sperm/Normal_Sperm (156).bmp,4,train
smids/Normal_Sperm/Normal_Sperm (157).bmp,4,train
smids/Normal_Sperm/Normal_Sperm (158).bmp,4,train
smids/Normal_Sperm/Normal_Sperm (159).bmp,4,train
smids/Normal_Sperm/Normal_Sperm (16).bmp,4,train
smids/Normal_Sperm/Normal_Sperm (160).bmp,4,train
smids/Normal_Sperm/Normal_Sperm (161).bmp,4,train
smids/Normal_Sperm/Normal_Sperm (168).bmp,4,train
smids/Normal_Sperm/Normal_Sperm (17).bmp,4,train
smids/Normal_Sperm/Normal_Sperm (171).bmp,4,train
smids/Normal_Sperm/Normal_Sperm (172).bmp,4,train
smids/Normal_Sperm/Normal_Sperm (174).bmp,4,train
smids/Normal_Sperm/Normal_Sperm (175).bmp,4,train
smids/Normal_Sperm/Normal_Sperm (177).bmp,4,train
smids/Normal_Sperm/Normal_Sperm (178).bmp,4,train
smids/Normal_Sperm/Normal_Sperm (179).bmp,4,train
smids/Normal_Sperm/Normal_Sperm (18).bmp,4,train
smids/Normal_Sperm/Normal_Sperm (180).bmp,4,train
smids/Normal_Sperm/Normal_Sperm (181).bmp,4,train
smids/Normal_Sperm/Normal_Sperm (182).bmp,4,train
smids/Normal_Sperm/Normal_Sperm (188).bmp,4,train
smids/Normal_Sperm/Normal_Sperm (190).bmp,4,train
smids/Normal_Sperm/Normal_Sperm (194).bmp,4,train
smids/Normal_Sperm/Normal_Sperm (196).bmp,4,train
smids/Normal_Sperm/Normal_Sperm (200).bmp,4,train
smids/Normal_Sperm/Normal_Sperm (201).bmp,4,train
smids/Normal_Sperm/Normal_Sperm (208).bmp,4,train
smids/Normal_Sperm/Normal_Sperm (21).bmp,4,train
smids/Normal_Sperm/Normal_Sperm (211).bmp,4,train
smids/Normal_Sperm/Normal_Sperm (212).bmp,4,train
smids/Normal_Sperm/Normal_Sperm (213).bmp,4,train
smids/Normal_Sperm/Normal_Sperm (214).bmp,4,train
smids/Normal_Sperm/Normal_Sperm (215).bmp,4,train
smids/Normal_Sperm/Normal_Sperm (217).bmp,4,train
smids/Normal_Sperm/Normal_Sperm (219).bmp,4,train
smids/Normal_Sperm/Normal_Sperm (22).bmp,4,train
smids/Normal_Sperm/Normal_Sperm (221).bmp,4,train
smids/Normal_Sperm/Normal_Sperm (224).bmp,4,train
smids/Normal_Sperm/Normal_Sperm (226).bmp,4,train
smids/Normal_Sperm/Normal_Sperm (227).bmp,4,train
smids/Normal_Sperm/Normal_Sperm (229).bmp,4,train
smids/Normal_Sperm/Normal_Sperm (23).bmp,4,train
smids/Normal_Sperm/Normal_Sperm (230).bmp,4,train
smids/Normal_Sperm/Normal_Sperm (233).bmp,4,train
smids/Normal_Sperm/Normal_Sperm (236).bmp,4,train
smids/Normal_Sperm/Normal_Sperm (237).bmp,4,train
smids/Normal_Sperm/Normal_Sperm (24).bmp,4,train
smids/Normal_Sperm/Normal_Sperm (241).bmp,4,train
smids/Normal_Sperm/Normal_Sperm (243).bmp,4,train
smids/Normal_Sperm/Normal_Sperm (245).bmp,4,train
smids/Normal_Sperm/Normal_Sperm (246).bmp,4,train
smids/Normal_Sperm/Normal_Sperm (247).bmp,4,train
smids/Normal_Sperm/Normal_Sperm (248).bmp,4,train
smids/Normal_Sperm/Normal_Sperm (249).bmp,4,train
smids/Normal_Sperm/Normal_Sperm (25).bmp,4,train
smids/Normal_Sperm/Normal_Sperm (251).bmp,4,train
smids/Normal_Sperm/Normal_Sperm (252).bmp,4,train
smids/Normal_Sperm/Normal_Sperm (253).bmp,4,train
smids/Normal_Sperm/Normal_Sperm (255).bmp,4,train
smids/Normal_Sperm/Normal_Sperm (256).bmp,4,train
smids/Normal_Sperm/Normal_Sperm (258).bmp,4,train
smids/Normal_Sperm/Normal_Sperm (263).bmp,4,train
smids/Normal_Sperm/Normal_Sperm (265).bmp,4,train
smids/Normal_Sperm/Normal_Sperm (266).bmp,4,train
smids/Normal_Sperm/Normal_Sperm (267).bmp,4,train
smids/Normal_Sperm/Normal_Sperm (269).bmp,4,train
smids/Normal_Sperm/Normal_Sperm (27).bmp,4,train
smids/Normal_Sperm/Normal_Sperm (274).bmp,4,train
smids/Normal_Sperm/Normal_Sperm (276).bmp,4,train
smids/Normal_Sperm/Normal_Sperm (277).bmp,4,train
smids/Normal_Sperm/Normal_Sperm (279).bmp,4,train
smids/Normal_Sperm/Normal_Sperm (280).bmp,4,train
smids/Normal_Sperm/Normal_Sperm (283).bmp,4,train
smids/Normal_Sperm/Normal_Sperm (285).bmp,4,train
smids/Normal_Sperm/Normal_Sperm (287).bmp,4,train
smids/Normal_Sperm/Normal_Sperm (288).bmp,4,train
smids/Normal_Sperm/Normal_Sperm (29).bmp,4,train
smids/Normal_Sperm/Normal_Sperm (290).bmp,4,train
smids/Normal_Sperm/Normal_Sperm (291).bmp,4,train
smids/Normal_Sperm/Normal_Sperm (292).bmp,4,train
smids/Normal_Sperm/Normal_Sperm (293).bmp,4,train
smids/Normal_Sperm/Normal_Sperm (296).bmp,4,train
smids/Normal_Sperm/Normal_Sperm (297).bmp,4,train
smids/Normal_Sperm/Normal_Sperm (298).bmp,4,train
smids/Normal_Sperm/Normal_Sperm (3).bmp,4,train
smids/Normal_Sperm/Normal_Sperm (30).bmp,4,train
smids/Normal_Sperm/Normal_Sperm (301).bmp,4,train
smids/Normal_Sperm/Normal_Sperm (303).bmp,4,train
smids/Normal_Sperm/Normal_Sperm (305).bmp,4,train
smids/Normal_Sperm/Normal_Sperm (306).bmp,4,train
smids/Normal_Sperm/Normal_Sperm (31).bmp,4,train
smids/Normal_Sperm/Normal_Sperm (311).bmp,4,train
smids/Normal_Sperm/Normal_Sperm (314).bmp,4,train
smids/Normal_Sperm/Normal_Sperm (316).bmp,4,train
smids/Normal_Sperm/Normal_Sperm (322).bmp,4,train
smids/Normal_Sperm/Normal_Sperm (323).bmp,4,train
smids/Normal_Sperm/Normal_Sperm (325).bmp,4,train
smids/Normal_Sperm/Normal_Sperm (327).bmp,4,train
smids/Normal_Sperm/Normal_Sperm (328).bmp,4,train
smids/Normal_Sperm/Normal_Sperm (329).bmp,4,train
smids/Normal_Sperm/Normal_Sperm (332).bmp,4,train
smids/Normal_Sperm/Normal_Sperm (333).bmp,4,train
smids/Normal_Sperm/Normal_Sperm (334).bmp,4,train
smids/Normal_Sperm/Normal_Sperm (335).bmp,4,train
smids/Normal_Sperm/Normal_Sperm (336).bmp,4,train
smids/Normal_Sperm/Normal_Sperm (338).bmp,4,train
smids/Normal_Sperm/Normal_Sperm (34).bmp,4,train
smids/Normal_Sperm/Normal_Sperm (341).bmp,4,train
smids/Normal_Sperm/Normal_Sperm (344).bmp,4,train
smids/Normal_Sperm/Normal_Sperm (345).bmp,4,train
smids/Normal_Sperm/Normal_Sperm (347).bmp,4,train
smids/Normal_Sperm/Normal_Sperm (348).bmp,4,train
smids/Normal_Sperm/Normal_Sperm (349).bmp,4,train
smids/Normal_Sperm/Normal_Sperm (352).bmp,4,train
smids/Normal_Sperm/Normal_Sperm (358).bmp,4,train
smids/Normal_Sperm/Normal_Sperm (36).bmp,4,train
smids/Normal_Sperm/Normal_Sperm (360).bmp,4,train
smids/Normal_Sperm/Normal_Sperm (362).bmp,4,train
smids/Normal_Sperm/Normal_Sperm (363).bmp,4,train
smids/Normal_Sperm/Normal_Sperm (365).bmp,4,train
smids/Normal_Sperm/Normal_Sperm (366).bmp,4,train
smids/Normal_Sperm/Normal_Sperm (367).bmp,4,train
smids/Normal_Sperm/Normal_Sperm (369).bmp,4,train
smids/Normal_Sperm/Normal_Sperm (37).bmp,4,train
smids/Normal_Sperm/Normal_Sperm (370).bmp,4,train
smids/Normal_Sperm/Normal_Sperm (371).bmp,4,train
smids/Normal_Sperm/Normal_Sperm (374).bmp,4,train
smids/Normal_Sperm/Normal_Sperm (376).bmp,4,train
smids/Normal_Sperm/Normal_Sperm (378).bmp,4,train
smids/Normal_Sperm/Normal_Sperm (379).bmp,4,train
smids/Normal_Sperm/Normal_Sperm (38).bmp,4,train
smids/Normal_Sperm/Normal_Sperm (380).bmp,4,train
smids/Normal_Sperm/Normal_Sperm (381).bmp,4,train
smids/Normal_Sperm/Normal_Sperm (386).bmp,4,train
smids/Normal_Sperm/Normal_Sperm (387).bmp,4,train
smids/Normal_Sperm/Normal_Sperm (388).bmp,4,train
smids/Normal_Sperm/Normal_Sperm (39).bmp,4,train
smids/Normal_Sperm/Normal_Sperm (390).bmp,4,train
smids/Normal_Sperm/Normal_Sperm (392).bmp,4,train
smids/Normal_Sperm/Normal_Sperm (393).bmp,4,train
smids/Normal_Sperm/Normal_Sperm (395).bmp,4,train
smids/Normal_Sperm/Normal_Sperm (397).bmp,4,train
smids/Normal_Sperm/Normal_Sperm (398).bmp,4,train
smids/Normal_Sperm/Normal_Sperm (401).bmp,4,train
smids/Normal_Sperm/Normal_Sperm (403).bmp,4,train
smids/Normal_Sperm/Normal_Sperm (405).bmp,4,train
smids/Normal_Sperm/Normal_Sperm (406).bmp,4,train
smids/Normal_Sperm/Normal_Sperm (408).bmp,4,train
smids/Normal_Sperm/Normal_Sperm (413).bmp,4,train
smids/Normal_Sperm/Normal_Sperm (414).bmp,4,train
smids/Normal_Sperm/Normal_Sperm (415).bmp,4,train
smids/Normal_Sperm/Normal_Sperm (416).bmp,4,train
smids/Normal_Sperm/Normal_Sperm (417).bmp,4,train
smids/Normal_Sperm/Normal_Sperm (419).bmp,4,train
smids/Normal_Sperm/Normal_Sperm (421).bmp,4,train
smids/Normal_Sperm/Normal_Sperm (422).bmp,4,train
smids/Normal_Sperm/Normal_Sperm (423).bmp,4,train
smids/Normal_Sperm/Normal_Sperm (424).bmp,4,train
smids/Normal_Sperm/Normal_Sperm (427).bmp,4,train
smids/Normal_Sperm/Normal_Sperm (429).bmp,4,train
smids/Normal_Sperm/Normal_Sperm (43).bmp,4,train
smids/Normal_Sperm/Normal_Sperm (438).bmp,4,train
smids/Normal_Sperm/Normal_Sperm (44).bmp,4,train
smids/Normal_Sperm/Normal_Sperm (440).bmp,4,train
smids/Normal_Sperm/Normal_Sperm (444).bmp,4,train
smids/Normal_Sperm/Normal_Sperm (445).bmp,4,train
smids/Normal_Sperm/Normal_Sperm (446).bmp,4,train
smids/Normal_Sperm/Normal_Sperm (448).bmp,4,train
smids/Normal_Sperm/Normal_Sperm (449).bmp,4,train
smids/Normal_Sperm/Normal_Sperm (450).bmp,4,train
smids/Normal_Sperm/Normal_Sperm (451).bmp,4,train
smids/Normal_Sperm/Normal_Sperm (453).bmp,4,train
smids/Normal_Sperm/Normal_Sperm (454).bmp,4,train
smids/Normal_Sperm/Normal_Sperm (455).bmp,4,train
smids/Normal_Sperm/Normal_Sperm (461).bmp,4,train
smids/Normal_Sperm/Normal_Sperm (462).bmp,4,train
smids/Normal_Sperm/Normal_Sperm (463).bmp,4,train
smids/Normal_Sperm/Normal_Sperm (465).bmp,4,train
smids/Normal_Sperm/Normal_Sperm (466).bmp,4,train
smids/Normal_Sperm/Normal_Sperm (470).bmp,4,train
smids/Normal_Sperm/Normal_Sperm (471).bmp,4,train
smids/Normal_Sperm/Normal_Sperm (472).bmp,4,train
smids/Normal_Sperm/Normal_Sperm (475).bmp,4,train
smids/Normal_Sperm/Normal_Sperm (476).bmp,4,train
smids/Normal_Sperm/Normal_Sperm (478).bmp,4,train
smids/Normal_Sperm/Normal_Sperm (479).bmp,4,train
smids/Normal_Sperm/Normal_Sperm (48).bmp,4,train
smids/Normal_Sperm/Normal_Sperm (480).bmp,4,train
smids/Normal_Sperm/Normal_Sperm (481).bmp,4,train
smids/Normal_Sperm/Normal_Sperm (484).bmp,4,train
smids/Normal_Sperm/Normal_Sperm (485).bmp,4,train
smids/Normal_Sperm/Normal_Sperm (486).bmp,4,train
smids/Normal_Sperm/Normal_Sperm (487).bmp,4,train
smids/Normal_Sperm/Normal_Sperm (488).bmp,4,train
smids/Normal_Sperm/Normal_Sperm (489).bmp,4,train
smids/Normal_Sperm/Normal_Sperm (490).bmp,4,train
smids/Normal_Sperm/Normal_Sperm (491).bmp,4,train
smids/Normal_Sperm/Normal_Sperm (492).bmp,4,train
smids/Normal_Sperm/Normal_Sperm (493).bmp,4,train
smids/Normal_Sperm/Normal_Sperm (497).bmp,4,train
smids/Normal_Sperm/Normal_Sperm (5).bmp,4,train
smids/Normal_Sperm/Normal_Sperm (500).bmp,4,train
smids/Normal_Sperm/Normal_Sperm (501).bmp,4,train
smids/Normal_Sperm/Normal_Sperm (508).bmp,4,train
smids/Normal_Sperm/Normal_Sperm (509).bmp,4,train
smids/Normal_Sperm/Normal_Sperm (51).bmp,4,train
smids/Normal_Sperm/Normal_Sperm (510).bmp,4,train
smids/Normal_Sperm/Normal_Sperm (514).bmp,4,train
smids/Normal_Sperm/Normal_Sperm (515).bmp,4,train
smids/Normal_Sperm/Normal_Sperm (516).bmp,4,train
smids/Normal_Sperm/Normal_Sperm (517).bmp,4,train
smids/Normal_Sperm/Normal_Sperm (519).bmp,4,train
smids/Normal_Sperm/Normal_Sperm (520).bmp,4,train
smids/Normal_Sperm/Normal_Sperm (521).bmp,4,train
smids/Normal_Sperm/Normal_Sperm (523).bmp,4,train
smids/Normal_Sperm/Normal_Sperm (525).bmp,4,train
smids/Normal_Sperm/Normal_Sperm (526).bmp,4,train
smids/Normal_Sperm/Normal_Sperm (528).bmp,4,train
smids/Normal_Sperm/Normal_Sperm (529).bmp,4,train
smids/Normal_Sperm/Normal_Sperm (53).bmp,4,train
smids/Normal_Sperm/Normal_Sperm (530).bmp,4,train
smids/Normal_Sperm/Normal_Sperm (531).bmp,4,train
smids/Normal_Sperm/Normal_Sperm (532).bmp,4,train
smids/Normal_Sperm/Normal_Sperm (533).bmp,4,train
smids/Normal_Sperm/Normal_Sperm (535).bmp,4,train
smids/Normal_Sperm/Normal_Sperm (538).bmp,4,train
smids/Normal_Sperm/Normal_Sperm (54).bmp,4,train
smids/Normal_Sperm/Normal_Sperm (541).bmp,4,train
smids/Normal_Sperm/Normal_Sperm (542).bmp,4,train
smids/Normal_Sperm/Normal_Sperm (545).bmp,4,train
smids/Normal_Sperm/Normal_Sperm (546).bmp,4,train
smids/Normal_Sperm/Normal_Sperm (548).bmp,4,train
smids/Normal_Sperm/Normal_Sperm (549).bmp,4,train
smids/Normal_Sperm/Normal_Sperm (55).bmp,4,train
smids/Normal_Sperm/Normal_Sperm (551).bmp,4,train
smids/Normal_Sperm/Normal_Sperm (558).bmp,4,train
smids/Normal_Sperm/Normal_Sperm (560).bmp,4,train
smids/Normal_Sperm/Normal_Sperm (562).bmp,4,train
smids/Normal_Sperm/Normal_Sperm (564).bmp,4,train
smids/Normal_Sperm/Normal_Sperm (568).bmp,4,train
smids/Normal_Sperm/Normal_Sperm (569).bmp,4,train
smids/Normal_Sperm/Normal_Sperm (570).bmp,4,train
smids/Normal_Sperm/Normal_Sperm (571).bmp,4,train
smids/Normal_Sperm/Normal_Sperm (572).bmp,4,train
smids/Normal_Sperm/Normal_Sperm (573).bmp,4,train
smids/Normal_Sperm/Normal_Sperm (574).bmp,4,train
smids/Normal_Sperm/Normal_Sperm (575).bmp,4,train
smids/Normal_Sperm/Normal_Sperm (578).bmp,4,train
smids/Normal_Sperm/Normal_Sperm (579).bmp,4,train
smids/Normal_Sperm/Normal_Sperm (58).bmp,4,train
smids/Normal_Sperm/Normal_Sperm (581).bmp,4,train
smids/Normal_Sperm/Normal_Sperm (586).bmp,4,train
smids/Normal_Sperm/Normal_Sperm (59).bmp,4,train
smids/Normal_Sperm/Normal_Sperm (591).bmp,4,train
smids/Normal_Sperm/Normal_Sperm (593).bmp,4,train
smids/Normal_Sperm/Normal_Sperm (596).bmp,4,train
smids/Normal_Sperm/Normal_Sperm (602).bmp,4,train
smids/Normal_Sperm/Normal_Sperm (603).bmp,4,train
smids/Normal_Sperm/Normal_Sperm (604).bmp,4,train
smids/Normal_Sperm/Normal_Sperm (606).bmp,4,train
smids/Normal_Sperm/Normal_Sperm (608).bmp,4,train
smids/Normal_Sperm/Normal_Sperm (609).bmp,4,train
smids/Normal_Sperm/Normal_Sperm (61).bmp,4,train
smids/Normal_Sperm/Normal_Sperm (612).bmp,4,train
smids/Normal_Sperm/Normal_Sperm (613).bmp,4,train
smids/Normal_Sperm/Normal_Sperm (614).bmp,4,train
smids/Normal_Sperm/Normal_Sperm (615).bmp,4,train
smids/Normal_Sperm/Normal_Sperm (616).bmp,4,train
smids/Normal_Sperm/Normal_Sperm (617).bmp,4,train
smids/Normal_Sperm/Normal_Sperm (619).bmp,4,train
smids/Normal_Sperm/Normal_Sperm (622).bmp,4,train
smids/Normal_Sperm/Normal_Sperm (623).bmp,4,train
smids/Normal_Sperm/Normal_Sperm (624).bmp,4,train
smids/Normal_Sperm/Normal_Sperm (625).bmp,4,train
smids/Normal_Sperm/Normal_Sperm (627).bmp,4,train
smids/Normal_Sperm/Normal_Sperm (628).bmp,4,train
smids/Normal_Sperm/Normal_Sperm (632).bmp,4,train
smids/Normal_Sperm/Normal_Sperm (634).bmp,4,train
smids/Normal_Sperm/Normal_Sperm (635).bmp,4,train
smids/Normal_Sperm/Normal_Sperm (637).bmp,4,train
smids/Normal_Sperm/Normal_Sperm (638).bmp,4,train
smids/Normal_Sperm/Normal_Sperm (64).bmp,4,train
smids/Normal_Sperm/Normal_Sperm (642).bmp,4,train
smids/Normal_Sperm/Normal_Sperm (643).bmp,4,train
smids/Normal_Sperm/Normal_Sperm (644).bmp,4,train
smids/Normal_Sperm/Normal_Sperm (645).bmp,4,train
smids/Normal_Sperm/Normal_Sperm (648).bmp,4,train
smids/Normal_Sperm/Normal_Sperm (649).bmp,4,train
smids/Normal_Sperm/Normal_Sperm (650).bmp,4,train
smids/Normal_Sperm/Normal_Sperm (651).bmp,4,train
smids/Normal_Sperm/Normal_Sperm (652).bmp,4,train
smids/Normal_Sperm/Normal_Sperm (655).bmp,4,train
smids/Normal_Sperm/Normal_Sperm (656).bmp,4,train
smids/Normal_Sperm/Normal_Sperm (658).bmp,4,train
smids/Normal_Sperm/Normal_Sperm (666).bmp,4,train
smids/Normal_Sperm/Normal_Sperm (667).bmp,4,train
smids/Normal_Sperm/Normal_Sperm (671).bmp,4,train
smids/Normal_Sperm/Normal_Sperm (673).bmp,4,train
smids/Normal_Sperm/Normal_Sperm (677).bmp,4,train
smids/Normal_Sperm/Normal_Sperm (678).bmp,4,train
smids/Normal_Sperm/Normal_Sperm (684).bmp,4,train
smids/Normal_Sperm/Normal_Sperm (685).bmp,4,train
smids/Normal_Sperm/Normal_Sperm (686).bmp,4,train
smids/Normal_Sperm/Normal_Sperm (689).bmp,4,train
smids/Normal_Sperm/Normal_Sperm (69).bmp,4,train
smids/Normal_Sperm/Normal_Sperm (690).bmp,4,train
smids/Normal_Sperm/Normal_Sperm (691).bmp,4,train
smids/Normal_Sperm/Normal_Sperm (692).bmp,4,train
smids/Normal_Sperm/Normal_Sperm (696).bmp,4,train
smids/Normal_Sperm/Normal_Sperm (697).bmp,4,train
smids/Normal_Sperm/Normal_Sperm (700).bmp,4,train
smids/Normal_Sperm/Normal_Sperm (702).bmp,4,train
smids/Normal_Sperm/Normal_Sperm (704).bmp,4,train
smids/Normal_Sperm/Normal_Sperm (705).bmp,4,train
smids/Normal_Sperm/Normal_Sperm (706).bmp,4,train
smids/Normal_Sperm/Normal_Sperm (707).bmp,4,train
smids/Normal_Sperm/Normal_Sperm (709).bmp,4,train
smids/Normal_Sperm/Normal_Sperm (71).bmp,4,train
smids/Normal_Sperm/Normal_Sperm (710).bmp,4,train
smids/Normal_Sperm/Normal_Sperm (713).bmp,4,train
smids/Normal_Sperm/Normal_Sperm (714).bmp,4,train
smids/Normal_Sperm/Normal_Sperm (717).bmp,4,train
smids/Normal_Sperm/Normal_Sperm (718).bmp,4,train
smids/Normal_Sperm/Normal_Sperm (72).bmp,4,train
smids/Normal_Sperm/Normal_Sperm (720).bmp,4,train
smids/Normal_Sperm/Normal_Sperm (721).bmp,4,train
smids/Normal_Sperm/Normal_Sperm (723).bmp,4,train
smids/Normal_Sperm/Normal_Sperm (724).bmp,4,train
smids/Normal_Sperm/Normal_Sperm (728).bmp,4,train
smids/Normal_Sperm/Normal_Sperm (73).bmp,4,train
smids/Normal_Sperm/Normal_Sperm (731).bmp,4,train
smids/Normal_Sperm/Normal_Sperm (734).bmp,4,train
smids/Normal_Sperm/Normal_Sperm (735).bmp,4,train
smids/Normal_Sperm/Normal_Sperm (736).bmp,4,train
smids/Normal_Sperm/Normal_Sperm (737).bmp,4,train
smids/Normal_Sperm/Normal_Sperm (739).bmp,4,train
smids/Normal_Sperm/Normal_Sperm (741).bmp,4,train
smids/Normal_Sperm/Normal_Sperm (743).bmp,4,train
smids/Normal_Sperm/Normal_Sperm (744).bmp,4,train
smids/Normal_Sperm/Normal_Sperm (748).bmp,4,train
smids/Normal_Sperm/Normal_Sperm (749).bmp,4,train
smids/Normal_Sperm/Normal_Sperm (75).bmp,4,train
smids/Normal_Sperm/Normal_Sperm (752).bmp,4,train
smids/Normal_Sperm/Normal_Sperm (754).bmp,4,train
smids/Normal_Sperm/Normal_Sperm (756).bmp,4,train
smids/Normal_Sperm/Normal_Sperm (758).bmp,4,train
smids/Normal_Sperm/Normal_Sperm (759).bmp,4,train
smids/Normal_Sperm/Normal_Sperm (76).bmp,4,train
smids/Normal_Sperm/Normal_Sperm (760).bmp,4,train
smids/Normal_Sperm/Normal_Sperm (762).bmp,4,train
smids/Normal_Sperm/Normal_Sperm (766).bmp,4,train
smids/Normal_Sperm/Normal_Sperm (768).bmp,4,train
smids/Normal_Sperm/Normal_Sperm (77).bmp,4,train
smids/Normal_Sperm/Normal_Sperm (770).bmp,4,train
smids/Normal_Sperm/Normal_Sperm (774).bmp,4,train
smids/Normal_Sperm/Normal_Sperm (775).bmp,4,train
smids/Normal_Sperm/Normal_Sperm (776).bmp,4,train
smids/Normal_Sperm/Normal_Sperm (779).bmp,4,train
smids/Normal_Sperm/Normal_Sperm (78).bmp,4,train
smids/Normal_Sperm/Normal_Sperm (782).bmp,4,train
smids/Normal_Sperm/Normal_Sperm (785).bmp,4,train
smids/Normal_Sperm/Normal_Sperm (788).bmp,4,train
smids/Normal_Sperm/Normal_Sperm (79).bmp,4,train
smids/Normal_Sperm/Normal_Sperm (791).bmp,4,train
smids/Normal_Sperm/Normal_Sperm (793).bmp,4,train
smids/Normal_Sperm/Normal_Sperm (795).bmp,4,train
smids/Normal_Sperm/Normal_Sperm (796).bmp,4,train
smids/Normal_Sperm/Normal_Sperm (797).bmp,4,train
smids/Normal_Sperm/Normal_Sperm (799).bmp,4,train
smids/Normal_Sperm/Normal_Sperm (80).bmp,4,train
smids/Normal_Sperm/Normal_Sperm (800).bmp,4,train
smids/Normal_Sperm/Normal_Sperm (801).bmp,4,train
smids/Normal_Sperm/Normal_Sperm (803).bmp,4,train
smids/Normal_Sperm/Normal_Sperm (804).bmp,4,train
smids/Normal_Sperm/Normal_Sperm (806).bmp,4,train
smids/Normal_Sperm/Normal_Sperm (807).bmp,4,train
smids/Normal_Sperm/Normal_Sperm (809).bmp,4,train
smids/Normal_Sperm/Normal_Sperm (81).bmp,4,train
smids/Normal_Sperm/Normal_Sperm (811).bmp,4,train
smids/Normal_Sperm/Normal_Sperm (813).bmp,4,train
smids/Normal_Sperm/Normal_Sperm (814).bmp,4,train
smids/Normal_Sperm/Normal_Sperm (815).bmp,4,train
smids/Normal_Sperm/Normal_Sperm (817).bmp,4,train
smids/Normal_Sperm/Normal_Sperm (820).bmp,4,train
smids/Normal_Sperm/Normal_Sperm (821).bmp,4,train
smids/Normal_Sperm/Normal_Sperm (822).bmp,4,train
smids/Normal_Sperm/Normal_Sperm (823).bmp,4,train
smids/Normal_Sperm/Normal_Sperm (824).bmp,4,train
smids/Normal_Sperm/Normal_Sperm (825).bmp,4,train
smids/Normal_Sperm/Normal_Sperm (827).bmp,4,train
smids/Normal_Sperm/Normal_Sperm (829).bmp,4,train
smids/Normal_Sperm/Normal_Sperm (83).bmp,4,train
smids/Normal_Sperm/Normal_Sperm (833).bmp,4,train
smids/Normal_Sperm/Normal_Sperm (834).bmp,4,train
smids/Normal_Sperm/Normal_Sperm (838).bmp,4,train
smids/Normal_Sperm/Normal_Sperm (840).bmp,4,train
smids/Normal_Sperm/Normal_Sperm (844).bmp,4,train
smids/Normal_Sperm/Normal_Sperm (846).bmp,4,train
smids/Normal_Sperm/Normal_Sperm (848).bmp,4,train
smids/Normal_Sperm/Normal_Sperm (850).bmp,4,train
smids/Normal_Sperm/Normal_Sperm (851).bmp,4,train
smids/Normal_Sperm/Normal_Sperm (853).bmp,4,train
smids/Normal_Sperm/Normal_Sperm (854).bmp,4,train
smids/Normal_Sperm/Normal_Sperm (858).bmp,4,train
smids/Normal_Sperm/Normal_Sperm (859).bmp,4,train
smids/Normal_Sperm/Normal_Sperm (861).bmp,4,train
smids/Normal_Sperm/Normal_Sperm (863).bmp,4,train
smids/Normal_Sperm/Normal_Sperm (865).bmp,4,train
smids/Normal_Sperm/Normal_Sperm (87).bmp,4,train
smids/Normal_Sperm/Normal_Sperm (870).bmp,4,train
smids/Normal_Sperm/Normal_Sperm (872).bmp,4,train
smids/Normal_Sperm/Normal_Sperm (873).bmp,4,train
smids/Normal_Sperm/Normal_Sperm (875).bmp,4,train
smids/Normal_Sperm/Normal_Sperm (88).bmp,4,train
smids/Normal_Sperm/Normal_Sperm (880).bmp,4,train
smids/Normal_Sperm/Normal_Sperm (882).bmp,4,train
smids/Normal_Sperm/Normal_Sperm (884).bmp,4,train
smids/Normal_Sperm/Normal_Sperm (886).bmp,4,train
smids/Normal_Sperm/Normal_Sperm (889).bmp,4,train
smids/Normal_Sperm/Normal_Sperm (890).bmp,4,train
smids/Normal_Sperm/Normal_Sperm (891).bmp,4,train
smids/Normal_Sperm/Normal_Sperm (892).bmp,4,train
smids/Normal_Sperm/Normal_Sperm (893).bmp,4,train
smids/Normal_Sperm/Normal_Sperm (895).bmp,4,train
smids/Normal_Sperm/Normal_Sperm (896).bmp,4,train
smids/Normal_Sperm/Normal_Sperm (897).bmp,4,train
smids/Normal_Sperm/Normal_Sperm (899).bmp,4,train
smids/Normal_Sperm/Normal_Sperm (90).bmp,4,train
smids/Normal_Sperm/Normal_Sperm (900).bmp,4,train
smids/Normal_Sperm/Normal_Sperm (902).bmp,4,train
smids/Normal_Sperm/Normal_Sperm (903).bmp,4,train
smids/Normal_Sperm/Normal_Sperm (904).bmp,4,train
smids/Normal_Sperm/Normal_Sperm (906).bmp,4,train
smids/Normal_Sperm/Normal_Sperm (907).bmp,4,train
smids/Normal_Sperm/Normal_Sperm (909).bmp,4,train
smids/Normal_Sperm/Normal_Sperm (91).bmp,4,train
smids/Normal_Sperm/Normal_Sperm (913).bmp,4,train
smids/Normal_Sperm/Normal_Sperm (916).bmp,4,train
smids/Normal_Sperm/Normal_Sperm (917).bmp,4,train
smids/Normal_Sperm/Normal_Sperm (918).bmp,4,train
smids/Normal_Sperm/Normal_Sperm (919).bmp,4,train
smids/Normal_Sperm/Normal_Sperm (922).bmp,4,train
smids/Normal_Sperm/Normal_Sperm (923).bmp,4,train
smids/Normal_Sperm/Normal_Sperm (924).bmp,4,train
smids/Normal_Sperm/Normal_Sperm (925).bmp,4,train
smids/Normal_Sperm/Normal_Sperm (926).bmp,4,train
smids/Normal_Sperm/Normal_Sperm (929).bmp,4,train
smids/Normal_Sperm/Normal_Sperm (93).bmp,4,train
smids/Normal_Sperm/Normal_Sperm (931).bmp,4,train
smids/Normal_Sperm/Normal_Sperm (932).bmp,4,train
smids/Normal_Sperm/Normal_Sperm (934).bmp,4,train
smids/Normal_Sperm/Normal_Sperm (935).bmp,4,train
smids/Normal_Sperm/Normal_Sperm (936).bmp,4,train
smids/Normal_Sperm/Normal_Sperm (939).bmp,4,train
smids/Normal_Sperm/Normal_Sperm (941).bmp,4,train
smids/Normal_Sperm/Normal_Sperm (942).bmp,4,train
smids/Normal_Sperm/Normal_Sperm (943).bmp,4,train
smids/Normal_Sperm/Normal_Sperm (944).bmp,4,train
smids/Normal_Sperm/Normal_Sperm (946).bmp,4,train
smids/Normal_Sperm/Normal_Sperm (947).bmp,4,train
smids/Normal_Sperm/Normal_Sperm (948).bmp,4,train
smids/Normal_Sperm/Normal_Sperm (949).bmp,4,train
smids/Normal_Sperm/Normal_Sperm (950).bmp,4,train
smids/Normal_Sperm/Normal_Sperm (952).bmp,4,train
smids/Normal_Sperm/Normal_Sperm (954).bmp,4,train
smids/Normal_Sperm/Normal_Sperm (955).bmp,4,train
smids/Normal_Sperm/Normal_Sperm (956).bmp,4,train
smids/Normal_Sperm/Normal_Sperm (957).bmp,4,train
smids/Normal_Sperm/Normal_Sperm (958).bmp,4,train
smids/Normal_Sperm/Normal_Sperm (959).bmp,4,train
smids/Normal_Sperm/Normal_Sperm (962).bmp,4,train
smids/Normal_Sperm/Normal_Sperm (963).bmp,4,train
smids/Normal_Sperm/Normal_Sperm (964).bmp,4,train
smids/Normal_Sperm/Normal_Sperm (966).bmp,4,train
smids/Normal_Sperm/Normal_Sperm (967).bmp,4,train
smids/Normal_Sperm/Normal_Sperm (969).bmp,4,train
smids/Normal_Sperm/Normal_Sperm (976).bmp,4,train
smids/Normal_Sperm/Normal_Sperm (980).bmp,4,train
smids/Normal_Sperm/Normal_Sperm (985).bmp,4,train
smids/Normal_Sperm/Normal_Sperm (988).bmp,4,train
smids/Normal_Sperm/Normal_Sperm (994).bmp,4,train
smids/Normal_Sperm/Normal_Sperm (998).bmp,4,train
smids/Normal_Sperm/Normal_Sperm (999).bmp,4,train
smids/Abnormal_Sperm/Abnormal_Sperm (1004).bmp,4,val
smids/Abnormal_Sperm/Abnormal_Sperm (101).bmp,4,val
smids/Abnormal_Sperm/Abnormal_Sperm (113).bmp,4,val
smids/Abnormal_Sperm/Abnormal_Sperm (125).bmp,4,val
smids/Abnormal_Sperm/Abnormal_Sperm (142).bmp,4,val
smids/Abnormal_Sperm/Abnormal_Sperm (147).bmp,4,val
smids/Abnormal_Sperm/Abnormal_Sperm (148).bmp,4,val
smids/Abnormal_Sperm/Abnormal_Sperm (155).bmp,4,val
smids/Abnormal_Sperm/Abnormal_Sperm (162).bmp,4,val
smids/Abnormal_Sperm/Abnormal_Sperm (170).bmp,4,val
smids/Abnormal_Sperm/Abnormal_Sperm (179).bmp,4,val
smids/Abnormal_Sperm/Abnormal_Sperm (187).bmp,4,val
smids/Abnormal_Sperm/Abnormal_Sperm (191).bmp,4,val
smids/Abnormal_Sperm/Abnormal_Sperm (204).bmp,4,val
smids/Abnormal_Sperm/Abnormal_Sperm (206).bmp,4,val
smids/Abnormal_Sperm/Abnormal_Sperm (217).bmp,4,val
smids/Abnormal_Sperm/Abnormal_Sperm (218).bmp,4,val
smids/Abnormal_Sperm/Abnormal_Sperm (222).bmp,4,val
smids/Abnormal_Sperm/Abnormal_Sperm (225).bmp,4,val
smids/Abnormal_Sperm/Abnormal_Sperm (226).bmp,4,val
smids/Abnormal_Sperm/Abnormal_Sperm (236).bmp,4,val
smids/Abnormal_Sperm/Abnormal_Sperm (239).bmp,4,val
smids/Abnormal_Sperm/Abnormal_Sperm (246).bmp,4,val
smids/Abnormal_Sperm/Abnormal_Sperm (251).bmp,4,val
smids/Abnormal_Sperm/Abnormal_Sperm (258).bmp,4,val
smids/Abnormal_Sperm/Abnormal_Sperm (261).bmp,4,val
smids/Abnormal_Sperm/Abnormal_Sperm (271).bmp,4,val
smids/Abnormal_Sperm/Abnormal_Sperm (281).bmp,4,val
smids/Abnormal_Sperm/Abnormal_Sperm (283).bmp,4,val
smids/Abnormal_Sperm/Abnormal_Sperm (289).bmp,4,val
smids/Abnormal_Sperm/Abnormal_Sperm (307).bmp,4,val
smids/Abnormal_Sperm/Abnormal_Sperm (31).bmp,4,val
smids/Abnormal_Sperm/Abnormal_Sperm (313).bmp,4,val
smids/Abnormal_Sperm/Abnormal_Sperm (315).bmp,4,val
smids/Abnormal_Sperm/Abnormal_Sperm (325).bmp,4,val
smids/Abnormal_Sperm/Abnormal_Sperm (327).bmp,4,val
smids/Abnormal_Sperm/Abnormal_Sperm (329).bmp,4,val
smids/Abnormal_Sperm/Abnormal_Sperm (338).bmp,4,val
smids/Abnormal_Sperm/Abnormal_Sperm (348).bmp,4,val
smids/Abnormal_Sperm/Abnormal_Sperm (360).bmp,4,val
smids/Abnormal_Sperm/Abnormal_Sperm (361).bmp,4,val
smids/Abnormal_Sperm/Abnormal_Sperm (363).bmp,4,val
smids/Abnormal_Sperm/Abnormal_Sperm (367).bmp,4,val
smids/Abnormal_Sperm/Abnormal_Sperm (374).bmp,4,val
smids/Abnormal_Sperm/Abnormal_Sperm (382).bmp,4,val
smids/Abnormal_Sperm/Abnormal_Sperm (39).bmp,4,val
smids/Abnormal_Sperm/Abnormal_Sperm (398).bmp,4,val
smids/Abnormal_Sperm/Abnormal_Sperm (399).bmp,4,val
smids/Abnormal_Sperm/Abnormal_Sperm (400).bmp,4,val
smids/Abnormal_Sperm/Abnormal_Sperm (413).bmp,4,val
smids/Abnormal_Sperm/Abnormal_Sperm (418).bmp,4,val
smids/Abnormal_Sperm/Abnormal_Sperm (422).bmp,4,val
smids/Abnormal_Sperm/Abnormal_Sperm (456).bmp,4,val
smids/Abnormal_Sperm/Abnormal_Sperm (485).bmp,4,val
smids/Abnormal_Sperm/Abnormal_Sperm (487).bmp,4,val
smids/Abnormal_Sperm/Abnormal_Sperm (5).bmp,4,val
smids/Abnormal_Sperm/Abnormal_Sperm (507).bmp,4,val
smids/Abnormal_Sperm/Abnormal_Sperm (514).bmp,4,val
smids/Abnormal_Sperm/Abnormal_Sperm (520).bmp,4,val
smids/Abnormal_Sperm/Abnormal_Sperm (538).bmp,4,val
smids/Abnormal_Sperm/Abnormal_Sperm (544).bmp,4,val
smids/Abnormal_Sperm/Abnormal_Sperm (546).bmp,4,val
smids/Abnormal_Sperm/Abnormal_Sperm (550).bmp,4,val
smids/Abnormal_Sperm/Abnormal_Sperm (555).bmp,4,val
smids/Abnormal_Sperm/Abnormal_Sperm (563).bmp,4,val
smids/Abnormal_Sperm/Abnormal_Sperm (57).bmp,4,val
smids/Abnormal_Sperm/Abnormal_Sperm (576).bmp,4,val
smids/Abnormal_Sperm/Abnormal_Sperm (577).bmp,4,val
smids/Abnormal_Sperm/Abnormal_Sperm (588).bmp,4,val
smids/Abnormal_Sperm/Abnormal_Sperm (589).bmp,4,val
smids/Abnormal_Sperm/Abnormal_Sperm (594).bmp,4,val
smids/Abnormal_Sperm/Abnormal_Sperm (606).bmp,4,val
smids/Abnormal_Sperm/Abnormal_Sperm (614).bmp,4,val
smids/Abnormal_Sperm/Abnormal_Sperm (623).bmp,4,val
smids/Abnormal_Sperm/Abnormal_Sperm (626).bmp,4,val
smids/Abnormal_Sperm/Abnormal_Sperm (650).bmp,4,val
smids/Abnormal_Sperm/Abnormal_Sperm (657).bmp,4,val
smids/Abnormal_Sperm/Abnormal_Sperm (669).bmp,4,val
smids/Abnormal_Sperm/Abnormal_Sperm (68).bmp,4,val
smids/Abnormal_Sperm/Abnormal_Sperm (680).bmp,4,val
smids/Abnormal_Sperm/Abnormal_Sperm (693).bmp,4,val
smids/Abnormal_Sperm/Abnormal_Sperm (694).bmp,4,val
smids/Abnormal_Sperm/Abnormal_Sperm (703).bmp,4,val
smids/Abnormal_Sperm/Abnormal_Sperm (707).bmp,4,val
smids/Abnormal_Sperm/Abnormal_Sperm (712).bmp,4,val
smids/Abnormal_Sperm/Abnormal_Sperm (721).bmp,4,val
smids/Abnormal_Sperm/Abnormal_Sperm (722).bmp,4,val
smids/Abnormal_Sperm/Abnormal_Sperm (73).bmp,4,val
smids/Abnormal_Sperm/Abnormal_Sperm (734).bmp,4,val
smids/Abnormal_Sperm/Abnormal_Sperm (735).bmp,4,val
smids/Abnormal_Sperm/Abnormal_Sperm (740).bmp,4,val
smids/Abnormal_Sperm/Abnormal_Sperm (741).bmp,4,val
smids/Abnormal_Sperm/Abnormal_Sperm (745).bmp,4,val
smids/Abnormal_Sperm/Abnormal_Sperm (764).bmp,4,val
smids/Abnormal_Sperm/Abnormal_Sperm (774).bmp,4,val
smids/Abnormal_Sperm/Abnormal_Sperm (777).bmp,4,val
smids/Abnormal_Sperm/Abnormal_Sperm (782).bmp,4,val
smids/Abnormal_Sperm/Abnormal_Sperm (784).bmp,4,val
smids/Abnormal_Sperm/Abnormal_Sperm (786).bmp,4,val
smids/Abnormal_Sperm/Abnormal_Sperm (79).bmp,4,val
smids/Abnormal_Sperm/Abnormal_Sperm (795).bmp,4,val
smids/Abnormal_Sperm/Abnormal_Sperm (808).bmp,4,val
smids/Abnormal_Sperm/Abnormal_Sperm (81).bmp,4,val
smids/Abnormal_Sperm/Abnormal_Sperm (812).bmp,4,val
smids/Abnormal_Sperm/Abnormal_Sperm (815).bmp,4,val
smids/Abnormal_Sperm/Abnormal_Sperm (833).bmp,4,val
smids/Abnormal_Sperm/Abnormal_Sperm (835).bmp,4,val
smids/Abnormal_Sperm/Abnormal_Sperm (843).bmp,4,val
smids/Abnormal_Sperm/Abnormal_Sperm (876).bmp,4,val
smids/Abnormal_Sperm/Abnormal_Sperm (91).bmp,4,val
smids/Abnormal_Sperm/Abnormal_Sperm (917).bmp,4,val
smids/Abnormal_Sperm/Abnormal_Sperm (919).bmp,4,val
smids/Abnormal_Sperm/Abnormal_Sperm (931).bmp,4,val
smids/Abnormal_Sperm/Abnormal_Sperm (947).bmp,4,val
smids/Abnormal_Sperm/Abnormal_Sperm (959).bmp,4,val
smids/Abnormal_Sperm/Abnormal_Sperm (982).bmp,4,val
smids/Abnormal_Sperm/Abnormal_Sperm (995).bmp,4,val
smids/Non-Sperm/Non-Sperm (106).bmp,4,val
smids/Non-Sperm/Non-Sperm (109).bmp,4,val
smids/Non-Sperm/Non-Sperm (119).bmp,4,val
smids/Non-Sperm/Non-Sperm (120).bmp,4,val
smids/Non-Sperm/Non-Sperm (126).bmp,4,val
smids/Non-Sperm/Non-Sperm (134).bmp,4,val
smids/Non-Sperm/Non-Sperm (140).bmp,4,val
smids/Non-Sperm/Non-Sperm (145).bmp,4,val
smids/Non-Sperm/Non-Sperm (164).bmp,4,val
smids/Non-Sperm/Non-Sperm (17).bmp,4,val
smids/Non-Sperm/Non-Sperm (184).bmp,4,val
smids/Non-Sperm/Non-Sperm (195).bmp,4,val
smids/Non-Sperm/Non-Sperm (198).bmp,4,val
smids/Non-Sperm/Non-Sperm (203).bmp,4,val
smids/Non-Sperm/Non-Sperm (208).bmp,4,val
smids/Non-Sperm/Non-Sperm (225).bmp,4,val
smids/Non-Sperm/Non-Sperm (241).bmp,4,val
smids/Non-Sperm/Non-Sperm (244).bmp,4,val
smids/Non-Sperm/Non-Sperm (246).bmp,4,val
smids/Non-Sperm/Non-Sperm (247).bmp,4,val
smids/Non-Sperm/Non-Sperm (250).bmp,4,val
smids/Non-Sperm/Non-Sperm (252).bmp,4,val
smids/Non-Sperm/Non-Sperm (254).bmp,4,val
smids/Non-Sperm/Non-Sperm (255).bmp,4,val
smids/Non-Sperm/Non-Sperm (26).bmp,4,val
smids/Non-Sperm/Non-Sperm (279).bmp,4,val
smids/Non-Sperm/Non-Sperm (28).bmp,4,val
smids/Non-Sperm/Non-Sperm (281).bmp,4,val
smids/Non-Sperm/Non-Sperm (282).bmp,4,val
smids/Non-Sperm/Non-Sperm (289).bmp,4,val
smids/Non-Sperm/Non-Sperm (319).bmp,4,val
smids/Non-Sperm/Non-Sperm (326).bmp,4,val
smids/Non-Sperm/Non-Sperm (327).bmp,4,val
smids/Non-Sperm/Non-Sperm (334).bmp,4,val
smids/Non-Sperm/Non-Sperm (344).bmp,4,val
smids/Non-Sperm/Non-Sperm (347).bmp,4,val
smids/Non-Sperm/Non-Sperm (378).bmp,4,val
smids/Non-Sperm/Non-Sperm (382).bmp,4,val
smids/Non-Sperm/Non-Sperm (384).bmp,4,val
smids/Non-Sperm/Non-Sperm (385).bmp,4,val
smids/Non-Sperm/Non-Sperm (388).bmp,4,val
smids/Non-Sperm/Non-Sperm (390).bmp,4,val
smids/Non-Sperm/Non-Sperm (416).bmp,4,val
smids/Non-Sperm/Non-Sperm (421).bmp,4,val
smids/Non-Sperm/Non-Sperm (424).bmp,4,val
smids/Non-Sperm/Non-Sperm (437).bmp,4,val
smids/Non-Sperm/Non-Sperm (461).bmp,4,val
smids/Non-Sperm/Non-Sperm (465).bmp,4,val
smids/Non-Sperm/Non-Sperm (471).bmp,4,val
smids/Non-Sperm/Non-Sperm (477).bmp,4,val
smids/Non-Sperm/Non-Sperm (478).bmp,4,val
smids/Non-Sperm/Non-Sperm (485).bmp,4,val
smids/Non-Sperm/Non-Sperm (490).bmp,4,val
smids/Non-Sperm/Non-Sperm (499).bmp,4,val
smids/Non-Sperm/Non-Sperm (509).bmp,4,val
smids/Non-Sperm/Non-Sperm (54).bmp,4,val
smids/Non-Sperm/Non-Sperm (547).bmp,4,val
smids/Non-Sperm/Non-Sperm (551).bmp,4,val
smids/Non-Sperm/Non-Sperm (560).bmp,4,val
smids/Non-Sperm/Non-Sperm (575).bmp,4,val
smids/Non-Sperm/Non-Sperm (577).bmp,4,val
smids/Non-Sperm/Non-Sperm (580).bmp,4,val
smids/Non-Sperm/Non-Sperm (6).bmp,4,val
smids/Non-Sperm/Non-Sperm (62).bmp,4,val
smids/Non-Sperm/Non-Sperm (626).bmp,4,val
smids/Non-Sperm/Non-Sperm (627).bmp,4,val
smids/Non-Sperm/Non-Sperm (63).bmp,4,val
smids/Non-Sperm/Non-Sperm (637).bmp,4,val
smids/Non-Sperm/Non-Sperm (638).bmp,4,val
smids/Non-Sperm/Non-Sperm (641).bmp,4,val
smids/Non-Sperm/Non-Sperm (65).bmp,4,val
smids/Non-Sperm/Non-Sperm (655).bmp,4,val
smids/Non-Sperm/Non-Sperm (659).bmp,4,val
smids/Non-Sperm/Non-Sperm (664).bmp,4,val
smids/Non-Sperm/Non-Sperm (675).bmp,4,val
smids/Non-Sperm/Non-Sperm (679).bmp,4,val
smids/Non-Sperm/Non-Sperm (684).bmp,4,val
smids/Non-Sperm/Non-Sperm (691).bmp,4,val
smids/Non-Sperm/Non-Sperm (697).bmp,4,val
smids/Non-Sperm/Non-Sperm (699).bmp,4,val
smids/Non-Sperm/Non-Sperm (718).bmp,4,val
smids/Non-Sperm/Non-Sperm (719).bmp,4,val
smids/Non-Sperm/Non-Sperm (720).bmp,4,val
smids/Non-Sperm/Non-Sperm (735).bmp,4,val
smids/Non-Sperm/Non-Sperm (738).bmp,4,val
smids/Non-Sperm/Non-Sperm (751).bmp,4,val
smids/Non-Sperm/Non-Sperm (752).bmp,4,val
smids/Non-Sperm/Non-Sperm (76).bmp,4,val
smids/Non-Sperm/Non-Sperm (769).bmp,4,val
smids/Non-Sperm/Non-Sperm (80).bmp,4,val
smids/Non-Sperm/Non-Sperm (806).bmp,4,val
smids/Non-Sperm/Non-Sperm (824).bmp,4,val
smids/Non-Sperm/Non-Sperm (830).bmp,4,val
smids/Non-Sperm/Non-Sperm (838).bmp,4,val
smids/Non-Sperm/Non-Sperm (84).bmp,4,val
smids/Non-Sperm/Non-Sperm (845).bmp,4,val
smids/Non-Sperm/Non-Sperm (847).bmp,4,val
smids/Non-Sperm/Non-Sperm (849).bmp,4,val
smids/Non-Sperm/Non-Sperm (856).bmp,4,val
smids/Non-Sperm/Non-Sperm (869).bmp,4,val
smids/Non-Sperm/Non-Sperm (875).bmp,4,val
smids/Non-Sperm/Non-Sperm (886).bmp,4,val
smids/Non-Sperm/Non-Sperm (894).bmp,4,val
smids/Non-Sperm/Non-Sperm (904).bmp,4,val
smids/Non-Sperm/Non-Sperm (908).bmp,4,val
smids/Non-Sperm/Non-Sperm (910).bmp,4,val
smids/Non-Sperm/Non-Sperm (912).bmp,4,val
smids/Non-Sperm/Non-Sperm (914).bmp,4,val
smids/Non-Sperm/Non-Sperm (917).bmp,4,val
smids/Non-Sperm/Non-Sperm (924).bmp,4,val
smids/Non-Sperm/Non-Sperm (926).bmp,4,val
smids/Non-Sperm/Non-Sperm (93).bmp,4,val
smids/Non-Sperm/Non-Sperm (941).bmp,4,val
smids/Non-Sperm/Non-Sperm (949).bmp,4,val
smids/Non-Sperm/Non-Sperm (950).bmp,4,val
smids/Non-Sperm/Non-Sperm (954).bmp,4,val
smids/Non-Sperm/Non-Sperm (955).bmp,4,val
smids/Normal_Sperm/Normal_Sperm (100).bmp,4,val
smids/Normal_Sperm/Normal_Sperm (1009).bmp,4,val
smids/Normal_Sperm/Normal_Sperm (1012).bmp,4,val
smids/Normal_Sperm/Normal_Sperm (1016).bmp,4,val
smids/Normal_Sperm/Normal_Sperm (1017).bmp,4,val
smids/Normal_Sperm/Normal_Sperm (1020).bmp,4,val
smids/Normal_Sperm/Normal_Sperm (106).bmp,4,val
smids/Normal_Sperm/Normal_Sperm (107).bmp,4,val
smids/Normal_Sperm/Normal_Sperm (12).bmp,4,val
smids/Normal_Sperm/Normal_Sperm (121).bmp,4,val
smids/Normal_Sperm/Normal_Sperm (124).bmp,4,val
smids/Normal_Sperm/Normal_Sperm (125).bmp,4,val
smids/Normal_Sperm/Normal_Sperm (126).bmp,4,val
smids/Normal_Sperm/Normal_Sperm (128).bmp,4,val
smids/Normal_Sperm/Normal_Sperm (13).bmp,4,val
smids/Normal_Sperm/Normal_Sperm (131).bmp,4,val
smids/Normal_Sperm/Normal_Sperm (162).bmp,4,val
smids/Normal_Sperm/Normal_Sperm (163).bmp,4,val
smids/Normal_Sperm/Normal_Sperm (165).bmp,4,val
smids/Normal_Sperm/Normal_Sperm (166).bmp,4,val
smids/Normal_Sperm/Normal_Sperm (167).bmp,4,val
smids/Normal_Sperm/Normal_Sperm (185).bmp,4,val
smids/Normal_Sperm/Normal_Sperm (195).bmp,4,val
smids/Normal_Sperm/Normal_Sperm (20).bmp,4,val
smids/Normal_Sperm/Normal_Sperm (203).bmp,4,val
smids/Normal_Sperm/Normal_Sperm (205).bmp,4,val
smids/Normal_Sperm/Normal_Sperm (209).bmp,4,val
smids/Normal_Sperm/Normal_Sperm (210).bmp,4,val
smids/Normal_Sperm/Normal_Sperm (216).bmp,4,val
smids/Normal_Sperm/Normal_Sperm (220).bmp,4,val
smids/Normal_Sperm/Normal_Sperm (261).bmp,4,val
smids/Normal_Sperm/Normal_Sperm (275).bmp,4,val
smids/Normal_Sperm/Normal_Sperm (28).bmp,4,val
smids/Normal_Sperm/Normal_Sperm (286).bmp,4,val
smids/Normal_Sperm/Normal_Sperm (302).bmp,4,val
smids/Normal_Sperm/Normal_Sperm (304).bmp,4,val
smids/Normal_Sperm/Normal_Sperm (312).bmp,4,val
smids/Normal_Sperm/Normal_Sperm (317).bmp,4,val
smids/Normal_Sperm/Normal_Sperm (318).bmp,4,val
smids/Normal_Sperm/Normal_Sperm (326).bmp,4,val
smids/Normal_Sperm/Normal_Sperm (342).bmp,4,val
smids/Normal_Sperm/Normal_Sperm (346).bmp,4,val
smids/Normal_Sperm/Normal_Sperm (4).bmp,4,val
smids/Normal_Sperm/Normal_Sperm (400).bmp,4,val
smids/Normal_Sperm/Normal_Sperm (411).bmp,4,val
smids/Normal_Sperm/Normal_Sperm (42).bmp,4,val
smids/Normal_Sperm/Normal_Sperm (430).bmp,4,val
smids/Normal_Sperm/Normal_Sperm (434).bmp,4,val
smids/Normal_Sperm/Normal_Sperm (443).bmp,4,val
smids/Normal_Sperm/Normal_Sperm (457).bmp,4,val
smids/Normal_Sperm/Normal_Sperm (459).bmp,4,val
smids/Normal_Sperm/Normal_Sperm (460).bmp,4,val
smids/Normal_Sperm/Normal_Sperm (464).bmp,4,val
smids/Normal_Sperm/Normal_Sperm (47).bmp,4,val
smids/Normal_Sperm/Normal_Sperm (482).bmp,4,val
smids/Normal_Sperm/Normal_Sperm (494).bmp,4,val
smids/Normal_Sperm/Normal_Sperm (504).bmp,4,val
smids/Normal_Sperm/Normal_Sperm (505).bmp,4,val
smids/Normal_Sperm/Normal_Sperm (506).bmp,4,val
smids/Normal_Sperm/Normal_Sperm (518).bmp,4,val
smids/Normal_Sperm/Normal_Sperm (547).bmp,4,val
smids/Normal_Sperm/Normal_Sperm (553).bmp,4,val
smids/Normal_Sperm/Normal_Sperm (557).bmp,4,val
smids/Normal_Sperm/Normal_Sperm (559).bmp,4,val
smids/Normal_Sperm/Normal_Sperm (565).bmp,4,val
smids/Normal_Sperm/Normal_Sperm (576).bmp,4,val
smids/Normal_Sperm/Normal_Sperm (577).bmp,4,val
smids/Normal_Sperm/Normal_Sperm (580).bmp,4,val
smids/Normal_Sperm/Normal_Sperm (588).bmp,4,val
smids/Normal_Sperm/Normal_Sperm (589).bmp,4,val
smids/Normal_Sperm/Normal_Sperm (597).bmp,4,val
smids/Normal_Sperm/Normal_Sperm (6).bmp,4,val
smids/Normal_Sperm/Normal_Sperm (600).bmp,4,val
smids/Normal_Sperm/Normal_Sperm (626).bmp,4,val
smids/Normal_Sperm/Normal_Sperm (633).bmp,4,val
smids/Normal_Sperm/Normal_Sperm (636).bmp,4,val
smids/Normal_Sperm/Normal_Sperm (639).bmp,4,val
smids/Normal_Sperm/Normal_Sperm (640).bmp,4,val
smids/Normal_Sperm/Normal_Sperm (65).bmp,4,val
smids/Normal_Sperm/Normal_Sperm (653).bmp,4,val
smids/Normal_Sperm/Normal_Sperm (659).bmp,4,val
smids/Normal_Sperm/Normal_Sperm (66).bmp,4,val
smids/Normal_Sperm/Normal_Sperm (663).bmp,4,val
smids/Normal_Sperm/Normal_Sperm (668).bmp,4,val
smids/Normal_Sperm/Normal_Sperm (670).bmp,4,val
smids/Normal_Sperm/Normal_Sperm (679).bmp,4,val
smids/Normal_Sperm/Normal_Sperm (680).bmp,4,val
smids/Normal_Sperm/Normal_Sperm (688).bmp,4,val
smids/Normal_Sperm/Normal_Sperm (708).bmp,4,val
smids/Normal_Sperm/Normal_Sperm (725).bmp,4,val
smids/Normal_Sperm/Normal_Sperm (738).bmp,4,val
smids/Normal_Sperm/Normal_Sperm (745).bmp,4,val
smids/Normal_Sperm/Normal_Sperm (753).bmp,4,val
smids/Normal_Sperm/Normal_Sperm (769).bmp,4,val
smids/Normal_Sperm/Normal_Sperm (771).bmp,4,val
smids/Normal_Sperm/Normal_Sperm (784).bmp,4,val
smids/Normal_Sperm/Normal_Sperm (816).bmp,4,val
smids/Normal_Sperm/Normal_Sperm (839).bmp,4,val
smids/Normal_Sperm/Normal_Sperm (841).bmp,4,val
smids/Normal_Sperm/Normal_Sperm (849).bmp,4,val
smids/Normal_Sperm/Normal_Sperm (856).bmp,4,val
smids/Normal_Sperm/Normal_Sperm (857).bmp,4,val
smids/Normal_Sperm/Normal_Sperm (864).bmp,4,val
smids/Normal_Sperm/Normal_Sperm (874).bmp,4,val
smids/Normal_Sperm/Normal_Sperm (877).bmp,4,val
smids/Normal_Sperm/Normal_Sperm (885).bmp,4,val
smids/Normal_Sperm/Normal_Sperm (9).bmp,4,val
smids/Normal_Sperm/Normal_Sperm (905).bmp,4,val
smids/Normal_Sperm/Normal_Sperm (911).bmp,4,val
smids/Normal_Sperm/Normal_Sperm (912).bmp,4,val
smids/Normal_Sperm/Normal_Sperm (92).bmp,4,val
smids/Normal_Sperm/Normal_Sperm (940).bmp,4,val
smids/Normal_Sperm/Normal_Sperm (965).bmp,4,val
smids/Normal_Sperm/Normal_Sperm (977).bmp,4,val
smids/Normal_Sperm/Normal_Sperm (986).bmp,4,val
smids/Normal_Sperm/Normal_Sperm (987).bmp,4,val
smids/Normal_Sperm/Normal_Sperm (989).bmp,4,val
smids/Normal_Sperm/Normal_Sperm (995).bmp,4,val
smids/Normal_Sperm/Normal_Sperm (996).bmp,4,val
smids/Normal_Sperm/Normal_Sperm (997).bmp,4,val
