image_id,role,label_idx,logit_0,logit_1,logit_2
smids/Abnormal_Sperm/Abnormal_Sperm (118).bmp,val,1,-0.038718,1.371189,-1.332470
smids/Abnormal_Sperm/Abnormal_Sperm (12).bmp,val,1,1.296820,0.443286,-1.740106
smids/Abnormal_Sperm/Abnormal_Sperm (126).bmp,val,1,-0.150870,1.712782,-1.561912
smids/Abnormal_Sperm/Abnormal_Sperm (128).bmp,val,1,-0.018240,1.997037,-1.978796
smids/Abnormal_Sperm/Abnormal_Sperm (134).bmp,val,1,0.670646,2.255867,-2.926511
smids/Abnormal_Sperm/Abnormal_Sperm (14).bmp,val,1,-0.370320,0.614402,-0.244082
smids/Abnormal_Sperm/Abnormal_Sperm (148).bmp,val,1,-1.534504,1.943690,-0.409186
smids/Abnormal_Sperm/Abnormal_Sperm (15).bmp,val,1,-0.245103,0.932898,-0.687795
smids/Abnormal_Sperm/Abnormal_Sperm (155).bmp,val,1,-0.209837,1.852176,-1.642338
smids/Abnormal_Sperm/Abnormal_Sperm (158).bmp,val,1,-2.097017,2.650664,-0.553646
smids/Abnormal_Sperm/Abnormal_Sperm (159).bmp,val,1,1.131210,3.271265,-4.402473
smids/Abnormal_Sperm/Abnormal_Sperm (18).bmp,val,1,2.377888,3.562544,-5.940432
smids/Abnormal_Sperm/Abnormal_Sperm (19).bmp,val,1,-1.416759,2.334763,-0.918003
smids/Abnormal_Sperm/Abnormal_Sperm (191).bmp,val,1,1.404728,1.419239,-2.823966
smids/Abnormal_Sperm/Abnormal_Sperm (194).bmp,val,1,-1.305271,2.351376,-1.046105
smids/Abnormal_Sperm/Abnormal_Sperm (197).bmp,val,1,0.526949,2.403394,-2.930341
smids/Abnormal_Sperm/Abnormal_Sperm (204).bmp,val,1,-2.102813,2.814364,-0.711551
smids/Abnormal_Sperm/Abnormal_Sperm (206).bmp,val,1,-1.175940,1.089928,0.086013
smids/Abnormal_Sperm/Abnormal_Sperm (223).bmp,val,1,-1.754090,-0.144644,1.898734
smids/Abnormal_Sperm/Abnormal_Sperm (237).bmp,val,1,-2.903437,2.061943,0.841494
smids/Abnormal_Sperm/Abnormal_Sperm (24).bmp,val,1,0.126931,2.378998,-2.505928
smids/Abnormal_Sperm/Abnormal_Sperm (249).bmp,val,1,-0.875250,1.351462,-0.476213
smids/Abnormal_Sperm/Abnormal_Sperm (263).bmp,val,1,-0.998676,2.506275,-1.507596
smids/Abnormal_Sperm/Abnormal_Sperm (271).bmp,val,1,-1.573513,3.339062,-1.765548
smids/Abnormal_Sperm/Abnormal_Sperm (275).bmp,val,1,-0.736458,3.043338,-2.306879
smids/Abnormal_Sperm/Abnormal_Sperm (283).bmp,val,1,-0.876022,1.102042,-0.226021
smids/Abnormal_Sperm/Abnormal_Sperm (287).bmp,val,1,-0.269044,2.784291,-2.515246
smids/Abnormal_Sperm/Abnormal_Sperm (296).bmp,val,1,-0.975354,2.399483,-1.424128
smids/Abnormal_Sperm/Abnormal_Sperm (298).bmp,val,1,0.536931,0.602984,-1.139915
smids/Abnormal_Sperm/Abnormal_Sperm (333).bmp,val,1,-0.707555,1.976009,-1.268453
smids/Abnormal_Sperm/Abnormal_Sperm (339).bmp,val,1,2.447760,2.109355,-4.557113
smids/Abnormal_Sperm/Abnormal_Sperm (341).bmp,val,1,0.287500,2.841593,-3.129093
smids/Abnormal_Sperm/Abnormal_Sperm (350).bmp,val,1,0.387104,1.912026,-2.299128
smids/Abnormal_Sperm/Abnormal_Sperm (352).bmp,val,1,0.408912,2.268461,-2.677372
smids/Abnormal_Sperm/Abnormal_Sperm (357).bmp,val,1,-1.133159,1.746961,-0.613801
smids/Abnormal_Sperm/Abnormal_Sperm (368).bmp,val,1,-2.640062,1.659713,0.980347
smids/Abnormal_Sperm/Abnormal_Sperm (380).bmp,val,1,-1.668671,3.988291,-2.319619
smids/Abnormal_Sperm/Abnormal_Sperm (387).bmp,val,1,0.097879,1.143380,-1.241260
smids/Abnormal_Sperm/Abnormal_Sperm (389).bmp,val,1,-0.327250,1.197878,-0.870629
smids/Abnormal_Sperm/Abnormal_Sperm (393).bmp,val,1,-0.799426,3.404482,-2.605056
smids/Abnormal_Sperm/Abnormal_Sperm (395).bmp,val,1,-0.670054,2.900787,-2.230733
smids/Abnormal_Sperm/Abnormal_Sperm (401).bmp,val,1,-1.060784,2.329586,-1.268801
smids/Abnormal_Sperm/Abnormal_Sperm (409).bmp,val,1,0.483246,0.823114,-1.306360
smids/Abnormal_Sperm/Abnormal_Sperm (410).bmp,val,1,-0.243559,1.049076,-0.805518
smids/Abnormal_Sperm/Abnormal_Sperm (413).bmp,val,1,-1.595548,2.894869,-1.299320
smids/Abnormal_Sperm/Abnormal_Sperm (418).bmp,val,1,-1.857279,2.720497,-0.863217
smids/Abnormal_Sperm/Abnormal_Sperm (423).bmp,val,1,0.378654,2.088536,-2.467191
smids/Abnormal_Sperm/Abnormal_Sperm (435).bmp,val,1,-0.803917,2.846626,-2.042709
smids/Abnormal_Sperm/Abnormal_Sperm (446).bmp,val,1,1.405111,1.868466,-3.273577
smids/Abnormal_Sperm/Abnormal_Sperm (449).bmp,val,1,-1.238811,2.493037,-1.254225
smids/Abnormal_Sperm/Abnormal_Sperm (452).bmp,val,1,-0.893250,2.772067,-1.878817
smids/Abnormal_Sperm/Abnormal_Sperm (454).bmp,val,1,-0.198307,2.782845,-2.584538
smids/Abnormal_Sperm/Abnormal_Sperm (48).bmp,val,1,-0.224087,0.615929,-0.391842
smids/Abnormal_Sperm/Abnormal_Sperm (482).bmp,val,1,-0.323822,0.886661,-0.562840
smids/Abnormal_Sperm/Abnormal_Sperm (484).bmp,val,1,-0.670353,0.668141,0.002212
smids/Abnormal_Sperm/Abnormal_Sperm (485).bmp,val,1,1.202885,2.205276,-3.408158
smids/Abnormal_Sperm/Abnormal_Sperm (488).bmp,val,1,-1.994999,0.030893,1.964105
smids/Abnormal_Sperm/Abnormal_Sperm (498).bmp,val,1,0.215771,-0.656441,0.440668
smids/Abnormal_Sperm/Abnormal_Sperm (500).bmp,val,1,0.532594,-0.482810,-0.049787
smids/Abnormal_Sperm/Abnormal_Sperm (505).bmp,val,1,-1.133947,1.110057,0.023889
smids/Abnormal_Sperm/Abnormal_Sperm (506).bmp,val,1,-0.035061,1.946731,-1.911670
smids/Abnormal_Sperm/Abnormal_Sperm (517).bmp,val,1,-0.620502,1.587961,-0.967457
smids/Abnormal_Sperm/Abnormal_Sperm (519).bmp,val,1,1.928926,0.835964,-2.764891
smids/Abnormal_Sperm/Abnormal_Sperm (528).bmp,val,1,-0.952096,0.380753,0.571343
smids/Abnormal_Sperm/Abnormal_Sperm (542).bmp,val,1,0.820487,1.709246,-2.529732
smids/Abnormal_Sperm/Abnormal_Sperm (549).bmp,val,1,0.697034,-0.919760,0.222724
smids/Abnormal_Sperm/Abnormal_Sperm (551).bmp,val,1,-0.837322,-0.195414,1.032734
smids/Abnormal_Sperm/Abnormal_Sperm (552).bmp,val,1,1.902093,0.581155,-2.483248
smids/Abnormal_Sperm/Abnormal_Sperm (567).bmp,val,1,1.203548,1.977195,-3.180742
smids/Abnormal_Sperm/Abnormal_Sperm (568).bmp,val,1,-0.819225,0.577903,0.241322
smids/Abnormal_Sperm/Abnormal_Sperm (570).bmp,val,1,0.457678,1.498767,-1.956445
smids/Abnormal_Sperm/Abnormal_Sperm (579).bmp,val,1,-0.505171,0.850973,-0.345800
smids/Abnormal_Sperm/Abnormal_Sperm (585).bmp,val,1,-0.085607,0.815235,-0.729628
smids/Abnormal_Sperm/Abnormal_Sperm (598).bmp,val,1,0.130140,1.740733,-1.870873
smids/Abnormal_Sperm/Abnormal_Sperm (599).bmp,val,1,0.104748,0.491115,-0.595864
smids/Abnormal_Sperm/Abnormal_Sperm (605).bmp,val,1,-1.358150,0.211487,1.146663
smids/Abnormal_Sperm/Abnormal_Sperm (645).bmp,val,1,0.577672,1.785894,-2.363566
smids/Abnormal_Sperm/Abnormal_Sperm (648).bmp,val,1,-0.306291,1.275534,-0.969243
smids/Abnormal_Sperm/Abnormal_Sperm (66).bmp,val,1,-1.879990,1.515214,0.364776
smids/Abnormal_Sperm/Abnormal_Sperm (67).bmp,val,1,-0.931943,1.094469,-0.162527
smids/Abnormal_Sperm/Abnormal_Sperm (670).bmp,val,1,1.192151,0.683872,-1.876024
smids/Abnormal_Sperm/Abnormal_Sperm (682).bmp,val,1,-1.046783,0.290615,0.756168
smids/Abnormal_Sperm/Abnormal_Sperm (685).bmp,val,1,-0.095221,1.381037,-1.285818
smids/Abnormal_Sperm/Abnormal_Sperm (686).bmp,val,1,-0.160553,1.624159,-1.463604
smids/Abnormal_Sperm/Abnormal_Sperm (691).bmp,val,1,-0.261674,1.587093,-1.325419
smids/Abnormal_Sperm/Abnormal_Sperm (701).bmp,val,1,-1.980278,1.408037,0.572241
smids/Abnormal_Sperm/Abnormal_Sperm (708).bmp,val,1,0.365878,1.580310,-1.946189
smids/Abnormal_Sperm/Abnormal_Sperm (713).bmp,val,1,0.258439,1.070256,-1.328694
smids/Abnormal_Sperm/Abnormal_Sperm (718).bmp,val,1,0.240752,0.758060,-0.998812
smids/Abnormal_Sperm/Abnormal_Sperm (743).bmp,val,1,0.410209,3.172425,-3.582633
smids/Abnormal_Sperm/Abnormal_Sperm (754).bmp,val,1,0.910002,1.147258,-2.057260
smids/Abnormal_Sperm/Abnormal_Sperm (771).bmp,val,1,-1.748524,0.808140,0.940384
smids/Abnormal_Sperm/Abnormal_Sperm (777).bmp,val,1,1.408110,2.706608,-4.114718
smids/Abnormal_Sperm/Abnormal_Sperm (778).bmp,val,1,0.065478,1.728175,-1.793653
smids/Abnormal_Sperm/Abnormal_Sperm (789).bmp,val,1,-1.238127,1.097988,0.140140
smids/Abnormal_Sperm/Abnormal_Sperm (796).bmp,val,1,4.632248,1.261321,-5.893567
smids/Abnormal_Sperm/Abnormal_Sperm (813).bmp,val,1,2.147306,1.347448,-3.494752
smids/Abnormal_Sperm/Abnormal_Sperm (818).bmp,val,1,1.336541,1.508829,-2.845369
smids/Abnormal_Sperm/Abnormal_Sperm (822).bmp,val,1,1.074184,0.497961,-1.572145
smids/Abnormal_Sperm/Abnormal_Sperm (827).bmp,val,1,0.574910,1.107657,-1.682568
smids/Abnormal_Sperm/Abnormal_Sperm (842).bmp,val,1,1.088448,0.973682,-2.062131
smids/Abnormal_Sperm/Abnormal_Sperm (85).bmp,val,1,-1.453269,3.252704,-1.799434
smids/Abnormal_Sperm/Abnormal_Sperm (850).bmp,val,1,-0.942443,2.055241,-1.112797
smids/Abnormal_Sperm/Abnormal_Sperm (860).bmp,val,1,2.651666,0.049537,-2.701203
smids/Abnormal_Sperm/Abnormal_Sperm (866).bmp,val,1,0.104798,0.752449,-0.857248
smids/Abnormal_Sperm/Abnormal_Sperm (879).bmp,val,1,0.529692,1.390876,-1.920570
smids/Abnormal_Sperm/Abnormal_Sperm (898).bmp,val,1,0.651541,1.199250,-1.850790
smids/Abnormal_Sperm/Abnormal_Sperm (903).bmp,val,1,1.364852,0.193723,-1.558576
smids/Abnormal_Sperm/Abnormal_Sperm (906).bmp,val,1,1.437868,1.257929,-2.695795
smids/Abnormal_Sperm/Abnormal_Sperm (908).bmp,val,1,-0.531555,2.825549,-2.293992
smids/Abnormal_Sperm/Abnormal_Sperm (917).bmp,val,1,1.040690,0.571880,-1.612570
smids/Abnormal_Sperm/Abnormal_Sperm (931).bmp,val,1,1.956020,-0.566363,-1.389657
smids/Abnormal_Sperm/Abnormal_Sperm (947).bmp,val,1,0.282119,1.233504,-1.515623
smids/Abnormal_Sperm/Abnormal_Sperm (962).bmp,val,1,-1.682426,1.066630,0.615796
smids/Abnormal_Sperm/Abnormal_Sperm (967).bmp,val,1,-0.613440,2.052971,-1.439531
smids/Abnormal_Sperm/Abnormal_Sperm (986).bmp,val,1,-1.184164,0.982043,0.202120
smids/Abnormal_Sperm/Abnormal_Sperm (993).bmp,val,1,-0.009834,0.508071,-0.498238
smids/Non-Sperm/Non-Sperm (102).bmp,val,2,-0.583570,-1.569131,2.152700
smids/Non-Sperm/Non-Sperm (105).bmp,val,2,-1.347112,-1.563810,2.910919
smids/Non-Sperm/Non-Sperm (115).bmp,val,2,-2.303601,-0.975960,3.279561
smids/Non-Sperm/Non-Sperm (118).bmp,val,2,-1.823750,-1.897780,3.721527
smids/Non-Sperm/Non-Sperm (13).bmp,val,2,-0.959818,-1.600531,2.560347
smids/Non-Sperm/Non-Sperm (131).bmp,val,2,-0.612395,-2.022010,2.634402
smids/Non-Sperm/Non-Sperm (132).bmp,val,2,-0.783013,-0.903583,1.686593
smids/Non-Sperm/Non-Sperm (144).bmp,val,2,-0.723592,-1.982457,2.706048
smids/Non-Sperm/Non-Sperm (151).bmp,val,2,-2.114857,-1.750902,3.865757
smids/Non-Sperm/Non-Sperm (153).bmp,val,2,-1.584720,-1.730420,3.315137
smids/Non-Sperm/Non-Sperm (183).bmp,val,2,-1.080613,-1.474244,2.554857
smids/Non-Sperm/Non-Sperm (186).bmp,val,2,-2.316347,-1.185503,3.501849
smids/Non-Sperm/Non-Sperm (187).bmp,val,2,-2.108121,-2.034535,4.142654
smids/Non-Sperm/Non-Sperm (196).bmp,val,2,-1.377699,-0.513327,1.891025
smids/Non-Sperm/Non-Sperm (211).bmp,val,2,-2.019436,-0.698882,2.718317
smids/Non-Sperm/Non-Sperm (220).bmp,val,2,-0.751964,-0.897013,1.648976
smids/Non-Sperm/Non-Sperm (223).bmp,val,2,-1.212868,-1.245806,2.458673
smids/Non-Sperm/Non-Sperm (226).bmp,val,2,-0.962282,-2.247699,3.209979
smids/Non-Sperm/Non-Sperm (228).bmp,val,2,-0.248025,-1.208883,1.456907
smids/Non-Sperm/Non-Sperm (231).bmp,val,2,-1.656015,-0.481616,2.137630
smids/Non-Sperm/Non-Sperm (232).bmp,val,2,-1.698917,-0.863042,2.561960
smids/Non-Sperm/Non-Sperm (233).bmp,val,2,-1.282602,-0.819595,2.102195
smids/Non-Sperm/Non-Sperm (242).bmp,val,2,-0.727065,-1.281984,2.009047
smids/Non-Sperm/Non-Sperm (243).bmp,val,2,-1.170740,-0.959540,2.130279
smids/Non-Sperm/Non-Sperm (244).bmp,val,2,-1.685061,-0.823136,2.508194
smids/Non-Sperm/Non-Sperm (252).bmp,val,2,-0.916971,-1.530355,2.447325
smids/Non-Sperm/Non-Sperm (26).bmp,val,2,-2.314210,2.102433,0.211777
smids/Non-Sperm/Non-Sperm (273).bmp,val,2,-1.723673,-0.121516,1.845186
smids/Non-Sperm/Non-Sperm (275).bmp,val,2,-1.488227,-0.908419,2.396644
smids/Non-Sperm/Non-Sperm (286).bmp,val,2,-0.970158,-1.450464,2.420622
smids/Non-Sperm/Non-Sperm (290).bmp,val,2,-1.400608,-0.964314,2.364921
smids/Non-Sperm/Non-Sperm (297).bmp,val,2,-1.956362,-0.293705,2.250064
smids/Non-Sperm/Non-Sperm (309).bmp,val,2,-0.575190,-1.689759,2.264949
smids/Non-Sperm/Non-Sperm (321).bmp,val,2,-1.029339,-1.205272,2.234610
smids/Non-Sperm/Non-Sperm (328).bmp,val,2,-2.414505,-0.924072,3.338577
smids/Non-Sperm/Non-Sperm (335).bmp,val,2,-0.194561,-0.496957,0.691517
smids/Non-Sperm/Non-Sperm (34).bmp,val,2,-1.309211,1.805031,-0.495819
smids/Non-Sperm/Non-Sperm (340).bmp,val,2,-1.462929,-0.296211,1.759140
smids/Non-Sperm/Non-Sperm (351).bmp,val,2,-0.307615,0.151776,0.155838
smids/Non-Sperm/Non-Sperm (353).bmp,val,2,0.480281,0.683574,-1.163857
smids/Non-Sperm/Non-Sperm (355).bmp,val,2,-0.524578,0.119191,0.405386
smids/Non-Sperm/Non-Sperm (357).bmp,val,2,-0.659761,-0.875704,1.535463
smids/Non-Sperm/Non-Sperm (360).bmp,val,2,-0.310365,-0.910149,1.220514
smids/Non-Sperm/Non-Sperm (369).bmp,val,2,1.043913,-1.274773,0.230859
smids/Non-Sperm/Non-Sperm (379).bmp,val,2,-1.819898,-0.737393,2.557290
smids/Non-Sperm/Non-Sperm (383).bmp,val,2,-0.920132,-0.305707,1.225839
smids/Non-Sperm/Non-Sperm (390).bmp,val,2,-1.427811,-0.642415,2.070225
smids/Non-Sperm/Non-Sperm (391).bmp,val,2,-0.371706,0.045383,0.326322
smids/Non-Sperm/Non-Sperm (398).bmp,val,2,1.890264,-0.575367,-1.314899
smids/Non-Sperm/Non-Sperm (403).bmp,val,2,0.092780,-0.765127,0.672346
smids/Non-Sperm/Non-Sperm (415).bmp,val,2,0.459014,-0.033657,-0.425358
smids/Non-Sperm/Non-Sperm (426).bmp,val,2,-0.408652,-0.269640,0.678292
smids/Non-Sperm/Non-Sperm (428).bmp,val,2,-2.354255,-0.755361,3.109614
smids/Non-Sperm/Non-Sperm (429).bmp,val,2,-1.423263,-0.782091,2.205353
smids/Non-Sperm/Non-Sperm (43).bmp,val,2,-0.877295,0.423115,0.454179
smids/Non-Sperm/Non-Sperm (453).bmp,val,2,-0.708058,-1.909423,2.617482
smids/Non-Sperm/Non-Sperm (455).bmp,val,2,-1.758412,-1.274767,3.033177
smids/Non-Sperm/Non-Sperm (460).bmp,val,2,-1.086642,-2.056315,3.142955
smids/Non-Sperm/Non-Sperm (463).bmp,val,2,-0.875423,-0.472511,1.347933
smids/Non-Sperm/Non-Sperm (468).bmp,val,2,-1.305639,-2.309095,3.614732
smids/Non-Sperm/Non-Sperm (47).bmp,val,2,-1.917862,0.979048,0.938815
smids/Non-Sperm/Non-Sperm (48).bmp,val,2,-1.789881,1.516614,0.273267
smids/Non-Sperm/Non-Sperm (494).bmp,val,2,-1.203946,0.384541,0.819403
smids/Non-Sperm/Non-Sperm (502).bmp,val,2,-1.410370,-1.372623,2.782993
smids/Non-Sperm/Non-Sperm (506).bmp,val,2,-1.729746,-0.152515,1.882259
smids/Non-Sperm/Non-Sperm (51).bmp,val,2,-1.540367,-0.321476,1.861841
smids/Non-Sperm/Non-Sperm (518).bmp,val,2,-2.152064,-1.570966,3.723027
smids/Non-Sperm/Non-Sperm (524).bmp,val,2,-0.109630,-0.450122,0.559752
smids/Non-Sperm/Non-Sperm (525).bmp,val,2,-1.930534,-0.906863,2.837395
smids/Non-Sperm/Non-Sperm (530).bmp,val,2,-2.622598,-0.560600,3.183199
smids/Non-Sperm/Non-Sperm (531).bmp,val,2,-0.904073,-0.269429,1.173501
smids/Non-Sperm/Non-Sperm (537).bmp,val,2,-1.598465,-1.557479,3.155943
smids/Non-Sperm/Non-Sperm (54).bmp,val,2,-0.628544,0.965849,-0.337306
smids/Non-Sperm/Non-Sperm (551).bmp,val,2,-1.984282,-1.599909,3.584189
smids/Non-Sperm/Non-Sperm (558).bmp,val,2,-1.424852,-1.964402,3.389252
smids/Non-Sperm/Non-Sperm (566).bmp,val,2,-0.568685,-0.313818,0.882502
smids/Non-Sperm/Non-Sperm (572).bmp,val,2,-1.129351,-0.262980,1.392330
smids/Non-Sperm/Non-Sperm (576).bmp,val,2,-1.627874,1.086419,0.541454
smids/Non-Sperm/Non-Sperm (578).bmp,val,2,1.210418,-1.125906,-0.084513
smids/Non-Sperm/Non-Sperm (585).bmp,val,2,-3.086065,0.615107,2.470957
smids/Non-Sperm/Non-Sperm (594).bmp,val,2,-1.146585,-0.994929,2.141513
smids/Non-Sperm/Non-Sperm (624).bmp,val,2,-2.304479,-1.388649,3.693126
smids/Non-Sperm/Non-Sperm (625).bmp,val,2,-1.305034,-1.757560,3.062593
smids/Non-Sperm/Non-Sperm (628).bmp,val,2,-0.958042,-1.136475,2.094515
smids/Non-Sperm/Non-Sperm (641).bmp,val,2,-1.165134,-0.700504,1.865636
smids/Non-Sperm/Non-Sperm (645).bmp,val,2,-1.873115,-0.465132,2.338246
smids/Non-Sperm/Non-Sperm (654).bmp,val,2,-0.427957,-0.405358,0.833314
smids/Non-Sperm/Non-Sperm (656).bmp,val,2,-1.783809,-0.398002,2.181810
smids/Non-Sperm/Non-Sperm (662).bmp,val,2,-1.281108,-1.251620,2.532727
smids/Non-Sperm/Non-Sperm (672).bmp,val,2,-1.210392,-1.637356,2.847745
smids/Non-Sperm/Non-Sperm (69).bmp,val,2,-0.852727,0.403318,0.449411
smids/Non-Sperm/Non-Sperm (693).bmp,val,2,-1.951912,1.668390,0.283522
smids/Non-Sperm/Non-Sperm (694).bmp,val,2,-1.314397,-1.443609,2.758006
smids/Non-Sperm/Non-Sperm (741).bmp,val,2,-1.624689,-1.981133,3.605819
smids/Non-Sperm/Non-Sperm (749).bmp,val,2,-1.761837,-0.786824,2.548661
smids/Non-Sperm/Non-Sperm (782).bmp,val,2,-0.232159,-0.896491,1.128650
smids/Non-Sperm/Non-Sperm (795).bmp,val,2,0.162218,-0.686091,0.523872
smids/Non-Sperm/Non-Sperm (8).bmp,val,2,-1.503166,-0.062815,1.565980
smids/Non-Sperm/Non-Sperm (808).bmp,val,2,-0.502737,-1.758378,2.261113
smids/Non-Sperm/Non-Sperm (814).bmp,val,2,-1.434528,-1.464654,2.899181
smids/Non-Sperm/Non-Sperm (828).bmp,val,2,-3.139148,0.092079,3.047068
smids/Non-Sperm/Non-Sperm (83).bmp,val,2,-1.252524,-0.664484,1.917007
smids/Non-Sperm/Non-Sperm (834).bmp,val,2,1.123936,-0.234862,-0.889075
smids/Non-Sperm/Non-Sperm (84).bmp,val,2,-1.667474,-1.600566,3.268039
smids/Non-Sperm/Non-Sperm (845).bmp,val,2,0.067786,-0.991910,0.924124
smids/Non-Sperm/Non-Sperm (858).bmp,val,2,-2.159434,-1.105679,3.265111
smids/Non-Sperm/Non-Sperm (859).bmp,val,2,-1.648138,-0.960740,2.608877
smids/Non-Sperm/Non-Sperm (879).bmp,val,2,-1.437957,-0.543455,1.981412
smids/Non-Sperm/Non-Sperm (884).bmp,val,2,-1.904228,-0.305186,2.209414
smids/Non-Sperm/Non-Sperm (893).bmp,val,2,0.064831,-0.959938,0.895107
smids/Non-Sperm/Non-Sperm (914).bmp,val,2,-2.720219,-0.582436,3.302657
smids/Non-Sperm/Non-Sperm (917).bmp,val,2,-1.489012,-1.030195,2.519207
smids/Non-Sperm/Non-Sperm (920).bmp,val,2,-0.988100,-1.370309,2.358408
smids/Non-Sperm/Non-Sperm (947).bmp,val,2,-0.289088,-1.120430,1.409517
smids/Non-Sperm/Non-Sperm (948).bmp,val,2,-0.669134,0.809359,-0.140226
smids/Non-Sperm/Non-Sperm (950).bmp,val,2,-0.023609,0.434394,-0.410786
smids/Non-Sperm/Non-Sperm (972).bmp,val,2,-2.008014,0.040792,1.967222
smids/Normal_Sperm/Normal_Sperm (103).bmp,val,0,2.663596,-1.217577,-1.446020
smids/Normal_Sperm/Normal_Sperm (120).bmp,val,0,1.232106,0.933175,-2.165280
smids/Normal_Sperm/Normal_Sperm (130).bmp,val,0,1.535481,0.252085,-1.787568
smids/Normal_Sperm/Normal_Sperm (141).bmp,val,0,0.985386,0.105579,-1.090964
smids/Normal_Sperm/Normal_Sperm (144).bmp,val,0,1.767365,1.240811,-3.008175
smids/Normal_Sperm/Normal_Sperm (150).bmp,val,0,1.765714,0.359636,-2.125348
smids/Normal_Sperm/Normal_Sperm (151).bmp,val,0,0.353379,-0.698250,0.344870
smids/Normal_Sperm/Normal_Sperm (152).bmp,val,0,-0.024674,0.294627,-0.269953
smids/Normal_Sperm/Normal_Sperm (155).bmp,val,0,1.096324,0.663409,-1.759733
smids/Normal_Sperm/Normal_Sperm (185).bmp,val,0,2.879169,1.233222,-4.112391
smids/Normal_Sperm/Normal_Sperm (189).bmp,val,0,0.858183,-0.104181,-0.754002
smids/Normal_Sperm/Normal_Sperm (190).bmp,val,0,3.097005,1.369427,-4.466433
smids/Normal_Sperm/Normal_Sperm (194).bmp,val,0,2.561794,0.407930,-2.969724
smids/Normal_Sperm/Normal_Sperm (195).bmp,val,0,1.305928,0.338696,-1.644624
smids/Normal_Sperm/Normal_Sperm (196).bmp,val,0,1.990334,0.926641,-2.916975
smids/Normal_Sperm/Normal_Sperm (202).bmp,val,0,1.660500,0.037453,-1.697954
smids/Normal_Sperm/Normal_Sperm (213).bmp,val,0,3.096981,-0.514060,-2.582922
smids/Normal_Sperm/Normal_Sperm (216).bmp,val,0,1.102780,-0.140868,-0.961913
smids/Normal_Sperm/Normal_Sperm (217).bmp,val,0,1.883943,-1.019040,-0.864904
smids/Normal_Sperm/Normal_Sperm (22).bmp,val,0,-0.216209,-0.041754,0.257964
smids/Normal_Sperm/Normal_Sperm (226).bmp,val,0,-0.384718,1.973870,-1.589151
smids/Normal_Sperm/Normal_Sperm (236).bmp,val,0,1.089561,-0.343253,-0.746309
smids/Normal_Sperm/Normal_Sperm (250).bmp,val,0,1.228054,0.881263,-2.109318
smids/Normal_Sperm/Normal_Sperm (253).bmp,val,0,3.446450,-0.368566,-3.077884
smids/Normal_Sperm/Normal_Sperm (256).bmp,val,0,2.904021,-0.323402,-2.580620
smids/Normal_Sperm/Normal_Sperm (266).bmp,val,0,1.535344,1.077709,-2.613054
smids/Normal_Sperm/Normal_Sperm (269).bmp,val,0,2.817087,0.414848,-3.231937
smids/Normal_Sperm/Normal_Sperm (279).bmp,val,0,0.052826,0.723844,-0.776671
smids/Normal_Sperm/Normal_Sperm (333).bmp,val,0,1.705811,-0.569030,-1.136781
smids/Normal_Sperm/Normal_Sperm (338).bmp,val,0,0.869269,0.029196,-0.898467
smids/Normal_Sperm/Normal_Sperm (349).bmp,val,0,0.521927,0.061008,-0.582936
smids/Normal_Sperm/Normal_Sperm (351).bmp,val,0,0.648603,-0.306955,-0.341649
smids/Normal_Sperm/Normal_Sperm (356).bmp,val,0,0.858901,0.527013,-1.385915
smids/Normal_Sperm/Normal_Sperm (364).bmp,val,0,0.941301,-0.206052,-0.735250
smids/Normal_Sperm/Normal_Sperm (376).bmp,val,0,3.229162,-0.272515,-2.956647
smids/Normal_Sperm/Normal_Sperm (384).bmp,val,0,1.868556,2.269829,-4.138384
smids/Normal_Sperm/Normal_Sperm (39).bmp,val,0,1.703219,-0.675042,-1.028179
smids/Normal_Sperm/Normal_Sperm (393).bmp,val,0,1.518663,-0.151268,-1.367395
smids/Normal_Sperm/Normal_Sperm (403).bmp,val,0,-0.227944,1.419539,-1.191596
smids/Normal_Sperm/Normal_Sperm (404).bmp,val,0,0.155409,0.142631,-0.298040
smids/Normal_Sperm/Normal_Sperm (408).bmp,val,0,1.792317,1.306792,-3.099109
smids/Normal_Sperm/Normal_Sperm (41).bmp,val,0,0.608251,-1.977826,1.369574
smids/Normal_Sperm/Normal_Sperm (410).bmp,val,0,0.251321,0.377715,-0.629036
smids/Normal_Sperm/Normal_Sperm (424).bmp,val,0,2.728611,0.129138,-2.857751
smids/Normal_Sperm/Normal_Sperm (441).bmp,val,0,2.020145,1.096128,-3.116273
smids/Normal_Sperm/Normal_Sperm (446).bmp,val,0,1.989243,-0.759455,-1.229789
smids/Normal_Sperm/Normal_Sperm (452).bmp,val,0,2.685691,0.259211,-2.944902
smids/Normal_Sperm/Normal_Sperm (457).bmp,val,0,2.401339,0.373363,-2.774702
smids/Normal_Sperm/Normal_Sperm (46).bmp,val,0,2.736585,-1.306099,-1.430486
smids/Normal_Sperm/Normal_Sperm (487).bmp,val,0,2.118591,0.258864,-2.377456
smids/Normal_Sperm/Normal_Sperm (49).bmp,val,0,-0.757168,2.682266,-1.925099
smids/Normal_Sperm/Normal_Sperm (490).bmp,val,0,2.371587,0.753422,-3.125009
smids/Normal_Sperm/Normal_Sperm (497).bmp,val,0,2.634886,-0.011795,-2.623091
smids/Normal_Sperm/Normal_Sperm (503).bmp,val,0,2.003190,1.328714,-3.331903
smids/Normal_Sperm/Normal_Sperm (504).bmp,val,0,2.871215,-0.632005,-2.239209
smids/Normal_Sperm/Normal_Sperm (505).bmp,val,0,4.501518,-1.589877,-2.911642
smids/Normal_Sperm/Normal_Sperm (51).bmp,val,0,1.996002,0.905274,-2.901275
smids/Normal_Sperm/Normal_Sperm (525).bmp,val,0,1.929210,-0.134811,-1.794400
smids/Normal_Sperm/Normal_Sperm (527).bmp,val,0,3.293224,-0.233403,-3.059821
smids/Normal_Sperm/Normal_Sperm (542).bmp,val,0,2.486219,0.305111,-2.791331
smids/Normal_Sperm/Normal_Sperm (548).bmp,val,0,1.442259,-0.292431,-1.149828
smids/Normal_Sperm/Normal_Sperm (555).bmp,val,0,1.495511,-0.288767,-1.206744
smids/Normal_Sperm/Normal_Sperm (565).bmp,val,0,1.111497,0.230269,-1.341767
smids/Normal_Sperm/Normal_Sperm (566).bmp,val,0,4.270027,-0.817903,-3.452123
smids/Normal_Sperm/Normal_Sperm (573).bmp,val,0,2.487612,0.639744,-3.127356
smids/Normal_Sperm/Normal_Sperm (576).bmp,val,0,3.550366,0.019175,-3.569541
smids/Normal_Sperm/Normal_Sperm (586).bmp,val,0,4.075376,-0.203526,-3.871849
smids/Normal_Sperm/Normal_Sperm (6).bmp,val,0,-0.077030,-0.741462,0.818489
smids/Normal_Sperm/Normal_Sperm (606).bmp,val,0,1.461127,-0.392711,-1.068417
smids/Normal_Sperm/Normal_Sperm (614).bmp,val,0,1.492685,0.693077,-2.185762
smids/Normal_Sperm/Normal_Sperm (621).bmp,val,0,3.433769,0.476413,-3.910182
smids/Normal_Sperm/Normal_Sperm (624).bmp,val,0,3.555491,0.736694,-4.292185
smids/Normal_Sperm/Normal_Sperm (626).bmp,val,0,2.578840,-0.201760,-2.377080
smids/Normal_Sperm/Normal_Sperm (637).bmp,val,0,0.506110,0.216715,-0.722826
smids/Normal_Sperm/Normal_Sperm (639).bmp,val,0,1.829646,0.716817,-2.546462
smids/Normal_Sperm/Normal_Sperm (66).bmp,val,0,1.967730,0.525600,-2.493330
smids/Normal_Sperm/Normal_Sperm (667).bmp,val,0,2.166232,-0.446482,-1.719750
smids/Normal_Sperm/Normal_Sperm (669).bmp,val,0,2.624581,0.472541,-3.097119
smids/Normal_Sperm/Normal_Sperm (67).bmp,val,0,1.618559,-0.218412,-1.400147
smids/Normal_Sperm/Normal_Sperm (673).bmp,val,0,1.798427,1.443990,-3.242416
smids/Normal_Sperm/Normal_Sperm (7).bmp,val,0,1.746014,-0.175227,-1.570787
smids/Normal_Sperm/Normal_Sperm (705).bmp,val,0,1.758191,1.086717,-2.844908
smids/Normal_Sperm/Normal_Sperm (719).bmp,val,0,1.616001,-0.833946,-0.782056
smids/Normal_Sperm/Normal_Sperm (729).bmp,val,0,1.443578,-0.800679,-0.642900
smids/Normal_Sperm/Normal_Sperm (735).bmp,val,0,2.709945,-0.247162,-2.462782
smids/Normal_Sperm/Normal_Sperm (741).bmp,val,0,2.147380,-0.150235,-1.997145
smids/Normal_Sperm/Normal_Sperm (742).bmp,val,0,3.299068,0.507386,-3.806452
smids/Normal_Sperm/Normal_Sperm (748).bmp,val,0,0.938654,1.974774,-2.913427
smids/Normal_Sperm/Normal_Sperm (749).bmp,val,0,2.578615,0.147668,-2.726283
smids/Normal_Sperm/Normal_Sperm (77).bmp,val,0,0.739656,-0.441845,-0.297812
smids/Normal_Sperm/Normal_Sperm (777).bmp,val,0,1.780851,-0.480078,-1.300774
smids/Normal_Sperm/Normal_Sperm (789).bmp,val,0,1.883672,-0.646054,-1.237619
smids/Normal_Sperm/Normal_Sperm (793).bmp,val,0,0.671371,-0.052506,-0.618865
smids/Normal_Sperm/Normal_Sperm (803).bmp,val,0,0.281246,0.448453,-0.729700
smids/Normal_Sperm/Normal_Sperm (808).bmp,val,0,1.882265,0.137436,-2.019701
smids/Normal_Sperm/Normal_Sperm (817).bmp,val,0,0.627631,-0.185227,-0.442405
smids/Normal_Sperm/Normal_Sperm (819).bmp,val,0,1.180466,-0.384994,-0.795473
smids/Normal_Sperm/Normal_Sperm (838).bmp,val,0,2.795834,1.212585,-4.008418
smids/Normal_Sperm/Normal_Sperm (839).bmp,val,0,0.166555,1.890163,-2.056717
smids/Normal_Sperm/Normal_Sperm (845).bmp,val,0,1.125672,-0.112238,-1.013435
smids/Normal_Sperm/Normal_Sperm (859).bmp,val,0,2.801219,0.800210,-3.601429
smids/Normal_Sperm/Normal_Sperm (87).bmp,val,0,2.306546,-0.054025,-2.252521
smids/Normal_Sperm/Normal_Sperm (88).bmp,val,0,1.502446,-0.824778,-0.677668
smids/Normal_Sperm/Normal_Sperm (895).bmp,val,0,3.166487,0.009734,-3.176219
smids/Normal_Sperm/Normal_Sperm (897).bmp,val,0,0.409496,1.672654,-2.082149
smids/Normal_Sperm/Normal_Sperm (899).bmp,val,0,0.519182,0.999940,-1.519123
smids/Normal_Sperm/Normal_Sperm (90).bmp,val,0,1.061744,0.241454,-1.303197
smids/Normal_Sperm/Normal_Sperm (912).bmp,val,0,3.040062,0.570994,-3.611056
smids/Normal_Sperm/Normal_Sperm (914).bmp,val,0,0.408852,1.389238,-1.798087
smids/Normal_Sperm/Normal_Sperm (926).bmp,val,0,1.580741,1.268660,-2.849399
smids/Normal_Sperm/Normal_Sperm (946).bmp,val,0,-1.001602,2.937687,-1.936083
smids/Normal_Sperm/Normal_Sperm (953).bmp,val,0,0.471696,2.572839,-3.044534
smids/Normal_Sperm/Normal_Sperm (955).bmp,val,0,2.732843,1.198282,-3.931125
smids/Normal_Sperm/Normal_Sperm (956).bmp,val,0,-0.208506,2.605826,-2.397317
smids/Normal_Sperm/Normal_Sperm (957).bmp,val,0,3.501940,1.526199,-5.028137
smids/Normal_Sperm/Normal_Sperm (958).bmp,val,0,2.989158,0.850014,-3.839171
smids/Normal_Sperm/Normal_Sperm (967).bmp,val,0,1.410043,1.712624,-3.122667
smids/Normal_Sperm/Normal_Sperm (969).bmp,val,0,-1.906367,0.624024,1.282343
smids/Normal_Sperm/Normal_Sperm (992).bmp,val,0,1.341159,-0.772058,-0.569101
smids/Normal_Sperm/Normal_Sperm (993).bmp,val,0,1.378422,-0.191184,-1.187238
smids/Abnormal_Sperm/Abnormal_Sperm (1001).bmp,calib,1,0.833407,0.780503,-1.613911
smids/Abnormal_Sperm/Abnormal_Sperm (108).bmp,calib,1,1.121076,1.487394,-2.608471
smids/Abnormal_Sperm/Abnormal_Sperm (110).bmp,calib,1,-2.454318,0.938608,1.515710
smids/Abnormal_Sperm/Abnormal_Sperm (115).bmp,calib,1,-0.072504,0.696060,-0.623556
smids/Abnormal_Sperm/Abnormal_Sperm (123).bmp,calib,1,-0.859110,2.219344,-1.360234
smids/Abnormal_Sperm/Abnormal_Sperm (129).bmp,calib,1,0.215860,1.428620,-1.644481
smids/Abnormal_Sperm/Abnormal_Sperm (132).bmp,calib,1,0.173380,1.996926,-2.170305
smids/Abnormal_Sperm/Abnormal_Sperm (136).bmp,calib,1,0.167413,2.074191,-2.241603
smids/Abnormal_Sperm/Abnormal_Sperm (137).bmp,calib,1,0.989726,3.456177,-4.445901
smids/Abnormal_Sperm/Abnormal_Sperm (139).bmp,calib,1,1.347610,2.220106,-3.567715
smids/Abnormal_Sperm/Abnormal_Sperm (142).bmp,calib,1,-0.092111,1.852856,-1.760744
smids/Abnormal_Sperm/Abnormal_Sperm (143).bmp,calib,1,0.535099,0.696689,-1.231789
smids/Abnormal_Sperm/Abnormal_Sperm (145).bmp,calib,1,0.127455,2.888540,-3.015994
smids/Abnormal_Sperm/Abnormal_Sperm (146).bmp,calib,1,-0.350242,1.309213,-0.958971
smids/Abnormal_Sperm/Abnormal_Sperm (152).bmp,calib,1,0.745790,2.157766,-2.903553
smids/Abnormal_Sperm/Abnormal_Sperm (160).bmp,calib,1,-1.426183,1.946901,-0.520719
smids/Abnormal_Sperm/Abnormal_Sperm (168).bmp,calib,1,0.182884,1.875506,-2.058388
smids/Abnormal_Sperm/Abnormal_Sperm (172).bmp,calib,1,0.961208,1.956912,-2.918120
smids/Abnormal_Sperm/Abnormal_Sperm (183).bmp,calib,1,-0.622112,3.224016,-2.601904
smids/Abnormal_Sperm/Abnormal_Sperm (189).bmp,calib,1,-1.815856,2.240321,-0.424464
smids/Abnormal_Sperm/Abnormal_Sperm (195).bmp,calib,1,-0.754017,2.394753,-1.640736
smids/Abnormal_Sperm/Abnormal_Sperm (198).bmp,calib,1,-0.434580,2.480464,-2.045883
smids/Abnormal_Sperm/Abnormal_Sperm (20).bmp,calib,1,-1.706218,0.388464,1.317753
smids/Abnormal_Sperm/Abnormal_Sperm (202).bmp,calib,1,0.316492,1.873694,-2.190184
smids/Abnormal_Sperm/Abnormal_Sperm (216).bmp,calib,1,-0.360924,2.185807,-1.824883
smids/Abnormal_Sperm/Abnormal_Sperm (229).bmp,calib,1,0.432231,2.440286,-2.872515
smids/Abnormal_Sperm/Abnormal_Sperm (235).bmp,calib,1,-1.092674,2.237039,-1.144364
smids/Abnormal_Sperm/Abnormal_Sperm (239).bmp,calib,1,1.259226,1.978603,-3.237828
smids/Abnormal_Sperm/Abnormal_Sperm (240).bmp,calib,1,-2.553625,1.573105,0.980521
smids/Abnormal_Sperm/Abnormal_Sperm (244).bmp,calib,1,-1.566981,2.843591,-1.276608
smids/Abnormal_Sperm/Abnormal_Sperm (245).bmp,calib,1,0.455810,1.493991,-1.949801
smids/Abnormal_Sperm/Abnormal_Sperm (256).bmp,calib,1,-1.121269,1.280156,-0.158888
smids/Abnormal_Sperm/Abnormal_Sperm (260).bmp,calib,1,-1.434507,2.396753,-0.962245
smids/Abnormal_Sperm/Abnormal_Sperm (264).bmp,calib,1,-0.515358,2.590238,-2.074878
smids/Abnormal_Sperm/Abnormal_Sperm (268).bmp,calib,1,-0.399611,1.462503,-1.062891
smids/Abnormal_Sperm/Abnormal_Sperm (280).bmp,calib,1,1.288572,1.766613,-3.055184
smids/Abnormal_Sperm/Abnormal_Sperm (281).bmp,calib,1,-0.331809,2.222763,-1.890953
smids/Abnormal_Sperm/Abnormal_Sperm (300).bmp,calib,1,1.076300,1.197589,-2.273888
smids/Abnormal_Sperm/Abnormal_Sperm (305).bmp,calib,1,-1.410436,2.868629,-1.458192
smids/Abnormal_Sperm/Abnormal_Sperm (309).bmp,calib,1,0.307611,1.160338,-1.467948
smids/Abnormal_Sperm/Abnormal_Sperm (31).bmp,calib,1,-1.355033,2.341636,-0.986600
smids/Abnormal_Sperm/Abnormal_Sperm (311).bmp,calib,1,1.936069,1.845403,-3.781473
smids/Abnormal_Sperm/Abnormal_Sperm (312).bmp,calib,1,0.736404,0.064584,-0.800987
smids/Abnormal_Sperm/Abnormal_Sperm (317).bmp,calib,1,-0.124781,1.662758,-1.537977
smids/Abnormal_Sperm/Abnormal_Sperm (323).bmp,calib,1,-0.145260,1.192010,-1.046750
smids/Abnormal_Sperm/Abnormal_Sperm (326).bmp,calib,1,-1.319254,2.640528,-1.321275
smids/Abnormal_Sperm/Abnormal_Sperm (335).bmp,calib,1,1.114865,1.369223,-2.484087
smids/Abnormal_Sperm/Abnormal_Sperm (343).bmp,calib,1,0.545063,0.623828,-1.168892
smids/Abnormal_Sperm/Abnormal_Sperm (347).bmp,calib,1,-1.112666,2.585949,-1.473283
smids/Abnormal_Sperm/Abnormal_Sperm (353).bmp,calib,1,-2.193552,2.556648,-0.363097
smids/Abnormal_Sperm/Abnormal_Sperm (359).bmp,calib,1,-0.713976,1.930475,-1.216500
smids/Abnormal_Sperm/Abnormal_Sperm (375).bmp,calib,1,0.525920,1.995272,-2.521192
smids/Abnormal_Sperm/Abnormal_Sperm (381).bmp,calib,1,-0.021956,1.642043,-1.620086
smids/Abnormal_Sperm/Abnormal_Sperm (392).bmp,calib,1,0.246835,1.752064,-1.998899
smids/Abnormal_Sperm/Abnormal_Sperm (394).bmp,calib,1,-0.450405,0.675264,-0.224860
smids/Abnormal_Sperm/Abnormal_Sperm (397).bmp,calib,1,-0.990020,0.836903,0.153116
smids/Abnormal_Sperm/Abnormal_Sperm (399).bmp,calib,1,-1.851099,2.441126,-0.590027
smids/Abnormal_Sperm/Abnormal_Sperm (403).bmp,calib,1,0.883414,2.371627,-3.255041
smids/Abnormal_Sperm/Abnormal_Sperm (404).bmp,calib,1,-0.301189,1.409928,-1.108740
smids/Abnormal_Sperm/Abnormal_Sperm (406).bmp,calib,1,-0.264519,1.779174,-1.514655
smids/Abnormal_Sperm/Abnormal_Sperm (420).bmp,calib,1,-1.939946,2.898795,-0.958847
smids/Abnormal_Sperm/Abnormal_Sperm (426).bmp,calib,1,-0.860626,1.662696,-0.802069
smids/Abnormal_Sperm/Abnormal_Sperm (429).bmp,calib,1,-0.625561,2.375642,-1.750081
smids/Abnormal_Sperm/Abnormal_Sperm (432).bmp,calib,1,-1.862363,1.226687,0.635675
smids/Abnormal_Sperm/Abnormal_Sperm (433).bmp,calib,1,-0.179326,0.891965,-0.712639
smids/Abnormal_Sperm/Abnormal_Sperm (438).bmp,calib,1,-0.884310,1.243709,-0.359400
smids/Abnormal_Sperm/Abnormal_Sperm (441).bmp,calib,1,-1.250202,3.072734,-1.822532
smids/Abnormal_Sperm/Abnormal_Sperm (442).bmp,calib,1,-0.540076,1.902294,-1.362218
smids/Abnormal_Sperm/Abnormal_Sperm (451).bmp,calib,1,0.422408,2.361262,-2.783669
smids/Abnormal_Sperm/Abnormal_Sperm (456).bmp,calib,1,-0.032872,3.100062,-3.067190
smids/Abnormal_Sperm/Abnormal_Sperm (459).bmp,calib,1,-0.770117,3.224185,-2.454068
smids/Abnormal_Sperm/Abnormal_Sperm (465).bmp,calib,1,-1.372000,1.788178,-0.416179
smids/Abnormal_Sperm/Abnormal_Sperm (469).bmp,calib,1,-0.781182,1.153985,-0.372803
smids/Abnormal_Sperm/Abnormal_Sperm (476).bmp,calib,1,-0.213373,0.918935,-0.705559
smids/Abnormal_Sperm/Abnormal_Sperm (491).bmp,calib,1,-1.023324,0.772636,0.250688
smids/Abnormal_Sperm/Abnormal_Sperm (499).bmp,calib,1,0.547642,-1.866090,1.318448
smids/Abnormal_Sperm/Abnormal_Sperm (512).bmp,calib,1,0.865115,0.006926,-0.872041
smids/Abnormal_Sperm/Abnormal_Sperm (516).bmp,calib,1,-2.453088,1.785797,0.667292
smids/Abnormal_Sperm/Abnormal_Sperm (524).bmp,calib,1,-3.331448,1.420798,1.910649
smids/Abnormal_Sperm/Abnormal_Sperm (532).bmp,calib,1,-1.948502,1.630154,0.318348
smids/Abnormal_Sperm/Abnormal_Sperm (545).bmp,calib,1,0.208014,0.129433,-0.337446
smids/Abnormal_Sperm/Abnormal_Sperm (548).bmp,calib,1,-1.502947,1.545941,-0.042994
smids/Abnormal_Sperm/Abnormal_Sperm (550).bmp,calib,1,-1.710147,2.596355,-0.886208
smids/Abnormal_Sperm/Abnormal_Sperm (554).bmp,calib,1,0.250031,0.150572,-0.400605
smids/Abnormal_Sperm/Abnormal_Sperm (557).bmp,calib,1,0.997517,-1.306218,0.308701
smids/Abnormal_Sperm/Abnormal_Sperm (559).bmp,calib,1,-1.686340,1.828788,-0.142448
smids/Abnormal_Sperm/Abnormal_Sperm (56).bmp,calib,1,-1.902731,1.145583,0.757148
smids/Abnormal_Sperm/Abnormal_Sperm (560).bmp,calib,1,0.222424,0.542690,-0.765115
smids/Abnormal_Sperm/Abnormal_Sperm (581).bmp,calib,1,0.161383,0.386870,-0.548252
smids/Abnormal_Sperm/Abnormal_Sperm (59).bmp,calib,1,-0.912299,2.075619,-1.163319
smids/Abnormal_Sperm/Abnormal_Sperm (595).bmp,calib,1,-1.186444,0.943493,0.242950
smids/Abnormal_Sperm/Abnormal_Sperm (6).bmp,calib,1,-1.056189,0.721013,0.335178
smids/Abnormal_Sperm/Abnormal_Sperm (604).bmp,calib,1,0.248478,1.338474,-1.586954
smids/Abnormal_Sperm/Abnormal_Sperm (609).bmp,calib,1,2.132582,0.983716,-3.116299
smids/Abnormal_Sperm/Abnormal_Sperm (610).bmp,calib,1,1.260759,0.026333,-1.287093
smids/Abnormal_Sperm/Abnormal_Sperm (629).bmp,calib,1,0.197325,-0.269678,0.072352
smids/Abnormal_Sperm/Abnormal_Sperm (63).bmp,calib,1,-0.797372,1.191382,-0.394010
smids/Abnormal_Sperm/Abnormal_Sperm (634).bmp,calib,1,0.656809,2.038144,-2.694952
smids/Abnormal_Sperm/Abnormal_Sperm (64).bmp,calib,1,-1.135756,2.559996,-1.424240
smids/Abnormal_Sperm/Abnormal_Sperm (641).bmp,calib,1,-0.359165,1.216347,-0.857183
smids/Abnormal_Sperm/Abnormal_Sperm (644).bmp,calib,1,-0.022196,1.200179,-1.177983
smids/Abnormal_Sperm/Abnormal_Sperm (647).bmp,calib,1,1.956947,0.477310,-2.434256
smids/Abnormal_Sperm/Abnormal_Sperm (650).bmp,calib,1,1.098250,1.994422,-3.092671
smids/Abnormal_Sperm/Abnormal_Sperm (655).bmp,calib,1,2.509604,1.795604,-4.305208
smids/Abnormal_Sperm/Abnormal_Sperm (660).bmp,calib,1,2.395077,0.258488,-2.653567
smids/Abnormal_Sperm/Abnormal_Sperm (663).bmp,calib,1,0.770542,2.459791,-3.230334
smids/Abnormal_Sperm/Abnormal_Sperm (665).bmp,calib,1,-0.570195,1.198726,-0.628531
smids/Abnormal_Sperm/Abnormal_Sperm (693).bmp,calib,1,0.010659,0.715228,-0.725888
smids/Abnormal_Sperm/Abnormal_Sperm (703).bmp,calib,1,0.262150,1.641874,-1.904025
smids/Abnormal_Sperm/Abnormal_Sperm (717).bmp,calib,1,2.499527,0.475900,-2.975427
smids/Abnormal_Sperm/Abnormal_Sperm (721).bmp,calib,1,0.272188,0.459169,-0.731357
smids/Abnormal_Sperm/Abnormal_Sperm (730).bmp,calib,1,0.915710,0.200802,-1.116513
smids/Abnormal_Sperm/Abnormal_Sperm (733).bmp,calib,1,0.593814,1.971979,-2.565796
smids/Abnormal_Sperm/Abnormal_Sperm (749).bmp,calib,1,-1.065292,2.751240,-1.685946
smids/Abnormal_Sperm/Abnormal_Sperm (756).bmp,calib,1,0.346060,0.596500,-0.942560
smids/Abnormal_Sperm/Abnormal_Sperm (767).bmp,calib,1,0.427171,2.339742,-2.766913
smids/Abnormal_Sperm/Abnormal_Sperm (77).bmp,calib,1,-0.370588,1.403984,-1.033395
smids/Abnormal_Sperm/Abnormal_Sperm (772).bmp,calib,1,0.973874,1.752222,-2.726095
smids/Abnormal_Sperm/Abnormal_Sperm (78).bmp,calib,1,-0.646934,1.720298,-1.073364
smids/Abnormal_Sperm/Abnormal_Sperm (790).bmp,calib,1,0.440055,1.670096,-2.110150
smids/Abnormal_Sperm/Abnormal_Sperm (793).bmp,calib,1,-1.014030,-0.192542,1.206571
smids/Abnormal_Sperm/Abnormal_Sperm (812).bmp,calib,1,1.426644,1.807987,-3.234632
smids/Abnormal_Sperm/Abnormal_Sperm (814).bmp,calib,1,1.148808,1.954890,-3.103697
smids/Abnormal_Sperm/Abnormal_Sperm (817).bmp,calib,1,0.196349,1.862586,-2.058934
smids/Abnormal_Sperm/Abnormal_Sperm (825).bmp,calib,1,1.238255,-0.518698,-0.719558
smids/Abnormal_Sperm/Abnormal_Sperm (835).bmp,calib,1,-0.111771,1.865582,-1.753812
smids/Abnormal_Sperm/Abnormal_Sperm (836).bmp,calib,1,0.554432,1.018961,-1.573394
smids/Abnormal_Sperm/Abnormal_Sperm (861).bmp,calib,1,1.440446,0.813836,-2.254283
smids/Abnormal_Sperm/Abnormal_Sperm (865).bmp,calib,1,1.219626,1.248154,-2.467780
smids/Abnormal_Sperm/Abnormal_Sperm (871).bmp,calib,1,-0.142731,0.727692,-0.584960
smids/Abnormal_Sperm/Abnormal_Sperm (872).bmp,calib,1,0.714885,0.498475,-1.213360
smids/Abnormal_Sperm/Abnormal_Sperm (875).bmp,calib,1,0.784898,1.116730,-1.901628
smids/Abnormal_Sperm/Abnormal_Sperm (876).bmp,calib,1,0.334021,1.388016,-1.722037
smids/Abnormal_Sperm/Abnormal_Sperm (880).bmp,calib,1,1.802013,-0.004390,-1.797624
smids/Abnormal_Sperm/Abnormal_Sperm (887).bmp,calib,1,-0.340212,0.304850,0.035361
smids/Abnormal_Sperm/Abnormal_Sperm (888).bmp,calib,1,2.124579,0.254889,-2.379468
smids/Abnormal_Sperm/Abnormal_Sperm (89).bmp,calib,1,-2.255572,2.212344,0.043228
smids/Abnormal_Sperm/Abnormal_Sperm (895).bmp,calib,1,2.680378,1.591895,-4.272273
smids/Abnormal_Sperm/Abnormal_Sperm (918).bmp,calib,1,1.249912,0.896343,-2.146254
smids/Abnormal_Sperm/Abnormal_Sperm (927).bmp,calib,1,-0.718716,0.902953,-0.184239
smids/Abnormal_Sperm/Abnormal_Sperm (932).bmp,calib,1,1.280117,1.267825,-2.547941
smids/Abnormal_Sperm/Abnormal_Sperm (938).bmp,calib,1,-0.246607,0.247358,-0.000752
smids/Abnormal_Sperm/Abnormal_Sperm (943).bmp,calib,1,1.124817,-0.407118,-0.717699
smids/Abnormal_Sperm/Abnormal_Sperm (948).bmp,calib,1,0.299999,1.864920,-2.164917
smids/Abnormal_Sperm/Abnormal_Sperm (950).bmp,calib,1,0.042231,1.657685,-1.699915
smids/Abnormal_Sperm/Abnormal_Sperm (958).bmp,calib,1,-1.346140,1.111623,0.234516
smids/Abnormal_Sperm/Abnormal_Sperm (959).bmp,calib,1,-0.312387,2.204749,-1.892360
smids/Abnormal_Sperm/Abnormal_Sperm (974).bmp,calib,1,-0.874619,3.175742,-2.301123
smids/Abnormal_Sperm/Abnormal_Sperm (976).bmp,calib,1,-0.408807,0.935377,-0.526570
smids/Abnormal_Sperm/Abnormal_Sperm (977).bmp,calib,1,-0.785125,2.771698,-1.986571
smids/Abnormal_Sperm/Abnormal_Sperm (978).bmp,calib,1,-0.149541,1.559044,-1.409503
smids/Abnormal_Sperm/Abnormal_Sperm (982).bmp,calib,1,-0.709077,1.424071,-0.714995
smids/Abnormal_Sperm/Abnormal_Sperm (985).bmp,calib,1,0.713154,1.627634,-2.340788
smids/Abnormal_Sperm/Abnormal_Sperm (992).bmp,calib,1,-0.044390,1.490194,-1.445803
smids/Abnormal_Sperm/Abnormal_Sperm (997).bmp,calib,1,0.198453,1.544626,-1.743079
smids/Abnormal_Sperm/Abnormal_Sperm (998).bmp,calib,1,-0.252539,2.055972,-1.803434
smids/Non-Sperm/Non-Sperm (106).bmp,calib,2,-0.769797,-1.431439,2.201235
smids/Non-Sperm/Non-Sperm (112).bmp,calib,2,-1.876258,-0.853837,2.730094
smids/Non-Sperm/Non-Sperm (12).bmp,calib,2,-1.910891,-0.218763,2.129653
smids/Non-Sperm/Non-Sperm (123).bmp,calib,2,-1.094949,-0.508074,1.603021
smids/Non-Sperm/Non-Sperm (127).bmp,calib,2,-2.454581,-0.005074,2.459654
smids/Non-Sperm/Non-Sperm (142).bmp,calib,2,-1.759136,-1.345800,3.104935
smids/Non-Sperm/Non-Sperm (146).bmp,calib,2,-1.840332,-1.087808,2.928137
smids/Non-Sperm/Non-Sperm (163).bmp,calib,2,-1.281037,0.350433,0.930604
smids/Non-Sperm/Non-Sperm (164).bmp,calib,2,-1.532301,-1.396609,2.928909
smids/Non-Sperm/Non-Sperm (171).bmp,calib,2,-0.254892,-1.818012,2.072902
smids/Non-Sperm/Non-Sperm (172).bmp,calib,2,-1.214516,-1.151933,2.366447
smids/Non-Sperm/Non-Sperm (178).bmp,calib,2,-0.514324,-1.314910,1.829232
smids/Non-Sperm/Non-Sperm (189).bmp,calib,2,-0.241813,-1.778859,2.020670
smids/Non-Sperm/Non-Sperm (193).bmp,calib,2,-1.502261,-1.264459,2.766717
smids/Non-Sperm/Non-Sperm (195).bmp,calib,2,-0.903607,-0.083595,0.987200
smids/Non-Sperm/Non-Sperm (197).bmp,calib,2,-2.250782,0.552513,1.698269
smids/Non-Sperm/Non-Sperm (2).bmp,calib,2,-1.679672,1.417003,0.262669
smids/Non-Sperm/Non-Sperm (205).bmp,calib,2,-2.104694,-0.496343,2.601036
smids/Non-Sperm/Non-Sperm (210).bmp,calib,2,-2.164331,-1.311318,3.475647
smids/Non-Sperm/Non-Sperm (218).bmp,calib,2,-0.813768,-0.744053,1.557819
smids/Non-Sperm/Non-Sperm (236).bmp,calib,2,-1.231455,-0.499540,1.730993
smids/Non-Sperm/Non-Sperm (237).bmp,calib,2,-0.747757,-1.187971,1.935726
smids/Non-Sperm/Non-Sperm (246).bmp,calib,2,-1.340220,-1.612377,2.952596
smids/Non-Sperm/Non-Sperm (257).bmp,calib,2,-1.966353,-0.446005,2.412357
smids/Non-Sperm/Non-Sperm (272).bmp,calib,2,-0.487185,-1.519685,2.006868
smids/Non-Sperm/Non-Sperm (276).bmp,calib,2,-1.175983,-1.367901,2.543882
smids/Non-Sperm/Non-Sperm (277).bmp,calib,2,-1.787916,-0.941419,2.729332
smids/Non-Sperm/Non-Sperm (280).bmp,calib,2,-1.813226,-1.605268,3.418493
smids/Non-Sperm/Non-Sperm (285).bmp,calib,2,-0.574037,-1.436834,2.010869
smids/Non-Sperm/Non-Sperm (287).bmp,calib,2,0.181327,-0.547034,0.365708
smids/Non-Sperm/Non-Sperm (300).bmp,calib,2,-0.781794,-2.003470,2.785262
smids/Non-Sperm/Non-Sperm (304).bmp,calib,2,-0.775524,-1.089164,1.864686
smids/Non-Sperm/Non-Sperm (316).bmp,calib,2,-1.427990,-1.823341,3.251329
smids/Non-Sperm/Non-Sperm (325).bmp,calib,2,-0.864629,-1.149769,2.014396
smids/Non-Sperm/Non-Sperm (327).bmp,calib,2,0.375076,-0.468126,0.093048
smids/Non-Sperm/Non-Sperm (338).bmp,calib,2,-1.289566,2.677613,-1.388047
smids/Non-Sperm/Non-Sperm (348).bmp,calib,2,-1.438617,-1.365267,2.803882
smids/Non-Sperm/Non-Sperm (35).bmp,calib,2,0.715582,1.314869,-2.030449
smids/Non-Sperm/Non-Sperm (36).bmp,calib,2,-0.868541,1.527929,-0.659389
smids/Non-Sperm/Non-Sperm (363).bmp,calib,2,-0.846567,-0.139817,0.986383
smids/Non-Sperm/Non-Sperm (365).bmp,calib,2,-0.647427,0.782964,-0.135536
smids/Non-Sperm/Non-Sperm (388).bmp,calib,2,-0.675929,-0.947018,1.622945
smids/Non-Sperm/Non-Sperm (397).bmp,calib,2,-0.101813,-1.416943,1.518754
smids/Non-Sperm/Non-Sperm (399).bmp,calib,2,0.008613,-0.759615,0.750999
smids/Non-Sperm/Non-Sperm (404).bmp,calib,2,-1.271933,-1.151618,2.423550
smids/Non-Sperm/Non-Sperm (41).bmp,calib,2,-0.508486,1.272908,-0.764423
smids/Non-Sperm/Non-Sperm (414).bmp,calib,2,0.767168,-1.675608,0.908438
smids/Non-Sperm/Non-Sperm (42).bmp,calib,2,-1.599884,0.820819,0.779067
smids/Non-Sperm/Non-Sperm (424).bmp,calib,2,-0.623753,-1.906438,2.530189
smids/Non-Sperm/Non-Sperm (432).bmp,calib,2,-1.461302,-1.181954,2.643255
smids/Non-Sperm/Non-Sperm (436).bmp,calib,2,-1.322392,-1.339609,2.662000
smids/Non-Sperm/Non-Sperm (439).bmp,calib,2,-1.421126,-1.229860,2.650984
smids/Non-Sperm/Non-Sperm (440).bmp,calib,2,0.458062,-1.398347,0.940283
smids/Non-Sperm/Non-Sperm (442).bmp,calib,2,-1.117904,-1.043333,2.161234
smids/Non-Sperm/Non-Sperm (447).bmp,calib,2,-1.146182,-1.022631,2.168813
smids/Non-Sperm/Non-Sperm (450).bmp,calib,2,-1.638480,-0.291644,1.930122
smids/Non-Sperm/Non-Sperm (451).bmp,calib,2,-0.733015,-0.194835,0.927849
smids/Non-Sperm/Non-Sperm (452).bmp,calib,2,-0.837259,0.289317,0.547940
smids/Non-Sperm/Non-Sperm (458).bmp,calib,2,-1.217529,-1.523425,2.740953
smids/Non-Sperm/Non-Sperm (459).bmp,calib,2,-0.637934,-1.650081,2.288012
smids/Non-Sperm/Non-Sperm (461).bmp,calib,2,-1.851943,-0.236012,2.087955
smids/Non-Sperm/Non-Sperm (472).bmp,calib,2,2.194108,-0.852322,-1.341787
smids/Non-Sperm/Non-Sperm (476).bmp,calib,2,-2.121419,-1.077380,3.198796
smids/Non-Sperm/Non-Sperm (480).bmp,calib,2,-1.718701,0.014437,1.704262
smids/Non-Sperm/Non-Sperm (49).bmp,calib,2,-1.453606,1.216172,0.237433
smids/Non-Sperm/Non-Sperm (491).bmp,calib,2,-1.199209,-1.346251,2.545458
smids/Non-Sperm/Non-Sperm (498).bmp,calib,2,-1.609551,-0.512349,2.121899
smids/Non-Sperm/Non-Sperm (5).bmp,calib,2,-2.987154,1.372914,1.614241
smids/Non-Sperm/Non-Sperm (501).bmp,calib,2,-1.443335,-1.210920,2.654252
smids/Non-Sperm/Non-Sperm (508).bmp,calib,2,-1.279574,-1.539214,2.818786
smids/Non-Sperm/Non-Sperm (514).bmp,calib,2,-1.729213,-1.332207,3.061419
smids/Non-Sperm/Non-Sperm (523).bmp,calib,2,-0.823566,-0.412567,1.236130
smids/Non-Sperm/Non-Sperm (529).bmp,calib,2,-2.546638,0.091450,2.455188
smids/Non-Sperm/Non-Sperm (534).bmp,calib,2,-0.562885,-0.857706,1.420591
smids/Non-Sperm/Non-Sperm (536).bmp,calib,2,-0.496270,-1.745170,2.241440
smids/Non-Sperm/Non-Sperm (544).bmp,calib,2,-1.516374,-1.151169,2.667542
smids/Non-Sperm/Non-Sperm (545).bmp,calib,2,-1.053440,-1.456155,2.509593
smids/Non-Sperm/Non-Sperm (55).bmp,calib,2,-2.313361,1.170663,1.142698
smids/Non-Sperm/Non-Sperm (552).bmp,calib,2,-0.024090,-1.180906,1.204995
smids/Non-Sperm/Non-Sperm (556).bmp,calib,2,-1.308691,-0.951012,2.259701
smids/Non-Sperm/Non-Sperm (559).bmp,calib,2,-1.422307,-1.404010,2.826316
smids/Non-Sperm/Non-Sperm (562).bmp,calib,2,-1.481439,-1.152442,2.633880
smids/Non-Sperm/Non-Sperm (565).bmp,calib,2,-3.020734,-0.117330,3.138062
smids/Non-Sperm/Non-Sperm (567).bmp,calib,2,-0.879540,-0.523010,1.402550
smids/Non-Sperm/Non-Sperm (568).bmp,calib,2,-0.911245,-0.120737,1.031981
smids/Non-Sperm/Non-Sperm (58).bmp,calib,2,-2.016873,0.767406,1.249467
smids/Non-Sperm/Non-Sperm (60).bmp,calib,2,1.156976,1.925813,-3.082788
smids/Non-Sperm/Non-Sperm (601).bmp,calib,2,-1.683149,-1.540052,3.223201
smids/Non-Sperm/Non-Sperm (602).bmp,calib,2,-1.772868,-1.590933,3.363800
smids/Non-Sperm/Non-Sperm (603).bmp,calib,2,-2.426817,0.384000,2.042816
smids/Non-Sperm/Non-Sperm (609).bmp,calib,2,-0.632145,-0.856069,1.488213
smids/Non-Sperm/Non-Sperm (615).bmp,calib,2,-2.532546,0.158866,2.373680
smids/Non-Sperm/Non-Sperm (63).bmp,calib,2,0.064769,-1.280468,1.215699
smids/Non-Sperm/Non-Sperm (633).bmp,calib,2,-1.166562,-1.999995,3.166555
smids/Non-Sperm/Non-Sperm (635).bmp,calib,2,-2.188838,0.032280,2.156557
smids/Non-Sperm/Non-Sperm (664).bmp,calib,2,-2.893188,-0.036856,2.930043
smids/Non-Sperm/Non-Sperm (667).bmp,calib,2,-2.075025,-1.018343,3.093367
smids/Non-Sperm/Non-Sperm (668).bmp,calib,2,-1.932062,-2.081200,4.013259
smids/Non-Sperm/Non-Sperm (673).bmp,calib,2,-1.561028,-1.607696,3.168722
smids/Non-Sperm/Non-Sperm (677).bmp,calib,2,-1.580496,-0.044282,1.624775
smids/Non-Sperm/Non-Sperm (681).bmp,calib,2,-0.356326,-1.361026,1.717349
smids/Non-Sperm/Non-Sperm (687).bmp,calib,2,-0.927264,-0.722776,1.650039
smids/Non-Sperm/Non-Sperm (689).bmp,calib,2,-1.418166,1.093731,0.324433
smids/Non-Sperm/Non-Sperm (696).bmp,calib,2,-2.013971,0.339794,1.674174
smids/Non-Sperm/Non-Sperm (702).bmp,calib,2,-0.595183,0.114398,0.480784
smids/Non-Sperm/Non-Sperm (716).bmp,calib,2,-1.923727,0.584661,1.339066
smids/Non-Sperm/Non-Sperm (722).bmp,calib,2,-1.527158,-1.086409,2.613566
smids/Non-Sperm/Non-Sperm (732).bmp,calib,2,-2.227034,-0.340792,2.567824
smids/Non-Sperm/Non-Sperm (737).bmp,calib,2,-1.705247,-0.667711,2.372958
smids/Non-Sperm/Non-Sperm (739).bmp,calib,2,-0.676905,-2.082428,2.759331
smids/Non-Sperm/Non-Sperm (742).bmp,calib,2,-2.001008,-1.514742,3.515748
smids/Non-Sperm/Non-Sperm (746).bmp,calib,2,-1.078370,-1.987528,3.065894
smids/Non-Sperm/Non-Sperm (754).bmp,calib,2,-2.473276,-1.322814,3.796089
smids/Non-Sperm/Non-Sperm (761).bmp,calib,2,-1.089822,0.196559,0.893261
smids/Non-Sperm/Non-Sperm (765).bmp,calib,2,-0.450711,-0.021639,0.472349
smids/Non-Sperm/Non-Sperm (776).bmp,calib,2,-0.534186,-1.320408,1.854593
smids/Non-Sperm/Non-Sperm (777).bmp,calib,2,-1.089583,-1.780455,2.870036
smids/Non-Sperm/Non-Sperm (778).bmp,calib,2,-0.836137,-1.215250,2.051385
smids/Non-Sperm/Non-Sperm (779).bmp,calib,2,-1.874380,-0.867756,2.742133
smids/Non-Sperm/Non-Sperm (785).bmp,calib,2,-0.671329,-1.439669,2.110996
smids/Non-Sperm/Non-Sperm (786).bmp,calib,2,-1.060931,-1.019614,2.080544
smids/Non-Sperm/Non-Sperm (787).bmp,calib,2,-1.847449,-1.264495,3.111942
smids/Non-Sperm/Non-Sperm (788).bmp,calib,2,-1.235162,-2.353456,3.588616
smids/Non-Sperm/Non-Sperm (796).bmp,calib,2,-0.485496,-1.552661,2.038156
smids/Non-Sperm/Non-Sperm (801).bmp,calib,2,-1.137120,-1.868256,3.005375
smids/Non-Sperm/Non-Sperm (804).bmp,calib,2,-0.273370,-1.361917,1.635286
smids/Non-Sperm/Non-Sperm (810).bmp,calib,2,-1.197279,-1.405201,2.602480
smids/Non-Sperm/Non-Sperm (812).bmp,calib,2,-0.933688,-2.131007,3.064693
smids/Non-Sperm/Non-Sperm (82).bmp,calib,2,-1.553712,-0.902020,2.455731
smids/Non-Sperm/Non-Sperm (825).bmp,calib,2,1.650794,-0.041375,-1.609419
smids/Non-Sperm/Non-Sperm (830).bmp,calib,2,-0.648894,-1.622260,2.271152
smids/Non-Sperm/Non-Sperm (847).bmp,calib,2,-1.794577,-1.582824,3.377399
smids/Non-Sperm/Non-Sperm (848).bmp,calib,2,-1.917815,-1.658879,3.576692
smids/Non-Sperm/Non-Sperm (85).bmp,calib,2,-1.223819,-0.568120,1.791937
smids/Non-Sperm/Non-Sperm (852).bmp,calib,2,-1.485544,-1.422586,2.908129
smids/Non-Sperm/Non-Sperm (87).bmp,calib,2,-0.188460,0.402683,-0.214223
smids/Non-Sperm/Non-Sperm (871).bmp,calib,2,-0.671428,-2.384316,3.055742
smids/Non-Sperm/Non-Sperm (872).bmp,calib,2,-0.875763,-1.042369,1.918132
smids/Non-Sperm/Non-Sperm (887).bmp,calib,2,-0.634068,-1.457684,2.091750
smids/Non-Sperm/Non-Sperm (899).bmp,calib,2,-0.073213,-0.604444,0.677657
smids/Non-Sperm/Non-Sperm (90).bmp,calib,2,-1.068103,-1.626927,2.695029
smids/Non-Sperm/Non-Sperm (904).bmp,calib,2,-0.001567,-0.161610,0.163175
smids/Non-Sperm/Non-Sperm (908).bmp,calib,2,-1.648936,1.455754,0.193181
smids/Non-Sperm/Non-Sperm (924).bmp,calib,2,0.557628,-0.901330,0.343701
smids/Non-Sperm/Non-Sperm (929).bmp,calib,2,0.347389,0.064601,-0.411991
smids/Non-Sperm/Non-Sperm (930).bmp,calib,2,-0.262069,-0.664720,0.926786
smids/Non-Sperm/Non-Sperm (932).bmp,calib,2,0.675425,-0.480304,-0.195121
smids/Non-Sperm/Non-Sperm (935).bmp,calib,2,0.386261,-0.308180,-0.078083
smids/Non-Sperm/Non-Sperm (938).bmp,calib,2,-0.008900,-0.252939,0.261838
smids/Non-Sperm/Non-Sperm (94).bmp,calib,2,-2.747130,-0.413538,3.160665
smids/Non-Sperm/Non-Sperm (959).bmp,calib,2,-2.266970,0.849772,1.417198
smids/Non-Sperm/Non-Sperm (961).bmp,calib,2,-1.142953,-0.919177,2.062129
smids/Non-Sperm/Non-Sperm (965).bmp,calib,2,-1.532506,0.853999,0.678506
smids/Non-Sperm/Non-Sperm (970).bmp,calib,2,-2.620066,-0.422102,3.042169
smids/Non-Sperm/Non-Sperm (971).bmp,calib,2,-1.435633,-1.103422,2.539056
smids/Non-Sperm/Non-Sperm (974).bmp,calib,2,0.311355,-0.741875,0.430519
smids/Normal_Sperm/Normal_Sperm (1004).bmp,calib,0,1.686981,-1.294343,-0.392639
smids/Normal_Sperm/Normal_Sperm (1005).bmp,calib,0,-0.239894,1.598126,-1.358232
smids/Normal_Sperm/Normal_Sperm (1009).bmp,calib,0,1.487465,-0.299876,-1.187589
smids/Normal_Sperm/Normal_Sperm (1010).bmp,calib,0,2.025394,-0.959611,-1.065784
smids/Normal_Sperm/Normal_Sperm (1020).bmp,calib,0,-0.698079,0.217449,0.480628
smids/Normal_Sperm/Normal_Sperm (107).bmp,calib,0,-0.526086,1.123594,-0.597508
smids/Normal_Sperm/Normal_Sperm (113).bmp,calib,0,2.707347,0.132461,-2.839809
smids/Normal_Sperm/Normal_Sperm (115).bmp,calib,0,0.286985,0.121718,-0.408703
smids/Normal_Sperm/Normal_Sperm (116).bmp,calib,0,2.929594,-0.136347,-2.793245
smids/Normal_Sperm/Normal_Sperm (133).bmp,calib,0,1.049031,0.948717,-1.997746
smids/Normal_Sperm/Normal_Sperm (136).bmp,calib,0,0.761681,0.748788,-1.510466
smids/Normal_Sperm/Normal_Sperm (16).bmp,calib,0,0.474290,-0.195291,-0.279001
smids/Normal_Sperm/Normal_Sperm (168).bmp,calib,0,2.729724,-0.831791,-1.897933
smids/Normal_Sperm/Normal_Sperm (169).bmp,calib,0,1.888631,-0.573489,-1.315142
smids/Normal_Sperm/Normal_Sperm (173).bmp,calib,0,0.321788,0.164256,-0.486044
smids/Normal_Sperm/Normal_Sperm (178).bmp,calib,0,1.634174,-0.798864,-0.835312
smids/Normal_Sperm/Normal_Sperm (183).bmp,calib,0,1.107536,1.459847,-2.567384
smids/Normal_Sperm/Normal_Sperm (184).bmp,calib,0,1.479109,0.293237,-1.772345
smids/Normal_Sperm/Normal_Sperm (187).bmp,calib,0,0.309263,0.099770,-0.409034
smids/Normal_Sperm/Normal_Sperm (191).bmp,calib,0,1.366450,-0.165612,-1.200839
smids/Normal_Sperm/Normal_Sperm (197).bmp,calib,0,2.063132,0.633756,-2.696888
smids/Normal_Sperm/Normal_Sperm (207).bmp,calib,0,1.131153,0.565330,-1.696483
smids/Normal_Sperm/Normal_Sperm (215).bmp,calib,0,-0.340516,1.016201,-0.675685
smids/Normal_Sperm/Normal_Sperm (220).bmp,calib,0,1.480741,0.046182,-1.526924
smids/Normal_Sperm/Normal_Sperm (221).bmp,calib,0,0.773022,-0.402478,-0.370545
smids/Normal_Sperm/Normal_Sperm (224).bmp,calib,0,1.719058,-0.259874,-1.459183
smids/Normal_Sperm/Normal_Sperm (229).bmp,calib,0,1.974956,0.017470,-1.992426
smids/Normal_Sperm/Normal_Sperm (231).bmp,calib,0,0.685513,0.974448,-1.659961
smids/Normal_Sperm/Normal_Sperm (241).bmp,calib,0,1.653961,-0.904685,-0.749277
smids/Normal_Sperm/Normal_Sperm (262).bmp,calib,0,1.628972,1.058597,-2.687569
smids/Normal_Sperm/Normal_Sperm (271).bmp,calib,0,2.202159,-0.661745,-1.540415
smids/Normal_Sperm/Normal_Sperm (272).bmp,calib,0,2.365394,-0.143864,-2.221531
smids/Normal_Sperm/Normal_Sperm (274).bmp,calib,0,1.580083,-1.096538,-0.483546
smids/Normal_Sperm/Normal_Sperm (277).bmp,calib,0,1.533906,-0.792110,-0.741798
smids/Normal_Sperm/Normal_Sperm (281).bmp,calib,0,1.785561,0.860665,-2.646227
smids/Normal_Sperm/Normal_Sperm (288).bmp,calib,0,2.537285,-0.933507,-1.603779
smids/Normal_Sperm/Normal_Sperm (294).bmp,calib,0,2.188091,-0.480149,-1.707943
smids/Normal_Sperm/Normal_Sperm (304).bmp,calib,0,2.605613,-0.199150,-2.406464
smids/Normal_Sperm/Normal_Sperm (308).bmp,calib,0,-0.567432,0.413373,0.154058
smids/Normal_Sperm/Normal_Sperm (310).bmp,calib,0,2.045095,-0.474074,-1.571022
smids/Normal_Sperm/Normal_Sperm (313).bmp,calib,0,2.728289,-0.659942,-2.068348
smids/Normal_Sperm/Normal_Sperm (316).bmp,calib,0,1.583995,1.112038,-2.696035
smids/Normal_Sperm/Normal_Sperm (322).bmp,calib,0,1.278283,0.752502,-2.030785
smids/Normal_Sperm/Normal_Sperm (324).bmp,calib,0,1.366553,1.359791,-2.726344
smids/Normal_Sperm/Normal_Sperm (327).bmp,calib,0,1.866177,0.850357,-2.716533
smids/Normal_Sperm/Normal_Sperm (339).bmp,calib,0,-0.187663,-0.568832,0.756494
smids/Normal_Sperm/Normal_Sperm (34).bmp,calib,0,0.002640,-1.117687,1.115046
smids/Normal_Sperm/Normal_Sperm (347).bmp,calib,0,1.295181,-0.632696,-0.662486
smids/Normal_Sperm/Normal_Sperm (354).bmp,calib,0,0.582089,0.630295,-1.212385
smids/Normal_Sperm/Normal_Sperm (362).bmp,calib,0,-0.238956,1.682624,-1.443669
smids/Normal_Sperm/Normal_Sperm (365).bmp,calib,0,1.168804,-0.202969,-0.965836
smids/Normal_Sperm/Normal_Sperm (369).bmp,calib,0,0.536856,-0.468402,-0.068455
smids/Normal_Sperm/Normal_Sperm (385).bmp,calib,0,2.524342,1.061604,-3.585945
smids/Normal_Sperm/Normal_Sperm (386).bmp,calib,0,2.699463,-0.767259,-1.932205
smids/Normal_Sperm/Normal_Sperm (389).bmp,calib,0,1.826998,0.973441,-2.800440
smids/Normal_Sperm/Normal_Sperm (391).bmp,calib,0,1.463454,0.216967,-1.680421
smids/Normal_Sperm/Normal_Sperm (394).bmp,calib,0,1.914486,0.453043,-2.367529
smids/Normal_Sperm/Normal_Sperm (398).bmp,calib,0,0.783905,1.036838,-1.820743
smids/Normal_Sperm/Normal_Sperm (4).bmp,calib,0,3.854429,0.176738,-4.031167
smids/Normal_Sperm/Normal_Sperm (40).bmp,calib,0,-0.245020,-1.179498,1.424516
smids/Normal_Sperm/Normal_Sperm (406).bmp,calib,0,1.138406,0.203813,-1.342220
smids/Normal_Sperm/Normal_Sperm (409).bmp,calib,0,2.404064,1.295741,-3.699805
smids/Normal_Sperm/Normal_Sperm (435).bmp,calib,0,0.848400,-1.122479,0.274076
smids/Normal_Sperm/Normal_Sperm (440).bmp,calib,0,1.002224,0.353378,-1.355603
smids/Normal_Sperm/Normal_Sperm (451).bmp,calib,0,1.290846,0.702783,-1.993629
smids/Normal_Sperm/Normal_Sperm (458).bmp,calib,0,1.983933,-0.055173,-1.928761
smids/Normal_Sperm/Normal_Sperm (459).bmp,calib,0,2.142133,-0.617969,-1.524165
smids/Normal_Sperm/Normal_Sperm (460).bmp,calib,0,0.358639,0.444023,-0.802663
smids/Normal_Sperm/Normal_Sperm (471).bmp,calib,0,2.320525,0.343445,-2.663971
smids/Normal_Sperm/Normal_Sperm (473).bmp,calib,0,1.863165,1.322765,-3.185930
smids/Normal_Sperm/Normal_Sperm (480).bmp,calib,0,4.566850,-0.346999,-4.219851
smids/Normal_Sperm/Normal_Sperm (482).bmp,calib,0,2.772455,0.195844,-2.968300
smids/Normal_Sperm/Normal_Sperm (485).bmp,calib,0,2.407400,0.701488,-3.108889
smids/Normal_Sperm/Normal_Sperm (498).bmp,calib,0,2.224488,-0.579737,-1.644753
smids/Normal_Sperm/Normal_Sperm (499).bmp,calib,0,2.719232,0.063368,-2.782600
smids/Normal_Sperm/Normal_Sperm (50).bmp,calib,0,2.162018,1.193482,-3.355502
smids/Normal_Sperm/Normal_Sperm (520).bmp,calib,0,2.225923,-0.519197,-1.706727
smids/Normal_Sperm/Normal_Sperm (531).bmp,calib,0,2.274048,0.573297,-2.847344
smids/Normal_Sperm/Normal_Sperm (534).bmp,calib,0,0.034869,1.704278,-1.739148
smids/Normal_Sperm/Normal_Sperm (538).bmp,calib,0,2.487386,-0.127538,-2.359847
smids/Normal_Sperm/Normal_Sperm (543).bmp,calib,0,1.054781,1.023177,-2.077957
smids/Normal_Sperm/Normal_Sperm (546).bmp,calib,0,4.728259,0.307791,-5.036049
smids/Normal_Sperm/Normal_Sperm (55).bmp,calib,0,-0.778352,0.436374,0.341976
smids/Normal_Sperm/Normal_Sperm (552).bmp,calib,0,2.661032,-0.671032,-1.990000
smids/Normal_Sperm/Normal_Sperm (558).bmp,calib,0,1.390566,-0.287648,-1.102919
smids/Normal_Sperm/Normal_Sperm (563).bmp,calib,0,1.773143,-0.007565,-1.765578
smids/Normal_Sperm/Normal_Sperm (564).bmp,calib,0,3.480100,-0.182793,-3.297308
smids/Normal_Sperm/Normal_Sperm (567).bmp,calib,0,3.342856,-0.304447,-3.038410
smids/Normal_Sperm/Normal_Sperm (568).bmp,calib,0,2.587737,0.784834,-3.372571
smids/Normal_Sperm/Normal_Sperm (572).bmp,calib,0,3.599171,-0.678927,-2.920245
smids/Normal_Sperm/Normal_Sperm (577).bmp,calib,0,0.889031,1.366311,-2.255341
smids/Normal_Sperm/Normal_Sperm (608).bmp,calib,0,4.238766,-0.440554,-3.798212
smids/Normal_Sperm/Normal_Sperm (610).bmp,calib,0,2.851288,-0.448406,-2.402881
smids/Normal_Sperm/Normal_Sperm (627).bmp,calib,0,2.326955,0.355912,-2.682867
smids/Normal_Sperm/Normal_Sperm (646).bmp,calib,0,2.471019,-0.039417,-2.431602
smids/Normal_Sperm/Normal_Sperm (647).bmp,calib,0,2.925699,-0.819255,-2.106444
smids/Normal_Sperm/Normal_Sperm (649).bmp,calib,0,3.346984,1.073505,-4.420490
smids/Normal_Sperm/Normal_Sperm (653).bmp,calib,0,2.843567,-0.282556,-2.561010
smids/Normal_Sperm/Normal_Sperm (656).bmp,calib,0,2.062031,2.007690,-4.069721
smids/Normal_Sperm/Normal_Sperm (663).bmp,calib,0,1.604809,1.280087,-2.884896
smids/Normal_Sperm/Normal_Sperm (664).bmp,calib,0,2.619499,-0.139548,-2.479949
smids/Normal_Sperm/Normal_Sperm (665).bmp,calib,0,2.828538,-0.439092,-2.389446
smids/Normal_Sperm/Normal_Sperm (672).bmp,calib,0,5.461802,-0.224930,-5.236870
smids/Normal_Sperm/Normal_Sperm (674).bmp,calib,0,3.621591,-1.169669,-2.451922
smids/Normal_Sperm/Normal_Sperm (676).bmp,calib,0,4.125613,-0.388770,-3.736843
smids/Normal_Sperm/Normal_Sperm (677).bmp,calib,0,1.846519,0.547551,-2.394069
smids/Normal_Sperm/Normal_Sperm (683).bmp,calib,0,3.423021,0.913790,-4.336812
smids/Normal_Sperm/Normal_Sperm (687).bmp,calib,0,2.860950,-0.535990,-2.324959
smids/Normal_Sperm/Normal_Sperm (694).bmp,calib,0,0.586102,-0.223328,-0.362775
smids/Normal_Sperm/Normal_Sperm (703).bmp,calib,0,1.847535,0.213494,-2.061029
smids/Normal_Sperm/Normal_Sperm (718).bmp,calib,0,3.094246,-0.030826,-3.063420
smids/Normal_Sperm/Normal_Sperm (721).bmp,calib,0,2.651917,-0.684968,-1.966951
smids/Normal_Sperm/Normal_Sperm (733).bmp,calib,0,2.573926,0.269860,-2.843788
smids/Normal_Sperm/Normal_Sperm (738).bmp,calib,0,3.844654,-0.916982,-2.927672
smids/Normal_Sperm/Normal_Sperm (758).bmp,calib,0,3.513295,0.957752,-4.471047
smids/Normal_Sperm/Normal_Sperm (765).bmp,calib,0,3.373418,0.178872,-3.552287
smids/Normal_Sperm/Normal_Sperm (767).bmp,calib,0,0.472688,-0.234795,-0.237895
smids/Normal_Sperm/Normal_Sperm (768).bmp,calib,0,2.499930,-0.777303,-1.722628
smids/Normal_Sperm/Normal_Sperm (772).bmp,calib,0,2.021198,-0.476788,-1.544411
smids/Normal_Sperm/Normal_Sperm (776).bmp,calib,0,2.104472,-0.056884,-2.047589
smids/Normal_Sperm/Normal_Sperm (779).bmp,calib,0,3.732673,-0.288763,-3.443909
smids/Normal_Sperm/Normal_Sperm (780).bmp,calib,0,0.461360,-0.197769,-0.263592
smids/Normal_Sperm/Normal_Sperm (781).bmp,calib,0,2.344004,-0.147555,-2.196449
smids/Normal_Sperm/Normal_Sperm (784).bmp,calib,0,2.073664,0.183185,-2.256849
smids/Normal_Sperm/Normal_Sperm (795).bmp,calib,0,4.132470,0.722783,-4.855253
smids/Normal_Sperm/Normal_Sperm (8).bmp,calib,0,0.244145,-0.682784,0.438639
smids/Normal_Sperm/Normal_Sperm (801).bmp,calib,0,0.637898,0.090359,-0.728258
smids/Normal_Sperm/Normal_Sperm (802).bmp,calib,0,1.063048,-0.796165,-0.266885
smids/Normal_Sperm/Normal_Sperm (811).bmp,calib,0,2.549177,0.887547,-3.436723
smids/Normal_Sperm/Normal_Sperm (812).bmp,calib,0,0.359182,-0.652213,0.293032
smids/Normal_Sperm/Normal_Sperm (824).bmp,calib,0,4.183193,-0.357724,-3.825469
smids/Normal_Sperm/Normal_Sperm (828).bmp,calib,0,2.565918,0.344183,-2.910101
smids/Normal_Sperm/Normal_Sperm (829).bmp,calib,0,3.525899,-0.545046,-2.980854
smids/Normal_Sperm/Normal_Sperm (836).bmp,calib,0,1.501259,0.629466,-2.130725
smids/Normal_Sperm/Normal_Sperm (84).bmp,calib,0,0.611026,0.786236,-1.397263
smids/Normal_Sperm/Normal_Sperm (840).bmp,calib,0,2.380154,0.381403,-2.761556
smids/Normal_Sperm/Normal_Sperm (843).bmp,calib,0,1.189878,-0.014610,-1.175270
smids/Normal_Sperm/Normal_Sperm (847).bmp,calib,0,1.135443,0.229194,-1.364637
smids/Normal_Sperm/Normal_Sperm (854).bmp,calib,0,1.523840,1.776804,-3.300643
smids/Normal_Sperm/Normal_Sperm (864).bmp,calib,0,2.333827,-0.457748,-1.876079
smids/Normal_Sperm/Normal_Sperm (868).bmp,calib,0,1.374425,-0.075688,-1.298737
smids/Normal_Sperm/Normal_Sperm (900).bmp,calib,0,3.021577,-1.212507,-1.809070
smids/Normal_Sperm/Normal_Sperm (903).bmp,calib,0,0.623103,1.483452,-2.106555
smids/Normal_Sperm/Normal_Sperm (908).bmp,calib,0,3.329063,0.811028,-4.140090
smids/Normal_Sperm/Normal_Sperm (913).bmp,calib,0,1.373369,-0.146701,-1.226668
smids/Normal_Sperm/Normal_Sperm (915).bmp,calib,0,0.574957,0.271763,-0.846721
smids/Normal_Sperm/Normal_Sperm (929).bmp,calib,0,3.620845,-0.227161,-3.393684
smids/Normal_Sperm/Normal_Sperm (930).bmp,calib,0,-1.439409,-0.779040,2.218447
smids/Normal_Sperm/Normal_Sperm (931).bmp,calib,0,1.443923,1.846282,-3.290204
smids/Normal_Sperm/Normal_Sperm (932).bmp,calib,0,1.154606,1.487767,-2.642372
smids/Normal_Sperm/Normal_Sperm (935).bmp,calib,0,-0.200730,1.526922,-1.326193
smids/Normal_Sperm/Normal_Sperm (942).bmp,calib,0,1.592147,1.658179,-3.250327
smids/Normal_Sperm/Normal_Sperm (95).bmp,calib,0,-1.981637,0.140859,1.840776
smids/Normal_Sperm/Normal_Sperm (954).bmp,calib,0,1.012763,1.823461,-2.836224
smids/Normal_Sperm/Normal_Sperm (962).bmp,calib,0,-1.101868,0.163311,0.938556
smids/Normal_Sperm/Normal_Sperm (964).bmp,calib,0,3.443463,-0.102566,-3.340896
smids/Normal_Sperm/Normal_Sperm (98).bmp,calib,0,2.718276,-0.939329,-1.778946
smids/Normal_Sperm/Normal_Sperm (984).bmp,calib,0,0.375807,-0.968706,0.592898
smids/Normal_Sperm/Normal_Sperm (986).bmp,calib,0,1.982738,-0.216242,-1.766497
smids/Normal_Sperm/Normal_Sperm (995).bmp,calib,0,1.055301,-0.099882,-0.955418
smids/Abnormal_Sperm/Abnormal_Sperm (1).bmp,test,1,0.596668,1.985220,-2.581886
smids/Abnormal_Sperm/Abnormal_Sperm (1003).bmp,test,1,0.187740,1.769177,-1.956916
smids/Abnormal_Sperm/Abnormal_Sperm (109).bmp,test,1,-0.699309,0.593931,0.105377
smids/Abnormal_Sperm/Abnormal_Sperm (124).bmp,test,1,-0.894900,2.352812,-1.457909
smids/Abnormal_Sperm/Abnormal_Sperm (133).bmp,test,1,2.087361,2.447193,-4.534552
smids/Abnormal_Sperm/Abnormal_Sperm (147).bmp,test,1,-0.167672,1.492333,-1.324662
smids/Abnormal_Sperm/Abnormal_Sperm (157).bmp,test,1,-0.300333,2.756118,-2.455785
smids/Abnormal_Sperm/Abnormal_Sperm (162).bmp,test,1,-1.370960,1.620795,-0.249835
smids/Abnormal_Sperm/Abnormal_Sperm (164).bmp,test,1,0.215881,3.132581,-3.348462
smids/Abnormal_Sperm/Abnormal_Sperm (165).bmp,test,1,-1.489084,2.591906,-1.102822
smids/Abnormal_Sperm/Abnormal_Sperm (166).bmp,test,1,0.274459,1.270085,-1.544543
smids/Abnormal_Sperm/Abnormal_Sperm (171).bmp,test,1,-0.251603,0.811430,-0.559825
smids/Abnormal_Sperm/Abnormal_Sperm (178).bmp,test,1,-0.048299,0.929821,-0.881522
smids/Abnormal_Sperm/Abnormal_Sperm (184).bmp,test,1,-0.867199,3.156474,-2.289272
smids/Abnormal_Sperm/Abnormal_Sperm (192).bmp,test,1,1.654681,2.361346,-4.016024
smids/Abnormal_Sperm/Abnormal_Sperm (203).bmp,test,1,1.413213,1.174038,-2.587249
smids/Abnormal_Sperm/Abnormal_Sperm (205).bmp,test,1,-1.679605,2.906825,-1.227219
smids/Abnormal_Sperm/Abnormal_Sperm (208).bmp,test,1,-0.274088,1.246207,-0.972119
smids/Abnormal_Sperm/Abnormal_Sperm (215).bmp,test,1,1.199353,3.786285,-4.985638
smids/Abnormal_Sperm/Abnormal_Sperm (224).bmp,test,1,0.399442,3.109432,-3.508872
smids/Abnormal_Sperm/Abnormal_Sperm (225).bmp,test,1,0.603252,2.562880,-3.166130
smids/Abnormal_Sperm/Abnormal_Sperm (234).bmp,test,1,-0.600669,2.052012,-1.451343
smids/Abnormal_Sperm/Abnormal_Sperm (267).bmp,test,1,-0.781284,1.555421,-0.774136
smids/Abnormal_Sperm/Abnormal_Sperm (273).bmp,test,1,-1.624698,2.924469,-1.299770
smids/Abnormal_Sperm/Abnormal_Sperm (277).bmp,test,1,0.929972,1.642936,-2.572908
smids/Abnormal_Sperm/Abnormal_Sperm (278).bmp,test,1,0.683326,2.979343,-3.662669
smids/Abnormal_Sperm/Abnormal_Sperm (279).bmp,test,1,-0.352885,1.606072,-1.253188
smids/Abnormal_Sperm/Abnormal_Sperm (285).bmp,test,1,0.148343,2.155729,-2.304071
smids/Abnormal_Sperm/Abnormal_Sperm (291).bmp,test,1,0.244581,0.183305,-0.427886
smids/Abnormal_Sperm/Abnormal_Sperm (293).bmp,test,1,1.712841,2.700308,-4.413149
smids/Abnormal_Sperm/Abnormal_Sperm (301).bmp,test,1,0.185382,1.041580,-1.226962
smids/Abnormal_Sperm/Abnormal_Sperm (302).bmp,test,1,-1.496153,1.278306,0.217848
smids/Abnormal_Sperm/Abnormal_Sperm (306).bmp,test,1,0.908976,0.969213,-1.878189
smids/Abnormal_Sperm/Abnormal_Sperm (314).bmp,test,1,-2.097345,2.857862,-0.760516
smids/Abnormal_Sperm/Abnormal_Sperm (318).bmp,test,1,0.104513,2.040112,-2.144625
smids/Abnormal_Sperm/Abnormal_Sperm (321).bmp,test,1,-0.070305,2.873521,-2.803216
smids/Abnormal_Sperm/Abnormal_Sperm (324).bmp,test,1,-1.570028,2.408783,-0.838755
smids/Abnormal_Sperm/Abnormal_Sperm (325).bmp,test,1,-1.463199,2.021235,-0.558034
smids/Abnormal_Sperm/Abnormal_Sperm (327).bmp,test,1,-2.691394,2.640339,0.051055
smids/Abnormal_Sperm/Abnormal_Sperm (329).bmp,test,1,-0.515041,2.122889,-1.607847
smids/Abnormal_Sperm/Abnormal_Sperm (334).bmp,test,1,-1.113617,1.615222,-0.501605
smids/Abnormal_Sperm/Abnormal_Sperm (338).bmp,test,1,1.239776,2.616811,-3.856587
smids/Abnormal_Sperm/Abnormal_Sperm (344).bmp,test,1,-0.466831,2.306348,-1.839518
smids/Abnormal_Sperm/Abnormal_Sperm (346).bmp,test,1,-0.895506,1.742276,-0.846770
smids/Abnormal_Sperm/Abnormal_Sperm (348).bmp,test,1,0.556053,1.043808,-1.599860
smids/Abnormal_Sperm/Abnormal_Sperm (35).bmp,test,1,-0.103657,1.809125,-1.705467
smids/Abnormal_Sperm/Abnormal_Sperm (355).bmp,test,1,-0.285101,1.677763,-1.392662
smids/Abnormal_Sperm/Abnormal_Sperm (364).bmp,test,1,-0.820936,1.800722,-0.979787
smids/Abnormal_Sperm/Abnormal_Sperm (365).bmp,test,1,-0.550809,2.315303,-1.764493
smids/Abnormal_Sperm/Abnormal_Sperm (373).bmp,test,1,-0.939157,2.641916,-1.702760
smids/Abnormal_Sperm/Abnormal_Sperm (374).bmp,test,1,-0.373610,3.487972,-3.114363
smids/Abnormal_Sperm/Abnormal_Sperm (379).bmp,test,1,-1.289337,0.603020,0.686317
smids/Abnormal_Sperm/Abnormal_Sperm (400).bmp,test,1,-0.874573,1.797172,-0.922600
smids/Abnormal_Sperm/Abnormal_Sperm (41).bmp,test,1,0.084262,1.043206,-1.127468
smids/Abnormal_Sperm/Abnormal_Sperm (412).bmp,test,1,0.035112,1.627428,-1.662541
smids/Abnormal_Sperm/Abnormal_Sperm (415).bmp,test,1,-0.355406,2.157237,-1.801831
smids/Abnormal_Sperm/Abnormal_Sperm (430).bmp,test,1,-0.986332,1.614828,-0.628497
smids/Abnormal_Sperm/Abnormal_Sperm (431).bmp,test,1,-1.116850,1.101113,0.015736
smids/Abnormal_Sperm/Abnormal_Sperm (439).bmp,test,1,0.423293,1.758366,-2.181660
smids/Abnormal_Sperm/Abnormal_Sperm (443).bmp,test,1,-0.433039,2.237924,-1.804887
smids/Abnormal_Sperm/Abnormal_Sperm (445).bmp,test,1,-1.209313,3.474693,-2.265380
smids/Abnormal_Sperm/Abnormal_Sperm (447).bmp,test,1,-2.477855,2.420152,0.057705
smids/Abnormal_Sperm/Abnormal_Sperm (460).bmp,test,1,-1.996859,3.050425,-1.053566
smids/Abnormal_Sperm/Abnormal_Sperm (462).bmp,test,1,0.482751,1.517491,-2.000242
smids/Abnormal_Sperm/Abnormal_Sperm (463).bmp,test,1,-2.674900,1.915571,0.759330
smids/Abnormal_Sperm/Abnormal_Sperm (470).bmp,test,1,0.069629,2.608404,-2.678033
smids/Abnormal_Sperm/Abnormal_Sperm (477).bmp,test,1,0.754009,1.633572,-2.387580
smids/Abnormal_Sperm/Abnormal_Sperm (483).bmp,test,1,0.250526,1.119853,-1.370381
smids/Abnormal_Sperm/Abnormal_Sperm (489).bmp,test,1,-0.803324,-0.308519,1.111843
smids/Abnormal_Sperm/Abnormal_Sperm (496).bmp,test,1,0.670399,1.399196,-2.069594
smids/Abnormal_Sperm/Abnormal_Sperm (497).bmp,test,1,-0.079560,-0.420359,0.499918
smids/Abnormal_Sperm/Abnormal_Sperm (501).bmp,test,1,0.693054,-0.320927,-0.372129
smids/Abnormal_Sperm/Abnormal_Sperm (513).bmp,test,1,-0.802173,0.723297,0.078878
smids/Abnormal_Sperm/Abnormal_Sperm (520).bmp,test,1,-0.399795,1.097577,-0.697782
smids/Abnormal_Sperm/Abnormal_Sperm (526).bmp,test,1,-0.532753,0.565042,-0.032288
smids/Abnormal_Sperm/Abnormal_Sperm (535).bmp,test,1,-0.391446,2.863060,-2.471613
smids/Abnormal_Sperm/Abnormal_Sperm (539).bmp,test,1,1.300036,1.611206,-2.911242
smids/Abnormal_Sperm/Abnormal_Sperm (543).bmp,test,1,-0.401257,2.229817,-1.828560
smids/Abnormal_Sperm/Abnormal_Sperm (547).bmp,test,1,0.239937,2.552220,-2.792155
smids/Abnormal_Sperm/Abnormal_Sperm (55).bmp,test,1,-0.783035,1.429714,-0.646680
smids/Abnormal_Sperm/Abnormal_Sperm (555).bmp,test,1,-0.078938,0.721978,-0.643040
smids/Abnormal_Sperm/Abnormal_Sperm (558).bmp,test,1,-0.560547,0.272218,0.288329
smids/Abnormal_Sperm/Abnormal_Sperm (562).bmp,test,1,-0.150076,-0.482684,0.632759
smids/Abnormal_Sperm/Abnormal_Sperm (569).bmp,test,1,-1.286121,0.636509,0.649612
smids/Abnormal_Sperm/Abnormal_Sperm (573).bmp,test,1,1.391416,1.533107,-2.924519
smids/Abnormal_Sperm/Abnormal_Sperm (574).bmp,test,1,1.076323,-0.275706,-0.800615
smids/Abnormal_Sperm/Abnormal_Sperm (575).bmp,test,1,2.304299,0.754135,-3.058434
smids/Abnormal_Sperm/Abnormal_Sperm (576).bmp,test,1,-0.931372,2.218393,-1.287020
smids/Abnormal_Sperm/Abnormal_Sperm (577).bmp,test,1,-0.294871,1.230661,-0.935790
smids/Abnormal_Sperm/Abnormal_Sperm (578).bmp,test,1,0.728297,0.218710,-0.947006
smids/Abnormal_Sperm/Abnormal_Sperm (584).bmp,test,1,-0.008915,-0.123892,0.132806
smids/Abnormal_Sperm/Abnormal_Sperm (589).bmp,test,1,1.188556,0.696073,-1.884628
smids/Abnormal_Sperm/Abnormal_Sperm (592).bmp,test,1,-1.805589,1.792470,0.013120
smids/Abnormal_Sperm/Abnormal_Sperm (593).bmp,test,1,0.505053,0.770898,-1.275949
smids/Abnormal_Sperm/Abnormal_Sperm (596).bmp,test,1,-0.136372,1.658317,-1.521945
smids/Abnormal_Sperm/Abnormal_Sperm (608).bmp,test,1,-0.574019,1.321130,-0.747111
smids/Abnormal_Sperm/Abnormal_Sperm (614).bmp,test,1,0.749807,0.747659,-1.497466
smids/Abnormal_Sperm/Abnormal_Sperm (617).bmp,test,1,1.058161,1.878284,-2.936445
smids/Abnormal_Sperm/Abnormal_Sperm (618).bmp,test,1,0.083965,1.126583,-1.210548
smids/Abnormal_Sperm/Abnormal_Sperm (62).bmp,test,1,-1.723783,3.069221,-1.345439
smids/Abnormal_Sperm/Abnormal_Sperm (621).bmp,test,1,-0.666608,1.349097,-0.682488
smids/Abnormal_Sperm/Abnormal_Sperm (622).bmp,test,1,2.039255,-0.111345,-1.927910
smids/Abnormal_Sperm/Abnormal_Sperm (623).bmp,test,1,2.065116,0.853148,-2.918263
smids/Abnormal_Sperm/Abnormal_Sperm (625).bmp,test,1,1.139499,1.132986,-2.272485
smids/Abnormal_Sperm/Abnormal_Sperm (628).bmp,test,1,-0.560520,1.335158,-0.774638
smids/Abnormal_Sperm/Abnormal_Sperm (632).bmp,test,1,-0.506239,1.248688,-0.742448
smids/Abnormal_Sperm/Abnormal_Sperm (635).bmp,test,1,0.767986,1.792976,-2.560961
smids/Abnormal_Sperm/Abnormal_Sperm (638).bmp,test,1,0.419816,0.113323,-0.533140
smids/Abnormal_Sperm/Abnormal_Sperm (639).bmp,test,1,-0.488483,1.606319,-1.117835
smids/Abnormal_Sperm/Abnormal_Sperm (642).bmp,test,1,1.252541,0.742469,-1.995011
smids/Abnormal_Sperm/Abnormal_Sperm (653).bmp,test,1,0.653135,1.461393,-2.114529
smids/Abnormal_Sperm/Abnormal_Sperm (657).bmp,test,1,0.797274,2.139276,-2.936549
smids/Abnormal_Sperm/Abnormal_Sperm (661).bmp,test,1,0.059231,1.635267,-1.694499
smids/Abnormal_Sperm/Abnormal_Sperm (662).bmp,test,1,-1.585042,0.765246,0.819796
smids/Abnormal_Sperm/Abnormal_Sperm (664).bmp,test,1,1.877853,1.254689,-3.132541
smids/Abnormal_Sperm/Abnormal_Sperm (667).bmp,test,1,2.494707,1.114068,-3.608774
smids/Abnormal_Sperm/Abnormal_Sperm (671).bmp,test,1,0.485988,1.103316,-1.589305
smids/Abnormal_Sperm/Abnormal_Sperm (672).bmp,test,1,-0.354976,1.930700,-1.575721
smids/Abnormal_Sperm/Abnormal_Sperm (683).bmp,test,1,1.852977,-0.988771,-0.864206
smids/Abnormal_Sperm/Abnormal_Sperm (694).bmp,test,1,-1.263302,2.408517,-1.145215
smids/Abnormal_Sperm/Abnormal_Sperm (699).bmp,test,1,-0.084486,0.456547,-0.372061
smids/Abnormal_Sperm/Abnormal_Sperm (700).bmp,test,1,0.382527,1.197933,-1.580460
smids/Abnormal_Sperm/Abnormal_Sperm (707).bmp,test,1,0.440218,1.720553,-2.160771
smids/Abnormal_Sperm/Abnormal_Sperm (709).bmp,test,1,0.504159,1.571923,-2.076082
smids/Abnormal_Sperm/Abnormal_Sperm (710).bmp,test,1,-0.139847,1.657345,-1.517498
smids/Abnormal_Sperm/Abnormal_Sperm (714).bmp,test,1,2.106211,0.732261,-2.838472
smids/Abnormal_Sperm/Abnormal_Sperm (715).bmp,test,1,1.976831,1.175009,-3.151839
smids/Abnormal_Sperm/Abnormal_Sperm (725).bmp,test,1,2.411716,-0.017397,-2.394320
smids/Abnormal_Sperm/Abnormal_Sperm (728).bmp,test,1,-0.134262,0.258564,-0.124302
smids/Abnormal_Sperm/Abnormal_Sperm (73).bmp,test,1,1.415468,0.760489,-2.175957
smids/Abnormal_Sperm/Abnormal_Sperm (734).bmp,test,1,1.804271,0.493113,-2.297384
smids/Abnormal_Sperm/Abnormal_Sperm (742).bmp,test,1,0.699392,1.517276,-2.216668
smids/Abnormal_Sperm/Abnormal_Sperm (746).bmp,test,1,1.040080,0.844994,-1.885075
smids/Abnormal_Sperm/Abnormal_Sperm (748).bmp,test,1,0.297356,2.449276,-2.746631
smids/Abnormal_Sperm/Abnormal_Sperm (75).bmp,test,1,0.548692,2.144013,-2.692704
smids/Abnormal_Sperm/Abnormal_Sperm (751).bmp,test,1,1.151488,1.487769,-2.639257
smids/Abnormal_Sperm/Abnormal_Sperm (753).bmp,test,1,-0.605693,2.151372,-1.545679
smids/Abnormal_Sperm/Abnormal_Sperm (761).bmp,test,1,2.449708,-0.434699,-2.015008
smids/Abnormal_Sperm/Abnormal_Sperm (763).bmp,test,1,1.123971,1.226619,-2.350590
smids/Abnormal_Sperm/Abnormal_Sperm (769).bmp,test,1,-1.132439,2.188828,-1.056388
smids/Abnormal_Sperm/Abnormal_Sperm (770).bmp,test,1,1.946858,1.113534,-3.060391
smids/Abnormal_Sperm/Abnormal_Sperm (776).bmp,test,1,0.007009,1.926599,-1.933607
smids/Abnormal_Sperm/Abnormal_Sperm (780).bmp,test,1,-0.370911,0.140690,0.230220
smids/Abnormal_Sperm/Abnormal_Sperm (783).bmp,test,1,1.601183,-0.451657,-1.149526
smids/Abnormal_Sperm/Abnormal_Sperm (784).bmp,test,1,-0.055774,2.037461,-1.981686
smids/Abnormal_Sperm/Abnormal_Sperm (785).bmp,test,1,2.036213,0.330743,-2.366956
smids/Abnormal_Sperm/Abnormal_Sperm (786).bmp,test,1,1.170197,0.077979,-1.248176
smids/Abnormal_Sperm/Abnormal_Sperm (787).bmp,test,1,1.106011,0.059551,-1.165562
smids/Abnormal_Sperm/Abnormal_Sperm (794).bmp,test,1,-0.214767,2.344083,-2.129315
smids/Abnormal_Sperm/Abnormal_Sperm (798).bmp,test,1,-0.309544,2.516599,-2.207054
smids/Abnormal_Sperm/Abnormal_Sperm (807).bmp,test,1,1.989193,1.938577,-3.927769
smids/Abnormal_Sperm/Abnormal_Sperm (819).bmp,test,1,-0.488994,2.275454,-1.786459
smids/Abnormal_Sperm/Abnormal_Sperm (82).bmp,test,1,2.777978,2.159035,-4.937012
smids/Abnormal_Sperm/Abnormal_Sperm (821).bmp,test,1,0.655656,1.243719,-1.899376
smids/Abnormal_Sperm/Abnormal_Sperm (828).bmp,test,1,0.673223,1.561162,-2.234384
smids/Abnormal_Sperm/Abnormal_Sperm (831).bmp,test,1,1.461634,0.693192,-2.154825
smids/Abnormal_Sperm/Abnormal_Sperm (833).bmp,test,1,0.821868,1.964859,-2.786726
smids/Abnormal_Sperm/Abnormal_Sperm (840).bmp,test,1,1.405943,1.589772,-2.995715
smids/Abnormal_Sperm/Abnormal_Sperm (843).bmp,test,1,0.143706,1.305572,-1.449277
smids/Abnormal_Sperm/Abnormal_Sperm (848).bmp,test,1,1.485226,0.213561,-1.698788
smids/Abnormal_Sperm/Abnormal_Sperm (858).bmp,test,1,0.054974,1.183153,-1.238126
smids/Abnormal_Sperm/Abnormal_Sperm (86).bmp,test,1,-0.613653,1.519581,-0.905929
smids/Abnormal_Sperm/Abnormal_Sperm (867).bmp,test,1,0.382451,0.113942,-0.496394
smids/Abnormal_Sperm/Abnormal_Sperm (87).bmp,test,1,-0.404524,1.117145,-0.712623
smids/Abnormal_Sperm/Abnormal_Sperm (870).bmp,test,1,-0.671605,0.719926,-0.048322
smids/Abnormal_Sperm/Abnormal_Sperm (874).bmp,test,1,0.151420,1.047426,-1.198847
smids/Abnormal_Sperm/Abnormal_Sperm (878).bmp,test,1,1.036522,1.241328,-2.277850
smids/Abnormal_Sperm/Abnormal_Sperm (889).bmp,test,1,-0.603738,1.975507,-1.371768
smids/Abnormal_Sperm/Abnormal_Sperm (891).bmp,test,1,0.839810,2.008430,-2.848240
smids/Abnormal_Sperm/Abnormal_Sperm (899).bmp,test,1,1.803770,0.542865,-2.346634
smids/Abnormal_Sperm/Abnormal_Sperm (901).bmp,test,1,-1.570021,1.546174,0.023849
smids/Abnormal_Sperm/Abnormal_Sperm (905).bmp,test,1,1.976111,0.731292,-2.707402
smids/Abnormal_Sperm/Abnormal_Sperm (910).bmp,test,1,0.997704,0.073283,-1.070988
smids/Abnormal_Sperm/Abnormal_Sperm (912).bmp,test,1,1.326833,1.648120,-2.974952
smids/Abnormal_Sperm/Abnormal_Sperm (92).bmp,test,1,-0.657179,0.238425,0.418754
smids/Abnormal_Sperm/Abnormal_Sperm (926).bmp,test,1,-0.338564,0.934841,-0.596279
smids/Abnormal_Sperm/Abnormal_Sperm (928).bmp,test,1,-0.186648,2.136234,-1.949587
smids/Abnormal_Sperm/Abnormal_Sperm (939).bmp,test,1,1.074167,-0.296348,-0.777820
smids/Abnormal_Sperm/Abnormal_Sperm (944).bmp,test,1,-0.144924,1.491805,-1.346882
smids/Abnormal_Sperm/Abnormal_Sperm (946).bmp,test,1,1.072066,1.082235,-2.154301
smids/Abnormal_Sperm/Abnormal_Sperm (949).bmp,test,1,0.441556,1.192205,-1.633761
smids/Abnormal_Sperm/Abnormal_Sperm (95).bmp,test,1,-1.965475,2.473864,-0.508388
smids/Abnormal_Sperm/Abnormal_Sperm (953).bmp,test,1,1.161288,1.242242,-2.403529
smids/Abnormal_Sperm/Abnormal_Sperm (954).bmp,test,1,0.691829,1.463412,-2.155242
smids/Abnormal_Sperm/Abnormal_Sperm (955).bmp,test,1,0.021572,1.822910,-1.844481
smids/Abnormal_Sperm/Abnormal_Sperm (961).bmp,test,1,0.246331,0.993646,-1.239977
smids/Abnormal_Sperm/Abnormal_Sperm (963).bmp,test,1,-0.838973,2.649837,-1.810864
smids/Abnormal_Sperm/Abnormal_Sperm (969).bmp,test,1,-1.719399,1.694835,0.024565
smids/Abnormal_Sperm/Abnormal_Sperm (97).bmp,test,1,0.945706,0.357111,-1.302818
smids/Abnormal_Sperm/Abnormal_Sperm (970).bmp,test,1,-0.643674,2.486826,-1.843153
smids/Abnormal_Sperm/Abnormal_Sperm (980).bmp,test,1,-0.822348,1.436215,-0.613867
smids/Abnormal_Sperm/Abnormal_Sperm (990).bmp,test,1,-0.126205,1.446208,-1.320003
smids/Abnormal_Sperm/Abnormal_Sperm (995).bmp,test,1,-1.152544,0.800073,0.352471
smids/Abnormal_Sperm/Abnormal_Sperm (996).bmp,test,1,-1.805248,1.207050,0.598198
smids/Non-Sperm/Non-Sperm (1).bmp,test,2,-2.301602,1.263551,1.038051
smids/Non-Sperm/Non-Sperm (10).bmp,test,2,-1.863942,-0.299945,2.163884
smids/Non-Sperm/Non-Sperm (104).bmp,test,2,-1.423343,-2.290234,3.713574
smids/Non-Sperm/Non-Sperm (107).bmp,test,2,-1.708913,-1.252317,2.961229
smids/Non-Sperm/Non-Sperm (109).bmp,test,2,-1.502041,-1.419605,2.921644
smids/Non-Sperm/Non-Sperm (11).bmp,test,2,-1.622934,0.159202,1.463731
smids/Non-Sperm/Non-Sperm (110).bmp,test,2,-2.318387,-0.064650,2.383035
smids/Non-Sperm/Non-Sperm (117).bmp,test,2,-0.515334,-0.591600,1.106932
smids/Non-Sperm/Non-Sperm (121).bmp,test,2,-1.497093,-2.273474,3.770565
smids/Non-Sperm/Non-Sperm (125).bmp,test,2,-1.210214,-1.490303,2.700516
smids/Non-Sperm/Non-Sperm (126).bmp,test,2,0.027847,-1.618261,1.590412
smids/Non-Sperm/Non-Sperm (136).bmp,test,2,-2.324104,-2.042249,4.366351
smids/Non-Sperm/Non-Sperm (137).bmp,test,2,-1.712709,-0.724307,2.437014
smids/Non-Sperm/Non-Sperm (138).bmp,test,2,-2.220717,-1.255056,3.475771
smids/Non-Sperm/Non-Sperm (140).bmp,test,2,-1.492851,-1.225338,2.718188
smids/Non-Sperm/Non-Sperm (141).bmp,test,2,-1.359019,-1.745260,3.104276
smids/Non-Sperm/Non-Sperm (148).bmp,test,2,-2.158145,-1.269454,3.427596
smids/Non-Sperm/Non-Sperm (150).bmp,test,2,-1.624297,-1.400788,3.025083
smids/Non-Sperm/Non-Sperm (155).bmp,test,2,-1.407456,-1.823905,3.231359
smids/Non-Sperm/Non-Sperm (156).bmp,test,2,-2.258301,-1.248251,3.506551
smids/Non-Sperm/Non-Sperm (157).bmp,test,2,-0.978004,-1.780910,2.758912
smids/Non-Sperm/Non-Sperm (158).bmp,test,2,-2.089091,-1.742805,3.831895
smids/Non-Sperm/Non-Sperm (159).bmp,test,2,-1.378745,-1.572359,2.951102
smids/Non-Sperm/Non-Sperm (16).bmp,test,2,-1.094121,-0.746847,1.840966
smids/Non-Sperm/Non-Sperm (162).bmp,test,2,-1.296792,-1.791272,3.088062
smids/Non-Sperm/Non-Sperm (165).bmp,test,2,-2.309422,-0.729632,3.039053
smids/Non-Sperm/Non-Sperm (166).bmp,test,2,-0.624783,-0.707302,1.332084
smids/Non-Sperm/Non-Sperm (169).bmp,test,2,-1.018720,-2.448675,3.467394
smids/Non-Sperm/Non-Sperm (17).bmp,test,2,-2.089924,-0.238128,2.328051
smids/Non-Sperm/Non-Sperm (170).bmp,test,2,-2.035932,-1.104314,3.140243
smids/Non-Sperm/Non-Sperm (174).bmp,test,2,-0.619349,-2.090421,2.709769
smids/Non-Sperm/Non-Sperm (177).bmp,test,2,-2.066708,-1.351170,3.417878
smids/Non-Sperm/Non-Sperm (19).bmp,test,2,-2.149691,-0.019241,2.168931
smids/Non-Sperm/Non-Sperm (198).bmp,test,2,-1.778952,-1.656212,3.435165
smids/Non-Sperm/Non-Sperm (200).bmp,test,2,-1.598444,-1.224064,2.822507
smids/Non-Sperm/Non-Sperm (219).bmp,test,2,-0.645329,-1.508572,2.153898
smids/Non-Sperm/Non-Sperm (22).bmp,test,2,-0.949879,-0.363567,1.313444
smids/Non-Sperm/Non-Sperm (222).bmp,test,2,-1.156015,-1.970132,3.126145
smids/Non-Sperm/Non-Sperm (224).bmp,test,2,-1.076638,-1.080153,2.156790
smids/Non-Sperm/Non-Sperm (229).bmp,test,2,-0.292193,-0.692323,0.984514
smids/Non-Sperm/Non-Sperm (241).bmp,test,2,-0.942950,-1.691728,2.634676
smids/Non-Sperm/Non-Sperm (258).bmp,test,2,-1.165549,-0.759549,1.925097
smids/Non-Sperm/Non-Sperm (259).bmp,test,2,-2.454779,-0.664326,3.119102
smids/Non-Sperm/Non-Sperm (260).bmp,test,2,-0.980375,-1.455046,2.435420
smids/Non-Sperm/Non-Sperm (268).bmp,test,2,-1.498244,-1.903217,3.401461
smids/Non-Sperm/Non-Sperm (27).bmp,test,2,-0.981458,-1.632280,2.613736
smids/Non-Sperm/Non-Sperm (28).bmp,test,2,-0.967174,3.091072,-2.123898
smids/Non-Sperm/Non-Sperm (282).bmp,test,2,-1.597826,-1.772789,3.370614
smids/Non-Sperm/Non-Sperm (291).bmp,test,2,-0.167680,-1.210583,1.378262
smids/Non-Sperm/Non-Sperm (292).bmp,test,2,-0.904122,-2.000077,2.904197
smids/Non-Sperm/Non-Sperm (293).bmp,test,2,-0.982306,-1.596508,2.578813
smids/Non-Sperm/Non-Sperm (294).bmp,test,2,-0.862957,-1.607446,2.470401
smids/Non-Sperm/Non-Sperm (296).bmp,test,2,-1.088481,-1.270314,2.358795
smids/Non-Sperm/Non-Sperm (299).bmp,test,2,-1.480935,-1.664485,3.145419
smids/Non-Sperm/Non-Sperm (302).bmp,test,2,-1.132772,-1.964687,3.097457
smids/Non-Sperm/Non-Sperm (313).bmp,test,2,-0.717540,-0.394616,1.112155
smids/Non-Sperm/Non-Sperm (315).bmp,test,2,-1.300622,-2.049568,3.350189
smids/Non-Sperm/Non-Sperm (317).bmp,test,2,-1.642077,-1.604669,3.246744
smids/Non-Sperm/Non-Sperm (323).bmp,test,2,-1.005705,-0.946862,1.952564
smids/Non-Sperm/Non-Sperm (324).bmp,test,2,-0.147389,-1.672192,1.819580
smids/Non-Sperm/Non-Sperm (329).bmp,test,2,-1.535663,-1.709576,3.245238
smids/Non-Sperm/Non-Sperm (334).bmp,test,2,-1.291284,-0.913811,2.205092
smids/Non-Sperm/Non-Sperm (337).bmp,test,2,-1.364795,-1.410745,2.775539
smids/Non-Sperm/Non-Sperm (339).bmp,test,2,-1.813232,-1.082542,2.895773
smids/Non-Sperm/Non-Sperm (342).bmp,test,2,-0.575169,0.156351,0.418817
smids/Non-Sperm/Non-Sperm (343).bmp,test,2,-1.483285,-0.975193,2.458478
smids/Non-Sperm/Non-Sperm (345).bmp,test,2,-1.487028,-1.020242,2.507268
smids/Non-Sperm/Non-Sperm (364).bmp,test,2,-1.025688,-1.798991,2.824678
smids/Non-Sperm/Non-Sperm (367).bmp,test,2,-0.632819,-1.378241,2.011058
smids/Non-Sperm/Non-Sperm (380).bmp,test,2,-1.393616,0.708282,0.685333
smids/Non-Sperm/Non-Sperm (386).bmp,test,2,-1.587249,0.519408,1.067841
smids/Non-Sperm/Non-Sperm (39).bmp,test,2,-0.506500,-0.080317,0.586816
smids/Non-Sperm/Non-Sperm (395).bmp,test,2,-0.456137,0.904047,-0.447910
smids/Non-Sperm/Non-Sperm (402).bmp,test,2,-1.753873,-0.764991,2.518865
smids/Non-Sperm/Non-Sperm (410).bmp,test,2,-1.465704,-0.649127,2.114830
smids/Non-Sperm/Non-Sperm (416).bmp,test,2,-0.624648,-0.121454,0.746102
smids/Non-Sperm/Non-Sperm (420).bmp,test,2,1.064907,-2.290778,1.225869
smids/Non-Sperm/Non-Sperm (427).bmp,test,2,-1.558752,-0.226070,1.784823
smids/Non-Sperm/Non-Sperm (437).bmp,test,2,-1.005992,-1.752414,2.758404
smids/Non-Sperm/Non-Sperm (441).bmp,test,2,-1.441502,-1.063431,2.504933
smids/Non-Sperm/Non-Sperm (443).bmp,test,2,-1.197206,-0.739577,1.936781
smids/Non-Sperm/Non-Sperm (444).bmp,test,2,-1.450828,-1.965994,3.416819
smids/Non-Sperm/Non-Sperm (448).bmp,test,2,-1.461834,-2.004621,3.466455
smids/Non-Sperm/Non-Sperm (45).bmp,test,2,-0.814848,-0.977981,1.792828
smids/Non-Sperm/Non-Sperm (454).bmp,test,2,-0.849297,-0.763427,1.612725
smids/Non-Sperm/Non-Sperm (456).bmp,test,2,0.930295,-0.427285,-0.503010
smids/Non-Sperm/Non-Sperm (46).bmp,test,2,0.544887,0.487310,-1.032196
smids/Non-Sperm/Non-Sperm (464).bmp,test,2,-1.918899,-1.633789,3.552685
smids/Non-Sperm/Non-Sperm (466).bmp,test,2,-1.684255,-0.576866,2.261120
smids/Non-Sperm/Non-Sperm (469).bmp,test,2,-1.021456,-0.339885,1.361340
smids/Non-Sperm/Non-Sperm (470).bmp,test,2,-0.964555,-1.319812,2.284365
smids/Non-Sperm/Non-Sperm (478).bmp,test,2,-0.617828,-1.454072,2.071898
smids/Non-Sperm/Non-Sperm (479).bmp,test,2,-0.247031,-1.785442,2.032471
smids/Non-Sperm/Non-Sperm (484).bmp,test,2,-0.993608,-1.377070,2.370676
smids/Non-Sperm/Non-Sperm (485).bmp,test,2,-0.476226,-2.031627,2.507851
smids/Non-Sperm/Non-Sperm (490).bmp,test,2,-1.343062,-0.516820,1.859882
smids/Non-Sperm/Non-Sperm (496).bmp,test,2,-1.394798,-1.327022,2.721818
smids/Non-Sperm/Non-Sperm (50).bmp,test,2,-2.423939,0.833331,1.590606
smids/Non-Sperm/Non-Sperm (511).bmp,test,2,-2.247682,-0.609156,2.856836
smids/Non-Sperm/Non-Sperm (513).bmp,test,2,-1.185757,-0.213030,1.398786
smids/Non-Sperm/Non-Sperm (519).bmp,test,2,-1.348374,-1.212299,2.560673
smids/Non-Sperm/Non-Sperm (521).bmp,test,2,0.165476,-1.499618,1.334140
smids/Non-Sperm/Non-Sperm (538).bmp,test,2,-1.007283,-1.816918,2.824201
smids/Non-Sperm/Non-Sperm (56).bmp,test,2,-0.780606,-0.462825,1.243431
smids/Non-Sperm/Non-Sperm (561).bmp,test,2,-2.155797,-1.584141,3.739936
smids/Non-Sperm/Non-Sperm (574).bmp,test,2,-2.499784,-0.714272,3.214052
smids/Non-Sperm/Non-Sperm (579).bmp,test,2,-1.580819,-1.475474,3.056293
smids/Non-Sperm/Non-Sperm (584).bmp,test,2,-0.762330,-0.442461,1.204790
smids/Non-Sperm/Non-Sperm (588).bmp,test,2,-1.519803,-0.387889,1.907690
smids/Non-Sperm/Non-Sperm (597).bmp,test,2,-0.627000,-2.004452,2.631450
smids/Non-Sperm/Non-Sperm (598).bmp,test,2,-1.095140,-1.694174,2.789314
smids/Non-Sperm/Non-Sperm (599).bmp,test,2,-1.447257,-1.483777,2.931033
smids/Non-Sperm/Non-Sperm (6).bmp,test,2,-2.190300,0.739902,1.450396
smids/Non-Sperm/Non-Sperm (604).bmp,test,2,-2.131223,-0.710661,2.841883
smids/Non-Sperm/Non-Sperm (610).bmp,test,2,1.011824,-0.640692,-0.371134
smids/Non-Sperm/Non-Sperm (612).bmp,test,2,-1.200367,-1.984751,3.185116
smids/Non-Sperm/Non-Sperm (613).bmp,test,2,-1.288957,-1.271053,2.560008
smids/Non-Sperm/Non-Sperm (621).bmp,test,2,-0.966761,-0.962449,1.929208
smids/Non-Sperm/Non-Sperm (626).bmp,test,2,-1.456837,-1.180210,2.637044
smids/Non-Sperm/Non-Sperm (644).bmp,test,2,-1.655656,-0.662646,2.318302
smids/Non-Sperm/Non-Sperm (655).bmp,test,2,-0.845048,-1.441478,2.286525
smids/Non-Sperm/Non-Sperm (66).bmp,test,2,-1.504499,0.725225,0.779276
smids/Non-Sperm/Non-Sperm (663).bmp,test,2,-1.787877,-0.678243,2.466120
smids/Non-Sperm/Non-Sperm (665).bmp,test,2,-2.362595,-1.163731,3.526326
smids/Non-Sperm/Non-Sperm (67).bmp,test,2,-1.442949,0.335669,1.107279
smids/Non-Sperm/Non-Sperm (678).bmp,test,2,-1.732596,-0.503194,2.235790
smids/Non-Sperm/Non-Sperm (680).bmp,test,2,-1.456448,-1.547857,3.004305
smids/Non-Sperm/Non-Sperm (684).bmp,test,2,-0.514562,-1.326635,1.841195
smids/Non-Sperm/Non-Sperm (686).bmp,test,2,-1.337713,-1.742760,3.080470
smids/Non-Sperm/Non-Sperm (698).bmp,test,2,-1.490682,-0.446718,1.937399
smids/Non-Sperm/Non-Sperm (7).bmp,test,2,-2.613260,0.333217,2.280044
smids/Non-Sperm/Non-Sperm (70).bmp,test,2,-2.496805,0.671091,1.825715
smids/Non-Sperm/Non-Sperm (704).bmp,test,2,-0.533341,-1.463534,1.996874
smids/Non-Sperm/Non-Sperm (706).bmp,test,2,-1.433044,-1.466426,2.899468
smids/Non-Sperm/Non-Sperm (708).bmp,test,2,-1.661307,-1.532810,3.194115
smids/Non-Sperm/Non-Sperm (713).bmp,test,2,-1.155700,-2.199499,3.355197
smids/Non-Sperm/Non-Sperm (723).bmp,test,2,-1.527690,-0.218567,1.746255
smids/Non-Sperm/Non-Sperm (727).bmp,test,2,-0.834304,-1.091788,1.926090
smids/Non-Sperm/Non-Sperm (735).bmp,test,2,-1.067036,-1.568342,2.635377
smids/Non-Sperm/Non-Sperm (738).bmp,test,2,-1.831571,-1.185237,3.016806
smids/Non-Sperm/Non-Sperm (74).bmp,test,2,-0.051820,-0.493972,0.545791
smids/Non-Sperm/Non-Sperm (740).bmp,test,2,-2.695471,-0.290181,2.985650
smids/Non-Sperm/Non-Sperm (743).bmp,test,2,-1.184762,-1.451086,2.635846
smids/Non-Sperm/Non-Sperm (752).bmp,test,2,0.457215,-0.430417,-0.026798
smids/Non-Sperm/Non-Sperm (759).bmp,test,2,-1.453684,-2.027868,3.481551
smids/Non-Sperm/Non-Sperm (76).bmp,test,2,-1.706354,1.598605,0.107749
smids/Non-Sperm/Non-Sperm (762).bmp,test,2,-2.253313,-0.891916,3.145226
smids/Non-Sperm/Non-Sperm (773).bmp,test,2,-2.331129,-0.718427,3.049554
smids/Non-Sperm/Non-Sperm (784).bmp,test,2,-1.039800,-1.360080,2.399879
smids/Non-Sperm/Non-Sperm (794).bmp,test,2,-0.292162,-0.968425,1.260586
smids/Non-Sperm/Non-Sperm (802).bmp,test,2,-1.063666,-0.667736,1.731400
smids/Non-Sperm/Non-Sperm (803).bmp,test,2,-0.352191,-0.618315,0.970504
smids/Non-Sperm/Non-Sperm (81).bmp,test,2,-1.252042,-1.014178,2.266218
smids/Non-Sperm/Non-Sperm (819).bmp,test,2,0.637150,-0.372476,-0.264674
smids/Non-Sperm/Non-Sperm (823).bmp,test,2,-1.901702,-0.531078,2.432782
smids/Non-Sperm/Non-Sperm (826).bmp,test,2,-2.152156,0.915789,1.236367
smids/Non-Sperm/Non-Sperm (831).bmp,test,2,-2.050687,-0.384579,2.435264
smids/Non-Sperm/Non-Sperm (837).bmp,test,2,-1.003314,-1.637216,2.640527
smids/Non-Sperm/Non-Sperm (838).bmp,test,2,-1.292974,-0.975357,2.268331
smids/Non-Sperm/Non-Sperm (839).bmp,test,2,-1.020761,-1.030127,2.050888
smids/Non-Sperm/Non-Sperm (841).bmp,test,2,1.462241,-1.986113,0.523871
smids/Non-Sperm/Non-Sperm (842).bmp,test,2,-1.923631,-1.342980,3.266608
smids/Non-Sperm/Non-Sperm (849).bmp,test,2,-1.432837,-1.625672,3.058507
smids/Non-Sperm/Non-Sperm (850).bmp,test,2,-1.419508,-1.422033,2.841539
smids/Non-Sperm/Non-Sperm (855).bmp,test,2,-1.310541,-2.237165,3.547704
smids/Non-Sperm/Non-Sperm (856).bmp,test,2,-0.573596,1.069970,-0.496373
smids/Non-Sperm/Non-Sperm (862).bmp,test,2,-2.084900,-1.607961,3.692861
smids/Non-Sperm/Non-Sperm (865).bmp,test,2,-0.573313,-0.799738,1.373051
smids/Non-Sperm/Non-Sperm (868).bmp,test,2,-0.824149,-1.503441,2.327590
smids/Non-Sperm/Non-Sperm (870).bmp,test,2,-0.040512,-1.069620,1.110131
smids/Non-Sperm/Non-Sperm (874).bmp,test,2,-1.393216,-1.831265,3.224479
smids/Non-Sperm/Non-Sperm (875).bmp,test,2,-1.239189,-1.631379,2.870566
smids/Non-Sperm/Non-Sperm (883).bmp,test,2,-0.702772,-1.641132,2.343903
smids/Non-Sperm/Non-Sperm (890).bmp,test,2,-0.649428,-1.150711,1.800138
smids/Non-Sperm/Non-Sperm (891).bmp,test,2,0.866382,-0.291800,-0.574583
smids/Non-Sperm/Non-Sperm (902).bmp,test,2,0.718702,-0.655854,-0.062849
smids/Non-Sperm/Non-Sperm (905).bmp,test,2,0.047633,-0.175766,0.128131
smids/Non-Sperm/Non-Sperm (906).bmp,test,2,0.252205,-0.672632,0.420425
smids/Non-Sperm/Non-Sperm (91).bmp,test,2,-1.115435,-0.323696,1.439127
smids/Non-Sperm/Non-Sperm (910).bmp,test,2,-1.538999,0.507932,1.031066
smids/Non-Sperm/Non-Sperm (911).bmp,test,2,-0.929710,1.609427,-0.679718
smids/Non-Sperm/Non-Sperm (915).bmp,test,2,-0.610540,-1.458019,2.068559
smids/Non-Sperm/Non-Sperm (919).bmp,test,2,-2.123928,-0.385146,2.509073
smids/Non-Sperm/Non-Sperm (925).bmp,test,2,-0.575132,-0.891264,1.466394
smids/Non-Sperm/Non-Sperm (926).bmp,test,2,-1.291509,0.660661,0.630848
smids/Non-Sperm/Non-Sperm (927).bmp,test,2,-0.165097,-1.069337,1.234433
smids/Non-Sperm/Non-Sperm (931).bmp,test,2,-0.843808,-0.055227,0.899034
smids/Non-Sperm/Non-Sperm (941).bmp,test,2,-1.897120,-0.621806,2.518927
smids/Non-Sperm/Non-Sperm (944).bmp,test,2,0.416923,-0.989291,0.572367
smids/Non-Sperm/Non-Sperm (945).bmp,test,2,0.858672,-0.761317,-0.097356
smids/Non-Sperm/Non-Sperm (946).bmp,test,2,-0.359743,-0.405041,0.764783
smids/Non-Sperm/Non-Sperm (954).bmp,test,2,-0.314943,-1.639367,1.954309
smids/Non-Sperm/Non-Sperm (955).bmp,test,2,-0.718602,-0.851239,1.569839
smids/Non-Sperm/Non-Sperm (967).bmp,test,2,-1.196390,-0.950787,2.147176
smids/Non-Sperm/Non-Sperm (969).bmp,test,2,-0.672335,1.936813,-1.264477
smids/Normal_Sperm/Normal_Sperm (1011).bmp,test,0,0.680357,-0.063913,-0.616445
smids/Normal_Sperm/Normal_Sperm (1012).bmp,test,0,1.634019,-0.198549,-1.435470
smids/Normal_Sperm/Normal_Sperm (1015).bmp,test,0,2.791092,0.191321,-2.982412
smids/Normal_Sperm/Normal_Sperm (1016).bmp,test,0,1.006506,0.267240,-1.273746
smids/Normal_Sperm/Normal_Sperm (1017).bmp,test,0,3.203854,-1.061316,-2.142539
smids/Normal_Sperm/Normal_Sperm (104).bmp,test,0,1.229377,0.210659,-1.440036
smids/Normal_Sperm/Normal_Sperm (106).bmp,test,0,0.879985,-0.252656,-0.627329
smids/Normal_Sperm/Normal_Sperm (122).bmp,test,0,-0.306505,0.619207,-0.312701
smids/Normal_Sperm/Normal_Sperm (125).bmp,test,0,1.806111,0.625951,-2.432061
smids/Normal_Sperm/Normal_Sperm (126).bmp,test,0,2.246799,1.473825,-3.720624
smids/Normal_Sperm/Normal_Sperm (128).bmp,test,0,1.931342,1.282404,-3.213747
smids/Normal_Sperm/Normal_Sperm (147).bmp,test,0,4.000783,0.731968,-4.732751
smids/Normal_Sperm/Normal_Sperm (149).bmp,test,0,1.688761,1.042436,-2.731196
smids/Normal_Sperm/Normal_Sperm (153).bmp,test,0,0.591263,-0.518094,-0.073169
smids/Normal_Sperm/Normal_Sperm (154).bmp,test,0,1.174906,-0.201308,-0.973598
smids/Normal_Sperm/Normal_Sperm (157).bmp,test,0,2.651906,-0.045671,-2.606237
smids/Normal_Sperm/Normal_Sperm (165).bmp,test,0,1.145028,0.614464,-1.759493
smids/Normal_Sperm/Normal_Sperm (17).bmp,test,0,0.872342,0.994754,-1.867096
smids/Normal_Sperm/Normal_Sperm (170).bmp,test,0,2.244910,-0.432210,-1.812700
smids/Normal_Sperm/Normal_Sperm (171).bmp,test,0,2.131272,-0.131981,-1.999291
smids/Normal_Sperm/Normal_Sperm (180).bmp,test,0,2.440145,0.637210,-3.077355
smids/Normal_Sperm/Normal_Sperm (19).bmp,test,0,-0.746234,0.603327,0.142906
smids/Normal_Sperm/Normal_Sperm (201).bmp,test,0,0.477847,1.199603,-1.677450
smids/Normal_Sperm/Normal_Sperm (203).bmp,test,0,0.109572,0.252565,-0.362137
smids/Normal_Sperm/Normal_Sperm (204).bmp,test,0,1.476153,0.320016,-1.796169
smids/Normal_Sperm/Normal_Sperm (205).bmp,test,0,2.702645,-0.229911,-2.472734
smids/Normal_Sperm/Normal_Sperm (21).bmp,test,0,2.101990,-0.339403,-1.762587
smids/Normal_Sperm/Normal_Sperm (210).bmp,test,0,3.235178,-0.466964,-2.768214
smids/Normal_Sperm/Normal_Sperm (214).bmp,test,0,1.654678,1.131110,-2.785789
smids/Normal_Sperm/Normal_Sperm (223).bmp,test,0,-0.209389,1.136375,-0.926986
smids/Normal_Sperm/Normal_Sperm (233).bmp,test,0,2.269262,0.382858,-2.652121
smids/Normal_Sperm/Normal_Sperm (239).bmp,test,0,2.401046,-0.301359,-2.099689
smids/Normal_Sperm/Normal_Sperm (246).bmp,test,0,1.105238,0.855473,-1.960712
smids/Normal_Sperm/Normal_Sperm (247).bmp,test,0,0.979550,1.233983,-2.213533
smids/Normal_Sperm/Normal_Sperm (248).bmp,test,0,1.630711,0.478761,-2.109471
smids/Normal_Sperm/Normal_Sperm (251).bmp,test,0,2.398934,-0.151405,-2.247531
smids/Normal_Sperm/Normal_Sperm (252).bmp,test,0,2.337456,0.902076,-3.239532
smids/Normal_Sperm/Normal_Sperm (255).bmp,test,0,2.855164,0.411522,-3.266685
smids/Normal_Sperm/Normal_Sperm (258).bmp,test,0,0.872906,1.043923,-1.916830
smids/Normal_Sperm/Normal_Sperm (261).bmp,test,0,2.276342,-0.364999,-1.911345
smids/Normal_Sperm/Normal_Sperm (264).bmp,test,0,0.953753,0.443665,-1.397417
smids/Normal_Sperm/Normal_Sperm (265).bmp,test,0,1.871588,0.536111,-2.407698
smids/Normal_Sperm/Normal_Sperm (267).bmp,test,0,0.648353,0.626916,-1.275270
smids/Normal_Sperm/Normal_Sperm (278).bmp,test,0,2.654215,1.287395,-3.941611
smids/Normal_Sperm/Normal_Sperm (280).bmp,test,0,1.386796,-0.318253,-1.068543
smids/Normal_Sperm/Normal_Sperm (297).bmp,test,0,1.550521,0.484269,-2.034791
smids/Normal_Sperm/Normal_Sperm (3).bmp,test,0,4.030999,0.702813,-4.733811
smids/Normal_Sperm/Normal_Sperm (30).bmp,test,0,1.208867,-0.402276,-0.806592
smids/Normal_Sperm/Normal_Sperm (301).bmp,test,0,1.860143,-0.283185,-1.576959
smids/Normal_Sperm/Normal_Sperm (302).bmp,test,0,-0.192762,1.447977,-1.255216
smids/Normal_Sperm/Normal_Sperm (305).bmp,test,0,2.327976,-0.031285,-2.296691
smids/Normal_Sperm/Normal_Sperm (311).bmp,test,0,1.851309,-0.475056,-1.376255
smids/Normal_Sperm/Normal_Sperm (32).bmp,test,0,2.380483,-0.145935,-2.234549
smids/Normal_Sperm/Normal_Sperm (328).bmp,test,0,0.669838,1.532204,-2.202042
smids/Normal_Sperm/Normal_Sperm (334).bmp,test,0,1.934454,-0.587113,-1.347342
smids/Normal_Sperm/Normal_Sperm (336).bmp,test,0,3.001700,0.128808,-3.130509
smids/Normal_Sperm/Normal_Sperm (342).bmp,test,0,1.582180,-0.943572,-0.638609
smids/Normal_Sperm/Normal_Sperm (344).bmp,test,0,2.194232,-0.748519,-1.445714
smids/Normal_Sperm/Normal_Sperm (355).bmp,test,0,-0.044653,1.155798,-1.111145
smids/Normal_Sperm/Normal_Sperm (36).bmp,test,0,1.067281,-0.269644,-0.797637
smids/Normal_Sperm/Normal_Sperm (361).bmp,test,0,2.304954,-0.108375,-2.196580
smids/Normal_Sperm/Normal_Sperm (367).bmp,test,0,0.842312,1.292743,-2.135054
smids/Normal_Sperm/Normal_Sperm (370).bmp,test,0,2.372722,0.108976,-2.481697
smids/Normal_Sperm/Normal_Sperm (374).bmp,test,0,1.780461,1.017416,-2.797877
smids/Normal_Sperm/Normal_Sperm (38).bmp,test,0,-0.385207,-1.421673,1.806878
smids/Normal_Sperm/Normal_Sperm (380).bmp,test,0,2.162914,-0.474623,-1.688292
smids/Normal_Sperm/Normal_Sperm (381).bmp,test,0,2.005050,0.665271,-2.670322
smids/Normal_Sperm/Normal_Sperm (387).bmp,test,0,1.916566,-0.179968,-1.736598
smids/Normal_Sperm/Normal_Sperm (388).bmp,test,0,0.739054,0.967054,-1.706109
smids/Normal_Sperm/Normal_Sperm (390).bmp,test,0,0.046671,0.317893,-0.364564
smids/Normal_Sperm/Normal_Sperm (392).bmp,test,0,0.710503,0.965194,-1.675696
smids/Normal_Sperm/Normal_Sperm (395).bmp,test,0,1.208609,-0.137334,-1.071276
smids/Normal_Sperm/Normal_Sperm (400).bmp,test,0,4.017222,-0.526123,-3.491098
smids/Normal_Sperm/Normal_Sperm (405).bmp,test,0,1.996157,0.121995,-2.118152
smids/Normal_Sperm/Normal_Sperm (411).bmp,test,0,0.165857,1.151795,-1.317652
smids/Normal_Sperm/Normal_Sperm (414).bmp,test,0,1.585139,0.453952,-2.039093
smids/Normal_Sperm/Normal_Sperm (415).bmp,test,0,-0.551211,0.448003,0.103208
smids/Normal_Sperm/Normal_Sperm (416).bmp,test,0,2.104146,0.166835,-2.270981
smids/Normal_Sperm/Normal_Sperm (419).bmp,test,0,1.960935,0.723522,-2.684456
smids/Normal_Sperm/Normal_Sperm (42).bmp,test,0,0.416395,-0.476683,0.060288
smids/Normal_Sperm/Normal_Sperm (421).bmp,test,0,-0.190479,-1.014620,1.205098
smids/Normal_Sperm/Normal_Sperm (427).bmp,test,0,1.315570,0.178154,-1.493724
smids/Normal_Sperm/Normal_Sperm (434).bmp,test,0,3.583741,-1.015766,-2.567975
smids/Normal_Sperm/Normal_Sperm (436).bmp,test,0,3.158748,1.244601,-4.403348
smids/Normal_Sperm/Normal_Sperm (439).bmp,test,0,2.717729,0.853568,-3.571296
smids/Normal_Sperm/Normal_Sperm (44).bmp,test,0,2.708843,-0.994691,-1.714152
smids/Normal_Sperm/Normal_Sperm (444).bmp,test,0,3.508310,-0.544300,-2.964012
smids/Normal_Sperm/Normal_Sperm (447).bmp,test,0,3.321952,-0.699946,-2.622007
smids/Normal_Sperm/Normal_Sperm (448).bmp,test,0,1.158919,0.043437,-1.202357
smids/Normal_Sperm/Normal_Sperm (453).bmp,test,0,2.019583,-0.646007,-1.373577
smids/Normal_Sperm/Normal_Sperm (468).bmp,test,0,2.049918,1.191920,-3.241838
smids/Normal_Sperm/Normal_Sperm (472).bmp,test,0,1.842532,-0.448881,-1.393652
smids/Normal_Sperm/Normal_Sperm (479).bmp,test,0,1.198684,0.175424,-1.374108
smids/Normal_Sperm/Normal_Sperm (481).bmp,test,0,0.162159,0.236093,-0.398253
smids/Normal_Sperm/Normal_Sperm (491).bmp,test,0,2.627581,0.588750,-3.216331
smids/Normal_Sperm/Normal_Sperm (5).bmp,test,0,3.553120,-0.325483,-3.227638
smids/Normal_Sperm/Normal_Sperm (506).bmp,test,0,3.364453,0.770010,-4.134462
smids/Normal_Sperm/Normal_Sperm (515).bmp,test,0,1.530640,0.490932,-2.021573
smids/Normal_Sperm/Normal_Sperm (516).bmp,test,0,1.425508,-0.355756,-1.069753
smids/Normal_Sperm/Normal_Sperm (517).bmp,test,0,0.589272,0.502300,-1.091573
smids/Normal_Sperm/Normal_Sperm (522).bmp,test,0,0.699093,0.201240,-0.900334
smids/Normal_Sperm/Normal_Sperm (524).bmp,test,0,3.295477,-0.014883,-3.280592
smids/Normal_Sperm/Normal_Sperm (528).bmp,test,0,1.388453,1.143869,-2.532321
smids/Normal_Sperm/Normal_Sperm (54).bmp,test,0,2.429906,-1.079019,-1.350888
smids/Normal_Sperm/Normal_Sperm (551).bmp,test,0,2.255877,0.140405,-2.396282
smids/Normal_Sperm/Normal_Sperm (559).bmp,test,0,1.643729,-0.876456,-0.767274
smids/Normal_Sperm/Normal_Sperm (570).bmp,test,0,1.644652,-0.044579,-1.600072
smids/Normal_Sperm/Normal_Sperm (574).bmp,test,0,0.229082,-0.232153,0.003070
smids/Normal_Sperm/Normal_Sperm (575).bmp,test,0,2.383773,0.179324,-2.563097
smids/Normal_Sperm/Normal_Sperm (588).bmp,test,0,1.812679,-0.120751,-1.691930
smids/Normal_Sperm/Normal_Sperm (589).bmp,test,0,2.671113,1.137746,-3.808859
smids/Normal_Sperm/Normal_Sperm (591).bmp,test,0,2.486441,0.222877,-2.709319
smids/Normal_Sperm/Normal_Sperm (593).bmp,test,0,3.012692,-0.513882,-2.498811
smids/Normal_Sperm/Normal_Sperm (597).bmp,test,0,1.054386,0.047917,-1.102304
smids/Normal_Sperm/Normal_Sperm (60).bmp,test,0,1.105858,-0.833327,-0.272531
smids/Normal_Sperm/Normal_Sperm (603).bmp,test,0,1.688752,-0.682427,-1.006325
smids/Normal_Sperm/Normal_Sperm (609).bmp,test,0,0.361452,1.051389,-1.412841
smids/Normal_Sperm/Normal_Sperm (612).bmp,test,0,2.262979,2.193860,-4.456838
smids/Normal_Sperm/Normal_Sperm (616).bmp,test,0,1.979073,0.649101,-2.628175
smids/Normal_Sperm/Normal_Sperm (617).bmp,test,0,3.755989,-0.572642,-3.183346
smids/Normal_Sperm/Normal_Sperm (619).bmp,test,0,2.627952,-0.072747,-2.555206
smids/Normal_Sperm/Normal_Sperm (628).bmp,test,0,1.008331,1.341239,-2.349571
smids/Normal_Sperm/Normal_Sperm (630).bmp,test,0,3.220455,-0.057822,-3.162632
smids/Normal_Sperm/Normal_Sperm (632).bmp,test,0,2.403037,0.683921,-3.086957
smids/Normal_Sperm/Normal_Sperm (634).bmp,test,0,2.121197,-0.498034,-1.623163
smids/Normal_Sperm/Normal_Sperm (650).bmp,test,0,2.523964,-0.350496,-2.173469
smids/Normal_Sperm/Normal_Sperm (654).bmp,test,0,1.615313,-0.484594,-1.130719
smids/Normal_Sperm/Normal_Sperm (657).bmp,test,0,1.175861,-0.936891,-0.238970
smids/Normal_Sperm/Normal_Sperm (659).bmp,test,0,1.823189,-0.084012,-1.739179
smids/Normal_Sperm/Normal_Sperm (670).bmp,test,0,1.611721,-0.408842,-1.202879
smids/Normal_Sperm/Normal_Sperm (675).bmp,test,0,2.452223,0.339070,-2.791292
smids/Normal_Sperm/Normal_Sperm (68).bmp,test,0,1.444196,0.164835,-1.609030
smids/Normal_Sperm/Normal_Sperm (680).bmp,test,0,2.029767,0.570811,-2.600577
smids/Normal_Sperm/Normal_Sperm (69).bmp,test,0,-0.952666,2.287839,-1.335173
smids/Normal_Sperm/Normal_Sperm (693).bmp,test,0,3.327516,-1.252603,-2.074913
smids/Normal_Sperm/Normal_Sperm (702).bmp,test,0,1.901958,0.840931,-2.742887
smids/Normal_Sperm/Normal_Sperm (704).bmp,test,0,2.855308,-0.219444,-2.635865
smids/Normal_Sperm/Normal_Sperm (706).bmp,test,0,2.825119,-0.290709,-2.534409
smids/Normal_Sperm/Normal_Sperm (707).bmp,test,0,1.302537,0.868301,-2.170839
smids/Normal_Sperm/Normal_Sperm (708).bmp,test,0,1.201971,0.152059,-1.354030
smids/Normal_Sperm/Normal_Sperm (710).bmp,test,0,3.252501,0.840432,-4.092932
smids/Normal_Sperm/Normal_Sperm (72).bmp,test,0,1.672910,-0.584162,-1.088749
smids/Normal_Sperm/Normal_Sperm (724).bmp,test,0,2.970858,-0.450419,-2.520439
smids/Normal_Sperm/Normal_Sperm (725).bmp,test,0,2.267072,-1.413460,-0.853613
smids/Normal_Sperm/Normal_Sperm (73).bmp,test,0,1.751271,1.127051,-2.878321
smids/Normal_Sperm/Normal_Sperm (734).bmp,test,0,1.867044,0.242039,-2.109084
smids/Normal_Sperm/Normal_Sperm (739).bmp,test,0,3.089848,-1.703280,-1.386569
smids/Normal_Sperm/Normal_Sperm (74).bmp,test,0,1.162847,0.953393,-2.116239
smids/Normal_Sperm/Normal_Sperm (754).bmp,test,0,0.265257,-0.399149,0.133889
smids/Normal_Sperm/Normal_Sperm (76).bmp,test,0,2.138880,-1.133001,-1.005878
smids/Normal_Sperm/Normal_Sperm (769).bmp,test,0,1.192505,-0.073908,-1.118598
smids/Normal_Sperm/Normal_Sperm (770).bmp,test,0,0.599610,-0.815261,0.215651
smids/Normal_Sperm/Normal_Sperm (771).bmp,test,0,1.282534,-0.714675,-0.567859
smids/Normal_Sperm/Normal_Sperm (774).bmp,test,0,3.230275,-0.891786,-2.338490
smids/Normal_Sperm/Normal_Sperm (78).bmp,test,0,1.785668,-1.103688,-0.681981
smids/Normal_Sperm/Normal_Sperm (783).bmp,test,0,2.241215,-0.357121,-1.884094
smids/Normal_Sperm/Normal_Sperm (785).bmp,test,0,1.768161,0.026889,-1.795051
smids/Normal_Sperm/Normal_Sperm (79).bmp,test,0,1.106538,-0.183270,-0.923269
smids/Normal_Sperm/Normal_Sperm (796).bmp,test,0,0.849955,0.810685,-1.660641
smids/Normal_Sperm/Normal_Sperm (800).bmp,test,0,1.100440,0.072615,-1.173056
smids/Normal_Sperm/Normal_Sperm (804).bmp,test,0,1.379460,1.002442,-2.381902
smids/Normal_Sperm/Normal_Sperm (814).bmp,test,0,1.601305,-0.407710,-1.193595
smids/Normal_Sperm/Normal_Sperm (82).bmp,test,0,0.062936,1.204834,-1.267770
smids/Normal_Sperm/Normal_Sperm (833).bmp,test,0,0.770715,-0.333980,-0.436736
smids/Normal_Sperm/Normal_Sperm (835).bmp,test,0,1.225726,-0.278025,-0.947702
smids/Normal_Sperm/Normal_Sperm (837).bmp,test,0,0.977488,1.127338,-2.104825
smids/Normal_Sperm/Normal_Sperm (846).bmp,test,0,1.702809,0.430852,-2.133661
smids/Normal_Sperm/Normal_Sperm (848).bmp,test,0,1.356629,0.485362,-1.841990
smids/Normal_Sperm/Normal_Sperm (853).bmp,test,0,2.404544,1.055312,-3.459855
smids/Normal_Sperm/Normal_Sperm (856).bmp,test,0,2.483173,-0.054976,-2.428197
smids/Normal_Sperm/Normal_Sperm (860).bmp,test,0,-0.157451,1.414277,-1.256826
smids/Normal_Sperm/Normal_Sperm (865).bmp,test,0,1.405276,0.572719,-1.977995
smids/Normal_Sperm/Normal_Sperm (870).bmp,test,0,2.764633,-0.359907,-2.404727
smids/Normal_Sperm/Normal_Sperm (872).bmp,test,0,1.368144,0.182312,-1.550456
smids/Normal_Sperm/Normal_Sperm (873).bmp,test,0,-0.042586,0.805401,-0.762815
smids/Normal_Sperm/Normal_Sperm (874).bmp,test,0,1.451577,-0.698297,-0.753279
smids/Normal_Sperm/Normal_Sperm (875).bmp,test,0,2.432225,0.184660,-2.616883
smids/Normal_Sperm/Normal_Sperm (880).bmp,test,0,-0.005787,2.273310,-2.267522
smids/Normal_Sperm/Normal_Sperm (886).bmp,test,0,0.257066,0.393736,-0.650801
smids/Normal_Sperm/Normal_Sperm (889).bmp,test,0,1.352286,1.980649,-3.332933
smids/Normal_Sperm/Normal_Sperm (9).bmp,test,0,0.859031,-1.503846,0.644813
smids/Normal_Sperm/Normal_Sperm (905).bmp,test,0,0.468557,1.178682,-1.647240
smids/Normal_Sperm/Normal_Sperm (91).bmp,test,0,0.317448,-0.498722,0.181273
smids/Normal_Sperm/Normal_Sperm (911).bmp,test,0,1.953109,0.857728,-2.810837
smids/Normal_Sperm/Normal_Sperm (917).bmp,test,0,1.897192,1.520048,-3.417239
smids/Normal_Sperm/Normal_Sperm (918).bmp,test,0,1.941014,0.798786,-2.739798
smids/Normal_Sperm/Normal_Sperm (92).bmp,test,0,0.421551,0.069203,-0.490755
smids/Normal_Sperm/Normal_Sperm (924).bmp,test,0,3.053023,0.613638,-3.666661
smids/Normal_Sperm/Normal_Sperm (940).bmp,test,0,2.570838,1.245660,-3.816499
smids/Normal_Sperm/Normal_Sperm (941).bmp,test,0,1.154468,1.917896,-3.072363
smids/Normal_Sperm/Normal_Sperm (944).bmp,test,0,2.457373,0.595331,-3.052704
smids/Normal_Sperm/Normal_Sperm (947).bmp,test,0,-0.712308,1.597651,-0.885343
smids/Normal_Sperm/Normal_Sperm (949).bmp,test,0,2.016891,1.004325,-3.021215
smids/Normal_Sperm/Normal_Sperm (950).bmp,test,0,0.148470,2.815953,-2.964423
smids/Normal_Sperm/Normal_Sperm (960).bmp,test,0,1.242221,1.115259,-2.357481
smids/Normal_Sperm/Normal_Sperm (980).bmp,test,0,-0.067705,-0.095086,0.162790
smids/Normal_Sperm/Normal_Sperm (987).bmp,test,0,2.016087,0.112695,-2.128781
smids/Normal_Sperm/Normal_Sperm (991).bmp,test,0,2.676022,0.838505,-3.514527
smids/Normal_Sperm/Normal_Sperm (994).bmp,test,0,-0.901950,-0.363988,1.265938
smids/Normal_Sperm/Normal_Sperm (997).bmp,test,0,0.850363,0.653344,-1.503709
