image_id,role,label_idx,logit_0,logit_1,logit_2
smids/Abnormal_Sperm/Abnormal_Sperm (1004).bmp,val,1,-0.493485,1.888792,-1.395308
smids/Abnormal_Sperm/Abnormal_Sperm (101).bmp,val,1,-0.678056,1.560586,-0.882532
smids/Abnormal_Sperm/Abnormal_Sperm (113).bmp,val,1,-1.603793,1.625508,-0.021717
smids/Abnormal_Sperm/Abnormal_Sperm (125).bmp,val,1,-1.484331,2.024839,-0.540510
smids/Abnormal_Sperm/Abnormal_Sperm (142).bmp,val,1,0.656671,0.891623,-1.548296
smids/Abnormal_Sperm/Abnormal_Sperm (147).bmp,val,1,-1.253437,1.210527,0.042910
smids/Abnormal_Sperm/Abnormal_Sperm (148).bmp,val,1,-0.486381,1.940426,-1.454046
smids/Abnormal_Sperm/Abnormal_Sperm (155).bmp,val,1,-0.366273,2.162802,-1.796528
smids/Abnormal_Sperm/Abnormal_Sperm (162).bmp,val,1,-1.614866,1.846478,-0.231613
smids/Abnormal_Sperm/Abnormal_Sperm (170).bmp,val,1,-1.790805,2.442971,-0.652167
smids/Abnormal_Sperm/Abnormal_Sperm (179).bmp,val,1,-0.292802,1.476924,-1.184122
smids/Abnormal_Sperm/Abnormal_Sperm (187).bmp,val,1,0.138156,1.963018,-2.101176
smids/Abnormal_Sperm/Abnormal_Sperm (191).bmp,val,1,-0.109563,0.577367,-0.467806
smids/Abnormal_Sperm/Abnormal_Sperm (204).bmp,val,1,-0.373237,1.603980,-1.230745
smids/Abnormal_Sperm/Abnormal_Sperm (206).bmp,val,1,-0.565503,1.587889,-1.022388
smids/Abnormal_Sperm/Abnormal_Sperm (217).bmp,val,1,0.502650,2.432972,-2.935623
smids/Abnormal_Sperm/Abnormal_Sperm (218).bmp,val,1,0.502568,1.540098,-2.042667
smids/Abnormal_Sperm/Abnormal_Sperm (222).bmp,val,1,-1.270347,1.969654,-0.699308
smids/Abnormal_Sperm/Abnormal_Sperm (225).bmp,val,1,-0.076132,2.004565,-1.928434
smids/Abnormal_Sperm/Abnormal_Sperm (226).bmp,val,1,1.246330,0.171424,-1.417754
smids/Abnormal_Sperm/Abnormal_Sperm (236).bmp,val,1,1.432999,0.569480,-2.002480
smids/Abnormal_Sperm/Abnormal_Sperm (239).bmp,val,1,0.946712,1.484186,-2.430899
smids/Abnormal_Sperm/Abnormal_Sperm (246).bmp,val,1,0.335961,1.371979,-1.707942
smids/Abnormal_Sperm/Abnormal_Sperm (251).bmp,val,1,-0.628620,1.779244,-1.150626
smids/Abnormal_Sperm/Abnormal_Sperm (258).bmp,val,1,0.551272,1.544449,-2.095722
smids/Abnormal_Sperm/Abnormal_Sperm (261).bmp,val,1,2.291205,-0.114101,-2.177104
smids/Abnormal_Sperm/Abnormal_Sperm (271).bmp,val,1,-1.463608,2.222421,-0.758814
smids/Abnormal_Sperm/Abnormal_Sperm (281).bmp,val,1,0.011253,1.986521,-1.997777
smids/Abnormal_Sperm/Abnormal_Sperm (283).bmp,val,1,-1.155321,1.262942,-0.107623
smids/Abnormal_Sperm/Abnormal_Sperm (289).bmp,val,1,0.142206,0.942350,-1.084558
smids/Abnormal_Sperm/Abnormal_Sperm (307).bmp,val,1,-1.162533,2.349989,-1.187458
smids/Abnormal_Sperm/Abnormal_Sperm (31).bmp,val,1,-2.022362,1.722021,0.300340
smids/Abnormal_Sperm/Abnormal_Sperm (313).bmp,val,1,-0.816943,1.096455,-0.279513
smids/Abnormal_Sperm/Abnormal_Sperm (315).bmp,val,1,-1.837765,1.980786,-0.143021
smids/Abnormal_Sperm/Abnormal_Sperm (325).bmp,val,1,-0.568467,2.089172,-1.520707
smids/Abnormal_Sperm/Abnormal_Sperm (327).bmp,val,1,-2.523712,1.944626,0.579086
smids/Abnormal_Sperm/Abnormal_Sperm (329).bmp,val,1,-0.619600,2.303819,-1.684219
smids/Abnormal_Sperm/Abnormal_Sperm (338).bmp,val,1,0.512921,1.754802,-2.267725
smids/Abnormal_Sperm/Abnormal_Sperm (348).bmp,val,1,-0.800912,0.618149,0.182763
smids/Abnormal_Sperm/Abnormal_Sperm (360).bmp,val,1,-0.633537,1.269325,-0.635788
smids/Abnormal_Sperm/Abnormal_Sperm (361).bmp,val,1,0.495517,1.554163,-2.049681
smids/Abnormal_Sperm/Abnormal_Sperm (363).bmp,val,1,0.790543,0.894137,-1.684682
smids/Abnormal_Sperm/Abnormal_Sperm (367).bmp,val,1,-0.301535,0.985805,-0.684271
smids/Abnormal_Sperm/Abnormal_Sperm (374).bmp,val,1,-1.375668,3.487037,-2.111369
smids/Abnormal_Sperm/Abnormal_Sperm (382).bmp,val,1,-0.180340,1.266164,-1.085825
smids/Abnormal_Sperm/Abnormal_Sperm (39).bmp,val,1,-1.594546,1.393475,0.201070
smids/Abnormal_Sperm/Abnormal_Sperm (398).bmp,val,1,-1.740946,2.234093,-0.493148
smids/Abnormal_Sperm/Abnormal_Sperm (399).bmp,val,1,-0.849604,1.675265,-0.825662
smids/Abnormal_Sperm/Abnormal_Sperm (400).bmp,val,1,-1.478882,1.899918,-0.421038
smids/Abnormal_Sperm/Abnormal_Sperm (413).bmp,val,1,-1.960424,1.117237,0.843187
smids/Abnormal_Sperm/Abnormal_Sperm (418).bmp,val,1,-2.281752,1.702845,0.578907
smids/Abnormal_Sperm/Abnormal_Sperm (422).bmp,val,1,-1.489153,2.001862,-0.512709
smids/Abnormal_Sperm/Abnormal_Sperm (456).bmp,val,1,-0.505583,1.791549,-1.285969
smids/Abnormal_Sperm/Abnormal_Sperm (485).bmp,val,1,0.945675,1.807245,-2.752921
smids/Abnormal_Sperm/Abnormal_Sperm (487).bmp,val,1,2.457286,-0.006032,-2.451255
smids/Abnormal_Sperm/Abnormal_Sperm (5).bmp,val,1,0.713987,1.020429,-1.734418
smids/Abnormal_Sperm/Abnormal_Sperm (507).bmp,val,1,-1.521389,1.607035,-0.085648
smids/Abnormal_Sperm/Abnormal_Sperm (514).bmp,val,1,1.349813,0.620844,-1.970658
smids/Abnormal_Sperm/Abnormal_Sperm (520).bmp,val,1,1.087878,0.998947,-2.086825
smids/Abnormal_Sperm/Abnormal_Sperm (538).bmp,val,1,-1.132156,1.829839,-0.697685
smids/Abnormal_Sperm/Abnormal_Sperm (544).bmp,val,1,-1.803272,1.918603,-0.115331
smids/Abnormal_Sperm/Abnormal_Sperm (546).bmp,val,1,2.576299,1.936207,-4.512506
smids/Abnormal_Sperm/Abnormal_Sperm (550).bmp,val,1,-0.062137,0.957499,-0.895363
smids/Abnormal_Sperm/Abnormal_Sperm (555).bmp,val,1,0.530030,-0.500136,-0.029896
smids/Abnormal_Sperm/Abnormal_Sperm (563).bmp,val,1,-0.297932,0.594399,-0.296468
smids/Abnormal_Sperm/Abnormal_Sperm (57).bmp,val,1,0.271675,1.616886,-1.888562
smids/Abnormal_Sperm/Abnormal_Sperm (576).bmp,val,1,-3.147129,2.654288,0.492840
smids/Abnormal_Sperm/Abnormal_Sperm (577).bmp,val,1,-0.423015,1.047559,-0.624544
smids/Abnormal_Sperm/Abnormal_Sperm (588).bmp,val,1,1.348135,0.218797,-1.566933
smids/Abnormal_Sperm/Abnormal_Sperm (589).bmp,val,1,1.294492,0.468794,-1.763287
smids/Abnormal_Sperm/Abnormal_Sperm (594).bmp,val,1,1.622535,0.610905,-2.233441
smids/Abnormal_Sperm/Abnormal_Sperm (606).bmp,val,1,2.473714,-0.418748,-2.054968
smids/Abnormal_Sperm/Abnormal_Sperm (614).bmp,val,1,0.529501,0.608759,-1.138263
smids/Abnormal_Sperm/Abnormal_Sperm (623).bmp,val,1,-0.414130,1.934313,-1.520185
smids/Abnormal_Sperm/Abnormal_Sperm (626).bmp,val,1,-0.797164,0.750488,0.046675
smids/Abnormal_Sperm/Abnormal_Sperm (650).bmp,val,1,-0.270503,1.594894,-1.324393
smids/Abnormal_Sperm/Abnormal_Sperm (657).bmp,val,1,0.015959,0.778895,-0.794856
smids/Abnormal_Sperm/Abnormal_Sperm (669).bmp,val,1,-1.354228,1.418041,-0.063815
smids/Abnormal_Sperm/Abnormal_Sperm (68).bmp,val,1,-0.898177,1.812379,-0.914204
smids/Abnormal_Sperm/Abnormal_Sperm (680).bmp,val,1,-1.480884,1.654618,-0.173736
smids/Abnormal_Sperm/Abnormal_Sperm (693).bmp,val,1,0.167627,0.285463,-0.453092
smids/Abnormal_Sperm/Abnormal_Sperm (694).bmp,val,1,-1.214161,1.694473,-0.480314
smids/Abnormal_Sperm/Abnormal_Sperm (703).bmp,val,1,0.280549,0.969178,-1.249729
smids/Abnormal_Sperm/Abnormal_Sperm (707).bmp,val,1,0.039406,2.078219,-2.117626
smids/Abnormal_Sperm/Abnormal_Sperm (712).bmp,val,1,0.102435,1.997204,-2.099640
smids/Abnormal_Sperm/Abnormal_Sperm (721).bmp,val,1,0.201325,0.257548,-0.458874
smids/Abnormal_Sperm/Abnormal_Sperm (722).bmp,val,1,0.034860,0.145644,-0.180505
smids/Abnormal_Sperm/Abnormal_Sperm (73).bmp,val,1,1.311273,1.421852,-2.733127
smids/Abnormal_Sperm/Abnormal_Sperm (734).bmp,val,1,1.740721,0.423169,-2.163891
smids/Abnormal_Sperm/Abnormal_Sperm (735).bmp,val,1,1.575225,-0.119425,-1.455801
smids/Abnormal_Sperm/Abnormal_Sperm (740).bmp,val,1,-0.906669,1.878637,-0.971968
smids/Abnormal_Sperm/Abnormal_Sperm (741).bmp,val,1,-0.106187,1.833306,-1.727121
smids/Abnormal_Sperm/Abnormal_Sperm (745).bmp,val,1,1.521092,1.485492,-3.006586
smids/Abnormal_Sperm/Abnormal_Sperm (764).bmp,val,1,1.355155,-0.651818,-0.703339
smids/Abnormal_Sperm/Abnormal_Sperm (774).bmp,val,1,1.685073,0.052767,-1.737841
smids/Abnormal_Sperm/Abnormal_Sperm (777).bmp,val,1,1.668965,0.854846,-2.523810
smids/Abnormal_Sperm/Abnormal_Sperm (782).bmp,val,1,-0.799738,1.919132,-1.119396
smids/Abnormal_Sperm/Abnormal_Sperm (784).bmp,val,1,0.192248,1.081651,-1.273901
smids/Abnormal_Sperm/Abnormal_Sperm (786).bmp,val,1,1.467119,0.708840,-2.175961
smids/Abnormal_Sperm/Abnormal_Sperm (79).bmp,val,1,-0.415516,0.761952,-0.346437
smids/Abnormal_Sperm/Abnormal_Sperm (795).bmp,val,1,1.108803,-0.371500,-0.737305
smids/Abnormal_Sperm/Abnormal_Sperm (808).bmp,val,1,0.796701,1.059742,-1.856444
smids/Abnormal_Sperm/Abnormal_Sperm (81).bmp,val,1,0.771221,1.428887,-2.200110
smids/Abnormal_Sperm/Abnormal_Sperm (812).bmp,val,1,1.625165,1.098713,-2.723880
smids/Abnormal_Sperm/Abnormal_Sperm (815).bmp,val,1,0.708786,0.255348,-0.964134
smids/Abnormal_Sperm/Abnormal_Sperm (833).bmp,val,1,0.199786,1.650227,-1.850014
smids/Abnormal_Sperm/Abnormal_Sperm (835).bmp,val,1,0.049725,1.137261,-1.186987
smids/Abnormal_Sperm/Abnormal_Sperm (843).bmp,val,1,1.100291,0.881388,-1.981681
smids/Abnormal_Sperm/Abnormal_Sperm (876).bmp,val,1,1.538800,0.953640,-2.492443
smids/Abnormal_Sperm/Abnormal_Sperm (91).bmp,val,1,0.539741,1.161616,-1.701359
smids/Abnormal_Sperm/Abnormal_Sperm (917).bmp,val,1,0.177087,0.175071,-0.352158
smids/Abnormal_Sperm/Abnormal_Sperm (919).bmp,val,1,0.932167,-0.299597,-0.632571
smids/Abnormal_Sperm/Abnormal_Sperm (931).bmp,val,1,1.080069,0.120663,-1.200735
smids/Abnormal_Sperm/Abnormal_Sperm (947).bmp,val,1,-0.497436,1.548894,-1.051460
smids/Abnormal_Sperm/Abnormal_Sperm (959).bmp,val,1,0.894739,1.289305,-2.184047
smids/Abnormal_Sperm/Abnormal_Sperm (982).bmp,val,1,-1.115913,1.419056,-0.303144
smids/Abnormal_Sperm/Abnormal_Sperm (995).bmp,val,1,-1.993859,2.145825,-0.151968
smids/Non-Sperm/Non-Sperm (106).bmp,val,2,-0.881374,-2.573242,3.454617
smids/Non-Sperm/Non-Sperm (109).bmp,val,2,-1.831574,-1.360193,3.191766
smids/Non-Sperm/Non-Sperm (119).bmp,val,2,-1.527979,-1.655566,3.183545
smids/Non-Sperm/Non-Sperm (120).bmp,val,2,-2.867061,-1.239849,4.106911
smids/Non-Sperm/Non-Sperm (126).bmp,val,2,-0.067013,-2.036713,2.103726
smids/Non-Sperm/Non-Sperm (134).bmp,val,2,-1.462901,-1.528533,2.991433
smids/Non-Sperm/Non-Sperm (140).bmp,val,2,-1.307688,-1.705030,3.012717
smids/Non-Sperm/Non-Sperm (145).bmp,val,2,-1.912121,-0.205984,2.118104
smids/Non-Sperm/Non-Sperm (164).bmp,val,2,-1.668291,-1.776181,3.444473
smids/Non-Sperm/Non-Sperm (17).bmp,val,2,-2.585243,0.109064,2.476176
smids/Non-Sperm/Non-Sperm (184).bmp,val,2,0.245827,-1.803747,1.557918
smids/Non-Sperm/Non-Sperm (195).bmp,val,2,-0.509551,0.711879,-0.202329
smids/Non-Sperm/Non-Sperm (198).bmp,val,2,-1.121186,-2.063382,3.184570
smids/Non-Sperm/Non-Sperm (203).bmp,val,2,-1.938477,-1.145154,3.083630
smids/Non-Sperm/Non-Sperm (208).bmp,val,2,-2.251948,1.377299,0.874647
smids/Non-Sperm/Non-Sperm (225).bmp,val,2,-2.051696,-0.177169,2.228864
smids/Non-Sperm/Non-Sperm (241).bmp,val,2,-1.311565,-1.308845,2.620409
smids/Non-Sperm/Non-Sperm (244).bmp,val,2,-1.424692,-2.132684,3.557378
smids/Non-Sperm/Non-Sperm (246).bmp,val,2,-2.397393,-1.841778,4.239172
smids/Non-Sperm/Non-Sperm (247).bmp,val,2,-1.822695,-1.656403,3.479099
smids/Non-Sperm/Non-Sperm (250).bmp,val,2,-1.434119,-1.496582,2.930701
smids/Non-Sperm/Non-Sperm (252).bmp,val,2,-1.486713,-1.801794,3.288506
smids/Non-Sperm/Non-Sperm (254).bmp,val,2,-2.211283,-1.057456,3.268740
smids/Non-Sperm/Non-Sperm (255).bmp,val,2,-1.995088,-1.531878,3.526966
smids/Non-Sperm/Non-Sperm (26).bmp,val,2,-2.850715,2.533958,0.316756
smids/Non-Sperm/Non-Sperm (279).bmp,val,2,-1.443473,-2.211018,3.654490
smids/Non-Sperm/Non-Sperm (28).bmp,val,2,-1.730693,2.593603,-0.862910
smids/Non-Sperm/Non-Sperm (281).bmp,val,2,-0.590386,-2.029572,2.619956
smids/Non-Sperm/Non-Sperm (282).bmp,val,2,-1.168486,-1.944173,3.112658
smids/Non-Sperm/Non-Sperm (289).bmp,val,2,-1.981474,-1.309773,3.291246
smids/Non-Sperm/Non-Sperm (319).bmp,val,2,-1.552999,-2.054832,3.607831
smids/Non-Sperm/Non-Sperm (326).bmp,val,2,-0.143629,0.531938,-0.388309
smids/Non-Sperm/Non-Sperm (327).bmp,val,2,0.748295,-0.733082,-0.015214
smids/Non-Sperm/Non-Sperm (334).bmp,val,2,-2.000985,-1.430065,3.431051
smids/Non-Sperm/Non-Sperm (344).bmp,val,2,-0.677182,-1.904125,2.581307
smids/Non-Sperm/Non-Sperm (347).bmp,val,2,-1.300262,-1.778162,3.078424
smids/Non-Sperm/Non-Sperm (378).bmp,val,2,-1.529282,-1.456853,2.986134
smids/Non-Sperm/Non-Sperm (382).bmp,val,2,-1.297305,-1.751041,3.048347
smids/Non-Sperm/Non-Sperm (384).bmp,val,2,-2.457463,-0.291197,2.748659
smids/Non-Sperm/Non-Sperm (385).bmp,val,2,-0.706670,-0.067471,0.774140
smids/Non-Sperm/Non-Sperm (388).bmp,val,2,-0.875759,-1.736199,2.611958
smids/Non-Sperm/Non-Sperm (390).bmp,val,2,-1.688776,-0.780432,2.469208
smids/Non-Sperm/Non-Sperm (416).bmp,val,2,-0.849787,-0.681151,1.530936
smids/Non-Sperm/Non-Sperm (421).bmp,val,2,-1.840410,-0.912953,2.753363
smids/Non-Sperm/Non-Sperm (424).bmp,val,2,-0.784366,-2.102518,2.886883
smids/Non-Sperm/Non-Sperm (437).bmp,val,2,-1.599862,-0.931915,2.531776
smids/Non-Sperm/Non-Sperm (461).bmp,val,2,-0.680021,-1.100733,1.780753
smids/Non-Sperm/Non-Sperm (465).bmp,val,2,-2.020896,0.066867,1.954030
smids/Non-Sperm/Non-Sperm (471).bmp,val,2,-1.635599,-1.637767,3.273366
smids/Non-Sperm/Non-Sperm (477).bmp,val,2,-1.538066,-1.582459,3.120526
smids/Non-Sperm/Non-Sperm (478).bmp,val,2,-1.955023,-0.598761,2.553784
smids/Non-Sperm/Non-Sperm (485).bmp,val,2,-0.972203,-2.042497,3.014699
smids/Non-Sperm/Non-Sperm (490).bmp,val,2,-1.140029,-1.194375,2.334402
smids/Non-Sperm/Non-Sperm (499).bmp,val,2,-1.809650,-2.025476,3.835124
smids/Non-Sperm/Non-Sperm (509).bmp,val,2,-1.393412,-1.212444,2.605857
smids/Non-Sperm/Non-Sperm (54).bmp,val,2,-0.883743,0.010266,0.873475
smids/Non-Sperm/Non-Sperm (547).bmp,val,2,-1.386808,-1.016018,2.402826
smids/Non-Sperm/Non-Sperm (551).bmp,val,2,-2.207319,-0.950575,3.157893
smids/Non-Sperm/Non-Sperm (560).bmp,val,2,-1.929422,-2.186119,4.115541
smids/Non-Sperm/Non-Sperm (575).bmp,val,2,-2.097668,-1.034633,3.132300
smids/Non-Sperm/Non-Sperm (577).bmp,val,2,-2.274487,-1.259948,3.534434
smids/Non-Sperm/Non-Sperm (580).bmp,val,2,-1.074167,-1.582407,2.656573
smids/Non-Sperm/Non-Sperm (6).bmp,val,2,-1.138919,1.134692,0.004224
smids/Non-Sperm/Non-Sperm (62).bmp,val,2,-2.249393,1.834110,0.415282
smids/Non-Sperm/Non-Sperm (626).bmp,val,2,-0.932465,-2.308226,3.240690
smids/Non-Sperm/Non-Sperm (627).bmp,val,2,-1.826160,-1.738843,3.565004
smids/Non-Sperm/Non-Sperm (63).bmp,val,2,-0.136490,-0.653651,0.790139
smids/Non-Sperm/Non-Sperm (637).bmp,val,2,-3.447477,1.262614,2.184864
smids/Non-Sperm/Non-Sperm (638).bmp,val,2,-1.245659,-0.597464,1.843121
smids/Non-Sperm/Non-Sperm (641).bmp,val,2,-1.450504,-1.643832,3.094337
smids/Non-Sperm/Non-Sperm (65).bmp,val,2,-1.798978,-0.074168,1.873144
smids/Non-Sperm/Non-Sperm (655).bmp,val,2,-0.848775,-0.817054,1.665829
smids/Non-Sperm/Non-Sperm (659).bmp,val,2,-2.718823,-0.612289,3.331112
smids/Non-Sperm/Non-Sperm (664).bmp,val,2,-2.405134,0.013051,2.392081
smids/Non-Sperm/Non-Sperm (675).bmp,val,2,-2.364837,-1.282295,3.647132
smids/Non-Sperm/Non-Sperm (679).bmp,val,2,-0.368689,-0.564347,0.933035
smids/Non-Sperm/Non-Sperm (684).bmp,val,2,-0.566025,-0.361656,0.927679
smids/Non-Sperm/Non-Sperm (691).bmp,val,2,-1.021349,-1.334727,2.356076
smids/Non-Sperm/Non-Sperm (697).bmp,val,2,-1.722020,-0.843726,2.565745
smids/Non-Sperm/Non-Sperm (699).bmp,val,2,-0.668961,-0.779778,1.448738
smids/Non-Sperm/Non-Sperm (718).bmp,val,2,-0.452616,-0.926012,1.378626
smids/Non-Sperm/Non-Sperm (719).bmp,val,2,-0.164869,0.949644,-0.784776
smids/Non-Sperm/Non-Sperm (720).bmp,val,2,-0.857791,-1.006997,1.864787
smids/Non-Sperm/Non-Sperm (735).bmp,val,2,-1.384919,-1.495961,2.880880
smids/Non-Sperm/Non-Sperm (738).bmp,val,2,-1.846072,-1.719639,3.565710
smids/Non-Sperm/Non-Sperm (751).bmp,val,2,-1.316941,-1.579915,2.896857
smids/Non-Sperm/Non-Sperm (752).bmp,val,2,-0.111577,-0.679395,0.790971
smids/Non-Sperm/Non-Sperm (76).bmp,val,2,-2.722994,1.941799,0.781192
smids/Non-Sperm/Non-Sperm (769).bmp,val,2,-0.912202,-2.389192,3.301394
smids/Non-Sperm/Non-Sperm (80).bmp,val,2,-2.571608,-0.712022,3.283631
smids/Non-Sperm/Non-Sperm (806).bmp,val,2,-1.082614,-2.152091,3.234704
smids/Non-Sperm/Non-Sperm (824).bmp,val,2,-0.702681,-2.053884,2.756563
smids/Non-Sperm/Non-Sperm (830).bmp,val,2,-1.787604,-1.672605,3.460209
smids/Non-Sperm/Non-Sperm (838).bmp,val,2,-1.784793,-1.413147,3.197941
smids/Non-Sperm/Non-Sperm (84).bmp,val,2,-1.586716,-2.343824,3.930540
smids/Non-Sperm/Non-Sperm (845).bmp,val,2,0.469713,-0.759203,0.289490
smids/Non-Sperm/Non-Sperm (847).bmp,val,2,-1.690097,-1.880738,3.570835
smids/Non-Sperm/Non-Sperm (849).bmp,val,2,-2.074044,0.275380,1.798664
smids/Non-Sperm/Non-Sperm (856).bmp,val,2,-0.326305,0.726603,-0.400297
smids/Non-Sperm/Non-Sperm (869).bmp,val,2,-2.719465,-0.215991,2.935457
smids/Non-Sperm/Non-Sperm (875).bmp,val,2,-2.439505,-0.344415,2.783918
smids/Non-Sperm/Non-Sperm (886).bmp,val,2,-2.729633,-0.695302,3.424934
smids/Non-Sperm/Non-Sperm (894).bmp,val,2,-1.531837,0.769454,0.762382
smids/Non-Sperm/Non-Sperm (904).bmp,val,2,0.462077,-0.026872,-0.435206
smids/Non-Sperm/Non-Sperm (908).bmp,val,2,-1.411784,1.588427,-0.176644
smids/Non-Sperm/Non-Sperm (910).bmp,val,2,-1.116315,0.123918,0.992397
smids/Non-Sperm/Non-Sperm (912).bmp,val,2,-0.959399,2.184398,-1.225000
smids/Non-Sperm/Non-Sperm (914).bmp,val,2,-2.224824,0.202370,2.022453
smids/Non-Sperm/Non-Sperm (917).bmp,val,2,0.458038,-0.388822,-0.069217
smids/Non-Sperm/Non-Sperm (924).bmp,val,2,1.053392,-0.309697,-0.743695
smids/Non-Sperm/Non-Sperm (926).bmp,val,2,-1.958244,0.827896,1.130347
smids/Non-Sperm/Non-Sperm (93).bmp,val,2,-1.833834,-1.000402,2.834234
smids/Non-Sperm/Non-Sperm (941).bmp,val,2,-1.570896,-1.510634,3.081529
smids/Non-Sperm/Non-Sperm (949).bmp,val,2,-1.380249,-1.317047,2.697296
smids/Non-Sperm/Non-Sperm (950).bmp,val,2,1.111248,0.066016,-1.177267
smids/Non-Sperm/Non-Sperm (954).bmp,val,2,-1.233660,-0.834915,2.068575
smids/Non-Sperm/Non-Sperm (955).bmp,val,2,-1.558196,-0.799190,2.357385
smids/Normal_Sperm/Normal_Sperm (100).bmp,val,0,1.261634,-0.525405,-0.736229
smids/Normal_Sperm/Normal_Sperm (1009).bmp,val,0,1.449357,-1.532214,0.082858
smids/Normal_Sperm/Normal_Sperm (1012).bmp,val,0,1.485693,0.580234,-2.065928
smids/Normal_Sperm/Normal_Sperm (1016).bmp,val,0,1.074211,0.408673,-1.482885
smids/Normal_Sperm/Normal_Sperm (1017).bmp,val,0,2.578511,-0.705357,-1.873156
smids/Normal_Sperm/Normal_Sperm (1020).bmp,val,0,0.337627,0.052362,-0.389990
smids/Normal_Sperm/Normal_Sperm (106).bmp,val,0,1.729717,0.532207,-2.261926
smids/Normal_Sperm/Normal_Sperm (107).bmp,val,0,-0.222979,1.055135,-0.832156
smids/Normal_Sperm/Normal_Sperm (12).bmp,val,0,0.070765,-0.654087,0.583322
smids/Normal_Sperm/Normal_Sperm (121).bmp,val,0,2.484450,0.478774,-2.963223
smids/Normal_Sperm/Normal_Sperm (124).bmp,val,0,1.308022,0.995191,-2.303214
smids/Normal_Sperm/Normal_Sperm (125).bmp,val,0,1.771675,0.111872,-1.883548
smids/Normal_Sperm/Normal_Sperm (126).bmp,val,0,1.628303,0.897531,-2.525835
smids/Normal_Sperm/Normal_Sperm (128).bmp,val,0,-0.239444,0.452669,-0.213225
smids/Normal_Sperm/Normal_Sperm (13).bmp,val,0,-0.378070,-0.005028,0.383098
smids/Normal_Sperm/Normal_Sperm (131).bmp,val,0,-0.899413,0.926192,-0.026782
smids/Normal_Sperm/Normal_Sperm (162).bmp,val,0,2.971826,-0.387998,-2.583828
smids/Normal_Sperm/Normal_Sperm (163).bmp,val,0,2.006755,-0.478845,-1.527911
smids/Normal_Sperm/Normal_Sperm (165).bmp,val,0,0.529896,0.608254,-1.138152
smids/Normal_Sperm/Normal_Sperm (166).bmp,val,0,0.447611,0.052253,-0.499865
smids/Normal_Sperm/Normal_Sperm (167).bmp,val,0,2.322242,-0.368144,-1.954100
smids/Normal_Sperm/Normal_Sperm (185).bmp,val,0,0.280246,1.001487,-1.281733
smids/Normal_Sperm/Normal_Sperm (195).bmp,val,0,0.942950,0.004702,-0.947653
smids/Normal_Sperm/Normal_Sperm (20).bmp,val,0,-0.131050,-2.286955,2.418004
smids/Normal_Sperm/Normal_Sperm (203).bmp,val,0,0.524553,-0.650047,0.125493
smids/Normal_Sperm/Normal_Sperm (205).bmp,val,0,1.490712,-0.358939,-1.131775
smids/Normal_Sperm/Normal_Sperm (209).bmp,val,0,1.038379,0.930037,-1.968418
smids/Normal_Sperm/Normal_Sperm (210).bmp,val,0,1.746896,0.187047,-1.933945
smids/Normal_Sperm/Normal_Sperm (216).bmp,val,0,1.750847,0.227021,-1.977869
smids/Normal_Sperm/Normal_Sperm (220).bmp,val,0,2.293523,-0.173793,-2.119732
smids/Normal_Sperm/Normal_Sperm (261).bmp,val,0,2.541895,-0.625109,-1.916786
smids/Normal_Sperm/Normal_Sperm (275).bmp,val,0,0.390380,0.265304,-0.655684
smids/Normal_Sperm/Normal_Sperm (28).bmp,val,0,-0.433967,-0.221451,0.655419
smids/Normal_Sperm/Normal_Sperm (286).bmp,val,0,0.906726,1.199832,-2.106559
smids/Normal_Sperm/Normal_Sperm (302).bmp,val,0,-0.964376,2.279500,-1.315125
smids/Normal_Sperm/Normal_Sperm (304).bmp,val,0,1.342202,0.395793,-1.737997
smids/Normal_Sperm/Normal_Sperm (312).bmp,val,0,3.011177,-0.823447,-2.187730
smids/Normal_Sperm/Normal_Sperm (317).bmp,val,0,1.182995,0.016813,-1.199810
smids/Normal_Sperm/Normal_Sperm (318).bmp,val,0,1.764242,-0.204559,-1.559684
smids/Normal_Sperm/Normal_Sperm (326).bmp,val,0,0.519109,-0.185424,-0.333686
smids/Normal_Sperm/Normal_Sperm (342).bmp,val,0,0.650680,-0.482973,-0.167707
smids/Normal_Sperm/Normal_Sperm (346).bmp,val,0,2.068815,-1.161764,-0.907053
smids/Normal_Sperm/Normal_Sperm (4).bmp,val,0,3.119795,0.254143,-3.373940
smids/Normal_Sperm/Normal_Sperm (400).bmp,val,0,3.164269,0.016422,-3.180691
smids/Normal_Sperm/Normal_Sperm (411).bmp,val,0,2.002017,0.896940,-2.898960
smids/Normal_Sperm/Normal_Sperm (42).bmp,val,0,0.100334,0.741856,-0.842192
smids/Normal_Sperm/Normal_Sperm (430).bmp,val,0,2.685775,-0.549514,-2.136263
smids/Normal_Sperm/Normal_Sperm (434).bmp,val,0,3.302287,-1.366852,-1.935436
smids/Normal_Sperm/Normal_Sperm (443).bmp,val,0,1.536702,-0.539028,-0.997676
smids/Normal_Sperm/Normal_Sperm (457).bmp,val,0,2.580184,-1.022494,-1.557691
smids/Normal_Sperm/Normal_Sperm (459).bmp,val,0,2.094393,-1.484657,-0.609738
smids/Normal_Sperm/Normal_Sperm (460).bmp,val,0,-0.511383,0.309417,0.201965
smids/Normal_Sperm/Normal_Sperm (464).bmp,val,0,1.750915,0.341224,-2.092141
smids/Normal_Sperm/Normal_Sperm (47).bmp,val,0,-0.869048,-1.255247,2.124295
smids/Normal_Sperm/Normal_Sperm (482).bmp,val,0,2.490567,-0.293073,-2.197495
smids/Normal_Sperm/Normal_Sperm (494).bmp,val,0,1.939787,0.969562,-2.909351
smids/Normal_Sperm/Normal_Sperm (504).bmp,val,0,2.853584,-0.345754,-2.507830
smids/Normal_Sperm/Normal_Sperm (505).bmp,val,0,2.843999,-1.013079,-1.830922
smids/Normal_Sperm/Normal_Sperm (506).bmp,val,0,2.634111,-0.156621,-2.477490
smids/Normal_Sperm/Normal_Sperm (518).bmp,val,0,3.023449,-1.252118,-1.771332
smids/Normal_Sperm/Normal_Sperm (547).bmp,val,0,1.408760,-0.052158,-1.356603
smids/Normal_Sperm/Normal_Sperm (553).bmp,val,0,2.347177,-0.890831,-1.456347
smids/Normal_Sperm/Normal_Sperm (557).bmp,val,0,2.156763,-0.214331,-1.942433
smids/Normal_Sperm/Normal_Sperm (559).bmp,val,0,2.209127,-0.443518,-1.765611
smids/Normal_Sperm/Normal_Sperm (565).bmp,val,0,1.443484,0.234817,-1.678303
smids/Normal_Sperm/Normal_Sperm (576).bmp,val,0,1.661853,-0.263288,-1.398566
smids/Normal_Sperm/Normal_Sperm (577).bmp,val,0,1.162143,0.615532,-1.777675
smids/Normal_Sperm/Normal_Sperm (580).bmp,val,0,2.320877,-1.293539,-1.027339
smids/Normal_Sperm/Normal_Sperm (588).bmp,val,0,2.047752,-0.362070,-1.685683
smids/Normal_Sperm/Normal_Sperm (589).bmp,val,0,2.307260,0.265560,-2.572821
smids/Normal_Sperm/Normal_Sperm (597).bmp,val,0,1.652060,-0.308008,-1.344054
smids/Normal_Sperm/Normal_Sperm (6).bmp,val,0,0.569406,-0.742085,0.172680
smids/Normal_Sperm/Normal_Sperm (600).bmp,val,0,1.171563,-0.143989,-1.027577
smids/Normal_Sperm/Normal_Sperm (626).bmp,val,0,1.679479,0.015781,-1.695261
smids/Normal_Sperm/Normal_Sperm (633).bmp,val,0,1.438206,1.368534,-2.806742
smids/Normal_Sperm/Normal_Sperm (636).bmp,val,0,3.222565,-0.309878,-2.912688
smids/Normal_Sperm/Normal_Sperm (639).bmp,val,0,1.931790,0.858094,-2.789885
smids/Normal_Sperm/Normal_Sperm (640).bmp,val,0,2.634087,-1.458778,-1.175310
smids/Normal_Sperm/Normal_Sperm (65).bmp,val,0,-0.011302,-0.044828,0.056128
smids/Normal_Sperm/Normal_Sperm (653).bmp,val,0,1.690095,0.711790,-2.401886
smids/Normal_Sperm/Normal_Sperm (659).bmp,val,0,1.473748,-0.044542,-1.429207
smids/Normal_Sperm/Normal_Sperm (66).bmp,val,0,0.872033,-1.178595,0.306561
smids/Normal_Sperm/Normal_Sperm (663).bmp,val,0,2.465923,0.417387,-2.883311
smids/Normal_Sperm/Normal_Sperm (668).bmp,val,0,3.012627,-0.701053,-2.311575
smids/Normal_Sperm/Normal_Sperm (670).bmp,val,0,2.174579,-1.876510,-0.298069
smids/Normal_Sperm/Normal_Sperm (679).bmp,val,0,3.164513,-0.284542,-2.879971
smids/Normal_Sperm/Normal_Sperm (680).bmp,val,0,1.433206,0.690790,-2.123999
smids/Normal_Sperm/Normal_Sperm (688).bmp,val,0,2.039798,0.271073,-2.310872
smids/Normal_Sperm/Normal_Sperm (708).bmp,val,0,0.982859,0.046335,-1.029194
smids/Normal_Sperm/Normal_Sperm (725).bmp,val,0,1.826259,-1.699251,-0.127009
smids/Normal_Sperm/Normal_Sperm (738).bmp,val,0,2.699795,-0.520488,-2.179307
smids/Normal_Sperm/Normal_Sperm (745).bmp,val,0,2.318900,-0.260863,-2.058038
smids/Normal_Sperm/Normal_Sperm (753).bmp,val,0,1.315399,0.130758,-1.446159
smids/Normal_Sperm/Normal_Sperm (769).bmp,val,0,2.941954,-1.247261,-1.694694
smids/Normal_Sperm/Normal_Sperm (771).bmp,val,0,0.442025,-0.055902,-0.386123
smids/Normal_Sperm/Normal_Sperm (784).bmp,val,0,2.370702,0.566613,-2.937316
smids/Normal_Sperm/Normal_Sperm (816).bmp,val,0,-0.065674,0.727237,-0.661564
smids/Normal_Sperm/Normal_Sperm (839).bmp,val,0,0.425434,1.208447,-1.633881
smids/Normal_Sperm/Normal_Sperm (841).bmp,val,0,4.301988,-1.378838,-2.923154
smids/Normal_Sperm/Normal_Sperm (849).bmp,val,0,2.257082,-0.382174,-1.874909
smids/Normal_Sperm/Normal_Sperm (856).bmp,val,0,1.891737,-0.502776,-1.388964
smids/Normal_Sperm/Normal_Sperm (857).bmp,val,0,1.236214,0.348760,-1.584976
smids/Normal_Sperm/Normal_Sperm (864).bmp,val,0,2.414579,-0.637077,-1.777503
smids/Normal_Sperm/Normal_Sperm (874).bmp,val,0,1.731249,-0.616996,-1.114255
smids/Normal_Sperm/Normal_Sperm (877).bmp,val,0,1.656221,-0.700557,-0.955666
smids/Normal_Sperm/Normal_Sperm (885).bmp,val,0,2.652688,1.015138,-3.667827
smids/Normal_Sperm/Normal_Sperm (9).bmp,val,0,-0.368021,-2.021141,2.389160
smids/Normal_Sperm/Normal_Sperm (905).bmp,val,0,1.400051,0.965730,-2.365782
smids/Normal_Sperm/Normal_Sperm (911).bmp,val,0,2.269519,0.473190,-2.742710
smids/Normal_Sperm/Normal_Sperm (912).bmp,val,0,3.443092,-0.186896,-3.256198
smids/Normal_Sperm/Normal_Sperm (92).bmp,val,0,0.929751,-1.186658,0.256906
smids/Normal_Sperm/Normal_Sperm (940).bmp,val,0,2.464684,0.618227,-3.082913
smids/Normal_Sperm/Normal_Sperm (965).bmp,val,0,3.073410,0.542623,-3.616034
smids/Normal_Sperm/Normal_Sperm (977).bmp,val,0,-0.117193,1.425057,-1.307865
smids/Normal_Sperm/Normal_Sperm (986).bmp,val,0,1.749295,-0.822722,-0.926574
smids/Normal_Sperm/Normal_Sperm (987).bmp,val,0,0.837392,-0.359145,-0.478249
smids/Normal_Sperm/Normal_Sperm (989).bmp,val,0,0.408468,-0.425372,0.016902
smids/Normal_Sperm/Normal_Sperm (995).bmp,val,0,0.536865,-0.637569,0.100703
smids/Normal_Sperm/Normal_Sperm (996).bmp,val,0,2.682275,-0.440894,-2.241382
smids/Normal_Sperm/Normal_Sperm (997).bmp,val,0,3.004472,-1.476214,-1.528260
smids/Abnormal_Sperm/Abnormal_Sperm (1002).bmp,calib,1,0.701092,1.322103,-2.023196
smids/Abnormal_Sperm/Abnormal_Sperm (1005).bmp,calib,1,-0.652344,2.111385,-1.459042
smids/Abnormal_Sperm/Abnormal_Sperm (114).bmp,calib,1,0.291828,1.343892,-1.635721
smids/Abnormal_Sperm/Abnormal_Sperm (119).bmp,calib,1,-0.102582,2.313924,-2.211344
smids/Abnormal_Sperm/Abnormal_Sperm (120).bmp,calib,1,-0.059195,1.561923,-1.502728
smids/Abnormal_Sperm/Abnormal_Sperm (121).bmp,calib,1,1.605418,0.941735,-2.547155
smids/Abnormal_Sperm/Abnormal_Sperm (13).bmp,calib,1,-0.678905,-0.282031,0.960935
smids/Abnormal_Sperm/Abnormal_Sperm (131).bmp,calib,1,0.052709,2.625982,-2.678691
smids/Abnormal_Sperm/Abnormal_Sperm (134).bmp,calib,1,-0.105702,1.820073,-1.714371
smids/Abnormal_Sperm/Abnormal_Sperm (135).bmp,calib,1,-0.746467,3.376886,-2.630421
smids/Abnormal_Sperm/Abnormal_Sperm (149).bmp,calib,1,-0.225864,2.455067,-2.229205
smids/Abnormal_Sperm/Abnormal_Sperm (169).bmp,calib,1,-0.797836,0.978879,-0.181044
smids/Abnormal_Sperm/Abnormal_Sperm (181).bmp,calib,1,-1.453967,2.145760,-0.691794
smids/Abnormal_Sperm/Abnormal_Sperm (183).bmp,calib,1,0.112237,2.099411,-2.211648
smids/Abnormal_Sperm/Abnormal_Sperm (190).bmp,calib,1,-0.166495,1.678341,-1.511849
smids/Abnormal_Sperm/Abnormal_Sperm (192).bmp,calib,1,0.455348,1.777424,-2.232772
smids/Abnormal_Sperm/Abnormal_Sperm (199).bmp,calib,1,-0.761833,2.115312,-1.353481
smids/Abnormal_Sperm/Abnormal_Sperm (203).bmp,calib,1,-0.599856,1.994152,-1.394297
smids/Abnormal_Sperm/Abnormal_Sperm (205).bmp,calib,1,-0.151367,2.108901,-1.957534
smids/Abnormal_Sperm/Abnormal_Sperm (207).bmp,calib,1,-1.161564,2.836785,-1.675222
smids/Abnormal_Sperm/Abnormal_Sperm (208).bmp,calib,1,-0.036654,1.119024,-1.082370
smids/Abnormal_Sperm/Abnormal_Sperm (224).bmp,calib,1,-0.626030,2.598477,-1.972449
smids/Abnormal_Sperm/Abnormal_Sperm (231).bmp,calib,1,-0.912612,2.017583,-1.104973
smids/Abnormal_Sperm/Abnormal_Sperm (237).bmp,calib,1,-1.556043,0.777408,0.778633
smids/Abnormal_Sperm/Abnormal_Sperm (240).bmp,calib,1,-2.116196,2.571346,-0.455152
smids/Abnormal_Sperm/Abnormal_Sperm (242).bmp,calib,1,0.638621,1.084178,-1.722800
smids/Abnormal_Sperm/Abnormal_Sperm (243).bmp,calib,1,-1.247791,1.587295,-0.339505
smids/Abnormal_Sperm/Abnormal_Sperm (264).bmp,calib,1,1.151180,0.952150,-2.103331
smids/Abnormal_Sperm/Abnormal_Sperm (266).bmp,calib,1,-1.065177,2.244071,-1.178897
smids/Abnormal_Sperm/Abnormal_Sperm (267).bmp,calib,1,-0.579757,2.117963,-1.538208
smids/Abnormal_Sperm/Abnormal_Sperm (295).bmp,calib,1,-0.474996,1.497972,-1.022977
smids/Abnormal_Sperm/Abnormal_Sperm (309).bmp,calib,1,-0.525826,1.794718,-1.268894
smids/Abnormal_Sperm/Abnormal_Sperm (314).bmp,calib,1,-1.218646,3.100072,-1.881428
smids/Abnormal_Sperm/Abnormal_Sperm (318).bmp,calib,1,-0.433721,1.430154,-0.996434
smids/Abnormal_Sperm/Abnormal_Sperm (319).bmp,calib,1,-0.291770,1.531254,-1.239483
smids/Abnormal_Sperm/Abnormal_Sperm (323).bmp,calib,1,-0.518269,1.419275,-0.901007
smids/Abnormal_Sperm/Abnormal_Sperm (326).bmp,calib,1,-0.471257,1.219342,-0.748083
smids/Abnormal_Sperm/Abnormal_Sperm (335).bmp,calib,1,0.703175,1.526066,-2.229241
smids/Abnormal_Sperm/Abnormal_Sperm (347).bmp,calib,1,-0.105855,1.929522,-1.823669
smids/Abnormal_Sperm/Abnormal_Sperm (350).bmp,calib,1,-1.084053,2.157124,-1.073071
smids/Abnormal_Sperm/Abnormal_Sperm (351).bmp,calib,1,-0.126194,-0.070257,0.196451
smids/Abnormal_Sperm/Abnormal_Sperm (356).bmp,calib,1,-1.268100,1.793285,-0.525187
smids/Abnormal_Sperm/Abnormal_Sperm (370).bmp,calib,1,-0.854338,0.891912,-0.037575
smids/Abnormal_Sperm/Abnormal_Sperm (373).bmp,calib,1,-1.144613,2.030919,-0.886307
smids/Abnormal_Sperm/Abnormal_Sperm (377).bmp,calib,1,-1.023877,0.908474,0.115402
smids/Abnormal_Sperm/Abnormal_Sperm (384).bmp,calib,1,-1.392072,1.192951,0.199121
smids/Abnormal_Sperm/Abnormal_Sperm (388).bmp,calib,1,-2.335877,1.717888,0.617990
smids/Abnormal_Sperm/Abnormal_Sperm (401).bmp,calib,1,0.321791,1.224873,-1.546664
smids/Abnormal_Sperm/Abnormal_Sperm (406).bmp,calib,1,-0.841341,1.583550,-0.742211
smids/Abnormal_Sperm/Abnormal_Sperm (41).bmp,calib,1,0.507536,0.135806,-0.643344
smids/Abnormal_Sperm/Abnormal_Sperm (416).bmp,calib,1,-1.375711,1.685090,-0.309380
smids/Abnormal_Sperm/Abnormal_Sperm (417).bmp,calib,1,-1.062944,1.127255,-0.064313
smids/Abnormal_Sperm/Abnormal_Sperm (419).bmp,calib,1,-0.293706,0.381415,-0.087710
smids/Abnormal_Sperm/Abnormal_Sperm (431).bmp,calib,1,-1.145334,2.638627,-1.493294
smids/Abnormal_Sperm/Abnormal_Sperm (439).bmp,calib,1,0.023774,1.190352,-1.214128
smids/Abnormal_Sperm/Abnormal_Sperm (451).bmp,calib,1,-0.392242,1.549303,-1.157062
smids/Abnormal_Sperm/Abnormal_Sperm (452).bmp,calib,1,-1.674592,1.925684,-0.251093
smids/Abnormal_Sperm/Abnormal_Sperm (457).bmp,calib,1,-1.259178,2.206174,-0.946998
smids/Abnormal_Sperm/Abnormal_Sperm (460).bmp,calib,1,-1.755757,2.916962,-1.161208
smids/Abnormal_Sperm/Abnormal_Sperm (462).bmp,calib,1,0.033497,2.598399,-2.631896
smids/Abnormal_Sperm/Abnormal_Sperm (465).bmp,calib,1,-1.076525,1.434052,-0.357528
smids/Abnormal_Sperm/Abnormal_Sperm (475).bmp,calib,1,-1.623566,1.753829,-0.130266
smids/Abnormal_Sperm/Abnormal_Sperm (484).bmp,calib,1,-0.997316,1.732359,-0.735043
smids/Abnormal_Sperm/Abnormal_Sperm (489).bmp,calib,1,0.145393,0.384071,-0.529465
smids/Abnormal_Sperm/Abnormal_Sperm (493).bmp,calib,1,-1.277907,1.235385,0.042520
smids/Abnormal_Sperm/Abnormal_Sperm (496).bmp,calib,1,0.528620,0.782981,-1.311602
smids/Abnormal_Sperm/Abnormal_Sperm (497).bmp,calib,1,0.403477,-0.273873,-0.129605
smids/Abnormal_Sperm/Abnormal_Sperm (503).bmp,calib,1,-1.524335,1.328013,0.196321
smids/Abnormal_Sperm/Abnormal_Sperm (519).bmp,calib,1,1.560647,1.647534,-3.208182
smids/Abnormal_Sperm/Abnormal_Sperm (521).bmp,calib,1,0.410154,1.751657,-2.161813
smids/Abnormal_Sperm/Abnormal_Sperm (527).bmp,calib,1,0.985298,0.502780,-1.488080
smids/Abnormal_Sperm/Abnormal_Sperm (529).bmp,calib,1,-0.789788,1.689574,-0.899787
smids/Abnormal_Sperm/Abnormal_Sperm (535).bmp,calib,1,0.391731,1.304591,-1.696322
smids/Abnormal_Sperm/Abnormal_Sperm (547).bmp,calib,1,0.411271,3.582978,-3.994251
smids/Abnormal_Sperm/Abnormal_Sperm (552).bmp,calib,1,2.428398,-0.525666,-1.902732
smids/Abnormal_Sperm/Abnormal_Sperm (558).bmp,calib,1,-0.114393,1.186890,-1.072498
smids/Abnormal_Sperm/Abnormal_Sperm (559).bmp,calib,1,-1.869149,1.267824,0.601325
smids/Abnormal_Sperm/Abnormal_Sperm (569).bmp,calib,1,-1.956146,1.539174,0.416971
smids/Abnormal_Sperm/Abnormal_Sperm (571).bmp,calib,1,-1.730896,1.981289,-0.250393
smids/Abnormal_Sperm/Abnormal_Sperm (579).bmp,calib,1,0.861498,0.717590,-1.579088
smids/Abnormal_Sperm/Abnormal_Sperm (58).bmp,calib,1,-1.399510,2.225231,-0.825721
smids/Abnormal_Sperm/Abnormal_Sperm (580).bmp,calib,1,1.282335,0.423140,-1.705475
smids/Abnormal_Sperm/Abnormal_Sperm (583).bmp,calib,1,0.766291,0.800960,-1.567250
smids/Abnormal_Sperm/Abnormal_Sperm (584).bmp,calib,1,-2.948608,0.644820,2.303787
smids/Abnormal_Sperm/Abnormal_Sperm (600).bmp,calib,1,2.291833,0.164167,-2.456001
smids/Abnormal_Sperm/Abnormal_Sperm (602).bmp,calib,1,-2.637466,1.654548,0.982916
smids/Abnormal_Sperm/Abnormal_Sperm (607).bmp,calib,1,0.926935,1.104015,-2.030951
smids/Abnormal_Sperm/Abnormal_Sperm (617).bmp,calib,1,1.029394,0.992137,-2.021533
smids/Abnormal_Sperm/Abnormal_Sperm (622).bmp,calib,1,2.214433,-0.512154,-1.702282
smids/Abnormal_Sperm/Abnormal_Sperm (627).bmp,calib,1,-0.561234,-0.238646,0.799880
smids/Abnormal_Sperm/Abnormal_Sperm (630).bmp,calib,1,-0.786565,0.332873,0.453691
smids/Abnormal_Sperm/Abnormal_Sperm (631).bmp,calib,1,0.106080,0.453334,-0.559415
smids/Abnormal_Sperm/Abnormal_Sperm (649).bmp,calib,1,-0.168572,0.956191,-0.787620
smids/Abnormal_Sperm/Abnormal_Sperm (65).bmp,calib,1,-1.376134,1.879741,-0.503609
smids/Abnormal_Sperm/Abnormal_Sperm (659).bmp,calib,1,-1.090474,0.960551,0.129921
smids/Abnormal_Sperm/Abnormal_Sperm (660).bmp,calib,1,1.441705,1.429733,-2.871440
smids/Abnormal_Sperm/Abnormal_Sperm (668).bmp,calib,1,-1.528094,1.761466,-0.233373
smids/Abnormal_Sperm/Abnormal_Sperm (671).bmp,calib,1,-0.215336,0.311930,-0.096595
smids/Abnormal_Sperm/Abnormal_Sperm (685).bmp,calib,1,0.042743,0.253175,-0.295920
smids/Abnormal_Sperm/Abnormal_Sperm (686).bmp,calib,1,-0.429221,0.675860,-0.246640
smids/Abnormal_Sperm/Abnormal_Sperm (696).bmp,calib,1,-0.348572,1.550431,-1.201862
smids/Abnormal_Sperm/Abnormal_Sperm (7).bmp,calib,1,1.019112,1.482126,-2.501241
smids/Abnormal_Sperm/Abnormal_Sperm (705).bmp,calib,1,-0.047432,1.163877,-1.116447
smids/Abnormal_Sperm/Abnormal_Sperm (727).bmp,calib,1,-1.153396,1.811437,-0.658041
smids/Abnormal_Sperm/Abnormal_Sperm (742).bmp,calib,1,1.375207,0.904454,-2.279661
smids/Abnormal_Sperm/Abnormal_Sperm (746).bmp,calib,1,0.056534,1.136264,-1.192798
smids/Abnormal_Sperm/Abnormal_Sperm (751).bmp,calib,1,0.499748,1.102892,-1.602642
smids/Abnormal_Sperm/Abnormal_Sperm (757).bmp,calib,1,-1.696643,2.077572,-0.380930
smids/Abnormal_Sperm/Abnormal_Sperm (759).bmp,calib,1,-0.721991,1.982777,-1.260789
smids/Abnormal_Sperm/Abnormal_Sperm (767).bmp,calib,1,-0.278619,1.378508,-1.099891
smids/Abnormal_Sperm/Abnormal_Sperm (780).bmp,calib,1,-0.298855,0.704393,-0.405540
smids/Abnormal_Sperm/Abnormal_Sperm (783).bmp,calib,1,0.792380,-0.312199,-0.480183
smids/Abnormal_Sperm/Abnormal_Sperm (785).bmp,calib,1,1.140954,0.175852,-1.316808
smids/Abnormal_Sperm/Abnormal_Sperm (789).bmp,calib,1,-1.736157,1.639933,0.096224
smids/Abnormal_Sperm/Abnormal_Sperm (791).bmp,calib,1,0.120403,1.249347,-1.369750
smids/Abnormal_Sperm/Abnormal_Sperm (794).bmp,calib,1,-0.411026,1.817507,-1.406482
smids/Abnormal_Sperm/Abnormal_Sperm (797).bmp,calib,1,1.082030,0.898500,-1.980532
smids/Abnormal_Sperm/Abnormal_Sperm (798).bmp,calib,1,0.172691,2.043476,-2.216168
smids/Abnormal_Sperm/Abnormal_Sperm (799).bmp,calib,1,0.984464,0.168565,-1.153031
smids/Abnormal_Sperm/Abnormal_Sperm (800).bmp,calib,1,-0.713587,1.613424,-0.899839
smids/Abnormal_Sperm/Abnormal_Sperm (801).bmp,calib,1,0.587269,1.129203,-1.716475
smids/Abnormal_Sperm/Abnormal_Sperm (804).bmp,calib,1,-0.306688,1.442578,-1.135890
smids/Abnormal_Sperm/Abnormal_Sperm (813).bmp,calib,1,0.120893,0.352101,-0.472996
smids/Abnormal_Sperm/Abnormal_Sperm (821).bmp,calib,1,-0.390699,1.853987,-1.463289
smids/Abnormal_Sperm/Abnormal_Sperm (828).bmp,calib,1,1.064906,0.912400,-1.977308
smids/Abnormal_Sperm/Abnormal_Sperm (834).bmp,calib,1,2.993224,0.308296,-3.301523
smids/Abnormal_Sperm/Abnormal_Sperm (85).bmp,calib,1,-1.549638,2.750664,-1.201027
smids/Abnormal_Sperm/Abnormal_Sperm (855).bmp,calib,1,1.103057,1.230910,-2.333968
smids/Abnormal_Sperm/Abnormal_Sperm (856).bmp,calib,1,-0.085936,2.084047,-1.998112
smids/Abnormal_Sperm/Abnormal_Sperm (862).bmp,calib,1,0.681653,0.461171,-1.142825
smids/Abnormal_Sperm/Abnormal_Sperm (869).bmp,calib,1,-0.723659,2.734800,-2.011142
smids/Abnormal_Sperm/Abnormal_Sperm (874).bmp,calib,1,-0.965775,1.083047,-0.117274
smids/Abnormal_Sperm/Abnormal_Sperm (875).bmp,calib,1,0.205132,1.569873,-1.775007
smids/Abnormal_Sperm/Abnormal_Sperm (877).bmp,calib,1,1.183468,1.047307,-2.230776
smids/Abnormal_Sperm/Abnormal_Sperm (882).bmp,calib,1,0.745644,2.008308,-2.753954
smids/Abnormal_Sperm/Abnormal_Sperm (883).bmp,calib,1,-0.183525,1.538752,-1.355227
smids/Abnormal_Sperm/Abnormal_Sperm (886).bmp,calib,1,1.227810,-0.355349,-0.872463
smids/Abnormal_Sperm/Abnormal_Sperm (887).bmp,calib,1,1.054502,0.908788,-1.963292
smids/Abnormal_Sperm/Abnormal_Sperm (889).bmp,calib,1,0.061148,2.232347,-2.293497
smids/Abnormal_Sperm/Abnormal_Sperm (89).bmp,calib,1,-0.726371,0.821957,-0.095587
smids/Abnormal_Sperm/Abnormal_Sperm (890).bmp,calib,1,0.199998,1.776703,-1.976703
smids/Abnormal_Sperm/Abnormal_Sperm (891).bmp,calib,1,0.721770,1.086827,-1.808597
smids/Abnormal_Sperm/Abnormal_Sperm (896).bmp,calib,1,1.561961,-0.189049,-1.372913
smids/Abnormal_Sperm/Abnormal_Sperm (912).bmp,calib,1,-0.042856,1.398117,-1.355263
smids/Abnormal_Sperm/Abnormal_Sperm (918).bmp,calib,1,0.926046,1.093509,-2.019557
smids/Abnormal_Sperm/Abnormal_Sperm (922).bmp,calib,1,0.739963,-0.137720,-0.602243
smids/Abnormal_Sperm/Abnormal_Sperm (923).bmp,calib,1,0.864203,0.408687,-1.272890
smids/Abnormal_Sperm/Abnormal_Sperm (946).bmp,calib,1,0.080010,1.564220,-1.644231
smids/Abnormal_Sperm/Abnormal_Sperm (954).bmp,calib,1,1.035007,1.907516,-2.942525
smids/Abnormal_Sperm/Abnormal_Sperm (962).bmp,calib,1,-2.369490,1.850664,0.518825
smids/Abnormal_Sperm/Abnormal_Sperm (964).bmp,calib,1,-1.006845,1.701509,-0.694665
smids/Abnormal_Sperm/Abnormal_Sperm (966).bmp,calib,1,-2.413162,2.657041,-0.243879
smids/Abnormal_Sperm/Abnormal_Sperm (974).bmp,calib,1,-1.955794,3.612178,-1.656384
smids/Abnormal_Sperm/Abnormal_Sperm (989).bmp,calib,1,-1.228959,1.017823,0.211135
smids/Abnormal_Sperm/Abnormal_Sperm (990).bmp,calib,1,-0.563388,1.918892,-1.355505
smids/Abnormal_Sperm/Abnormal_Sperm (998).bmp,calib,1,-1.266605,1.705691,-0.439087
smids/Non-Sperm/Non-Sperm (104).bmp,calib,2,-1.743066,-2.398701,4.141765
smids/Non-Sperm/Non-Sperm (105).bmp,calib,2,-1.677769,-1.672305,3.350075
smids/Non-Sperm/Non-Sperm (113).bmp,calib,2,-1.569593,-2.016694,3.586287
smids/Non-Sperm/Non-Sperm (117).bmp,calib,2,-1.530818,-1.491868,3.022685
smids/Non-Sperm/Non-Sperm (121).bmp,calib,2,-2.335672,-1.805421,4.141094
smids/Non-Sperm/Non-Sperm (122).bmp,calib,2,-1.326441,-2.684298,4.010739
smids/Non-Sperm/Non-Sperm (124).bmp,calib,2,-1.248851,-2.509090,3.757940
smids/Non-Sperm/Non-Sperm (128).bmp,calib,2,-2.580484,-0.002651,2.583135
smids/Non-Sperm/Non-Sperm (129).bmp,calib,2,-0.194030,-0.415779,0.609808
smids/Non-Sperm/Non-Sperm (130).bmp,calib,2,-2.209615,-0.338092,2.547706
smids/Non-Sperm/Non-Sperm (131).bmp,calib,2,-1.404700,-2.214964,3.619665
smids/Non-Sperm/Non-Sperm (151).bmp,calib,2,-1.232187,-2.146784,3.378971
smids/Non-Sperm/Non-Sperm (157).bmp,calib,2,-1.870863,-1.427907,3.298769
smids/Non-Sperm/Non-Sperm (16).bmp,calib,2,-1.702899,-1.301171,3.004071
smids/Non-Sperm/Non-Sperm (170).bmp,calib,2,-1.914211,-0.674011,2.588221
smids/Non-Sperm/Non-Sperm (171).bmp,calib,2,-1.615607,-1.468998,3.084605
smids/Non-Sperm/Non-Sperm (172).bmp,calib,2,-1.878143,-1.302935,3.181077
smids/Non-Sperm/Non-Sperm (176).bmp,calib,2,-2.349349,0.472531,1.876817
smids/Non-Sperm/Non-Sperm (177).bmp,calib,2,-1.134462,-2.164388,3.298849
smids/Non-Sperm/Non-Sperm (181).bmp,calib,2,-0.653814,-1.461491,2.115304
smids/Non-Sperm/Non-Sperm (193).bmp,calib,2,-1.174886,-1.695571,2.870457
smids/Non-Sperm/Non-Sperm (196).bmp,calib,2,-0.505544,0.112210,0.393334
smids/Non-Sperm/Non-Sperm (197).bmp,calib,2,-0.800994,0.615671,0.185322
smids/Non-Sperm/Non-Sperm (20).bmp,calib,2,-1.424562,1.037888,0.386672
smids/Non-Sperm/Non-Sperm (211).bmp,calib,2,-1.774891,-0.284801,2.059691
smids/Non-Sperm/Non-Sperm (214).bmp,calib,2,-1.169187,-1.960692,3.129879
smids/Non-Sperm/Non-Sperm (217).bmp,calib,2,-0.428067,-1.240602,1.668668
smids/Non-Sperm/Non-Sperm (22).bmp,calib,2,-2.282823,0.044882,2.237941
smids/Non-Sperm/Non-Sperm (220).bmp,calib,2,-1.175690,-0.723348,1.899039
smids/Non-Sperm/Non-Sperm (228).bmp,calib,2,-1.493207,-1.478788,2.971995
smids/Non-Sperm/Non-Sperm (229).bmp,calib,2,-2.045420,-1.379820,3.425242
smids/Non-Sperm/Non-Sperm (231).bmp,calib,2,-2.602082,-0.979095,3.581178
smids/Non-Sperm/Non-Sperm (24).bmp,calib,2,-2.351004,1.684715,0.666288
smids/Non-Sperm/Non-Sperm (242).bmp,calib,2,-1.438346,-1.787685,3.226030
smids/Non-Sperm/Non-Sperm (251).bmp,calib,2,-1.821796,-1.862649,3.684445
smids/Non-Sperm/Non-Sperm (253).bmp,calib,2,-1.599169,-1.095007,2.694177
smids/Non-Sperm/Non-Sperm (277).bmp,calib,2,-1.566639,-0.716041,2.282680
smids/Non-Sperm/Non-Sperm (287).bmp,calib,2,0.018526,-1.078154,1.059627
smids/Non-Sperm/Non-Sperm (299).bmp,calib,2,-1.726740,-1.757527,3.484266
smids/Non-Sperm/Non-Sperm (300).bmp,calib,2,-0.843738,-2.588981,3.432718
smids/Non-Sperm/Non-Sperm (304).bmp,calib,2,-0.808684,-2.014402,2.823084
smids/Non-Sperm/Non-Sperm (305).bmp,calib,2,-0.957758,-1.342173,2.299931
smids/Non-Sperm/Non-Sperm (315).bmp,calib,2,-1.748429,-1.662078,3.410507
smids/Non-Sperm/Non-Sperm (317).bmp,calib,2,-1.665272,-2.136296,3.801568
smids/Non-Sperm/Non-Sperm (318).bmp,calib,2,-1.620660,-1.350172,2.970830
smids/Non-Sperm/Non-Sperm (32).bmp,calib,2,-2.624553,0.673899,1.950655
smids/Non-Sperm/Non-Sperm (337).bmp,calib,2,-1.752694,-1.711477,3.464170
smids/Non-Sperm/Non-Sperm (338).bmp,calib,2,-2.056034,1.679880,0.376152
smids/Non-Sperm/Non-Sperm (345).bmp,calib,2,-0.490287,-1.722059,2.212345
smids/Non-Sperm/Non-Sperm (364).bmp,calib,2,-1.190751,-2.063343,3.254094
smids/Non-Sperm/Non-Sperm (366).bmp,calib,2,-0.593463,-0.516352,1.109814
smids/Non-Sperm/Non-Sperm (367).bmp,calib,2,-1.700120,-0.599157,2.299277
smids/Non-Sperm/Non-Sperm (37).bmp,calib,2,-2.127382,-0.121390,2.248772
smids/Non-Sperm/Non-Sperm (375).bmp,calib,2,-1.524011,-0.678487,2.202497
smids/Non-Sperm/Non-Sperm (383).bmp,calib,2,-0.645827,-0.626308,1.272134
smids/Non-Sperm/Non-Sperm (386).bmp,calib,2,-1.360720,0.209457,1.151262
smids/Non-Sperm/Non-Sperm (387).bmp,calib,2,-1.605775,-1.353898,2.959674
smids/Non-Sperm/Non-Sperm (39).bmp,calib,2,-0.992046,0.268732,0.723313
smids/Non-Sperm/Non-Sperm (400).bmp,calib,2,-0.637304,-0.137779,0.775083
smids/Non-Sperm/Non-Sperm (402).bmp,calib,2,-1.828347,-0.208158,2.036505
smids/Non-Sperm/Non-Sperm (409).bmp,calib,2,0.210841,-0.578035,0.367193
smids/Non-Sperm/Non-Sperm (41).bmp,calib,2,-1.312187,0.877444,0.434743
smids/Non-Sperm/Non-Sperm (410).bmp,calib,2,-2.410874,0.839648,1.571227
smids/Non-Sperm/Non-Sperm (42).bmp,calib,2,-2.269811,0.306810,1.963001
smids/Non-Sperm/Non-Sperm (431).bmp,calib,2,-2.039453,-0.937425,2.976877
smids/Non-Sperm/Non-Sperm (445).bmp,calib,2,-1.718159,-2.020614,3.738773
smids/Non-Sperm/Non-Sperm (470).bmp,calib,2,-1.873431,-1.733679,3.607109
smids/Non-Sperm/Non-Sperm (475).bmp,calib,2,-1.539227,-1.931640,3.470866
smids/Non-Sperm/Non-Sperm (481).bmp,calib,2,-1.710855,-1.143412,2.854265
smids/Non-Sperm/Non-Sperm (488).bmp,calib,2,-0.587702,-0.642034,1.229738
smids/Non-Sperm/Non-Sperm (49).bmp,calib,2,-2.571608,1.822802,0.748807
smids/Non-Sperm/Non-Sperm (506).bmp,calib,2,-1.438818,-1.212109,2.650927
smids/Non-Sperm/Non-Sperm (514).bmp,calib,2,-1.853357,-2.574987,4.428346
smids/Non-Sperm/Non-Sperm (523).bmp,calib,2,-2.195235,-0.218412,2.413648
smids/Non-Sperm/Non-Sperm (530).bmp,calib,2,-1.613962,-0.561821,2.175783
smids/Non-Sperm/Non-Sperm (536).bmp,calib,2,-1.750134,-1.641401,3.391535
smids/Non-Sperm/Non-Sperm (538).bmp,calib,2,-2.262981,-1.811852,4.074833
smids/Non-Sperm/Non-Sperm (549).bmp,calib,2,-1.444998,-1.417443,2.862438
smids/Non-Sperm/Non-Sperm (556).bmp,calib,2,-0.927954,-0.299559,1.227512
smids/Non-Sperm/Non-Sperm (563).bmp,calib,2,-0.710529,-1.477605,2.188132
smids/Non-Sperm/Non-Sperm (566).bmp,calib,2,-2.157575,0.178962,1.978613
smids/Non-Sperm/Non-Sperm (567).bmp,calib,2,-1.182124,0.645814,0.536307
smids/Non-Sperm/Non-Sperm (570).bmp,calib,2,-2.280336,0.251786,2.028551
smids/Non-Sperm/Non-Sperm (58).bmp,calib,2,-2.532866,0.693260,1.839605
smids/Non-Sperm/Non-Sperm (584).bmp,calib,2,-0.488716,-0.843987,1.332702
smids/Non-Sperm/Non-Sperm (592).bmp,calib,2,-2.912324,-0.306889,3.219212
smids/Non-Sperm/Non-Sperm (596).bmp,calib,2,-1.395472,-0.620984,2.016456
smids/Non-Sperm/Non-Sperm (611).bmp,calib,2,-1.826831,-0.912788,2.739620
smids/Non-Sperm/Non-Sperm (613).bmp,calib,2,-1.627151,-0.262029,1.889179
smids/Non-Sperm/Non-Sperm (615).bmp,calib,2,-3.389463,-0.091835,3.481297
smids/Non-Sperm/Non-Sperm (621).bmp,calib,2,-1.042385,-1.692114,2.734499
smids/Non-Sperm/Non-Sperm (625).bmp,calib,2,-1.672202,-1.170634,2.842836
smids/Non-Sperm/Non-Sperm (631).bmp,calib,2,-1.128452,-1.920722,3.049173
smids/Non-Sperm/Non-Sperm (632).bmp,calib,2,-2.194509,0.652922,1.541587
smids/Non-Sperm/Non-Sperm (634).bmp,calib,2,-1.997691,-0.942439,2.940130
smids/Non-Sperm/Non-Sperm (636).bmp,calib,2,-2.521821,-0.877593,3.399414
smids/Non-Sperm/Non-Sperm (644).bmp,calib,2,-1.790120,-1.287791,3.077910
smids/Non-Sperm/Non-Sperm (649).bmp,calib,2,-2.210757,-1.974133,4.184892
smids/Non-Sperm/Non-Sperm (650).bmp,calib,2,-2.031546,0.392348,1.639196
smids/Non-Sperm/Non-Sperm (654).bmp,calib,2,-0.824075,-0.926542,1.750615
smids/Non-Sperm/Non-Sperm (667).bmp,calib,2,-2.661275,0.294920,2.366356
smids/Non-Sperm/Non-Sperm (668).bmp,calib,2,-0.787561,-2.076882,2.864445
smids/Non-Sperm/Non-Sperm (671).bmp,calib,2,-1.479455,-1.449330,2.928785
smids/Non-Sperm/Non-Sperm (673).bmp,calib,2,-2.304026,-1.302261,3.606287
smids/Non-Sperm/Non-Sperm (688).bmp,calib,2,-1.624690,-1.432823,3.057512
smids/Non-Sperm/Non-Sperm (70).bmp,calib,2,-2.582021,1.044676,1.537345
smids/Non-Sperm/Non-Sperm (700).bmp,calib,2,-1.455008,-2.370184,3.825191
smids/Non-Sperm/Non-Sperm (702).bmp,calib,2,-0.631497,-1.342042,1.973538
smids/Non-Sperm/Non-Sperm (704).bmp,calib,2,-0.762012,-1.495388,2.257399
smids/Non-Sperm/Non-Sperm (711).bmp,calib,2,-1.336415,-0.162881,1.499295
smids/Non-Sperm/Non-Sperm (714).bmp,calib,2,-0.645711,-0.631593,1.277302
smids/Non-Sperm/Non-Sperm (721).bmp,calib,2,-1.282094,-2.085337,3.367431
smids/Non-Sperm/Non-Sperm (722).bmp,calib,2,-2.688524,0.068087,2.620436
smids/Non-Sperm/Non-Sperm (723).bmp,calib,2,-1.388378,0.783990,0.604385
smids/Non-Sperm/Non-Sperm (729).bmp,calib,2,-1.534202,-1.236833,2.771034
smids/Non-Sperm/Non-Sperm (73).bmp,calib,2,-2.567050,-0.378631,2.945679
smids/Non-Sperm/Non-Sperm (732).bmp,calib,2,-1.740875,-0.770813,2.511689
smids/Non-Sperm/Non-Sperm (734).bmp,calib,2,-1.589868,-1.598192,3.188061
smids/Non-Sperm/Non-Sperm (736).bmp,calib,2,-1.403420,-2.190089,3.593508
smids/Non-Sperm/Non-Sperm (742).bmp,calib,2,-1.873354,-2.154306,4.027659
smids/Non-Sperm/Non-Sperm (743).bmp,calib,2,-0.126201,-2.070037,2.196238
smids/Non-Sperm/Non-Sperm (746).bmp,calib,2,-1.362023,-2.203683,3.565706
smids/Non-Sperm/Non-Sperm (749).bmp,calib,2,-1.511197,0.069909,1.441286
smids/Non-Sperm/Non-Sperm (750).bmp,calib,2,-1.135940,-1.077677,2.213616
smids/Non-Sperm/Non-Sperm (757).bmp,calib,2,0.631341,-1.954648,1.323306
smids/Non-Sperm/Non-Sperm (759).bmp,calib,2,-0.971707,-2.533194,3.504901
smids/Non-Sperm/Non-Sperm (760).bmp,calib,2,-1.718469,-2.171206,3.889676
smids/Non-Sperm/Non-Sperm (770).bmp,calib,2,-0.747439,-1.259334,2.006772
smids/Non-Sperm/Non-Sperm (774).bmp,calib,2,-1.661668,-1.890857,3.552526
smids/Non-Sperm/Non-Sperm (784).bmp,calib,2,-1.450980,-1.405563,2.856542
smids/Non-Sperm/Non-Sperm (789).bmp,calib,2,-1.346928,-1.719333,3.066259
smids/Non-Sperm/Non-Sperm (804).bmp,calib,2,-0.954919,-2.002540,2.957458
smids/Non-Sperm/Non-Sperm (810).bmp,calib,2,-1.452470,-1.419756,2.872225
smids/Non-Sperm/Non-Sperm (822).bmp,calib,2,-2.425212,-0.264231,2.689445
smids/Non-Sperm/Non-Sperm (831).bmp,calib,2,-2.477085,-0.398036,2.875122
smids/Non-Sperm/Non-Sperm (836).bmp,calib,2,-0.862565,0.378149,0.484415
smids/Non-Sperm/Non-Sperm (848).bmp,calib,2,-2.119562,-1.564517,3.684081
smids/Non-Sperm/Non-Sperm (85).bmp,calib,2,-0.546002,-0.103525,0.649526
smids/Non-Sperm/Non-Sperm (858).bmp,calib,2,-1.238000,-0.979245,2.217246
smids/Non-Sperm/Non-Sperm (872).bmp,calib,2,-2.129221,-0.057491,2.186713
smids/Non-Sperm/Non-Sperm (877).bmp,calib,2,-1.734234,-0.631967,2.366201
smids/Non-Sperm/Non-Sperm (879).bmp,calib,2,-2.227868,0.630387,1.597480
smids/Non-Sperm/Non-Sperm (881).bmp,calib,2,-2.243446,-1.119362,3.362806
smids/Non-Sperm/Non-Sperm (884).bmp,calib,2,-1.694991,-0.209889,1.904879
smids/Non-Sperm/Non-Sperm (888).bmp,calib,2,-1.979029,-1.720748,3.699776
smids/Non-Sperm/Non-Sperm (900).bmp,calib,2,0.591264,-0.380954,-0.210312
smids/Non-Sperm/Non-Sperm (91).bmp,calib,2,-2.028779,-0.127902,2.156680
smids/Non-Sperm/Non-Sperm (923).bmp,calib,2,-0.923514,-0.797006,1.720519
smids/Non-Sperm/Non-Sperm (928).bmp,calib,2,-1.098899,0.753942,0.344956
smids/Non-Sperm/Non-Sperm (934).bmp,calib,2,-0.396758,-1.614562,2.011320
smids/Non-Sperm/Non-Sperm (94).bmp,calib,2,-2.468848,-0.391581,2.860429
smids/Non-Sperm/Non-Sperm (957).bmp,calib,2,-1.478455,0.158819,1.319634
smids/Non-Sperm/Non-Sperm (96).bmp,calib,2,-2.051060,-1.968342,4.019403
smids/Non-Sperm/Non-Sperm (960).bmp,calib,2,-2.455778,1.106431,1.349345
smids/Non-Sperm/Non-Sperm (961).bmp,calib,2,-1.511774,0.786085,0.725688
smids/Non-Sperm/Non-Sperm (971).bmp,calib,2,-0.300494,-1.420214,1.720708
smids/Normal_Sperm/Normal_Sperm (1010).bmp,calib,0,2.319883,-1.477125,-0.842759
smids/Normal_Sperm/Normal_Sperm (103).bmp,calib,0,1.988679,-0.871640,-1.117040
smids/Normal_Sperm/Normal_Sperm (113).bmp,calib,0,2.355162,-0.373824,-1.981339
smids/Normal_Sperm/Normal_Sperm (114).bmp,calib,0,-0.210951,1.065867,-0.854917
smids/Normal_Sperm/Normal_Sperm (127).bmp,calib,0,0.281396,-0.128692,-0.152705
smids/Normal_Sperm/Normal_Sperm (132).bmp,calib,0,-0.308336,1.012556,-0.704220
smids/Normal_Sperm/Normal_Sperm (138).bmp,calib,0,1.161778,-0.039349,-1.122429
smids/Normal_Sperm/Normal_Sperm (14).bmp,calib,0,1.094559,-0.347318,-0.747242
smids/Normal_Sperm/Normal_Sperm (151).bmp,calib,0,-0.043394,-0.622030,0.665423
smids/Normal_Sperm/Normal_Sperm (153).bmp,calib,0,0.890278,-0.671821,-0.218459
smids/Normal_Sperm/Normal_Sperm (155).bmp,calib,0,1.552459,-0.010114,-1.542347
smids/Normal_Sperm/Normal_Sperm (164).bmp,calib,0,1.561923,-0.514626,-1.047298
smids/Normal_Sperm/Normal_Sperm (169).bmp,calib,0,2.047445,-1.044312,-1.003135
smids/Normal_Sperm/Normal_Sperm (170).bmp,calib,0,1.796391,-0.170961,-1.625432
smids/Normal_Sperm/Normal_Sperm (176).bmp,calib,0,2.967567,-0.272535,-2.695034
smids/Normal_Sperm/Normal_Sperm (183).bmp,calib,0,0.993129,-0.082834,-0.910296
smids/Normal_Sperm/Normal_Sperm (189).bmp,calib,0,2.033166,-0.820732,-1.212435
smids/Normal_Sperm/Normal_Sperm (19).bmp,calib,0,0.032811,-0.107323,0.074511
smids/Normal_Sperm/Normal_Sperm (193).bmp,calib,0,0.924003,-0.493819,-0.430185
smids/Normal_Sperm/Normal_Sperm (197).bmp,calib,0,1.336347,0.396757,-1.733105
smids/Normal_Sperm/Normal_Sperm (2).bmp,calib,0,2.913224,-1.267003,-1.646223
smids/Normal_Sperm/Normal_Sperm (204).bmp,calib,0,1.007251,0.163993,-1.171244
smids/Normal_Sperm/Normal_Sperm (207).bmp,calib,0,1.192590,-0.089142,-1.103450
smids/Normal_Sperm/Normal_Sperm (222).bmp,calib,0,0.870799,0.141816,-1.012616
smids/Normal_Sperm/Normal_Sperm (223).bmp,calib,0,1.061195,0.025590,-1.086786
smids/Normal_Sperm/Normal_Sperm (228).bmp,calib,0,2.990502,-0.134119,-2.856385
smids/Normal_Sperm/Normal_Sperm (232).bmp,calib,0,0.195421,1.733381,-1.928804
smids/Normal_Sperm/Normal_Sperm (238).bmp,calib,0,0.200629,2.033640,-2.234271
smids/Normal_Sperm/Normal_Sperm (239).bmp,calib,0,1.717626,0.134880,-1.852508
smids/Normal_Sperm/Normal_Sperm (254).bmp,calib,0,1.791330,0.029056,-1.820387
smids/Normal_Sperm/Normal_Sperm (264).bmp,calib,0,1.166194,0.319954,-1.486150
smids/Normal_Sperm/Normal_Sperm (268).bmp,calib,0,0.617970,-1.438191,0.820219
smids/Normal_Sperm/Normal_Sperm (278).bmp,calib,0,0.352917,0.695189,-1.048107
smids/Normal_Sperm/Normal_Sperm (294).bmp,calib,0,1.918236,0.294305,-2.212542
smids/Normal_Sperm/Normal_Sperm (295).bmp,calib,0,2.020983,0.982859,-3.003843
smids/Normal_Sperm/Normal_Sperm (309).bmp,calib,0,1.123448,1.183097,-2.306546
smids/Normal_Sperm/Normal_Sperm (310).bmp,calib,0,1.064339,-0.396435,-0.667906
smids/Normal_Sperm/Normal_Sperm (315).bmp,calib,0,0.794221,1.148132,-1.942355
smids/Normal_Sperm/Normal_Sperm (32).bmp,calib,0,1.666206,-0.713695,-0.952512
smids/Normal_Sperm/Normal_Sperm (320).bmp,calib,0,0.139588,0.538749,-0.678339
smids/Normal_Sperm/Normal_Sperm (321).bmp,calib,0,2.073617,-0.255934,-1.817684
smids/Normal_Sperm/Normal_Sperm (324).bmp,calib,0,0.317147,1.265666,-1.582815
smids/Normal_Sperm/Normal_Sperm (33).bmp,calib,0,0.525433,-0.413602,-0.111831
smids/Normal_Sperm/Normal_Sperm (330).bmp,calib,0,1.027709,0.584583,-1.612294
smids/Normal_Sperm/Normal_Sperm (340).bmp,calib,0,0.731205,-1.300799,0.569594
smids/Normal_Sperm/Normal_Sperm (343).bmp,calib,0,0.755993,-0.359267,-0.396727
smids/Normal_Sperm/Normal_Sperm (351).bmp,calib,0,0.500241,0.181055,-0.681298
smids/Normal_Sperm/Normal_Sperm (354).bmp,calib,0,0.826879,0.353088,-1.179967
smids/Normal_Sperm/Normal_Sperm (355).bmp,calib,0,0.258635,-0.079479,-0.179158
smids/Normal_Sperm/Normal_Sperm (361).bmp,calib,0,1.635838,-0.259363,-1.376477
smids/Normal_Sperm/Normal_Sperm (384).bmp,calib,0,0.592163,1.410234,-2.002398
smids/Normal_Sperm/Normal_Sperm (385).bmp,calib,0,1.376498,0.660572,-2.037071
smids/Normal_Sperm/Normal_Sperm (40).bmp,calib,0,0.984756,-1.353734,0.368978
smids/Normal_Sperm/Normal_Sperm (402).bmp,calib,0,1.519302,1.314780,-2.834084
smids/Normal_Sperm/Normal_Sperm (412).bmp,calib,0,2.109857,-0.396639,-1.713220
smids/Normal_Sperm/Normal_Sperm (420).bmp,calib,0,1.530355,0.890559,-2.420915
smids/Normal_Sperm/Normal_Sperm (426).bmp,calib,0,1.125979,-0.149405,-0.976575
smids/Normal_Sperm/Normal_Sperm (428).bmp,calib,0,2.346414,-1.327037,-1.019378
smids/Normal_Sperm/Normal_Sperm (431).bmp,calib,0,3.266535,0.230397,-3.496933
smids/Normal_Sperm/Normal_Sperm (432).bmp,calib,0,2.221704,0.178089,-2.399794
smids/Normal_Sperm/Normal_Sperm (435).bmp,calib,0,1.614199,-1.004014,-0.610186
smids/Normal_Sperm/Normal_Sperm (436).bmp,calib,0,2.246835,0.386786,-2.633621
smids/Normal_Sperm/Normal_Sperm (437).bmp,calib,0,1.360039,0.527437,-1.887477
smids/Normal_Sperm/Normal_Sperm (439).bmp,calib,0,1.725529,1.364683,-3.090215
smids/Normal_Sperm/Normal_Sperm (441).bmp,calib,0,0.818451,0.986102,-1.804555
smids/Normal_Sperm/Normal_Sperm (442).bmp,calib,0,3.508004,-1.052972,-2.455034
smids/Normal_Sperm/Normal_Sperm (447).bmp,calib,0,2.893258,-0.479786,-2.413474
smids/Normal_Sperm/Normal_Sperm (467).bmp,calib,0,2.203673,-0.489823,-1.713851
smids/Normal_Sperm/Normal_Sperm (468).bmp,calib,0,2.491839,1.078416,-3.570258
smids/Normal_Sperm/Normal_Sperm (473).bmp,calib,0,2.421170,0.930925,-3.352096
smids/Normal_Sperm/Normal_Sperm (477).bmp,calib,0,0.767123,0.800959,-1.568083
smids/Normal_Sperm/Normal_Sperm (483).bmp,calib,0,2.031729,0.909222,-2.940951
smids/Normal_Sperm/Normal_Sperm (49).bmp,calib,0,0.284793,1.932423,-2.217216
smids/Normal_Sperm/Normal_Sperm (496).bmp,calib,0,1.831058,-0.129410,-1.701649
smids/Normal_Sperm/Normal_Sperm (499).bmp,calib,0,2.003009,-0.031858,-1.971151
smids/Normal_Sperm/Normal_Sperm (507).bmp,calib,0,2.684411,-0.737973,-1.946439
smids/Normal_Sperm/Normal_Sperm (511).bmp,calib,0,2.220072,-0.371701,-1.848372
smids/Normal_Sperm/Normal_Sperm (512).bmp,calib,0,1.451353,0.353967,-1.805322
smids/Normal_Sperm/Normal_Sperm (522).bmp,calib,0,0.835777,0.362894,-1.198674
smids/Normal_Sperm/Normal_Sperm (524).bmp,calib,0,2.104001,0.319526,-2.423529
smids/Normal_Sperm/Normal_Sperm (527).bmp,calib,0,2.960430,0.370184,-3.330615
smids/Normal_Sperm/Normal_Sperm (537).bmp,calib,0,2.203642,-0.269029,-1.934615
smids/Normal_Sperm/Normal_Sperm (540).bmp,calib,0,1.591145,-0.462892,-1.128255
smids/Normal_Sperm/Normal_Sperm (544).bmp,calib,0,1.610051,0.880865,-2.490918
smids/Normal_Sperm/Normal_Sperm (550).bmp,calib,0,2.373262,-0.420850,-1.952413
smids/Normal_Sperm/Normal_Sperm (554).bmp,calib,0,3.096174,-0.875586,-2.220590
smids/Normal_Sperm/Normal_Sperm (555).bmp,calib,0,0.450136,0.585282,-1.035419
smids/Normal_Sperm/Normal_Sperm (561).bmp,calib,0,0.581207,-0.153855,-0.427354
smids/Normal_Sperm/Normal_Sperm (563).bmp,calib,0,1.618153,0.845011,-2.463167
smids/Normal_Sperm/Normal_Sperm (582).bmp,calib,0,2.511002,0.706843,-3.217846
smids/Normal_Sperm/Normal_Sperm (584).bmp,calib,0,2.950185,0.360936,-3.311122
smids/Normal_Sperm/Normal_Sperm (585).bmp,calib,0,2.523542,0.527198,-3.050741
smids/Normal_Sperm/Normal_Sperm (594).bmp,calib,0,2.429011,-1.167318,-1.261693
smids/Normal_Sperm/Normal_Sperm (598).bmp,calib,0,2.024865,0.543479,-2.568346
smids/Normal_Sperm/Normal_Sperm (60).bmp,calib,0,1.069174,-0.664045,-0.405131
smids/Normal_Sperm/Normal_Sperm (605).bmp,calib,0,2.512535,-0.237997,-2.274538
smids/Normal_Sperm/Normal_Sperm (618).bmp,calib,0,2.831804,0.327317,-3.159122
smids/Normal_Sperm/Normal_Sperm (630).bmp,calib,0,2.164120,0.201958,-2.366080
smids/Normal_Sperm/Normal_Sperm (647).bmp,calib,0,1.932691,-0.623783,-1.308910
smids/Normal_Sperm/Normal_Sperm (654).bmp,calib,0,0.987298,0.123166,-1.110467
smids/Normal_Sperm/Normal_Sperm (657).bmp,calib,0,1.020845,0.214610,-1.235455
smids/Normal_Sperm/Normal_Sperm (660).bmp,calib,0,2.405656,0.390437,-2.796094
smids/Normal_Sperm/Normal_Sperm (662).bmp,calib,0,2.423233,-1.010962,-1.412272
smids/Normal_Sperm/Normal_Sperm (665).bmp,calib,0,2.680781,-0.968970,-1.711813
smids/Normal_Sperm/Normal_Sperm (672).bmp,calib,0,2.100197,0.595373,-2.695572
smids/Normal_Sperm/Normal_Sperm (675).bmp,calib,0,3.074781,0.164309,-3.239090
smids/Normal_Sperm/Normal_Sperm (676).bmp,calib,0,3.427044,-0.079835,-3.347212
smids/Normal_Sperm/Normal_Sperm (68).bmp,calib,0,1.219743,-0.643124,-0.576619
smids/Normal_Sperm/Normal_Sperm (681).bmp,calib,0,1.991107,0.755050,-2.746160
smids/Normal_Sperm/Normal_Sperm (683).bmp,calib,0,3.917235,-0.763383,-3.153853
smids/Normal_Sperm/Normal_Sperm (693).bmp,calib,0,2.439441,-1.536517,-0.902925
smids/Normal_Sperm/Normal_Sperm (694).bmp,calib,0,1.132996,-0.737817,-0.395180
smids/Normal_Sperm/Normal_Sperm (698).bmp,calib,0,2.656599,-0.334812,-2.321786
smids/Normal_Sperm/Normal_Sperm (699).bmp,calib,0,1.553513,-0.127367,-1.426148
smids/Normal_Sperm/Normal_Sperm (7).bmp,calib,0,2.095901,-0.202510,-1.893391
smids/Normal_Sperm/Normal_Sperm (701).bmp,calib,0,2.723288,0.644467,-3.367757
smids/Normal_Sperm/Normal_Sperm (715).bmp,calib,0,-0.815458,0.245321,0.570134
smids/Normal_Sperm/Normal_Sperm (722).bmp,calib,0,3.010173,-0.580775,-2.429399
smids/Normal_Sperm/Normal_Sperm (730).bmp,calib,0,1.259381,-0.722052,-0.537331
smids/Normal_Sperm/Normal_Sperm (732).bmp,calib,0,2.833742,-0.796793,-2.036950
smids/Normal_Sperm/Normal_Sperm (74).bmp,calib,0,2.042043,0.704828,-2.746873
smids/Normal_Sperm/Normal_Sperm (763).bmp,calib,0,2.423764,-0.419070,-2.004696
smids/Normal_Sperm/Normal_Sperm (764).bmp,calib,0,0.907139,-0.593367,-0.313772
smids/Normal_Sperm/Normal_Sperm (765).bmp,calib,0,2.806566,0.067554,-2.874122
smids/Normal_Sperm/Normal_Sperm (772).bmp,calib,0,2.460243,-1.044852,-1.415392
smids/Normal_Sperm/Normal_Sperm (777).bmp,calib,0,1.833052,-0.962926,-0.870127
smids/Normal_Sperm/Normal_Sperm (780).bmp,calib,0,1.692604,-0.509267,-1.183338
smids/Normal_Sperm/Normal_Sperm (781).bmp,calib,0,3.525590,-0.641271,-2.884321
smids/Normal_Sperm/Normal_Sperm (783).bmp,calib,0,3.232405,-1.237009,-1.995396
smids/Normal_Sperm/Normal_Sperm (787).bmp,calib,0,2.616801,-1.166491,-1.450311
smids/Normal_Sperm/Normal_Sperm (790).bmp,calib,0,0.152403,0.005444,-0.157847
smids/Normal_Sperm/Normal_Sperm (794).bmp,calib,0,1.512230,-1.201598,-0.310633
smids/Normal_Sperm/Normal_Sperm (8).bmp,calib,0,0.175208,-1.353745,1.178535
smids/Normal_Sperm/Normal_Sperm (808).bmp,calib,0,0.953326,-0.488260,-0.465066
smids/Normal_Sperm/Normal_Sperm (819).bmp,calib,0,1.830261,-1.087070,-0.743192
smids/Normal_Sperm/Normal_Sperm (82).bmp,calib,0,2.007025,-0.113333,-1.893693
smids/Normal_Sperm/Normal_Sperm (835).bmp,calib,0,1.082428,-0.868164,-0.214265
smids/Normal_Sperm/Normal_Sperm (836).bmp,calib,0,1.164544,0.156014,-1.320560
smids/Normal_Sperm/Normal_Sperm (837).bmp,calib,0,1.519101,-0.130712,-1.388389
smids/Normal_Sperm/Normal_Sperm (84).bmp,calib,0,0.044679,0.513230,-0.557909
smids/Normal_Sperm/Normal_Sperm (845).bmp,calib,0,1.506294,-0.314722,-1.191575
smids/Normal_Sperm/Normal_Sperm (847).bmp,calib,0,2.745577,-0.257646,-2.487932
smids/Normal_Sperm/Normal_Sperm (85).bmp,calib,0,0.261588,-0.619909,0.358321
smids/Normal_Sperm/Normal_Sperm (860).bmp,calib,0,0.661292,1.053243,-1.714535
smids/Normal_Sperm/Normal_Sperm (866).bmp,calib,0,-0.585415,1.954443,-1.369031
smids/Normal_Sperm/Normal_Sperm (869).bmp,calib,0,2.956164,-0.006373,-2.949793
smids/Normal_Sperm/Normal_Sperm (876).bmp,calib,0,3.144794,-0.017069,-3.127726
smids/Normal_Sperm/Normal_Sperm (883).bmp,calib,0,1.835489,-0.175427,-1.660064
smids/Normal_Sperm/Normal_Sperm (910).bmp,calib,0,0.838794,1.730570,-2.569364
smids/Normal_Sperm/Normal_Sperm (914).bmp,calib,0,-0.568375,1.784616,-1.216243
smids/Normal_Sperm/Normal_Sperm (928).bmp,calib,0,0.155769,1.130166,-1.285937
smids/Normal_Sperm/Normal_Sperm (930).bmp,calib,0,-0.788780,-1.468021,2.256800
smids/Normal_Sperm/Normal_Sperm (953).bmp,calib,0,0.475765,1.327188,-1.802953
smids/Normal_Sperm/Normal_Sperm (960).bmp,calib,0,2.344730,0.392356,-2.737087
smids/Normal_Sperm/Normal_Sperm (970).bmp,calib,0,1.540255,0.748310,-2.288566
smids/Normal_Sperm/Normal_Sperm (98).bmp,calib,0,1.735508,-0.629814,-1.105694
smids/Normal_Sperm/Normal_Sperm (981).bmp,calib,0,0.704225,1.433654,-2.137881
smids/Normal_Sperm/Normal_Sperm (99).bmp,calib,0,2.136045,-0.301823,-1.834223
smids/Normal_Sperm/Normal_Sperm (991).bmp,calib,0,2.132422,-1.134946,-0.997478
smids/Normal_Sperm/Normal_Sperm (992).bmp,calib,0,1.778212,-0.924699,-0.853516
smids/Abnormal_Sperm/Abnormal_Sperm (105).bmp,test,1,0.294307,0.618633,-0.912940
smids/Abnormal_Sperm/Abnormal_Sperm (106).bmp,test,1,-1.117166,0.911180,0.205987
smids/Abnormal_Sperm/Abnormal_Sperm (11).bmp,test,1,0.535883,1.728120,-2.264003
smids/Abnormal_Sperm/Abnormal_Sperm (115).bmp,test,1,0.052497,0.638718,-0.691217
smids/Abnormal_Sperm/Abnormal_Sperm (117).bmp,test,1,-1.241679,1.836323,-0.594645
smids/Abnormal_Sperm/Abnormal_Sperm (118).bmp,test,1,-1.156650,3.054803,-1.898155
smids/Abnormal_Sperm/Abnormal_Sperm (122).bmp,test,1,0.702227,1.585447,-2.287675
smids/Abnormal_Sperm/Abnormal_Sperm (123).bmp,test,1,-1.815037,2.175904,-0.360867
smids/Abnormal_Sperm/Abnormal_Sperm (128).bmp,test,1,0.516374,1.371984,-1.888360
smids/Abnormal_Sperm/Abnormal_Sperm (138).bmp,test,1,-0.830688,0.789257,0.041429
smids/Abnormal_Sperm/Abnormal_Sperm (140).bmp,test,1,0.515010,1.733581,-2.248592
smids/Abnormal_Sperm/Abnormal_Sperm (146).bmp,test,1,0.074608,1.558538,-1.633148
smids/Abnormal_Sperm/Abnormal_Sperm (150).bmp,test,1,2.133624,1.448308,-3.581934
smids/Abnormal_Sperm/Abnormal_Sperm (154).bmp,test,1,0.174120,1.003551,-1.177673
smids/Abnormal_Sperm/Abnormal_Sperm (156).bmp,test,1,0.303653,1.414769,-1.718423
smids/Abnormal_Sperm/Abnormal_Sperm (159).bmp,test,1,0.093910,2.714423,-2.808332
smids/Abnormal_Sperm/Abnormal_Sperm (161).bmp,test,1,-0.593673,1.010301,-0.416630
smids/Abnormal_Sperm/Abnormal_Sperm (173).bmp,test,1,-0.907180,1.774123,-0.866943
smids/Abnormal_Sperm/Abnormal_Sperm (175).bmp,test,1,-0.417271,1.141943,-0.724674
smids/Abnormal_Sperm/Abnormal_Sperm (176).bmp,test,1,-0.084700,1.114420,-1.029722
smids/Abnormal_Sperm/Abnormal_Sperm (177).bmp,test,1,-0.371141,0.521962,-0.150822
smids/Abnormal_Sperm/Abnormal_Sperm (185).bmp,test,1,0.446394,1.134049,-1.580444
smids/Abnormal_Sperm/Abnormal_Sperm (19).bmp,test,1,-1.204653,2.259476,-1.054827
smids/Abnormal_Sperm/Abnormal_Sperm (2).bmp,test,1,-0.964664,0.700575,0.264087
smids/Abnormal_Sperm/Abnormal_Sperm (21).bmp,test,1,-2.686236,2.310656,0.375580
smids/Abnormal_Sperm/Abnormal_Sperm (22).bmp,test,1,-1.282288,-1.639858,2.922144
smids/Abnormal_Sperm/Abnormal_Sperm (220).bmp,test,1,0.705362,1.768832,-2.474193
smids/Abnormal_Sperm/Abnormal_Sperm (227).bmp,test,1,-0.434832,1.909031,-1.474201
smids/Abnormal_Sperm/Abnormal_Sperm (228).bmp,test,1,0.007169,-1.259026,1.251856
smids/Abnormal_Sperm/Abnormal_Sperm (238).bmp,test,1,-1.246246,1.518884,-0.272640
smids/Abnormal_Sperm/Abnormal_Sperm (244).bmp,test,1,-0.902150,2.113902,-1.211753
smids/Abnormal_Sperm/Abnormal_Sperm (247).bmp,test,1,-1.005189,1.516862,-0.511674
smids/Abnormal_Sperm/Abnormal_Sperm (26).bmp,test,1,0.156681,2.519551,-2.676235
smids/Abnormal_Sperm/Abnormal_Sperm (262).bmp,test,1,-0.571625,0.878388,-0.306765
smids/Abnormal_Sperm/Abnormal_Sperm (263).bmp,test,1,-1.242699,2.260458,-1.017759
smids/Abnormal_Sperm/Abnormal_Sperm (268).bmp,test,1,-0.101926,1.276967,-1.175043
smids/Abnormal_Sperm/Abnormal_Sperm (270).bmp,test,1,-0.014697,1.657795,-1.643099
smids/Abnormal_Sperm/Abnormal_Sperm (274).bmp,test,1,-1.930096,2.074886,-0.144791
smids/Abnormal_Sperm/Abnormal_Sperm (28).bmp,test,1,-0.193111,-0.098904,0.292014
smids/Abnormal_Sperm/Abnormal_Sperm (284).bmp,test,1,-1.330040,2.132393,-0.802353
smids/Abnormal_Sperm/Abnormal_Sperm (286).bmp,test,1,-0.257223,0.410113,-0.152889
smids/Abnormal_Sperm/Abnormal_Sperm (287).bmp,test,1,-0.744028,1.449832,-0.705805
smids/Abnormal_Sperm/Abnormal_Sperm (297).bmp,test,1,-0.441847,1.844564,-1.402718
smids/Abnormal_Sperm/Abnormal_Sperm (298).bmp,test,1,-0.775373,1.560638,-0.785267
smids/Abnormal_Sperm/Abnormal_Sperm (299).bmp,test,1,-0.930048,1.168147,-0.238101
smids/Abnormal_Sperm/Abnormal_Sperm (305).bmp,test,1,-2.137119,1.620254,0.516864
smids/Abnormal_Sperm/Abnormal_Sperm (308).bmp,test,1,1.121236,1.279306,-2.400544
smids/Abnormal_Sperm/Abnormal_Sperm (310).bmp,test,1,-2.921597,2.008561,0.913034
smids/Abnormal_Sperm/Abnormal_Sperm (312).bmp,test,1,-0.771354,-0.142266,0.913619
smids/Abnormal_Sperm/Abnormal_Sperm (33).bmp,test,1,2.174006,-0.029631,-2.144375
smids/Abnormal_Sperm/Abnormal_Sperm (339).bmp,test,1,1.182253,2.003020,-3.185274
smids/Abnormal_Sperm/Abnormal_Sperm (343).bmp,test,1,-0.229560,0.713636,-0.484078
smids/Abnormal_Sperm/Abnormal_Sperm (352).bmp,test,1,-0.428980,2.243907,-1.814927
smids/Abnormal_Sperm/Abnormal_Sperm (358).bmp,test,1,-0.898396,0.445194,0.453199
smids/Abnormal_Sperm/Abnormal_Sperm (376).bmp,test,1,-0.491851,1.598863,-1.107013
smids/Abnormal_Sperm/Abnormal_Sperm (383).bmp,test,1,-0.903014,1.506462,-0.603447
smids/Abnormal_Sperm/Abnormal_Sperm (386).bmp,test,1,-2.452986,0.609473,1.843512
smids/Abnormal_Sperm/Abnormal_Sperm (394).bmp,test,1,-1.677669,1.181834,0.495834
smids/Abnormal_Sperm/Abnormal_Sperm (397).bmp,test,1,-1.971596,1.811929,0.159668
smids/Abnormal_Sperm/Abnormal_Sperm (403).bmp,test,1,-0.031355,1.095257,-1.063903
smids/Abnormal_Sperm/Abnormal_Sperm (404).bmp,test,1,-1.341961,1.263191,0.078768
smids/Abnormal_Sperm/Abnormal_Sperm (407).bmp,test,1,0.757482,1.584326,-2.341810
smids/Abnormal_Sperm/Abnormal_Sperm (408).bmp,test,1,-0.699723,1.035265,-0.335544
smids/Abnormal_Sperm/Abnormal_Sperm (409).bmp,test,1,-0.479781,1.133253,-0.653472
smids/Abnormal_Sperm/Abnormal_Sperm (411).bmp,test,1,-2.009137,2.609571,-0.600434
smids/Abnormal_Sperm/Abnormal_Sperm (42).bmp,test,1,1.873100,1.436134,-3.309234
smids/Abnormal_Sperm/Abnormal_Sperm (426).bmp,test,1,-1.195818,1.509331,-0.313516
smids/Abnormal_Sperm/Abnormal_Sperm (433).bmp,test,1,-0.634998,2.179076,-1.544079
smids/Abnormal_Sperm/Abnormal_Sperm (435).bmp,test,1,0.033800,1.778379,-1.812180
smids/Abnormal_Sperm/Abnormal_Sperm (440).bmp,test,1,1.344158,1.727472,-3.071631
smids/Abnormal_Sperm/Abnormal_Sperm (441).bmp,test,1,-1.672251,2.503834,-0.831585
smids/Abnormal_Sperm/Abnormal_Sperm (444).bmp,test,1,-0.174251,2.210173,-2.035923
smids/Abnormal_Sperm/Abnormal_Sperm (461).bmp,test,1,-2.266340,2.063414,0.202925
smids/Abnormal_Sperm/Abnormal_Sperm (466).bmp,test,1,-0.380731,1.848040,-1.467310
smids/Abnormal_Sperm/Abnormal_Sperm (467).bmp,test,1,-1.490209,2.596899,-1.106691
smids/Abnormal_Sperm/Abnormal_Sperm (471).bmp,test,1,-0.277500,2.292078,-2.014578
smids/Abnormal_Sperm/Abnormal_Sperm (473).bmp,test,1,0.276036,1.620004,-1.896040
smids/Abnormal_Sperm/Abnormal_Sperm (480).bmp,test,1,0.549179,-0.182326,-0.366852
smids/Abnormal_Sperm/Abnormal_Sperm (491).bmp,test,1,-0.077280,2.791491,-2.714212
smids/Abnormal_Sperm/Abnormal_Sperm (494).bmp,test,1,-0.121757,0.423120,-0.301363
smids/Abnormal_Sperm/Abnormal_Sperm (495).bmp,test,1,0.350431,1.225531,-1.575963
smids/Abnormal_Sperm/Abnormal_Sperm (506).bmp,test,1,-0.899320,2.345160,-1.445842
smids/Abnormal_Sperm/Abnormal_Sperm (512).bmp,test,1,0.407987,-0.447607,0.039618
smids/Abnormal_Sperm/Abnormal_Sperm (515).bmp,test,1,-0.706014,0.867662,-0.161651
smids/Abnormal_Sperm/Abnormal_Sperm (517).bmp,test,1,-0.781877,2.084166,-1.302290
smids/Abnormal_Sperm/Abnormal_Sperm (522).bmp,test,1,-0.367829,-0.145135,0.512963
smids/Abnormal_Sperm/Abnormal_Sperm (523).bmp,test,1,-0.802757,1.447213,-0.644458
smids/Abnormal_Sperm/Abnormal_Sperm (530).bmp,test,1,-0.545192,1.102337,-0.557147
smids/Abnormal_Sperm/Abnormal_Sperm (531).bmp,test,1,1.803894,-0.267048,-1.536848
smids/Abnormal_Sperm/Abnormal_Sperm (533).bmp,test,1,1.678398,0.094553,-1.772951
smids/Abnormal_Sperm/Abnormal_Sperm (536).bmp,test,1,0.372009,1.616506,-1.988515
smids/Abnormal_Sperm/Abnormal_Sperm (537).bmp,test,1,1.710774,0.942112,-2.652888
smids/Abnormal_Sperm/Abnormal_Sperm (54).bmp,test,1,0.459485,1.423441,-1.882927
smids/Abnormal_Sperm/Abnormal_Sperm (540).bmp,test,1,-0.257675,2.118238,-1.860566
smids/Abnormal_Sperm/Abnormal_Sperm (549).bmp,test,1,1.530289,-0.519164,-1.011126
smids/Abnormal_Sperm/Abnormal_Sperm (553).bmp,test,1,0.076648,-1.238151,1.161501
smids/Abnormal_Sperm/Abnormal_Sperm (554).bmp,test,1,0.418210,0.413228,-0.831439
smids/Abnormal_Sperm/Abnormal_Sperm (557).bmp,test,1,1.942802,-0.715422,-1.227381
smids/Abnormal_Sperm/Abnormal_Sperm (56).bmp,test,1,-2.070899,2.065897,0.004999
smids/Abnormal_Sperm/Abnormal_Sperm (567).bmp,test,1,-0.565070,1.620479,-1.055410
smids/Abnormal_Sperm/Abnormal_Sperm (581).bmp,test,1,0.980719,0.441461,-1.422181
smids/Abnormal_Sperm/Abnormal_Sperm (582).bmp,test,1,-1.354371,2.097752,-0.743380
smids/Abnormal_Sperm/Abnormal_Sperm (586).bmp,test,1,-1.271018,1.356855,-0.085838
smids/Abnormal_Sperm/Abnormal_Sperm (59).bmp,test,1,-0.988906,0.858562,0.130343
smids/Abnormal_Sperm/Abnormal_Sperm (598).bmp,test,1,0.227692,1.448168,-1.675860
smids/Abnormal_Sperm/Abnormal_Sperm (599).bmp,test,1,-0.206940,1.242237,-1.035296
smids/Abnormal_Sperm/Abnormal_Sperm (6).bmp,test,1,-1.211277,1.474541,-0.263264
smids/Abnormal_Sperm/Abnormal_Sperm (601).bmp,test,1,0.503078,-0.893523,0.390444
smids/Abnormal_Sperm/Abnormal_Sperm (61).bmp,test,1,-2.281665,1.762736,0.518927
smids/Abnormal_Sperm/Abnormal_Sperm (612).bmp,test,1,1.979995,0.759573,-2.739569
smids/Abnormal_Sperm/Abnormal_Sperm (624).bmp,test,1,-2.033000,2.006132,0.026867
smids/Abnormal_Sperm/Abnormal_Sperm (640).bmp,test,1,0.466639,0.297467,-0.764107
smids/Abnormal_Sperm/Abnormal_Sperm (644).bmp,test,1,0.126075,1.075281,-1.201357
smids/Abnormal_Sperm/Abnormal_Sperm (645).bmp,test,1,-0.733936,1.719221,-0.985285
smids/Abnormal_Sperm/Abnormal_Sperm (646).bmp,test,1,-0.887020,2.306913,-1.419894
smids/Abnormal_Sperm/Abnormal_Sperm (647).bmp,test,1,1.228336,0.833397,-2.061735
smids/Abnormal_Sperm/Abnormal_Sperm (651).bmp,test,1,0.607681,0.599341,-1.207024
smids/Abnormal_Sperm/Abnormal_Sperm (652).bmp,test,1,1.170667,1.428176,-2.598846
smids/Abnormal_Sperm/Abnormal_Sperm (655).bmp,test,1,-0.006785,0.845964,-0.839179
smids/Abnormal_Sperm/Abnormal_Sperm (656).bmp,test,1,0.216048,1.109056,-1.325106
smids/Abnormal_Sperm/Abnormal_Sperm (658).bmp,test,1,-0.334192,1.284989,-0.950798
smids/Abnormal_Sperm/Abnormal_Sperm (666).bmp,test,1,-0.627023,0.460307,0.166715
smids/Abnormal_Sperm/Abnormal_Sperm (670).bmp,test,1,1.421615,-0.041246,-1.380370
smids/Abnormal_Sperm/Abnormal_Sperm (677).bmp,test,1,0.528305,0.388158,-0.916465
smids/Abnormal_Sperm/Abnormal_Sperm (682).bmp,test,1,-1.008034,0.638780,0.369253
smids/Abnormal_Sperm/Abnormal_Sperm (688).bmp,test,1,-0.991548,0.768686,0.222861
smids/Abnormal_Sperm/Abnormal_Sperm (691).bmp,test,1,-0.239660,1.320303,-1.080645
smids/Abnormal_Sperm/Abnormal_Sperm (692).bmp,test,1,-0.372246,2.037118,-1.664874
smids/Abnormal_Sperm/Abnormal_Sperm (698).bmp,test,1,0.335748,1.248999,-1.584748
smids/Abnormal_Sperm/Abnormal_Sperm (70).bmp,test,1,-0.585341,1.995925,-1.410586
smids/Abnormal_Sperm/Abnormal_Sperm (706).bmp,test,1,-1.587168,0.797506,0.789661
smids/Abnormal_Sperm/Abnormal_Sperm (716).bmp,test,1,-1.121026,0.919034,0.201992
smids/Abnormal_Sperm/Abnormal_Sperm (723).bmp,test,1,-0.179621,2.468696,-2.289076
smids/Abnormal_Sperm/Abnormal_Sperm (724).bmp,test,1,-0.222311,1.599776,-1.377467
smids/Abnormal_Sperm/Abnormal_Sperm (726).bmp,test,1,2.497551,-0.660862,-1.836690
smids/Abnormal_Sperm/Abnormal_Sperm (738).bmp,test,1,-1.721921,2.562035,-0.840116
smids/Abnormal_Sperm/Abnormal_Sperm (74).bmp,test,1,-1.075186,2.534106,-1.458923
smids/Abnormal_Sperm/Abnormal_Sperm (743).bmp,test,1,0.862378,1.613294,-2.475673
smids/Abnormal_Sperm/Abnormal_Sperm (749).bmp,test,1,-0.711873,1.735588,-1.023716
smids/Abnormal_Sperm/Abnormal_Sperm (755).bmp,test,1,0.804472,0.472641,-1.277114
smids/Abnormal_Sperm/Abnormal_Sperm (76).bmp,test,1,0.223492,0.534817,-0.758310
smids/Abnormal_Sperm/Abnormal_Sperm (762).bmp,test,1,-0.908579,1.323319,-0.414741
smids/Abnormal_Sperm/Abnormal_Sperm (766).bmp,test,1,-0.163894,0.982203,-0.818310
smids/Abnormal_Sperm/Abnormal_Sperm (768).bmp,test,1,1.122761,1.153247,-2.276010
smids/Abnormal_Sperm/Abnormal_Sperm (771).bmp,test,1,-2.499236,1.253384,1.245852
smids/Abnormal_Sperm/Abnormal_Sperm (778).bmp,test,1,-0.313621,1.846617,-1.532997
smids/Abnormal_Sperm/Abnormal_Sperm (788).bmp,test,1,-0.035628,1.136704,-1.101077
smids/Abnormal_Sperm/Abnormal_Sperm (792).bmp,test,1,-0.577016,0.944612,-0.367598
smids/Abnormal_Sperm/Abnormal_Sperm (793).bmp,test,1,-0.204733,0.264790,-0.060059
smids/Abnormal_Sperm/Abnormal_Sperm (796).bmp,test,1,1.646710,1.148433,-2.795144
smids/Abnormal_Sperm/Abnormal_Sperm (806).bmp,test,1,-1.148409,2.406776,-1.258368
smids/Abnormal_Sperm/Abnormal_Sperm (814).bmp,test,1,1.572928,1.594115,-3.167044
smids/Abnormal_Sperm/Abnormal_Sperm (820).bmp,test,1,1.240039,0.656454,-1.896494
smids/Abnormal_Sperm/Abnormal_Sperm (824).bmp,test,1,0.087220,0.802046,-0.889268
smids/Abnormal_Sperm/Abnormal_Sperm (832).bmp,test,1,0.573433,1.026517,-1.599951
smids/Abnormal_Sperm/Abnormal_Sperm (836).bmp,test,1,0.993757,0.619786,-1.613543
smids/Abnormal_Sperm/Abnormal_Sperm (84).bmp,test,1,-1.291505,2.547964,-1.256461
smids/Abnormal_Sperm/Abnormal_Sperm (842).bmp,test,1,1.310073,1.442217,-2.752292
smids/Abnormal_Sperm/Abnormal_Sperm (844).bmp,test,1,-1.191644,1.076635,0.115006
smids/Abnormal_Sperm/Abnormal_Sperm (846).bmp,test,1,0.306294,1.869185,-2.175481
smids/Abnormal_Sperm/Abnormal_Sperm (849).bmp,test,1,0.438180,1.002001,-1.440183
smids/Abnormal_Sperm/Abnormal_Sperm (850).bmp,test,1,-0.667592,1.436380,-0.768789
smids/Abnormal_Sperm/Abnormal_Sperm (853).bmp,test,1,-0.370332,0.965887,-0.595556
smids/Abnormal_Sperm/Abnormal_Sperm (854).bmp,test,1,1.960227,0.566573,-2.526802
smids/Abnormal_Sperm/Abnormal_Sperm (860).bmp,test,1,1.998805,0.616387,-2.615192
smids/Abnormal_Sperm/Abnormal_Sperm (864).bmp,test,1,1.989302,-0.970516,-1.018788
smids/Abnormal_Sperm/Abnormal_Sperm (868).bmp,test,1,0.459769,1.174857,-1.634627
smids/Abnormal_Sperm/Abnormal_Sperm (873).bmp,test,1,0.187715,1.339694,-1.527411
smids/Abnormal_Sperm/Abnormal_Sperm (884).bmp,test,1,0.986423,0.890906,-1.877331
smids/Abnormal_Sperm/Abnormal_Sperm (888).bmp,test,1,2.487922,0.791800,-3.279724
smids/Abnormal_Sperm/Abnormal_Sperm (900).bmp,test,1,-0.038850,2.245367,-2.206517
smids/Abnormal_Sperm/Abnormal_Sperm (902).bmp,test,1,-0.966231,0.693250,0.272978
smids/Abnormal_Sperm/Abnormal_Sperm (904).bmp,test,1,0.576904,1.019024,-1.595931
smids/Abnormal_Sperm/Abnormal_Sperm (906).bmp,test,1,1.163583,0.892381,-2.055966
smids/Abnormal_Sperm/Abnormal_Sperm (908).bmp,test,1,0.140708,1.777204,-1.917912
smids/Abnormal_Sperm/Abnormal_Sperm (909).bmp,test,1,0.901772,1.582479,-2.484252
smids/Abnormal_Sperm/Abnormal_Sperm (921).bmp,test,1,-0.655500,0.103063,0.552436
smids/Abnormal_Sperm/Abnormal_Sperm (924).bmp,test,1,-1.641422,2.024365,-0.382945
smids/Abnormal_Sperm/Abnormal_Sperm (925).bmp,test,1,0.113405,1.680218,-1.793625
smids/Abnormal_Sperm/Abnormal_Sperm (94).bmp,test,1,-1.534552,2.373307,-0.838758
smids/Abnormal_Sperm/Abnormal_Sperm (948).bmp,test,1,0.575781,1.144994,-1.720778
smids/Abnormal_Sperm/Abnormal_Sperm (951).bmp,test,1,-0.253569,-0.265732,0.519300
smids/Abnormal_Sperm/Abnormal_Sperm (952).bmp,test,1,1.839786,0.358681,-2.198469
smids/Abnormal_Sperm/Abnormal_Sperm (957).bmp,test,1,-2.211024,1.068280,1.142744
smids/Abnormal_Sperm/Abnormal_Sperm (96).bmp,test,1,-1.552335,2.012571,-0.460238
smids/Abnormal_Sperm/Abnormal_Sperm (965).bmp,test,1,-0.488327,1.220717,-0.732391
smids/Abnormal_Sperm/Abnormal_Sperm (971).bmp,test,1,-1.528830,1.486336,0.042492
smids/Abnormal_Sperm/Abnormal_Sperm (975).bmp,test,1,-0.918483,1.551996,-0.633514
smids/Abnormal_Sperm/Abnormal_Sperm (977).bmp,test,1,-0.760953,2.557640,-1.796687
smids/Abnormal_Sperm/Abnormal_Sperm (979).bmp,test,1,-0.004258,2.496931,-2.492675
smids/Abnormal_Sperm/Abnormal_Sperm (98).bmp,test,1,0.269376,2.521482,-2.790860
smids/Abnormal_Sperm/Abnormal_Sperm (983).bmp,test,1,-1.960799,1.792023,0.168776
smids/Abnormal_Sperm/Abnormal_Sperm (991).bmp,test,1,-1.383789,1.383416,0.000372
smids/Abnormal_Sperm/Abnormal_Sperm (994).bmp,test,1,0.121401,2.105787,-2.227190
smids/Non-Sperm/Non-Sperm (100).bmp,test,2,-1.679597,-0.274356,1.953951
smids/Non-Sperm/Non-Sperm (108).bmp,test,2,-2.503327,0.474025,2.029302
smids/Non-Sperm/Non-Sperm (127).bmp,test,2,-2.697047,0.169285,2.527761
smids/Non-Sperm/Non-Sperm (139).bmp,test,2,-2.509851,-0.407899,2.917750
smids/Non-Sperm/Non-Sperm (143).bmp,test,2,-2.003852,-1.206746,3.210599
smids/Non-Sperm/Non-Sperm (146).bmp,test,2,-1.815060,-1.219734,3.034795
smids/Non-Sperm/Non-Sperm (147).bmp,test,2,-1.674054,-2.171971,3.846025
smids/Non-Sperm/Non-Sperm (152).bmp,test,2,-1.354287,-2.322207,3.676494
smids/Non-Sperm/Non-Sperm (154).bmp,test,2,-1.981757,-2.228371,4.210129
smids/Non-Sperm/Non-Sperm (163).bmp,test,2,-0.316639,0.491665,-0.175028
smids/Non-Sperm/Non-Sperm (168).bmp,test,2,-1.668349,-1.357028,3.025378
smids/Non-Sperm/Non-Sperm (179).bmp,test,2,-1.279903,-2.226592,3.506494
smids/Non-Sperm/Non-Sperm (180).bmp,test,2,-1.250908,-2.227726,3.478634
smids/Non-Sperm/Non-Sperm (182).bmp,test,2,-1.352084,0.011258,1.340825
smids/Non-Sperm/Non-Sperm (186).bmp,test,2,-1.507319,-2.049849,3.557169
smids/Non-Sperm/Non-Sperm (187).bmp,test,2,-1.579347,-1.991209,3.570557
smids/Non-Sperm/Non-Sperm (188).bmp,test,2,-0.947001,-2.394252,3.341253
smids/Non-Sperm/Non-Sperm (192).bmp,test,2,-1.882974,-0.031438,1.914412
smids/Non-Sperm/Non-Sperm (2).bmp,test,2,-1.597151,1.262889,0.334259
smids/Non-Sperm/Non-Sperm (204).bmp,test,2,-0.012049,-1.200911,1.212961
smids/Non-Sperm/Non-Sperm (206).bmp,test,2,-1.791116,-2.031804,3.822921
smids/Non-Sperm/Non-Sperm (212).bmp,test,2,-1.552615,-1.156326,2.708941
smids/Non-Sperm/Non-Sperm (213).bmp,test,2,-1.691087,-2.082268,3.773355
smids/Non-Sperm/Non-Sperm (216).bmp,test,2,-1.444230,-1.064681,2.508912
smids/Non-Sperm/Non-Sperm (221).bmp,test,2,-1.493751,-0.537876,2.031628
smids/Non-Sperm/Non-Sperm (223).bmp,test,2,-2.094423,-0.681956,2.776379
smids/Non-Sperm/Non-Sperm (232).bmp,test,2,-1.441410,-2.115381,3.556790
smids/Non-Sperm/Non-Sperm (236).bmp,test,2,-1.934409,-0.712591,2.647000
smids/Non-Sperm/Non-Sperm (248).bmp,test,2,-1.930930,-2.219021,4.149950
smids/Non-Sperm/Non-Sperm (25).bmp,test,2,0.379969,-0.914221,0.534250
smids/Non-Sperm/Non-Sperm (256).bmp,test,2,-0.549690,-1.510677,2.060367
smids/Non-Sperm/Non-Sperm (257).bmp,test,2,-1.739293,-1.367497,3.106790
smids/Non-Sperm/Non-Sperm (261).bmp,test,2,-1.655346,-1.545398,3.200744
smids/Non-Sperm/Non-Sperm (263).bmp,test,2,-1.457436,-0.171904,1.629339
smids/Non-Sperm/Non-Sperm (264).bmp,test,2,-2.589025,-0.651936,3.240962
smids/Non-Sperm/Non-Sperm (265).bmp,test,2,-1.989316,-1.047246,3.036562
smids/Non-Sperm/Non-Sperm (270).bmp,test,2,-1.155942,-1.404599,2.560540
smids/Non-Sperm/Non-Sperm (271).bmp,test,2,-0.959501,-2.199791,3.159292
smids/Non-Sperm/Non-Sperm (274).bmp,test,2,-1.933656,-1.189128,3.122784
smids/Non-Sperm/Non-Sperm (276).bmp,test,2,-1.151171,-1.956062,3.107232
smids/Non-Sperm/Non-Sperm (278).bmp,test,2,-1.682558,-1.590133,3.272690
smids/Non-Sperm/Non-Sperm (280).bmp,test,2,-1.239633,-2.485347,3.724979
smids/Non-Sperm/Non-Sperm (284).bmp,test,2,-1.056056,-0.772470,1.828525
smids/Non-Sperm/Non-Sperm (29).bmp,test,2,-3.079855,0.956675,2.123180
smids/Non-Sperm/Non-Sperm (297).bmp,test,2,-2.116540,-1.349525,3.466067
smids/Non-Sperm/Non-Sperm (303).bmp,test,2,-1.249590,-1.642678,2.892267
smids/Non-Sperm/Non-Sperm (312).bmp,test,2,-1.511545,-1.673650,3.185194
smids/Non-Sperm/Non-Sperm (322).bmp,test,2,-1.642241,-2.282023,3.924263
smids/Non-Sperm/Non-Sperm (335).bmp,test,2,-0.875999,0.171067,0.704929
smids/Non-Sperm/Non-Sperm (336).bmp,test,2,-1.400295,-1.175284,2.575577
smids/Non-Sperm/Non-Sperm (341).bmp,test,2,-1.547923,1.265763,0.282158
smids/Non-Sperm/Non-Sperm (346).bmp,test,2,-1.729631,-2.457532,4.187161
smids/Non-Sperm/Non-Sperm (354).bmp,test,2,-1.894109,0.075961,1.818147
smids/Non-Sperm/Non-Sperm (356).bmp,test,2,-1.722277,-1.691748,3.414026
smids/Non-Sperm/Non-Sperm (358).bmp,test,2,-0.769735,0.127519,0.642215
smids/Non-Sperm/Non-Sperm (359).bmp,test,2,-2.334713,-1.707221,4.041933
smids/Non-Sperm/Non-Sperm (360).bmp,test,2,-0.633567,-1.026346,1.659913
smids/Non-Sperm/Non-Sperm (368).bmp,test,2,-3.507083,0.720170,2.786911
smids/Non-Sperm/Non-Sperm (372).bmp,test,2,-1.643437,-1.973589,3.617025
smids/Non-Sperm/Non-Sperm (376).bmp,test,2,-0.821839,-0.656462,1.478299
smids/Non-Sperm/Non-Sperm (379).bmp,test,2,-2.094955,0.338570,1.756384
smids/Non-Sperm/Non-Sperm (394).bmp,test,2,0.800287,-0.343753,-0.456536
smids/Non-Sperm/Non-Sperm (396).bmp,test,2,0.027584,1.109857,-1.137442
smids/Non-Sperm/Non-Sperm (397).bmp,test,2,-0.843341,-1.120473,1.963814
smids/Non-Sperm/Non-Sperm (398).bmp,test,2,1.508117,0.691408,-2.199527
smids/Non-Sperm/Non-Sperm (399).bmp,test,2,-1.882822,-0.850597,2.733421
smids/Non-Sperm/Non-Sperm (401).bmp,test,2,-0.131536,-0.904296,1.035830
smids/Non-Sperm/Non-Sperm (403).bmp,test,2,-0.297338,-0.768924,1.066260
smids/Non-Sperm/Non-Sperm (404).bmp,test,2,-1.324220,-0.098916,1.423133
smids/Non-Sperm/Non-Sperm (406).bmp,test,2,-0.914234,-0.744558,1.658791
smids/Non-Sperm/Non-Sperm (407).bmp,test,2,-2.064038,-0.929103,2.993142
smids/Non-Sperm/Non-Sperm (412).bmp,test,2,1.282589,-1.308763,0.026172
smids/Non-Sperm/Non-Sperm (413).bmp,test,2,-1.769812,0.540977,1.228833
smids/Non-Sperm/Non-Sperm (418).bmp,test,2,-2.481870,0.001332,2.480537
smids/Non-Sperm/Non-Sperm (419).bmp,test,2,-1.263074,-1.039853,2.302927
smids/Non-Sperm/Non-Sperm (422).bmp,test,2,-1.643192,-0.960352,2.603543
smids/Non-Sperm/Non-Sperm (423).bmp,test,2,-1.453272,-2.090155,3.543426
smids/Non-Sperm/Non-Sperm (426).bmp,test,2,0.229608,-0.472274,0.242665
smids/Non-Sperm/Non-Sperm (429).bmp,test,2,-2.080461,-1.042711,3.123172
smids/Non-Sperm/Non-Sperm (43).bmp,test,2,-1.511208,0.421966,1.089242
smids/Non-Sperm/Non-Sperm (430).bmp,test,2,-1.143154,-1.939738,3.082891
smids/Non-Sperm/Non-Sperm (434).bmp,test,2,-2.004170,1.464650,0.539519
smids/Non-Sperm/Non-Sperm (439).bmp,test,2,-1.148923,-2.176450,3.325372
smids/Non-Sperm/Non-Sperm (440).bmp,test,2,0.441337,-0.708878,0.267540
smids/Non-Sperm/Non-Sperm (447).bmp,test,2,-1.121313,-1.121452,2.242763
smids/Non-Sperm/Non-Sperm (450).bmp,test,2,-1.861629,-0.109778,1.971406
smids/Non-Sperm/Non-Sperm (458).bmp,test,2,-1.027112,-1.978491,3.005604
smids/Non-Sperm/Non-Sperm (463).bmp,test,2,-0.999079,0.128875,0.870203
smids/Non-Sperm/Non-Sperm (476).bmp,test,2,-1.801067,-0.993558,2.794623
smids/Non-Sperm/Non-Sperm (48).bmp,test,2,-2.572425,1.360153,1.212271
smids/Non-Sperm/Non-Sperm (482).bmp,test,2,-1.915789,-1.822485,3.738273
smids/Non-Sperm/Non-Sperm (483).bmp,test,2,-1.237628,-0.483766,1.721394
smids/Non-Sperm/Non-Sperm (491).bmp,test,2,-0.848626,-1.640522,2.489148
smids/Non-Sperm/Non-Sperm (493).bmp,test,2,-1.448266,-2.376132,3.824398
smids/Non-Sperm/Non-Sperm (497).bmp,test,2,-1.070844,-1.163264,2.234106
smids/Non-Sperm/Non-Sperm (504).bmp,test,2,-1.552766,-1.127289,2.680054
smids/Non-Sperm/Non-Sperm (51).bmp,test,2,-1.295498,-1.116389,2.411887
smids/Non-Sperm/Non-Sperm (510).bmp,test,2,-0.847420,-1.877830,2.725249
smids/Non-Sperm/Non-Sperm (512).bmp,test,2,-1.240538,-2.574725,3.815264
smids/Non-Sperm/Non-Sperm (515).bmp,test,2,-2.497132,-0.756136,3.253267
smids/Non-Sperm/Non-Sperm (516).bmp,test,2,-1.635101,0.785262,0.849836
smids/Non-Sperm/Non-Sperm (517).bmp,test,2,-1.844106,-0.880723,2.724830
smids/Non-Sperm/Non-Sperm (518).bmp,test,2,-2.208847,-2.019242,4.228089
smids/Non-Sperm/Non-Sperm (522).bmp,test,2,-0.878942,0.808781,0.070160
smids/Non-Sperm/Non-Sperm (527).bmp,test,2,-2.184137,-0.623705,2.807842
smids/Non-Sperm/Non-Sperm (528).bmp,test,2,-2.147748,1.208488,0.939260
smids/Non-Sperm/Non-Sperm (53).bmp,test,2,-2.335225,1.865440,0.469784
smids/Non-Sperm/Non-Sperm (544).bmp,test,2,-1.069179,-1.782221,2.851399
smids/Non-Sperm/Non-Sperm (546).bmp,test,2,-2.655494,0.306717,2.348775
smids/Non-Sperm/Non-Sperm (564).bmp,test,2,-3.514930,0.978824,2.536104
smids/Non-Sperm/Non-Sperm (57).bmp,test,2,-1.829146,0.159593,1.669554
smids/Non-Sperm/Non-Sperm (572).bmp,test,2,-0.750492,-0.258118,1.008608
smids/Non-Sperm/Non-Sperm (582).bmp,test,2,-1.510067,-1.805268,3.315334
smids/Non-Sperm/Non-Sperm (583).bmp,test,2,-1.699498,1.211927,0.487569
smids/Non-Sperm/Non-Sperm (585).bmp,test,2,-1.133032,-0.663261,1.796294
smids/Non-Sperm/Non-Sperm (59).bmp,test,2,-0.845183,2.527202,-1.682021
smids/Non-Sperm/Non-Sperm (593).bmp,test,2,-2.113884,0.439524,1.674360
smids/Non-Sperm/Non-Sperm (594).bmp,test,2,-1.263697,-1.426426,2.690123
smids/Non-Sperm/Non-Sperm (60).bmp,test,2,0.350977,1.967496,-2.318474
smids/Non-Sperm/Non-Sperm (605).bmp,test,2,-1.163518,-0.710094,1.873612
smids/Non-Sperm/Non-Sperm (608).bmp,test,2,-1.947542,-0.283701,2.231243
smids/Non-Sperm/Non-Sperm (609).bmp,test,2,-1.040544,-0.463417,1.503960
smids/Non-Sperm/Non-Sperm (618).bmp,test,2,-2.195077,-1.297096,3.492172
smids/Non-Sperm/Non-Sperm (622).bmp,test,2,-1.084576,-2.453814,3.538390
smids/Non-Sperm/Non-Sperm (623).bmp,test,2,-1.740169,-2.018457,3.758628
smids/Non-Sperm/Non-Sperm (628).bmp,test,2,-1.335096,-0.639016,1.974110
smids/Non-Sperm/Non-Sperm (629).bmp,test,2,-1.164531,-1.603177,2.767707
smids/Non-Sperm/Non-Sperm (630).bmp,test,2,-2.091709,-1.451348,3.543057
smids/Non-Sperm/Non-Sperm (633).bmp,test,2,-2.017332,-1.697577,3.714908
smids/Non-Sperm/Non-Sperm (643).bmp,test,2,-1.813029,-1.234502,3.047531
smids/Non-Sperm/Non-Sperm (646).bmp,test,2,-1.854567,-0.334045,2.188611
smids/Non-Sperm/Non-Sperm (660).bmp,test,2,-1.898323,0.325533,1.572791
smids/Non-Sperm/Non-Sperm (670).bmp,test,2,-0.474205,-0.256843,0.731047
smids/Non-Sperm/Non-Sperm (672).bmp,test,2,-1.512789,-1.203300,2.716088
smids/Non-Sperm/Non-Sperm (674).bmp,test,2,-1.671876,0.083423,1.588451
smids/Non-Sperm/Non-Sperm (681).bmp,test,2,-1.400411,-1.487730,2.888141
smids/Non-Sperm/Non-Sperm (683).bmp,test,2,-1.946463,-1.523020,3.469484
smids/Non-Sperm/Non-Sperm (687).bmp,test,2,-1.148266,-1.180624,2.328891
smids/Non-Sperm/Non-Sperm (703).bmp,test,2,-1.792463,-1.614434,3.406898
smids/Non-Sperm/Non-Sperm (707).bmp,test,2,-1.728068,-1.834913,3.562981
smids/Non-Sperm/Non-Sperm (71).bmp,test,2,-2.253067,1.444597,0.808469
smids/Non-Sperm/Non-Sperm (72).bmp,test,2,-1.802055,0.478969,1.323083
smids/Non-Sperm/Non-Sperm (726).bmp,test,2,-1.721055,-1.940661,3.661717
smids/Non-Sperm/Non-Sperm (728).bmp,test,2,-1.316108,-2.253012,3.569120
smids/Non-Sperm/Non-Sperm (730).bmp,test,2,-0.042245,-0.761975,0.804217
smids/Non-Sperm/Non-Sperm (737).bmp,test,2,-1.744057,0.406410,1.337646
smids/Non-Sperm/Non-Sperm (739).bmp,test,2,-0.771884,-1.825664,2.597547
smids/Non-Sperm/Non-Sperm (741).bmp,test,2,-0.891017,-2.581570,3.472587
smids/Non-Sperm/Non-Sperm (753).bmp,test,2,1.303260,0.284239,-1.587501
smids/Non-Sperm/Non-Sperm (763).bmp,test,2,-1.872296,-0.735008,2.607304
smids/Non-Sperm/Non-Sperm (765).bmp,test,2,-1.197330,-1.201972,2.399301
smids/Non-Sperm/Non-Sperm (768).bmp,test,2,-0.990691,-2.282780,3.273471
smids/Non-Sperm/Non-Sperm (776).bmp,test,2,-1.593570,-1.735976,3.329546
smids/Non-Sperm/Non-Sperm (777).bmp,test,2,-0.651748,-1.780333,2.432081
smids/Non-Sperm/Non-Sperm (782).bmp,test,2,-1.035370,-1.675942,2.711312
smids/Non-Sperm/Non-Sperm (785).bmp,test,2,-1.183335,-2.365914,3.549248
smids/Non-Sperm/Non-Sperm (786).bmp,test,2,0.440557,-2.101377,1.660820
smids/Non-Sperm/Non-Sperm (793).bmp,test,2,-0.857332,-2.065297,2.922630
smids/Non-Sperm/Non-Sperm (797).bmp,test,2,-1.002516,-2.381593,3.384108
smids/Non-Sperm/Non-Sperm (800).bmp,test,2,-1.321037,-1.358306,2.679342
smids/Non-Sperm/Non-Sperm (801).bmp,test,2,-0.692535,-1.677711,2.370246
smids/Non-Sperm/Non-Sperm (805).bmp,test,2,-1.493092,-2.019588,3.512680
smids/Non-Sperm/Non-Sperm (818).bmp,test,2,-1.457847,-2.251863,3.709710
smids/Non-Sperm/Non-Sperm (82).bmp,test,2,-1.672840,-1.712415,3.385256
smids/Non-Sperm/Non-Sperm (820).bmp,test,2,-0.549536,-0.227319,0.776854
smids/Non-Sperm/Non-Sperm (83).bmp,test,2,-1.825155,-0.901044,2.726199
smids/Non-Sperm/Non-Sperm (833).bmp,test,2,-1.354916,-0.918533,2.273449
smids/Non-Sperm/Non-Sperm (835).bmp,test,2,-1.954878,-1.915176,3.870055
smids/Non-Sperm/Non-Sperm (846).bmp,test,2,-1.120744,-0.302528,1.423271
smids/Non-Sperm/Non-Sperm (851).bmp,test,2,-0.838118,-1.583590,2.421708
smids/Non-Sperm/Non-Sperm (853).bmp,test,2,-1.844114,-1.652066,3.496180
smids/Non-Sperm/Non-Sperm (854).bmp,test,2,0.303734,0.622499,-0.926233
smids/Non-Sperm/Non-Sperm (864).bmp,test,2,-2.101839,-0.664549,2.766387
smids/Non-Sperm/Non-Sperm (867).bmp,test,2,-2.006557,-0.146890,2.153448
smids/Non-Sperm/Non-Sperm (87).bmp,test,2,-0.214828,-0.227918,0.442744
smids/Non-Sperm/Non-Sperm (873).bmp,test,2,-0.302566,-0.965767,1.268331
smids/Non-Sperm/Non-Sperm (892).bmp,test,2,-0.011206,-0.035836,0.047040
smids/Non-Sperm/Non-Sperm (893).bmp,test,2,-0.225656,-0.951696,1.177352
smids/Non-Sperm/Non-Sperm (897).bmp,test,2,-1.313081,0.302061,1.011018
smids/Non-Sperm/Non-Sperm (9).bmp,test,2,-2.074926,0.839747,1.235179
smids/Non-Sperm/Non-Sperm (90).bmp,test,2,-1.435772,-1.199408,2.635180
smids/Non-Sperm/Non-Sperm (901).bmp,test,2,-1.912446,1.214929,0.697515
smids/Non-Sperm/Non-Sperm (907).bmp,test,2,-2.145227,0.944467,1.200759
smids/Non-Sperm/Non-Sperm (909).bmp,test,2,0.677272,-1.102858,0.425584
smids/Non-Sperm/Non-Sperm (913).bmp,test,2,-1.673656,-1.848982,3.522638
smids/Non-Sperm/Non-Sperm (92).bmp,test,2,-2.445265,-0.076831,2.522094
smids/Non-Sperm/Non-Sperm (921).bmp,test,2,-1.601612,-1.120034,2.721646
smids/Non-Sperm/Non-Sperm (933).bmp,test,2,-0.252369,-0.210787,0.463154
smids/Non-Sperm/Non-Sperm (942).bmp,test,2,-0.672594,0.340202,0.332392
smids/Non-Sperm/Non-Sperm (956).bmp,test,2,-1.474425,-0.994330,2.468756
smids/Non-Sperm/Non-Sperm (959).bmp,test,2,-0.503376,0.259080,0.244295
smids/Non-Sperm/Non-Sperm (963).bmp,test,2,-2.547851,1.580791,0.967060
smids/Non-Sperm/Non-Sperm (964).bmp,test,2,-2.283204,1.050629,1.232572
smids/Non-Sperm/Non-Sperm (965).bmp,test,2,-2.062348,1.246518,0.815828
smids/Non-Sperm/Non-Sperm (972).bmp,test,2,-1.506181,0.306807,1.199372
smids/Normal_Sperm/Normal_Sperm (1).bmp,test,0,2.430197,-0.227607,-2.202592
smids/Normal_Sperm/Normal_Sperm (1000).bmp,test,0,1.414181,0.457921,-1.872103
smids/Normal_Sperm/Normal_Sperm (1008).bmp,test,0,1.019871,-1.293783,0.273912
smids/Normal_Sperm/Normal_Sperm (1014).bmp,test,0,0.990335,0.634034,-1.624370
smids/Normal_Sperm/Normal_Sperm (1019).bmp,test,0,0.478891,0.442562,-0.921455
smids/Normal_Sperm/Normal_Sperm (102).bmp,test,0,0.619952,-0.765322,0.145370
smids/Normal_Sperm/Normal_Sperm (105).bmp,test,0,1.469311,-1.114313,-0.355000
smids/Normal_Sperm/Normal_Sperm (116).bmp,test,0,1.583422,0.413569,-1.996993
smids/Normal_Sperm/Normal_Sperm (120).bmp,test,0,0.404395,0.894652,-1.299047
smids/Normal_Sperm/Normal_Sperm (123).bmp,test,0,2.449663,0.266052,-2.715715
smids/Normal_Sperm/Normal_Sperm (134).bmp,test,0,-0.856179,0.999228,-0.143050
smids/Normal_Sperm/Normal_Sperm (144).bmp,test,0,2.160328,0.075661,-2.235991
smids/Normal_Sperm/Normal_Sperm (146).bmp,test,0,2.647082,-0.103423,-2.543659
smids/Normal_Sperm/Normal_Sperm (148).bmp,test,0,1.378838,0.980313,-2.359150
smids/Normal_Sperm/Normal_Sperm (15).bmp,test,0,1.826666,1.350178,-3.176845
smids/Normal_Sperm/Normal_Sperm (150).bmp,test,0,1.408499,1.344534,-2.753034
smids/Normal_Sperm/Normal_Sperm (152).bmp,test,0,0.320780,0.446326,-0.767106
smids/Normal_Sperm/Normal_Sperm (173).bmp,test,0,0.593728,0.462483,-1.056211
smids/Normal_Sperm/Normal_Sperm (184).bmp,test,0,2.501554,-0.199003,-2.302552
smids/Normal_Sperm/Normal_Sperm (186).bmp,test,0,0.389074,-0.163512,-0.225562
smids/Normal_Sperm/Normal_Sperm (187).bmp,test,0,1.298677,0.378899,-1.677578
smids/Normal_Sperm/Normal_Sperm (191).bmp,test,0,1.639931,-0.429829,-1.210104
smids/Normal_Sperm/Normal_Sperm (192).bmp,test,0,0.232148,0.427489,-0.659639
smids/Normal_Sperm/Normal_Sperm (198).bmp,test,0,2.422495,-0.574216,-1.848279
smids/Normal_Sperm/Normal_Sperm (199).bmp,test,0,2.552895,-0.617167,-1.935729
smids/Normal_Sperm/Normal_Sperm (202).bmp,test,0,1.855798,-0.422095,-1.433705
smids/Normal_Sperm/Normal_Sperm (206).bmp,test,0,1.806173,-0.193179,-1.612995
smids/Normal_Sperm/Normal_Sperm (218).bmp,test,0,0.829565,-1.465058,0.635493
smids/Normal_Sperm/Normal_Sperm (225).bmp,test,0,-0.260849,0.804374,-0.543526
smids/Normal_Sperm/Normal_Sperm (231).bmp,test,0,0.976689,-0.069765,-0.906925
smids/Normal_Sperm/Normal_Sperm (234).bmp,test,0,1.931687,-0.756851,-1.174837
smids/Normal_Sperm/Normal_Sperm (235).bmp,test,0,1.626876,0.308783,-1.935661
smids/Normal_Sperm/Normal_Sperm (240).bmp,test,0,1.782215,-0.793287,-0.988930
smids/Normal_Sperm/Normal_Sperm (242).bmp,test,0,1.645977,0.747543,-2.393521
smids/Normal_Sperm/Normal_Sperm (244).bmp,test,0,1.229635,0.576524,-1.806161
smids/Normal_Sperm/Normal_Sperm (250).bmp,test,0,1.058055,0.538785,-1.596843
smids/Normal_Sperm/Normal_Sperm (257).bmp,test,0,0.452978,0.301534,-0.754514
smids/Normal_Sperm/Normal_Sperm (259).bmp,test,0,2.953241,-0.577027,-2.376216
smids/Normal_Sperm/Normal_Sperm (26).bmp,test,0,1.974607,-1.166120,-0.808488
smids/Normal_Sperm/Normal_Sperm (260).bmp,test,0,2.609481,-1.323472,-1.286012
smids/Normal_Sperm/Normal_Sperm (262).bmp,test,0,0.979339,0.605173,-1.584513
smids/Normal_Sperm/Normal_Sperm (270).bmp,test,0,0.792019,0.145201,-0.937221
smids/Normal_Sperm/Normal_Sperm (271).bmp,test,0,1.924361,-1.072037,-0.852326
smids/Normal_Sperm/Normal_Sperm (272).bmp,test,0,2.506780,-0.900932,-1.605850
smids/Normal_Sperm/Normal_Sperm (273).bmp,test,0,1.619916,-1.169106,-0.450812
smids/Normal_Sperm/Normal_Sperm (281).bmp,test,0,2.629889,-0.258029,-2.371861
smids/Normal_Sperm/Normal_Sperm (282).bmp,test,0,1.737575,-0.147502,-1.590075
smids/Normal_Sperm/Normal_Sperm (284).bmp,test,0,2.174336,0.834921,-3.009257
smids/Normal_Sperm/Normal_Sperm (289).bmp,test,0,3.082388,-0.896099,-2.186292
smids/Normal_Sperm/Normal_Sperm (299).bmp,test,0,1.194854,0.630720,-1.825575
smids/Normal_Sperm/Normal_Sperm (300).bmp,test,0,1.145538,0.299827,-1.445367
smids/Normal_Sperm/Normal_Sperm (307).bmp,test,0,2.474525,0.501676,-2.976202
smids/Normal_Sperm/Normal_Sperm (308).bmp,test,0,1.095789,-0.538997,-0.556794
smids/Normal_Sperm/Normal_Sperm (313).bmp,test,0,2.270035,-1.175956,-1.094079
smids/Normal_Sperm/Normal_Sperm (319).bmp,test,0,1.743174,0.915599,-2.658774
smids/Normal_Sperm/Normal_Sperm (331).bmp,test,0,2.080884,-0.326416,-1.754470
smids/Normal_Sperm/Normal_Sperm (337).bmp,test,0,0.654955,0.661521,-1.316478
smids/Normal_Sperm/Normal_Sperm (339).bmp,test,0,0.294466,-0.265221,-0.029246
smids/Normal_Sperm/Normal_Sperm (35).bmp,test,0,0.612573,-0.833485,0.220910
smids/Normal_Sperm/Normal_Sperm (350).bmp,test,0,1.363248,0.937927,-2.301176
smids/Normal_Sperm/Normal_Sperm (353).bmp,test,0,0.544477,0.905565,-1.450044
smids/Normal_Sperm/Normal_Sperm (356).bmp,test,0,2.724427,0.358730,-3.083158
smids/Normal_Sperm/Normal_Sperm (357).bmp,test,0,1.701018,-0.486285,-1.214734
smids/Normal_Sperm/Normal_Sperm (359).bmp,test,0,1.877421,0.675972,-2.553395
smids/Normal_Sperm/Normal_Sperm (364).bmp,test,0,2.156836,-0.439790,-1.717048
smids/Normal_Sperm/Normal_Sperm (368).bmp,test,0,0.281916,0.007130,-0.289048
smids/Normal_Sperm/Normal_Sperm (372).bmp,test,0,0.175514,0.301104,-0.476618
smids/Normal_Sperm/Normal_Sperm (373).bmp,test,0,2.131983,-0.117691,-2.014295
smids/Normal_Sperm/Normal_Sperm (375).bmp,test,0,1.922308,-0.205019,-1.717291
smids/Normal_Sperm/Normal_Sperm (377).bmp,test,0,1.582856,-0.581085,-1.001772
smids/Normal_Sperm/Normal_Sperm (382).bmp,test,0,2.059014,-1.072940,-0.986075
smids/Normal_Sperm/Normal_Sperm (383).bmp,test,0,1.262816,0.937981,-2.200799
smids/Normal_Sperm/Normal_Sperm (389).bmp,test,0,0.653746,0.263368,-0.917114
smids/Normal_Sperm/Normal_Sperm (391).bmp,test,0,1.142779,0.215752,-1.358532
smids/Normal_Sperm/Normal_Sperm (394).bmp,test,0,2.963434,0.173504,-3.136938
smids/Normal_Sperm/Normal_Sperm (396).bmp,test,0,2.751809,-0.855240,-1.896570
smids/Normal_Sperm/Normal_Sperm (399).bmp,test,0,2.992852,0.290936,-3.283789
smids/Normal_Sperm/Normal_Sperm (404).bmp,test,0,1.566847,0.572953,-2.139802
smids/Normal_Sperm/Normal_Sperm (407).bmp,test,0,1.977175,0.015910,-1.993084
smids/Normal_Sperm/Normal_Sperm (409).bmp,test,0,2.608780,-0.549458,-2.059323
smids/Normal_Sperm/Normal_Sperm (41).bmp,test,0,-0.321516,-1.537005,1.858521
smids/Normal_Sperm/Normal_Sperm (410).bmp,test,0,0.503685,0.782517,-1.286203
smids/Normal_Sperm/Normal_Sperm (418).bmp,test,0,2.469420,0.923410,-3.392831
smids/Normal_Sperm/Normal_Sperm (425).bmp,test,0,3.105463,0.337403,-3.442868
smids/Normal_Sperm/Normal_Sperm (433).bmp,test,0,2.119583,-0.641070,-1.478515
smids/Normal_Sperm/Normal_Sperm (45).bmp,test,0,1.185468,-0.247992,-0.937477
smids/Normal_Sperm/Normal_Sperm (452).bmp,test,0,1.971777,-0.218621,-1.753158
smids/Normal_Sperm/Normal_Sperm (456).bmp,test,0,1.509545,1.116536,-2.626084
smids/Normal_Sperm/Normal_Sperm (458).bmp,test,0,1.557535,-0.842938,-0.714599
smids/Normal_Sperm/Normal_Sperm (46).bmp,test,0,0.934920,0.296131,-1.231052
smids/Normal_Sperm/Normal_Sperm (469).bmp,test,0,1.907169,0.590764,-2.497936
smids/Normal_Sperm/Normal_Sperm (474).bmp,test,0,1.951233,0.077269,-2.028504
smids/Normal_Sperm/Normal_Sperm (495).bmp,test,0,3.429112,-0.465659,-2.963455
smids/Normal_Sperm/Normal_Sperm (498).bmp,test,0,1.973216,-0.320988,-1.652231
smids/Normal_Sperm/Normal_Sperm (50).bmp,test,0,0.570494,-0.505734,-0.064760
smids/Normal_Sperm/Normal_Sperm (502).bmp,test,0,2.777706,-1.105083,-1.672625
smids/Normal_Sperm/Normal_Sperm (503).bmp,test,0,2.260266,0.754896,-3.015163
smids/Normal_Sperm/Normal_Sperm (513).bmp,test,0,1.533307,0.597698,-2.131007
smids/Normal_Sperm/Normal_Sperm (52).bmp,test,0,2.301671,-1.489808,-0.811863
smids/Normal_Sperm/Normal_Sperm (534).bmp,test,0,0.358529,-0.839461,0.480931
smids/Normal_Sperm/Normal_Sperm (536).bmp,test,0,1.608789,-0.593532,-1.015259
smids/Normal_Sperm/Normal_Sperm (539).bmp,test,0,2.462525,0.682555,-3.145082
smids/Normal_Sperm/Normal_Sperm (543).bmp,test,0,1.864337,0.746153,-2.610492
smids/Normal_Sperm/Normal_Sperm (552).bmp,test,0,1.772176,-0.971917,-0.800260
smids/Normal_Sperm/Normal_Sperm (556).bmp,test,0,1.463723,-0.261878,-1.201849
smids/Normal_Sperm/Normal_Sperm (56).bmp,test,0,0.972070,-1.646222,0.674151
smids/Normal_Sperm/Normal_Sperm (566).bmp,test,0,3.998847,-0.932869,-3.065981
smids/Normal_Sperm/Normal_Sperm (567).bmp,test,0,3.376241,-0.468867,-2.907375
smids/Normal_Sperm/Normal_Sperm (57).bmp,test,0,2.950383,1.064583,-4.014969
smids/Normal_Sperm/Normal_Sperm (583).bmp,test,0,1.871246,-0.697107,-1.174141
smids/Normal_Sperm/Normal_Sperm (587).bmp,test,0,1.057989,0.609436,-1.667427
smids/Normal_Sperm/Normal_Sperm (590).bmp,test,0,2.602539,-0.607423,-1.995117
smids/Normal_Sperm/Normal_Sperm (592).bmp,test,0,2.239378,0.107896,-2.347275
smids/Normal_Sperm/Normal_Sperm (595).bmp,test,0,2.657339,-0.420445,-2.236894
smids/Normal_Sperm/Normal_Sperm (599).bmp,test,0,2.072747,0.007807,-2.080556
smids/Normal_Sperm/Normal_Sperm (601).bmp,test,0,1.978233,-0.143527,-1.834707
smids/Normal_Sperm/Normal_Sperm (607).bmp,test,0,2.343653,-0.476683,-1.866972
smids/Normal_Sperm/Normal_Sperm (610).bmp,test,0,3.149706,-1.060891,-2.088817
smids/Normal_Sperm/Normal_Sperm (611).bmp,test,0,2.849488,-0.519484,-2.330005
smids/Normal_Sperm/Normal_Sperm (62).bmp,test,0,-0.890425,2.034334,-1.143911
smids/Normal_Sperm/Normal_Sperm (620).bmp,test,0,2.626308,-0.683017,-1.943293
smids/Normal_Sperm/Normal_Sperm (621).bmp,test,0,2.098764,0.827234,-2.925999
smids/Normal_Sperm/Normal_Sperm (629).bmp,test,0,3.043574,-0.200515,-2.843060
smids/Normal_Sperm/Normal_Sperm (63).bmp,test,0,0.621418,0.761619,-1.383040
smids/Normal_Sperm/Normal_Sperm (631).bmp,test,0,2.086354,1.003529,-3.089883
smids/Normal_Sperm/Normal_Sperm (641).bmp,test,0,2.487058,-0.475449,-2.011610
smids/Normal_Sperm/Normal_Sperm (646).bmp,test,0,1.990137,0.175379,-2.165516
smids/Normal_Sperm/Normal_Sperm (661).bmp,test,0,1.922633,0.108822,-2.031456
smids/Normal_Sperm/Normal_Sperm (664).bmp,test,0,1.249809,-0.115714,-1.134097
smids/Normal_Sperm/Normal_Sperm (669).bmp,test,0,1.879398,0.494971,-2.374371
smids/Normal_Sperm/Normal_Sperm (67).bmp,test,0,1.819140,0.022113,-1.841254
smids/Normal_Sperm/Normal_Sperm (674).bmp,test,0,3.494099,-1.054365,-2.439735
smids/Normal_Sperm/Normal_Sperm (682).bmp,test,0,2.548085,-0.361654,-2.186431
smids/Normal_Sperm/Normal_Sperm (687).bmp,test,0,3.586390,-1.797510,-1.788882
smids/Normal_Sperm/Normal_Sperm (695).bmp,test,0,2.584630,-0.092156,-2.492476
smids/Normal_Sperm/Normal_Sperm (70).bmp,test,0,1.696511,-0.753554,-0.942959
smids/Normal_Sperm/Normal_Sperm (703).bmp,test,0,1.721840,0.614344,-2.336185
smids/Normal_Sperm/Normal_Sperm (711).bmp,test,0,2.765796,-0.021006,-2.744791
smids/Normal_Sperm/Normal_Sperm (712).bmp,test,0,1.339385,-0.384625,-0.954762
smids/Normal_Sperm/Normal_Sperm (716).bmp,test,0,-0.084115,1.355992,-1.271878
smids/Normal_Sperm/Normal_Sperm (719).bmp,test,0,2.652763,-1.288165,-1.364598
smids/Normal_Sperm/Normal_Sperm (726).bmp,test,0,2.592761,-0.374156,-2.218607
smids/Normal_Sperm/Normal_Sperm (727).bmp,test,0,2.303189,-1.006696,-1.296494
smids/Normal_Sperm/Normal_Sperm (729).bmp,test,0,2.940187,-1.498621,-1.441567
smids/Normal_Sperm/Normal_Sperm (733).bmp,test,0,1.921938,-0.860780,-1.061158
smids/Normal_Sperm/Normal_Sperm (740).bmp,test,0,2.652143,-1.049804,-1.602341
smids/Normal_Sperm/Normal_Sperm (742).bmp,test,0,2.734267,-0.113634,-2.620635
smids/Normal_Sperm/Normal_Sperm (746).bmp,test,0,3.033194,-1.282447,-1.750748
smids/Normal_Sperm/Normal_Sperm (747).bmp,test,0,3.302720,-1.719038,-1.583684
smids/Normal_Sperm/Normal_Sperm (750).bmp,test,0,1.626294,-0.479794,-1.146501
smids/Normal_Sperm/Normal_Sperm (751).bmp,test,0,2.865225,-1.214284,-1.650943
smids/Normal_Sperm/Normal_Sperm (755).bmp,test,0,1.399039,-0.774094,-0.624948
smids/Normal_Sperm/Normal_Sperm (757).bmp,test,0,2.115039,-0.089843,-2.025196
smids/Normal_Sperm/Normal_Sperm (761).bmp,test,0,3.371530,-0.373737,-2.997796
smids/Normal_Sperm/Normal_Sperm (767).bmp,test,0,0.589433,-0.043665,-0.545768
smids/Normal_Sperm/Normal_Sperm (773).bmp,test,0,2.882032,-1.043957,-1.838077
smids/Normal_Sperm/Normal_Sperm (778).bmp,test,0,1.096763,-0.694503,-0.402262
smids/Normal_Sperm/Normal_Sperm (786).bmp,test,0,0.597070,0.527401,-1.124472
smids/Normal_Sperm/Normal_Sperm (789).bmp,test,0,2.065698,-1.310782,-0.754918
smids/Normal_Sperm/Normal_Sperm (792).bmp,test,0,2.859825,0.444190,-3.304017
smids/Normal_Sperm/Normal_Sperm (798).bmp,test,0,1.953043,-0.563735,-1.389309
smids/Normal_Sperm/Normal_Sperm (802).bmp,test,0,-0.543246,-0.908441,1.451685
smids/Normal_Sperm/Normal_Sperm (805).bmp,test,0,0.302950,-0.139653,-0.163300
smids/Normal_Sperm/Normal_Sperm (810).bmp,test,0,2.236407,0.039665,-2.276073
smids/Normal_Sperm/Normal_Sperm (812).bmp,test,0,0.686709,-0.692920,0.006212
smids/Normal_Sperm/Normal_Sperm (818).bmp,test,0,0.766097,-0.156549,-0.609548
smids/Normal_Sperm/Normal_Sperm (826).bmp,test,0,1.042315,-0.013719,-1.028598
smids/Normal_Sperm/Normal_Sperm (828).bmp,test,0,1.402112,-0.129048,-1.273065
smids/Normal_Sperm/Normal_Sperm (842).bmp,test,0,3.080243,0.480859,-3.561102
smids/Normal_Sperm/Normal_Sperm (843).bmp,test,0,1.725439,-0.360776,-1.364665
smids/Normal_Sperm/Normal_Sperm (852).bmp,test,0,1.806858,0.404276,-2.211135
smids/Normal_Sperm/Normal_Sperm (855).bmp,test,0,1.462821,-0.466832,-0.995991
smids/Normal_Sperm/Normal_Sperm (86).bmp,test,0,0.317032,0.656980,-0.974013
smids/Normal_Sperm/Normal_Sperm (862).bmp,test,0,2.301792,0.567491,-2.869285
smids/Normal_Sperm/Normal_Sperm (867).bmp,test,0,1.544061,-0.259629,-1.284436
smids/Normal_Sperm/Normal_Sperm (868).bmp,test,0,2.264601,-0.304785,-1.959817
smids/Normal_Sperm/Normal_Sperm (887).bmp,test,0,2.105676,1.275151,-3.380828
smids/Normal_Sperm/Normal_Sperm (888).bmp,test,0,0.846542,1.329840,-2.176385
smids/Normal_Sperm/Normal_Sperm (89).bmp,test,0,1.607154,-0.936372,-0.670784
smids/Normal_Sperm/Normal_Sperm (898).bmp,test,0,2.723962,0.663289,-3.387252
smids/Normal_Sperm/Normal_Sperm (901).bmp,test,0,1.874110,0.989033,-2.863145
smids/Normal_Sperm/Normal_Sperm (908).bmp,test,0,2.151964,1.324021,-3.475987
smids/Normal_Sperm/Normal_Sperm (915).bmp,test,0,1.820787,0.300337,-2.121125
smids/Normal_Sperm/Normal_Sperm (920).bmp,test,0,1.567171,0.906251,-2.473423
smids/Normal_Sperm/Normal_Sperm (921).bmp,test,0,3.325849,0.003914,-3.329764
smids/Normal_Sperm/Normal_Sperm (927).bmp,test,0,1.734648,0.993220,-2.727870
smids/Normal_Sperm/Normal_Sperm (937).bmp,test,0,2.245976,-0.246449,-1.999527
smids/Normal_Sperm/Normal_Sperm (938).bmp,test,0,0.866068,1.408936,-2.275005
smids/Normal_Sperm/Normal_Sperm (94).bmp,test,0,0.222132,-0.155195,-0.066937
smids/Normal_Sperm/Normal_Sperm (945).bmp,test,0,1.461762,0.922969,-2.384732
smids/Normal_Sperm/Normal_Sperm (95).bmp,test,0,-0.753731,-0.348394,1.102125
smids/Normal_Sperm/Normal_Sperm (951).bmp,test,0,2.314883,0.878052,-3.192936
smids/Normal_Sperm/Normal_Sperm (96).bmp,test,0,2.243274,-1.832709,-0.410567
smids/Normal_Sperm/Normal_Sperm (961).bmp,test,0,-0.322715,0.985771,-0.663058
smids/Normal_Sperm/Normal_Sperm (968).bmp,test,0,0.924367,1.384957,-2.309326
smids/Normal_Sperm/Normal_Sperm (97).bmp,test,0,1.808575,-1.003066,-0.805510
smids/Normal_Sperm/Normal_Sperm (983).bmp,test,0,-0.437232,0.883194,-0.445964
smids/Normal_Sperm/Normal_Sperm (984).bmp,test,0,0.123473,-0.738340,0.614865
smids/Normal_Sperm/Normal_Sperm (990).bmp,test,0,1.335847,0.840584,-2.176432
smids/Normal_Sperm/Normal_Sperm (993).bmp,test,0,1.466632,0.137644,-1.604275
