image_id,role,label_idx,logit_0,logit_1,logit_2
smids/Abnormal_Sperm/Abnormal_Sperm (1002).bmp,val,1,3.201881,2.388246,-5.590135
smids/Abnormal_Sperm/Abnormal_Sperm (1003).bmp,val,1,0.698237,1.483112,-2.181352
smids/Abnormal_Sperm/Abnormal_Sperm (103).bmp,val,1,0.224442,0.966616,-1.191062
smids/Abnormal_Sperm/Abnormal_Sperm (11).bmp,val,1,0.937810,1.476569,-2.414382
smids/Abnormal_Sperm/Abnormal_Sperm (113).bmp,val,1,-1.060989,1.949344,-0.888359
smids/Abnormal_Sperm/Abnormal_Sperm (120).bmp,val,1,0.540364,2.944247,-3.484617
smids/Abnormal_Sperm/Abnormal_Sperm (137).bmp,val,1,2.087064,3.684357,-5.771429
smids/Abnormal_Sperm/Abnormal_Sperm (138).bmp,val,1,-0.354800,3.657009,-3.302215
smids/Abnormal_Sperm/Abnormal_Sperm (140).bmp,val,1,1.557558,1.375996,-2.933557
smids/Abnormal_Sperm/Abnormal_Sperm (161).bmp,val,1,0.639766,2.415005,-3.054776
smids/Abnormal_Sperm/Abnormal_Sperm (163).bmp,val,1,0.707902,3.399311,-4.107218
smids/Abnormal_Sperm/Abnormal_Sperm (175).bmp,val,1,-0.568277,3.877193,-3.308922
smids/Abnormal_Sperm/Abnormal_Sperm (192).bmp,val,1,2.801082,2.869872,-5.670960
smids/Abnormal_Sperm/Abnormal_Sperm (205).bmp,val,1,-1.419729,3.951711,-2.531988
smids/Abnormal_Sperm/Abnormal_Sperm (223).bmp,val,1,-1.331076,0.083164,1.247908
smids/Abnormal_Sperm/Abnormal_Sperm (234).bmp,val,1,0.262019,1.792535,-2.054556
smids/Abnormal_Sperm/Abnormal_Sperm (235).bmp,val,1,-0.159791,1.937326,-1.777540
smids/Abnormal_Sperm/Abnormal_Sperm (237).bmp,val,1,-3.220959,1.830149,1.390809
smids/Abnormal_Sperm/Abnormal_Sperm (239).bmp,val,1,1.786483,2.418714,-4.205201
smids/Abnormal_Sperm/Abnormal_Sperm (246).bmp,val,1,-0.124603,2.142333,-2.017735
smids/Abnormal_Sperm/Abnormal_Sperm (26).bmp,val,1,-1.272430,3.147589,-1.875164
smids/Abnormal_Sperm/Abnormal_Sperm (265).bmp,val,1,-1.962295,1.801705,0.160587
smids/Abnormal_Sperm/Abnormal_Sperm (276).bmp,val,1,0.324209,2.191623,-2.515835
smids/Abnormal_Sperm/Abnormal_Sperm (302).bmp,val,1,-1.064280,1.291643,-0.227366
smids/Abnormal_Sperm/Abnormal_Sperm (317).bmp,val,1,-0.689185,1.980614,-1.291432
smids/Abnormal_Sperm/Abnormal_Sperm (33).bmp,val,1,2.771559,1.447105,-4.218669
smids/Abnormal_Sperm/Abnormal_Sperm (341).bmp,val,1,0.768399,2.554651,-3.323056
smids/Abnormal_Sperm/Abnormal_Sperm (344).bmp,val,1,-1.156093,2.527373,-1.371282
smids/Abnormal_Sperm/Abnormal_Sperm (362).bmp,val,1,-1.693776,2.685984,-0.992212
smids/Abnormal_Sperm/Abnormal_Sperm (366).bmp,val,1,1.629203,2.221116,-3.850322
smids/Abnormal_Sperm/Abnormal_Sperm (377).bmp,val,1,-0.312514,1.712609,-1.400098
smids/Abnormal_Sperm/Abnormal_Sperm (389).bmp,val,1,0.293239,1.124802,-1.418045
smids/Abnormal_Sperm/Abnormal_Sperm (393).bmp,val,1,-0.607598,3.225593,-2.618000
smids/Abnormal_Sperm/Abnormal_Sperm (4).bmp,val,1,0.871752,-1.519319,0.647565
smids/Abnormal_Sperm/Abnormal_Sperm (42).bmp,val,1,1.975269,1.944689,-3.919962
smids/Abnormal_Sperm/Abnormal_Sperm (438).bmp,val,1,-0.958304,1.632380,-0.674080
smids/Abnormal_Sperm/Abnormal_Sperm (446).bmp,val,1,2.274765,2.652700,-4.927471
smids/Abnormal_Sperm/Abnormal_Sperm (450).bmp,val,1,-0.050217,3.105912,-3.055701
smids/Abnormal_Sperm/Abnormal_Sperm (458).bmp,val,1,-0.961129,2.274534,-1.313408
smids/Abnormal_Sperm/Abnormal_Sperm (472).bmp,val,1,-0.327094,2.364560,-2.037467
smids/Abnormal_Sperm/Abnormal_Sperm (478).bmp,val,1,-0.724697,0.672485,0.052207
smids/Abnormal_Sperm/Abnormal_Sperm (487).bmp,val,1,3.120364,0.779439,-3.899809
smids/Abnormal_Sperm/Abnormal_Sperm (490).bmp,val,1,-1.526189,2.496959,-0.970775
smids/Abnormal_Sperm/Abnormal_Sperm (491).bmp,val,1,-0.676805,1.638606,-0.961804
smids/Abnormal_Sperm/Abnormal_Sperm (500).bmp,val,1,1.157806,-0.680381,-0.477428
smids/Abnormal_Sperm/Abnormal_Sperm (520).bmp,val,1,-0.263465,1.661999,-1.398538
smids/Abnormal_Sperm/Abnormal_Sperm (533).bmp,val,1,1.794569,0.355555,-2.150127
smids/Abnormal_Sperm/Abnormal_Sperm (556).bmp,val,1,-1.485456,0.178613,1.306840
smids/Abnormal_Sperm/Abnormal_Sperm (557).bmp,val,1,0.885723,-1.825934,0.940207
smids/Abnormal_Sperm/Abnormal_Sperm (577).bmp,val,1,-0.348101,1.051889,-0.703791
smids/Abnormal_Sperm/Abnormal_Sperm (582).bmp,val,1,-1.729622,3.596467,-1.866849
smids/Abnormal_Sperm/Abnormal_Sperm (596).bmp,val,1,0.202201,0.877545,-1.079745
smids/Abnormal_Sperm/Abnormal_Sperm (598).bmp,val,1,-0.017618,3.488035,-3.470420
smids/Abnormal_Sperm/Abnormal_Sperm (599).bmp,val,1,0.352283,0.530937,-0.883223
smids/Abnormal_Sperm/Abnormal_Sperm (601).bmp,val,1,0.831099,-0.156097,-0.675007
smids/Abnormal_Sperm/Abnormal_Sperm (609).bmp,val,1,1.197462,1.988100,-3.185564
smids/Abnormal_Sperm/Abnormal_Sperm (612).bmp,val,1,0.996928,0.652720,-1.649652
smids/Abnormal_Sperm/Abnormal_Sperm (613).bmp,val,1,1.386613,0.012898,-1.399514
smids/Abnormal_Sperm/Abnormal_Sperm (624).bmp,val,1,0.885966,2.192987,-3.078959
smids/Abnormal_Sperm/Abnormal_Sperm (631).bmp,val,1,-0.244997,0.700833,-0.455839
smids/Abnormal_Sperm/Abnormal_Sperm (633).bmp,val,1,-1.510064,1.864787,-0.354726
smids/Abnormal_Sperm/Abnormal_Sperm (642).bmp,val,1,1.350332,1.344964,-2.695301
smids/Abnormal_Sperm/Abnormal_Sperm (645).bmp,val,1,0.271896,3.165142,-3.437043
smids/Abnormal_Sperm/Abnormal_Sperm (662).bmp,val,1,-2.186398,1.288792,0.897602
smids/Abnormal_Sperm/Abnormal_Sperm (671).bmp,val,1,1.365819,1.201867,-2.567689
smids/Abnormal_Sperm/Abnormal_Sperm (672).bmp,val,1,-0.571849,2.790197,-2.218352
smids/Abnormal_Sperm/Abnormal_Sperm (678).bmp,val,1,0.235700,2.893736,-3.129438
smids/Abnormal_Sperm/Abnormal_Sperm (679).bmp,val,1,2.152702,1.391655,-3.544361
smids/Abnormal_Sperm/Abnormal_Sperm (716).bmp,val,1,-0.045300,1.536849,-1.491553
smids/Abnormal_Sperm/Abnormal_Sperm (717).bmp,val,1,1.946224,1.299481,-3.245713
smids/Abnormal_Sperm/Abnormal_Sperm (72).bmp,val,1,0.297743,3.693308,-3.991055
smids/Abnormal_Sperm/Abnormal_Sperm (731).bmp,val,1,0.903892,2.203790,-3.107687
smids/Abnormal_Sperm/Abnormal_Sperm (740).bmp,val,1,0.465225,3.040206,-3.505438
smids/Abnormal_Sperm/Abnormal_Sperm (748).bmp,val,1,0.615014,2.971372,-3.586388
smids/Abnormal_Sperm/Abnormal_Sperm (752).bmp,val,1,0.031120,0.449453,-0.480576
smids/Abnormal_Sperm/Abnormal_Sperm (769).bmp,val,1,-1.224166,2.137073,-0.912910
smids/Abnormal_Sperm/Abnormal_Sperm (773).bmp,val,1,-0.932906,2.716600,-1.783699
smids/Abnormal_Sperm/Abnormal_Sperm (776).bmp,val,1,0.392986,1.990894,-2.383885
smids/Abnormal_Sperm/Abnormal_Sperm (777).bmp,val,1,1.198421,3.354717,-4.553144
smids/Abnormal_Sperm/Abnormal_Sperm (785).bmp,val,1,2.691247,-0.521211,-2.170042
smids/Abnormal_Sperm/Abnormal_Sperm (789).bmp,val,1,-1.870015,1.645910,0.224101
smids/Abnormal_Sperm/Abnormal_Sperm (791).bmp,val,1,1.488094,0.816252,-2.304351
smids/Abnormal_Sperm/Abnormal_Sperm (792).bmp,val,1,-0.392948,0.951608,-0.558664
smids/Abnormal_Sperm/Abnormal_Sperm (807).bmp,val,1,2.676277,1.709415,-4.385697
smids/Abnormal_Sperm/Abnormal_Sperm (81).bmp,val,1,0.026276,1.257977,-1.284256
smids/Abnormal_Sperm/Abnormal_Sperm (817).bmp,val,1,0.419595,1.907196,-2.326795
smids/Abnormal_Sperm/Abnormal_Sperm (826).bmp,val,1,1.813560,0.739817,-2.553383
smids/Abnormal_Sperm/Abnormal_Sperm (828).bmp,val,1,0.620816,2.024209,-2.645030
smids/Abnormal_Sperm/Abnormal_Sperm (838).bmp,val,1,1.105400,1.681035,-2.786439
smids/Abnormal_Sperm/Abnormal_Sperm (841).bmp,val,1,0.340847,2.370696,-2.711548
smids/Abnormal_Sperm/Abnormal_Sperm (883).bmp,val,1,-0.651573,1.332114,-0.680544
smids/Abnormal_Sperm/Abnormal_Sperm (887).bmp,val,1,-0.528796,0.400161,0.128630
smids/Abnormal_Sperm/Abnormal_Sperm (889).bmp,val,1,0.143294,1.862934,-2.006232
smids/Abnormal_Sperm/Abnormal_Sperm (890).bmp,val,1,0.589009,1.692918,-2.281931
smids/Abnormal_Sperm/Abnormal_Sperm (892).bmp,val,1,2.727418,-0.112485,-2.614937
smids/Abnormal_Sperm/Abnormal_Sperm (893).bmp,val,1,0.850051,1.222277,-2.072332
smids/Abnormal_Sperm/Abnormal_Sperm (899).bmp,val,1,2.445809,1.245081,-3.690896
smids/Abnormal_Sperm/Abnormal_Sperm (90).bmp,val,1,1.034727,0.809833,-1.844563
smids/Abnormal_Sperm/Abnormal_Sperm (902).bmp,val,1,-0.575535,1.424520,-0.848987
smids/Abnormal_Sperm/Abnormal_Sperm (909).bmp,val,1,0.076561,3.309153,-3.385717
smids/Abnormal_Sperm/Abnormal_Sperm (912).bmp,val,1,1.313212,2.273373,-3.586592
smids/Abnormal_Sperm/Abnormal_Sperm (923).bmp,val,1,-0.302899,0.787625,-0.484730
smids/Abnormal_Sperm/Abnormal_Sperm (929).bmp,val,1,-1.493006,1.180969,0.312036
smids/Abnormal_Sperm/Abnormal_Sperm (93).bmp,val,1,0.090302,3.530644,-3.620951
smids/Abnormal_Sperm/Abnormal_Sperm (932).bmp,val,1,1.450837,1.776807,-3.227649
smids/Abnormal_Sperm/Abnormal_Sperm (944).bmp,val,1,-0.354320,2.109559,-1.755243
smids/Abnormal_Sperm/Abnormal_Sperm (95).bmp,val,1,-1.686939,2.636310,-0.949374
smids/Abnormal_Sperm/Abnormal_Sperm (952).bmp,val,1,1.040919,2.116342,-3.157268
smids/Abnormal_Sperm/Abnormal_Sperm (975).bmp,val,1,-0.103813,3.162862,-3.059053
smids/Abnormal_Sperm/Abnormal_Sperm (978).bmp,val,1,0.580234,1.403360,-1.983598
smids/Abnormal_Sperm/Abnormal_Sperm (980).bmp,val,1,-2.067300,2.198474,-0.131178
smids/Abnormal_Sperm/Abnormal_Sperm (983).bmp,val,1,-0.909472,1.536264,-0.626797
smids/Abnormal_Sperm/Abnormal_Sperm (984).bmp,val,1,-0.398077,2.567342,-2.169270
smids/Abnormal_Sperm/Abnormal_Sperm (985).bmp,val,1,0.755124,2.471135,-3.226262
smids/Abnormal_Sperm/Abnormal_Sperm (99).bmp,val,1,0.436229,1.844337,-2.280570
smids/Abnormal_Sperm/Abnormal_Sperm (993).bmp,val,1,-1.113808,1.100012,0.013792
smids/Abnormal_Sperm/Abnormal_Sperm (995).bmp,val,1,-1.141416,1.483620,-0.342209
smids/Non-Sperm/Non-Sperm (106).bmp,val,2,-0.952945,-1.973353,2.926298
smids/Non-Sperm/Non-Sperm (11).bmp,val,2,-2.017739,0.098938,1.918798
smids/Non-Sperm/Non-Sperm (113).bmp,val,2,-2.776774,-2.051817,4.828589
smids/Non-Sperm/Non-Sperm (114).bmp,val,2,-1.067110,-3.235025,4.302133
smids/Non-Sperm/Non-Sperm (124).bmp,val,2,-0.882800,-2.915823,3.798622
smids/Non-Sperm/Non-Sperm (130).bmp,val,2,-1.533605,-1.632444,3.166047
smids/Non-Sperm/Non-Sperm (139).bmp,val,2,-1.285480,-1.091495,2.376974
smids/Non-Sperm/Non-Sperm (146).bmp,val,2,-1.913579,-0.846673,2.760251
smids/Non-Sperm/Non-Sperm (15).bmp,val,2,-0.348766,-0.166125,0.514888
smids/Non-Sperm/Non-Sperm (152).bmp,val,2,-1.415624,-2.768187,4.183810
smids/Non-Sperm/Non-Sperm (158).bmp,val,2,-2.153638,-2.577457,4.731092
smids/Non-Sperm/Non-Sperm (174).bmp,val,2,-0.816665,-2.291143,3.107805
smids/Non-Sperm/Non-Sperm (201).bmp,val,2,-1.292739,-1.555572,2.848310
smids/Non-Sperm/Non-Sperm (208).bmp,val,2,-1.757828,0.502489,1.255337
smids/Non-Sperm/Non-Sperm (221).bmp,val,2,-1.538815,-1.859040,3.397853
smids/Non-Sperm/Non-Sperm (222).bmp,val,2,-1.313879,-2.174842,3.488720
smids/Non-Sperm/Non-Sperm (223).bmp,val,2,-0.995664,-1.682686,2.678350
smids/Non-Sperm/Non-Sperm (238).bmp,val,2,-0.866375,-1.863593,2.729965
smids/Non-Sperm/Non-Sperm (25).bmp,val,2,0.646243,-0.399234,-0.247012
smids/Non-Sperm/Non-Sperm (267).bmp,val,2,-2.803801,-1.929778,4.733578
smids/Non-Sperm/Non-Sperm (273).bmp,val,2,-1.966997,-0.933602,2.900597
smids/Non-Sperm/Non-Sperm (276).bmp,val,2,-0.948107,-2.323268,3.271374
smids/Non-Sperm/Non-Sperm (285).bmp,val,2,-1.239929,-2.043319,3.283245
smids/Non-Sperm/Non-Sperm (29).bmp,val,2,-3.024736,-0.293842,3.318577
smids/Non-Sperm/Non-Sperm (290).bmp,val,2,-0.571136,-1.982250,2.553384
smids/Non-Sperm/Non-Sperm (293).bmp,val,2,-1.042487,-2.007912,3.050397
smids/Non-Sperm/Non-Sperm (303).bmp,val,2,-1.035150,-2.701379,3.736527
smids/Non-Sperm/Non-Sperm (306).bmp,val,2,-0.844259,-1.796880,2.641138
smids/Non-Sperm/Non-Sperm (309).bmp,val,2,-0.309663,-1.884553,2.194214
smids/Non-Sperm/Non-Sperm (324).bmp,val,2,-0.194078,-2.834690,3.028766
smids/Non-Sperm/Non-Sperm (336).bmp,val,2,-2.180524,-1.023848,3.204370
smids/Non-Sperm/Non-Sperm (337).bmp,val,2,-2.325159,-2.208628,4.533785
smids/Non-Sperm/Non-Sperm (340).bmp,val,2,-2.391871,-0.777334,3.169201
smids/Non-Sperm/Non-Sperm (354).bmp,val,2,-1.297138,-0.548385,1.845521
smids/Non-Sperm/Non-Sperm (356).bmp,val,2,0.089806,-2.908410,2.818601
smids/Non-Sperm/Non-Sperm (358).bmp,val,2,-0.381612,-0.717378,1.098991
smids/Non-Sperm/Non-Sperm (385).bmp,val,2,-0.938397,0.914778,0.023616
smids/Non-Sperm/Non-Sperm (388).bmp,val,2,-0.312903,-1.104503,1.417404
smids/Non-Sperm/Non-Sperm (405).bmp,val,2,-0.041613,-0.837394,0.879002
smids/Non-Sperm/Non-Sperm (407).bmp,val,2,-1.243047,-1.067024,2.310070
smids/Non-Sperm/Non-Sperm (413).bmp,val,2,-3.756282,0.123087,3.633190
smids/Non-Sperm/Non-Sperm (420).bmp,val,2,1.192032,-3.392473,2.200440
smids/Non-Sperm/Non-Sperm (421).bmp,val,2,-1.586475,-1.621372,3.207844
smids/Non-Sperm/Non-Sperm (433).bmp,val,2,-1.137537,-1.250753,2.388290
smids/Non-Sperm/Non-Sperm (444).bmp,val,2,-1.754129,-2.836708,4.590834
smids/Non-Sperm/Non-Sperm (447).bmp,val,2,-1.376624,-1.592739,2.969359
smids/Non-Sperm/Non-Sperm (451).bmp,val,2,-0.632055,0.247642,0.384412
smids/Non-Sperm/Non-Sperm (455).bmp,val,2,-1.474803,-1.932640,3.407441
smids/Non-Sperm/Non-Sperm (499).bmp,val,2,-2.223544,-2.680636,4.904177
smids/Non-Sperm/Non-Sperm (500).bmp,val,2,-0.855570,-3.295581,4.151149
smids/Non-Sperm/Non-Sperm (502).bmp,val,2,-1.641392,-1.935759,3.577151
smids/Non-Sperm/Non-Sperm (504).bmp,val,2,-1.748152,-0.440626,2.188777
smids/Non-Sperm/Non-Sperm (511).bmp,val,2,-4.184642,-0.393752,4.578389
smids/Non-Sperm/Non-Sperm (513).bmp,val,2,-0.490121,-0.724311,1.214431
smids/Non-Sperm/Non-Sperm (515).bmp,val,2,-1.829363,-2.182687,4.012047
smids/Non-Sperm/Non-Sperm (560).bmp,val,2,-1.697824,-3.102431,4.800252
smids/Non-Sperm/Non-Sperm (576).bmp,val,2,-1.936803,1.093734,0.843067
smids/Non-Sperm/Non-Sperm (579).bmp,val,2,-2.327378,-1.555563,3.882940
smids/Non-Sperm/Non-Sperm (584).bmp,val,2,-0.969989,-0.852382,1.822367
smids/Non-Sperm/Non-Sperm (587).bmp,val,2,-4.035892,0.815318,3.220573
smids/Non-Sperm/Non-Sperm (59).bmp,val,2,-0.694218,3.232301,-2.538086
smids/Non-Sperm/Non-Sperm (590).bmp,val,2,-0.987980,-0.704370,1.692346
smids/Non-Sperm/Non-Sperm (591).bmp,val,2,-1.323526,-1.926131,3.249653
smids/Non-Sperm/Non-Sperm (594).bmp,val,2,-1.175618,-1.365204,2.540821
smids/Non-Sperm/Non-Sperm (597).bmp,val,2,-0.336998,-2.624079,2.961075
smids/Non-Sperm/Non-Sperm (60).bmp,val,2,2.270977,3.120982,-5.391964
smids/Non-Sperm/Non-Sperm (602).bmp,val,2,-2.403893,-2.037672,4.441563
smids/Non-Sperm/Non-Sperm (606).bmp,val,2,-1.876413,-1.999198,3.875610
smids/Non-Sperm/Non-Sperm (609).bmp,val,2,-1.551079,-0.524068,2.075144
smids/Non-Sperm/Non-Sperm (616).bmp,val,2,-0.340312,-1.863432,2.203742
smids/Non-Sperm/Non-Sperm (618).bmp,val,2,-1.991241,-2.492522,4.483762
smids/Non-Sperm/Non-Sperm (620).bmp,val,2,-1.229297,-2.241797,3.471093
smids/Non-Sperm/Non-Sperm (629).bmp,val,2,-1.297889,-2.545165,3.843053
smids/Non-Sperm/Non-Sperm (643).bmp,val,2,-0.495065,-2.316803,2.811867
smids/Non-Sperm/Non-Sperm (645).bmp,val,2,-1.782610,-0.866370,2.648978
smids/Non-Sperm/Non-Sperm (659).bmp,val,2,-2.268696,-0.896241,3.164935
smids/Non-Sperm/Non-Sperm (665).bmp,val,2,-2.635866,-2.187733,4.823596
smids/Non-Sperm/Non-Sperm (666).bmp,val,2,-1.334681,-2.537425,3.872106
smids/Non-Sperm/Non-Sperm (672).bmp,val,2,-1.226249,-2.302469,3.528715
smids/Non-Sperm/Non-Sperm (678).bmp,val,2,-1.745227,-0.860587,2.605812
smids/Non-Sperm/Non-Sperm (690).bmp,val,2,0.244069,-1.373055,1.128984
smids/Non-Sperm/Non-Sperm (7).bmp,val,2,-4.186213,0.748410,3.437805
smids/Non-Sperm/Non-Sperm (706).bmp,val,2,-1.308939,-2.072114,3.381050
smids/Non-Sperm/Non-Sperm (731).bmp,val,2,-3.506747,-1.595303,5.102047
smids/Non-Sperm/Non-Sperm (735).bmp,val,2,-0.905041,-2.166556,3.071595
smids/Non-Sperm/Non-Sperm (755).bmp,val,2,-0.903473,1.726386,-0.822914
smids/Non-Sperm/Non-Sperm (769).bmp,val,2,-2.173316,-1.829455,4.002769
smids/Non-Sperm/Non-Sperm (77).bmp,val,2,-3.532944,1.692480,1.840463
smids/Non-Sperm/Non-Sperm (78).bmp,val,2,0.236807,0.184780,-0.421592
smids/Non-Sperm/Non-Sperm (785).bmp,val,2,-0.286344,-2.583497,2.869840
smids/Non-Sperm/Non-Sperm (788).bmp,val,2,-0.984787,-3.623962,4.608750
smids/Non-Sperm/Non-Sperm (79).bmp,val,2,0.952667,-0.292195,-0.660477
smids/Non-Sperm/Non-Sperm (808).bmp,val,2,-0.095737,-2.753213,2.848949
smids/Non-Sperm/Non-Sperm (830).bmp,val,2,-1.058879,-1.839859,2.898736
smids/Non-Sperm/Non-Sperm (854).bmp,val,2,-0.631829,1.552499,-0.920674
smids/Non-Sperm/Non-Sperm (869).bmp,val,2,-1.573000,-1.655275,3.228271
smids/Non-Sperm/Non-Sperm (87).bmp,val,2,-0.464071,0.054634,0.409433
smids/Non-Sperm/Non-Sperm (871).bmp,val,2,-1.209653,-3.062567,4.272218
smids/Non-Sperm/Non-Sperm (877).bmp,val,2,-2.789367,-0.608044,3.397409
smids/Non-Sperm/Non-Sperm (880).bmp,val,2,-2.275056,-0.560741,2.835794
smids/Non-Sperm/Non-Sperm (883).bmp,val,2,-1.548423,-2.035587,3.584009
smids/Non-Sperm/Non-Sperm (890).bmp,val,2,0.305173,-2.671538,2.366363
smids/Non-Sperm/Non-Sperm (900).bmp,val,2,-0.239926,0.110641,0.129280
smids/Non-Sperm/Non-Sperm (906).bmp,val,2,-0.085554,-0.265352,0.350902
smids/Non-Sperm/Non-Sperm (908).bmp,val,2,-1.419276,1.853963,-0.434692
smids/Non-Sperm/Non-Sperm (916).bmp,val,2,0.383839,1.198445,-1.582288
smids/Non-Sperm/Non-Sperm (919).bmp,val,2,-0.433150,-1.864136,2.297285
smids/Non-Sperm/Non-Sperm (920).bmp,val,2,-2.548795,-1.170765,3.719556
smids/Non-Sperm/Non-Sperm (922).bmp,val,2,-2.310116,-1.687393,3.997506
smids/Non-Sperm/Non-Sperm (927).bmp,val,2,0.371457,-1.644669,1.273210
smids/Non-Sperm/Non-Sperm (934).bmp,val,2,-1.907655,-2.630809,4.538463
smids/Non-Sperm/Non-Sperm (953).bmp,val,2,-1.870181,0.252066,1.618112
smids/Non-Sperm/Non-Sperm (955).bmp,val,2,-1.195458,-1.173516,2.368970
smids/Non-Sperm/Non-Sperm (963).bmp,val,2,-3.898796,2.103516,1.795277
smids/Non-Sperm/Non-Sperm (964).bmp,val,2,-2.858900,1.275362,1.583535
smids/Non-Sperm/Non-Sperm (969).bmp,val,2,-0.348939,1.635294,-1.286357
smids/Non-Sperm/Non-Sperm (972).bmp,val,2,-2.535242,-0.002884,2.538125
smids/Normal_Sperm/Normal_Sperm (1005).bmp,val,0,0.065734,2.132144,-2.197884
smids/Normal_Sperm/Normal_Sperm (1018).bmp,val,0,3.317353,-0.236571,-3.080786
smids/Normal_Sperm/Normal_Sperm (106).bmp,val,0,0.819748,-0.309277,-0.510475
smids/Normal_Sperm/Normal_Sperm (108).bmp,val,0,1.570079,-0.805465,-0.764620
smids/Normal_Sperm/Normal_Sperm (117).bmp,val,0,3.706553,0.589861,-4.296420
smids/Normal_Sperm/Normal_Sperm (133).bmp,val,0,0.220684,2.133982,-2.354669
smids/Normal_Sperm/Normal_Sperm (135).bmp,val,0,-0.545182,0.338709,0.206472
smids/Normal_Sperm/Normal_Sperm (141).bmp,val,0,1.492991,-0.422394,-1.070599
smids/Normal_Sperm/Normal_Sperm (146).bmp,val,0,2.733121,1.113907,-3.847034
smids/Normal_Sperm/Normal_Sperm (152).bmp,val,0,0.178396,-0.080433,-0.097965
smids/Normal_Sperm/Normal_Sperm (157).bmp,val,0,2.954651,0.542613,-3.497267
smids/Normal_Sperm/Normal_Sperm (168).bmp,val,0,2.789019,-0.453313,-2.335711
smids/Normal_Sperm/Normal_Sperm (174).bmp,val,0,1.795727,1.876026,-3.671757
smids/Normal_Sperm/Normal_Sperm (184).bmp,val,0,1.224802,0.796429,-2.021237
smids/Normal_Sperm/Normal_Sperm (189).bmp,val,0,1.498025,-0.203367,-1.294662
smids/Normal_Sperm/Normal_Sperm (195).bmp,val,0,2.068762,0.798579,-2.867345
smids/Normal_Sperm/Normal_Sperm (201).bmp,val,0,0.599764,1.550298,-2.150066
smids/Normal_Sperm/Normal_Sperm (202).bmp,val,0,1.674685,-0.006945,-1.667746
smids/Normal_Sperm/Normal_Sperm (204).bmp,val,0,1.840835,0.611459,-2.452300
smids/Normal_Sperm/Normal_Sperm (220).bmp,val,0,1.311613,0.181229,-1.492845
smids/Normal_Sperm/Normal_Sperm (239).bmp,val,0,2.643826,-0.051529,-2.592301
smids/Normal_Sperm/Normal_Sperm (240).bmp,val,0,1.801072,-0.639755,-1.161321
smids/Normal_Sperm/Normal_Sperm (244).bmp,val,0,1.538601,1.559932,-3.098539
smids/Normal_Sperm/Normal_Sperm (249).bmp,val,0,1.272717,-1.269361,-0.003361
smids/Normal_Sperm/Normal_Sperm (270).bmp,val,0,1.843505,-1.291226,-0.552282
smids/Normal_Sperm/Normal_Sperm (272).bmp,val,0,1.840745,0.417516,-2.258269
smids/Normal_Sperm/Normal_Sperm (279).bmp,val,0,-0.607321,1.446025,-0.838708
smids/Normal_Sperm/Normal_Sperm (305).bmp,val,0,2.640090,0.360656,-3.000750
smids/Normal_Sperm/Normal_Sperm (31).bmp,val,0,0.843887,-1.610468,0.766578
smids/Normal_Sperm/Normal_Sperm (322).bmp,val,0,1.391516,0.855040,-2.246560
smids/Normal_Sperm/Normal_Sperm (326).bmp,val,0,0.123938,-0.406517,0.282575
smids/Normal_Sperm/Normal_Sperm (328).bmp,val,0,0.946479,1.435325,-2.381809
smids/Normal_Sperm/Normal_Sperm (334).bmp,val,0,1.336246,-0.577205,-0.759044
smids/Normal_Sperm/Normal_Sperm (350).bmp,val,0,1.344465,1.409423,-2.753893
smids/Normal_Sperm/Normal_Sperm (351).bmp,val,0,0.790890,-0.087617,-0.703278
smids/Normal_Sperm/Normal_Sperm (360).bmp,val,0,3.026149,0.125859,-3.152014
smids/Normal_Sperm/Normal_Sperm (375).bmp,val,0,1.848112,-0.687808,-1.160308
smids/Normal_Sperm/Normal_Sperm (376).bmp,val,0,3.299198,-0.026399,-3.272804
smids/Normal_Sperm/Normal_Sperm (38).bmp,val,0,-0.645376,-2.472554,3.117927
smids/Normal_Sperm/Normal_Sperm (391).bmp,val,0,1.134580,0.176220,-1.310803
smids/Normal_Sperm/Normal_Sperm (392).bmp,val,0,1.165397,0.610796,-1.776199
smids/Normal_Sperm/Normal_Sperm (395).bmp,val,0,1.033167,0.196417,-1.229588
smids/Normal_Sperm/Normal_Sperm (404).bmp,val,0,1.494103,-0.102230,-1.391876
smids/Normal_Sperm/Normal_Sperm (406).bmp,val,0,1.219750,0.490764,-1.710519
smids/Normal_Sperm/Normal_Sperm (414).bmp,val,0,2.086859,0.374853,-2.461717
smids/Normal_Sperm/Normal_Sperm (418).bmp,val,0,2.736461,2.330874,-5.067338
smids/Normal_Sperm/Normal_Sperm (429).bmp,val,0,1.607254,-1.773235,0.165977
smids/Normal_Sperm/Normal_Sperm (43).bmp,val,0,-0.363035,0.941453,-0.578419
smids/Normal_Sperm/Normal_Sperm (434).bmp,val,0,3.780713,-1.224925,-2.555794
smids/Normal_Sperm/Normal_Sperm (439).bmp,val,0,3.090465,1.292030,-4.382501
smids/Normal_Sperm/Normal_Sperm (444).bmp,val,0,3.791875,-0.437220,-3.354661
smids/Normal_Sperm/Normal_Sperm (446).bmp,val,0,1.870942,-0.621693,-1.249254
smids/Normal_Sperm/Normal_Sperm (447).bmp,val,0,3.473926,-0.462129,-3.011803
smids/Normal_Sperm/Normal_Sperm (458).bmp,val,0,1.840185,-0.155796,-1.684392
smids/Normal_Sperm/Normal_Sperm (472).bmp,val,0,2.689262,-0.110669,-2.578595
smids/Normal_Sperm/Normal_Sperm (496).bmp,val,0,0.176384,-0.718351,0.541962
smids/Normal_Sperm/Normal_Sperm (509).bmp,val,0,-0.785170,0.205829,0.579336
smids/Normal_Sperm/Normal_Sperm (515).bmp,val,0,1.896717,0.612002,-2.508724
smids/Normal_Sperm/Normal_Sperm (516).bmp,val,0,1.493769,-0.364147,-1.129627
smids/Normal_Sperm/Normal_Sperm (523).bmp,val,0,-1.080733,0.138189,0.942541
smids/Normal_Sperm/Normal_Sperm (534).bmp,val,0,0.610355,1.518545,-2.128906
smids/Normal_Sperm/Normal_Sperm (552).bmp,val,0,3.345165,-1.128908,-2.216262
smids/Normal_Sperm/Normal_Sperm (559).bmp,val,0,1.581185,-0.595401,-0.985789
smids/Normal_Sperm/Normal_Sperm (575).bmp,val,0,3.325858,-0.122145,-3.203716
smids/Normal_Sperm/Normal_Sperm (582).bmp,val,0,4.654108,1.748803,-6.402917
smids/Normal_Sperm/Normal_Sperm (583).bmp,val,0,1.222172,0.365521,-1.587696
smids/Normal_Sperm/Normal_Sperm (589).bmp,val,0,2.652639,1.647717,-4.300360
smids/Normal_Sperm/Normal_Sperm (6).bmp,val,0,-0.166223,-0.920760,1.086981
smids/Normal_Sperm/Normal_Sperm (604).bmp,val,0,0.782966,0.108049,-0.891019
smids/Normal_Sperm/Normal_Sperm (624).bmp,val,0,4.237773,0.690468,-4.928245
smids/Normal_Sperm/Normal_Sperm (625).bmp,val,0,3.790063,-1.127137,-2.662930
smids/Normal_Sperm/Normal_Sperm (626).bmp,val,0,2.847518,0.333854,-3.181376
smids/Normal_Sperm/Normal_Sperm (643).bmp,val,0,2.900978,2.301825,-5.202808
smids/Normal_Sperm/Normal_Sperm (644).bmp,val,0,1.424277,0.025582,-1.449865
smids/Normal_Sperm/Normal_Sperm (646).bmp,val,0,3.181537,0.618881,-3.800421
smids/Normal_Sperm/Normal_Sperm (66).bmp,val,0,2.858933,-0.287241,-2.571695
smids/Normal_Sperm/Normal_Sperm (662).bmp,val,0,2.951667,-1.385499,-1.566173
smids/Normal_Sperm/Normal_Sperm (668).bmp,val,0,3.056246,0.669292,-3.725541
smids/Normal_Sperm/Normal_Sperm (686).bmp,val,0,0.006986,1.452288,-1.459278
smids/Normal_Sperm/Normal_Sperm (694).bmp,val,0,1.340368,-0.259293,-1.081078
smids/Normal_Sperm/Normal_Sperm (7).bmp,val,0,2.091848,0.030391,-2.122241
smids/Normal_Sperm/Normal_Sperm (702).bmp,val,0,3.037472,1.237352,-4.274827
smids/Normal_Sperm/Normal_Sperm (713).bmp,val,0,1.480342,2.012847,-3.493192
smids/Normal_Sperm/Normal_Sperm (714).bmp,val,0,3.819768,1.145095,-4.964869
smids/Normal_Sperm/Normal_Sperm (724).bmp,val,0,3.057166,-0.208597,-2.848574
smids/Normal_Sperm/Normal_Sperm (726).bmp,val,0,2.622082,0.657472,-3.279560
smids/Normal_Sperm/Normal_Sperm (740).bmp,val,0,3.634784,0.120839,-3.755629
smids/Normal_Sperm/Normal_Sperm (750).bmp,val,0,0.649615,0.773987,-1.423606
smids/Normal_Sperm/Normal_Sperm (751).bmp,val,0,3.131499,-0.450939,-2.680565
smids/Normal_Sperm/Normal_Sperm (766).bmp,val,0,2.547332,0.669478,-3.216813
smids/Normal_Sperm/Normal_Sperm (771).bmp,val,0,1.372749,-1.193229,-0.179524
smids/Normal_Sperm/Normal_Sperm (776).bmp,val,0,2.745461,-0.600442,-2.145022
smids/Normal_Sperm/Normal_Sperm (777).bmp,val,0,2.038924,-0.818789,-1.220139
smids/Normal_Sperm/Normal_Sperm (781).bmp,val,0,2.270911,0.599134,-2.870051
smids/Normal_Sperm/Normal_Sperm (791).bmp,val,0,1.522135,0.451971,-1.974110
smids/Normal_Sperm/Normal_Sperm (797).bmp,val,0,1.900633,1.184782,-3.085420
smids/Normal_Sperm/Normal_Sperm (814).bmp,val,0,2.013014,-0.616326,-1.396694
smids/Normal_Sperm/Normal_Sperm (842).bmp,val,0,5.174304,0.548315,-5.722625
smids/Normal_Sperm/Normal_Sperm (843).bmp,val,0,1.071246,-0.186201,-0.885049
smids/Normal_Sperm/Normal_Sperm (848).bmp,val,0,1.578243,0.592823,-2.171072
smids/Normal_Sperm/Normal_Sperm (851).bmp,val,0,-0.127073,0.150159,-0.023090
smids/Normal_Sperm/Normal_Sperm (852).bmp,val,0,2.829265,1.028164,-3.857435
smids/Normal_Sperm/Normal_Sperm (87).bmp,val,0,2.329968,-0.333559,-1.996412
smids/Normal_Sperm/Normal_Sperm (88).bmp,val,0,1.467503,-1.040356,-0.427150
smids/Normal_Sperm/Normal_Sperm (899).bmp,val,0,1.163689,1.716461,-2.880153
smids/Normal_Sperm/Normal_Sperm (920).bmp,val,0,1.064549,1.584415,-2.648969
smids/Normal_Sperm/Normal_Sperm (927).bmp,val,0,1.400913,1.906957,-3.307876
smids/Normal_Sperm/Normal_Sperm (931).bmp,val,0,2.507384,1.277915,-3.785303
smids/Normal_Sperm/Normal_Sperm (932).bmp,val,0,1.288224,1.926251,-3.214481
smids/Normal_Sperm/Normal_Sperm (94).bmp,val,0,1.365975,-0.066635,-1.299342
smids/Normal_Sperm/Normal_Sperm (940).bmp,val,0,3.349885,1.206949,-4.556838
smids/Normal_Sperm/Normal_Sperm (943).bmp,val,0,3.696739,0.615334,-4.312076
smids/Normal_Sperm/Normal_Sperm (944).bmp,val,0,3.449826,0.380120,-3.829951
smids/Normal_Sperm/Normal_Sperm (955).bmp,val,0,3.540681,1.335977,-4.876666
smids/Normal_Sperm/Normal_Sperm (96).bmp,val,0,1.530984,-1.391015,-0.139973
smids/Normal_Sperm/Normal_Sperm (961).bmp,val,0,0.926194,3.140640,-4.066838
smids/Normal_Sperm/Normal_Sperm (97).bmp,val,0,3.124334,-0.733533,-2.390803
smids/Normal_Sperm/Normal_Sperm (980).bmp,val,0,-0.083536,0.407764,-0.324230
smids/Normal_Sperm/Normal_Sperm (986).bmp,val,0,1.233368,0.938737,-2.172109
smids/Normal_Sperm/Normal_Sperm (988).bmp,val,0,2.859805,-0.199202,-2.660608
smids/Abnormal_Sperm/Abnormal_Sperm (110).bmp,calib,1,-2.411478,1.015960,1.395516
smids/Abnormal_Sperm/Abnormal_Sperm (119).bmp,calib,1,0.000823,2.071878,-2.072706
smids/Abnormal_Sperm/Abnormal_Sperm (126).bmp,calib,1,0.722087,1.301424,-2.023516
smids/Abnormal_Sperm/Abnormal_Sperm (128).bmp,calib,1,0.030558,1.915264,-1.945827
smids/Abnormal_Sperm/Abnormal_Sperm (133).bmp,calib,1,2.504480,3.298493,-5.802977
smids/Abnormal_Sperm/Abnormal_Sperm (135).bmp,calib,1,-0.076550,3.447717,-3.371171
smids/Abnormal_Sperm/Abnormal_Sperm (152).bmp,calib,1,1.432516,2.334889,-3.767406
smids/Abnormal_Sperm/Abnormal_Sperm (159).bmp,calib,1,2.028951,5.031584,-7.060542
smids/Abnormal_Sperm/Abnormal_Sperm (174).bmp,calib,1,-0.538965,2.527384,-1.988422
smids/Abnormal_Sperm/Abnormal_Sperm (176).bmp,calib,1,1.271033,2.836560,-4.107599
smids/Abnormal_Sperm/Abnormal_Sperm (186).bmp,calib,1,0.500048,4.350523,-4.850576
smids/Abnormal_Sperm/Abnormal_Sperm (195).bmp,calib,1,-0.462150,1.483375,-1.021228
smids/Abnormal_Sperm/Abnormal_Sperm (199).bmp,calib,1,-1.647169,2.638175,-0.991010
smids/Abnormal_Sperm/Abnormal_Sperm (20).bmp,calib,1,-2.319184,0.837885,1.481299
smids/Abnormal_Sperm/Abnormal_Sperm (206).bmp,calib,1,-1.292271,1.446412,-0.154144
smids/Abnormal_Sperm/Abnormal_Sperm (21).bmp,calib,1,-2.701499,2.306192,0.395304
smids/Abnormal_Sperm/Abnormal_Sperm (22).bmp,calib,1,-0.745362,-0.756975,1.502336
smids/Abnormal_Sperm/Abnormal_Sperm (220).bmp,calib,1,0.519967,3.332678,-3.852651
smids/Abnormal_Sperm/Abnormal_Sperm (227).bmp,calib,1,0.646015,2.402867,-3.048886
smids/Abnormal_Sperm/Abnormal_Sperm (238).bmp,calib,1,-0.799015,1.743060,-0.944051
smids/Abnormal_Sperm/Abnormal_Sperm (240).bmp,calib,1,-2.836803,1.520134,1.316666
smids/Abnormal_Sperm/Abnormal_Sperm (241).bmp,calib,1,1.658037,1.140456,-2.798498
smids/Abnormal_Sperm/Abnormal_Sperm (268).bmp,calib,1,0.149890,1.624408,-1.774303
smids/Abnormal_Sperm/Abnormal_Sperm (286).bmp,calib,1,-1.437713,0.528411,0.909300
smids/Abnormal_Sperm/Abnormal_Sperm (289).bmp,calib,1,-0.915706,2.283045,-1.367343
smids/Abnormal_Sperm/Abnormal_Sperm (291).bmp,calib,1,0.634082,0.326293,-0.960380
smids/Abnormal_Sperm/Abnormal_Sperm (3).bmp,calib,1,-1.261558,1.538722,-0.277165
smids/Abnormal_Sperm/Abnormal_Sperm (310).bmp,calib,1,-2.642080,0.230138,2.411941
smids/Abnormal_Sperm/Abnormal_Sperm (314).bmp,calib,1,-2.963240,3.578136,-0.614901
smids/Abnormal_Sperm/Abnormal_Sperm (332).bmp,calib,1,0.043500,1.320709,-1.364213
smids/Abnormal_Sperm/Abnormal_Sperm (334).bmp,calib,1,-0.981846,1.710649,-0.728806
smids/Abnormal_Sperm/Abnormal_Sperm (339).bmp,calib,1,3.599533,2.652190,-6.251728
smids/Abnormal_Sperm/Abnormal_Sperm (345).bmp,calib,1,0.508414,1.934394,-2.442813
smids/Abnormal_Sperm/Abnormal_Sperm (346).bmp,calib,1,-1.449346,2.151915,-0.702571
smids/Abnormal_Sperm/Abnormal_Sperm (355).bmp,calib,1,-0.265553,1.490352,-1.224804
smids/Abnormal_Sperm/Abnormal_Sperm (357).bmp,calib,1,-0.592127,2.738724,-2.146599
smids/Abnormal_Sperm/Abnormal_Sperm (361).bmp,calib,1,0.156264,1.088433,-1.244701
smids/Abnormal_Sperm/Abnormal_Sperm (369).bmp,calib,1,-0.140302,2.755214,-2.614915
smids/Abnormal_Sperm/Abnormal_Sperm (374).bmp,calib,1,-1.290411,4.313173,-3.022768
smids/Abnormal_Sperm/Abnormal_Sperm (375).bmp,calib,1,1.748661,1.365444,-3.114110
smids/Abnormal_Sperm/Abnormal_Sperm (387).bmp,calib,1,0.950547,1.029232,-1.979781
smids/Abnormal_Sperm/Abnormal_Sperm (391).bmp,calib,1,-0.013910,2.208579,-2.194674
smids/Abnormal_Sperm/Abnormal_Sperm (409).bmp,calib,1,1.062940,0.954237,-2.017180
smids/Abnormal_Sperm/Abnormal_Sperm (41).bmp,calib,1,0.401319,0.393776,-0.795100
smids/Abnormal_Sperm/Abnormal_Sperm (411).bmp,calib,1,1.255058,0.705619,-1.960681
smids/Abnormal_Sperm/Abnormal_Sperm (425).bmp,calib,1,0.547779,0.919527,-1.467308
smids/Abnormal_Sperm/Abnormal_Sperm (435).bmp,calib,1,-0.485682,2.682318,-2.196640
smids/Abnormal_Sperm/Abnormal_Sperm (449).bmp,calib,1,-0.222717,2.799993,-2.577279
smids/Abnormal_Sperm/Abnormal_Sperm (451).bmp,calib,1,0.433939,2.258545,-2.692489
smids/Abnormal_Sperm/Abnormal_Sperm (454).bmp,calib,1,0.314756,3.287860,-3.602621
smids/Abnormal_Sperm/Abnormal_Sperm (455).bmp,calib,1,-0.800744,2.927467,-2.126728
smids/Abnormal_Sperm/Abnormal_Sperm (462).bmp,calib,1,0.862933,1.792541,-2.655478
smids/Abnormal_Sperm/Abnormal_Sperm (467).bmp,calib,1,-1.756200,1.191034,0.565163
smids/Abnormal_Sperm/Abnormal_Sperm (473).bmp,calib,1,0.081420,3.051129,-3.132555
smids/Abnormal_Sperm/Abnormal_Sperm (480).bmp,calib,1,2.593073,0.972723,-3.565802
smids/Abnormal_Sperm/Abnormal_Sperm (493).bmp,calib,1,-0.353374,3.354008,-3.000637
smids/Abnormal_Sperm/Abnormal_Sperm (498).bmp,calib,1,-0.359129,-0.471817,0.830942
smids/Abnormal_Sperm/Abnormal_Sperm (5).bmp,calib,1,-0.326316,2.398737,-2.072427
smids/Abnormal_Sperm/Abnormal_Sperm (505).bmp,calib,1,-0.833919,1.136327,-0.302411
smids/Abnormal_Sperm/Abnormal_Sperm (509).bmp,calib,1,-3.739865,2.525404,1.214460
smids/Abnormal_Sperm/Abnormal_Sperm (511).bmp,calib,1,0.065317,1.742568,-1.807889
smids/Abnormal_Sperm/Abnormal_Sperm (522).bmp,calib,1,0.201024,0.406677,-0.607705
smids/Abnormal_Sperm/Abnormal_Sperm (523).bmp,calib,1,-0.869604,3.144304,-2.274705
smids/Abnormal_Sperm/Abnormal_Sperm (526).bmp,calib,1,-0.593865,0.609525,-0.015663
smids/Abnormal_Sperm/Abnormal_Sperm (540).bmp,calib,1,-1.843217,3.644269,-1.801057
smids/Abnormal_Sperm/Abnormal_Sperm (543).bmp,calib,1,-0.134419,3.040025,-2.905608
smids/Abnormal_Sperm/Abnormal_Sperm (55).bmp,calib,1,-1.457881,2.265050,-0.807173
smids/Abnormal_Sperm/Abnormal_Sperm (552).bmp,calib,1,2.226305,0.432532,-2.658840
smids/Abnormal_Sperm/Abnormal_Sperm (559).bmp,calib,1,-0.745089,2.141701,-1.396615
smids/Abnormal_Sperm/Abnormal_Sperm (56).bmp,calib,1,-2.242819,1.324728,0.918087
smids/Abnormal_Sperm/Abnormal_Sperm (565).bmp,calib,1,0.981868,0.971573,-1.953446
smids/Abnormal_Sperm/Abnormal_Sperm (574).bmp,calib,1,2.084152,-1.161188,-0.922966
smids/Abnormal_Sperm/Abnormal_Sperm (576).bmp,calib,1,-1.966409,4.671797,-2.705389
smids/Abnormal_Sperm/Abnormal_Sperm (579).bmp,calib,1,-0.290691,0.355363,-0.064675
smids/Abnormal_Sperm/Abnormal_Sperm (581).bmp,calib,1,-0.268137,1.129138,-0.861003
smids/Abnormal_Sperm/Abnormal_Sperm (589).bmp,calib,1,0.948567,0.698128,-1.646697
smids/Abnormal_Sperm/Abnormal_Sperm (597).bmp,calib,1,-1.258540,0.967145,0.291393
smids/Abnormal_Sperm/Abnormal_Sperm (607).bmp,calib,1,1.031243,0.272014,-1.303262
smids/Abnormal_Sperm/Abnormal_Sperm (618).bmp,calib,1,-0.704034,2.106051,-1.402023
smids/Abnormal_Sperm/Abnormal_Sperm (62).bmp,calib,1,-1.783710,3.378038,-1.594333
smids/Abnormal_Sperm/Abnormal_Sperm (623).bmp,calib,1,2.018931,0.864712,-2.883649
smids/Abnormal_Sperm/Abnormal_Sperm (626).bmp,calib,1,0.350364,1.841045,-2.191415
smids/Abnormal_Sperm/Abnormal_Sperm (63).bmp,calib,1,-1.123670,2.335437,-1.211770
smids/Abnormal_Sperm/Abnormal_Sperm (634).bmp,calib,1,0.931887,2.069021,-3.000911
smids/Abnormal_Sperm/Abnormal_Sperm (635).bmp,calib,1,1.088627,2.396632,-3.485264
smids/Abnormal_Sperm/Abnormal_Sperm (636).bmp,calib,1,0.471701,2.329375,-2.801081
smids/Abnormal_Sperm/Abnormal_Sperm (64).bmp,calib,1,-1.547983,3.123089,-1.575108
smids/Abnormal_Sperm/Abnormal_Sperm (643).bmp,calib,1,0.482622,2.236303,-2.718929
smids/Abnormal_Sperm/Abnormal_Sperm (644).bmp,calib,1,-0.359303,2.026400,-1.667101
smids/Abnormal_Sperm/Abnormal_Sperm (652).bmp,calib,1,2.724894,3.211339,-5.936237
smids/Abnormal_Sperm/Abnormal_Sperm (654).bmp,calib,1,1.252247,0.954735,-2.206985
smids/Abnormal_Sperm/Abnormal_Sperm (658).bmp,calib,1,1.464928,1.919094,-3.384026
smids/Abnormal_Sperm/Abnormal_Sperm (663).bmp,calib,1,1.283596,3.321728,-4.605330
smids/Abnormal_Sperm/Abnormal_Sperm (666).bmp,calib,1,-2.556448,1.950250,0.606193
smids/Abnormal_Sperm/Abnormal_Sperm (67).bmp,calib,1,-1.092394,1.307000,-0.214609
smids/Abnormal_Sperm/Abnormal_Sperm (680).bmp,calib,1,-1.083767,1.394563,-0.310800
smids/Abnormal_Sperm/Abnormal_Sperm (686).bmp,calib,1,-0.873763,3.018075,-2.144316
smids/Abnormal_Sperm/Abnormal_Sperm (697).bmp,calib,1,0.358503,1.563092,-1.921598
smids/Abnormal_Sperm/Abnormal_Sperm (699).bmp,calib,1,-0.872862,1.034473,-0.161615
smids/Abnormal_Sperm/Abnormal_Sperm (700).bmp,calib,1,0.430788,0.696816,-1.127608
smids/Abnormal_Sperm/Abnormal_Sperm (707).bmp,calib,1,0.073512,2.467919,-2.541435
smids/Abnormal_Sperm/Abnormal_Sperm (710).bmp,calib,1,0.593393,1.534248,-2.127645
smids/Abnormal_Sperm/Abnormal_Sperm (720).bmp,calib,1,1.660211,1.603927,-3.264142
smids/Abnormal_Sperm/Abnormal_Sperm (742).bmp,calib,1,1.577905,2.003921,-3.581830
smids/Abnormal_Sperm/Abnormal_Sperm (744).bmp,calib,1,1.178162,0.315011,-1.493176
smids/Abnormal_Sperm/Abnormal_Sperm (756).bmp,calib,1,0.201138,0.964092,-1.165233
smids/Abnormal_Sperm/Abnormal_Sperm (758).bmp,calib,1,1.025279,1.862994,-2.888279
smids/Abnormal_Sperm/Abnormal_Sperm (76).bmp,calib,1,0.073331,0.783162,-0.856500
smids/Abnormal_Sperm/Abnormal_Sperm (762).bmp,calib,1,0.085117,1.077269,-1.162391
smids/Abnormal_Sperm/Abnormal_Sperm (77).bmp,calib,1,-0.781934,2.034129,-1.252198
smids/Abnormal_Sperm/Abnormal_Sperm (774).bmp,calib,1,4.714208,-0.719859,-3.994352
smids/Abnormal_Sperm/Abnormal_Sperm (775).bmp,calib,1,1.084268,1.282516,-2.366790
smids/Abnormal_Sperm/Abnormal_Sperm (781).bmp,calib,1,0.397818,-1.199335,0.801513
smids/Abnormal_Sperm/Abnormal_Sperm (787).bmp,calib,1,1.484020,0.062497,-1.546522
smids/Abnormal_Sperm/Abnormal_Sperm (798).bmp,calib,1,0.026983,3.345825,-3.372812
smids/Abnormal_Sperm/Abnormal_Sperm (799).bmp,calib,1,0.832025,1.429998,-2.262028
smids/Abnormal_Sperm/Abnormal_Sperm (802).bmp,calib,1,0.119547,1.067786,-1.187336
smids/Abnormal_Sperm/Abnormal_Sperm (805).bmp,calib,1,0.434065,1.117412,-1.551482
smids/Abnormal_Sperm/Abnormal_Sperm (815).bmp,calib,1,1.338395,1.201474,-2.539872
smids/Abnormal_Sperm/Abnormal_Sperm (82).bmp,calib,1,3.443635,2.213577,-5.657217
smids/Abnormal_Sperm/Abnormal_Sperm (825).bmp,calib,1,1.515887,-0.827271,-0.688620
smids/Abnormal_Sperm/Abnormal_Sperm (834).bmp,calib,1,2.355201,1.167358,-3.522565
smids/Abnormal_Sperm/Abnormal_Sperm (843).bmp,calib,1,-0.554223,1.955958,-1.401742
smids/Abnormal_Sperm/Abnormal_Sperm (848).bmp,calib,1,1.526925,0.460655,-1.987585
smids/Abnormal_Sperm/Abnormal_Sperm (852).bmp,calib,1,2.540707,1.449304,-3.990017
smids/Abnormal_Sperm/Abnormal_Sperm (853).bmp,calib,1,1.323815,2.305755,-3.629575
smids/Abnormal_Sperm/Abnormal_Sperm (854).bmp,calib,1,0.988972,0.954990,-1.943968
smids/Abnormal_Sperm/Abnormal_Sperm (865).bmp,calib,1,1.627568,1.303972,-2.931545
smids/Abnormal_Sperm/Abnormal_Sperm (868).bmp,calib,1,0.033776,1.102648,-1.136426
smids/Abnormal_Sperm/Abnormal_Sperm (873).bmp,calib,1,0.587601,0.989860,-1.577464
smids/Abnormal_Sperm/Abnormal_Sperm (898).bmp,calib,1,0.675372,1.416877,-2.092251
smids/Abnormal_Sperm/Abnormal_Sperm (905).bmp,calib,1,2.032627,1.587721,-3.620353
smids/Abnormal_Sperm/Abnormal_Sperm (906).bmp,calib,1,1.390644,2.233715,-3.624365
smids/Abnormal_Sperm/Abnormal_Sperm (910).bmp,calib,1,0.396141,0.896573,-1.292717
smids/Abnormal_Sperm/Abnormal_Sperm (916).bmp,calib,1,-0.568375,1.138420,-0.570046
smids/Abnormal_Sperm/Abnormal_Sperm (917).bmp,calib,1,0.783287,0.594695,-1.377987
smids/Abnormal_Sperm/Abnormal_Sperm (918).bmp,calib,1,1.083231,1.688097,-2.771334
smids/Abnormal_Sperm/Abnormal_Sperm (92).bmp,calib,1,-1.282459,0.188367,1.094087
smids/Abnormal_Sperm/Abnormal_Sperm (928).bmp,calib,1,-0.463140,2.512089,-2.048954
smids/Abnormal_Sperm/Abnormal_Sperm (930).bmp,calib,1,0.655730,-0.272318,-0.383416
smids/Abnormal_Sperm/Abnormal_Sperm (934).bmp,calib,1,0.753690,1.225808,-1.979501
smids/Abnormal_Sperm/Abnormal_Sperm (948).bmp,calib,1,0.663135,1.918285,-2.581425
smids/Abnormal_Sperm/Abnormal_Sperm (950).bmp,calib,1,1.193522,0.492869,-1.686399
smids/Abnormal_Sperm/Abnormal_Sperm (951).bmp,calib,1,1.684381,-0.836740,-0.847644
smids/Abnormal_Sperm/Abnormal_Sperm (954).bmp,calib,1,1.249695,1.375144,-2.624845
smids/Abnormal_Sperm/Abnormal_Sperm (958).bmp,calib,1,-1.282995,1.201509,0.081486
smids/Abnormal_Sperm/Abnormal_Sperm (959).bmp,calib,1,0.361026,2.788473,-3.149503
smids/Abnormal_Sperm/Abnormal_Sperm (962).bmp,calib,1,-2.030184,1.689388,0.340793
smids/Abnormal_Sperm/Abnormal_Sperm (967).bmp,calib,1,-0.903678,2.714455,-1.810781
smids/Abnormal_Sperm/Abnormal_Sperm (97).bmp,calib,1,0.818152,0.729158,-1.547315
smids/Abnormal_Sperm/Abnormal_Sperm (971).bmp,calib,1,0.742595,0.674326,-1.416928
smids/Abnormal_Sperm/Abnormal_Sperm (974).bmp,calib,1,-0.726875,4.379788,-3.652916
smids/Abnormal_Sperm/Abnormal_Sperm (981).bmp,calib,1,0.510359,0.638456,-1.148820
smids/Abnormal_Sperm/Abnormal_Sperm (989).bmp,calib,1,-1.028982,0.768029,0.260949
smids/Abnormal_Sperm/Abnormal_Sperm (990).bmp,calib,1,-0.860491,2.294962,-1.434475
smids/Non-Sperm/Non-Sperm (1).bmp,calib,2,-2.863775,0.810158,2.053612
smids/Non-Sperm/Non-Sperm (101).bmp,calib,2,-1.040406,-2.541604,3.582010
smids/Non-Sperm/Non-Sperm (116).bmp,calib,2,-1.617880,-2.704416,4.322297
smids/Non-Sperm/Non-Sperm (120).bmp,calib,2,-2.207956,-2.092573,4.300527
smids/Non-Sperm/Non-Sperm (121).bmp,calib,2,-1.860530,-3.013095,4.873625
smids/Non-Sperm/Non-Sperm (123).bmp,calib,2,-1.490603,-1.027884,2.518485
smids/Non-Sperm/Non-Sperm (125).bmp,calib,2,-1.388966,-1.980580,3.369543
smids/Non-Sperm/Non-Sperm (127).bmp,calib,2,-2.066050,-0.525130,2.591178
smids/Non-Sperm/Non-Sperm (128).bmp,calib,2,-4.692018,0.391682,4.300333
smids/Non-Sperm/Non-Sperm (13).bmp,calib,2,-1.849258,-1.926730,3.775986
smids/Non-Sperm/Non-Sperm (131).bmp,calib,2,-0.291496,-3.380877,3.672370
smids/Non-Sperm/Non-Sperm (134).bmp,calib,2,-2.124304,-1.875400,3.999701
smids/Non-Sperm/Non-Sperm (138).bmp,calib,2,-2.540811,-1.208097,3.748906
smids/Non-Sperm/Non-Sperm (142).bmp,calib,2,-1.654964,-2.185496,3.840458
smids/Non-Sperm/Non-Sperm (144).bmp,calib,2,-0.173384,-2.453281,2.626663
smids/Non-Sperm/Non-Sperm (148).bmp,calib,2,-2.917883,-1.567951,4.485830
smids/Non-Sperm/Non-Sperm (151).bmp,calib,2,-1.382437,-3.145912,4.528347
smids/Non-Sperm/Non-Sperm (16).bmp,calib,2,-1.904804,-0.979655,2.884458
smids/Non-Sperm/Non-Sperm (163).bmp,calib,2,-2.098712,0.943914,1.154796
smids/Non-Sperm/Non-Sperm (165).bmp,calib,2,-1.677412,-1.480742,3.158153
smids/Non-Sperm/Non-Sperm (168).bmp,calib,2,-1.854130,-2.530034,4.384163
smids/Non-Sperm/Non-Sperm (179).bmp,calib,2,-1.858316,-2.453180,4.311494
smids/Non-Sperm/Non-Sperm (188).bmp,calib,2,-1.307286,-2.098874,3.406157
smids/Non-Sperm/Non-Sperm (195).bmp,calib,2,-0.923218,-0.582268,1.505483
smids/Non-Sperm/Non-Sperm (197).bmp,calib,2,-2.323157,0.326676,1.996477
smids/Non-Sperm/Non-Sperm (213).bmp,calib,2,-2.166670,-2.436112,4.602778
smids/Non-Sperm/Non-Sperm (214).bmp,calib,2,-2.661444,-1.184020,3.845464
smids/Non-Sperm/Non-Sperm (22).bmp,calib,2,-0.578761,-0.928830,1.507583
smids/Non-Sperm/Non-Sperm (220).bmp,calib,2,-0.872821,-1.560391,2.433209
smids/Non-Sperm/Non-Sperm (237).bmp,calib,2,-0.977796,-1.797118,2.774911
smids/Non-Sperm/Non-Sperm (240).bmp,calib,2,-1.522551,-2.698008,4.220557
smids/Non-Sperm/Non-Sperm (242).bmp,calib,2,-1.222701,-1.678105,2.900804
smids/Non-Sperm/Non-Sperm (248).bmp,calib,2,-1.882425,-2.101530,3.983952
smids/Non-Sperm/Non-Sperm (250).bmp,calib,2,-1.402943,-2.376975,3.779916
smids/Non-Sperm/Non-Sperm (255).bmp,calib,2,-1.909391,-1.949841,3.859230
smids/Non-Sperm/Non-Sperm (268).bmp,calib,2,-1.089840,-2.890167,3.980005
smids/Non-Sperm/Non-Sperm (271).bmp,calib,2,0.505257,-2.886877,2.381617
smids/Non-Sperm/Non-Sperm (275).bmp,calib,2,-1.148229,-1.670459,2.818688
smids/Non-Sperm/Non-Sperm (291).bmp,calib,2,0.177746,-2.043126,1.865378
smids/Non-Sperm/Non-Sperm (292).bmp,calib,2,-0.262007,-3.403641,3.665648
smids/Non-Sperm/Non-Sperm (294).bmp,calib,2,-0.777910,-2.389426,3.167335
smids/Non-Sperm/Non-Sperm (296).bmp,calib,2,-2.185277,-1.400872,3.586149
smids/Non-Sperm/Non-Sperm (299).bmp,calib,2,-2.631158,-1.814992,4.446151
smids/Non-Sperm/Non-Sperm (302).bmp,calib,2,-1.005752,-2.503298,3.509049
smids/Non-Sperm/Non-Sperm (316).bmp,calib,2,-0.949629,-2.511930,3.461558
smids/Non-Sperm/Non-Sperm (317).bmp,calib,2,-1.930772,-2.001702,3.932474
smids/Non-Sperm/Non-Sperm (318).bmp,calib,2,-0.853473,-2.297839,3.151310
smids/Non-Sperm/Non-Sperm (319).bmp,calib,2,-1.821383,-2.301693,4.123075
smids/Non-Sperm/Non-Sperm (330).bmp,calib,2,-1.159945,-0.201359,1.361302
smids/Non-Sperm/Non-Sperm (346).bmp,calib,2,-2.216067,-2.148337,4.364402
smids/Non-Sperm/Non-Sperm (35).bmp,calib,2,0.628433,1.701300,-2.329734
smids/Non-Sperm/Non-Sperm (352).bmp,calib,2,-1.598413,-2.508211,4.106622
smids/Non-Sperm/Non-Sperm (355).bmp,calib,2,-1.479845,0.368277,1.111565
smids/Non-Sperm/Non-Sperm (36).bmp,calib,2,-0.386941,1.985516,-1.598579
smids/Non-Sperm/Non-Sperm (366).bmp,calib,2,-0.710404,-1.429730,2.140134
smids/Non-Sperm/Non-Sperm (368).bmp,calib,2,-3.085320,0.082352,3.002965
smids/Non-Sperm/Non-Sperm (374).bmp,calib,2,-2.249372,-0.615222,2.864593
smids/Non-Sperm/Non-Sperm (389).bmp,calib,2,-1.235625,-2.740006,3.975627
smids/Non-Sperm/Non-Sperm (395).bmp,calib,2,-0.230423,1.419777,-1.189357
smids/Non-Sperm/Non-Sperm (40).bmp,calib,2,-1.882049,0.113879,1.768169
smids/Non-Sperm/Non-Sperm (406).bmp,calib,2,-1.925549,0.487573,1.437976
smids/Non-Sperm/Non-Sperm (416).bmp,calib,2,-1.840830,0.825691,1.015135
smids/Non-Sperm/Non-Sperm (426).bmp,calib,2,-0.811997,-0.246023,1.058016
smids/Non-Sperm/Non-Sperm (429).bmp,calib,2,-1.557190,-1.212799,2.769986
smids/Non-Sperm/Non-Sperm (435).bmp,calib,2,-1.437849,-1.601368,3.039214
smids/Non-Sperm/Non-Sperm (440).bmp,calib,2,0.026115,-1.923629,1.897510
smids/Non-Sperm/Non-Sperm (442).bmp,calib,2,-1.530631,-1.310031,2.840658
smids/Non-Sperm/Non-Sperm (446).bmp,calib,2,-1.334155,-2.323838,3.657991
smids/Non-Sperm/Non-Sperm (454).bmp,calib,2,-0.877832,-0.220740,1.098573
smids/Non-Sperm/Non-Sperm (456).bmp,calib,2,0.715927,-0.506308,-0.209620
smids/Non-Sperm/Non-Sperm (464).bmp,calib,2,-1.415807,-2.526555,3.942361
smids/Non-Sperm/Non-Sperm (465).bmp,calib,2,-1.734082,-1.770975,3.505052
smids/Non-Sperm/Non-Sperm (490).bmp,calib,2,-0.896341,-0.566119,1.462458
smids/Non-Sperm/Non-Sperm (493).bmp,calib,2,-2.053566,-1.538442,3.592005
smids/Non-Sperm/Non-Sperm (495).bmp,calib,2,-1.366885,-1.543417,2.910302
smids/Non-Sperm/Non-Sperm (50).bmp,calib,2,-2.313964,0.422929,1.891033
smids/Non-Sperm/Non-Sperm (510).bmp,calib,2,-1.871185,-3.335759,5.206941
smids/Non-Sperm/Non-Sperm (519).bmp,calib,2,-1.712105,-1.756462,3.468565
smids/Non-Sperm/Non-Sperm (52).bmp,calib,2,-2.827991,0.092728,2.735262
smids/Non-Sperm/Non-Sperm (522).bmp,calib,2,-1.917408,-0.590737,2.508141
smids/Non-Sperm/Non-Sperm (523).bmp,calib,2,0.028677,-1.309275,1.280596
smids/Non-Sperm/Non-Sperm (527).bmp,calib,2,-2.709280,-1.714416,4.423694
smids/Non-Sperm/Non-Sperm (528).bmp,calib,2,-1.205085,1.012185,0.192898
smids/Non-Sperm/Non-Sperm (532).bmp,calib,2,-1.703717,-2.407056,4.110772
smids/Non-Sperm/Non-Sperm (535).bmp,calib,2,-1.976755,-1.237794,3.214546
smids/Non-Sperm/Non-Sperm (539).bmp,calib,2,-0.105376,-2.132585,2.237958
smids/Non-Sperm/Non-Sperm (542).bmp,calib,2,-1.825914,-0.720758,2.546670
smids/Non-Sperm/Non-Sperm (544).bmp,calib,2,-2.121570,-1.129682,3.251250
smids/Non-Sperm/Non-Sperm (545).bmp,calib,2,-0.478335,-2.410142,2.888475
smids/Non-Sperm/Non-Sperm (562).bmp,calib,2,-1.490692,-1.720255,3.210946
smids/Non-Sperm/Non-Sperm (564).bmp,calib,2,-3.737933,-0.634026,4.371957
smids/Non-Sperm/Non-Sperm (566).bmp,calib,2,-0.222010,-0.703158,0.925167
smids/Non-Sperm/Non-Sperm (575).bmp,calib,2,-1.459164,-2.348718,3.807881
smids/Non-Sperm/Non-Sperm (578).bmp,calib,2,2.012902,-1.756912,-0.255994
smids/Non-Sperm/Non-Sperm (596).bmp,calib,2,-1.366697,-1.388865,2.755561
smids/Non-Sperm/Non-Sperm (599).bmp,calib,2,-1.609913,-2.225302,3.835212
smids/Non-Sperm/Non-Sperm (605).bmp,calib,2,-2.472673,-1.077060,3.549730
smids/Non-Sperm/Non-Sperm (608).bmp,calib,2,-1.714276,-1.738841,3.453113
smids/Non-Sperm/Non-Sperm (611).bmp,calib,2,-1.035463,-2.704628,3.740090
smids/Non-Sperm/Non-Sperm (613).bmp,calib,2,-1.138327,-1.971872,3.110198
smids/Non-Sperm/Non-Sperm (625).bmp,calib,2,-0.982429,-2.387311,3.369740
smids/Non-Sperm/Non-Sperm (637).bmp,calib,2,-2.939454,-0.323438,3.262890
smids/Non-Sperm/Non-Sperm (641).bmp,calib,2,-0.741514,-1.628961,2.370475
smids/Non-Sperm/Non-Sperm (658).bmp,calib,2,-0.689268,-1.756721,2.445987
smids/Non-Sperm/Non-Sperm (671).bmp,calib,2,-2.667584,-1.840468,4.508050
smids/Non-Sperm/Non-Sperm (676).bmp,calib,2,-2.376687,1.185791,1.190891
smids/Non-Sperm/Non-Sperm (689).bmp,calib,2,-1.976893,1.015420,0.961470
smids/Non-Sperm/Non-Sperm (69).bmp,calib,2,-1.224610,0.335820,0.888786
smids/Non-Sperm/Non-Sperm (693).bmp,calib,2,-1.775270,0.514845,1.260421
smids/Non-Sperm/Non-Sperm (70).bmp,calib,2,-3.467378,2.836360,0.631016
smids/Non-Sperm/Non-Sperm (707).bmp,calib,2,-2.054812,-1.733113,3.787924
smids/Non-Sperm/Non-Sperm (71).bmp,calib,2,-4.351656,2.800440,1.551214
smids/Non-Sperm/Non-Sperm (712).bmp,calib,2,-1.630948,-1.266341,2.897287
smids/Non-Sperm/Non-Sperm (714).bmp,calib,2,-0.662861,-1.603577,2.266435
smids/Non-Sperm/Non-Sperm (72).bmp,calib,2,-0.767759,0.784352,-0.016595
smids/Non-Sperm/Non-Sperm (728).bmp,calib,2,-2.050717,-1.327494,3.378211
smids/Non-Sperm/Non-Sperm (753).bmp,calib,2,0.633543,0.228761,-0.862309
smids/Non-Sperm/Non-Sperm (760).bmp,calib,2,-1.798668,-2.583366,4.382032
smids/Non-Sperm/Non-Sperm (764).bmp,calib,2,-0.940626,-1.560640,2.501264
smids/Non-Sperm/Non-Sperm (765).bmp,calib,2,0.205433,-0.842608,0.637174
smids/Non-Sperm/Non-Sperm (771).bmp,calib,2,-3.093995,-0.379099,3.473093
smids/Non-Sperm/Non-Sperm (796).bmp,calib,2,0.372052,-2.091031,1.718977
smids/Non-Sperm/Non-Sperm (797).bmp,calib,2,-1.545217,-1.399186,2.944400
smids/Non-Sperm/Non-Sperm (802).bmp,calib,2,-1.151244,-1.337959,2.489203
smids/Non-Sperm/Non-Sperm (811).bmp,calib,2,-2.209440,-1.662722,3.872159
smids/Non-Sperm/Non-Sperm (816).bmp,calib,2,-1.055201,-1.666884,2.722084
smids/Non-Sperm/Non-Sperm (819).bmp,calib,2,0.253996,-0.648372,0.394372
smids/Non-Sperm/Non-Sperm (826).bmp,calib,2,-2.125458,-0.140150,2.265605
smids/Non-Sperm/Non-Sperm (834).bmp,calib,2,1.446063,-0.350728,-1.095338
smids/Non-Sperm/Non-Sperm (835).bmp,calib,2,-0.592256,-2.594885,3.187139
smids/Non-Sperm/Non-Sperm (838).bmp,calib,2,-1.788975,0.182419,1.606554
smids/Non-Sperm/Non-Sperm (848).bmp,calib,2,-2.456736,-1.770974,4.227709
smids/Non-Sperm/Non-Sperm (855).bmp,calib,2,-1.949219,-3.184968,5.134184
smids/Non-Sperm/Non-Sperm (856).bmp,calib,2,-0.307274,1.963889,-1.656616
smids/Non-Sperm/Non-Sperm (862).bmp,calib,2,-2.798164,-2.075271,4.873432
smids/Non-Sperm/Non-Sperm (863).bmp,calib,2,-2.912407,-1.688389,4.600795
smids/Non-Sperm/Non-Sperm (866).bmp,calib,2,-0.901152,0.557054,0.344096
smids/Non-Sperm/Non-Sperm (868).bmp,calib,2,-1.188105,-1.874967,3.063070
smids/Non-Sperm/Non-Sperm (874).bmp,calib,2,-2.361648,-2.292280,4.653923
smids/Non-Sperm/Non-Sperm (875).bmp,calib,2,-1.764341,-2.136521,3.900858
smids/Non-Sperm/Non-Sperm (882).bmp,calib,2,-1.780710,-1.803353,3.584062
smids/Non-Sperm/Non-Sperm (9).bmp,calib,2,-2.111143,-0.173776,2.284917
smids/Non-Sperm/Non-Sperm (90).bmp,calib,2,-1.022035,-1.963072,2.985106
smids/Non-Sperm/Non-Sperm (903).bmp,calib,2,-2.198664,2.065948,0.132713
smids/Non-Sperm/Non-Sperm (907).bmp,calib,2,-1.844269,1.702382,0.141882
smids/Non-Sperm/Non-Sperm (91).bmp,calib,2,-2.931492,0.203465,2.728021
smids/Non-Sperm/Non-Sperm (911).bmp,calib,2,-1.067456,1.213372,-0.145918
smids/Non-Sperm/Non-Sperm (92).bmp,calib,2,-3.044691,-0.788636,3.833323
smids/Non-Sperm/Non-Sperm (929).bmp,calib,2,-0.098715,0.266206,-0.167495
smids/Non-Sperm/Non-Sperm (941).bmp,calib,2,-1.753756,0.331782,1.421971
smids/Non-Sperm/Non-Sperm (942).bmp,calib,2,0.006533,-1.222158,1.215623
smids/Non-Sperm/Non-Sperm (945).bmp,calib,2,0.025942,-1.359423,1.333476
smids/Non-Sperm/Non-Sperm (954).bmp,calib,2,-0.882214,-1.673561,2.555772
smids/Non-Sperm/Non-Sperm (961).bmp,calib,2,-1.807695,-0.330356,2.138049
smids/Non-Sperm/Non-Sperm (962).bmp,calib,2,-1.499316,-0.893334,2.392648
smids/Non-Sperm/Non-Sperm (966).bmp,calib,2,0.119842,-0.631233,0.511388
smids/Normal_Sperm/Normal_Sperm (100).bmp,calib,0,2.956313,-0.812794,-2.143524
smids/Normal_Sperm/Normal_Sperm (1000).bmp,calib,0,0.317360,1.328013,-1.645378
smids/Normal_Sperm/Normal_Sperm (1008).bmp,calib,0,2.754174,-0.247631,-2.506546
smids/Normal_Sperm/Normal_Sperm (1011).bmp,calib,0,1.577539,-0.392112,-1.185431
smids/Normal_Sperm/Normal_Sperm (1016).bmp,calib,0,1.401402,-0.014829,-1.386576
smids/Normal_Sperm/Normal_Sperm (1021).bmp,calib,0,2.576129,0.048226,-2.624362
smids/Normal_Sperm/Normal_Sperm (105).bmp,calib,0,2.557168,-1.529369,-1.027801
smids/Normal_Sperm/Normal_Sperm (114).bmp,calib,0,-0.454799,1.824511,-1.369718
smids/Normal_Sperm/Normal_Sperm (115).bmp,calib,0,0.480801,0.285393,-0.766197
smids/Normal_Sperm/Normal_Sperm (116).bmp,calib,0,3.847948,-0.290098,-3.557854
smids/Normal_Sperm/Normal_Sperm (118).bmp,calib,0,-1.364771,0.492121,0.872648
smids/Normal_Sperm/Normal_Sperm (122).bmp,calib,0,0.399120,-0.166091,-0.233032
smids/Normal_Sperm/Normal_Sperm (126).bmp,calib,0,2.825832,1.899089,-4.724925
smids/Normal_Sperm/Normal_Sperm (132).bmp,calib,0,1.755101,-0.353741,-1.401362
smids/Normal_Sperm/Normal_Sperm (136).bmp,calib,0,0.855388,0.485923,-1.341312
smids/Normal_Sperm/Normal_Sperm (140).bmp,calib,0,2.258890,-0.022467,-2.236425
smids/Normal_Sperm/Normal_Sperm (147).bmp,calib,0,4.274055,0.955253,-5.229314
smids/Normal_Sperm/Normal_Sperm (148).bmp,calib,0,1.285371,1.964582,-3.249956
smids/Normal_Sperm/Normal_Sperm (150).bmp,calib,0,1.754023,0.868611,-2.622640
smids/Normal_Sperm/Normal_Sperm (154).bmp,calib,0,1.647684,0.189229,-1.836917
smids/Normal_Sperm/Normal_Sperm (170).bmp,calib,0,2.332237,-0.350009,-1.982234
smids/Normal_Sperm/Normal_Sperm (171).bmp,calib,0,2.255495,0.155924,-2.411423
smids/Normal_Sperm/Normal_Sperm (175).bmp,calib,0,3.346841,0.318913,-3.665758
smids/Normal_Sperm/Normal_Sperm (178).bmp,calib,0,1.245618,-0.792337,-0.453284
smids/Normal_Sperm/Normal_Sperm (181).bmp,calib,0,1.483430,1.240269,-2.723705
smids/Normal_Sperm/Normal_Sperm (187).bmp,calib,0,1.158860,-0.266432,-0.892433
smids/Normal_Sperm/Normal_Sperm (190).bmp,calib,0,3.498265,1.576173,-5.074443
smids/Normal_Sperm/Normal_Sperm (198).bmp,calib,0,3.911393,-0.339169,-3.572229
smids/Normal_Sperm/Normal_Sperm (206).bmp,calib,0,4.025707,-0.161490,-3.864223
smids/Normal_Sperm/Normal_Sperm (21).bmp,calib,0,1.658037,-0.078850,-1.579193
smids/Normal_Sperm/Normal_Sperm (22).bmp,calib,0,0.023939,-0.541517,0.517576
smids/Normal_Sperm/Normal_Sperm (225).bmp,calib,0,0.208352,2.897474,-3.105829
smids/Normal_Sperm/Normal_Sperm (233).bmp,calib,0,3.104250,0.408935,-3.513190
smids/Normal_Sperm/Normal_Sperm (234).bmp,calib,0,1.382160,-0.881495,-0.500669
smids/Normal_Sperm/Normal_Sperm (235).bmp,calib,0,3.580745,-0.866778,-2.713970
smids/Normal_Sperm/Normal_Sperm (238).bmp,calib,0,1.453084,2.441546,-3.894635
smids/Normal_Sperm/Normal_Sperm (247).bmp,calib,0,1.672313,1.764318,-3.436633
smids/Normal_Sperm/Normal_Sperm (251).bmp,calib,0,2.523599,-0.143807,-2.379797
smids/Normal_Sperm/Normal_Sperm (261).bmp,calib,0,2.297936,0.114011,-2.411951
smids/Normal_Sperm/Normal_Sperm (264).bmp,calib,0,1.088501,1.242359,-2.330864
smids/Normal_Sperm/Normal_Sperm (265).bmp,calib,0,3.212302,0.507385,-3.719694
smids/Normal_Sperm/Normal_Sperm (274).bmp,calib,0,1.169760,-0.773527,-0.396237
smids/Normal_Sperm/Normal_Sperm (281).bmp,calib,0,2.457844,0.551451,-3.009299
smids/Normal_Sperm/Normal_Sperm (285).bmp,calib,0,-0.753509,-0.290967,1.044474
smids/Normal_Sperm/Normal_Sperm (289).bmp,calib,0,3.494131,0.674949,-4.169083
smids/Normal_Sperm/Normal_Sperm (295).bmp,calib,0,3.608913,1.905522,-5.514441
smids/Normal_Sperm/Normal_Sperm (3).bmp,calib,0,4.322856,1.631371,-5.954235
smids/Normal_Sperm/Normal_Sperm (301).bmp,calib,0,1.444484,0.173069,-1.617558
smids/Normal_Sperm/Normal_Sperm (337).bmp,calib,0,1.210618,0.676524,-1.887145
smids/Normal_Sperm/Normal_Sperm (35).bmp,calib,0,-0.476946,-1.207128,1.684073
smids/Normal_Sperm/Normal_Sperm (353).bmp,calib,0,1.015648,1.169307,-2.184959
smids/Normal_Sperm/Normal_Sperm (355).bmp,calib,0,-0.521506,1.810068,-1.288565
smids/Normal_Sperm/Normal_Sperm (365).bmp,calib,0,1.341126,-0.231209,-1.109921
smids/Normal_Sperm/Normal_Sperm (368).bmp,calib,0,1.431633,0.252699,-1.684336
smids/Normal_Sperm/Normal_Sperm (370).bmp,calib,0,2.421688,0.762193,-3.183887
smids/Normal_Sperm/Normal_Sperm (374).bmp,calib,0,2.109531,1.131567,-3.241103
smids/Normal_Sperm/Normal_Sperm (390).bmp,calib,0,-0.562410,0.295385,0.267020
smids/Normal_Sperm/Normal_Sperm (394).bmp,calib,0,1.354292,1.329872,-2.684168
smids/Normal_Sperm/Normal_Sperm (401).bmp,calib,0,2.357153,1.633896,-3.991055
smids/Normal_Sperm/Normal_Sperm (41).bmp,calib,0,0.450281,-2.541358,2.091074
smids/Normal_Sperm/Normal_Sperm (415).bmp,calib,0,-0.241723,0.280250,-0.038530
smids/Normal_Sperm/Normal_Sperm (416).bmp,calib,0,2.390991,0.663200,-3.054196
smids/Normal_Sperm/Normal_Sperm (42).bmp,calib,0,-0.076774,0.299245,-0.222473
smids/Normal_Sperm/Normal_Sperm (420).bmp,calib,0,3.471348,1.053926,-4.525276
smids/Normal_Sperm/Normal_Sperm (422).bmp,calib,0,2.955401,0.332044,-3.287449
smids/Normal_Sperm/Normal_Sperm (445).bmp,calib,0,2.788425,0.397038,-3.185467
smids/Normal_Sperm/Normal_Sperm (453).bmp,calib,0,2.586978,0.365652,-2.952633
smids/Normal_Sperm/Normal_Sperm (454).bmp,calib,0,2.449078,0.674908,-3.123989
smids/Normal_Sperm/Normal_Sperm (467).bmp,calib,0,3.542610,0.234405,-3.777020
smids/Normal_Sperm/Normal_Sperm (478).bmp,calib,0,1.124917,1.342107,-2.467028
smids/Normal_Sperm/Normal_Sperm (479).bmp,calib,0,1.677046,-0.150187,-1.526863
smids/Normal_Sperm/Normal_Sperm (480).bmp,calib,0,5.208660,-0.119176,-5.089489
smids/Normal_Sperm/Normal_Sperm (484).bmp,calib,0,4.072390,0.006752,-4.079149
smids/Normal_Sperm/Normal_Sperm (489).bmp,calib,0,2.974815,0.348505,-3.323323
smids/Normal_Sperm/Normal_Sperm (494).bmp,calib,0,2.592763,1.653648,-4.246416
smids/Normal_Sperm/Normal_Sperm (5).bmp,calib,0,4.235000,0.304956,-4.539959
smids/Normal_Sperm/Normal_Sperm (50).bmp,calib,0,4.522574,1.244873,-5.767450
smids/Normal_Sperm/Normal_Sperm (51).bmp,calib,0,3.169042,1.107163,-4.276211
smids/Normal_Sperm/Normal_Sperm (512).bmp,calib,0,1.845891,1.085699,-2.931597
smids/Normal_Sperm/Normal_Sperm (513).bmp,calib,0,2.841645,-0.103146,-2.738504
smids/Normal_Sperm/Normal_Sperm (517).bmp,calib,0,0.781460,0.710228,-1.491692
smids/Normal_Sperm/Normal_Sperm (518).bmp,calib,0,3.977421,-0.961265,-3.016161
smids/Normal_Sperm/Normal_Sperm (519).bmp,calib,0,2.771608,-1.057053,-1.714559
smids/Normal_Sperm/Normal_Sperm (521).bmp,calib,0,3.027047,-0.276744,-2.750307
smids/Normal_Sperm/Normal_Sperm (524).bmp,calib,0,4.137547,0.465094,-4.602645
smids/Normal_Sperm/Normal_Sperm (528).bmp,calib,0,2.108409,2.044304,-4.152719
smids/Normal_Sperm/Normal_Sperm (531).bmp,calib,0,2.355191,0.537005,-2.892201
smids/Normal_Sperm/Normal_Sperm (535).bmp,calib,0,1.650571,-0.129158,-1.521418
smids/Normal_Sperm/Normal_Sperm (554).bmp,calib,0,3.547282,-0.406962,-3.140327
smids/Normal_Sperm/Normal_Sperm (557).bmp,calib,0,1.160720,0.430177,-1.590903
smids/Normal_Sperm/Normal_Sperm (558).bmp,calib,0,1.278571,-0.288709,-0.989866
smids/Normal_Sperm/Normal_Sperm (570).bmp,calib,0,1.157222,0.996015,-2.153242
smids/Normal_Sperm/Normal_Sperm (571).bmp,calib,0,2.790511,-0.582881,-2.207636
smids/Normal_Sperm/Normal_Sperm (591).bmp,calib,0,3.487309,0.121089,-3.608403
smids/Normal_Sperm/Normal_Sperm (593).bmp,calib,0,3.488490,-0.384721,-3.103774
smids/Normal_Sperm/Normal_Sperm (594).bmp,calib,0,2.475095,0.020729,-2.495829
smids/Normal_Sperm/Normal_Sperm (602).bmp,calib,0,1.286467,-0.168162,-1.118309
smids/Normal_Sperm/Normal_Sperm (606).bmp,calib,0,1.789528,0.146149,-1.935681
smids/Normal_Sperm/Normal_Sperm (617).bmp,calib,0,3.931687,0.064969,-3.996664
smids/Normal_Sperm/Normal_Sperm (619).bmp,calib,0,2.771994,-0.174218,-2.597780
smids/Normal_Sperm/Normal_Sperm (627).bmp,calib,0,2.702551,0.552517,-3.255073
smids/Normal_Sperm/Normal_Sperm (63).bmp,calib,0,0.473243,1.293210,-1.766454
smids/Normal_Sperm/Normal_Sperm (640).bmp,calib,0,2.322787,-0.747981,-1.574811
smids/Normal_Sperm/Normal_Sperm (657).bmp,calib,0,1.412344,-1.040959,-0.371388
smids/Normal_Sperm/Normal_Sperm (661).bmp,calib,0,2.349908,0.911736,-3.261649
smids/Normal_Sperm/Normal_Sperm (667).bmp,calib,0,2.919294,0.628860,-3.548158
smids/Normal_Sperm/Normal_Sperm (674).bmp,calib,0,3.919365,-0.922638,-2.996732
smids/Normal_Sperm/Normal_Sperm (679).bmp,calib,0,5.492106,-0.524747,-4.967366
smids/Normal_Sperm/Normal_Sperm (683).bmp,calib,0,4.559752,0.578968,-5.138725
smids/Normal_Sperm/Normal_Sperm (695).bmp,calib,0,4.120747,1.654856,-5.775612
smids/Normal_Sperm/Normal_Sperm (698).bmp,calib,0,3.591239,-0.947126,-2.644118
smids/Normal_Sperm/Normal_Sperm (71).bmp,calib,0,2.785778,1.217865,-4.003646
smids/Normal_Sperm/Normal_Sperm (719).bmp,calib,0,2.066507,-0.460699,-1.605812
smids/Normal_Sperm/Normal_Sperm (72).bmp,calib,0,2.972828,-0.867523,-2.105308
smids/Normal_Sperm/Normal_Sperm (722).bmp,calib,0,3.403855,0.445491,-3.849347
smids/Normal_Sperm/Normal_Sperm (723).bmp,calib,0,4.277489,0.349688,-4.627184
smids/Normal_Sperm/Normal_Sperm (727).bmp,calib,0,1.912954,-0.119049,-1.793910
smids/Normal_Sperm/Normal_Sperm (735).bmp,calib,0,3.090688,-0.040034,-3.050659
smids/Normal_Sperm/Normal_Sperm (74).bmp,calib,0,1.438609,1.347017,-2.785630
smids/Normal_Sperm/Normal_Sperm (742).bmp,calib,0,4.072132,1.138801,-5.210937
smids/Normal_Sperm/Normal_Sperm (745).bmp,calib,0,3.979817,-0.721485,-3.258335
smids/Normal_Sperm/Normal_Sperm (763).bmp,calib,0,3.646380,-1.262874,-2.383511
smids/Normal_Sperm/Normal_Sperm (765).bmp,calib,0,3.862339,1.674389,-5.536736
smids/Normal_Sperm/Normal_Sperm (770).bmp,calib,0,0.186268,-0.649368,0.463096
smids/Normal_Sperm/Normal_Sperm (782).bmp,calib,0,4.353799,-0.236741,-4.117065
smids/Normal_Sperm/Normal_Sperm (79).bmp,calib,0,1.776674,-0.411245,-1.365432
smids/Normal_Sperm/Normal_Sperm (805).bmp,calib,0,-0.505401,0.483115,0.022280
smids/Normal_Sperm/Normal_Sperm (813).bmp,calib,0,1.010245,-0.747246,-0.263003
smids/Normal_Sperm/Normal_Sperm (818).bmp,calib,0,0.151058,0.546518,-0.697580
smids/Normal_Sperm/Normal_Sperm (821).bmp,calib,0,3.896292,1.077083,-4.973381
smids/Normal_Sperm/Normal_Sperm (825).bmp,calib,0,0.962608,-0.626324,-0.336286
smids/Normal_Sperm/Normal_Sperm (826).bmp,calib,0,1.750293,1.465067,-3.215366
smids/Normal_Sperm/Normal_Sperm (833).bmp,calib,0,1.572297,-0.514931,-1.057369
smids/Normal_Sperm/Normal_Sperm (837).bmp,calib,0,0.610168,1.846174,-2.456346
smids/Normal_Sperm/Normal_Sperm (838).bmp,calib,0,2.956644,0.986766,-3.943415
smids/Normal_Sperm/Normal_Sperm (856).bmp,calib,0,3.095520,0.199545,-3.295072
smids/Normal_Sperm/Normal_Sperm (863).bmp,calib,0,-0.070867,-0.646660,0.717522
smids/Normal_Sperm/Normal_Sperm (872).bmp,calib,0,0.926389,0.272632,-1.199026
smids/Normal_Sperm/Normal_Sperm (874).bmp,calib,0,1.774890,0.036326,-1.811221
smids/Normal_Sperm/Normal_Sperm (880).bmp,calib,0,0.420058,2.141071,-2.561132
smids/Normal_Sperm/Normal_Sperm (882).bmp,calib,0,2.340965,1.515958,-3.856928
smids/Normal_Sperm/Normal_Sperm (891).bmp,calib,0,3.269251,0.210461,-3.479717
smids/Normal_Sperm/Normal_Sperm (896).bmp,calib,0,3.365782,0.173884,-3.539670
smids/Normal_Sperm/Normal_Sperm (9).bmp,calib,0,0.536922,-1.748953,1.212028
smids/Normal_Sperm/Normal_Sperm (902).bmp,calib,0,3.664378,0.832101,-4.496484
smids/Normal_Sperm/Normal_Sperm (904).bmp,calib,0,3.821265,0.623435,-4.444707
smids/Normal_Sperm/Normal_Sperm (907).bmp,calib,0,-0.606469,2.811301,-2.204837
smids/Normal_Sperm/Normal_Sperm (91).bmp,calib,0,0.962758,-1.230610,0.267849
smids/Normal_Sperm/Normal_Sperm (915).bmp,calib,0,0.109766,1.302381,-1.412152
smids/Normal_Sperm/Normal_Sperm (921).bmp,calib,0,3.505409,0.849292,-4.354708
smids/Normal_Sperm/Normal_Sperm (924).bmp,calib,0,3.928480,0.585579,-4.514065
smids/Normal_Sperm/Normal_Sperm (938).bmp,calib,0,2.347338,1.299440,-3.646783
smids/Normal_Sperm/Normal_Sperm (948).bmp,calib,0,4.245311,2.321319,-6.566635
smids/Normal_Sperm/Normal_Sperm (951).bmp,calib,0,2.173596,1.221509,-3.395109
smids/Normal_Sperm/Normal_Sperm (957).bmp,calib,0,4.060641,2.622663,-6.683309
smids/Normal_Sperm/Normal_Sperm (983).bmp,calib,0,0.753991,1.773795,-2.527790
smids/Normal_Sperm/Normal_Sperm (987).bmp,calib,0,2.086732,0.454604,-2.541342
smids/Normal_Sperm/Normal_Sperm (990).bmp,calib,0,2.583498,0.902198,-3.485700
smids/Normal_Sperm/Normal_Sperm (993).bmp,calib,0,1.747645,-0.116653,-1.630997
smids/Normal_Sperm/Normal_Sperm (995).bmp,calib,0,2.132437,-0.268300,-1.864140
smids/Abnormal_Sperm/Abnormal_Sperm (10).bmp,test,1,2.972471,1.620304,-4.592779
smids/Abnormal_Sperm/Abnormal_Sperm (100).bmp,test,1,1.456748,1.794345,-3.251097
smids/Abnormal_Sperm/Abnormal_Sperm (1005).bmp,test,1,-1.526837,2.434429,-0.907595
smids/Abnormal_Sperm/Abnormal_Sperm (101).bmp,test,1,-1.596895,2.352977,-0.756086
smids/Abnormal_Sperm/Abnormal_Sperm (104).bmp,test,1,3.014409,1.259403,-4.273816
smids/Abnormal_Sperm/Abnormal_Sperm (107).bmp,test,1,0.288605,2.281856,-2.570462
smids/Abnormal_Sperm/Abnormal_Sperm (111).bmp,test,1,-0.262299,0.524416,-0.262121
smids/Abnormal_Sperm/Abnormal_Sperm (114).bmp,test,1,-0.399200,0.755426,-0.356230
smids/Abnormal_Sperm/Abnormal_Sperm (121).bmp,test,1,0.360984,1.023461,-1.384448
smids/Abnormal_Sperm/Abnormal_Sperm (131).bmp,test,1,-0.681501,4.292719,-3.611223
smids/Abnormal_Sperm/Abnormal_Sperm (132).bmp,test,1,0.784555,2.532095,-3.316653
smids/Abnormal_Sperm/Abnormal_Sperm (139).bmp,test,1,0.908495,3.072980,-3.981482
smids/Abnormal_Sperm/Abnormal_Sperm (15).bmp,test,1,-0.823573,1.294119,-0.470550
smids/Abnormal_Sperm/Abnormal_Sperm (153).bmp,test,1,-1.094611,4.081790,-2.987183
smids/Abnormal_Sperm/Abnormal_Sperm (155).bmp,test,1,-0.899425,2.206963,-1.307542
smids/Abnormal_Sperm/Abnormal_Sperm (160).bmp,test,1,-0.964238,2.070252,-1.106016
smids/Abnormal_Sperm/Abnormal_Sperm (167).bmp,test,1,1.124638,2.951089,-4.075732
smids/Abnormal_Sperm/Abnormal_Sperm (170).bmp,test,1,-1.697473,2.327812,-0.630343
smids/Abnormal_Sperm/Abnormal_Sperm (182).bmp,test,1,1.460269,3.922793,-5.383067
smids/Abnormal_Sperm/Abnormal_Sperm (187).bmp,test,1,0.247592,3.548427,-3.796021
smids/Abnormal_Sperm/Abnormal_Sperm (189).bmp,test,1,-2.235182,2.166687,0.068492
smids/Abnormal_Sperm/Abnormal_Sperm (190).bmp,test,1,-0.258222,3.314462,-3.056246
smids/Abnormal_Sperm/Abnormal_Sperm (197).bmp,test,1,0.514779,3.180749,-3.695534
smids/Abnormal_Sperm/Abnormal_Sperm (198).bmp,test,1,-0.719301,3.424405,-2.705108
smids/Abnormal_Sperm/Abnormal_Sperm (202).bmp,test,1,0.385871,2.407641,-2.793517
smids/Abnormal_Sperm/Abnormal_Sperm (204).bmp,test,1,-1.708202,3.046952,-1.338755
smids/Abnormal_Sperm/Abnormal_Sperm (207).bmp,test,1,0.270693,3.020877,-3.291572
smids/Abnormal_Sperm/Abnormal_Sperm (209).bmp,test,1,-0.458209,1.083777,-0.625571
smids/Abnormal_Sperm/Abnormal_Sperm (212).bmp,test,1,-0.124343,2.740694,-2.616354
smids/Abnormal_Sperm/Abnormal_Sperm (213).bmp,test,1,0.557456,3.121307,-3.678771
smids/Abnormal_Sperm/Abnormal_Sperm (214).bmp,test,1,-0.642178,1.709113,-1.066937
smids/Abnormal_Sperm/Abnormal_Sperm (219).bmp,test,1,-2.138501,2.424058,-0.285562
smids/Abnormal_Sperm/Abnormal_Sperm (226).bmp,test,1,-0.877805,1.600671,-0.722868
smids/Abnormal_Sperm/Abnormal_Sperm (229).bmp,test,1,0.726304,2.924278,-3.650586
smids/Abnormal_Sperm/Abnormal_Sperm (232).bmp,test,1,-1.011653,2.271683,-1.260035
smids/Abnormal_Sperm/Abnormal_Sperm (236).bmp,test,1,1.638256,1.463742,-3.102004
smids/Abnormal_Sperm/Abnormal_Sperm (242).bmp,test,1,0.897783,1.371740,-2.269526
smids/Abnormal_Sperm/Abnormal_Sperm (245).bmp,test,1,1.280334,2.392273,-3.672613
smids/Abnormal_Sperm/Abnormal_Sperm (256).bmp,test,1,-1.124008,2.181504,-1.057499
smids/Abnormal_Sperm/Abnormal_Sperm (258).bmp,test,1,-0.917622,3.482038,-2.564419
smids/Abnormal_Sperm/Abnormal_Sperm (260).bmp,test,1,-0.857262,2.381939,-1.524679
smids/Abnormal_Sperm/Abnormal_Sperm (261).bmp,test,1,3.052114,1.111981,-4.164098
smids/Abnormal_Sperm/Abnormal_Sperm (272).bmp,test,1,0.196967,3.772212,-3.969185
smids/Abnormal_Sperm/Abnormal_Sperm (275).bmp,test,1,0.045968,3.460433,-3.506405
smids/Abnormal_Sperm/Abnormal_Sperm (281).bmp,test,1,0.276077,2.620223,-2.896305
smids/Abnormal_Sperm/Abnormal_Sperm (282).bmp,test,1,-1.931707,2.339410,-0.407705
smids/Abnormal_Sperm/Abnormal_Sperm (283).bmp,test,1,-1.687726,1.395411,0.292312
smids/Abnormal_Sperm/Abnormal_Sperm (295).bmp,test,1,0.239299,2.427413,-2.666715
smids/Abnormal_Sperm/Abnormal_Sperm (304).bmp,test,1,-1.688507,2.822212,-1.133708
smids/Abnormal_Sperm/Abnormal_Sperm (319).bmp,test,1,0.780657,2.147574,-2.928234
smids/Abnormal_Sperm/Abnormal_Sperm (320).bmp,test,1,-1.159179,2.342182,-1.183007
smids/Abnormal_Sperm/Abnormal_Sperm (323).bmp,test,1,-0.637761,1.419362,-0.781605
smids/Abnormal_Sperm/Abnormal_Sperm (326).bmp,test,1,-1.674833,3.412689,-1.737861
smids/Abnormal_Sperm/Abnormal_Sperm (328).bmp,test,1,-0.935911,1.274724,-0.338817
smids/Abnormal_Sperm/Abnormal_Sperm (330).bmp,test,1,0.654155,3.078321,-3.732480
smids/Abnormal_Sperm/Abnormal_Sperm (331).bmp,test,1,-1.051450,1.811686,-0.760239
smids/Abnormal_Sperm/Abnormal_Sperm (333).bmp,test,1,-0.225910,2.343958,-2.118051
smids/Abnormal_Sperm/Abnormal_Sperm (335).bmp,test,1,2.337101,1.224302,-3.561406
smids/Abnormal_Sperm/Abnormal_Sperm (336).bmp,test,1,-2.552693,2.921048,-0.368358
smids/Abnormal_Sperm/Abnormal_Sperm (34).bmp,test,1,-1.369746,0.368202,1.001542
smids/Abnormal_Sperm/Abnormal_Sperm (340).bmp,test,1,-1.598742,1.463442,0.135296
smids/Abnormal_Sperm/Abnormal_Sperm (342).bmp,test,1,-0.313010,2.325624,-2.012620
smids/Abnormal_Sperm/Abnormal_Sperm (351).bmp,test,1,0.809950,-0.144521,-0.665431
smids/Abnormal_Sperm/Abnormal_Sperm (353).bmp,test,1,-1.910160,2.182703,-0.272546
smids/Abnormal_Sperm/Abnormal_Sperm (356).bmp,test,1,-0.189055,2.223983,-2.034932
smids/Abnormal_Sperm/Abnormal_Sperm (360).bmp,test,1,0.178547,2.096300,-2.274852
smids/Abnormal_Sperm/Abnormal_Sperm (367).bmp,test,1,1.831088,2.029562,-3.860656
smids/Abnormal_Sperm/Abnormal_Sperm (370).bmp,test,1,0.397611,0.235955,-0.633570
smids/Abnormal_Sperm/Abnormal_Sperm (371).bmp,test,1,1.255513,3.415922,-4.671440
smids/Abnormal_Sperm/Abnormal_Sperm (381).bmp,test,1,0.185421,1.876671,-2.062097
smids/Abnormal_Sperm/Abnormal_Sperm (382).bmp,test,1,-0.773743,1.433115,-0.659376
smids/Abnormal_Sperm/Abnormal_Sperm (388).bmp,test,1,-2.133997,2.052669,0.081326
smids/Abnormal_Sperm/Abnormal_Sperm (390).bmp,test,1,0.712911,1.732060,-2.444974
smids/Abnormal_Sperm/Abnormal_Sperm (395).bmp,test,1,-1.335633,4.269844,-2.934212
smids/Abnormal_Sperm/Abnormal_Sperm (396).bmp,test,1,0.344460,2.102569,-2.447032
smids/Abnormal_Sperm/Abnormal_Sperm (399).bmp,test,1,-1.366870,1.328094,0.038771
smids/Abnormal_Sperm/Abnormal_Sperm (401).bmp,test,1,-0.878332,2.733875,-1.855545
smids/Abnormal_Sperm/Abnormal_Sperm (405).bmp,test,1,-2.869978,1.724011,1.145964
smids/Abnormal_Sperm/Abnormal_Sperm (406).bmp,test,1,0.182583,1.872410,-2.054996
smids/Abnormal_Sperm/Abnormal_Sperm (413).bmp,test,1,-1.797199,3.679170,-1.881974
smids/Abnormal_Sperm/Abnormal_Sperm (416).bmp,test,1,-1.084763,2.281517,-1.196756
smids/Abnormal_Sperm/Abnormal_Sperm (417).bmp,test,1,-0.602962,1.447113,-0.844155
smids/Abnormal_Sperm/Abnormal_Sperm (418).bmp,test,1,-1.863947,2.393429,-0.529487
smids/Abnormal_Sperm/Abnormal_Sperm (422).bmp,test,1,-0.358107,1.233104,-0.875000
smids/Abnormal_Sperm/Abnormal_Sperm (424).bmp,test,1,-0.730663,2.545864,-1.815205
smids/Abnormal_Sperm/Abnormal_Sperm (427).bmp,test,1,0.645341,2.340257,-2.985601
smids/Abnormal_Sperm/Abnormal_Sperm (43).bmp,test,1,-0.678971,2.714036,-2.035070
smids/Abnormal_Sperm/Abnormal_Sperm (434).bmp,test,1,-0.167644,2.106346,-1.938706
smids/Abnormal_Sperm/Abnormal_Sperm (436).bmp,test,1,0.189278,2.700112,-2.889393
smids/Abnormal_Sperm/Abnormal_Sperm (437).bmp,test,1,0.693055,2.665722,-3.358782
smids/Abnormal_Sperm/Abnormal_Sperm (442).bmp,test,1,-1.075734,2.168179,-1.092450
smids/Abnormal_Sperm/Abnormal_Sperm (448).bmp,test,1,-2.166700,2.326823,-0.160126
smids/Abnormal_Sperm/Abnormal_Sperm (452).bmp,test,1,-0.759744,2.109871,-1.350133
smids/Abnormal_Sperm/Abnormal_Sperm (456).bmp,test,1,0.143364,3.418185,-3.561554
smids/Abnormal_Sperm/Abnormal_Sperm (465).bmp,test,1,-1.042731,1.576301,-0.533573
smids/Abnormal_Sperm/Abnormal_Sperm (468).bmp,test,1,-2.338485,1.723636,0.614846
smids/Abnormal_Sperm/Abnormal_Sperm (469).bmp,test,1,-0.828121,1.695959,-0.867842
smids/Abnormal_Sperm/Abnormal_Sperm (476).bmp,test,1,0.676041,1.197249,-1.873295
smids/Abnormal_Sperm/Abnormal_Sperm (48).bmp,test,1,-0.527150,1.608513,-1.081369
smids/Abnormal_Sperm/Abnormal_Sperm (481).bmp,test,1,0.592220,-0.024341,-0.567882
smids/Abnormal_Sperm/Abnormal_Sperm (482).bmp,test,1,-0.762559,1.200160,-0.437603
smids/Abnormal_Sperm/Abnormal_Sperm (492).bmp,test,1,1.803254,-0.488258,-1.315000
smids/Abnormal_Sperm/Abnormal_Sperm (499).bmp,test,1,0.547877,-2.403926,1.856049
smids/Abnormal_Sperm/Abnormal_Sperm (503).bmp,test,1,-1.845866,0.021320,1.824541
smids/Abnormal_Sperm/Abnormal_Sperm (507).bmp,test,1,-2.598983,1.646005,0.952973
smids/Abnormal_Sperm/Abnormal_Sperm (508).bmp,test,1,-0.398998,-1.319743,1.718737
smids/Abnormal_Sperm/Abnormal_Sperm (516).bmp,test,1,-2.239787,2.026230,0.213554
smids/Abnormal_Sperm/Abnormal_Sperm (519).bmp,test,1,2.041309,1.833726,-3.875040
smids/Abnormal_Sperm/Abnormal_Sperm (524).bmp,test,1,-3.204700,0.647395,2.557300
smids/Abnormal_Sperm/Abnormal_Sperm (53).bmp,test,1,0.172921,1.385154,-1.558079
smids/Abnormal_Sperm/Abnormal_Sperm (532).bmp,test,1,-2.090682,1.731056,0.359622
smids/Abnormal_Sperm/Abnormal_Sperm (541).bmp,test,1,-1.059294,1.978294,-0.919003
smids/Abnormal_Sperm/Abnormal_Sperm (545).bmp,test,1,-0.582642,0.066991,0.515650
smids/Abnormal_Sperm/Abnormal_Sperm (548).bmp,test,1,-1.614169,1.941379,-0.327211
smids/Abnormal_Sperm/Abnormal_Sperm (551).bmp,test,1,-1.139640,-0.381039,1.520675
smids/Abnormal_Sperm/Abnormal_Sperm (560).bmp,test,1,0.636232,0.344982,-0.981220
smids/Abnormal_Sperm/Abnormal_Sperm (564).bmp,test,1,-1.226346,0.666660,0.559682
smids/Abnormal_Sperm/Abnormal_Sperm (566).bmp,test,1,2.087893,2.098958,-4.186858
smids/Abnormal_Sperm/Abnormal_Sperm (58).bmp,test,1,-1.608758,2.760093,-1.151338
smids/Abnormal_Sperm/Abnormal_Sperm (580).bmp,test,1,0.391872,1.586931,-1.978807
smids/Abnormal_Sperm/Abnormal_Sperm (583).bmp,test,1,1.601918,2.604734,-4.206655
smids/Abnormal_Sperm/Abnormal_Sperm (587).bmp,test,1,-1.598458,1.821509,-0.223052
smids/Abnormal_Sperm/Abnormal_Sperm (590).bmp,test,1,-1.251154,1.186090,0.065062
smids/Abnormal_Sperm/Abnormal_Sperm (591).bmp,test,1,-3.280108,2.214287,1.065821
smids/Abnormal_Sperm/Abnormal_Sperm (603).bmp,test,1,0.465089,-0.044406,-0.420685
smids/Abnormal_Sperm/Abnormal_Sperm (604).bmp,test,1,1.844078,0.891813,-2.735897
smids/Abnormal_Sperm/Abnormal_Sperm (605).bmp,test,1,-0.729503,-0.128582,0.858084
smids/Abnormal_Sperm/Abnormal_Sperm (606).bmp,test,1,3.519990,-1.083600,-2.436395
smids/Abnormal_Sperm/Abnormal_Sperm (610).bmp,test,1,1.545789,0.257326,-1.803118
smids/Abnormal_Sperm/Abnormal_Sperm (611).bmp,test,1,1.132522,0.780083,-1.912609
smids/Abnormal_Sperm/Abnormal_Sperm (615).bmp,test,1,1.461044,0.949082,-2.410131
smids/Abnormal_Sperm/Abnormal_Sperm (627).bmp,test,1,-1.326404,-0.842875,2.169277
smids/Abnormal_Sperm/Abnormal_Sperm (641).bmp,test,1,-0.866089,2.171746,-1.305661
smids/Abnormal_Sperm/Abnormal_Sperm (65).bmp,test,1,0.135345,1.649414,-1.784764
smids/Abnormal_Sperm/Abnormal_Sperm (650).bmp,test,1,1.814517,3.003241,-4.817760
smids/Abnormal_Sperm/Abnormal_Sperm (659).bmp,test,1,-1.540832,0.965072,0.575756
smids/Abnormal_Sperm/Abnormal_Sperm (660).bmp,test,1,2.588021,0.775534,-3.363559
smids/Abnormal_Sperm/Abnormal_Sperm (665).bmp,test,1,-0.343250,1.711582,-1.368335
smids/Abnormal_Sperm/Abnormal_Sperm (668).bmp,test,1,-3.060688,2.874590,0.186095
smids/Abnormal_Sperm/Abnormal_Sperm (674).bmp,test,1,0.661498,2.839602,-3.501104
smids/Abnormal_Sperm/Abnormal_Sperm (68).bmp,test,1,0.381939,3.015045,-3.396988
smids/Abnormal_Sperm/Abnormal_Sperm (681).bmp,test,1,-1.038600,1.574964,-0.536367
smids/Abnormal_Sperm/Abnormal_Sperm (685).bmp,test,1,0.763006,1.432552,-2.195561
smids/Abnormal_Sperm/Abnormal_Sperm (690).bmp,test,1,0.431455,1.878253,-2.309712
smids/Abnormal_Sperm/Abnormal_Sperm (702).bmp,test,1,-1.407626,2.356078,-0.948457
smids/Abnormal_Sperm/Abnormal_Sperm (705).bmp,test,1,-0.304942,0.759076,-0.454139
smids/Abnormal_Sperm/Abnormal_Sperm (708).bmp,test,1,0.348740,2.008741,-2.357483
smids/Abnormal_Sperm/Abnormal_Sperm (713).bmp,test,1,0.669385,1.876047,-2.545437
smids/Abnormal_Sperm/Abnormal_Sperm (718).bmp,test,1,0.100106,0.735889,-0.836000
smids/Abnormal_Sperm/Abnormal_Sperm (719).bmp,test,1,-2.062838,3.329295,-1.266460
smids/Abnormal_Sperm/Abnormal_Sperm (721).bmp,test,1,-0.005046,0.578010,-0.572967
smids/Abnormal_Sperm/Abnormal_Sperm (722).bmp,test,1,1.503742,1.883638,-3.387384
smids/Abnormal_Sperm/Abnormal_Sperm (729).bmp,test,1,-0.690510,0.798076,-0.107569
smids/Abnormal_Sperm/Abnormal_Sperm (730).bmp,test,1,0.673837,0.925667,-1.599509
smids/Abnormal_Sperm/Abnormal_Sperm (735).bmp,test,1,0.941974,0.002391,-0.944370
smids/Abnormal_Sperm/Abnormal_Sperm (760).bmp,test,1,2.352682,1.437331,-3.790018
smids/Abnormal_Sperm/Abnormal_Sperm (764).bmp,test,1,2.069954,-0.025495,-2.044465
smids/Abnormal_Sperm/Abnormal_Sperm (78).bmp,test,1,-1.135813,2.730346,-1.594536
smids/Abnormal_Sperm/Abnormal_Sperm (79).bmp,test,1,-1.578974,0.895768,0.683203
smids/Abnormal_Sperm/Abnormal_Sperm (797).bmp,test,1,1.756927,0.748018,-2.504951
smids/Abnormal_Sperm/Abnormal_Sperm (803).bmp,test,1,0.868531,2.051916,-2.920453
smids/Abnormal_Sperm/Abnormal_Sperm (809).bmp,test,1,1.062903,1.631016,-2.693925
smids/Abnormal_Sperm/Abnormal_Sperm (812).bmp,test,1,1.455246,2.366609,-3.821860
smids/Abnormal_Sperm/Abnormal_Sperm (813).bmp,test,1,3.017578,1.541833,-4.559415
smids/Abnormal_Sperm/Abnormal_Sperm (822).bmp,test,1,0.500916,0.662700,-1.163622
smids/Abnormal_Sperm/Abnormal_Sperm (823).bmp,test,1,-0.696282,2.592783,-1.896506
smids/Abnormal_Sperm/Abnormal_Sperm (83).bmp,test,1,1.413414,0.789122,-2.202540
smids/Abnormal_Sperm/Abnormal_Sperm (830).bmp,test,1,1.400160,1.095523,-2.495689
smids/Abnormal_Sperm/Abnormal_Sperm (835).bmp,test,1,-0.192696,2.449418,-2.256725
smids/Abnormal_Sperm/Abnormal_Sperm (837).bmp,test,1,2.621300,0.261765,-2.883069
smids/Abnormal_Sperm/Abnormal_Sperm (845).bmp,test,1,-0.002600,1.566725,-1.564130
smids/Abnormal_Sperm/Abnormal_Sperm (851).bmp,test,1,1.008303,0.870377,-1.878684
smids/Abnormal_Sperm/Abnormal_Sperm (855).bmp,test,1,1.885315,2.167997,-4.053316
smids/Abnormal_Sperm/Abnormal_Sperm (856).bmp,test,1,0.628361,2.574253,-3.202617
smids/Abnormal_Sperm/Abnormal_Sperm (859).bmp,test,1,-0.478097,2.136217,-1.658124
smids/Abnormal_Sperm/Abnormal_Sperm (861).bmp,test,1,1.699634,1.515516,-3.215156
smids/Abnormal_Sperm/Abnormal_Sperm (866).bmp,test,1,0.412856,1.111905,-1.524765
smids/Abnormal_Sperm/Abnormal_Sperm (869).bmp,test,1,0.268935,1.915263,-2.184201
smids/Abnormal_Sperm/Abnormal_Sperm (872).bmp,test,1,0.313767,1.143589,-1.457362
smids/Abnormal_Sperm/Abnormal_Sperm (875).bmp,test,1,0.302623,1.867824,-2.170452
smids/Abnormal_Sperm/Abnormal_Sperm (880).bmp,test,1,2.212577,-0.160102,-2.052478
smids/Abnormal_Sperm/Abnormal_Sperm (882).bmp,test,1,1.066728,2.120569,-3.187302
smids/Abnormal_Sperm/Abnormal_Sperm (885).bmp,test,1,0.920479,0.855242,-1.775724
smids/Abnormal_Sperm/Abnormal_Sperm (89).bmp,test,1,-2.526694,2.775661,-0.248970
smids/Abnormal_Sperm/Abnormal_Sperm (894).bmp,test,1,2.260397,1.093998,-3.354400
smids/Abnormal_Sperm/Abnormal_Sperm (913).bmp,test,1,0.118491,1.193006,-1.311501
smids/Abnormal_Sperm/Abnormal_Sperm (914).bmp,test,1,0.287483,1.010562,-1.298049
smids/Abnormal_Sperm/Abnormal_Sperm (941).bmp,test,1,-0.356245,0.866215,-0.509974
smids/Abnormal_Sperm/Abnormal_Sperm (956).bmp,test,1,-0.496338,0.855319,-0.358985
smids/Abnormal_Sperm/Abnormal_Sperm (964).bmp,test,1,-0.571690,3.636731,-3.065045
smids/Abnormal_Sperm/Abnormal_Sperm (966).bmp,test,1,-2.486839,1.991293,0.495545
smids/Abnormal_Sperm/Abnormal_Sperm (976).bmp,test,1,-1.353902,1.514007,-0.160108
smids/Abnormal_Sperm/Abnormal_Sperm (987).bmp,test,1,2.147261,-0.075213,-2.072052
smids/Abnormal_Sperm/Abnormal_Sperm (997).bmp,test,1,-0.194994,2.481284,-2.286293
smids/Abnormal_Sperm/Abnormal_Sperm (999).bmp,test,1,-2.047253,2.880558,-0.833309
smids/Non-Sperm/Non-Sperm (102).bmp,test,2,-0.862817,-1.958978,2.821793
smids/Non-Sperm/Non-Sperm (105).bmp,test,2,-0.584718,-3.218474,3.803191
smids/Non-Sperm/Non-Sperm (111).bmp,test,2,-1.009691,-1.533656,2.543345
smids/Non-Sperm/Non-Sperm (119).bmp,test,2,-2.195727,-1.408587,3.604314
smids/Non-Sperm/Non-Sperm (122).bmp,test,2,-1.877951,-2.773654,4.651605
smids/Non-Sperm/Non-Sperm (129).bmp,test,2,-0.530082,-1.401054,1.931136
smids/Non-Sperm/Non-Sperm (132).bmp,test,2,-0.504287,-1.463959,1.968245
smids/Non-Sperm/Non-Sperm (133).bmp,test,2,-1.377950,-2.307111,3.685059
smids/Non-Sperm/Non-Sperm (135).bmp,test,2,-1.270256,-2.850658,4.120911
smids/Non-Sperm/Non-Sperm (149).bmp,test,2,-1.410100,-2.411273,3.821371
smids/Non-Sperm/Non-Sperm (164).bmp,test,2,-1.633435,-1.638088,3.271522
smids/Non-Sperm/Non-Sperm (167).bmp,test,2,-2.760447,-1.968561,4.729007
smids/Non-Sperm/Non-Sperm (171).bmp,test,2,-0.427271,-2.258635,2.685903
smids/Non-Sperm/Non-Sperm (172).bmp,test,2,-1.474380,-1.201582,2.675961
smids/Non-Sperm/Non-Sperm (173).bmp,test,2,-1.525557,-2.111527,3.637084
smids/Non-Sperm/Non-Sperm (175).bmp,test,2,-2.263802,-2.223207,4.487005
smids/Non-Sperm/Non-Sperm (178).bmp,test,2,-0.727323,-1.687544,2.414866
smids/Non-Sperm/Non-Sperm (18).bmp,test,2,0.458311,-0.658339,0.200024
smids/Non-Sperm/Non-Sperm (183).bmp,test,2,-1.663634,-1.594358,3.257988
smids/Non-Sperm/Non-Sperm (196).bmp,test,2,-1.722657,-0.696907,2.419559
smids/Non-Sperm/Non-Sperm (202).bmp,test,2,-1.682070,-2.141113,3.823181
smids/Non-Sperm/Non-Sperm (203).bmp,test,2,-1.182553,-2.255552,3.438104
smids/Non-Sperm/Non-Sperm (205).bmp,test,2,-2.392493,-0.700492,3.092982
smids/Non-Sperm/Non-Sperm (209).bmp,test,2,-2.789984,-2.839239,5.629222
smids/Non-Sperm/Non-Sperm (215).bmp,test,2,-3.028870,-2.237317,5.266185
smids/Non-Sperm/Non-Sperm (217).bmp,test,2,-1.118579,-2.228803,3.347378
smids/Non-Sperm/Non-Sperm (226).bmp,test,2,-0.933506,-3.101107,4.034609
smids/Non-Sperm/Non-Sperm (230).bmp,test,2,-0.762426,-1.559919,2.322343
smids/Non-Sperm/Non-Sperm (233).bmp,test,2,-2.036167,-0.865196,2.901361
smids/Non-Sperm/Non-Sperm (235).bmp,test,2,-0.974723,-1.838250,2.812970
smids/Non-Sperm/Non-Sperm (239).bmp,test,2,-1.779458,-0.870117,2.649574
smids/Non-Sperm/Non-Sperm (24).bmp,test,2,-2.503899,2.306670,0.197226
smids/Non-Sperm/Non-Sperm (243).bmp,test,2,-1.209737,-1.230548,2.440282
smids/Non-Sperm/Non-Sperm (245).bmp,test,2,-1.326348,-1.543747,2.870093
smids/Non-Sperm/Non-Sperm (249).bmp,test,2,-2.058383,-2.024908,4.083288
smids/Non-Sperm/Non-Sperm (266).bmp,test,2,-2.810790,-1.971464,4.782254
smids/Non-Sperm/Non-Sperm (279).bmp,test,2,-1.369395,-1.978995,3.348389
smids/Non-Sperm/Non-Sperm (281).bmp,test,2,-0.950309,-1.513323,2.463629
smids/Non-Sperm/Non-Sperm (289).bmp,test,2,-1.307363,-1.538635,2.845997
smids/Non-Sperm/Non-Sperm (30).bmp,test,2,-3.090576,0.703126,2.387448
smids/Non-Sperm/Non-Sperm (307).bmp,test,2,-1.278636,-2.276103,3.554736
smids/Non-Sperm/Non-Sperm (308).bmp,test,2,-0.980348,-1.894518,2.874863
smids/Non-Sperm/Non-Sperm (31).bmp,test,2,-1.102202,-0.824366,1.926567
smids/Non-Sperm/Non-Sperm (32).bmp,test,2,-2.231504,0.194592,2.036910
smids/Non-Sperm/Non-Sperm (321).bmp,test,2,-1.038883,-1.764338,2.803220
smids/Non-Sperm/Non-Sperm (325).bmp,test,2,-1.298166,-1.422063,2.720228
smids/Non-Sperm/Non-Sperm (326).bmp,test,2,-1.718274,-0.567542,2.285812
smids/Non-Sperm/Non-Sperm (327).bmp,test,2,0.275949,-0.695280,0.419328
smids/Non-Sperm/Non-Sperm (33).bmp,test,2,-0.108249,2.280519,-2.172275
smids/Non-Sperm/Non-Sperm (338).bmp,test,2,-1.632968,3.183128,-1.550161
smids/Non-Sperm/Non-Sperm (347).bmp,test,2,-0.690025,-2.862533,3.552557
smids/Non-Sperm/Non-Sperm (349).bmp,test,2,-2.347333,-0.019299,2.366633
smids/Non-Sperm/Non-Sperm (350).bmp,test,2,-0.125080,-1.516595,1.641674
smids/Non-Sperm/Non-Sperm (351).bmp,test,2,-0.258655,0.472372,-0.213719
smids/Non-Sperm/Non-Sperm (353).bmp,test,2,0.711704,0.697175,-1.408885
smids/Non-Sperm/Non-Sperm (357).bmp,test,2,-1.247570,-0.825910,2.073475
smids/Non-Sperm/Non-Sperm (361).bmp,test,2,-2.870546,-0.459597,3.330142
smids/Non-Sperm/Non-Sperm (365).bmp,test,2,-1.879738,1.577184,0.302546
smids/Non-Sperm/Non-Sperm (37).bmp,test,2,-1.449053,-0.538426,1.987477
smids/Non-Sperm/Non-Sperm (373).bmp,test,2,-1.731420,-1.864146,3.595562
smids/Non-Sperm/Non-Sperm (375).bmp,test,2,-2.175852,-0.730109,2.905957
smids/Non-Sperm/Non-Sperm (378).bmp,test,2,-0.978406,-2.918232,3.896636
smids/Non-Sperm/Non-Sperm (381).bmp,test,2,-0.368357,-0.398574,0.766930
smids/Non-Sperm/Non-Sperm (409).bmp,test,2,-0.630682,0.334110,0.296568
smids/Non-Sperm/Non-Sperm (414).bmp,test,2,0.502213,-2.167852,1.665636
smids/Non-Sperm/Non-Sperm (415).bmp,test,2,0.117731,0.498978,-0.616712
smids/Non-Sperm/Non-Sperm (417).bmp,test,2,-0.410248,-0.207858,0.618104
smids/Non-Sperm/Non-Sperm (425).bmp,test,2,-2.170049,2.220515,-0.050469
smids/Non-Sperm/Non-Sperm (431).bmp,test,2,-1.881435,-0.605035,2.486468
smids/Non-Sperm/Non-Sperm (436).bmp,test,2,-1.199695,-1.996854,3.196545
smids/Non-Sperm/Non-Sperm (44).bmp,test,2,-1.318813,-1.711868,3.030678
smids/Non-Sperm/Non-Sperm (449).bmp,test,2,-0.609125,0.147547,0.461575
smids/Non-Sperm/Non-Sperm (452).bmp,test,2,-0.194349,-0.196849,0.391196
smids/Non-Sperm/Non-Sperm (453).bmp,test,2,-1.287101,-1.921765,3.208864
smids/Non-Sperm/Non-Sperm (459).bmp,test,2,-0.238741,-2.389705,2.628446
smids/Non-Sperm/Non-Sperm (467).bmp,test,2,-3.455515,-1.576688,5.032200
smids/Non-Sperm/Non-Sperm (472).bmp,test,2,2.451588,-1.138016,-1.313577
smids/Non-Sperm/Non-Sperm (473).bmp,test,2,-1.267546,-2.042022,3.309566
smids/Non-Sperm/Non-Sperm (474).bmp,test,2,-1.294110,-2.225519,3.519627
smids/Non-Sperm/Non-Sperm (486).bmp,test,2,-0.784065,-0.770929,1.554991
smids/Non-Sperm/Non-Sperm (488).bmp,test,2,-0.401398,-1.115207,1.516604
smids/Non-Sperm/Non-Sperm (49).bmp,test,2,-1.968756,0.567067,1.401685
smids/Non-Sperm/Non-Sperm (492).bmp,test,2,-0.350320,-3.448080,3.798397
smids/Non-Sperm/Non-Sperm (498).bmp,test,2,-1.612897,-1.610719,3.223614
smids/Non-Sperm/Non-Sperm (5).bmp,test,2,-2.712338,1.677847,1.034487
smids/Non-Sperm/Non-Sperm (503).bmp,test,2,-0.579482,-2.096912,2.676393
smids/Non-Sperm/Non-Sperm (505).bmp,test,2,-1.798035,-1.678904,3.476936
smids/Non-Sperm/Non-Sperm (507).bmp,test,2,-0.226130,-2.646923,2.873049
smids/Non-Sperm/Non-Sperm (514).bmp,test,2,-2.002301,-1.986026,3.988326
smids/Non-Sperm/Non-Sperm (520).bmp,test,2,-2.388148,-0.880701,3.268847
smids/Non-Sperm/Non-Sperm (530).bmp,test,2,-2.448832,-1.113615,3.562448
smids/Non-Sperm/Non-Sperm (531).bmp,test,2,-0.554021,-0.545146,1.099163
smids/Non-Sperm/Non-Sperm (537).bmp,test,2,-2.083143,-1.760354,3.843494
smids/Non-Sperm/Non-Sperm (54).bmp,test,2,-0.899596,0.918723,-0.019128
smids/Non-Sperm/Non-Sperm (549).bmp,test,2,-2.644208,-2.321642,4.965847
smids/Non-Sperm/Non-Sperm (550).bmp,test,2,-2.121809,-2.715714,4.837522
smids/Non-Sperm/Non-Sperm (555).bmp,test,2,-1.663926,-2.628018,4.291942
smids/Non-Sperm/Non-Sperm (557).bmp,test,2,-2.032267,-1.238254,3.270518
smids/Non-Sperm/Non-Sperm (558).bmp,test,2,-2.446428,-2.574775,5.021199
smids/Non-Sperm/Non-Sperm (565).bmp,test,2,-3.896534,-0.186502,4.083035
smids/Non-Sperm/Non-Sperm (567).bmp,test,2,-1.820935,-0.187582,2.008512
smids/Non-Sperm/Non-Sperm (568).bmp,test,2,-0.774447,-0.445707,1.220154
smids/Non-Sperm/Non-Sperm (570).bmp,test,2,-0.777230,-1.400617,2.177846
smids/Non-Sperm/Non-Sperm (573).bmp,test,2,-1.344215,-1.542070,2.886282
smids/Non-Sperm/Non-Sperm (577).bmp,test,2,-0.920150,-2.488411,3.408558
smids/Non-Sperm/Non-Sperm (580).bmp,test,2,-1.344226,-2.039944,3.384170
smids/Non-Sperm/Non-Sperm (581).bmp,test,2,-0.697715,-2.829332,3.527045
smids/Non-Sperm/Non-Sperm (586).bmp,test,2,-2.720209,-1.623636,4.343842
smids/Non-Sperm/Non-Sperm (600).bmp,test,2,-1.794567,-1.676501,3.471067
smids/Non-Sperm/Non-Sperm (62).bmp,test,2,-1.616313,1.456525,0.159783
smids/Non-Sperm/Non-Sperm (63).bmp,test,2,-0.125799,-1.885275,2.011068
smids/Non-Sperm/Non-Sperm (631).bmp,test,2,-1.355965,-2.487991,3.843956
smids/Non-Sperm/Non-Sperm (635).bmp,test,2,-2.460474,0.086772,2.373698
smids/Non-Sperm/Non-Sperm (639).bmp,test,2,-1.444995,-0.810194,2.255189
smids/Non-Sperm/Non-Sperm (64).bmp,test,2,-1.765626,-0.758488,2.524112
smids/Non-Sperm/Non-Sperm (640).bmp,test,2,-0.633752,-1.549068,2.182818
smids/Non-Sperm/Non-Sperm (642).bmp,test,2,-1.750952,-2.214475,3.965424
smids/Non-Sperm/Non-Sperm (652).bmp,test,2,-1.417327,-1.730833,3.148159
smids/Non-Sperm/Non-Sperm (653).bmp,test,2,-1.803118,-2.734096,4.537213
smids/Non-Sperm/Non-Sperm (654).bmp,test,2,-0.965751,-1.028555,1.994302
smids/Non-Sperm/Non-Sperm (656).bmp,test,2,-3.175014,0.099727,3.075284
smids/Non-Sperm/Non-Sperm (662).bmp,test,2,-0.454451,-1.930650,2.385098
smids/Non-Sperm/Non-Sperm (667).bmp,test,2,-2.452436,-1.327898,3.780335
smids/Non-Sperm/Non-Sperm (668).bmp,test,2,-2.458998,-3.652576,6.111570
smids/Non-Sperm/Non-Sperm (675).bmp,test,2,-1.361451,-2.113056,3.474506
smids/Non-Sperm/Non-Sperm (677).bmp,test,2,-2.162329,-0.395498,2.557823
smids/Non-Sperm/Non-Sperm (679).bmp,test,2,-0.360326,-0.340666,0.700989
smids/Non-Sperm/Non-Sperm (682).bmp,test,2,-0.429608,-3.162832,3.592439
smids/Non-Sperm/Non-Sperm (694).bmp,test,2,-1.215190,-2.339725,3.554914
smids/Non-Sperm/Non-Sperm (695).bmp,test,2,-0.369990,-0.785135,1.155117
smids/Non-Sperm/Non-Sperm (699).bmp,test,2,-1.466369,-1.324049,2.790415
smids/Non-Sperm/Non-Sperm (709).bmp,test,2,-1.444638,-2.239639,3.684274
smids/Non-Sperm/Non-Sperm (711).bmp,test,2,-1.285434,-0.949135,2.234565
smids/Non-Sperm/Non-Sperm (715).bmp,test,2,-2.132297,-2.241035,4.373332
smids/Non-Sperm/Non-Sperm (717).bmp,test,2,-1.782501,-2.556743,4.339242
smids/Non-Sperm/Non-Sperm (718).bmp,test,2,-1.097344,-1.651924,2.749265
smids/Non-Sperm/Non-Sperm (720).bmp,test,2,0.659749,0.097265,-0.757015
smids/Non-Sperm/Non-Sperm (722).bmp,test,2,-1.976708,-1.173093,3.149798
smids/Non-Sperm/Non-Sperm (724).bmp,test,2,-0.433270,-2.762500,3.195768
smids/Non-Sperm/Non-Sperm (729).bmp,test,2,-3.317450,-0.823462,4.140910
smids/Non-Sperm/Non-Sperm (733).bmp,test,2,-2.495714,-1.867235,4.362947
smids/Non-Sperm/Non-Sperm (736).bmp,test,2,-3.557974,-1.557894,5.115866
smids/Non-Sperm/Non-Sperm (742).bmp,test,2,-2.219359,-2.419666,4.639023
smids/Non-Sperm/Non-Sperm (748).bmp,test,2,-0.339490,0.351002,-0.011516
smids/Non-Sperm/Non-Sperm (749).bmp,test,2,-2.656041,-0.032595,2.688632
smids/Non-Sperm/Non-Sperm (75).bmp,test,2,-3.043881,2.343958,0.699917
smids/Non-Sperm/Non-Sperm (754).bmp,test,2,-3.444649,-1.766806,5.211452
smids/Non-Sperm/Non-Sperm (758).bmp,test,2,0.501774,-1.903165,1.401389
smids/Non-Sperm/Non-Sperm (766).bmp,test,2,-0.619949,-2.596419,3.216367
smids/Non-Sperm/Non-Sperm (770).bmp,test,2,-1.283122,-1.990744,3.273864
smids/Non-Sperm/Non-Sperm (774).bmp,test,2,-0.005518,-2.253754,2.259271
smids/Non-Sperm/Non-Sperm (779).bmp,test,2,-1.712266,-1.560818,3.273083
smids/Non-Sperm/Non-Sperm (780).bmp,test,2,-1.641922,-1.931548,3.573467
smids/Non-Sperm/Non-Sperm (783).bmp,test,2,-1.482985,-1.960410,3.443393
smids/Non-Sperm/Non-Sperm (790).bmp,test,2,-1.508963,-2.771492,4.280452
smids/Non-Sperm/Non-Sperm (791).bmp,test,2,-1.665977,-2.030545,3.696519
smids/Non-Sperm/Non-Sperm (799).bmp,test,2,-0.397948,-0.688060,1.086008
smids/Non-Sperm/Non-Sperm (8).bmp,test,2,-2.593400,-0.321500,2.914898
smids/Non-Sperm/Non-Sperm (806).bmp,test,2,-1.185659,-1.344225,2.529881
smids/Non-Sperm/Non-Sperm (807).bmp,test,2,-1.727918,-1.299538,3.027455
smids/Non-Sperm/Non-Sperm (809).bmp,test,2,-1.005853,-2.473221,3.479073
smids/Non-Sperm/Non-Sperm (812).bmp,test,2,-0.834201,-2.916941,3.751141
smids/Non-Sperm/Non-Sperm (814).bmp,test,2,-1.249291,-2.327383,3.576672
smids/Non-Sperm/Non-Sperm (815).bmp,test,2,0.148183,-1.684241,1.536052
smids/Non-Sperm/Non-Sperm (824).bmp,test,2,-2.495976,-1.471113,3.967091
smids/Non-Sperm/Non-Sperm (827).bmp,test,2,-3.532814,-0.291977,3.824788
smids/Non-Sperm/Non-Sperm (832).bmp,test,2,-1.277162,-1.740891,3.018052
smids/Non-Sperm/Non-Sperm (840).bmp,test,2,-0.577710,0.960508,-0.382798
smids/Non-Sperm/Non-Sperm (847).bmp,test,2,-1.581167,-2.324142,3.905308
smids/Non-Sperm/Non-Sperm (85).bmp,test,2,-1.422938,-0.972768,2.395703
smids/Non-Sperm/Non-Sperm (852).bmp,test,2,-2.100955,-1.607693,3.708644
smids/Non-Sperm/Non-Sperm (86).bmp,test,2,-2.653101,0.169422,2.483677
smids/Non-Sperm/Non-Sperm (885).bmp,test,2,-2.471534,-0.911278,3.382811
smids/Non-Sperm/Non-Sperm (894).bmp,test,2,-1.968646,0.997302,0.971340
smids/Non-Sperm/Non-Sperm (895).bmp,test,2,0.447455,-0.265582,-0.181878
smids/Non-Sperm/Non-Sperm (896).bmp,test,2,-1.901008,0.430994,1.470009
smids/Non-Sperm/Non-Sperm (898).bmp,test,2,-0.594384,0.644989,-0.050609
smids/Non-Sperm/Non-Sperm (899).bmp,test,2,-0.903790,-0.523186,1.426972
smids/Non-Sperm/Non-Sperm (904).bmp,test,2,0.530863,-0.619833,0.088967
smids/Non-Sperm/Non-Sperm (912).bmp,test,2,-0.419529,4.821692,-4.402171
smids/Non-Sperm/Non-Sperm (914).bmp,test,2,-4.399636,0.468410,3.931225
smids/Non-Sperm/Non-Sperm (943).bmp,test,2,-1.190966,-2.375892,3.566857
smids/Non-Sperm/Non-Sperm (948).bmp,test,2,-1.463757,1.168470,0.295282
smids/Non-Sperm/Non-Sperm (949).bmp,test,2,-0.417514,-2.099785,2.517297
smids/Non-Sperm/Non-Sperm (950).bmp,test,2,-0.086972,0.621740,-0.534771
smids/Non-Sperm/Non-Sperm (957).bmp,test,2,-0.721757,-0.539237,1.260991
smids/Non-Sperm/Non-Sperm (958).bmp,test,2,-3.283812,0.762670,2.521141
smids/Non-Sperm/Non-Sperm (960).bmp,test,2,-1.879766,0.984970,0.894792
smids/Non-Sperm/Non-Sperm (968).bmp,test,2,-0.123968,-2.541140,2.665105
smids/Non-Sperm/Non-Sperm (97).bmp,test,2,-0.721102,-1.779826,2.500927
smids/Non-Sperm/Non-Sperm (973).bmp,test,2,0.312075,1.012755,-1.324833
smids/Non-Sperm/Non-Sperm (974).bmp,test,2,0.404711,-1.579902,1.175188
smids/Non-Sperm/Non-Sperm (98).bmp,test,2,-1.023023,-1.985402,3.008424
smids/Non-Sperm/Non-Sperm (99).bmp,test,2,-0.671604,-2.011024,2.682626
smids/Normal_Sperm/Normal_Sperm (10).bmp,test,0,1.515340,-1.631803,0.116460
smids/Normal_Sperm/Normal_Sperm (1006).bmp,test,0,2.747302,1.604242,-4.351551
smids/Normal_Sperm/Normal_Sperm (101).bmp,test,0,3.415578,-0.859324,-2.556259
smids/Normal_Sperm/Normal_Sperm (1010).bmp,test,0,2.743165,-1.473262,-1.269906
smids/Normal_Sperm/Normal_Sperm (103).bmp,test,0,2.377510,-0.806997,-1.570517
smids/Normal_Sperm/Normal_Sperm (107).bmp,test,0,-0.191346,0.471546,-0.280202
smids/Normal_Sperm/Normal_Sperm (109).bmp,test,0,1.062374,-1.110452,0.048073
smids/Normal_Sperm/Normal_Sperm (112).bmp,test,0,2.621767,1.184943,-3.806715
smids/Normal_Sperm/Normal_Sperm (113).bmp,test,0,3.439120,-0.341941,-3.097185
smids/Normal_Sperm/Normal_Sperm (119).bmp,test,0,1.059476,-0.654894,-0.404588
smids/Normal_Sperm/Normal_Sperm (129).bmp,test,0,3.007294,1.383266,-4.390562
smids/Normal_Sperm/Normal_Sperm (13).bmp,test,0,0.685274,-0.199484,-0.485792
smids/Normal_Sperm/Normal_Sperm (130).bmp,test,0,2.246901,0.280217,-2.527121
smids/Normal_Sperm/Normal_Sperm (131).bmp,test,0,0.987375,2.393894,-3.381273
smids/Normal_Sperm/Normal_Sperm (137).bmp,test,0,0.710373,0.982478,-1.692855
smids/Normal_Sperm/Normal_Sperm (155).bmp,test,0,0.730480,1.681796,-2.412279
smids/Normal_Sperm/Normal_Sperm (156).bmp,test,0,0.718031,1.112040,-1.830074
smids/Normal_Sperm/Normal_Sperm (159).bmp,test,0,3.623936,0.802680,-4.426621
smids/Normal_Sperm/Normal_Sperm (161).bmp,test,0,2.925650,0.975893,-3.901547
smids/Normal_Sperm/Normal_Sperm (166).bmp,test,0,1.359423,0.080776,-1.440203
smids/Normal_Sperm/Normal_Sperm (167).bmp,test,0,2.639112,0.472426,-3.111544
smids/Normal_Sperm/Normal_Sperm (169).bmp,test,0,2.197290,-0.513420,-1.683874
smids/Normal_Sperm/Normal_Sperm (177).bmp,test,0,0.445679,0.247445,-0.693127
smids/Normal_Sperm/Normal_Sperm (18).bmp,test,0,0.625782,-0.311009,-0.314775
smids/Normal_Sperm/Normal_Sperm (183).bmp,test,0,2.115527,1.686363,-3.801893
smids/Normal_Sperm/Normal_Sperm (185).bmp,test,0,2.498804,2.239162,-4.737971
smids/Normal_Sperm/Normal_Sperm (188).bmp,test,0,-0.957139,-0.936215,1.893352
smids/Normal_Sperm/Normal_Sperm (196).bmp,test,0,2.234805,1.923810,-4.158620
smids/Normal_Sperm/Normal_Sperm (200).bmp,test,0,2.292938,2.441183,-4.734128
smids/Normal_Sperm/Normal_Sperm (213).bmp,test,0,3.770100,-0.228258,-3.541849
smids/Normal_Sperm/Normal_Sperm (216).bmp,test,0,0.998854,0.028850,-1.027707
smids/Normal_Sperm/Normal_Sperm (217).bmp,test,0,1.538561,-0.306284,-1.232281
smids/Normal_Sperm/Normal_Sperm (219).bmp,test,0,0.447317,1.668460,-2.115782
smids/Normal_Sperm/Normal_Sperm (224).bmp,test,0,2.243851,-0.250085,-1.993770
smids/Normal_Sperm/Normal_Sperm (228).bmp,test,0,1.664031,0.826366,-2.490402
smids/Normal_Sperm/Normal_Sperm (229).bmp,test,0,2.695937,0.015297,-2.711236
smids/Normal_Sperm/Normal_Sperm (232).bmp,test,0,0.711776,2.045581,-2.757360
smids/Normal_Sperm/Normal_Sperm (237).bmp,test,0,2.127430,1.030218,-3.157652
smids/Normal_Sperm/Normal_Sperm (241).bmp,test,0,2.072634,-0.406906,-1.665731
smids/Normal_Sperm/Normal_Sperm (25).bmp,test,0,0.089520,-2.008360,1.918840
smids/Normal_Sperm/Normal_Sperm (253).bmp,test,0,4.209962,-0.634306,-3.575661
smids/Normal_Sperm/Normal_Sperm (254).bmp,test,0,2.004768,-0.321493,-1.683279
smids/Normal_Sperm/Normal_Sperm (266).bmp,test,0,2.067728,2.287549,-4.355279
smids/Normal_Sperm/Normal_Sperm (268).bmp,test,0,3.142247,-2.155410,-0.986844
smids/Normal_Sperm/Normal_Sperm (275).bmp,test,0,2.052233,0.867999,-2.920237
smids/Normal_Sperm/Normal_Sperm (283).bmp,test,0,3.105628,1.136736,-4.242369
smids/Normal_Sperm/Normal_Sperm (293).bmp,test,0,2.334093,0.550168,-2.884265
smids/Normal_Sperm/Normal_Sperm (294).bmp,test,0,2.732747,-0.863247,-1.869506
smids/Normal_Sperm/Normal_Sperm (303).bmp,test,0,1.473668,1.094086,-2.567757
smids/Normal_Sperm/Normal_Sperm (304).bmp,test,0,2.917631,0.686654,-3.604288
smids/Normal_Sperm/Normal_Sperm (309).bmp,test,0,2.937943,0.948979,-3.886929
smids/Normal_Sperm/Normal_Sperm (312).bmp,test,0,3.920268,-0.273602,-3.646670
smids/Normal_Sperm/Normal_Sperm (314).bmp,test,0,2.235674,-0.527444,-1.708233
smids/Normal_Sperm/Normal_Sperm (317).bmp,test,0,0.985203,0.784714,-1.769920
smids/Normal_Sperm/Normal_Sperm (324).bmp,test,0,1.733401,1.469429,-3.202837
smids/Normal_Sperm/Normal_Sperm (325).bmp,test,0,-0.443369,0.610260,-0.166894
smids/Normal_Sperm/Normal_Sperm (33).bmp,test,0,0.282799,-0.892971,0.610170
smids/Normal_Sperm/Normal_Sperm (330).bmp,test,0,1.862031,0.289734,-2.151770
smids/Normal_Sperm/Normal_Sperm (335).bmp,test,0,0.607238,0.240340,-0.847580
smids/Normal_Sperm/Normal_Sperm (338).bmp,test,0,0.802272,0.007511,-0.809787
smids/Normal_Sperm/Normal_Sperm (340).bmp,test,0,3.111887,-1.131077,-1.980812
smids/Normal_Sperm/Normal_Sperm (345).bmp,test,0,-0.123974,1.246524,-1.122553
smids/Normal_Sperm/Normal_Sperm (346).bmp,test,0,0.525450,0.226445,-0.751899
smids/Normal_Sperm/Normal_Sperm (348).bmp,test,0,1.518856,-0.403716,-1.115144
smids/Normal_Sperm/Normal_Sperm (366).bmp,test,0,3.528330,1.770321,-5.298656
smids/Normal_Sperm/Normal_Sperm (378).bmp,test,0,1.944512,0.351213,-2.295730
smids/Normal_Sperm/Normal_Sperm (379).bmp,test,0,1.217016,0.711258,-1.928279
smids/Normal_Sperm/Normal_Sperm (384).bmp,test,0,2.289757,3.207606,-5.497373
smids/Normal_Sperm/Normal_Sperm (397).bmp,test,0,-0.138506,-0.691470,0.829972
smids/Normal_Sperm/Normal_Sperm (398).bmp,test,0,1.046691,1.180307,-2.227001
smids/Normal_Sperm/Normal_Sperm (4).bmp,test,0,4.003667,1.463408,-5.467081
smids/Normal_Sperm/Normal_Sperm (403).bmp,test,0,-0.362788,2.576882,-2.214097
smids/Normal_Sperm/Normal_Sperm (412).bmp,test,0,1.933695,-0.034792,-1.898908
smids/Normal_Sperm/Normal_Sperm (417).bmp,test,0,1.892576,-0.012516,-1.880063
smids/Normal_Sperm/Normal_Sperm (428).bmp,test,0,1.977486,-0.413453,-1.564037
smids/Normal_Sperm/Normal_Sperm (432).bmp,test,0,2.298110,0.447938,-2.746054
smids/Normal_Sperm/Normal_Sperm (437).bmp,test,0,2.695090,0.747669,-3.442765
smids/Normal_Sperm/Normal_Sperm (440).bmp,test,0,0.896813,-0.091698,-0.805118
smids/Normal_Sperm/Normal_Sperm (442).bmp,test,0,3.431933,-1.873186,-1.558751
smids/Normal_Sperm/Normal_Sperm (450).bmp,test,0,0.622477,0.471932,-1.094413
smids/Normal_Sperm/Normal_Sperm (451).bmp,test,0,2.154873,0.660173,-2.815052
smids/Normal_Sperm/Normal_Sperm (455).bmp,test,0,2.487096,1.454906,-3.942007
smids/Normal_Sperm/Normal_Sperm (461).bmp,test,0,1.598958,0.820234,-2.419196
smids/Normal_Sperm/Normal_Sperm (464).bmp,test,0,1.275674,0.076329,-1.352006
smids/Normal_Sperm/Normal_Sperm (465).bmp,test,0,1.766193,1.138682,-2.904880
smids/Normal_Sperm/Normal_Sperm (470).bmp,test,0,3.850216,0.094376,-3.944596
smids/Normal_Sperm/Normal_Sperm (477).bmp,test,0,2.013550,0.632406,-2.645961
smids/Normal_Sperm/Normal_Sperm (48).bmp,test,0,3.489896,0.298727,-3.788627
smids/Normal_Sperm/Normal_Sperm (483).bmp,test,0,3.616054,1.132611,-4.748670
smids/Normal_Sperm/Normal_Sperm (488).bmp,test,0,0.405450,1.048072,-1.453526
smids/Normal_Sperm/Normal_Sperm (49).bmp,test,0,-1.533964,3.565127,-2.031167
smids/Normal_Sperm/Normal_Sperm (499).bmp,test,0,2.939095,0.411463,-3.350564
smids/Normal_Sperm/Normal_Sperm (500).bmp,test,0,3.345497,-0.361005,-2.984497
smids/Normal_Sperm/Normal_Sperm (505).bmp,test,0,4.607216,-1.118458,-3.488764
smids/Normal_Sperm/Normal_Sperm (520).bmp,test,0,2.783300,-1.013053,-1.770253
smids/Normal_Sperm/Normal_Sperm (525).bmp,test,0,1.988284,-0.202976,-1.785312
smids/Normal_Sperm/Normal_Sperm (526).bmp,test,0,4.387033,0.420517,-4.807555
smids/Normal_Sperm/Normal_Sperm (527).bmp,test,0,3.378099,0.865981,-4.244087
smids/Normal_Sperm/Normal_Sperm (529).bmp,test,0,2.744562,-0.098709,-2.645857
smids/Normal_Sperm/Normal_Sperm (530).bmp,test,0,3.557578,-0.366927,-3.190657
smids/Normal_Sperm/Normal_Sperm (532).bmp,test,0,0.997257,2.154292,-3.151552
smids/Normal_Sperm/Normal_Sperm (540).bmp,test,0,3.197170,-0.210945,-2.986232
smids/Normal_Sperm/Normal_Sperm (541).bmp,test,0,1.437857,-0.324574,-1.113289
smids/Normal_Sperm/Normal_Sperm (542).bmp,test,0,3.112342,0.324053,-3.436399
smids/Normal_Sperm/Normal_Sperm (544).bmp,test,0,3.890964,0.459132,-4.350104
smids/Normal_Sperm/Normal_Sperm (546).bmp,test,0,5.867530,1.274974,-7.142511
smids/Normal_Sperm/Normal_Sperm (547).bmp,test,0,1.545812,0.451732,-1.997548
smids/Normal_Sperm/Normal_Sperm (549).bmp,test,0,2.049552,0.869615,-2.919173
smids/Normal_Sperm/Normal_Sperm (55).bmp,test,0,1.333577,0.152881,-1.486464
smids/Normal_Sperm/Normal_Sperm (555).bmp,test,0,0.518810,0.607820,-1.126637
smids/Normal_Sperm/Normal_Sperm (560).bmp,test,0,2.800775,0.410461,-3.211239
smids/Normal_Sperm/Normal_Sperm (561).bmp,test,0,-0.018816,1.293832,-1.275021
smids/Normal_Sperm/Normal_Sperm (562).bmp,test,0,4.297711,-0.206284,-4.091434
smids/Normal_Sperm/Normal_Sperm (563).bmp,test,0,1.722137,0.595220,-2.317362
smids/Normal_Sperm/Normal_Sperm (568).bmp,test,0,3.083673,1.950234,-5.033911
smids/Normal_Sperm/Normal_Sperm (572).bmp,test,0,3.473466,0.325531,-3.799004
smids/Normal_Sperm/Normal_Sperm (579).bmp,test,0,1.097599,-0.924272,-0.173330
smids/Normal_Sperm/Normal_Sperm (59).bmp,test,0,1.947292,2.244968,-4.192265
smids/Normal_Sperm/Normal_Sperm (598).bmp,test,0,3.234612,0.779939,-4.014557
smids/Normal_Sperm/Normal_Sperm (600).bmp,test,0,2.148699,-0.695197,-1.453508
smids/Normal_Sperm/Normal_Sperm (605).bmp,test,0,4.950772,0.956666,-5.907445
smids/Normal_Sperm/Normal_Sperm (613).bmp,test,0,3.563287,0.386330,-3.949620
smids/Normal_Sperm/Normal_Sperm (615).bmp,test,0,2.484859,-0.110307,-2.374556
smids/Normal_Sperm/Normal_Sperm (633).bmp,test,0,-0.235918,3.085859,-2.849946
smids/Normal_Sperm/Normal_Sperm (635).bmp,test,0,2.843153,0.240945,-3.084103
smids/Normal_Sperm/Normal_Sperm (637).bmp,test,0,1.188400,0.317904,-1.506308
smids/Normal_Sperm/Normal_Sperm (642).bmp,test,0,2.159584,-0.462562,-1.697025
smids/Normal_Sperm/Normal_Sperm (647).bmp,test,0,2.726368,-0.430301,-2.296070
smids/Normal_Sperm/Normal_Sperm (649).bmp,test,0,3.495340,0.809342,-4.304687
smids/Normal_Sperm/Normal_Sperm (65).bmp,test,0,0.171002,-0.092634,-0.078372
smids/Normal_Sperm/Normal_Sperm (655).bmp,test,0,0.871809,0.187199,-1.059014
smids/Normal_Sperm/Normal_Sperm (658).bmp,test,0,1.549863,1.646228,-3.196094
smids/Normal_Sperm/Normal_Sperm (666).bmp,test,0,2.766454,-0.614881,-2.151575
smids/Normal_Sperm/Normal_Sperm (672).bmp,test,0,7.069156,0.112902,-7.182066
smids/Normal_Sperm/Normal_Sperm (685).bmp,test,0,4.755504,0.902874,-5.658384
smids/Normal_Sperm/Normal_Sperm (696).bmp,test,0,4.590789,1.007629,-5.598428
smids/Normal_Sperm/Normal_Sperm (697).bmp,test,0,0.666324,0.414301,-1.080629
smids/Normal_Sperm/Normal_Sperm (705).bmp,test,0,2.166204,1.660519,-3.826726
smids/Normal_Sperm/Normal_Sperm (717).bmp,test,0,2.293805,0.919144,-3.212955
smids/Normal_Sperm/Normal_Sperm (718).bmp,test,0,3.934075,0.042661,-3.976741
smids/Normal_Sperm/Normal_Sperm (720).bmp,test,0,1.987906,0.671652,-2.659563
smids/Normal_Sperm/Normal_Sperm (721).bmp,test,0,2.406006,-0.658494,-1.747517
smids/Normal_Sperm/Normal_Sperm (730).bmp,test,0,-0.348184,0.372193,-0.024012
smids/Normal_Sperm/Normal_Sperm (741).bmp,test,0,2.092348,0.196778,-2.289131
smids/Normal_Sperm/Normal_Sperm (743).bmp,test,0,2.103665,0.304996,-2.408664
smids/Normal_Sperm/Normal_Sperm (744).bmp,test,0,3.702091,1.729430,-5.431525
smids/Normal_Sperm/Normal_Sperm (748).bmp,test,0,1.177548,2.050423,-3.227977
smids/Normal_Sperm/Normal_Sperm (75).bmp,test,0,1.326644,-1.442501,0.115856
smids/Normal_Sperm/Normal_Sperm (752).bmp,test,0,2.978884,-0.541048,-2.437843
smids/Normal_Sperm/Normal_Sperm (758).bmp,test,0,3.557178,1.536780,-5.093961
smids/Normal_Sperm/Normal_Sperm (759).bmp,test,0,0.517321,-0.483614,-0.033713
smids/Normal_Sperm/Normal_Sperm (760).bmp,test,0,4.667608,-1.202900,-3.464714
smids/Normal_Sperm/Normal_Sperm (762).bmp,test,0,1.284324,0.124877,-1.409207
smids/Normal_Sperm/Normal_Sperm (764).bmp,test,0,2.599824,-1.255514,-1.344315
smids/Normal_Sperm/Normal_Sperm (77).bmp,test,0,0.635123,-0.743569,0.108444
smids/Normal_Sperm/Normal_Sperm (784).bmp,test,0,2.550380,0.483960,-3.034347
smids/Normal_Sperm/Normal_Sperm (787).bmp,test,0,1.027755,-1.778046,0.750288
smids/Normal_Sperm/Normal_Sperm (790).bmp,test,0,1.693191,-0.200401,-1.492795
smids/Normal_Sperm/Normal_Sperm (794).bmp,test,0,1.996832,-1.201650,-0.795185
smids/Normal_Sperm/Normal_Sperm (801).bmp,test,0,0.566184,0.115214,-0.681401
smids/Normal_Sperm/Normal_Sperm (806).bmp,test,0,0.911464,-0.249617,-0.661849
smids/Normal_Sperm/Normal_Sperm (807).bmp,test,0,0.935004,-0.440448,-0.494558
smids/Normal_Sperm/Normal_Sperm (809).bmp,test,0,2.785241,-0.031808,-2.753437
smids/Normal_Sperm/Normal_Sperm (811).bmp,test,0,3.336763,1.231633,-4.568403
smids/Normal_Sperm/Normal_Sperm (815).bmp,test,0,2.784935,-0.108457,-2.676483
smids/Normal_Sperm/Normal_Sperm (816).bmp,test,0,-0.672891,1.688697,-1.015811
smids/Normal_Sperm/Normal_Sperm (817).bmp,test,0,0.560846,-0.744673,0.183822
smids/Normal_Sperm/Normal_Sperm (819).bmp,test,0,1.245313,-0.296050,-0.949266
smids/Normal_Sperm/Normal_Sperm (822).bmp,test,0,2.802366,-1.272531,-1.529838
smids/Normal_Sperm/Normal_Sperm (823).bmp,test,0,3.385770,0.471600,-3.857376
smids/Normal_Sperm/Normal_Sperm (824).bmp,test,0,4.135941,-0.025926,-4.110021
smids/Normal_Sperm/Normal_Sperm (83).bmp,test,0,3.253969,-0.831270,-2.422701
smids/Normal_Sperm/Normal_Sperm (840).bmp,test,0,3.089334,0.742764,-3.832106
smids/Normal_Sperm/Normal_Sperm (841).bmp,test,0,5.593808,-0.725328,-4.868485
smids/Normal_Sperm/Normal_Sperm (847).bmp,test,0,1.740501,0.269965,-2.010470
smids/Normal_Sperm/Normal_Sperm (849).bmp,test,0,3.223881,0.735446,-3.959333
smids/Normal_Sperm/Normal_Sperm (857).bmp,test,0,3.989227,-0.280326,-3.708907
smids/Normal_Sperm/Normal_Sperm (866).bmp,test,0,0.902557,1.342416,-2.244979
smids/Normal_Sperm/Normal_Sperm (876).bmp,test,0,3.446069,0.789684,-4.235761
smids/Normal_Sperm/Normal_Sperm (883).bmp,test,0,2.024550,0.698329,-2.722884
smids/Normal_Sperm/Normal_Sperm (884).bmp,test,0,3.749959,0.892407,-4.642372
smids/Normal_Sperm/Normal_Sperm (890).bmp,test,0,1.224558,1.391049,-2.615612
smids/Normal_Sperm/Normal_Sperm (90).bmp,test,0,1.854496,-0.359024,-1.495476
smids/Normal_Sperm/Normal_Sperm (919).bmp,test,0,1.855519,0.608456,-2.463981
smids/Normal_Sperm/Normal_Sperm (925).bmp,test,0,0.926106,0.667214,-1.593323
smids/Normal_Sperm/Normal_Sperm (928).bmp,test,0,2.846566,0.236475,-3.083045
smids/Normal_Sperm/Normal_Sperm (930).bmp,test,0,-1.545260,-1.039078,2.584336
smids/Normal_Sperm/Normal_Sperm (934).bmp,test,0,0.769751,2.323923,-3.093678
smids/Normal_Sperm/Normal_Sperm (939).bmp,test,0,3.592175,0.861847,-4.454027
smids/Normal_Sperm/Normal_Sperm (952).bmp,test,0,-0.057552,1.893314,-1.835766
smids/Normal_Sperm/Normal_Sperm (953).bmp,test,0,0.685812,3.023015,-3.708831
smids/Normal_Sperm/Normal_Sperm (954).bmp,test,0,1.193657,2.671044,-3.864706
smids/Normal_Sperm/Normal_Sperm (966).bmp,test,0,2.218600,1.108464,-3.327068
smids/Normal_Sperm/Normal_Sperm (970).bmp,test,0,0.410673,2.132329,-2.543008
smids/Normal_Sperm/Normal_Sperm (976).bmp,test,0,3.642519,-1.164499,-2.478024
smids/Normal_Sperm/Normal_Sperm (977).bmp,test,0,2.541599,0.694084,-3.235689
smids/Normal_Sperm/Normal_Sperm (985).bmp,test,0,1.600041,-0.294958,-1.305087
smids/Normal_Sperm/Normal_Sperm (99).bmp,test,0,2.124217,0.079652,-2.203873
smids/Normal_Sperm/Normal_Sperm (996).bmp,test,0,3.069442,0.379195,-3.448642
smids/Normal_Sperm/Normal_Sperm (998).bmp,test,0,1.440471,-0.323960,-1.116516
smids/Normal_Sperm/Normal_Sperm (999).bmp,test,0,0.156846,1.135617,-1.292467
