image_id,role,label_idx,logit_0,logit_1,logit_2
smids/Abnormal_Sperm/Abnormal_Sperm (100).bmp,val,1,0.448487,1.868370,-2.316859
smids/Abnormal_Sperm/Abnormal_Sperm (110).bmp,val,1,-1.884951,2.115221,-0.230272
smids/Abnormal_Sperm/Abnormal_Sperm (12).bmp,val,1,0.617554,2.021050,-2.638607
smids/Abnormal_Sperm/Abnormal_Sperm (121).bmp,val,1,0.740516,1.132710,-1.873227
smids/Abnormal_Sperm/Abnormal_Sperm (131).bmp,val,1,-0.391120,2.991388,-2.600269
smids/Abnormal_Sperm/Abnormal_Sperm (146).bmp,val,1,-1.218654,1.054502,0.164151
smids/Abnormal_Sperm/Abnormal_Sperm (155).bmp,val,1,-0.618414,3.205211,-2.586796
smids/Abnormal_Sperm/Abnormal_Sperm (158).bmp,val,1,-0.689094,1.877145,-1.188053
smids/Abnormal_Sperm/Abnormal_Sperm (160).bmp,val,1,-1.510498,2.368940,-0.858444
smids/Abnormal_Sperm/Abnormal_Sperm (177).bmp,val,1,-1.339005,0.286698,1.052308
smids/Abnormal_Sperm/Abnormal_Sperm (179).bmp,val,1,1.403002,2.664397,-4.067399
smids/Abnormal_Sperm/Abnormal_Sperm (182).bmp,val,1,0.151326,1.394948,-1.546275
smids/Abnormal_Sperm/Abnormal_Sperm (187).bmp,val,1,0.724290,2.019635,-2.743928
smids/Abnormal_Sperm/Abnormal_Sperm (198).bmp,val,1,-0.380330,3.697318,-3.316989
smids/Abnormal_Sperm/Abnormal_Sperm (205).bmp,val,1,-0.806390,2.022493,-1.216104
smids/Abnormal_Sperm/Abnormal_Sperm (213).bmp,val,1,-0.865622,3.787791,-2.922168
smids/Abnormal_Sperm/Abnormal_Sperm (217).bmp,val,1,1.023181,3.376643,-4.399823
smids/Abnormal_Sperm/Abnormal_Sperm (262).bmp,val,1,-0.364596,0.720752,-0.356157
smids/Abnormal_Sperm/Abnormal_Sperm (277).bmp,val,1,-0.488999,2.859126,-2.370129
smids/Abnormal_Sperm/Abnormal_Sperm (28).bmp,val,1,0.769136,-0.627685,-0.141452
smids/Abnormal_Sperm/Abnormal_Sperm (282).bmp,val,1,-1.644706,1.350638,0.294064
smids/Abnormal_Sperm/Abnormal_Sperm (287).bmp,val,1,1.024069,1.781536,-2.805605
smids/Abnormal_Sperm/Abnormal_Sperm (296).bmp,val,1,-0.550774,2.505231,-1.954458
smids/Abnormal_Sperm/Abnormal_Sperm (301).bmp,val,1,-0.140377,2.870213,-2.729838
smids/Abnormal_Sperm/Abnormal_Sperm (307).bmp,val,1,-1.409081,1.903507,-0.494428
smids/Abnormal_Sperm/Abnormal_Sperm (326).bmp,val,1,0.291089,2.655834,-2.946922
smids/Abnormal_Sperm/Abnormal_Sperm (33).bmp,val,1,2.406545,1.034024,-3.440571
smids/Abnormal_Sperm/Abnormal_Sperm (331).bmp,val,1,-1.330577,2.805696,-1.475121
smids/Abnormal_Sperm/Abnormal_Sperm (345).bmp,val,1,1.262354,2.199003,-3.461359
smids/Abnormal_Sperm/Abnormal_Sperm (349).bmp,val,1,-1.085133,2.324964,-1.239832
smids/Abnormal_Sperm/Abnormal_Sperm (35).bmp,val,1,-0.287118,1.836919,-1.549803
smids/Abnormal_Sperm/Abnormal_Sperm (355).bmp,val,1,-1.159658,3.468902,-2.309246
smids/Abnormal_Sperm/Abnormal_Sperm (359).bmp,val,1,-1.670431,2.941284,-1.270854
smids/Abnormal_Sperm/Abnormal_Sperm (364).bmp,val,1,-0.858778,1.946775,-1.087998
smids/Abnormal_Sperm/Abnormal_Sperm (367).bmp,val,1,1.338337,1.378420,-2.716759
smids/Abnormal_Sperm/Abnormal_Sperm (386).bmp,val,1,-3.312729,0.689679,2.623049
smids/Abnormal_Sperm/Abnormal_Sperm (4).bmp,val,1,-0.297032,0.620086,-0.323056
smids/Abnormal_Sperm/Abnormal_Sperm (412).bmp,val,1,-0.625366,0.749581,-0.124216
smids/Abnormal_Sperm/Abnormal_Sperm (418).bmp,val,1,-2.259935,4.327723,-2.067788
smids/Abnormal_Sperm/Abnormal_Sperm (42).bmp,val,1,2.539467,0.768890,-3.308357
smids/Abnormal_Sperm/Abnormal_Sperm (423).bmp,val,1,-0.771105,3.447110,-2.676006
smids/Abnormal_Sperm/Abnormal_Sperm (432).bmp,val,1,0.146128,1.638129,-1.784258
smids/Abnormal_Sperm/Abnormal_Sperm (440).bmp,val,1,0.337525,2.513915,-2.851440
smids/Abnormal_Sperm/Abnormal_Sperm (441).bmp,val,1,-0.807575,2.889476,-2.081902
smids/Abnormal_Sperm/Abnormal_Sperm (444).bmp,val,1,1.505752,3.147451,-4.653203
smids/Abnormal_Sperm/Abnormal_Sperm (445).bmp,val,1,-1.434384,3.924854,-2.490470
smids/Abnormal_Sperm/Abnormal_Sperm (459).bmp,val,1,-1.240431,3.453886,-2.213456
smids/Abnormal_Sperm/Abnormal_Sperm (465).bmp,val,1,-1.112043,0.695203,0.416838
smids/Abnormal_Sperm/Abnormal_Sperm (469).bmp,val,1,-0.727337,2.329314,-1.601978
smids/Abnormal_Sperm/Abnormal_Sperm (473).bmp,val,1,-2.425175,2.377139,0.048035
smids/Abnormal_Sperm/Abnormal_Sperm (48).bmp,val,1,-1.675343,1.010454,0.664888
smids/Abnormal_Sperm/Abnormal_Sperm (493).bmp,val,1,-0.995011,3.324221,-2.329211
smids/Abnormal_Sperm/Abnormal_Sperm (500).bmp,val,1,1.006707,-2.032514,1.025808
smids/Abnormal_Sperm/Abnormal_Sperm (501).bmp,val,1,0.222476,-0.902780,0.680302
smids/Abnormal_Sperm/Abnormal_Sperm (505).bmp,val,1,-2.688288,2.082362,0.605923
smids/Abnormal_Sperm/Abnormal_Sperm (515).bmp,val,1,-0.881892,1.958127,-1.076236
smids/Abnormal_Sperm/Abnormal_Sperm (526).bmp,val,1,0.780842,1.684676,-2.465518
smids/Abnormal_Sperm/Abnormal_Sperm (539).bmp,val,1,1.517387,0.563508,-2.080896
smids/Abnormal_Sperm/Abnormal_Sperm (545).bmp,val,1,-0.320740,1.934341,-1.613600
smids/Abnormal_Sperm/Abnormal_Sperm (549).bmp,val,1,1.630509,-0.737704,-0.892805
smids/Abnormal_Sperm/Abnormal_Sperm (56).bmp,val,1,-1.553798,2.103581,-0.549784
smids/Abnormal_Sperm/Abnormal_Sperm (567).bmp,val,1,0.169516,1.447553,-1.617068
smids/Abnormal_Sperm/Abnormal_Sperm (612).bmp,val,1,0.778922,1.511180,-2.290102
smids/Abnormal_Sperm/Abnormal_Sperm (615).bmp,val,1,-0.151035,1.971706,-1.820673
smids/Abnormal_Sperm/Abnormal_Sperm (616).bmp,val,1,0.357991,1.510156,-1.868148
smids/Abnormal_Sperm/Abnormal_Sperm (618).bmp,val,1,1.086728,1.567371,-2.654101
smids/Abnormal_Sperm/Abnormal_Sperm (628).bmp,val,1,-0.735874,0.564868,0.171006
smids/Abnormal_Sperm/Abnormal_Sperm (632).bmp,val,1,-0.406537,1.405846,-0.999311
smids/Abnormal_Sperm/Abnormal_Sperm (638).bmp,val,1,0.694471,0.829431,-1.523902
smids/Abnormal_Sperm/Abnormal_Sperm (642).bmp,val,1,1.655031,0.996354,-2.651385
smids/Abnormal_Sperm/Abnormal_Sperm (643).bmp,val,1,-0.033383,1.650286,-1.616904
smids/Abnormal_Sperm/Abnormal_Sperm (644).bmp,val,1,-0.881174,1.688208,-0.807036
smids/Abnormal_Sperm/Abnormal_Sperm (656).bmp,val,1,-0.225830,1.617733,-1.391904
smids/Abnormal_Sperm/Abnormal_Sperm (667).bmp,val,1,0.826237,0.889434,-1.715671
smids/Abnormal_Sperm/Abnormal_Sperm (690).bmp,val,1,0.585656,1.912213,-2.497870
smids/Abnormal_Sperm/Abnormal_Sperm (694).bmp,val,1,-1.113617,1.373546,-0.259929
smids/Abnormal_Sperm/Abnormal_Sperm (696).bmp,val,1,0.031244,0.643041,-0.674285
smids/Abnormal_Sperm/Abnormal_Sperm (70).bmp,val,1,-1.558248,3.930459,-2.372213
smids/Abnormal_Sperm/Abnormal_Sperm (707).bmp,val,1,-0.311567,2.790153,-2.478587
smids/Abnormal_Sperm/Abnormal_Sperm (708).bmp,val,1,0.945926,1.893944,-2.839871
smids/Abnormal_Sperm/Abnormal_Sperm (716).bmp,val,1,0.845869,1.831722,-2.677592
smids/Abnormal_Sperm/Abnormal_Sperm (718).bmp,val,1,-0.759349,0.575629,0.183718
smids/Abnormal_Sperm/Abnormal_Sperm (738).bmp,val,1,-0.613501,2.010973,-1.397472
smids/Abnormal_Sperm/Abnormal_Sperm (747).bmp,val,1,0.311138,0.142121,-0.453261
smids/Abnormal_Sperm/Abnormal_Sperm (755).bmp,val,1,2.261900,0.730507,-2.992409
smids/Abnormal_Sperm/Abnormal_Sperm (759).bmp,val,1,0.378285,2.191580,-2.569868
smids/Abnormal_Sperm/Abnormal_Sperm (76).bmp,val,1,-0.038156,1.191301,-1.153148
smids/Abnormal_Sperm/Abnormal_Sperm (763).bmp,val,1,0.414866,-0.293286,-0.121581
smids/Abnormal_Sperm/Abnormal_Sperm (776).bmp,val,1,0.160613,1.703357,-1.863972
smids/Abnormal_Sperm/Abnormal_Sperm (785).bmp,val,1,1.846290,2.616609,-4.462900
smids/Abnormal_Sperm/Abnormal_Sperm (792).bmp,val,1,0.673644,1.425394,-2.099039
smids/Abnormal_Sperm/Abnormal_Sperm (803).bmp,val,1,2.788608,1.771478,-4.560087
smids/Abnormal_Sperm/Abnormal_Sperm (804).bmp,val,1,-1.614100,4.082591,-2.468491
smids/Abnormal_Sperm/Abnormal_Sperm (830).bmp,val,1,1.604874,2.135804,-3.740678
smids/Abnormal_Sperm/Abnormal_Sperm (837).bmp,val,1,1.840623,-0.081547,-1.759077
smids/Abnormal_Sperm/Abnormal_Sperm (840).bmp,val,1,0.636819,3.009861,-3.646682
smids/Abnormal_Sperm/Abnormal_Sperm (847).bmp,val,1,2.314630,2.496812,-4.811442
smids/Abnormal_Sperm/Abnormal_Sperm (884).bmp,val,1,1.792896,1.202925,-2.995823
smids/Abnormal_Sperm/Abnormal_Sperm (896).bmp,val,1,1.554084,0.985058,-2.539143
smids/Abnormal_Sperm/Abnormal_Sperm (899).bmp,val,1,2.892468,0.322915,-3.215385
smids/Abnormal_Sperm/Abnormal_Sperm (904).bmp,val,1,-0.086712,1.361032,-1.274321
smids/Abnormal_Sperm/Abnormal_Sperm (919).bmp,val,1,1.141015,-0.391437,-0.749581
smids/Abnormal_Sperm/Abnormal_Sperm (927).bmp,val,1,-0.410626,1.143134,-0.732512
smids/Abnormal_Sperm/Abnormal_Sperm (941).bmp,val,1,-0.380719,1.787323,-1.406605
smids/Abnormal_Sperm/Abnormal_Sperm (945).bmp,val,1,-0.476972,1.742294,-1.265324
smids/Abnormal_Sperm/Abnormal_Sperm (947).bmp,val,1,1.136562,2.010554,-3.147118
smids/Abnormal_Sperm/Abnormal_Sperm (948).bmp,val,1,0.684334,2.176681,-2.861016
smids/Abnormal_Sperm/Abnormal_Sperm (951).bmp,val,1,0.502687,0.112695,-0.615382
smids/Abnormal_Sperm/Abnormal_Sperm (962).bmp,val,1,-2.540163,1.907290,0.632870
smids/Abnormal_Sperm/Abnormal_Sperm (969).bmp,val,1,-1.778545,2.886611,-1.108067
smids/Abnormal_Sperm/Abnormal_Sperm (97).bmp,val,1,0.080086,2.509534,-2.589621
smids/Abnormal_Sperm/Abnormal_Sperm (970).bmp,val,1,-2.133922,2.560954,-0.427033
smids/Abnormal_Sperm/Abnormal_Sperm (979).bmp,val,1,-0.090452,3.701631,-3.611179
smids/Abnormal_Sperm/Abnormal_Sperm (980).bmp,val,1,-2.102863,1.868377,0.234484
smids/Abnormal_Sperm/Abnormal_Sperm (984).bmp,val,1,-0.848892,1.614184,-0.765293
smids/Abnormal_Sperm/Abnormal_Sperm (987).bmp,val,1,0.181308,1.966476,-2.147783
smids/Abnormal_Sperm/Abnormal_Sperm (989).bmp,val,1,-1.059217,1.329110,-0.269892
smids/Non-Sperm/Non-Sperm (101).bmp,val,2,-1.806306,-2.556143,4.362447
smids/Non-Sperm/Non-Sperm (107).bmp,val,2,-2.300067,-2.102699,4.402763
smids/Non-Sperm/Non-Sperm (110).bmp,val,2,-2.430057,-0.562390,2.992446
smids/Non-Sperm/Non-Sperm (111).bmp,val,2,-1.537282,-1.434096,2.971378
smids/Non-Sperm/Non-Sperm (119).bmp,val,2,-2.366017,-1.383543,3.749558
smids/Non-Sperm/Non-Sperm (121).bmp,val,2,-2.722408,-2.950043,5.672451
smids/Non-Sperm/Non-Sperm (122).bmp,val,2,-2.243907,-2.447828,4.691733
smids/Non-Sperm/Non-Sperm (127).bmp,val,2,-4.207327,-0.275104,4.482428
smids/Non-Sperm/Non-Sperm (134).bmp,val,2,-2.473883,-2.729415,5.203297
smids/Non-Sperm/Non-Sperm (139).bmp,val,2,-2.612236,-1.069018,3.681254
smids/Non-Sperm/Non-Sperm (15).bmp,val,2,-2.626269,-1.041319,3.667591
smids/Non-Sperm/Non-Sperm (151).bmp,val,2,-2.181490,-1.835134,4.016624
smids/Non-Sperm/Non-Sperm (155).bmp,val,2,-2.486206,-2.798743,5.284948
smids/Non-Sperm/Non-Sperm (159).bmp,val,2,-1.961255,-2.615258,4.576511
smids/Non-Sperm/Non-Sperm (165).bmp,val,2,-2.644945,-1.913958,4.558903
smids/Non-Sperm/Non-Sperm (170).bmp,val,2,-2.612910,-3.274015,5.886923
smids/Non-Sperm/Non-Sperm (178).bmp,val,2,-2.722344,-1.504386,4.226730
smids/Non-Sperm/Non-Sperm (201).bmp,val,2,-1.609719,-2.847356,4.457074
smids/Non-Sperm/Non-Sperm (202).bmp,val,2,-2.049294,-3.248771,5.298063
smids/Non-Sperm/Non-Sperm (204).bmp,val,2,-2.862478,0.803297,2.059178
smids/Non-Sperm/Non-Sperm (206).bmp,val,2,-1.483813,-3.013875,4.497687
smids/Non-Sperm/Non-Sperm (219).bmp,val,2,-2.052514,-1.480845,3.533357
smids/Non-Sperm/Non-Sperm (221).bmp,val,2,-2.438522,-0.156875,2.595396
smids/Non-Sperm/Non-Sperm (227).bmp,val,2,-2.742914,-1.043473,3.786385
smids/Non-Sperm/Non-Sperm (229).bmp,val,2,-3.746930,-1.149764,4.896695
smids/Non-Sperm/Non-Sperm (23).bmp,val,2,-1.585708,1.887076,-0.301369
smids/Non-Sperm/Non-Sperm (230).bmp,val,2,-1.600204,-1.370335,2.970538
smids/Non-Sperm/Non-Sperm (25).bmp,val,2,0.134710,0.493734,-0.628444
smids/Non-Sperm/Non-Sperm (251).bmp,val,2,-2.491067,-1.176493,3.667559
smids/Non-Sperm/Non-Sperm (268).bmp,val,2,-0.738556,-2.488832,3.227387
smids/Non-Sperm/Non-Sperm (277).bmp,val,2,-1.895624,-3.108452,5.004075
smids/Non-Sperm/Non-Sperm (279).bmp,val,2,-1.746208,-3.003887,4.750093
smids/Non-Sperm/Non-Sperm (284).bmp,val,2,-1.761289,-2.047792,3.809080
smids/Non-Sperm/Non-Sperm (287).bmp,val,2,-1.417145,-1.338680,2.755825
smids/Non-Sperm/Non-Sperm (289).bmp,val,2,-2.087069,-2.703620,4.790689
smids/Non-Sperm/Non-Sperm (292).bmp,val,2,-2.081293,-3.029037,5.110328
smids/Non-Sperm/Non-Sperm (293).bmp,val,2,-1.185920,-3.646807,4.832727
smids/Non-Sperm/Non-Sperm (297).bmp,val,2,-1.859419,-0.596288,2.455705
smids/Non-Sperm/Non-Sperm (303).bmp,val,2,-2.405409,-2.337248,4.742657
smids/Non-Sperm/Non-Sperm (308).bmp,val,2,-1.804929,-2.553551,4.358481
smids/Non-Sperm/Non-Sperm (333).bmp,val,2,-1.360274,-0.354393,1.714665
smids/Non-Sperm/Non-Sperm (372).bmp,val,2,-2.541465,-3.049129,5.590593
smids/Non-Sperm/Non-Sperm (375).bmp,val,2,-1.441499,-0.502002,1.943499
smids/Non-Sperm/Non-Sperm (378).bmp,val,2,0.533759,-4.441948,3.908189
smids/Non-Sperm/Non-Sperm (379).bmp,val,2,-2.527016,-1.247464,3.774478
smids/Non-Sperm/Non-Sperm (383).bmp,val,2,-1.563232,0.193146,1.370085
smids/Non-Sperm/Non-Sperm (388).bmp,val,2,-1.434774,-0.516163,1.950936
smids/Non-Sperm/Non-Sperm (395).bmp,val,2,0.137097,-0.123869,-0.013230
smids/Non-Sperm/Non-Sperm (402).bmp,val,2,-2.582882,-0.334004,2.916888
smids/Non-Sperm/Non-Sperm (407).bmp,val,2,-2.993639,0.154706,2.838932
smids/Non-Sperm/Non-Sperm (410).bmp,val,2,-2.908814,-0.050005,2.958817
smids/Non-Sperm/Non-Sperm (421).bmp,val,2,-1.990485,-2.074347,4.064834
smids/Non-Sperm/Non-Sperm (428).bmp,val,2,-2.179882,-2.328472,4.508353
smids/Non-Sperm/Non-Sperm (433).bmp,val,2,-3.580084,-1.633181,5.213265
smids/Non-Sperm/Non-Sperm (437).bmp,val,2,-2.619909,-0.599709,3.219616
smids/Non-Sperm/Non-Sperm (459).bmp,val,2,-2.272118,-2.018445,4.290564
smids/Non-Sperm/Non-Sperm (48).bmp,val,2,-2.669348,2.103407,0.565939
smids/Non-Sperm/Non-Sperm (487).bmp,val,2,-1.910504,-1.644452,3.554954
smids/Non-Sperm/Non-Sperm (51).bmp,val,2,-4.806186,1.220878,3.585307
smids/Non-Sperm/Non-Sperm (52).bmp,val,2,-1.378755,-0.229668,1.608423
smids/Non-Sperm/Non-Sperm (522).bmp,val,2,-2.001526,0.234261,1.767264
smids/Non-Sperm/Non-Sperm (523).bmp,val,2,-2.497275,-1.595341,4.092617
smids/Non-Sperm/Non-Sperm (525).bmp,val,2,-2.155239,-1.869007,4.024245
smids/Non-Sperm/Non-Sperm (53).bmp,val,2,-2.268228,1.526022,0.742204
smids/Non-Sperm/Non-Sperm (542).bmp,val,2,-1.252250,-1.731219,2.983468
smids/Non-Sperm/Non-Sperm (545).bmp,val,2,-0.039375,-0.120271,0.159645
smids/Non-Sperm/Non-Sperm (555).bmp,val,2,-2.240214,-0.608869,2.849082
smids/Non-Sperm/Non-Sperm (569).bmp,val,2,-2.301197,-0.825279,3.126473
smids/Non-Sperm/Non-Sperm (573).bmp,val,2,-0.810490,-1.487004,2.297493
smids/Non-Sperm/Non-Sperm (574).bmp,val,2,-3.424636,-0.104438,3.529072
smids/Non-Sperm/Non-Sperm (588).bmp,val,2,-0.806425,-3.460421,4.266844
smids/Non-Sperm/Non-Sperm (593).bmp,val,2,-2.945111,-0.493276,3.438386
smids/Non-Sperm/Non-Sperm (607).bmp,val,2,-2.405496,-0.185640,2.591136
smids/Non-Sperm/Non-Sperm (626).bmp,val,2,-0.511257,-2.397898,2.909155
smids/Non-Sperm/Non-Sperm (635).bmp,val,2,-1.510352,-2.800791,4.311143
smids/Non-Sperm/Non-Sperm (639).bmp,val,2,-1.465644,-0.773075,2.238719
smids/Non-Sperm/Non-Sperm (652).bmp,val,2,-1.674875,-3.127192,4.802067
smids/Non-Sperm/Non-Sperm (657).bmp,val,2,-2.248263,-1.799487,4.047748
smids/Non-Sperm/Non-Sperm (679).bmp,val,2,-1.961055,-1.203271,3.164326
smids/Non-Sperm/Non-Sperm (683).bmp,val,2,-3.041561,-2.120519,5.162081
smids/Non-Sperm/Non-Sperm (695).bmp,val,2,-2.324434,0.263871,2.060560
smids/Non-Sperm/Non-Sperm (698).bmp,val,2,-3.214159,-1.533363,4.747524
smids/Non-Sperm/Non-Sperm (7).bmp,val,2,-2.942789,0.987755,1.955033
smids/Non-Sperm/Non-Sperm (707).bmp,val,2,-2.138034,-3.608009,5.746043
smids/Non-Sperm/Non-Sperm (709).bmp,val,2,0.316409,-1.533320,1.216910
smids/Non-Sperm/Non-Sperm (715).bmp,val,2,-3.508037,-0.963295,4.471329
smids/Non-Sperm/Non-Sperm (722).bmp,val,2,-2.286474,-1.125287,3.411759
smids/Non-Sperm/Non-Sperm (733).bmp,val,2,-2.715649,-0.726729,3.442378
smids/Non-Sperm/Non-Sperm (745).bmp,val,2,-2.026538,-2.608345,4.634881
smids/Non-Sperm/Non-Sperm (75).bmp,val,2,-0.487929,0.449545,0.038383
smids/Non-Sperm/Non-Sperm (754).bmp,val,2,-2.470391,-2.681905,5.152293
smids/Non-Sperm/Non-Sperm (762).bmp,val,2,-1.637260,-2.870609,4.507869
smids/Non-Sperm/Non-Sperm (779).bmp,val,2,-2.118606,-0.803687,2.922293
smids/Non-Sperm/Non-Sperm (783).bmp,val,2,-2.013191,-3.970222,5.983412
smids/Non-Sperm/Non-Sperm (786).bmp,val,2,0.025618,-3.012593,2.986975
smids/Non-Sperm/Non-Sperm (796).bmp,val,2,-1.653594,-2.204258,3.857852
smids/Non-Sperm/Non-Sperm (798).bmp,val,2,-1.103835,-3.589402,4.693236
smids/Non-Sperm/Non-Sperm (801).bmp,val,2,-2.739637,-1.508641,4.248278
smids/Non-Sperm/Non-Sperm (809).bmp,val,2,1.610504,-3.576573,1.966069
smids/Non-Sperm/Non-Sperm (820).bmp,val,2,-1.079828,-2.131762,3.211588
smids/Non-Sperm/Non-Sperm (83).bmp,val,2,-2.443151,-1.426567,3.869715
smids/Non-Sperm/Non-Sperm (833).bmp,val,2,-1.380516,-0.654130,2.034644
smids/Non-Sperm/Non-Sperm (841).bmp,val,2,1.675153,-3.459100,1.783945
smids/Non-Sperm/Non-Sperm (865).bmp,val,2,-1.777943,-0.524597,2.302539
smids/Non-Sperm/Non-Sperm (874).bmp,val,2,-3.143812,-1.134031,4.277843
smids/Non-Sperm/Non-Sperm (891).bmp,val,2,0.799116,-1.234000,0.434883
smids/Non-Sperm/Non-Sperm (896).bmp,val,2,-1.401846,-0.161309,1.563152
smids/Non-Sperm/Non-Sperm (898).bmp,val,2,-1.441102,1.454741,-0.013641
smids/Non-Sperm/Non-Sperm (909).bmp,val,2,0.082312,0.251573,-0.333887
smids/Non-Sperm/Non-Sperm (956).bmp,val,2,-2.242234,-0.893548,3.135780
smids/Non-Sperm/Non-Sperm (958).bmp,val,2,-2.543451,-1.029281,3.572730
smids/Non-Sperm/Non-Sperm (959).bmp,val,2,-3.026239,1.258604,1.767632
smids/Non-Sperm/Non-Sperm (960).bmp,val,2,-2.038961,1.975115,0.063843
smids/Non-Sperm/Non-Sperm (968).bmp,val,2,-2.484443,-1.233859,3.718301
smids/Non-Sperm/Non-Sperm (969).bmp,val,2,-1.294343,0.802639,0.491704
smids/Non-Sperm/Non-Sperm (97).bmp,val,2,-1.316726,-2.309144,3.625868
smids/Non-Sperm/Non-Sperm (99).bmp,val,2,-2.300337,-2.316681,4.617018
smids/Normal_Sperm/Normal_Sperm (1).bmp,val,0,3.118528,0.037541,-3.156070
smids/Normal_Sperm/Normal_Sperm (1004).bmp,val,0,1.029858,-0.621148,-0.408712
smids/Normal_Sperm/Normal_Sperm (1011).bmp,val,0,1.621557,-0.173985,-1.447575
smids/Normal_Sperm/Normal_Sperm (1016).bmp,val,0,1.495182,0.702944,-2.198127
smids/Normal_Sperm/Normal_Sperm (1019).bmp,val,0,0.904311,1.141514,-2.045827
smids/Normal_Sperm/Normal_Sperm (1020).bmp,val,0,0.296123,1.020134,-1.316259
smids/Normal_Sperm/Normal_Sperm (115).bmp,val,0,1.652866,-0.402623,-1.250244
smids/Normal_Sperm/Normal_Sperm (131).bmp,val,0,0.500661,0.838828,-1.339489
smids/Normal_Sperm/Normal_Sperm (140).bmp,val,0,1.498468,0.079631,-1.578099
smids/Normal_Sperm/Normal_Sperm (147).bmp,val,0,3.430398,-0.016131,-3.414268
smids/Normal_Sperm/Normal_Sperm (159).bmp,val,0,4.077960,0.061388,-4.139348
smids/Normal_Sperm/Normal_Sperm (169).bmp,val,0,1.657418,-0.835925,-0.821494
smids/Normal_Sperm/Normal_Sperm (170).bmp,val,0,3.063191,0.401702,-3.464896
smids/Normal_Sperm/Normal_Sperm (171).bmp,val,0,2.266027,-0.556015,-1.710015
smids/Normal_Sperm/Normal_Sperm (178).bmp,val,0,2.044452,0.247252,-2.291704
smids/Normal_Sperm/Normal_Sperm (185).bmp,val,0,0.127571,0.394321,-0.521894
smids/Normal_Sperm/Normal_Sperm (194).bmp,val,0,3.499387,0.811488,-4.310874
smids/Normal_Sperm/Normal_Sperm (200).bmp,val,0,1.375013,1.802018,-3.177032
smids/Normal_Sperm/Normal_Sperm (223).bmp,val,0,0.708525,0.470066,-1.178593
smids/Normal_Sperm/Normal_Sperm (231).bmp,val,0,1.247976,1.027450,-2.275426
smids/Normal_Sperm/Normal_Sperm (233).bmp,val,0,2.114558,0.866850,-2.981409
smids/Normal_Sperm/Normal_Sperm (254).bmp,val,0,2.959227,-0.173035,-2.786196
smids/Normal_Sperm/Normal_Sperm (267).bmp,val,0,0.150626,0.712749,-0.863376
smids/Normal_Sperm/Normal_Sperm (273).bmp,val,0,2.680863,-0.477405,-2.203459
smids/Normal_Sperm/Normal_Sperm (283).bmp,val,0,4.135141,-0.474602,-3.660540
smids/Normal_Sperm/Normal_Sperm (3).bmp,val,0,1.586225,1.222521,-2.808747
smids/Normal_Sperm/Normal_Sperm (302).bmp,val,0,0.248162,2.283583,-2.531744
smids/Normal_Sperm/Normal_Sperm (309).bmp,val,0,-0.036395,0.785884,-0.749490
smids/Normal_Sperm/Normal_Sperm (315).bmp,val,0,0.219340,1.207315,-1.426657
smids/Normal_Sperm/Normal_Sperm (317).bmp,val,0,0.638371,-0.228238,-0.410134
smids/Normal_Sperm/Normal_Sperm (326).bmp,val,0,-0.531839,0.435534,0.096303
smids/Normal_Sperm/Normal_Sperm (328).bmp,val,0,0.773095,2.210230,-2.983325
smids/Normal_Sperm/Normal_Sperm (345).bmp,val,0,0.572220,0.577215,-1.149437
smids/Normal_Sperm/Normal_Sperm (354).bmp,val,0,2.778542,0.973891,-3.752433
smids/Normal_Sperm/Normal_Sperm (357).bmp,val,0,3.547791,-0.177410,-3.370381
smids/Normal_Sperm/Normal_Sperm (372).bmp,val,0,0.938214,0.700094,-1.638309
smids/Normal_Sperm/Normal_Sperm (375).bmp,val,0,4.717039,0.646935,-5.363975
smids/Normal_Sperm/Normal_Sperm (378).bmp,val,0,2.906512,0.312354,-3.218867
smids/Normal_Sperm/Normal_Sperm (384).bmp,val,0,0.940796,2.614991,-3.555790
smids/Normal_Sperm/Normal_Sperm (389).bmp,val,0,2.531343,1.580810,-4.112153
smids/Normal_Sperm/Normal_Sperm (41).bmp,val,0,0.783776,-1.743686,0.959909
smids/Normal_Sperm/Normal_Sperm (410).bmp,val,0,1.355462,0.331779,-1.687243
smids/Normal_Sperm/Normal_Sperm (416).bmp,val,0,2.754200,0.983625,-3.737827
smids/Normal_Sperm/Normal_Sperm (432).bmp,val,0,3.672593,0.530573,-4.203166
smids/Normal_Sperm/Normal_Sperm (444).bmp,val,0,1.771942,0.261070,-2.033012
smids/Normal_Sperm/Normal_Sperm (449).bmp,val,0,3.261204,-0.424701,-2.836503
smids/Normal_Sperm/Normal_Sperm (451).bmp,val,0,2.136713,-0.627098,-1.509615
smids/Normal_Sperm/Normal_Sperm (456).bmp,val,0,2.292505,1.592104,-3.884610
smids/Normal_Sperm/Normal_Sperm (460).bmp,val,0,1.471193,-0.600865,-0.870329
smids/Normal_Sperm/Normal_Sperm (480).bmp,val,0,3.011107,1.182529,-4.193637
smids/Normal_Sperm/Normal_Sperm (488).bmp,val,0,0.728173,1.747217,-2.475391
smids/Normal_Sperm/Normal_Sperm (49).bmp,val,0,-0.136723,1.473292,-1.336569
smids/Normal_Sperm/Normal_Sperm (490).bmp,val,0,2.986708,-0.521665,-2.465044
smids/Normal_Sperm/Normal_Sperm (492).bmp,val,0,3.927156,-0.431017,-3.496139
smids/Normal_Sperm/Normal_Sperm (5).bmp,val,0,2.550866,0.518180,-3.069047
smids/Normal_Sperm/Normal_Sperm (52).bmp,val,0,2.188634,0.944760,-3.133394
smids/Normal_Sperm/Normal_Sperm (522).bmp,val,0,2.559813,0.837421,-3.397234
smids/Normal_Sperm/Normal_Sperm (525).bmp,val,0,2.156479,1.265049,-3.421529
smids/Normal_Sperm/Normal_Sperm (526).bmp,val,0,2.487840,1.445311,-3.933154
smids/Normal_Sperm/Normal_Sperm (527).bmp,val,0,3.636436,0.943317,-4.579754
smids/Normal_Sperm/Normal_Sperm (530).bmp,val,0,4.287195,0.476115,-4.763312
smids/Normal_Sperm/Normal_Sperm (56).bmp,val,0,1.751240,0.129209,-1.880449
smids/Normal_Sperm/Normal_Sperm (561).bmp,val,0,0.962122,0.013034,-0.975158
smids/Normal_Sperm/Normal_Sperm (565).bmp,val,0,1.444424,0.624467,-2.068893
smids/Normal_Sperm/Normal_Sperm (566).bmp,val,0,4.110965,-0.197212,-3.913754
smids/Normal_Sperm/Normal_Sperm (567).bmp,val,0,2.875642,-0.363916,-2.511725
smids/Normal_Sperm/Normal_Sperm (569).bmp,val,0,3.592485,-0.136120,-3.456366
smids/Normal_Sperm/Normal_Sperm (57).bmp,val,0,6.172574,-0.029570,-6.143003
smids/Normal_Sperm/Normal_Sperm (570).bmp,val,0,4.814689,0.361924,-5.176614
smids/Normal_Sperm/Normal_Sperm (572).bmp,val,0,2.917949,1.045268,-3.963217
smids/Normal_Sperm/Normal_Sperm (589).bmp,val,0,2.744306,1.130078,-3.874384
smids/Normal_Sperm/Normal_Sperm (59).bmp,val,0,2.469433,2.289667,-4.759102
smids/Normal_Sperm/Normal_Sperm (609).bmp,val,0,0.731961,0.760926,-1.492888
smids/Normal_Sperm/Normal_Sperm (612).bmp,val,0,4.057137,1.158623,-5.215759
smids/Normal_Sperm/Normal_Sperm (624).bmp,val,0,3.462419,0.023691,-3.486109
smids/Normal_Sperm/Normal_Sperm (63).bmp,val,0,1.393355,1.842767,-3.236121
smids/Normal_Sperm/Normal_Sperm (646).bmp,val,0,2.136991,0.340620,-2.477614
smids/Normal_Sperm/Normal_Sperm (648).bmp,val,0,2.884109,0.275646,-3.159756
smids/Normal_Sperm/Normal_Sperm (65).bmp,val,0,1.352242,-0.324537,-1.027704
smids/Normal_Sperm/Normal_Sperm (658).bmp,val,0,2.402239,-0.165881,-2.236359
smids/Normal_Sperm/Normal_Sperm (666).bmp,val,0,3.276963,-0.467252,-2.809713
smids/Normal_Sperm/Normal_Sperm (673).bmp,val,0,3.287107,2.384759,-5.671866
smids/Normal_Sperm/Normal_Sperm (679).bmp,val,0,4.226590,-0.325858,-3.900732
smids/Normal_Sperm/Normal_Sperm (680).bmp,val,0,2.674385,0.247589,-2.921975
smids/Normal_Sperm/Normal_Sperm (692).bmp,val,0,4.529614,-0.387242,-4.142372
smids/Normal_Sperm/Normal_Sperm (70).bmp,val,0,1.783164,1.153940,-2.937102
smids/Normal_Sperm/Normal_Sperm (700).bmp,val,0,0.627994,1.702261,-2.330258
smids/Normal_Sperm/Normal_Sperm (705).bmp,val,0,1.719390,0.626572,-2.345963
smids/Normal_Sperm/Normal_Sperm (717).bmp,val,0,3.012994,0.258231,-3.271225
smids/Normal_Sperm/Normal_Sperm (719).bmp,val,0,3.900061,0.395712,-4.295774
smids/Normal_Sperm/Normal_Sperm (722).bmp,val,0,2.390942,-0.028896,-2.362047
smids/Normal_Sperm/Normal_Sperm (739).bmp,val,0,3.143780,-0.958423,-2.185358
smids/Normal_Sperm/Normal_Sperm (779).bmp,val,0,2.149721,1.004540,-3.154262
smids/Normal_Sperm/Normal_Sperm (782).bmp,val,0,2.892448,0.800464,-3.692914
smids/Normal_Sperm/Normal_Sperm (786).bmp,val,0,2.198583,1.371944,-3.570527
smids/Normal_Sperm/Normal_Sperm (787).bmp,val,0,2.628534,-1.409977,-1.218560
smids/Normal_Sperm/Normal_Sperm (793).bmp,val,0,0.252192,0.253231,-0.505426
smids/Normal_Sperm/Normal_Sperm (804).bmp,val,0,2.823272,1.080920,-3.904193
smids/Normal_Sperm/Normal_Sperm (806).bmp,val,0,1.288208,-0.959055,-0.329154
smids/Normal_Sperm/Normal_Sperm (808).bmp,val,0,3.271067,-1.406541,-1.864527
smids/Normal_Sperm/Normal_Sperm (825).bmp,val,0,0.805636,0.403030,-1.208667
smids/Normal_Sperm/Normal_Sperm (841).bmp,val,0,5.566214,-0.518979,-5.047236
smids/Normal_Sperm/Normal_Sperm (855).bmp,val,0,0.888597,0.065796,-0.954394
smids/Normal_Sperm/Normal_Sperm (86).bmp,val,0,1.370255,0.975637,-2.345891
smids/Normal_Sperm/Normal_Sperm (869).bmp,val,0,3.615143,0.662678,-4.277823
smids/Normal_Sperm/Normal_Sperm (882).bmp,val,0,3.388820,0.959701,-4.348520
smids/Normal_Sperm/Normal_Sperm (884).bmp,val,0,2.288207,1.557424,-3.845633
smids/Normal_Sperm/Normal_Sperm (898).bmp,val,0,3.533134,1.860224,-5.393357
smids/Normal_Sperm/Normal_Sperm (901).bmp,val,0,3.240719,2.112927,-5.353646
smids/Normal_Sperm/Normal_Sperm (903).bmp,val,0,-0.764126,1.631270,-0.867145
smids/Normal_Sperm/Normal_Sperm (908).bmp,val,0,2.375654,1.873531,-4.249186
smids/Normal_Sperm/Normal_Sperm (912).bmp,val,0,3.176166,0.715456,-3.891621
smids/Normal_Sperm/Normal_Sperm (919).bmp,val,0,0.625802,0.797899,-1.423702
smids/Normal_Sperm/Normal_Sperm (925).bmp,val,0,1.841589,1.697986,-3.539576
smids/Normal_Sperm/Normal_Sperm (928).bmp,val,0,3.914619,1.047993,-4.962612
smids/Normal_Sperm/Normal_Sperm (930).bmp,val,0,-1.976153,-0.006604,1.982757
smids/Normal_Sperm/Normal_Sperm (941).bmp,val,0,0.685984,2.992180,-3.678166
smids/Normal_Sperm/Normal_Sperm (96).bmp,val,0,1.675280,-0.419070,-1.256211
smids/Normal_Sperm/Normal_Sperm (961).bmp,val,0,0.954781,1.297300,-2.252082
smids/Normal_Sperm/Normal_Sperm (999).bmp,val,0,1.297938,0.620315,-1.918255
smids/Abnormal_Sperm/Abnormal_Sperm (105).bmp,calib,1,0.812272,2.523901,-3.336174
smids/Abnormal_Sperm/Abnormal_Sperm (111).bmp,calib,1,-0.481778,1.241541,-0.759764
smids/Abnormal_Sperm/Abnormal_Sperm (122).bmp,calib,1,1.173073,2.260987,-3.434061
smids/Abnormal_Sperm/Abnormal_Sperm (129).bmp,calib,1,0.089179,1.642176,-1.731354
smids/Abnormal_Sperm/Abnormal_Sperm (148).bmp,calib,1,-1.305416,1.743387,-0.437973
smids/Abnormal_Sperm/Abnormal_Sperm (150).bmp,calib,1,2.407776,1.729337,-4.137114
smids/Abnormal_Sperm/Abnormal_Sperm (151).bmp,calib,1,-1.398343,0.370701,1.027643
smids/Abnormal_Sperm/Abnormal_Sperm (17).bmp,calib,1,0.787395,-0.125307,-0.662089
smids/Abnormal_Sperm/Abnormal_Sperm (172).bmp,calib,1,2.983166,0.905158,-3.888324
smids/Abnormal_Sperm/Abnormal_Sperm (174).bmp,calib,1,-0.452732,1.895793,-1.443063
smids/Abnormal_Sperm/Abnormal_Sperm (178).bmp,calib,1,-0.310893,2.323015,-2.012124
smids/Abnormal_Sperm/Abnormal_Sperm (190).bmp,calib,1,-0.071486,3.545218,-3.473734
smids/Abnormal_Sperm/Abnormal_Sperm (191).bmp,calib,1,0.984538,-0.029218,-0.955321
smids/Abnormal_Sperm/Abnormal_Sperm (209).bmp,calib,1,0.332900,1.383752,-1.716652
smids/Abnormal_Sperm/Abnormal_Sperm (212).bmp,calib,1,1.556570,1.533135,-3.089704
smids/Abnormal_Sperm/Abnormal_Sperm (214).bmp,calib,1,-3.096562,2.563727,0.532835
smids/Abnormal_Sperm/Abnormal_Sperm (215).bmp,calib,1,-0.561470,2.869100,-2.307630
smids/Abnormal_Sperm/Abnormal_Sperm (223).bmp,calib,1,-2.120186,1.221211,0.898976
smids/Abnormal_Sperm/Abnormal_Sperm (224).bmp,calib,1,0.678643,4.014707,-4.693351
smids/Abnormal_Sperm/Abnormal_Sperm (23).bmp,calib,1,0.561803,2.175351,-2.737155
smids/Abnormal_Sperm/Abnormal_Sperm (232).bmp,calib,1,-1.172593,2.829360,-1.656769
smids/Abnormal_Sperm/Abnormal_Sperm (233).bmp,calib,1,-0.224244,2.047110,-1.822865
smids/Abnormal_Sperm/Abnormal_Sperm (242).bmp,calib,1,0.631650,1.892351,-2.524002
smids/Abnormal_Sperm/Abnormal_Sperm (248).bmp,calib,1,-0.146556,2.504767,-2.358214
smids/Abnormal_Sperm/Abnormal_Sperm (258).bmp,calib,1,-1.721098,2.029214,-0.308117
smids/Abnormal_Sperm/Abnormal_Sperm (266).bmp,calib,1,0.040310,2.144577,-2.184887
smids/Abnormal_Sperm/Abnormal_Sperm (272).bmp,calib,1,1.881760,2.053050,-3.934808
smids/Abnormal_Sperm/Abnormal_Sperm (279).bmp,calib,1,1.922746,0.885858,-2.808605
smids/Abnormal_Sperm/Abnormal_Sperm (281).bmp,calib,1,-1.220538,2.137171,-0.916633
smids/Abnormal_Sperm/Abnormal_Sperm (283).bmp,calib,1,0.401590,1.163381,-1.564972
smids/Abnormal_Sperm/Abnormal_Sperm (286).bmp,calib,1,0.722039,-0.499907,-0.222132
smids/Abnormal_Sperm/Abnormal_Sperm (298).bmp,calib,1,-0.835527,2.312239,-1.476714
smids/Abnormal_Sperm/Abnormal_Sperm (302).bmp,calib,1,-1.504697,1.684045,-0.179351
smids/Abnormal_Sperm/Abnormal_Sperm (303).bmp,calib,1,0.636745,1.045284,-1.682029
smids/Abnormal_Sperm/Abnormal_Sperm (304).bmp,calib,1,-2.566530,1.853208,0.713321
smids/Abnormal_Sperm/Abnormal_Sperm (313).bmp,calib,1,-2.691742,1.647305,1.044436
smids/Abnormal_Sperm/Abnormal_Sperm (320).bmp,calib,1,-1.220110,3.979906,-2.759797
smids/Abnormal_Sperm/Abnormal_Sperm (327).bmp,calib,1,-1.526432,1.622030,-0.095599
smids/Abnormal_Sperm/Abnormal_Sperm (337).bmp,calib,1,-0.412955,2.207605,-1.794651
smids/Abnormal_Sperm/Abnormal_Sperm (34).bmp,calib,1,-2.517607,1.078176,1.439429
smids/Abnormal_Sperm/Abnormal_Sperm (347).bmp,calib,1,-1.066671,2.912795,-1.846125
smids/Abnormal_Sperm/Abnormal_Sperm (351).bmp,calib,1,-0.324745,1.487805,-1.163059
smids/Abnormal_Sperm/Abnormal_Sperm (356).bmp,calib,1,-1.082634,2.765496,-1.682863
smids/Abnormal_Sperm/Abnormal_Sperm (360).bmp,calib,1,-0.444835,1.928722,-1.483887
smids/Abnormal_Sperm/Abnormal_Sperm (363).bmp,calib,1,0.112895,2.379333,-2.492228
smids/Abnormal_Sperm/Abnormal_Sperm (368).bmp,calib,1,-2.843609,1.373580,1.470027
smids/Abnormal_Sperm/Abnormal_Sperm (373).bmp,calib,1,0.088575,3.003995,-3.092571
smids/Abnormal_Sperm/Abnormal_Sperm (374).bmp,calib,1,-2.314927,4.029277,-1.714350
smids/Abnormal_Sperm/Abnormal_Sperm (383).bmp,calib,1,-1.971625,1.989344,-0.017718
smids/Abnormal_Sperm/Abnormal_Sperm (384).bmp,calib,1,-1.019454,1.745511,-0.726059
smids/Abnormal_Sperm/Abnormal_Sperm (389).bmp,calib,1,0.521937,1.527559,-2.049498
smids/Abnormal_Sperm/Abnormal_Sperm (395).bmp,calib,1,-0.269394,2.566144,-2.296751
smids/Abnormal_Sperm/Abnormal_Sperm (400).bmp,calib,1,-1.097230,1.607976,-0.510747
smids/Abnormal_Sperm/Abnormal_Sperm (404).bmp,calib,1,-1.124717,-0.049279,1.173997
smids/Abnormal_Sperm/Abnormal_Sperm (406).bmp,calib,1,0.542201,1.097528,-1.639730
smids/Abnormal_Sperm/Abnormal_Sperm (409).bmp,calib,1,0.246559,1.078945,-1.325506
smids/Abnormal_Sperm/Abnormal_Sperm (414).bmp,calib,1,1.005320,2.100780,-3.106101
smids/Abnormal_Sperm/Abnormal_Sperm (419).bmp,calib,1,-0.490981,1.713704,-1.222725
smids/Abnormal_Sperm/Abnormal_Sperm (424).bmp,calib,1,-2.440627,1.457466,0.983158
smids/Abnormal_Sperm/Abnormal_Sperm (426).bmp,calib,1,0.122776,2.246490,-2.369268
smids/Abnormal_Sperm/Abnormal_Sperm (43).bmp,calib,1,0.046525,1.447306,-1.493833
smids/Abnormal_Sperm/Abnormal_Sperm (430).bmp,calib,1,0.118662,3.234169,-3.352833
smids/Abnormal_Sperm/Abnormal_Sperm (434).bmp,calib,1,1.213586,2.663643,-3.877229
smids/Abnormal_Sperm/Abnormal_Sperm (436).bmp,calib,1,0.631390,3.343205,-3.974599
smids/Abnormal_Sperm/Abnormal_Sperm (439).bmp,calib,1,-0.130251,0.795334,-0.665085
smids/Abnormal_Sperm/Abnormal_Sperm (460).bmp,calib,1,-2.446410,4.299918,-1.853509
smids/Abnormal_Sperm/Abnormal_Sperm (463).bmp,calib,1,-2.055859,2.704865,-0.649008
smids/Abnormal_Sperm/Abnormal_Sperm (470).bmp,calib,1,-0.898282,3.488438,-2.590158
smids/Abnormal_Sperm/Abnormal_Sperm (471).bmp,calib,1,-0.717622,4.914254,-4.196633
smids/Abnormal_Sperm/Abnormal_Sperm (475).bmp,calib,1,-1.989481,2.136721,-0.147240
smids/Abnormal_Sperm/Abnormal_Sperm (480).bmp,calib,1,0.786291,0.785129,-1.571421
smids/Abnormal_Sperm/Abnormal_Sperm (481).bmp,calib,1,-2.060018,1.152963,0.907054
smids/Abnormal_Sperm/Abnormal_Sperm (489).bmp,calib,1,-0.666021,1.296415,-0.630396
smids/Abnormal_Sperm/Abnormal_Sperm (495).bmp,calib,1,1.689032,1.981329,-3.670362
smids/Abnormal_Sperm/Abnormal_Sperm (497).bmp,calib,1,-1.237199,0.621916,0.615282
smids/Abnormal_Sperm/Abnormal_Sperm (502).bmp,calib,1,1.498713,-0.397761,-1.100952
smids/Abnormal_Sperm/Abnormal_Sperm (503).bmp,calib,1,-2.642884,1.034742,1.608140
smids/Abnormal_Sperm/Abnormal_Sperm (521).bmp,calib,1,-0.713788,3.196470,-2.482682
smids/Abnormal_Sperm/Abnormal_Sperm (522).bmp,calib,1,-0.373947,1.119020,-0.745073
smids/Abnormal_Sperm/Abnormal_Sperm (527).bmp,calib,1,-0.101619,0.840089,-0.738470
smids/Abnormal_Sperm/Abnormal_Sperm (528).bmp,calib,1,-1.390597,0.137360,1.253235
smids/Abnormal_Sperm/Abnormal_Sperm (531).bmp,calib,1,0.546746,-0.601215,0.054468
smids/Abnormal_Sperm/Abnormal_Sperm (533).bmp,calib,1,2.661358,1.105514,-3.766874
smids/Abnormal_Sperm/Abnormal_Sperm (536).bmp,calib,1,-1.125696,3.378156,-2.252462
smids/Abnormal_Sperm/Abnormal_Sperm (537).bmp,calib,1,2.080118,1.448224,-3.528343
smids/Abnormal_Sperm/Abnormal_Sperm (540).bmp,calib,1,-0.224647,3.068599,-2.843954
smids/Abnormal_Sperm/Abnormal_Sperm (546).bmp,calib,1,1.372852,2.252192,-3.625044
smids/Abnormal_Sperm/Abnormal_Sperm (547).bmp,calib,1,0.981286,2.663004,-3.644289
smids/Abnormal_Sperm/Abnormal_Sperm (548).bmp,calib,1,-1.858808,2.243117,-0.384310
smids/Abnormal_Sperm/Abnormal_Sperm (551).bmp,calib,1,-0.609948,0.906255,-0.296309
smids/Abnormal_Sperm/Abnormal_Sperm (556).bmp,calib,1,-0.940489,1.876687,-0.936198
smids/Abnormal_Sperm/Abnormal_Sperm (573).bmp,calib,1,0.843716,-0.239639,-0.604079
smids/Abnormal_Sperm/Abnormal_Sperm (580).bmp,calib,1,2.179443,-0.780113,-1.399330
smids/Abnormal_Sperm/Abnormal_Sperm (590).bmp,calib,1,-0.517553,1.500253,-0.982701
smids/Abnormal_Sperm/Abnormal_Sperm (596).bmp,calib,1,1.012040,3.220595,-4.232636
smids/Abnormal_Sperm/Abnormal_Sperm (6).bmp,calib,1,-1.268305,0.801276,0.467028
smids/Abnormal_Sperm/Abnormal_Sperm (601).bmp,calib,1,0.251999,0.039270,-0.291270
smids/Abnormal_Sperm/Abnormal_Sperm (603).bmp,calib,1,0.836431,1.267519,-2.103950
smids/Abnormal_Sperm/Abnormal_Sperm (604).bmp,calib,1,2.502284,1.523851,-4.026137
smids/Abnormal_Sperm/Abnormal_Sperm (609).bmp,calib,1,0.663694,0.475679,-1.139372
smids/Abnormal_Sperm/Abnormal_Sperm (610).bmp,calib,1,1.230481,1.342577,-2.573059
smids/Abnormal_Sperm/Abnormal_Sperm (62).bmp,calib,1,0.626781,1.185239,-1.812020
smids/Abnormal_Sperm/Abnormal_Sperm (621).bmp,calib,1,-1.007856,0.646252,0.361602
smids/Abnormal_Sperm/Abnormal_Sperm (627).bmp,calib,1,-2.234338,-0.026512,2.260852
smids/Abnormal_Sperm/Abnormal_Sperm (67).bmp,calib,1,-3.430350,1.416486,2.013861
smids/Abnormal_Sperm/Abnormal_Sperm (682).bmp,calib,1,-1.761342,1.224793,0.536546
smids/Abnormal_Sperm/Abnormal_Sperm (683).bmp,calib,1,0.831919,-0.169547,-0.662373
smids/Abnormal_Sperm/Abnormal_Sperm (69).bmp,calib,1,1.055923,2.816673,-3.872597
smids/Abnormal_Sperm/Abnormal_Sperm (691).bmp,calib,1,0.010061,1.594589,-1.604651
smids/Abnormal_Sperm/Abnormal_Sperm (692).bmp,calib,1,-0.962627,2.510625,-1.547999
smids/Abnormal_Sperm/Abnormal_Sperm (693).bmp,calib,1,-0.817182,0.583634,0.233549
smids/Abnormal_Sperm/Abnormal_Sperm (702).bmp,calib,1,-0.333792,1.681215,-1.347424
smids/Abnormal_Sperm/Abnormal_Sperm (710).bmp,calib,1,0.796857,1.900446,-2.697304
smids/Abnormal_Sperm/Abnormal_Sperm (715).bmp,calib,1,1.124257,0.225277,-1.349535
smids/Abnormal_Sperm/Abnormal_Sperm (726).bmp,calib,1,2.098869,-0.644514,-1.454356
smids/Abnormal_Sperm/Abnormal_Sperm (734).bmp,calib,1,0.667849,2.367059,-3.034910
smids/Abnormal_Sperm/Abnormal_Sperm (735).bmp,calib,1,2.730384,-1.754579,-0.975807
smids/Abnormal_Sperm/Abnormal_Sperm (749).bmp,calib,1,-1.763810,1.853217,-0.089408
smids/Abnormal_Sperm/Abnormal_Sperm (75).bmp,calib,1,0.946760,1.476228,-2.422990
smids/Abnormal_Sperm/Abnormal_Sperm (766).bmp,calib,1,0.337139,1.682994,-2.020134
smids/Abnormal_Sperm/Abnormal_Sperm (783).bmp,calib,1,0.327369,0.994579,-1.321949
smids/Abnormal_Sperm/Abnormal_Sperm (788).bmp,calib,1,-0.502826,1.018759,-0.515934
smids/Abnormal_Sperm/Abnormal_Sperm (79).bmp,calib,1,-0.786070,1.162831,-0.376762
smids/Abnormal_Sperm/Abnormal_Sperm (796).bmp,calib,1,1.396110,2.184676,-3.580787
smids/Abnormal_Sperm/Abnormal_Sperm (810).bmp,calib,1,3.631181,0.187562,-3.818743
smids/Abnormal_Sperm/Abnormal_Sperm (814).bmp,calib,1,2.415555,1.742169,-4.157725
smids/Abnormal_Sperm/Abnormal_Sperm (818).bmp,calib,1,2.629317,2.835226,-5.464544
smids/Abnormal_Sperm/Abnormal_Sperm (821).bmp,calib,1,1.349235,1.955554,-3.304790
smids/Abnormal_Sperm/Abnormal_Sperm (823).bmp,calib,1,1.253963,2.348049,-3.602012
smids/Abnormal_Sperm/Abnormal_Sperm (829).bmp,calib,1,-2.133790,2.853908,-0.720118
smids/Abnormal_Sperm/Abnormal_Sperm (831).bmp,calib,1,1.357007,2.123951,-3.480959
smids/Abnormal_Sperm/Abnormal_Sperm (838).bmp,calib,1,1.766144,1.283149,-3.049292
smids/Abnormal_Sperm/Abnormal_Sperm (84).bmp,calib,1,-0.546010,3.617761,-3.071752
smids/Abnormal_Sperm/Abnormal_Sperm (853).bmp,calib,1,0.613563,1.037044,-1.650608
smids/Abnormal_Sperm/Abnormal_Sperm (855).bmp,calib,1,0.476145,1.765936,-2.242083
smids/Abnormal_Sperm/Abnormal_Sperm (859).bmp,calib,1,1.799647,1.726532,-3.526179
smids/Abnormal_Sperm/Abnormal_Sperm (870).bmp,calib,1,0.274300,0.603288,-0.877589
smids/Abnormal_Sperm/Abnormal_Sperm (872).bmp,calib,1,0.245574,1.528099,-1.773675
smids/Abnormal_Sperm/Abnormal_Sperm (88).bmp,calib,1,-1.684245,3.807411,-2.123168
smids/Abnormal_Sperm/Abnormal_Sperm (882).bmp,calib,1,0.461767,1.347101,-1.808869
smids/Abnormal_Sperm/Abnormal_Sperm (901).bmp,calib,1,-0.190765,2.722570,-2.531807
smids/Abnormal_Sperm/Abnormal_Sperm (902).bmp,calib,1,-1.777672,1.150390,0.627282
smids/Abnormal_Sperm/Abnormal_Sperm (909).bmp,calib,1,0.278626,2.586902,-2.865528
smids/Abnormal_Sperm/Abnormal_Sperm (914).bmp,calib,1,0.048176,2.011050,-2.059226
smids/Abnormal_Sperm/Abnormal_Sperm (92).bmp,calib,1,-0.628254,0.856257,-0.228004
smids/Abnormal_Sperm/Abnormal_Sperm (928).bmp,calib,1,0.794964,1.744199,-2.539163
smids/Abnormal_Sperm/Abnormal_Sperm (95).bmp,calib,1,-1.709194,2.386564,-0.677371
smids/Abnormal_Sperm/Abnormal_Sperm (952).bmp,calib,1,2.276683,1.662230,-3.938915
smids/Abnormal_Sperm/Abnormal_Sperm (966).bmp,calib,1,-1.814079,2.049783,-0.235705
smids/Abnormal_Sperm/Abnormal_Sperm (975).bmp,calib,1,-1.036130,2.446998,-1.410869
smids/Abnormal_Sperm/Abnormal_Sperm (981).bmp,calib,1,-0.276826,2.990184,-2.713359
smids/Abnormal_Sperm/Abnormal_Sperm (99).bmp,calib,1,-0.300901,3.023633,-2.722734
smids/Abnormal_Sperm/Abnormal_Sperm (990).bmp,calib,1,0.479417,2.227709,-2.707127
smids/Abnormal_Sperm/Abnormal_Sperm (992).bmp,calib,1,-0.301195,2.532243,-2.231049
smids/Abnormal_Sperm/Abnormal_Sperm (997).bmp,calib,1,-0.304467,0.621671,-0.317205
smids/Non-Sperm/Non-Sperm (125).bmp,calib,2,-1.720590,-2.161694,3.882281
smids/Non-Sperm/Non-Sperm (128).bmp,calib,2,-2.924731,-1.988879,4.913607
smids/Non-Sperm/Non-Sperm (132).bmp,calib,2,-3.010243,-2.497161,5.507401
smids/Non-Sperm/Non-Sperm (135).bmp,calib,2,-1.936251,-3.328285,5.264535
smids/Non-Sperm/Non-Sperm (138).bmp,calib,2,-1.686502,-1.523269,3.209770
smids/Non-Sperm/Non-Sperm (14).bmp,calib,2,-2.590454,-0.296724,2.887176
smids/Non-Sperm/Non-Sperm (142).bmp,calib,2,-1.122212,-3.211866,4.334079
smids/Non-Sperm/Non-Sperm (143).bmp,calib,2,-2.043694,-2.420029,4.463722
smids/Non-Sperm/Non-Sperm (146).bmp,calib,2,-2.948420,-3.013045,5.961466
smids/Non-Sperm/Non-Sperm (158).bmp,calib,2,-2.258010,-2.822855,5.080864
smids/Non-Sperm/Non-Sperm (163).bmp,calib,2,-1.990753,1.228162,0.762589
smids/Non-Sperm/Non-Sperm (17).bmp,calib,2,-2.732772,-2.346753,5.079523
smids/Non-Sperm/Non-Sperm (172).bmp,calib,2,-3.821301,-0.517742,4.339040
smids/Non-Sperm/Non-Sperm (176).bmp,calib,2,-2.417944,-0.099334,2.517279
smids/Non-Sperm/Non-Sperm (183).bmp,calib,2,-2.953517,-1.158057,4.111573
smids/Non-Sperm/Non-Sperm (187).bmp,calib,2,-2.778533,-1.383222,4.161756
smids/Non-Sperm/Non-Sperm (194).bmp,calib,2,-1.880326,-1.005560,2.885884
smids/Non-Sperm/Non-Sperm (228).bmp,calib,2,-2.437811,-1.124819,3.562629
smids/Non-Sperm/Non-Sperm (232).bmp,calib,2,-1.402074,-1.833475,3.235547
smids/Non-Sperm/Non-Sperm (235).bmp,calib,2,-0.878172,-2.156542,3.034711
smids/Non-Sperm/Non-Sperm (239).bmp,calib,2,-2.434433,-1.618865,4.053297
smids/Non-Sperm/Non-Sperm (243).bmp,calib,2,-1.477858,-1.281132,2.758988
smids/Non-Sperm/Non-Sperm (249).bmp,calib,2,-2.379496,-1.765493,4.144989
smids/Non-Sperm/Non-Sperm (258).bmp,calib,2,-2.476458,-2.321204,4.797660
smids/Non-Sperm/Non-Sperm (259).bmp,calib,2,-1.221739,-2.025632,3.247371
smids/Non-Sperm/Non-Sperm (26).bmp,calib,2,-4.347542,3.565964,0.781577
smids/Non-Sperm/Non-Sperm (264).bmp,calib,2,-3.026680,-0.716114,3.742792
smids/Non-Sperm/Non-Sperm (266).bmp,calib,2,-2.437240,-2.311653,4.748891
smids/Non-Sperm/Non-Sperm (280).bmp,calib,2,-2.290374,-3.012062,5.302433
smids/Non-Sperm/Non-Sperm (281).bmp,calib,2,-1.516146,-2.107149,3.623293
smids/Non-Sperm/Non-Sperm (283).bmp,calib,2,-0.780372,-2.220754,3.001127
smids/Non-Sperm/Non-Sperm (29).bmp,calib,2,-2.981404,0.147490,2.833912
smids/Non-Sperm/Non-Sperm (295).bmp,calib,2,-2.103432,-1.930815,4.034246
smids/Non-Sperm/Non-Sperm (302).bmp,calib,2,-1.230428,-3.282405,4.512832
smids/Non-Sperm/Non-Sperm (313).bmp,calib,2,-0.190104,-0.493100,0.683204
smids/Non-Sperm/Non-Sperm (320).bmp,calib,2,-1.004471,-2.984628,3.989099
smids/Non-Sperm/Non-Sperm (323).bmp,calib,2,-1.970169,-1.312931,3.283099
smids/Non-Sperm/Non-Sperm (325).bmp,calib,2,-1.360784,-1.906385,3.267168
smids/Non-Sperm/Non-Sperm (327).bmp,calib,2,0.248338,-0.783562,0.535223
smids/Non-Sperm/Non-Sperm (33).bmp,calib,2,-1.669763,1.482558,0.187205
smids/Non-Sperm/Non-Sperm (337).bmp,calib,2,-1.951721,-2.276992,4.228711
smids/Non-Sperm/Non-Sperm (341).bmp,calib,2,-1.909891,1.303974,0.605915
smids/Non-Sperm/Non-Sperm (343).bmp,calib,2,-1.935101,-2.070777,4.005877
smids/Non-Sperm/Non-Sperm (347).bmp,calib,2,-2.045868,-2.666617,4.712485
smids/Non-Sperm/Non-Sperm (350).bmp,calib,2,-1.730856,-0.957216,2.688072
smids/Non-Sperm/Non-Sperm (351).bmp,calib,2,-0.757503,-1.339725,2.097227
smids/Non-Sperm/Non-Sperm (358).bmp,calib,2,-0.961038,-1.649384,2.610421
smids/Non-Sperm/Non-Sperm (359).bmp,calib,2,-2.156367,-2.864539,5.020905
smids/Non-Sperm/Non-Sperm (361).bmp,calib,2,-1.225603,-0.485069,1.710671
smids/Non-Sperm/Non-Sperm (364).bmp,calib,2,-2.033584,-2.752135,4.785718
smids/Non-Sperm/Non-Sperm (37).bmp,calib,2,-1.652093,0.918191,0.733902
smids/Non-Sperm/Non-Sperm (392).bmp,calib,2,-1.580734,-0.435685,2.016418
smids/Non-Sperm/Non-Sperm (398).bmp,calib,2,1.691404,-0.481510,-1.209896
smids/Non-Sperm/Non-Sperm (40).bmp,calib,2,-3.063109,-0.283265,3.346373
smids/Non-Sperm/Non-Sperm (400).bmp,calib,2,-0.994355,-0.210203,1.204556
smids/Non-Sperm/Non-Sperm (405).bmp,calib,2,-0.586757,-0.435947,1.022701
smids/Non-Sperm/Non-Sperm (414).bmp,calib,2,-0.426191,-2.374763,2.800952
smids/Non-Sperm/Non-Sperm (423).bmp,calib,2,-0.713206,-2.950859,3.664064
smids/Non-Sperm/Non-Sperm (425).bmp,calib,2,-1.717116,1.482080,0.235035
smids/Non-Sperm/Non-Sperm (431).bmp,calib,2,-1.656648,-0.809958,2.466604
smids/Non-Sperm/Non-Sperm (463).bmp,calib,2,-1.037920,0.016532,1.021387
smids/Non-Sperm/Non-Sperm (464).bmp,calib,2,-3.241957,-0.820980,4.062938
smids/Non-Sperm/Non-Sperm (467).bmp,calib,2,-3.299678,-2.174035,5.473714
smids/Non-Sperm/Non-Sperm (474).bmp,calib,2,-1.728515,-3.414752,5.143269
smids/Non-Sperm/Non-Sperm (483).bmp,calib,2,-2.739516,-1.510525,4.250041
smids/Non-Sperm/Non-Sperm (489).bmp,calib,2,-1.796834,-0.988073,2.784905
smids/Non-Sperm/Non-Sperm (490).bmp,calib,2,-1.742998,-2.189929,3.932930
smids/Non-Sperm/Non-Sperm (493).bmp,calib,2,-2.585634,-0.973197,3.558831
smids/Non-Sperm/Non-Sperm (496).bmp,calib,2,-1.834914,-1.138317,2.973231
smids/Non-Sperm/Non-Sperm (508).bmp,calib,2,-0.785498,-2.398205,3.183701
smids/Non-Sperm/Non-Sperm (544).bmp,calib,2,-1.527619,-4.055279,5.582898
smids/Non-Sperm/Non-Sperm (553).bmp,calib,2,-1.646989,0.282688,1.364299
smids/Non-Sperm/Non-Sperm (557).bmp,calib,2,-2.438955,-2.904713,5.343666
smids/Non-Sperm/Non-Sperm (564).bmp,calib,2,-3.635366,-0.524499,4.159865
smids/Non-Sperm/Non-Sperm (565).bmp,calib,2,-3.201233,-0.461635,3.662868
smids/Non-Sperm/Non-Sperm (577).bmp,calib,2,-1.640229,-1.498120,3.138349
smids/Non-Sperm/Non-Sperm (580).bmp,calib,2,-0.394396,-2.290077,2.684473
smids/Non-Sperm/Non-Sperm (583).bmp,calib,2,-2.713392,1.221075,1.492318
smids/Non-Sperm/Non-Sperm (590).bmp,calib,2,-2.665287,-2.461727,5.127015
smids/Non-Sperm/Non-Sperm (592).bmp,calib,2,-2.427575,-0.575391,3.002963
smids/Non-Sperm/Non-Sperm (594).bmp,calib,2,-1.551467,-2.486112,4.037580
smids/Non-Sperm/Non-Sperm (598).bmp,calib,2,-2.995685,-1.855073,4.850756
smids/Non-Sperm/Non-Sperm (604).bmp,calib,2,-3.110788,-1.271535,4.382321
smids/Non-Sperm/Non-Sperm (613).bmp,calib,2,-2.167754,-0.850276,3.018029
smids/Non-Sperm/Non-Sperm (622).bmp,calib,2,-3.292947,-2.474298,5.767247
smids/Non-Sperm/Non-Sperm (655).bmp,calib,2,-1.331834,-0.057283,1.389116
smids/Non-Sperm/Non-Sperm (656).bmp,calib,2,-1.857069,-0.631230,2.488298
smids/Non-Sperm/Non-Sperm (660).bmp,calib,2,-2.972705,0.120985,2.851716
smids/Non-Sperm/Non-Sperm (678).bmp,calib,2,-1.847146,-1.395728,3.242874
smids/Non-Sperm/Non-Sperm (680).bmp,calib,2,-2.087241,-2.891005,4.978244
smids/Non-Sperm/Non-Sperm (681).bmp,calib,2,-0.623666,-2.412775,3.036440
smids/Non-Sperm/Non-Sperm (696).bmp,calib,2,-3.064782,0.104258,2.960523
smids/Non-Sperm/Non-Sperm (697).bmp,calib,2,-1.863954,-2.369566,4.233519
smids/Non-Sperm/Non-Sperm (716).bmp,calib,2,-1.977204,0.792446,1.184756
smids/Non-Sperm/Non-Sperm (72).bmp,calib,2,-2.095205,1.175331,0.919874
smids/Non-Sperm/Non-Sperm (720).bmp,calib,2,-0.763857,-1.232583,1.996438
smids/Non-Sperm/Non-Sperm (723).bmp,calib,2,-2.271620,-0.417238,2.688856
smids/Non-Sperm/Non-Sperm (726).bmp,calib,2,-1.970544,-1.758341,3.728884
smids/Non-Sperm/Non-Sperm (729).bmp,calib,2,-2.052540,-1.785269,3.837806
smids/Non-Sperm/Non-Sperm (73).bmp,calib,2,-2.008307,1.252390,0.755916
smids/Non-Sperm/Non-Sperm (730).bmp,calib,2,-1.197593,-0.310334,1.507927
smids/Non-Sperm/Non-Sperm (735).bmp,calib,2,-2.379356,-1.365922,3.745275
smids/Non-Sperm/Non-Sperm (74).bmp,calib,2,-1.452220,0.322848,1.129372
smids/Non-Sperm/Non-Sperm (741).bmp,calib,2,-2.316462,-1.658062,3.974524
smids/Non-Sperm/Non-Sperm (752).bmp,calib,2,-0.431660,0.377446,0.054211
smids/Non-Sperm/Non-Sperm (763).bmp,calib,2,-2.705395,-1.899456,4.604852
smids/Non-Sperm/Non-Sperm (765).bmp,calib,2,-1.253596,-1.981047,3.234644
smids/Non-Sperm/Non-Sperm (767).bmp,calib,2,-0.551481,-2.269854,2.821335
smids/Non-Sperm/Non-Sperm (768).bmp,calib,2,-1.663145,-1.894390,3.557533
smids/Non-Sperm/Non-Sperm (772).bmp,calib,2,-2.745684,-1.848153,4.593836
smids/Non-Sperm/Non-Sperm (776).bmp,calib,2,-2.189157,-2.978106,5.167263
smids/Non-Sperm/Non-Sperm (777).bmp,calib,2,-0.015300,-2.590551,2.605850
smids/Non-Sperm/Non-Sperm (78).bmp,calib,2,-1.659876,0.037247,1.622631
smids/Non-Sperm/Non-Sperm (782).bmp,calib,2,-0.182758,-3.169500,3.352260
smids/Non-Sperm/Non-Sperm (792).bmp,calib,2,-1.415646,-2.630858,4.046505
smids/Non-Sperm/Non-Sperm (80).bmp,calib,2,-2.449056,-1.015780,3.464836
smids/Non-Sperm/Non-Sperm (802).bmp,calib,2,-1.321231,-0.261889,1.583120
smids/Non-Sperm/Non-Sperm (81).bmp,calib,2,-1.487780,-2.505642,3.993419
smids/Non-Sperm/Non-Sperm (811).bmp,calib,2,-1.710966,-3.553654,5.264621
smids/Non-Sperm/Non-Sperm (819).bmp,calib,2,0.948894,-1.368191,0.419295
smids/Non-Sperm/Non-Sperm (824).bmp,calib,2,-1.310519,-3.093841,4.404359
smids/Non-Sperm/Non-Sperm (827).bmp,calib,2,-2.802454,-0.593585,3.396039
smids/Non-Sperm/Non-Sperm (830).bmp,calib,2,-3.008919,-0.512670,3.521589
smids/Non-Sperm/Non-Sperm (831).bmp,calib,2,-2.747127,-0.525165,3.272289
smids/Non-Sperm/Non-Sperm (835).bmp,calib,2,-2.372832,-2.078946,4.451777
smids/Non-Sperm/Non-Sperm (837).bmp,calib,2,-3.984236,-0.426157,4.410389
smids/Non-Sperm/Non-Sperm (838).bmp,calib,2,-1.725964,-1.568132,3.294094
smids/Non-Sperm/Non-Sperm (845).bmp,calib,2,1.797202,-0.929164,-0.868040
smids/Non-Sperm/Non-Sperm (846).bmp,calib,2,-0.935767,-0.331327,1.267092
smids/Non-Sperm/Non-Sperm (847).bmp,calib,2,-2.280804,-4.007783,6.288587
smids/Non-Sperm/Non-Sperm (849).bmp,calib,2,-2.573242,-1.155088,3.728331
smids/Non-Sperm/Non-Sperm (851).bmp,calib,2,-1.663525,-1.188191,2.851715
smids/Non-Sperm/Non-Sperm (862).bmp,calib,2,-3.715490,-2.042774,5.758265
smids/Non-Sperm/Non-Sperm (864).bmp,calib,2,-4.001779,0.385265,3.616515
smids/Non-Sperm/Non-Sperm (869).bmp,calib,2,-3.371640,-1.153929,4.525569
smids/Non-Sperm/Non-Sperm (875).bmp,calib,2,-2.649786,-1.244084,3.893870
smids/Non-Sperm/Non-Sperm (89).bmp,calib,2,-2.000771,-2.457585,4.458355
smids/Non-Sperm/Non-Sperm (892).bmp,calib,2,-0.900485,-0.030748,0.931231
smids/Non-Sperm/Non-Sperm (895).bmp,calib,2,-1.789872,0.178779,1.611089
smids/Non-Sperm/Non-Sperm (897).bmp,calib,2,-1.798700,0.389925,1.408773
smids/Non-Sperm/Non-Sperm (899).bmp,calib,2,-1.467705,0.151675,1.316028
smids/Non-Sperm/Non-Sperm (9).bmp,calib,2,-4.596641,0.100284,4.496357
smids/Non-Sperm/Non-Sperm (90).bmp,calib,2,-3.203465,-1.990929,5.194392
smids/Non-Sperm/Non-Sperm (908).bmp,calib,2,-2.281644,1.723307,0.558335
smids/Non-Sperm/Non-Sperm (911).bmp,calib,2,-2.488254,1.582469,0.905784
smids/Non-Sperm/Non-Sperm (912).bmp,calib,2,-1.603814,2.358451,-0.754639
smids/Non-Sperm/Non-Sperm (917).bmp,calib,2,-0.348873,-0.492508,0.841379
smids/Non-Sperm/Non-Sperm (926).bmp,calib,2,-2.429530,1.202540,1.226989
smids/Non-Sperm/Non-Sperm (932).bmp,calib,2,-0.372124,-0.409159,0.781281
smids/Non-Sperm/Non-Sperm (941).bmp,calib,2,-1.858343,-2.081564,3.939906
smids/Non-Sperm/Non-Sperm (943).bmp,calib,2,-1.028864,-2.065138,3.094001
smids/Non-Sperm/Non-Sperm (945).bmp,calib,2,0.769567,-1.850879,1.081311
smids/Non-Sperm/Non-Sperm (948).bmp,calib,2,-0.860213,0.768783,0.091429
smids/Non-Sperm/Non-Sperm (950).bmp,calib,2,-0.583113,0.912047,-0.328936
smids/Non-Sperm/Non-Sperm (951).bmp,calib,2,-0.425002,-1.655279,2.080281
smids/Non-Sperm/Non-Sperm (972).bmp,calib,2,-2.164560,0.715811,1.448747
smids/Normal_Sperm/Normal_Sperm (10).bmp,calib,0,1.194716,-1.013413,-0.181305
smids/Normal_Sperm/Normal_Sperm (101).bmp,calib,0,4.622876,-1.207949,-3.414930
smids/Normal_Sperm/Normal_Sperm (1012).bmp,calib,0,1.652607,1.367196,-3.019804
smids/Normal_Sperm/Normal_Sperm (1014).bmp,calib,0,1.708247,0.814981,-2.523228
smids/Normal_Sperm/Normal_Sperm (1015).bmp,calib,0,2.903990,0.706795,-3.610787
smids/Normal_Sperm/Normal_Sperm (112).bmp,calib,0,2.289794,0.914642,-3.204438
smids/Normal_Sperm/Normal_Sperm (114).bmp,calib,0,1.090523,1.343787,-2.434311
smids/Normal_Sperm/Normal_Sperm (116).bmp,calib,0,1.246432,0.135263,-1.381697
smids/Normal_Sperm/Normal_Sperm (12).bmp,calib,0,3.351635,-2.977751,-0.373886
smids/Normal_Sperm/Normal_Sperm (121).bmp,calib,0,3.647979,1.241525,-4.889503
smids/Normal_Sperm/Normal_Sperm (122).bmp,calib,0,0.331197,2.714450,-3.045645
smids/Normal_Sperm/Normal_Sperm (124).bmp,calib,0,3.346130,1.300103,-4.646235
smids/Normal_Sperm/Normal_Sperm (125).bmp,calib,0,3.325248,0.293656,-3.618904
smids/Normal_Sperm/Normal_Sperm (127).bmp,calib,0,2.292169,0.933428,-3.225597
smids/Normal_Sperm/Normal_Sperm (132).bmp,calib,0,-0.533256,1.494997,-0.961740
smids/Normal_Sperm/Normal_Sperm (134).bmp,calib,0,1.206456,1.217093,-2.423549
smids/Normal_Sperm/Normal_Sperm (142).bmp,calib,0,-0.401202,1.997613,-1.596412
smids/Normal_Sperm/Normal_Sperm (152).bmp,calib,0,0.678818,-0.542373,-0.136447
smids/Normal_Sperm/Normal_Sperm (163).bmp,calib,0,2.227609,-0.221742,-2.005867
smids/Normal_Sperm/Normal_Sperm (183).bmp,calib,0,0.790802,1.070277,-1.861081
smids/Normal_Sperm/Normal_Sperm (184).bmp,calib,0,1.973626,0.578636,-2.552263
smids/Normal_Sperm/Normal_Sperm (209).bmp,calib,0,0.941265,0.629846,-1.571111
smids/Normal_Sperm/Normal_Sperm (217).bmp,calib,0,2.214674,-0.489893,-1.724782
smids/Normal_Sperm/Normal_Sperm (219).bmp,calib,0,0.982337,0.715085,-1.697421
smids/Normal_Sperm/Normal_Sperm (221).bmp,calib,0,1.786458,-0.011527,-1.774932
smids/Normal_Sperm/Normal_Sperm (232).bmp,calib,0,1.083113,1.081995,-2.165109
smids/Normal_Sperm/Normal_Sperm (234).bmp,calib,0,1.140305,-0.241686,-0.898620
smids/Normal_Sperm/Normal_Sperm (237).bmp,calib,0,0.322551,0.880729,-1.203283
smids/Normal_Sperm/Normal_Sperm (240).bmp,calib,0,1.804555,-0.654327,-1.150230
smids/Normal_Sperm/Normal_Sperm (247).bmp,calib,0,1.412354,0.337709,-1.750064
smids/Normal_Sperm/Normal_Sperm (249).bmp,calib,0,1.931293,-0.383875,-1.547420
smids/Normal_Sperm/Normal_Sperm (253).bmp,calib,0,2.237912,-0.179879,-2.058035
smids/Normal_Sperm/Normal_Sperm (255).bmp,calib,0,2.105325,0.356453,-2.461779
smids/Normal_Sperm/Normal_Sperm (257).bmp,calib,0,1.458604,0.341099,-1.799704
smids/Normal_Sperm/Normal_Sperm (26).bmp,calib,0,4.524064,-1.894579,-2.629486
smids/Normal_Sperm/Normal_Sperm (271).bmp,calib,0,1.636724,-1.264710,-0.372016
smids/Normal_Sperm/Normal_Sperm (295).bmp,calib,0,1.686230,1.124388,-2.810618
smids/Normal_Sperm/Normal_Sperm (297).bmp,calib,0,1.012379,0.065141,-1.077522
smids/Normal_Sperm/Normal_Sperm (301).bmp,calib,0,1.525855,0.702431,-2.228287
smids/Normal_Sperm/Normal_Sperm (304).bmp,calib,0,1.414871,-0.220656,-1.194216
smids/Normal_Sperm/Normal_Sperm (32).bmp,calib,0,3.835784,-1.431193,-2.404594
smids/Normal_Sperm/Normal_Sperm (332).bmp,calib,0,3.580468,-1.396506,-2.183964
smids/Normal_Sperm/Normal_Sperm (335).bmp,calib,0,0.264532,0.624096,-0.888629
smids/Normal_Sperm/Normal_Sperm (339).bmp,calib,0,1.456040,0.766502,-2.222543
smids/Normal_Sperm/Normal_Sperm (340).bmp,calib,0,5.232873,-2.172134,-3.060739
smids/Normal_Sperm/Normal_Sperm (352).bmp,calib,0,0.489625,1.492068,-1.981695
smids/Normal_Sperm/Normal_Sperm (353).bmp,calib,0,1.793242,1.508039,-3.301281
smids/Normal_Sperm/Normal_Sperm (366).bmp,calib,0,3.918994,1.931071,-5.850066
smids/Normal_Sperm/Normal_Sperm (386).bmp,calib,0,1.631571,-1.423659,-0.207914
smids/Normal_Sperm/Normal_Sperm (395).bmp,calib,0,1.412816,0.226866,-1.639684
smids/Normal_Sperm/Normal_Sperm (397).bmp,calib,0,1.350896,0.339087,-1.689984
smids/Normal_Sperm/Normal_Sperm (4).bmp,calib,0,2.076270,1.050018,-3.126290
smids/Normal_Sperm/Normal_Sperm (400).bmp,calib,0,3.278237,1.303644,-4.581882
smids/Normal_Sperm/Normal_Sperm (402).bmp,calib,0,1.650637,2.603580,-4.254217
smids/Normal_Sperm/Normal_Sperm (403).bmp,calib,0,0.706447,0.123512,-0.829958
smids/Normal_Sperm/Normal_Sperm (404).bmp,calib,0,1.059940,0.222225,-1.282166
smids/Normal_Sperm/Normal_Sperm (411).bmp,calib,0,0.713333,1.246355,-1.959689
smids/Normal_Sperm/Normal_Sperm (414).bmp,calib,0,2.218806,0.738925,-2.957732
smids/Normal_Sperm/Normal_Sperm (415).bmp,calib,0,1.971895,0.925878,-2.897774
smids/Normal_Sperm/Normal_Sperm (419).bmp,calib,0,2.785419,-0.408130,-2.377291
smids/Normal_Sperm/Normal_Sperm (424).bmp,calib,0,3.684107,-0.083910,-3.600198
smids/Normal_Sperm/Normal_Sperm (443).bmp,calib,0,4.043776,-0.593121,-3.450657
smids/Normal_Sperm/Normal_Sperm (452).bmp,calib,0,3.022926,0.384468,-3.407397
smids/Normal_Sperm/Normal_Sperm (459).bmp,calib,0,2.871104,-1.549833,-1.321272
smids/Normal_Sperm/Normal_Sperm (462).bmp,calib,0,0.999873,0.146246,-1.146120
smids/Normal_Sperm/Normal_Sperm (467).bmp,calib,0,1.374338,0.977481,-2.351820
smids/Normal_Sperm/Normal_Sperm (470).bmp,calib,0,2.115267,1.168679,-3.283947
smids/Normal_Sperm/Normal_Sperm (472).bmp,calib,0,4.370541,-0.193308,-4.177233
smids/Normal_Sperm/Normal_Sperm (50).bmp,calib,0,1.411807,0.127660,-1.539467
smids/Normal_Sperm/Normal_Sperm (513).bmp,calib,0,2.598904,0.944103,-3.543008
smids/Normal_Sperm/Normal_Sperm (517).bmp,calib,0,3.329591,1.017761,-4.347352
smids/Normal_Sperm/Normal_Sperm (529).bmp,calib,0,2.178302,-0.291847,-1.886457
smids/Normal_Sperm/Normal_Sperm (531).bmp,calib,0,1.889636,0.845204,-2.734840
smids/Normal_Sperm/Normal_Sperm (532).bmp,calib,0,0.479353,1.669803,-2.149158
smids/Normal_Sperm/Normal_Sperm (534).bmp,calib,0,1.685530,-0.294205,-1.391329
smids/Normal_Sperm/Normal_Sperm (535).bmp,calib,0,3.342780,0.181095,-3.523876
smids/Normal_Sperm/Normal_Sperm (539).bmp,calib,0,3.258870,2.336590,-5.595461
smids/Normal_Sperm/Normal_Sperm (542).bmp,calib,0,1.817430,0.192979,-2.010411
smids/Normal_Sperm/Normal_Sperm (544).bmp,calib,0,3.389921,1.435169,-4.825092
smids/Normal_Sperm/Normal_Sperm (549).bmp,calib,0,2.238609,1.844733,-4.083343
smids/Normal_Sperm/Normal_Sperm (55).bmp,calib,0,-0.110200,-0.344913,0.455112
smids/Normal_Sperm/Normal_Sperm (560).bmp,calib,0,3.470698,-0.587429,-2.883270
smids/Normal_Sperm/Normal_Sperm (563).bmp,calib,0,3.001113,0.637796,-3.638911
smids/Normal_Sperm/Normal_Sperm (574).bmp,calib,0,0.262460,0.433851,-0.696313
smids/Normal_Sperm/Normal_Sperm (588).bmp,calib,0,3.508027,0.652629,-4.160655
smids/Normal_Sperm/Normal_Sperm (591).bmp,calib,0,4.664660,-0.409873,-4.254786
smids/Normal_Sperm/Normal_Sperm (593).bmp,calib,0,3.248009,0.224921,-3.472931
smids/Normal_Sperm/Normal_Sperm (594).bmp,calib,0,2.811142,0.030181,-2.841324
smids/Normal_Sperm/Normal_Sperm (601).bmp,calib,0,2.897543,-0.208758,-2.688785
smids/Normal_Sperm/Normal_Sperm (605).bmp,calib,0,4.082298,1.049731,-5.132030
smids/Normal_Sperm/Normal_Sperm (607).bmp,calib,0,3.890316,-0.935834,-2.954484
smids/Normal_Sperm/Normal_Sperm (61).bmp,calib,0,2.380161,0.318668,-2.698830
smids/Normal_Sperm/Normal_Sperm (611).bmp,calib,0,3.202761,0.693590,-3.896352
smids/Normal_Sperm/Normal_Sperm (621).bmp,calib,0,2.715222,0.360802,-3.076024
smids/Normal_Sperm/Normal_Sperm (633).bmp,calib,0,1.298038,2.447526,-3.745565
smids/Normal_Sperm/Normal_Sperm (635).bmp,calib,0,4.701390,0.499578,-5.200968
smids/Normal_Sperm/Normal_Sperm (637).bmp,calib,0,2.208961,0.243700,-2.452663
smids/Normal_Sperm/Normal_Sperm (644).bmp,calib,0,1.065668,0.497323,-1.562992
smids/Normal_Sperm/Normal_Sperm (655).bmp,calib,0,2.010035,0.900504,-2.910540
smids/Normal_Sperm/Normal_Sperm (657).bmp,calib,0,-0.204348,0.769298,-0.564952
smids/Normal_Sperm/Normal_Sperm (662).bmp,calib,0,1.099075,-1.084233,-0.014843
smids/Normal_Sperm/Normal_Sperm (685).bmp,calib,0,4.307894,1.044152,-5.352048
smids/Normal_Sperm/Normal_Sperm (694).bmp,calib,0,2.605488,-0.327473,-2.278016
smids/Normal_Sperm/Normal_Sperm (710).bmp,calib,0,3.215059,2.202698,-5.417758
smids/Normal_Sperm/Normal_Sperm (720).bmp,calib,0,3.662140,0.198682,-3.860824
smids/Normal_Sperm/Normal_Sperm (721).bmp,calib,0,2.182300,1.381184,-3.563485
smids/Normal_Sperm/Normal_Sperm (727).bmp,calib,0,2.770254,-0.494731,-2.275524
smids/Normal_Sperm/Normal_Sperm (729).bmp,calib,0,5.814440,-2.455303,-3.359137
smids/Normal_Sperm/Normal_Sperm (73).bmp,calib,0,2.097512,0.860629,-2.958143
smids/Normal_Sperm/Normal_Sperm (730).bmp,calib,0,2.118713,-0.305239,-1.813474
smids/Normal_Sperm/Normal_Sperm (735).bmp,calib,0,2.141380,-0.326509,-1.814872
smids/Normal_Sperm/Normal_Sperm (738).bmp,calib,0,3.184739,-0.527380,-2.657362
smids/Normal_Sperm/Normal_Sperm (740).bmp,calib,0,2.975232,0.267790,-3.243023
smids/Normal_Sperm/Normal_Sperm (741).bmp,calib,0,2.021805,-0.047542,-1.974264
smids/Normal_Sperm/Normal_Sperm (743).bmp,calib,0,1.709473,-0.792757,-0.916717
smids/Normal_Sperm/Normal_Sperm (75).bmp,calib,0,1.998444,-1.433230,-0.565215
smids/Normal_Sperm/Normal_Sperm (751).bmp,calib,0,2.973562,-0.235261,-2.738303
smids/Normal_Sperm/Normal_Sperm (752).bmp,calib,0,2.166765,0.204360,-2.371126
smids/Normal_Sperm/Normal_Sperm (764).bmp,calib,0,3.910706,-1.484359,-2.426348
smids/Normal_Sperm/Normal_Sperm (776).bmp,calib,0,3.837269,-0.988141,-2.849130
smids/Normal_Sperm/Normal_Sperm (78).bmp,calib,0,1.046284,-0.792141,-0.254144
smids/Normal_Sperm/Normal_Sperm (788).bmp,calib,0,1.434681,-0.727540,-0.707142
smids/Normal_Sperm/Normal_Sperm (789).bmp,calib,0,3.472022,-0.987037,-2.484988
smids/Normal_Sperm/Normal_Sperm (799).bmp,calib,0,1.330158,-1.694671,0.364512
smids/Normal_Sperm/Normal_Sperm (802).bmp,calib,0,1.923769,-0.902144,-1.021627
smids/Normal_Sperm/Normal_Sperm (82).bmp,calib,0,1.883126,0.287507,-2.170633
smids/Normal_Sperm/Normal_Sperm (822).bmp,calib,0,1.819758,-0.318659,-1.501099
smids/Normal_Sperm/Normal_Sperm (826).bmp,calib,0,1.062652,0.809719,-1.872373
smids/Normal_Sperm/Normal_Sperm (83).bmp,calib,0,3.972453,-0.115224,-3.857228
smids/Normal_Sperm/Normal_Sperm (836).bmp,calib,0,1.412856,1.450766,-2.863625
smids/Normal_Sperm/Normal_Sperm (837).bmp,calib,0,0.112379,0.819798,-0.932176
smids/Normal_Sperm/Normal_Sperm (839).bmp,calib,0,1.138008,3.402807,-4.540816
smids/Normal_Sperm/Normal_Sperm (840).bmp,calib,0,3.638770,1.130577,-4.769349
smids/Normal_Sperm/Normal_Sperm (842).bmp,calib,0,4.071035,1.035884,-5.106917
smids/Normal_Sperm/Normal_Sperm (846).bmp,calib,0,2.513837,0.885772,-3.399612
smids/Normal_Sperm/Normal_Sperm (847).bmp,calib,0,1.096066,0.411303,-1.507370
smids/Normal_Sperm/Normal_Sperm (867).bmp,calib,0,0.853728,1.858902,-2.712633
smids/Normal_Sperm/Normal_Sperm (876).bmp,calib,0,3.346181,1.165558,-4.511739
smids/Normal_Sperm/Normal_Sperm (877).bmp,calib,0,2.524009,-1.347514,-1.176496
smids/Normal_Sperm/Normal_Sperm (888).bmp,calib,0,3.175578,1.584863,-4.760442
smids/Normal_Sperm/Normal_Sperm (893).bmp,calib,0,-1.042343,2.744417,-1.702076
smids/Normal_Sperm/Normal_Sperm (90).bmp,calib,0,1.860279,0.277617,-2.137898
smids/Normal_Sperm/Normal_Sperm (905).bmp,calib,0,0.913607,0.179451,-1.093059
smids/Normal_Sperm/Normal_Sperm (910).bmp,calib,0,1.844687,1.755984,-3.600673
smids/Normal_Sperm/Normal_Sperm (918).bmp,calib,0,2.861759,2.320225,-5.181983
smids/Normal_Sperm/Normal_Sperm (921).bmp,calib,0,5.107201,0.307986,-5.415189
smids/Normal_Sperm/Normal_Sperm (927).bmp,calib,0,1.794407,2.396531,-4.190939
smids/Normal_Sperm/Normal_Sperm (931).bmp,calib,0,1.644488,1.982540,-3.627029
smids/Normal_Sperm/Normal_Sperm (94).bmp,calib,0,1.454360,-0.001557,-1.452805
smids/Normal_Sperm/Normal_Sperm (945).bmp,calib,0,3.247070,1.456738,-4.703809
smids/Normal_Sperm/Normal_Sperm (950).bmp,calib,0,0.380498,3.101876,-3.482375
smids/Normal_Sperm/Normal_Sperm (951).bmp,calib,0,2.374643,2.114489,-4.489133
smids/Normal_Sperm/Normal_Sperm (952).bmp,calib,0,0.129305,1.745237,-1.874542
smids/Normal_Sperm/Normal_Sperm (963).bmp,calib,0,2.879954,1.272618,-4.152575
smids/Normal_Sperm/Normal_Sperm (98).bmp,calib,0,3.226561,-1.018398,-2.208163
smids/Normal_Sperm/Normal_Sperm (980).bmp,calib,0,0.911861,1.921723,-2.833586
smids/Normal_Sperm/Normal_Sperm (984).bmp,calib,0,0.455089,-1.072221,0.617129
smids/Normal_Sperm/Normal_Sperm (985).bmp,calib,0,0.300500,-0.156439,-0.144063
smids/Normal_Sperm/Normal_Sperm (99).bmp,calib,0,3.459619,0.896369,-4.355989
smids/Normal_Sperm/Normal_Sperm (994).bmp,calib,0,-1.959249,0.188040,1.771207
smids/Abnormal_Sperm/Abnormal_Sperm (1000).bmp,test,1,-0.412083,1.902317,-1.490235
smids/Abnormal_Sperm/Abnormal_Sperm (1001).bmp,test,1,-1.838635,1.989771,-0.151137
smids/Abnormal_Sperm/Abnormal_Sperm (1002).bmp,test,1,0.784345,2.657712,-3.442056
smids/Abnormal_Sperm/Abnormal_Sperm (113).bmp,test,1,-2.527292,1.965937,0.561353
smids/Abnormal_Sperm/Abnormal_Sperm (119).bmp,test,1,-0.823310,3.403961,-2.580651
smids/Abnormal_Sperm/Abnormal_Sperm (125).bmp,test,1,-0.945156,2.416461,-1.471307
smids/Abnormal_Sperm/Abnormal_Sperm (126).bmp,test,1,0.773875,1.826686,-2.600562
smids/Abnormal_Sperm/Abnormal_Sperm (127).bmp,test,1,-1.367896,3.535748,-2.167852
smids/Abnormal_Sperm/Abnormal_Sperm (130).bmp,test,1,-2.337848,3.857056,-1.519210
smids/Abnormal_Sperm/Abnormal_Sperm (134).bmp,test,1,-0.910893,3.809677,-2.898783
smids/Abnormal_Sperm/Abnormal_Sperm (135).bmp,test,1,-1.518920,3.508366,-1.989446
smids/Abnormal_Sperm/Abnormal_Sperm (136).bmp,test,1,1.003029,1.733524,-2.736552
smids/Abnormal_Sperm/Abnormal_Sperm (137).bmp,test,1,0.411615,3.102523,-3.514139
smids/Abnormal_Sperm/Abnormal_Sperm (14).bmp,test,1,-0.098363,1.275005,-1.176644
smids/Abnormal_Sperm/Abnormal_Sperm (141).bmp,test,1,-0.706246,3.280861,-2.574617
smids/Abnormal_Sperm/Abnormal_Sperm (142).bmp,test,1,1.675034,1.693322,-3.368357
smids/Abnormal_Sperm/Abnormal_Sperm (145).bmp,test,1,-0.638357,3.211430,-2.573075
smids/Abnormal_Sperm/Abnormal_Sperm (149).bmp,test,1,0.298493,2.305003,-2.603497
smids/Abnormal_Sperm/Abnormal_Sperm (152).bmp,test,1,-1.163490,2.330007,-1.166517
smids/Abnormal_Sperm/Abnormal_Sperm (163).bmp,test,1,-0.568179,2.751777,-2.183598
smids/Abnormal_Sperm/Abnormal_Sperm (168).bmp,test,1,-0.323716,0.424959,-0.101244
smids/Abnormal_Sperm/Abnormal_Sperm (169).bmp,test,1,-0.554697,3.080388,-2.525694
smids/Abnormal_Sperm/Abnormal_Sperm (18).bmp,test,1,2.579609,1.737406,-4.317016
smids/Abnormal_Sperm/Abnormal_Sperm (180).bmp,test,1,-1.022654,2.317050,-1.294396
smids/Abnormal_Sperm/Abnormal_Sperm (181).bmp,test,1,-2.091846,2.235948,-0.144103
smids/Abnormal_Sperm/Abnormal_Sperm (183).bmp,test,1,0.980755,2.555059,-3.535812
smids/Abnormal_Sperm/Abnormal_Sperm (186).bmp,test,1,0.364147,3.048202,-3.412351
smids/Abnormal_Sperm/Abnormal_Sperm (188).bmp,test,1,-1.301318,2.250955,-0.949639
smids/Abnormal_Sperm/Abnormal_Sperm (193).bmp,test,1,0.735603,2.156433,-2.892035
smids/Abnormal_Sperm/Abnormal_Sperm (194).bmp,test,1,-0.345714,2.104350,-1.758638
smids/Abnormal_Sperm/Abnormal_Sperm (20).bmp,test,1,-2.639813,-1.217442,3.857255
smids/Abnormal_Sperm/Abnormal_Sperm (206).bmp,test,1,-0.776143,1.771573,-0.995432
smids/Abnormal_Sperm/Abnormal_Sperm (218).bmp,test,1,1.774635,1.736094,-3.510730
smids/Abnormal_Sperm/Abnormal_Sperm (230).bmp,test,1,0.662242,2.249257,-2.911498
smids/Abnormal_Sperm/Abnormal_Sperm (231).bmp,test,1,0.042478,2.270267,-2.312744
smids/Abnormal_Sperm/Abnormal_Sperm (237).bmp,test,1,-1.701983,2.471357,-0.769376
smids/Abnormal_Sperm/Abnormal_Sperm (239).bmp,test,1,0.597856,2.145308,-2.743165
smids/Abnormal_Sperm/Abnormal_Sperm (24).bmp,test,1,-0.932873,3.452834,-2.519962
smids/Abnormal_Sperm/Abnormal_Sperm (240).bmp,test,1,-2.776429,2.004775,0.771653
smids/Abnormal_Sperm/Abnormal_Sperm (246).bmp,test,1,-0.442493,2.270760,-1.828270
smids/Abnormal_Sperm/Abnormal_Sperm (249).bmp,test,1,-1.394149,2.908712,-1.514563
smids/Abnormal_Sperm/Abnormal_Sperm (25).bmp,test,1,-0.044461,2.479529,-2.435069
smids/Abnormal_Sperm/Abnormal_Sperm (250).bmp,test,1,-2.190145,2.295877,-0.105734
smids/Abnormal_Sperm/Abnormal_Sperm (264).bmp,test,1,-0.797498,2.960329,-2.162832
smids/Abnormal_Sperm/Abnormal_Sperm (269).bmp,test,1,-0.984607,-0.084646,1.069253
smids/Abnormal_Sperm/Abnormal_Sperm (271).bmp,test,1,-0.013716,3.881582,-3.867867
smids/Abnormal_Sperm/Abnormal_Sperm (289).bmp,test,1,-1.785271,2.835820,-1.050550
smids/Abnormal_Sperm/Abnormal_Sperm (3).bmp,test,1,-1.517128,0.578831,0.938298
smids/Abnormal_Sperm/Abnormal_Sperm (317).bmp,test,1,-0.535891,0.823855,-0.287965
smids/Abnormal_Sperm/Abnormal_Sperm (322).bmp,test,1,-1.121282,-0.805224,1.926505
smids/Abnormal_Sperm/Abnormal_Sperm (332).bmp,test,1,-2.079459,2.259671,-0.180215
smids/Abnormal_Sperm/Abnormal_Sperm (341).bmp,test,1,0.385768,2.448553,-2.834321
smids/Abnormal_Sperm/Abnormal_Sperm (357).bmp,test,1,-1.209445,2.078128,-0.868684
smids/Abnormal_Sperm/Abnormal_Sperm (361).bmp,test,1,0.997862,1.676344,-2.674208
smids/Abnormal_Sperm/Abnormal_Sperm (366).bmp,test,1,-0.008689,1.540513,-1.531825
smids/Abnormal_Sperm/Abnormal_Sperm (372).bmp,test,1,-1.106780,2.475876,-1.369098
smids/Abnormal_Sperm/Abnormal_Sperm (377).bmp,test,1,-1.266642,2.399198,-1.132556
smids/Abnormal_Sperm/Abnormal_Sperm (380).bmp,test,1,-2.051423,3.000672,-0.949248
smids/Abnormal_Sperm/Abnormal_Sperm (39).bmp,test,1,-1.587786,2.812136,-1.224351
smids/Abnormal_Sperm/Abnormal_Sperm (391).bmp,test,1,0.138020,2.313139,-2.451159
smids/Abnormal_Sperm/Abnormal_Sperm (392).bmp,test,1,0.954806,3.944745,-4.899549
smids/Abnormal_Sperm/Abnormal_Sperm (393).bmp,test,1,-0.063046,3.913971,-3.850923
smids/Abnormal_Sperm/Abnormal_Sperm (398).bmp,test,1,-1.230223,2.735218,-1.504995
smids/Abnormal_Sperm/Abnormal_Sperm (421).bmp,test,1,1.584781,2.008672,-3.593454
smids/Abnormal_Sperm/Abnormal_Sperm (428).bmp,test,1,-2.899191,1.736553,1.162637
smids/Abnormal_Sperm/Abnormal_Sperm (438).bmp,test,1,-1.005034,2.247829,-1.242797
smids/Abnormal_Sperm/Abnormal_Sperm (446).bmp,test,1,1.439698,2.829487,-4.269186
smids/Abnormal_Sperm/Abnormal_Sperm (449).bmp,test,1,-2.370575,2.869574,-0.498999
smids/Abnormal_Sperm/Abnormal_Sperm (450).bmp,test,1,0.209692,4.144986,-4.354675
smids/Abnormal_Sperm/Abnormal_Sperm (451).bmp,test,1,1.486885,3.459075,-4.945961
smids/Abnormal_Sperm/Abnormal_Sperm (454).bmp,test,1,-1.111066,3.276232,-2.165166
smids/Abnormal_Sperm/Abnormal_Sperm (457).bmp,test,1,-0.058881,3.083236,-3.024356
smids/Abnormal_Sperm/Abnormal_Sperm (458).bmp,test,1,-1.794157,3.563735,-1.769580
smids/Abnormal_Sperm/Abnormal_Sperm (478).bmp,test,1,-1.551484,1.256984,0.294500
smids/Abnormal_Sperm/Abnormal_Sperm (484).bmp,test,1,-0.877325,3.180021,-2.302698
smids/Abnormal_Sperm/Abnormal_Sperm (486).bmp,test,1,-3.986786,2.328207,1.658577
smids/Abnormal_Sperm/Abnormal_Sperm (487).bmp,test,1,2.472871,0.861001,-3.333871
smids/Abnormal_Sperm/Abnormal_Sperm (490).bmp,test,1,0.833924,1.836564,-2.670489
smids/Abnormal_Sperm/Abnormal_Sperm (498).bmp,test,1,0.003719,-0.700127,0.696406
smids/Abnormal_Sperm/Abnormal_Sperm (5).bmp,test,1,-0.135957,1.241112,-1.105157
smids/Abnormal_Sperm/Abnormal_Sperm (504).bmp,test,1,-0.464265,1.829168,-1.364904
smids/Abnormal_Sperm/Abnormal_Sperm (509).bmp,test,1,-2.892187,0.280558,2.611629
smids/Abnormal_Sperm/Abnormal_Sperm (514).bmp,test,1,0.462475,1.608506,-2.070982
smids/Abnormal_Sperm/Abnormal_Sperm (525).bmp,test,1,-0.925395,1.737437,-0.812043
smids/Abnormal_Sperm/Abnormal_Sperm (529).bmp,test,1,-0.456657,2.008753,-1.552099
smids/Abnormal_Sperm/Abnormal_Sperm (538).bmp,test,1,-0.955175,1.363895,-0.408720
smids/Abnormal_Sperm/Abnormal_Sperm (544).bmp,test,1,-0.437835,1.205640,-0.767807
smids/Abnormal_Sperm/Abnormal_Sperm (559).bmp,test,1,-2.060483,1.922149,0.138331
smids/Abnormal_Sperm/Abnormal_Sperm (561).bmp,test,1,1.797748,-0.458288,-1.339461
smids/Abnormal_Sperm/Abnormal_Sperm (565).bmp,test,1,1.340659,0.597321,-1.937982
smids/Abnormal_Sperm/Abnormal_Sperm (570).bmp,test,1,-0.928185,2.120636,-1.192451
smids/Abnormal_Sperm/Abnormal_Sperm (571).bmp,test,1,-0.989704,1.714850,-0.725147
smids/Abnormal_Sperm/Abnormal_Sperm (572).bmp,test,1,0.281512,0.572121,-0.853634
smids/Abnormal_Sperm/Abnormal_Sperm (585).bmp,test,1,-0.011708,0.461848,-0.450142
smids/Abnormal_Sperm/Abnormal_Sperm (588).bmp,test,1,0.485135,1.107992,-1.593127
smids/Abnormal_Sperm/Abnormal_Sperm (60).bmp,test,1,-1.661763,3.191453,-1.529691
smids/Abnormal_Sperm/Abnormal_Sperm (602).bmp,test,1,-1.486830,-0.609906,2.096736
smids/Abnormal_Sperm/Abnormal_Sperm (607).bmp,test,1,1.439904,1.095813,-2.535718
smids/Abnormal_Sperm/Abnormal_Sperm (613).bmp,test,1,-0.396563,2.153051,-1.756488
smids/Abnormal_Sperm/Abnormal_Sperm (619).bmp,test,1,0.229370,1.504505,-1.733876
smids/Abnormal_Sperm/Abnormal_Sperm (620).bmp,test,1,-1.056618,0.819923,0.236693
smids/Abnormal_Sperm/Abnormal_Sperm (626).bmp,test,1,-0.944090,1.600248,-0.656160
smids/Abnormal_Sperm/Abnormal_Sperm (629).bmp,test,1,-1.078579,0.451238,0.627339
smids/Abnormal_Sperm/Abnormal_Sperm (63).bmp,test,1,0.217812,1.357761,-1.575575
smids/Abnormal_Sperm/Abnormal_Sperm (630).bmp,test,1,-2.299893,1.548185,0.751706
smids/Abnormal_Sperm/Abnormal_Sperm (633).bmp,test,1,-0.689483,0.030538,0.658943
smids/Abnormal_Sperm/Abnormal_Sperm (636).bmp,test,1,-1.048513,2.171538,-1.123027
smids/Abnormal_Sperm/Abnormal_Sperm (637).bmp,test,1,-0.460175,0.157160,0.303016
smids/Abnormal_Sperm/Abnormal_Sperm (64).bmp,test,1,-2.190106,2.547916,-0.357811
smids/Abnormal_Sperm/Abnormal_Sperm (649).bmp,test,1,-1.314336,1.000717,0.313616
smids/Abnormal_Sperm/Abnormal_Sperm (654).bmp,test,1,1.046580,0.970660,-2.017241
smids/Abnormal_Sperm/Abnormal_Sperm (66).bmp,test,1,-1.392199,1.473567,-0.081368
smids/Abnormal_Sperm/Abnormal_Sperm (663).bmp,test,1,-0.149404,2.134163,-1.984761
smids/Abnormal_Sperm/Abnormal_Sperm (669).bmp,test,1,-1.667974,0.895697,0.772276
smids/Abnormal_Sperm/Abnormal_Sperm (673).bmp,test,1,-0.873242,0.965872,-0.092632
smids/Abnormal_Sperm/Abnormal_Sperm (675).bmp,test,1,0.431664,1.394516,-1.826180
smids/Abnormal_Sperm/Abnormal_Sperm (676).bmp,test,1,-1.326893,2.701264,-1.374372
smids/Abnormal_Sperm/Abnormal_Sperm (678).bmp,test,1,-1.573259,1.389746,0.183512
smids/Abnormal_Sperm/Abnormal_Sperm (695).bmp,test,1,-0.887276,1.031145,-0.143872
smids/Abnormal_Sperm/Abnormal_Sperm (697).bmp,test,1,1.254657,1.557958,-2.812616
smids/Abnormal_Sperm/Abnormal_Sperm (7).bmp,test,1,0.778868,0.919005,-1.697873
smids/Abnormal_Sperm/Abnormal_Sperm (701).bmp,test,1,-0.229529,0.737669,-0.508141
smids/Abnormal_Sperm/Abnormal_Sperm (703).bmp,test,1,1.091607,1.504682,-2.596291
smids/Abnormal_Sperm/Abnormal_Sperm (704).bmp,test,1,-1.425773,0.969388,0.456384
smids/Abnormal_Sperm/Abnormal_Sperm (712).bmp,test,1,1.335559,2.089304,-3.424863
smids/Abnormal_Sperm/Abnormal_Sperm (72).bmp,test,1,-0.573429,1.316704,-0.743277
smids/Abnormal_Sperm/Abnormal_Sperm (727).bmp,test,1,-1.009158,0.819964,0.189193
smids/Abnormal_Sperm/Abnormal_Sperm (731).bmp,test,1,0.329927,-0.160936,-0.168993
smids/Abnormal_Sperm/Abnormal_Sperm (733).bmp,test,1,-0.688594,2.599105,-1.910513
smids/Abnormal_Sperm/Abnormal_Sperm (737).bmp,test,1,1.258711,0.552683,-1.811396
smids/Abnormal_Sperm/Abnormal_Sperm (739).bmp,test,1,-0.424789,2.005918,-1.581130
smids/Abnormal_Sperm/Abnormal_Sperm (740).bmp,test,1,1.099647,2.542322,-3.641967
smids/Abnormal_Sperm/Abnormal_Sperm (741).bmp,test,1,1.344983,2.033025,-3.378008
smids/Abnormal_Sperm/Abnormal_Sperm (744).bmp,test,1,1.828792,1.473769,-3.302562
smids/Abnormal_Sperm/Abnormal_Sperm (745).bmp,test,1,2.180299,1.977806,-4.158105
smids/Abnormal_Sperm/Abnormal_Sperm (757).bmp,test,1,-1.384095,4.134830,-2.750734
smids/Abnormal_Sperm/Abnormal_Sperm (758).bmp,test,1,0.492268,2.088260,-2.580530
smids/Abnormal_Sperm/Abnormal_Sperm (767).bmp,test,1,1.965873,2.745484,-4.711355
smids/Abnormal_Sperm/Abnormal_Sperm (77).bmp,test,1,-0.826402,2.886557,-2.060156
smids/Abnormal_Sperm/Abnormal_Sperm (772).bmp,test,1,-0.796610,0.859534,-0.062926
smids/Abnormal_Sperm/Abnormal_Sperm (773).bmp,test,1,-0.892327,2.876610,-1.984284
smids/Abnormal_Sperm/Abnormal_Sperm (777).bmp,test,1,1.564508,2.669628,-4.234136
smids/Abnormal_Sperm/Abnormal_Sperm (779).bmp,test,1,1.503627,2.309212,-3.812840
smids/Abnormal_Sperm/Abnormal_Sperm (781).bmp,test,1,-0.610016,-0.254350,0.864365
smids/Abnormal_Sperm/Abnormal_Sperm (782).bmp,test,1,-0.513709,1.345548,-0.831842
smids/Abnormal_Sperm/Abnormal_Sperm (789).bmp,test,1,-1.386904,1.019681,0.367223
smids/Abnormal_Sperm/Abnormal_Sperm (790).bmp,test,1,0.210290,2.360314,-2.570604
smids/Abnormal_Sperm/Abnormal_Sperm (791).bmp,test,1,0.445107,0.789643,-1.234751
smids/Abnormal_Sperm/Abnormal_Sperm (80).bmp,test,1,-1.930180,2.540064,-0.609886
smids/Abnormal_Sperm/Abnormal_Sperm (802).bmp,test,1,-0.966711,1.795098,-0.828389
smids/Abnormal_Sperm/Abnormal_Sperm (808).bmp,test,1,-0.048015,2.975016,-2.927002
smids/Abnormal_Sperm/Abnormal_Sperm (811).bmp,test,1,1.076228,1.647403,-2.723631
smids/Abnormal_Sperm/Abnormal_Sperm (815).bmp,test,1,1.586402,2.172475,-3.758877
smids/Abnormal_Sperm/Abnormal_Sperm (816).bmp,test,1,1.070886,1.183114,-2.254001
smids/Abnormal_Sperm/Abnormal_Sperm (817).bmp,test,1,1.279810,1.669978,-2.949790
smids/Abnormal_Sperm/Abnormal_Sperm (825).bmp,test,1,0.955157,0.853213,-1.808372
smids/Abnormal_Sperm/Abnormal_Sperm (826).bmp,test,1,1.685283,1.331578,-3.016860
smids/Abnormal_Sperm/Abnormal_Sperm (827).bmp,test,1,0.502851,1.298139,-1.800990
smids/Abnormal_Sperm/Abnormal_Sperm (834).bmp,test,1,3.083704,0.540355,-3.624061
smids/Abnormal_Sperm/Abnormal_Sperm (839).bmp,test,1,3.535569,0.456188,-3.991759
smids/Abnormal_Sperm/Abnormal_Sperm (85).bmp,test,1,-2.091281,2.837112,-0.745832
smids/Abnormal_Sperm/Abnormal_Sperm (852).bmp,test,1,3.946342,0.252920,-4.199263
smids/Abnormal_Sperm/Abnormal_Sperm (857).bmp,test,1,-0.095572,2.249604,-2.154033
smids/Abnormal_Sperm/Abnormal_Sperm (862).bmp,test,1,0.574750,1.516251,-2.091002
smids/Abnormal_Sperm/Abnormal_Sperm (871).bmp,test,1,-0.778789,2.199963,-1.421174
smids/Abnormal_Sperm/Abnormal_Sperm (876).bmp,test,1,1.597145,2.348775,-3.945920
smids/Abnormal_Sperm/Abnormal_Sperm (877).bmp,test,1,0.496315,0.751543,-1.247860
smids/Abnormal_Sperm/Abnormal_Sperm (881).bmp,test,1,0.414980,3.358393,-3.773373
smids/Abnormal_Sperm/Abnormal_Sperm (887).bmp,test,1,1.795578,0.603967,-2.399545
smids/Abnormal_Sperm/Abnormal_Sperm (890).bmp,test,1,2.187770,1.480255,-3.668026
smids/Abnormal_Sperm/Abnormal_Sperm (893).bmp,test,1,-0.309230,2.923117,-2.613887
smids/Abnormal_Sperm/Abnormal_Sperm (895).bmp,test,1,1.967128,2.901871,-4.868999
smids/Abnormal_Sperm/Abnormal_Sperm (897).bmp,test,1,2.386169,-0.310543,-2.075628
smids/Abnormal_Sperm/Abnormal_Sperm (90).bmp,test,1,0.073059,1.158873,-1.231933
smids/Abnormal_Sperm/Abnormal_Sperm (915).bmp,test,1,0.000062,-0.341284,0.341221
smids/Abnormal_Sperm/Abnormal_Sperm (916).bmp,test,1,-1.901677,1.033462,0.868212
smids/Abnormal_Sperm/Abnormal_Sperm (917).bmp,test,1,-0.443424,-0.150719,0.594141
smids/Abnormal_Sperm/Abnormal_Sperm (918).bmp,test,1,0.465028,1.163333,-1.628364
smids/Abnormal_Sperm/Abnormal_Sperm (920).bmp,test,1,0.357575,0.998783,-1.356360
smids/Abnormal_Sperm/Abnormal_Sperm (922).bmp,test,1,-0.936127,1.015639,-0.079513
smids/Abnormal_Sperm/Abnormal_Sperm (923).bmp,test,1,2.056197,2.200348,-4.256545
smids/Abnormal_Sperm/Abnormal_Sperm (93).bmp,test,1,-0.358711,1.749379,-1.390670
smids/Abnormal_Sperm/Abnormal_Sperm (931).bmp,test,1,3.023580,-0.576478,-2.447104
smids/Abnormal_Sperm/Abnormal_Sperm (932).bmp,test,1,1.300179,2.165380,-3.465561
smids/Abnormal_Sperm/Abnormal_Sperm (933).bmp,test,1,1.663605,1.946956,-3.610563
smids/Abnormal_Sperm/Abnormal_Sperm (937).bmp,test,1,-0.258751,-0.385753,0.644502
smids/Abnormal_Sperm/Abnormal_Sperm (940).bmp,test,1,-2.084743,2.203362,-0.118619
smids/Abnormal_Sperm/Abnormal_Sperm (942).bmp,test,1,-0.985416,0.778492,0.206922
smids/Abnormal_Sperm/Abnormal_Sperm (950).bmp,test,1,1.134882,1.384140,-2.519023
smids/Abnormal_Sperm/Abnormal_Sperm (972).bmp,test,1,-1.830740,1.595390,0.235347
smids/Abnormal_Sperm/Abnormal_Sperm (978).bmp,test,1,-1.609704,2.011427,-0.401724
smids/Abnormal_Sperm/Abnormal_Sperm (985).bmp,test,1,-0.371243,1.590489,-1.219248
smids/Abnormal_Sperm/Abnormal_Sperm (988).bmp,test,1,-1.892488,2.582995,-0.690509
smids/Abnormal_Sperm/Abnormal_Sperm (993).bmp,test,1,0.081457,1.876897,-1.958353
smids/Abnormal_Sperm/Abnormal_Sperm (998).bmp,test,1,-1.515897,1.853803,-0.337907
smids/Non-Sperm/Non-Sperm (106).bmp,test,2,-2.414916,-1.589781,4.004697
smids/Non-Sperm/Non-Sperm (112).bmp,test,2,-3.567707,-0.757390,4.325098
smids/Non-Sperm/Non-Sperm (113).bmp,test,2,-2.063493,-1.747531,3.811021
smids/Non-Sperm/Non-Sperm (115).bmp,test,2,-0.887648,-2.626685,3.514332
smids/Non-Sperm/Non-Sperm (118).bmp,test,2,-2.073520,-3.136300,5.209821
smids/Non-Sperm/Non-Sperm (12).bmp,test,2,-3.482057,-0.117969,3.600024
smids/Non-Sperm/Non-Sperm (120).bmp,test,2,-1.847434,-3.489531,5.336965
smids/Non-Sperm/Non-Sperm (13).bmp,test,2,-2.875989,-1.447161,4.323149
smids/Non-Sperm/Non-Sperm (130).bmp,test,2,-3.456113,-1.341935,4.798048
smids/Non-Sperm/Non-Sperm (131).bmp,test,2,-2.917565,-2.352728,5.270292
smids/Non-Sperm/Non-Sperm (144).bmp,test,2,-2.099273,-3.319391,5.418664
smids/Non-Sperm/Non-Sperm (145).bmp,test,2,-2.028258,-1.151753,3.180013
smids/Non-Sperm/Non-Sperm (153).bmp,test,2,-3.666912,-1.389556,5.056471
smids/Non-Sperm/Non-Sperm (160).bmp,test,2,-1.620358,-1.261888,2.882244
smids/Non-Sperm/Non-Sperm (161).bmp,test,2,1.187487,0.591195,-1.778684
smids/Non-Sperm/Non-Sperm (181).bmp,test,2,-1.888844,-2.391942,4.280785
smids/Non-Sperm/Non-Sperm (184).bmp,test,2,-0.695522,-0.722602,1.418120
smids/Non-Sperm/Non-Sperm (185).bmp,test,2,-1.774255,0.002479,1.771775
smids/Non-Sperm/Non-Sperm (189).bmp,test,2,-0.864125,-2.352831,3.216958
smids/Non-Sperm/Non-Sperm (190).bmp,test,2,-2.087420,-0.576269,2.663686
smids/Non-Sperm/Non-Sperm (191).bmp,test,2,-2.249926,0.817624,1.432299
smids/Non-Sperm/Non-Sperm (193).bmp,test,2,-2.447385,-2.781605,5.228991
smids/Non-Sperm/Non-Sperm (197).bmp,test,2,-1.198686,0.124591,1.074096
smids/Non-Sperm/Non-Sperm (20).bmp,test,2,-0.916561,-0.913309,1.829872
smids/Non-Sperm/Non-Sperm (211).bmp,test,2,-3.459206,-1.775035,5.234239
smids/Non-Sperm/Non-Sperm (214).bmp,test,2,-0.836154,-2.068952,2.905107
smids/Non-Sperm/Non-Sperm (220).bmp,test,2,-2.419807,-1.377318,3.797124
smids/Non-Sperm/Non-Sperm (231).bmp,test,2,-3.024318,-2.499994,5.524312
smids/Non-Sperm/Non-Sperm (234).bmp,test,2,-3.202238,-2.897854,6.100089
smids/Non-Sperm/Non-Sperm (237).bmp,test,2,-2.150992,-2.654177,4.805167
smids/Non-Sperm/Non-Sperm (238).bmp,test,2,-1.766438,-2.560401,4.326838
smids/Non-Sperm/Non-Sperm (240).bmp,test,2,-2.815707,-1.672887,4.488593
smids/Non-Sperm/Non-Sperm (244).bmp,test,2,-3.331181,-1.475262,4.806444
smids/Non-Sperm/Non-Sperm (250).bmp,test,2,-2.207463,-1.838384,4.045845
smids/Non-Sperm/Non-Sperm (253).bmp,test,2,-0.701004,-2.967941,3.668945
smids/Non-Sperm/Non-Sperm (254).bmp,test,2,-1.235453,-2.749504,3.984956
smids/Non-Sperm/Non-Sperm (255).bmp,test,2,-2.206263,-2.146411,4.352674
smids/Non-Sperm/Non-Sperm (267).bmp,test,2,-2.192559,-2.117933,4.310492
smids/Non-Sperm/Non-Sperm (273).bmp,test,2,-2.047629,-2.465367,4.512996
smids/Non-Sperm/Non-Sperm (288).bmp,test,2,-1.814155,-2.990248,4.804402
smids/Non-Sperm/Non-Sperm (298).bmp,test,2,-1.889380,-3.517783,5.407160
smids/Non-Sperm/Non-Sperm (300).bmp,test,2,-1.919196,-2.475556,4.394752
smids/Non-Sperm/Non-Sperm (301).bmp,test,2,-2.141575,-2.020497,4.162071
smids/Non-Sperm/Non-Sperm (304).bmp,test,2,-1.668017,-3.175563,4.843579
smids/Non-Sperm/Non-Sperm (305).bmp,test,2,-2.126064,-1.651870,3.777934
smids/Non-Sperm/Non-Sperm (309).bmp,test,2,0.698015,-2.622450,1.924435
smids/Non-Sperm/Non-Sperm (310).bmp,test,2,-0.657757,-2.545630,3.203385
smids/Non-Sperm/Non-Sperm (316).bmp,test,2,-1.263430,-4.244231,5.507659
smids/Non-Sperm/Non-Sperm (318).bmp,test,2,-2.655168,-2.290360,4.945530
smids/Non-Sperm/Non-Sperm (319).bmp,test,2,-1.332823,-3.368283,4.701108
smids/Non-Sperm/Non-Sperm (330).bmp,test,2,-1.626542,-0.350776,1.977317
smids/Non-Sperm/Non-Sperm (331).bmp,test,2,-1.732260,-2.891849,4.624111
smids/Non-Sperm/Non-Sperm (332).bmp,test,2,-1.606018,-0.059342,1.665359
smids/Non-Sperm/Non-Sperm (340).bmp,test,2,-1.786679,-0.364847,2.151525
smids/Non-Sperm/Non-Sperm (344).bmp,test,2,-0.769693,-0.831469,1.601161
smids/Non-Sperm/Non-Sperm (348).bmp,test,2,-1.776002,-0.742859,2.518861
smids/Non-Sperm/Non-Sperm (35).bmp,test,2,-1.258059,1.746405,-0.488346
smids/Non-Sperm/Non-Sperm (352).bmp,test,2,-1.787613,-3.365999,5.153613
smids/Non-Sperm/Non-Sperm (355).bmp,test,2,-1.940077,-0.112084,2.052160
smids/Non-Sperm/Non-Sperm (362).bmp,test,2,-2.772209,-1.386642,4.158852
smids/Non-Sperm/Non-Sperm (363).bmp,test,2,-2.639991,-0.047538,2.687527
smids/Non-Sperm/Non-Sperm (366).bmp,test,2,-0.106221,-0.818064,0.924284
smids/Non-Sperm/Non-Sperm (374).bmp,test,2,-2.650809,0.267191,2.383617
smids/Non-Sperm/Non-Sperm (377).bmp,test,2,-1.210184,-1.602266,2.812449
smids/Non-Sperm/Non-Sperm (384).bmp,test,2,-3.216491,0.534407,2.682083
smids/Non-Sperm/Non-Sperm (385).bmp,test,2,-2.450818,0.550294,1.900521
smids/Non-Sperm/Non-Sperm (389).bmp,test,2,-0.194813,-2.697261,2.892072
smids/Non-Sperm/Non-Sperm (390).bmp,test,2,-2.531411,-0.787961,3.319371
smids/Non-Sperm/Non-Sperm (391).bmp,test,2,-1.629789,0.429557,1.200230
smids/Non-Sperm/Non-Sperm (41).bmp,test,2,-2.807330,0.286394,2.520934
smids/Non-Sperm/Non-Sperm (42).bmp,test,2,-1.639755,-0.720403,2.360157
smids/Non-Sperm/Non-Sperm (432).bmp,test,2,-1.991984,-1.809734,3.801719
smids/Non-Sperm/Non-Sperm (446).bmp,test,2,-2.372340,-2.559219,4.931558
smids/Non-Sperm/Non-Sperm (460).bmp,test,2,-2.700101,-2.664398,5.364498
smids/Non-Sperm/Non-Sperm (462).bmp,test,2,-2.072403,-2.298735,4.371140
smids/Non-Sperm/Non-Sperm (465).bmp,test,2,-2.749174,-3.018530,5.767706
smids/Non-Sperm/Non-Sperm (47).bmp,test,2,-2.797491,1.039809,1.757681
smids/Non-Sperm/Non-Sperm (471).bmp,test,2,-3.506984,-1.636942,5.143926
smids/Non-Sperm/Non-Sperm (475).bmp,test,2,-2.362158,-2.413445,4.775603
smids/Non-Sperm/Non-Sperm (477).bmp,test,2,-2.054397,-2.702001,4.756396
smids/Non-Sperm/Non-Sperm (480).bmp,test,2,-3.100819,-2.107553,5.208373
smids/Non-Sperm/Non-Sperm (499).bmp,test,2,-1.443180,-3.694340,5.137517
smids/Non-Sperm/Non-Sperm (500).bmp,test,2,-1.247242,-0.882024,2.129267
smids/Non-Sperm/Non-Sperm (501).bmp,test,2,-2.373390,-1.697330,4.070721
smids/Non-Sperm/Non-Sperm (502).bmp,test,2,-0.942583,-2.289103,3.231685
smids/Non-Sperm/Non-Sperm (509).bmp,test,2,-2.906608,-0.401328,3.307934
smids/Non-Sperm/Non-Sperm (524).bmp,test,2,-0.428720,-1.076570,1.505288
smids/Non-Sperm/Non-Sperm (532).bmp,test,2,-2.981900,-2.348651,5.330549
smids/Non-Sperm/Non-Sperm (533).bmp,test,2,-1.362094,-0.944869,2.306960
smids/Non-Sperm/Non-Sperm (535).bmp,test,2,-2.081383,-1.874243,3.955626
smids/Non-Sperm/Non-Sperm (536).bmp,test,2,-2.115421,-2.132036,4.247454
smids/Non-Sperm/Non-Sperm (539).bmp,test,2,-1.116863,-2.912985,4.029846
smids/Non-Sperm/Non-Sperm (540).bmp,test,2,-1.300394,0.091912,1.208478
smids/Non-Sperm/Non-Sperm (547).bmp,test,2,-1.609471,-1.386773,2.996245
smids/Non-Sperm/Non-Sperm (548).bmp,test,2,-0.721114,-2.407235,3.128348
smids/Non-Sperm/Non-Sperm (55).bmp,test,2,-1.365296,0.575252,0.790042
smids/Non-Sperm/Non-Sperm (554).bmp,test,2,-2.109729,0.018815,2.090911
smids/Non-Sperm/Non-Sperm (562).bmp,test,2,-2.027840,-1.085713,3.113553
smids/Non-Sperm/Non-Sperm (563).bmp,test,2,-1.395581,-0.393570,1.789148
smids/Non-Sperm/Non-Sperm (571).bmp,test,2,-1.011626,1.758582,-0.746958
smids/Non-Sperm/Non-Sperm (575).bmp,test,2,-2.678843,-1.227449,3.906292
smids/Non-Sperm/Non-Sperm (576).bmp,test,2,-3.764825,1.655235,2.109588
smids/Non-Sperm/Non-Sperm (578).bmp,test,2,0.467136,-1.177235,0.710098
smids/Non-Sperm/Non-Sperm (58).bmp,test,2,-3.130237,1.230680,1.899556
smids/Non-Sperm/Non-Sperm (587).bmp,test,2,-2.999677,0.351405,2.648269
smids/Non-Sperm/Non-Sperm (595).bmp,test,2,-3.338704,-1.722592,5.061297
smids/Non-Sperm/Non-Sperm (596).bmp,test,2,-2.490133,-0.792361,3.282492
smids/Non-Sperm/Non-Sperm (603).bmp,test,2,-0.461214,-0.734962,1.196173
smids/Non-Sperm/Non-Sperm (606).bmp,test,2,-2.905446,-2.366416,5.271861
smids/Non-Sperm/Non-Sperm (614).bmp,test,2,-2.584937,-1.121693,3.706629
smids/Non-Sperm/Non-Sperm (615).bmp,test,2,-2.523879,-0.764923,3.288801
smids/Non-Sperm/Non-Sperm (617).bmp,test,2,-1.418993,-1.958917,3.377910
smids/Non-Sperm/Non-Sperm (619).bmp,test,2,-1.448070,-0.599469,2.047538
smids/Non-Sperm/Non-Sperm (620).bmp,test,2,-1.807811,-3.169580,4.977387
smids/Non-Sperm/Non-Sperm (627).bmp,test,2,-2.850188,-1.805908,4.656094
smids/Non-Sperm/Non-Sperm (632).bmp,test,2,-1.966541,0.585177,1.381364
smids/Non-Sperm/Non-Sperm (638).bmp,test,2,0.059335,-1.256007,1.196671
smids/Non-Sperm/Non-Sperm (641).bmp,test,2,-2.513500,-1.270656,3.784156
smids/Non-Sperm/Non-Sperm (648).bmp,test,2,-2.992301,-1.654320,4.646618
smids/Non-Sperm/Non-Sperm (650).bmp,test,2,-2.219812,0.826899,1.392911
smids/Non-Sperm/Non-Sperm (651).bmp,test,2,-1.110007,-4.167666,5.277674
smids/Non-Sperm/Non-Sperm (658).bmp,test,2,-1.548784,-2.032098,3.580882
smids/Non-Sperm/Non-Sperm (661).bmp,test,2,-1.204764,-2.034010,3.238778
smids/Non-Sperm/Non-Sperm (664).bmp,test,2,-3.485518,0.669985,2.815531
smids/Non-Sperm/Non-Sperm (673).bmp,test,2,-2.683482,-2.169705,4.853188
smids/Non-Sperm/Non-Sperm (676).bmp,test,2,-2.549198,1.357386,1.191810
smids/Non-Sperm/Non-Sperm (68).bmp,test,2,-4.515520,-0.224891,4.740407
smids/Non-Sperm/Non-Sperm (685).bmp,test,2,-2.742053,-0.823656,3.565708
smids/Non-Sperm/Non-Sperm (688).bmp,test,2,-2.061512,-1.834493,3.896003
smids/Non-Sperm/Non-Sperm (69).bmp,test,2,-1.978835,-0.178699,2.157533
smids/Non-Sperm/Non-Sperm (691).bmp,test,2,-1.552329,-0.705127,2.257453
smids/Non-Sperm/Non-Sperm (692).bmp,test,2,-2.492746,-0.934424,3.427168
smids/Non-Sperm/Non-Sperm (700).bmp,test,2,-1.901697,-3.115559,5.017256
smids/Non-Sperm/Non-Sperm (701).bmp,test,2,-2.925431,-2.380190,5.305619
smids/Non-Sperm/Non-Sperm (705).bmp,test,2,0.309541,-0.358366,0.048823
smids/Non-Sperm/Non-Sperm (712).bmp,test,2,-1.229176,-0.642599,1.871773
smids/Non-Sperm/Non-Sperm (714).bmp,test,2,-2.291598,-1.248466,3.540062
smids/Non-Sperm/Non-Sperm (719).bmp,test,2,-0.932063,0.217788,0.714274
smids/Non-Sperm/Non-Sperm (725).bmp,test,2,-1.668470,-0.025349,1.693818
smids/Non-Sperm/Non-Sperm (731).bmp,test,2,-3.045795,-2.293382,5.339177
smids/Non-Sperm/Non-Sperm (750).bmp,test,2,-0.656779,-0.005267,0.662045
smids/Non-Sperm/Non-Sperm (751).bmp,test,2,-2.537515,-2.435741,4.973254
smids/Non-Sperm/Non-Sperm (755).bmp,test,2,-2.319277,1.404490,0.914785
smids/Non-Sperm/Non-Sperm (756).bmp,test,2,-1.363883,-0.450868,1.814750
smids/Non-Sperm/Non-Sperm (764).bmp,test,2,-1.798746,-1.301867,3.100612
smids/Non-Sperm/Non-Sperm (769).bmp,test,2,-3.456490,-1.767108,5.223594
smids/Non-Sperm/Non-Sperm (77).bmp,test,2,-3.603770,1.091223,2.512548
smids/Non-Sperm/Non-Sperm (771).bmp,test,2,-1.418103,-1.253020,2.671123
smids/Non-Sperm/Non-Sperm (789).bmp,test,2,-1.307322,-1.852061,3.159382
smids/Non-Sperm/Non-Sperm (79).bmp,test,2,-2.182847,1.151032,1.031814
smids/Non-Sperm/Non-Sperm (795).bmp,test,2,0.018623,-1.164856,1.146231
smids/Non-Sperm/Non-Sperm (810).bmp,test,2,-1.801410,-2.027092,3.828502
smids/Non-Sperm/Non-Sperm (813).bmp,test,2,-3.150128,-2.259429,5.409556
smids/Non-Sperm/Non-Sperm (816).bmp,test,2,-1.217112,-2.478951,3.696063
smids/Non-Sperm/Non-Sperm (817).bmp,test,2,-1.178273,-1.305660,2.483931
smids/Non-Sperm/Non-Sperm (821).bmp,test,2,-2.962124,-0.355744,3.317867
smids/Non-Sperm/Non-Sperm (822).bmp,test,2,-4.415039,-0.441128,4.856166
smids/Non-Sperm/Non-Sperm (828).bmp,test,2,-4.253690,-0.815985,5.069672
smids/Non-Sperm/Non-Sperm (834).bmp,test,2,0.637960,1.126593,-1.764554
smids/Non-Sperm/Non-Sperm (836).bmp,test,2,-0.871649,0.630410,0.241237
smids/Non-Sperm/Non-Sperm (844).bmp,test,2,-1.818475,1.178970,0.639502
smids/Non-Sperm/Non-Sperm (848).bmp,test,2,-2.004219,-3.205891,5.210109
smids/Non-Sperm/Non-Sperm (857).bmp,test,2,-3.009652,-1.099177,4.108827
smids/Non-Sperm/Non-Sperm (860).bmp,test,2,-2.654282,-2.328176,4.982454
smids/Non-Sperm/Non-Sperm (861).bmp,test,2,-1.716931,0.374385,1.342547
smids/Non-Sperm/Non-Sperm (863).bmp,test,2,-2.496761,-1.498292,3.995053
smids/Non-Sperm/Non-Sperm (866).bmp,test,2,-0.707480,-0.797939,1.505417
smids/Non-Sperm/Non-Sperm (871).bmp,test,2,-2.754056,-2.049654,4.803710
smids/Non-Sperm/Non-Sperm (872).bmp,test,2,-1.482124,-0.062571,1.544694
smids/Non-Sperm/Non-Sperm (876).bmp,test,2,0.654603,-1.838400,1.183798
smids/Non-Sperm/Non-Sperm (879).bmp,test,2,-2.661586,-0.318017,2.979603
smids/Non-Sperm/Non-Sperm (88).bmp,test,2,-1.738288,0.670086,1.068201
smids/Non-Sperm/Non-Sperm (880).bmp,test,2,-3.220447,-1.621238,4.841684
smids/Non-Sperm/Non-Sperm (882).bmp,test,2,-2.231502,-0.849092,3.080592
smids/Non-Sperm/Non-Sperm (886).bmp,test,2,-2.875923,-1.121304,3.997229
smids/Non-Sperm/Non-Sperm (888).bmp,test,2,-2.574111,-2.768245,5.342354
smids/Non-Sperm/Non-Sperm (900).bmp,test,2,0.908734,0.016001,-0.924738
smids/Non-Sperm/Non-Sperm (903).bmp,test,2,-1.562893,0.387350,1.175542
smids/Non-Sperm/Non-Sperm (918).bmp,test,2,-0.772209,0.799862,-0.027654
smids/Non-Sperm/Non-Sperm (920).bmp,test,2,-2.530845,-0.570140,3.100984
smids/Non-Sperm/Non-Sperm (922).bmp,test,2,-4.409936,0.969636,3.440299
smids/Non-Sperm/Non-Sperm (923).bmp,test,2,-0.680815,-2.469021,3.149837
smids/Non-Sperm/Non-Sperm (924).bmp,test,2,-0.444954,-0.636690,1.081643
smids/Non-Sperm/Non-Sperm (928).bmp,test,2,-1.872876,0.476445,1.396429
smids/Non-Sperm/Non-Sperm (934).bmp,test,2,-1.655304,-2.599833,4.255138
smids/Non-Sperm/Non-Sperm (936).bmp,test,2,-0.039384,-2.388447,2.427829
smids/Non-Sperm/Non-Sperm (937).bmp,test,2,-3.667210,1.472992,2.194216
smids/Non-Sperm/Non-Sperm (947).bmp,test,2,-2.013954,-0.019141,2.033092
smids/Non-Sperm/Non-Sperm (953).bmp,test,2,-1.586512,0.193765,1.392744
smids/Non-Sperm/Non-Sperm (961).bmp,test,2,-2.404404,0.995306,1.409095
smids/Non-Sperm/Non-Sperm (962).bmp,test,2,-1.480845,0.103621,1.377223
smids/Non-Sperm/Non-Sperm (966).bmp,test,2,0.251873,0.310577,-0.562452
smids/Non-Sperm/Non-Sperm (970).bmp,test,2,-2.522368,0.622960,1.899409
smids/Non-Sperm/Non-Sperm (971).bmp,test,2,-1.847067,-1.468891,3.315959
smids/Normal_Sperm/Normal_Sperm (100).bmp,test,0,3.439106,0.048496,-3.487604
smids/Normal_Sperm/Normal_Sperm (1005).bmp,test,0,0.330046,2.305151,-2.635198
smids/Normal_Sperm/Normal_Sperm (1007).bmp,test,0,1.010144,1.642418,-2.652564
smids/Normal_Sperm/Normal_Sperm (1021).bmp,test,0,1.646702,-0.137600,-1.509103
smids/Normal_Sperm/Normal_Sperm (108).bmp,test,0,2.143801,-0.373894,-1.769909
smids/Normal_Sperm/Normal_Sperm (110).bmp,test,0,0.786819,-0.794356,0.007535
smids/Normal_Sperm/Normal_Sperm (111).bmp,test,0,1.780259,-0.342210,-1.438051
smids/Normal_Sperm/Normal_Sperm (117).bmp,test,0,1.840921,1.101111,-2.942032
smids/Normal_Sperm/Normal_Sperm (133).bmp,test,0,0.500846,2.007764,-2.508611
smids/Normal_Sperm/Normal_Sperm (135).bmp,test,0,1.382225,0.176803,-1.559027
smids/Normal_Sperm/Normal_Sperm (136).bmp,test,0,2.539924,1.275945,-3.815871
smids/Normal_Sperm/Normal_Sperm (138).bmp,test,0,1.675938,-0.577337,-1.098601
smids/Normal_Sperm/Normal_Sperm (139).bmp,test,0,0.737259,0.620284,-1.357542
smids/Normal_Sperm/Normal_Sperm (14).bmp,test,0,0.319848,0.569913,-0.889762
smids/Normal_Sperm/Normal_Sperm (141).bmp,test,0,2.420976,1.986676,-4.407652
smids/Normal_Sperm/Normal_Sperm (143).bmp,test,0,3.113404,0.381873,-3.495278
smids/Normal_Sperm/Normal_Sperm (145).bmp,test,0,1.577680,1.016033,-2.593714
smids/Normal_Sperm/Normal_Sperm (16).bmp,test,0,1.101777,-1.594677,0.492900
smids/Normal_Sperm/Normal_Sperm (162).bmp,test,0,2.969386,0.901710,-3.871096
smids/Normal_Sperm/Normal_Sperm (168).bmp,test,0,1.969626,0.297375,-2.267003
smids/Normal_Sperm/Normal_Sperm (172).bmp,test,0,1.970382,-0.366144,-1.604241
smids/Normal_Sperm/Normal_Sperm (174).bmp,test,0,1.728482,0.159894,-1.888377
smids/Normal_Sperm/Normal_Sperm (176).bmp,test,0,3.340961,0.792694,-4.133656
smids/Normal_Sperm/Normal_Sperm (182).bmp,test,0,1.731110,0.586564,-2.317676
smids/Normal_Sperm/Normal_Sperm (189).bmp,test,0,1.745246,-1.278425,-0.466823
smids/Normal_Sperm/Normal_Sperm (193).bmp,test,0,-0.708202,-0.292417,1.000617
smids/Normal_Sperm/Normal_Sperm (195).bmp,test,0,1.030464,0.467807,-1.498272
smids/Normal_Sperm/Normal_Sperm (197).bmp,test,0,4.183322,-1.437802,-2.745523
smids/Normal_Sperm/Normal_Sperm (2).bmp,test,0,5.343497,-1.427815,-3.915684
smids/Normal_Sperm/Normal_Sperm (207).bmp,test,0,1.285074,1.087223,-2.372299
smids/Normal_Sperm/Normal_Sperm (211).bmp,test,0,-0.567736,0.475454,0.092281
smids/Normal_Sperm/Normal_Sperm (212).bmp,test,0,1.401502,0.127614,-1.529117
smids/Normal_Sperm/Normal_Sperm (22).bmp,test,0,1.287858,-0.248683,-1.039176
smids/Normal_Sperm/Normal_Sperm (220).bmp,test,0,2.729822,1.008818,-3.738642
smids/Normal_Sperm/Normal_Sperm (227).bmp,test,0,4.046648,0.808944,-4.855593
smids/Normal_Sperm/Normal_Sperm (23).bmp,test,0,2.267674,-0.720631,-1.547044
smids/Normal_Sperm/Normal_Sperm (230).bmp,test,0,0.313053,1.192706,-1.505760
smids/Normal_Sperm/Normal_Sperm (236).bmp,test,0,-0.784365,-0.650849,1.435214
smids/Normal_Sperm/Normal_Sperm (238).bmp,test,0,0.047626,2.091796,-2.139422
smids/Normal_Sperm/Normal_Sperm (24).bmp,test,0,3.046897,-0.435753,-2.611145
smids/Normal_Sperm/Normal_Sperm (245).bmp,test,0,2.143322,0.517218,-2.660541
smids/Normal_Sperm/Normal_Sperm (263).bmp,test,0,1.928437,0.140215,-2.068653
smids/Normal_Sperm/Normal_Sperm (274).bmp,test,0,2.167505,-0.162386,-2.005121
smids/Normal_Sperm/Normal_Sperm (276).bmp,test,0,2.982062,1.067260,-4.049324
smids/Normal_Sperm/Normal_Sperm (277).bmp,test,0,1.882841,0.032039,-1.914882
smids/Normal_Sperm/Normal_Sperm (279).bmp,test,0,1.173152,0.551061,-1.724215
smids/Normal_Sperm/Normal_Sperm (28).bmp,test,0,0.191285,-0.313980,0.122695
smids/Normal_Sperm/Normal_Sperm (285).bmp,test,0,0.778301,-0.229163,-0.549139
smids/Normal_Sperm/Normal_Sperm (286).bmp,test,0,-0.362389,0.810957,-0.448569
smids/Normal_Sperm/Normal_Sperm (287).bmp,test,0,2.630938,-0.089719,-2.541220
smids/Normal_Sperm/Normal_Sperm (29).bmp,test,0,3.555959,0.743836,-4.299796
smids/Normal_Sperm/Normal_Sperm (290).bmp,test,0,3.515572,-0.233701,-3.281873
smids/Normal_Sperm/Normal_Sperm (291).bmp,test,0,2.846629,-1.325120,-1.521508
smids/Normal_Sperm/Normal_Sperm (292).bmp,test,0,-0.013176,1.378022,-1.364848
smids/Normal_Sperm/Normal_Sperm (296).bmp,test,0,2.322719,0.883915,-3.206634
smids/Normal_Sperm/Normal_Sperm (306).bmp,test,0,4.328906,0.078388,-4.407296
smids/Normal_Sperm/Normal_Sperm (31).bmp,test,0,2.382208,-3.274763,0.892553
smids/Normal_Sperm/Normal_Sperm (310).bmp,test,0,2.778783,-0.005037,-2.773748
smids/Normal_Sperm/Normal_Sperm (318).bmp,test,0,2.296725,0.563781,-2.860507
smids/Normal_Sperm/Normal_Sperm (320).bmp,test,0,0.616483,0.818214,-1.434698
smids/Normal_Sperm/Normal_Sperm (321).bmp,test,0,1.743613,0.319105,-2.062719
smids/Normal_Sperm/Normal_Sperm (323).bmp,test,0,1.583932,-0.460054,-1.123879
smids/Normal_Sperm/Normal_Sperm (329).bmp,test,0,2.719302,1.649025,-4.368327
smids/Normal_Sperm/Normal_Sperm (333).bmp,test,0,3.564301,1.107319,-4.671621
smids/Normal_Sperm/Normal_Sperm (34).bmp,test,0,0.494581,-1.434326,0.939745
smids/Normal_Sperm/Normal_Sperm (341).bmp,test,0,3.688542,0.502455,-4.190997
smids/Normal_Sperm/Normal_Sperm (343).bmp,test,0,1.689592,-0.358676,-1.330917
smids/Normal_Sperm/Normal_Sperm (347).bmp,test,0,2.352164,-0.071245,-2.280922
smids/Normal_Sperm/Normal_Sperm (351).bmp,test,0,0.252031,0.385072,-0.637105
smids/Normal_Sperm/Normal_Sperm (360).bmp,test,0,4.239802,0.901379,-5.141182
smids/Normal_Sperm/Normal_Sperm (365).bmp,test,0,2.269747,0.033268,-2.303015
smids/Normal_Sperm/Normal_Sperm (369).bmp,test,0,1.236115,-2.736651,1.500537
smids/Normal_Sperm/Normal_Sperm (376).bmp,test,0,0.905661,0.597677,-1.503339
smids/Normal_Sperm/Normal_Sperm (385).bmp,test,0,2.556882,0.898438,-3.455322
smids/Normal_Sperm/Normal_Sperm (39).bmp,test,0,1.229189,0.132828,-1.362018
smids/Normal_Sperm/Normal_Sperm (393).bmp,test,0,1.915287,1.803600,-3.718889
smids/Normal_Sperm/Normal_Sperm (40).bmp,test,0,1.209997,-2.654267,1.444270
smids/Normal_Sperm/Normal_Sperm (406).bmp,test,0,1.531571,1.886634,-3.418206
smids/Normal_Sperm/Normal_Sperm (413).bmp,test,0,3.313051,0.573541,-3.886593
smids/Normal_Sperm/Normal_Sperm (420).bmp,test,0,3.156747,1.809483,-4.966230
smids/Normal_Sperm/Normal_Sperm (43).bmp,test,0,-0.413980,-0.081954,0.495933
smids/Normal_Sperm/Normal_Sperm (435).bmp,test,0,3.525633,-0.604705,-2.920928
smids/Normal_Sperm/Normal_Sperm (438).bmp,test,0,2.668193,0.590797,-3.258991
smids/Normal_Sperm/Normal_Sperm (441).bmp,test,0,0.988695,2.464168,-3.452864
smids/Normal_Sperm/Normal_Sperm (466).bmp,test,0,1.359804,-0.022083,-1.337723
smids/Normal_Sperm/Normal_Sperm (47).bmp,test,0,0.296964,0.010810,-0.307774
smids/Normal_Sperm/Normal_Sperm (471).bmp,test,0,4.361445,-0.009896,-4.351550
smids/Normal_Sperm/Normal_Sperm (475).bmp,test,0,3.266402,-0.822900,-2.443505
smids/Normal_Sperm/Normal_Sperm (476).bmp,test,0,1.946376,2.915315,-4.861693
smids/Normal_Sperm/Normal_Sperm (478).bmp,test,0,2.212179,-0.152023,-2.060156
smids/Normal_Sperm/Normal_Sperm (484).bmp,test,0,2.101650,0.040436,-2.142088
smids/Normal_Sperm/Normal_Sperm (489).bmp,test,0,1.946589,-0.032804,-1.913785
smids/Normal_Sperm/Normal_Sperm (493).bmp,test,0,1.197135,1.549741,-2.746876
smids/Normal_Sperm/Normal_Sperm (494).bmp,test,0,1.798152,-0.159732,-1.638420
smids/Normal_Sperm/Normal_Sperm (496).bmp,test,0,2.185061,-0.466639,-1.718424
smids/Normal_Sperm/Normal_Sperm (507).bmp,test,0,3.688701,1.010543,-4.699244
smids/Normal_Sperm/Normal_Sperm (509).bmp,test,0,1.347780,0.423142,-1.770925
smids/Normal_Sperm/Normal_Sperm (510).bmp,test,0,3.879887,0.813017,-4.692904
smids/Normal_Sperm/Normal_Sperm (511).bmp,test,0,1.937058,0.489651,-2.426709
smids/Normal_Sperm/Normal_Sperm (518).bmp,test,0,2.993117,0.213144,-3.206262
smids/Normal_Sperm/Normal_Sperm (519).bmp,test,0,1.320855,-0.038521,-1.282335
smids/Normal_Sperm/Normal_Sperm (537).bmp,test,0,2.755202,-0.353780,-2.401422
smids/Normal_Sperm/Normal_Sperm (538).bmp,test,0,1.709559,0.439820,-2.149381
smids/Normal_Sperm/Normal_Sperm (545).bmp,test,0,2.119346,-0.306459,-1.812888
smids/Normal_Sperm/Normal_Sperm (548).bmp,test,0,1.325970,0.150761,-1.476732
smids/Normal_Sperm/Normal_Sperm (550).bmp,test,0,3.517765,0.637617,-4.155384
smids/Normal_Sperm/Normal_Sperm (553).bmp,test,0,4.533727,-0.029942,-4.503786
smids/Normal_Sperm/Normal_Sperm (554).bmp,test,0,3.162606,-0.746713,-2.415893
smids/Normal_Sperm/Normal_Sperm (557).bmp,test,0,2.834244,0.309038,-3.143284
smids/Normal_Sperm/Normal_Sperm (564).bmp,test,0,3.540585,0.103316,-3.643903
smids/Normal_Sperm/Normal_Sperm (571).bmp,test,0,2.107694,-0.177775,-1.929921
smids/Normal_Sperm/Normal_Sperm (573).bmp,test,0,1.596620,0.468820,-2.065441
smids/Normal_Sperm/Normal_Sperm (576).bmp,test,0,1.882159,0.675092,-2.557251
smids/Normal_Sperm/Normal_Sperm (577).bmp,test,0,1.478686,1.211914,-2.690602
smids/Normal_Sperm/Normal_Sperm (58).bmp,test,0,1.039138,0.633282,-1.672421
smids/Normal_Sperm/Normal_Sperm (580).bmp,test,0,2.649913,-0.173042,-2.476872
smids/Normal_Sperm/Normal_Sperm (581).bmp,test,0,2.033939,0.379281,-2.413222
smids/Normal_Sperm/Normal_Sperm (582).bmp,test,0,2.914502,1.378521,-4.293025
smids/Normal_Sperm/Normal_Sperm (584).bmp,test,0,2.867079,0.526082,-3.393163
smids/Normal_Sperm/Normal_Sperm (585).bmp,test,0,3.294547,1.275483,-4.570033
smids/Normal_Sperm/Normal_Sperm (596).bmp,test,0,3.538914,0.252392,-3.791308
smids/Normal_Sperm/Normal_Sperm (608).bmp,test,0,3.452446,0.411655,-3.864101
smids/Normal_Sperm/Normal_Sperm (622).bmp,test,0,-0.023903,1.399409,-1.375507
smids/Normal_Sperm/Normal_Sperm (625).bmp,test,0,4.049770,-0.034461,-4.015309
smids/Normal_Sperm/Normal_Sperm (626).bmp,test,0,1.510894,1.134946,-2.645840
smids/Normal_Sperm/Normal_Sperm (636).bmp,test,0,2.167171,0.309101,-2.476274
smids/Normal_Sperm/Normal_Sperm (638).bmp,test,0,2.489294,0.883174,-3.372469
smids/Normal_Sperm/Normal_Sperm (639).bmp,test,0,4.379689,0.567830,-4.947519
smids/Normal_Sperm/Normal_Sperm (643).bmp,test,0,2.952289,0.349843,-3.302132
smids/Normal_Sperm/Normal_Sperm (645).bmp,test,0,2.922621,0.915899,-3.838522
smids/Normal_Sperm/Normal_Sperm (651).bmp,test,0,3.164626,0.248824,-3.413451
smids/Normal_Sperm/Normal_Sperm (652).bmp,test,0,2.047349,1.549420,-3.596771
smids/Normal_Sperm/Normal_Sperm (653).bmp,test,0,2.601987,-0.008516,-2.593472
smids/Normal_Sperm/Normal_Sperm (660).bmp,test,0,3.002840,0.633025,-3.635864
smids/Normal_Sperm/Normal_Sperm (663).bmp,test,0,4.453580,0.810729,-5.264308
smids/Normal_Sperm/Normal_Sperm (667).bmp,test,0,3.664012,-1.726372,-1.937641
smids/Normal_Sperm/Normal_Sperm (686).bmp,test,0,3.227606,1.249373,-4.476981
smids/Normal_Sperm/Normal_Sperm (699).bmp,test,0,3.228189,0.152639,-3.380829
smids/Normal_Sperm/Normal_Sperm (7).bmp,test,0,4.452756,-0.011026,-4.441729
smids/Normal_Sperm/Normal_Sperm (701).bmp,test,0,1.707927,0.712777,-2.420706
smids/Normal_Sperm/Normal_Sperm (709).bmp,test,0,2.599180,0.119343,-2.718525
smids/Normal_Sperm/Normal_Sperm (71).bmp,test,0,2.777455,0.647964,-3.425420
smids/Normal_Sperm/Normal_Sperm (715).bmp,test,0,-1.348897,-0.085771,1.434670
smids/Normal_Sperm/Normal_Sperm (728).bmp,test,0,1.402052,1.252526,-2.654579
smids/Normal_Sperm/Normal_Sperm (736).bmp,test,0,3.735668,0.889018,-4.624689
smids/Normal_Sperm/Normal_Sperm (737).bmp,test,0,4.119211,-0.328208,-3.791005
smids/Normal_Sperm/Normal_Sperm (745).bmp,test,0,3.335525,0.412696,-3.748220
smids/Normal_Sperm/Normal_Sperm (749).bmp,test,0,3.354612,0.199817,-3.554432
smids/Normal_Sperm/Normal_Sperm (753).bmp,test,0,3.049706,0.518506,-3.568213
smids/Normal_Sperm/Normal_Sperm (756).bmp,test,0,3.380241,-1.381104,-1.999141
smids/Normal_Sperm/Normal_Sperm (763).bmp,test,0,2.386475,0.082821,-2.469296
smids/Normal_Sperm/Normal_Sperm (766).bmp,test,0,3.326185,0.311158,-3.637345
smids/Normal_Sperm/Normal_Sperm (768).bmp,test,0,1.280197,-1.133251,-0.146946
smids/Normal_Sperm/Normal_Sperm (777).bmp,test,0,2.406488,0.931036,-3.337524
smids/Normal_Sperm/Normal_Sperm (781).bmp,test,0,3.374927,0.593023,-3.967950
smids/Normal_Sperm/Normal_Sperm (795).bmp,test,0,4.050216,0.345169,-4.395386
smids/Normal_Sperm/Normal_Sperm (80).bmp,test,0,1.871957,-0.800879,-1.071078
smids/Normal_Sperm/Normal_Sperm (803).bmp,test,0,1.123969,-0.220805,-0.903166
smids/Normal_Sperm/Normal_Sperm (81).bmp,test,0,0.976866,-0.362081,-0.614785
smids/Normal_Sperm/Normal_Sperm (813).bmp,test,0,1.118730,0.190541,-1.309272
smids/Normal_Sperm/Normal_Sperm (820).bmp,test,0,3.447630,-0.999194,-2.448437
smids/Normal_Sperm/Normal_Sperm (821).bmp,test,0,3.144982,-0.262312,-2.882671
smids/Normal_Sperm/Normal_Sperm (827).bmp,test,0,1.273020,-0.149771,-1.123249
smids/Normal_Sperm/Normal_Sperm (834).bmp,test,0,4.034742,1.498805,-5.533547
smids/Normal_Sperm/Normal_Sperm (838).bmp,test,0,3.448541,1.232900,-4.681441
smids/Normal_Sperm/Normal_Sperm (84).bmp,test,0,1.068435,0.079158,-1.147594
smids/Normal_Sperm/Normal_Sperm (844).bmp,test,0,2.017707,1.121524,-3.139233
smids/Normal_Sperm/Normal_Sperm (85).bmp,test,0,1.311282,1.191283,-2.502567
smids/Normal_Sperm/Normal_Sperm (850).bmp,test,0,1.952033,0.919146,-2.871180
smids/Normal_Sperm/Normal_Sperm (851).bmp,test,0,1.088084,2.352301,-3.440386
smids/Normal_Sperm/Normal_Sperm (858).bmp,test,0,1.930988,0.879531,-2.810521
smids/Normal_Sperm/Normal_Sperm (861).bmp,test,0,3.676049,-0.028537,-3.647513
smids/Normal_Sperm/Normal_Sperm (863).bmp,test,0,1.671807,-0.315613,-1.356196
smids/Normal_Sperm/Normal_Sperm (864).bmp,test,0,2.325650,-0.761055,-1.564597
smids/Normal_Sperm/Normal_Sperm (87).bmp,test,0,1.636793,0.586727,-2.223522
smids/Normal_Sperm/Normal_Sperm (885).bmp,test,0,1.916819,1.326877,-3.243698
smids/Normal_Sperm/Normal_Sperm (891).bmp,test,0,3.300863,0.964223,-4.265086
smids/Normal_Sperm/Normal_Sperm (895).bmp,test,0,2.317759,1.257970,-3.575730
smids/Normal_Sperm/Normal_Sperm (896).bmp,test,0,2.393680,0.225746,-2.619427
smids/Normal_Sperm/Normal_Sperm (897).bmp,test,0,0.413360,1.885926,-2.299287
smids/Normal_Sperm/Normal_Sperm (900).bmp,test,0,2.880465,-0.890648,-1.989818
smids/Normal_Sperm/Normal_Sperm (904).bmp,test,0,4.687484,1.404931,-6.092414
smids/Normal_Sperm/Normal_Sperm (907).bmp,test,0,0.112519,3.422517,-3.535036
smids/Normal_Sperm/Normal_Sperm (909).bmp,test,0,3.394969,2.155941,-5.550912
smids/Normal_Sperm/Normal_Sperm (916).bmp,test,0,0.334671,2.956817,-3.291488
smids/Normal_Sperm/Normal_Sperm (922).bmp,test,0,3.051806,0.401378,-3.453184
smids/Normal_Sperm/Normal_Sperm (923).bmp,test,0,2.113394,2.266893,-4.380287
smids/Normal_Sperm/Normal_Sperm (926).bmp,test,0,2.756035,1.843271,-4.599307
smids/Normal_Sperm/Normal_Sperm (929).bmp,test,0,2.618268,0.910839,-3.529109
smids/Normal_Sperm/Normal_Sperm (93).bmp,test,0,2.400812,-0.703469,-1.697345
smids/Normal_Sperm/Normal_Sperm (932).bmp,test,0,2.496887,1.744545,-4.241434
smids/Normal_Sperm/Normal_Sperm (942).bmp,test,0,2.813823,1.528622,-4.342445
smids/Normal_Sperm/Normal_Sperm (957).bmp,test,0,1.382644,0.409075,-1.791720
smids/Normal_Sperm/Normal_Sperm (962).bmp,test,0,-0.862167,-0.276915,1.139081
smids/Normal_Sperm/Normal_Sperm (964).bmp,test,0,3.165711,1.088693,-4.254405
smids/Normal_Sperm/Normal_Sperm (965).bmp,test,0,1.750844,1.489862,-3.240708
smids/Normal_Sperm/Normal_Sperm (969).bmp,test,0,-0.358772,0.852150,-0.493378
smids/Normal_Sperm/Normal_Sperm (986).bmp,test,0,0.250998,-0.076105,-0.174892
smids/Normal_Sperm/Normal_Sperm (989).bmp,test,0,0.951972,-0.518202,-0.433770
smids/Normal_Sperm/Normal_Sperm (992).bmp,test,0,2.729474,-1.796807,-0.932669
smids/Normal_Sperm/Normal_Sperm (995).bmp,test,0,1.486099,0.152763,-1.638864
