image_id,role,label_idx,logit_0,logit_1,logit_2
smids/Abnormal_Sperm/Abnormal_Sperm (100).bmp,val,1,3.008734,2.845344,-5.986344
smids/Abnormal_Sperm/Abnormal_Sperm (110).bmp,val,1,-3.208608,2.114659,1.456791
smids/Abnormal_Sperm/Abnormal_Sperm (12).bmp,val,1,2.569689,3.767320,-6.491016
smids/Abnormal_Sperm/Abnormal_Sperm (121).bmp,val,1,0.666061,4.392514,-4.632405
smids/Abnormal_Sperm/Abnormal_Sperm (131).bmp,val,1,-0.489076,2.058069,-1.598106
smids/Abnormal_Sperm/Abnormal_Sperm (146).bmp,val,1,-0.743870,2.407724,-1.434520
smids/Abnormal_Sperm/Abnormal_Sperm (155).bmp,val,1,0.092564,3.939373,-3.404608
smids/Abnormal_Sperm/Abnormal_Sperm (158).bmp,val,1,-2.300966,4.579156,-2.034242
smids/Abnormal_Sperm/Abnormal_Sperm (160).bmp,val,1,-2.270401,4.548851,-1.928776
smids/Abnormal_Sperm/Abnormal_Sperm (177).bmp,val,1,-1.938606,2.562131,-0.262606
smids/Abnormal_Sperm/Abnormal_Sperm (179).bmp,val,1,1.913969,3.187831,-4.995398
smids/Abnormal_Sperm/Abnormal_Sperm (182).bmp,val,1,0.037797,4.444076,-4.290237
smids/Abnormal_Sperm/Abnormal_Sperm (187).bmp,val,1,2.299305,2.892827,-5.029988
smids/Abnormal_Sperm/Abnormal_Sperm (198).bmp,val,1,-0.637460,4.412106,-3.550331
smids/Abnormal_Sperm/Abnormal_Sperm (205).bmp,val,1,-1.461879,3.206567,-1.628338
smids/Abnormal_Sperm/Abnormal_Sperm (213).bmp,val,1,1.066386,3.460269,-4.455709
smids/Abnormal_Sperm/Abnormal_Sperm (217).bmp,val,1,0.380637,3.619434,-3.395083
smids/Abnormal_Sperm/Abnormal_Sperm (262).bmp,val,1,-0.201138,3.268216,-2.968510
smids/Abnormal_Sperm/Abnormal_Sperm (277).bmp,val,1,-0.689198,3.398285,-2.703314
smids/Abnormal_Sperm/Abnormal_Sperm (28).bmp,val,1,-1.710642,0.699331,1.180814
smids/Abnormal_Sperm/Abnormal_Sperm (282).bmp,val,1,-1.191046,2.903727,-1.688452
smids/Abnormal_Sperm/Abnormal_Sperm (287).bmp,val,1,-1.526456,4.046096,-1.689446
smids/Abnormal_Sperm/Abnormal_Sperm (296).bmp,val,1,-0.073294,3.275358,-2.968267
smids/Abnormal_Sperm/Abnormal_Sperm (301).bmp,val,1,0.642241,3.231985,-3.875156
smids/Abnormal_Sperm/Abnormal_Sperm (307).bmp,val,1,-2.549838,3.154476,-0.633610
smids/Abnormal_Sperm/Abnormal_Sperm (326).bmp,val,1,-1.400093,4.346425,-3.392094
smids/Abnormal_Sperm/Abnormal_Sperm (33).bmp,val,1,2.057003,1.145855,-3.242792
smids/Abnormal_Sperm/Abnormal_Sperm (331).bmp,val,1,-0.773122,5.011417,-3.382415
smids/Abnormal_Sperm/Abnormal_Sperm (345).bmp,val,1,1.500417,2.536430,-3.649794
smids/Abnormal_Sperm/Abnormal_Sperm (349).bmp,val,1,-1.928352,4.254492,-2.139556
smids/Abnormal_Sperm/Abnormal_Sperm (35).bmp,val,1,2.438272,3.554230,-5.598094
smids/Abnormal_Sperm/Abnormal_Sperm (355).bmp,val,1,1.834686,2.959538,-3.854389
smids/Abnormal_Sperm/Abnormal_Sperm (359).bmp,val,1,-1.249864,3.902139,-1.978089
smids/Abnormal_Sperm/Abnormal_Sperm (364).bmp,val,1,-3.001140,4.059525,-0.203707
smids/Abnormal_Sperm/Abnormal_Sperm (367).bmp,val,1,3.565567,4.118833,-8.270978
smids/Abnormal_Sperm/Abnormal_Sperm (386).bmp,val,1,-3.811246,1.022027,3.262161
smids/Abnormal_Sperm/Abnormal_Sperm (4).bmp,val,1,0.142724,-0.628016,0.569211
smids/Abnormal_Sperm/Abnormal_Sperm (412).bmp,val,1,-0.442987,1.940204,-1.233286
smids/Abnormal_Sperm/Abnormal_Sperm (418).bmp,val,1,-2.449440,3.471746,-0.957088
smids/Abnormal_Sperm/Abnormal_Sperm (42).bmp,val,1,4.461763,1.298248,-5.677176
smids/Abnormal_Sperm/Abnormal_Sperm (423).bmp,val,1,-0.981879,3.676678,-2.010083
smids/Abnormal_Sperm/Abnormal_Sperm (432).bmp,val,1,-2.579470,3.714068,-0.910383
smids/Abnormal_Sperm/Abnormal_Sperm (440).bmp,val,1,1.193838,3.975703,-4.391495
smids/Abnormal_Sperm/Abnormal_Sperm (441).bmp,val,1,-1.512617,4.056857,-2.036669
smids/Abnormal_Sperm/Abnormal_Sperm (444).bmp,val,1,0.943980,3.839402,-4.520153
smids/Abnormal_Sperm/Abnormal_Sperm (445).bmp,val,1,-0.008748,4.140561,-3.625879
smids/Abnormal_Sperm/Abnormal_Sperm (459).bmp,val,1,1.262490,4.140634,-5.598145
smids/Abnormal_Sperm/Abnormal_Sperm (465).bmp,val,1,-2.253273,2.956425,-0.395422
smids/Abnormal_Sperm/Abnormal_Sperm (469).bmp,val,1,-1.871981,2.510495,-0.491283
smids/Abnormal_Sperm/Abnormal_Sperm (473).bmp,val,1,1.358353,3.944705,-5.633201
smids/Abnormal_Sperm/Abnormal_Sperm (48).bmp,val,1,-2.657430,2.291068,0.640580
smids/Abnormal_Sperm/Abnormal_Sperm (493).bmp,val,1,0.415986,1.650367,-2.434150
smids/Abnormal_Sperm/Abnormal_Sperm (500).bmp,val,1,0.671563,-1.895240,1.689806
smids/Abnormal_Sperm/Abnormal_Sperm (501).bmp,val,1,-1.872448,-2.633156,4.533037
smids/Abnormal_Sperm/Abnormal_Sperm (505).bmp,val,1,-3.429432,2.448481,0.927622
smids/Abnormal_Sperm/Abnormal_Sperm (515).bmp,val,1,0.272518,1.468195,-1.231192
smids/Abnormal_Sperm/Abnormal_Sperm (526).bmp,val,1,-0.852403,1.788327,-0.842655
smids/Abnormal_Sperm/Abnormal_Sperm (539).bmp,val,1,-0.960930,1.302410,-0.399225
smids/Abnormal_Sperm/Abnormal_Sperm (545).bmp,val,1,-0.534849,1.891368,-1.302558
smids/Abnormal_Sperm/Abnormal_Sperm (549).bmp,val,1,0.946580,0.776854,-2.015788
smids/Abnormal_Sperm/Abnormal_Sperm (56).bmp,val,1,-3.244182,3.299942,0.552617
smids/Abnormal_Sperm/Abnormal_Sperm (567).bmp,val,1,1.740887,2.427449,-4.093063
smids/Abnormal_Sperm/Abnormal_Sperm (612).bmp,val,1,2.120551,2.225955,-4.145715
smids/Abnormal_Sperm/Abnormal_Sperm (615).bmp,val,1,-0.270757,2.864479,-1.719968
smids/Abnormal_Sperm/Abnormal_Sperm (616).bmp,val,1,2.186238,3.068997,-5.079185
smids/Abnormal_Sperm/Abnormal_Sperm (618).bmp,val,1,-0.461243,2.944898,-2.035788
smids/Abnormal_Sperm/Abnormal_Sperm (628).bmp,val,1,0.397038,2.290453,-2.548866
smids/Abnormal_Sperm/Abnormal_Sperm (632).bmp,val,1,0.178315,2.522288,-2.640561
smids/Abnormal_Sperm/Abnormal_Sperm (638).bmp,val,1,1.949830,0.710464,-2.835324
smids/Abnormal_Sperm/Abnormal_Sperm (642).bmp,val,1,1.336960,1.995743,-3.299104
smids/Abnormal_Sperm/Abnormal_Sperm (643).bmp,val,1,1.702177,3.861506,-5.541721
smids/Abnormal_Sperm/Abnormal_Sperm (644).bmp,val,1,-0.082140,4.761615,-4.100275
smids/Abnormal_Sperm/Abnormal_Sperm (656).bmp,val,1,0.624804,4.321163,-4.475176
smids/Abnormal_Sperm/Abnormal_Sperm (667).bmp,val,1,1.838884,3.609796,-5.459700
smids/Abnormal_Sperm/Abnormal_Sperm (690).bmp,val,1,0.296534,4.030769,-4.515663
smids/Abnormal_Sperm/Abnormal_Sperm (694).bmp,val,1,-1.446641,2.580667,-0.576427
smids/Abnormal_Sperm/Abnormal_Sperm (696).bmp,val,1,2.119312,1.434670,-3.686064
smids/Abnormal_Sperm/Abnormal_Sperm (70).bmp,val,1,-0.800949,2.867020,-1.433624
smids/Abnormal_Sperm/Abnormal_Sperm (707).bmp,val,1,0.394481,3.863754,-3.769249
smids/Abnormal_Sperm/Abnormal_Sperm (708).bmp,val,1,3.221416,2.989786,-6.192627
smids/Abnormal_Sperm/Abnormal_Sperm (716).bmp,val,1,0.086076,3.976428,-3.835936
smids/Abnormal_Sperm/Abnormal_Sperm (718).bmp,val,1,-0.931446,2.081181,-1.389626
smids/Abnormal_Sperm/Abnormal_Sperm (738).bmp,val,1,-0.922328,4.624356,-3.742271
smids/Abnormal_Sperm/Abnormal_Sperm (747).bmp,val,1,2.410762,1.331959,-3.771443
smids/Abnormal_Sperm/Abnormal_Sperm (755).bmp,val,1,4.253091,2.447905,-6.388233
smids/Abnormal_Sperm/Abnormal_Sperm (759).bmp,val,1,0.111269,2.554831,-2.419451
smids/Abnormal_Sperm/Abnormal_Sperm (76).bmp,val,1,0.111880,0.581457,-0.141382
smids/Abnormal_Sperm/Abnormal_Sperm (763).bmp,val,1,3.417466,2.325968,-5.352278
smids/Abnormal_Sperm/Abnormal_Sperm (776).bmp,val,1,-0.369346,4.223781,-3.668008
smids/Abnormal_Sperm/Abnormal_Sperm (785).bmp,val,1,3.494826,2.252557,-5.645544
smids/Abnormal_Sperm/Abnormal_Sperm (792).bmp,val,1,-0.565129,3.483874,-2.733670
smids/Abnormal_Sperm/Abnormal_Sperm (803).bmp,val,1,1.629965,1.981282,-3.167645
smids/Abnormal_Sperm/Abnormal_Sperm (804).bmp,val,1,1.513765,3.745492,-4.938091
smids/Abnormal_Sperm/Abnormal_Sperm (830).bmp,val,1,1.459190,1.279711,-2.620775
smids/Abnormal_Sperm/Abnormal_Sperm (837).bmp,val,1,5.193569,0.317648,-5.541971
smids/Abnormal_Sperm/Abnormal_Sperm (840).bmp,val,1,-0.517438,4.082181,-3.720582
smids/Abnormal_Sperm/Abnormal_Sperm (847).bmp,val,1,3.259297,4.388299,-7.419200
smids/Abnormal_Sperm/Abnormal_Sperm (884).bmp,val,1,1.236708,2.095248,-2.808085
smids/Abnormal_Sperm/Abnormal_Sperm (896).bmp,val,1,0.947095,-0.030561,-1.115958
smids/Abnormal_Sperm/Abnormal_Sperm (899).bmp,val,1,2.040181,1.849346,-3.492538
smids/Abnormal_Sperm/Abnormal_Sperm (904).bmp,val,1,3.246393,-0.482772,-2.546275
smids/Abnormal_Sperm/Abnormal_Sperm (919).bmp,val,1,0.117176,-0.556368,0.267291
smids/Abnormal_Sperm/Abnormal_Sperm (927).bmp,val,1,1.637388,2.988669,-4.839694
smids/Abnormal_Sperm/Abnormal_Sperm (941).bmp,val,1,0.166098,3.405413,-3.076861
smids/Abnormal_Sperm/Abnormal_Sperm (945).bmp,val,1,-0.308015,3.525075,-2.989910
smids/Abnormal_Sperm/Abnormal_Sperm (947).bmp,val,1,1.868453,3.016165,-4.747676
smids/Abnormal_Sperm/Abnormal_Sperm (948).bmp,val,1,3.122988,-0.052005,-2.850468
smids/Abnormal_Sperm/Abnormal_Sperm (951).bmp,val,1,1.520606,1.878342,-3.732197
smids/Abnormal_Sperm/Abnormal_Sperm (962).bmp,val,1,-3.825993,3.141874,1.105464
smids/Abnormal_Sperm/Abnormal_Sperm (969).bmp,val,1,-1.316712,3.386964,-1.958361
smids/Abnormal_Sperm/Abnormal_Sperm (97).bmp,val,1,-0.092143,3.311161,-3.589936
smids/Abnormal_Sperm/Abnormal_Sperm (970).bmp,val,1,-1.399910,3.200355,-1.428239
smids/Abnormal_Sperm/Abnormal_Sperm (979).bmp,val,1,0.780622,5.468117,-5.429244
smids/Abnormal_Sperm/Abnormal_Sperm (980).bmp,val,1,-1.625323,4.013471,-1.835390
smids/Abnormal_Sperm/Abnormal_Sperm (984).bmp,val,1,0.517335,4.186470,-4.457643
smids/Abnormal_Sperm/Abnormal_Sperm (987).bmp,val,1,3.406254,2.661724,-6.001605
smids/Abnormal_Sperm/Abnormal_Sperm (989).bmp,val,1,-1.116580,2.890403,-0.916825
smids/Non-Sperm/Non-Sperm (101).bmp,val,2,-3.446319,-3.708212,7.325810
smids/Non-Sperm/Non-Sperm (107).bmp,val,2,-5.311749,-3.683759,9.009160
smids/Non-Sperm/Non-Sperm (110).bmp,val,2,-4.833426,-1.348107,5.926810
smids/Non-Sperm/Non-Sperm (111).bmp,val,2,-5.839064,-2.318543,8.376000
smids/Non-Sperm/Non-Sperm (119).bmp,val,2,-5.626936,-3.794933,8.609027
smids/Non-Sperm/Non-Sperm (121).bmp,val,2,-6.595421,-4.867097,10.408161
smids/Non-Sperm/Non-Sperm (122).bmp,val,2,-4.456648,-6.279438,9.872647
smids/Non-Sperm/Non-Sperm (127).bmp,val,2,-3.963441,-2.092509,6.318091
smids/Non-Sperm/Non-Sperm (134).bmp,val,2,-5.040936,-3.200823,8.306221
smids/Non-Sperm/Non-Sperm (139).bmp,val,2,-4.812344,-0.226209,4.754061
smids/Non-Sperm/Non-Sperm (15).bmp,val,2,-2.120588,-1.309191,4.003435
smids/Non-Sperm/Non-Sperm (151).bmp,val,2,-2.994045,-2.715371,5.029180
smids/Non-Sperm/Non-Sperm (155).bmp,val,2,-3.547873,-5.914231,8.999370
smids/Non-Sperm/Non-Sperm (159).bmp,val,2,-2.878633,-4.342571,7.299726
smids/Non-Sperm/Non-Sperm (165).bmp,val,2,-4.423312,-3.572394,7.827932
smids/Non-Sperm/Non-Sperm (170).bmp,val,2,-3.697613,-3.751491,7.748142
smids/Non-Sperm/Non-Sperm (178).bmp,val,2,-5.544146,-3.745378,8.451277
smids/Non-Sperm/Non-Sperm (201).bmp,val,2,-4.133728,-3.652153,8.113398
smids/Non-Sperm/Non-Sperm (202).bmp,val,2,-4.255114,-4.286353,8.198518
smids/Non-Sperm/Non-Sperm (204).bmp,val,2,-3.438206,-2.186456,5.595233
smids/Non-Sperm/Non-Sperm (206).bmp,val,2,-4.211286,-4.649391,8.103568
smids/Non-Sperm/Non-Sperm (219).bmp,val,2,-1.686533,-2.709986,5.055798
smids/Non-Sperm/Non-Sperm (221).bmp,val,2,-5.190210,-2.172245,7.105343
smids/Non-Sperm/Non-Sperm (227).bmp,val,2,-5.787981,-1.669772,7.121582
smids/Non-Sperm/Non-Sperm (229).bmp,val,2,-4.627188,-1.852776,6.432368
smids/Non-Sperm/Non-Sperm (23).bmp,val,2,0.064326,-0.218056,0.439893
smids/Non-Sperm/Non-Sperm (230).bmp,val,2,-3.902268,-2.757427,6.779366
smids/Non-Sperm/Non-Sperm (25).bmp,val,2,2.188339,-1.411091,-0.332050
smids/Non-Sperm/Non-Sperm (251).bmp,val,2,-3.960226,-4.429816,8.247623
smids/Non-Sperm/Non-Sperm (268).bmp,val,2,-2.937428,-4.678588,7.422496
smids/Non-Sperm/Non-Sperm (277).bmp,val,2,-3.798440,-2.928965,6.898477
smids/Non-Sperm/Non-Sperm (279).bmp,val,2,-4.395117,-4.243390,8.273024
smids/Non-Sperm/Non-Sperm (284).bmp,val,2,-2.615859,-2.090733,4.820028
smids/Non-Sperm/Non-Sperm (287).bmp,val,2,-2.395726,-1.714703,3.937365
smids/Non-Sperm/Non-Sperm (289).bmp,val,2,-6.262310,-5.736792,10.878349
smids/Non-Sperm/Non-Sperm (292).bmp,val,2,-4.948329,-4.203925,8.734792
smids/Non-Sperm/Non-Sperm (293).bmp,val,2,-4.990723,-4.592580,8.551076
smids/Non-Sperm/Non-Sperm (297).bmp,val,2,-5.064485,-3.961641,7.998220
smids/Non-Sperm/Non-Sperm (303).bmp,val,2,-4.255110,-4.911039,8.690330
smids/Non-Sperm/Non-Sperm (308).bmp,val,2,-5.173591,-5.089836,9.433875
smids/Non-Sperm/Non-Sperm (333).bmp,val,2,-0.432743,-2.993926,3.206505
smids/Non-Sperm/Non-Sperm (372).bmp,val,2,-3.808850,-5.015883,7.551853
smids/Non-Sperm/Non-Sperm (375).bmp,val,2,-2.194613,-1.387433,4.081645
smids/Non-Sperm/Non-Sperm (378).bmp,val,2,-0.405104,-3.264371,3.585875
smids/Non-Sperm/Non-Sperm (379).bmp,val,2,-6.118164,-2.564627,8.292867
smids/Non-Sperm/Non-Sperm (383).bmp,val,2,-4.817130,-0.241019,5.234129
smids/Non-Sperm/Non-Sperm (388).bmp,val,2,-3.367506,-3.734800,7.068618
smids/Non-Sperm/Non-Sperm (395).bmp,val,2,-1.945328,-0.541717,2.093613
smids/Non-Sperm/Non-Sperm (402).bmp,val,2,-3.743691,-1.568027,5.278687
smids/Non-Sperm/Non-Sperm (407).bmp,val,2,-2.041157,-3.404050,5.239613
smids/Non-Sperm/Non-Sperm (410).bmp,val,2,-5.215246,-1.308298,6.435879
smids/Non-Sperm/Non-Sperm (421).bmp,val,2,-3.569111,-4.100825,7.469178
smids/Non-Sperm/Non-Sperm (428).bmp,val,2,-5.552204,-4.268709,9.103278
smids/Non-Sperm/Non-Sperm (433).bmp,val,2,-5.103496,-4.011853,9.032268
smids/Non-Sperm/Non-Sperm (437).bmp,val,2,-3.896765,-2.245074,6.230540
smids/Non-Sperm/Non-Sperm (459).bmp,val,2,-4.761571,-2.679196,7.246272
smids/Non-Sperm/Non-Sperm (48).bmp,val,2,-4.209486,1.446035,2.956418
smids/Non-Sperm/Non-Sperm (487).bmp,val,2,-6.109427,-3.785274,9.601252
smids/Non-Sperm/Non-Sperm (51).bmp,val,2,-4.661969,-1.498990,6.108090
smids/Non-Sperm/Non-Sperm (52).bmp,val,2,-3.345714,-1.172839,4.946310
smids/Non-Sperm/Non-Sperm (522).bmp,val,2,-0.217515,-1.207844,1.277956
smids/Non-Sperm/Non-Sperm (523).bmp,val,2,-3.232008,-3.679280,6.357846
smids/Non-Sperm/Non-Sperm (525).bmp,val,2,-3.647345,-4.368042,7.290917
smids/Non-Sperm/Non-Sperm (53).bmp,val,2,-4.608953,1.828975,2.983352
smids/Non-Sperm/Non-Sperm (542).bmp,val,2,-3.460107,0.311905,3.522722
smids/Non-Sperm/Non-Sperm (545).bmp,val,2,-3.469487,-3.040046,6.886457
smids/Non-Sperm/Non-Sperm (555).bmp,val,2,-2.964538,-3.813034,6.263101
smids/Non-Sperm/Non-Sperm (569).bmp,val,2,-4.501190,-1.890095,6.315155
smids/Non-Sperm/Non-Sperm (573).bmp,val,2,-2.357159,-2.209452,4.563044
smids/Non-Sperm/Non-Sperm (574).bmp,val,2,-2.674048,-2.078140,4.187288
smids/Non-Sperm/Non-Sperm (588).bmp,val,2,-1.889822,-2.751829,3.960450
smids/Non-Sperm/Non-Sperm (593).bmp,val,2,-2.616538,-3.779313,5.759204
smids/Non-Sperm/Non-Sperm (607).bmp,val,2,-2.896548,-1.507040,3.586076
smids/Non-Sperm/Non-Sperm (626).bmp,val,2,-3.948168,-6.575700,9.985057
smids/Non-Sperm/Non-Sperm (635).bmp,val,2,-3.524707,-3.170126,6.772560
smids/Non-Sperm/Non-Sperm (639).bmp,val,2,-4.618006,-3.248478,7.563555
smids/Non-Sperm/Non-Sperm (652).bmp,val,2,-5.340171,-6.252060,10.390470
smids/Non-Sperm/Non-Sperm (657).bmp,val,2,-5.401437,-2.302824,7.923774
smids/Non-Sperm/Non-Sperm (679).bmp,val,2,-2.704737,-3.093625,5.240323
smids/Non-Sperm/Non-Sperm (683).bmp,val,2,-4.319067,-2.761267,7.344637
smids/Non-Sperm/Non-Sperm (695).bmp,val,2,-2.202847,0.574689,2.263066
smids/Non-Sperm/Non-Sperm (698).bmp,val,2,-2.668117,-4.032153,7.046801
smids/Non-Sperm/Non-Sperm (7).bmp,val,2,-2.989944,1.866109,0.877220
smids/Non-Sperm/Non-Sperm (707).bmp,val,2,-3.673970,-5.957478,8.949313
smids/Non-Sperm/Non-Sperm (709).bmp,val,2,-1.808237,-1.794314,3.289255
smids/Non-Sperm/Non-Sperm (715).bmp,val,2,-4.945032,-4.265826,8.708911
smids/Non-Sperm/Non-Sperm (722).bmp,val,2,-3.524226,-3.070318,5.707824
smids/Non-Sperm/Non-Sperm (733).bmp,val,2,-3.449265,-1.886392,5.314723
smids/Non-Sperm/Non-Sperm (745).bmp,val,2,-4.708991,-4.593280,8.593493
smids/Non-Sperm/Non-Sperm (75).bmp,val,2,-1.625427,-0.048515,1.374547
smids/Non-Sperm/Non-Sperm (754).bmp,val,2,-5.466720,-4.535424,9.573829
smids/Non-Sperm/Non-Sperm (762).bmp,val,2,-4.217833,-2.773447,6.989409
smids/Non-Sperm/Non-Sperm (779).bmp,val,2,-3.838092,-1.126400,4.751693
smids/Non-Sperm/Non-Sperm (783).bmp,val,2,-4.157448,-5.230778,8.904122
smids/Non-Sperm/Non-Sperm (786).bmp,val,2,-1.319114,-4.399036,5.044638
smids/Non-Sperm/Non-Sperm (796).bmp,val,2,-0.391478,-3.191918,3.617956
smids/Non-Sperm/Non-Sperm (798).bmp,val,2,-2.400947,-4.541718,7.364791
smids/Non-Sperm/Non-Sperm (801).bmp,val,2,-4.441852,-4.264907,8.111691
smids/Non-Sperm/Non-Sperm (809).bmp,val,2,-1.773038,-2.941774,4.894155
smids/Non-Sperm/Non-Sperm (820).bmp,val,2,-2.646706,-0.932702,3.899175
smids/Non-Sperm/Non-Sperm (83).bmp,val,2,-3.370080,-2.762782,6.022762
smids/Non-Sperm/Non-Sperm (833).bmp,val,2,-2.333141,-2.679390,4.813584
smids/Non-Sperm/Non-Sperm (841).bmp,val,2,0.311347,-2.589285,1.748800
smids/Non-Sperm/Non-Sperm (865).bmp,val,2,-2.116472,-0.236257,2.430621
smids/Non-Sperm/Non-Sperm (874).bmp,val,2,-3.894551,-1.556096,5.831087
smids/Non-Sperm/Non-Sperm (891).bmp,val,2,-0.448100,-0.521067,1.327368
smids/Non-Sperm/Non-Sperm (896).bmp,val,2,-2.808119,-0.142116,3.530649
smids/Non-Sperm/Non-Sperm (898).bmp,val,2,-0.775781,-0.630866,1.824224
smids/Non-Sperm/Non-Sperm (909).bmp,val,2,-1.568725,-0.518036,2.565156
smids/Non-Sperm/Non-Sperm (956).bmp,val,2,-3.366736,-4.526627,7.646543
smids/Non-Sperm/Non-Sperm (958).bmp,val,2,-3.329136,-3.490410,6.521896
smids/Non-Sperm/Non-Sperm (959).bmp,val,2,-1.524057,0.184676,1.442915
smids/Non-Sperm/Non-Sperm (960).bmp,val,2,-2.033773,0.315685,2.323383
smids/Non-Sperm/Non-Sperm (968).bmp,val,2,-3.091333,-3.243669,6.202706
smids/Non-Sperm/Non-Sperm (969).bmp,val,2,-0.480796,1.454643,-0.269345
smids/Non-Sperm/Non-Sperm (97).bmp,val,2,-2.831811,-3.903139,6.622841
smids/Non-Sperm/Non-Sperm (99).bmp,val,2,-3.506083,-3.648717,6.590838
smids/Normal_Sperm/Normal_Sperm (1).bmp,val,0,5.934332,-0.162891,-5.878495
smids/Normal_Sperm/Normal_Sperm (1004).bmp,val,0,1.734392,-1.813676,-0.210491
smids/Normal_Sperm/Normal_Sperm (1011).bmp,val,0,5.454958,-0.531665,-4.668400
smids/Normal_Sperm/Normal_Sperm (1016).bmp,val,0,4.346705,-0.099574,-3.895442
smids/Normal_Sperm/Normal_Sperm (1019).bmp,val,0,5.535776,0.684250,-5.867427
smids/Normal_Sperm/Normal_Sperm (1020).bmp,val,0,-1.304220,0.696467,0.362616
smids/Normal_Sperm/Normal_Sperm (115).bmp,val,0,3.008191,0.509043,-3.715447
smids/Normal_Sperm/Normal_Sperm (131).bmp,val,0,2.468333,-0.128715,-2.680587
smids/Normal_Sperm/Normal_Sperm (140).bmp,val,0,4.454124,0.555952,-5.093555
smids/Normal_Sperm/Normal_Sperm (147).bmp,val,0,3.166933,2.051722,-5.331242
smids/Normal_Sperm/Normal_Sperm (159).bmp,val,0,4.261764,0.926541,-5.533453
smids/Normal_Sperm/Normal_Sperm (169).bmp,val,0,4.732975,0.036012,-4.801256
smids/Normal_Sperm/Normal_Sperm (170).bmp,val,0,2.531038,-0.530776,-1.879113
smids/Normal_Sperm/Normal_Sperm (171).bmp,val,0,3.298115,-0.343618,-2.651171
smids/Normal_Sperm/Normal_Sperm (178).bmp,val,0,1.780062,-1.799868,-0.438285
smids/Normal_Sperm/Normal_Sperm (185).bmp,val,0,3.586498,2.219529,-6.096497
smids/Normal_Sperm/Normal_Sperm (194).bmp,val,0,3.396246,1.080799,-4.463552
smids/Normal_Sperm/Normal_Sperm (200).bmp,val,0,1.992673,3.752128,-6.024648
smids/Normal_Sperm/Normal_Sperm (223).bmp,val,0,2.494949,0.223174,-2.299420
smids/Normal_Sperm/Normal_Sperm (231).bmp,val,0,3.203511,2.198421,-4.982210
smids/Normal_Sperm/Normal_Sperm (233).bmp,val,0,4.521276,1.584635,-6.614930
smids/Normal_Sperm/Normal_Sperm (254).bmp,val,0,3.261125,-1.277704,-2.183602
smids/Normal_Sperm/Normal_Sperm (267).bmp,val,0,2.870759,0.549076,-3.322819
smids/Normal_Sperm/Normal_Sperm (273).bmp,val,0,4.900716,0.309012,-5.482336
smids/Normal_Sperm/Normal_Sperm (283).bmp,val,0,6.156666,0.625355,-7.370156
smids/Normal_Sperm/Normal_Sperm (3).bmp,val,0,2.013536,1.946582,-3.596142
smids/Normal_Sperm/Normal_Sperm (302).bmp,val,0,3.839011,3.135236,-6.805161
smids/Normal_Sperm/Normal_Sperm (309).bmp,val,0,2.979557,2.321663,-5.039718
smids/Normal_Sperm/Normal_Sperm (315).bmp,val,0,2.326822,1.246176,-3.646698
smids/Normal_Sperm/Normal_Sperm (317).bmp,val,0,1.853051,0.225406,-2.217119
smids/Normal_Sperm/Normal_Sperm (326).bmp,val,0,1.714216,1.418768,-2.880906
smids/Normal_Sperm/Normal_Sperm (328).bmp,val,0,3.909479,1.271776,-5.233888
smids/Normal_Sperm/Normal_Sperm (345).bmp,val,0,4.984832,-0.829416,-4.452701
smids/Normal_Sperm/Normal_Sperm (354).bmp,val,0,3.101985,0.993079,-3.892991
smids/Normal_Sperm/Normal_Sperm (357).bmp,val,0,6.542586,-0.451405,-6.484282
smids/Normal_Sperm/Normal_Sperm (372).bmp,val,0,3.196062,0.606681,-3.673276
smids/Normal_Sperm/Normal_Sperm (375).bmp,val,0,3.489815,-0.757197,-2.728694
smids/Normal_Sperm/Normal_Sperm (378).bmp,val,0,3.966496,0.635380,-4.415556
smids/Normal_Sperm/Normal_Sperm (384).bmp,val,0,3.150543,2.455661,-5.944553
smids/Normal_Sperm/Normal_Sperm (389).bmp,val,0,4.467765,0.237343,-4.859956
smids/Normal_Sperm/Normal_Sperm (41).bmp,val,0,2.386585,-2.928005,-0.165284
smids/Normal_Sperm/Normal_Sperm (410).bmp,val,0,5.784741,0.917527,-6.614769
smids/Normal_Sperm/Normal_Sperm (416).bmp,val,0,4.270290,1.562294,-5.919287
smids/Normal_Sperm/Normal_Sperm (432).bmp,val,0,4.593649,0.342098,-5.258783
smids/Normal_Sperm/Normal_Sperm (444).bmp,val,0,3.152477,-0.067206,-2.928054
smids/Normal_Sperm/Normal_Sperm (449).bmp,val,0,5.175640,-1.124672,-3.842590
smids/Normal_Sperm/Normal_Sperm (451).bmp,val,0,2.540654,-1.133386,-1.729894
smids/Normal_Sperm/Normal_Sperm (456).bmp,val,0,3.787981,1.095317,-4.449337
smids/Normal_Sperm/Normal_Sperm (460).bmp,val,0,0.767084,1.328860,-2.089347
smids/Normal_Sperm/Normal_Sperm (480).bmp,val,0,5.160131,0.924957,-6.286565
smids/Normal_Sperm/Normal_Sperm (488).bmp,val,0,1.682820,-0.568322,-1.162936
smids/Normal_Sperm/Normal_Sperm (49).bmp,val,0,0.739641,2.850775,-3.651604
smids/Normal_Sperm/Normal_Sperm (490).bmp,val,0,6.674791,1.106518,-8.218369
smids/Normal_Sperm/Normal_Sperm (492).bmp,val,0,4.803437,0.522124,-5.819196
smids/Normal_Sperm/Normal_Sperm (5).bmp,val,0,6.801084,-1.098105,-5.752750
smids/Normal_Sperm/Normal_Sperm (52).bmp,val,0,3.112861,0.750429,-4.314013
smids/Normal_Sperm/Normal_Sperm (522).bmp,val,0,4.240153,-0.476815,-3.984484
smids/Normal_Sperm/Normal_Sperm (525).bmp,val,0,4.715475,1.079818,-6.016210
smids/Normal_Sperm/Normal_Sperm (526).bmp,val,0,4.848798,2.276751,-7.267315
smids/Normal_Sperm/Normal_Sperm (527).bmp,val,0,4.107738,2.860776,-7.106023
smids/Normal_Sperm/Normal_Sperm (530).bmp,val,0,5.241902,0.248192,-5.854482
smids/Normal_Sperm/Normal_Sperm (56).bmp,val,0,5.586981,0.783748,-6.421790
smids/Normal_Sperm/Normal_Sperm (561).bmp,val,0,-0.047805,-0.018568,0.061691
smids/Normal_Sperm/Normal_Sperm (565).bmp,val,0,3.577659,1.345291,-4.868555
smids/Normal_Sperm/Normal_Sperm (566).bmp,val,0,5.441529,0.130354,-5.803872
smids/Normal_Sperm/Normal_Sperm (567).bmp,val,0,4.800811,0.904260,-5.597886
smids/Normal_Sperm/Normal_Sperm (569).bmp,val,0,6.645128,-0.475243,-6.326406
smids/Normal_Sperm/Normal_Sperm (57).bmp,val,0,5.864785,0.058960,-6.345899
smids/Normal_Sperm/Normal_Sperm (570).bmp,val,0,5.946454,0.862514,-6.619426
smids/Normal_Sperm/Normal_Sperm (572).bmp,val,0,5.656765,1.848249,-7.892458
smids/Normal_Sperm/Normal_Sperm (589).bmp,val,0,4.415026,0.357414,-5.205552
smids/Normal_Sperm/Normal_Sperm (59).bmp,val,0,2.282011,0.496405,-2.454597
smids/Normal_Sperm/Normal_Sperm (609).bmp,val,0,4.464448,0.144149,-4.383612
smids/Normal_Sperm/Normal_Sperm (612).bmp,val,0,4.255559,0.316490,-4.666646
smids/Normal_Sperm/Normal_Sperm (624).bmp,val,0,2.639761,0.781031,-3.745365
smids/Normal_Sperm/Normal_Sperm (63).bmp,val,0,3.900614,1.954645,-6.092001
smids/Normal_Sperm/Normal_Sperm (646).bmp,val,0,5.510726,1.852301,-7.581340
smids/Normal_Sperm/Normal_Sperm (648).bmp,val,0,4.940748,0.139118,-5.016637
smids/Normal_Sperm/Normal_Sperm (65).bmp,val,0,3.566059,1.282707,-4.811320
smids/Normal_Sperm/Normal_Sperm (658).bmp,val,0,5.300085,-0.791557,-4.389026
smids/Normal_Sperm/Normal_Sperm (666).bmp,val,0,4.988115,-1.509614,-3.357789
smids/Normal_Sperm/Normal_Sperm (673).bmp,val,0,2.843270,3.026758,-5.655965
smids/Normal_Sperm/Normal_Sperm (679).bmp,val,0,5.800619,0.508584,-6.203688
smids/Normal_Sperm/Normal_Sperm (680).bmp,val,0,3.145107,0.068978,-3.137236
smids/Normal_Sperm/Normal_Sperm (692).bmp,val,0,6.196612,0.781189,-7.259216
smids/Normal_Sperm/Normal_Sperm (70).bmp,val,0,1.236105,1.004318,-2.550939
smids/Normal_Sperm/Normal_Sperm (700).bmp,val,0,4.199414,1.205905,-5.005253
smids/Normal_Sperm/Normal_Sperm (705).bmp,val,0,3.311357,1.883070,-4.719715
smids/Normal_Sperm/Normal_Sperm (717).bmp,val,0,7.082944,0.175355,-7.257822
smids/Normal_Sperm/Normal_Sperm (719).bmp,val,0,5.607778,-0.885098,-5.031816
smids/Normal_Sperm/Normal_Sperm (722).bmp,val,0,7.369038,-0.955930,-6.193663
smids/Normal_Sperm/Normal_Sperm (739).bmp,val,0,6.070088,-0.161716,-6.446181
smids/Normal_Sperm/Normal_Sperm (779).bmp,val,0,4.444385,-0.803257,-3.527922
smids/Normal_Sperm/Normal_Sperm (782).bmp,val,0,3.989655,-1.256968,-3.090779
smids/Normal_Sperm/Normal_Sperm (786).bmp,val,0,5.184646,-0.268846,-4.863014
smids/Normal_Sperm/Normal_Sperm (787).bmp,val,0,3.566839,-0.573668,-3.031903
smids/Normal_Sperm/Normal_Sperm (793).bmp,val,0,3.098144,-1.326959,-1.832682
smids/Normal_Sperm/Normal_Sperm (804).bmp,val,0,6.501708,2.408166,-9.138938
smids/Normal_Sperm/Normal_Sperm (806).bmp,val,0,1.578528,-0.973292,-0.597497
smids/Normal_Sperm/Normal_Sperm (808).bmp,val,0,4.559971,-0.903131,-3.490468
smids/Normal_Sperm/Normal_Sperm (825).bmp,val,0,1.634652,-0.399113,-1.506006
smids/Normal_Sperm/Normal_Sperm (841).bmp,val,0,7.754964,-0.186263,-8.037990
smids/Normal_Sperm/Normal_Sperm (855).bmp,val,0,1.144760,-0.441952,-0.857219
smids/Normal_Sperm/Normal_Sperm (86).bmp,val,0,2.722898,0.985862,-3.855121
smids/Normal_Sperm/Normal_Sperm (869).bmp,val,0,6.021190,0.947756,-7.213765
smids/Normal_Sperm/Normal_Sperm (882).bmp,val,0,3.737916,2.621646,-6.286771
smids/Normal_Sperm/Normal_Sperm (884).bmp,val,0,4.377236,1.467044,-5.990380
smids/Normal_Sperm/Normal_Sperm (898).bmp,val,0,7.838854,1.787975,-9.822903
smids/Normal_Sperm/Normal_Sperm (901).bmp,val,0,3.853020,3.043346,-6.786267
smids/Normal_Sperm/Normal_Sperm (903).bmp,val,0,1.380540,1.784311,-2.902576
smids/Normal_Sperm/Normal_Sperm (908).bmp,val,0,4.886922,2.672428,-7.656268
smids/Normal_Sperm/Normal_Sperm (912).bmp,val,0,5.374953,1.189800,-6.739333
smids/Normal_Sperm/Normal_Sperm (919).bmp,val,0,0.019604,2.118330,-1.732634
smids/Normal_Sperm/Normal_Sperm (925).bmp,val,0,4.329701,2.576189,-6.707119
smids/Normal_Sperm/Normal_Sperm (928).bmp,val,0,3.369902,1.324869,-4.672059
smids/Normal_Sperm/Normal_Sperm (930).bmp,val,0,-0.140515,-0.422620,0.723667
smids/Normal_Sperm/Normal_Sperm (941).bmp,val,0,0.711983,2.001901,-1.720762
smids/Normal_Sperm/Normal_Sperm (96).bmp,val,0,1.279766,-0.197680,-1.193939
smids/Normal_Sperm/Normal_Sperm (961).bmp,val,0,-0.512839,3.274493,-2.198741
smids/Normal_Sperm/Normal_Sperm (999).bmp,val,0,1.057155,-0.385750,-0.049295
smids/Abnormal_Sperm/Abnormal_Sperm (105).bmp,calib,1,0.091574,3.023428,-2.991879
smids/Abnormal_Sperm/Abnormal_Sperm (111).bmp,calib,1,-1.371574,4.826370,-3.677726
smids/Abnormal_Sperm/Abnormal_Sperm (122).bmp,calib,1,2.447473,1.940565,-3.962686
smids/Abnormal_Sperm/Abnormal_Sperm (129).bmp,calib,1,-0.769670,2.480549,-0.687905
smids/Abnormal_Sperm/Abnormal_Sperm (148).bmp,calib,1,-0.158486,2.240614,-1.682064
smids/Abnormal_Sperm/Abnormal_Sperm (150).bmp,calib,1,3.225343,3.609964,-6.995302
smids/Abnormal_Sperm/Abnormal_Sperm (151).bmp,calib,1,-2.260488,1.127180,1.619422
smids/Abnormal_Sperm/Abnormal_Sperm (17).bmp,calib,1,1.525495,1.668450,-3.477885
smids/Abnormal_Sperm/Abnormal_Sperm (172).bmp,calib,1,1.177380,2.129656,-3.154316
smids/Abnormal_Sperm/Abnormal_Sperm (174).bmp,calib,1,-1.068206,2.861935,-0.985667
smids/Abnormal_Sperm/Abnormal_Sperm (178).bmp,calib,1,-0.393350,3.462086,-2.682364
smids/Abnormal_Sperm/Abnormal_Sperm (190).bmp,calib,1,0.260107,3.904729,-3.707981
smids/Abnormal_Sperm/Abnormal_Sperm (191).bmp,calib,1,0.101311,3.063315,-2.708946
smids/Abnormal_Sperm/Abnormal_Sperm (209).bmp,calib,1,-0.784836,2.171291,-1.459266
smids/Abnormal_Sperm/Abnormal_Sperm (212).bmp,calib,1,2.368157,2.584696,-5.217637
smids/Abnormal_Sperm/Abnormal_Sperm (214).bmp,calib,1,-1.485138,2.829816,-1.090329
smids/Abnormal_Sperm/Abnormal_Sperm (215).bmp,calib,1,0.327693,4.111128,-4.062322
smids/Abnormal_Sperm/Abnormal_Sperm (223).bmp,calib,1,-3.929100,2.167955,2.136367
smids/Abnormal_Sperm/Abnormal_Sperm (224).bmp,calib,1,0.893826,3.806580,-4.457369
smids/Abnormal_Sperm/Abnormal_Sperm (23).bmp,calib,1,0.917587,3.856322,-4.123806
smids/Abnormal_Sperm/Abnormal_Sperm (232).bmp,calib,1,-0.989232,2.067020,-0.646837
smids/Abnormal_Sperm/Abnormal_Sperm (233).bmp,calib,1,-0.944585,3.324738,-1.639148
smids/Abnormal_Sperm/Abnormal_Sperm (242).bmp,calib,1,2.899821,3.760535,-6.456954
smids/Abnormal_Sperm/Abnormal_Sperm (248).bmp,calib,1,1.415707,2.733225,-3.881207
smids/Abnormal_Sperm/Abnormal_Sperm (258).bmp,calib,1,0.134730,2.927140,-3.007384
smids/Abnormal_Sperm/Abnormal_Sperm (266).bmp,calib,1,-0.538683,3.471853,-2.800709
smids/Abnormal_Sperm/Abnormal_Sperm (272).bmp,calib,1,2.197323,2.886198,-4.762116
smids/Abnormal_Sperm/Abnormal_Sperm (279).bmp,calib,1,0.381555,3.285150,-3.362556
smids/Abnormal_Sperm/Abnormal_Sperm (281).bmp,calib,1,-0.063359,4.963198,-4.493019
smids/Abnormal_Sperm/Abnormal_Sperm (283).bmp,calib,1,-1.449390,2.336970,-0.416471
smids/Abnormal_Sperm/Abnormal_Sperm (286).bmp,calib,1,-1.302898,0.970733,0.332042
smids/Abnormal_Sperm/Abnormal_Sperm (298).bmp,calib,1,-0.276850,3.839625,-3.531434
smids/Abnormal_Sperm/Abnormal_Sperm (302).bmp,calib,1,-0.966198,3.227990,-2.136499
smids/Abnormal_Sperm/Abnormal_Sperm (303).bmp,calib,1,0.652053,4.504407,-5.520921
smids/Abnormal_Sperm/Abnormal_Sperm (304).bmp,calib,1,-0.982187,3.154087,-2.060857
smids/Abnormal_Sperm/Abnormal_Sperm (313).bmp,calib,1,0.407880,0.095855,-0.572731
smids/Abnormal_Sperm/Abnormal_Sperm (320).bmp,calib,1,-1.262752,4.285461,-2.482104
smids/Abnormal_Sperm/Abnormal_Sperm (327).bmp,calib,1,-3.375527,3.587375,0.329730
smids/Abnormal_Sperm/Abnormal_Sperm (337).bmp,calib,1,-0.362669,3.805531,-2.394043
smids/Abnormal_Sperm/Abnormal_Sperm (34).bmp,calib,1,-1.506147,2.183909,-0.308628
smids/Abnormal_Sperm/Abnormal_Sperm (347).bmp,calib,1,-0.024661,2.769250,-2.515995
smids/Abnormal_Sperm/Abnormal_Sperm (351).bmp,calib,1,-0.569523,3.498492,-2.530121
smids/Abnormal_Sperm/Abnormal_Sperm (356).bmp,calib,1,-0.267861,2.779302,-2.023608
smids/Abnormal_Sperm/Abnormal_Sperm (360).bmp,calib,1,0.290515,2.253190,-2.744058
smids/Abnormal_Sperm/Abnormal_Sperm (363).bmp,calib,1,0.290519,3.966633,-4.341652
smids/Abnormal_Sperm/Abnormal_Sperm (368).bmp,calib,1,-3.841922,1.749238,2.625164
smids/Abnormal_Sperm/Abnormal_Sperm (373).bmp,calib,1,-0.828663,2.294131,-1.073971
smids/Abnormal_Sperm/Abnormal_Sperm (374).bmp,calib,1,-0.387773,5.193223,-4.435113
smids/Abnormal_Sperm/Abnormal_Sperm (383).bmp,calib,1,0.583023,2.397820,-2.455472
smids/Abnormal_Sperm/Abnormal_Sperm (384).bmp,calib,1,-1.120902,2.936266,-1.449739
smids/Abnormal_Sperm/Abnormal_Sperm (389).bmp,calib,1,-1.235706,3.398243,-1.546661
smids/Abnormal_Sperm/Abnormal_Sperm (395).bmp,calib,1,-2.041047,3.284770,-0.760587
smids/Abnormal_Sperm/Abnormal_Sperm (400).bmp,calib,1,-2.428463,4.185429,-1.658908
smids/Abnormal_Sperm/Abnormal_Sperm (404).bmp,calib,1,-1.369179,2.630081,-0.629888
smids/Abnormal_Sperm/Abnormal_Sperm (406).bmp,calib,1,-0.302662,4.581209,-3.869998
smids/Abnormal_Sperm/Abnormal_Sperm (409).bmp,calib,1,0.226458,1.674460,-1.571089
smids/Abnormal_Sperm/Abnormal_Sperm (414).bmp,calib,1,3.983537,3.594177,-7.780386
smids/Abnormal_Sperm/Abnormal_Sperm (419).bmp,calib,1,-2.054524,3.613074,-1.937239
smids/Abnormal_Sperm/Abnormal_Sperm (424).bmp,calib,1,-2.603911,3.431958,-0.047480
smids/Abnormal_Sperm/Abnormal_Sperm (426).bmp,calib,1,-2.237958,3.432784,-0.646319
smids/Abnormal_Sperm/Abnormal_Sperm (43).bmp,calib,1,-0.095025,1.250847,-0.415206
smids/Abnormal_Sperm/Abnormal_Sperm (430).bmp,calib,1,0.832672,2.378641,-3.327950
smids/Abnormal_Sperm/Abnormal_Sperm (434).bmp,calib,1,0.944223,4.248353,-4.605342
smids/Abnormal_Sperm/Abnormal_Sperm (436).bmp,calib,1,0.837557,2.793590,-3.459619
smids/Abnormal_Sperm/Abnormal_Sperm (439).bmp,calib,1,-1.260800,4.343330,-2.695606
smids/Abnormal_Sperm/Abnormal_Sperm (460).bmp,calib,1,0.212685,4.523211,-4.845998
smids/Abnormal_Sperm/Abnormal_Sperm (463).bmp,calib,1,-3.056577,2.937160,0.407925
smids/Abnormal_Sperm/Abnormal_Sperm (470).bmp,calib,1,-0.167015,3.532004,-2.706504
smids/Abnormal_Sperm/Abnormal_Sperm (471).bmp,calib,1,-0.331833,4.062612,-3.235907
smids/Abnormal_Sperm/Abnormal_Sperm (475).bmp,calib,1,-1.273314,0.905143,0.763133
smids/Abnormal_Sperm/Abnormal_Sperm (480).bmp,calib,1,3.775448,1.885866,-5.876247
smids/Abnormal_Sperm/Abnormal_Sperm (481).bmp,calib,1,-1.246631,-0.823260,1.898221
smids/Abnormal_Sperm/Abnormal_Sperm (489).bmp,calib,1,-2.059681,0.471264,1.862442
smids/Abnormal_Sperm/Abnormal_Sperm (495).bmp,calib,1,-0.412121,2.736897,-2.120115
smids/Abnormal_Sperm/Abnormal_Sperm (497).bmp,calib,1,-0.635395,-0.504766,1.308226
smids/Abnormal_Sperm/Abnormal_Sperm (502).bmp,calib,1,1.082979,1.711819,-3.030551
smids/Abnormal_Sperm/Abnormal_Sperm (503).bmp,calib,1,-3.421200,1.959993,1.495708
smids/Abnormal_Sperm/Abnormal_Sperm (521).bmp,calib,1,-2.290718,3.180320,-0.651465
smids/Abnormal_Sperm/Abnormal_Sperm (522).bmp,calib,1,0.295733,4.307480,-4.515070
smids/Abnormal_Sperm/Abnormal_Sperm (527).bmp,calib,1,2.445721,1.050781,-3.477177
smids/Abnormal_Sperm/Abnormal_Sperm (528).bmp,calib,1,-0.356220,1.583401,-1.159595
smids/Abnormal_Sperm/Abnormal_Sperm (531).bmp,calib,1,3.218519,-0.338121,-2.703152
smids/Abnormal_Sperm/Abnormal_Sperm (533).bmp,calib,1,3.528724,1.187833,-5.837511
smids/Abnormal_Sperm/Abnormal_Sperm (536).bmp,calib,1,0.468172,2.473209,-2.845062
smids/Abnormal_Sperm/Abnormal_Sperm (537).bmp,calib,1,4.346953,1.305749,-5.862355
smids/Abnormal_Sperm/Abnormal_Sperm (540).bmp,calib,1,0.323153,3.933750,-4.372272
smids/Abnormal_Sperm/Abnormal_Sperm (546).bmp,calib,1,4.703430,3.000396,-7.694793
smids/Abnormal_Sperm/Abnormal_Sperm (547).bmp,calib,1,4.099903,2.967403,-7.024909
smids/Abnormal_Sperm/Abnormal_Sperm (548).bmp,calib,1,-2.172316,2.478657,-0.203519
smids/Abnormal_Sperm/Abnormal_Sperm (551).bmp,calib,1,-0.482299,1.364645,-0.742819
smids/Abnormal_Sperm/Abnormal_Sperm (556).bmp,calib,1,-1.133989,0.942279,0.423129
smids/Abnormal_Sperm/Abnormal_Sperm (573).bmp,calib,1,1.479123,0.876360,-2.225156
smids/Abnormal_Sperm/Abnormal_Sperm (580).bmp,calib,1,3.459186,1.186121,-4.726241
smids/Abnormal_Sperm/Abnormal_Sperm (590).bmp,calib,1,0.710802,1.627193,-1.958218
smids/Abnormal_Sperm/Abnormal_Sperm (596).bmp,calib,1,3.936967,2.477025,-6.355708
smids/Abnormal_Sperm/Abnormal_Sperm (6).bmp,calib,1,-2.216271,1.716850,0.387184
smids/Abnormal_Sperm/Abnormal_Sperm (601).bmp,calib,1,-0.586603,0.056421,1.200526
smids/Abnormal_Sperm/Abnormal_Sperm (603).bmp,calib,1,0.891541,0.933578,-1.499818
smids/Abnormal_Sperm/Abnormal_Sperm (604).bmp,calib,1,2.614610,1.245598,-4.319019
smids/Abnormal_Sperm/Abnormal_Sperm (609).bmp,calib,1,0.916483,0.292695,-1.135389
smids/Abnormal_Sperm/Abnormal_Sperm (610).bmp,calib,1,1.717734,3.769506,-5.591053
smids/Abnormal_Sperm/Abnormal_Sperm (62).bmp,calib,1,0.838688,3.994957,-4.594207
smids/Abnormal_Sperm/Abnormal_Sperm (621).bmp,calib,1,0.326046,3.988935,-4.041737
smids/Abnormal_Sperm/Abnormal_Sperm (627).bmp,calib,1,-0.597136,-0.340695,0.711830
smids/Abnormal_Sperm/Abnormal_Sperm (67).bmp,calib,1,-3.837683,3.786399,0.289107
smids/Abnormal_Sperm/Abnormal_Sperm (682).bmp,calib,1,-2.667310,1.372215,1.785692
smids/Abnormal_Sperm/Abnormal_Sperm (683).bmp,calib,1,0.398088,0.433959,-1.013479
smids/Abnormal_Sperm/Abnormal_Sperm (69).bmp,calib,1,0.532492,3.684194,-3.933121
smids/Abnormal_Sperm/Abnormal_Sperm (691).bmp,calib,1,-0.593352,3.286482,-2.226981
smids/Abnormal_Sperm/Abnormal_Sperm (692).bmp,calib,1,-1.042877,4.291691,-2.972664
smids/Abnormal_Sperm/Abnormal_Sperm (693).bmp,calib,1,-1.196058,2.849920,-1.187443
smids/Abnormal_Sperm/Abnormal_Sperm (702).bmp,calib,1,0.091672,1.476776,-1.936476
smids/Abnormal_Sperm/Abnormal_Sperm (710).bmp,calib,1,0.704917,3.783214,-4.115002
smids/Abnormal_Sperm/Abnormal_Sperm (715).bmp,calib,1,3.772636,3.027759,-6.832136
smids/Abnormal_Sperm/Abnormal_Sperm (726).bmp,calib,1,4.748983,0.439047,-5.333598
smids/Abnormal_Sperm/Abnormal_Sperm (734).bmp,calib,1,0.459990,2.620697,-3.124729
smids/Abnormal_Sperm/Abnormal_Sperm (735).bmp,calib,1,3.579461,-0.131209,-3.613465
smids/Abnormal_Sperm/Abnormal_Sperm (749).bmp,calib,1,0.720068,3.475254,-3.738539
smids/Abnormal_Sperm/Abnormal_Sperm (75).bmp,calib,1,-2.024216,3.232803,-1.175332
smids/Abnormal_Sperm/Abnormal_Sperm (766).bmp,calib,1,2.448778,1.642242,-3.495731
smids/Abnormal_Sperm/Abnormal_Sperm (783).bmp,calib,1,3.475628,0.478156,-3.729915
smids/Abnormal_Sperm/Abnormal_Sperm (788).bmp,calib,1,3.352407,1.281867,-4.890826
smids/Abnormal_Sperm/Abnormal_Sperm (79).bmp,calib,1,-1.401371,3.585372,-2.147660
smids/Abnormal_Sperm/Abnormal_Sperm (796).bmp,calib,1,0.320812,3.433522,-3.523199
smids/Abnormal_Sperm/Abnormal_Sperm (810).bmp,calib,1,5.420653,0.396980,-5.750143
smids/Abnormal_Sperm/Abnormal_Sperm (814).bmp,calib,1,4.497605,3.479992,-7.939630
smids/Abnormal_Sperm/Abnormal_Sperm (818).bmp,calib,1,2.329435,2.266288,-3.980994
smids/Abnormal_Sperm/Abnormal_Sperm (821).bmp,calib,1,0.007749,3.055110,-2.519647
smids/Abnormal_Sperm/Abnormal_Sperm (823).bmp,calib,1,1.725171,3.151051,-4.349725
smids/Abnormal_Sperm/Abnormal_Sperm (829).bmp,calib,1,-0.978380,2.789881,-1.339787
smids/Abnormal_Sperm/Abnormal_Sperm (831).bmp,calib,1,1.444293,3.695596,-5.081694
smids/Abnormal_Sperm/Abnormal_Sperm (838).bmp,calib,1,5.067279,3.124259,-8.112121
smids/Abnormal_Sperm/Abnormal_Sperm (84).bmp,calib,1,0.149364,4.123832,-3.932526
smids/Abnormal_Sperm/Abnormal_Sperm (853).bmp,calib,1,3.852097,2.923717,-7.303348
smids/Abnormal_Sperm/Abnormal_Sperm (855).bmp,calib,1,1.326667,3.126884,-4.424755
smids/Abnormal_Sperm/Abnormal_Sperm (859).bmp,calib,1,2.552670,3.789714,-5.851188
smids/Abnormal_Sperm/Abnormal_Sperm (870).bmp,calib,1,3.710310,0.450366,-4.169938
smids/Abnormal_Sperm/Abnormal_Sperm (872).bmp,calib,1,0.603393,4.699914,-4.750697
smids/Abnormal_Sperm/Abnormal_Sperm (88).bmp,calib,1,-1.557644,3.010373,-0.697942
smids/Abnormal_Sperm/Abnormal_Sperm (882).bmp,calib,1,2.358483,3.891675,-6.121300
smids/Abnormal_Sperm/Abnormal_Sperm (901).bmp,calib,1,1.542074,3.429401,-5.070995
smids/Abnormal_Sperm/Abnormal_Sperm (902).bmp,calib,1,-0.961868,1.717213,0.344115
smids/Abnormal_Sperm/Abnormal_Sperm (909).bmp,calib,1,3.567201,2.253163,-5.492837
smids/Abnormal_Sperm/Abnormal_Sperm (914).bmp,calib,1,1.065398,2.350868,-3.484654
smids/Abnormal_Sperm/Abnormal_Sperm (92).bmp,calib,1,-2.032635,1.332495,0.634258
smids/Abnormal_Sperm/Abnormal_Sperm (928).bmp,calib,1,2.688141,3.049201,-5.770768
smids/Abnormal_Sperm/Abnormal_Sperm (95).bmp,calib,1,-2.100818,2.683424,-0.017857
smids/Abnormal_Sperm/Abnormal_Sperm (952).bmp,calib,1,2.504251,1.109181,-3.130775
smids/Abnormal_Sperm/Abnormal_Sperm (966).bmp,calib,1,-1.799613,3.950085,-1.897071
smids/Abnormal_Sperm/Abnormal_Sperm (975).bmp,calib,1,-1.611587,5.139335,-3.259689
smids/Abnormal_Sperm/Abnormal_Sperm (981).bmp,calib,1,0.491622,2.387503,-2.708529
smids/Abnormal_Sperm/Abnormal_Sperm (99).bmp,calib,1,2.913170,4.214475,-7.141087
smids/Abnormal_Sperm/Abnormal_Sperm (990).bmp,calib,1,-1.695681,4.476996,-2.787023
smids/Abnormal_Sperm/Abnormal_Sperm (992).bmp,calib,1,-0.688334,2.540421,-1.487377
smids/Abnormal_Sperm/Abnormal_Sperm (997).bmp,calib,1,-2.759107,3.296015,-0.898891
smids/Non-Sperm/Non-Sperm (125).bmp,calib,2,-4.140696,-3.161006,6.952796
smids/Non-Sperm/Non-Sperm (128).bmp,calib,2,-3.660905,-1.708908,5.087519
smids/Non-Sperm/Non-Sperm (132).bmp,calib,2,-3.882587,-5.183254,8.688558
smids/Non-Sperm/Non-Sperm (135).bmp,calib,2,-5.756455,-4.836215,10.404115
smids/Non-Sperm/Non-Sperm (138).bmp,calib,2,-2.527332,-2.381093,5.383996
smids/Non-Sperm/Non-Sperm (14).bmp,calib,2,-5.604241,-1.399402,7.166838
smids/Non-Sperm/Non-Sperm (142).bmp,calib,2,-2.616533,-3.651109,6.056863
smids/Non-Sperm/Non-Sperm (143).bmp,calib,2,-3.934970,-1.746395,5.939589
smids/Non-Sperm/Non-Sperm (146).bmp,calib,2,-3.408114,-3.770703,7.309455
smids/Non-Sperm/Non-Sperm (158).bmp,calib,2,-2.535450,-4.355288,6.564934
smids/Non-Sperm/Non-Sperm (163).bmp,calib,2,-1.067963,-0.160178,0.953167
smids/Non-Sperm/Non-Sperm (17).bmp,calib,2,-3.231333,-2.371374,5.676719
smids/Non-Sperm/Non-Sperm (172).bmp,calib,2,-5.417671,-2.363836,7.367783
smids/Non-Sperm/Non-Sperm (176).bmp,calib,2,-5.179543,-0.604694,5.719299
smids/Non-Sperm/Non-Sperm (183).bmp,calib,2,-4.132740,-2.218854,6.191531
smids/Non-Sperm/Non-Sperm (187).bmp,calib,2,-3.092197,-2.806784,6.021529
smids/Non-Sperm/Non-Sperm (194).bmp,calib,2,-3.437238,-1.213738,5.255963
smids/Non-Sperm/Non-Sperm (228).bmp,calib,2,-3.597863,-3.362407,6.337756
smids/Non-Sperm/Non-Sperm (232).bmp,calib,2,-2.008452,-1.896999,3.501825
smids/Non-Sperm/Non-Sperm (235).bmp,calib,2,-1.369040,-2.510201,3.401722
smids/Non-Sperm/Non-Sperm (239).bmp,calib,2,-4.013175,-3.697591,7.435541
smids/Non-Sperm/Non-Sperm (243).bmp,calib,2,-1.552522,-3.777327,4.808169
smids/Non-Sperm/Non-Sperm (249).bmp,calib,2,-3.949895,-5.074048,8.221601
smids/Non-Sperm/Non-Sperm (258).bmp,calib,2,-3.373714,-4.598901,6.916211
smids/Non-Sperm/Non-Sperm (259).bmp,calib,2,-4.166253,-4.247796,7.299105
smids/Non-Sperm/Non-Sperm (26).bmp,calib,2,-2.186042,2.675677,-0.011672
smids/Non-Sperm/Non-Sperm (264).bmp,calib,2,-3.992840,-2.117302,5.574890
smids/Non-Sperm/Non-Sperm (266).bmp,calib,2,-3.160378,-1.908841,5.137133
smids/Non-Sperm/Non-Sperm (280).bmp,calib,2,-3.329612,-3.017489,6.219765
smids/Non-Sperm/Non-Sperm (281).bmp,calib,2,-5.181046,-4.814025,9.360724
smids/Non-Sperm/Non-Sperm (283).bmp,calib,2,-4.851284,-4.174679,8.605658
smids/Non-Sperm/Non-Sperm (29).bmp,calib,2,-3.095631,-1.197566,4.440907
smids/Non-Sperm/Non-Sperm (295).bmp,calib,2,-5.277507,-4.849565,9.708417
smids/Non-Sperm/Non-Sperm (302).bmp,calib,2,-4.259932,-6.186520,10.524597
smids/Non-Sperm/Non-Sperm (313).bmp,calib,2,-1.501820,-0.047880,1.720348
smids/Non-Sperm/Non-Sperm (320).bmp,calib,2,-2.950251,-3.827209,6.456168
smids/Non-Sperm/Non-Sperm (323).bmp,calib,2,-2.035154,0.817755,1.112209
smids/Non-Sperm/Non-Sperm (325).bmp,calib,2,-2.639816,-5.540829,7.962012
smids/Non-Sperm/Non-Sperm (327).bmp,calib,2,0.245522,-0.378797,0.294226
smids/Non-Sperm/Non-Sperm (33).bmp,calib,2,-0.466701,-0.445981,1.106048
smids/Non-Sperm/Non-Sperm (337).bmp,calib,2,-5.234885,-4.198998,8.829820
smids/Non-Sperm/Non-Sperm (341).bmp,calib,2,-3.935153,1.138120,3.196569
smids/Non-Sperm/Non-Sperm (343).bmp,calib,2,-2.169309,-2.547022,4.313208
smids/Non-Sperm/Non-Sperm (347).bmp,calib,2,-4.472754,-5.065042,9.047523
smids/Non-Sperm/Non-Sperm (350).bmp,calib,2,-3.249096,-3.567446,7.665586
smids/Non-Sperm/Non-Sperm (351).bmp,calib,2,-2.923936,-0.761665,4.026014
smids/Non-Sperm/Non-Sperm (358).bmp,calib,2,-1.256352,-3.653592,4.425178
smids/Non-Sperm/Non-Sperm (359).bmp,calib,2,-6.159404,-3.508058,9.499352
smids/Non-Sperm/Non-Sperm (361).bmp,calib,2,-3.832102,-0.179865,4.329541
smids/Non-Sperm/Non-Sperm (364).bmp,calib,2,-4.898735,-4.675758,9.123147
smids/Non-Sperm/Non-Sperm (37).bmp,calib,2,-2.754670,0.641706,1.415052
smids/Non-Sperm/Non-Sperm (392).bmp,calib,2,-3.923713,0.532731,3.402439
smids/Non-Sperm/Non-Sperm (398).bmp,calib,2,-1.327472,-0.225643,1.898966
smids/Non-Sperm/Non-Sperm (40).bmp,calib,2,-2.586617,-0.651545,3.106381
smids/Non-Sperm/Non-Sperm (400).bmp,calib,2,-3.021581,-2.810744,5.000137
smids/Non-Sperm/Non-Sperm (405).bmp,calib,2,-2.200922,-1.570680,3.595014
smids/Non-Sperm/Non-Sperm (414).bmp,calib,2,-2.840196,-1.228440,4.294170
smids/Non-Sperm/Non-Sperm (423).bmp,calib,2,-4.517797,-5.396973,9.611585
smids/Non-Sperm/Non-Sperm (425).bmp,calib,2,-2.972436,1.722273,1.777626
smids/Non-Sperm/Non-Sperm (431).bmp,calib,2,-4.313016,-5.272848,8.931220
smids/Non-Sperm/Non-Sperm (463).bmp,calib,2,-4.766243,0.045597,5.164538
smids/Non-Sperm/Non-Sperm (464).bmp,calib,2,-4.784426,-3.847130,8.724329
smids/Non-Sperm/Non-Sperm (467).bmp,calib,2,-5.290960,-4.152692,8.858691
smids/Non-Sperm/Non-Sperm (474).bmp,calib,2,-5.102011,-4.484536,9.676635
smids/Non-Sperm/Non-Sperm (483).bmp,calib,2,-3.038577,-3.312515,5.720689
smids/Non-Sperm/Non-Sperm (489).bmp,calib,2,-4.256389,-3.209667,7.318250
smids/Non-Sperm/Non-Sperm (490).bmp,calib,2,-2.245339,-2.804836,5.057592
smids/Non-Sperm/Non-Sperm (493).bmp,calib,2,-3.034875,-4.083930,6.607395
smids/Non-Sperm/Non-Sperm (496).bmp,calib,2,-3.382707,-4.309355,7.358241
smids/Non-Sperm/Non-Sperm (508).bmp,calib,2,-3.374028,-5.759481,8.594713
smids/Non-Sperm/Non-Sperm (544).bmp,calib,2,-6.122763,-4.961000,10.418313
smids/Non-Sperm/Non-Sperm (553).bmp,calib,2,-2.549150,-1.330271,3.548558
smids/Non-Sperm/Non-Sperm (557).bmp,calib,2,-4.681754,-5.148586,9.467791
smids/Non-Sperm/Non-Sperm (564).bmp,calib,2,-4.045254,-2.656396,6.080156
smids/Non-Sperm/Non-Sperm (565).bmp,calib,2,-4.519329,-1.501062,5.406260
smids/Non-Sperm/Non-Sperm (577).bmp,calib,2,-3.173535,-2.628370,6.326313
smids/Non-Sperm/Non-Sperm (580).bmp,calib,2,-4.110610,-2.493125,6.865927
smids/Non-Sperm/Non-Sperm (583).bmp,calib,2,-3.686610,1.440063,2.670020
smids/Non-Sperm/Non-Sperm (590).bmp,calib,2,-3.131619,-4.065612,6.930394
smids/Non-Sperm/Non-Sperm (592).bmp,calib,2,-4.996388,-2.250867,7.180815
smids/Non-Sperm/Non-Sperm (594).bmp,calib,2,-3.667496,-4.286913,7.473746
smids/Non-Sperm/Non-Sperm (598).bmp,calib,2,-3.406328,-4.979079,8.166171
smids/Non-Sperm/Non-Sperm (604).bmp,calib,2,-3.233419,-2.435018,5.411101
smids/Non-Sperm/Non-Sperm (613).bmp,calib,2,-4.065704,-3.043219,7.638766
smids/Non-Sperm/Non-Sperm (622).bmp,calib,2,-4.250514,-5.445789,9.425139
smids/Non-Sperm/Non-Sperm (655).bmp,calib,2,-3.250234,-2.433708,4.899383
smids/Non-Sperm/Non-Sperm (656).bmp,calib,2,-5.653089,-4.024898,9.237807
smids/Non-Sperm/Non-Sperm (660).bmp,calib,2,-3.569693,-2.777145,6.168142
smids/Non-Sperm/Non-Sperm (678).bmp,calib,2,-4.289926,-3.202222,7.125756
smids/Non-Sperm/Non-Sperm (680).bmp,calib,2,-4.600459,-4.571734,9.102373
smids/Non-Sperm/Non-Sperm (681).bmp,calib,2,-2.995522,-2.404170,5.226721
smids/Non-Sperm/Non-Sperm (696).bmp,calib,2,-2.402226,-1.404928,3.858029
smids/Non-Sperm/Non-Sperm (697).bmp,calib,2,-5.287908,-4.283831,8.958445
smids/Non-Sperm/Non-Sperm (716).bmp,calib,2,-1.126679,1.317566,-0.200425
smids/Non-Sperm/Non-Sperm (72).bmp,calib,2,-2.565511,-1.139039,3.251442
smids/Non-Sperm/Non-Sperm (720).bmp,calib,2,-2.027245,-3.115207,4.387636
smids/Non-Sperm/Non-Sperm (723).bmp,calib,2,-3.952743,-0.130386,4.375015
smids/Non-Sperm/Non-Sperm (726).bmp,calib,2,-2.276030,-3.278330,4.845370
smids/Non-Sperm/Non-Sperm (729).bmp,calib,2,-5.643883,-3.031163,8.254630
smids/Non-Sperm/Non-Sperm (73).bmp,calib,2,-1.894038,-0.723462,2.885633
smids/Non-Sperm/Non-Sperm (730).bmp,calib,2,-0.553578,-2.431589,3.178711
smids/Non-Sperm/Non-Sperm (735).bmp,calib,2,-3.765443,-2.610132,6.230080
smids/Non-Sperm/Non-Sperm (74).bmp,calib,2,-0.959219,-1.375115,2.772262
smids/Non-Sperm/Non-Sperm (741).bmp,calib,2,-5.225487,-6.405432,10.602571
smids/Non-Sperm/Non-Sperm (752).bmp,calib,2,-0.897531,-1.336195,2.996682
smids/Non-Sperm/Non-Sperm (763).bmp,calib,2,-2.536747,-4.446217,6.624561
smids/Non-Sperm/Non-Sperm (765).bmp,calib,2,-2.418710,-2.865860,5.780784
smids/Non-Sperm/Non-Sperm (767).bmp,calib,2,-1.261669,-3.580416,4.583261
smids/Non-Sperm/Non-Sperm (768).bmp,calib,2,-2.163466,-4.553507,6.747822
smids/Non-Sperm/Non-Sperm (772).bmp,calib,2,-4.116443,-3.831982,7.613725
smids/Non-Sperm/Non-Sperm (776).bmp,calib,2,-3.232030,-4.827837,7.745784
smids/Non-Sperm/Non-Sperm (777).bmp,calib,2,-2.650673,-3.906417,6.121059
smids/Non-Sperm/Non-Sperm (78).bmp,calib,2,-1.475241,0.009035,1.954790
smids/Non-Sperm/Non-Sperm (782).bmp,calib,2,-3.832166,-3.675347,6.843309
smids/Non-Sperm/Non-Sperm (792).bmp,calib,2,0.880572,-2.344523,1.847888
smids/Non-Sperm/Non-Sperm (80).bmp,calib,2,-4.279604,-2.348220,6.753819
smids/Non-Sperm/Non-Sperm (802).bmp,calib,2,-4.481939,-3.275147,7.354070
smids/Non-Sperm/Non-Sperm (81).bmp,calib,2,-5.381443,-4.281213,9.105241
smids/Non-Sperm/Non-Sperm (811).bmp,calib,2,-3.106333,-4.208887,7.020103
smids/Non-Sperm/Non-Sperm (819).bmp,calib,2,-0.662024,-2.147893,2.362780
smids/Non-Sperm/Non-Sperm (824).bmp,calib,2,-3.693159,-3.311220,6.519111
smids/Non-Sperm/Non-Sperm (827).bmp,calib,2,-3.293959,-0.873687,4.431666
smids/Non-Sperm/Non-Sperm (830).bmp,calib,2,-6.148080,-2.691394,8.663177
smids/Non-Sperm/Non-Sperm (831).bmp,calib,2,-4.430816,-3.300035,7.832244
smids/Non-Sperm/Non-Sperm (835).bmp,calib,2,-3.837761,-5.877501,8.350767
smids/Non-Sperm/Non-Sperm (837).bmp,calib,2,-4.724484,-2.889683,7.293011
smids/Non-Sperm/Non-Sperm (838).bmp,calib,2,-3.091395,-1.305677,4.323388
smids/Non-Sperm/Non-Sperm (845).bmp,calib,2,-1.509136,-1.080324,3.225410
smids/Non-Sperm/Non-Sperm (846).bmp,calib,2,-1.512422,-2.666205,3.763547
smids/Non-Sperm/Non-Sperm (847).bmp,calib,2,-3.385744,-3.899665,7.028334
smids/Non-Sperm/Non-Sperm (849).bmp,calib,2,-3.804711,-0.682690,4.329876
smids/Non-Sperm/Non-Sperm (851).bmp,calib,2,-0.967102,-1.677887,2.587538
smids/Non-Sperm/Non-Sperm (862).bmp,calib,2,-3.034255,-2.585706,5.469556
smids/Non-Sperm/Non-Sperm (864).bmp,calib,2,-1.013634,-1.421800,2.485096
smids/Non-Sperm/Non-Sperm (869).bmp,calib,2,-3.255055,-2.696101,6.177855
smids/Non-Sperm/Non-Sperm (875).bmp,calib,2,-3.581723,-2.712155,6.208347
smids/Non-Sperm/Non-Sperm (89).bmp,calib,2,-4.170587,-4.803555,8.874611
smids/Non-Sperm/Non-Sperm (892).bmp,calib,2,-1.494537,0.259242,1.818612
smids/Non-Sperm/Non-Sperm (895).bmp,calib,2,-1.590130,-1.004279,3.295365
smids/Non-Sperm/Non-Sperm (897).bmp,calib,2,-1.383318,2.146113,-0.003908
smids/Non-Sperm/Non-Sperm (899).bmp,calib,2,-1.272600,-0.139314,2.347265
smids/Non-Sperm/Non-Sperm (9).bmp,calib,2,-5.084908,0.313275,5.420507
smids/Non-Sperm/Non-Sperm (90).bmp,calib,2,-3.430282,-4.411198,7.291721
smids/Non-Sperm/Non-Sperm (908).bmp,calib,2,-2.102018,2.188083,0.142256
smids/Non-Sperm/Non-Sperm (911).bmp,calib,2,-2.635848,5.201777,-1.790643
smids/Non-Sperm/Non-Sperm (912).bmp,calib,2,-2.626375,3.260408,-0.659839
smids/Non-Sperm/Non-Sperm (917).bmp,calib,2,-1.459526,-0.691261,2.754927
smids/Non-Sperm/Non-Sperm (926).bmp,calib,2,-3.330074,-0.187465,4.689970
smids/Non-Sperm/Non-Sperm (932).bmp,calib,2,-0.728992,-1.464994,2.751531
smids/Non-Sperm/Non-Sperm (941).bmp,calib,2,-3.275062,-2.487464,6.137696
smids/Non-Sperm/Non-Sperm (943).bmp,calib,2,-2.064034,-2.260225,4.218479
smids/Non-Sperm/Non-Sperm (945).bmp,calib,2,1.035485,-0.585814,-0.329009
smids/Non-Sperm/Non-Sperm (948).bmp,calib,2,0.118327,0.298761,0.151836
smids/Non-Sperm/Non-Sperm (950).bmp,calib,2,0.957535,-0.356158,-0.460012
smids/Non-Sperm/Non-Sperm (951).bmp,calib,2,-1.012914,0.965010,0.060215
smids/Non-Sperm/Non-Sperm (972).bmp,calib,2,-3.520245,-0.382473,3.913188
smids/Normal_Sperm/Normal_Sperm (10).bmp,calib,0,1.606198,-0.816393,-1.411524
smids/Normal_Sperm/Normal_Sperm (101).bmp,calib,0,6.146366,-0.441410,-6.156850
smids/Normal_Sperm/Normal_Sperm (1012).bmp,calib,0,3.894548,1.727126,-6.043675
smids/Normal_Sperm/Normal_Sperm (1014).bmp,calib,0,1.838000,-0.783485,-1.000890
smids/Normal_Sperm/Normal_Sperm (1015).bmp,calib,0,5.506485,0.721559,-6.137390
smids/Normal_Sperm/Normal_Sperm (112).bmp,calib,0,5.365594,1.102250,-7.284366
smids/Normal_Sperm/Normal_Sperm (114).bmp,calib,0,1.967984,2.214785,-4.846736
smids/Normal_Sperm/Normal_Sperm (116).bmp,calib,0,3.523615,0.506277,-4.271202
smids/Normal_Sperm/Normal_Sperm (12).bmp,calib,0,3.061233,-1.800520,-1.549288
smids/Normal_Sperm/Normal_Sperm (121).bmp,calib,0,4.225002,1.989060,-6.827595
smids/Normal_Sperm/Normal_Sperm (122).bmp,calib,0,4.395056,2.839870,-7.343765
smids/Normal_Sperm/Normal_Sperm (124).bmp,calib,0,4.901531,1.598920,-7.265735
smids/Normal_Sperm/Normal_Sperm (125).bmp,calib,0,5.520082,0.849780,-6.788700
smids/Normal_Sperm/Normal_Sperm (127).bmp,calib,0,1.715885,1.262138,-3.507193
smids/Normal_Sperm/Normal_Sperm (132).bmp,calib,0,0.696377,0.996549,-0.915139
smids/Normal_Sperm/Normal_Sperm (134).bmp,calib,0,3.852785,2.733247,-7.187705
smids/Normal_Sperm/Normal_Sperm (142).bmp,calib,0,2.258001,1.700012,-4.276514
smids/Normal_Sperm/Normal_Sperm (152).bmp,calib,0,-0.292502,-1.150429,1.554752
smids/Normal_Sperm/Normal_Sperm (163).bmp,calib,0,2.603454,0.314774,-2.750042
smids/Normal_Sperm/Normal_Sperm (183).bmp,calib,0,4.248045,0.155959,-4.299870
smids/Normal_Sperm/Normal_Sperm (184).bmp,calib,0,3.787750,1.199605,-4.891750
smids/Normal_Sperm/Normal_Sperm (209).bmp,calib,0,2.241096,3.270025,-5.590540
smids/Normal_Sperm/Normal_Sperm (217).bmp,calib,0,2.701313,-1.148692,-1.592061
smids/Normal_Sperm/Normal_Sperm (219).bmp,calib,0,2.438779,-0.605496,-2.424303
smids/Normal_Sperm/Normal_Sperm (221).bmp,calib,0,1.270900,-1.285427,0.159562
smids/Normal_Sperm/Normal_Sperm (232).bmp,calib,0,3.711130,3.335824,-7.405217
smids/Normal_Sperm/Normal_Sperm (234).bmp,calib,0,4.544924,-0.817082,-4.098356
smids/Normal_Sperm/Normal_Sperm (237).bmp,calib,0,2.782589,2.195769,-5.055517
smids/Normal_Sperm/Normal_Sperm (240).bmp,calib,0,3.621522,-1.661502,-2.114609
smids/Normal_Sperm/Normal_Sperm (247).bmp,calib,0,3.652666,1.165513,-4.496860
smids/Normal_Sperm/Normal_Sperm (249).bmp,calib,0,3.390207,1.223493,-4.831649
smids/Normal_Sperm/Normal_Sperm (253).bmp,calib,0,4.183537,-1.088209,-3.289091
smids/Normal_Sperm/Normal_Sperm (255).bmp,calib,0,5.873500,0.091056,-6.342130
smids/Normal_Sperm/Normal_Sperm (257).bmp,calib,0,4.015034,0.827097,-4.748553
smids/Normal_Sperm/Normal_Sperm (26).bmp,calib,0,5.255778,-1.646232,-4.121437
smids/Normal_Sperm/Normal_Sperm (271).bmp,calib,0,3.984703,-0.709078,-3.646208
smids/Normal_Sperm/Normal_Sperm (295).bmp,calib,0,4.523755,0.133382,-4.651684
smids/Normal_Sperm/Normal_Sperm (297).bmp,calib,0,3.418357,0.164518,-4.001381
smids/Normal_Sperm/Normal_Sperm (301).bmp,calib,0,3.682179,0.940799,-4.966484
smids/Normal_Sperm/Normal_Sperm (304).bmp,calib,0,5.132064,0.779681,-5.917550
smids/Normal_Sperm/Normal_Sperm (32).bmp,calib,0,4.397195,-1.062896,-3.306731
smids/Normal_Sperm/Normal_Sperm (332).bmp,calib,0,6.497204,-0.360611,-6.878884
smids/Normal_Sperm/Normal_Sperm (335).bmp,calib,0,1.728036,0.796997,-2.706005
smids/Normal_Sperm/Normal_Sperm (339).bmp,calib,0,2.871370,1.362377,-4.329853
smids/Normal_Sperm/Normal_Sperm (340).bmp,calib,0,4.122574,-1.867137,-2.861985
smids/Normal_Sperm/Normal_Sperm (352).bmp,calib,0,7.461866,1.842686,-9.437957
smids/Normal_Sperm/Normal_Sperm (353).bmp,calib,0,3.122499,3.812999,-6.698659
smids/Normal_Sperm/Normal_Sperm (366).bmp,calib,0,4.220244,1.151331,-5.370267
smids/Normal_Sperm/Normal_Sperm (386).bmp,calib,0,5.762936,0.089685,-5.847309
smids/Normal_Sperm/Normal_Sperm (395).bmp,calib,0,1.447299,0.742623,-2.465082
smids/Normal_Sperm/Normal_Sperm (397).bmp,calib,0,3.266389,-0.282761,-3.102502
smids/Normal_Sperm/Normal_Sperm (4).bmp,calib,0,4.057182,-0.620035,-3.536208
smids/Normal_Sperm/Normal_Sperm (400).bmp,calib,0,4.675096,0.845043,-5.636809
smids/Normal_Sperm/Normal_Sperm (402).bmp,calib,0,2.639697,1.870631,-4.447282
smids/Normal_Sperm/Normal_Sperm (403).bmp,calib,0,3.007844,0.032317,-3.087147
smids/Normal_Sperm/Normal_Sperm (404).bmp,calib,0,2.867055,0.383846,-3.190915
smids/Normal_Sperm/Normal_Sperm (411).bmp,calib,0,4.143986,0.130325,-4.804437
smids/Normal_Sperm/Normal_Sperm (414).bmp,calib,0,5.232094,1.100143,-6.663775
smids/Normal_Sperm/Normal_Sperm (415).bmp,calib,0,2.522721,0.549464,-3.478194
smids/Normal_Sperm/Normal_Sperm (419).bmp,calib,0,4.340808,-0.577623,-4.268256
smids/Normal_Sperm/Normal_Sperm (424).bmp,calib,0,5.460723,-0.226455,-5.493199
smids/Normal_Sperm/Normal_Sperm (443).bmp,calib,0,4.140545,-2.056489,-2.327624
smids/Normal_Sperm/Normal_Sperm (452).bmp,calib,0,5.116583,0.802739,-5.782982
smids/Normal_Sperm/Normal_Sperm (459).bmp,calib,0,3.972021,-1.069868,-2.947793
smids/Normal_Sperm/Normal_Sperm (462).bmp,calib,0,4.520687,0.022874,-4.256921
smids/Normal_Sperm/Normal_Sperm (467).bmp,calib,0,2.895389,-0.315005,-2.649909
smids/Normal_Sperm/Normal_Sperm (470).bmp,calib,0,3.140119,2.291474,-5.276510
smids/Normal_Sperm/Normal_Sperm (472).bmp,calib,0,4.327719,-0.127396,-4.079323
smids/Normal_Sperm/Normal_Sperm (50).bmp,calib,0,4.606400,0.681143,-5.912883
smids/Normal_Sperm/Normal_Sperm (513).bmp,calib,0,4.483935,1.101058,-5.987269
smids/Normal_Sperm/Normal_Sperm (517).bmp,calib,0,4.192934,-0.021644,-4.389793
smids/Normal_Sperm/Normal_Sperm (529).bmp,calib,0,5.504495,-0.548796,-4.945007
smids/Normal_Sperm/Normal_Sperm (531).bmp,calib,0,4.341652,1.522007,-5.620232
smids/Normal_Sperm/Normal_Sperm (532).bmp,calib,0,5.976752,0.293448,-5.959146
smids/Normal_Sperm/Normal_Sperm (534).bmp,calib,0,0.135271,-0.484436,1.056778
smids/Normal_Sperm/Normal_Sperm (535).bmp,calib,0,4.088786,-0.339238,-3.783944
smids/Normal_Sperm/Normal_Sperm (539).bmp,calib,0,6.036517,0.463594,-6.490375
smids/Normal_Sperm/Normal_Sperm (542).bmp,calib,0,4.978777,0.823366,-5.614616
smids/Normal_Sperm/Normal_Sperm (544).bmp,calib,0,6.222330,0.019734,-6.405899
smids/Normal_Sperm/Normal_Sperm (549).bmp,calib,0,5.549901,0.583420,-6.325695
smids/Normal_Sperm/Normal_Sperm (55).bmp,calib,0,0.646301,-0.792435,0.606646
smids/Normal_Sperm/Normal_Sperm (560).bmp,calib,0,5.982854,-0.632563,-5.053904
smids/Normal_Sperm/Normal_Sperm (563).bmp,calib,0,5.864612,1.019618,-6.865247
smids/Normal_Sperm/Normal_Sperm (574).bmp,calib,0,0.857762,-2.091993,0.308756
smids/Normal_Sperm/Normal_Sperm (588).bmp,calib,0,3.831102,0.781921,-4.766416
smids/Normal_Sperm/Normal_Sperm (591).bmp,calib,0,8.084119,-0.120729,-8.202236
smids/Normal_Sperm/Normal_Sperm (593).bmp,calib,0,7.161105,0.076360,-7.802667
smids/Normal_Sperm/Normal_Sperm (594).bmp,calib,0,4.212146,-0.083981,-4.238068
smids/Normal_Sperm/Normal_Sperm (601).bmp,calib,0,5.327598,1.361555,-6.864552
smids/Normal_Sperm/Normal_Sperm (605).bmp,calib,0,5.298350,0.983044,-6.202656
smids/Normal_Sperm/Normal_Sperm (607).bmp,calib,0,5.077332,1.142735,-6.218556
smids/Normal_Sperm/Normal_Sperm (61).bmp,calib,0,6.066980,-0.333307,-5.988759
smids/Normal_Sperm/Normal_Sperm (611).bmp,calib,0,6.830089,0.615970,-7.312111
smids/Normal_Sperm/Normal_Sperm (621).bmp,calib,0,4.766540,0.755807,-5.281865
smids/Normal_Sperm/Normal_Sperm (633).bmp,calib,0,3.839297,2.435088,-6.026797
smids/Normal_Sperm/Normal_Sperm (635).bmp,calib,0,8.143670,1.083320,-9.335927
smids/Normal_Sperm/Normal_Sperm (637).bmp,calib,0,5.499885,-0.205199,-5.555853
smids/Normal_Sperm/Normal_Sperm (644).bmp,calib,0,-0.331145,-0.808510,1.794069
smids/Normal_Sperm/Normal_Sperm (655).bmp,calib,0,2.469870,0.241815,-2.574756
smids/Normal_Sperm/Normal_Sperm (657).bmp,calib,0,0.876013,-0.906472,0.453046
smids/Normal_Sperm/Normal_Sperm (662).bmp,calib,0,3.732949,-1.186096,-2.421804
smids/Normal_Sperm/Normal_Sperm (685).bmp,calib,0,6.650149,0.835162,-7.913680
smids/Normal_Sperm/Normal_Sperm (694).bmp,calib,0,2.719571,-0.835439,-1.509846
smids/Normal_Sperm/Normal_Sperm (710).bmp,calib,0,2.729996,3.246855,-6.438150
smids/Normal_Sperm/Normal_Sperm (720).bmp,calib,0,5.579877,1.452882,-6.839208
smids/Normal_Sperm/Normal_Sperm (721).bmp,calib,0,5.418409,0.505089,-6.176557
smids/Normal_Sperm/Normal_Sperm (727).bmp,calib,0,3.457927,-0.507299,-3.342366
smids/Normal_Sperm/Normal_Sperm (729).bmp,calib,0,6.694817,-1.187171,-5.666396
smids/Normal_Sperm/Normal_Sperm (73).bmp,calib,0,4.513945,1.472194,-5.811958
smids/Normal_Sperm/Normal_Sperm (730).bmp,calib,0,4.203502,0.126254,-4.223360
smids/Normal_Sperm/Normal_Sperm (735).bmp,calib,0,4.957767,-0.562941,-4.353732
smids/Normal_Sperm/Normal_Sperm (738).bmp,calib,0,7.108793,0.758051,-8.544802
smids/Normal_Sperm/Normal_Sperm (740).bmp,calib,0,6.700488,-0.087782,-6.613447
smids/Normal_Sperm/Normal_Sperm (741).bmp,calib,0,4.318655,-0.386405,-3.998851
smids/Normal_Sperm/Normal_Sperm (743).bmp,calib,0,4.025709,-1.503016,-2.360125
smids/Normal_Sperm/Normal_Sperm (75).bmp,calib,0,5.380329,-0.690416,-4.492247
smids/Normal_Sperm/Normal_Sperm (751).bmp,calib,0,6.811837,-0.417049,-6.266216
smids/Normal_Sperm/Normal_Sperm (752).bmp,calib,0,5.966280,-0.509541,-5.623374
smids/Normal_Sperm/Normal_Sperm (764).bmp,calib,0,4.132961,-0.677984,-3.675953
smids/Normal_Sperm/Normal_Sperm (776).bmp,calib,0,6.388504,-0.514566,-5.860061
smids/Normal_Sperm/Normal_Sperm (78).bmp,calib,0,4.600700,-1.439469,-3.515396
smids/Normal_Sperm/Normal_Sperm (788).bmp,calib,0,3.776519,-0.312101,-3.463124
smids/Normal_Sperm/Normal_Sperm (789).bmp,calib,0,4.392024,-1.752837,-2.294253
smids/Normal_Sperm/Normal_Sperm (799).bmp,calib,0,5.836483,-0.844574,-5.693758
smids/Normal_Sperm/Normal_Sperm (802).bmp,calib,0,0.833677,-2.070282,1.585973
smids/Normal_Sperm/Normal_Sperm (82).bmp,calib,0,4.960060,0.820136,-6.020519
smids/Normal_Sperm/Normal_Sperm (822).bmp,calib,0,5.942345,0.081109,-6.369450
smids/Normal_Sperm/Normal_Sperm (826).bmp,calib,0,5.492794,0.400167,-5.679620
smids/Normal_Sperm/Normal_Sperm (83).bmp,calib,0,5.710483,1.294498,-7.243602
smids/Normal_Sperm/Normal_Sperm (836).bmp,calib,0,1.958108,0.484664,-1.879498
smids/Normal_Sperm/Normal_Sperm (837).bmp,calib,0,3.167991,2.116860,-5.485163
smids/Normal_Sperm/Normal_Sperm (839).bmp,calib,0,4.609262,0.627389,-5.263056
smids/Normal_Sperm/Normal_Sperm (840).bmp,calib,0,4.986940,0.712938,-5.660561
smids/Normal_Sperm/Normal_Sperm (842).bmp,calib,0,7.307209,0.985321,-8.322432
smids/Normal_Sperm/Normal_Sperm (846).bmp,calib,0,3.782019,-0.887527,-2.778078
smids/Normal_Sperm/Normal_Sperm (847).bmp,calib,0,6.063938,-0.629204,-5.594712
smids/Normal_Sperm/Normal_Sperm (867).bmp,calib,0,6.400620,-0.414350,-6.282560
smids/Normal_Sperm/Normal_Sperm (876).bmp,calib,0,4.483519,1.343395,-5.946841
smids/Normal_Sperm/Normal_Sperm (877).bmp,calib,0,5.660157,-0.416481,-5.584190
smids/Normal_Sperm/Normal_Sperm (888).bmp,calib,0,3.772645,2.231018,-6.165391
smids/Normal_Sperm/Normal_Sperm (893).bmp,calib,0,-1.160288,2.616045,-0.912642
smids/Normal_Sperm/Normal_Sperm (90).bmp,calib,0,3.135695,0.653739,-3.794327
smids/Normal_Sperm/Normal_Sperm (905).bmp,calib,0,3.399486,1.394827,-4.934549
smids/Normal_Sperm/Normal_Sperm (910).bmp,calib,0,4.171991,2.821389,-7.223982
smids/Normal_Sperm/Normal_Sperm (918).bmp,calib,0,4.849080,3.467768,-8.328576
smids/Normal_Sperm/Normal_Sperm (921).bmp,calib,0,7.271911,0.564524,-7.866444
smids/Normal_Sperm/Normal_Sperm (927).bmp,calib,0,2.215342,4.531931,-6.644182
smids/Normal_Sperm/Normal_Sperm (931).bmp,calib,0,3.422918,2.361860,-5.431372
smids/Normal_Sperm/Normal_Sperm (94).bmp,calib,0,3.416492,0.521042,-4.082629
smids/Normal_Sperm/Normal_Sperm (945).bmp,calib,0,4.910304,1.360954,-6.333509
smids/Normal_Sperm/Normal_Sperm (950).bmp,calib,0,0.892975,3.081241,-3.407417
smids/Normal_Sperm/Normal_Sperm (951).bmp,calib,0,2.687627,2.117366,-4.915499
smids/Normal_Sperm/Normal_Sperm (952).bmp,calib,0,1.989570,3.578882,-5.377709
smids/Normal_Sperm/Normal_Sperm (963).bmp,calib,0,5.747967,0.640937,-6.531383
smids/Normal_Sperm/Normal_Sperm (98).bmp,calib,0,4.385203,0.347288,-4.716299
smids/Normal_Sperm/Normal_Sperm (980).bmp,calib,0,1.015480,1.795406,-3.320411
smids/Normal_Sperm/Normal_Sperm (984).bmp,calib,0,0.559057,-1.455701,0.350553
smids/Normal_Sperm/Normal_Sperm (985).bmp,calib,0,3.574481,0.029044,-3.487420
smids/Normal_Sperm/Normal_Sperm (99).bmp,calib,0,4.377933,1.055675,-6.074778
smids/Normal_Sperm/Normal_Sperm (994).bmp,calib,0,-0.791052,0.898101,0.013097
smids/Abnormal_Sperm/Abnormal_Sperm (1000).bmp,test,1,-0.269084,4.285836,-3.904011
smids/Abnormal_Sperm/Abnormal_Sperm (1001).bmp,test,1,-1.012100,2.548219,-1.174725
smids/Abnormal_Sperm/Abnormal_Sperm (1002).bmp,test,1,3.285610,3.255606,-6.657184
smids/Abnormal_Sperm/Abnormal_Sperm (113).bmp,test,1,-3.629201,3.950164,0.192889
smids/Abnormal_Sperm/Abnormal_Sperm (119).bmp,test,1,2.136161,2.065607,-3.673139
smids/Abnormal_Sperm/Abnormal_Sperm (125).bmp,test,1,-1.186115,2.974477,-1.064318
smids/Abnormal_Sperm/Abnormal_Sperm (126).bmp,test,1,1.217677,2.179805,-3.045634
smids/Abnormal_Sperm/Abnormal_Sperm (127).bmp,test,1,-1.410566,3.278064,-0.902239
smids/Abnormal_Sperm/Abnormal_Sperm (130).bmp,test,1,-3.120276,2.640672,0.958960
smids/Abnormal_Sperm/Abnormal_Sperm (134).bmp,test,1,3.506578,3.469649,-7.233637
smids/Abnormal_Sperm/Abnormal_Sperm (135).bmp,test,1,0.579151,2.825520,-3.173009
smids/Abnormal_Sperm/Abnormal_Sperm (136).bmp,test,1,3.144828,2.109713,-5.084905
smids/Abnormal_Sperm/Abnormal_Sperm (137).bmp,test,1,1.484784,3.615635,-5.422890
smids/Abnormal_Sperm/Abnormal_Sperm (14).bmp,test,1,0.859835,1.053328,-1.918754
smids/Abnormal_Sperm/Abnormal_Sperm (141).bmp,test,1,-2.328953,3.197658,-0.497437
smids/Abnormal_Sperm/Abnormal_Sperm (142).bmp,test,1,2.065459,1.562618,-3.328970
smids/Abnormal_Sperm/Abnormal_Sperm (145).bmp,test,1,2.363713,3.531205,-5.598535
smids/Abnormal_Sperm/Abnormal_Sperm (149).bmp,test,1,0.326613,2.623383,-2.596321
smids/Abnormal_Sperm/Abnormal_Sperm (152).bmp,test,1,1.245766,3.494808,-4.531569
smids/Abnormal_Sperm/Abnormal_Sperm (163).bmp,test,1,1.267177,2.690399,-3.565426
smids/Abnormal_Sperm/Abnormal_Sperm (168).bmp,test,1,-0.109526,2.446500,-1.440621
smids/Abnormal_Sperm/Abnormal_Sperm (169).bmp,test,1,0.580629,3.328484,-3.481916
smids/Abnormal_Sperm/Abnormal_Sperm (18).bmp,test,1,4.491464,1.728156,-6.393387
smids/Abnormal_Sperm/Abnormal_Sperm (180).bmp,test,1,-0.239050,3.297885,-2.802551
smids/Abnormal_Sperm/Abnormal_Sperm (181).bmp,test,1,-3.221100,2.979503,0.763511
smids/Abnormal_Sperm/Abnormal_Sperm (183).bmp,test,1,2.925498,1.798462,-4.283536
smids/Abnormal_Sperm/Abnormal_Sperm (186).bmp,test,1,1.089000,2.995161,-3.728340
smids/Abnormal_Sperm/Abnormal_Sperm (188).bmp,test,1,0.107995,2.705171,-2.576604
smids/Abnormal_Sperm/Abnormal_Sperm (193).bmp,test,1,2.066675,2.980947,-4.469888
smids/Abnormal_Sperm/Abnormal_Sperm (194).bmp,test,1,0.459239,3.593799,-3.762223
smids/Abnormal_Sperm/Abnormal_Sperm (20).bmp,test,1,-0.227035,3.479192,-3.324608
smids/Abnormal_Sperm/Abnormal_Sperm (206).bmp,test,1,-0.312142,2.069774,-1.358512
smids/Abnormal_Sperm/Abnormal_Sperm (218).bmp,test,1,1.194858,2.288014,-3.300987
smids/Abnormal_Sperm/Abnormal_Sperm (230).bmp,test,1,-0.241224,2.232835,-1.852294
smids/Abnormal_Sperm/Abnormal_Sperm (231).bmp,test,1,0.110337,4.597923,-4.352492
smids/Abnormal_Sperm/Abnormal_Sperm (237).bmp,test,1,0.715174,2.895648,-3.607272
smids/Abnormal_Sperm/Abnormal_Sperm (239).bmp,test,1,3.642144,3.240383,-7.145644
smids/Abnormal_Sperm/Abnormal_Sperm (24).bmp,test,1,-1.220939,4.731359,-3.433822
smids/Abnormal_Sperm/Abnormal_Sperm (240).bmp,test,1,-3.162740,3.801787,-0.756722
smids/Abnormal_Sperm/Abnormal_Sperm (246).bmp,test,1,2.083072,3.028334,-4.803731
smids/Abnormal_Sperm/Abnormal_Sperm (249).bmp,test,1,0.994056,2.536910,-2.711341
smids/Abnormal_Sperm/Abnormal_Sperm (25).bmp,test,1,0.668384,3.113135,-4.038272
smids/Abnormal_Sperm/Abnormal_Sperm (250).bmp,test,1,-2.593127,2.449647,0.935029
smids/Abnormal_Sperm/Abnormal_Sperm (264).bmp,test,1,0.546207,2.077161,-3.082413
smids/Abnormal_Sperm/Abnormal_Sperm (269).bmp,test,1,-1.217850,2.084348,-0.655762
smids/Abnormal_Sperm/Abnormal_Sperm (271).bmp,test,1,0.771592,4.360601,-4.453938
smids/Abnormal_Sperm/Abnormal_Sperm (289).bmp,test,1,0.108134,1.455464,-1.304472
smids/Abnormal_Sperm/Abnormal_Sperm (3).bmp,test,1,-1.312423,1.768970,-0.062089
smids/Abnormal_Sperm/Abnormal_Sperm (317).bmp,test,1,0.040112,2.877825,-3.017984
smids/Abnormal_Sperm/Abnormal_Sperm (322).bmp,test,1,-3.175693,0.832379,2.148299
smids/Abnormal_Sperm/Abnormal_Sperm (332).bmp,test,1,-1.912707,3.417347,-0.740259
smids/Abnormal_Sperm/Abnormal_Sperm (341).bmp,test,1,2.200129,4.051372,-5.719457
smids/Abnormal_Sperm/Abnormal_Sperm (357).bmp,test,1,-1.239363,3.297540,-1.767023
smids/Abnormal_Sperm/Abnormal_Sperm (361).bmp,test,1,0.371731,3.444959,-3.220886
smids/Abnormal_Sperm/Abnormal_Sperm (366).bmp,test,1,2.506605,3.111113,-5.288426
smids/Abnormal_Sperm/Abnormal_Sperm (372).bmp,test,1,-1.118626,3.713269,-2.509174
smids/Abnormal_Sperm/Abnormal_Sperm (377).bmp,test,1,-1.761912,3.058000,-0.899643
smids/Abnormal_Sperm/Abnormal_Sperm (380).bmp,test,1,-2.654818,3.833552,-0.709997
smids/Abnormal_Sperm/Abnormal_Sperm (39).bmp,test,1,-1.153952,1.689987,-0.204302
smids/Abnormal_Sperm/Abnormal_Sperm (391).bmp,test,1,1.739267,2.923998,-4.145763
smids/Abnormal_Sperm/Abnormal_Sperm (392).bmp,test,1,0.703933,4.347205,-4.310225
smids/Abnormal_Sperm/Abnormal_Sperm (393).bmp,test,1,-0.599493,3.373496,-2.189274
smids/Abnormal_Sperm/Abnormal_Sperm (398).bmp,test,1,-2.733196,3.868311,-0.631295
smids/Abnormal_Sperm/Abnormal_Sperm (421).bmp,test,1,1.379378,3.846122,-5.122084
smids/Abnormal_Sperm/Abnormal_Sperm (428).bmp,test,1,0.019609,1.184103,-0.797665
smids/Abnormal_Sperm/Abnormal_Sperm (438).bmp,test,1,-1.813174,4.119617,-1.602451
smids/Abnormal_Sperm/Abnormal_Sperm (446).bmp,test,1,1.647717,4.735577,-6.207279
smids/Abnormal_Sperm/Abnormal_Sperm (449).bmp,test,1,-1.426239,4.892938,-3.482596
smids/Abnormal_Sperm/Abnormal_Sperm (450).bmp,test,1,0.325547,4.411884,-4.336738
smids/Abnormal_Sperm/Abnormal_Sperm (451).bmp,test,1,2.045182,3.924321,-6.052238
smids/Abnormal_Sperm/Abnormal_Sperm (454).bmp,test,1,0.134746,4.961946,-4.665436
smids/Abnormal_Sperm/Abnormal_Sperm (457).bmp,test,1,-0.244171,4.227548,-3.586588
smids/Abnormal_Sperm/Abnormal_Sperm (458).bmp,test,1,-3.109417,3.580272,-0.377870
smids/Abnormal_Sperm/Abnormal_Sperm (478).bmp,test,1,-3.890463,1.632503,2.011281
smids/Abnormal_Sperm/Abnormal_Sperm (484).bmp,test,1,-1.191874,2.457922,-1.208438
smids/Abnormal_Sperm/Abnormal_Sperm (486).bmp,test,1,-4.264412,1.432755,3.303427
smids/Abnormal_Sperm/Abnormal_Sperm (487).bmp,test,1,1.554338,0.070572,-1.076243
smids/Abnormal_Sperm/Abnormal_Sperm (490).bmp,test,1,0.188840,3.116937,-3.069847
smids/Abnormal_Sperm/Abnormal_Sperm (498).bmp,test,1,-0.121269,-1.617037,1.989227
smids/Abnormal_Sperm/Abnormal_Sperm (5).bmp,test,1,2.072845,1.097185,-3.093774
smids/Abnormal_Sperm/Abnormal_Sperm (504).bmp,test,1,0.168052,1.515937,-1.854843
smids/Abnormal_Sperm/Abnormal_Sperm (509).bmp,test,1,-2.901391,2.379643,0.301848
smids/Abnormal_Sperm/Abnormal_Sperm (514).bmp,test,1,1.320277,1.181241,-2.062263
smids/Abnormal_Sperm/Abnormal_Sperm (525).bmp,test,1,-1.343758,4.426722,-2.662964
smids/Abnormal_Sperm/Abnormal_Sperm (529).bmp,test,1,-0.537650,3.173795,-2.315601
smids/Abnormal_Sperm/Abnormal_Sperm (538).bmp,test,1,-1.008373,2.882294,-1.886885
smids/Abnormal_Sperm/Abnormal_Sperm (544).bmp,test,1,-3.477026,2.609322,0.619302
smids/Abnormal_Sperm/Abnormal_Sperm (559).bmp,test,1,-2.073202,3.737666,-1.562075
smids/Abnormal_Sperm/Abnormal_Sperm (561).bmp,test,1,2.381417,0.279469,-2.926602
smids/Abnormal_Sperm/Abnormal_Sperm (565).bmp,test,1,1.799945,1.624821,-3.674131
smids/Abnormal_Sperm/Abnormal_Sperm (570).bmp,test,1,1.298150,2.817038,-3.685709
smids/Abnormal_Sperm/Abnormal_Sperm (571).bmp,test,1,0.145622,4.700102,-4.424489
smids/Abnormal_Sperm/Abnormal_Sperm (572).bmp,test,1,-2.111915,0.813326,1.660586
smids/Abnormal_Sperm/Abnormal_Sperm (585).bmp,test,1,0.575117,-1.160225,0.543526
smids/Abnormal_Sperm/Abnormal_Sperm (588).bmp,test,1,4.613289,1.622967,-6.328815
smids/Abnormal_Sperm/Abnormal_Sperm (60).bmp,test,1,-1.692723,3.851667,-1.372109
smids/Abnormal_Sperm/Abnormal_Sperm (602).bmp,test,1,-3.345802,2.253697,1.457461
smids/Abnormal_Sperm/Abnormal_Sperm (607).bmp,test,1,0.834798,1.667922,-2.705113
smids/Abnormal_Sperm/Abnormal_Sperm (613).bmp,test,1,1.047025,3.016419,-3.521173
smids/Abnormal_Sperm/Abnormal_Sperm (619).bmp,test,1,-0.650017,4.443359,-3.467945
smids/Abnormal_Sperm/Abnormal_Sperm (620).bmp,test,1,-1.233895,1.799364,-0.186288
smids/Abnormal_Sperm/Abnormal_Sperm (626).bmp,test,1,-0.403541,4.071946,-3.518401
smids/Abnormal_Sperm/Abnormal_Sperm (629).bmp,test,1,-2.555165,0.893235,2.224771
smids/Abnormal_Sperm/Abnormal_Sperm (63).bmp,test,1,-1.070717,1.194328,0.073190
smids/Abnormal_Sperm/Abnormal_Sperm (630).bmp,test,1,-1.867328,0.903664,1.555856
smids/Abnormal_Sperm/Abnormal_Sperm (633).bmp,test,1,-1.296126,2.558667,-0.995683
smids/Abnormal_Sperm/Abnormal_Sperm (636).bmp,test,1,-2.383313,3.195661,-0.840172
smids/Abnormal_Sperm/Abnormal_Sperm (637).bmp,test,1,1.412922,2.697923,-4.157203
smids/Abnormal_Sperm/Abnormal_Sperm (64).bmp,test,1,-2.793921,3.034857,0.268730
smids/Abnormal_Sperm/Abnormal_Sperm (649).bmp,test,1,-1.653209,2.606042,-0.511387
smids/Abnormal_Sperm/Abnormal_Sperm (654).bmp,test,1,0.791972,2.730557,-3.320574
smids/Abnormal_Sperm/Abnormal_Sperm (66).bmp,test,1,-2.686049,1.247386,1.447717
smids/Abnormal_Sperm/Abnormal_Sperm (663).bmp,test,1,0.886585,1.932367,-2.797703
smids/Abnormal_Sperm/Abnormal_Sperm (669).bmp,test,1,-1.158616,2.902123,-1.956984
smids/Abnormal_Sperm/Abnormal_Sperm (673).bmp,test,1,-0.847294,2.643628,-1.107762
smids/Abnormal_Sperm/Abnormal_Sperm (675).bmp,test,1,-1.186138,3.697954,-1.943281
smids/Abnormal_Sperm/Abnormal_Sperm (676).bmp,test,1,-0.742966,4.585188,-3.390249
smids/Abnormal_Sperm/Abnormal_Sperm (678).bmp,test,1,-0.935630,2.323508,-0.883595
smids/Abnormal_Sperm/Abnormal_Sperm (695).bmp,test,1,0.317763,2.381580,-2.636731
smids/Abnormal_Sperm/Abnormal_Sperm (697).bmp,test,1,0.763782,0.661188,-1.888637
smids/Abnormal_Sperm/Abnormal_Sperm (7).bmp,test,1,0.646910,4.455923,-5.437644
smids/Abnormal_Sperm/Abnormal_Sperm (701).bmp,test,1,-0.808265,1.526411,-0.509926
smids/Abnormal_Sperm/Abnormal_Sperm (703).bmp,test,1,2.537087,0.442106,-2.995767
smids/Abnormal_Sperm/Abnormal_Sperm (704).bmp,test,1,-1.499303,2.386155,-0.633156
smids/Abnormal_Sperm/Abnormal_Sperm (712).bmp,test,1,0.058754,3.711860,-3.339543
smids/Abnormal_Sperm/Abnormal_Sperm (72).bmp,test,1,-2.012731,3.406168,-0.787318
smids/Abnormal_Sperm/Abnormal_Sperm (727).bmp,test,1,-0.516788,3.387010,-2.864279
smids/Abnormal_Sperm/Abnormal_Sperm (731).bmp,test,1,0.214687,3.797253,-3.672244
smids/Abnormal_Sperm/Abnormal_Sperm (733).bmp,test,1,2.422495,1.897931,-4.751953
smids/Abnormal_Sperm/Abnormal_Sperm (737).bmp,test,1,2.752063,2.999051,-5.858001
smids/Abnormal_Sperm/Abnormal_Sperm (739).bmp,test,1,-0.658229,4.220359,-2.952359
smids/Abnormal_Sperm/Abnormal_Sperm (740).bmp,test,1,-0.601216,3.976142,-3.376168
smids/Abnormal_Sperm/Abnormal_Sperm (741).bmp,test,1,0.671886,2.541962,-2.755668
smids/Abnormal_Sperm/Abnormal_Sperm (744).bmp,test,1,2.713633,0.329671,-2.635990
smids/Abnormal_Sperm/Abnormal_Sperm (745).bmp,test,1,1.889428,3.297274,-4.882413
smids/Abnormal_Sperm/Abnormal_Sperm (757).bmp,test,1,-0.855198,2.759452,-1.437767
smids/Abnormal_Sperm/Abnormal_Sperm (758).bmp,test,1,2.341119,2.657546,-4.374372
smids/Abnormal_Sperm/Abnormal_Sperm (767).bmp,test,1,-1.764368,4.537611,-2.480287
smids/Abnormal_Sperm/Abnormal_Sperm (77).bmp,test,1,-1.505727,3.255080,-1.783301
smids/Abnormal_Sperm/Abnormal_Sperm (772).bmp,test,1,1.015330,0.929093,-1.595808
smids/Abnormal_Sperm/Abnormal_Sperm (773).bmp,test,1,-0.554759,2.802228,-1.362962
smids/Abnormal_Sperm/Abnormal_Sperm (777).bmp,test,1,0.970772,3.107655,-4.425714
smids/Abnormal_Sperm/Abnormal_Sperm (779).bmp,test,1,1.717060,3.722715,-4.822999
smids/Abnormal_Sperm/Abnormal_Sperm (781).bmp,test,1,3.461184,1.412011,-4.849264
smids/Abnormal_Sperm/Abnormal_Sperm (782).bmp,test,1,-2.276801,3.677706,-0.933797
smids/Abnormal_Sperm/Abnormal_Sperm (789).bmp,test,1,-1.596681,3.384151,-1.695704
smids/Abnormal_Sperm/Abnormal_Sperm (790).bmp,test,1,2.231234,1.687475,-3.806057
smids/Abnormal_Sperm/Abnormal_Sperm (791).bmp,test,1,0.835451,1.806211,-2.663131
smids/Abnormal_Sperm/Abnormal_Sperm (80).bmp,test,1,0.057685,4.403028,-3.853861
smids/Abnormal_Sperm/Abnormal_Sperm (802).bmp,test,1,0.713017,3.473114,-4.336877
smids/Abnormal_Sperm/Abnormal_Sperm (808).bmp,test,1,2.705472,2.389642,-5.263359
smids/Abnormal_Sperm/Abnormal_Sperm (811).bmp,test,1,1.242728,0.729250,-2.134268
smids/Abnormal_Sperm/Abnormal_Sperm (815).bmp,test,1,3.514174,1.763473,-5.541554
smids/Abnormal_Sperm/Abnormal_Sperm (816).bmp,test,1,1.124047,2.530331,-3.370141
smids/Abnormal_Sperm/Abnormal_Sperm (817).bmp,test,1,1.346536,4.589450,-5.590691
smids/Abnormal_Sperm/Abnormal_Sperm (825).bmp,test,1,-0.559588,3.291028,-2.426759
smids/Abnormal_Sperm/Abnormal_Sperm (826).bmp,test,1,2.426499,1.273203,-3.434150
smids/Abnormal_Sperm/Abnormal_Sperm (827).bmp,test,1,0.033649,2.880407,-2.487199
smids/Abnormal_Sperm/Abnormal_Sperm (834).bmp,test,1,5.619952,0.676819,-6.235391
smids/Abnormal_Sperm/Abnormal_Sperm (839).bmp,test,1,4.030942,0.186843,-3.992919
smids/Abnormal_Sperm/Abnormal_Sperm (85).bmp,test,1,-1.722361,3.770046,-1.094200
smids/Abnormal_Sperm/Abnormal_Sperm (852).bmp,test,1,6.354687,0.589212,-6.515207
smids/Abnormal_Sperm/Abnormal_Sperm (857).bmp,test,1,2.355994,1.690414,-3.472281
smids/Abnormal_Sperm/Abnormal_Sperm (862).bmp,test,1,4.213078,1.945798,-6.865134
smids/Abnormal_Sperm/Abnormal_Sperm (871).bmp,test,1,-1.234570,4.474253,-3.330660
smids/Abnormal_Sperm/Abnormal_Sperm (876).bmp,test,1,1.472497,2.187762,-3.229266
smids/Abnormal_Sperm/Abnormal_Sperm (877).bmp,test,1,-0.154167,1.382273,-1.058487
smids/Abnormal_Sperm/Abnormal_Sperm (881).bmp,test,1,1.349246,2.504875,-3.640820
smids/Abnormal_Sperm/Abnormal_Sperm (887).bmp,test,1,3.927751,1.007093,-5.090865
smids/Abnormal_Sperm/Abnormal_Sperm (890).bmp,test,1,1.273370,3.968811,-4.810420
smids/Abnormal_Sperm/Abnormal_Sperm (893).bmp,test,1,-0.781273,1.877741,-0.545466
smids/Abnormal_Sperm/Abnormal_Sperm (895).bmp,test,1,5.660765,2.210238,-8.319880
smids/Abnormal_Sperm/Abnormal_Sperm (897).bmp,test,1,2.922099,1.070508,-3.681814
smids/Abnormal_Sperm/Abnormal_Sperm (90).bmp,test,1,-0.133831,1.042763,-1.191045
smids/Abnormal_Sperm/Abnormal_Sperm (915).bmp,test,1,-1.215454,0.047165,1.151603
smids/Abnormal_Sperm/Abnormal_Sperm (916).bmp,test,1,0.380381,2.933470,-2.669246
smids/Abnormal_Sperm/Abnormal_Sperm (917).bmp,test,1,0.802847,0.556047,-0.965784
smids/Abnormal_Sperm/Abnormal_Sperm (918).bmp,test,1,2.657430,1.443564,-3.930132
smids/Abnormal_Sperm/Abnormal_Sperm (920).bmp,test,1,1.522806,0.847243,-1.994623
smids/Abnormal_Sperm/Abnormal_Sperm (922).bmp,test,1,1.479534,-1.521862,-0.030127
smids/Abnormal_Sperm/Abnormal_Sperm (923).bmp,test,1,2.034102,1.502706,-3.345090
smids/Abnormal_Sperm/Abnormal_Sperm (93).bmp,test,1,-0.881603,4.350647,-3.201195
smids/Abnormal_Sperm/Abnormal_Sperm (931).bmp,test,1,2.908036,1.154832,-4.101695
smids/Abnormal_Sperm/Abnormal_Sperm (932).bmp,test,1,0.113971,3.455883,-3.989267
smids/Abnormal_Sperm/Abnormal_Sperm (933).bmp,test,1,3.491817,1.781531,-5.302855
smids/Abnormal_Sperm/Abnormal_Sperm (937).bmp,test,1,-1.253970,0.602143,1.162540
smids/Abnormal_Sperm/Abnormal_Sperm (940).bmp,test,1,-0.746611,0.515085,-0.019332
smids/Abnormal_Sperm/Abnormal_Sperm (942).bmp,test,1,2.235253,1.319043,-3.578824
smids/Abnormal_Sperm/Abnormal_Sperm (950).bmp,test,1,1.692765,0.141498,-1.398573
smids/Abnormal_Sperm/Abnormal_Sperm (972).bmp,test,1,-2.294574,4.627110,-1.740549
smids/Abnormal_Sperm/Abnormal_Sperm (978).bmp,test,1,0.461778,2.265422,-2.635874
smids/Abnormal_Sperm/Abnormal_Sperm (985).bmp,test,1,-1.773736,2.307769,-0.155741
smids/Abnormal_Sperm/Abnormal_Sperm (988).bmp,test,1,-0.798958,3.718399,-3.183219
smids/Abnormal_Sperm/Abnormal_Sperm (993).bmp,test,1,-0.202597,2.040875,-1.360690
smids/Abnormal_Sperm/Abnormal_Sperm (998).bmp,test,1,-3.534155,2.974729,0.699622
smids/Non-Sperm/Non-Sperm (106).bmp,test,2,-5.357769,-3.579269,8.410728
smids/Non-Sperm/Non-Sperm (112).bmp,test,2,-1.829100,-1.794076,3.384194
smids/Non-Sperm/Non-Sperm (113).bmp,test,2,-4.153433,-3.302037,7.715745
smids/Non-Sperm/Non-Sperm (115).bmp,test,2,-3.418639,-5.192033,8.052773
smids/Non-Sperm/Non-Sperm (118).bmp,test,2,-5.196416,-7.558501,11.589567
smids/Non-Sperm/Non-Sperm (12).bmp,test,2,-4.287875,-2.308439,6.426146
smids/Non-Sperm/Non-Sperm (120).bmp,test,2,-5.176556,-3.857584,8.319964
smids/Non-Sperm/Non-Sperm (13).bmp,test,2,-5.362231,-3.000117,8.177596
smids/Non-Sperm/Non-Sperm (130).bmp,test,2,-3.582300,-3.209277,6.530703
smids/Non-Sperm/Non-Sperm (131).bmp,test,2,-4.336256,-6.385085,9.595057
smids/Non-Sperm/Non-Sperm (144).bmp,test,2,-4.055194,-3.932816,8.117071
smids/Non-Sperm/Non-Sperm (145).bmp,test,2,-2.976496,-3.749517,6.831225
smids/Non-Sperm/Non-Sperm (153).bmp,test,2,-3.116362,-3.951782,6.715900
smids/Non-Sperm/Non-Sperm (160).bmp,test,2,-3.690791,-5.289000,8.426069
smids/Non-Sperm/Non-Sperm (161).bmp,test,2,1.876056,0.072691,-2.354905
smids/Non-Sperm/Non-Sperm (181).bmp,test,2,-5.160294,-2.570119,7.595305
smids/Non-Sperm/Non-Sperm (184).bmp,test,2,-0.651845,-2.233944,3.251081
smids/Non-Sperm/Non-Sperm (185).bmp,test,2,-0.796830,-1.071377,1.361123
smids/Non-Sperm/Non-Sperm (189).bmp,test,2,-2.400679,-4.127769,5.772735
smids/Non-Sperm/Non-Sperm (190).bmp,test,2,-2.291397,-0.772625,3.881003
smids/Non-Sperm/Non-Sperm (191).bmp,test,2,-1.851787,1.622787,0.989585
smids/Non-Sperm/Non-Sperm (193).bmp,test,2,-4.518892,-5.214804,9.462657
smids/Non-Sperm/Non-Sperm (197).bmp,test,2,-2.645128,0.139098,2.666940
smids/Non-Sperm/Non-Sperm (20).bmp,test,2,-3.072907,1.098600,2.273211
smids/Non-Sperm/Non-Sperm (211).bmp,test,2,-2.083545,-1.625675,4.491503
smids/Non-Sperm/Non-Sperm (214).bmp,test,2,-3.886478,-3.403097,7.366205
smids/Non-Sperm/Non-Sperm (220).bmp,test,2,-2.293745,-3.334755,5.633885
smids/Non-Sperm/Non-Sperm (231).bmp,test,2,-3.982736,-2.343116,6.428434
smids/Non-Sperm/Non-Sperm (234).bmp,test,2,-2.751036,-2.967792,5.452685
smids/Non-Sperm/Non-Sperm (237).bmp,test,2,-1.939118,-4.198149,5.959955
smids/Non-Sperm/Non-Sperm (238).bmp,test,2,-3.359858,-4.356678,6.738185
smids/Non-Sperm/Non-Sperm (240).bmp,test,2,-4.285567,-4.315151,7.865572
smids/Non-Sperm/Non-Sperm (244).bmp,test,2,-5.333020,-3.467888,8.369010
smids/Non-Sperm/Non-Sperm (250).bmp,test,2,-2.927511,-4.887578,7.328397
smids/Non-Sperm/Non-Sperm (253).bmp,test,2,-1.747782,-3.602399,4.597826
smids/Non-Sperm/Non-Sperm (254).bmp,test,2,-3.861805,-2.228700,5.533737
smids/Non-Sperm/Non-Sperm (255).bmp,test,2,-3.164224,-3.834932,7.247193
smids/Non-Sperm/Non-Sperm (267).bmp,test,2,-3.462139,-2.661605,6.540749
smids/Non-Sperm/Non-Sperm (273).bmp,test,2,-3.336742,-4.035386,7.077569
smids/Non-Sperm/Non-Sperm (288).bmp,test,2,-4.225480,-5.147873,9.086723
smids/Non-Sperm/Non-Sperm (298).bmp,test,2,-4.534221,-5.471778,9.261906
smids/Non-Sperm/Non-Sperm (300).bmp,test,2,-4.289389,-4.074176,7.896673
smids/Non-Sperm/Non-Sperm (301).bmp,test,2,-4.423122,-4.352787,8.800467
smids/Non-Sperm/Non-Sperm (304).bmp,test,2,-2.824595,-1.670996,4.421557
smids/Non-Sperm/Non-Sperm (305).bmp,test,2,-2.903617,-4.479099,6.725492
smids/Non-Sperm/Non-Sperm (309).bmp,test,2,-0.170191,-2.031809,2.135542
smids/Non-Sperm/Non-Sperm (310).bmp,test,2,-3.504550,-4.852072,7.520579
smids/Non-Sperm/Non-Sperm (316).bmp,test,2,-4.034709,-5.077589,8.672304
smids/Non-Sperm/Non-Sperm (318).bmp,test,2,-2.436198,-4.614951,6.386516
smids/Non-Sperm/Non-Sperm (319).bmp,test,2,-4.954719,-4.548350,9.048285
smids/Non-Sperm/Non-Sperm (330).bmp,test,2,-3.844111,0.239564,3.452651
smids/Non-Sperm/Non-Sperm (331).bmp,test,2,-4.564187,-5.693310,9.292012
smids/Non-Sperm/Non-Sperm (332).bmp,test,2,-1.710680,-1.018183,2.452938
smids/Non-Sperm/Non-Sperm (340).bmp,test,2,-2.098192,0.189928,2.343042
smids/Non-Sperm/Non-Sperm (344).bmp,test,2,-1.723562,-5.266357,6.353347
smids/Non-Sperm/Non-Sperm (348).bmp,test,2,-3.135803,-4.369786,6.760355
smids/Non-Sperm/Non-Sperm (35).bmp,test,2,1.019214,0.756506,-2.206497
smids/Non-Sperm/Non-Sperm (352).bmp,test,2,-4.096184,-4.472881,8.493091
smids/Non-Sperm/Non-Sperm (355).bmp,test,2,-3.519214,2.051716,1.824264
smids/Non-Sperm/Non-Sperm (362).bmp,test,2,-4.313573,-4.027707,7.992462
smids/Non-Sperm/Non-Sperm (363).bmp,test,2,-1.536739,-0.712219,2.740425
smids/Non-Sperm/Non-Sperm (366).bmp,test,2,-4.799103,-3.349087,7.704224
smids/Non-Sperm/Non-Sperm (374).bmp,test,2,-2.810452,1.949216,0.781131
smids/Non-Sperm/Non-Sperm (377).bmp,test,2,-3.458779,-2.914357,5.721135
smids/Non-Sperm/Non-Sperm (384).bmp,test,2,-3.504937,-2.832079,6.353344
smids/Non-Sperm/Non-Sperm (385).bmp,test,2,-3.601683,-0.283527,3.824167
smids/Non-Sperm/Non-Sperm (389).bmp,test,2,-3.976309,-4.575684,8.880707
smids/Non-Sperm/Non-Sperm (390).bmp,test,2,-1.877322,-1.865641,3.976829
smids/Non-Sperm/Non-Sperm (391).bmp,test,2,-2.704849,0.236702,2.823297
smids/Non-Sperm/Non-Sperm (41).bmp,test,2,-4.981351,-1.635817,6.272474
smids/Non-Sperm/Non-Sperm (42).bmp,test,2,-3.775847,1.639273,3.106300
smids/Non-Sperm/Non-Sperm (432).bmp,test,2,-5.850916,-3.246699,9.117285
smids/Non-Sperm/Non-Sperm (446).bmp,test,2,-4.347701,-5.081079,8.689951
smids/Non-Sperm/Non-Sperm (460).bmp,test,2,-5.538627,-4.159275,9.394979
smids/Non-Sperm/Non-Sperm (462).bmp,test,2,-3.593172,-3.660303,7.752651
smids/Non-Sperm/Non-Sperm (465).bmp,test,2,-4.448064,-4.874746,9.734176
smids/Non-Sperm/Non-Sperm (47).bmp,test,2,-1.827597,0.812852,1.351489
smids/Non-Sperm/Non-Sperm (471).bmp,test,2,-5.380343,-5.430493,10.016698
smids/Non-Sperm/Non-Sperm (475).bmp,test,2,-3.173881,-5.681540,8.079148
smids/Non-Sperm/Non-Sperm (477).bmp,test,2,-4.057322,-5.041445,8.892148
smids/Non-Sperm/Non-Sperm (480).bmp,test,2,-1.690307,-4.040650,5.310785
smids/Non-Sperm/Non-Sperm (499).bmp,test,2,-1.953625,-4.718517,5.917580
smids/Non-Sperm/Non-Sperm (500).bmp,test,2,-2.229165,-4.481893,6.432964
smids/Non-Sperm/Non-Sperm (501).bmp,test,2,-0.430833,-3.383478,3.214931
smids/Non-Sperm/Non-Sperm (502).bmp,test,2,-3.086708,-6.197621,8.951358
smids/Non-Sperm/Non-Sperm (509).bmp,test,2,-3.831409,-3.702820,6.790092
smids/Non-Sperm/Non-Sperm (524).bmp,test,2,-1.612244,-2.338819,3.597255
smids/Non-Sperm/Non-Sperm (532).bmp,test,2,-4.556415,-4.832782,9.237639
smids/Non-Sperm/Non-Sperm (533).bmp,test,2,-2.063788,-2.509984,3.945115
smids/Non-Sperm/Non-Sperm (535).bmp,test,2,-4.506207,-4.792714,8.752508
smids/Non-Sperm/Non-Sperm (536).bmp,test,2,-5.132461,-2.069134,7.215804
smids/Non-Sperm/Non-Sperm (539).bmp,test,2,-5.073899,-5.651964,10.210062
smids/Non-Sperm/Non-Sperm (540).bmp,test,2,-1.091803,-2.725790,3.897340
smids/Non-Sperm/Non-Sperm (547).bmp,test,2,-3.750461,-4.834410,8.985888
smids/Non-Sperm/Non-Sperm (548).bmp,test,2,-4.709498,-4.644169,9.444461
smids/Non-Sperm/Non-Sperm (55).bmp,test,2,-1.564614,2.678344,-0.708220
smids/Non-Sperm/Non-Sperm (554).bmp,test,2,-4.394325,-0.356165,5.342537
smids/Non-Sperm/Non-Sperm (562).bmp,test,2,-2.265021,-4.753819,6.437227
smids/Non-Sperm/Non-Sperm (563).bmp,test,2,-2.492855,-2.327745,4.573521
smids/Non-Sperm/Non-Sperm (571).bmp,test,2,-3.077790,0.876151,2.980696
smids/Non-Sperm/Non-Sperm (575).bmp,test,2,-1.905449,-2.075992,3.930806
smids/Non-Sperm/Non-Sperm (576).bmp,test,2,-4.935036,0.905944,4.301422
smids/Non-Sperm/Non-Sperm (578).bmp,test,2,-4.697143,-4.252039,8.650294
smids/Non-Sperm/Non-Sperm (58).bmp,test,2,-3.325854,1.770899,2.393287
smids/Non-Sperm/Non-Sperm (587).bmp,test,2,-5.746263,-1.495164,7.079040
smids/Non-Sperm/Non-Sperm (595).bmp,test,2,-3.566432,-4.822730,7.738101
smids/Non-Sperm/Non-Sperm (596).bmp,test,2,-4.146367,-3.985692,8.208871
smids/Non-Sperm/Non-Sperm (603).bmp,test,2,-5.391596,-2.477055,7.766488
smids/Non-Sperm/Non-Sperm (606).bmp,test,2,-4.948445,-5.223921,9.050212
smids/Non-Sperm/Non-Sperm (614).bmp,test,2,-3.753864,-4.501648,7.388183
smids/Non-Sperm/Non-Sperm (615).bmp,test,2,-4.434744,-2.995782,6.899824
smids/Non-Sperm/Non-Sperm (617).bmp,test,2,-4.467121,-4.651180,8.691507
smids/Non-Sperm/Non-Sperm (619).bmp,test,2,-2.727535,-2.387868,5.017871
smids/Non-Sperm/Non-Sperm (620).bmp,test,2,-5.876166,-5.379637,11.063327
smids/Non-Sperm/Non-Sperm (627).bmp,test,2,-4.235452,-5.572573,8.799026
smids/Non-Sperm/Non-Sperm (632).bmp,test,2,-0.794545,-1.296625,1.415408
smids/Non-Sperm/Non-Sperm (638).bmp,test,2,-3.349648,-3.724705,6.621742
smids/Non-Sperm/Non-Sperm (641).bmp,test,2,-4.159323,-4.989412,8.250176
smids/Non-Sperm/Non-Sperm (648).bmp,test,2,-4.822706,-2.893864,7.634267
smids/Non-Sperm/Non-Sperm (650).bmp,test,2,-2.659145,0.176872,2.790284
smids/Non-Sperm/Non-Sperm (651).bmp,test,2,-4.834914,-5.451622,9.807849
smids/Non-Sperm/Non-Sperm (658).bmp,test,2,-5.583176,-2.579317,8.309938
smids/Non-Sperm/Non-Sperm (661).bmp,test,2,-4.460429,-2.844083,7.618577
smids/Non-Sperm/Non-Sperm (664).bmp,test,2,-3.642871,-1.203801,5.300257
smids/Non-Sperm/Non-Sperm (673).bmp,test,2,-5.171897,-3.619204,8.487548
smids/Non-Sperm/Non-Sperm (676).bmp,test,2,-3.398735,1.325305,2.530430
smids/Non-Sperm/Non-Sperm (68).bmp,test,2,-2.952087,-0.416630,4.030627
smids/Non-Sperm/Non-Sperm (685).bmp,test,2,-3.240932,-3.571507,7.042504
smids/Non-Sperm/Non-Sperm (688).bmp,test,2,-4.379529,-4.356593,7.946586
smids/Non-Sperm/Non-Sperm (69).bmp,test,2,-1.410960,0.929232,0.561926
smids/Non-Sperm/Non-Sperm (691).bmp,test,2,-1.447580,-1.947719,3.750895
smids/Non-Sperm/Non-Sperm (692).bmp,test,2,-4.433413,-2.115238,6.667475
smids/Non-Sperm/Non-Sperm (700).bmp,test,2,-3.643367,-5.299147,8.577144
smids/Non-Sperm/Non-Sperm (701).bmp,test,2,-4.378494,-2.066017,5.992006
smids/Non-Sperm/Non-Sperm (705).bmp,test,2,-0.634338,0.370801,0.399894
smids/Non-Sperm/Non-Sperm (712).bmp,test,2,-3.205082,-5.356182,8.055083
smids/Non-Sperm/Non-Sperm (714).bmp,test,2,-1.704032,-2.256804,4.080315
smids/Non-Sperm/Non-Sperm (719).bmp,test,2,-0.448558,-0.792769,1.811125
smids/Non-Sperm/Non-Sperm (725).bmp,test,2,-2.245049,-2.630606,4.379020
smids/Non-Sperm/Non-Sperm (731).bmp,test,2,-5.393818,-5.199417,9.861073
smids/Non-Sperm/Non-Sperm (750).bmp,test,2,-2.272442,-3.153770,4.490383
smids/Non-Sperm/Non-Sperm (751).bmp,test,2,-3.870330,-2.678247,6.591470
smids/Non-Sperm/Non-Sperm (755).bmp,test,2,-3.309881,0.240555,3.850131
smids/Non-Sperm/Non-Sperm (756).bmp,test,2,-2.411394,-2.052972,4.439521
smids/Non-Sperm/Non-Sperm (764).bmp,test,2,0.415781,-2.427739,2.417402
smids/Non-Sperm/Non-Sperm (769).bmp,test,2,-4.989046,-4.020825,8.253584
smids/Non-Sperm/Non-Sperm (77).bmp,test,2,-4.260267,0.073524,5.051655
smids/Non-Sperm/Non-Sperm (771).bmp,test,2,-3.484147,-4.005341,7.870783
smids/Non-Sperm/Non-Sperm (789).bmp,test,2,-3.439326,-3.315945,6.352540
smids/Non-Sperm/Non-Sperm (79).bmp,test,2,-1.429226,-0.347709,1.374393
smids/Non-Sperm/Non-Sperm (795).bmp,test,2,-2.623911,-1.583160,4.602576
smids/Non-Sperm/Non-Sperm (810).bmp,test,2,-2.440541,-2.908041,5.667998
smids/Non-Sperm/Non-Sperm (813).bmp,test,2,-4.230821,-2.614809,7.056615
smids/Non-Sperm/Non-Sperm (816).bmp,test,2,-2.191379,-3.639616,6.226758
smids/Non-Sperm/Non-Sperm (817).bmp,test,2,-1.428863,-2.245775,3.431125
smids/Non-Sperm/Non-Sperm (821).bmp,test,2,-3.427202,0.495767,3.243775
smids/Non-Sperm/Non-Sperm (822).bmp,test,2,-3.415810,-2.738390,6.005753
smids/Non-Sperm/Non-Sperm (828).bmp,test,2,-4.847567,-3.367753,7.892033
smids/Non-Sperm/Non-Sperm (834).bmp,test,2,0.804566,0.198763,-1.303611
smids/Non-Sperm/Non-Sperm (836).bmp,test,2,-2.789855,0.601576,1.839390
smids/Non-Sperm/Non-Sperm (844).bmp,test,2,-3.374894,-0.037809,2.736125
smids/Non-Sperm/Non-Sperm (848).bmp,test,2,-2.890522,-3.154932,5.598527
smids/Non-Sperm/Non-Sperm (857).bmp,test,2,-3.896356,-0.576962,4.299574
smids/Non-Sperm/Non-Sperm (860).bmp,test,2,-3.424015,-2.669176,6.084748
smids/Non-Sperm/Non-Sperm (861).bmp,test,2,-2.949135,-1.233063,4.100427
smids/Non-Sperm/Non-Sperm (863).bmp,test,2,-4.268323,-3.500368,7.004776
smids/Non-Sperm/Non-Sperm (866).bmp,test,2,-1.590906,-1.598566,2.219345
smids/Non-Sperm/Non-Sperm (871).bmp,test,2,-3.366664,-3.465324,6.652097
smids/Non-Sperm/Non-Sperm (872).bmp,test,2,-3.194484,-0.895175,3.633042
smids/Non-Sperm/Non-Sperm (876).bmp,test,2,1.871181,-1.566678,-0.878099
smids/Non-Sperm/Non-Sperm (879).bmp,test,2,-3.825338,0.623371,3.429695
smids/Non-Sperm/Non-Sperm (88).bmp,test,2,-1.774190,1.054268,1.510370
smids/Non-Sperm/Non-Sperm (880).bmp,test,2,-4.539706,-0.225229,4.638034
smids/Non-Sperm/Non-Sperm (882).bmp,test,2,-4.285076,-1.046089,5.519037
smids/Non-Sperm/Non-Sperm (886).bmp,test,2,-4.465528,0.662559,3.988087
smids/Non-Sperm/Non-Sperm (888).bmp,test,2,-3.879849,-1.018752,5.058045
smids/Non-Sperm/Non-Sperm (900).bmp,test,2,-0.758591,-1.162250,2.058801
smids/Non-Sperm/Non-Sperm (903).bmp,test,2,-0.758827,1.279099,0.110897
smids/Non-Sperm/Non-Sperm (918).bmp,test,2,-2.112200,0.307122,2.509849
smids/Non-Sperm/Non-Sperm (920).bmp,test,2,-4.690859,-1.564795,6.341031
smids/Non-Sperm/Non-Sperm (922).bmp,test,2,-3.866962,0.174635,4.559012
smids/Non-Sperm/Non-Sperm (923).bmp,test,2,-1.074151,-2.223825,3.510106
smids/Non-Sperm/Non-Sperm (924).bmp,test,2,-0.290283,-1.220132,1.974186
smids/Non-Sperm/Non-Sperm (928).bmp,test,2,-2.109170,1.520977,1.463970
smids/Non-Sperm/Non-Sperm (934).bmp,test,2,-1.599080,-1.785673,3.630944
smids/Non-Sperm/Non-Sperm (936).bmp,test,2,-1.156390,-1.264595,2.243338
smids/Non-Sperm/Non-Sperm (937).bmp,test,2,-4.733356,-0.153618,4.865489
smids/Non-Sperm/Non-Sperm (947).bmp,test,2,-1.436934,-1.506435,3.076518
smids/Non-Sperm/Non-Sperm (953).bmp,test,2,-2.481712,0.528019,2.371934
smids/Non-Sperm/Non-Sperm (961).bmp,test,2,-3.170247,1.573077,1.505227
smids/Non-Sperm/Non-Sperm (962).bmp,test,2,-0.910980,0.122007,1.612464
smids/Non-Sperm/Non-Sperm (966).bmp,test,2,0.732338,-1.002727,0.020066
smids/Non-Sperm/Non-Sperm (970).bmp,test,2,-3.520022,-0.977795,4.422755
smids/Non-Sperm/Non-Sperm (971).bmp,test,2,-0.465827,-2.119433,3.436912
smids/Normal_Sperm/Normal_Sperm (100).bmp,test,0,3.668633,-0.423924,-3.688636
smids/Normal_Sperm/Normal_Sperm (1005).bmp,test,0,1.728490,0.743848,-2.188834
smids/Normal_Sperm/Normal_Sperm (1007).bmp,test,0,4.121364,1.327906,-5.067537
smids/Normal_Sperm/Normal_Sperm (1021).bmp,test,0,2.344079,-0.903548,-1.385796
smids/Normal_Sperm/Normal_Sperm (108).bmp,test,0,3.899529,0.163636,-4.252143
smids/Normal_Sperm/Normal_Sperm (110).bmp,test,0,2.195128,-2.106758,-0.352593
smids/Normal_Sperm/Normal_Sperm (111).bmp,test,0,2.154359,0.437848,-3.017576
smids/Normal_Sperm/Normal_Sperm (117).bmp,test,0,7.663427,-0.026296,-7.980534
smids/Normal_Sperm/Normal_Sperm (133).bmp,test,0,1.074778,0.173816,-0.845977
smids/Normal_Sperm/Normal_Sperm (135).bmp,test,0,3.099680,2.435684,-6.226646
smids/Normal_Sperm/Normal_Sperm (136).bmp,test,0,1.668231,1.459832,-2.978511
smids/Normal_Sperm/Normal_Sperm (138).bmp,test,0,4.616331,1.022716,-6.107776
smids/Normal_Sperm/Normal_Sperm (139).bmp,test,0,4.200795,1.313488,-5.845789
smids/Normal_Sperm/Normal_Sperm (14).bmp,test,0,-0.751677,1.005638,-0.666148
smids/Normal_Sperm/Normal_Sperm (141).bmp,test,0,3.718608,2.738767,-6.815916
smids/Normal_Sperm/Normal_Sperm (143).bmp,test,0,4.486681,1.246031,-5.704659
smids/Normal_Sperm/Normal_Sperm (145).bmp,test,0,3.430481,1.731643,-5.350677
smids/Normal_Sperm/Normal_Sperm (16).bmp,test,0,-1.028256,-1.160577,2.307405
smids/Normal_Sperm/Normal_Sperm (162).bmp,test,0,4.136354,0.789389,-5.246436
smids/Normal_Sperm/Normal_Sperm (168).bmp,test,0,5.376469,0.492618,-6.110972
smids/Normal_Sperm/Normal_Sperm (172).bmp,test,0,3.531747,-0.442908,-2.963359
smids/Normal_Sperm/Normal_Sperm (174).bmp,test,0,5.012986,-0.198300,-4.845772
smids/Normal_Sperm/Normal_Sperm (176).bmp,test,0,5.667304,-0.614815,-4.982775
smids/Normal_Sperm/Normal_Sperm (182).bmp,test,0,1.211116,0.505399,-1.979842
smids/Normal_Sperm/Normal_Sperm (189).bmp,test,0,5.774635,-0.620463,-5.526575
smids/Normal_Sperm/Normal_Sperm (193).bmp,test,0,0.500720,-0.662026,-0.099967
smids/Normal_Sperm/Normal_Sperm (195).bmp,test,0,6.877275,-0.166822,-6.659706
smids/Normal_Sperm/Normal_Sperm (197).bmp,test,0,4.098670,0.207877,-4.751400
smids/Normal_Sperm/Normal_Sperm (2).bmp,test,0,3.707550,-1.428924,-2.362275
smids/Normal_Sperm/Normal_Sperm (207).bmp,test,0,4.141990,1.209532,-5.458441
smids/Normal_Sperm/Normal_Sperm (211).bmp,test,0,2.914691,-0.345447,-2.352792
smids/Normal_Sperm/Normal_Sperm (212).bmp,test,0,1.718187,-0.402435,-1.072064
smids/Normal_Sperm/Normal_Sperm (22).bmp,test,0,2.578260,-0.471605,-2.672017
smids/Normal_Sperm/Normal_Sperm (220).bmp,test,0,3.543720,0.959608,-4.394867
smids/Normal_Sperm/Normal_Sperm (227).bmp,test,0,4.265631,-1.021050,-3.314985
smids/Normal_Sperm/Normal_Sperm (23).bmp,test,0,3.116150,-1.522577,-2.085162
smids/Normal_Sperm/Normal_Sperm (230).bmp,test,0,2.770611,1.441797,-4.206715
smids/Normal_Sperm/Normal_Sperm (236).bmp,test,0,1.923044,-0.806069,-0.491027
smids/Normal_Sperm/Normal_Sperm (238).bmp,test,0,3.398699,3.717764,-7.681746
smids/Normal_Sperm/Normal_Sperm (24).bmp,test,0,4.203500,-0.961385,-3.176090
smids/Normal_Sperm/Normal_Sperm (245).bmp,test,0,4.243096,0.521554,-5.287816
smids/Normal_Sperm/Normal_Sperm (263).bmp,test,0,2.704631,0.037210,-3.099600
smids/Normal_Sperm/Normal_Sperm (274).bmp,test,0,2.713797,-1.345279,-1.540103
smids/Normal_Sperm/Normal_Sperm (276).bmp,test,0,4.079387,2.507895,-6.739424
smids/Normal_Sperm/Normal_Sperm (277).bmp,test,0,3.148373,0.108387,-3.049883
smids/Normal_Sperm/Normal_Sperm (279).bmp,test,0,6.087801,0.762024,-7.159125
smids/Normal_Sperm/Normal_Sperm (28).bmp,test,0,0.772805,-1.168325,0.076991
smids/Normal_Sperm/Normal_Sperm (285).bmp,test,0,3.699028,-0.422395,-3.409979
smids/Normal_Sperm/Normal_Sperm (286).bmp,test,0,2.788826,2.908080,-5.668544
smids/Normal_Sperm/Normal_Sperm (287).bmp,test,0,3.974164,0.974849,-5.166073
smids/Normal_Sperm/Normal_Sperm (29).bmp,test,0,5.935924,1.191053,-7.315620
smids/Normal_Sperm/Normal_Sperm (290).bmp,test,0,4.660001,-0.886365,-3.986949
smids/Normal_Sperm/Normal_Sperm (291).bmp,test,0,4.369365,-0.324053,-4.687428
smids/Normal_Sperm/Normal_Sperm (292).bmp,test,0,3.170014,1.346111,-4.693249
smids/Normal_Sperm/Normal_Sperm (296).bmp,test,0,2.050243,0.205666,-2.523072
smids/Normal_Sperm/Normal_Sperm (306).bmp,test,0,5.073606,1.328512,-6.772754
smids/Normal_Sperm/Normal_Sperm (31).bmp,test,0,-0.043372,-3.185811,2.973248
smids/Normal_Sperm/Normal_Sperm (310).bmp,test,0,4.108451,0.921776,-5.374535
smids/Normal_Sperm/Normal_Sperm (318).bmp,test,0,2.499405,0.532104,-3.259671
smids/Normal_Sperm/Normal_Sperm (320).bmp,test,0,3.159679,0.705407,-4.048537
smids/Normal_Sperm/Normal_Sperm (321).bmp,test,0,3.433522,0.941215,-4.337229
smids/Normal_Sperm/Normal_Sperm (323).bmp,test,0,5.101477,0.053703,-4.938543
smids/Normal_Sperm/Normal_Sperm (329).bmp,test,0,4.728495,0.438791,-5.148992
smids/Normal_Sperm/Normal_Sperm (333).bmp,test,0,3.487199,-0.144764,-3.589457
smids/Normal_Sperm/Normal_Sperm (34).bmp,test,0,0.562958,-2.273319,1.607013
smids/Normal_Sperm/Normal_Sperm (341).bmp,test,0,4.400231,0.886084,-5.373643
smids/Normal_Sperm/Normal_Sperm (343).bmp,test,0,5.503792,-1.003121,-4.659777
smids/Normal_Sperm/Normal_Sperm (347).bmp,test,0,1.490153,-1.163557,-0.011346
smids/Normal_Sperm/Normal_Sperm (351).bmp,test,0,1.720635,0.449842,-1.892097
smids/Normal_Sperm/Normal_Sperm (360).bmp,test,0,4.641933,0.717388,-5.642520
smids/Normal_Sperm/Normal_Sperm (365).bmp,test,0,4.947293,-1.336808,-3.922580
smids/Normal_Sperm/Normal_Sperm (369).bmp,test,0,4.145472,-1.570435,-2.792387
smids/Normal_Sperm/Normal_Sperm (376).bmp,test,0,5.004848,0.230545,-4.974576
smids/Normal_Sperm/Normal_Sperm (385).bmp,test,0,3.835572,1.547495,-5.484575
smids/Normal_Sperm/Normal_Sperm (39).bmp,test,0,5.380813,0.473362,-6.411581
smids/Normal_Sperm/Normal_Sperm (393).bmp,test,0,2.778727,0.309345,-3.607099
smids/Normal_Sperm/Normal_Sperm (40).bmp,test,0,1.958013,-2.805989,0.769106
smids/Normal_Sperm/Normal_Sperm (406).bmp,test,0,5.984624,1.283760,-7.383848
smids/Normal_Sperm/Normal_Sperm (413).bmp,test,0,4.611055,-1.045418,-3.423907
smids/Normal_Sperm/Normal_Sperm (420).bmp,test,0,4.071357,-0.307788,-4.342077
smids/Normal_Sperm/Normal_Sperm (43).bmp,test,0,1.524958,0.615998,-2.755534
smids/Normal_Sperm/Normal_Sperm (435).bmp,test,0,5.258849,-1.546279,-4.170403
smids/Normal_Sperm/Normal_Sperm (438).bmp,test,0,5.764443,-0.046439,-5.675847
smids/Normal_Sperm/Normal_Sperm (441).bmp,test,0,3.224038,1.655785,-5.332350
smids/Normal_Sperm/Normal_Sperm (466).bmp,test,0,2.248511,-0.777474,-1.133445
smids/Normal_Sperm/Normal_Sperm (47).bmp,test,0,0.825888,-0.163722,-0.734952
smids/Normal_Sperm/Normal_Sperm (471).bmp,test,0,8.499133,1.353979,-9.956773
smids/Normal_Sperm/Normal_Sperm (475).bmp,test,0,5.090459,-1.496366,-3.746793
smids/Normal_Sperm/Normal_Sperm (476).bmp,test,0,2.865280,3.186496,-6.271755
smids/Normal_Sperm/Normal_Sperm (478).bmp,test,0,5.241360,-0.358585,-5.050369
smids/Normal_Sperm/Normal_Sperm (484).bmp,test,0,4.132047,1.189048,-5.547117
smids/Normal_Sperm/Normal_Sperm (489).bmp,test,0,4.069774,0.681770,-4.787188
smids/Normal_Sperm/Normal_Sperm (493).bmp,test,0,4.695420,0.477798,-5.103625
smids/Normal_Sperm/Normal_Sperm (494).bmp,test,0,4.939610,1.736784,-6.625564
smids/Normal_Sperm/Normal_Sperm (496).bmp,test,0,3.130477,0.921758,-4.146322
smids/Normal_Sperm/Normal_Sperm (507).bmp,test,0,5.338224,-0.208389,-5.432856
smids/Normal_Sperm/Normal_Sperm (509).bmp,test,0,1.020849,0.560323,-1.474932
smids/Normal_Sperm/Normal_Sperm (510).bmp,test,0,6.669752,0.041799,-6.775161
smids/Normal_Sperm/Normal_Sperm (511).bmp,test,0,5.080565,0.374511,-5.090991
smids/Normal_Sperm/Normal_Sperm (518).bmp,test,0,5.286342,-0.826093,-4.760166
smids/Normal_Sperm/Normal_Sperm (519).bmp,test,0,4.536967,-1.236862,-3.345685
smids/Normal_Sperm/Normal_Sperm (537).bmp,test,0,4.895021,0.747014,-5.655046
smids/Normal_Sperm/Normal_Sperm (538).bmp,test,0,6.558479,1.473613,-8.027295
smids/Normal_Sperm/Normal_Sperm (545).bmp,test,0,5.194774,0.721930,-5.876365
smids/Normal_Sperm/Normal_Sperm (548).bmp,test,0,4.888899,-0.342904,-4.164674
smids/Normal_Sperm/Normal_Sperm (550).bmp,test,0,4.930243,-0.483322,-4.665367
smids/Normal_Sperm/Normal_Sperm (553).bmp,test,0,5.804750,0.115697,-5.676696
smids/Normal_Sperm/Normal_Sperm (554).bmp,test,0,5.718569,-1.491254,-4.429606
smids/Normal_Sperm/Normal_Sperm (557).bmp,test,0,5.344326,0.593111,-6.004464
smids/Normal_Sperm/Normal_Sperm (564).bmp,test,0,5.616665,0.200748,-5.515135
smids/Normal_Sperm/Normal_Sperm (571).bmp,test,0,6.271469,-0.819047,-5.754717
smids/Normal_Sperm/Normal_Sperm (573).bmp,test,0,5.358970,2.073767,-7.209121
smids/Normal_Sperm/Normal_Sperm (576).bmp,test,0,5.315030,0.872622,-6.367386
smids/Normal_Sperm/Normal_Sperm (577).bmp,test,0,5.327531,1.366895,-6.643323
smids/Normal_Sperm/Normal_Sperm (58).bmp,test,0,-0.110289,0.264867,0.039043
smids/Normal_Sperm/Normal_Sperm (580).bmp,test,0,5.096448,-0.940139,-4.082837
smids/Normal_Sperm/Normal_Sperm (581).bmp,test,0,4.680571,0.583852,-5.879165
smids/Normal_Sperm/Normal_Sperm (582).bmp,test,0,7.221825,0.360020,-8.058831
smids/Normal_Sperm/Normal_Sperm (584).bmp,test,0,5.670365,0.778557,-6.485421
smids/Normal_Sperm/Normal_Sperm (585).bmp,test,0,6.509600,1.654753,-8.398715
smids/Normal_Sperm/Normal_Sperm (596).bmp,test,0,5.811992,0.539802,-6.470364
smids/Normal_Sperm/Normal_Sperm (608).bmp,test,0,6.039299,1.622409,-7.723411
smids/Normal_Sperm/Normal_Sperm (622).bmp,test,0,1.778889,1.849675,-3.272359
smids/Normal_Sperm/Normal_Sperm (625).bmp,test,0,5.553768,-0.263751,-5.289028
smids/Normal_Sperm/Normal_Sperm (626).bmp,test,0,4.666135,2.117237,-6.519484
smids/Normal_Sperm/Normal_Sperm (636).bmp,test,0,5.402688,-0.261271,-5.574332
smids/Normal_Sperm/Normal_Sperm (638).bmp,test,0,5.068626,1.046132,-6.320776
smids/Normal_Sperm/Normal_Sperm (639).bmp,test,0,6.337755,0.257898,-6.445910
smids/Normal_Sperm/Normal_Sperm (643).bmp,test,0,5.729191,1.782751,-7.551826
smids/Normal_Sperm/Normal_Sperm (645).bmp,test,0,5.246102,0.360086,-5.904343
smids/Normal_Sperm/Normal_Sperm (651).bmp,test,0,3.215262,-0.234734,-3.297370
smids/Normal_Sperm/Normal_Sperm (652).bmp,test,0,3.600402,0.200429,-3.422674
smids/Normal_Sperm/Normal_Sperm (653).bmp,test,0,6.022675,0.306601,-6.440204
smids/Normal_Sperm/Normal_Sperm (660).bmp,test,0,7.321504,0.947961,-8.744751
smids/Normal_Sperm/Normal_Sperm (663).bmp,test,0,6.416241,1.510949,-8.345834
smids/Normal_Sperm/Normal_Sperm (667).bmp,test,0,5.920480,0.267901,-6.469579
smids/Normal_Sperm/Normal_Sperm (686).bmp,test,0,4.947559,0.151631,-4.504632
smids/Normal_Sperm/Normal_Sperm (699).bmp,test,0,4.383904,1.462212,-5.780127
smids/Normal_Sperm/Normal_Sperm (7).bmp,test,0,7.056029,-0.896146,-6.497845
smids/Normal_Sperm/Normal_Sperm (701).bmp,test,0,4.268435,2.485405,-6.941667
smids/Normal_Sperm/Normal_Sperm (709).bmp,test,0,3.788383,-0.660851,-3.125397
smids/Normal_Sperm/Normal_Sperm (71).bmp,test,0,6.369009,0.778662,-7.049689
smids/Normal_Sperm/Normal_Sperm (715).bmp,test,0,4.193523,-0.396264,-3.600358
smids/Normal_Sperm/Normal_Sperm (728).bmp,test,0,4.087716,0.400447,-4.412070
smids/Normal_Sperm/Normal_Sperm (736).bmp,test,0,5.888017,1.182946,-7.410255
smids/Normal_Sperm/Normal_Sperm (737).bmp,test,0,5.032448,-0.586070,-4.622903
smids/Normal_Sperm/Normal_Sperm (745).bmp,test,0,5.189566,-0.644047,-5.013999
smids/Normal_Sperm/Normal_Sperm (749).bmp,test,0,6.523614,-0.690183,-5.795442
smids/Normal_Sperm/Normal_Sperm (753).bmp,test,0,5.079035,0.031309,-4.814601
smids/Normal_Sperm/Normal_Sperm (756).bmp,test,0,4.781623,-0.641380,-3.667219
smids/Normal_Sperm/Normal_Sperm (763).bmp,test,0,5.866800,1.152135,-7.189123
smids/Normal_Sperm/Normal_Sperm (766).bmp,test,0,5.906041,0.377463,-6.316079
smids/Normal_Sperm/Normal_Sperm (768).bmp,test,0,3.797202,0.096062,-4.036751
smids/Normal_Sperm/Normal_Sperm (777).bmp,test,0,4.195214,-0.178318,-4.015929
smids/Normal_Sperm/Normal_Sperm (781).bmp,test,0,6.929636,-0.403917,-6.585826
smids/Normal_Sperm/Normal_Sperm (795).bmp,test,0,6.833840,0.516111,-7.264863
smids/Normal_Sperm/Normal_Sperm (80).bmp,test,0,6.891085,0.052367,-7.397281
smids/Normal_Sperm/Normal_Sperm (803).bmp,test,0,4.970557,-1.286691,-3.142732
smids/Normal_Sperm/Normal_Sperm (81).bmp,test,0,3.552049,-0.598668,-3.620762
smids/Normal_Sperm/Normal_Sperm (813).bmp,test,0,2.184745,-0.905428,-1.107221
smids/Normal_Sperm/Normal_Sperm (820).bmp,test,0,4.123928,-0.575187,-3.539343
smids/Normal_Sperm/Normal_Sperm (821).bmp,test,0,6.885479,0.656289,-7.783036
smids/Normal_Sperm/Normal_Sperm (827).bmp,test,0,3.936251,-0.260579,-3.683535
smids/Normal_Sperm/Normal_Sperm (834).bmp,test,0,4.121222,3.457294,-7.469577
smids/Normal_Sperm/Normal_Sperm (838).bmp,test,0,5.381145,0.861296,-6.395568
smids/Normal_Sperm/Normal_Sperm (84).bmp,test,0,5.512840,1.922845,-7.580126
smids/Normal_Sperm/Normal_Sperm (844).bmp,test,0,3.197439,-0.631213,-2.546062
smids/Normal_Sperm/Normal_Sperm (85).bmp,test,0,1.355950,0.969036,-1.886845
smids/Normal_Sperm/Normal_Sperm (850).bmp,test,0,5.325130,0.701367,-6.288504
smids/Normal_Sperm/Normal_Sperm (851).bmp,test,0,-0.508266,2.417156,-1.146993
smids/Normal_Sperm/Normal_Sperm (858).bmp,test,0,5.962454,0.548184,-6.844694
smids/Normal_Sperm/Normal_Sperm (861).bmp,test,0,3.126763,-0.027269,-2.821060
smids/Normal_Sperm/Normal_Sperm (863).bmp,test,0,0.150432,-0.300471,0.131234
smids/Normal_Sperm/Normal_Sperm (864).bmp,test,0,3.852005,0.076550,-3.890010
smids/Normal_Sperm/Normal_Sperm (87).bmp,test,0,2.246842,0.586807,-2.986514
smids/Normal_Sperm/Normal_Sperm (885).bmp,test,0,6.619843,1.459010,-8.090492
smids/Normal_Sperm/Normal_Sperm (891).bmp,test,0,2.588415,0.920487,-2.763674
smids/Normal_Sperm/Normal_Sperm (895).bmp,test,0,6.587943,0.329581,-6.968024
smids/Normal_Sperm/Normal_Sperm (896).bmp,test,0,4.385593,0.054561,-4.129961
smids/Normal_Sperm/Normal_Sperm (897).bmp,test,0,2.748308,2.252891,-5.258508
smids/Normal_Sperm/Normal_Sperm (900).bmp,test,0,4.199970,0.417707,-4.589065
smids/Normal_Sperm/Normal_Sperm (904).bmp,test,0,5.765271,0.892298,-6.727922
smids/Normal_Sperm/Normal_Sperm (907).bmp,test,0,0.675154,2.999525,-3.595970
smids/Normal_Sperm/Normal_Sperm (909).bmp,test,0,2.498731,3.887254,-5.993374
smids/Normal_Sperm/Normal_Sperm (916).bmp,test,0,5.010753,3.174305,-8.255189
smids/Normal_Sperm/Normal_Sperm (922).bmp,test,0,2.603749,2.268043,-5.031559
smids/Normal_Sperm/Normal_Sperm (923).bmp,test,0,4.988030,2.208954,-6.834412
smids/Normal_Sperm/Normal_Sperm (926).bmp,test,0,3.834129,1.633494,-5.396489
smids/Normal_Sperm/Normal_Sperm (929).bmp,test,0,6.407145,1.184072,-7.666802
smids/Normal_Sperm/Normal_Sperm (93).bmp,test,0,1.983960,-0.232218,-2.080391
smids/Normal_Sperm/Normal_Sperm (932).bmp,test,0,5.449849,1.271904,-6.486208
smids/Normal_Sperm/Normal_Sperm (942).bmp,test,0,4.815403,1.071565,-5.581104
smids/Normal_Sperm/Normal_Sperm (957).bmp,test,0,3.072806,2.882920,-5.825446
smids/Normal_Sperm/Normal_Sperm (962).bmp,test,0,-1.668018,0.480418,1.216483
smids/Normal_Sperm/Normal_Sperm (964).bmp,test,0,4.916409,1.284461,-6.298071
smids/Normal_Sperm/Normal_Sperm (965).bmp,test,0,6.380342,0.348944,-7.197630
smids/Normal_Sperm/Normal_Sperm (969).bmp,test,0,-0.119289,0.857245,-0.933304
smids/Normal_Sperm/Normal_Sperm (986).bmp,test,0,2.509137,1.249256,-4.024327
smids/Normal_Sperm/Normal_Sperm (989).bmp,test,0,1.355762,0.848487,-1.722295
smids/Normal_Sperm/Normal_Sperm (992).bmp,test,0,3.449041,-2.240208,-1.605569
smids/Normal_Sperm/Normal_Sperm (995).bmp,test,0,4.495004,-0.406132,-4.260604
