image_id,role,label_idx,logit_0,logit_1,logit_2
smids/Abnormal_Sperm/Abnormal_Sperm (118).bmp,val,1,-1.220662,3.614469,-2.393808
smids/Abnormal_Sperm/Abnormal_Sperm (12).bmp,val,1,0.474294,0.856353,-1.330648
smids/Abnormal_Sperm/Abnormal_Sperm (126).bmp,val,1,0.237745,2.832539,-3.070283
smids/Abnormal_Sperm/Abnormal_Sperm (128).bmp,val,1,0.276565,2.203974,-2.480539
smids/Abnormal_Sperm/Abnormal_Sperm (134).bmp,val,1,0.137509,2.409490,-2.546999
smids/Abnormal_Sperm/Abnormal_Sperm (14).bmp,val,1,0.648401,0.815281,-1.463681
smids/Abnormal_Sperm/Abnormal_Sperm (148).bmp,val,1,-0.210095,2.813915,-2.603820
smids/Abnormal_Sperm/Abnormal_Sperm (15).bmp,val,1,0.725205,1.292663,-2.017868
smids/Abnormal_Sperm/Abnormal_Sperm (155).bmp,val,1,-1.294155,2.704631,-1.410476
smids/Abnormal_Sperm/Abnormal_Sperm (158).bmp,val,1,-1.551680,1.786995,-0.235314
smids/Abnormal_Sperm/Abnormal_Sperm (159).bmp,val,1,-0.044984,4.249801,-4.204817
smids/Abnormal_Sperm/Abnormal_Sperm (18).bmp,val,1,-0.594077,3.214694,-2.620613
smids/Abnormal_Sperm/Abnormal_Sperm (19).bmp,val,1,-1.477182,2.389972,-0.912789
smids/Abnormal_Sperm/Abnormal_Sperm (191).bmp,val,1,0.293034,0.423037,-0.716069
smids/Abnormal_Sperm/Abnormal_Sperm (194).bmp,val,1,-0.686750,2.480824,-1.794072
smids/Abnormal_Sperm/Abnormal_Sperm (197).bmp,val,1,-0.928483,2.731393,-1.802908
smids/Abnormal_Sperm/Abnormal_Sperm (204).bmp,val,1,-0.517035,1.726950,-1.209914
smids/Abnormal_Sperm/Abnormal_Sperm (206).bmp,val,1,-0.146401,1.602347,-1.455945
smids/Abnormal_Sperm/Abnormal_Sperm (223).bmp,val,1,-1.530797,1.433550,0.097249
smids/Abnormal_Sperm/Abnormal_Sperm (237).bmp,val,1,-1.409799,0.689476,0.720323
smids/Abnormal_Sperm/Abnormal_Sperm (24).bmp,val,1,-1.397820,4.292363,-2.894543
smids/Abnormal_Sperm/Abnormal_Sperm (249).bmp,val,1,-1.529401,2.824802,-1.295399
smids/Abnormal_Sperm/Abnormal_Sperm (263).bmp,val,1,-1.249421,2.220421,-0.971000
smids/Abnormal_Sperm/Abnormal_Sperm (271).bmp,val,1,-1.778236,2.947069,-1.168833
smids/Abnormal_Sperm/Abnormal_Sperm (275).bmp,val,1,-0.418788,3.103635,-2.684844
smids/Abnormal_Sperm/Abnormal_Sperm (283).bmp,val,1,-1.137366,0.803829,0.333539
smids/Abnormal_Sperm/Abnormal_Sperm (287).bmp,val,1,-0.832117,2.072696,-1.240578
smids/Abnormal_Sperm/Abnormal_Sperm (296).bmp,val,1,-0.399127,1.257580,-0.858452
smids/Abnormal_Sperm/Abnormal_Sperm (298).bmp,val,1,-1.224909,1.457816,-0.232906
smids/Abnormal_Sperm/Abnormal_Sperm (333).bmp,val,1,-0.732536,2.526064,-1.793528
smids/Abnormal_Sperm/Abnormal_Sperm (339).bmp,val,1,0.653873,3.690030,-4.343901
smids/Abnormal_Sperm/Abnormal_Sperm (341).bmp,val,1,-0.277309,3.131359,-2.854050
smids/Abnormal_Sperm/Abnormal_Sperm (350).bmp,val,1,-1.205222,2.023981,-0.818756
smids/Abnormal_Sperm/Abnormal_Sperm (352).bmp,val,1,-0.674085,2.244139,-1.570053
smids/Abnormal_Sperm/Abnormal_Sperm (357).bmp,val,1,-1.692328,1.483785,0.208546
smids/Abnormal_Sperm/Abnormal_Sperm (368).bmp,val,1,-2.555461,1.262403,1.293059
smids/Abnormal_Sperm/Abnormal_Sperm (380).bmp,val,1,-3.375018,3.288860,0.086161
smids/Abnormal_Sperm/Abnormal_Sperm (387).bmp,val,1,1.783298,2.118677,-3.901971
smids/Abnormal_Sperm/Abnormal_Sperm (389).bmp,val,1,-0.773981,1.856602,-1.082621
smids/Abnormal_Sperm/Abnormal_Sperm (393).bmp,val,1,-1.323028,2.885695,-1.562666
smids/Abnormal_Sperm/Abnormal_Sperm (395).bmp,val,1,-2.484096,2.948948,-0.464851
smids/Abnormal_Sperm/Abnormal_Sperm (401).bmp,val,1,0.607823,1.898327,-2.506148
smids/Abnormal_Sperm/Abnormal_Sperm (409).bmp,val,1,-0.659692,1.573910,-0.914217
smids/Abnormal_Sperm/Abnormal_Sperm (410).bmp,val,1,-0.740228,0.901245,-0.161016
smids/Abnormal_Sperm/Abnormal_Sperm (413).bmp,val,1,-2.321508,1.344310,0.977200
smids/Abnormal_Sperm/Abnormal_Sperm (418).bmp,val,1,-2.708270,1.924584,0.783687
smids/Abnormal_Sperm/Abnormal_Sperm (423).bmp,val,1,-2.737401,3.079743,-0.342341
smids/Abnormal_Sperm/Abnormal_Sperm (435).bmp,val,1,0.434594,1.879029,-2.313623
smids/Abnormal_Sperm/Abnormal_Sperm (446).bmp,val,1,0.272893,2.029307,-2.302201
smids/Abnormal_Sperm/Abnormal_Sperm (449).bmp,val,1,-1.710422,3.655386,-1.944964
smids/Abnormal_Sperm/Abnormal_Sperm (452).bmp,val,1,-1.696293,2.034807,-0.338514
smids/Abnormal_Sperm/Abnormal_Sperm (454).bmp,val,1,-0.716007,3.255934,-2.539926
smids/Abnormal_Sperm/Abnormal_Sperm (48).bmp,val,1,-0.172663,1.427022,-1.254357
smids/Abnormal_Sperm/Abnormal_Sperm (482).bmp,val,1,-2.240431,2.487295,-0.246864
smids/Abnormal_Sperm/Abnormal_Sperm (484).bmp,val,1,-0.913735,1.619257,-0.705522
smids/Abnormal_Sperm/Abnormal_Sperm (485).bmp,val,1,0.458207,2.427125,-2.885331
smids/Abnormal_Sperm/Abnormal_Sperm (488).bmp,val,1,-2.840751,0.053736,2.787017
smids/Abnormal_Sperm/Abnormal_Sperm (498).bmp,val,1,-0.259805,-0.483059,0.742864
smids/Abnormal_Sperm/Abnormal_Sperm (500).bmp,val,1,1.623393,-0.857291,-0.766100
smids/Abnormal_Sperm/Abnormal_Sperm (505).bmp,val,1,-2.640808,1.347289,1.293520
smids/Abnormal_Sperm/Abnormal_Sperm (506).bmp,val,1,-1.233312,3.033009,-1.799698
smids/Abnormal_Sperm/Abnormal_Sperm (517).bmp,val,1,-1.448000,2.949611,-1.501611
smids/Abnormal_Sperm/Abnormal_Sperm (519).bmp,val,1,1.624370,2.424252,-4.048620
smids/Abnormal_Sperm/Abnormal_Sperm (528).bmp,val,1,-1.547192,1.951945,-0.404752
smids/Abnormal_Sperm/Abnormal_Sperm (542).bmp,val,1,0.516185,2.049799,-2.565984
smids/Abnormal_Sperm/Abnormal_Sperm (549).bmp,val,1,1.924393,-0.403233,-1.521158
smids/Abnormal_Sperm/Abnormal_Sperm (551).bmp,val,1,-0.245324,-0.303673,0.548996
smids/Abnormal_Sperm/Abnormal_Sperm (552).bmp,val,1,2.894940,-0.667562,-2.227379
smids/Abnormal_Sperm/Abnormal_Sperm (567).bmp,val,1,0.008102,1.603315,-1.611416
smids/Abnormal_Sperm/Abnormal_Sperm (568).bmp,val,1,-1.539541,2.547575,-1.008034
smids/Abnormal_Sperm/Abnormal_Sperm (570).bmp,val,1,-1.338344,1.044761,0.293584
smids/Abnormal_Sperm/Abnormal_Sperm (579).bmp,val,1,1.520028,1.042810,-2.562836
smids/Abnormal_Sperm/Abnormal_Sperm (585).bmp,val,1,-0.324667,-1.583665,1.908334
smids/Abnormal_Sperm/Abnormal_Sperm (598).bmp,val,1,-0.222674,3.263634,-3.040960
smids/Abnormal_Sperm/Abnormal_Sperm (599).bmp,val,1,-0.025185,0.984279,-0.959093
smids/Abnormal_Sperm/Abnormal_Sperm (605).bmp,val,1,0.227846,-0.380005,0.152159
smids/Abnormal_Sperm/Abnormal_Sperm (645).bmp,val,1,-0.849298,1.699311,-0.850013
smids/Abnormal_Sperm/Abnormal_Sperm (648).bmp,val,1,-0.022449,1.804912,-1.782464
smids/Abnormal_Sperm/Abnormal_Sperm (66).bmp,val,1,-2.213883,1.923121,0.290763
smids/Abnormal_Sperm/Abnormal_Sperm (67).bmp,val,1,-2.259838,1.895838,0.364003
smids/Abnormal_Sperm/Abnormal_Sperm (670).bmp,val,1,1.688269,-0.111445,-1.576826
smids/Abnormal_Sperm/Abnormal_Sperm (682).bmp,val,1,-1.458961,1.017858,0.441103
smids/Abnormal_Sperm/Abnormal_Sperm (685).bmp,val,1,-0.109247,1.285253,-1.176005
smids/Abnormal_Sperm/Abnormal_Sperm (686).bmp,val,1,-0.590198,1.179136,-0.588935
smids/Abnormal_Sperm/Abnormal_Sperm (691).bmp,val,1,-0.751093,2.253204,-1.502110
smids/Abnormal_Sperm/Abnormal_Sperm (701).bmp,val,1,-1.966061,2.708245,-0.742185
smids/Abnormal_Sperm/Abnormal_Sperm (708).bmp,val,1,-0.045575,1.490004,-1.444428
smids/Abnormal_Sperm/Abnormal_Sperm (713).bmp,val,1,1.630014,1.304331,-2.934346
smids/Abnormal_Sperm/Abnormal_Sperm (718).bmp,val,1,-0.429978,1.558737,-1.128758
smids/Abnormal_Sperm/Abnormal_Sperm (743).bmp,val,1,0.995168,2.112936,-3.108103
smids/Abnormal_Sperm/Abnormal_Sperm (754).bmp,val,1,0.207850,1.793766,-2.001617
smids/Abnormal_Sperm/Abnormal_Sperm (771).bmp,val,1,-3.382739,1.022407,2.360332
smids/Abnormal_Sperm/Abnormal_Sperm (777).bmp,val,1,1.286419,2.002877,-3.289298
smids/Abnormal_Sperm/Abnormal_Sperm (778).bmp,val,1,-0.770747,2.631338,-1.860591
smids/Abnormal_Sperm/Abnormal_Sperm (789).bmp,val,1,-2.078694,1.558068,0.520627
smids/Abnormal_Sperm/Abnormal_Sperm (796).bmp,val,1,1.573059,1.301399,-2.874461
smids/Abnormal_Sperm/Abnormal_Sperm (813).bmp,val,1,0.369386,0.895207,-1.264590
smids/Abnormal_Sperm/Abnormal_Sperm (818).bmp,val,1,1.247155,1.731378,-2.978533
smids/Abnormal_Sperm/Abnormal_Sperm (822).bmp,val,1,0.835377,0.473342,-1.308718
smids/Abnormal_Sperm/Abnormal_Sperm (827).bmp,val,1,0.397768,2.036260,-2.434029
smids/Abnormal_Sperm/Abnormal_Sperm (842).bmp,val,1,1.259313,2.377017,-3.636330
smids/Abnormal_Sperm/Abnormal_Sperm (85).bmp,val,1,-1.817180,3.512671,-1.695489
smids/Abnormal_Sperm/Abnormal_Sperm (850).bmp,val,1,-0.722920,1.737066,-1.014144
smids/Abnormal_Sperm/Abnormal_Sperm (860).bmp,val,1,2.555538,0.488395,-3.043934
smids/Abnormal_Sperm/Abnormal_Sperm (866).bmp,val,1,-0.826079,1.734476,-0.908395
smids/Abnormal_Sperm/Abnormal_Sperm (879).bmp,val,1,-0.042167,1.920307,-1.878139
smids/Abnormal_Sperm/Abnormal_Sperm (898).bmp,val,1,0.508284,2.172554,-2.680836
smids/Abnormal_Sperm/Abnormal_Sperm (903).bmp,val,1,1.899207,0.990142,-2.889349
smids/Abnormal_Sperm/Abnormal_Sperm (906).bmp,val,1,1.542663,0.902437,-2.445101
smids/Abnormal_Sperm/Abnormal_Sperm (908).bmp,val,1,0.189367,2.010785,-2.200150
smids/Abnormal_Sperm/Abnormal_Sperm (917).bmp,val,1,0.548311,-0.178187,-0.370123
smids/Abnormal_Sperm/Abnormal_Sperm (931).bmp,val,1,1.327310,0.876575,-2.203886
smids/Abnormal_Sperm/Abnormal_Sperm (947).bmp,val,1,-0.041905,1.753481,-1.711575
smids/Abnormal_Sperm/Abnormal_Sperm (962).bmp,val,1,-3.479561,2.132572,1.346989
smids/Abnormal_Sperm/Abnormal_Sperm (967).bmp,val,1,-2.363631,3.537156,-1.173524
smids/Abnormal_Sperm/Abnormal_Sperm (986).bmp,val,1,-1.282243,1.048955,0.233287
smids/Abnormal_Sperm/Abnormal_Sperm (993).bmp,val,1,-0.821083,1.991516,-1.170434
smids/Non-Sperm/Non-Sperm (102).bmp,val,2,-0.567150,-1.001399,1.568550
smids/Non-Sperm/Non-Sperm (105).bmp,val,2,-2.118826,-1.459741,3.578570
smids/Non-Sperm/Non-Sperm (115).bmp,val,2,-0.883409,-1.429809,2.313220
smids/Non-Sperm/Non-Sperm (118).bmp,val,2,-1.785453,-2.029067,3.814518
smids/Non-Sperm/Non-Sperm (13).bmp,val,2,-3.369799,-2.075671,5.445473
smids/Non-Sperm/Non-Sperm (131).bmp,val,2,-1.131229,-2.924736,4.055966
smids/Non-Sperm/Non-Sperm (132).bmp,val,2,-2.409133,-2.076419,4.485552
smids/Non-Sperm/Non-Sperm (144).bmp,val,2,-1.437087,-2.806628,4.243716
smids/Non-Sperm/Non-Sperm (151).bmp,val,2,-1.704678,-1.763368,3.468047
smids/Non-Sperm/Non-Sperm (153).bmp,val,2,-1.821950,-2.163331,3.985283
smids/Non-Sperm/Non-Sperm (183).bmp,val,2,-2.252434,-0.756340,3.008773
smids/Non-Sperm/Non-Sperm (186).bmp,val,2,-1.990079,-1.750378,3.740458
smids/Non-Sperm/Non-Sperm (187).bmp,val,2,-2.069286,-1.771412,3.840698
smids/Non-Sperm/Non-Sperm (196).bmp,val,2,-0.896677,-0.002358,0.899036
smids/Non-Sperm/Non-Sperm (211).bmp,val,2,-2.222247,-0.392455,2.614703
smids/Non-Sperm/Non-Sperm (220).bmp,val,2,-1.079206,-1.289887,2.369094
smids/Non-Sperm/Non-Sperm (223).bmp,val,2,-2.859185,-0.417803,3.276989
smids/Non-Sperm/Non-Sperm (226).bmp,val,2,-1.954347,-2.170886,4.125234
smids/Non-Sperm/Non-Sperm (228).bmp,val,2,-1.478139,-1.714739,3.192878
smids/Non-Sperm/Non-Sperm (231).bmp,val,2,-3.549088,-0.933850,4.482939
smids/Non-Sperm/Non-Sperm (232).bmp,val,2,-1.261971,-1.906644,3.168615
smids/Non-Sperm/Non-Sperm (233).bmp,val,2,-1.946268,-0.946146,2.892413
smids/Non-Sperm/Non-Sperm (242).bmp,val,2,-1.190024,-1.862356,3.052381
smids/Non-Sperm/Non-Sperm (243).bmp,val,2,-1.694460,-0.751004,2.445465
smids/Non-Sperm/Non-Sperm (244).bmp,val,2,-1.684272,-1.850400,3.534673
smids/Non-Sperm/Non-Sperm (252).bmp,val,2,-1.321861,-2.457282,3.779142
smids/Non-Sperm/Non-Sperm (26).bmp,val,2,-3.161064,1.838228,1.322838
smids/Non-Sperm/Non-Sperm (273).bmp,val,2,-1.213321,-1.859571,3.072890
smids/Non-Sperm/Non-Sperm (275).bmp,val,2,-1.809604,-0.843958,2.653562
smids/Non-Sperm/Non-Sperm (286).bmp,val,2,-0.816434,-1.780845,2.597280
smids/Non-Sperm/Non-Sperm (290).bmp,val,2,-1.092640,-2.221060,3.313699
smids/Non-Sperm/Non-Sperm (297).bmp,val,2,-2.557006,-1.387521,3.944528
smids/Non-Sperm/Non-Sperm (309).bmp,val,2,0.193815,-1.258023,1.064207
smids/Non-Sperm/Non-Sperm (321).bmp,val,2,-0.470839,-2.347572,2.818412
smids/Non-Sperm/Non-Sperm (328).bmp,val,2,-2.033488,-0.706760,2.740250
smids/Non-Sperm/Non-Sperm (335).bmp,val,2,-1.175246,0.234129,0.941118
smids/Non-Sperm/Non-Sperm (34).bmp,val,2,-0.961607,0.662732,0.298878
smids/Non-Sperm/Non-Sperm (340).bmp,val,2,-0.760357,-0.218241,0.978600
smids/Non-Sperm/Non-Sperm (351).bmp,val,2,-1.529408,-0.494763,2.024174
smids/Non-Sperm/Non-Sperm (353).bmp,val,2,-0.446988,0.935268,-0.488279
smids/Non-Sperm/Non-Sperm (355).bmp,val,2,-1.183085,1.397783,-0.214697
smids/Non-Sperm/Non-Sperm (357).bmp,val,2,-0.887513,0.043689,0.843823
smids/Non-Sperm/Non-Sperm (360).bmp,val,2,-0.716107,-1.100694,1.816801
smids/Non-Sperm/Non-Sperm (369).bmp,val,2,0.118052,-1.099006,0.980955
smids/Non-Sperm/Non-Sperm (379).bmp,val,2,-2.567280,-0.051866,2.619148
smids/Non-Sperm/Non-Sperm (383).bmp,val,2,-1.240139,-0.086164,1.326304
smids/Non-Sperm/Non-Sperm (390).bmp,val,2,-2.150976,-0.188772,2.339748
smids/Non-Sperm/Non-Sperm (391).bmp,val,2,-1.694270,0.155707,1.538563
smids/Non-Sperm/Non-Sperm (398).bmp,val,2,1.103720,1.023666,-2.127387
smids/Non-Sperm/Non-Sperm (403).bmp,val,2,-0.487814,-0.774019,1.261832
smids/Non-Sperm/Non-Sperm (415).bmp,val,2,1.239031,-0.615869,-0.623160
smids/Non-Sperm/Non-Sperm (426).bmp,val,2,-0.017874,-0.529055,0.546929
smids/Non-Sperm/Non-Sperm (428).bmp,val,2,-1.754292,0.084858,1.669436
smids/Non-Sperm/Non-Sperm (429).bmp,val,2,-3.264465,-0.937309,4.201777
smids/Non-Sperm/Non-Sperm (43).bmp,val,2,-1.550107,0.379959,1.170148
smids/Non-Sperm/Non-Sperm (453).bmp,val,2,-0.983232,-1.632140,2.615377
smids/Non-Sperm/Non-Sperm (455).bmp,val,2,-1.671096,-1.506302,3.177398
smids/Non-Sperm/Non-Sperm (460).bmp,val,2,-1.529183,-2.345013,3.874196
smids/Non-Sperm/Non-Sperm (463).bmp,val,2,-0.452686,-1.033274,1.485963
smids/Non-Sperm/Non-Sperm (468).bmp,val,2,-1.116851,-2.263505,3.380355
smids/Non-Sperm/Non-Sperm (47).bmp,val,2,-0.324790,-1.326394,1.651185
smids/Non-Sperm/Non-Sperm (48).bmp,val,2,-2.984536,1.719863,1.264674
smids/Non-Sperm/Non-Sperm (494).bmp,val,2,-0.469024,-1.453494,1.922516
smids/Non-Sperm/Non-Sperm (502).bmp,val,2,0.921399,-2.648986,1.727586
smids/Non-Sperm/Non-Sperm (506).bmp,val,2,-1.356161,-1.926484,3.282647
smids/Non-Sperm/Non-Sperm (51).bmp,val,2,-1.824679,-1.245980,3.070660
smids/Non-Sperm/Non-Sperm (518).bmp,val,2,-3.008321,-1.660401,4.668722
smids/Non-Sperm/Non-Sperm (524).bmp,val,2,-2.199532,-1.104748,3.304280
smids/Non-Sperm/Non-Sperm (525).bmp,val,2,-3.167100,-1.019418,4.186516
smids/Non-Sperm/Non-Sperm (530).bmp,val,2,-2.821908,-0.687880,3.509788
smids/Non-Sperm/Non-Sperm (531).bmp,val,2,-0.313387,-0.399636,0.713022
smids/Non-Sperm/Non-Sperm (537).bmp,val,2,-2.177377,-2.884428,5.061807
smids/Non-Sperm/Non-Sperm (54).bmp,val,2,-0.862426,0.181506,0.680922
smids/Non-Sperm/Non-Sperm (551).bmp,val,2,-2.789485,-1.429081,4.218566
smids/Non-Sperm/Non-Sperm (558).bmp,val,2,-2.423062,-2.163321,4.586382
smids/Non-Sperm/Non-Sperm (566).bmp,val,2,-2.753259,-0.478204,3.231463
smids/Non-Sperm/Non-Sperm (572).bmp,val,2,-0.731605,-0.316648,1.048253
smids/Non-Sperm/Non-Sperm (576).bmp,val,2,-2.190568,1.159620,1.030950
smids/Non-Sperm/Non-Sperm (578).bmp,val,2,-0.247249,-1.476465,1.723715
smids/Non-Sperm/Non-Sperm (585).bmp,val,2,-1.573439,-0.597563,2.171005
smids/Non-Sperm/Non-Sperm (594).bmp,val,2,-1.455423,-1.909381,3.364803
smids/Non-Sperm/Non-Sperm (624).bmp,val,2,-1.048351,-2.424167,3.472520
smids/Non-Sperm/Non-Sperm (625).bmp,val,2,-1.800942,-1.558020,3.358965
smids/Non-Sperm/Non-Sperm (628).bmp,val,2,-1.599604,-1.070855,2.670459
smids/Non-Sperm/Non-Sperm (641).bmp,val,2,-1.992864,-1.446053,3.438919
smids/Non-Sperm/Non-Sperm (645).bmp,val,2,-1.673132,-1.011513,2.684649
smids/Non-Sperm/Non-Sperm (654).bmp,val,2,-0.337728,-1.377297,1.715027
smids/Non-Sperm/Non-Sperm (656).bmp,val,2,-2.731376,-1.084059,3.815437
smids/Non-Sperm/Non-Sperm (662).bmp,val,2,-0.588384,-0.687475,1.275859
smids/Non-Sperm/Non-Sperm (672).bmp,val,2,-1.966843,-1.704426,3.671271
smids/Non-Sperm/Non-Sperm (69).bmp,val,2,-0.929223,0.040054,0.889172
smids/Non-Sperm/Non-Sperm (693).bmp,val,2,-4.491136,1.902561,2.588580
smids/Non-Sperm/Non-Sperm (694).bmp,val,2,-2.265156,-2.138025,4.403181
smids/Non-Sperm/Non-Sperm (741).bmp,val,2,-0.506479,-2.820030,3.326510
smids/Non-Sperm/Non-Sperm (749).bmp,val,2,-2.177567,0.124972,2.052595
smids/Non-Sperm/Non-Sperm (782).bmp,val,2,-0.613592,-1.978066,2.591660
smids/Non-Sperm/Non-Sperm (795).bmp,val,2,-0.144083,-1.032467,1.176548
smids/Non-Sperm/Non-Sperm (8).bmp,val,2,-2.386767,0.132565,2.254204
smids/Non-Sperm/Non-Sperm (808).bmp,val,2,-1.533226,-1.533990,3.067216
smids/Non-Sperm/Non-Sperm (814).bmp,val,2,-0.512606,-2.332812,2.845417
smids/Non-Sperm/Non-Sperm (828).bmp,val,2,-3.423567,-1.595216,5.018784
smids/Non-Sperm/Non-Sperm (83).bmp,val,2,-2.708614,-1.141991,3.850608
smids/Non-Sperm/Non-Sperm (834).bmp,val,2,1.100338,-0.257638,-0.842701
smids/Non-Sperm/Non-Sperm (84).bmp,val,2,-1.519037,-2.623701,4.142737
smids/Non-Sperm/Non-Sperm (845).bmp,val,2,0.214916,-0.613291,0.398376
smids/Non-Sperm/Non-Sperm (858).bmp,val,2,-1.981111,-1.275988,3.257101
smids/Non-Sperm/Non-Sperm (859).bmp,val,2,-3.179116,-0.856404,4.035519
smids/Non-Sperm/Non-Sperm (879).bmp,val,2,-3.059843,0.469425,2.590418
smids/Non-Sperm/Non-Sperm (884).bmp,val,2,-3.075678,0.379347,2.696336
smids/Non-Sperm/Non-Sperm (893).bmp,val,2,-0.700549,-0.985732,1.686281
smids/Non-Sperm/Non-Sperm (914).bmp,val,2,-1.870067,-0.628561,2.498631
smids/Non-Sperm/Non-Sperm (917).bmp,val,2,0.396969,-0.820819,0.423851
smids/Non-Sperm/Non-Sperm (920).bmp,val,2,-2.276047,-0.748672,3.024719
smids/Non-Sperm/Non-Sperm (947).bmp,val,2,-1.020100,-0.040916,1.061017
smids/Non-Sperm/Non-Sperm (948).bmp,val,2,-0.266150,0.632899,-0.366749
smids/Non-Sperm/Non-Sperm (950).bmp,val,2,1.026612,0.188628,-1.215241
smids/Non-Sperm/Non-Sperm (972).bmp,val,2,-1.963101,0.197307,1.765795
smids/Normal_Sperm/Normal_Sperm (103).bmp,val,0,2.328190,-0.831744,-1.496445
smids/Normal_Sperm/Normal_Sperm (120).bmp,val,0,0.976524,0.325976,-1.302500
smids/Normal_Sperm/Normal_Sperm (130).bmp,val,0,0.080352,0.754552,-0.834903
smids/Normal_Sperm/Normal_Sperm (141).bmp,val,0,3.367586,0.506891,-3.874476
smids/Normal_Sperm/Normal_Sperm (144).bmp,val,0,3.182388,0.203941,-3.386328
smids/Normal_Sperm/Normal_Sperm (150).bmp,val,0,1.077532,3.366148,-4.443679
smids/Normal_Sperm/Normal_Sperm (151).bmp,val,0,0.211343,-0.339449,0.128106
smids/Normal_Sperm/Normal_Sperm (152).bmp,val,0,0.030720,1.057409,-1.088130
smids/Normal_Sperm/Normal_Sperm (155).bmp,val,0,2.032495,-0.121463,-1.911033
smids/Normal_Sperm/Normal_Sperm (185).bmp,val,0,-0.159724,1.347795,-1.188071
smids/Normal_Sperm/Normal_Sperm (189).bmp,val,0,3.128964,-1.419967,-1.708998
smids/Normal_Sperm/Normal_Sperm (190).bmp,val,0,1.574482,1.262456,-2.836937
smids/Normal_Sperm/Normal_Sperm (194).bmp,val,0,2.952564,0.092028,-3.044593
smids/Normal_Sperm/Normal_Sperm (195).bmp,val,0,0.906458,0.151988,-1.058447
smids/Normal_Sperm/Normal_Sperm (196).bmp,val,0,1.274312,0.803372,-2.077685
smids/Normal_Sperm/Normal_Sperm (202).bmp,val,0,2.615303,-0.192938,-2.422365
smids/Normal_Sperm/Normal_Sperm (213).bmp,val,0,1.722608,0.094438,-1.817044
smids/Normal_Sperm/Normal_Sperm (216).bmp,val,0,2.147645,0.878066,-3.025711
smids/Normal_Sperm/Normal_Sperm (217).bmp,val,0,1.943774,-0.366943,-1.576832
smids/Normal_Sperm/Normal_Sperm (22).bmp,val,0,0.155761,-0.023586,-0.132175
smids/Normal_Sperm/Normal_Sperm (226).bmp,val,0,1.794875,0.851040,-2.645912
smids/Normal_Sperm/Normal_Sperm (236).bmp,val,0,0.558582,-1.541880,0.983304
smids/Normal_Sperm/Normal_Sperm (250).bmp,val,0,0.690165,0.840297,-1.530461
smids/Normal_Sperm/Normal_Sperm (253).bmp,val,0,-0.199573,1.351746,-1.152172
smids/Normal_Sperm/Normal_Sperm (256).bmp,val,0,2.740888,0.141855,-2.882743
smids/Normal_Sperm/Normal_Sperm (266).bmp,val,0,2.289462,-0.110326,-2.179137
smids/Normal_Sperm/Normal_Sperm (269).bmp,val,0,3.031126,0.716248,-3.747375
smids/Normal_Sperm/Normal_Sperm (279).bmp,val,0,1.882792,0.600930,-2.483723
smids/Normal_Sperm/Normal_Sperm (333).bmp,val,0,2.875427,-0.175673,-2.699756
smids/Normal_Sperm/Normal_Sperm (338).bmp,val,0,1.336613,0.283696,-1.620310
smids/Normal_Sperm/Normal_Sperm (349).bmp,val,0,0.129319,0.988387,-1.117705
smids/Normal_Sperm/Normal_Sperm (351).bmp,val,0,0.899537,0.093236,-0.992773
smids/Normal_Sperm/Normal_Sperm (356).bmp,val,0,3.583817,0.783925,-4.367743
smids/Normal_Sperm/Normal_Sperm (364).bmp,val,0,2.463025,-0.585830,-1.877198
smids/Normal_Sperm/Normal_Sperm (376).bmp,val,0,2.737250,-0.512135,-2.225119
smids/Normal_Sperm/Normal_Sperm (384).bmp,val,0,0.885523,1.545622,-2.431145
smids/Normal_Sperm/Normal_Sperm (39).bmp,val,0,2.187136,-0.852772,-1.334365
smids/Normal_Sperm/Normal_Sperm (393).bmp,val,0,1.271215,0.382519,-1.653733
smids/Normal_Sperm/Normal_Sperm (403).bmp,val,0,0.734549,1.282454,-2.017003
smids/Normal_Sperm/Normal_Sperm (404).bmp,val,0,1.640841,0.706504,-2.347347
smids/Normal_Sperm/Normal_Sperm (408).bmp,val,0,2.722193,0.743178,-3.465371
smids/Normal_Sperm/Normal_Sperm (41).bmp,val,0,-0.098030,-1.406779,1.504808
smids/Normal_Sperm/Normal_Sperm (410).bmp,val,0,0.658704,0.466655,-1.125358
smids/Normal_Sperm/Normal_Sperm (424).bmp,val,0,2.644916,0.041191,-2.686106
smids/Normal_Sperm/Normal_Sperm (441).bmp,val,0,0.888850,1.149506,-2.038357
smids/Normal_Sperm/Normal_Sperm (446).bmp,val,0,1.880700,-0.821742,-1.058958
smids/Normal_Sperm/Normal_Sperm (452).bmp,val,0,1.847634,0.072823,-1.920458
smids/Normal_Sperm/Normal_Sperm (457).bmp,val,0,3.199084,-0.911986,-2.287098
smids/Normal_Sperm/Normal_Sperm (46).bmp,val,0,0.882375,1.006262,-1.888638
smids/Normal_Sperm/Normal_Sperm (487).bmp,val,0,2.214813,0.198621,-2.413435
smids/Normal_Sperm/Normal_Sperm (49).bmp,val,0,0.519806,2.596560,-3.116366
smids/Normal_Sperm/Normal_Sperm (490).bmp,val,0,3.324933,0.143071,-3.468003
smids/Normal_Sperm/Normal_Sperm (497).bmp,val,0,2.348907,0.444915,-2.793825
smids/Normal_Sperm/Normal_Sperm (503).bmp,val,0,2.985931,1.317030,-4.302962
smids/Normal_Sperm/Normal_Sperm (504).bmp,val,0,3.825750,-0.347577,-3.478174
smids/Normal_Sperm/Normal_Sperm (505).bmp,val,0,3.480153,-0.855813,-2.624341
smids/Normal_Sperm/Normal_Sperm (51).bmp,val,0,2.795496,1.828306,-4.623802
smids/Normal_Sperm/Normal_Sperm (525).bmp,val,0,1.912007,-0.509935,-1.402073
smids/Normal_Sperm/Normal_Sperm (527).bmp,val,0,3.491040,0.818282,-4.309323
smids/Normal_Sperm/Normal_Sperm (542).bmp,val,0,2.381397,0.421252,-2.802649
smids/Normal_Sperm/Normal_Sperm (548).bmp,val,0,2.252993,-0.449380,-1.803614
smids/Normal_Sperm/Normal_Sperm (555).bmp,val,0,1.540198,-0.223549,-1.316648
smids/Normal_Sperm/Normal_Sperm (565).bmp,val,0,2.194323,0.202163,-2.396487
smids/Normal_Sperm/Normal_Sperm (566).bmp,val,0,4.569532,-0.128121,-4.441411
smids/Normal_Sperm/Normal_Sperm (573).bmp,val,0,1.953140,1.268902,-3.222041
smids/Normal_Sperm/Normal_Sperm (576).bmp,val,0,2.093498,-0.067705,-2.025793
smids/Normal_Sperm/Normal_Sperm (586).bmp,val,0,4.344209,0.541150,-4.885359
smids/Normal_Sperm/Normal_Sperm (6).bmp,val,0,0.825698,-1.005106,0.179409
smids/Normal_Sperm/Normal_Sperm (606).bmp,val,0,2.480580,-0.315641,-2.164940
smids/Normal_Sperm/Normal_Sperm (614).bmp,val,0,3.344256,-0.421517,-2.922740
smids/Normal_Sperm/Normal_Sperm (621).bmp,val,0,2.253491,0.897544,-3.151037
smids/Normal_Sperm/Normal_Sperm (624).bmp,val,0,1.547798,0.749652,-2.297450
smids/Normal_Sperm/Normal_Sperm (626).bmp,val,0,2.172657,-0.105702,-2.066955
smids/Normal_Sperm/Normal_Sperm (637).bmp,val,0,2.259123,1.032593,-3.291716
smids/Normal_Sperm/Normal_Sperm (639).bmp,val,0,2.230867,1.010541,-3.241407
smids/Normal_Sperm/Normal_Sperm (66).bmp,val,0,0.530186,-0.395518,-0.134668
smids/Normal_Sperm/Normal_Sperm (667).bmp,val,0,2.726161,0.990177,-3.716336
smids/Normal_Sperm/Normal_Sperm (669).bmp,val,0,2.010676,1.146941,-3.157618
smids/Normal_Sperm/Normal_Sperm (67).bmp,val,0,1.696649,1.026102,-2.722752
smids/Normal_Sperm/Normal_Sperm (673).bmp,val,0,1.037381,1.449678,-2.487058
smids/Normal_Sperm/Normal_Sperm (7).bmp,val,0,2.350429,-0.021176,-2.329252
smids/Normal_Sperm/Normal_Sperm (705).bmp,val,0,1.692334,1.442106,-3.134441
smids/Normal_Sperm/Normal_Sperm (719).bmp,val,0,3.214116,-0.982033,-2.232084
smids/Normal_Sperm/Normal_Sperm (729).bmp,val,0,3.565777,-1.285128,-2.280650
smids/Normal_Sperm/Normal_Sperm (735).bmp,val,0,3.902904,-0.273943,-3.628962
smids/Normal_Sperm/Normal_Sperm (741).bmp,val,0,3.298792,-1.008515,-2.290277
smids/Normal_Sperm/Normal_Sperm (742).bmp,val,0,2.901522,0.582277,-3.483800
smids/Normal_Sperm/Normal_Sperm (748).bmp,val,0,3.019284,0.687680,-3.706963
smids/Normal_Sperm/Normal_Sperm (749).bmp,val,0,3.434182,-0.436530,-2.997652
smids/Normal_Sperm/Normal_Sperm (77).bmp,val,0,3.016062,-1.947526,-1.068538
smids/Normal_Sperm/Normal_Sperm (777).bmp,val,0,2.779520,-0.632631,-2.146888
smids/Normal_Sperm/Normal_Sperm (789).bmp,val,0,2.563403,-1.169184,-1.394219
smids/Normal_Sperm/Normal_Sperm (793).bmp,val,0,0.153287,0.002513,-0.155797
smids/Normal_Sperm/Normal_Sperm (803).bmp,val,0,0.730215,-0.793402,0.063187
smids/Normal_Sperm/Normal_Sperm (808).bmp,val,0,1.998789,-0.524545,-1.474243
smids/Normal_Sperm/Normal_Sperm (817).bmp,val,0,2.093441,-1.459262,-0.634181
smids/Normal_Sperm/Normal_Sperm (819).bmp,val,0,2.503457,-1.147681,-1.355776
smids/Normal_Sperm/Normal_Sperm (838).bmp,val,0,2.694751,1.361715,-4.056466
smids/Normal_Sperm/Normal_Sperm (839).bmp,val,0,-0.074877,2.009218,-1.934339
smids/Normal_Sperm/Normal_Sperm (845).bmp,val,0,2.416433,-0.240864,-2.175569
smids/Normal_Sperm/Normal_Sperm (859).bmp,val,0,3.011224,0.868579,-3.879803
smids/Normal_Sperm/Normal_Sperm (87).bmp,val,0,1.587544,0.674411,-2.261955
smids/Normal_Sperm/Normal_Sperm (88).bmp,val,0,0.945098,-0.491897,-0.453203
smids/Normal_Sperm/Normal_Sperm (895).bmp,val,0,2.490391,1.900072,-4.390465
smids/Normal_Sperm/Normal_Sperm (897).bmp,val,0,0.749104,2.152610,-2.901714
smids/Normal_Sperm/Normal_Sperm (899).bmp,val,0,-1.547652,-0.333273,1.880927
smids/Normal_Sperm/Normal_Sperm (90).bmp,val,0,1.611729,0.060847,-1.672577
smids/Normal_Sperm/Normal_Sperm (912).bmp,val,0,4.049982,-0.007142,-4.042839
smids/Normal_Sperm/Normal_Sperm (914).bmp,val,0,-0.139303,1.467663,-1.328358
smids/Normal_Sperm/Normal_Sperm (926).bmp,val,0,1.888233,0.997475,-2.885709
smids/Normal_Sperm/Normal_Sperm (946).bmp,val,0,-0.713428,2.928455,-2.215026
smids/Normal_Sperm/Normal_Sperm (953).bmp,val,0,0.531596,2.010677,-2.542272
smids/Normal_Sperm/Normal_Sperm (955).bmp,val,0,1.852196,1.286155,-3.138351
smids/Normal_Sperm/Normal_Sperm (956).bmp,val,0,-0.940132,3.149838,-2.209704
smids/Normal_Sperm/Normal_Sperm (957).bmp,val,0,0.364538,3.473376,-3.837915
smids/Normal_Sperm/Normal_Sperm (958).bmp,val,0,2.530566,0.117706,-2.648273
smids/Normal_Sperm/Normal_Sperm (967).bmp,val,0,0.792765,2.717529,-3.510294
smids/Normal_Sperm/Normal_Sperm (969).bmp,val,0,-0.690881,0.677356,0.013528
smids/Normal_Sperm/Normal_Sperm (992).bmp,val,0,1.755151,-1.055587,-0.699568
smids/Normal_Sperm/Normal_Sperm (993).bmp,val,0,1.797294,-0.114570,-1.682725
smids/Abnormal_Sperm/Abnormal_Sperm (1001).bmp,calib,1,-1.149777,2.030480,-0.880703
smids/Abnormal_Sperm/Abnormal_Sperm (108).bmp,calib,1,1.098395,1.946103,-3.044499
smids/Abnormal_Sperm/Abnormal_Sperm (110).bmp,calib,1,-2.105569,1.425598,0.679971
smids/Abnormal_Sperm/Abnormal_Sperm (115).bmp,calib,1,0.366304,0.399909,-0.766211
smids/Abnormal_Sperm/Abnormal_Sperm (123).bmp,calib,1,-2.918540,3.161427,-0.242884
smids/Abnormal_Sperm/Abnormal_Sperm (129).bmp,calib,1,-0.645250,0.392974,0.252277
smids/Abnormal_Sperm/Abnormal_Sperm (132).bmp,calib,1,-0.500353,2.589229,-2.088875
smids/Abnormal_Sperm/Abnormal_Sperm (136).bmp,calib,1,1.089436,2.614192,-3.703628
smids/Abnormal_Sperm/Abnormal_Sperm (137).bmp,calib,1,0.961900,2.479380,-3.441280
smids/Abnormal_Sperm/Abnormal_Sperm (139).bmp,calib,1,-0.141002,3.303029,-3.162026
smids/Abnormal_Sperm/Abnormal_Sperm (142).bmp,calib,1,0.022310,2.274886,-2.297194
smids/Abnormal_Sperm/Abnormal_Sperm (143).bmp,calib,1,0.153924,1.683845,-1.837769
smids/Abnormal_Sperm/Abnormal_Sperm (145).bmp,calib,1,0.006579,1.278702,-1.285281
smids/Abnormal_Sperm/Abnormal_Sperm (146).bmp,calib,1,0.436355,1.979856,-2.416211
smids/Abnormal_Sperm/Abnormal_Sperm (152).bmp,calib,1,-0.380677,1.952130,-1.571453
smids/Abnormal_Sperm/Abnormal_Sperm (160).bmp,calib,1,-2.787674,2.199484,0.588193
smids/Abnormal_Sperm/Abnormal_Sperm (168).bmp,calib,1,-0.682544,1.920552,-1.238004
smids/Abnormal_Sperm/Abnormal_Sperm (172).bmp,calib,1,0.390116,2.636343,-3.026457
smids/Abnormal_Sperm/Abnormal_Sperm (183).bmp,calib,1,0.088363,2.641970,-2.730333
smids/Abnormal_Sperm/Abnormal_Sperm (189).bmp,calib,1,-1.730585,1.356621,0.373967
smids/Abnormal_Sperm/Abnormal_Sperm (195).bmp,calib,1,-1.434573,1.827711,-0.393138
smids/Abnormal_Sperm/Abnormal_Sperm (198).bmp,calib,1,-1.042343,2.384179,-1.341835
smids/Abnormal_Sperm/Abnormal_Sperm (20).bmp,calib,1,-2.152798,-0.679495,2.832294
smids/Abnormal_Sperm/Abnormal_Sperm (202).bmp,calib,1,-1.221684,2.872733,-1.651048
smids/Abnormal_Sperm/Abnormal_Sperm (216).bmp,calib,1,0.868203,2.079437,-2.947639
smids/Abnormal_Sperm/Abnormal_Sperm (229).bmp,calib,1,0.890789,3.123787,-4.014576
smids/Abnormal_Sperm/Abnormal_Sperm (235).bmp,calib,1,-1.433818,1.289580,0.144239
smids/Abnormal_Sperm/Abnormal_Sperm (239).bmp,calib,1,1.615533,1.445312,-3.060845
smids/Abnormal_Sperm/Abnormal_Sperm (240).bmp,calib,1,-2.360765,2.421389,-0.060625
smids/Abnormal_Sperm/Abnormal_Sperm (244).bmp,calib,1,-0.819086,2.472478,-1.653392
smids/Abnormal_Sperm/Abnormal_Sperm (245).bmp,calib,1,-1.103047,1.837256,-0.734208
smids/Abnormal_Sperm/Abnormal_Sperm (256).bmp,calib,1,-0.985358,1.742766,-0.757409
smids/Abnormal_Sperm/Abnormal_Sperm (260).bmp,calib,1,-0.808540,1.510864,-0.702323
smids/Abnormal_Sperm/Abnormal_Sperm (264).bmp,calib,1,1.278635,0.930587,-2.209221
smids/Abnormal_Sperm/Abnormal_Sperm (268).bmp,calib,1,-0.287263,1.770229,-1.482966
smids/Abnormal_Sperm/Abnormal_Sperm (280).bmp,calib,1,0.348327,2.089344,-2.437668
smids/Abnormal_Sperm/Abnormal_Sperm (281).bmp,calib,1,0.234636,2.303710,-2.538346
smids/Abnormal_Sperm/Abnormal_Sperm (300).bmp,calib,1,0.965976,1.907247,-2.873223
smids/Abnormal_Sperm/Abnormal_Sperm (305).bmp,calib,1,-2.211331,0.889551,1.321784
smids/Abnormal_Sperm/Abnormal_Sperm (309).bmp,calib,1,1.185379,1.113911,-2.299288
smids/Abnormal_Sperm/Abnormal_Sperm (31).bmp,calib,1,-2.550243,2.078634,0.471614
smids/Abnormal_Sperm/Abnormal_Sperm (311).bmp,calib,1,-1.178296,1.774395,-0.596098
smids/Abnormal_Sperm/Abnormal_Sperm (312).bmp,calib,1,-0.119616,-0.331467,0.451085
smids/Abnormal_Sperm/Abnormal_Sperm (317).bmp,calib,1,-0.500410,1.521847,-1.021438
smids/Abnormal_Sperm/Abnormal_Sperm (323).bmp,calib,1,-0.910167,1.412863,-0.502695
smids/Abnormal_Sperm/Abnormal_Sperm (326).bmp,calib,1,-0.622762,1.783597,-1.160833
smids/Abnormal_Sperm/Abnormal_Sperm (335).bmp,calib,1,0.912062,1.793205,-2.705267
smids/Abnormal_Sperm/Abnormal_Sperm (343).bmp,calib,1,0.003661,0.790915,-0.794572
smids/Abnormal_Sperm/Abnormal_Sperm (347).bmp,calib,1,-0.349153,2.741248,-2.392093
smids/Abnormal_Sperm/Abnormal_Sperm (353).bmp,calib,1,-2.454504,1.748310,0.706195
smids/Abnormal_Sperm/Abnormal_Sperm (359).bmp,calib,1,-1.506072,1.975915,-0.469843
smids/Abnormal_Sperm/Abnormal_Sperm (375).bmp,calib,1,0.746189,2.385888,-3.132077
smids/Abnormal_Sperm/Abnormal_Sperm (381).bmp,calib,1,-0.033811,2.097677,-2.063865
smids/Abnormal_Sperm/Abnormal_Sperm (392).bmp,calib,1,-0.310670,2.157609,-1.846938
smids/Abnormal_Sperm/Abnormal_Sperm (394).bmp,calib,1,-2.201379,1.437609,0.763771
smids/Abnormal_Sperm/Abnormal_Sperm (397).bmp,calib,1,-2.525620,2.315786,0.209834
smids/Abnormal_Sperm/Abnormal_Sperm (399).bmp,calib,1,-0.878709,1.906744,-1.028034
smids/Abnormal_Sperm/Abnormal_Sperm (403).bmp,calib,1,0.189348,1.700531,-1.889877
smids/Abnormal_Sperm/Abnormal_Sperm (404).bmp,calib,1,-1.622117,1.507451,0.114670
smids/Abnormal_Sperm/Abnormal_Sperm (406).bmp,calib,1,-1.133715,1.666339,-0.532622
smids/Abnormal_Sperm/Abnormal_Sperm (420).bmp,calib,1,-1.980673,3.779849,-1.799173
smids/Abnormal_Sperm/Abnormal_Sperm (426).bmp,calib,1,-1.561029,1.689708,-0.128677
smids/Abnormal_Sperm/Abnormal_Sperm (429).bmp,calib,1,-2.761498,2.660839,0.100659
smids/Abnormal_Sperm/Abnormal_Sperm (432).bmp,calib,1,-1.123755,0.606998,0.516758
smids/Abnormal_Sperm/Abnormal_Sperm (433).bmp,calib,1,-0.658357,1.972134,-1.313776
smids/Abnormal_Sperm/Abnormal_Sperm (438).bmp,calib,1,-1.053900,2.097852,-1.043950
smids/Abnormal_Sperm/Abnormal_Sperm (441).bmp,calib,1,-2.061978,2.592158,-0.530178
smids/Abnormal_Sperm/Abnormal_Sperm (442).bmp,calib,1,0.196766,2.318457,-2.515223
smids/Abnormal_Sperm/Abnormal_Sperm (451).bmp,calib,1,-0.305576,2.015270,-1.709693
smids/Abnormal_Sperm/Abnormal_Sperm (456).bmp,calib,1,-0.518897,2.561525,-2.042628
smids/Abnormal_Sperm/Abnormal_Sperm (459).bmp,calib,1,0.063846,3.180450,-3.244295
smids/Abnormal_Sperm/Abnormal_Sperm (465).bmp,calib,1,-1.547405,1.717716,-0.170311
smids/Abnormal_Sperm/Abnormal_Sperm (469).bmp,calib,1,-0.880189,2.082324,-1.202134
smids/Abnormal_Sperm/Abnormal_Sperm (476).bmp,calib,1,-0.710015,1.718950,-1.008933
smids/Abnormal_Sperm/Abnormal_Sperm (491).bmp,calib,1,0.296374,2.181870,-2.478244
smids/Abnormal_Sperm/Abnormal_Sperm (499).bmp,calib,1,0.623248,-2.618238,1.994990
smids/Abnormal_Sperm/Abnormal_Sperm (512).bmp,calib,1,0.172511,-0.750908,0.578397
smids/Abnormal_Sperm/Abnormal_Sperm (516).bmp,calib,1,-2.436307,1.732274,0.704034
smids/Abnormal_Sperm/Abnormal_Sperm (524).bmp,calib,1,-3.134759,1.665413,1.469348
smids/Abnormal_Sperm/Abnormal_Sperm (532).bmp,calib,1,-1.677673,1.435664,0.242012
smids/Abnormal_Sperm/Abnormal_Sperm (545).bmp,calib,1,-0.731557,0.761592,-0.030034
smids/Abnormal_Sperm/Abnormal_Sperm (548).bmp,calib,1,-1.364029,1.720150,-0.356121
smids/Abnormal_Sperm/Abnormal_Sperm (550).bmp,calib,1,0.377619,1.870745,-2.248363
smids/Abnormal_Sperm/Abnormal_Sperm (554).bmp,calib,1,1.082438,0.473771,-1.556208
smids/Abnormal_Sperm/Abnormal_Sperm (557).bmp,calib,1,1.839250,-0.883806,-0.955445
smids/Abnormal_Sperm/Abnormal_Sperm (559).bmp,calib,1,-2.401210,0.877299,1.523914
smids/Abnormal_Sperm/Abnormal_Sperm (56).bmp,calib,1,-3.118802,1.975136,1.143665
smids/Abnormal_Sperm/Abnormal_Sperm (560).bmp,calib,1,1.378483,0.634342,-2.012824
smids/Abnormal_Sperm/Abnormal_Sperm (581).bmp,calib,1,1.264370,0.049211,-1.313580
smids/Abnormal_Sperm/Abnormal_Sperm (59).bmp,calib,1,-0.203170,1.181274,-0.978102
smids/Abnormal_Sperm/Abnormal_Sperm (595).bmp,calib,1,-0.690017,0.828959,-0.138944
smids/Abnormal_Sperm/Abnormal_Sperm (6).bmp,calib,1,-1.583231,1.547570,0.035662
smids/Abnormal_Sperm/Abnormal_Sperm (604).bmp,calib,1,1.554532,1.995266,-3.549798
smids/Abnormal_Sperm/Abnormal_Sperm (609).bmp,calib,1,0.416197,-0.287439,-0.128757
smids/Abnormal_Sperm/Abnormal_Sperm (610).bmp,calib,1,-0.169523,1.853553,-1.684030
smids/Abnormal_Sperm/Abnormal_Sperm (629).bmp,calib,1,-0.637652,0.421832,0.215820
smids/Abnormal_Sperm/Abnormal_Sperm (63).bmp,calib,1,-1.524833,1.393849,0.130986
smids/Abnormal_Sperm/Abnormal_Sperm (634).bmp,calib,1,0.508592,1.273306,-1.781896
smids/Abnormal_Sperm/Abnormal_Sperm (64).bmp,calib,1,-3.008529,2.688350,0.320180
smids/Abnormal_Sperm/Abnormal_Sperm (641).bmp,calib,1,-1.061045,1.881060,-0.820014
smids/Abnormal_Sperm/Abnormal_Sperm (644).bmp,calib,1,0.410771,1.518600,-1.929372
smids/Abnormal_Sperm/Abnormal_Sperm (647).bmp,calib,1,1.611334,0.846157,-2.457490
smids/Abnormal_Sperm/Abnormal_Sperm (650).bmp,calib,1,-0.212914,1.997557,-1.784643
smids/Abnormal_Sperm/Abnormal_Sperm (655).bmp,calib,1,-0.355383,1.440617,-1.085233
smids/Abnormal_Sperm/Abnormal_Sperm (660).bmp,calib,1,1.288200,2.423258,-3.711456
smids/Abnormal_Sperm/Abnormal_Sperm (663).bmp,calib,1,0.794048,2.315910,-3.109958
smids/Abnormal_Sperm/Abnormal_Sperm (665).bmp,calib,1,0.192311,2.002660,-2.194972
smids/Abnormal_Sperm/Abnormal_Sperm (693).bmp,calib,1,0.288127,0.892041,-1.180167
smids/Abnormal_Sperm/Abnormal_Sperm (703).bmp,calib,1,0.522963,1.531048,-2.054009
smids/Abnormal_Sperm/Abnormal_Sperm (717).bmp,calib,1,2.175649,0.795012,-2.970663
smids/Abnormal_Sperm/Abnormal_Sperm (721).bmp,calib,1,0.368052,0.169443,-0.537495
smids/Abnormal_Sperm/Abnormal_Sperm (730).bmp,calib,1,0.033861,0.656056,-0.689914
smids/Abnormal_Sperm/Abnormal_Sperm (733).bmp,calib,1,-1.439921,0.482898,0.957022
smids/Abnormal_Sperm/Abnormal_Sperm (749).bmp,calib,1,-1.203433,2.219651,-1.016217
smids/Abnormal_Sperm/Abnormal_Sperm (756).bmp,calib,1,1.299662,0.515504,-1.815166
smids/Abnormal_Sperm/Abnormal_Sperm (767).bmp,calib,1,-0.630311,2.226226,-1.595914
smids/Abnormal_Sperm/Abnormal_Sperm (77).bmp,calib,1,-0.958576,2.311479,-1.352903
smids/Abnormal_Sperm/Abnormal_Sperm (772).bmp,calib,1,-0.459650,2.419826,-1.960175
smids/Abnormal_Sperm/Abnormal_Sperm (78).bmp,calib,1,-0.079509,2.402623,-2.323115
smids/Abnormal_Sperm/Abnormal_Sperm (790).bmp,calib,1,1.018094,1.592320,-2.610413
smids/Abnormal_Sperm/Abnormal_Sperm (793).bmp,calib,1,-0.341804,0.317699,0.024105
smids/Abnormal_Sperm/Abnormal_Sperm (812).bmp,calib,1,0.892250,2.350185,-3.242435
smids/Abnormal_Sperm/Abnormal_Sperm (814).bmp,calib,1,2.065604,2.144658,-4.210263
smids/Abnormal_Sperm/Abnormal_Sperm (817).bmp,calib,1,-0.395393,1.569630,-1.174236
smids/Abnormal_Sperm/Abnormal_Sperm (825).bmp,calib,1,0.521034,0.779932,-1.300966
smids/Abnormal_Sperm/Abnormal_Sperm (835).bmp,calib,1,0.719767,1.503141,-2.222906
smids/Abnormal_Sperm/Abnormal_Sperm (836).bmp,calib,1,1.370202,1.300930,-2.671132
smids/Abnormal_Sperm/Abnormal_Sperm (861).bmp,calib,1,1.788272,1.526962,-3.315235
smids/Abnormal_Sperm/Abnormal_Sperm (865).bmp,calib,1,2.565616,1.635039,-4.200656
smids/Abnormal_Sperm/Abnormal_Sperm (871).bmp,calib,1,-1.104372,1.920371,-0.815999
smids/Abnormal_Sperm/Abnormal_Sperm (872).bmp,calib,1,-0.843848,1.347825,-0.503976
smids/Abnormal_Sperm/Abnormal_Sperm (875).bmp,calib,1,-0.003641,2.043375,-2.039735
smids/Abnormal_Sperm/Abnormal_Sperm (876).bmp,calib,1,1.768677,1.754186,-3.522865
smids/Abnormal_Sperm/Abnormal_Sperm (880).bmp,calib,1,1.515276,0.639309,-2.154585
smids/Abnormal_Sperm/Abnormal_Sperm (887).bmp,calib,1,1.381453,0.594835,-1.976287
smids/Abnormal_Sperm/Abnormal_Sperm (888).bmp,calib,1,3.289634,1.010887,-4.300521
smids/Abnormal_Sperm/Abnormal_Sperm (89).bmp,calib,1,-1.315537,1.464018,-0.148482
smids/Abnormal_Sperm/Abnormal_Sperm (895).bmp,calib,1,1.895498,1.818951,-3.714447
smids/Abnormal_Sperm/Abnormal_Sperm (918).bmp,calib,1,1.169527,1.232468,-2.401995
smids/Abnormal_Sperm/Abnormal_Sperm (927).bmp,calib,1,0.425782,0.647029,-1.072809
smids/Abnormal_Sperm/Abnormal_Sperm (932).bmp,calib,1,1.060588,1.303411,-2.364000
smids/Abnormal_Sperm/Abnormal_Sperm (938).bmp,calib,1,0.271314,0.349380,-0.620693
smids/Abnormal_Sperm/Abnormal_Sperm (943).bmp,calib,1,0.898035,-0.148200,-0.749834
smids/Abnormal_Sperm/Abnormal_Sperm (948).bmp,calib,1,1.143400,1.369206,-2.512605
smids/Abnormal_Sperm/Abnormal_Sperm (950).bmp,calib,1,0.123461,1.269021,-1.392482
smids/Abnormal_Sperm/Abnormal_Sperm (958).bmp,calib,1,-3.475691,3.287731,0.187963
smids/Abnormal_Sperm/Abnormal_Sperm (959).bmp,calib,1,1.034779,1.920371,-2.955148
smids/Abnormal_Sperm/Abnormal_Sperm (974).bmp,calib,1,-1.966114,3.552977,-1.586862
smids/Abnormal_Sperm/Abnormal_Sperm (976).bmp,calib,1,-1.619359,1.321008,0.298353
smids/Abnormal_Sperm/Abnormal_Sperm (977).bmp,calib,1,-1.200129,3.674863,-2.474734
smids/Abnormal_Sperm/Abnormal_Sperm (978).bmp,calib,1,-0.416386,2.672777,-2.256391
smids/Abnormal_Sperm/Abnormal_Sperm (982).bmp,calib,1,-1.660956,1.637764,0.023192
smids/Abnormal_Sperm/Abnormal_Sperm (985).bmp,calib,1,-0.806573,1.874175,-1.067599
smids/Abnormal_Sperm/Abnormal_Sperm (992).bmp,calib,1,-1.184521,2.055764,-0.871240
smids/Abnormal_Sperm/Abnormal_Sperm (997).bmp,calib,1,-0.486847,2.170148,-1.683302
smids/Abnormal_Sperm/Abnormal_Sperm (998).bmp,calib,1,-1.521097,2.022084,-0.500985
smids/Non-Sperm/Non-Sperm (106).bmp,calib,2,-0.648248,-2.335923,2.984173
smids/Non-Sperm/Non-Sperm (112).bmp,calib,2,-2.137680,-0.948151,3.085831
smids/Non-Sperm/Non-Sperm (12).bmp,calib,2,-3.232862,-0.525164,3.758027
smids/Non-Sperm/Non-Sperm (123).bmp,calib,2,-0.932804,-1.467909,2.400713
smids/Non-Sperm/Non-Sperm (127).bmp,calib,2,-2.956387,-0.409609,3.365999
smids/Non-Sperm/Non-Sperm (142).bmp,calib,2,-2.553554,-1.648943,4.202496
smids/Non-Sperm/Non-Sperm (146).bmp,calib,2,-1.023947,-2.313841,3.337790
smids/Non-Sperm/Non-Sperm (163).bmp,calib,2,-0.101225,-0.122663,0.223891
smids/Non-Sperm/Non-Sperm (164).bmp,calib,2,-1.854501,-2.084439,3.938941
smids/Non-Sperm/Non-Sperm (171).bmp,calib,2,-1.522153,-2.072391,3.594545
smids/Non-Sperm/Non-Sperm (172).bmp,calib,2,-2.150202,-1.265683,3.415888
smids/Non-Sperm/Non-Sperm (178).bmp,calib,2,-1.445853,-1.737812,3.183665
smids/Non-Sperm/Non-Sperm (189).bmp,calib,2,-0.544335,-1.816873,2.361208
smids/Non-Sperm/Non-Sperm (193).bmp,calib,2,-1.313696,-1.830312,3.144009
smids/Non-Sperm/Non-Sperm (195).bmp,calib,2,-0.075595,0.655752,-0.580157
smids/Non-Sperm/Non-Sperm (197).bmp,calib,2,-0.845674,-0.124858,0.970533
smids/Non-Sperm/Non-Sperm (2).bmp,calib,2,-2.120874,1.134348,0.986526
smids/Non-Sperm/Non-Sperm (205).bmp,calib,2,-0.336220,-1.003780,1.340000
smids/Non-Sperm/Non-Sperm (210).bmp,calib,2,-2.003020,-1.834878,3.837902
smids/Non-Sperm/Non-Sperm (218).bmp,calib,2,-2.078698,-0.295357,2.374054
smids/Non-Sperm/Non-Sperm (236).bmp,calib,2,-1.816354,-0.737644,2.553999
smids/Non-Sperm/Non-Sperm (237).bmp,calib,2,-1.830509,-1.033238,2.863747
smids/Non-Sperm/Non-Sperm (246).bmp,calib,2,-3.159891,-2.350658,5.510554
smids/Non-Sperm/Non-Sperm (257).bmp,calib,2,-2.181302,-1.266976,3.448278
smids/Non-Sperm/Non-Sperm (272).bmp,calib,2,-1.233152,-1.521211,2.754363
smids/Non-Sperm/Non-Sperm (276).bmp,calib,2,-0.395470,-2.599295,2.994763
smids/Non-Sperm/Non-Sperm (277).bmp,calib,2,-1.268161,-1.852029,3.120191
smids/Non-Sperm/Non-Sperm (280).bmp,calib,2,-1.262231,-2.787972,4.050202
smids/Non-Sperm/Non-Sperm (285).bmp,calib,2,-2.700531,-1.755092,4.455628
smids/Non-Sperm/Non-Sperm (287).bmp,calib,2,1.054741,-1.887232,0.832492
smids/Non-Sperm/Non-Sperm (300).bmp,calib,2,-0.345393,-3.235286,3.580678
smids/Non-Sperm/Non-Sperm (304).bmp,calib,2,-1.125083,-1.598867,2.723952
smids/Non-Sperm/Non-Sperm (316).bmp,calib,2,0.006144,-1.881445,1.875302
smids/Non-Sperm/Non-Sperm (325).bmp,calib,2,0.500647,-2.166784,1.666137
smids/Non-Sperm/Non-Sperm (327).bmp,calib,2,0.736881,-0.686918,-0.049964
smids/Non-Sperm/Non-Sperm (338).bmp,calib,2,-2.676095,1.688406,0.987690
smids/Non-Sperm/Non-Sperm (348).bmp,calib,2,-2.301609,-0.937060,3.238668
smids/Non-Sperm/Non-Sperm (35).bmp,calib,2,0.113372,0.653791,-0.767162
smids/Non-Sperm/Non-Sperm (36).bmp,calib,2,0.170459,0.473247,-0.643704
smids/Non-Sperm/Non-Sperm (363).bmp,calib,2,-2.110807,-0.967815,3.078625
smids/Non-Sperm/Non-Sperm (365).bmp,calib,2,-1.709043,0.559699,1.149343
smids/Non-Sperm/Non-Sperm (388).bmp,calib,2,-1.234325,-1.323264,2.557592
smids/Non-Sperm/Non-Sperm (397).bmp,calib,2,-1.223777,-1.684490,2.908268
smids/Non-Sperm/Non-Sperm (399).bmp,calib,2,-2.716908,-0.541632,3.258542
smids/Non-Sperm/Non-Sperm (404).bmp,calib,2,-1.717926,-0.403572,2.121499
smids/Non-Sperm/Non-Sperm (41).bmp,calib,2,-1.573890,1.315946,0.257945
smids/Non-Sperm/Non-Sperm (414).bmp,calib,2,0.016856,-1.952463,1.935607
smids/Non-Sperm/Non-Sperm (42).bmp,calib,2,-3.162669,0.348258,2.814413
smids/Non-Sperm/Non-Sperm (424).bmp,calib,2,-0.768217,-1.718275,2.486491
smids/Non-Sperm/Non-Sperm (432).bmp,calib,2,-1.635277,-1.972730,3.608009
smids/Non-Sperm/Non-Sperm (436).bmp,calib,2,-1.794364,-1.369190,3.163550
smids/Non-Sperm/Non-Sperm (439).bmp,calib,2,-0.877219,-2.513284,3.390502
smids/Non-Sperm/Non-Sperm (440).bmp,calib,2,0.416842,-0.604218,0.187374
smids/Non-Sperm/Non-Sperm (442).bmp,calib,2,-0.956362,-2.344894,3.301257
smids/Non-Sperm/Non-Sperm (447).bmp,calib,2,-1.150345,-1.584171,2.734516
smids/Non-Sperm/Non-Sperm (450).bmp,calib,2,-1.874144,-0.835245,2.709391
smids/Non-Sperm/Non-Sperm (451).bmp,calib,2,-0.474886,-0.133997,0.608884
smids/Non-Sperm/Non-Sperm (452).bmp,calib,2,-0.670794,-0.193240,0.864037
smids/Non-Sperm/Non-Sperm (458).bmp,calib,2,-2.225858,-0.384645,2.610506
smids/Non-Sperm/Non-Sperm (459).bmp,calib,2,-1.990659,-1.055718,3.046380
smids/Non-Sperm/Non-Sperm (461).bmp,calib,2,-0.731930,-0.887887,1.619820
smids/Non-Sperm/Non-Sperm (472).bmp,calib,2,0.812583,-1.073176,0.260594
smids/Non-Sperm/Non-Sperm (476).bmp,calib,2,-1.155919,-2.193176,3.349097
smids/Non-Sperm/Non-Sperm (480).bmp,calib,2,-2.243231,-1.949358,4.192589
smids/Non-Sperm/Non-Sperm (49).bmp,calib,2,-3.015038,2.096338,0.918700
smids/Non-Sperm/Non-Sperm (491).bmp,calib,2,-0.935240,-1.495269,2.430511
smids/Non-Sperm/Non-Sperm (498).bmp,calib,2,-1.422511,-1.959116,3.381629
smids/Non-Sperm/Non-Sperm (5).bmp,calib,2,-3.744875,1.674857,2.070022
smids/Non-Sperm/Non-Sperm (501).bmp,calib,2,-1.716333,-2.100237,3.816572
smids/Non-Sperm/Non-Sperm (508).bmp,calib,2,-1.807164,-1.871225,3.678391
smids/Non-Sperm/Non-Sperm (514).bmp,calib,2,-2.629632,-1.924326,4.553957
smids/Non-Sperm/Non-Sperm (523).bmp,calib,2,-2.736722,-0.525663,3.262387
smids/Non-Sperm/Non-Sperm (529).bmp,calib,2,-0.788615,-1.323145,2.111763
smids/Non-Sperm/Non-Sperm (534).bmp,calib,2,0.035653,-1.401361,1.365708
smids/Non-Sperm/Non-Sperm (536).bmp,calib,2,-1.987337,-2.273839,4.261178
smids/Non-Sperm/Non-Sperm (544).bmp,calib,2,-2.150492,-1.033621,3.184115
smids/Non-Sperm/Non-Sperm (545).bmp,calib,2,-1.774873,-0.771930,2.546805
smids/Non-Sperm/Non-Sperm (55).bmp,calib,2,-1.452038,1.204979,0.247060
smids/Non-Sperm/Non-Sperm (552).bmp,calib,2,0.206217,-2.377087,2.170871
smids/Non-Sperm/Non-Sperm (556).bmp,calib,2,-0.617621,-1.523861,2.141484
smids/Non-Sperm/Non-Sperm (559).bmp,calib,2,-2.007622,-1.279679,3.287302
smids/Non-Sperm/Non-Sperm (562).bmp,calib,2,-2.085369,-1.190859,3.276228
smids/Non-Sperm/Non-Sperm (565).bmp,calib,2,-4.729843,1.747043,2.982800
smids/Non-Sperm/Non-Sperm (567).bmp,calib,2,-1.356127,-0.132851,1.488979
smids/Non-Sperm/Non-Sperm (568).bmp,calib,2,-2.437506,0.003271,2.434237
smids/Non-Sperm/Non-Sperm (58).bmp,calib,2,-3.681568,0.766858,2.914712
smids/Non-Sperm/Non-Sperm (60).bmp,calib,2,0.505355,2.376636,-2.881989
smids/Non-Sperm/Non-Sperm (601).bmp,calib,2,-1.444887,-1.861578,3.306464
smids/Non-Sperm/Non-Sperm (602).bmp,calib,2,-2.342849,-1.435417,3.778268
smids/Non-Sperm/Non-Sperm (603).bmp,calib,2,-3.033554,0.291702,2.741852
smids/Non-Sperm/Non-Sperm (609).bmp,calib,2,-1.618633,-0.659967,2.278601
smids/Non-Sperm/Non-Sperm (615).bmp,calib,2,-4.451021,-0.112849,4.563871
smids/Non-Sperm/Non-Sperm (63).bmp,calib,2,0.402657,-0.793784,0.391128
smids/Non-Sperm/Non-Sperm (633).bmp,calib,2,-2.300072,-2.243164,4.543237
smids/Non-Sperm/Non-Sperm (635).bmp,calib,2,-2.125256,-1.851712,3.976971
smids/Non-Sperm/Non-Sperm (664).bmp,calib,2,-3.038024,0.106574,2.931452
smids/Non-Sperm/Non-Sperm (667).bmp,calib,2,-3.433089,0.103412,3.329679
smids/Non-Sperm/Non-Sperm (668).bmp,calib,2,-2.262819,-0.483529,2.746351
smids/Non-Sperm/Non-Sperm (673).bmp,calib,2,-2.517092,-1.998529,4.515623
smids/Non-Sperm/Non-Sperm (677).bmp,calib,2,-2.614217,0.492127,2.122091
smids/Non-Sperm/Non-Sperm (681).bmp,calib,2,-1.296020,-1.710408,3.006428
smids/Non-Sperm/Non-Sperm (687).bmp,calib,2,-1.974004,-1.006654,2.980659
smids/Non-Sperm/Non-Sperm (689).bmp,calib,2,-0.725853,0.820892,-0.095037
smids/Non-Sperm/Non-Sperm (696).bmp,calib,2,-3.905795,0.976605,2.929190
smids/Non-Sperm/Non-Sperm (702).bmp,calib,2,-0.957340,-1.204939,2.162279
smids/Non-Sperm/Non-Sperm (716).bmp,calib,2,-2.406504,1.878630,0.527874
smids/Non-Sperm/Non-Sperm (722).bmp,calib,2,-3.177440,-0.266323,3.443765
smids/Non-Sperm/Non-Sperm (732).bmp,calib,2,-2.530841,-0.876999,3.407845
smids/Non-Sperm/Non-Sperm (737).bmp,calib,2,-2.128672,0.060814,2.067856
smids/Non-Sperm/Non-Sperm (739).bmp,calib,2,-0.873043,-2.719627,3.592668
smids/Non-Sperm/Non-Sperm (742).bmp,calib,2,-2.405096,-2.387235,4.792329
smids/Non-Sperm/Non-Sperm (746).bmp,calib,2,-1.377689,-2.447759,3.825448
smids/Non-Sperm/Non-Sperm (754).bmp,calib,2,-3.371008,-2.357983,5.728991
smids/Non-Sperm/Non-Sperm (761).bmp,calib,2,0.781960,-1.652627,0.870666
smids/Non-Sperm/Non-Sperm (765).bmp,calib,2,-1.025002,-1.467801,2.492801
smids/Non-Sperm/Non-Sperm (776).bmp,calib,2,-1.480475,-2.255967,3.736442
smids/Non-Sperm/Non-Sperm (777).bmp,calib,2,-0.263077,-2.282363,2.545439
smids/Non-Sperm/Non-Sperm (778).bmp,calib,2,-0.342038,-1.452348,1.794386
smids/Non-Sperm/Non-Sperm (779).bmp,calib,2,-2.001322,-0.438892,2.440214
smids/Non-Sperm/Non-Sperm (785).bmp,calib,2,-1.333723,-1.905042,3.238766
smids/Non-Sperm/Non-Sperm (786).bmp,calib,2,0.817714,-2.115088,1.297372
smids/Non-Sperm/Non-Sperm (787).bmp,calib,2,-1.994306,-1.934727,3.929035
smids/Non-Sperm/Non-Sperm (788).bmp,calib,2,-0.302227,-2.917055,3.219282
smids/Non-Sperm/Non-Sperm (796).bmp,calib,2,-0.666637,-1.804373,2.471008
smids/Non-Sperm/Non-Sperm (801).bmp,calib,2,-0.811974,-1.785636,2.597613
smids/Non-Sperm/Non-Sperm (804).bmp,calib,2,-1.256299,-1.798468,3.054766
smids/Non-Sperm/Non-Sperm (810).bmp,calib,2,-2.317906,-1.095268,3.413176
smids/Non-Sperm/Non-Sperm (812).bmp,calib,2,-1.274796,-2.679556,3.954352
smids/Non-Sperm/Non-Sperm (82).bmp,calib,2,-2.129730,-2.052848,4.182578
smids/Non-Sperm/Non-Sperm (825).bmp,calib,2,0.719958,1.163014,-1.882972
smids/Non-Sperm/Non-Sperm (830).bmp,calib,2,-2.009882,-1.776804,3.786686
smids/Non-Sperm/Non-Sperm (847).bmp,calib,2,-1.826529,-2.003179,3.829710
smids/Non-Sperm/Non-Sperm (848).bmp,calib,2,-2.727739,-1.967756,4.695498
smids/Non-Sperm/Non-Sperm (85).bmp,calib,2,-0.964168,-0.262825,1.226993
smids/Non-Sperm/Non-Sperm (852).bmp,calib,2,-2.192762,-2.102568,4.295331
smids/Non-Sperm/Non-Sperm (87).bmp,calib,2,-0.045907,-0.801455,0.847363
smids/Non-Sperm/Non-Sperm (871).bmp,calib,2,-2.923765,-0.531396,3.455162
smids/Non-Sperm/Non-Sperm (872).bmp,calib,2,-2.021888,-0.876137,2.898026
smids/Non-Sperm/Non-Sperm (887).bmp,calib,2,-0.776632,-0.634904,1.411539
smids/Non-Sperm/Non-Sperm (899).bmp,calib,2,-0.950023,-0.342745,1.292770
smids/Non-Sperm/Non-Sperm (90).bmp,calib,2,-1.348476,-2.204048,3.552524
smids/Non-Sperm/Non-Sperm (904).bmp,calib,2,-0.295960,0.218050,0.077909
smids/Non-Sperm/Non-Sperm (908).bmp,calib,2,-2.460427,2.219033,0.241393
smids/Non-Sperm/Non-Sperm (924).bmp,calib,2,1.356889,0.257707,-1.614595
smids/Non-Sperm/Non-Sperm (929).bmp,calib,2,-1.145938,-0.299097,1.445034
smids/Non-Sperm/Non-Sperm (930).bmp,calib,2,0.820561,-1.231314,0.410753
smids/Non-Sperm/Non-Sperm (932).bmp,calib,2,-0.199427,-1.024054,1.223482
smids/Non-Sperm/Non-Sperm (935).bmp,calib,2,0.260531,-1.176474,0.915944
smids/Non-Sperm/Non-Sperm (938).bmp,calib,2,1.508381,-2.105121,0.596743
smids/Non-Sperm/Non-Sperm (94).bmp,calib,2,-2.392818,-0.799944,3.192762
smids/Non-Sperm/Non-Sperm (959).bmp,calib,2,-0.950910,0.383771,0.567141
smids/Non-Sperm/Non-Sperm (961).bmp,calib,2,-1.746207,0.558244,1.187965
smids/Non-Sperm/Non-Sperm (965).bmp,calib,2,-3.117476,1.401382,1.716095
smids/Non-Sperm/Non-Sperm (970).bmp,calib,2,-2.033267,-0.749893,2.783163
smids/Non-Sperm/Non-Sperm (971).bmp,calib,2,0.059621,-1.807783,1.748166
smids/Non-Sperm/Non-Sperm (974).bmp,calib,2,1.879480,-1.332184,-0.547293
smids/Normal_Sperm/Normal_Sperm (1004).bmp,calib,0,1.126299,0.256922,-1.383222
smids/Normal_Sperm/Normal_Sperm (1005).bmp,calib,0,1.566482,1.936555,-3.503038
smids/Normal_Sperm/Normal_Sperm (1009).bmp,calib,0,1.517775,-0.940961,-0.576812
smids/Normal_Sperm/Normal_Sperm (1010).bmp,calib,0,3.192158,-1.468261,-1.723896
smids/Normal_Sperm/Normal_Sperm (1020).bmp,calib,0,0.282913,0.055384,-0.338297
smids/Normal_Sperm/Normal_Sperm (107).bmp,calib,0,0.348084,1.154932,-1.503013
smids/Normal_Sperm/Normal_Sperm (113).bmp,calib,0,2.574140,-0.518127,-2.056012
smids/Normal_Sperm/Normal_Sperm (115).bmp,calib,0,0.387414,0.731723,-1.119137
smids/Normal_Sperm/Normal_Sperm (116).bmp,calib,0,1.453292,0.647976,-2.101268
smids/Normal_Sperm/Normal_Sperm (133).bmp,calib,0,0.906844,2.228230,-3.135070
smids/Normal_Sperm/Normal_Sperm (136).bmp,calib,0,3.235838,0.766389,-4.002228
smids/Normal_Sperm/Normal_Sperm (16).bmp,calib,0,0.002816,-0.832124,0.829310
smids/Normal_Sperm/Normal_Sperm (168).bmp,calib,0,2.853448,-1.017574,-1.835875
smids/Normal_Sperm/Normal_Sperm (169).bmp,calib,0,2.002863,-0.530887,-1.471978
smids/Normal_Sperm/Normal_Sperm (173).bmp,calib,0,1.056676,0.411988,-1.468663
smids/Normal_Sperm/Normal_Sperm (178).bmp,calib,0,1.849766,-1.353298,-0.496469
smids/Normal_Sperm/Normal_Sperm (183).bmp,calib,0,1.876242,-0.487031,-1.389211
smids/Normal_Sperm/Normal_Sperm (184).bmp,calib,0,3.294518,0.147156,-3.441676
smids/Normal_Sperm/Normal_Sperm (187).bmp,calib,0,1.265162,0.673343,-1.938504
smids/Normal_Sperm/Normal_Sperm (191).bmp,calib,0,1.677117,-0.067058,-1.610058
smids/Normal_Sperm/Normal_Sperm (197).bmp,calib,0,1.713460,-0.113860,-1.599599
smids/Normal_Sperm/Normal_Sperm (207).bmp,calib,0,1.832621,0.107583,-1.940204
smids/Normal_Sperm/Normal_Sperm (215).bmp,calib,0,-0.523960,1.592058,-1.068097
smids/Normal_Sperm/Normal_Sperm (220).bmp,calib,0,2.869689,0.191462,-3.061153
smids/Normal_Sperm/Normal_Sperm (221).bmp,calib,0,0.113109,-0.302870,0.189763
smids/Normal_Sperm/Normal_Sperm (224).bmp,calib,0,0.586534,-0.228171,-0.358363
smids/Normal_Sperm/Normal_Sperm (229).bmp,calib,0,1.163899,0.948663,-2.112562
smids/Normal_Sperm/Normal_Sperm (231).bmp,calib,0,1.834914,-0.463799,-1.371116
smids/Normal_Sperm/Normal_Sperm (241).bmp,calib,0,2.136842,0.225104,-2.361948
smids/Normal_Sperm/Normal_Sperm (262).bmp,calib,0,1.128775,0.385190,-1.513965
smids/Normal_Sperm/Normal_Sperm (271).bmp,calib,0,2.180212,-1.208663,-0.971550
smids/Normal_Sperm/Normal_Sperm (272).bmp,calib,0,3.580378,-0.628673,-2.951707
smids/Normal_Sperm/Normal_Sperm (274).bmp,calib,0,2.197702,-0.606429,-1.591273
smids/Normal_Sperm/Normal_Sperm (277).bmp,calib,0,1.433297,-0.202026,-1.231270
smids/Normal_Sperm/Normal_Sperm (281).bmp,calib,0,3.001623,0.217563,-3.219186
smids/Normal_Sperm/Normal_Sperm (288).bmp,calib,0,2.989892,-1.149900,-1.839992
smids/Normal_Sperm/Normal_Sperm (294).bmp,calib,0,2.426604,0.609944,-3.036549
smids/Normal_Sperm/Normal_Sperm (304).bmp,calib,0,1.709529,0.735836,-2.445367
smids/Normal_Sperm/Normal_Sperm (308).bmp,calib,0,1.311269,-0.054006,-1.257264
smids/Normal_Sperm/Normal_Sperm (310).bmp,calib,0,1.124829,-0.338478,-0.786352
smids/Normal_Sperm/Normal_Sperm (313).bmp,calib,0,1.929776,-0.578421,-1.351356
smids/Normal_Sperm/Normal_Sperm (316).bmp,calib,0,1.144594,0.954035,-2.098629
smids/Normal_Sperm/Normal_Sperm (322).bmp,calib,0,0.524794,0.512432,-1.037224
smids/Normal_Sperm/Normal_Sperm (324).bmp,calib,0,0.762549,1.210983,-1.973531
smids/Normal_Sperm/Normal_Sperm (327).bmp,calib,0,2.629005,0.143930,-2.772934
smids/Normal_Sperm/Normal_Sperm (339).bmp,calib,0,-0.040397,0.397281,-0.356885
smids/Normal_Sperm/Normal_Sperm (34).bmp,calib,0,3.282141,-1.903135,-1.379006
smids/Normal_Sperm/Normal_Sperm (347).bmp,calib,0,1.536306,0.033849,-1.570154
smids/Normal_Sperm/Normal_Sperm (354).bmp,calib,0,1.920622,0.319128,-2.239750
smids/Normal_Sperm/Normal_Sperm (362).bmp,calib,0,2.871031,-0.116865,-2.754166
smids/Normal_Sperm/Normal_Sperm (365).bmp,calib,0,2.173680,0.784185,-2.957867
smids/Normal_Sperm/Normal_Sperm (369).bmp,calib,0,2.075674,-1.169441,-0.906233
smids/Normal_Sperm/Normal_Sperm (385).bmp,calib,0,1.473787,-0.050263,-1.423524
smids/Normal_Sperm/Normal_Sperm (386).bmp,calib,0,3.254057,-1.349472,-1.904587
smids/Normal_Sperm/Normal_Sperm (389).bmp,calib,0,0.304839,1.060530,-1.365366
smids/Normal_Sperm/Normal_Sperm (391).bmp,calib,0,0.627629,0.920923,-1.548553
smids/Normal_Sperm/Normal_Sperm (394).bmp,calib,0,3.605783,0.390974,-3.996759
smids/Normal_Sperm/Normal_Sperm (398).bmp,calib,0,0.139576,1.186349,-1.325925
smids/Normal_Sperm/Normal_Sperm (4).bmp,calib,0,3.993581,-0.144662,-3.848921
smids/Normal_Sperm/Normal_Sperm (40).bmp,calib,0,1.440449,-1.275969,-0.164481
smids/Normal_Sperm/Normal_Sperm (406).bmp,calib,0,1.400471,-0.073010,-1.327460
smids/Normal_Sperm/Normal_Sperm (409).bmp,calib,0,2.604121,0.261299,-2.865421
smids/Normal_Sperm/Normal_Sperm (435).bmp,calib,0,1.754601,-0.536227,-1.218374
smids/Normal_Sperm/Normal_Sperm (440).bmp,calib,0,1.240842,0.527765,-1.768607
smids/Normal_Sperm/Normal_Sperm (451).bmp,calib,0,1.979741,0.244733,-2.224476
smids/Normal_Sperm/Normal_Sperm (458).bmp,calib,0,2.914181,-0.608293,-2.305888
smids/Normal_Sperm/Normal_Sperm (459).bmp,calib,0,2.185671,-1.568446,-0.617225
smids/Normal_Sperm/Normal_Sperm (460).bmp,calib,0,-0.548149,0.645483,-0.097333
smids/Normal_Sperm/Normal_Sperm (471).bmp,calib,0,3.743852,-0.296212,-3.447640
smids/Normal_Sperm/Normal_Sperm (473).bmp,calib,0,3.570143,1.002628,-4.572773
smids/Normal_Sperm/Normal_Sperm (480).bmp,calib,0,3.169423,-0.087627,-3.081797
smids/Normal_Sperm/Normal_Sperm (482).bmp,calib,0,2.681746,-0.197707,-2.484042
smids/Normal_Sperm/Normal_Sperm (485).bmp,calib,0,3.804404,1.495146,-5.299551
smids/Normal_Sperm/Normal_Sperm (498).bmp,calib,0,2.343827,-0.253201,-2.090629
smids/Normal_Sperm/Normal_Sperm (499).bmp,calib,0,1.820411,0.430146,-2.250559
smids/Normal_Sperm/Normal_Sperm (50).bmp,calib,0,0.967747,-0.813174,-0.154570
smids/Normal_Sperm/Normal_Sperm (520).bmp,calib,0,2.687949,0.141784,-2.829733
smids/Normal_Sperm/Normal_Sperm (531).bmp,calib,0,2.713197,0.464468,-3.177666
smids/Normal_Sperm/Normal_Sperm (534).bmp,calib,0,0.091623,-0.887540,0.795919
smids/Normal_Sperm/Normal_Sperm (538).bmp,calib,0,1.994818,0.638576,-2.633394
smids/Normal_Sperm/Normal_Sperm (543).bmp,calib,0,2.288688,1.699930,-3.988618
smids/Normal_Sperm/Normal_Sperm (546).bmp,calib,0,3.176204,-0.396737,-2.779468
smids/Normal_Sperm/Normal_Sperm (55).bmp,calib,0,-1.296247,0.801852,0.494399
smids/Normal_Sperm/Normal_Sperm (552).bmp,calib,0,2.065911,-0.810272,-1.255639
smids/Normal_Sperm/Normal_Sperm (558).bmp,calib,0,2.670484,-0.660759,-2.009726
smids/Normal_Sperm/Normal_Sperm (563).bmp,calib,0,1.991492,1.096761,-3.088253
smids/Normal_Sperm/Normal_Sperm (564).bmp,calib,0,1.724444,0.557630,-2.282076
smids/Normal_Sperm/Normal_Sperm (567).bmp,calib,0,4.024494,-0.654561,-3.369933
smids/Normal_Sperm/Normal_Sperm (568).bmp,calib,0,1.800830,1.369750,-3.170581
smids/Normal_Sperm/Normal_Sperm (572).bmp,calib,0,3.375979,0.274594,-3.650575
smids/Normal_Sperm/Normal_Sperm (577).bmp,calib,0,1.748209,-0.022114,-1.726093
smids/Normal_Sperm/Normal_Sperm (608).bmp,calib,0,4.102253,0.187620,-4.289875
smids/Normal_Sperm/Normal_Sperm (610).bmp,calib,0,3.462438,-0.693406,-2.769033
smids/Normal_Sperm/Normal_Sperm (627).bmp,calib,0,3.086076,0.464773,-3.550850
smids/Normal_Sperm/Normal_Sperm (646).bmp,calib,0,2.002825,0.771115,-2.773940
smids/Normal_Sperm/Normal_Sperm (647).bmp,calib,0,2.542533,-0.991279,-1.551255
smids/Normal_Sperm/Normal_Sperm (649).bmp,calib,0,1.803547,2.299818,-4.103367
smids/Normal_Sperm/Normal_Sperm (653).bmp,calib,0,1.839726,0.664319,-2.504046
smids/Normal_Sperm/Normal_Sperm (656).bmp,calib,0,2.005168,1.210223,-3.215394
smids/Normal_Sperm/Normal_Sperm (663).bmp,calib,0,2.981454,0.816642,-3.798097
smids/Normal_Sperm/Normal_Sperm (664).bmp,calib,0,1.385220,0.525713,-1.910932
smids/Normal_Sperm/Normal_Sperm (665).bmp,calib,0,3.595370,-1.403791,-2.191581
smids/Normal_Sperm/Normal_Sperm (672).bmp,calib,0,2.471416,1.494986,-3.966400
smids/Normal_Sperm/Normal_Sperm (674).bmp,calib,0,4.373529,-1.077488,-3.296043
smids/Normal_Sperm/Normal_Sperm (676).bmp,calib,0,4.009090,0.810665,-4.819755
smids/Normal_Sperm/Normal_Sperm (677).bmp,calib,0,2.490901,1.578878,-4.069778
smids/Normal_Sperm/Normal_Sperm (683).bmp,calib,0,4.984171,-0.670114,-4.314060
smids/Normal_Sperm/Normal_Sperm (687).bmp,calib,0,4.505865,-1.470838,-3.035025
smids/Normal_Sperm/Normal_Sperm (694).bmp,calib,0,2.057013,-0.779009,-1.278004
smids/Normal_Sperm/Normal_Sperm (703).bmp,calib,0,2.116050,0.468218,-2.584268
smids/Normal_Sperm/Normal_Sperm (718).bmp,calib,0,2.518511,0.372462,-2.890972
smids/Normal_Sperm/Normal_Sperm (721).bmp,calib,0,2.463807,-0.585849,-1.877959
smids/Normal_Sperm/Normal_Sperm (733).bmp,calib,0,2.142641,-0.333896,-1.808743
smids/Normal_Sperm/Normal_Sperm (738).bmp,calib,0,3.251643,-0.558430,-2.693215
smids/Normal_Sperm/Normal_Sperm (758).bmp,calib,0,2.662869,-0.670989,-1.991880
smids/Normal_Sperm/Normal_Sperm (765).bmp,calib,0,3.618139,0.050900,-3.669039
smids/Normal_Sperm/Normal_Sperm (767).bmp,calib,0,1.556380,-0.195519,-1.360859
smids/Normal_Sperm/Normal_Sperm (768).bmp,calib,0,1.708334,-0.088642,-1.619690
smids/Normal_Sperm/Normal_Sperm (772).bmp,calib,0,2.871592,-0.627946,-2.243646
smids/Normal_Sperm/Normal_Sperm (776).bmp,calib,0,3.083707,0.008153,-3.091861
smids/Normal_Sperm/Normal_Sperm (779).bmp,calib,0,1.640007,0.195442,-1.835446
smids/Normal_Sperm/Normal_Sperm (780).bmp,calib,0,2.550538,-0.509547,-2.040992
smids/Normal_Sperm/Normal_Sperm (781).bmp,calib,0,4.794644,-0.558473,-4.236170
smids/Normal_Sperm/Normal_Sperm (784).bmp,calib,0,2.455551,1.244347,-3.699900
smids/Normal_Sperm/Normal_Sperm (795).bmp,calib,0,4.258049,-0.010094,-4.247955
smids/Normal_Sperm/Normal_Sperm (8).bmp,calib,0,0.554649,-1.257013,0.702366
smids/Normal_Sperm/Normal_Sperm (801).bmp,calib,0,1.294766,-0.828867,-0.465900
smids/Normal_Sperm/Normal_Sperm (802).bmp,calib,0,-0.177307,-1.450884,1.628193
smids/Normal_Sperm/Normal_Sperm (811).bmp,calib,0,2.301306,0.622977,-2.924282
smids/Normal_Sperm/Normal_Sperm (812).bmp,calib,0,0.852844,-0.683196,-0.169649
smids/Normal_Sperm/Normal_Sperm (824).bmp,calib,0,3.893732,-1.202316,-2.691419
smids/Normal_Sperm/Normal_Sperm (828).bmp,calib,0,1.596026,0.194474,-1.790502
smids/Normal_Sperm/Normal_Sperm (829).bmp,calib,0,3.622570,-0.126371,-3.496199
smids/Normal_Sperm/Normal_Sperm (836).bmp,calib,0,1.421167,0.878618,-2.299784
smids/Normal_Sperm/Normal_Sperm (84).bmp,calib,0,-0.062333,0.825803,-0.763469
smids/Normal_Sperm/Normal_Sperm (840).bmp,calib,0,3.051251,0.810469,-3.861721
smids/Normal_Sperm/Normal_Sperm (843).bmp,calib,0,1.952689,-0.219591,-1.733098
smids/Normal_Sperm/Normal_Sperm (847).bmp,calib,0,3.664041,0.182958,-3.846998
smids/Normal_Sperm/Normal_Sperm (854).bmp,calib,0,1.849533,0.997486,-2.847018
smids/Normal_Sperm/Normal_Sperm (864).bmp,calib,0,2.217903,0.004955,-2.222857
smids/Normal_Sperm/Normal_Sperm (868).bmp,calib,0,3.182560,-0.259474,-2.923086
smids/Normal_Sperm/Normal_Sperm (900).bmp,calib,0,2.926524,-1.371997,-1.554528
smids/Normal_Sperm/Normal_Sperm (903).bmp,calib,0,0.073572,1.128687,-1.202259
smids/Normal_Sperm/Normal_Sperm (908).bmp,calib,0,2.371413,2.031878,-4.403291
smids/Normal_Sperm/Normal_Sperm (913).bmp,calib,0,3.147863,-0.712243,-2.435620
smids/Normal_Sperm/Normal_Sperm (915).bmp,calib,0,3.071066,-0.302664,-2.768402
smids/Normal_Sperm/Normal_Sperm (929).bmp,calib,0,3.455037,0.673685,-4.128722
smids/Normal_Sperm/Normal_Sperm (930).bmp,calib,0,-1.336993,-1.507451,2.844445
smids/Normal_Sperm/Normal_Sperm (931).bmp,calib,0,2.010877,2.017560,-4.028436
smids/Normal_Sperm/Normal_Sperm (932).bmp,calib,0,2.322967,2.281269,-4.604235
smids/Normal_Sperm/Normal_Sperm (935).bmp,calib,0,-1.403944,2.456824,-1.052878
smids/Normal_Sperm/Normal_Sperm (942).bmp,calib,0,1.799672,1.547799,-3.347472
smids/Normal_Sperm/Normal_Sperm (95).bmp,calib,0,-0.966603,0.125624,0.840983
smids/Normal_Sperm/Normal_Sperm (954).bmp,calib,0,1.876419,2.491086,-4.367507
smids/Normal_Sperm/Normal_Sperm (962).bmp,calib,0,-0.151684,0.037242,0.114441
smids/Normal_Sperm/Normal_Sperm (964).bmp,calib,0,3.089554,0.449591,-3.539144
smids/Normal_Sperm/Normal_Sperm (98).bmp,calib,0,2.739098,-0.628855,-2.110243
smids/Normal_Sperm/Normal_Sperm (984).bmp,calib,0,0.460655,-1.341290,0.880636
smids/Normal_Sperm/Normal_Sperm (986).bmp,calib,0,2.023937,-0.187515,-1.836421
smids/Normal_Sperm/Normal_Sperm (995).bmp,calib,0,0.685060,-0.851667,0.166607
smids/Abnormal_Sperm/Abnormal_Sperm (1).bmp,test,1,0.171287,1.826465,-1.997753
smids/Abnormal_Sperm/Abnormal_Sperm (1003).bmp,test,1,-0.457364,0.737334,-0.279969
smids/Abnormal_Sperm/Abnormal_Sperm (109).bmp,test,1,-0.457541,0.885053,-0.427510
smids/Abnormal_Sperm/Abnormal_Sperm (124).bmp,test,1,0.393189,1.007895,-1.401082
smids/Abnormal_Sperm/Abnormal_Sperm (133).bmp,test,1,-1.168262,3.361822,-2.193557
smids/Abnormal_Sperm/Abnormal_Sperm (147).bmp,test,1,-1.150047,1.567301,-0.417254
smids/Abnormal_Sperm/Abnormal_Sperm (157).bmp,test,1,-0.271375,2.083900,-1.812523
smids/Abnormal_Sperm/Abnormal_Sperm (162).bmp,test,1,-2.666612,2.007656,0.658959
smids/Abnormal_Sperm/Abnormal_Sperm (164).bmp,test,1,-0.374403,3.476648,-3.102244
smids/Abnormal_Sperm/Abnormal_Sperm (165).bmp,test,1,-1.813672,2.946334,-1.132661
smids/Abnormal_Sperm/Abnormal_Sperm (166).bmp,test,1,-0.145275,0.711016,-0.565741
smids/Abnormal_Sperm/Abnormal_Sperm (171).bmp,test,1,-0.613130,0.338724,0.274406
smids/Abnormal_Sperm/Abnormal_Sperm (178).bmp,test,1,-0.230824,2.283537,-2.052711
smids/Abnormal_Sperm/Abnormal_Sperm (184).bmp,test,1,-0.474688,2.561924,-2.087236
smids/Abnormal_Sperm/Abnormal_Sperm (192).bmp,test,1,-0.298330,2.978844,-2.680513
smids/Abnormal_Sperm/Abnormal_Sperm (203).bmp,test,1,-0.382859,2.767533,-2.384675
smids/Abnormal_Sperm/Abnormal_Sperm (205).bmp,test,1,-0.456260,2.597114,-2.140854
smids/Abnormal_Sperm/Abnormal_Sperm (208).bmp,test,1,-0.717127,1.641819,-0.924692
smids/Abnormal_Sperm/Abnormal_Sperm (215).bmp,test,1,1.397149,2.547347,-3.944495
smids/Abnormal_Sperm/Abnormal_Sperm (224).bmp,test,1,-1.141829,3.491789,-2.349960
smids/Abnormal_Sperm/Abnormal_Sperm (225).bmp,test,1,-0.493693,2.683075,-2.189382
smids/Abnormal_Sperm/Abnormal_Sperm (234).bmp,test,1,-3.732045,3.634788,0.097258
smids/Abnormal_Sperm/Abnormal_Sperm (267).bmp,test,1,-0.675068,2.497237,-1.822169
smids/Abnormal_Sperm/Abnormal_Sperm (273).bmp,test,1,-1.253665,2.933064,-1.679397
smids/Abnormal_Sperm/Abnormal_Sperm (277).bmp,test,1,0.091234,1.910643,-2.001877
smids/Abnormal_Sperm/Abnormal_Sperm (278).bmp,test,1,0.259040,2.129508,-2.388545
smids/Abnormal_Sperm/Abnormal_Sperm (279).bmp,test,1,-0.828037,1.149201,-0.321159
smids/Abnormal_Sperm/Abnormal_Sperm (285).bmp,test,1,0.753685,1.127255,-1.880939
smids/Abnormal_Sperm/Abnormal_Sperm (291).bmp,test,1,1.867830,0.943775,-2.811605
smids/Abnormal_Sperm/Abnormal_Sperm (293).bmp,test,1,0.160473,2.370382,-2.530856
smids/Abnormal_Sperm/Abnormal_Sperm (301).bmp,test,1,-0.461160,2.204145,-1.742985
smids/Abnormal_Sperm/Abnormal_Sperm (302).bmp,test,1,-2.090180,1.414197,0.675984
smids/Abnormal_Sperm/Abnormal_Sperm (306).bmp,test,1,0.107923,1.924845,-2.032769
smids/Abnormal_Sperm/Abnormal_Sperm (314).bmp,test,1,-1.273990,3.042831,-1.768840
smids/Abnormal_Sperm/Abnormal_Sperm (318).bmp,test,1,-0.035426,2.356981,-2.321555
smids/Abnormal_Sperm/Abnormal_Sperm (321).bmp,test,1,-0.774696,2.876855,-2.102159
smids/Abnormal_Sperm/Abnormal_Sperm (324).bmp,test,1,-0.556629,0.534045,0.022587
smids/Abnormal_Sperm/Abnormal_Sperm (325).bmp,test,1,-0.642039,2.147882,-1.505842
smids/Abnormal_Sperm/Abnormal_Sperm (327).bmp,test,1,-2.829265,1.983256,0.846013
smids/Abnormal_Sperm/Abnormal_Sperm (329).bmp,test,1,-1.132803,3.001275,-1.868472
smids/Abnormal_Sperm/Abnormal_Sperm (334).bmp,test,1,-0.866166,1.533620,-0.667452
smids/Abnormal_Sperm/Abnormal_Sperm (338).bmp,test,1,0.829591,2.502938,-3.332528
smids/Abnormal_Sperm/Abnormal_Sperm (344).bmp,test,1,-1.013814,2.332129,-1.318313
smids/Abnormal_Sperm/Abnormal_Sperm (346).bmp,test,1,-0.589051,1.984952,-1.395899
smids/Abnormal_Sperm/Abnormal_Sperm (348).bmp,test,1,-0.269058,-0.152324,0.421384
smids/Abnormal_Sperm/Abnormal_Sperm (35).bmp,test,1,0.111570,1.611237,-1.722807
smids/Abnormal_Sperm/Abnormal_Sperm (355).bmp,test,1,-0.743642,1.741607,-0.997965
smids/Abnormal_Sperm/Abnormal_Sperm (364).bmp,test,1,-2.732887,2.028486,0.704402
smids/Abnormal_Sperm/Abnormal_Sperm (365).bmp,test,1,-0.849502,2.263925,-1.414422
smids/Abnormal_Sperm/Abnormal_Sperm (373).bmp,test,1,-0.979650,1.970809,-0.991157
smids/Abnormal_Sperm/Abnormal_Sperm (374).bmp,test,1,-1.492285,3.690143,-2.197859
smids/Abnormal_Sperm/Abnormal_Sperm (379).bmp,test,1,-1.325262,0.765540,0.559724
smids/Abnormal_Sperm/Abnormal_Sperm (400).bmp,test,1,-2.411956,2.308513,0.103445
smids/Abnormal_Sperm/Abnormal_Sperm (41).bmp,test,1,0.908252,0.811480,-1.719732
smids/Abnormal_Sperm/Abnormal_Sperm (412).bmp,test,1,-0.412700,0.670367,-0.257665
smids/Abnormal_Sperm/Abnormal_Sperm (415).bmp,test,1,-0.985807,2.522499,-1.536691
smids/Abnormal_Sperm/Abnormal_Sperm (430).bmp,test,1,-0.127824,1.550226,-1.422400
smids/Abnormal_Sperm/Abnormal_Sperm (431).bmp,test,1,-1.687512,2.987509,-1.299995
smids/Abnormal_Sperm/Abnormal_Sperm (439).bmp,test,1,-0.363545,1.445060,-1.081513
smids/Abnormal_Sperm/Abnormal_Sperm (443).bmp,test,1,-0.744684,2.013331,-1.268646
smids/Abnormal_Sperm/Abnormal_Sperm (445).bmp,test,1,-0.615491,2.980988,-2.365495
smids/Abnormal_Sperm/Abnormal_Sperm (447).bmp,test,1,-2.118294,3.026162,-0.907868
smids/Abnormal_Sperm/Abnormal_Sperm (460).bmp,test,1,-1.758840,3.328524,-1.569684
smids/Abnormal_Sperm/Abnormal_Sperm (462).bmp,test,1,0.459601,2.880095,-3.339696
smids/Abnormal_Sperm/Abnormal_Sperm (463).bmp,test,1,-2.418192,2.284158,0.134035
smids/Abnormal_Sperm/Abnormal_Sperm (470).bmp,test,1,-0.841905,3.046152,-2.204248
smids/Abnormal_Sperm/Abnormal_Sperm (477).bmp,test,1,1.990913,-0.004204,-1.986710
smids/Abnormal_Sperm/Abnormal_Sperm (483).bmp,test,1,-0.504130,0.222301,0.281830
smids/Abnormal_Sperm/Abnormal_Sperm (489).bmp,test,1,0.056601,-0.127246,0.070646
smids/Abnormal_Sperm/Abnormal_Sperm (496).bmp,test,1,0.616236,1.562221,-2.178456
smids/Abnormal_Sperm/Abnormal_Sperm (497).bmp,test,1,0.177454,0.038015,-0.215469
smids/Abnormal_Sperm/Abnormal_Sperm (501).bmp,test,1,-0.322751,-0.043766,0.366515
smids/Abnormal_Sperm/Abnormal_Sperm (513).bmp,test,1,-0.850818,-0.093066,0.943886
smids/Abnormal_Sperm/Abnormal_Sperm (520).bmp,test,1,0.859043,1.559245,-2.418286
smids/Abnormal_Sperm/Abnormal_Sperm (526).bmp,test,1,-1.065143,1.212083,-0.146941
smids/Abnormal_Sperm/Abnormal_Sperm (535).bmp,test,1,1.254888,0.761989,-2.016875
smids/Abnormal_Sperm/Abnormal_Sperm (539).bmp,test,1,0.615218,1.146152,-1.761369
smids/Abnormal_Sperm/Abnormal_Sperm (543).bmp,test,1,-1.681286,3.400732,-1.719447
smids/Abnormal_Sperm/Abnormal_Sperm (547).bmp,test,1,0.074786,4.865906,-4.940692
smids/Abnormal_Sperm/Abnormal_Sperm (55).bmp,test,1,-2.385891,1.420548,0.965344
smids/Abnormal_Sperm/Abnormal_Sperm (555).bmp,test,1,1.248908,0.077373,-1.326281
smids/Abnormal_Sperm/Abnormal_Sperm (558).bmp,test,1,-0.635194,1.431896,-0.796702
smids/Abnormal_Sperm/Abnormal_Sperm (562).bmp,test,1,-0.829637,0.500659,0.328979
smids/Abnormal_Sperm/Abnormal_Sperm (569).bmp,test,1,-1.488062,1.332719,0.155344
smids/Abnormal_Sperm/Abnormal_Sperm (573).bmp,test,1,-0.569976,0.318059,0.251915
smids/Abnormal_Sperm/Abnormal_Sperm (574).bmp,test,1,0.984556,-0.901076,-0.083479
smids/Abnormal_Sperm/Abnormal_Sperm (575).bmp,test,1,1.329487,1.987902,-3.317386
smids/Abnormal_Sperm/Abnormal_Sperm (576).bmp,test,1,-3.222778,2.426654,0.796125
smids/Abnormal_Sperm/Abnormal_Sperm (577).bmp,test,1,0.612796,0.464662,-1.077457
smids/Abnormal_Sperm/Abnormal_Sperm (578).bmp,test,1,3.570400,-0.372794,-3.197605
smids/Abnormal_Sperm/Abnormal_Sperm (584).bmp,test,1,-2.536630,0.036611,2.500021
smids/Abnormal_Sperm/Abnormal_Sperm (589).bmp,test,1,1.909346,0.250425,-2.159769
smids/Abnormal_Sperm/Abnormal_Sperm (592).bmp,test,1,-1.953472,2.015041,-0.061568
smids/Abnormal_Sperm/Abnormal_Sperm (593).bmp,test,1,1.562146,2.182029,-3.744174
smids/Abnormal_Sperm/Abnormal_Sperm (596).bmp,test,1,0.665310,0.432224,-1.097533
smids/Abnormal_Sperm/Abnormal_Sperm (608).bmp,test,1,-0.072612,1.830964,-1.758352
smids/Abnormal_Sperm/Abnormal_Sperm (614).bmp,test,1,0.726977,0.607607,-1.334585
smids/Abnormal_Sperm/Abnormal_Sperm (617).bmp,test,1,0.733025,1.827899,-2.560924
smids/Abnormal_Sperm/Abnormal_Sperm (618).bmp,test,1,1.292297,1.541922,-2.834220
smids/Abnormal_Sperm/Abnormal_Sperm (62).bmp,test,1,-0.422928,3.125756,-2.702826
smids/Abnormal_Sperm/Abnormal_Sperm (621).bmp,test,1,0.012476,2.669018,-2.681493
smids/Abnormal_Sperm/Abnormal_Sperm (622).bmp,test,1,2.552926,-0.547946,-2.004981
smids/Abnormal_Sperm/Abnormal_Sperm (623).bmp,test,1,-0.678789,1.980429,-1.301639
smids/Abnormal_Sperm/Abnormal_Sperm (625).bmp,test,1,0.296513,1.118872,-1.415386
smids/Abnormal_Sperm/Abnormal_Sperm (628).bmp,test,1,-0.600823,1.727507,-1.126683
smids/Abnormal_Sperm/Abnormal_Sperm (632).bmp,test,1,-0.598633,1.020697,-0.422063
smids/Abnormal_Sperm/Abnormal_Sperm (635).bmp,test,1,1.050653,2.383349,-3.434001
smids/Abnormal_Sperm/Abnormal_Sperm (638).bmp,test,1,0.345873,0.196703,-0.542575
smids/Abnormal_Sperm/Abnormal_Sperm (639).bmp,test,1,-2.279196,1.369567,0.909631
smids/Abnormal_Sperm/Abnormal_Sperm (642).bmp,test,1,-0.511129,1.774220,-1.263091
smids/Abnormal_Sperm/Abnormal_Sperm (653).bmp,test,1,0.361664,0.990833,-1.352498
smids/Abnormal_Sperm/Abnormal_Sperm (657).bmp,test,1,0.862125,0.482431,-1.344553
smids/Abnormal_Sperm/Abnormal_Sperm (661).bmp,test,1,-0.929660,2.913812,-1.984153
smids/Abnormal_Sperm/Abnormal_Sperm (662).bmp,test,1,-1.128554,1.210990,-0.082435
smids/Abnormal_Sperm/Abnormal_Sperm (664).bmp,test,1,0.933095,1.888780,-2.821875
smids/Abnormal_Sperm/Abnormal_Sperm (667).bmp,test,1,0.971782,1.272905,-2.244688
smids/Abnormal_Sperm/Abnormal_Sperm (671).bmp,test,1,0.159497,0.536414,-0.695910
smids/Abnormal_Sperm/Abnormal_Sperm (672).bmp,test,1,-0.410550,1.544292,-1.133739
smids/Abnormal_Sperm/Abnormal_Sperm (683).bmp,test,1,1.264562,-0.249896,-1.014666
smids/Abnormal_Sperm/Abnormal_Sperm (694).bmp,test,1,-0.826744,2.376922,-1.550174
smids/Abnormal_Sperm/Abnormal_Sperm (699).bmp,test,1,-0.371186,2.519071,-2.147885
smids/Abnormal_Sperm/Abnormal_Sperm (700).bmp,test,1,0.760312,2.212919,-2.973232
smids/Abnormal_Sperm/Abnormal_Sperm (707).bmp,test,1,0.037552,2.616086,-2.653636
smids/Abnormal_Sperm/Abnormal_Sperm (709).bmp,test,1,0.433970,1.583699,-2.017671
smids/Abnormal_Sperm/Abnormal_Sperm (710).bmp,test,1,-1.205750,1.644597,-0.438846
smids/Abnormal_Sperm/Abnormal_Sperm (714).bmp,test,1,1.609767,-0.340210,-1.269558
smids/Abnormal_Sperm/Abnormal_Sperm (715).bmp,test,1,0.787719,1.312483,-2.100203
smids/Abnormal_Sperm/Abnormal_Sperm (725).bmp,test,1,0.910519,0.199305,-1.109826
smids/Abnormal_Sperm/Abnormal_Sperm (728).bmp,test,1,-0.715202,1.034967,-0.319764
smids/Abnormal_Sperm/Abnormal_Sperm (73).bmp,test,1,1.331110,1.678107,-3.009217
smids/Abnormal_Sperm/Abnormal_Sperm (734).bmp,test,1,1.973683,0.799629,-2.773314
smids/Abnormal_Sperm/Abnormal_Sperm (742).bmp,test,1,1.563358,1.108777,-2.672137
smids/Abnormal_Sperm/Abnormal_Sperm (746).bmp,test,1,-0.131410,2.076271,-1.944861
smids/Abnormal_Sperm/Abnormal_Sperm (748).bmp,test,1,-0.212146,1.381752,-1.169605
smids/Abnormal_Sperm/Abnormal_Sperm (75).bmp,test,1,0.598503,2.032838,-2.631340
smids/Abnormal_Sperm/Abnormal_Sperm (751).bmp,test,1,0.829483,1.768025,-2.597509
smids/Abnormal_Sperm/Abnormal_Sperm (753).bmp,test,1,0.049112,2.536701,-2.585813
smids/Abnormal_Sperm/Abnormal_Sperm (761).bmp,test,1,2.490480,0.337169,-2.827653
smids/Abnormal_Sperm/Abnormal_Sperm (763).bmp,test,1,1.396356,1.466415,-2.862772
smids/Abnormal_Sperm/Abnormal_Sperm (769).bmp,test,1,-1.954563,2.108732,-0.154166
smids/Abnormal_Sperm/Abnormal_Sperm (770).bmp,test,1,2.192512,0.707088,-2.899601
smids/Abnormal_Sperm/Abnormal_Sperm (776).bmp,test,1,0.629198,2.140435,-2.769634
smids/Abnormal_Sperm/Abnormal_Sperm (780).bmp,test,1,-0.431334,0.673707,-0.242374
smids/Abnormal_Sperm/Abnormal_Sperm (783).bmp,test,1,0.928296,-0.323598,-0.604697
smids/Abnormal_Sperm/Abnormal_Sperm (784).bmp,test,1,0.148364,1.722198,-1.870559
smids/Abnormal_Sperm/Abnormal_Sperm (785).bmp,test,1,1.718320,0.317213,-2.035532
smids/Abnormal_Sperm/Abnormal_Sperm (786).bmp,test,1,2.348406,0.893822,-3.242229
smids/Abnormal_Sperm/Abnormal_Sperm (787).bmp,test,1,2.419645,0.454693,-2.874338
smids/Abnormal_Sperm/Abnormal_Sperm (794).bmp,test,1,-0.446540,2.604615,-2.158074
smids/Abnormal_Sperm/Abnormal_Sperm (798).bmp,test,1,0.254963,2.669197,-2.924162
smids/Abnormal_Sperm/Abnormal_Sperm (807).bmp,test,1,1.679922,2.565873,-4.245797
smids/Abnormal_Sperm/Abnormal_Sperm (819).bmp,test,1,-0.128628,1.876868,-1.748240
smids/Abnormal_Sperm/Abnormal_Sperm (82).bmp,test,1,0.841605,3.080310,-3.921916
smids/Abnormal_Sperm/Abnormal_Sperm (821).bmp,test,1,-0.951921,2.159686,-1.207767
smids/Abnormal_Sperm/Abnormal_Sperm (828).bmp,test,1,1.365873,1.310606,-2.676478
smids/Abnormal_Sperm/Abnormal_Sperm (831).bmp,test,1,1.283117,1.979657,-3.262774
smids/Abnormal_Sperm/Abnormal_Sperm (833).bmp,test,1,0.177001,2.120157,-2.297158
smids/Abnormal_Sperm/Abnormal_Sperm (840).bmp,test,1,-0.048943,2.865170,-2.816225
smids/Abnormal_Sperm/Abnormal_Sperm (843).bmp,test,1,1.715905,1.369099,-3.085005
smids/Abnormal_Sperm/Abnormal_Sperm (848).bmp,test,1,0.944650,0.255194,-1.199844
smids/Abnormal_Sperm/Abnormal_Sperm (858).bmp,test,1,1.165385,1.143457,-2.308845
smids/Abnormal_Sperm/Abnormal_Sperm (86).bmp,test,1,-1.003080,1.658105,-0.655025
smids/Abnormal_Sperm/Abnormal_Sperm (867).bmp,test,1,0.003714,1.184668,-1.188381
smids/Abnormal_Sperm/Abnormal_Sperm (87).bmp,test,1,-0.810227,2.317979,-1.507752
smids/Abnormal_Sperm/Abnormal_Sperm (870).bmp,test,1,0.610559,-0.009224,-0.601333
smids/Abnormal_Sperm/Abnormal_Sperm (874).bmp,test,1,-0.689271,1.079183,-0.389910
smids/Abnormal_Sperm/Abnormal_Sperm (878).bmp,test,1,2.648128,1.301499,-3.949627
smids/Abnormal_Sperm/Abnormal_Sperm (889).bmp,test,1,-0.464464,3.216044,-2.751579
smids/Abnormal_Sperm/Abnormal_Sperm (891).bmp,test,1,1.223122,1.405872,-2.628996
smids/Abnormal_Sperm/Abnormal_Sperm (899).bmp,test,1,1.062440,0.886150,-1.948588
smids/Abnormal_Sperm/Abnormal_Sperm (901).bmp,test,1,-0.532475,2.330065,-1.797588
smids/Abnormal_Sperm/Abnormal_Sperm (905).bmp,test,1,1.837774,1.590892,-3.428666
smids/Abnormal_Sperm/Abnormal_Sperm (910).bmp,test,1,0.788036,-0.662150,-0.125886
smids/Abnormal_Sperm/Abnormal_Sperm (912).bmp,test,1,0.396495,1.753643,-2.150136
smids/Abnormal_Sperm/Abnormal_Sperm (92).bmp,test,1,-1.460645,2.149241,-0.688597
smids/Abnormal_Sperm/Abnormal_Sperm (926).bmp,test,1,-0.624864,1.224916,-0.600049
smids/Abnormal_Sperm/Abnormal_Sperm (928).bmp,test,1,-0.366908,2.654871,-2.287963
smids/Abnormal_Sperm/Abnormal_Sperm (939).bmp,test,1,0.743713,0.233994,-0.977707
smids/Abnormal_Sperm/Abnormal_Sperm (944).bmp,test,1,0.394989,1.762071,-2.157059
smids/Abnormal_Sperm/Abnormal_Sperm (946).bmp,test,1,0.385504,1.938357,-2.323863
smids/Abnormal_Sperm/Abnormal_Sperm (949).bmp,test,1,-0.348100,1.077503,-0.729403
smids/Abnormal_Sperm/Abnormal_Sperm (95).bmp,test,1,-1.710626,2.056685,-0.346058
smids/Abnormal_Sperm/Abnormal_Sperm (953).bmp,test,1,0.270046,1.932413,-2.202458
smids/Abnormal_Sperm/Abnormal_Sperm (954).bmp,test,1,1.069378,2.845862,-3.915237
smids/Abnormal_Sperm/Abnormal_Sperm (955).bmp,test,1,0.834976,3.168420,-4.003395
smids/Abnormal_Sperm/Abnormal_Sperm (961).bmp,test,1,-0.761324,2.160616,-1.399291
smids/Abnormal_Sperm/Abnormal_Sperm (963).bmp,test,1,-1.738350,3.705829,-1.967477
smids/Abnormal_Sperm/Abnormal_Sperm (969).bmp,test,1,-2.955032,2.085005,0.870029
smids/Abnormal_Sperm/Abnormal_Sperm (97).bmp,test,1,-1.218019,1.575116,-0.357098
smids/Abnormal_Sperm/Abnormal_Sperm (970).bmp,test,1,-2.666034,3.610506,-0.944473
smids/Abnormal_Sperm/Abnormal_Sperm (980).bmp,test,1,-1.347007,2.250892,-0.903884
smids/Abnormal_Sperm/Abnormal_Sperm (990).bmp,test,1,-0.674990,2.279796,-1.604805
smids/Abnormal_Sperm/Abnormal_Sperm (995).bmp,test,1,-2.097897,1.788035,0.309862
smids/Abnormal_Sperm/Abnormal_Sperm (996).bmp,test,1,-3.309325,2.398323,0.911003
smids/Non-Sperm/Non-Sperm (1).bmp,test,2,-3.367586,1.518219,1.849368
smids/Non-Sperm/Non-Sperm (10).bmp,test,2,-2.218344,-0.416574,2.634922
smids/Non-Sperm/Non-Sperm (104).bmp,test,2,-1.956477,-2.294313,4.250788
smids/Non-Sperm/Non-Sperm (107).bmp,test,2,-2.146738,-1.997073,4.143812
smids/Non-Sperm/Non-Sperm (109).bmp,test,2,-2.488751,-1.426465,3.915217
smids/Non-Sperm/Non-Sperm (11).bmp,test,2,-3.228995,1.672343,1.556656
smids/Non-Sperm/Non-Sperm (110).bmp,test,2,-2.695980,-0.681644,3.377625
smids/Non-Sperm/Non-Sperm (117).bmp,test,2,-1.403777,-2.380899,3.784676
smids/Non-Sperm/Non-Sperm (121).bmp,test,2,-2.474866,-2.886832,5.361701
smids/Non-Sperm/Non-Sperm (125).bmp,test,2,-0.330432,-2.544876,2.875308
smids/Non-Sperm/Non-Sperm (126).bmp,test,2,-0.130747,-1.838066,1.968815
smids/Non-Sperm/Non-Sperm (136).bmp,test,2,-2.155746,-2.318294,4.474041
smids/Non-Sperm/Non-Sperm (137).bmp,test,2,-1.527920,-0.867955,2.395880
smids/Non-Sperm/Non-Sperm (138).bmp,test,2,-1.267956,-1.474593,2.742551
smids/Non-Sperm/Non-Sperm (140).bmp,test,2,-0.903291,-1.745485,2.648778
smids/Non-Sperm/Non-Sperm (141).bmp,test,2,-1.314147,-1.421001,2.735149
smids/Non-Sperm/Non-Sperm (148).bmp,test,2,-1.826150,-2.544583,4.370734
smids/Non-Sperm/Non-Sperm (150).bmp,test,2,-1.358447,-2.090284,3.448733
smids/Non-Sperm/Non-Sperm (155).bmp,test,2,-1.350805,-2.833551,4.184358
smids/Non-Sperm/Non-Sperm (156).bmp,test,2,-2.362944,-2.430849,4.793792
smids/Non-Sperm/Non-Sperm (157).bmp,test,2,-1.811333,-1.910254,3.721585
smids/Non-Sperm/Non-Sperm (158).bmp,test,2,-1.253688,-1.069718,2.323409
smids/Non-Sperm/Non-Sperm (159).bmp,test,2,-1.365179,-1.625935,2.991115
smids/Non-Sperm/Non-Sperm (16).bmp,test,2,-1.588240,-2.002736,3.590979
smids/Non-Sperm/Non-Sperm (162).bmp,test,2,-1.417439,-2.381974,3.799416
smids/Non-Sperm/Non-Sperm (165).bmp,test,2,-2.828282,-1.594645,4.422928
smids/Non-Sperm/Non-Sperm (166).bmp,test,2,-1.925882,-1.104247,3.030132
smids/Non-Sperm/Non-Sperm (169).bmp,test,2,-1.044421,-3.160916,4.205339
smids/Non-Sperm/Non-Sperm (17).bmp,test,2,-2.928828,-0.836397,3.765227
smids/Non-Sperm/Non-Sperm (170).bmp,test,2,-1.835582,-1.519984,3.355568
smids/Non-Sperm/Non-Sperm (174).bmp,test,2,-0.964216,-2.498590,3.462806
smids/Non-Sperm/Non-Sperm (177).bmp,test,2,-0.996679,-2.965925,3.962604
smids/Non-Sperm/Non-Sperm (19).bmp,test,2,-1.986620,-2.051830,4.038455
smids/Non-Sperm/Non-Sperm (198).bmp,test,2,-1.950529,-1.037030,2.987562
smids/Non-Sperm/Non-Sperm (200).bmp,test,2,-2.256072,-1.750286,4.006359
smids/Non-Sperm/Non-Sperm (219).bmp,test,2,-2.202739,-1.577425,3.780164
smids/Non-Sperm/Non-Sperm (22).bmp,test,2,-3.310831,0.283969,3.026862
smids/Non-Sperm/Non-Sperm (222).bmp,test,2,-2.622062,-1.870029,4.492093
smids/Non-Sperm/Non-Sperm (224).bmp,test,2,-1.228062,-0.439129,1.667194
smids/Non-Sperm/Non-Sperm (229).bmp,test,2,-2.525948,-2.329512,4.855460
smids/Non-Sperm/Non-Sperm (241).bmp,test,2,-1.653049,-1.374131,3.027179
smids/Non-Sperm/Non-Sperm (258).bmp,test,2,-1.208457,-1.861988,3.070445
smids/Non-Sperm/Non-Sperm (259).bmp,test,2,-3.171667,-1.085883,4.257552
smids/Non-Sperm/Non-Sperm (260).bmp,test,2,-2.425653,-1.394576,3.820229
smids/Non-Sperm/Non-Sperm (268).bmp,test,2,-2.198760,-1.140347,3.339108
smids/Non-Sperm/Non-Sperm (27).bmp,test,2,-1.672080,-1.067482,2.739563
smids/Non-Sperm/Non-Sperm (28).bmp,test,2,-2.649690,2.638916,0.010774
smids/Non-Sperm/Non-Sperm (282).bmp,test,2,-1.322687,-2.124614,3.447302
smids/Non-Sperm/Non-Sperm (291).bmp,test,2,-0.908210,-1.696992,2.605203
smids/Non-Sperm/Non-Sperm (292).bmp,test,2,-1.764854,-2.741749,4.506605
smids/Non-Sperm/Non-Sperm (293).bmp,test,2,-1.220993,-1.784127,3.005118
smids/Non-Sperm/Non-Sperm (294).bmp,test,2,-0.478862,-2.921133,3.399995
smids/Non-Sperm/Non-Sperm (296).bmp,test,2,-2.764809,-2.078383,4.843194
smids/Non-Sperm/Non-Sperm (299).bmp,test,2,-2.287616,-1.870176,4.157794
smids/Non-Sperm/Non-Sperm (302).bmp,test,2,-1.000471,-2.440426,3.440898
smids/Non-Sperm/Non-Sperm (313).bmp,test,2,-1.077683,-0.190959,1.268642
smids/Non-Sperm/Non-Sperm (315).bmp,test,2,-1.396277,-2.063094,3.459371
smids/Non-Sperm/Non-Sperm (317).bmp,test,2,-1.601674,-2.666649,4.268324
smids/Non-Sperm/Non-Sperm (323).bmp,test,2,-1.625306,-0.366926,1.992233
smids/Non-Sperm/Non-Sperm (324).bmp,test,2,-0.365671,-1.540418,1.906088
smids/Non-Sperm/Non-Sperm (329).bmp,test,2,-3.073063,-1.395977,4.469041
smids/Non-Sperm/Non-Sperm (334).bmp,test,2,-1.543965,-2.403411,3.947376
smids/Non-Sperm/Non-Sperm (337).bmp,test,2,-2.902012,-1.018615,3.920627
smids/Non-Sperm/Non-Sperm (339).bmp,test,2,-1.771250,-1.137089,2.908342
smids/Non-Sperm/Non-Sperm (342).bmp,test,2,-1.053784,-0.617625,1.671409
smids/Non-Sperm/Non-Sperm (343).bmp,test,2,-1.189549,-0.726464,1.916014
smids/Non-Sperm/Non-Sperm (345).bmp,test,2,-1.324224,-0.845921,2.170146
smids/Non-Sperm/Non-Sperm (364).bmp,test,2,-1.081022,-2.612208,3.693232
smids/Non-Sperm/Non-Sperm (367).bmp,test,2,-1.947638,-1.082880,3.030518
smids/Non-Sperm/Non-Sperm (380).bmp,test,2,-2.377911,1.018965,1.358949
smids/Non-Sperm/Non-Sperm (386).bmp,test,2,-2.023970,1.211164,0.812807
smids/Non-Sperm/Non-Sperm (39).bmp,test,2,-1.076442,0.192752,0.883693
smids/Non-Sperm/Non-Sperm (395).bmp,test,2,-1.378349,1.606077,-0.227727
smids/Non-Sperm/Non-Sperm (402).bmp,test,2,-1.880409,-0.328426,2.208839
smids/Non-Sperm/Non-Sperm (410).bmp,test,2,-2.621696,0.743300,1.878397
smids/Non-Sperm/Non-Sperm (416).bmp,test,2,-1.408630,-0.727279,2.135909
smids/Non-Sperm/Non-Sperm (420).bmp,test,2,1.321353,-2.357888,1.036536
smids/Non-Sperm/Non-Sperm (427).bmp,test,2,-2.473147,-1.435784,3.908932
smids/Non-Sperm/Non-Sperm (437).bmp,test,2,-1.814176,-1.189003,3.003180
smids/Non-Sperm/Non-Sperm (441).bmp,test,2,-1.573283,-1.323975,2.897257
smids/Non-Sperm/Non-Sperm (443).bmp,test,2,-2.065593,-2.023439,4.089034
smids/Non-Sperm/Non-Sperm (444).bmp,test,2,-0.149053,-2.681458,2.830510
smids/Non-Sperm/Non-Sperm (448).bmp,test,2,-1.409251,-2.479206,3.888458
smids/Non-Sperm/Non-Sperm (45).bmp,test,2,-1.336858,-2.050097,3.386961
smids/Non-Sperm/Non-Sperm (454).bmp,test,2,-2.669577,-0.404553,3.074133
smids/Non-Sperm/Non-Sperm (456).bmp,test,2,-0.480312,-1.341875,1.822190
smids/Non-Sperm/Non-Sperm (46).bmp,test,2,0.918292,0.605116,-1.523405
smids/Non-Sperm/Non-Sperm (464).bmp,test,2,-1.659865,-1.047134,2.707003
smids/Non-Sperm/Non-Sperm (466).bmp,test,2,-2.365793,-0.642331,3.008125
smids/Non-Sperm/Non-Sperm (469).bmp,test,2,-1.568602,-1.274758,2.843362
smids/Non-Sperm/Non-Sperm (470).bmp,test,2,-1.247877,-2.753167,4.001045
smids/Non-Sperm/Non-Sperm (478).bmp,test,2,-2.878181,-0.717066,3.595251
smids/Non-Sperm/Non-Sperm (479).bmp,test,2,-1.615688,-1.437773,3.053461
smids/Non-Sperm/Non-Sperm (484).bmp,test,2,-0.527353,-2.679188,3.206542
smids/Non-Sperm/Non-Sperm (485).bmp,test,2,-0.550301,-2.187904,2.738206
smids/Non-Sperm/Non-Sperm (490).bmp,test,2,-0.814834,-1.209233,2.024071
smids/Non-Sperm/Non-Sperm (496).bmp,test,2,-2.590475,-1.650846,4.241322
smids/Non-Sperm/Non-Sperm (50).bmp,test,2,-3.331245,0.994623,2.336624
smids/Non-Sperm/Non-Sperm (511).bmp,test,2,-2.670835,-0.804898,3.475733
smids/Non-Sperm/Non-Sperm (513).bmp,test,2,-1.824422,-2.129652,3.954075
smids/Non-Sperm/Non-Sperm (519).bmp,test,2,-2.028051,-1.941378,3.969430
smids/Non-Sperm/Non-Sperm (521).bmp,test,2,-0.421833,-1.440982,1.862817
smids/Non-Sperm/Non-Sperm (538).bmp,test,2,-2.409533,-2.251912,4.661448
smids/Non-Sperm/Non-Sperm (56).bmp,test,2,-1.517083,0.406725,1.110357
smids/Non-Sperm/Non-Sperm (561).bmp,test,2,-3.618309,-1.872163,5.490469
smids/Non-Sperm/Non-Sperm (574).bmp,test,2,-2.650488,-1.275580,3.926071
smids/Non-Sperm/Non-Sperm (579).bmp,test,2,-2.110614,-1.962645,4.073263
smids/Non-Sperm/Non-Sperm (584).bmp,test,2,-0.853600,-0.776370,1.629971
smids/Non-Sperm/Non-Sperm (588).bmp,test,2,-1.717326,0.368070,1.349256
smids/Non-Sperm/Non-Sperm (597).bmp,test,2,-1.157104,-2.432525,3.589630
smids/Non-Sperm/Non-Sperm (598).bmp,test,2,-1.530365,-1.332173,2.862539
smids/Non-Sperm/Non-Sperm (599).bmp,test,2,-3.143296,-1.504778,4.648073
smids/Non-Sperm/Non-Sperm (6).bmp,test,2,-1.626176,1.170655,0.455524
smids/Non-Sperm/Non-Sperm (604).bmp,test,2,-3.122847,0.300303,2.822546
smids/Non-Sperm/Non-Sperm (610).bmp,test,2,-0.305200,0.031092,0.274109
smids/Non-Sperm/Non-Sperm (612).bmp,test,2,-1.839925,-1.645701,3.485627
smids/Non-Sperm/Non-Sperm (613).bmp,test,2,-2.326386,-0.461434,2.787822
smids/Non-Sperm/Non-Sperm (621).bmp,test,2,-1.063553,-1.972456,3.036010
smids/Non-Sperm/Non-Sperm (626).bmp,test,2,-1.128437,-1.972027,3.100465
smids/Non-Sperm/Non-Sperm (644).bmp,test,2,-2.894536,-1.193383,4.087920
smids/Non-Sperm/Non-Sperm (655).bmp,test,2,-0.452800,-1.136043,1.588845
smids/Non-Sperm/Non-Sperm (66).bmp,test,2,-2.385325,-0.104827,2.490156
smids/Non-Sperm/Non-Sperm (663).bmp,test,2,-2.883931,-1.133272,4.017205
smids/Non-Sperm/Non-Sperm (665).bmp,test,2,-2.686697,-1.011584,3.698284
smids/Non-Sperm/Non-Sperm (67).bmp,test,2,-1.073274,-0.770050,1.843326
smids/Non-Sperm/Non-Sperm (678).bmp,test,2,-2.214227,-0.981795,3.196023
smids/Non-Sperm/Non-Sperm (680).bmp,test,2,-1.760706,-2.658590,4.419298
smids/Non-Sperm/Non-Sperm (684).bmp,test,2,-0.624776,-0.787614,1.412390
smids/Non-Sperm/Non-Sperm (686).bmp,test,2,-1.177362,-2.260326,3.437688
smids/Non-Sperm/Non-Sperm (698).bmp,test,2,-2.027415,-2.608529,4.635946
smids/Non-Sperm/Non-Sperm (7).bmp,test,2,-3.469641,1.157600,2.312044
smids/Non-Sperm/Non-Sperm (70).bmp,test,2,-2.991305,0.413146,2.578163
smids/Non-Sperm/Non-Sperm (704).bmp,test,2,-0.292784,-2.085401,2.378183
smids/Non-Sperm/Non-Sperm (706).bmp,test,2,-1.773752,-1.704969,3.478723
smids/Non-Sperm/Non-Sperm (708).bmp,test,2,-2.587722,-1.425539,4.013261
smids/Non-Sperm/Non-Sperm (713).bmp,test,2,-1.780362,-1.825363,3.605726
smids/Non-Sperm/Non-Sperm (723).bmp,test,2,-1.461542,0.505614,0.955928
smids/Non-Sperm/Non-Sperm (727).bmp,test,2,-0.610444,-0.782047,1.392492
smids/Non-Sperm/Non-Sperm (735).bmp,test,2,-2.012238,-1.446197,3.458436
smids/Non-Sperm/Non-Sperm (738).bmp,test,2,-2.434093,-1.148486,3.582578
smids/Non-Sperm/Non-Sperm (74).bmp,test,2,-0.586492,-0.652090,1.238585
smids/Non-Sperm/Non-Sperm (740).bmp,test,2,-2.683428,-0.996680,3.680111
smids/Non-Sperm/Non-Sperm (743).bmp,test,2,-0.398352,-1.436138,1.834492
smids/Non-Sperm/Non-Sperm (752).bmp,test,2,0.297029,-0.784020,0.486991
smids/Non-Sperm/Non-Sperm (759).bmp,test,2,-1.135143,-2.419125,3.554268
smids/Non-Sperm/Non-Sperm (76).bmp,test,2,-3.006319,1.849680,1.156641
smids/Non-Sperm/Non-Sperm (762).bmp,test,2,-2.275175,-1.062193,3.337369
smids/Non-Sperm/Non-Sperm (773).bmp,test,2,-3.321680,-0.501748,3.823430
smids/Non-Sperm/Non-Sperm (784).bmp,test,2,-1.453292,-1.494040,2.947335
smids/Non-Sperm/Non-Sperm (794).bmp,test,2,-1.419800,-1.259124,2.678924
smids/Non-Sperm/Non-Sperm (802).bmp,test,2,-0.015838,-1.665027,1.680864
smids/Non-Sperm/Non-Sperm (803).bmp,test,2,-0.122134,-0.142745,0.264878
smids/Non-Sperm/Non-Sperm (81).bmp,test,2,-1.603775,-2.188855,3.792630
smids/Non-Sperm/Non-Sperm (819).bmp,test,2,-0.032977,-0.602986,0.635965
smids/Non-Sperm/Non-Sperm (823).bmp,test,2,-3.646365,-0.061245,3.707610
smids/Non-Sperm/Non-Sperm (826).bmp,test,2,-0.425812,-1.561588,1.987403
smids/Non-Sperm/Non-Sperm (831).bmp,test,2,-3.215563,-0.315386,3.530950
smids/Non-Sperm/Non-Sperm (837).bmp,test,2,-2.790614,-1.668302,4.458918
smids/Non-Sperm/Non-Sperm (838).bmp,test,2,-1.979182,-1.845355,3.824542
smids/Non-Sperm/Non-Sperm (839).bmp,test,2,-2.234964,-1.512616,3.747580
smids/Non-Sperm/Non-Sperm (841).bmp,test,2,1.275530,-2.557698,1.282170
smids/Non-Sperm/Non-Sperm (842).bmp,test,2,-1.256393,-1.675232,2.931624
smids/Non-Sperm/Non-Sperm (849).bmp,test,2,-2.447865,-0.216136,2.664001
smids/Non-Sperm/Non-Sperm (850).bmp,test,2,-2.287577,-0.936259,3.223836
smids/Non-Sperm/Non-Sperm (855).bmp,test,2,-3.324147,-0.909483,4.233631
smids/Non-Sperm/Non-Sperm (856).bmp,test,2,0.056735,0.189497,-0.246233
smids/Non-Sperm/Non-Sperm (862).bmp,test,2,-2.591491,-1.027802,3.619292
smids/Non-Sperm/Non-Sperm (865).bmp,test,2,-1.278233,-1.301712,2.579944
smids/Non-Sperm/Non-Sperm (868).bmp,test,2,-2.941055,-0.176868,3.117923
smids/Non-Sperm/Non-Sperm (870).bmp,test,2,-1.134160,-0.843973,1.978135
smids/Non-Sperm/Non-Sperm (874).bmp,test,2,-3.581563,-0.202050,3.783611
smids/Non-Sperm/Non-Sperm (875).bmp,test,2,-3.562666,0.025883,3.536783
smids/Non-Sperm/Non-Sperm (883).bmp,test,2,-2.765285,-0.056889,2.822175
smids/Non-Sperm/Non-Sperm (890).bmp,test,2,-0.236546,-1.980941,2.217486
smids/Non-Sperm/Non-Sperm (891).bmp,test,2,0.855035,-0.939025,0.083989
smids/Non-Sperm/Non-Sperm (902).bmp,test,2,0.779471,-0.877958,0.098485
smids/Non-Sperm/Non-Sperm (905).bmp,test,2,-0.344071,0.495075,-0.151005
smids/Non-Sperm/Non-Sperm (906).bmp,test,2,-0.197038,-0.660941,0.857981
smids/Non-Sperm/Non-Sperm (91).bmp,test,2,-1.231779,-0.861077,2.092856
smids/Non-Sperm/Non-Sperm (910).bmp,test,2,-2.080104,0.363002,1.717104
smids/Non-Sperm/Non-Sperm (911).bmp,test,2,-1.345932,2.691025,-1.345091
smids/Non-Sperm/Non-Sperm (915).bmp,test,2,-2.667015,0.419777,2.247241
smids/Non-Sperm/Non-Sperm (919).bmp,test,2,-1.912832,-1.132144,3.044979
smids/Non-Sperm/Non-Sperm (925).bmp,test,2,-0.579041,-0.910308,1.489348
smids/Non-Sperm/Non-Sperm (926).bmp,test,2,-2.621009,0.752823,1.868188
smids/Non-Sperm/Non-Sperm (927).bmp,test,2,0.766605,-1.605477,0.838874
smids/Non-Sperm/Non-Sperm (931).bmp,test,2,-1.230766,-0.017538,1.248305
smids/Non-Sperm/Non-Sperm (941).bmp,test,2,-2.725313,-1.771364,4.496680
smids/Non-Sperm/Non-Sperm (944).bmp,test,2,0.682711,-0.936948,0.254237
smids/Non-Sperm/Non-Sperm (945).bmp,test,2,0.956613,-0.569316,-0.387298
smids/Non-Sperm/Non-Sperm (946).bmp,test,2,-0.617684,-0.683176,1.300861
smids/Non-Sperm/Non-Sperm (954).bmp,test,2,-1.441839,-1.275973,2.717815
smids/Non-Sperm/Non-Sperm (955).bmp,test,2,-2.641005,-0.755191,3.396195
smids/Non-Sperm/Non-Sperm (967).bmp,test,2,-1.487159,-0.258719,1.745880
smids/Non-Sperm/Non-Sperm (969).bmp,test,2,-1.042677,0.691806,0.350873
smids/Normal_Sperm/Normal_Sperm (1011).bmp,test,0,1.881502,0.515091,-2.396592
smids/Normal_Sperm/Normal_Sperm (1012).bmp,test,0,1.536156,0.596738,-2.132894
smids/Normal_Sperm/Normal_Sperm (1015).bmp,test,0,2.944744,0.355748,-3.300492
smids/Normal_Sperm/Normal_Sperm (1016).bmp,test,0,1.336748,0.664319,-2.001067
smids/Normal_Sperm/Normal_Sperm (1017).bmp,test,0,3.328595,-0.380394,-2.948203
smids/Normal_Sperm/Normal_Sperm (104).bmp,test,0,0.617427,0.431457,-1.048885
smids/Normal_Sperm/Normal_Sperm (106).bmp,test,0,2.238089,0.715200,-2.953290
smids/Normal_Sperm/Normal_Sperm (122).bmp,test,0,-1.594763,2.489801,-0.895036
smids/Normal_Sperm/Normal_Sperm (125).bmp,test,0,3.212245,0.334912,-3.547154
smids/Normal_Sperm/Normal_Sperm (126).bmp,test,0,2.890133,1.127081,-4.017214
smids/Normal_Sperm/Normal_Sperm (128).bmp,test,0,0.607583,0.227001,-0.834582
smids/Normal_Sperm/Normal_Sperm (147).bmp,test,0,3.925053,-0.580882,-3.344170
smids/Normal_Sperm/Normal_Sperm (149).bmp,test,0,2.858229,0.185874,-3.044101
smids/Normal_Sperm/Normal_Sperm (153).bmp,test,0,0.523851,-0.641318,0.117466
smids/Normal_Sperm/Normal_Sperm (154).bmp,test,0,0.685961,-0.236871,-0.449089
smids/Normal_Sperm/Normal_Sperm (157).bmp,test,0,3.741160,0.070183,-3.811345
smids/Normal_Sperm/Normal_Sperm (165).bmp,test,0,0.595876,0.979924,-1.575799
smids/Normal_Sperm/Normal_Sperm (17).bmp,test,0,1.485876,0.744672,-2.230549
smids/Normal_Sperm/Normal_Sperm (170).bmp,test,0,1.942146,0.234279,-2.176425
smids/Normal_Sperm/Normal_Sperm (171).bmp,test,0,1.907816,-0.940928,-0.966887
smids/Normal_Sperm/Normal_Sperm (180).bmp,test,0,2.159279,0.342693,-2.501970
smids/Normal_Sperm/Normal_Sperm (19).bmp,test,0,0.181801,0.083060,-0.264862
smids/Normal_Sperm/Normal_Sperm (201).bmp,test,0,-0.304804,1.376054,-1.071248
smids/Normal_Sperm/Normal_Sperm (203).bmp,test,0,0.147856,-0.001867,-0.145989
smids/Normal_Sperm/Normal_Sperm (204).bmp,test,0,1.813247,0.248327,-2.061574
smids/Normal_Sperm/Normal_Sperm (205).bmp,test,0,1.770103,-0.377573,-1.392532
smids/Normal_Sperm/Normal_Sperm (21).bmp,test,0,3.636186,0.051499,-3.687685
smids/Normal_Sperm/Normal_Sperm (210).bmp,test,0,2.472176,0.305642,-2.777820
smids/Normal_Sperm/Normal_Sperm (214).bmp,test,0,3.248826,0.908697,-4.157525
smids/Normal_Sperm/Normal_Sperm (223).bmp,test,0,0.866724,0.364670,-1.231394
smids/Normal_Sperm/Normal_Sperm (233).bmp,test,0,2.171402,0.308597,-2.480000
smids/Normal_Sperm/Normal_Sperm (239).bmp,test,0,1.799853,0.642104,-2.441958
smids/Normal_Sperm/Normal_Sperm (246).bmp,test,0,0.795675,1.340696,-2.136371
smids/Normal_Sperm/Normal_Sperm (247).bmp,test,0,0.270953,0.949938,-1.220889
smids/Normal_Sperm/Normal_Sperm (248).bmp,test,0,3.077775,0.651706,-3.729482
smids/Normal_Sperm/Normal_Sperm (251).bmp,test,0,2.445930,-0.481002,-1.964928
smids/Normal_Sperm/Normal_Sperm (252).bmp,test,0,2.675044,1.383260,-4.058304
smids/Normal_Sperm/Normal_Sperm (255).bmp,test,0,4.363862,-0.389397,-3.974465
smids/Normal_Sperm/Normal_Sperm (258).bmp,test,0,0.109570,2.395168,-2.504739
smids/Normal_Sperm/Normal_Sperm (261).bmp,test,0,2.611548,-0.354102,-2.257447
smids/Normal_Sperm/Normal_Sperm (264).bmp,test,0,1.876656,-0.095677,-1.780978
smids/Normal_Sperm/Normal_Sperm (265).bmp,test,0,2.057158,0.832003,-2.889163
smids/Normal_Sperm/Normal_Sperm (267).bmp,test,0,2.271880,1.170667,-3.442548
smids/Normal_Sperm/Normal_Sperm (278).bmp,test,0,0.151776,1.328807,-1.480584
smids/Normal_Sperm/Normal_Sperm (280).bmp,test,0,1.359300,0.242083,-1.601383
smids/Normal_Sperm/Normal_Sperm (297).bmp,test,0,2.278544,-0.489408,-1.789138
smids/Normal_Sperm/Normal_Sperm (3).bmp,test,0,2.142017,1.266277,-3.408295
smids/Normal_Sperm/Normal_Sperm (30).bmp,test,0,2.711782,-0.071724,-2.640060
smids/Normal_Sperm/Normal_Sperm (301).bmp,test,0,3.211938,-0.771383,-2.440556
smids/Normal_Sperm/Normal_Sperm (302).bmp,test,0,0.397336,1.645657,-2.042991
smids/Normal_Sperm/Normal_Sperm (305).bmp,test,0,2.738265,0.111534,-2.849800
smids/Normal_Sperm/Normal_Sperm (311).bmp,test,0,2.305255,-0.791164,-1.514092
smids/Normal_Sperm/Normal_Sperm (32).bmp,test,0,2.267460,-0.630982,-1.636478
smids/Normal_Sperm/Normal_Sperm (328).bmp,test,0,1.350568,1.278574,-2.629143
smids/Normal_Sperm/Normal_Sperm (334).bmp,test,0,2.203969,-0.433045,-1.770925
smids/Normal_Sperm/Normal_Sperm (336).bmp,test,0,2.134980,0.273100,-2.408082
smids/Normal_Sperm/Normal_Sperm (342).bmp,test,0,1.056056,-0.739658,-0.316399
smids/Normal_Sperm/Normal_Sperm (344).bmp,test,0,1.985304,0.061518,-2.046822
smids/Normal_Sperm/Normal_Sperm (355).bmp,test,0,0.589925,-0.203046,-0.386877
smids/Normal_Sperm/Normal_Sperm (36).bmp,test,0,1.969787,-1.226447,-0.743339
smids/Normal_Sperm/Normal_Sperm (361).bmp,test,0,2.465784,-0.337893,-2.127893
smids/Normal_Sperm/Normal_Sperm (367).bmp,test,0,1.893824,1.510609,-3.404435
smids/Normal_Sperm/Normal_Sperm (370).bmp,test,0,2.597862,-0.067568,-2.530295
smids/Normal_Sperm/Normal_Sperm (374).bmp,test,0,3.278239,0.087691,-3.365930
smids/Normal_Sperm/Normal_Sperm (38).bmp,test,0,0.321350,-1.093860,0.772511
smids/Normal_Sperm/Normal_Sperm (380).bmp,test,0,2.573396,-0.241450,-2.331947
smids/Normal_Sperm/Normal_Sperm (381).bmp,test,0,1.665613,1.861848,-3.527461
smids/Normal_Sperm/Normal_Sperm (387).bmp,test,0,1.492897,0.341464,-1.834361
smids/Normal_Sperm/Normal_Sperm (388).bmp,test,0,1.039662,0.636356,-1.676019
smids/Normal_Sperm/Normal_Sperm (390).bmp,test,0,1.379588,0.100910,-1.480498
smids/Normal_Sperm/Normal_Sperm (392).bmp,test,0,1.994438,0.080357,-2.074795
smids/Normal_Sperm/Normal_Sperm (395).bmp,test,0,-0.475067,0.410903,0.064164
smids/Normal_Sperm/Normal_Sperm (400).bmp,test,0,3.893560,0.121920,-4.015481
smids/Normal_Sperm/Normal_Sperm (405).bmp,test,0,2.591467,0.651487,-3.242956
smids/Normal_Sperm/Normal_Sperm (411).bmp,test,0,2.309632,1.379472,-3.689107
smids/Normal_Sperm/Normal_Sperm (414).bmp,test,0,2.902315,-0.508053,-2.394261
smids/Normal_Sperm/Normal_Sperm (415).bmp,test,0,1.573061,0.700300,-2.273361
smids/Normal_Sperm/Normal_Sperm (416).bmp,test,0,3.716016,0.007388,-3.723406
smids/Normal_Sperm/Normal_Sperm (419).bmp,test,0,2.104786,0.166352,-2.271139
smids/Normal_Sperm/Normal_Sperm (42).bmp,test,0,0.299698,0.123356,-0.423054
smids/Normal_Sperm/Normal_Sperm (421).bmp,test,0,1.162489,-0.544436,-0.618055
smids/Normal_Sperm/Normal_Sperm (427).bmp,test,0,1.394678,1.757591,-3.152270
smids/Normal_Sperm/Normal_Sperm (434).bmp,test,0,3.711061,-1.381514,-2.329550
smids/Normal_Sperm/Normal_Sperm (436).bmp,test,0,2.243224,0.730772,-2.973997
smids/Normal_Sperm/Normal_Sperm (439).bmp,test,0,1.880431,1.907520,-3.787951
smids/Normal_Sperm/Normal_Sperm (44).bmp,test,0,1.937660,0.359604,-2.297264
smids/Normal_Sperm/Normal_Sperm (444).bmp,test,0,2.942348,-0.991981,-1.950369
smids/Normal_Sperm/Normal_Sperm (447).bmp,test,0,3.645930,-0.200338,-3.445594
smids/Normal_Sperm/Normal_Sperm (448).bmp,test,0,1.817593,0.883858,-2.701451
smids/Normal_Sperm/Normal_Sperm (453).bmp,test,0,2.694891,-0.523042,-2.171853
smids/Normal_Sperm/Normal_Sperm (468).bmp,test,0,2.930455,1.357619,-4.288076
smids/Normal_Sperm/Normal_Sperm (472).bmp,test,0,2.426226,-0.392342,-2.033885
smids/Normal_Sperm/Normal_Sperm (479).bmp,test,0,1.731728,2.066328,-3.798054
smids/Normal_Sperm/Normal_Sperm (481).bmp,test,0,1.540877,-0.289277,-1.251601
smids/Normal_Sperm/Normal_Sperm (491).bmp,test,0,2.657624,0.761234,-3.418859
smids/Normal_Sperm/Normal_Sperm (5).bmp,test,0,2.474545,-0.479390,-1.995155
smids/Normal_Sperm/Normal_Sperm (506).bmp,test,0,3.469875,-0.012466,-3.457411
smids/Normal_Sperm/Normal_Sperm (515).bmp,test,0,2.142879,0.076275,-2.219155
smids/Normal_Sperm/Normal_Sperm (516).bmp,test,0,0.714133,1.393002,-2.107135
smids/Normal_Sperm/Normal_Sperm (517).bmp,test,0,2.220669,-0.028653,-2.192016
smids/Normal_Sperm/Normal_Sperm (522).bmp,test,0,1.457442,0.595935,-2.053378
smids/Normal_Sperm/Normal_Sperm (524).bmp,test,0,2.445161,0.356406,-2.801567
smids/Normal_Sperm/Normal_Sperm (528).bmp,test,0,2.293211,0.896922,-3.190133
smids/Normal_Sperm/Normal_Sperm (54).bmp,test,0,2.929090,-1.773333,-1.155754
smids/Normal_Sperm/Normal_Sperm (551).bmp,test,0,3.825576,-0.342100,-3.483477
smids/Normal_Sperm/Normal_Sperm (559).bmp,test,0,2.844210,-0.291582,-2.552628
smids/Normal_Sperm/Normal_Sperm (570).bmp,test,0,4.443812,-0.099700,-4.344112
smids/Normal_Sperm/Normal_Sperm (574).bmp,test,0,-0.661419,-0.969581,1.630999
smids/Normal_Sperm/Normal_Sperm (575).bmp,test,0,2.057344,0.316822,-2.374166
smids/Normal_Sperm/Normal_Sperm (588).bmp,test,0,2.856502,0.029365,-2.885870
smids/Normal_Sperm/Normal_Sperm (589).bmp,test,0,2.957581,0.755292,-3.712875
smids/Normal_Sperm/Normal_Sperm (591).bmp,test,0,3.412373,-0.541876,-2.870496
smids/Normal_Sperm/Normal_Sperm (593).bmp,test,0,4.803186,-0.441077,-4.362109
smids/Normal_Sperm/Normal_Sperm (597).bmp,test,0,2.050647,-0.584492,-1.466155
smids/Normal_Sperm/Normal_Sperm (60).bmp,test,0,1.159597,-0.218339,-0.941257
smids/Normal_Sperm/Normal_Sperm (603).bmp,test,0,3.432072,-0.197559,-3.234514
smids/Normal_Sperm/Normal_Sperm (609).bmp,test,0,1.517488,1.454962,-2.972449
smids/Normal_Sperm/Normal_Sperm (612).bmp,test,0,1.969136,0.582442,-2.551578
smids/Normal_Sperm/Normal_Sperm (616).bmp,test,0,2.284939,0.274134,-2.559073
smids/Normal_Sperm/Normal_Sperm (617).bmp,test,0,4.787087,-0.080795,-4.706293
smids/Normal_Sperm/Normal_Sperm (619).bmp,test,0,2.543279,-0.789741,-1.753538
smids/Normal_Sperm/Normal_Sperm (628).bmp,test,0,2.127029,0.705769,-2.832797
smids/Normal_Sperm/Normal_Sperm (630).bmp,test,0,2.272728,0.520243,-2.792972
smids/Normal_Sperm/Normal_Sperm (632).bmp,test,0,3.545513,0.433644,-3.979158
smids/Normal_Sperm/Normal_Sperm (634).bmp,test,0,2.798692,0.041700,-2.840394
smids/Normal_Sperm/Normal_Sperm (650).bmp,test,0,2.891752,0.037932,-2.929686
smids/Normal_Sperm/Normal_Sperm (654).bmp,test,0,1.097610,0.294225,-1.391835
smids/Normal_Sperm/Normal_Sperm (657).bmp,test,0,0.887825,0.418614,-1.306439
smids/Normal_Sperm/Normal_Sperm (659).bmp,test,0,1.863367,-0.157781,-1.705585
smids/Normal_Sperm/Normal_Sperm (670).bmp,test,0,2.255579,-1.285549,-0.970030
smids/Normal_Sperm/Normal_Sperm (675).bmp,test,0,4.218287,0.442218,-4.660503
smids/Normal_Sperm/Normal_Sperm (68).bmp,test,0,1.789841,-0.754552,-1.035288
smids/Normal_Sperm/Normal_Sperm (680).bmp,test,0,1.494075,1.612482,-3.106555
smids/Normal_Sperm/Normal_Sperm (69).bmp,test,0,-0.646101,3.355735,-2.709633
smids/Normal_Sperm/Normal_Sperm (693).bmp,test,0,3.050996,-1.675460,-1.375536
smids/Normal_Sperm/Normal_Sperm (702).bmp,test,0,2.740194,0.322931,-3.063123
smids/Normal_Sperm/Normal_Sperm (704).bmp,test,0,4.402837,-1.098812,-3.304024
smids/Normal_Sperm/Normal_Sperm (706).bmp,test,0,1.593406,1.549863,-3.143269
smids/Normal_Sperm/Normal_Sperm (707).bmp,test,0,2.143118,-0.264244,-1.878870
smids/Normal_Sperm/Normal_Sperm (708).bmp,test,0,1.669819,-0.314527,-1.355290
smids/Normal_Sperm/Normal_Sperm (710).bmp,test,0,2.261720,0.939729,-3.201448
smids/Normal_Sperm/Normal_Sperm (72).bmp,test,0,-0.124247,0.824740,-0.700492
smids/Normal_Sperm/Normal_Sperm (724).bmp,test,0,2.196509,-1.337238,-0.859272
smids/Normal_Sperm/Normal_Sperm (725).bmp,test,0,2.380636,-1.825642,-0.554997
smids/Normal_Sperm/Normal_Sperm (73).bmp,test,0,3.002944,1.756763,-4.759707
smids/Normal_Sperm/Normal_Sperm (734).bmp,test,0,2.945406,-1.242697,-1.702707
smids/Normal_Sperm/Normal_Sperm (739).bmp,test,0,3.928918,-1.916440,-2.012477
smids/Normal_Sperm/Normal_Sperm (74).bmp,test,0,3.194796,0.600922,-3.795720
smids/Normal_Sperm/Normal_Sperm (754).bmp,test,0,1.711032,-1.142232,-0.568799
smids/Normal_Sperm/Normal_Sperm (76).bmp,test,0,1.803172,-2.154266,0.351096
smids/Normal_Sperm/Normal_Sperm (769).bmp,test,0,4.286994,-1.158108,-3.128885
smids/Normal_Sperm/Normal_Sperm (770).bmp,test,0,0.989408,0.444473,-1.433881
smids/Normal_Sperm/Normal_Sperm (771).bmp,test,0,-0.403605,0.553694,-0.150090
smids/Normal_Sperm/Normal_Sperm (774).bmp,test,0,4.231352,-0.248565,-3.982790
smids/Normal_Sperm/Normal_Sperm (78).bmp,test,0,1.736604,-0.319503,-1.417102
smids/Normal_Sperm/Normal_Sperm (783).bmp,test,0,3.637401,-0.958635,-2.678767
smids/Normal_Sperm/Normal_Sperm (785).bmp,test,0,3.810217,0.143770,-3.953987
smids/Normal_Sperm/Normal_Sperm (79).bmp,test,0,1.293398,0.649998,-1.943395
smids/Normal_Sperm/Normal_Sperm (796).bmp,test,0,1.365541,1.329097,-2.694638
smids/Normal_Sperm/Normal_Sperm (800).bmp,test,0,1.835845,-0.306042,-1.529801
smids/Normal_Sperm/Normal_Sperm (804).bmp,test,0,2.530892,1.168806,-3.699699
smids/Normal_Sperm/Normal_Sperm (814).bmp,test,0,4.711915,-1.171631,-3.540285
smids/Normal_Sperm/Normal_Sperm (82).bmp,test,0,2.140115,0.692669,-2.832785
smids/Normal_Sperm/Normal_Sperm (833).bmp,test,0,1.857454,0.445288,-2.302741
smids/Normal_Sperm/Normal_Sperm (835).bmp,test,0,1.262580,-0.065139,-1.197440
smids/Normal_Sperm/Normal_Sperm (837).bmp,test,0,1.152376,0.677957,-1.830333
smids/Normal_Sperm/Normal_Sperm (846).bmp,test,0,2.256355,0.462931,-2.719287
smids/Normal_Sperm/Normal_Sperm (848).bmp,test,0,2.642499,0.689862,-3.332359
smids/Normal_Sperm/Normal_Sperm (853).bmp,test,0,4.330159,-0.096269,-4.233890
smids/Normal_Sperm/Normal_Sperm (856).bmp,test,0,2.426178,-0.071905,-2.354273
smids/Normal_Sperm/Normal_Sperm (860).bmp,test,0,1.172217,1.143200,-2.315417
smids/Normal_Sperm/Normal_Sperm (865).bmp,test,0,1.564455,1.532878,-3.097332
smids/Normal_Sperm/Normal_Sperm (870).bmp,test,0,2.318911,-0.016193,-2.302716
smids/Normal_Sperm/Normal_Sperm (872).bmp,test,0,0.599239,0.775991,-1.375228
smids/Normal_Sperm/Normal_Sperm (873).bmp,test,0,0.995909,1.356102,-2.352012
smids/Normal_Sperm/Normal_Sperm (874).bmp,test,0,2.036275,-0.303791,-1.732484
smids/Normal_Sperm/Normal_Sperm (875).bmp,test,0,0.556076,1.433475,-1.989549
smids/Normal_Sperm/Normal_Sperm (880).bmp,test,0,0.398736,1.948874,-2.347610
smids/Normal_Sperm/Normal_Sperm (886).bmp,test,0,0.946089,1.028493,-1.974581
smids/Normal_Sperm/Normal_Sperm (889).bmp,test,0,2.278459,1.874420,-4.152879
smids/Normal_Sperm/Normal_Sperm (9).bmp,test,0,-0.182405,-1.885094,2.067499
smids/Normal_Sperm/Normal_Sperm (905).bmp,test,0,1.678342,0.830681,-2.509021
smids/Normal_Sperm/Normal_Sperm (91).bmp,test,0,3.371340,-1.588817,-1.782523
smids/Normal_Sperm/Normal_Sperm (911).bmp,test,0,2.587542,0.808704,-3.396247
smids/Normal_Sperm/Normal_Sperm (917).bmp,test,0,2.695410,-0.064309,-2.631099
smids/Normal_Sperm/Normal_Sperm (918).bmp,test,0,2.198233,0.435267,-2.633499
smids/Normal_Sperm/Normal_Sperm (92).bmp,test,0,1.071985,-0.227108,-0.844877
smids/Normal_Sperm/Normal_Sperm (924).bmp,test,0,3.968768,1.196983,-5.165750
smids/Normal_Sperm/Normal_Sperm (940).bmp,test,0,2.790031,2.217705,-5.007735
smids/Normal_Sperm/Normal_Sperm (941).bmp,test,0,0.366461,2.349272,-2.715733
smids/Normal_Sperm/Normal_Sperm (944).bmp,test,0,3.316019,1.068422,-4.384440
smids/Normal_Sperm/Normal_Sperm (947).bmp,test,0,-0.132181,1.306797,-1.174616
smids/Normal_Sperm/Normal_Sperm (949).bmp,test,0,1.714205,0.713098,-2.427304
smids/Normal_Sperm/Normal_Sperm (950).bmp,test,0,0.427639,2.012878,-2.440517
smids/Normal_Sperm/Normal_Sperm (960).bmp,test,0,3.356302,0.977934,-4.334237
smids/Normal_Sperm/Normal_Sperm (980).bmp,test,0,0.454121,0.151707,-0.605827
smids/Normal_Sperm/Normal_Sperm (987).bmp,test,0,0.915418,0.172215,-1.087634
smids/Normal_Sperm/Normal_Sperm (991).bmp,test,0,2.583390,-0.966573,-1.616818
smids/Normal_Sperm/Normal_Sperm (994).bmp,test,0,0.087533,0.117271,-0.204804
smids/Normal_Sperm/Normal_Sperm (997).bmp,test,0,3.886715,-1.034038,-2.852678
