image_id,role,label_idx,logit_0,logit_1,logit_2
smids/Abnormal_Sperm/Abnormal_Sperm (100).bmp,val,1,1.715830,1.557535,-3.273368
smids/Abnormal_Sperm/Abnormal_Sperm (110).bmp,val,1,-2.665486,1.583052,1.082432
smids/Abnormal_Sperm/Abnormal_Sperm (12).bmp,val,1,0.572974,1.215548,-1.788523
smids/Abnormal_Sperm/Abnormal_Sperm (121).bmp,val,1,1.762205,2.013448,-3.775651
smids/Abnormal_Sperm/Abnormal_Sperm (131).bmp,val,1,0.758570,2.325573,-3.084144
smids/Abnormal_Sperm/Abnormal_Sperm (146).bmp,val,1,0.730383,1.095814,-1.826197
smids/Abnormal_Sperm/Abnormal_Sperm (155).bmp,val,1,-0.720064,3.213056,-2.492995
smids/Abnormal_Sperm/Abnormal_Sperm (158).bmp,val,1,-1.219272,1.614955,-0.395684
smids/Abnormal_Sperm/Abnormal_Sperm (160).bmp,val,1,-3.059941,1.537912,1.522026
smids/Abnormal_Sperm/Abnormal_Sperm (177).bmp,val,1,-0.252926,1.540456,-1.287534
smids/Abnormal_Sperm/Abnormal_Sperm (179).bmp,val,1,-0.454868,2.177388,-1.722523
smids/Abnormal_Sperm/Abnormal_Sperm (182).bmp,val,1,0.246165,1.884710,-2.130875
smids/Abnormal_Sperm/Abnormal_Sperm (187).bmp,val,1,0.091922,2.074782,-2.166707
smids/Abnormal_Sperm/Abnormal_Sperm (198).bmp,val,1,-2.380302,4.194781,-1.814483
smids/Abnormal_Sperm/Abnormal_Sperm (205).bmp,val,1,-0.552768,2.189827,-1.637059
smids/Abnormal_Sperm/Abnormal_Sperm (213).bmp,val,1,0.802628,3.364677,-4.167305
smids/Abnormal_Sperm/Abnormal_Sperm (217).bmp,val,1,0.509102,3.590558,-4.099658
smids/Abnormal_Sperm/Abnormal_Sperm (262).bmp,val,1,-1.710019,2.005541,-0.295523
smids/Abnormal_Sperm/Abnormal_Sperm (277).bmp,val,1,-0.590830,2.845922,-2.255095
smids/Abnormal_Sperm/Abnormal_Sperm (28).bmp,val,1,0.231832,-0.802066,0.570232
smids/Abnormal_Sperm/Abnormal_Sperm (282).bmp,val,1,-2.599363,2.665209,-0.065853
smids/Abnormal_Sperm/Abnormal_Sperm (287).bmp,val,1,-1.165391,1.874871,-0.709485
smids/Abnormal_Sperm/Abnormal_Sperm (296).bmp,val,1,-0.172018,1.212989,-1.040974
smids/Abnormal_Sperm/Abnormal_Sperm (301).bmp,val,1,-1.157944,3.241410,-2.083466
smids/Abnormal_Sperm/Abnormal_Sperm (307).bmp,val,1,-2.225842,2.988165,-0.762325
smids/Abnormal_Sperm/Abnormal_Sperm (326).bmp,val,1,-1.159610,2.255893,-1.096282
smids/Abnormal_Sperm/Abnormal_Sperm (33).bmp,val,1,1.556743,2.076640,-3.633386
smids/Abnormal_Sperm/Abnormal_Sperm (331).bmp,val,1,-1.324688,3.652704,-2.328021
smids/Abnormal_Sperm/Abnormal_Sperm (345).bmp,val,1,0.990684,3.810073,-4.800758
smids/Abnormal_Sperm/Abnormal_Sperm (349).bmp,val,1,-1.757972,3.920932,-2.162963
smids/Abnormal_Sperm/Abnormal_Sperm (35).bmp,val,1,-0.559401,2.768298,-2.208896
smids/Abnormal_Sperm/Abnormal_Sperm (355).bmp,val,1,-1.147559,2.430909,-1.283352
smids/Abnormal_Sperm/Abnormal_Sperm (359).bmp,val,1,-1.162847,2.510161,-1.347315
smids/Abnormal_Sperm/Abnormal_Sperm (364).bmp,val,1,-3.752182,3.579579,0.172601
smids/Abnormal_Sperm/Abnormal_Sperm (367).bmp,val,1,-0.311276,1.503674,-1.192401
smids/Abnormal_Sperm/Abnormal_Sperm (386).bmp,val,1,-3.826578,0.485583,3.340994
smids/Abnormal_Sperm/Abnormal_Sperm (4).bmp,val,1,-2.267133,-0.804828,3.071960
smids/Abnormal_Sperm/Abnormal_Sperm (412).bmp,val,1,-0.301971,0.634110,-0.332142
smids/Abnormal_Sperm/Abnormal_Sperm (418).bmp,val,1,-3.650655,2.374369,1.276287
smids/Abnormal_Sperm/Abnormal_Sperm (42).bmp,val,1,2.650256,3.137144,-5.787405
smids/Abnormal_Sperm/Abnormal_Sperm (423).bmp,val,1,-4.046084,3.402804,0.643279
smids/Abnormal_Sperm/Abnormal_Sperm (432).bmp,val,1,-1.458863,1.293772,0.165090
smids/Abnormal_Sperm/Abnormal_Sperm (440).bmp,val,1,2.283780,3.217055,-5.500837
smids/Abnormal_Sperm/Abnormal_Sperm (441).bmp,val,1,-2.079183,3.320154,-1.240975
smids/Abnormal_Sperm/Abnormal_Sperm (444).bmp,val,1,-0.697953,4.000795,-3.302846
smids/Abnormal_Sperm/Abnormal_Sperm (445).bmp,val,1,-0.740578,4.285584,-3.545008
smids/Abnormal_Sperm/Abnormal_Sperm (459).bmp,val,1,0.564243,3.611490,-4.175731
smids/Abnormal_Sperm/Abnormal_Sperm (465).bmp,val,1,-1.576440,2.195776,-0.619336
smids/Abnormal_Sperm/Abnormal_Sperm (469).bmp,val,1,-1.654322,2.031395,-0.377074
smids/Abnormal_Sperm/Abnormal_Sperm (473).bmp,val,1,0.587246,3.679947,-4.267194
smids/Abnormal_Sperm/Abnormal_Sperm (48).bmp,val,1,-0.359211,1.094031,-0.734826
smids/Abnormal_Sperm/Abnormal_Sperm (493).bmp,val,1,-1.418409,2.023131,-0.604723
smids/Abnormal_Sperm/Abnormal_Sperm (500).bmp,val,1,2.195958,-0.812486,-1.383474
smids/Abnormal_Sperm/Abnormal_Sperm (501).bmp,val,1,-0.438638,-1.429799,1.868435
smids/Abnormal_Sperm/Abnormal_Sperm (505).bmp,val,1,-3.011302,1.043828,1.967470
smids/Abnormal_Sperm/Abnormal_Sperm (515).bmp,val,1,-1.556231,1.510564,0.045664
smids/Abnormal_Sperm/Abnormal_Sperm (526).bmp,val,1,-1.125437,2.057195,-0.931759
smids/Abnormal_Sperm/Abnormal_Sperm (539).bmp,val,1,1.295985,1.315943,-2.611930
smids/Abnormal_Sperm/Abnormal_Sperm (545).bmp,val,1,-1.985425,2.200070,-0.214650
smids/Abnormal_Sperm/Abnormal_Sperm (549).bmp,val,1,2.753803,-0.633453,-2.120354
smids/Abnormal_Sperm/Abnormal_Sperm (56).bmp,val,1,-4.902101,3.964092,0.938008
smids/Abnormal_Sperm/Abnormal_Sperm (567).bmp,val,1,-0.913731,2.791104,-1.877377
smids/Abnormal_Sperm/Abnormal_Sperm (612).bmp,val,1,2.095046,2.456191,-4.551238
smids/Abnormal_Sperm/Abnormal_Sperm (615).bmp,val,1,-0.315156,3.091995,-2.776839
smids/Abnormal_Sperm/Abnormal_Sperm (616).bmp,val,1,-0.322244,2.930065,-2.607821
smids/Abnormal_Sperm/Abnormal_Sperm (618).bmp,val,1,1.807414,1.973357,-3.780773
smids/Abnormal_Sperm/Abnormal_Sperm (628).bmp,val,1,-0.963800,1.944274,-0.980476
smids/Abnormal_Sperm/Abnormal_Sperm (632).bmp,val,1,-0.903364,2.316926,-1.413564
smids/Abnormal_Sperm/Abnormal_Sperm (638).bmp,val,1,0.866179,0.243616,-1.109795
smids/Abnormal_Sperm/Abnormal_Sperm (642).bmp,val,1,-0.117652,2.490779,-2.373127
smids/Abnormal_Sperm/Abnormal_Sperm (643).bmp,val,1,0.058213,2.355521,-2.413735
smids/Abnormal_Sperm/Abnormal_Sperm (644).bmp,val,1,0.100152,2.439686,-2.539841
smids/Abnormal_Sperm/Abnormal_Sperm (656).bmp,val,1,0.343559,1.802496,-2.146056
smids/Abnormal_Sperm/Abnormal_Sperm (667).bmp,val,1,1.081364,3.121762,-4.203129
smids/Abnormal_Sperm/Abnormal_Sperm (690).bmp,val,1,-2.375855,4.607845,-2.231989
smids/Abnormal_Sperm/Abnormal_Sperm (694).bmp,val,1,-0.249299,1.222360,-0.973064
smids/Abnormal_Sperm/Abnormal_Sperm (696).bmp,val,1,-0.283871,2.033961,-1.750090
smids/Abnormal_Sperm/Abnormal_Sperm (70).bmp,val,1,-0.905608,4.654429,-3.748823
smids/Abnormal_Sperm/Abnormal_Sperm (707).bmp,val,1,0.348214,3.182596,-3.530814
smids/Abnormal_Sperm/Abnormal_Sperm (708).bmp,val,1,-1.113139,2.771290,-1.658154
smids/Abnormal_Sperm/Abnormal_Sperm (716).bmp,val,1,-2.025931,2.629083,-0.603152
smids/Abnormal_Sperm/Abnormal_Sperm (718).bmp,val,1,-0.930784,2.767485,-1.836701
smids/Abnormal_Sperm/Abnormal_Sperm (738).bmp,val,1,-2.381901,3.890318,-1.508417
smids/Abnormal_Sperm/Abnormal_Sperm (747).bmp,val,1,1.422968,1.169690,-2.592659
smids/Abnormal_Sperm/Abnormal_Sperm (755).bmp,val,1,1.639561,1.992577,-3.632138
smids/Abnormal_Sperm/Abnormal_Sperm (759).bmp,val,1,-1.680020,3.443918,-1.763897
smids/Abnormal_Sperm/Abnormal_Sperm (76).bmp,val,1,0.488268,1.593385,-2.081659
smids/Abnormal_Sperm/Abnormal_Sperm (763).bmp,val,1,1.376035,2.877771,-4.253804
smids/Abnormal_Sperm/Abnormal_Sperm (776).bmp,val,1,-0.176946,3.992511,-3.815563
smids/Abnormal_Sperm/Abnormal_Sperm (785).bmp,val,1,1.578966,0.648578,-2.227547
smids/Abnormal_Sperm/Abnormal_Sperm (792).bmp,val,1,-0.975391,2.077092,-1.101702
smids/Abnormal_Sperm/Abnormal_Sperm (803).bmp,val,1,1.022236,0.839618,-1.861856
smids/Abnormal_Sperm/Abnormal_Sperm (804).bmp,val,1,-0.855290,2.793293,-1.938002
smids/Abnormal_Sperm/Abnormal_Sperm (830).bmp,val,1,1.728323,0.261546,-1.989871
smids/Abnormal_Sperm/Abnormal_Sperm (837).bmp,val,1,3.325300,0.634944,-3.960245
smids/Abnormal_Sperm/Abnormal_Sperm (840).bmp,val,1,0.547032,2.912222,-3.459258
smids/Abnormal_Sperm/Abnormal_Sperm (847).bmp,val,1,2.319481,3.856160,-6.175643
smids/Abnormal_Sperm/Abnormal_Sperm (884).bmp,val,1,1.444569,1.514029,-2.958599
smids/Abnormal_Sperm/Abnormal_Sperm (896).bmp,val,1,2.460130,0.611802,-3.071932
smids/Abnormal_Sperm/Abnormal_Sperm (899).bmp,val,1,1.265549,1.355224,-2.620771
smids/Abnormal_Sperm/Abnormal_Sperm (904).bmp,val,1,1.399730,0.769489,-2.169222
smids/Abnormal_Sperm/Abnormal_Sperm (919).bmp,val,1,1.200735,-0.753047,-0.447692
smids/Abnormal_Sperm/Abnormal_Sperm (927).bmp,val,1,0.880362,0.454662,-1.335028
smids/Abnormal_Sperm/Abnormal_Sperm (941).bmp,val,1,-1.531655,3.138369,-1.606714
smids/Abnormal_Sperm/Abnormal_Sperm (945).bmp,val,1,-0.696954,1.087541,-0.390588
smids/Abnormal_Sperm/Abnormal_Sperm (947).bmp,val,1,-0.672423,2.732841,-2.060419
smids/Abnormal_Sperm/Abnormal_Sperm (948).bmp,val,1,1.438084,1.959089,-3.397175
smids/Abnormal_Sperm/Abnormal_Sperm (951).bmp,val,1,-1.182449,1.093549,0.088895
smids/Abnormal_Sperm/Abnormal_Sperm (962).bmp,val,1,-4.410807,2.869912,1.540893
smids/Abnormal_Sperm/Abnormal_Sperm (969).bmp,val,1,-2.357154,2.777593,-0.420443
smids/Abnormal_Sperm/Abnormal_Sperm (97).bmp,val,1,-1.381099,2.427338,-1.046241
smids/Abnormal_Sperm/Abnormal_Sperm (970).bmp,val,1,-4.005215,4.435307,-0.430093
smids/Abnormal_Sperm/Abnormal_Sperm (979).bmp,val,1,-0.004977,3.875965,-3.870990
smids/Abnormal_Sperm/Abnormal_Sperm (980).bmp,val,1,-1.638337,3.440215,-1.801881
smids/Abnormal_Sperm/Abnormal_Sperm (984).bmp,val,1,-0.584697,2.166119,-1.581421
smids/Abnormal_Sperm/Abnormal_Sperm (987).bmp,val,1,1.976908,2.048097,-4.025006
smids/Abnormal_Sperm/Abnormal_Sperm (989).bmp,val,1,-2.269981,2.137902,0.132076
smids/Non-Sperm/Non-Sperm (101).bmp,val,2,-1.516194,-3.295452,4.811639
smids/Non-Sperm/Non-Sperm (107).bmp,val,2,-3.346040,-1.743450,5.089485
smids/Non-Sperm/Non-Sperm (110).bmp,val,2,-3.016961,-0.907171,3.924126
smids/Non-Sperm/Non-Sperm (111).bmp,val,2,-2.778547,0.126899,2.651645
smids/Non-Sperm/Non-Sperm (119).bmp,val,2,-2.616507,-2.446683,5.063186
smids/Non-Sperm/Non-Sperm (121).bmp,val,2,-4.373909,-2.506428,6.880330
smids/Non-Sperm/Non-Sperm (122).bmp,val,2,-1.943090,-3.125252,5.068336
smids/Non-Sperm/Non-Sperm (127).bmp,val,2,-2.682173,-0.957197,3.639364
smids/Non-Sperm/Non-Sperm (134).bmp,val,2,-3.670393,-1.672240,5.342633
smids/Non-Sperm/Non-Sperm (139).bmp,val,2,-5.592156,1.344370,4.247777
smids/Non-Sperm/Non-Sperm (15).bmp,val,2,-1.261054,-1.365615,2.626660
smids/Non-Sperm/Non-Sperm (151).bmp,val,2,-2.181247,-1.776211,3.957452
smids/Non-Sperm/Non-Sperm (155).bmp,val,2,-0.849600,-4.174250,5.023844
smids/Non-Sperm/Non-Sperm (159).bmp,val,2,-1.283763,-2.489566,3.773324
smids/Non-Sperm/Non-Sperm (165).bmp,val,2,-3.867947,-1.356602,5.224540
smids/Non-Sperm/Non-Sperm (170).bmp,val,2,-2.124944,-1.951238,4.076177
smids/Non-Sperm/Non-Sperm (178).bmp,val,2,-1.442456,-2.985507,4.427958
smids/Non-Sperm/Non-Sperm (201).bmp,val,2,-2.867765,-1.774798,4.642558
smids/Non-Sperm/Non-Sperm (202).bmp,val,2,-2.263737,-2.566058,4.829790
smids/Non-Sperm/Non-Sperm (204).bmp,val,2,-0.497684,-2.028415,2.526093
smids/Non-Sperm/Non-Sperm (206).bmp,val,2,-3.041093,-3.313291,6.354378
smids/Non-Sperm/Non-Sperm (219).bmp,val,2,-3.219764,-1.768163,4.987922
smids/Non-Sperm/Non-Sperm (221).bmp,val,2,-2.240217,-2.090717,4.330927
smids/Non-Sperm/Non-Sperm (227).bmp,val,2,-3.240068,-1.620550,4.860614
smids/Non-Sperm/Non-Sperm (229).bmp,val,2,-4.035686,-2.816909,6.852586
smids/Non-Sperm/Non-Sperm (23).bmp,val,2,1.308379,0.821817,-2.130197
smids/Non-Sperm/Non-Sperm (230).bmp,val,2,-0.218555,-1.024081,1.242633
smids/Non-Sperm/Non-Sperm (25).bmp,val,2,1.157782,-1.749369,0.591580
smids/Non-Sperm/Non-Sperm (251).bmp,val,2,-2.034100,-3.102102,5.136198
smids/Non-Sperm/Non-Sperm (268).bmp,val,2,-2.558209,-1.891007,4.449214
smids/Non-Sperm/Non-Sperm (277).bmp,val,2,-1.920469,-2.198634,4.119098
smids/Non-Sperm/Non-Sperm (279).bmp,val,2,-1.393808,-3.818895,5.212698
smids/Non-Sperm/Non-Sperm (284).bmp,val,2,-1.625296,-1.291263,2.916557
smids/Non-Sperm/Non-Sperm (287).bmp,val,2,0.985468,-2.300452,1.314980
smids/Non-Sperm/Non-Sperm (289).bmp,val,2,-2.495497,-2.991146,5.486636
smids/Non-Sperm/Non-Sperm (292).bmp,val,2,-2.152503,-3.361703,5.514201
smids/Non-Sperm/Non-Sperm (293).bmp,val,2,-1.678844,-2.237896,3.916736
smids/Non-Sperm/Non-Sperm (297).bmp,val,2,-4.125649,-1.140535,5.266179
smids/Non-Sperm/Non-Sperm (303).bmp,val,2,-0.503151,-2.432498,2.935645
smids/Non-Sperm/Non-Sperm (308).bmp,val,2,-2.348576,-0.412761,2.761333
smids/Non-Sperm/Non-Sperm (333).bmp,val,2,-1.988258,-0.714721,2.702977
smids/Non-Sperm/Non-Sperm (372).bmp,val,2,-2.721483,-2.102794,4.824274
smids/Non-Sperm/Non-Sperm (375).bmp,val,2,-3.647959,-0.004179,3.652138
smids/Non-Sperm/Non-Sperm (378).bmp,val,2,-1.332166,-2.762656,4.094815
smids/Non-Sperm/Non-Sperm (379).bmp,val,2,-3.820396,0.944127,2.876266
smids/Non-Sperm/Non-Sperm (383).bmp,val,2,-0.993565,-0.251474,1.245036
smids/Non-Sperm/Non-Sperm (388).bmp,val,2,-0.628398,-2.341374,2.969768
smids/Non-Sperm/Non-Sperm (395).bmp,val,2,-1.453702,2.479868,-1.026164
smids/Non-Sperm/Non-Sperm (402).bmp,val,2,-2.377805,-1.752595,4.130394
smids/Non-Sperm/Non-Sperm (407).bmp,val,2,-4.523650,-0.351737,4.875386
smids/Non-Sperm/Non-Sperm (410).bmp,val,2,-3.145193,0.791447,2.353742
smids/Non-Sperm/Non-Sperm (421).bmp,val,2,-2.851605,-1.685451,4.537051
smids/Non-Sperm/Non-Sperm (428).bmp,val,2,-3.327815,0.232105,3.095708
smids/Non-Sperm/Non-Sperm (433).bmp,val,2,-2.125540,-3.893553,6.019086
smids/Non-Sperm/Non-Sperm (437).bmp,val,2,-2.185855,-1.809668,3.995519
smids/Non-Sperm/Non-Sperm (459).bmp,val,2,-3.045728,-1.547853,4.593575
smids/Non-Sperm/Non-Sperm (48).bmp,val,2,-3.213134,1.473862,1.739269
smids/Non-Sperm/Non-Sperm (487).bmp,val,2,-5.475338,-0.234314,5.709647
smids/Non-Sperm/Non-Sperm (51).bmp,val,2,-1.121796,-2.953922,4.075716
smids/Non-Sperm/Non-Sperm (52).bmp,val,2,-3.113319,-1.738856,4.852169
smids/Non-Sperm/Non-Sperm (522).bmp,val,2,-1.330601,0.759681,0.570919
smids/Non-Sperm/Non-Sperm (523).bmp,val,2,-1.099329,-2.749585,3.848909
smids/Non-Sperm/Non-Sperm (525).bmp,val,2,-3.669056,-1.702592,5.371646
smids/Non-Sperm/Non-Sperm (53).bmp,val,2,-4.479566,1.668581,2.810986
smids/Non-Sperm/Non-Sperm (542).bmp,val,2,-1.471445,-0.791690,2.263133
smids/Non-Sperm/Non-Sperm (545).bmp,val,2,-1.634119,-2.105691,3.739806
smids/Non-Sperm/Non-Sperm (555).bmp,val,2,-3.027616,-1.010432,4.038045
smids/Non-Sperm/Non-Sperm (569).bmp,val,2,-4.659850,-1.224305,5.884151
smids/Non-Sperm/Non-Sperm (573).bmp,val,2,-0.967523,-1.445827,2.413348
smids/Non-Sperm/Non-Sperm (574).bmp,val,2,-2.856265,-3.297846,6.154107
smids/Non-Sperm/Non-Sperm (588).bmp,val,2,-2.274652,0.295336,1.979310
smids/Non-Sperm/Non-Sperm (593).bmp,val,2,-2.710473,-0.133872,2.844342
smids/Non-Sperm/Non-Sperm (607).bmp,val,2,-3.776933,-0.657864,4.434798
smids/Non-Sperm/Non-Sperm (626).bmp,val,2,-0.074513,-3.560487,3.634998
smids/Non-Sperm/Non-Sperm (635).bmp,val,2,-1.474309,-3.597399,5.071704
smids/Non-Sperm/Non-Sperm (639).bmp,val,2,-2.633618,0.257180,2.376435
smids/Non-Sperm/Non-Sperm (652).bmp,val,2,0.319332,-3.467286,3.147949
smids/Non-Sperm/Non-Sperm (657).bmp,val,2,-3.353012,-1.345029,4.698037
smids/Non-Sperm/Non-Sperm (679).bmp,val,2,-0.456472,-0.842154,1.298622
smids/Non-Sperm/Non-Sperm (683).bmp,val,2,-3.206124,-1.619217,4.825337
smids/Non-Sperm/Non-Sperm (695).bmp,val,2,-2.087578,0.397883,1.689692
smids/Non-Sperm/Non-Sperm (698).bmp,val,2,-1.774859,-3.962792,5.737645
smids/Non-Sperm/Non-Sperm (7).bmp,val,2,-3.341289,-0.436094,3.777377
smids/Non-Sperm/Non-Sperm (707).bmp,val,2,-1.937919,-4.122815,6.060730
smids/Non-Sperm/Non-Sperm (709).bmp,val,2,-0.210266,-2.551294,2.761559
smids/Non-Sperm/Non-Sperm (715).bmp,val,2,-3.664005,-2.549513,6.213514
smids/Non-Sperm/Non-Sperm (722).bmp,val,2,-3.758452,0.251078,3.507374
smids/Non-Sperm/Non-Sperm (733).bmp,val,2,-3.797475,-1.258878,5.056349
smids/Non-Sperm/Non-Sperm (745).bmp,val,2,-2.167685,-2.513408,4.681085
smids/Non-Sperm/Non-Sperm (75).bmp,val,2,-2.886227,0.051782,2.834445
smids/Non-Sperm/Non-Sperm (754).bmp,val,2,-6.671360,-0.844095,7.515454
smids/Non-Sperm/Non-Sperm (762).bmp,val,2,-1.796195,-2.289368,4.085557
smids/Non-Sperm/Non-Sperm (779).bmp,val,2,-3.146421,-0.864661,4.011076
smids/Non-Sperm/Non-Sperm (783).bmp,val,2,-2.433792,-2.887796,5.321582
smids/Non-Sperm/Non-Sperm (786).bmp,val,2,0.941946,-3.402602,2.460652
smids/Non-Sperm/Non-Sperm (796).bmp,val,2,0.332557,-2.641037,2.308476
smids/Non-Sperm/Non-Sperm (798).bmp,val,2,-0.330145,-2.767572,3.097712
smids/Non-Sperm/Non-Sperm (801).bmp,val,2,-1.986180,-2.139523,4.125699
smids/Non-Sperm/Non-Sperm (809).bmp,val,2,-0.171261,-1.179547,1.350802
smids/Non-Sperm/Non-Sperm (820).bmp,val,2,-0.445488,-1.188819,1.634307
smids/Non-Sperm/Non-Sperm (83).bmp,val,2,-3.270114,-1.458681,4.728792
smids/Non-Sperm/Non-Sperm (833).bmp,val,2,-3.657485,-0.342293,3.999779
smids/Non-Sperm/Non-Sperm (841).bmp,val,2,1.701827,-3.114574,1.412743
smids/Non-Sperm/Non-Sperm (865).bmp,val,2,-3.481610,-0.147345,3.628957
smids/Non-Sperm/Non-Sperm (874).bmp,val,2,-5.101157,-0.118134,5.219290
smids/Non-Sperm/Non-Sperm (891).bmp,val,2,1.262960,-1.053461,-0.209502
smids/Non-Sperm/Non-Sperm (896).bmp,val,2,-3.115123,0.123448,2.991671
smids/Non-Sperm/Non-Sperm (898).bmp,val,2,-2.072917,1.454370,0.618546
smids/Non-Sperm/Non-Sperm (909).bmp,val,2,0.404653,-1.006427,0.601773
smids/Non-Sperm/Non-Sperm (956).bmp,val,2,-3.304389,-0.776269,4.080653
smids/Non-Sperm/Non-Sperm (958).bmp,val,2,-5.858072,-1.222944,7.081016
smids/Non-Sperm/Non-Sperm (959).bmp,val,2,-0.664397,0.501940,0.162455
smids/Non-Sperm/Non-Sperm (960).bmp,val,2,-3.375331,2.145051,1.230279
smids/Non-Sperm/Non-Sperm (968).bmp,val,2,-3.357391,-1.358156,4.715541
smids/Non-Sperm/Non-Sperm (969).bmp,val,2,-1.905219,0.924447,0.980768
smids/Non-Sperm/Non-Sperm (97).bmp,val,2,-3.280936,-2.786889,6.067818
smids/Non-Sperm/Non-Sperm (99).bmp,val,2,-2.710786,-1.766348,4.477130
smids/Normal_Sperm/Normal_Sperm (1).bmp,val,0,4.334496,-0.324171,-4.010327
smids/Normal_Sperm/Normal_Sperm (1004).bmp,val,0,1.011364,0.535754,-1.547119
smids/Normal_Sperm/Normal_Sperm (1011).bmp,val,0,3.914085,-0.855987,-3.058101
smids/Normal_Sperm/Normal_Sperm (1016).bmp,val,0,2.909507,0.837193,-3.746700
smids/Normal_Sperm/Normal_Sperm (1019).bmp,val,0,0.408949,0.935658,-1.344610
smids/Normal_Sperm/Normal_Sperm (1020).bmp,val,0,-0.876524,0.472367,0.404155
smids/Normal_Sperm/Normal_Sperm (115).bmp,val,0,1.113981,0.119455,-1.233440
smids/Normal_Sperm/Normal_Sperm (131).bmp,val,0,-1.089517,1.711636,-0.622118
smids/Normal_Sperm/Normal_Sperm (140).bmp,val,0,3.937386,-0.501613,-3.435772
smids/Normal_Sperm/Normal_Sperm (147).bmp,val,0,2.615427,0.703679,-3.319102
smids/Normal_Sperm/Normal_Sperm (159).bmp,val,0,3.417026,2.070162,-5.487188
smids/Normal_Sperm/Normal_Sperm (169).bmp,val,0,2.630144,-0.976427,-1.653719
smids/Normal_Sperm/Normal_Sperm (170).bmp,val,0,1.860990,1.021888,-2.882879
smids/Normal_Sperm/Normal_Sperm (171).bmp,val,0,1.249016,-0.646254,-0.602767
smids/Normal_Sperm/Normal_Sperm (178).bmp,val,0,1.426513,-1.163097,-0.263421
smids/Normal_Sperm/Normal_Sperm (185).bmp,val,0,-0.809709,0.934014,-0.124307
smids/Normal_Sperm/Normal_Sperm (194).bmp,val,0,3.253160,0.026540,-3.279699
smids/Normal_Sperm/Normal_Sperm (200).bmp,val,0,0.880443,3.822187,-4.702631
smids/Normal_Sperm/Normal_Sperm (223).bmp,val,0,0.887338,0.003583,-0.890924
smids/Normal_Sperm/Normal_Sperm (231).bmp,val,0,1.378113,1.332112,-2.710225
smids/Normal_Sperm/Normal_Sperm (233).bmp,val,0,3.846093,-0.277607,-3.568486
smids/Normal_Sperm/Normal_Sperm (254).bmp,val,0,2.606922,0.952699,-3.559621
smids/Normal_Sperm/Normal_Sperm (267).bmp,val,0,2.224876,2.032386,-4.257259
smids/Normal_Sperm/Normal_Sperm (273).bmp,val,0,3.093682,-2.299438,-0.794245
smids/Normal_Sperm/Normal_Sperm (283).bmp,val,0,2.153581,-0.669129,-1.484452
smids/Normal_Sperm/Normal_Sperm (3).bmp,val,0,2.143055,2.844745,-4.987800
smids/Normal_Sperm/Normal_Sperm (302).bmp,val,0,0.830271,1.420734,-2.251012
smids/Normal_Sperm/Normal_Sperm (309).bmp,val,0,0.998447,1.993641,-2.992086
smids/Normal_Sperm/Normal_Sperm (315).bmp,val,0,1.257333,2.575763,-3.833092
smids/Normal_Sperm/Normal_Sperm (317).bmp,val,0,1.224257,1.044953,-2.269212
smids/Normal_Sperm/Normal_Sperm (326).bmp,val,0,2.235082,-1.029472,-1.205612
smids/Normal_Sperm/Normal_Sperm (328).bmp,val,0,2.095637,1.860873,-3.956510
smids/Normal_Sperm/Normal_Sperm (345).bmp,val,0,0.826370,0.460747,-1.287120
smids/Normal_Sperm/Normal_Sperm (354).bmp,val,0,1.147027,1.128173,-2.275200
smids/Normal_Sperm/Normal_Sperm (357).bmp,val,0,3.081585,-0.519473,-2.562111
smids/Normal_Sperm/Normal_Sperm (372).bmp,val,0,-0.001434,0.998400,-0.996966
smids/Normal_Sperm/Normal_Sperm (375).bmp,val,0,3.723248,-0.941636,-2.781612
smids/Normal_Sperm/Normal_Sperm (378).bmp,val,0,2.894538,-1.031457,-1.863082
smids/Normal_Sperm/Normal_Sperm (384).bmp,val,0,1.497987,1.010739,-2.508727
smids/Normal_Sperm/Normal_Sperm (389).bmp,val,0,-0.463187,1.352293,-0.889107
smids/Normal_Sperm/Normal_Sperm (41).bmp,val,0,0.465138,-1.367993,0.902852
smids/Normal_Sperm/Normal_Sperm (410).bmp,val,0,1.343755,0.119357,-1.463115
smids/Normal_Sperm/Normal_Sperm (416).bmp,val,0,5.013952,0.132818,-5.146769
smids/Normal_Sperm/Normal_Sperm (432).bmp,val,0,4.092370,1.200883,-5.293248
smids/Normal_Sperm/Normal_Sperm (444).bmp,val,0,2.755385,-0.639263,-2.116123
smids/Normal_Sperm/Normal_Sperm (449).bmp,val,0,3.784774,-0.606415,-3.178359
smids/Normal_Sperm/Normal_Sperm (451).bmp,val,0,3.059917,-0.756481,-2.303436
smids/Normal_Sperm/Normal_Sperm (456).bmp,val,0,3.014342,2.621378,-5.635719
smids/Normal_Sperm/Normal_Sperm (460).bmp,val,0,-0.412713,0.873398,-0.460686
smids/Normal_Sperm/Normal_Sperm (480).bmp,val,0,3.706781,0.472643,-4.179423
smids/Normal_Sperm/Normal_Sperm (488).bmp,val,0,1.628346,1.000806,-2.629156
smids/Normal_Sperm/Normal_Sperm (49).bmp,val,0,1.005127,3.070375,-4.075507
smids/Normal_Sperm/Normal_Sperm (490).bmp,val,0,3.793845,0.594778,-4.388622
smids/Normal_Sperm/Normal_Sperm (492).bmp,val,0,6.344856,-0.109139,-6.235714
smids/Normal_Sperm/Normal_Sperm (5).bmp,val,0,3.441540,0.116126,-3.557671
smids/Normal_Sperm/Normal_Sperm (52).bmp,val,0,3.586444,-0.996832,-2.589619
smids/Normal_Sperm/Normal_Sperm (522).bmp,val,0,1.886330,0.118241,-2.004573
smids/Normal_Sperm/Normal_Sperm (525).bmp,val,0,1.508350,0.446687,-1.955040
smids/Normal_Sperm/Normal_Sperm (526).bmp,val,0,4.222116,2.262725,-6.484839
smids/Normal_Sperm/Normal_Sperm (527).bmp,val,0,5.744470,0.532670,-6.277140
smids/Normal_Sperm/Normal_Sperm (530).bmp,val,0,4.904224,-0.079111,-4.825114
smids/Normal_Sperm/Normal_Sperm (56).bmp,val,0,1.503992,-0.659142,-0.844851
smids/Normal_Sperm/Normal_Sperm (561).bmp,val,0,-0.153998,0.755133,-0.601135
smids/Normal_Sperm/Normal_Sperm (565).bmp,val,0,2.996561,-0.009806,-2.986755
smids/Normal_Sperm/Normal_Sperm (566).bmp,val,0,5.365111,0.463339,-5.828448
smids/Normal_Sperm/Normal_Sperm (567).bmp,val,0,5.906345,-0.816360,-5.089983
smids/Normal_Sperm/Normal_Sperm (569).bmp,val,0,3.403869,-0.921454,-2.482417
smids/Normal_Sperm/Normal_Sperm (57).bmp,val,0,6.098100,1.905209,-8.003313
smids/Normal_Sperm/Normal_Sperm (570).bmp,val,0,5.232023,0.610890,-5.842913
smids/Normal_Sperm/Normal_Sperm (572).bmp,val,0,4.238170,1.882519,-6.120690
smids/Normal_Sperm/Normal_Sperm (589).bmp,val,0,4.821886,0.847181,-5.669065
smids/Normal_Sperm/Normal_Sperm (59).bmp,val,0,3.171285,1.983548,-5.154836
smids/Normal_Sperm/Normal_Sperm (609).bmp,val,0,2.788136,0.914372,-3.702513
smids/Normal_Sperm/Normal_Sperm (612).bmp,val,0,2.467770,0.779395,-3.247166
smids/Normal_Sperm/Normal_Sperm (624).bmp,val,0,2.165843,0.846642,-3.012488
smids/Normal_Sperm/Normal_Sperm (63).bmp,val,0,0.722344,2.407171,-3.129519
smids/Normal_Sperm/Normal_Sperm (646).bmp,val,0,3.311510,0.758412,-4.069924
smids/Normal_Sperm/Normal_Sperm (648).bmp,val,0,4.581610,0.899938,-5.481547
smids/Normal_Sperm/Normal_Sperm (65).bmp,val,0,1.349349,-0.623408,-0.725945
smids/Normal_Sperm/Normal_Sperm (658).bmp,val,0,2.884642,-1.912086,-0.972562
smids/Normal_Sperm/Normal_Sperm (666).bmp,val,0,3.303890,-1.265102,-2.038790
smids/Normal_Sperm/Normal_Sperm (673).bmp,val,0,2.934639,1.011924,-3.946566
smids/Normal_Sperm/Normal_Sperm (679).bmp,val,0,4.601261,0.263679,-4.864942
smids/Normal_Sperm/Normal_Sperm (680).bmp,val,0,2.835588,0.744251,-3.579843
smids/Normal_Sperm/Normal_Sperm (692).bmp,val,0,3.859515,-0.523305,-3.336209
smids/Normal_Sperm/Normal_Sperm (70).bmp,val,0,2.412902,-0.723669,-1.689237
smids/Normal_Sperm/Normal_Sperm (700).bmp,val,0,1.125065,0.497217,-1.622284
smids/Normal_Sperm/Normal_Sperm (705).bmp,val,0,1.482555,1.941868,-3.424424
smids/Normal_Sperm/Normal_Sperm (717).bmp,val,0,3.085600,-1.056345,-2.029258
smids/Normal_Sperm/Normal_Sperm (719).bmp,val,0,4.792680,-1.227490,-3.565192
smids/Normal_Sperm/Normal_Sperm (722).bmp,val,0,4.394933,-1.105106,-3.289829
smids/Normal_Sperm/Normal_Sperm (739).bmp,val,0,4.723146,-1.968003,-2.755145
smids/Normal_Sperm/Normal_Sperm (779).bmp,val,0,1.685386,-0.375455,-1.309934
smids/Normal_Sperm/Normal_Sperm (782).bmp,val,0,5.577715,-0.463404,-5.114309
smids/Normal_Sperm/Normal_Sperm (786).bmp,val,0,1.173662,0.709094,-1.882757
smids/Normal_Sperm/Normal_Sperm (787).bmp,val,0,4.365384,-2.534934,-1.830452
smids/Normal_Sperm/Normal_Sperm (793).bmp,val,0,0.753626,0.033420,-0.787049
smids/Normal_Sperm/Normal_Sperm (804).bmp,val,0,3.602897,0.949859,-4.552757
smids/Normal_Sperm/Normal_Sperm (806).bmp,val,0,0.331599,-1.203583,0.871978
smids/Normal_Sperm/Normal_Sperm (808).bmp,val,0,1.357267,0.100670,-1.457941
smids/Normal_Sperm/Normal_Sperm (825).bmp,val,0,1.438099,0.414145,-1.852247
smids/Normal_Sperm/Normal_Sperm (841).bmp,val,0,8.131413,-2.146762,-5.984651
smids/Normal_Sperm/Normal_Sperm (855).bmp,val,0,1.760777,-0.260921,-1.499859
smids/Normal_Sperm/Normal_Sperm (86).bmp,val,0,0.108388,1.709187,-1.817577
smids/Normal_Sperm/Normal_Sperm (869).bmp,val,0,5.438751,0.799180,-6.237929
smids/Normal_Sperm/Normal_Sperm (882).bmp,val,0,1.038661,2.045250,-3.083912
smids/Normal_Sperm/Normal_Sperm (884).bmp,val,0,3.002249,0.716840,-3.719088
smids/Normal_Sperm/Normal_Sperm (898).bmp,val,0,5.188892,0.595571,-5.784463
smids/Normal_Sperm/Normal_Sperm (901).bmp,val,0,4.257497,2.041989,-6.299491
smids/Normal_Sperm/Normal_Sperm (903).bmp,val,0,-0.022423,0.978872,-0.956453
smids/Normal_Sperm/Normal_Sperm (908).bmp,val,0,3.678683,2.684524,-6.363206
smids/Normal_Sperm/Normal_Sperm (912).bmp,val,0,4.946397,0.298930,-5.245329
smids/Normal_Sperm/Normal_Sperm (919).bmp,val,0,0.358681,0.853514,-1.212200
smids/Normal_Sperm/Normal_Sperm (925).bmp,val,0,2.037050,2.853752,-4.890806
smids/Normal_Sperm/Normal_Sperm (928).bmp,val,0,0.834083,1.790039,-2.624122
smids/Normal_Sperm/Normal_Sperm (930).bmp,val,0,-1.800279,-2.752121,4.552396
smids/Normal_Sperm/Normal_Sperm (941).bmp,val,0,0.397034,2.778174,-3.175214
smids/Normal_Sperm/Normal_Sperm (96).bmp,val,0,4.656195,-2.390359,-2.265837
smids/Normal_Sperm/Normal_Sperm (961).bmp,val,0,-1.328495,1.231715,0.096778
smids/Normal_Sperm/Normal_Sperm (999).bmp,val,0,-0.415277,0.553308,-0.138034
smids/Abnormal_Sperm/Abnormal_Sperm (105).bmp,calib,1,0.447013,1.061520,-1.508537
smids/Abnormal_Sperm/Abnormal_Sperm (111).bmp,calib,1,0.178469,0.847657,-1.026129
smids/Abnormal_Sperm/Abnormal_Sperm (122).bmp,calib,1,1.655329,2.057511,-3.712840
smids/Abnormal_Sperm/Abnormal_Sperm (129).bmp,calib,1,-3.351030,2.400554,0.950468
smids/Abnormal_Sperm/Abnormal_Sperm (148).bmp,calib,1,-0.831964,3.442800,-2.610836
smids/Abnormal_Sperm/Abnormal_Sperm (150).bmp,calib,1,3.286271,1.844639,-5.130911
smids/Abnormal_Sperm/Abnormal_Sperm (151).bmp,calib,1,-1.334456,1.116390,0.218059
smids/Abnormal_Sperm/Abnormal_Sperm (17).bmp,calib,1,0.385496,2.590629,-2.976125
smids/Abnormal_Sperm/Abnormal_Sperm (172).bmp,calib,1,1.089152,2.199076,-3.288228
smids/Abnormal_Sperm/Abnormal_Sperm (174).bmp,calib,1,-0.327011,0.640773,-0.313766
smids/Abnormal_Sperm/Abnormal_Sperm (178).bmp,calib,1,-0.270636,2.404958,-2.134325
smids/Abnormal_Sperm/Abnormal_Sperm (190).bmp,calib,1,-0.642256,2.741117,-2.098861
smids/Abnormal_Sperm/Abnormal_Sperm (191).bmp,calib,1,-0.629571,0.907827,-0.278257
smids/Abnormal_Sperm/Abnormal_Sperm (209).bmp,calib,1,0.098369,-0.794696,0.696324
smids/Abnormal_Sperm/Abnormal_Sperm (212).bmp,calib,1,1.536298,2.321585,-3.857885
smids/Abnormal_Sperm/Abnormal_Sperm (214).bmp,calib,1,-2.375504,2.024738,0.350764
smids/Abnormal_Sperm/Abnormal_Sperm (215).bmp,calib,1,1.109982,4.382139,-5.492126
smids/Abnormal_Sperm/Abnormal_Sperm (223).bmp,calib,1,-4.088636,2.415989,1.672641
smids/Abnormal_Sperm/Abnormal_Sperm (224).bmp,calib,1,-0.541604,2.650170,-2.108568
smids/Abnormal_Sperm/Abnormal_Sperm (23).bmp,calib,1,0.885150,2.414236,-3.299387
smids/Abnormal_Sperm/Abnormal_Sperm (232).bmp,calib,1,-2.805952,3.635713,-0.829764
smids/Abnormal_Sperm/Abnormal_Sperm (233).bmp,calib,1,-2.351845,2.469709,-0.117870
smids/Abnormal_Sperm/Abnormal_Sperm (242).bmp,calib,1,1.277550,1.762012,-3.039562
smids/Abnormal_Sperm/Abnormal_Sperm (248).bmp,calib,1,0.602384,1.587669,-2.190054
smids/Abnormal_Sperm/Abnormal_Sperm (258).bmp,calib,1,2.031119,0.878345,-2.909465
smids/Abnormal_Sperm/Abnormal_Sperm (266).bmp,calib,1,-1.410109,2.185386,-0.775280
smids/Abnormal_Sperm/Abnormal_Sperm (272).bmp,calib,1,1.059397,3.810902,-4.870300
smids/Abnormal_Sperm/Abnormal_Sperm (279).bmp,calib,1,-1.101251,1.633104,-0.531859
smids/Abnormal_Sperm/Abnormal_Sperm (281).bmp,calib,1,-0.189474,2.740730,-2.551257
smids/Abnormal_Sperm/Abnormal_Sperm (283).bmp,calib,1,-2.849294,1.606249,1.243046
smids/Abnormal_Sperm/Abnormal_Sperm (286).bmp,calib,1,-0.611900,1.607126,-0.995231
smids/Abnormal_Sperm/Abnormal_Sperm (298).bmp,calib,1,-1.566314,2.098756,-0.532442
smids/Abnormal_Sperm/Abnormal_Sperm (302).bmp,calib,1,-2.726477,1.556771,1.169704
smids/Abnormal_Sperm/Abnormal_Sperm (303).bmp,calib,1,2.231458,1.927453,-4.158910
smids/Abnormal_Sperm/Abnormal_Sperm (304).bmp,calib,1,-4.034796,4.435144,-0.400349
smids/Abnormal_Sperm/Abnormal_Sperm (313).bmp,calib,1,-1.933690,2.402889,-0.469199
smids/Abnormal_Sperm/Abnormal_Sperm (320).bmp,calib,1,-0.504602,3.164418,-2.659820
smids/Abnormal_Sperm/Abnormal_Sperm (327).bmp,calib,1,-2.700039,1.729302,0.970731
smids/Abnormal_Sperm/Abnormal_Sperm (337).bmp,calib,1,0.943598,1.099220,-2.042820
smids/Abnormal_Sperm/Abnormal_Sperm (34).bmp,calib,1,-2.766838,0.653772,2.113061
smids/Abnormal_Sperm/Abnormal_Sperm (347).bmp,calib,1,0.180045,3.500580,-3.680628
smids/Abnormal_Sperm/Abnormal_Sperm (351).bmp,calib,1,0.202878,-0.319571,0.116687
smids/Abnormal_Sperm/Abnormal_Sperm (356).bmp,calib,1,-1.128577,2.287196,-1.158623
smids/Abnormal_Sperm/Abnormal_Sperm (360).bmp,calib,1,-0.474440,0.934885,-0.460445
smids/Abnormal_Sperm/Abnormal_Sperm (363).bmp,calib,1,0.841170,1.863329,-2.704500
smids/Abnormal_Sperm/Abnormal_Sperm (368).bmp,calib,1,-3.270013,1.293709,1.976300
smids/Abnormal_Sperm/Abnormal_Sperm (373).bmp,calib,1,-2.049347,3.825945,-1.776596
smids/Abnormal_Sperm/Abnormal_Sperm (374).bmp,calib,1,-2.259695,5.463397,-3.203704
smids/Abnormal_Sperm/Abnormal_Sperm (383).bmp,calib,1,-1.155304,3.129959,-1.974658
smids/Abnormal_Sperm/Abnormal_Sperm (384).bmp,calib,1,-1.838113,1.707716,0.130396
smids/Abnormal_Sperm/Abnormal_Sperm (389).bmp,calib,1,-0.765906,2.328034,-1.562128
smids/Abnormal_Sperm/Abnormal_Sperm (395).bmp,calib,1,-2.943946,3.282391,-0.338446
smids/Abnormal_Sperm/Abnormal_Sperm (400).bmp,calib,1,-2.795612,1.896631,0.898980
smids/Abnormal_Sperm/Abnormal_Sperm (404).bmp,calib,1,-2.839910,2.090967,0.748934
smids/Abnormal_Sperm/Abnormal_Sperm (406).bmp,calib,1,-1.507053,2.983699,-1.476646
smids/Abnormal_Sperm/Abnormal_Sperm (409).bmp,calib,1,-1.822034,3.563591,-1.741559
smids/Abnormal_Sperm/Abnormal_Sperm (414).bmp,calib,1,1.897225,3.159158,-5.056385
smids/Abnormal_Sperm/Abnormal_Sperm (419).bmp,calib,1,-0.391770,1.733287,-1.341520
smids/Abnormal_Sperm/Abnormal_Sperm (424).bmp,calib,1,-2.722314,4.179837,-1.457527
smids/Abnormal_Sperm/Abnormal_Sperm (426).bmp,calib,1,-2.140251,1.246157,0.894092
smids/Abnormal_Sperm/Abnormal_Sperm (43).bmp,calib,1,-1.072938,2.187775,-1.114836
smids/Abnormal_Sperm/Abnormal_Sperm (430).bmp,calib,1,-0.049429,1.680853,-1.631428
smids/Abnormal_Sperm/Abnormal_Sperm (434).bmp,calib,1,-0.030857,2.155823,-2.124968
smids/Abnormal_Sperm/Abnormal_Sperm (436).bmp,calib,1,-0.152474,3.570644,-3.418171
smids/Abnormal_Sperm/Abnormal_Sperm (439).bmp,calib,1,-0.675402,1.167345,-0.491948
smids/Abnormal_Sperm/Abnormal_Sperm (460).bmp,calib,1,-2.440234,4.418562,-1.978331
smids/Abnormal_Sperm/Abnormal_Sperm (463).bmp,calib,1,-2.408451,2.372226,0.036224
smids/Abnormal_Sperm/Abnormal_Sperm (470).bmp,calib,1,0.022073,2.585289,-2.607361
smids/Abnormal_Sperm/Abnormal_Sperm (471).bmp,calib,1,-0.298231,4.679659,-4.381433
smids/Abnormal_Sperm/Abnormal_Sperm (475).bmp,calib,1,-1.743600,2.963458,-1.219858
smids/Abnormal_Sperm/Abnormal_Sperm (480).bmp,calib,1,1.194832,1.313019,-2.507855
smids/Abnormal_Sperm/Abnormal_Sperm (481).bmp,calib,1,0.130280,0.599339,-0.729622
smids/Abnormal_Sperm/Abnormal_Sperm (489).bmp,calib,1,-0.418040,1.568404,-1.150364
smids/Abnormal_Sperm/Abnormal_Sperm (495).bmp,calib,1,-0.011404,2.800698,-2.789295
smids/Abnormal_Sperm/Abnormal_Sperm (497).bmp,calib,1,0.258006,0.279933,-0.537938
smids/Abnormal_Sperm/Abnormal_Sperm (502).bmp,calib,1,0.173073,-0.011953,-0.161126
smids/Abnormal_Sperm/Abnormal_Sperm (503).bmp,calib,1,-3.286088,2.237323,1.048765
smids/Abnormal_Sperm/Abnormal_Sperm (521).bmp,calib,1,0.609987,2.251415,-2.861403
smids/Abnormal_Sperm/Abnormal_Sperm (522).bmp,calib,1,-1.149465,1.005862,0.143600
smids/Abnormal_Sperm/Abnormal_Sperm (527).bmp,calib,1,2.999397,0.217191,-3.216591
smids/Abnormal_Sperm/Abnormal_Sperm (528).bmp,calib,1,-1.377815,1.908372,-0.530558
smids/Abnormal_Sperm/Abnormal_Sperm (531).bmp,calib,1,2.325004,0.573690,-2.898697
smids/Abnormal_Sperm/Abnormal_Sperm (533).bmp,calib,1,2.495841,0.083366,-2.579211
smids/Abnormal_Sperm/Abnormal_Sperm (536).bmp,calib,1,-0.626365,1.922561,-1.296196
smids/Abnormal_Sperm/Abnormal_Sperm (537).bmp,calib,1,3.167060,1.611245,-4.778305
smids/Abnormal_Sperm/Abnormal_Sperm (540).bmp,calib,1,-0.291751,3.361941,-3.070190
smids/Abnormal_Sperm/Abnormal_Sperm (546).bmp,calib,1,3.446206,4.629793,-8.076000
smids/Abnormal_Sperm/Abnormal_Sperm (547).bmp,calib,1,1.256343,6.072580,-7.328928
smids/Abnormal_Sperm/Abnormal_Sperm (548).bmp,calib,1,-1.949308,2.432649,-0.483345
smids/Abnormal_Sperm/Abnormal_Sperm (551).bmp,calib,1,0.498382,-0.051027,-0.447358
smids/Abnormal_Sperm/Abnormal_Sperm (556).bmp,calib,1,0.013096,1.371066,-1.384168
smids/Abnormal_Sperm/Abnormal_Sperm (573).bmp,calib,1,-1.745735,2.444587,-0.698849
smids/Abnormal_Sperm/Abnormal_Sperm (580).bmp,calib,1,3.137648,0.843944,-3.981589
smids/Abnormal_Sperm/Abnormal_Sperm (590).bmp,calib,1,-3.116308,1.644465,1.471839
smids/Abnormal_Sperm/Abnormal_Sperm (596).bmp,calib,1,0.652800,2.206156,-2.858954
smids/Abnormal_Sperm/Abnormal_Sperm (6).bmp,calib,1,-0.785996,0.590797,0.195197
smids/Abnormal_Sperm/Abnormal_Sperm (601).bmp,calib,1,0.274452,-0.924940,0.650485
smids/Abnormal_Sperm/Abnormal_Sperm (603).bmp,calib,1,1.449124,0.950805,-2.399935
smids/Abnormal_Sperm/Abnormal_Sperm (604).bmp,calib,1,2.857565,2.124266,-4.981834
smids/Abnormal_Sperm/Abnormal_Sperm (609).bmp,calib,1,0.438999,-0.697566,0.258561
smids/Abnormal_Sperm/Abnormal_Sperm (610).bmp,calib,1,-0.726680,2.843214,-2.116536
smids/Abnormal_Sperm/Abnormal_Sperm (62).bmp,calib,1,-0.233719,3.836968,-3.603254
smids/Abnormal_Sperm/Abnormal_Sperm (621).bmp,calib,1,-0.199161,3.128256,-2.929097
smids/Abnormal_Sperm/Abnormal_Sperm (627).bmp,calib,1,-0.926391,1.277309,-0.350926
smids/Abnormal_Sperm/Abnormal_Sperm (67).bmp,calib,1,-3.653492,2.114945,1.538544
smids/Abnormal_Sperm/Abnormal_Sperm (682).bmp,calib,1,-1.867213,1.107067,0.760145
smids/Abnormal_Sperm/Abnormal_Sperm (683).bmp,calib,1,1.262052,-0.093733,-1.168319
smids/Abnormal_Sperm/Abnormal_Sperm (69).bmp,calib,1,-0.089351,4.593043,-4.503698
smids/Abnormal_Sperm/Abnormal_Sperm (691).bmp,calib,1,-0.178508,1.601987,-1.423482
smids/Abnormal_Sperm/Abnormal_Sperm (692).bmp,calib,1,-0.813098,3.671592,-2.858495
smids/Abnormal_Sperm/Abnormal_Sperm (693).bmp,calib,1,-0.272827,1.698412,-1.425591
smids/Abnormal_Sperm/Abnormal_Sperm (702).bmp,calib,1,0.899053,2.266168,-3.165224
smids/Abnormal_Sperm/Abnormal_Sperm (710).bmp,calib,1,-1.949084,2.569018,-0.619935
smids/Abnormal_Sperm/Abnormal_Sperm (715).bmp,calib,1,0.710722,1.655260,-2.365982
smids/Abnormal_Sperm/Abnormal_Sperm (726).bmp,calib,1,4.642870,-0.663188,-3.979683
smids/Abnormal_Sperm/Abnormal_Sperm (734).bmp,calib,1,2.258013,0.611917,-2.869933
smids/Abnormal_Sperm/Abnormal_Sperm (735).bmp,calib,1,2.271564,-0.157528,-2.114037
smids/Abnormal_Sperm/Abnormal_Sperm (749).bmp,calib,1,-1.754367,2.513511,-0.759147
smids/Abnormal_Sperm/Abnormal_Sperm (75).bmp,calib,1,-0.044664,3.141038,-3.096373
smids/Abnormal_Sperm/Abnormal_Sperm (766).bmp,calib,1,0.254052,1.734012,-1.988067
smids/Abnormal_Sperm/Abnormal_Sperm (783).bmp,calib,1,1.763824,-0.726184,-1.037642
smids/Abnormal_Sperm/Abnormal_Sperm (788).bmp,calib,1,0.720828,2.054363,-2.775195
smids/Abnormal_Sperm/Abnormal_Sperm (79).bmp,calib,1,-0.709484,1.699824,-0.990343
smids/Abnormal_Sperm/Abnormal_Sperm (796).bmp,calib,1,0.719402,3.106128,-3.825531
smids/Abnormal_Sperm/Abnormal_Sperm (810).bmp,calib,1,4.041928,-0.641041,-3.400887
smids/Abnormal_Sperm/Abnormal_Sperm (814).bmp,calib,1,2.509808,2.486759,-4.996570
smids/Abnormal_Sperm/Abnormal_Sperm (818).bmp,calib,1,1.563566,2.490098,-4.053665
smids/Abnormal_Sperm/Abnormal_Sperm (821).bmp,calib,1,-0.655621,2.357969,-1.702348
smids/Abnormal_Sperm/Abnormal_Sperm (823).bmp,calib,1,0.509689,3.434606,-3.944293
smids/Abnormal_Sperm/Abnormal_Sperm (829).bmp,calib,1,0.655508,0.567169,-1.222677
smids/Abnormal_Sperm/Abnormal_Sperm (831).bmp,calib,1,2.328768,2.332408,-4.661176
smids/Abnormal_Sperm/Abnormal_Sperm (838).bmp,calib,1,3.043545,1.418019,-4.461565
smids/Abnormal_Sperm/Abnormal_Sperm (84).bmp,calib,1,-2.189155,3.303270,-1.114117
smids/Abnormal_Sperm/Abnormal_Sperm (853).bmp,calib,1,1.026011,1.430116,-2.456127
smids/Abnormal_Sperm/Abnormal_Sperm (855).bmp,calib,1,0.701877,2.495059,-3.196936
smids/Abnormal_Sperm/Abnormal_Sperm (859).bmp,calib,1,-0.943181,2.427476,-1.484298
smids/Abnormal_Sperm/Abnormal_Sperm (870).bmp,calib,1,1.253001,0.560380,-1.813389
smids/Abnormal_Sperm/Abnormal_Sperm (872).bmp,calib,1,-1.596192,2.857654,-1.261461
smids/Abnormal_Sperm/Abnormal_Sperm (88).bmp,calib,1,-3.220301,4.554601,-1.334302
smids/Abnormal_Sperm/Abnormal_Sperm (882).bmp,calib,1,1.069611,3.758897,-4.828510
smids/Abnormal_Sperm/Abnormal_Sperm (901).bmp,calib,1,-0.125024,3.529830,-3.404809
smids/Abnormal_Sperm/Abnormal_Sperm (902).bmp,calib,1,-1.463149,0.466163,0.996980
smids/Abnormal_Sperm/Abnormal_Sperm (909).bmp,calib,1,1.455699,2.516019,-3.971721
smids/Abnormal_Sperm/Abnormal_Sperm (914).bmp,calib,1,0.353945,2.006117,-2.360064
smids/Abnormal_Sperm/Abnormal_Sperm (92).bmp,calib,1,-1.703620,3.322583,-1.618963
smids/Abnormal_Sperm/Abnormal_Sperm (928).bmp,calib,1,-0.046527,2.955089,-2.908563
smids/Abnormal_Sperm/Abnormal_Sperm (95).bmp,calib,1,-2.037176,1.907684,0.129488
smids/Abnormal_Sperm/Abnormal_Sperm (952).bmp,calib,1,2.627327,1.318203,-3.945530
smids/Abnormal_Sperm/Abnormal_Sperm (966).bmp,calib,1,-3.451461,4.213835,-0.762377
smids/Abnormal_Sperm/Abnormal_Sperm (975).bmp,calib,1,-1.434220,1.113655,0.320562
smids/Abnormal_Sperm/Abnormal_Sperm (981).bmp,calib,1,-0.390600,1.788761,-1.398163
smids/Abnormal_Sperm/Abnormal_Sperm (99).bmp,calib,1,1.845726,2.302085,-4.147810
smids/Abnormal_Sperm/Abnormal_Sperm (990).bmp,calib,1,-1.116842,2.480661,-1.363819
smids/Abnormal_Sperm/Abnormal_Sperm (992).bmp,calib,1,-1.571754,2.757840,-1.186088
smids/Abnormal_Sperm/Abnormal_Sperm (997).bmp,calib,1,-0.733096,2.426090,-1.692999
smids/Non-Sperm/Non-Sperm (125).bmp,calib,2,-0.638942,-2.193595,2.832536
smids/Non-Sperm/Non-Sperm (128).bmp,calib,2,-4.224413,-0.095730,4.320142
smids/Non-Sperm/Non-Sperm (132).bmp,calib,2,-3.661823,-3.351935,7.013749
smids/Non-Sperm/Non-Sperm (135).bmp,calib,2,-3.441859,-2.557707,5.999560
smids/Non-Sperm/Non-Sperm (138).bmp,calib,2,-0.281509,-3.474097,3.755601
smids/Non-Sperm/Non-Sperm (14).bmp,calib,2,-2.752684,1.388645,1.364034
smids/Non-Sperm/Non-Sperm (142).bmp,calib,2,-2.329293,-3.481069,5.810358
smids/Non-Sperm/Non-Sperm (143).bmp,calib,2,-3.113242,-1.656002,4.769238
smids/Non-Sperm/Non-Sperm (146).bmp,calib,2,0.575011,-5.608776,5.033762
smids/Non-Sperm/Non-Sperm (158).bmp,calib,2,-1.153852,-2.040839,3.194687
smids/Non-Sperm/Non-Sperm (163).bmp,calib,2,0.001756,0.572349,-0.574105
smids/Non-Sperm/Non-Sperm (17).bmp,calib,2,-3.697016,-0.466473,4.163486
smids/Non-Sperm/Non-Sperm (172).bmp,calib,2,-2.562079,-2.375088,4.937161
smids/Non-Sperm/Non-Sperm (176).bmp,calib,2,-2.764609,-0.168580,2.933182
smids/Non-Sperm/Non-Sperm (183).bmp,calib,2,-2.667806,-0.785680,3.453482
smids/Non-Sperm/Non-Sperm (187).bmp,calib,2,-3.401690,-2.849496,6.251182
smids/Non-Sperm/Non-Sperm (194).bmp,calib,2,-3.242808,-0.135617,3.378425
smids/Non-Sperm/Non-Sperm (228).bmp,calib,2,-2.296720,-1.412385,3.709101
smids/Non-Sperm/Non-Sperm (232).bmp,calib,2,-1.209455,-2.848775,4.058225
smids/Non-Sperm/Non-Sperm (235).bmp,calib,2,-1.768023,-1.686934,3.454952
smids/Non-Sperm/Non-Sperm (239).bmp,calib,2,-4.763949,-1.204699,5.968647
smids/Non-Sperm/Non-Sperm (243).bmp,calib,2,-2.138156,-0.747014,2.885166
smids/Non-Sperm/Non-Sperm (249).bmp,calib,2,-1.839401,-2.714218,4.553615
smids/Non-Sperm/Non-Sperm (258).bmp,calib,2,-0.941422,-3.051559,3.992978
smids/Non-Sperm/Non-Sperm (259).bmp,calib,2,-2.384589,-2.493515,4.878099
smids/Non-Sperm/Non-Sperm (26).bmp,calib,2,-4.317503,2.702740,1.614762
smids/Non-Sperm/Non-Sperm (264).bmp,calib,2,-2.991336,-1.393808,4.385139
smids/Non-Sperm/Non-Sperm (266).bmp,calib,2,-4.185122,-2.020432,6.205552
smids/Non-Sperm/Non-Sperm (280).bmp,calib,2,-1.370884,-3.997692,5.368573
smids/Non-Sperm/Non-Sperm (281).bmp,calib,2,-0.367460,-1.947446,2.314901
smids/Non-Sperm/Non-Sperm (283).bmp,calib,2,-1.547003,-2.274501,3.821499
smids/Non-Sperm/Non-Sperm (29).bmp,calib,2,-3.735890,-0.130560,3.866445
smids/Non-Sperm/Non-Sperm (295).bmp,calib,2,-1.208393,-2.680669,3.889056
smids/Non-Sperm/Non-Sperm (302).bmp,calib,2,-1.270783,-2.926867,4.197643
smids/Non-Sperm/Non-Sperm (313).bmp,calib,2,-1.759813,-0.127766,1.887572
smids/Non-Sperm/Non-Sperm (320).bmp,calib,2,-0.797725,-2.899902,3.697624
smids/Non-Sperm/Non-Sperm (323).bmp,calib,2,-2.219068,0.510301,1.708759
smids/Non-Sperm/Non-Sperm (325).bmp,calib,2,2.221716,-3.261444,1.039725
smids/Non-Sperm/Non-Sperm (327).bmp,calib,2,0.274218,-1.249227,0.975007
smids/Non-Sperm/Non-Sperm (33).bmp,calib,2,0.583894,-0.218398,-0.365501
smids/Non-Sperm/Non-Sperm (337).bmp,calib,2,-3.284553,-2.350832,5.635382
smids/Non-Sperm/Non-Sperm (341).bmp,calib,2,-1.833802,1.715699,0.118100
smids/Non-Sperm/Non-Sperm (343).bmp,calib,2,-0.390841,-0.926816,1.317656
smids/Non-Sperm/Non-Sperm (347).bmp,calib,2,-2.188163,-2.403355,4.591514
smids/Non-Sperm/Non-Sperm (350).bmp,calib,2,-0.869056,-0.637655,1.506704
smids/Non-Sperm/Non-Sperm (351).bmp,calib,2,-0.938404,-0.395685,1.334083
smids/Non-Sperm/Non-Sperm (358).bmp,calib,2,-1.095874,0.786530,0.309343
smids/Non-Sperm/Non-Sperm (359).bmp,calib,2,-4.091804,-2.108861,6.200658
smids/Non-Sperm/Non-Sperm (361).bmp,calib,2,-2.508787,-0.102848,2.611632
smids/Non-Sperm/Non-Sperm (364).bmp,calib,2,-1.371151,-3.610092,4.981238
smids/Non-Sperm/Non-Sperm (37).bmp,calib,2,-3.848286,0.286401,3.561884
smids/Non-Sperm/Non-Sperm (392).bmp,calib,2,-0.713712,0.750187,-0.036479
smids/Non-Sperm/Non-Sperm (398).bmp,calib,2,1.778927,1.596960,-3.375889
smids/Non-Sperm/Non-Sperm (40).bmp,calib,2,0.293336,-1.164193,0.870852
smids/Non-Sperm/Non-Sperm (400).bmp,calib,2,-1.564005,1.211174,0.352830
smids/Non-Sperm/Non-Sperm (405).bmp,calib,2,0.667859,-0.696464,0.028603
smids/Non-Sperm/Non-Sperm (414).bmp,calib,2,-0.200809,-2.764405,2.965212
smids/Non-Sperm/Non-Sperm (423).bmp,calib,2,-1.849142,-3.468687,5.317825
smids/Non-Sperm/Non-Sperm (425).bmp,calib,2,-3.519988,3.015959,0.504032
smids/Non-Sperm/Non-Sperm (431).bmp,calib,2,-2.405139,-2.041515,4.446652
smids/Non-Sperm/Non-Sperm (463).bmp,calib,2,-1.983336,0.271184,1.712147
smids/Non-Sperm/Non-Sperm (464).bmp,calib,2,-0.702394,-4.122914,4.825303
smids/Non-Sperm/Non-Sperm (467).bmp,calib,2,-2.163565,-3.229248,5.392810
smids/Non-Sperm/Non-Sperm (474).bmp,calib,2,-1.625038,-3.660499,5.285534
smids/Non-Sperm/Non-Sperm (483).bmp,calib,2,-2.004472,0.571734,1.432732
smids/Non-Sperm/Non-Sperm (489).bmp,calib,2,-3.436440,-1.036342,4.472774
smids/Non-Sperm/Non-Sperm (490).bmp,calib,2,-0.689609,-2.374272,3.063879
smids/Non-Sperm/Non-Sperm (493).bmp,calib,2,-1.789013,-3.680530,5.469540
smids/Non-Sperm/Non-Sperm (496).bmp,calib,2,-3.858629,-2.708621,6.567250
smids/Non-Sperm/Non-Sperm (508).bmp,calib,2,-1.307320,-3.364569,4.671883
smids/Non-Sperm/Non-Sperm (544).bmp,calib,2,-2.053879,-1.484372,3.538249
smids/Non-Sperm/Non-Sperm (553).bmp,calib,2,0.159391,0.531118,-0.690509
smids/Non-Sperm/Non-Sperm (557).bmp,calib,2,-3.019430,-1.785721,4.805148
smids/Non-Sperm/Non-Sperm (564).bmp,calib,2,-5.369179,0.492411,4.876766
smids/Non-Sperm/Non-Sperm (565).bmp,calib,2,-5.415306,1.666290,3.749017
smids/Non-Sperm/Non-Sperm (577).bmp,calib,2,-4.232903,-2.414026,6.646924
smids/Non-Sperm/Non-Sperm (580).bmp,calib,2,-2.191533,-1.859131,4.050659
smids/Non-Sperm/Non-Sperm (583).bmp,calib,2,-3.040913,1.838597,1.202312
smids/Non-Sperm/Non-Sperm (590).bmp,calib,2,-0.599914,-2.615254,3.215161
smids/Non-Sperm/Non-Sperm (592).bmp,calib,2,-4.055035,-1.190224,5.245256
smids/Non-Sperm/Non-Sperm (594).bmp,calib,2,-2.428793,-1.768356,4.197142
smids/Non-Sperm/Non-Sperm (598).bmp,calib,2,-1.604347,-1.201586,2.805928
smids/Non-Sperm/Non-Sperm (604).bmp,calib,2,-4.267553,0.137348,4.130204
smids/Non-Sperm/Non-Sperm (613).bmp,calib,2,-3.532909,-0.238403,3.771312
smids/Non-Sperm/Non-Sperm (622).bmp,calib,2,-2.664559,-1.848872,4.513427
smids/Non-Sperm/Non-Sperm (655).bmp,calib,2,-1.907788,0.163194,1.744592
smids/Non-Sperm/Non-Sperm (656).bmp,calib,2,-4.560460,-0.486481,5.046939
smids/Non-Sperm/Non-Sperm (660).bmp,calib,2,-2.445020,0.104499,2.340518
smids/Non-Sperm/Non-Sperm (678).bmp,calib,2,-2.759786,-1.666264,4.426048
smids/Non-Sperm/Non-Sperm (680).bmp,calib,2,-3.241025,-2.075321,5.316344
smids/Non-Sperm/Non-Sperm (681).bmp,calib,2,-1.672443,-2.055749,3.728188
smids/Non-Sperm/Non-Sperm (696).bmp,calib,2,-4.218520,1.604462,2.614062
smids/Non-Sperm/Non-Sperm (697).bmp,calib,2,-3.472650,-0.938407,4.411053
smids/Non-Sperm/Non-Sperm (716).bmp,calib,2,-3.350994,2.382958,0.968036
smids/Non-Sperm/Non-Sperm (72).bmp,calib,2,-2.952955,0.200217,2.752739
smids/Non-Sperm/Non-Sperm (720).bmp,calib,2,-2.224037,-1.035135,3.259169
smids/Non-Sperm/Non-Sperm (723).bmp,calib,2,-2.345849,0.081263,2.264583
smids/Non-Sperm/Non-Sperm (726).bmp,calib,2,-2.311543,-3.104834,5.416373
smids/Non-Sperm/Non-Sperm (729).bmp,calib,2,-3.557459,-2.021954,5.579410
smids/Non-Sperm/Non-Sperm (73).bmp,calib,2,-3.989553,-1.094328,5.083879
smids/Non-Sperm/Non-Sperm (730).bmp,calib,2,-1.006962,-1.063140,2.070100
smids/Non-Sperm/Non-Sperm (735).bmp,calib,2,-3.513391,-1.829829,5.343215
smids/Non-Sperm/Non-Sperm (74).bmp,calib,2,-2.869107,-1.368363,4.237469
smids/Non-Sperm/Non-Sperm (741).bmp,calib,2,-1.891119,-3.490243,5.381361
smids/Non-Sperm/Non-Sperm (752).bmp,calib,2,-0.352327,-0.553229,0.905552
smids/Non-Sperm/Non-Sperm (763).bmp,calib,2,-3.259730,-1.784373,5.044099
smids/Non-Sperm/Non-Sperm (765).bmp,calib,2,-1.592608,-2.330839,3.923440
smids/Non-Sperm/Non-Sperm (767).bmp,calib,2,1.790060,-5.506524,3.716457
smids/Non-Sperm/Non-Sperm (768).bmp,calib,2,-0.863642,-2.854392,3.718030
smids/Non-Sperm/Non-Sperm (772).bmp,calib,2,-3.711424,-0.586205,4.297630
smids/Non-Sperm/Non-Sperm (776).bmp,calib,2,-2.350976,-2.564465,4.915437
smids/Non-Sperm/Non-Sperm (777).bmp,calib,2,-1.298077,-2.555977,3.854047
smids/Non-Sperm/Non-Sperm (78).bmp,calib,2,-2.625629,2.258687,0.366939
smids/Non-Sperm/Non-Sperm (782).bmp,calib,2,-0.385722,-3.674066,4.059785
smids/Non-Sperm/Non-Sperm (792).bmp,calib,2,0.245321,-3.426873,3.181547
smids/Non-Sperm/Non-Sperm (80).bmp,calib,2,-5.462367,-0.060434,5.522799
smids/Non-Sperm/Non-Sperm (802).bmp,calib,2,-1.862305,-1.300932,3.163232
smids/Non-Sperm/Non-Sperm (81).bmp,calib,2,-2.801517,-1.394043,4.195556
smids/Non-Sperm/Non-Sperm (811).bmp,calib,2,-2.767278,-3.173347,5.940621
smids/Non-Sperm/Non-Sperm (819).bmp,calib,2,0.560852,-0.960727,0.399870
smids/Non-Sperm/Non-Sperm (824).bmp,calib,2,-1.310993,-2.123712,3.434701
smids/Non-Sperm/Non-Sperm (827).bmp,calib,2,-3.031577,-0.388760,3.420336
smids/Non-Sperm/Non-Sperm (830).bmp,calib,2,-2.705772,-1.700898,4.406665
smids/Non-Sperm/Non-Sperm (831).bmp,calib,2,-3.977013,-0.681939,4.658947
smids/Non-Sperm/Non-Sperm (835).bmp,calib,2,-2.060738,-3.761902,5.822636
smids/Non-Sperm/Non-Sperm (837).bmp,calib,2,-3.921801,-2.229865,6.151663
smids/Non-Sperm/Non-Sperm (838).bmp,calib,2,-2.466720,-1.963441,4.430156
smids/Non-Sperm/Non-Sperm (845).bmp,calib,2,0.837260,-0.787665,-0.049599
smids/Non-Sperm/Non-Sperm (846).bmp,calib,2,-1.319176,-0.473707,1.792880
smids/Non-Sperm/Non-Sperm (847).bmp,calib,2,-1.161209,-4.025692,5.186896
smids/Non-Sperm/Non-Sperm (849).bmp,calib,2,-3.898904,0.493349,3.405554
smids/Non-Sperm/Non-Sperm (851).bmp,calib,2,-1.529229,-1.702338,3.231564
smids/Non-Sperm/Non-Sperm (862).bmp,calib,2,-4.636858,-1.336280,5.973135
smids/Non-Sperm/Non-Sperm (864).bmp,calib,2,-4.275944,-1.326908,5.602852
smids/Non-Sperm/Non-Sperm (869).bmp,calib,2,-5.807522,0.115770,5.691755
smids/Non-Sperm/Non-Sperm (875).bmp,calib,2,-4.434289,-0.738803,5.173090
smids/Non-Sperm/Non-Sperm (89).bmp,calib,2,-1.615807,-2.612318,4.228121
smids/Non-Sperm/Non-Sperm (892).bmp,calib,2,-0.163495,0.141751,0.021741
smids/Non-Sperm/Non-Sperm (895).bmp,calib,2,-0.172990,-0.659608,0.832595
smids/Non-Sperm/Non-Sperm (897).bmp,calib,2,-2.340513,0.886819,1.453687
smids/Non-Sperm/Non-Sperm (899).bmp,calib,2,-1.547475,0.127822,1.419654
smids/Non-Sperm/Non-Sperm (9).bmp,calib,2,-4.542075,2.615478,1.926593
smids/Non-Sperm/Non-Sperm (90).bmp,calib,2,-2.461524,-1.966074,4.427593
smids/Non-Sperm/Non-Sperm (908).bmp,calib,2,-2.942847,2.755020,0.187830
smids/Non-Sperm/Non-Sperm (911).bmp,calib,2,-1.843526,3.476862,-1.633343
smids/Non-Sperm/Non-Sperm (912).bmp,calib,2,-2.210819,2.894270,-0.683453
smids/Non-Sperm/Non-Sperm (917).bmp,calib,2,1.064999,-0.389862,-0.675140
smids/Non-Sperm/Non-Sperm (926).bmp,calib,2,-3.519709,0.943738,2.575968
smids/Non-Sperm/Non-Sperm (932).bmp,calib,2,-0.070276,-1.640129,1.710401
smids/Non-Sperm/Non-Sperm (941).bmp,calib,2,-1.683207,-4.255642,5.938847
smids/Non-Sperm/Non-Sperm (943).bmp,calib,2,-1.215193,-2.404176,3.619369
smids/Non-Sperm/Non-Sperm (945).bmp,calib,2,0.836460,-1.152718,0.316255
smids/Non-Sperm/Non-Sperm (948).bmp,calib,2,-1.129418,0.782552,0.346862
smids/Non-Sperm/Non-Sperm (950).bmp,calib,2,0.193365,0.875187,-1.068556
smids/Non-Sperm/Non-Sperm (951).bmp,calib,2,0.943450,-2.317651,1.374195
smids/Non-Sperm/Non-Sperm (972).bmp,calib,2,-1.425310,0.854883,0.570423
smids/Normal_Sperm/Normal_Sperm (10).bmp,calib,0,0.719526,-0.921584,0.202057
smids/Normal_Sperm/Normal_Sperm (101).bmp,calib,0,4.912055,-2.340616,-2.571437
smids/Normal_Sperm/Normal_Sperm (1012).bmp,calib,0,1.397788,2.468100,-3.865889
smids/Normal_Sperm/Normal_Sperm (1014).bmp,calib,0,0.792233,2.365728,-3.157960
smids/Normal_Sperm/Normal_Sperm (1015).bmp,calib,0,3.762840,-0.151861,-3.610983
smids/Normal_Sperm/Normal_Sperm (112).bmp,calib,0,4.130299,0.758852,-4.889151
smids/Normal_Sperm/Normal_Sperm (114).bmp,calib,0,-0.937685,1.836470,-0.898785
smids/Normal_Sperm/Normal_Sperm (116).bmp,calib,0,1.981554,0.817322,-2.798879
smids/Normal_Sperm/Normal_Sperm (12).bmp,calib,0,0.566025,-0.100951,-0.465082
smids/Normal_Sperm/Normal_Sperm (121).bmp,calib,0,4.459334,0.348679,-4.808012
smids/Normal_Sperm/Normal_Sperm (122).bmp,calib,0,-3.167478,3.303245,-0.135769
smids/Normal_Sperm/Normal_Sperm (124).bmp,calib,0,4.713625,1.686388,-6.400015
smids/Normal_Sperm/Normal_Sperm (125).bmp,calib,0,5.745358,0.413340,-6.158697
smids/Normal_Sperm/Normal_Sperm (127).bmp,calib,0,-0.035258,0.722971,-0.687710
smids/Normal_Sperm/Normal_Sperm (132).bmp,calib,0,-1.187547,2.872694,-1.685146
smids/Normal_Sperm/Normal_Sperm (134).bmp,calib,0,-1.799702,2.331726,-0.532022
smids/Normal_Sperm/Normal_Sperm (142).bmp,calib,0,-0.295104,2.578736,-2.283631
smids/Normal_Sperm/Normal_Sperm (152).bmp,calib,0,-0.340381,2.243929,-1.903551
smids/Normal_Sperm/Normal_Sperm (163).bmp,calib,0,3.442430,-0.972508,-2.469925
smids/Normal_Sperm/Normal_Sperm (183).bmp,calib,0,1.979511,-0.471587,-1.507926
smids/Normal_Sperm/Normal_Sperm (184).bmp,calib,0,3.398658,0.510762,-3.909421
smids/Normal_Sperm/Normal_Sperm (209).bmp,calib,0,1.573959,1.872389,-3.446348
smids/Normal_Sperm/Normal_Sperm (217).bmp,calib,0,3.626318,-2.045095,-1.581224
smids/Normal_Sperm/Normal_Sperm (219).bmp,calib,0,-0.237795,0.951815,-0.714024
smids/Normal_Sperm/Normal_Sperm (221).bmp,calib,0,0.219374,0.026768,-0.246143
smids/Normal_Sperm/Normal_Sperm (232).bmp,calib,0,1.163781,2.377051,-3.540831
smids/Normal_Sperm/Normal_Sperm (234).bmp,calib,0,3.853214,-0.842633,-3.010584
smids/Normal_Sperm/Normal_Sperm (237).bmp,calib,0,1.296996,2.168570,-3.465564
smids/Normal_Sperm/Normal_Sperm (240).bmp,calib,0,2.603535,-0.787408,-1.816128
smids/Normal_Sperm/Normal_Sperm (247).bmp,calib,0,0.204876,0.883469,-1.088346
smids/Normal_Sperm/Normal_Sperm (249).bmp,calib,0,2.052324,-0.493792,-1.558532
smids/Normal_Sperm/Normal_Sperm (253).bmp,calib,0,0.616009,1.547569,-2.163580
smids/Normal_Sperm/Normal_Sperm (255).bmp,calib,0,6.186792,-0.239563,-5.947230
smids/Normal_Sperm/Normal_Sperm (257).bmp,calib,0,0.237489,0.691954,-0.929441
smids/Normal_Sperm/Normal_Sperm (26).bmp,calib,0,1.973911,-0.809283,-1.164634
smids/Normal_Sperm/Normal_Sperm (271).bmp,calib,0,3.339859,-2.276046,-1.063813
smids/Normal_Sperm/Normal_Sperm (295).bmp,calib,0,3.517543,1.995311,-5.512853
smids/Normal_Sperm/Normal_Sperm (297).bmp,calib,0,3.777399,-0.254368,-3.523033
smids/Normal_Sperm/Normal_Sperm (301).bmp,calib,0,3.163233,0.042442,-3.205675
smids/Normal_Sperm/Normal_Sperm (304).bmp,calib,0,2.140875,0.634907,-2.775783
smids/Normal_Sperm/Normal_Sperm (32).bmp,calib,0,2.100545,-0.905669,-1.194882
smids/Normal_Sperm/Normal_Sperm (332).bmp,calib,0,1.824226,-0.721535,-1.102697
smids/Normal_Sperm/Normal_Sperm (335).bmp,calib,0,-0.246829,2.877644,-2.630817
smids/Normal_Sperm/Normal_Sperm (339).bmp,calib,0,-0.042748,-0.044811,0.087557
smids/Normal_Sperm/Normal_Sperm (340).bmp,calib,0,1.707950,-2.403178,0.695224
smids/Normal_Sperm/Normal_Sperm (352).bmp,calib,0,3.207042,1.145263,-4.352314
smids/Normal_Sperm/Normal_Sperm (353).bmp,calib,0,1.595026,1.068861,-2.663887
smids/Normal_Sperm/Normal_Sperm (366).bmp,calib,0,3.359186,1.426356,-4.785545
smids/Normal_Sperm/Normal_Sperm (386).bmp,calib,0,4.818367,-1.923696,-2.894670
smids/Normal_Sperm/Normal_Sperm (395).bmp,calib,0,-1.166703,0.769289,0.397413
smids/Normal_Sperm/Normal_Sperm (397).bmp,calib,0,1.469175,-1.398481,-0.070697
smids/Normal_Sperm/Normal_Sperm (4).bmp,calib,0,4.942797,1.053431,-5.996230
smids/Normal_Sperm/Normal_Sperm (400).bmp,calib,0,5.271243,-0.088210,-5.183034
smids/Normal_Sperm/Normal_Sperm (402).bmp,calib,0,2.112060,2.579987,-4.692051
smids/Normal_Sperm/Normal_Sperm (403).bmp,calib,0,0.379508,1.502438,-1.881947
smids/Normal_Sperm/Normal_Sperm (404).bmp,calib,0,3.295845,0.348752,-3.644600
smids/Normal_Sperm/Normal_Sperm (411).bmp,calib,0,2.595535,2.961193,-5.556727
smids/Normal_Sperm/Normal_Sperm (414).bmp,calib,0,2.621532,0.495466,-3.116998
smids/Normal_Sperm/Normal_Sperm (415).bmp,calib,0,2.559050,1.881108,-4.440158
smids/Normal_Sperm/Normal_Sperm (419).bmp,calib,0,3.297031,-0.553795,-2.743236
smids/Normal_Sperm/Normal_Sperm (424).bmp,calib,0,4.518062,-0.976067,-3.541991
smids/Normal_Sperm/Normal_Sperm (443).bmp,calib,0,3.078875,-1.810981,-1.267894
smids/Normal_Sperm/Normal_Sperm (452).bmp,calib,0,2.898736,-0.587707,-2.311029
smids/Normal_Sperm/Normal_Sperm (459).bmp,calib,0,2.768573,-1.670469,-1.098103
smids/Normal_Sperm/Normal_Sperm (462).bmp,calib,0,1.641354,-0.031488,-1.609868
smids/Normal_Sperm/Normal_Sperm (467).bmp,calib,0,2.411448,-0.088491,-2.322955
smids/Normal_Sperm/Normal_Sperm (470).bmp,calib,0,2.597899,1.734813,-4.332716
smids/Normal_Sperm/Normal_Sperm (472).bmp,calib,0,4.577770,-1.443142,-3.134632
smids/Normal_Sperm/Normal_Sperm (50).bmp,calib,0,1.820884,-1.984854,0.163966
smids/Normal_Sperm/Normal_Sperm (513).bmp,calib,0,3.066014,0.798130,-3.864147
smids/Normal_Sperm/Normal_Sperm (517).bmp,calib,0,3.101864,0.714273,-3.816133
smids/Normal_Sperm/Normal_Sperm (529).bmp,calib,0,3.179159,-0.368605,-2.810555
smids/Normal_Sperm/Normal_Sperm (531).bmp,calib,0,3.457885,1.088984,-4.546870
smids/Normal_Sperm/Normal_Sperm (532).bmp,calib,0,2.141438,1.596318,-3.737758
smids/Normal_Sperm/Normal_Sperm (534).bmp,calib,0,-1.148730,-0.606084,1.754812
smids/Normal_Sperm/Normal_Sperm (535).bmp,calib,0,3.507593,1.064282,-4.571875
smids/Normal_Sperm/Normal_Sperm (539).bmp,calib,0,4.310940,2.025592,-6.336535
smids/Normal_Sperm/Normal_Sperm (542).bmp,calib,0,2.546988,0.741879,-3.288869
smids/Normal_Sperm/Normal_Sperm (544).bmp,calib,0,3.662431,0.346295,-4.008727
smids/Normal_Sperm/Normal_Sperm (549).bmp,calib,0,2.619253,1.443228,-4.062482
smids/Normal_Sperm/Normal_Sperm (55).bmp,calib,0,2.354505,-1.591317,-0.763196
smids/Normal_Sperm/Normal_Sperm (560).bmp,calib,0,4.152586,-1.583747,-2.568840
smids/Normal_Sperm/Normal_Sperm (563).bmp,calib,0,2.860931,1.438467,-4.299399
smids/Normal_Sperm/Normal_Sperm (574).bmp,calib,0,-0.882095,-0.761794,1.643884
smids/Normal_Sperm/Normal_Sperm (588).bmp,calib,0,4.298592,-0.121866,-4.176727
smids/Normal_Sperm/Normal_Sperm (591).bmp,calib,0,4.912330,-0.534030,-4.378299
smids/Normal_Sperm/Normal_Sperm (593).bmp,calib,0,6.611628,0.140912,-6.752538
smids/Normal_Sperm/Normal_Sperm (594).bmp,calib,0,3.664500,-1.409095,-2.255410
smids/Normal_Sperm/Normal_Sperm (601).bmp,calib,0,3.525402,-0.512437,-3.012965
smids/Normal_Sperm/Normal_Sperm (605).bmp,calib,0,5.219841,-0.755402,-4.464439
smids/Normal_Sperm/Normal_Sperm (607).bmp,calib,0,3.619837,-0.585507,-3.034332
smids/Normal_Sperm/Normal_Sperm (61).bmp,calib,0,4.419323,-0.399740,-4.019584
smids/Normal_Sperm/Normal_Sperm (611).bmp,calib,0,5.449456,-0.985839,-4.463616
smids/Normal_Sperm/Normal_Sperm (621).bmp,calib,0,2.680595,1.823813,-4.504409
smids/Normal_Sperm/Normal_Sperm (633).bmp,calib,0,2.618960,2.041669,-4.660629
smids/Normal_Sperm/Normal_Sperm (635).bmp,calib,0,4.569160,-0.007514,-4.561648
smids/Normal_Sperm/Normal_Sperm (637).bmp,calib,0,4.150042,0.346548,-4.496592
smids/Normal_Sperm/Normal_Sperm (644).bmp,calib,0,0.799674,-0.387808,-0.411868
smids/Normal_Sperm/Normal_Sperm (655).bmp,calib,0,1.218390,-1.521881,0.303486
smids/Normal_Sperm/Normal_Sperm (657).bmp,calib,0,1.327383,0.837388,-2.164769
smids/Normal_Sperm/Normal_Sperm (662).bmp,calib,0,4.387698,-1.110111,-3.277589
smids/Normal_Sperm/Normal_Sperm (685).bmp,calib,0,3.518568,0.979161,-4.497730
smids/Normal_Sperm/Normal_Sperm (694).bmp,calib,0,2.259491,-0.873550,-1.385943
smids/Normal_Sperm/Normal_Sperm (710).bmp,calib,0,3.277430,1.144222,-4.421653
smids/Normal_Sperm/Normal_Sperm (720).bmp,calib,0,4.793508,0.734020,-5.527529
smids/Normal_Sperm/Normal_Sperm (721).bmp,calib,0,2.730396,-0.740954,-1.989446
smids/Normal_Sperm/Normal_Sperm (727).bmp,calib,0,3.610609,-1.494325,-2.116287
smids/Normal_Sperm/Normal_Sperm (729).bmp,calib,0,5.395602,-1.809935,-3.585668
smids/Normal_Sperm/Normal_Sperm (73).bmp,calib,0,3.599258,1.398831,-4.998091
smids/Normal_Sperm/Normal_Sperm (730).bmp,calib,0,0.700576,0.453009,-1.153588
smids/Normal_Sperm/Normal_Sperm (735).bmp,calib,0,4.809976,-0.635511,-4.174471
smids/Normal_Sperm/Normal_Sperm (738).bmp,calib,0,4.966225,-0.925558,-4.040669
smids/Normal_Sperm/Normal_Sperm (740).bmp,calib,0,5.308310,-2.496003,-2.812310
smids/Normal_Sperm/Normal_Sperm (741).bmp,calib,0,4.441992,-1.873637,-2.568358
smids/Normal_Sperm/Normal_Sperm (743).bmp,calib,0,4.874060,-3.300073,-1.573992
smids/Normal_Sperm/Normal_Sperm (75).bmp,calib,0,3.803838,-3.792594,-0.011248
smids/Normal_Sperm/Normal_Sperm (751).bmp,calib,0,4.221664,-1.648547,-2.573122
smids/Normal_Sperm/Normal_Sperm (752).bmp,calib,0,3.187507,0.307847,-3.495355
smids/Normal_Sperm/Normal_Sperm (764).bmp,calib,0,2.250503,-1.304211,-0.946297
smids/Normal_Sperm/Normal_Sperm (776).bmp,calib,0,4.692993,-0.333419,-4.359574
smids/Normal_Sperm/Normal_Sperm (78).bmp,calib,0,2.830755,-0.136885,-2.693873
smids/Normal_Sperm/Normal_Sperm (788).bmp,calib,0,2.963219,-0.668383,-2.294839
smids/Normal_Sperm/Normal_Sperm (789).bmp,calib,0,3.883296,-2.189165,-1.694134
smids/Normal_Sperm/Normal_Sperm (799).bmp,calib,0,4.226119,-1.755562,-2.470563
smids/Normal_Sperm/Normal_Sperm (802).bmp,calib,0,-0.972953,-2.288090,3.261040
smids/Normal_Sperm/Normal_Sperm (82).bmp,calib,0,2.608702,1.499539,-4.108244
smids/Normal_Sperm/Normal_Sperm (822).bmp,calib,0,3.234536,-1.236248,-1.998292
smids/Normal_Sperm/Normal_Sperm (826).bmp,calib,0,1.144839,1.034108,-2.178949
smids/Normal_Sperm/Normal_Sperm (83).bmp,calib,0,2.804339,1.192987,-3.997331
smids/Normal_Sperm/Normal_Sperm (836).bmp,calib,0,0.521183,1.538698,-2.059883
smids/Normal_Sperm/Normal_Sperm (837).bmp,calib,0,2.086305,0.423809,-2.510117
smids/Normal_Sperm/Normal_Sperm (839).bmp,calib,0,1.140969,2.453252,-3.594227
smids/Normal_Sperm/Normal_Sperm (840).bmp,calib,0,4.398631,0.724935,-5.123569
smids/Normal_Sperm/Normal_Sperm (842).bmp,calib,0,5.569672,0.812454,-6.382125
smids/Normal_Sperm/Normal_Sperm (846).bmp,calib,0,3.686339,-0.321152,-3.365185
smids/Normal_Sperm/Normal_Sperm (847).bmp,calib,0,5.194608,-1.133557,-4.061048
smids/Normal_Sperm/Normal_Sperm (867).bmp,calib,0,2.782482,0.028619,-2.811106
smids/Normal_Sperm/Normal_Sperm (876).bmp,calib,0,5.628622,0.545846,-6.174466
smids/Normal_Sperm/Normal_Sperm (877).bmp,calib,0,3.203241,-1.410784,-1.792461
smids/Normal_Sperm/Normal_Sperm (888).bmp,calib,0,1.766128,2.066247,-3.832381
smids/Normal_Sperm/Normal_Sperm (893).bmp,calib,0,-1.763821,2.184788,-0.420969
smids/Normal_Sperm/Normal_Sperm (90).bmp,calib,0,2.534671,-0.103040,-2.431633
smids/Normal_Sperm/Normal_Sperm (905).bmp,calib,0,1.800979,1.352059,-3.153041
smids/Normal_Sperm/Normal_Sperm (910).bmp,calib,0,2.002098,3.000089,-5.002188
smids/Normal_Sperm/Normal_Sperm (918).bmp,calib,0,2.175828,1.412396,-3.588227
smids/Normal_Sperm/Normal_Sperm (921).bmp,calib,0,5.972616,0.491567,-6.464184
smids/Normal_Sperm/Normal_Sperm (927).bmp,calib,0,3.719238,1.133122,-4.852360
smids/Normal_Sperm/Normal_Sperm (931).bmp,calib,0,3.614570,1.985892,-5.600466
smids/Normal_Sperm/Normal_Sperm (94).bmp,calib,0,1.675655,-0.918055,-0.757607
smids/Normal_Sperm/Normal_Sperm (945).bmp,calib,0,2.810850,1.218374,-4.029222
smids/Normal_Sperm/Normal_Sperm (950).bmp,calib,0,-0.642051,2.681033,-2.038982
smids/Normal_Sperm/Normal_Sperm (951).bmp,calib,0,3.835135,1.466334,-5.301469
smids/Normal_Sperm/Normal_Sperm (952).bmp,calib,0,0.091465,0.668451,-0.759916
smids/Normal_Sperm/Normal_Sperm (963).bmp,calib,0,3.802910,0.294014,-4.096922
smids/Normal_Sperm/Normal_Sperm (98).bmp,calib,0,4.094167,-0.157047,-3.937125
smids/Normal_Sperm/Normal_Sperm (980).bmp,calib,0,-0.182702,0.871368,-0.688663
smids/Normal_Sperm/Normal_Sperm (984).bmp,calib,0,1.770517,-2.729091,0.958574
smids/Normal_Sperm/Normal_Sperm (985).bmp,calib,0,3.728798,-1.396392,-2.332407
smids/Normal_Sperm/Normal_Sperm (99).bmp,calib,0,3.371487,-0.152015,-3.219474
smids/Normal_Sperm/Normal_Sperm (994).bmp,calib,0,0.311887,-0.335384,0.023493
smids/Abnormal_Sperm/Abnormal_Sperm (1000).bmp,test,1,-3.530246,4.998572,-1.468327
smids/Abnormal_Sperm/Abnormal_Sperm (1001).bmp,test,1,-1.147003,1.910969,-0.763971
smids/Abnormal_Sperm/Abnormal_Sperm (1002).bmp,test,1,2.019925,2.006394,-4.026318
smids/Abnormal_Sperm/Abnormal_Sperm (113).bmp,test,1,-2.703590,1.511053,1.192533
smids/Abnormal_Sperm/Abnormal_Sperm (119).bmp,test,1,0.861265,3.124909,-3.986176
smids/Abnormal_Sperm/Abnormal_Sperm (125).bmp,test,1,-2.548447,3.379328,-0.830881
smids/Abnormal_Sperm/Abnormal_Sperm (126).bmp,test,1,0.468882,2.697227,-3.166110
smids/Abnormal_Sperm/Abnormal_Sperm (127).bmp,test,1,-0.902195,1.796625,-0.894435
smids/Abnormal_Sperm/Abnormal_Sperm (130).bmp,test,1,-1.591757,1.800017,-0.208263
smids/Abnormal_Sperm/Abnormal_Sperm (134).bmp,test,1,-0.504742,4.187811,-3.683078
smids/Abnormal_Sperm/Abnormal_Sperm (135).bmp,test,1,-1.108629,5.622212,-4.513589
smids/Abnormal_Sperm/Abnormal_Sperm (136).bmp,test,1,2.165470,1.331929,-3.497401
smids/Abnormal_Sperm/Abnormal_Sperm (137).bmp,test,1,2.173395,2.303526,-4.476923
smids/Abnormal_Sperm/Abnormal_Sperm (14).bmp,test,1,1.480172,0.386995,-1.867166
smids/Abnormal_Sperm/Abnormal_Sperm (141).bmp,test,1,-1.482005,3.008288,-1.526283
smids/Abnormal_Sperm/Abnormal_Sperm (142).bmp,test,1,0.729299,1.292993,-2.022296
smids/Abnormal_Sperm/Abnormal_Sperm (145).bmp,test,1,0.241227,2.823908,-3.065136
smids/Abnormal_Sperm/Abnormal_Sperm (149).bmp,test,1,-0.955112,4.261873,-3.306761
smids/Abnormal_Sperm/Abnormal_Sperm (152).bmp,test,1,-0.431968,1.358736,-0.926771
smids/Abnormal_Sperm/Abnormal_Sperm (163).bmp,test,1,-0.162139,2.453686,-2.291549
smids/Abnormal_Sperm/Abnormal_Sperm (168).bmp,test,1,-0.974938,1.528150,-0.553218
smids/Abnormal_Sperm/Abnormal_Sperm (169).bmp,test,1,-2.036883,1.766656,0.270224
smids/Abnormal_Sperm/Abnormal_Sperm (18).bmp,test,1,-0.825287,3.370388,-2.545107
smids/Abnormal_Sperm/Abnormal_Sperm (180).bmp,test,1,-0.019461,3.613274,-3.593815
smids/Abnormal_Sperm/Abnormal_Sperm (181).bmp,test,1,-2.527461,2.101847,0.425614
smids/Abnormal_Sperm/Abnormal_Sperm (183).bmp,test,1,-0.109440,2.999192,-2.889754
smids/Abnormal_Sperm/Abnormal_Sperm (186).bmp,test,1,0.489811,2.995754,-3.485567
smids/Abnormal_Sperm/Abnormal_Sperm (188).bmp,test,1,-2.397932,2.625205,-0.227273
smids/Abnormal_Sperm/Abnormal_Sperm (193).bmp,test,1,0.727042,2.242573,-2.969616
smids/Abnormal_Sperm/Abnormal_Sperm (194).bmp,test,1,-0.724534,2.917220,-2.192692
smids/Abnormal_Sperm/Abnormal_Sperm (20).bmp,test,1,-2.153684,-0.841933,2.995614
smids/Abnormal_Sperm/Abnormal_Sperm (206).bmp,test,1,-0.736925,1.777928,-1.041002
smids/Abnormal_Sperm/Abnormal_Sperm (218).bmp,test,1,1.019002,2.376093,-3.395096
smids/Abnormal_Sperm/Abnormal_Sperm (230).bmp,test,1,0.681191,1.981567,-2.662760
smids/Abnormal_Sperm/Abnormal_Sperm (231).bmp,test,1,-1.074680,3.424089,-2.349408
smids/Abnormal_Sperm/Abnormal_Sperm (237).bmp,test,1,-2.546658,1.837266,0.709389
smids/Abnormal_Sperm/Abnormal_Sperm (239).bmp,test,1,2.140359,1.510478,-3.650835
smids/Abnormal_Sperm/Abnormal_Sperm (24).bmp,test,1,-1.453526,5.385046,-3.931521
smids/Abnormal_Sperm/Abnormal_Sperm (240).bmp,test,1,-2.428769,1.954406,0.474362
smids/Abnormal_Sperm/Abnormal_Sperm (246).bmp,test,1,0.536087,1.450522,-1.986609
smids/Abnormal_Sperm/Abnormal_Sperm (249).bmp,test,1,-2.513963,3.624991,-1.111033
smids/Abnormal_Sperm/Abnormal_Sperm (25).bmp,test,1,0.442525,2.021055,-2.463582
smids/Abnormal_Sperm/Abnormal_Sperm (250).bmp,test,1,-1.987796,0.818165,1.169630
smids/Abnormal_Sperm/Abnormal_Sperm (264).bmp,test,1,2.751513,0.200869,-2.952384
smids/Abnormal_Sperm/Abnormal_Sperm (269).bmp,test,1,-1.426170,1.999904,-0.573736
smids/Abnormal_Sperm/Abnormal_Sperm (271).bmp,test,1,-2.196712,3.897032,-1.700322
smids/Abnormal_Sperm/Abnormal_Sperm (289).bmp,test,1,0.325639,0.595280,-0.920920
smids/Abnormal_Sperm/Abnormal_Sperm (3).bmp,test,1,-3.481240,-0.120731,3.601967
smids/Abnormal_Sperm/Abnormal_Sperm (317).bmp,test,1,-0.069474,0.798343,-0.728871
smids/Abnormal_Sperm/Abnormal_Sperm (322).bmp,test,1,-5.271578,2.274692,2.996879
smids/Abnormal_Sperm/Abnormal_Sperm (332).bmp,test,1,-2.807076,1.917690,0.889380
smids/Abnormal_Sperm/Abnormal_Sperm (341).bmp,test,1,-0.250169,4.824329,-4.574160
smids/Abnormal_Sperm/Abnormal_Sperm (357).bmp,test,1,-1.851527,1.401923,0.449602
smids/Abnormal_Sperm/Abnormal_Sperm (361).bmp,test,1,1.028711,2.341783,-3.370495
smids/Abnormal_Sperm/Abnormal_Sperm (366).bmp,test,1,-0.166891,3.659225,-3.492335
smids/Abnormal_Sperm/Abnormal_Sperm (372).bmp,test,1,-2.213744,1.638938,0.574802
smids/Abnormal_Sperm/Abnormal_Sperm (377).bmp,test,1,-1.370515,1.696460,-0.325949
smids/Abnormal_Sperm/Abnormal_Sperm (380).bmp,test,1,-4.608009,4.514208,0.093798
smids/Abnormal_Sperm/Abnormal_Sperm (39).bmp,test,1,-3.191967,2.573501,0.618465
smids/Abnormal_Sperm/Abnormal_Sperm (391).bmp,test,1,-0.461259,2.231081,-1.769823
smids/Abnormal_Sperm/Abnormal_Sperm (392).bmp,test,1,-0.236919,2.667132,-2.430214
smids/Abnormal_Sperm/Abnormal_Sperm (393).bmp,test,1,-2.234160,4.445697,-2.211538
smids/Abnormal_Sperm/Abnormal_Sperm (398).bmp,test,1,-2.809699,4.044768,-1.235069
smids/Abnormal_Sperm/Abnormal_Sperm (421).bmp,test,1,0.442503,1.656971,-2.099477
smids/Abnormal_Sperm/Abnormal_Sperm (428).bmp,test,1,-1.065363,0.776369,0.288989
smids/Abnormal_Sperm/Abnormal_Sperm (438).bmp,test,1,-0.765269,2.464761,-1.699494
smids/Abnormal_Sperm/Abnormal_Sperm (446).bmp,test,1,-1.358289,4.748852,-3.390558
smids/Abnormal_Sperm/Abnormal_Sperm (449).bmp,test,1,-1.860427,3.481448,-1.621023
smids/Abnormal_Sperm/Abnormal_Sperm (450).bmp,test,1,-1.779574,3.622788,-1.843212
smids/Abnormal_Sperm/Abnormal_Sperm (451).bmp,test,1,0.226080,2.266734,-2.492815
smids/Abnormal_Sperm/Abnormal_Sperm (454).bmp,test,1,-0.974905,3.539577,-2.564673
smids/Abnormal_Sperm/Abnormal_Sperm (457).bmp,test,1,-2.207021,3.071958,-0.864937
smids/Abnormal_Sperm/Abnormal_Sperm (458).bmp,test,1,-1.632746,3.692729,-2.059981
smids/Abnormal_Sperm/Abnormal_Sperm (478).bmp,test,1,0.129012,-0.097593,-0.031421
smids/Abnormal_Sperm/Abnormal_Sperm (484).bmp,test,1,-1.305695,2.522524,-1.216830
smids/Abnormal_Sperm/Abnormal_Sperm (486).bmp,test,1,-3.922197,3.099771,0.822424
smids/Abnormal_Sperm/Abnormal_Sperm (487).bmp,test,1,2.665551,0.607108,-3.272661
smids/Abnormal_Sperm/Abnormal_Sperm (490).bmp,test,1,-0.181102,2.161373,-1.980272
smids/Abnormal_Sperm/Abnormal_Sperm (498).bmp,test,1,-0.987482,-0.444411,1.431891
smids/Abnormal_Sperm/Abnormal_Sperm (5).bmp,test,1,1.778454,0.428119,-2.206574
smids/Abnormal_Sperm/Abnormal_Sperm (504).bmp,test,1,-2.562393,2.416955,0.145440
smids/Abnormal_Sperm/Abnormal_Sperm (509).bmp,test,1,-1.723317,1.441903,0.281411
smids/Abnormal_Sperm/Abnormal_Sperm (514).bmp,test,1,2.384854,-0.004197,-2.380654
smids/Abnormal_Sperm/Abnormal_Sperm (525).bmp,test,1,-2.240669,2.237667,0.003000
smids/Abnormal_Sperm/Abnormal_Sperm (529).bmp,test,1,-0.554823,2.568274,-2.013454
smids/Abnormal_Sperm/Abnormal_Sperm (538).bmp,test,1,-2.300378,3.065656,-0.765281
smids/Abnormal_Sperm/Abnormal_Sperm (544).bmp,test,1,-2.154402,1.466252,0.688149
smids/Abnormal_Sperm/Abnormal_Sperm (559).bmp,test,1,-1.888140,0.933199,0.954934
smids/Abnormal_Sperm/Abnormal_Sperm (561).bmp,test,1,2.161334,0.766778,-2.928114
smids/Abnormal_Sperm/Abnormal_Sperm (565).bmp,test,1,2.598557,-0.350389,-2.248177
smids/Abnormal_Sperm/Abnormal_Sperm (570).bmp,test,1,-0.873840,2.401556,-1.527715
smids/Abnormal_Sperm/Abnormal_Sperm (571).bmp,test,1,-3.633350,2.806979,0.826369
smids/Abnormal_Sperm/Abnormal_Sperm (572).bmp,test,1,-0.699500,1.803997,-1.104495
smids/Abnormal_Sperm/Abnormal_Sperm (585).bmp,test,1,-2.415998,-0.884260,3.300262
smids/Abnormal_Sperm/Abnormal_Sperm (588).bmp,test,1,2.351744,0.614879,-2.966625
smids/Abnormal_Sperm/Abnormal_Sperm (60).bmp,test,1,-1.208041,2.875359,-1.667325
smids/Abnormal_Sperm/Abnormal_Sperm (602).bmp,test,1,-3.130086,0.907700,2.222380
smids/Abnormal_Sperm/Abnormal_Sperm (607).bmp,test,1,1.058901,2.353229,-3.412133
smids/Abnormal_Sperm/Abnormal_Sperm (613).bmp,test,1,-1.174802,4.101325,-2.926524
smids/Abnormal_Sperm/Abnormal_Sperm (619).bmp,test,1,-1.572215,2.669703,-1.097487
smids/Abnormal_Sperm/Abnormal_Sperm (620).bmp,test,1,-3.250556,1.392797,1.857755
smids/Abnormal_Sperm/Abnormal_Sperm (626).bmp,test,1,-1.099382,2.033516,-0.934138
smids/Abnormal_Sperm/Abnormal_Sperm (629).bmp,test,1,-1.205315,0.151218,1.054096
smids/Abnormal_Sperm/Abnormal_Sperm (63).bmp,test,1,-2.949628,2.146708,0.802918
smids/Abnormal_Sperm/Abnormal_Sperm (630).bmp,test,1,-1.195068,0.453727,0.741340
smids/Abnormal_Sperm/Abnormal_Sperm (633).bmp,test,1,-0.488953,2.608581,-2.119631
smids/Abnormal_Sperm/Abnormal_Sperm (636).bmp,test,1,-1.586412,2.481877,-0.895465
smids/Abnormal_Sperm/Abnormal_Sperm (637).bmp,test,1,0.959693,1.674639,-2.634339
smids/Abnormal_Sperm/Abnormal_Sperm (64).bmp,test,1,-4.056715,3.001944,1.054766
smids/Abnormal_Sperm/Abnormal_Sperm (649).bmp,test,1,-1.178586,1.434072,-0.255490
smids/Abnormal_Sperm/Abnormal_Sperm (654).bmp,test,1,-1.511385,1.048236,0.463142
smids/Abnormal_Sperm/Abnormal_Sperm (66).bmp,test,1,-2.712731,2.172978,0.539750
smids/Abnormal_Sperm/Abnormal_Sperm (663).bmp,test,1,1.823906,2.567991,-4.391898
smids/Abnormal_Sperm/Abnormal_Sperm (669).bmp,test,1,-2.103888,1.901593,0.202297
smids/Abnormal_Sperm/Abnormal_Sperm (673).bmp,test,1,-1.048605,2.537607,-1.489006
smids/Abnormal_Sperm/Abnormal_Sperm (675).bmp,test,1,-1.152834,2.475412,-1.322580
smids/Abnormal_Sperm/Abnormal_Sperm (676).bmp,test,1,-0.450683,3.191317,-2.740634
smids/Abnormal_Sperm/Abnormal_Sperm (678).bmp,test,1,-0.526495,0.629434,-0.102942
smids/Abnormal_Sperm/Abnormal_Sperm (695).bmp,test,1,-0.282704,1.222331,-0.939628
smids/Abnormal_Sperm/Abnormal_Sperm (697).bmp,test,1,-0.384829,1.621415,-1.236588
smids/Abnormal_Sperm/Abnormal_Sperm (7).bmp,test,1,2.223560,1.839570,-4.063131
smids/Abnormal_Sperm/Abnormal_Sperm (701).bmp,test,1,-1.033669,1.306422,-0.272757
smids/Abnormal_Sperm/Abnormal_Sperm (703).bmp,test,1,0.721953,1.506679,-2.228633
smids/Abnormal_Sperm/Abnormal_Sperm (704).bmp,test,1,-1.966154,2.179075,-0.212925
smids/Abnormal_Sperm/Abnormal_Sperm (712).bmp,test,1,0.071682,3.995342,-4.067020
smids/Abnormal_Sperm/Abnormal_Sperm (72).bmp,test,1,-2.657772,2.867307,-0.209537
smids/Abnormal_Sperm/Abnormal_Sperm (727).bmp,test,1,-2.453181,3.274016,-0.820839
smids/Abnormal_Sperm/Abnormal_Sperm (731).bmp,test,1,-0.095975,1.830539,-1.734563
smids/Abnormal_Sperm/Abnormal_Sperm (733).bmp,test,1,-2.891838,0.860234,2.031600
smids/Abnormal_Sperm/Abnormal_Sperm (737).bmp,test,1,1.186926,2.107606,-3.294535
smids/Abnormal_Sperm/Abnormal_Sperm (739).bmp,test,1,-1.720987,3.131276,-1.410287
smids/Abnormal_Sperm/Abnormal_Sperm (740).bmp,test,1,-1.192273,3.208344,-2.016071
smids/Abnormal_Sperm/Abnormal_Sperm (741).bmp,test,1,-0.632881,3.532919,-2.900040
smids/Abnormal_Sperm/Abnormal_Sperm (744).bmp,test,1,0.433121,0.656142,-1.089267
smids/Abnormal_Sperm/Abnormal_Sperm (745).bmp,test,1,2.277086,2.477270,-4.754355
smids/Abnormal_Sperm/Abnormal_Sperm (757).bmp,test,1,-1.974035,2.740878,-0.766845
smids/Abnormal_Sperm/Abnormal_Sperm (758).bmp,test,1,0.484214,1.768735,-2.252955
smids/Abnormal_Sperm/Abnormal_Sperm (767).bmp,test,1,-1.600561,3.653837,-2.053281
smids/Abnormal_Sperm/Abnormal_Sperm (77).bmp,test,1,-0.830701,3.234081,-2.403380
smids/Abnormal_Sperm/Abnormal_Sperm (772).bmp,test,1,-1.118150,2.359045,-1.240896
smids/Abnormal_Sperm/Abnormal_Sperm (773).bmp,test,1,-2.031682,3.478029,-1.446349
smids/Abnormal_Sperm/Abnormal_Sperm (777).bmp,test,1,2.240676,1.906044,-4.146723
smids/Abnormal_Sperm/Abnormal_Sperm (779).bmp,test,1,-0.642523,4.372536,-3.730014
smids/Abnormal_Sperm/Abnormal_Sperm (781).bmp,test,1,4.642626,-1.851566,-2.791067
smids/Abnormal_Sperm/Abnormal_Sperm (782).bmp,test,1,-1.802106,3.776109,-1.974002
smids/Abnormal_Sperm/Abnormal_Sperm (789).bmp,test,1,-2.713791,2.079832,0.633958
smids/Abnormal_Sperm/Abnormal_Sperm (790).bmp,test,1,1.180912,2.044594,-3.225504
smids/Abnormal_Sperm/Abnormal_Sperm (791).bmp,test,1,1.231868,1.120011,-2.351876
smids/Abnormal_Sperm/Abnormal_Sperm (80).bmp,test,1,0.083265,2.576426,-2.659692
smids/Abnormal_Sperm/Abnormal_Sperm (802).bmp,test,1,-1.143865,1.580247,-0.436383
smids/Abnormal_Sperm/Abnormal_Sperm (808).bmp,test,1,1.930947,2.460850,-4.391795
smids/Abnormal_Sperm/Abnormal_Sperm (811).bmp,test,1,2.799085,0.646265,-3.445354
smids/Abnormal_Sperm/Abnormal_Sperm (815).bmp,test,1,1.505128,1.298108,-2.803241
smids/Abnormal_Sperm/Abnormal_Sperm (816).bmp,test,1,0.483922,2.116371,-2.600292
smids/Abnormal_Sperm/Abnormal_Sperm (817).bmp,test,1,-1.042264,2.251375,-1.209112
smids/Abnormal_Sperm/Abnormal_Sperm (825).bmp,test,1,1.524106,-0.236048,-1.288059
smids/Abnormal_Sperm/Abnormal_Sperm (826).bmp,test,1,1.536177,0.199319,-1.735500
smids/Abnormal_Sperm/Abnormal_Sperm (827).bmp,test,1,0.752341,2.454801,-3.207140
smids/Abnormal_Sperm/Abnormal_Sperm (834).bmp,test,1,4.936104,0.858170,-5.794275
smids/Abnormal_Sperm/Abnormal_Sperm (839).bmp,test,1,4.040287,-1.823651,-2.216636
smids/Abnormal_Sperm/Abnormal_Sperm (85).bmp,test,1,-2.768012,3.591653,-0.823645
smids/Abnormal_Sperm/Abnormal_Sperm (852).bmp,test,1,3.189320,0.588866,-3.778188
smids/Abnormal_Sperm/Abnormal_Sperm (857).bmp,test,1,-0.884612,2.264568,-1.379958
smids/Abnormal_Sperm/Abnormal_Sperm (862).bmp,test,1,1.504232,1.183871,-2.688108
smids/Abnormal_Sperm/Abnormal_Sperm (871).bmp,test,1,-0.909555,2.353413,-1.443857
smids/Abnormal_Sperm/Abnormal_Sperm (876).bmp,test,1,1.709684,2.671009,-4.380692
smids/Abnormal_Sperm/Abnormal_Sperm (877).bmp,test,1,0.875546,2.825695,-3.701245
smids/Abnormal_Sperm/Abnormal_Sperm (881).bmp,test,1,0.843584,4.087481,-4.931065
smids/Abnormal_Sperm/Abnormal_Sperm (887).bmp,test,1,1.735011,1.133521,-2.868532
smids/Abnormal_Sperm/Abnormal_Sperm (890).bmp,test,1,0.542030,2.822927,-3.364959
smids/Abnormal_Sperm/Abnormal_Sperm (893).bmp,test,1,-0.684466,3.767101,-3.082636
smids/Abnormal_Sperm/Abnormal_Sperm (895).bmp,test,1,2.266932,2.117289,-4.384223
smids/Abnormal_Sperm/Abnormal_Sperm (897).bmp,test,1,2.367232,0.599321,-2.966554
smids/Abnormal_Sperm/Abnormal_Sperm (90).bmp,test,1,-0.528707,1.379496,-0.850791
smids/Abnormal_Sperm/Abnormal_Sperm (915).bmp,test,1,-0.239614,0.507749,-0.268139
smids/Abnormal_Sperm/Abnormal_Sperm (916).bmp,test,1,-2.423781,1.805151,0.618623
smids/Abnormal_Sperm/Abnormal_Sperm (917).bmp,test,1,0.573877,0.318339,-0.892222
smids/Abnormal_Sperm/Abnormal_Sperm (918).bmp,test,1,1.433126,2.564776,-3.997903
smids/Abnormal_Sperm/Abnormal_Sperm (920).bmp,test,1,-0.023946,0.150895,-0.126954
smids/Abnormal_Sperm/Abnormal_Sperm (922).bmp,test,1,0.639445,0.361627,-1.001074
smids/Abnormal_Sperm/Abnormal_Sperm (923).bmp,test,1,1.227257,1.316174,-2.543436
smids/Abnormal_Sperm/Abnormal_Sperm (93).bmp,test,1,-0.328690,3.097990,-2.769297
smids/Abnormal_Sperm/Abnormal_Sperm (931).bmp,test,1,2.089283,0.086216,-2.175500
smids/Abnormal_Sperm/Abnormal_Sperm (932).bmp,test,1,0.941818,1.498320,-2.440138
smids/Abnormal_Sperm/Abnormal_Sperm (933).bmp,test,1,3.316585,1.977836,-5.294418
smids/Abnormal_Sperm/Abnormal_Sperm (937).bmp,test,1,-0.760054,-0.321460,1.081511
smids/Abnormal_Sperm/Abnormal_Sperm (940).bmp,test,1,-2.315304,0.866222,1.449077
smids/Abnormal_Sperm/Abnormal_Sperm (942).bmp,test,1,1.415540,0.302967,-1.718506
smids/Abnormal_Sperm/Abnormal_Sperm (950).bmp,test,1,0.452751,1.689558,-2.142310
smids/Abnormal_Sperm/Abnormal_Sperm (972).bmp,test,1,-1.900430,2.193642,-0.293216
smids/Abnormal_Sperm/Abnormal_Sperm (978).bmp,test,1,0.308428,2.666278,-2.974706
smids/Abnormal_Sperm/Abnormal_Sperm (985).bmp,test,1,-0.658856,2.304611,-1.645761
smids/Abnormal_Sperm/Abnormal_Sperm (988).bmp,test,1,-2.798736,4.886717,-2.087984
smids/Abnormal_Sperm/Abnormal_Sperm (993).bmp,test,1,-0.001989,1.968209,-1.966219
smids/Abnormal_Sperm/Abnormal_Sperm (998).bmp,test,1,-1.396438,2.453004,-1.056569
smids/Non-Sperm/Non-Sperm (106).bmp,test,2,-1.946991,-2.832199,4.779184
smids/Non-Sperm/Non-Sperm (112).bmp,test,2,-3.711080,-0.863960,4.575034
smids/Non-Sperm/Non-Sperm (113).bmp,test,2,-3.325999,-1.763436,5.089435
smids/Non-Sperm/Non-Sperm (115).bmp,test,2,-0.774558,-2.238466,3.013021
smids/Non-Sperm/Non-Sperm (118).bmp,test,2,-1.759021,-2.887825,4.646842
smids/Non-Sperm/Non-Sperm (12).bmp,test,2,-4.613303,-0.442445,5.055745
smids/Non-Sperm/Non-Sperm (120).bmp,test,2,-4.337277,-2.594934,6.932208
smids/Non-Sperm/Non-Sperm (13).bmp,test,2,-5.199192,-1.345548,6.544734
smids/Non-Sperm/Non-Sperm (130).bmp,test,2,-4.405042,-0.288004,4.693044
smids/Non-Sperm/Non-Sperm (131).bmp,test,2,-2.726961,-4.096169,6.823122
smids/Non-Sperm/Non-Sperm (144).bmp,test,2,-1.119830,-4.695590,5.815415
smids/Non-Sperm/Non-Sperm (145).bmp,test,2,-2.896016,-1.314097,4.210108
smids/Non-Sperm/Non-Sperm (153).bmp,test,2,-0.553491,-5.348889,5.902376
smids/Non-Sperm/Non-Sperm (160).bmp,test,2,-2.304516,-2.758762,5.063273
smids/Non-Sperm/Non-Sperm (161).bmp,test,2,1.718120,-0.093883,-1.624240
smids/Non-Sperm/Non-Sperm (181).bmp,test,2,-0.392525,-1.560256,1.952779
smids/Non-Sperm/Non-Sperm (184).bmp,test,2,0.106318,-3.089233,2.982911
smids/Non-Sperm/Non-Sperm (185).bmp,test,2,-1.777768,1.055209,0.722555
smids/Non-Sperm/Non-Sperm (189).bmp,test,2,-0.087997,-2.880038,2.968031
smids/Non-Sperm/Non-Sperm (190).bmp,test,2,-3.162354,-0.143129,3.305480
smids/Non-Sperm/Non-Sperm (191).bmp,test,2,-1.594096,0.497311,1.096784
smids/Non-Sperm/Non-Sperm (193).bmp,test,2,-2.926015,-2.436667,5.362677
smids/Non-Sperm/Non-Sperm (197).bmp,test,2,-1.179776,-0.423951,1.603724
smids/Non-Sperm/Non-Sperm (20).bmp,test,2,-2.900294,2.761685,0.138605
smids/Non-Sperm/Non-Sperm (211).bmp,test,2,-1.372321,-1.544921,2.917238
smids/Non-Sperm/Non-Sperm (214).bmp,test,2,-0.768166,-4.012204,4.780366
smids/Non-Sperm/Non-Sperm (220).bmp,test,2,-2.553346,-1.461553,4.014896
smids/Non-Sperm/Non-Sperm (231).bmp,test,2,-2.862673,-3.187264,6.049929
smids/Non-Sperm/Non-Sperm (234).bmp,test,2,-3.072392,-2.465379,5.537767
smids/Non-Sperm/Non-Sperm (237).bmp,test,2,-1.851091,-1.512343,3.363431
smids/Non-Sperm/Non-Sperm (238).bmp,test,2,-1.073085,-2.820209,3.893291
smids/Non-Sperm/Non-Sperm (240).bmp,test,2,-3.195579,-1.934549,5.130122
smids/Non-Sperm/Non-Sperm (244).bmp,test,2,-1.667212,-3.971584,5.638789
smids/Non-Sperm/Non-Sperm (250).bmp,test,2,-1.649528,-2.143452,3.792977
smids/Non-Sperm/Non-Sperm (253).bmp,test,2,-1.678148,-2.263291,3.941434
smids/Non-Sperm/Non-Sperm (254).bmp,test,2,-3.300591,-2.997622,6.298212
smids/Non-Sperm/Non-Sperm (255).bmp,test,2,-2.615092,-2.996452,5.611539
smids/Non-Sperm/Non-Sperm (267).bmp,test,2,-4.546022,-2.865253,7.411270
smids/Non-Sperm/Non-Sperm (273).bmp,test,2,-2.052023,-3.301041,5.353057
smids/Non-Sperm/Non-Sperm (288).bmp,test,2,-2.276570,-3.775935,6.052500
smids/Non-Sperm/Non-Sperm (298).bmp,test,2,-1.121403,-4.221856,5.343256
smids/Non-Sperm/Non-Sperm (300).bmp,test,2,-0.876276,-3.915331,4.791601
smids/Non-Sperm/Non-Sperm (301).bmp,test,2,-1.338443,-2.629235,3.967672
smids/Non-Sperm/Non-Sperm (304).bmp,test,2,-0.409689,-2.924983,3.334671
smids/Non-Sperm/Non-Sperm (305).bmp,test,2,-0.583445,-1.832339,2.415778
smids/Non-Sperm/Non-Sperm (309).bmp,test,2,0.647500,-1.350044,0.702542
smids/Non-Sperm/Non-Sperm (310).bmp,test,2,-0.546062,-3.398161,3.944220
smids/Non-Sperm/Non-Sperm (316).bmp,test,2,0.389037,-3.056980,2.667939
smids/Non-Sperm/Non-Sperm (318).bmp,test,2,-1.191905,-2.914119,4.106021
smids/Non-Sperm/Non-Sperm (319).bmp,test,2,-2.563612,-2.106233,4.669840
smids/Non-Sperm/Non-Sperm (330).bmp,test,2,-2.772827,0.564148,2.208675
smids/Non-Sperm/Non-Sperm (331).bmp,test,2,-1.028346,-4.342267,5.370610
smids/Non-Sperm/Non-Sperm (332).bmp,test,2,-2.395360,0.819580,1.575775
smids/Non-Sperm/Non-Sperm (340).bmp,test,2,-1.702075,0.159406,1.542667
smids/Non-Sperm/Non-Sperm (344).bmp,test,2,-1.116186,-1.474015,2.590199
smids/Non-Sperm/Non-Sperm (348).bmp,test,2,-2.535295,-1.515112,4.050405
smids/Non-Sperm/Non-Sperm (35).bmp,test,2,1.293903,0.359483,-1.653393
smids/Non-Sperm/Non-Sperm (352).bmp,test,2,-2.663194,-2.000508,4.663695
smids/Non-Sperm/Non-Sperm (355).bmp,test,2,-1.549013,1.426150,0.122861
smids/Non-Sperm/Non-Sperm (362).bmp,test,2,-2.450250,-2.870142,5.320385
smids/Non-Sperm/Non-Sperm (363).bmp,test,2,-3.017184,-0.937480,3.954659
smids/Non-Sperm/Non-Sperm (366).bmp,test,2,-0.763547,-1.883733,2.647276
smids/Non-Sperm/Non-Sperm (374).bmp,test,2,-3.115291,2.284215,0.831072
smids/Non-Sperm/Non-Sperm (377).bmp,test,2,-2.148083,-0.483561,2.631643
smids/Non-Sperm/Non-Sperm (384).bmp,test,2,-3.856519,0.433227,3.423288
smids/Non-Sperm/Non-Sperm (385).bmp,test,2,-1.259292,0.090860,1.168428
smids/Non-Sperm/Non-Sperm (389).bmp,test,2,-2.073278,-3.803876,5.877149
smids/Non-Sperm/Non-Sperm (390).bmp,test,2,-3.188225,-0.510060,3.698283
smids/Non-Sperm/Non-Sperm (391).bmp,test,2,-2.833486,0.580497,2.252984
smids/Non-Sperm/Non-Sperm (41).bmp,test,2,-2.937604,2.554902,0.382698
smids/Non-Sperm/Non-Sperm (42).bmp,test,2,-4.274690,0.306556,3.968130
smids/Non-Sperm/Non-Sperm (432).bmp,test,2,-2.826817,-2.099075,4.925889
smids/Non-Sperm/Non-Sperm (446).bmp,test,2,-2.340461,-3.456819,5.797275
smids/Non-Sperm/Non-Sperm (460).bmp,test,2,-0.921547,-3.387238,4.308781
smids/Non-Sperm/Non-Sperm (462).bmp,test,2,-2.321418,-1.948645,4.270058
smids/Non-Sperm/Non-Sperm (465).bmp,test,2,-2.221969,-1.177593,3.399558
smids/Non-Sperm/Non-Sperm (47).bmp,test,2,-0.669972,-1.055446,1.725415
smids/Non-Sperm/Non-Sperm (471).bmp,test,2,-0.495949,-5.256642,5.752591
smids/Non-Sperm/Non-Sperm (475).bmp,test,2,-1.535566,-3.643719,5.179283
smids/Non-Sperm/Non-Sperm (477).bmp,test,2,-2.101940,-1.669185,3.771123
smids/Non-Sperm/Non-Sperm (480).bmp,test,2,-2.904485,-2.770416,5.674900
smids/Non-Sperm/Non-Sperm (499).bmp,test,2,-1.421251,-4.112592,5.533840
smids/Non-Sperm/Non-Sperm (500).bmp,test,2,-3.239221,-3.350629,6.589844
smids/Non-Sperm/Non-Sperm (501).bmp,test,2,-2.083673,-4.146732,6.230400
smids/Non-Sperm/Non-Sperm (502).bmp,test,2,0.236074,-3.310091,3.074013
smids/Non-Sperm/Non-Sperm (509).bmp,test,2,-2.625792,-1.748410,4.374197
smids/Non-Sperm/Non-Sperm (524).bmp,test,2,-2.411478,-0.972311,3.383786
smids/Non-Sperm/Non-Sperm (532).bmp,test,2,-4.001895,-0.896991,4.898885
smids/Non-Sperm/Non-Sperm (533).bmp,test,2,-0.496638,-1.659630,2.156267
smids/Non-Sperm/Non-Sperm (535).bmp,test,2,-0.459498,-3.883937,4.343430
smids/Non-Sperm/Non-Sperm (536).bmp,test,2,-3.265467,-1.857529,5.122993
smids/Non-Sperm/Non-Sperm (539).bmp,test,2,-1.201933,-1.941262,3.143188
smids/Non-Sperm/Non-Sperm (540).bmp,test,2,-1.957044,-1.426530,3.383571
smids/Non-Sperm/Non-Sperm (547).bmp,test,2,-1.908496,-3.560382,5.468874
smids/Non-Sperm/Non-Sperm (548).bmp,test,2,-1.929025,-3.612020,5.541044
smids/Non-Sperm/Non-Sperm (55).bmp,test,2,-1.493831,1.620597,-0.126769
smids/Non-Sperm/Non-Sperm (554).bmp,test,2,-2.713086,0.430631,2.282453
smids/Non-Sperm/Non-Sperm (562).bmp,test,2,-2.442794,-1.465944,3.908736
smids/Non-Sperm/Non-Sperm (563).bmp,test,2,-1.505023,-2.477897,3.982916
smids/Non-Sperm/Non-Sperm (571).bmp,test,2,-3.424258,3.097176,0.327080
smids/Non-Sperm/Non-Sperm (575).bmp,test,2,-1.751087,-4.053317,5.804401
smids/Non-Sperm/Non-Sperm (576).bmp,test,2,-2.672183,1.163218,1.508960
smids/Non-Sperm/Non-Sperm (578).bmp,test,2,-1.323258,-1.610892,2.934146
smids/Non-Sperm/Non-Sperm (58).bmp,test,2,-3.121076,0.571053,2.550019
smids/Non-Sperm/Non-Sperm (587).bmp,test,2,-5.236451,1.507062,3.729387
smids/Non-Sperm/Non-Sperm (595).bmp,test,2,-2.041517,-2.966083,5.007598
smids/Non-Sperm/Non-Sperm (596).bmp,test,2,-2.831697,-0.411607,3.243298
smids/Non-Sperm/Non-Sperm (603).bmp,test,2,-3.857249,-0.119693,3.976938
smids/Non-Sperm/Non-Sperm (606).bmp,test,2,-1.905643,-3.517543,5.423181
smids/Non-Sperm/Non-Sperm (614).bmp,test,2,-1.463790,-2.016615,3.480406
smids/Non-Sperm/Non-Sperm (615).bmp,test,2,-5.527730,-1.400059,6.927784
smids/Non-Sperm/Non-Sperm (617).bmp,test,2,-0.681158,-3.917239,4.598396
smids/Non-Sperm/Non-Sperm (619).bmp,test,2,-1.814039,-0.038110,1.852148
smids/Non-Sperm/Non-Sperm (620).bmp,test,2,-2.563072,-2.666806,5.229876
smids/Non-Sperm/Non-Sperm (627).bmp,test,2,-3.589947,-2.673040,6.262981
smids/Non-Sperm/Non-Sperm (632).bmp,test,2,-4.036368,1.239051,2.797317
smids/Non-Sperm/Non-Sperm (638).bmp,test,2,-1.409056,-1.207570,2.616622
smids/Non-Sperm/Non-Sperm (641).bmp,test,2,-3.127896,-1.568833,4.696724
smids/Non-Sperm/Non-Sperm (648).bmp,test,2,-2.429983,-2.406051,4.836031
smids/Non-Sperm/Non-Sperm (650).bmp,test,2,-3.608563,0.041018,3.567543
smids/Non-Sperm/Non-Sperm (651).bmp,test,2,-1.392553,-3.318468,4.711016
smids/Non-Sperm/Non-Sperm (658).bmp,test,2,-3.202633,-0.660341,3.862968
smids/Non-Sperm/Non-Sperm (661).bmp,test,2,-2.653843,-2.106535,4.760377
smids/Non-Sperm/Non-Sperm (664).bmp,test,2,-3.919141,-0.559574,4.478712
smids/Non-Sperm/Non-Sperm (673).bmp,test,2,-3.482795,-2.068208,5.550998
smids/Non-Sperm/Non-Sperm (676).bmp,test,2,-4.357541,1.233392,3.124148
smids/Non-Sperm/Non-Sperm (68).bmp,test,2,-3.493426,-0.400442,3.893867
smids/Non-Sperm/Non-Sperm (685).bmp,test,2,-1.552284,-2.534690,4.086972
smids/Non-Sperm/Non-Sperm (688).bmp,test,2,-2.813715,-2.273218,5.086929
smids/Non-Sperm/Non-Sperm (69).bmp,test,2,-2.044750,-0.641104,2.685855
smids/Non-Sperm/Non-Sperm (691).bmp,test,2,-1.239271,-1.109647,2.348916
smids/Non-Sperm/Non-Sperm (692).bmp,test,2,-3.595778,-1.049808,4.645585
smids/Non-Sperm/Non-Sperm (700).bmp,test,2,-2.446145,-3.767072,6.213213
smids/Non-Sperm/Non-Sperm (701).bmp,test,2,-3.478912,-0.502863,3.981772
smids/Non-Sperm/Non-Sperm (705).bmp,test,2,-0.998299,0.418700,0.579596
smids/Non-Sperm/Non-Sperm (712).bmp,test,2,-1.945019,-2.815844,4.760864
smids/Non-Sperm/Non-Sperm (714).bmp,test,2,-2.441935,-1.585362,4.027295
smids/Non-Sperm/Non-Sperm (719).bmp,test,2,-0.877917,2.374820,-1.496904
smids/Non-Sperm/Non-Sperm (725).bmp,test,2,-2.273190,-0.177275,2.450465
smids/Non-Sperm/Non-Sperm (731).bmp,test,2,-2.750402,-1.909572,4.659968
smids/Non-Sperm/Non-Sperm (750).bmp,test,2,-0.341738,-2.383534,2.725268
smids/Non-Sperm/Non-Sperm (751).bmp,test,2,-1.454219,-2.518862,3.973080
smids/Non-Sperm/Non-Sperm (755).bmp,test,2,-3.407189,2.472205,0.934977
smids/Non-Sperm/Non-Sperm (756).bmp,test,2,-1.987337,-0.998896,2.986231
smids/Non-Sperm/Non-Sperm (764).bmp,test,2,-1.728527,-1.725005,3.453526
smids/Non-Sperm/Non-Sperm (769).bmp,test,2,-1.558149,-1.853928,3.412071
smids/Non-Sperm/Non-Sperm (77).bmp,test,2,-3.710475,2.058212,1.652260
smids/Non-Sperm/Non-Sperm (771).bmp,test,2,-0.326899,-2.915326,3.242224
smids/Non-Sperm/Non-Sperm (789).bmp,test,2,-1.599447,-2.545600,4.145041
smids/Non-Sperm/Non-Sperm (79).bmp,test,2,-5.085267,0.670185,4.415084
smids/Non-Sperm/Non-Sperm (795).bmp,test,2,-0.433597,-2.139280,2.572870
smids/Non-Sperm/Non-Sperm (810).bmp,test,2,-2.509875,-1.921633,4.431502
smids/Non-Sperm/Non-Sperm (813).bmp,test,2,-0.614655,-2.208563,2.823210
smids/Non-Sperm/Non-Sperm (816).bmp,test,2,-0.902779,-0.828621,1.731394
smids/Non-Sperm/Non-Sperm (817).bmp,test,2,0.300299,-2.368701,2.068400
smids/Non-Sperm/Non-Sperm (821).bmp,test,2,-1.322191,-0.574084,1.896273
smids/Non-Sperm/Non-Sperm (822).bmp,test,2,-4.008642,-1.605330,5.613966
smids/Non-Sperm/Non-Sperm (828).bmp,test,2,-4.852907,-2.097221,6.950124
smids/Non-Sperm/Non-Sperm (834).bmp,test,2,2.257005,-0.729621,-1.527387
smids/Non-Sperm/Non-Sperm (836).bmp,test,2,-1.449329,0.728643,0.720683
smids/Non-Sperm/Non-Sperm (844).bmp,test,2,-2.990047,1.229779,1.760265
smids/Non-Sperm/Non-Sperm (848).bmp,test,2,-3.396390,-3.455873,6.852262
smids/Non-Sperm/Non-Sperm (857).bmp,test,2,-4.603192,2.647410,1.955786
smids/Non-Sperm/Non-Sperm (860).bmp,test,2,-2.713057,-1.789955,4.503010
smids/Non-Sperm/Non-Sperm (861).bmp,test,2,-3.913562,-0.169832,4.083395
smids/Non-Sperm/Non-Sperm (863).bmp,test,2,-4.715389,-0.045723,4.761109
smids/Non-Sperm/Non-Sperm (866).bmp,test,2,-2.959718,0.091537,2.868186
smids/Non-Sperm/Non-Sperm (871).bmp,test,2,-4.151458,-0.709290,4.860749
smids/Non-Sperm/Non-Sperm (872).bmp,test,2,-4.089448,0.944479,3.144972
smids/Non-Sperm/Non-Sperm (876).bmp,test,2,-0.281292,0.148336,0.132955
smids/Non-Sperm/Non-Sperm (879).bmp,test,2,-5.391693,1.757174,3.634515
smids/Non-Sperm/Non-Sperm (88).bmp,test,2,-2.727485,1.153720,1.573761
smids/Non-Sperm/Non-Sperm (880).bmp,test,2,-3.797870,0.903640,2.894226
smids/Non-Sperm/Non-Sperm (882).bmp,test,2,-2.342928,-1.075197,3.418120
smids/Non-Sperm/Non-Sperm (886).bmp,test,2,-5.592560,0.722548,4.870011
smids/Non-Sperm/Non-Sperm (888).bmp,test,2,-3.691788,-0.037716,3.729503
smids/Non-Sperm/Non-Sperm (900).bmp,test,2,-0.107531,-0.257956,0.365483
smids/Non-Sperm/Non-Sperm (903).bmp,test,2,-1.454335,1.292112,0.162221
smids/Non-Sperm/Non-Sperm (918).bmp,test,2,-1.057496,-0.202281,1.259773
smids/Non-Sperm/Non-Sperm (920).bmp,test,2,-5.619435,0.229060,5.390375
smids/Non-Sperm/Non-Sperm (922).bmp,test,2,-3.275874,-0.585284,3.861157
smids/Non-Sperm/Non-Sperm (923).bmp,test,2,-0.524621,-2.893294,3.417911
smids/Non-Sperm/Non-Sperm (924).bmp,test,2,2.204889,-1.175200,-1.029689
smids/Non-Sperm/Non-Sperm (928).bmp,test,2,-2.197683,1.049885,1.147793
smids/Non-Sperm/Non-Sperm (934).bmp,test,2,0.373155,-2.762026,2.388868
smids/Non-Sperm/Non-Sperm (936).bmp,test,2,-2.172004,-1.730049,3.902053
smids/Non-Sperm/Non-Sperm (937).bmp,test,2,-4.596610,1.455538,3.141070
smids/Non-Sperm/Non-Sperm (947).bmp,test,2,-1.235574,0.662453,0.573116
smids/Non-Sperm/Non-Sperm (953).bmp,test,2,-3.821336,1.355453,2.465882
smids/Non-Sperm/Non-Sperm (961).bmp,test,2,-2.322335,0.734883,1.587451
smids/Non-Sperm/Non-Sperm (962).bmp,test,2,-0.783714,0.728039,0.055672
smids/Non-Sperm/Non-Sperm (966).bmp,test,2,2.140853,0.539246,-2.680100
smids/Non-Sperm/Non-Sperm (970).bmp,test,2,-1.841238,-2.368376,4.209612
smids/Non-Sperm/Non-Sperm (971).bmp,test,2,0.025610,-2.174469,2.148855
smids/Normal_Sperm/Normal_Sperm (100).bmp,test,0,2.073497,-0.055326,-2.018170
smids/Normal_Sperm/Normal_Sperm (1005).bmp,test,0,2.074239,3.463247,-5.537485
smids/Normal_Sperm/Normal_Sperm (1007).bmp,test,0,0.093316,2.873907,-2.967225
smids/Normal_Sperm/Normal_Sperm (1021).bmp,test,0,0.630620,-0.413718,-0.216904
smids/Normal_Sperm/Normal_Sperm (108).bmp,test,0,2.222105,-0.020770,-2.201337
smids/Normal_Sperm/Normal_Sperm (110).bmp,test,0,2.298281,-1.359313,-0.938970
smids/Normal_Sperm/Normal_Sperm (111).bmp,test,0,1.972455,0.344838,-2.317296
smids/Normal_Sperm/Normal_Sperm (117).bmp,test,0,4.363482,0.220901,-4.584387
smids/Normal_Sperm/Normal_Sperm (133).bmp,test,0,-0.198850,2.870517,-2.671666
smids/Normal_Sperm/Normal_Sperm (135).bmp,test,0,0.239167,3.161578,-3.400743
smids/Normal_Sperm/Normal_Sperm (136).bmp,test,0,3.286942,3.126860,-6.413799
smids/Normal_Sperm/Normal_Sperm (138).bmp,test,0,1.549533,1.340176,-2.889702
smids/Normal_Sperm/Normal_Sperm (139).bmp,test,0,1.866225,1.419726,-3.285948
smids/Normal_Sperm/Normal_Sperm (14).bmp,test,0,1.083768,0.053271,-1.137044
smids/Normal_Sperm/Normal_Sperm (141).bmp,test,0,2.383339,2.092679,-4.476015
smids/Normal_Sperm/Normal_Sperm (143).bmp,test,0,1.865957,1.447171,-3.313123
smids/Normal_Sperm/Normal_Sperm (145).bmp,test,0,3.701139,2.125558,-5.826695
smids/Normal_Sperm/Normal_Sperm (16).bmp,test,0,-0.709734,0.144712,0.565016
smids/Normal_Sperm/Normal_Sperm (162).bmp,test,0,3.492827,0.391014,-3.883840
smids/Normal_Sperm/Normal_Sperm (168).bmp,test,0,3.600059,-1.701743,-1.898319
smids/Normal_Sperm/Normal_Sperm (172).bmp,test,0,2.375170,0.008822,-2.383993
smids/Normal_Sperm/Normal_Sperm (174).bmp,test,0,3.467738,-0.292604,-3.175134
smids/Normal_Sperm/Normal_Sperm (176).bmp,test,0,4.796207,-0.539762,-4.256446
smids/Normal_Sperm/Normal_Sperm (182).bmp,test,0,0.960168,1.253515,-2.213684
smids/Normal_Sperm/Normal_Sperm (189).bmp,test,0,4.058519,-1.821683,-2.236841
smids/Normal_Sperm/Normal_Sperm (193).bmp,test,0,2.148602,-0.672123,-1.476484
smids/Normal_Sperm/Normal_Sperm (195).bmp,test,0,0.922124,0.368645,-1.290777
smids/Normal_Sperm/Normal_Sperm (197).bmp,test,0,2.455958,-0.069443,-2.386516
smids/Normal_Sperm/Normal_Sperm (2).bmp,test,0,4.740418,-1.497833,-3.242584
smids/Normal_Sperm/Normal_Sperm (207).bmp,test,0,2.570891,-0.316694,-2.254200
smids/Normal_Sperm/Normal_Sperm (211).bmp,test,0,1.739958,-1.197323,-0.542639
smids/Normal_Sperm/Normal_Sperm (212).bmp,test,0,2.048580,-1.768774,-0.279807
smids/Normal_Sperm/Normal_Sperm (22).bmp,test,0,1.091086,0.240911,-1.331999
smids/Normal_Sperm/Normal_Sperm (220).bmp,test,0,3.702797,-0.094942,-3.607857
smids/Normal_Sperm/Normal_Sperm (227).bmp,test,0,1.311198,-0.380597,-0.930600
smids/Normal_Sperm/Normal_Sperm (23).bmp,test,0,0.846563,-2.084666,1.238095
smids/Normal_Sperm/Normal_Sperm (230).bmp,test,0,2.915918,1.339251,-4.255171
smids/Normal_Sperm/Normal_Sperm (236).bmp,test,0,-0.860318,-0.067050,0.927363
smids/Normal_Sperm/Normal_Sperm (238).bmp,test,0,1.207664,2.972851,-4.180516
smids/Normal_Sperm/Normal_Sperm (24).bmp,test,0,3.629088,-1.340606,-2.288482
smids/Normal_Sperm/Normal_Sperm (245).bmp,test,0,3.126961,0.724129,-3.851092
smids/Normal_Sperm/Normal_Sperm (263).bmp,test,0,3.306624,-0.908551,-2.398074
smids/Normal_Sperm/Normal_Sperm (274).bmp,test,0,3.484422,-1.740170,-1.744252
smids/Normal_Sperm/Normal_Sperm (276).bmp,test,0,2.625006,3.413020,-6.038027
smids/Normal_Sperm/Normal_Sperm (277).bmp,test,0,2.396476,-0.869994,-1.526485
smids/Normal_Sperm/Normal_Sperm (279).bmp,test,0,3.151272,0.219606,-3.370878
smids/Normal_Sperm/Normal_Sperm (28).bmp,test,0,-1.272645,-0.120775,1.393414
smids/Normal_Sperm/Normal_Sperm (285).bmp,test,0,1.864532,-0.214138,-1.650396
smids/Normal_Sperm/Normal_Sperm (286).bmp,test,0,0.250682,2.224811,-2.475493
smids/Normal_Sperm/Normal_Sperm (287).bmp,test,0,0.830752,-0.053894,-0.776858
smids/Normal_Sperm/Normal_Sperm (29).bmp,test,0,2.232850,-0.252151,-1.980704
smids/Normal_Sperm/Normal_Sperm (290).bmp,test,0,3.746483,-0.893885,-2.852597
smids/Normal_Sperm/Normal_Sperm (291).bmp,test,0,3.406967,0.866578,-4.273548
smids/Normal_Sperm/Normal_Sperm (292).bmp,test,0,1.161725,1.783927,-2.945649
smids/Normal_Sperm/Normal_Sperm (296).bmp,test,0,1.790552,0.565424,-2.355976
smids/Normal_Sperm/Normal_Sperm (306).bmp,test,0,2.790743,-0.176419,-2.614327
smids/Normal_Sperm/Normal_Sperm (31).bmp,test,0,1.044532,-1.410052,0.365518
smids/Normal_Sperm/Normal_Sperm (310).bmp,test,0,1.228831,0.167030,-1.395863
smids/Normal_Sperm/Normal_Sperm (318).bmp,test,0,2.978638,-0.308503,-2.670136
smids/Normal_Sperm/Normal_Sperm (320).bmp,test,0,-0.119342,0.186934,-0.067593
smids/Normal_Sperm/Normal_Sperm (321).bmp,test,0,3.263575,0.201023,-3.464598
smids/Normal_Sperm/Normal_Sperm (323).bmp,test,0,2.023695,1.069265,-3.092960
smids/Normal_Sperm/Normal_Sperm (329).bmp,test,0,-0.721431,1.806830,-1.085400
smids/Normal_Sperm/Normal_Sperm (333).bmp,test,0,3.554251,0.092824,-3.647077
smids/Normal_Sperm/Normal_Sperm (34).bmp,test,0,3.931357,-3.080722,-0.850637
smids/Normal_Sperm/Normal_Sperm (341).bmp,test,0,5.838838,-0.220331,-5.618506
smids/Normal_Sperm/Normal_Sperm (343).bmp,test,0,2.340776,-1.399937,-0.940843
smids/Normal_Sperm/Normal_Sperm (347).bmp,test,0,1.881508,-0.630645,-1.250865
smids/Normal_Sperm/Normal_Sperm (351).bmp,test,0,0.534796,0.485234,-1.020032
smids/Normal_Sperm/Normal_Sperm (360).bmp,test,0,4.778913,0.428991,-5.207905
smids/Normal_Sperm/Normal_Sperm (365).bmp,test,0,2.899886,0.817682,-3.717569
smids/Normal_Sperm/Normal_Sperm (369).bmp,test,0,3.647902,-2.746636,-0.901271
smids/Normal_Sperm/Normal_Sperm (376).bmp,test,0,3.603704,-0.719779,-2.883928
smids/Normal_Sperm/Normal_Sperm (385).bmp,test,0,2.474844,0.209312,-2.684157
smids/Normal_Sperm/Normal_Sperm (39).bmp,test,0,3.062420,-0.694892,-2.367532
smids/Normal_Sperm/Normal_Sperm (393).bmp,test,0,1.716240,1.582284,-3.298522
smids/Normal_Sperm/Normal_Sperm (40).bmp,test,0,1.514947,-2.385991,0.871040
smids/Normal_Sperm/Normal_Sperm (406).bmp,test,0,1.066513,0.196329,-1.262845
smids/Normal_Sperm/Normal_Sperm (413).bmp,test,0,1.756524,0.529403,-2.285927
smids/Normal_Sperm/Normal_Sperm (420).bmp,test,0,1.954606,1.930107,-3.884715
smids/Normal_Sperm/Normal_Sperm (43).bmp,test,0,-1.260592,0.395020,0.865567
smids/Normal_Sperm/Normal_Sperm (435).bmp,test,0,3.491410,-1.101972,-2.389440
smids/Normal_Sperm/Normal_Sperm (438).bmp,test,0,3.032952,0.448184,-3.481134
smids/Normal_Sperm/Normal_Sperm (441).bmp,test,0,0.961225,2.306988,-3.268216
smids/Normal_Sperm/Normal_Sperm (466).bmp,test,0,2.187016,-1.064855,-1.122162
smids/Normal_Sperm/Normal_Sperm (47).bmp,test,0,0.010073,-2.941805,2.931727
smids/Normal_Sperm/Normal_Sperm (471).bmp,test,0,5.298990,-0.160431,-5.138558
smids/Normal_Sperm/Normal_Sperm (475).bmp,test,0,3.904721,-1.264736,-2.639985
smids/Normal_Sperm/Normal_Sperm (476).bmp,test,0,2.830156,2.236237,-5.066395
smids/Normal_Sperm/Normal_Sperm (478).bmp,test,0,3.241252,-0.562126,-2.679124
smids/Normal_Sperm/Normal_Sperm (484).bmp,test,0,3.491567,-0.657592,-2.833977
smids/Normal_Sperm/Normal_Sperm (489).bmp,test,0,2.923867,0.321270,-3.245137
smids/Normal_Sperm/Normal_Sperm (493).bmp,test,0,2.202270,0.781475,-2.983745
smids/Normal_Sperm/Normal_Sperm (494).bmp,test,0,2.927545,1.057747,-3.985289
smids/Normal_Sperm/Normal_Sperm (496).bmp,test,0,3.714351,-1.207260,-2.507095
smids/Normal_Sperm/Normal_Sperm (507).bmp,test,0,4.055128,-0.238552,-3.816576
smids/Normal_Sperm/Normal_Sperm (509).bmp,test,0,-0.559291,0.179383,0.379906
smids/Normal_Sperm/Normal_Sperm (510).bmp,test,0,4.434788,0.102098,-4.536889
smids/Normal_Sperm/Normal_Sperm (511).bmp,test,0,3.437813,-0.335589,-3.102225
smids/Normal_Sperm/Normal_Sperm (518).bmp,test,0,4.651115,-1.831817,-2.819298
smids/Normal_Sperm/Normal_Sperm (519).bmp,test,0,2.040020,-0.193196,-1.846825
smids/Normal_Sperm/Normal_Sperm (537).bmp,test,0,3.949283,-0.870995,-3.078291
smids/Normal_Sperm/Normal_Sperm (538).bmp,test,0,2.905451,1.312204,-4.217655
smids/Normal_Sperm/Normal_Sperm (545).bmp,test,0,3.801539,-0.404583,-3.396959
smids/Normal_Sperm/Normal_Sperm (548).bmp,test,0,2.524624,-0.270756,-2.253869
smids/Normal_Sperm/Normal_Sperm (550).bmp,test,0,3.766150,-0.201248,-3.564901
smids/Normal_Sperm/Normal_Sperm (553).bmp,test,0,3.974199,-0.480890,-3.493305
smids/Normal_Sperm/Normal_Sperm (554).bmp,test,0,5.442896,-1.857850,-3.585046
smids/Normal_Sperm/Normal_Sperm (557).bmp,test,0,3.312407,0.491465,-3.803877
smids/Normal_Sperm/Normal_Sperm (564).bmp,test,0,1.934386,0.121481,-2.055868
smids/Normal_Sperm/Normal_Sperm (571).bmp,test,0,3.444914,0.105412,-3.550328
smids/Normal_Sperm/Normal_Sperm (573).bmp,test,0,2.508203,1.818572,-4.326778
smids/Normal_Sperm/Normal_Sperm (576).bmp,test,0,2.798574,0.108733,-2.907312
smids/Normal_Sperm/Normal_Sperm (577).bmp,test,0,2.420106,-0.411973,-2.008134
smids/Normal_Sperm/Normal_Sperm (58).bmp,test,0,0.264044,2.210316,-2.474362
smids/Normal_Sperm/Normal_Sperm (580).bmp,test,0,3.063311,-0.802992,-2.260321
smids/Normal_Sperm/Normal_Sperm (581).bmp,test,0,1.141968,1.009807,-2.151775
smids/Normal_Sperm/Normal_Sperm (582).bmp,test,0,3.657983,2.456440,-6.114426
smids/Normal_Sperm/Normal_Sperm (584).bmp,test,0,4.589403,1.336398,-5.925801
smids/Normal_Sperm/Normal_Sperm (585).bmp,test,0,4.624546,1.266533,-5.891081
smids/Normal_Sperm/Normal_Sperm (596).bmp,test,0,4.111359,1.188833,-5.300194
smids/Normal_Sperm/Normal_Sperm (608).bmp,test,0,5.362814,0.249189,-5.612003
smids/Normal_Sperm/Normal_Sperm (622).bmp,test,0,1.563398,1.766745,-3.330144
smids/Normal_Sperm/Normal_Sperm (625).bmp,test,0,5.278369,-0.938576,-4.339791
smids/Normal_Sperm/Normal_Sperm (626).bmp,test,0,2.322813,0.536925,-2.859737
smids/Normal_Sperm/Normal_Sperm (636).bmp,test,0,4.928462,0.436094,-5.364556
smids/Normal_Sperm/Normal_Sperm (638).bmp,test,0,3.995474,0.682932,-4.678405
smids/Normal_Sperm/Normal_Sperm (639).bmp,test,0,4.166350,0.471423,-4.637776
smids/Normal_Sperm/Normal_Sperm (643).bmp,test,0,1.182463,1.926360,-3.108826
smids/Normal_Sperm/Normal_Sperm (645).bmp,test,0,3.387753,-0.192346,-3.195410
smids/Normal_Sperm/Normal_Sperm (651).bmp,test,0,3.573709,0.514369,-4.088078
smids/Normal_Sperm/Normal_Sperm (652).bmp,test,0,1.550168,2.618222,-4.168390
smids/Normal_Sperm/Normal_Sperm (653).bmp,test,0,3.178164,0.915194,-4.093360
smids/Normal_Sperm/Normal_Sperm (660).bmp,test,0,3.650849,1.292823,-4.943676
smids/Normal_Sperm/Normal_Sperm (663).bmp,test,0,4.448247,0.923928,-5.372179
smids/Normal_Sperm/Normal_Sperm (667).bmp,test,0,3.948177,0.527570,-4.475748
smids/Normal_Sperm/Normal_Sperm (686).bmp,test,0,1.254139,0.399135,-1.653275
smids/Normal_Sperm/Normal_Sperm (699).bmp,test,0,3.099613,0.216883,-3.316495
smids/Normal_Sperm/Normal_Sperm (7).bmp,test,0,4.122206,-0.033904,-4.088308
smids/Normal_Sperm/Normal_Sperm (701).bmp,test,0,5.389852,0.644040,-6.033892
smids/Normal_Sperm/Normal_Sperm (709).bmp,test,0,1.853447,-0.963739,-0.889711
smids/Normal_Sperm/Normal_Sperm (71).bmp,test,0,3.928603,0.216899,-4.145503
smids/Normal_Sperm/Normal_Sperm (715).bmp,test,0,-1.231147,-0.104500,1.335647
smids/Normal_Sperm/Normal_Sperm (728).bmp,test,0,0.320929,2.571166,-2.892100
smids/Normal_Sperm/Normal_Sperm (736).bmp,test,0,5.110176,-1.486991,-3.623188
smids/Normal_Sperm/Normal_Sperm (737).bmp,test,0,5.413915,-2.074093,-3.339820
smids/Normal_Sperm/Normal_Sperm (745).bmp,test,0,3.172326,1.252316,-4.424642
smids/Normal_Sperm/Normal_Sperm (749).bmp,test,0,4.557642,-0.536069,-4.021575
smids/Normal_Sperm/Normal_Sperm (753).bmp,test,0,1.675180,0.203514,-1.878697
smids/Normal_Sperm/Normal_Sperm (756).bmp,test,0,4.301153,-1.331891,-2.969264
smids/Normal_Sperm/Normal_Sperm (763).bmp,test,0,3.197495,0.103547,-3.301044
smids/Normal_Sperm/Normal_Sperm (766).bmp,test,0,4.124862,0.510308,-4.635173
smids/Normal_Sperm/Normal_Sperm (768).bmp,test,0,2.705152,-0.734366,-1.970793
smids/Normal_Sperm/Normal_Sperm (777).bmp,test,0,2.760687,-1.050437,-1.710254
smids/Normal_Sperm/Normal_Sperm (781).bmp,test,0,6.359368,-0.114593,-6.244775
smids/Normal_Sperm/Normal_Sperm (795).bmp,test,0,6.335728,-0.096142,-6.239585
smids/Normal_Sperm/Normal_Sperm (80).bmp,test,0,3.908005,-0.762277,-3.145730
smids/Normal_Sperm/Normal_Sperm (803).bmp,test,0,0.911982,-0.615512,-0.296476
smids/Normal_Sperm/Normal_Sperm (81).bmp,test,0,4.127627,-0.451121,-3.676511
smids/Normal_Sperm/Normal_Sperm (813).bmp,test,0,2.268296,-0.205658,-2.062640
smids/Normal_Sperm/Normal_Sperm (820).bmp,test,0,3.364979,-0.470031,-2.894949
smids/Normal_Sperm/Normal_Sperm (821).bmp,test,0,5.207031,-0.409711,-4.797321
smids/Normal_Sperm/Normal_Sperm (827).bmp,test,0,3.713171,-0.577716,-3.135457
smids/Normal_Sperm/Normal_Sperm (834).bmp,test,0,2.644494,1.094533,-3.739027
smids/Normal_Sperm/Normal_Sperm (838).bmp,test,0,4.317489,1.449503,-5.766995
smids/Normal_Sperm/Normal_Sperm (84).bmp,test,0,0.026832,0.832893,-0.859731
smids/Normal_Sperm/Normal_Sperm (844).bmp,test,0,2.319815,0.628602,-2.948416
smids/Normal_Sperm/Normal_Sperm (85).bmp,test,0,-0.090854,0.876179,-0.785328
smids/Normal_Sperm/Normal_Sperm (850).bmp,test,0,2.119839,0.271663,-2.391501
smids/Normal_Sperm/Normal_Sperm (851).bmp,test,0,-0.404097,2.053092,-1.648999
smids/Normal_Sperm/Normal_Sperm (858).bmp,test,0,5.018453,0.756035,-5.774487
smids/Normal_Sperm/Normal_Sperm (861).bmp,test,0,4.065774,0.099381,-4.165156
smids/Normal_Sperm/Normal_Sperm (863).bmp,test,0,-0.520145,0.985471,-0.465328
smids/Normal_Sperm/Normal_Sperm (864).bmp,test,0,2.426491,-0.811840,-1.614655
smids/Normal_Sperm/Normal_Sperm (87).bmp,test,0,1.658085,2.879039,-4.537122
smids/Normal_Sperm/Normal_Sperm (885).bmp,test,0,4.355142,1.553454,-5.908596
smids/Normal_Sperm/Normal_Sperm (891).bmp,test,0,2.063933,0.862846,-2.926783
smids/Normal_Sperm/Normal_Sperm (895).bmp,test,0,2.746808,2.374845,-5.121656
smids/Normal_Sperm/Normal_Sperm (896).bmp,test,0,1.513663,1.366743,-2.880410
smids/Normal_Sperm/Normal_Sperm (897).bmp,test,0,1.783738,1.107316,-2.891058
smids/Normal_Sperm/Normal_Sperm (900).bmp,test,0,4.422688,-2.302941,-2.119747
smids/Normal_Sperm/Normal_Sperm (904).bmp,test,0,5.406270,1.126176,-6.532447
smids/Normal_Sperm/Normal_Sperm (907).bmp,test,0,-0.200448,2.833088,-2.632643
smids/Normal_Sperm/Normal_Sperm (909).bmp,test,0,1.570948,2.176885,-3.747832
smids/Normal_Sperm/Normal_Sperm (916).bmp,test,0,1.572752,2.432941,-4.005695
smids/Normal_Sperm/Normal_Sperm (922).bmp,test,0,2.159939,2.134389,-4.294327
smids/Normal_Sperm/Normal_Sperm (923).bmp,test,0,3.099209,2.098332,-5.197544
smids/Normal_Sperm/Normal_Sperm (926).bmp,test,0,2.147812,1.174405,-3.322215
smids/Normal_Sperm/Normal_Sperm (929).bmp,test,0,4.715863,1.705918,-6.421783
smids/Normal_Sperm/Normal_Sperm (93).bmp,test,0,4.554809,-3.219119,-1.335691
smids/Normal_Sperm/Normal_Sperm (932).bmp,test,0,3.488004,1.582955,-5.070962
smids/Normal_Sperm/Normal_Sperm (942).bmp,test,0,1.904012,0.939228,-2.843242
smids/Normal_Sperm/Normal_Sperm (957).bmp,test,0,1.191822,4.594477,-5.786298
smids/Normal_Sperm/Normal_Sperm (962).bmp,test,0,-1.862994,1.742717,0.120271
smids/Normal_Sperm/Normal_Sperm (964).bmp,test,0,4.407278,-0.287073,-4.120206
smids/Normal_Sperm/Normal_Sperm (965).bmp,test,0,5.101837,0.186191,-5.288026
smids/Normal_Sperm/Normal_Sperm (969).bmp,test,0,0.717848,-0.350832,-0.367021
smids/Normal_Sperm/Normal_Sperm (986).bmp,test,0,3.263076,-1.281444,-1.981636
smids/Normal_Sperm/Normal_Sperm (989).bmp,test,0,0.921505,-1.036189,0.114681
smids/Normal_Sperm/Normal_Sperm (992).bmp,test,0,1.727425,-1.381648,-0.345778
smids/Normal_Sperm/Normal_Sperm (995).bmp,test,0,1.373389,-1.336514,-0.036878
