image_id,role,label_idx,logit_0,logit_1,logit_2
smids/Abnormal_Sperm/Abnormal_Sperm (1004).bmp,val,1,-0.778417,1.598580,-0.820164
smids/Abnormal_Sperm/Abnormal_Sperm (101).bmp,val,1,-1.382527,1.657353,-0.274826
smids/Abnormal_Sperm/Abnormal_Sperm (113).bmp,val,1,-1.712186,1.274001,0.438184
smids/Abnormal_Sperm/Abnormal_Sperm (125).bmp,val,1,-0.314232,1.768318,-1.454085
smids/Abnormal_Sperm/Abnormal_Sperm (142).bmp,val,1,0.345762,1.414475,-1.760237
smids/Abnormal_Sperm/Abnormal_Sperm (147).bmp,val,1,-0.632751,2.509940,-1.877188
smids/Abnormal_Sperm/Abnormal_Sperm (148).bmp,val,1,-0.907671,1.559798,-0.652128
smids/Abnormal_Sperm/Abnormal_Sperm (155).bmp,val,1,-0.320807,2.041431,-1.720625
smids/Abnormal_Sperm/Abnormal_Sperm (162).bmp,val,1,-1.127133,1.188628,-0.061493
smids/Abnormal_Sperm/Abnormal_Sperm (170).bmp,val,1,-1.482025,1.676225,-0.194201
smids/Abnormal_Sperm/Abnormal_Sperm (179).bmp,val,1,0.714836,2.546621,-3.261457
smids/Abnormal_Sperm/Abnormal_Sperm (187).bmp,val,1,0.687478,2.388352,-3.075830
smids/Abnormal_Sperm/Abnormal_Sperm (191).bmp,val,1,1.452566,1.465198,-2.917761
smids/Abnormal_Sperm/Abnormal_Sperm (204).bmp,val,1,-1.228906,2.432338,-1.203432
smids/Abnormal_Sperm/Abnormal_Sperm (206).bmp,val,1,-0.861349,1.136658,-0.275306
smids/Abnormal_Sperm/Abnormal_Sperm (217).bmp,val,1,-0.545577,2.919873,-2.374297
smids/Abnormal_Sperm/Abnormal_Sperm (218).bmp,val,1,1.693472,2.691586,-4.385058
smids/Abnormal_Sperm/Abnormal_Sperm (222).bmp,val,1,-1.198498,1.945721,-0.747223
smids/Abnormal_Sperm/Abnormal_Sperm (225).bmp,val,1,1.134711,2.044219,-3.178930
smids/Abnormal_Sperm/Abnormal_Sperm (226).bmp,val,1,-0.893941,1.135235,-0.241294
smids/Abnormal_Sperm/Abnormal_Sperm (236).bmp,val,1,1.143935,1.585966,-2.729902
smids/Abnormal_Sperm/Abnormal_Sperm (239).bmp,val,1,1.404875,2.252351,-3.657228
smids/Abnormal_Sperm/Abnormal_Sperm (246).bmp,val,1,0.502689,1.239960,-1.742650
smids/Abnormal_Sperm/Abnormal_Sperm (251).bmp,val,1,0.612000,1.915798,-2.527795
smids/Abnormal_Sperm/Abnormal_Sperm (258).bmp,val,1,-1.037775,2.833153,-1.795377
smids/Abnormal_Sperm/Abnormal_Sperm (261).bmp,val,1,1.309438,0.709749,-2.019185
smids/Abnormal_Sperm/Abnormal_Sperm (271).bmp,val,1,-1.144869,3.157924,-2.013056
smids/Abnormal_Sperm/Abnormal_Sperm (281).bmp,val,1,0.057371,2.062154,-2.119524
smids/Abnormal_Sperm/Abnormal_Sperm (283).bmp,val,1,-0.895077,0.896040,-0.000962
smids/Abnormal_Sperm/Abnormal_Sperm (289).bmp,val,1,-0.338123,1.747754,-1.409631
smids/Abnormal_Sperm/Abnormal_Sperm (307).bmp,val,1,-0.266628,1.757892,-1.491263
smids/Abnormal_Sperm/Abnormal_Sperm (31).bmp,val,1,-0.619093,1.747383,-1.128292
smids/Abnormal_Sperm/Abnormal_Sperm (313).bmp,val,1,-0.473990,-1.133525,1.607513
smids/Abnormal_Sperm/Abnormal_Sperm (315).bmp,val,1,-1.819178,2.093727,-0.274548
smids/Abnormal_Sperm/Abnormal_Sperm (325).bmp,val,1,-1.240113,2.435390,-1.195275
smids/Abnormal_Sperm/Abnormal_Sperm (327).bmp,val,1,-2.495320,2.992025,-0.496706
smids/Abnormal_Sperm/Abnormal_Sperm (329).bmp,val,1,-0.615868,2.702486,-2.086620
smids/Abnormal_Sperm/Abnormal_Sperm (338).bmp,val,1,0.853666,1.849605,-2.703271
smids/Abnormal_Sperm/Abnormal_Sperm (348).bmp,val,1,0.861215,0.681781,-1.542995
smids/Abnormal_Sperm/Abnormal_Sperm (360).bmp,val,1,0.360305,1.098397,-1.458702
smids/Abnormal_Sperm/Abnormal_Sperm (361).bmp,val,1,-0.044489,0.758909,-0.714419
smids/Abnormal_Sperm/Abnormal_Sperm (363).bmp,val,1,0.007878,1.849917,-1.857794
smids/Abnormal_Sperm/Abnormal_Sperm (367).bmp,val,1,0.888905,1.755302,-2.644205
smids/Abnormal_Sperm/Abnormal_Sperm (374).bmp,val,1,-0.922490,3.838701,-2.916210
smids/Abnormal_Sperm/Abnormal_Sperm (382).bmp,val,1,-0.753145,1.424292,-0.671146
smids/Abnormal_Sperm/Abnormal_Sperm (39).bmp,val,1,-0.186787,2.150753,-1.963966
smids/Abnormal_Sperm/Abnormal_Sperm (398).bmp,val,1,-0.958506,1.424315,-0.465807
smids/Abnormal_Sperm/Abnormal_Sperm (399).bmp,val,1,-1.494284,2.691339,-1.197051
smids/Abnormal_Sperm/Abnormal_Sperm (400).bmp,val,1,-1.021464,1.759876,-0.738410
smids/Abnormal_Sperm/Abnormal_Sperm (413).bmp,val,1,-1.203745,2.728357,-1.524609
smids/Abnormal_Sperm/Abnormal_Sperm (418).bmp,val,1,-1.619405,2.508744,-0.889336
smids/Abnormal_Sperm/Abnormal_Sperm (422).bmp,val,1,-1.054658,1.267327,-0.212669
smids/Abnormal_Sperm/Abnormal_Sperm (456).bmp,val,1,0.190679,2.211413,-2.402094
smids/Abnormal_Sperm/Abnormal_Sperm (485).bmp,val,1,0.921663,2.966803,-3.888468
smids/Abnormal_Sperm/Abnormal_Sperm (487).bmp,val,1,2.403046,0.536182,-2.939229
smids/Abnormal_Sperm/Abnormal_Sperm (5).bmp,val,1,-0.716871,1.485792,-0.768921
smids/Abnormal_Sperm/Abnormal_Sperm (507).bmp,val,1,-2.105225,1.453003,0.652224
smids/Abnormal_Sperm/Abnormal_Sperm (514).bmp,val,1,1.523840,0.992669,-2.516508
smids/Abnormal_Sperm/Abnormal_Sperm (520).bmp,val,1,0.095269,0.707907,-0.803176
smids/Abnormal_Sperm/Abnormal_Sperm (538).bmp,val,1,-0.618242,0.874666,-0.256424
smids/Abnormal_Sperm/Abnormal_Sperm (544).bmp,val,1,-1.635977,1.802844,-0.166867
smids/Abnormal_Sperm/Abnormal_Sperm (546).bmp,val,1,1.448267,2.027065,-3.475335
smids/Abnormal_Sperm/Abnormal_Sperm (550).bmp,val,1,-1.464604,2.157613,-0.693009
smids/Abnormal_Sperm/Abnormal_Sperm (555).bmp,val,1,-0.005582,0.369941,-0.364358
smids/Abnormal_Sperm/Abnormal_Sperm (563).bmp,val,1,-0.300667,-0.252617,0.553285
smids/Abnormal_Sperm/Abnormal_Sperm (57).bmp,val,1,-0.806238,2.724347,-1.918110
smids/Abnormal_Sperm/Abnormal_Sperm (576).bmp,val,1,-1.488432,2.787451,-1.299017
smids/Abnormal_Sperm/Abnormal_Sperm (577).bmp,val,1,-0.386894,1.149599,-0.762704
smids/Abnormal_Sperm/Abnormal_Sperm (588).bmp,val,1,-0.893120,1.071470,-0.178352
smids/Abnormal_Sperm/Abnormal_Sperm (589).bmp,val,1,1.545648,-0.468672,-1.076977
smids/Abnormal_Sperm/Abnormal_Sperm (594).bmp,val,1,1.447754,2.344135,-3.791893
smids/Abnormal_Sperm/Abnormal_Sperm (606).bmp,val,1,2.760918,-0.570134,-2.190784
smids/Abnormal_Sperm/Abnormal_Sperm (614).bmp,val,1,0.645369,0.929885,-1.575253
smids/Abnormal_Sperm/Abnormal_Sperm (623).bmp,val,1,2.300573,1.097477,-3.398049
smids/Abnormal_Sperm/Abnormal_Sperm (626).bmp,val,1,-0.119896,1.278277,-1.158381
smids/Abnormal_Sperm/Abnormal_Sperm (650).bmp,val,1,1.122729,2.170778,-3.293505
smids/Abnormal_Sperm/Abnormal_Sperm (657).bmp,val,1,1.100206,1.552801,-2.653006
smids/Abnormal_Sperm/Abnormal_Sperm (669).bmp,val,1,-0.622608,1.220472,-0.597862
smids/Abnormal_Sperm/Abnormal_Sperm (68).bmp,val,1,-0.056713,1.963861,-1.907148
smids/Abnormal_Sperm/Abnormal_Sperm (680).bmp,val,1,-0.877750,1.727939,-0.850189
smids/Abnormal_Sperm/Abnormal_Sperm (693).bmp,val,1,-0.114463,0.809216,-0.694752
smids/Abnormal_Sperm/Abnormal_Sperm (694).bmp,val,1,-1.151825,1.201387,-0.049561
smids/Abnormal_Sperm/Abnormal_Sperm (703).bmp,val,1,0.565635,1.647024,-2.212659
smids/Abnormal_Sperm/Abnormal_Sperm (707).bmp,val,1,0.556759,1.678371,-2.235128
smids/Abnormal_Sperm/Abnormal_Sperm (712).bmp,val,1,0.049925,1.688432,-1.738356
smids/Abnormal_Sperm/Abnormal_Sperm (721).bmp,val,1,0.056714,0.516968,-0.573681
smids/Abnormal_Sperm/Abnormal_Sperm (722).bmp,val,1,0.949199,1.633223,-2.582422
smids/Abnormal_Sperm/Abnormal_Sperm (73).bmp,val,1,1.107085,0.929798,-2.036880
smids/Abnormal_Sperm/Abnormal_Sperm (734).bmp,val,1,1.357700,0.905514,-2.263212
smids/Abnormal_Sperm/Abnormal_Sperm (735).bmp,val,1,0.743581,-0.057175,-0.686404
smids/Abnormal_Sperm/Abnormal_Sperm (740).bmp,val,1,0.396722,2.891095,-3.287815
smids/Abnormal_Sperm/Abnormal_Sperm (741).bmp,val,1,2.370437,1.866740,-4.237176
smids/Abnormal_Sperm/Abnormal_Sperm (745).bmp,val,1,2.621358,1.616337,-4.237696
smids/Abnormal_Sperm/Abnormal_Sperm (764).bmp,val,1,1.537886,-0.430917,-1.106969
smids/Abnormal_Sperm/Abnormal_Sperm (774).bmp,val,1,4.203092,-0.219438,-3.983655
smids/Abnormal_Sperm/Abnormal_Sperm (777).bmp,val,1,1.444928,2.825192,-4.270119
smids/Abnormal_Sperm/Abnormal_Sperm (782).bmp,val,1,-0.315304,1.845852,-1.530547
smids/Abnormal_Sperm/Abnormal_Sperm (784).bmp,val,1,0.153366,2.148712,-2.302077
smids/Abnormal_Sperm/Abnormal_Sperm (786).bmp,val,1,1.174748,-0.033241,-1.141506
smids/Abnormal_Sperm/Abnormal_Sperm (79).bmp,val,1,-1.545014,0.793068,0.751948
smids/Abnormal_Sperm/Abnormal_Sperm (795).bmp,val,1,0.958462,0.374515,-1.332976
smids/Abnormal_Sperm/Abnormal_Sperm (808).bmp,val,1,1.547672,1.199365,-2.747034
smids/Abnormal_Sperm/Abnormal_Sperm (81).bmp,val,1,-0.031354,1.296551,-1.265196
smids/Abnormal_Sperm/Abnormal_Sperm (812).bmp,val,1,1.913502,1.641381,-3.554881
smids/Abnormal_Sperm/Abnormal_Sperm (815).bmp,val,1,1.269060,0.469355,-1.738415
smids/Abnormal_Sperm/Abnormal_Sperm (833).bmp,val,1,0.821586,1.844007,-2.665593
smids/Abnormal_Sperm/Abnormal_Sperm (835).bmp,val,1,-0.556740,1.937110,-1.380370
smids/Abnormal_Sperm/Abnormal_Sperm (843).bmp,val,1,0.206149,0.912643,-1.118793
smids/Abnormal_Sperm/Abnormal_Sperm (876).bmp,val,1,0.286541,1.324887,-1.611428
smids/Abnormal_Sperm/Abnormal_Sperm (91).bmp,val,1,0.891634,2.354228,-3.245864
smids/Abnormal_Sperm/Abnormal_Sperm (917).bmp,val,1,0.706655,0.391866,-1.098521
smids/Abnormal_Sperm/Abnormal_Sperm (919).bmp,val,1,0.293661,-0.175970,-0.117692
smids/Abnormal_Sperm/Abnormal_Sperm (931).bmp,val,1,2.060094,0.241297,-2.301392
smids/Abnormal_Sperm/Abnormal_Sperm (947).bmp,val,1,0.154059,1.543309,-1.697367
smids/Abnormal_Sperm/Abnormal_Sperm (959).bmp,val,1,0.081355,2.278641,-2.359997
smids/Abnormal_Sperm/Abnormal_Sperm (982).bmp,val,1,-0.280878,1.241955,-0.961075
smids/Abnormal_Sperm/Abnormal_Sperm (995).bmp,val,1,-1.274506,1.494502,-0.219994
smids/Non-Sperm/Non-Sperm (106).bmp,val,2,-0.757689,-1.918195,2.675884
smids/Non-Sperm/Non-Sperm (109).bmp,val,2,-1.239060,-1.887629,3.126690
smids/Non-Sperm/Non-Sperm (119).bmp,val,2,-1.813332,-1.382573,3.195905
smids/Non-Sperm/Non-Sperm (120).bmp,val,2,-2.076448,-1.600437,3.676887
smids/Non-Sperm/Non-Sperm (126).bmp,val,2,0.210278,-2.368842,2.158564
smids/Non-Sperm/Non-Sperm (134).bmp,val,2,-1.513357,-1.599770,3.113128
smids/Non-Sperm/Non-Sperm (140).bmp,val,2,-1.263520,-1.910005,3.173524
smids/Non-Sperm/Non-Sperm (145).bmp,val,2,-1.601783,0.452971,1.148808
smids/Non-Sperm/Non-Sperm (164).bmp,val,2,-1.324221,-1.750947,3.075168
smids/Non-Sperm/Non-Sperm (17).bmp,val,2,-2.419895,-0.173717,2.593611
smids/Non-Sperm/Non-Sperm (184).bmp,val,2,-0.343774,-1.920005,2.263780
smids/Non-Sperm/Non-Sperm (195).bmp,val,2,-0.803891,-0.401966,1.205858
smids/Non-Sperm/Non-Sperm (198).bmp,val,2,-1.611938,-1.375156,2.987093
smids/Non-Sperm/Non-Sperm (203).bmp,val,2,-1.058890,-2.036609,3.095501
smids/Non-Sperm/Non-Sperm (208).bmp,val,2,-1.592038,0.542800,1.049238
smids/Non-Sperm/Non-Sperm (225).bmp,val,2,-1.363865,-1.233980,2.597848
smids/Non-Sperm/Non-Sperm (241).bmp,val,2,-0.865793,-1.896085,2.761878
smids/Non-Sperm/Non-Sperm (244).bmp,val,2,-1.695948,-1.283227,2.979176
smids/Non-Sperm/Non-Sperm (246).bmp,val,2,-1.260405,-1.781689,3.042094
smids/Non-Sperm/Non-Sperm (247).bmp,val,2,-0.934007,-2.300335,3.234343
smids/Non-Sperm/Non-Sperm (250).bmp,val,2,-1.131715,-1.819166,2.950882
smids/Non-Sperm/Non-Sperm (252).bmp,val,2,-0.907695,-1.646471,2.554167
smids/Non-Sperm/Non-Sperm (254).bmp,val,2,-1.224473,-1.406270,2.630742
smids/Non-Sperm/Non-Sperm (255).bmp,val,2,-1.130508,-2.022304,3.152814
smids/Non-Sperm/Non-Sperm (26).bmp,val,2,-1.694985,2.391536,-0.696547
smids/Non-Sperm/Non-Sperm (279).bmp,val,2,-1.357849,-1.797385,3.155232
smids/Non-Sperm/Non-Sperm (28).bmp,val,2,-0.994518,3.645399,-2.650880
smids/Non-Sperm/Non-Sperm (281).bmp,val,2,-0.703735,-1.367706,2.071442
smids/Non-Sperm/Non-Sperm (282).bmp,val,2,-1.534666,-1.974804,3.509470
smids/Non-Sperm/Non-Sperm (289).bmp,val,2,-1.327190,-1.653413,2.980601
smids/Non-Sperm/Non-Sperm (319).bmp,val,2,-1.370459,-1.711573,3.082033
smids/Non-Sperm/Non-Sperm (326).bmp,val,2,-1.614764,-0.048436,1.663199
smids/Non-Sperm/Non-Sperm (327).bmp,val,2,0.233969,-0.435934,0.201967
smids/Non-Sperm/Non-Sperm (334).bmp,val,2,-0.915083,-1.052755,1.967836
smids/Non-Sperm/Non-Sperm (344).bmp,val,2,-1.393767,-1.185412,2.579179
smids/Non-Sperm/Non-Sperm (347).bmp,val,2,-1.012995,-1.916014,2.929008
smids/Non-Sperm/Non-Sperm (378).bmp,val,2,-1.057089,-2.098118,3.155207
smids/Non-Sperm/Non-Sperm (382).bmp,val,2,-0.329802,-2.331503,2.661305
smids/Non-Sperm/Non-Sperm (384).bmp,val,2,-1.162226,-0.345313,1.507538
smids/Non-Sperm/Non-Sperm (385).bmp,val,2,-1.047781,0.409176,0.638607
smids/Non-Sperm/Non-Sperm (388).bmp,val,2,-0.141198,-1.419274,1.560472
smids/Non-Sperm/Non-Sperm (390).bmp,val,2,-1.100680,-1.472301,2.572981
smids/Non-Sperm/Non-Sperm (416).bmp,val,2,-1.031139,0.355476,0.675663
smids/Non-Sperm/Non-Sperm (421).bmp,val,2,-1.028909,-1.314686,2.343592
smids/Non-Sperm/Non-Sperm (424).bmp,val,2,-0.724839,-1.852170,2.577009
smids/Non-Sperm/Non-Sperm (437).bmp,val,2,-0.969548,-1.680949,2.650497
smids/Non-Sperm/Non-Sperm (461).bmp,val,2,-1.456426,-0.874504,2.330932
smids/Non-Sperm/Non-Sperm (465).bmp,val,2,-2.887204,-0.298538,3.185738
smids/Non-Sperm/Non-Sperm (471).bmp,val,2,-1.759442,-0.636153,2.395595
smids/Non-Sperm/Non-Sperm (477).bmp,val,2,-1.655131,-1.676047,3.331177
smids/Non-Sperm/Non-Sperm (478).bmp,val,2,-0.591499,-1.169172,1.760668
smids/Non-Sperm/Non-Sperm (485).bmp,val,2,-0.084940,-2.554997,2.639936
smids/Non-Sperm/Non-Sperm (490).bmp,val,2,-1.706757,-0.011939,1.718696
smids/Non-Sperm/Non-Sperm (499).bmp,val,2,-1.597696,-2.300715,3.898412
smids/Non-Sperm/Non-Sperm (509).bmp,val,2,-1.154587,-1.531250,2.685838
smids/Non-Sperm/Non-Sperm (54).bmp,val,2,-0.873685,1.191621,-0.317935
smids/Non-Sperm/Non-Sperm (547).bmp,val,2,-2.055218,-1.777565,3.832782
smids/Non-Sperm/Non-Sperm (551).bmp,val,2,-2.245661,-1.482875,3.728535
smids/Non-Sperm/Non-Sperm (560).bmp,val,2,-1.708429,-1.913437,3.621865
smids/Non-Sperm/Non-Sperm (575).bmp,val,2,-1.784548,-1.293523,3.078070
smids/Non-Sperm/Non-Sperm (577).bmp,val,2,-1.219588,-1.557645,2.777232
smids/Non-Sperm/Non-Sperm (580).bmp,val,2,-0.567590,-1.903124,2.470713
smids/Non-Sperm/Non-Sperm (6).bmp,val,2,-1.850420,0.136078,1.714341
smids/Non-Sperm/Non-Sperm (62).bmp,val,2,-1.321667,1.619674,-0.298007
smids/Non-Sperm/Non-Sperm (626).bmp,val,2,-0.680540,-2.451312,3.131852
smids/Non-Sperm/Non-Sperm (627).bmp,val,2,-1.453147,-2.241126,3.694273
smids/Non-Sperm/Non-Sperm (63).bmp,val,2,0.280945,-1.479230,1.198287
smids/Non-Sperm/Non-Sperm (637).bmp,val,2,-2.462521,-0.049819,2.512342
smids/Non-Sperm/Non-Sperm (638).bmp,val,2,-1.561322,0.531268,1.030053
smids/Non-Sperm/Non-Sperm (641).bmp,val,2,-0.995047,-1.438213,2.433259
smids/Non-Sperm/Non-Sperm (65).bmp,val,2,-1.094730,0.295996,0.798735
smids/Non-Sperm/Non-Sperm (655).bmp,val,2,-0.958692,-1.529094,2.487787
smids/Non-Sperm/Non-Sperm (659).bmp,val,2,-2.131479,-0.271938,2.403415
smids/Non-Sperm/Non-Sperm (664).bmp,val,2,-2.311105,0.090707,2.220399
smids/Non-Sperm/Non-Sperm (675).bmp,val,2,-1.288401,-1.361077,2.649480
smids/Non-Sperm/Non-Sperm (679).bmp,val,2,-0.233227,-0.480797,0.714024
smids/Non-Sperm/Non-Sperm (684).bmp,val,2,-0.775774,-1.205815,1.981590
smids/Non-Sperm/Non-Sperm (691).bmp,val,2,-1.236545,-0.796445,2.032991
smids/Non-Sperm/Non-Sperm (697).bmp,val,2,-2.334111,-0.435417,2.769527
smids/Non-Sperm/Non-Sperm (699).bmp,val,2,-0.914332,-0.980997,1.895329
smids/Non-Sperm/Non-Sperm (718).bmp,val,2,-1.089094,-1.012857,2.101952
smids/Non-Sperm/Non-Sperm (719).bmp,val,2,-1.114954,0.592186,0.522765
smids/Non-Sperm/Non-Sperm (720).bmp,val,2,0.130600,-0.649945,0.519342
smids/Non-Sperm/Non-Sperm (735).bmp,val,2,-1.555761,-1.712185,3.267947
smids/Non-Sperm/Non-Sperm (738).bmp,val,2,-1.573362,-1.813371,3.386732
smids/Non-Sperm/Non-Sperm (751).bmp,val,2,-1.039175,-1.679160,2.718335
smids/Non-Sperm/Non-Sperm (752).bmp,val,2,-0.075713,-0.290721,0.366434
smids/Non-Sperm/Non-Sperm (76).bmp,val,2,-2.516448,2.042579,0.473868
smids/Non-Sperm/Non-Sperm (769).bmp,val,2,-1.699291,-1.614101,3.313393
smids/Non-Sperm/Non-Sperm (80).bmp,val,2,-1.209823,-1.463496,2.673320
smids/Non-Sperm/Non-Sperm (806).bmp,val,2,-1.059708,-1.278478,2.338187
smids/Non-Sperm/Non-Sperm (824).bmp,val,2,-2.078177,-1.837049,3.915227
smids/Non-Sperm/Non-Sperm (830).bmp,val,2,-0.634692,-1.898487,2.533180
smids/Non-Sperm/Non-Sperm (838).bmp,val,2,-1.063505,-0.876311,1.939813
smids/Non-Sperm/Non-Sperm (84).bmp,val,2,-1.363822,-1.871702,3.235524
smids/Non-Sperm/Non-Sperm (845).bmp,val,2,-0.171216,-1.272558,1.443775
smids/Non-Sperm/Non-Sperm (847).bmp,val,2,-1.123492,-2.252581,3.376074
smids/Non-Sperm/Non-Sperm (849).bmp,val,2,-1.332699,-1.528680,2.861378
smids/Non-Sperm/Non-Sperm (856).bmp,val,2,-0.117988,1.735643,-1.617654
smids/Non-Sperm/Non-Sperm (869).bmp,val,2,-0.948079,-1.267560,2.215639
smids/Non-Sperm/Non-Sperm (875).bmp,val,2,-1.313251,-1.352462,2.665712
smids/Non-Sperm/Non-Sperm (886).bmp,val,2,-1.199115,-1.422840,2.621955
smids/Non-Sperm/Non-Sperm (894).bmp,val,2,-1.598097,0.448120,1.149977
smids/Non-Sperm/Non-Sperm (904).bmp,val,2,0.299466,-0.690621,0.391156
smids/Non-Sperm/Non-Sperm (908).bmp,val,2,-1.377133,1.592740,-0.215606
smids/Non-Sperm/Non-Sperm (910).bmp,val,2,-1.744859,0.376548,1.368312
smids/Non-Sperm/Non-Sperm (912).bmp,val,2,0.309095,3.429841,-3.738936
smids/Non-Sperm/Non-Sperm (914).bmp,val,2,-3.497757,-0.460039,3.957794
smids/Non-Sperm/Non-Sperm (917).bmp,val,2,-1.109079,-0.777271,1.886350
smids/Non-Sperm/Non-Sperm (924).bmp,val,2,0.438788,-0.943767,0.504979
smids/Non-Sperm/Non-Sperm (926).bmp,val,2,-0.973685,-0.056737,1.030423
smids/Non-Sperm/Non-Sperm (93).bmp,val,2,-1.936477,-2.277491,4.213965
smids/Non-Sperm/Non-Sperm (941).bmp,val,2,-1.831619,-0.028166,1.859783
smids/Non-Sperm/Non-Sperm (949).bmp,val,2,-1.455211,-1.320144,2.775355
smids/Non-Sperm/Non-Sperm (950).bmp,val,2,0.007676,0.059753,-0.067430
smids/Non-Sperm/Non-Sperm (954).bmp,val,2,-0.167307,-1.639330,1.806639
smids/Non-Sperm/Non-Sperm (955).bmp,val,2,-0.617209,-0.836379,1.453588
smids/Normal_Sperm/Normal_Sperm (100).bmp,val,0,2.138332,-1.406456,-0.731876
smids/Normal_Sperm/Normal_Sperm (1009).bmp,val,0,1.447415,-0.482340,-0.965077
smids/Normal_Sperm/Normal_Sperm (1012).bmp,val,0,1.290200,-0.353829,-0.936370
smids/Normal_Sperm/Normal_Sperm (1016).bmp,val,0,1.078256,-0.027336,-1.050921
smids/Normal_Sperm/Normal_Sperm (1017).bmp,val,0,2.993147,-0.878461,-2.114687
smids/Normal_Sperm/Normal_Sperm (1020).bmp,val,0,-1.660058,0.556938,1.103122
smids/Normal_Sperm/Normal_Sperm (106).bmp,val,0,0.778143,-0.336260,-0.441883
smids/Normal_Sperm/Normal_Sperm (107).bmp,val,0,-0.318973,0.961936,-0.642967
smids/Normal_Sperm/Normal_Sperm (12).bmp,val,0,1.772460,-0.946798,-0.825663
smids/Normal_Sperm/Normal_Sperm (121).bmp,val,0,2.976349,2.186970,-5.163321
smids/Normal_Sperm/Normal_Sperm (124).bmp,val,0,2.672064,0.819091,-3.491158
smids/Normal_Sperm/Normal_Sperm (125).bmp,val,0,1.821843,0.625697,-2.447545
smids/Normal_Sperm/Normal_Sperm (126).bmp,val,0,2.563533,1.240052,-3.803584
smids/Normal_Sperm/Normal_Sperm (128).bmp,val,0,1.736115,1.686089,-3.422207
smids/Normal_Sperm/Normal_Sperm (13).bmp,val,0,0.140965,-0.266295,0.125330
smids/Normal_Sperm/Normal_Sperm (131).bmp,val,0,-0.060110,1.922364,-1.862257
smids/Normal_Sperm/Normal_Sperm (162).bmp,val,0,3.089830,-0.869970,-2.219860
smids/Normal_Sperm/Normal_Sperm (163).bmp,val,0,1.652747,-0.046846,-1.605902
smids/Normal_Sperm/Normal_Sperm (165).bmp,val,0,1.735379,-0.074293,-1.661085
smids/Normal_Sperm/Normal_Sperm (166).bmp,val,0,0.891139,0.313309,-1.204447
smids/Normal_Sperm/Normal_Sperm (167).bmp,val,0,2.548335,-0.342988,-2.205346
smids/Normal_Sperm/Normal_Sperm (185).bmp,val,0,2.692443,1.571797,-4.264239
smids/Normal_Sperm/Normal_Sperm (195).bmp,val,0,1.282545,0.253619,-1.536163
smids/Normal_Sperm/Normal_Sperm (20).bmp,val,0,-0.187286,-2.617671,2.804956
smids/Normal_Sperm/Normal_Sperm (203).bmp,val,0,0.373666,-0.007569,-0.366095
smids/Normal_Sperm/Normal_Sperm (205).bmp,val,0,2.354610,0.260103,-2.614712
smids/Normal_Sperm/Normal_Sperm (209).bmp,val,0,2.282116,1.178430,-3.460544
smids/Normal_Sperm/Normal_Sperm (210).bmp,val,0,3.129699,-0.893942,-2.235757
smids/Normal_Sperm/Normal_Sperm (216).bmp,val,0,1.362566,-0.111271,-1.251295
smids/Normal_Sperm/Normal_Sperm (220).bmp,val,0,1.293907,0.343003,-1.636909
smids/Normal_Sperm/Normal_Sperm (261).bmp,val,0,2.328033,-0.303587,-2.024445
smids/Normal_Sperm/Normal_Sperm (275).bmp,val,0,1.872395,0.687100,-2.559494
smids/Normal_Sperm/Normal_Sperm (28).bmp,val,0,-1.282736,0.316429,0.966305
smids/Normal_Sperm/Normal_Sperm (286).bmp,val,0,1.163312,1.644568,-2.807877
smids/Normal_Sperm/Normal_Sperm (302).bmp,val,0,-0.469125,1.567256,-1.098133
smids/Normal_Sperm/Normal_Sperm (304).bmp,val,0,2.140516,0.277963,-2.418478
smids/Normal_Sperm/Normal_Sperm (312).bmp,val,0,3.115303,-0.647852,-2.467451
smids/Normal_Sperm/Normal_Sperm (317).bmp,val,0,1.083186,0.084551,-1.167736
smids/Normal_Sperm/Normal_Sperm (318).bmp,val,0,0.788512,-0.457125,-0.331385
smids/Normal_Sperm/Normal_Sperm (326).bmp,val,0,-0.234195,-0.084148,0.318345
smids/Normal_Sperm/Normal_Sperm (342).bmp,val,0,1.030358,-0.957638,-0.072720
smids/Normal_Sperm/Normal_Sperm (346).bmp,val,0,0.874234,0.054731,-0.928965
smids/Normal_Sperm/Normal_Sperm (4).bmp,val,0,3.597160,0.352821,-3.949980
smids/Normal_Sperm/Normal_Sperm (400).bmp,val,0,3.940742,0.192779,-4.133522
smids/Normal_Sperm/Normal_Sperm (411).bmp,val,0,0.268782,0.917178,-1.185958
smids/Normal_Sperm/Normal_Sperm (42).bmp,val,0,0.020037,-0.210120,0.190082
smids/Normal_Sperm/Normal_Sperm (430).bmp,val,0,3.767993,0.145841,-3.913833
smids/Normal_Sperm/Normal_Sperm (434).bmp,val,0,3.593388,-1.047379,-2.546007
smids/Normal_Sperm/Normal_Sperm (443).bmp,val,0,3.323453,-1.541998,-1.781455
smids/Normal_Sperm/Normal_Sperm (457).bmp,val,0,1.901280,0.645033,-2.546312
smids/Normal_Sperm/Normal_Sperm (459).bmp,val,0,2.040080,-0.276192,-1.763888
smids/Normal_Sperm/Normal_Sperm (460).bmp,val,0,0.290638,0.635644,-0.926281
smids/Normal_Sperm/Normal_Sperm (464).bmp,val,0,1.090039,-0.049749,-1.040288
smids/Normal_Sperm/Normal_Sperm (47).bmp,val,0,-0.599330,-1.068102,1.667430
smids/Normal_Sperm/Normal_Sperm (482).bmp,val,0,2.992495,-0.245555,-2.746939
smids/Normal_Sperm/Normal_Sperm (494).bmp,val,0,1.960485,1.092245,-3.052730
smids/Normal_Sperm/Normal_Sperm (504).bmp,val,0,3.334207,-1.055735,-2.278472
smids/Normal_Sperm/Normal_Sperm (505).bmp,val,0,4.478394,-1.651144,-2.827250
smids/Normal_Sperm/Normal_Sperm (506).bmp,val,0,3.657748,0.765470,-4.423218
smids/Normal_Sperm/Normal_Sperm (518).bmp,val,0,3.358373,-1.384736,-1.973637
smids/Normal_Sperm/Normal_Sperm (547).bmp,val,0,1.451561,0.313728,-1.765289
smids/Normal_Sperm/Normal_Sperm (553).bmp,val,0,3.030960,-0.130161,-2.900800
smids/Normal_Sperm/Normal_Sperm (557).bmp,val,0,0.521344,0.346137,-0.867481
smids/Normal_Sperm/Normal_Sperm (559).bmp,val,0,1.389724,-0.748781,-0.640940
smids/Normal_Sperm/Normal_Sperm (565).bmp,val,0,1.143092,0.286636,-1.429727
smids/Normal_Sperm/Normal_Sperm (576).bmp,val,0,3.805483,0.340674,-4.146158
smids/Normal_Sperm/Normal_Sperm (577).bmp,val,0,1.218784,1.786425,-3.005205
smids/Normal_Sperm/Normal_Sperm (580).bmp,val,0,4.017920,-1.216456,-2.801465
smids/Normal_Sperm/Normal_Sperm (588).bmp,val,0,1.735044,-0.312067,-1.422976
smids/Normal_Sperm/Normal_Sperm (589).bmp,val,0,2.907510,1.433947,-4.341457
smids/Normal_Sperm/Normal_Sperm (597).bmp,val,0,1.413973,-0.067504,-1.346470
smids/Normal_Sperm/Normal_Sperm (6).bmp,val,0,-0.404935,-0.530471,0.935402
smids/Normal_Sperm/Normal_Sperm (600).bmp,val,0,2.382559,-0.936344,-1.446214
smids/Normal_Sperm/Normal_Sperm (626).bmp,val,0,2.448399,-0.125739,-2.322660
smids/Normal_Sperm/Normal_Sperm (633).bmp,val,0,-0.276244,2.381173,-2.104929
smids/Normal_Sperm/Normal_Sperm (636).bmp,val,0,3.012867,0.095532,-3.108398
smids/Normal_Sperm/Normal_Sperm (639).bmp,val,0,2.114851,0.722167,-2.837017
smids/Normal_Sperm/Normal_Sperm (640).bmp,val,0,2.067554,-0.365942,-1.701611
smids/Normal_Sperm/Normal_Sperm (65).bmp,val,0,0.180426,-0.140999,-0.039429
smids/Normal_Sperm/Normal_Sperm (653).bmp,val,0,2.625340,0.008377,-2.633717
smids/Normal_Sperm/Normal_Sperm (659).bmp,val,0,1.103960,0.235358,-1.339318
smids/Normal_Sperm/Normal_Sperm (66).bmp,val,0,1.730567,-0.210469,-1.520096
smids/Normal_Sperm/Normal_Sperm (663).bmp,val,0,2.023228,1.020226,-3.043453
smids/Normal_Sperm/Normal_Sperm (668).bmp,val,0,2.641624,0.136831,-2.778454
smids/Normal_Sperm/Normal_Sperm (670).bmp,val,0,1.198136,-0.385020,-0.813116
smids/Normal_Sperm/Normal_Sperm (679).bmp,val,0,4.627303,0.404171,-5.031476
smids/Normal_Sperm/Normal_Sperm (680).bmp,val,0,2.230479,0.456865,-2.687345
smids/Normal_Sperm/Normal_Sperm (688).bmp,val,0,4.053097,1.218636,-5.271733
smids/Normal_Sperm/Normal_Sperm (708).bmp,val,0,1.327178,0.168284,-1.495461
smids/Normal_Sperm/Normal_Sperm (725).bmp,val,0,2.380147,-1.925440,-0.454707
smids/Normal_Sperm/Normal_Sperm (738).bmp,val,0,3.810681,-1.114005,-2.696675
smids/Normal_Sperm/Normal_Sperm (745).bmp,val,0,3.216452,-0.828787,-2.387666
smids/Normal_Sperm/Normal_Sperm (753).bmp,val,0,2.708368,0.746426,-3.454794
smids/Normal_Sperm/Normal_Sperm (769).bmp,val,0,0.772857,-0.379819,-0.393037
smids/Normal_Sperm/Normal_Sperm (771).bmp,val,0,1.105922,-0.582440,-0.523481
smids/Normal_Sperm/Normal_Sperm (784).bmp,val,0,2.077070,-0.123370,-1.953699
smids/Normal_Sperm/Normal_Sperm (816).bmp,val,0,-0.516645,1.206444,-0.689798
smids/Normal_Sperm/Normal_Sperm (839).bmp,val,0,0.664641,0.892504,-1.557147
smids/Normal_Sperm/Normal_Sperm (841).bmp,val,0,4.629855,-1.349106,-3.280751
smids/Normal_Sperm/Normal_Sperm (849).bmp,val,0,2.519993,0.411397,-2.931391
smids/Normal_Sperm/Normal_Sperm (856).bmp,val,0,2.528054,-0.365433,-2.162621
smids/Normal_Sperm/Normal_Sperm (857).bmp,val,0,3.425538,-0.655354,-2.770184
smids/Normal_Sperm/Normal_Sperm (864).bmp,val,0,1.376070,0.001998,-1.378067
smids/Normal_Sperm/Normal_Sperm (874).bmp,val,0,1.069359,-0.131752,-0.937606
smids/Normal_Sperm/Normal_Sperm (877).bmp,val,0,2.935491,-0.490500,-2.444993
smids/Normal_Sperm/Normal_Sperm (885).bmp,val,0,2.386189,1.195058,-3.581246
smids/Normal_Sperm/Normal_Sperm (9).bmp,val,0,0.662640,-1.744575,1.081935
smids/Normal_Sperm/Normal_Sperm (905).bmp,val,0,-0.085190,1.189466,-1.104274
smids/Normal_Sperm/Normal_Sperm (911).bmp,val,0,2.271805,0.845813,-3.117620
smids/Normal_Sperm/Normal_Sperm (912).bmp,val,0,2.947111,0.612050,-3.559163
smids/Normal_Sperm/Normal_Sperm (92).bmp,val,0,0.346311,-0.795603,0.449293
smids/Normal_Sperm/Normal_Sperm (940).bmp,val,0,2.808374,1.300662,-4.109037
smids/Normal_Sperm/Normal_Sperm (965).bmp,val,0,2.865170,-0.072847,-2.792324
smids/Normal_Sperm/Normal_Sperm (977).bmp,val,0,1.617732,1.156161,-2.773897
smids/Normal_Sperm/Normal_Sperm (986).bmp,val,0,1.367465,0.032914,-1.400378
smids/Normal_Sperm/Normal_Sperm (987).bmp,val,0,1.741563,-0.016231,-1.725332
smids/Normal_Sperm/Normal_Sperm (989).bmp,val,0,0.708334,-0.675265,-0.033068
smids/Normal_Sperm/Normal_Sperm (995).bmp,val,0,1.306190,-0.371166,-0.935024
smids/Normal_Sperm/Normal_Sperm (996).bmp,val,0,2.348209,0.065991,-2.414198
smids/Normal_Sperm/Normal_Sperm (997).bmp,val,0,0.850683,0.314134,-1.164816
smids/Abnormal_Sperm/Abnormal_Sperm (1002).bmp,calib,1,2.284580,2.726202,-5.010784
smids/Abnormal_Sperm/Abnormal_Sperm (1005).bmp,calib,1,-1.379422,2.011283,-0.631861
smids/Abnormal_Sperm/Abnormal_Sperm (114).bmp,calib,1,-0.499703,0.999377,-0.499673
smids/Abnormal_Sperm/Abnormal_Sperm (119).bmp,calib,1,-0.107482,1.748633,-1.641151
smids/Abnormal_Sperm/Abnormal_Sperm (120).bmp,calib,1,0.217533,3.189284,-3.406817
smids/Abnormal_Sperm/Abnormal_Sperm (121).bmp,calib,1,0.121279,0.888671,-1.009950
smids/Abnormal_Sperm/Abnormal_Sperm (13).bmp,calib,1,0.391013,-1.487282,1.096269
smids/Abnormal_Sperm/Abnormal_Sperm (131).bmp,calib,1,-0.743867,3.530322,-2.786455
smids/Abnormal_Sperm/Abnormal_Sperm (134).bmp,calib,1,0.938003,1.759372,-2.697375
smids/Abnormal_Sperm/Abnormal_Sperm (135).bmp,calib,1,-0.641056,3.359960,-2.718905
smids/Abnormal_Sperm/Abnormal_Sperm (149).bmp,calib,1,-0.338536,1.247399,-0.908863
smids/Abnormal_Sperm/Abnormal_Sperm (169).bmp,calib,1,-1.869420,2.782209,-0.912789
smids/Abnormal_Sperm/Abnormal_Sperm (181).bmp,calib,1,-1.277261,2.229990,-0.952730
smids/Abnormal_Sperm/Abnormal_Sperm (183).bmp,calib,1,-0.119860,2.596146,-2.476286
smids/Abnormal_Sperm/Abnormal_Sperm (190).bmp,calib,1,-0.309402,2.436511,-2.127109
smids/Abnormal_Sperm/Abnormal_Sperm (192).bmp,calib,1,2.187703,1.719083,-3.906786
smids/Abnormal_Sperm/Abnormal_Sperm (199).bmp,calib,1,-1.499411,2.006284,-0.506873
smids/Abnormal_Sperm/Abnormal_Sperm (203).bmp,calib,1,1.443445,1.222036,-2.665480
smids/Abnormal_Sperm/Abnormal_Sperm (205).bmp,calib,1,-1.020840,3.475975,-2.455136
smids/Abnormal_Sperm/Abnormal_Sperm (207).bmp,calib,1,0.701024,2.701660,-3.402683
smids/Abnormal_Sperm/Abnormal_Sperm (208).bmp,calib,1,0.582396,0.211788,-0.794183
smids/Abnormal_Sperm/Abnormal_Sperm (224).bmp,calib,1,1.017575,3.135591,-4.153167
smids/Abnormal_Sperm/Abnormal_Sperm (231).bmp,calib,1,0.328024,1.645329,-1.973352
smids/Abnormal_Sperm/Abnormal_Sperm (237).bmp,calib,1,-2.365952,1.778990,0.586960
smids/Abnormal_Sperm/Abnormal_Sperm (240).bmp,calib,1,-2.171158,1.805010,0.366149
smids/Abnormal_Sperm/Abnormal_Sperm (242).bmp,calib,1,0.692732,0.456903,-1.149636
smids/Abnormal_Sperm/Abnormal_Sperm (243).bmp,calib,1,-2.348637,1.343895,1.004742
smids/Abnormal_Sperm/Abnormal_Sperm (264).bmp,calib,1,-0.285851,2.783676,-2.497823
smids/Abnormal_Sperm/Abnormal_Sperm (266).bmp,calib,1,-1.787945,1.818457,-0.030511
smids/Abnormal_Sperm/Abnormal_Sperm (267).bmp,calib,1,-0.478847,2.207824,-1.728978
smids/Abnormal_Sperm/Abnormal_Sperm (295).bmp,calib,1,-0.251573,2.758695,-2.507121
smids/Abnormal_Sperm/Abnormal_Sperm (309).bmp,calib,1,-0.180864,1.112226,-0.931363
smids/Abnormal_Sperm/Abnormal_Sperm (314).bmp,calib,1,-2.499293,3.543925,-1.044632
smids/Abnormal_Sperm/Abnormal_Sperm (318).bmp,calib,1,0.038046,2.237913,-2.275959
smids/Abnormal_Sperm/Abnormal_Sperm (319).bmp,calib,1,0.104093,2.109838,-2.213932
smids/Abnormal_Sperm/Abnormal_Sperm (323).bmp,calib,1,-0.348698,1.059295,-0.710595
smids/Abnormal_Sperm/Abnormal_Sperm (326).bmp,calib,1,-1.464544,3.237612,-1.773066
smids/Abnormal_Sperm/Abnormal_Sperm (335).bmp,calib,1,1.319978,1.029956,-2.349932
smids/Abnormal_Sperm/Abnormal_Sperm (347).bmp,calib,1,-0.586471,2.052945,-1.466474
smids/Abnormal_Sperm/Abnormal_Sperm (350).bmp,calib,1,0.528123,1.501495,-2.029617
smids/Abnormal_Sperm/Abnormal_Sperm (351).bmp,calib,1,0.305941,-0.195173,-0.110767
smids/Abnormal_Sperm/Abnormal_Sperm (356).bmp,calib,1,-0.251871,1.658125,-1.406254
smids/Abnormal_Sperm/Abnormal_Sperm (370).bmp,calib,1,-0.222611,0.570461,-0.347850
smids/Abnormal_Sperm/Abnormal_Sperm (373).bmp,calib,1,-0.829300,2.883119,-2.053817
smids/Abnormal_Sperm/Abnormal_Sperm (377).bmp,calib,1,-0.592028,0.728194,-0.136167
smids/Abnormal_Sperm/Abnormal_Sperm (384).bmp,calib,1,-1.023420,0.815430,0.207991
smids/Abnormal_Sperm/Abnormal_Sperm (388).bmp,calib,1,-2.416903,2.131849,0.285054
smids/Abnormal_Sperm/Abnormal_Sperm (401).bmp,calib,1,-0.910663,2.048733,-1.138068
smids/Abnormal_Sperm/Abnormal_Sperm (406).bmp,calib,1,0.015537,1.532530,-1.548066
smids/Abnormal_Sperm/Abnormal_Sperm (41).bmp,calib,1,0.011570,0.677910,-0.689479
smids/Abnormal_Sperm/Abnormal_Sperm (416).bmp,calib,1,-0.509939,1.204607,-0.694668
smids/Abnormal_Sperm/Abnormal_Sperm (417).bmp,calib,1,-0.084540,1.227895,-1.143355
smids/Abnormal_Sperm/Abnormal_Sperm (419).bmp,calib,1,-1.272910,1.837127,-0.564219
smids/Abnormal_Sperm/Abnormal_Sperm (431).bmp,calib,1,-0.949831,1.764574,-0.814744
smids/Abnormal_Sperm/Abnormal_Sperm (439).bmp,calib,1,0.663091,1.795027,-2.458117
smids/Abnormal_Sperm/Abnormal_Sperm (451).bmp,calib,1,0.759721,2.053073,-2.812795
smids/Abnormal_Sperm/Abnormal_Sperm (452).bmp,calib,1,-0.969748,2.619186,-1.649438
smids/Abnormal_Sperm/Abnormal_Sperm (457).bmp,calib,1,-0.709536,1.504417,-0.794879
smids/Abnormal_Sperm/Abnormal_Sperm (460).bmp,calib,1,-1.530871,3.215899,-1.685030
smids/Abnormal_Sperm/Abnormal_Sperm (462).bmp,calib,1,0.319619,1.682072,-2.001691
smids/Abnormal_Sperm/Abnormal_Sperm (465).bmp,calib,1,-1.105675,1.614242,-0.508565
smids/Abnormal_Sperm/Abnormal_Sperm (475).bmp,calib,1,-1.327694,1.181924,0.145772
smids/Abnormal_Sperm/Abnormal_Sperm (484).bmp,calib,1,-0.994325,1.368539,-0.374214
smids/Abnormal_Sperm/Abnormal_Sperm (489).bmp,calib,1,-0.555654,0.193404,0.362251
smids/Abnormal_Sperm/Abnormal_Sperm (493).bmp,calib,1,-0.609261,2.491280,-1.882019
smids/Abnormal_Sperm/Abnormal_Sperm (496).bmp,calib,1,0.571023,1.197264,-1.768288
smids/Abnormal_Sperm/Abnormal_Sperm (497).bmp,calib,1,0.048454,-0.650184,0.601731
smids/Abnormal_Sperm/Abnormal_Sperm (503).bmp,calib,1,-1.982008,0.797491,1.184520
smids/Abnormal_Sperm/Abnormal_Sperm (519).bmp,calib,1,1.973432,1.248707,-3.222140
smids/Abnormal_Sperm/Abnormal_Sperm (521).bmp,calib,1,-0.439706,2.659437,-2.219733
smids/Abnormal_Sperm/Abnormal_Sperm (527).bmp,calib,1,0.841444,0.795566,-1.637010
smids/Abnormal_Sperm/Abnormal_Sperm (529).bmp,calib,1,-1.682177,2.200760,-0.518584
smids/Abnormal_Sperm/Abnormal_Sperm (535).bmp,calib,1,-0.610293,3.356547,-2.746253
smids/Abnormal_Sperm/Abnormal_Sperm (547).bmp,calib,1,0.495072,2.710815,-3.205889
smids/Abnormal_Sperm/Abnormal_Sperm (552).bmp,calib,1,1.363325,0.181217,-1.544542
smids/Abnormal_Sperm/Abnormal_Sperm (558).bmp,calib,1,-0.401706,-0.019859,0.421566
smids/Abnormal_Sperm/Abnormal_Sperm (559).bmp,calib,1,-0.973702,1.333502,-0.359801
smids/Abnormal_Sperm/Abnormal_Sperm (569).bmp,calib,1,-1.310249,0.941405,0.368848
smids/Abnormal_Sperm/Abnormal_Sperm (571).bmp,calib,1,0.076215,0.274041,-0.350258
smids/Abnormal_Sperm/Abnormal_Sperm (579).bmp,calib,1,-0.276440,0.257365,0.019075
smids/Abnormal_Sperm/Abnormal_Sperm (58).bmp,calib,1,-1.366251,2.235282,-0.869030
smids/Abnormal_Sperm/Abnormal_Sperm (580).bmp,calib,1,0.629433,1.171062,-1.800495
smids/Abnormal_Sperm/Abnormal_Sperm (583).bmp,calib,1,0.308600,2.787234,-3.095836
smids/Abnormal_Sperm/Abnormal_Sperm (584).bmp,calib,1,-1.513883,0.592032,0.921848
smids/Abnormal_Sperm/Abnormal_Sperm (600).bmp,calib,1,-0.806907,0.351786,0.455118
smids/Abnormal_Sperm/Abnormal_Sperm (602).bmp,calib,1,-1.528625,0.886753,0.641872
smids/Abnormal_Sperm/Abnormal_Sperm (607).bmp,calib,1,0.374397,0.744577,-1.118974
smids/Abnormal_Sperm/Abnormal_Sperm (617).bmp,calib,1,1.327964,2.121444,-3.449406
smids/Abnormal_Sperm/Abnormal_Sperm (622).bmp,calib,1,1.792728,-0.086640,-1.706086
smids/Abnormal_Sperm/Abnormal_Sperm (627).bmp,calib,1,-1.917679,-0.097729,2.015408
smids/Abnormal_Sperm/Abnormal_Sperm (630).bmp,calib,1,-0.954934,0.115481,0.839454
smids/Abnormal_Sperm/Abnormal_Sperm (631).bmp,calib,1,0.343494,0.549419,-0.892912
smids/Abnormal_Sperm/Abnormal_Sperm (649).bmp,calib,1,0.392862,0.307871,-0.700734
smids/Abnormal_Sperm/Abnormal_Sperm (65).bmp,calib,1,0.474393,0.979145,-1.453536
smids/Abnormal_Sperm/Abnormal_Sperm (659).bmp,calib,1,-1.052413,1.205433,-0.153020
smids/Abnormal_Sperm/Abnormal_Sperm (660).bmp,calib,1,2.022305,0.557717,-2.580022
smids/Abnormal_Sperm/Abnormal_Sperm (668).bmp,calib,1,-2.320011,2.535182,-0.215168
smids/Abnormal_Sperm/Abnormal_Sperm (671).bmp,calib,1,0.599908,0.988718,-1.588624
smids/Abnormal_Sperm/Abnormal_Sperm (685).bmp,calib,1,0.197806,1.148390,-1.346194
smids/Abnormal_Sperm/Abnormal_Sperm (686).bmp,calib,1,-0.655927,1.728317,-1.072388
smids/Abnormal_Sperm/Abnormal_Sperm (696).bmp,calib,1,-0.427107,1.996179,-1.569070
smids/Abnormal_Sperm/Abnormal_Sperm (7).bmp,calib,1,1.066164,0.060731,-1.126895
smids/Abnormal_Sperm/Abnormal_Sperm (705).bmp,calib,1,0.162123,0.574804,-0.736926
smids/Abnormal_Sperm/Abnormal_Sperm (727).bmp,calib,1,-0.912856,1.204964,-0.292108
smids/Abnormal_Sperm/Abnormal_Sperm (742).bmp,calib,1,0.939423,1.600604,-2.540026
smids/Abnormal_Sperm/Abnormal_Sperm (746).bmp,calib,1,1.056387,0.417013,-1.473401
smids/Abnormal_Sperm/Abnormal_Sperm (751).bmp,calib,1,1.021941,1.211481,-2.233422
smids/Abnormal_Sperm/Abnormal_Sperm (757).bmp,calib,1,0.383051,2.514458,-2.897509
smids/Abnormal_Sperm/Abnormal_Sperm (759).bmp,calib,1,-1.047526,1.855444,-0.807917
smids/Abnormal_Sperm/Abnormal_Sperm (767).bmp,calib,1,0.337509,3.275760,-3.613266
smids/Abnormal_Sperm/Abnormal_Sperm (780).bmp,calib,1,-0.377032,0.410414,-0.033379
smids/Abnormal_Sperm/Abnormal_Sperm (783).bmp,calib,1,1.354746,-0.670528,-0.684219
smids/Abnormal_Sperm/Abnormal_Sperm (785).bmp,calib,1,1.470148,0.492388,-1.962535
smids/Abnormal_Sperm/Abnormal_Sperm (789).bmp,calib,1,-1.290763,1.494039,-0.203274
smids/Abnormal_Sperm/Abnormal_Sperm (791).bmp,calib,1,1.073122,0.533550,-1.606671
smids/Abnormal_Sperm/Abnormal_Sperm (794).bmp,calib,1,-0.005622,2.192355,-2.186730
smids/Abnormal_Sperm/Abnormal_Sperm (797).bmp,calib,1,1.433024,0.547063,-1.980086
smids/Abnormal_Sperm/Abnormal_Sperm (798).bmp,calib,1,-0.184758,2.330243,-2.145485
smids/Abnormal_Sperm/Abnormal_Sperm (799).bmp,calib,1,0.833008,0.776437,-1.609445
smids/Abnormal_Sperm/Abnormal_Sperm (800).bmp,calib,1,-0.376045,2.201897,-1.825851
smids/Abnormal_Sperm/Abnormal_Sperm (801).bmp,calib,1,0.958733,1.591269,-2.550003
smids/Abnormal_Sperm/Abnormal_Sperm (804).bmp,calib,1,0.183533,2.388803,-2.572336
smids/Abnormal_Sperm/Abnormal_Sperm (813).bmp,calib,1,1.868222,1.431399,-3.299621
smids/Abnormal_Sperm/Abnormal_Sperm (821).bmp,calib,1,0.399553,1.205360,-1.604912
smids/Abnormal_Sperm/Abnormal_Sperm (828).bmp,calib,1,0.416808,2.047013,-2.463819
smids/Abnormal_Sperm/Abnormal_Sperm (834).bmp,calib,1,2.524505,0.486136,-3.010641
smids/Abnormal_Sperm/Abnormal_Sperm (85).bmp,calib,1,-1.382788,3.362802,-1.980012
smids/Abnormal_Sperm/Abnormal_Sperm (855).bmp,calib,1,1.194250,1.472653,-2.666903
smids/Abnormal_Sperm/Abnormal_Sperm (856).bmp,calib,1,0.707030,1.774901,-2.481928
smids/Abnormal_Sperm/Abnormal_Sperm (862).bmp,calib,1,0.053188,1.749785,-1.802972
smids/Abnormal_Sperm/Abnormal_Sperm (869).bmp,calib,1,0.481149,1.776919,-2.258067
smids/Abnormal_Sperm/Abnormal_Sperm (874).bmp,calib,1,0.283419,1.422216,-1.705634
smids/Abnormal_Sperm/Abnormal_Sperm (875).bmp,calib,1,0.737443,1.183151,-1.920594
smids/Abnormal_Sperm/Abnormal_Sperm (877).bmp,calib,1,-0.646247,1.087970,-0.441723
smids/Abnormal_Sperm/Abnormal_Sperm (882).bmp,calib,1,0.614839,1.621411,-2.236248
smids/Abnormal_Sperm/Abnormal_Sperm (883).bmp,calib,1,-0.577351,0.845517,-0.268165
smids/Abnormal_Sperm/Abnormal_Sperm (886).bmp,calib,1,1.635149,-0.075131,-1.560017
smids/Abnormal_Sperm/Abnormal_Sperm (887).bmp,calib,1,-0.512314,0.583840,-0.071524
smids/Abnormal_Sperm/Abnormal_Sperm (889).bmp,calib,1,0.138437,1.808975,-1.947413
smids/Abnormal_Sperm/Abnormal_Sperm (89).bmp,calib,1,-2.309089,2.750116,-0.441025
smids/Abnormal_Sperm/Abnormal_Sperm (890).bmp,calib,1,0.295282,1.757904,-2.053184
smids/Abnormal_Sperm/Abnormal_Sperm (891).bmp,calib,1,1.529660,2.304640,-3.834300
smids/Abnormal_Sperm/Abnormal_Sperm (896).bmp,calib,1,1.068756,0.084461,-1.153215
smids/Abnormal_Sperm/Abnormal_Sperm (912).bmp,calib,1,1.238277,1.555028,-2.793305
smids/Abnormal_Sperm/Abnormal_Sperm (918).bmp,calib,1,0.831066,1.166180,-1.997244
smids/Abnormal_Sperm/Abnormal_Sperm (922).bmp,calib,1,0.731375,0.618074,-1.349448
smids/Abnormal_Sperm/Abnormal_Sperm (923).bmp,calib,1,0.347701,0.522683,-0.870382
smids/Abnormal_Sperm/Abnormal_Sperm (946).bmp,calib,1,1.029562,1.135758,-2.165321
smids/Abnormal_Sperm/Abnormal_Sperm (954).bmp,calib,1,0.824830,1.493368,-2.318197
smids/Abnormal_Sperm/Abnormal_Sperm (962).bmp,calib,1,-1.622412,1.756245,-0.133832
smids/Abnormal_Sperm/Abnormal_Sperm (964).bmp,calib,1,-0.369346,2.742474,-2.373128
smids/Abnormal_Sperm/Abnormal_Sperm (966).bmp,calib,1,-1.876386,1.523993,0.352394
smids/Abnormal_Sperm/Abnormal_Sperm (974).bmp,calib,1,-0.787477,3.217383,-2.429908
smids/Abnormal_Sperm/Abnormal_Sperm (989).bmp,calib,1,-0.460853,1.009387,-0.548533
smids/Abnormal_Sperm/Abnormal_Sperm (990).bmp,calib,1,-0.280456,1.634843,-1.354386
smids/Abnormal_Sperm/Abnormal_Sperm (998).bmp,calib,1,0.064348,2.433184,-2.497530
smids/Non-Sperm/Non-Sperm (104).bmp,calib,2,-0.980946,-3.271055,4.252000
smids/Non-Sperm/Non-Sperm (105).bmp,calib,2,-0.935343,-2.380436,3.315779
smids/Non-Sperm/Non-Sperm (113).bmp,calib,2,-1.935880,-1.804671,3.740551
smids/Non-Sperm/Non-Sperm (117).bmp,calib,2,-0.775071,-0.670220,1.445292
smids/Non-Sperm/Non-Sperm (121).bmp,calib,2,-1.370279,-2.158818,3.529097
smids/Non-Sperm/Non-Sperm (122).bmp,calib,2,-1.447248,-2.403006,3.850255
smids/Non-Sperm/Non-Sperm (124).bmp,calib,2,-0.977287,-2.001557,2.978844
smids/Non-Sperm/Non-Sperm (128).bmp,calib,2,-2.872977,-0.071862,2.944839
smids/Non-Sperm/Non-Sperm (129).bmp,calib,2,-1.007968,-0.950425,1.958393
smids/Non-Sperm/Non-Sperm (130).bmp,calib,2,-1.413543,-1.400705,2.814249
smids/Non-Sperm/Non-Sperm (131).bmp,calib,2,-0.403829,-2.421402,2.825229
smids/Non-Sperm/Non-Sperm (151).bmp,calib,2,-1.766649,-2.112139,3.878787
smids/Non-Sperm/Non-Sperm (157).bmp,calib,2,-0.995115,-2.232274,3.227388
smids/Non-Sperm/Non-Sperm (16).bmp,calib,2,-1.280656,-1.222545,2.503201
smids/Non-Sperm/Non-Sperm (170).bmp,calib,2,-1.764731,-1.338899,3.103628
smids/Non-Sperm/Non-Sperm (171).bmp,calib,2,-0.441674,-1.943211,2.384886
smids/Non-Sperm/Non-Sperm (172).bmp,calib,2,-1.122922,-1.235579,2.358502
smids/Non-Sperm/Non-Sperm (176).bmp,calib,2,-2.238263,0.166696,2.071566
smids/Non-Sperm/Non-Sperm (177).bmp,calib,2,-1.882654,-1.587623,3.470278
smids/Non-Sperm/Non-Sperm (181).bmp,calib,2,-1.528713,-1.642835,3.171549
smids/Non-Sperm/Non-Sperm (193).bmp,calib,2,-0.982877,-2.043679,3.026557
smids/Non-Sperm/Non-Sperm (196).bmp,calib,2,-1.280942,-0.746153,2.027096
smids/Non-Sperm/Non-Sperm (197).bmp,calib,2,-1.755103,0.770939,0.984165
smids/Non-Sperm/Non-Sperm (20).bmp,calib,2,-0.937546,-0.321268,1.258813
smids/Non-Sperm/Non-Sperm (211).bmp,calib,2,-2.565165,0.146401,2.418761
smids/Non-Sperm/Non-Sperm (214).bmp,calib,2,-1.492809,-1.336932,2.829742
smids/Non-Sperm/Non-Sperm (217).bmp,calib,2,-0.645815,-1.343672,1.989487
smids/Non-Sperm/Non-Sperm (22).bmp,calib,2,-1.329608,0.500895,0.828710
smids/Non-Sperm/Non-Sperm (220).bmp,calib,2,-0.588528,-0.932093,1.520623
smids/Non-Sperm/Non-Sperm (228).bmp,calib,2,-0.535216,-1.050355,1.585573
smids/Non-Sperm/Non-Sperm (229).bmp,calib,2,-1.120778,0.050691,1.070087
smids/Non-Sperm/Non-Sperm (231).bmp,calib,2,-1.835400,-0.380645,2.216044
smids/Non-Sperm/Non-Sperm (24).bmp,calib,2,-1.820335,1.959731,-0.139398
smids/Non-Sperm/Non-Sperm (242).bmp,calib,2,-1.106569,-1.219803,2.326374
smids/Non-Sperm/Non-Sperm (251).bmp,calib,2,-1.168774,-1.519688,2.688463
smids/Non-Sperm/Non-Sperm (253).bmp,calib,2,-1.164472,-1.507651,2.672125
smids/Non-Sperm/Non-Sperm (277).bmp,calib,2,-1.598708,-1.152213,2.750918
smids/Non-Sperm/Non-Sperm (287).bmp,calib,2,-0.082573,-0.208223,0.290795
smids/Non-Sperm/Non-Sperm (299).bmp,calib,2,-1.341674,-1.980415,3.322089
smids/Non-Sperm/Non-Sperm (300).bmp,calib,2,-0.649862,-2.415339,3.065201
smids/Non-Sperm/Non-Sperm (304).bmp,calib,2,-0.746163,-1.696159,2.442322
smids/Non-Sperm/Non-Sperm (305).bmp,calib,2,-0.567998,-1.442382,2.010380
smids/Non-Sperm/Non-Sperm (315).bmp,calib,2,-1.295469,-2.384823,3.680291
smids/Non-Sperm/Non-Sperm (317).bmp,calib,2,-1.295894,-2.105278,3.401173
smids/Non-Sperm/Non-Sperm (318).bmp,calib,2,-0.920841,-2.013852,2.934693
smids/Non-Sperm/Non-Sperm (32).bmp,calib,2,-1.365153,0.665796,0.699358
smids/Non-Sperm/Non-Sperm (337).bmp,calib,2,-1.585632,-1.380972,2.966604
smids/Non-Sperm/Non-Sperm (338).bmp,calib,2,-1.622140,2.866220,-1.244080
smids/Non-Sperm/Non-Sperm (345).bmp,calib,2,-1.307481,-1.511821,2.819302
smids/Non-Sperm/Non-Sperm (364).bmp,calib,2,-0.871064,-1.845145,2.716211
smids/Non-Sperm/Non-Sperm (366).bmp,calib,2,-0.969580,-0.960731,1.930309
smids/Non-Sperm/Non-Sperm (367).bmp,calib,2,-0.690307,-1.081971,1.772278
smids/Non-Sperm/Non-Sperm (37).bmp,calib,2,-1.289955,-0.275226,1.565183
smids/Non-Sperm/Non-Sperm (375).bmp,calib,2,-1.399652,-0.784418,2.184070
smids/Non-Sperm/Non-Sperm (383).bmp,calib,2,-1.448056,0.004587,1.443470
smids/Non-Sperm/Non-Sperm (386).bmp,calib,2,-1.320933,0.064706,1.256226
smids/Non-Sperm/Non-Sperm (387).bmp,calib,2,-0.826514,-1.618755,2.445270
smids/Non-Sperm/Non-Sperm (39).bmp,calib,2,-0.783818,-0.157785,0.941601
smids/Non-Sperm/Non-Sperm (400).bmp,calib,2,-0.171169,-0.672867,0.844036
smids/Non-Sperm/Non-Sperm (402).bmp,calib,2,-1.316259,-2.090816,3.407072
smids/Non-Sperm/Non-Sperm (409).bmp,calib,2,-0.550694,-0.272270,0.822961
smids/Non-Sperm/Non-Sperm (41).bmp,calib,2,-1.467361,0.956609,0.510753
smids/Non-Sperm/Non-Sperm (410).bmp,calib,2,-1.541915,-0.478491,2.020409
smids/Non-Sperm/Non-Sperm (42).bmp,calib,2,-1.645642,0.487318,1.158325
smids/Non-Sperm/Non-Sperm (431).bmp,calib,2,-1.241925,-1.153240,2.395166
smids/Non-Sperm/Non-Sperm (445).bmp,calib,2,-0.494077,-1.843333,2.337410
smids/Non-Sperm/Non-Sperm (470).bmp,calib,2,-0.956966,-1.732514,2.689480
smids/Non-Sperm/Non-Sperm (475).bmp,calib,2,-1.186976,-2.023570,3.210546
smids/Non-Sperm/Non-Sperm (481).bmp,calib,2,-1.168681,-1.864562,3.033244
smids/Non-Sperm/Non-Sperm (488).bmp,calib,2,-1.232217,-0.250441,1.482656
smids/Non-Sperm/Non-Sperm (49).bmp,calib,2,-1.272406,1.062088,0.210319
smids/Non-Sperm/Non-Sperm (506).bmp,calib,2,-1.710304,-0.397041,2.107345
smids/Non-Sperm/Non-Sperm (514).bmp,calib,2,-1.548006,-1.687986,3.235993
smids/Non-Sperm/Non-Sperm (523).bmp,calib,2,-1.158379,0.183819,0.974557
smids/Non-Sperm/Non-Sperm (530).bmp,calib,2,-2.051285,-0.622788,2.674073
smids/Non-Sperm/Non-Sperm (536).bmp,calib,2,-0.470148,-1.530622,2.000769
smids/Non-Sperm/Non-Sperm (538).bmp,calib,2,-0.976251,-1.919850,2.896101
smids/Non-Sperm/Non-Sperm (549).bmp,calib,2,-1.913908,-1.555959,3.469866
smids/Non-Sperm/Non-Sperm (556).bmp,calib,2,-1.542330,-0.857170,2.399498
smids/Non-Sperm/Non-Sperm (563).bmp,calib,2,-1.514040,-0.475755,1.989794
smids/Non-Sperm/Non-Sperm (566).bmp,calib,2,-0.520471,-0.195544,0.716014
smids/Non-Sperm/Non-Sperm (567).bmp,calib,2,-0.948458,-0.029997,0.978457
smids/Non-Sperm/Non-Sperm (570).bmp,calib,2,-1.466555,-0.096380,1.562932
smids/Non-Sperm/Non-Sperm (58).bmp,calib,2,-2.740563,0.902802,1.837759
smids/Non-Sperm/Non-Sperm (584).bmp,calib,2,-1.403884,-0.333211,1.737095
smids/Non-Sperm/Non-Sperm (592).bmp,calib,2,-2.284841,-0.402249,2.687091
smids/Non-Sperm/Non-Sperm (596).bmp,calib,2,-0.990174,-1.035943,2.026117
smids/Non-Sperm/Non-Sperm (611).bmp,calib,2,-1.219395,-1.556063,2.775457
smids/Non-Sperm/Non-Sperm (613).bmp,calib,2,-1.223504,-1.387275,2.610777
smids/Non-Sperm/Non-Sperm (615).bmp,calib,2,-2.784177,-0.047993,2.832173
smids/Non-Sperm/Non-Sperm (621).bmp,calib,2,-1.042804,-1.251054,2.293857
smids/Non-Sperm/Non-Sperm (625).bmp,calib,2,-1.192508,-1.810452,3.002961
smids/Non-Sperm/Non-Sperm (631).bmp,calib,2,-1.450212,-1.825076,3.275288
smids/Non-Sperm/Non-Sperm (632).bmp,calib,2,-0.768946,-0.920303,1.689249
smids/Non-Sperm/Non-Sperm (634).bmp,calib,2,-2.443788,-1.437313,3.881101
smids/Non-Sperm/Non-Sperm (636).bmp,calib,2,-2.546213,-0.847777,3.393991
smids/Non-Sperm/Non-Sperm (644).bmp,calib,2,-1.331095,-0.791212,2.122307
smids/Non-Sperm/Non-Sperm (649).bmp,calib,2,-1.539075,-1.744349,3.283423
smids/Non-Sperm/Non-Sperm (650).bmp,calib,2,-1.803916,0.735908,1.068009
smids/Non-Sperm/Non-Sperm (654).bmp,calib,2,-0.772850,-0.847198,1.620049
smids/Non-Sperm/Non-Sperm (667).bmp,calib,2,-1.834265,-1.297964,3.132230
smids/Non-Sperm/Non-Sperm (668).bmp,calib,2,-1.857450,-2.586989,4.444438
smids/Non-Sperm/Non-Sperm (671).bmp,calib,2,-2.242917,-1.156505,3.399422
smids/Non-Sperm/Non-Sperm (673).bmp,calib,2,-1.573183,-1.616939,3.190122
smids/Non-Sperm/Non-Sperm (688).bmp,calib,2,-1.118212,-1.494335,2.612546
smids/Non-Sperm/Non-Sperm (70).bmp,calib,2,-2.798603,1.366155,1.432451
smids/Non-Sperm/Non-Sperm (700).bmp,calib,2,-1.936387,-2.065498,4.001886
smids/Non-Sperm/Non-Sperm (702).bmp,calib,2,-0.401186,0.304341,0.096844
smids/Non-Sperm/Non-Sperm (704).bmp,calib,2,-0.715145,-1.209664,1.924811
smids/Non-Sperm/Non-Sperm (711).bmp,calib,2,-1.243872,-0.687156,1.931030
smids/Non-Sperm/Non-Sperm (714).bmp,calib,2,-0.299398,-1.522103,1.821501
smids/Non-Sperm/Non-Sperm (721).bmp,calib,2,-0.635791,-1.685376,2.321168
smids/Non-Sperm/Non-Sperm (722).bmp,calib,2,-1.310786,-1.333213,2.643999
smids/Non-Sperm/Non-Sperm (723).bmp,calib,2,-1.551754,-0.543464,2.095220
smids/Non-Sperm/Non-Sperm (729).bmp,calib,2,-2.387439,-1.055445,3.442883
smids/Non-Sperm/Non-Sperm (73).bmp,calib,2,-1.226532,-0.287603,1.514133
smids/Non-Sperm/Non-Sperm (732).bmp,calib,2,-2.026556,-0.795157,2.821712
smids/Non-Sperm/Non-Sperm (734).bmp,calib,2,-2.587380,-0.019468,2.606847
smids/Non-Sperm/Non-Sperm (736).bmp,calib,2,-2.838513,-1.226900,4.065413
smids/Non-Sperm/Non-Sperm (742).bmp,calib,2,-1.554002,-2.141768,3.695769
smids/Non-Sperm/Non-Sperm (743).bmp,calib,2,-1.400001,-1.647545,3.047546
smids/Non-Sperm/Non-Sperm (746).bmp,calib,2,-0.708687,-2.539654,3.248342
smids/Non-Sperm/Non-Sperm (749).bmp,calib,2,-1.739229,-0.607168,2.346398
smids/Non-Sperm/Non-Sperm (750).bmp,calib,2,-1.304430,-0.473973,1.778404
smids/Non-Sperm/Non-Sperm (757).bmp,calib,2,-0.132756,-1.886787,2.019542
smids/Non-Sperm/Non-Sperm (759).bmp,calib,2,-1.059963,-2.363119,3.423080
smids/Non-Sperm/Non-Sperm (760).bmp,calib,2,-1.625365,-1.686113,3.311478
smids/Non-Sperm/Non-Sperm (770).bmp,calib,2,-1.427935,-1.305581,2.733518
smids/Non-Sperm/Non-Sperm (774).bmp,calib,2,-0.090774,-1.251637,1.342409
smids/Non-Sperm/Non-Sperm (784).bmp,calib,2,-0.431752,-1.368235,1.799987
smids/Non-Sperm/Non-Sperm (789).bmp,calib,2,-0.567034,-1.769565,2.336598
smids/Non-Sperm/Non-Sperm (804).bmp,calib,2,-0.281355,-1.408612,1.689967
smids/Non-Sperm/Non-Sperm (810).bmp,calib,2,-1.172454,-1.468742,2.641198
smids/Non-Sperm/Non-Sperm (822).bmp,calib,2,-1.495950,-1.350463,2.846413
smids/Non-Sperm/Non-Sperm (831).bmp,calib,2,-2.046107,-0.382699,2.428805
smids/Non-Sperm/Non-Sperm (836).bmp,calib,2,-0.140665,-0.738244,0.878910
smids/Non-Sperm/Non-Sperm (848).bmp,calib,2,-1.772277,-1.866466,3.638744
smids/Non-Sperm/Non-Sperm (85).bmp,calib,2,-1.109419,-0.994495,2.103912
smids/Non-Sperm/Non-Sperm (858).bmp,calib,2,-1.685096,-1.437989,3.123086
smids/Non-Sperm/Non-Sperm (872).bmp,calib,2,-1.072664,-0.625345,1.698010
smids/Non-Sperm/Non-Sperm (877).bmp,calib,2,-1.684960,-0.535715,2.220673
smids/Non-Sperm/Non-Sperm (879).bmp,calib,2,-1.633953,-0.158148,1.792099
smids/Non-Sperm/Non-Sperm (881).bmp,calib,2,-1.145021,-1.678179,2.823198
smids/Non-Sperm/Non-Sperm (884).bmp,calib,2,-0.983245,-1.101934,2.085178
smids/Non-Sperm/Non-Sperm (888).bmp,calib,2,-0.062162,-1.509416,1.571576
smids/Non-Sperm/Non-Sperm (900).bmp,calib,2,0.512294,-0.305030,-0.207264
smids/Non-Sperm/Non-Sperm (91).bmp,calib,2,-2.400620,0.779883,1.620737
smids/Non-Sperm/Non-Sperm (923).bmp,calib,2,-2.036407,0.123781,1.912625
smids/Non-Sperm/Non-Sperm (928).bmp,calib,2,-1.233873,2.714618,-1.480745
smids/Non-Sperm/Non-Sperm (934).bmp,calib,2,-2.538475,-1.488803,4.027277
smids/Non-Sperm/Non-Sperm (94).bmp,calib,2,-3.774798,-0.228338,4.003134
smids/Non-Sperm/Non-Sperm (957).bmp,calib,2,-0.481849,0.015753,0.466096
smids/Non-Sperm/Non-Sperm (96).bmp,calib,2,-2.458591,-1.485393,3.943982
smids/Non-Sperm/Non-Sperm (960).bmp,calib,2,-1.854515,0.501577,1.352937
smids/Non-Sperm/Non-Sperm (961).bmp,calib,2,-1.281449,-1.113551,2.395001
smids/Non-Sperm/Non-Sperm (971).bmp,calib,2,-0.654775,-1.623432,2.278206
smids/Normal_Sperm/Normal_Sperm (1010).bmp,calib,0,1.713583,-1.132374,-0.581209
smids/Normal_Sperm/Normal_Sperm (103).bmp,calib,0,2.036423,-1.304483,-0.731940
smids/Normal_Sperm/Normal_Sperm (113).bmp,calib,0,3.023904,0.105297,-3.129201
smids/Normal_Sperm/Normal_Sperm (114).bmp,calib,0,-0.002232,0.772414,-0.770181
smids/Normal_Sperm/Normal_Sperm (127).bmp,calib,0,1.577433,1.060083,-2.637517
smids/Normal_Sperm/Normal_Sperm (132).bmp,calib,0,0.555643,0.848888,-1.404537
smids/Normal_Sperm/Normal_Sperm (138).bmp,calib,0,1.825197,0.600945,-2.426145
smids/Normal_Sperm/Normal_Sperm (14).bmp,calib,0,-0.227344,0.164290,0.063053
smids/Normal_Sperm/Normal_Sperm (151).bmp,calib,0,0.303518,-0.743342,0.439825
smids/Normal_Sperm/Normal_Sperm (153).bmp,calib,0,0.190910,-0.608368,0.417459
smids/Normal_Sperm/Normal_Sperm (155).bmp,calib,0,0.942906,0.779546,-1.722452
smids/Normal_Sperm/Normal_Sperm (164).bmp,calib,0,2.056185,-0.308007,-1.748177
smids/Normal_Sperm/Normal_Sperm (169).bmp,calib,0,1.808767,-0.555533,-1.253232
smids/Normal_Sperm/Normal_Sperm (170).bmp,calib,0,2.346719,-1.011966,-1.334753
smids/Normal_Sperm/Normal_Sperm (176).bmp,calib,0,2.854033,-0.312948,-2.541085
smids/Normal_Sperm/Normal_Sperm (183).bmp,calib,0,1.230390,1.112554,-2.342946
smids/Normal_Sperm/Normal_Sperm (189).bmp,calib,0,0.355497,0.105649,-0.461146
smids/Normal_Sperm/Normal_Sperm (19).bmp,calib,0,-0.595471,0.374399,0.221073
smids/Normal_Sperm/Normal_Sperm (193).bmp,calib,0,0.880554,-0.719750,-0.160804
smids/Normal_Sperm/Normal_Sperm (197).bmp,calib,0,2.276450,0.758302,-3.034752
smids/Normal_Sperm/Normal_Sperm (2).bmp,calib,0,2.139235,-0.782183,-1.357053
smids/Normal_Sperm/Normal_Sperm (204).bmp,calib,0,1.696479,0.152083,-1.848562
smids/Normal_Sperm/Normal_Sperm (207).bmp,calib,0,0.904266,0.770964,-1.675229
smids/Normal_Sperm/Normal_Sperm (222).bmp,calib,0,0.615820,1.253258,-1.869078
smids/Normal_Sperm/Normal_Sperm (223).bmp,calib,0,0.066989,0.643660,-0.710649
smids/Normal_Sperm/Normal_Sperm (228).bmp,calib,0,1.672383,0.528980,-2.201363
smids/Normal_Sperm/Normal_Sperm (232).bmp,calib,0,1.012118,1.758457,-2.770573
smids/Normal_Sperm/Normal_Sperm (238).bmp,calib,0,1.371438,2.227304,-3.598739
smids/Normal_Sperm/Normal_Sperm (239).bmp,calib,0,1.932127,-0.269652,-1.662474
smids/Normal_Sperm/Normal_Sperm (254).bmp,calib,0,1.915951,-0.553474,-1.362477
smids/Normal_Sperm/Normal_Sperm (264).bmp,calib,0,1.038275,1.065279,-2.103553
smids/Normal_Sperm/Normal_Sperm (268).bmp,calib,0,2.668140,-1.917209,-0.750932
smids/Normal_Sperm/Normal_Sperm (278).bmp,calib,0,2.414821,1.199913,-3.614734
smids/Normal_Sperm/Normal_Sperm (294).bmp,calib,0,2.027816,-0.491975,-1.535839
smids/Normal_Sperm/Normal_Sperm (295).bmp,calib,0,2.708858,1.121033,-3.829890
smids/Normal_Sperm/Normal_Sperm (309).bmp,calib,0,1.477102,0.815600,-2.292700
smids/Normal_Sperm/Normal_Sperm (310).bmp,calib,0,1.590033,-0.475180,-1.114853
smids/Normal_Sperm/Normal_Sperm (315).bmp,calib,0,2.246454,1.369157,-3.615611
smids/Normal_Sperm/Normal_Sperm (32).bmp,calib,0,1.548598,-0.190957,-1.357641
smids/Normal_Sperm/Normal_Sperm (320).bmp,calib,0,0.693678,1.252711,-1.946388
smids/Normal_Sperm/Normal_Sperm (321).bmp,calib,0,0.671625,0.059143,-0.730766
smids/Normal_Sperm/Normal_Sperm (324).bmp,calib,0,1.283353,1.535504,-2.818856
smids/Normal_Sperm/Normal_Sperm (33).bmp,calib,0,0.198520,-0.562459,0.363938
smids/Normal_Sperm/Normal_Sperm (330).bmp,calib,0,1.215964,0.664317,-1.880280
smids/Normal_Sperm/Normal_Sperm (340).bmp,calib,0,1.945384,-0.785897,-1.159489
smids/Normal_Sperm/Normal_Sperm (343).bmp,calib,0,0.263251,0.115565,-0.378815
smids/Normal_Sperm/Normal_Sperm (351).bmp,calib,0,0.548666,-0.388054,-0.160610
smids/Normal_Sperm/Normal_Sperm (354).bmp,calib,0,0.885646,0.603381,-1.489026
smids/Normal_Sperm/Normal_Sperm (355).bmp,calib,0,-0.487859,1.315846,-0.827986
smids/Normal_Sperm/Normal_Sperm (361).bmp,calib,0,2.181407,-0.097739,-2.083666
smids/Normal_Sperm/Normal_Sperm (384).bmp,calib,0,2.042939,2.737631,-4.780569
smids/Normal_Sperm/Normal_Sperm (385).bmp,calib,0,2.850616,0.913032,-3.763647
smids/Normal_Sperm/Normal_Sperm (40).bmp,calib,0,-0.142090,-1.837392,1.979481
smids/Normal_Sperm/Normal_Sperm (402).bmp,calib,0,0.836911,1.120389,-1.957298
smids/Normal_Sperm/Normal_Sperm (412).bmp,calib,0,1.881050,-0.687431,-1.193617
smids/Normal_Sperm/Normal_Sperm (420).bmp,calib,0,3.532953,1.026189,-4.559143
smids/Normal_Sperm/Normal_Sperm (426).bmp,calib,0,1.675743,-0.093517,-1.582225
smids/Normal_Sperm/Normal_Sperm (428).bmp,calib,0,1.082877,-0.595581,-0.487296
smids/Normal_Sperm/Normal_Sperm (431).bmp,calib,0,3.047035,0.334048,-3.381083
smids/Normal_Sperm/Normal_Sperm (432).bmp,calib,0,2.484994,1.341573,-3.826566
smids/Normal_Sperm/Normal_Sperm (435).bmp,calib,0,1.115531,-1.353589,0.238058
smids/Normal_Sperm/Normal_Sperm (436).bmp,calib,0,2.661527,1.334247,-3.995773
smids/Normal_Sperm/Normal_Sperm (437).bmp,calib,0,2.797031,0.600307,-3.397337
smids/Normal_Sperm/Normal_Sperm (439).bmp,calib,0,2.541260,1.142182,-3.683441
smids/Normal_Sperm/Normal_Sperm (441).bmp,calib,0,1.682349,1.211920,-2.894268
smids/Normal_Sperm/Normal_Sperm (442).bmp,calib,0,2.851791,-1.435845,-1.415946
smids/Normal_Sperm/Normal_Sperm (447).bmp,calib,0,3.204133,-0.707785,-2.496347
smids/Normal_Sperm/Normal_Sperm (467).bmp,calib,0,3.655553,-0.434268,-3.221285
smids/Normal_Sperm/Normal_Sperm (468).bmp,calib,0,2.004652,1.094669,-3.099322
smids/Normal_Sperm/Normal_Sperm (473).bmp,calib,0,1.648638,1.350304,-2.998938
smids/Normal_Sperm/Normal_Sperm (477).bmp,calib,0,1.796988,0.056147,-1.853133
smids/Normal_Sperm/Normal_Sperm (483).bmp,calib,0,2.584525,0.589996,-3.174520
smids/Normal_Sperm/Normal_Sperm (49).bmp,calib,0,0.163793,2.161929,-2.325723
smids/Normal_Sperm/Normal_Sperm (496).bmp,calib,0,0.052705,-0.330654,0.277951
smids/Normal_Sperm/Normal_Sperm (499).bmp,calib,0,2.928308,-0.154953,-2.773354
smids/Normal_Sperm/Normal_Sperm (507).bmp,calib,0,4.286641,0.382100,-4.668742
smids/Normal_Sperm/Normal_Sperm (511).bmp,calib,0,3.921351,0.522172,-4.443522
smids/Normal_Sperm/Normal_Sperm (512).bmp,calib,0,0.853076,0.949107,-1.802181
smids/Normal_Sperm/Normal_Sperm (522).bmp,calib,0,1.442063,-0.579203,-0.862861
smids/Normal_Sperm/Normal_Sperm (524).bmp,calib,0,3.291415,0.153660,-3.445076
smids/Normal_Sperm/Normal_Sperm (527).bmp,calib,0,3.334787,0.118188,-3.452976
smids/Normal_Sperm/Normal_Sperm (537).bmp,calib,0,1.766864,0.008555,-1.775418
smids/Normal_Sperm/Normal_Sperm (540).bmp,calib,0,3.001799,-0.210904,-2.790896
smids/Normal_Sperm/Normal_Sperm (544).bmp,calib,0,2.983380,0.365307,-3.348689
smids/Normal_Sperm/Normal_Sperm (550).bmp,calib,0,3.449142,0.251051,-3.700191
smids/Normal_Sperm/Normal_Sperm (554).bmp,calib,0,2.778396,-0.778681,-1.999714
smids/Normal_Sperm/Normal_Sperm (555).bmp,calib,0,0.533987,0.121837,-0.655822
smids/Normal_Sperm/Normal_Sperm (561).bmp,calib,0,0.733840,1.001851,-1.735691
smids/Normal_Sperm/Normal_Sperm (563).bmp,calib,0,1.711841,-0.116764,-1.595077
smids/Normal_Sperm/Normal_Sperm (582).bmp,calib,0,3.837086,0.546761,-4.383847
smids/Normal_Sperm/Normal_Sperm (584).bmp,calib,0,1.785392,0.121161,-1.906550
smids/Normal_Sperm/Normal_Sperm (585).bmp,calib,0,1.853988,1.248477,-3.102464
smids/Normal_Sperm/Normal_Sperm (594).bmp,calib,0,2.003701,0.142312,-2.146012
smids/Normal_Sperm/Normal_Sperm (598).bmp,calib,0,2.684859,0.645318,-3.330176
smids/Normal_Sperm/Normal_Sperm (60).bmp,calib,0,0.779551,-0.861540,0.081990
smids/Normal_Sperm/Normal_Sperm (605).bmp,calib,0,4.442939,-0.097209,-4.345732
smids/Normal_Sperm/Normal_Sperm (618).bmp,calib,0,1.171739,1.220046,-2.391784
smids/Normal_Sperm/Normal_Sperm (630).bmp,calib,0,3.487826,-0.065138,-3.422688
smids/Normal_Sperm/Normal_Sperm (647).bmp,calib,0,2.689079,-0.614045,-2.075033
smids/Normal_Sperm/Normal_Sperm (654).bmp,calib,0,1.735561,-0.559870,-1.175691
smids/Normal_Sperm/Normal_Sperm (657).bmp,calib,0,1.528785,-0.660524,-0.868262
smids/Normal_Sperm/Normal_Sperm (660).bmp,calib,0,0.559784,0.638419,-1.198202
smids/Normal_Sperm/Normal_Sperm (662).bmp,calib,0,2.462348,-1.042010,-1.420338
smids/Normal_Sperm/Normal_Sperm (665).bmp,calib,0,2.464828,-0.386751,-2.078077
smids/Normal_Sperm/Normal_Sperm (672).bmp,calib,0,5.019609,0.273580,-5.293190
smids/Normal_Sperm/Normal_Sperm (675).bmp,calib,0,2.774004,0.322706,-3.096709
smids/Normal_Sperm/Normal_Sperm (676).bmp,calib,0,4.433018,-0.434161,-3.998857
smids/Normal_Sperm/Normal_Sperm (68).bmp,calib,0,1.418835,-0.355747,-1.063086
smids/Normal_Sperm/Normal_Sperm (681).bmp,calib,0,2.190029,1.461595,-3.651624
smids/Normal_Sperm/Normal_Sperm (683).bmp,calib,0,4.083673,0.887456,-4.971130
smids/Normal_Sperm/Normal_Sperm (693).bmp,calib,0,3.252982,-0.763303,-2.489679
smids/Normal_Sperm/Normal_Sperm (694).bmp,calib,0,1.006904,-0.904659,-0.102247
smids/Normal_Sperm/Normal_Sperm (698).bmp,calib,0,2.630408,-0.230381,-2.400028
smids/Normal_Sperm/Normal_Sperm (699).bmp,calib,0,2.835530,-0.734366,-2.101166
smids/Normal_Sperm/Normal_Sperm (7).bmp,calib,0,1.904015,-0.356636,-1.547378
smids/Normal_Sperm/Normal_Sperm (701).bmp,calib,0,1.416010,0.490207,-1.906218
smids/Normal_Sperm/Normal_Sperm (715).bmp,calib,0,-0.753184,1.175542,-0.422359
smids/Normal_Sperm/Normal_Sperm (722).bmp,calib,0,2.275546,0.125232,-2.400778
smids/Normal_Sperm/Normal_Sperm (730).bmp,calib,0,-0.240675,-0.031936,0.272612
smids/Normal_Sperm/Normal_Sperm (732).bmp,calib,0,2.027274,-1.190131,-0.837144
smids/Normal_Sperm/Normal_Sperm (74).bmp,calib,0,1.419381,0.739981,-2.159363
smids/Normal_Sperm/Normal_Sperm (763).bmp,calib,0,2.974056,-0.980335,-1.993720
smids/Normal_Sperm/Normal_Sperm (764).bmp,calib,0,2.640187,-1.463187,-1.177000
smids/Normal_Sperm/Normal_Sperm (765).bmp,calib,0,3.379388,0.304809,-3.684197
smids/Normal_Sperm/Normal_Sperm (772).bmp,calib,0,2.426003,-0.237701,-2.188302
smids/Normal_Sperm/Normal_Sperm (777).bmp,calib,0,2.036403,-0.835006,-1.201398
smids/Normal_Sperm/Normal_Sperm (780).bmp,calib,0,0.330899,-0.104387,-0.226511
smids/Normal_Sperm/Normal_Sperm (781).bmp,calib,0,2.123913,0.227396,-2.351308
smids/Normal_Sperm/Normal_Sperm (783).bmp,calib,0,2.303580,-0.561651,-1.741928
smids/Normal_Sperm/Normal_Sperm (787).bmp,calib,0,0.815367,-1.334698,0.519332
smids/Normal_Sperm/Normal_Sperm (790).bmp,calib,0,1.281308,0.186985,-1.468292
smids/Normal_Sperm/Normal_Sperm (794).bmp,calib,0,1.183938,-0.640042,-0.543896
smids/Normal_Sperm/Normal_Sperm (8).bmp,calib,0,0.568969,-0.808868,0.239898
smids/Normal_Sperm/Normal_Sperm (808).bmp,calib,0,1.515033,0.156335,-1.671367
smids/Normal_Sperm/Normal_Sperm (819).bmp,calib,0,0.858243,-0.118016,-0.740227
smids/Normal_Sperm/Normal_Sperm (82).bmp,calib,0,0.114575,0.946080,-1.060655
smids/Normal_Sperm/Normal_Sperm (835).bmp,calib,0,1.420898,-1.054713,-0.366186
smids/Normal_Sperm/Normal_Sperm (836).bmp,calib,0,1.313950,0.572349,-1.886299
smids/Normal_Sperm/Normal_Sperm (837).bmp,calib,0,1.166675,0.399397,-1.566073
smids/Normal_Sperm/Normal_Sperm (84).bmp,calib,0,0.632655,0.428546,-1.061201
smids/Normal_Sperm/Normal_Sperm (845).bmp,calib,0,0.524850,0.168606,-0.693456
smids/Normal_Sperm/Normal_Sperm (847).bmp,calib,0,1.437131,0.055758,-1.492889
smids/Normal_Sperm/Normal_Sperm (85).bmp,calib,0,1.255390,0.933258,-2.188647
smids/Normal_Sperm/Normal_Sperm (860).bmp,calib,0,0.062930,1.182339,-1.245268
smids/Normal_Sperm/Normal_Sperm (866).bmp,calib,0,1.261947,0.268923,-1.530870
smids/Normal_Sperm/Normal_Sperm (869).bmp,calib,0,3.388653,0.236518,-3.625171
smids/Normal_Sperm/Normal_Sperm (876).bmp,calib,0,2.673759,0.546432,-3.220192
smids/Normal_Sperm/Normal_Sperm (883).bmp,calib,0,1.469508,0.230619,-1.700128
smids/Normal_Sperm/Normal_Sperm (910).bmp,calib,0,1.237268,1.631735,-2.869000
smids/Normal_Sperm/Normal_Sperm (914).bmp,calib,0,0.460984,2.087646,-2.548631
smids/Normal_Sperm/Normal_Sperm (928).bmp,calib,0,1.553398,0.372727,-1.926124
smids/Normal_Sperm/Normal_Sperm (930).bmp,calib,0,-1.075638,-1.428781,2.504416
smids/Normal_Sperm/Normal_Sperm (953).bmp,calib,0,0.553438,2.446785,-3.000221
smids/Normal_Sperm/Normal_Sperm (960).bmp,calib,0,1.224788,1.098208,-2.322995
smids/Normal_Sperm/Normal_Sperm (970).bmp,calib,0,1.122863,2.059422,-3.182285
smids/Normal_Sperm/Normal_Sperm (98).bmp,calib,0,2.472888,-0.844224,-1.628663
smids/Normal_Sperm/Normal_Sperm (981).bmp,calib,0,0.678376,1.188016,-1.866392
smids/Normal_Sperm/Normal_Sperm (99).bmp,calib,0,1.735396,-0.358912,-1.376483
smids/Normal_Sperm/Normal_Sperm (991).bmp,calib,0,2.760871,0.702572,-3.463443
smids/Normal_Sperm/Normal_Sperm (992).bmp,calib,0,1.130281,-1.203746,0.073465
smids/Abnormal_Sperm/Abnormal_Sperm (105).bmp,test,1,0.021291,2.414366,-2.435657
smids/Abnormal_Sperm/Abnormal_Sperm (106).bmp,test,1,-1.531882,2.100742,-0.568861
smids/Abnormal_Sperm/Abnormal_Sperm (11).bmp,test,1,-0.073901,1.082508,-1.008608
smids/Abnormal_Sperm/Abnormal_Sperm (115).bmp,test,1,-0.219488,1.317300,-1.097814
smids/Abnormal_Sperm/Abnormal_Sperm (117).bmp,test,1,-0.772079,1.976208,-1.204127
smids/Abnormal_Sperm/Abnormal_Sperm (118).bmp,test,1,-0.241515,2.022085,-1.780567
smids/Abnormal_Sperm/Abnormal_Sperm (122).bmp,test,1,1.535707,2.588994,-4.124701
smids/Abnormal_Sperm/Abnormal_Sperm (123).bmp,test,1,-1.088614,2.067451,-0.978835
smids/Abnormal_Sperm/Abnormal_Sperm (128).bmp,test,1,0.115588,1.699834,-1.815421
smids/Abnormal_Sperm/Abnormal_Sperm (138).bmp,test,1,0.664445,2.017748,-2.682193
smids/Abnormal_Sperm/Abnormal_Sperm (140).bmp,test,1,0.759193,1.050451,-1.809647
smids/Abnormal_Sperm/Abnormal_Sperm (146).bmp,test,1,-0.191894,1.338493,-1.146598
smids/Abnormal_Sperm/Abnormal_Sperm (150).bmp,test,1,1.018592,2.829941,-3.848532
smids/Abnormal_Sperm/Abnormal_Sperm (154).bmp,test,1,-0.407433,1.182134,-0.774702
smids/Abnormal_Sperm/Abnormal_Sperm (156).bmp,test,1,-1.286188,2.394472,-1.108285
smids/Abnormal_Sperm/Abnormal_Sperm (159).bmp,test,1,1.742489,3.379229,-5.121717
smids/Abnormal_Sperm/Abnormal_Sperm (161).bmp,test,1,0.803823,1.610660,-2.414481
smids/Abnormal_Sperm/Abnormal_Sperm (173).bmp,test,1,-0.822065,2.755087,-1.933024
smids/Abnormal_Sperm/Abnormal_Sperm (175).bmp,test,1,0.058250,2.285460,-2.343710
smids/Abnormal_Sperm/Abnormal_Sperm (176).bmp,test,1,0.991472,1.897427,-2.888899
smids/Abnormal_Sperm/Abnormal_Sperm (177).bmp,test,1,-0.999148,0.883528,0.115620
smids/Abnormal_Sperm/Abnormal_Sperm (185).bmp,test,1,1.048996,1.782559,-2.831553
smids/Abnormal_Sperm/Abnormal_Sperm (19).bmp,test,1,-0.617918,1.922310,-1.304393
smids/Abnormal_Sperm/Abnormal_Sperm (2).bmp,test,1,-1.031173,1.094956,-0.063782
smids/Abnormal_Sperm/Abnormal_Sperm (21).bmp,test,1,-2.756946,1.538029,1.218918
smids/Abnormal_Sperm/Abnormal_Sperm (22).bmp,test,1,-0.962934,-1.096528,2.059464
smids/Abnormal_Sperm/Abnormal_Sperm (220).bmp,test,1,0.943189,3.288511,-4.231701
smids/Abnormal_Sperm/Abnormal_Sperm (227).bmp,test,1,0.246210,2.102724,-2.348933
smids/Abnormal_Sperm/Abnormal_Sperm (228).bmp,test,1,0.061415,-1.292808,1.231393
smids/Abnormal_Sperm/Abnormal_Sperm (238).bmp,test,1,-0.784158,1.464076,-0.679920
smids/Abnormal_Sperm/Abnormal_Sperm (244).bmp,test,1,-0.930078,2.107799,-1.177719
smids/Abnormal_Sperm/Abnormal_Sperm (247).bmp,test,1,-0.105465,1.754854,-1.649392
smids/Abnormal_Sperm/Abnormal_Sperm (26).bmp,test,1,-1.052621,2.952010,-1.899389
smids/Abnormal_Sperm/Abnormal_Sperm (262).bmp,test,1,-1.823925,1.833848,-0.009922
smids/Abnormal_Sperm/Abnormal_Sperm (263).bmp,test,1,-0.983021,2.810529,-1.827511
smids/Abnormal_Sperm/Abnormal_Sperm (268).bmp,test,1,-0.413508,1.316456,-0.902947
smids/Abnormal_Sperm/Abnormal_Sperm (270).bmp,test,1,-0.449605,1.590987,-1.141382
smids/Abnormal_Sperm/Abnormal_Sperm (274).bmp,test,1,-1.505894,1.253128,0.252764
smids/Abnormal_Sperm/Abnormal_Sperm (28).bmp,test,1,0.801804,-0.409604,-0.392201
smids/Abnormal_Sperm/Abnormal_Sperm (284).bmp,test,1,-1.415929,0.697098,0.718832
smids/Abnormal_Sperm/Abnormal_Sperm (286).bmp,test,1,-1.525432,0.008354,1.517077
smids/Abnormal_Sperm/Abnormal_Sperm (287).bmp,test,1,-0.181299,2.481960,-2.300660
smids/Abnormal_Sperm/Abnormal_Sperm (297).bmp,test,1,-0.080719,1.385110,-1.304391
smids/Abnormal_Sperm/Abnormal_Sperm (298).bmp,test,1,0.486307,0.714683,-1.200986
smids/Abnormal_Sperm/Abnormal_Sperm (299).bmp,test,1,0.063294,1.780397,-1.843688
smids/Abnormal_Sperm/Abnormal_Sperm (305).bmp,test,1,-1.193894,3.928555,-2.734662
smids/Abnormal_Sperm/Abnormal_Sperm (308).bmp,test,1,-0.226562,1.734553,-1.507991
smids/Abnormal_Sperm/Abnormal_Sperm (310).bmp,test,1,-2.837080,1.621645,1.215433
smids/Abnormal_Sperm/Abnormal_Sperm (312).bmp,test,1,-0.235605,-0.367606,0.603207
smids/Abnormal_Sperm/Abnormal_Sperm (33).bmp,test,1,1.149071,0.898929,-2.047999
smids/Abnormal_Sperm/Abnormal_Sperm (339).bmp,test,1,2.168300,2.303833,-4.472135
smids/Abnormal_Sperm/Abnormal_Sperm (343).bmp,test,1,0.061313,1.578458,-1.639772
smids/Abnormal_Sperm/Abnormal_Sperm (352).bmp,test,1,0.796697,2.092346,-2.889042
smids/Abnormal_Sperm/Abnormal_Sperm (358).bmp,test,1,-0.938939,1.726449,-0.787510
smids/Abnormal_Sperm/Abnormal_Sperm (376).bmp,test,1,-1.033301,2.018160,-0.984859
smids/Abnormal_Sperm/Abnormal_Sperm (383).bmp,test,1,-0.973344,2.306764,-1.333420
smids/Abnormal_Sperm/Abnormal_Sperm (386).bmp,test,1,-1.338768,-0.428355,1.767121
smids/Abnormal_Sperm/Abnormal_Sperm (394).bmp,test,1,-0.780602,0.942507,-0.161904
smids/Abnormal_Sperm/Abnormal_Sperm (397).bmp,test,1,-0.525282,0.682715,-0.157433
smids/Abnormal_Sperm/Abnormal_Sperm (403).bmp,test,1,1.046886,2.446136,-3.493020
smids/Abnormal_Sperm/Abnormal_Sperm (404).bmp,test,1,-0.367591,1.813320,-1.445728
smids/Abnormal_Sperm/Abnormal_Sperm (407).bmp,test,1,0.810700,-0.346021,-0.464678
smids/Abnormal_Sperm/Abnormal_Sperm (408).bmp,test,1,-0.201695,1.314330,-1.112635
smids/Abnormal_Sperm/Abnormal_Sperm (409).bmp,test,1,0.826596,0.603404,-1.429998
smids/Abnormal_Sperm/Abnormal_Sperm (411).bmp,test,1,0.399371,1.332645,-1.732014
smids/Abnormal_Sperm/Abnormal_Sperm (42).bmp,test,1,1.881782,1.764873,-3.646653
smids/Abnormal_Sperm/Abnormal_Sperm (426).bmp,test,1,-0.701240,1.707356,-1.006115
smids/Abnormal_Sperm/Abnormal_Sperm (433).bmp,test,1,-0.758532,0.943074,-0.184542
smids/Abnormal_Sperm/Abnormal_Sperm (435).bmp,test,1,-0.183176,2.639037,-2.455863
smids/Abnormal_Sperm/Abnormal_Sperm (440).bmp,test,1,0.084458,2.308052,-2.392509
smids/Abnormal_Sperm/Abnormal_Sperm (441).bmp,test,1,-1.280320,2.652454,-1.372133
smids/Abnormal_Sperm/Abnormal_Sperm (444).bmp,test,1,0.725376,1.229240,-1.954616
smids/Abnormal_Sperm/Abnormal_Sperm (461).bmp,test,1,-1.672771,2.118565,-0.445791
smids/Abnormal_Sperm/Abnormal_Sperm (466).bmp,test,1,-0.519942,2.086203,-1.566260
smids/Abnormal_Sperm/Abnormal_Sperm (467).bmp,test,1,-1.733949,1.479618,0.254333
smids/Abnormal_Sperm/Abnormal_Sperm (471).bmp,test,1,0.392852,2.650637,-3.043488
smids/Abnormal_Sperm/Abnormal_Sperm (473).bmp,test,1,-0.572249,2.823839,-2.251590
smids/Abnormal_Sperm/Abnormal_Sperm (480).bmp,test,1,2.144959,0.639851,-2.784810
smids/Abnormal_Sperm/Abnormal_Sperm (491).bmp,test,1,-0.878381,2.004913,-1.126531
smids/Abnormal_Sperm/Abnormal_Sperm (494).bmp,test,1,-1.142210,0.679416,0.462796
smids/Abnormal_Sperm/Abnormal_Sperm (495).bmp,test,1,-1.476618,2.349613,-0.872997
smids/Abnormal_Sperm/Abnormal_Sperm (506).bmp,test,1,0.354268,1.384844,-1.739112
smids/Abnormal_Sperm/Abnormal_Sperm (512).bmp,test,1,0.367697,-0.076310,-0.291385
smids/Abnormal_Sperm/Abnormal_Sperm (515).bmp,test,1,0.052061,1.258482,-1.310544
smids/Abnormal_Sperm/Abnormal_Sperm (517).bmp,test,1,-0.615385,2.094619,-1.479233
smids/Abnormal_Sperm/Abnormal_Sperm (522).bmp,test,1,0.092458,-0.162504,0.070046
smids/Abnormal_Sperm/Abnormal_Sperm (523).bmp,test,1,-0.819993,2.410494,-1.590500
smids/Abnormal_Sperm/Abnormal_Sperm (530).bmp,test,1,-1.513597,1.505404,0.008194
smids/Abnormal_Sperm/Abnormal_Sperm (531).bmp,test,1,-0.268325,0.162246,0.106078
smids/Abnormal_Sperm/Abnormal_Sperm (533).bmp,test,1,1.862786,0.622271,-2.485058
smids/Abnormal_Sperm/Abnormal_Sperm (536).bmp,test,1,1.758859,0.313322,-2.072181
smids/Abnormal_Sperm/Abnormal_Sperm (537).bmp,test,1,0.526723,0.155102,-0.681825
smids/Abnormal_Sperm/Abnormal_Sperm (54).bmp,test,1,-0.553273,1.776196,-1.222923
smids/Abnormal_Sperm/Abnormal_Sperm (540).bmp,test,1,-0.968294,2.519988,-1.551696
smids/Abnormal_Sperm/Abnormal_Sperm (549).bmp,test,1,0.716613,-1.195074,0.478463
smids/Abnormal_Sperm/Abnormal_Sperm (553).bmp,test,1,1.384929,-0.287707,-1.097222
smids/Abnormal_Sperm/Abnormal_Sperm (554).bmp,test,1,0.286404,-0.110581,-0.175823
smids/Abnormal_Sperm/Abnormal_Sperm (557).bmp,test,1,0.568071,-1.572591,1.004521
smids/Abnormal_Sperm/Abnormal_Sperm (56).bmp,test,1,-1.641421,1.490833,0.150589
smids/Abnormal_Sperm/Abnormal_Sperm (567).bmp,test,1,0.539348,2.119032,-2.658382
smids/Abnormal_Sperm/Abnormal_Sperm (581).bmp,test,1,0.288187,0.048008,-0.336195
smids/Abnormal_Sperm/Abnormal_Sperm (582).bmp,test,1,-1.231611,2.385538,-1.153927
smids/Abnormal_Sperm/Abnormal_Sperm (586).bmp,test,1,-0.311291,1.511719,-1.200428
smids/Abnormal_Sperm/Abnormal_Sperm (59).bmp,test,1,-1.190815,2.481908,-1.291092
smids/Abnormal_Sperm/Abnormal_Sperm (598).bmp,test,1,0.232735,2.462519,-2.695255
smids/Abnormal_Sperm/Abnormal_Sperm (599).bmp,test,1,-0.489751,1.207415,-0.717664
smids/Abnormal_Sperm/Abnormal_Sperm (6).bmp,test,1,-0.694763,1.173868,-0.479106
smids/Abnormal_Sperm/Abnormal_Sperm (601).bmp,test,1,0.533138,0.143578,-0.676715
smids/Abnormal_Sperm/Abnormal_Sperm (61).bmp,test,1,-0.914317,2.014855,-1.100535
smids/Abnormal_Sperm/Abnormal_Sperm (612).bmp,test,1,1.375568,0.251555,-1.627122
smids/Abnormal_Sperm/Abnormal_Sperm (624).bmp,test,1,0.453581,1.869318,-2.322899
smids/Abnormal_Sperm/Abnormal_Sperm (640).bmp,test,1,0.359612,0.458766,-0.818377
smids/Abnormal_Sperm/Abnormal_Sperm (644).bmp,test,1,-0.287549,1.594185,-1.306634
smids/Abnormal_Sperm/Abnormal_Sperm (645).bmp,test,1,0.450652,2.233878,-2.684529
smids/Abnormal_Sperm/Abnormal_Sperm (646).bmp,test,1,0.174987,1.791262,-1.966247
smids/Abnormal_Sperm/Abnormal_Sperm (647).bmp,test,1,1.463608,1.046188,-2.509795
smids/Abnormal_Sperm/Abnormal_Sperm (651).bmp,test,1,0.454470,0.262769,-0.717238
smids/Abnormal_Sperm/Abnormal_Sperm (652).bmp,test,1,1.570868,2.308082,-3.878950
smids/Abnormal_Sperm/Abnormal_Sperm (655).bmp,test,1,2.655075,1.866573,-4.521647
smids/Abnormal_Sperm/Abnormal_Sperm (656).bmp,test,1,0.042430,0.949965,-0.992396
smids/Abnormal_Sperm/Abnormal_Sperm (658).bmp,test,1,0.387684,2.041314,-2.428996
smids/Abnormal_Sperm/Abnormal_Sperm (666).bmp,test,1,-1.621521,1.336570,0.284952
smids/Abnormal_Sperm/Abnormal_Sperm (670).bmp,test,1,1.359139,0.132356,-1.491494
smids/Abnormal_Sperm/Abnormal_Sperm (677).bmp,test,1,-0.307765,1.396349,-1.088583
smids/Abnormal_Sperm/Abnormal_Sperm (682).bmp,test,1,-1.326584,0.555529,0.771056
smids/Abnormal_Sperm/Abnormal_Sperm (688).bmp,test,1,-1.028803,1.069005,-0.040201
smids/Abnormal_Sperm/Abnormal_Sperm (691).bmp,test,1,-0.001815,1.217711,-1.215895
smids/Abnormal_Sperm/Abnormal_Sperm (692).bmp,test,1,0.630592,1.539976,-2.170567
smids/Abnormal_Sperm/Abnormal_Sperm (698).bmp,test,1,0.494974,1.953806,-2.448778
smids/Abnormal_Sperm/Abnormal_Sperm (70).bmp,test,1,0.071521,1.677159,-1.748678
smids/Abnormal_Sperm/Abnormal_Sperm (706).bmp,test,1,-0.567835,0.895890,-0.328053
smids/Abnormal_Sperm/Abnormal_Sperm (716).bmp,test,1,0.194700,1.658565,-1.853263
smids/Abnormal_Sperm/Abnormal_Sperm (723).bmp,test,1,-0.118587,1.793342,-1.674756
smids/Abnormal_Sperm/Abnormal_Sperm (724).bmp,test,1,-0.797499,0.533938,0.263561
smids/Abnormal_Sperm/Abnormal_Sperm (726).bmp,test,1,2.425538,0.264372,-2.689909
smids/Abnormal_Sperm/Abnormal_Sperm (738).bmp,test,1,-0.431253,1.968269,-1.537014
smids/Abnormal_Sperm/Abnormal_Sperm (74).bmp,test,1,0.056564,2.762897,-2.819458
smids/Abnormal_Sperm/Abnormal_Sperm (743).bmp,test,1,0.000563,3.514928,-3.515492
smids/Abnormal_Sperm/Abnormal_Sperm (749).bmp,test,1,-0.908342,2.345331,-1.436989
smids/Abnormal_Sperm/Abnormal_Sperm (755).bmp,test,1,-0.087857,1.374133,-1.286274
smids/Abnormal_Sperm/Abnormal_Sperm (76).bmp,test,1,-1.205195,1.817970,-0.612778
smids/Abnormal_Sperm/Abnormal_Sperm (762).bmp,test,1,-0.384389,1.455424,-1.071034
smids/Abnormal_Sperm/Abnormal_Sperm (766).bmp,test,1,1.610724,1.643676,-3.254398
smids/Abnormal_Sperm/Abnormal_Sperm (768).bmp,test,1,1.495093,0.659280,-2.154373
smids/Abnormal_Sperm/Abnormal_Sperm (771).bmp,test,1,-1.871650,0.752323,1.119326
smids/Abnormal_Sperm/Abnormal_Sperm (778).bmp,test,1,0.021673,1.334657,-1.356327
smids/Abnormal_Sperm/Abnormal_Sperm (788).bmp,test,1,-1.422977,1.625753,-0.202777
smids/Abnormal_Sperm/Abnormal_Sperm (792).bmp,test,1,-0.022513,0.453098,-0.430584
smids/Abnormal_Sperm/Abnormal_Sperm (793).bmp,test,1,-0.948687,-0.223939,1.172628
smids/Abnormal_Sperm/Abnormal_Sperm (796).bmp,test,1,4.465179,1.176426,-5.641603
smids/Abnormal_Sperm/Abnormal_Sperm (806).bmp,test,1,-0.495420,1.044268,-0.548846
smids/Abnormal_Sperm/Abnormal_Sperm (814).bmp,test,1,1.633434,1.910390,-3.543823
smids/Abnormal_Sperm/Abnormal_Sperm (820).bmp,test,1,1.664675,1.343629,-3.008304
smids/Abnormal_Sperm/Abnormal_Sperm (824).bmp,test,1,0.750425,1.192603,-1.943027
smids/Abnormal_Sperm/Abnormal_Sperm (832).bmp,test,1,0.686799,2.548494,-3.235293
smids/Abnormal_Sperm/Abnormal_Sperm (836).bmp,test,1,1.056116,0.969346,-2.025462
smids/Abnormal_Sperm/Abnormal_Sperm (84).bmp,test,1,-0.301207,3.078135,-2.776927
smids/Abnormal_Sperm/Abnormal_Sperm (842).bmp,test,1,0.896165,1.084149,-1.980314
smids/Abnormal_Sperm/Abnormal_Sperm (844).bmp,test,1,-0.567101,0.031894,0.535208
smids/Abnormal_Sperm/Abnormal_Sperm (846).bmp,test,1,1.688169,1.338565,-3.026733
smids/Abnormal_Sperm/Abnormal_Sperm (849).bmp,test,1,2.285688,0.182387,-2.468075
smids/Abnormal_Sperm/Abnormal_Sperm (850).bmp,test,1,-0.935991,2.166554,-1.230562
smids/Abnormal_Sperm/Abnormal_Sperm (853).bmp,test,1,0.501964,1.829132,-2.331095
smids/Abnormal_Sperm/Abnormal_Sperm (854).bmp,test,1,1.080696,0.834137,-1.914832
smids/Abnormal_Sperm/Abnormal_Sperm (860).bmp,test,1,2.915956,0.165434,-3.081390
smids/Abnormal_Sperm/Abnormal_Sperm (864).bmp,test,1,1.295593,-0.596651,-0.698943
smids/Abnormal_Sperm/Abnormal_Sperm (868).bmp,test,1,0.297461,0.593290,-0.890749
smids/Abnormal_Sperm/Abnormal_Sperm (873).bmp,test,1,0.231238,1.265426,-1.496663
smids/Abnormal_Sperm/Abnormal_Sperm (884).bmp,test,1,0.378337,1.545479,-1.923815
smids/Abnormal_Sperm/Abnormal_Sperm (888).bmp,test,1,2.119499,0.175692,-2.295191
smids/Abnormal_Sperm/Abnormal_Sperm (900).bmp,test,1,-0.142252,0.959495,-0.817245
smids/Abnormal_Sperm/Abnormal_Sperm (902).bmp,test,1,-0.688047,0.830102,-0.142057
smids/Abnormal_Sperm/Abnormal_Sperm (904).bmp,test,1,0.917007,-0.075944,-0.841063
smids/Abnormal_Sperm/Abnormal_Sperm (906).bmp,test,1,1.600487,1.417266,-3.017753
smids/Abnormal_Sperm/Abnormal_Sperm (908).bmp,test,1,-0.296114,3.308623,-3.012510
smids/Abnormal_Sperm/Abnormal_Sperm (909).bmp,test,1,-0.068651,3.086198,-3.017549
smids/Abnormal_Sperm/Abnormal_Sperm (921).bmp,test,1,-1.471745,0.386725,1.085019
smids/Abnormal_Sperm/Abnormal_Sperm (924).bmp,test,1,-1.492784,2.062196,-0.569412
smids/Abnormal_Sperm/Abnormal_Sperm (925).bmp,test,1,1.169512,1.493150,-2.662661
smids/Abnormal_Sperm/Abnormal_Sperm (94).bmp,test,1,-1.906951,2.334281,-0.427331
smids/Abnormal_Sperm/Abnormal_Sperm (948).bmp,test,1,0.308687,1.554311,-1.862998
smids/Abnormal_Sperm/Abnormal_Sperm (951).bmp,test,1,0.080457,-0.860486,0.780029
smids/Abnormal_Sperm/Abnormal_Sperm (952).bmp,test,1,1.716656,0.835903,-2.552562
smids/Abnormal_Sperm/Abnormal_Sperm (957).bmp,test,1,-1.357015,1.239594,0.117418
smids/Abnormal_Sperm/Abnormal_Sperm (96).bmp,test,1,-2.025464,2.046091,-0.020629
smids/Abnormal_Sperm/Abnormal_Sperm (965).bmp,test,1,0.422816,2.477421,-2.900235
smids/Abnormal_Sperm/Abnormal_Sperm (971).bmp,test,1,0.200597,0.969754,-1.170351
smids/Abnormal_Sperm/Abnormal_Sperm (975).bmp,test,1,-0.835689,3.084985,-2.249295
smids/Abnormal_Sperm/Abnormal_Sperm (977).bmp,test,1,-0.258637,2.016966,-1.758330
smids/Abnormal_Sperm/Abnormal_Sperm (979).bmp,test,1,1.484659,1.961657,-3.446316
smids/Abnormal_Sperm/Abnormal_Sperm (98).bmp,test,1,1.116231,2.941854,-4.058087
smids/Abnormal_Sperm/Abnormal_Sperm (983).bmp,test,1,-0.924635,1.428800,-0.504162
smids/Abnormal_Sperm/Abnormal_Sperm (991).bmp,test,1,-0.170226,1.688179,-1.517953
smids/Abnormal_Sperm/Abnormal_Sperm (994).bmp,test,1,0.822372,1.958615,-2.780988
smids/Non-Sperm/Non-Sperm (100).bmp,test,2,-1.001395,-0.682208,1.683603
smids/Non-Sperm/Non-Sperm (108).bmp,test,2,-1.267474,-0.900845,2.168318
smids/Non-Sperm/Non-Sperm (127).bmp,test,2,-2.432284,-0.273214,2.705499
smids/Non-Sperm/Non-Sperm (139).bmp,test,2,-1.355757,-0.843026,2.198782
smids/Non-Sperm/Non-Sperm (143).bmp,test,2,-1.025415,-0.626679,1.652094
smids/Non-Sperm/Non-Sperm (146).bmp,test,2,-1.723425,-1.248558,2.971981
smids/Non-Sperm/Non-Sperm (147).bmp,test,2,-2.151250,-1.352375,3.503625
smids/Non-Sperm/Non-Sperm (152).bmp,test,2,-0.941655,-2.677952,3.619607
smids/Non-Sperm/Non-Sperm (154).bmp,test,2,-1.557642,-1.974301,3.531943
smids/Non-Sperm/Non-Sperm (163).bmp,test,2,-1.654871,0.637873,1.016999
smids/Non-Sperm/Non-Sperm (168).bmp,test,2,-1.711688,-1.903431,3.615119
smids/Non-Sperm/Non-Sperm (179).bmp,test,2,-1.395497,-2.079973,3.475470
smids/Non-Sperm/Non-Sperm (180).bmp,test,2,-0.993264,-2.101298,3.094563
smids/Non-Sperm/Non-Sperm (182).bmp,test,2,-0.507874,-1.026038,1.533912
smids/Non-Sperm/Non-Sperm (186).bmp,test,2,-1.724756,-2.104168,3.828925
smids/Non-Sperm/Non-Sperm (187).bmp,test,2,-2.041186,-2.524800,4.565985
smids/Non-Sperm/Non-Sperm (188).bmp,test,2,-1.183378,-1.978382,3.161759
smids/Non-Sperm/Non-Sperm (192).bmp,test,2,-1.937600,-0.551455,2.489052
smids/Non-Sperm/Non-Sperm (2).bmp,test,2,-1.208764,1.747772,-0.539006
smids/Non-Sperm/Non-Sperm (204).bmp,test,2,-1.999959,-1.706435,3.706393
smids/Non-Sperm/Non-Sperm (206).bmp,test,2,-1.212404,-1.613710,2.826115
smids/Non-Sperm/Non-Sperm (212).bmp,test,2,-2.075155,-1.533136,3.608291
smids/Non-Sperm/Non-Sperm (213).bmp,test,2,-1.475947,-2.131520,3.607469
smids/Non-Sperm/Non-Sperm (216).bmp,test,2,-1.123774,-0.400963,1.524735
smids/Non-Sperm/Non-Sperm (221).bmp,test,2,-1.484727,-1.078245,2.562973
smids/Non-Sperm/Non-Sperm (223).bmp,test,2,-0.966122,-1.596905,2.563028
smids/Non-Sperm/Non-Sperm (232).bmp,test,2,-1.323007,-1.153714,2.476721
smids/Non-Sperm/Non-Sperm (236).bmp,test,2,-2.056453,0.128794,1.927657
smids/Non-Sperm/Non-Sperm (248).bmp,test,2,-1.386917,-1.748425,3.135342
smids/Non-Sperm/Non-Sperm (25).bmp,test,2,1.410812,-0.836128,-0.574685
smids/Non-Sperm/Non-Sperm (256).bmp,test,2,-0.045484,-1.448325,1.493812
smids/Non-Sperm/Non-Sperm (257).bmp,test,2,-1.593450,-0.569654,2.163104
smids/Non-Sperm/Non-Sperm (261).bmp,test,2,-1.144990,-1.284418,2.429410
smids/Non-Sperm/Non-Sperm (263).bmp,test,2,-1.532498,-0.399247,1.931746
smids/Non-Sperm/Non-Sperm (264).bmp,test,2,-2.079167,-0.339354,2.418522
smids/Non-Sperm/Non-Sperm (265).bmp,test,2,-1.172735,-1.351361,2.524097
smids/Non-Sperm/Non-Sperm (270).bmp,test,2,-0.107974,-1.715134,1.823108
smids/Non-Sperm/Non-Sperm (271).bmp,test,2,0.198978,-2.081261,1.882282
smids/Non-Sperm/Non-Sperm (274).bmp,test,2,-1.464851,-2.049501,3.514354
smids/Non-Sperm/Non-Sperm (276).bmp,test,2,-1.288518,-1.387851,2.676368
smids/Non-Sperm/Non-Sperm (278).bmp,test,2,-1.672199,-1.041991,2.714190
smids/Non-Sperm/Non-Sperm (280).bmp,test,2,-1.972589,-1.426766,3.399355
smids/Non-Sperm/Non-Sperm (284).bmp,test,2,-0.832519,-1.575093,2.407613
smids/Non-Sperm/Non-Sperm (29).bmp,test,2,-2.878246,-0.225148,3.103393
smids/Non-Sperm/Non-Sperm (297).bmp,test,2,-1.796152,-0.975076,2.771230
smids/Non-Sperm/Non-Sperm (303).bmp,test,2,-0.784924,-2.239382,3.024307
smids/Non-Sperm/Non-Sperm (312).bmp,test,2,-1.575613,-1.619512,3.195125
smids/Non-Sperm/Non-Sperm (322).bmp,test,2,-1.330780,-2.065681,3.396461
smids/Non-Sperm/Non-Sperm (335).bmp,test,2,-0.249520,-0.327824,0.577346
smids/Non-Sperm/Non-Sperm (336).bmp,test,2,-1.381866,-0.948674,2.330539
smids/Non-Sperm/Non-Sperm (341).bmp,test,2,-0.612497,1.159455,-0.546958
smids/Non-Sperm/Non-Sperm (346).bmp,test,2,-1.516367,-1.717491,3.233857
smids/Non-Sperm/Non-Sperm (354).bmp,test,2,-0.726955,-0.971757,1.698713
smids/Non-Sperm/Non-Sperm (356).bmp,test,2,-0.721826,-1.701636,2.423460
smids/Non-Sperm/Non-Sperm (358).bmp,test,2,-0.397159,-0.636490,1.033651
smids/Non-Sperm/Non-Sperm (359).bmp,test,2,-2.023516,-1.201449,3.224965
smids/Non-Sperm/Non-Sperm (360).bmp,test,2,-0.588521,-0.876458,1.464980
smids/Non-Sperm/Non-Sperm (368).bmp,test,2,-2.068434,-0.326670,2.395104
smids/Non-Sperm/Non-Sperm (372).bmp,test,2,-1.384784,-1.890012,3.274796
smids/Non-Sperm/Non-Sperm (376).bmp,test,2,-1.186377,-0.987701,2.174080
smids/Non-Sperm/Non-Sperm (379).bmp,test,2,-1.942320,-0.707448,2.649770
smids/Non-Sperm/Non-Sperm (394).bmp,test,2,-0.244346,-0.533713,0.778059
smids/Non-Sperm/Non-Sperm (396).bmp,test,2,1.883541,0.173407,-2.056947
smids/Non-Sperm/Non-Sperm (397).bmp,test,2,0.248693,-1.357747,1.109055
smids/Non-Sperm/Non-Sperm (398).bmp,test,2,2.095103,-0.398974,-1.696128
smids/Non-Sperm/Non-Sperm (399).bmp,test,2,-0.034959,-1.004290,1.039250
smids/Non-Sperm/Non-Sperm (401).bmp,test,2,-0.091423,-1.536201,1.627625
smids/Non-Sperm/Non-Sperm (403).bmp,test,2,0.178042,-1.234929,1.056887
smids/Non-Sperm/Non-Sperm (404).bmp,test,2,-1.679632,-0.866555,2.546188
smids/Non-Sperm/Non-Sperm (406).bmp,test,2,-1.993731,-0.117110,2.110842
smids/Non-Sperm/Non-Sperm (407).bmp,test,2,-0.601790,-1.394629,1.996421
smids/Non-Sperm/Non-Sperm (412).bmp,test,2,1.170055,-0.819802,-0.350254
smids/Non-Sperm/Non-Sperm (413).bmp,test,2,-2.824784,0.431316,2.393468
smids/Non-Sperm/Non-Sperm (418).bmp,test,2,-2.552152,-0.381958,2.934109
smids/Non-Sperm/Non-Sperm (419).bmp,test,2,-1.090510,-1.239610,2.330121
smids/Non-Sperm/Non-Sperm (422).bmp,test,2,-0.936886,-1.944459,2.881344
smids/Non-Sperm/Non-Sperm (423).bmp,test,2,-1.130443,-2.079350,3.209794
smids/Non-Sperm/Non-Sperm (426).bmp,test,2,-0.404241,-0.734002,1.138244
smids/Non-Sperm/Non-Sperm (429).bmp,test,2,-1.188541,-1.070630,2.259172
smids/Non-Sperm/Non-Sperm (43).bmp,test,2,-1.341888,0.507780,0.834109
smids/Non-Sperm/Non-Sperm (430).bmp,test,2,-1.238918,-2.016104,3.255022
smids/Non-Sperm/Non-Sperm (434).bmp,test,2,-3.258628,1.075269,2.183356
smids/Non-Sperm/Non-Sperm (439).bmp,test,2,-1.314593,-1.459735,2.774327
smids/Non-Sperm/Non-Sperm (440).bmp,test,2,0.216128,-1.297856,1.081728
smids/Non-Sperm/Non-Sperm (447).bmp,test,2,-0.984281,-1.445174,2.429457
smids/Non-Sperm/Non-Sperm (450).bmp,test,2,-1.997014,-0.070858,2.067871
smids/Non-Sperm/Non-Sperm (458).bmp,test,2,-0.770843,-2.594344,3.365187
smids/Non-Sperm/Non-Sperm (463).bmp,test,2,-1.003792,-0.564022,1.567813
smids/Non-Sperm/Non-Sperm (476).bmp,test,2,-1.929345,-1.418916,3.348261
smids/Non-Sperm/Non-Sperm (48).bmp,test,2,-1.511119,1.129410,0.381711
smids/Non-Sperm/Non-Sperm (482).bmp,test,2,-1.847234,-2.037968,3.885200
smids/Non-Sperm/Non-Sperm (483).bmp,test,2,-1.225447,-0.898468,2.123916
smids/Non-Sperm/Non-Sperm (491).bmp,test,2,-0.858095,-2.045560,2.903653
smids/Non-Sperm/Non-Sperm (493).bmp,test,2,-0.888750,-1.621604,2.510353
smids/Non-Sperm/Non-Sperm (497).bmp,test,2,-1.179185,-0.912281,2.091467
smids/Non-Sperm/Non-Sperm (504).bmp,test,2,-1.853072,-0.478400,2.331472
smids/Non-Sperm/Non-Sperm (51).bmp,test,2,-1.667166,-0.623767,2.290934
smids/Non-Sperm/Non-Sperm (510).bmp,test,2,-1.096181,-2.781235,3.877417
smids/Non-Sperm/Non-Sperm (512).bmp,test,2,-1.090893,-2.352985,3.443879
smids/Non-Sperm/Non-Sperm (515).bmp,test,2,-1.469770,-1.038905,2.508672
smids/Non-Sperm/Non-Sperm (516).bmp,test,2,-1.101038,0.423437,0.677603
smids/Non-Sperm/Non-Sperm (517).bmp,test,2,-1.653596,-0.612401,2.265998
smids/Non-Sperm/Non-Sperm (518).bmp,test,2,-1.791665,-1.880399,3.672065
smids/Non-Sperm/Non-Sperm (522).bmp,test,2,-1.421298,-0.058798,1.480098
smids/Non-Sperm/Non-Sperm (527).bmp,test,2,-2.377292,-1.003183,3.380475
smids/Non-Sperm/Non-Sperm (528).bmp,test,2,-1.285123,1.508817,-0.223692
smids/Non-Sperm/Non-Sperm (53).bmp,test,2,-1.162370,1.111305,0.051068
smids/Non-Sperm/Non-Sperm (544).bmp,test,2,-0.826485,-1.759845,2.586330
smids/Non-Sperm/Non-Sperm (546).bmp,test,2,-1.517680,-0.136897,1.654574
smids/Non-Sperm/Non-Sperm (564).bmp,test,2,-2.587480,-0.469820,3.057301
smids/Non-Sperm/Non-Sperm (57).bmp,test,2,-1.999517,0.752460,1.247053
smids/Non-Sperm/Non-Sperm (572).bmp,test,2,-0.636976,-0.396505,1.033478
smids/Non-Sperm/Non-Sperm (582).bmp,test,2,-1.357420,-0.643504,2.000925
smids/Non-Sperm/Non-Sperm (583).bmp,test,2,-2.525466,0.721635,1.803833
smids/Non-Sperm/Non-Sperm (585).bmp,test,2,-3.180858,0.741682,2.439175
smids/Non-Sperm/Non-Sperm (59).bmp,test,2,-0.523687,3.192938,-2.669251
smids/Non-Sperm/Non-Sperm (593).bmp,test,2,-1.470211,-0.507714,1.977924
smids/Non-Sperm/Non-Sperm (594).bmp,test,2,-1.070133,-1.266521,2.336654
smids/Non-Sperm/Non-Sperm (60).bmp,test,2,2.022104,1.530269,-3.552372
smids/Non-Sperm/Non-Sperm (605).bmp,test,2,-1.578783,-1.022931,2.601715
smids/Non-Sperm/Non-Sperm (608).bmp,test,2,-1.289250,-1.168024,2.457274
smids/Non-Sperm/Non-Sperm (609).bmp,test,2,-0.863723,-0.587749,1.451473
smids/Non-Sperm/Non-Sperm (618).bmp,test,2,-1.451691,-1.689828,3.141518
smids/Non-Sperm/Non-Sperm (622).bmp,test,2,-1.788171,-1.623897,3.412067
smids/Non-Sperm/Non-Sperm (623).bmp,test,2,-1.047097,-1.591281,2.638379
smids/Non-Sperm/Non-Sperm (628).bmp,test,2,-0.899593,-1.452445,2.352038
smids/Non-Sperm/Non-Sperm (629).bmp,test,2,-1.067874,-2.461627,3.529501
smids/Non-Sperm/Non-Sperm (630).bmp,test,2,-2.305892,-0.893679,3.199571
smids/Non-Sperm/Non-Sperm (633).bmp,test,2,-1.052865,-1.927716,2.980582
smids/Non-Sperm/Non-Sperm (643).bmp,test,2,-0.694914,-1.757988,2.452902
smids/Non-Sperm/Non-Sperm (646).bmp,test,2,-2.452805,0.456834,1.995969
smids/Non-Sperm/Non-Sperm (660).bmp,test,2,-0.581984,-0.785519,1.367503
smids/Non-Sperm/Non-Sperm (670).bmp,test,2,-0.462917,-1.417108,1.880025
smids/Non-Sperm/Non-Sperm (672).bmp,test,2,-1.061978,-1.806950,2.868929
smids/Non-Sperm/Non-Sperm (674).bmp,test,2,-1.232211,-0.719562,1.951774
smids/Non-Sperm/Non-Sperm (681).bmp,test,2,0.069661,-1.368147,1.298485
smids/Non-Sperm/Non-Sperm (683).bmp,test,2,-1.488895,-1.759114,3.248009
smids/Non-Sperm/Non-Sperm (687).bmp,test,2,-0.245998,-1.397100,1.643099
smids/Non-Sperm/Non-Sperm (703).bmp,test,2,-0.708658,-2.150137,2.858794
smids/Non-Sperm/Non-Sperm (707).bmp,test,2,-1.366111,-1.993063,3.359174
smids/Non-Sperm/Non-Sperm (71).bmp,test,2,-3.694889,3.132614,0.562273
smids/Non-Sperm/Non-Sperm (72).bmp,test,2,-0.341423,-0.314661,0.656083
smids/Non-Sperm/Non-Sperm (726).bmp,test,2,-1.374135,-1.764350,3.138485
smids/Non-Sperm/Non-Sperm (728).bmp,test,2,-2.043653,-1.307914,3.351568
smids/Non-Sperm/Non-Sperm (730).bmp,test,2,-0.231191,0.675090,-0.443898
smids/Non-Sperm/Non-Sperm (737).bmp,test,2,-1.511513,-0.791640,2.303155
smids/Non-Sperm/Non-Sperm (739).bmp,test,2,-0.923853,-1.708770,2.632622
smids/Non-Sperm/Non-Sperm (741).bmp,test,2,-1.459492,-1.960515,3.420007
smids/Non-Sperm/Non-Sperm (753).bmp,test,2,0.512894,0.348970,-0.861864
smids/Non-Sperm/Non-Sperm (763).bmp,test,2,-0.979069,-1.266238,2.245304
smids/Non-Sperm/Non-Sperm (765).bmp,test,2,-0.086596,-0.130762,0.217355
smids/Non-Sperm/Non-Sperm (768).bmp,test,2,-0.470890,-2.277303,2.748193
smids/Non-Sperm/Non-Sperm (776).bmp,test,2,-0.532307,-1.068799,1.601106
smids/Non-Sperm/Non-Sperm (777).bmp,test,2,-0.981392,-2.012812,2.994204
smids/Non-Sperm/Non-Sperm (782).bmp,test,2,0.123324,-2.182949,2.059625
smids/Non-Sperm/Non-Sperm (785).bmp,test,2,-0.340530,-2.242331,2.582863
smids/Non-Sperm/Non-Sperm (786).bmp,test,2,-0.842993,-1.353655,2.196649
smids/Non-Sperm/Non-Sperm (793).bmp,test,2,-0.625357,-1.523880,2.149238
smids/Non-Sperm/Non-Sperm (797).bmp,test,2,-1.161098,-1.473244,2.634344
smids/Non-Sperm/Non-Sperm (800).bmp,test,2,-0.998177,-1.363774,2.361951
smids/Non-Sperm/Non-Sperm (801).bmp,test,2,-0.963003,-2.216762,3.179765
smids/Non-Sperm/Non-Sperm (805).bmp,test,2,-1.073641,-1.451617,2.525259
smids/Non-Sperm/Non-Sperm (818).bmp,test,2,-0.468018,-1.438705,1.906723
smids/Non-Sperm/Non-Sperm (82).bmp,test,2,-1.462482,-1.121803,2.584286
smids/Non-Sperm/Non-Sperm (820).bmp,test,2,-0.159969,-1.280292,1.440262
smids/Non-Sperm/Non-Sperm (83).bmp,test,2,-0.901929,-1.250424,2.152355
smids/Non-Sperm/Non-Sperm (833).bmp,test,2,-2.478708,-0.795811,3.274518
smids/Non-Sperm/Non-Sperm (835).bmp,test,2,-0.696690,-1.437119,2.133810
smids/Non-Sperm/Non-Sperm (846).bmp,test,2,-0.533773,-1.051570,1.585344
smids/Non-Sperm/Non-Sperm (851).bmp,test,2,-0.287085,-1.252643,1.539726
smids/Non-Sperm/Non-Sperm (853).bmp,test,2,-0.879814,-1.549069,2.428883
smids/Non-Sperm/Non-Sperm (854).bmp,test,2,0.595157,0.420314,-1.015472
smids/Non-Sperm/Non-Sperm (864).bmp,test,2,-1.114344,-0.676146,1.790489
smids/Non-Sperm/Non-Sperm (867).bmp,test,2,-1.693118,0.171424,1.521695
smids/Non-Sperm/Non-Sperm (87).bmp,test,2,-0.361936,0.018407,0.343530
smids/Non-Sperm/Non-Sperm (873).bmp,test,2,-1.326877,-1.492320,2.819198
smids/Non-Sperm/Non-Sperm (892).bmp,test,2,-0.130154,0.025786,0.104368
smids/Non-Sperm/Non-Sperm (893).bmp,test,2,0.017157,-1.127357,1.110200
smids/Non-Sperm/Non-Sperm (897).bmp,test,2,-0.920675,0.199411,0.721264
smids/Non-Sperm/Non-Sperm (9).bmp,test,2,-1.523169,-0.497599,2.020769
smids/Non-Sperm/Non-Sperm (90).bmp,test,2,-0.848783,-1.953347,2.802131
smids/Non-Sperm/Non-Sperm (901).bmp,test,2,-2.370028,0.805010,1.565017
smids/Non-Sperm/Non-Sperm (907).bmp,test,2,-1.365735,1.611350,-0.245613
smids/Non-Sperm/Non-Sperm (909).bmp,test,2,0.445705,-0.823774,0.378070
smids/Non-Sperm/Non-Sperm (913).bmp,test,2,-1.415357,-2.266479,3.681838
smids/Non-Sperm/Non-Sperm (92).bmp,test,2,-2.440554,0.255295,2.185256
smids/Non-Sperm/Non-Sperm (921).bmp,test,2,-0.701521,-1.599346,2.300868
smids/Non-Sperm/Non-Sperm (933).bmp,test,2,0.240976,0.017091,-0.258067
smids/Non-Sperm/Non-Sperm (942).bmp,test,2,0.075783,-0.954448,0.878665
smids/Non-Sperm/Non-Sperm (956).bmp,test,2,-1.538803,-1.918375,3.457180
smids/Non-Sperm/Non-Sperm (959).bmp,test,2,-1.909798,0.838458,1.071340
smids/Non-Sperm/Non-Sperm (963).bmp,test,2,-3.526719,2.771507,0.755211
smids/Non-Sperm/Non-Sperm (964).bmp,test,2,-2.053277,0.617318,1.435960
smids/Non-Sperm/Non-Sperm (965).bmp,test,2,-1.525812,1.288868,0.236946
smids/Non-Sperm/Non-Sperm (972).bmp,test,2,-2.093894,0.308000,1.785896
smids/Normal_Sperm/Normal_Sperm (1).bmp,test,0,2.602947,-0.247908,-2.355037
smids/Normal_Sperm/Normal_Sperm (1000).bmp,test,0,0.266921,1.278943,-1.545863
smids/Normal_Sperm/Normal_Sperm (1008).bmp,test,0,1.631509,-0.289796,-1.341714
smids/Normal_Sperm/Normal_Sperm (1014).bmp,test,0,1.757268,1.099216,-2.856485
smids/Normal_Sperm/Normal_Sperm (1019).bmp,test,0,0.405100,1.098088,-1.503190
smids/Normal_Sperm/Normal_Sperm (102).bmp,test,0,1.224953,-1.180043,-0.044912
smids/Normal_Sperm/Normal_Sperm (105).bmp,test,0,1.832916,-1.955486,0.122570
smids/Normal_Sperm/Normal_Sperm (116).bmp,test,0,2.920731,-0.170767,-2.749966
smids/Normal_Sperm/Normal_Sperm (120).bmp,test,0,0.779185,1.323690,-2.102878
smids/Normal_Sperm/Normal_Sperm (123).bmp,test,0,1.722646,0.347370,-2.070018
smids/Normal_Sperm/Normal_Sperm (134).bmp,test,0,0.478158,-0.004515,-0.473642
smids/Normal_Sperm/Normal_Sperm (144).bmp,test,0,1.604880,1.256141,-2.861025
smids/Normal_Sperm/Normal_Sperm (146).bmp,test,0,2.838327,0.175273,-3.013601
smids/Normal_Sperm/Normal_Sperm (148).bmp,test,0,0.945360,1.283513,-2.228874
smids/Normal_Sperm/Normal_Sperm (15).bmp,test,0,0.788961,0.515707,-1.304668
smids/Normal_Sperm/Normal_Sperm (150).bmp,test,0,1.969840,0.173464,-2.143307
smids/Normal_Sperm/Normal_Sperm (152).bmp,test,0,-0.269533,0.338192,-0.068657
smids/Normal_Sperm/Normal_Sperm (173).bmp,test,0,0.159955,0.442475,-0.602428
smids/Normal_Sperm/Normal_Sperm (184).bmp,test,0,1.634029,0.070774,-1.704802
smids/Normal_Sperm/Normal_Sperm (186).bmp,test,0,-0.113384,-0.459328,0.572712
smids/Normal_Sperm/Normal_Sperm (187).bmp,test,0,0.366127,0.541880,-0.908007
smids/Normal_Sperm/Normal_Sperm (191).bmp,test,0,1.268640,-0.448153,-0.820486
smids/Normal_Sperm/Normal_Sperm (192).bmp,test,0,-0.273994,1.422100,-1.148105
smids/Normal_Sperm/Normal_Sperm (198).bmp,test,0,3.712009,0.096656,-3.808666
smids/Normal_Sperm/Normal_Sperm (199).bmp,test,0,2.229517,-0.668080,-1.561437
smids/Normal_Sperm/Normal_Sperm (202).bmp,test,0,1.522129,-0.153482,-1.368646
smids/Normal_Sperm/Normal_Sperm (206).bmp,test,0,2.819738,-0.877341,-1.942399
smids/Normal_Sperm/Normal_Sperm (218).bmp,test,0,0.801723,-1.143314,0.341593
smids/Normal_Sperm/Normal_Sperm (225).bmp,test,0,-0.231116,1.705032,-1.473916
smids/Normal_Sperm/Normal_Sperm (231).bmp,test,0,0.389213,1.340605,-1.729816
smids/Normal_Sperm/Normal_Sperm (234).bmp,test,0,1.236478,-0.702503,-0.533974
smids/Normal_Sperm/Normal_Sperm (235).bmp,test,0,2.801111,-1.062706,-1.738405
smids/Normal_Sperm/Normal_Sperm (240).bmp,test,0,1.404806,-0.512431,-0.892374
smids/Normal_Sperm/Normal_Sperm (242).bmp,test,0,0.537378,0.462428,-0.999805
smids/Normal_Sperm/Normal_Sperm (244).bmp,test,0,0.936853,1.114810,-2.051662
smids/Normal_Sperm/Normal_Sperm (250).bmp,test,0,1.682461,0.587427,-2.269890
smids/Normal_Sperm/Normal_Sperm (257).bmp,test,0,1.328165,1.093089,-2.421252
smids/Normal_Sperm/Normal_Sperm (259).bmp,test,0,2.106743,0.498333,-2.605076
smids/Normal_Sperm/Normal_Sperm (26).bmp,test,0,3.019917,-0.842433,-2.177485
smids/Normal_Sperm/Normal_Sperm (260).bmp,test,0,1.303396,0.517976,-1.821371
smids/Normal_Sperm/Normal_Sperm (262).bmp,test,0,1.654439,0.491755,-2.146195
smids/Normal_Sperm/Normal_Sperm (270).bmp,test,0,1.369519,-1.124899,-0.244619
smids/Normal_Sperm/Normal_Sperm (271).bmp,test,0,1.764784,-0.706774,-1.058009
smids/Normal_Sperm/Normal_Sperm (272).bmp,test,0,1.792757,0.062361,-1.855117
smids/Normal_Sperm/Normal_Sperm (273).bmp,test,0,1.238677,-0.807698,-0.430979
smids/Normal_Sperm/Normal_Sperm (281).bmp,test,0,2.133340,0.471251,-2.604591
smids/Normal_Sperm/Normal_Sperm (282).bmp,test,0,2.660915,-0.211366,-2.449548
smids/Normal_Sperm/Normal_Sperm (284).bmp,test,0,0.744571,1.172344,-1.916914
smids/Normal_Sperm/Normal_Sperm (289).bmp,test,0,3.132831,-0.257044,-2.875787
smids/Normal_Sperm/Normal_Sperm (299).bmp,test,0,1.154065,0.529076,-1.683140
smids/Normal_Sperm/Normal_Sperm (300).bmp,test,0,0.331112,1.220258,-1.551370
smids/Normal_Sperm/Normal_Sperm (307).bmp,test,0,1.197472,1.224556,-2.422028
smids/Normal_Sperm/Normal_Sperm (308).bmp,test,0,-0.384051,0.022840,0.361212
smids/Normal_Sperm/Normal_Sperm (313).bmp,test,0,3.224384,-1.036401,-2.187983
smids/Normal_Sperm/Normal_Sperm (319).bmp,test,0,3.023977,1.559905,-4.583881
smids/Normal_Sperm/Normal_Sperm (331).bmp,test,0,2.016707,0.760070,-2.776778
smids/Normal_Sperm/Normal_Sperm (337).bmp,test,0,0.911884,0.766262,-1.678145
smids/Normal_Sperm/Normal_Sperm (339).bmp,test,0,-0.364839,-0.141078,0.505918
smids/Normal_Sperm/Normal_Sperm (35).bmp,test,0,-0.293485,-0.747920,1.041405
smids/Normal_Sperm/Normal_Sperm (350).bmp,test,0,1.428456,1.259742,-2.688198
smids/Normal_Sperm/Normal_Sperm (353).bmp,test,0,0.558334,0.771155,-1.329489
smids/Normal_Sperm/Normal_Sperm (356).bmp,test,0,0.710766,0.357189,-1.067952
smids/Normal_Sperm/Normal_Sperm (357).bmp,test,0,2.094660,0.674272,-2.768929
smids/Normal_Sperm/Normal_Sperm (359).bmp,test,0,1.552480,0.506633,-2.059114
smids/Normal_Sperm/Normal_Sperm (364).bmp,test,0,0.673139,-0.232164,-0.440974
smids/Normal_Sperm/Normal_Sperm (368).bmp,test,0,0.694495,0.001357,-0.695852
smids/Normal_Sperm/Normal_Sperm (372).bmp,test,0,0.633163,0.264807,-0.897969
smids/Normal_Sperm/Normal_Sperm (373).bmp,test,0,1.617201,-0.277878,-1.339322
smids/Normal_Sperm/Normal_Sperm (375).bmp,test,0,1.341017,-0.035586,-1.305430
smids/Normal_Sperm/Normal_Sperm (377).bmp,test,0,2.416907,-0.154228,-2.262680
smids/Normal_Sperm/Normal_Sperm (382).bmp,test,0,1.750021,0.127853,-1.877875
smids/Normal_Sperm/Normal_Sperm (383).bmp,test,0,1.313522,0.871340,-2.184861
smids/Normal_Sperm/Normal_Sperm (389).bmp,test,0,2.524378,0.951906,-3.476284
smids/Normal_Sperm/Normal_Sperm (391).bmp,test,0,1.718687,0.157843,-1.876529
smids/Normal_Sperm/Normal_Sperm (394).bmp,test,0,1.610659,0.626607,-2.237265
smids/Normal_Sperm/Normal_Sperm (396).bmp,test,0,1.336283,0.188422,-1.524706
smids/Normal_Sperm/Normal_Sperm (399).bmp,test,0,2.290696,0.467653,-2.758347
smids/Normal_Sperm/Normal_Sperm (404).bmp,test,0,0.040902,0.074082,-0.114984
smids/Normal_Sperm/Normal_Sperm (407).bmp,test,0,2.435618,-0.922237,-1.513381
smids/Normal_Sperm/Normal_Sperm (409).bmp,test,0,2.643677,1.218017,-3.861693
smids/Normal_Sperm/Normal_Sperm (41).bmp,test,0,0.578337,-2.256197,1.677860
smids/Normal_Sperm/Normal_Sperm (410).bmp,test,0,0.493452,0.214057,-0.707509
smids/Normal_Sperm/Normal_Sperm (418).bmp,test,0,2.094795,1.454580,-3.549374
smids/Normal_Sperm/Normal_Sperm (425).bmp,test,0,3.299199,-0.288118,-3.011082
smids/Normal_Sperm/Normal_Sperm (433).bmp,test,0,2.068890,0.992168,-3.061058
smids/Normal_Sperm/Normal_Sperm (45).bmp,test,0,1.346982,-0.209945,-1.137038
smids/Normal_Sperm/Normal_Sperm (452).bmp,test,0,2.740876,0.232210,-2.973086
smids/Normal_Sperm/Normal_Sperm (456).bmp,test,0,2.296725,1.164301,-3.461025
smids/Normal_Sperm/Normal_Sperm (458).bmp,test,0,1.861000,-0.182441,-1.678558
smids/Normal_Sperm/Normal_Sperm (46).bmp,test,0,2.987881,-1.114105,-1.873778
smids/Normal_Sperm/Normal_Sperm (469).bmp,test,0,2.747232,-0.637817,-2.109416
smids/Normal_Sperm/Normal_Sperm (474).bmp,test,0,2.269711,1.539434,-3.809146
smids/Normal_Sperm/Normal_Sperm (495).bmp,test,0,2.631898,-0.163888,-2.468009
smids/Normal_Sperm/Normal_Sperm (498).bmp,test,0,2.201242,-0.674237,-1.527004
smids/Normal_Sperm/Normal_Sperm (50).bmp,test,0,2.891471,0.621386,-3.512859
smids/Normal_Sperm/Normal_Sperm (502).bmp,test,0,3.200382,-0.605986,-2.594397
smids/Normal_Sperm/Normal_Sperm (503).bmp,test,0,2.137636,1.504426,-3.642062
smids/Normal_Sperm/Normal_Sperm (513).bmp,test,0,2.238817,-0.104383,-2.134433
smids/Normal_Sperm/Normal_Sperm (52).bmp,test,0,2.722385,0.886160,-3.608546
smids/Normal_Sperm/Normal_Sperm (534).bmp,test,0,-0.185800,1.699604,-1.513803
smids/Normal_Sperm/Normal_Sperm (536).bmp,test,0,0.583592,0.458871,-1.042462
smids/Normal_Sperm/Normal_Sperm (539).bmp,test,0,3.576820,-0.196439,-3.380380
smids/Normal_Sperm/Normal_Sperm (543).bmp,test,0,1.383919,1.077751,-2.461669
smids/Normal_Sperm/Normal_Sperm (552).bmp,test,0,2.954949,-0.378596,-2.576355
smids/Normal_Sperm/Normal_Sperm (556).bmp,test,0,2.193117,-0.572668,-1.620450
smids/Normal_Sperm/Normal_Sperm (56).bmp,test,0,1.608266,-0.879951,-0.728315
smids/Normal_Sperm/Normal_Sperm (566).bmp,test,0,4.661795,-1.276634,-3.385163
smids/Normal_Sperm/Normal_Sperm (567).bmp,test,0,3.105073,0.006379,-3.111450
smids/Normal_Sperm/Normal_Sperm (57).bmp,test,0,3.600410,0.455786,-4.056201
smids/Normal_Sperm/Normal_Sperm (583).bmp,test,0,1.292240,-0.131306,-1.160934
smids/Normal_Sperm/Normal_Sperm (587).bmp,test,0,0.865162,0.323033,-1.188194
smids/Normal_Sperm/Normal_Sperm (590).bmp,test,0,1.565008,0.055832,-1.620840
smids/Normal_Sperm/Normal_Sperm (592).bmp,test,0,4.115381,0.294548,-4.409930
smids/Normal_Sperm/Normal_Sperm (595).bmp,test,0,3.045914,0.158572,-3.204484
smids/Normal_Sperm/Normal_Sperm (599).bmp,test,0,1.642545,0.923248,-2.565790
smids/Normal_Sperm/Normal_Sperm (601).bmp,test,0,1.222494,0.226587,-1.449080
smids/Normal_Sperm/Normal_Sperm (607).bmp,test,0,3.431252,-0.257456,-3.173796
smids/Normal_Sperm/Normal_Sperm (610).bmp,test,0,2.860374,-0.808564,-2.051811
smids/Normal_Sperm/Normal_Sperm (611).bmp,test,0,2.871618,0.805790,-3.677406
smids/Normal_Sperm/Normal_Sperm (62).bmp,test,0,-0.609691,1.642603,-1.032911
smids/Normal_Sperm/Normal_Sperm (620).bmp,test,0,2.445018,0.273061,-2.718078
smids/Normal_Sperm/Normal_Sperm (621).bmp,test,0,3.114810,1.041018,-4.155828
smids/Normal_Sperm/Normal_Sperm (629).bmp,test,0,3.993465,0.005066,-3.998532
smids/Normal_Sperm/Normal_Sperm (63).bmp,test,0,-0.173980,1.232827,-1.058850
smids/Normal_Sperm/Normal_Sperm (631).bmp,test,0,3.014822,0.742241,-3.757062
smids/Normal_Sperm/Normal_Sperm (641).bmp,test,0,3.797854,-0.779860,-3.017994
smids/Normal_Sperm/Normal_Sperm (646).bmp,test,0,2.326685,-0.325903,-2.000782
smids/Normal_Sperm/Normal_Sperm (661).bmp,test,0,1.669715,0.668454,-2.338167
smids/Normal_Sperm/Normal_Sperm (664).bmp,test,0,2.678127,-0.515744,-2.162382
smids/Normal_Sperm/Normal_Sperm (669).bmp,test,0,2.739214,0.381059,-3.120274
smids/Normal_Sperm/Normal_Sperm (67).bmp,test,0,1.960565,-0.599405,-1.361160
smids/Normal_Sperm/Normal_Sperm (674).bmp,test,0,2.973091,-1.209843,-1.763248
smids/Normal_Sperm/Normal_Sperm (682).bmp,test,0,2.719485,-0.698510,-2.020974
smids/Normal_Sperm/Normal_Sperm (687).bmp,test,0,3.199778,-1.020076,-2.179703
smids/Normal_Sperm/Normal_Sperm (695).bmp,test,0,4.507005,0.091598,-4.598608
smids/Normal_Sperm/Normal_Sperm (70).bmp,test,0,0.975282,0.460146,-1.435428
smids/Normal_Sperm/Normal_Sperm (703).bmp,test,0,1.348354,0.316801,-1.665156
smids/Normal_Sperm/Normal_Sperm (711).bmp,test,0,3.364031,0.163163,-3.527193
smids/Normal_Sperm/Normal_Sperm (712).bmp,test,0,2.471298,-0.446615,-2.024686
smids/Normal_Sperm/Normal_Sperm (716).bmp,test,0,0.858296,1.982944,-2.841241
smids/Normal_Sperm/Normal_Sperm (719).bmp,test,0,1.407383,-1.091246,-0.316136
smids/Normal_Sperm/Normal_Sperm (726).bmp,test,0,2.177918,0.219042,-2.396960
smids/Normal_Sperm/Normal_Sperm (727).bmp,test,0,1.932494,-0.361738,-1.570757
smids/Normal_Sperm/Normal_Sperm (729).bmp,test,0,2.032822,-1.435933,-0.596891
smids/Normal_Sperm/Normal_Sperm (733).bmp,test,0,2.940817,0.049834,-2.990651
smids/Normal_Sperm/Normal_Sperm (740).bmp,test,0,3.392300,-0.647324,-2.744975
smids/Normal_Sperm/Normal_Sperm (742).bmp,test,0,3.233820,0.535619,-3.769439
smids/Normal_Sperm/Normal_Sperm (746).bmp,test,0,2.256027,0.151658,-2.407686
smids/Normal_Sperm/Normal_Sperm (747).bmp,test,0,2.093424,-0.224696,-1.868729
smids/Normal_Sperm/Normal_Sperm (750).bmp,test,0,1.084402,-0.383044,-0.701359
smids/Normal_Sperm/Normal_Sperm (751).bmp,test,0,2.606526,-0.445667,-2.160858
smids/Normal_Sperm/Normal_Sperm (755).bmp,test,0,2.942156,-0.704279,-2.237877
smids/Normal_Sperm/Normal_Sperm (757).bmp,test,0,2.371550,1.048230,-3.419779
smids/Normal_Sperm/Normal_Sperm (761).bmp,test,0,2.551195,-0.006013,-2.545182
smids/Normal_Sperm/Normal_Sperm (767).bmp,test,0,0.590561,-0.442120,-0.148442
smids/Normal_Sperm/Normal_Sperm (773).bmp,test,0,1.569854,-0.490651,-1.079204
smids/Normal_Sperm/Normal_Sperm (778).bmp,test,0,0.923149,-0.290180,-0.632968
smids/Normal_Sperm/Normal_Sperm (786).bmp,test,0,1.229367,1.348442,-2.577807
smids/Normal_Sperm/Normal_Sperm (789).bmp,test,0,1.584525,-0.739418,-0.845107
smids/Normal_Sperm/Normal_Sperm (792).bmp,test,0,2.031183,0.774495,-2.805676
smids/Normal_Sperm/Normal_Sperm (798).bmp,test,0,0.706577,-0.756543,0.049965
smids/Normal_Sperm/Normal_Sperm (802).bmp,test,0,0.617973,-0.815426,0.197453
smids/Normal_Sperm/Normal_Sperm (805).bmp,test,0,-0.646201,0.394356,0.251846
smids/Normal_Sperm/Normal_Sperm (810).bmp,test,0,1.516474,0.110808,-1.627280
smids/Normal_Sperm/Normal_Sperm (812).bmp,test,0,0.075656,-0.349848,0.274193
smids/Normal_Sperm/Normal_Sperm (818).bmp,test,0,-0.107192,0.738616,-0.631422
smids/Normal_Sperm/Normal_Sperm (826).bmp,test,0,2.216552,0.434852,-2.651404
smids/Normal_Sperm/Normal_Sperm (828).bmp,test,0,2.352958,-0.265025,-2.087933
smids/Normal_Sperm/Normal_Sperm (842).bmp,test,0,3.255694,0.651271,-3.906966
smids/Normal_Sperm/Normal_Sperm (843).bmp,test,0,1.290462,-0.605067,-0.685393
smids/Normal_Sperm/Normal_Sperm (852).bmp,test,0,2.155286,-0.020739,-2.134548
smids/Normal_Sperm/Normal_Sperm (855).bmp,test,0,1.590795,-0.197817,-1.392977
smids/Normal_Sperm/Normal_Sperm (86).bmp,test,0,-0.268802,-0.453022,0.721825
smids/Normal_Sperm/Normal_Sperm (862).bmp,test,0,2.341227,0.436251,-2.777476
smids/Normal_Sperm/Normal_Sperm (867).bmp,test,0,1.914057,0.590772,-2.504831
smids/Normal_Sperm/Normal_Sperm (868).bmp,test,0,1.035608,0.031412,-1.067019
smids/Normal_Sperm/Normal_Sperm (887).bmp,test,0,2.501153,0.651574,-3.152728
smids/Normal_Sperm/Normal_Sperm (888).bmp,test,0,2.065580,1.535521,-3.601101
smids/Normal_Sperm/Normal_Sperm (89).bmp,test,0,1.204626,-1.310554,0.105929
smids/Normal_Sperm/Normal_Sperm (898).bmp,test,0,2.783659,0.989242,-3.772901
smids/Normal_Sperm/Normal_Sperm (901).bmp,test,0,1.982077,0.296458,-2.278535
smids/Normal_Sperm/Normal_Sperm (908).bmp,test,0,3.089729,1.150492,-4.240218
smids/Normal_Sperm/Normal_Sperm (915).bmp,test,0,0.232494,1.002842,-1.235335
smids/Normal_Sperm/Normal_Sperm (920).bmp,test,0,0.907775,0.991547,-1.899321
smids/Normal_Sperm/Normal_Sperm (921).bmp,test,0,3.155173,0.517771,-3.672946
smids/Normal_Sperm/Normal_Sperm (927).bmp,test,0,0.942263,1.424807,-2.367069
smids/Normal_Sperm/Normal_Sperm (937).bmp,test,0,1.009543,-0.345733,-0.663809
smids/Normal_Sperm/Normal_Sperm (938).bmp,test,0,1.668843,0.958717,-2.627559
smids/Normal_Sperm/Normal_Sperm (94).bmp,test,0,1.206248,-0.183085,-1.023165
smids/Normal_Sperm/Normal_Sperm (945).bmp,test,0,1.461328,1.010065,-2.471392
smids/Normal_Sperm/Normal_Sperm (95).bmp,test,0,-1.209642,-0.679546,1.889185
smids/Normal_Sperm/Normal_Sperm (951).bmp,test,0,1.216805,0.760653,-1.977459
smids/Normal_Sperm/Normal_Sperm (96).bmp,test,0,1.136811,-0.957287,-0.179523
smids/Normal_Sperm/Normal_Sperm (961).bmp,test,0,0.900648,2.077442,-2.978091
smids/Normal_Sperm/Normal_Sperm (968).bmp,test,0,1.089484,1.204720,-2.294203
smids/Normal_Sperm/Normal_Sperm (97).bmp,test,0,2.329720,-0.981470,-1.348249
smids/Normal_Sperm/Normal_Sperm (983).bmp,test,0,0.142716,1.829445,-1.972159
smids/Normal_Sperm/Normal_Sperm (984).bmp,test,0,-0.023232,-0.789883,0.813117
smids/Normal_Sperm/Normal_Sperm (990).bmp,test,0,1.749395,0.895644,-2.645039
smids/Normal_Sperm/Normal_Sperm (993).bmp,test,0,2.075422,-0.375166,-1.700255
