image_id,role,label_idx,logit_0,logit_1,logit_2
smids/Abnormal_Sperm/Abnormal_Sperm (1002).bmp,val,1,0.531538,3.693533,-4.225070
smids/Abnormal_Sperm/Abnormal_Sperm (1003).bmp,val,1,-0.572142,1.476457,-0.904308
smids/Abnormal_Sperm/Abnormal_Sperm (103).bmp,val,1,-2.209241,1.474992,0.734251
smids/Abnormal_Sperm/Abnormal_Sperm (11).bmp,val,1,-0.340885,2.642440,-2.301554
smids/Abnormal_Sperm/Abnormal_Sperm (113).bmp,val,1,-2.503368,1.451353,1.052019
smids/Abnormal_Sperm/Abnormal_Sperm (120).bmp,val,1,0.332272,3.199344,-3.531616
smids/Abnormal_Sperm/Abnormal_Sperm (137).bmp,val,1,0.101067,5.250258,-5.351322
smids/Abnormal_Sperm/Abnormal_Sperm (138).bmp,val,1,-1.406780,3.006653,-1.599872
smids/Abnormal_Sperm/Abnormal_Sperm (140).bmp,val,1,-0.366037,3.575956,-3.209914
smids/Abnormal_Sperm/Abnormal_Sperm (161).bmp,val,1,0.955348,1.875161,-2.830508
smids/Abnormal_Sperm/Abnormal_Sperm (163).bmp,val,1,-0.747822,3.780495,-3.032671
smids/Abnormal_Sperm/Abnormal_Sperm (175).bmp,val,1,-0.166970,2.920504,-2.753531
smids/Abnormal_Sperm/Abnormal_Sperm (192).bmp,val,1,0.792095,2.382542,-3.174638
smids/Abnormal_Sperm/Abnormal_Sperm (205).bmp,val,1,-0.839737,2.186514,-1.346777
smids/Abnormal_Sperm/Abnormal_Sperm (223).bmp,val,1,-2.349697,1.338237,1.011464
smids/Abnormal_Sperm/Abnormal_Sperm (234).bmp,val,1,-3.725678,4.863226,-1.137546
smids/Abnormal_Sperm/Abnormal_Sperm (235).bmp,val,1,-1.319906,1.625703,-0.305797
smids/Abnormal_Sperm/Abnormal_Sperm (237).bmp,val,1,-1.465641,2.729507,-1.263863
smids/Abnormal_Sperm/Abnormal_Sperm (239).bmp,val,1,0.901002,2.467611,-3.368613
smids/Abnormal_Sperm/Abnormal_Sperm (246).bmp,val,1,-0.810276,2.455272,-1.644997
smids/Abnormal_Sperm/Abnormal_Sperm (26).bmp,val,1,-0.376557,4.573077,-4.196517
smids/Abnormal_Sperm/Abnormal_Sperm (265).bmp,val,1,0.967477,1.651412,-2.618888
smids/Abnormal_Sperm/Abnormal_Sperm (276).bmp,val,1,1.300386,5.368419,-6.668797
smids/Abnormal_Sperm/Abnormal_Sperm (302).bmp,val,1,-2.721741,2.486670,0.235070
smids/Abnormal_Sperm/Abnormal_Sperm (317).bmp,val,1,-0.870086,0.816311,0.053776
smids/Abnormal_Sperm/Abnormal_Sperm (33).bmp,val,1,3.076028,0.706952,-3.782982
smids/Abnormal_Sperm/Abnormal_Sperm (341).bmp,val,1,0.072104,2.726185,-2.798288
smids/Abnormal_Sperm/Abnormal_Sperm (344).bmp,val,1,-1.621611,5.930407,-4.308793
smids/Abnormal_Sperm/Abnormal_Sperm (362).bmp,val,1,-0.017638,2.221049,-2.203408
smids/Abnormal_Sperm/Abnormal_Sperm (366).bmp,val,1,0.825804,1.304790,-2.130595
smids/Abnormal_Sperm/Abnormal_Sperm (377).bmp,val,1,-2.048023,3.704782,-1.656754
smids/Abnormal_Sperm/Abnormal_Sperm (389).bmp,val,1,0.654194,2.212151,-2.866341
smids/Abnormal_Sperm/Abnormal_Sperm (393).bmp,val,1,0.438899,4.502482,-4.941378
smids/Abnormal_Sperm/Abnormal_Sperm (4).bmp,val,1,0.566567,-0.113323,-0.453246
smids/Abnormal_Sperm/Abnormal_Sperm (42).bmp,val,1,3.831191,1.051040,-4.882230
smids/Abnormal_Sperm/Abnormal_Sperm (438).bmp,val,1,-0.458029,2.462703,-2.004672
smids/Abnormal_Sperm/Abnormal_Sperm (446).bmp,val,1,3.007140,2.802853,-5.809991
smids/Abnormal_Sperm/Abnormal_Sperm (450).bmp,val,1,0.128687,6.423818,-6.552498
smids/Abnormal_Sperm/Abnormal_Sperm (458).bmp,val,1,-1.742901,3.410270,-1.667369
smids/Abnormal_Sperm/Abnormal_Sperm (472).bmp,val,1,0.936938,2.885854,-3.822791
smids/Abnormal_Sperm/Abnormal_Sperm (478).bmp,val,1,-2.094823,0.772868,1.321952
smids/Abnormal_Sperm/Abnormal_Sperm (487).bmp,val,1,3.255887,1.050621,-4.306506
smids/Abnormal_Sperm/Abnormal_Sperm (490).bmp,val,1,1.717042,2.132174,-3.849215
smids/Abnormal_Sperm/Abnormal_Sperm (491).bmp,val,1,-1.205967,3.979587,-2.773619
smids/Abnormal_Sperm/Abnormal_Sperm (500).bmp,val,1,1.726176,-1.697651,-0.028522
smids/Abnormal_Sperm/Abnormal_Sperm (520).bmp,val,1,1.418670,1.558400,-2.977068
smids/Abnormal_Sperm/Abnormal_Sperm (533).bmp,val,1,2.126052,2.490231,-4.616288
smids/Abnormal_Sperm/Abnormal_Sperm (556).bmp,val,1,-0.144705,2.081841,-1.937133
smids/Abnormal_Sperm/Abnormal_Sperm (557).bmp,val,1,1.782735,-0.337045,-1.445692
smids/Abnormal_Sperm/Abnormal_Sperm (577).bmp,val,1,0.272723,2.156868,-2.429593
smids/Abnormal_Sperm/Abnormal_Sperm (582).bmp,val,1,-1.643374,2.157997,-0.514622
smids/Abnormal_Sperm/Abnormal_Sperm (596).bmp,val,1,1.733619,3.603907,-5.337524
smids/Abnormal_Sperm/Abnormal_Sperm (598).bmp,val,1,0.250313,4.454076,-4.704389
smids/Abnormal_Sperm/Abnormal_Sperm (599).bmp,val,1,-0.439095,1.693741,-1.254644
smids/Abnormal_Sperm/Abnormal_Sperm (601).bmp,val,1,-0.002095,0.364058,-0.361963
smids/Abnormal_Sperm/Abnormal_Sperm (609).bmp,val,1,1.213429,2.123685,-3.337111
smids/Abnormal_Sperm/Abnormal_Sperm (612).bmp,val,1,2.777088,1.736807,-4.513893
smids/Abnormal_Sperm/Abnormal_Sperm (613).bmp,val,1,-0.063352,2.320785,-2.257431
smids/Abnormal_Sperm/Abnormal_Sperm (624).bmp,val,1,-1.982726,5.108993,-3.126259
smids/Abnormal_Sperm/Abnormal_Sperm (631).bmp,val,1,1.788069,2.857597,-4.645665
smids/Abnormal_Sperm/Abnormal_Sperm (633).bmp,val,1,-0.424691,-0.122731,0.547423
smids/Abnormal_Sperm/Abnormal_Sperm (642).bmp,val,1,1.090542,2.376233,-3.466770
smids/Abnormal_Sperm/Abnormal_Sperm (645).bmp,val,1,-0.484061,2.475919,-1.991852
smids/Abnormal_Sperm/Abnormal_Sperm (662).bmp,val,1,-1.730574,1.540382,0.190196
smids/Abnormal_Sperm/Abnormal_Sperm (671).bmp,val,1,-1.621561,3.213571,-1.592008
smids/Abnormal_Sperm/Abnormal_Sperm (672).bmp,val,1,1.328444,2.764449,-4.092889
smids/Abnormal_Sperm/Abnormal_Sperm (678).bmp,val,1,-1.952567,1.492458,0.460115
smids/Abnormal_Sperm/Abnormal_Sperm (679).bmp,val,1,-0.445354,1.412536,-0.967180
smids/Abnormal_Sperm/Abnormal_Sperm (716).bmp,val,1,1.562624,1.877820,-3.440444
smids/Abnormal_Sperm/Abnormal_Sperm (717).bmp,val,1,3.834683,2.761477,-6.596156
smids/Abnormal_Sperm/Abnormal_Sperm (72).bmp,val,1,-0.732038,1.484781,-0.752741
smids/Abnormal_Sperm/Abnormal_Sperm (731).bmp,val,1,-0.109940,0.743823,-0.633882
smids/Abnormal_Sperm/Abnormal_Sperm (740).bmp,val,1,0.569363,4.403817,-4.973178
smids/Abnormal_Sperm/Abnormal_Sperm (748).bmp,val,1,0.828740,1.800350,-2.629088
smids/Abnormal_Sperm/Abnormal_Sperm (752).bmp,val,1,-1.079076,2.442273,-1.363196
smids/Abnormal_Sperm/Abnormal_Sperm (769).bmp,val,1,-1.209756,1.601249,-0.391490
smids/Abnormal_Sperm/Abnormal_Sperm (773).bmp,val,1,-0.987796,2.945129,-1.957330
smids/Abnormal_Sperm/Abnormal_Sperm (776).bmp,val,1,0.677448,2.061849,-2.739295
smids/Abnormal_Sperm/Abnormal_Sperm (777).bmp,val,1,2.820348,3.139883,-5.960234
smids/Abnormal_Sperm/Abnormal_Sperm (785).bmp,val,1,2.997933,2.902370,-5.900300
smids/Abnormal_Sperm/Abnormal_Sperm (789).bmp,val,1,-2.759388,1.955810,0.803578
smids/Abnormal_Sperm/Abnormal_Sperm (791).bmp,val,1,1.117488,0.166834,-1.284319
smids/Abnormal_Sperm/Abnormal_Sperm (792).bmp,val,1,0.989389,1.820923,-2.810310
smids/Abnormal_Sperm/Abnormal_Sperm (807).bmp,val,1,3.521385,2.381329,-5.902710
smids/Abnormal_Sperm/Abnormal_Sperm (81).bmp,val,1,-0.415545,1.662069,-1.246523
smids/Abnormal_Sperm/Abnormal_Sperm (817).bmp,val,1,2.867773,2.693823,-5.561592
smids/Abnormal_Sperm/Abnormal_Sperm (826).bmp,val,1,2.076370,2.150503,-4.226871
smids/Abnormal_Sperm/Abnormal_Sperm (828).bmp,val,1,-0.066971,2.494048,-2.427073
smids/Abnormal_Sperm/Abnormal_Sperm (838).bmp,val,1,3.062439,1.438434,-4.500867
smids/Abnormal_Sperm/Abnormal_Sperm (841).bmp,val,1,0.256051,2.205251,-2.461300
smids/Abnormal_Sperm/Abnormal_Sperm (883).bmp,val,1,2.036798,1.692177,-3.728972
smids/Abnormal_Sperm/Abnormal_Sperm (887).bmp,val,1,2.358678,0.466683,-2.825361
smids/Abnormal_Sperm/Abnormal_Sperm (889).bmp,val,1,0.638239,3.448724,-4.086963
smids/Abnormal_Sperm/Abnormal_Sperm (890).bmp,val,1,3.060036,1.672275,-4.732306
smids/Abnormal_Sperm/Abnormal_Sperm (892).bmp,val,1,3.833680,1.147244,-4.980921
smids/Abnormal_Sperm/Abnormal_Sperm (893).bmp,val,1,-0.772137,3.528987,-2.756849
smids/Abnormal_Sperm/Abnormal_Sperm (899).bmp,val,1,3.556282,2.392883,-5.949164
smids/Abnormal_Sperm/Abnormal_Sperm (90).bmp,val,1,0.453627,1.113471,-1.567096
smids/Abnormal_Sperm/Abnormal_Sperm (902).bmp,val,1,-2.309404,1.906004,0.403403
smids/Abnormal_Sperm/Abnormal_Sperm (909).bmp,val,1,1.166392,2.496639,-3.663026
smids/Abnormal_Sperm/Abnormal_Sperm (912).bmp,val,1,-0.851313,1.350316,-0.499001
smids/Abnormal_Sperm/Abnormal_Sperm (923).bmp,val,1,3.030081,2.223095,-5.253172
smids/Abnormal_Sperm/Abnormal_Sperm (929).bmp,val,1,-1.082220,3.577736,-2.495513
smids/Abnormal_Sperm/Abnormal_Sperm (93).bmp,val,1,0.170823,1.986321,-2.157143
smids/Abnormal_Sperm/Abnormal_Sperm (932).bmp,val,1,1.488915,2.875130,-4.364045
smids/Abnormal_Sperm/Abnormal_Sperm (944).bmp,val,1,1.944556,2.584262,-4.528817
smids/Abnormal_Sperm/Abnormal_Sperm (95).bmp,val,1,-1.037333,3.162260,-2.124926
smids/Abnormal_Sperm/Abnormal_Sperm (952).bmp,val,1,2.630895,1.767814,-4.398706
smids/Abnormal_Sperm/Abnormal_Sperm (975).bmp,val,1,-1.254272,2.795235,-1.540962
smids/Abnormal_Sperm/Abnormal_Sperm (978).bmp,val,1,-3.225927,2.834745,0.391183
smids/Abnormal_Sperm/Abnormal_Sperm (980).bmp,val,1,-1.638168,2.897668,-1.259496
smids/Abnormal_Sperm/Abnormal_Sperm (983).bmp,val,1,-2.495129,1.732264,0.762867
smids/Abnormal_Sperm/Abnormal_Sperm (984).bmp,val,1,-1.793819,2.595515,-0.801694
smids/Abnormal_Sperm/Abnormal_Sperm (985).bmp,val,1,-0.535732,2.822114,-2.286381
smids/Abnormal_Sperm/Abnormal_Sperm (99).bmp,val,1,0.084951,2.777812,-2.862760
smids/Abnormal_Sperm/Abnormal_Sperm (993).bmp,val,1,0.407563,2.541791,-2.949351
smids/Abnormal_Sperm/Abnormal_Sperm (995).bmp,val,1,-1.373888,2.607836,-1.233945
smids/Non-Sperm/Non-Sperm (106).bmp,val,2,-2.941378,-2.385400,5.326776
smids/Non-Sperm/Non-Sperm (11).bmp,val,2,-1.969930,0.397188,1.572740
smids/Non-Sperm/Non-Sperm (113).bmp,val,2,-2.117895,-2.341360,4.459252
smids/Non-Sperm/Non-Sperm (114).bmp,val,2,-2.664048,-3.526868,6.190915
smids/Non-Sperm/Non-Sperm (124).bmp,val,2,-3.273229,-2.960920,6.234147
smids/Non-Sperm/Non-Sperm (130).bmp,val,2,-3.633322,-1.991133,5.624452
smids/Non-Sperm/Non-Sperm (139).bmp,val,2,-3.313815,-0.870394,4.184210
smids/Non-Sperm/Non-Sperm (146).bmp,val,2,-2.992433,-4.033509,7.025947
smids/Non-Sperm/Non-Sperm (15).bmp,val,2,-5.020420,-0.801938,5.822363
smids/Non-Sperm/Non-Sperm (152).bmp,val,2,-4.107112,-1.773726,5.880837
smids/Non-Sperm/Non-Sperm (158).bmp,val,2,-1.816072,-4.588545,6.404620
smids/Non-Sperm/Non-Sperm (174).bmp,val,2,-2.168308,-3.065494,5.233800
smids/Non-Sperm/Non-Sperm (201).bmp,val,2,-1.850251,-3.144849,4.995099
smids/Non-Sperm/Non-Sperm (208).bmp,val,2,-4.194157,1.435998,2.758162
smids/Non-Sperm/Non-Sperm (221).bmp,val,2,-2.970706,-0.524283,3.494991
smids/Non-Sperm/Non-Sperm (222).bmp,val,2,-2.923045,-3.453080,6.376121
smids/Non-Sperm/Non-Sperm (223).bmp,val,2,-3.274832,-1.988084,5.262916
smids/Non-Sperm/Non-Sperm (238).bmp,val,2,-1.325661,-3.206363,4.532023
smids/Non-Sperm/Non-Sperm (25).bmp,val,2,0.599660,-0.613746,0.014092
smids/Non-Sperm/Non-Sperm (267).bmp,val,2,-2.312992,-1.781738,4.094730
smids/Non-Sperm/Non-Sperm (273).bmp,val,2,-0.960737,-3.594038,4.554777
smids/Non-Sperm/Non-Sperm (276).bmp,val,2,-2.418708,-4.335638,6.754349
smids/Non-Sperm/Non-Sperm (285).bmp,val,2,-3.967474,-1.136287,5.103761
smids/Non-Sperm/Non-Sperm (29).bmp,val,2,-4.118387,0.985877,3.132511
smids/Non-Sperm/Non-Sperm (290).bmp,val,2,-2.725083,-3.547797,6.272881
smids/Non-Sperm/Non-Sperm (293).bmp,val,2,-0.297267,-5.292140,5.589406
smids/Non-Sperm/Non-Sperm (303).bmp,val,2,-2.606481,-3.259758,5.866239
smids/Non-Sperm/Non-Sperm (306).bmp,val,2,-1.632035,-1.184275,2.816305
smids/Non-Sperm/Non-Sperm (309).bmp,val,2,0.721157,-2.596584,1.875425
smids/Non-Sperm/Non-Sperm (324).bmp,val,2,0.847596,-2.900570,2.052972
smids/Non-Sperm/Non-Sperm (336).bmp,val,2,-1.730372,-0.846099,2.576469
smids/Non-Sperm/Non-Sperm (337).bmp,val,2,-1.611261,-2.988228,4.599490
smids/Non-Sperm/Non-Sperm (340).bmp,val,2,-2.870614,0.780310,2.090301
smids/Non-Sperm/Non-Sperm (354).bmp,val,2,-2.601373,-0.529917,3.131290
smids/Non-Sperm/Non-Sperm (356).bmp,val,2,-3.901623,-2.251438,6.153062
smids/Non-Sperm/Non-Sperm (358).bmp,val,2,-1.992333,-1.898189,3.890518
smids/Non-Sperm/Non-Sperm (385).bmp,val,2,-3.582834,1.040521,2.542314
smids/Non-Sperm/Non-Sperm (388).bmp,val,2,-2.627532,-0.310657,2.938190
smids/Non-Sperm/Non-Sperm (405).bmp,val,2,-0.918643,-0.077318,0.995962
smids/Non-Sperm/Non-Sperm (407).bmp,val,2,-4.604876,0.121333,4.483543
smids/Non-Sperm/Non-Sperm (413).bmp,val,2,-3.831357,-0.009537,3.840894
smids/Non-Sperm/Non-Sperm (420).bmp,val,2,0.199397,-2.473852,2.274457
smids/Non-Sperm/Non-Sperm (421).bmp,val,2,-2.603523,-2.018298,4.621823
smids/Non-Sperm/Non-Sperm (433).bmp,val,2,-3.648568,-2.017492,5.666059
smids/Non-Sperm/Non-Sperm (444).bmp,val,2,-1.457771,-3.314810,4.772579
smids/Non-Sperm/Non-Sperm (447).bmp,val,2,-2.397913,-3.606366,6.004276
smids/Non-Sperm/Non-Sperm (451).bmp,val,2,-1.390537,0.587731,0.802806
smids/Non-Sperm/Non-Sperm (455).bmp,val,2,-1.505042,-1.477399,2.982441
smids/Non-Sperm/Non-Sperm (499).bmp,val,2,-1.906117,-4.651302,6.557421
smids/Non-Sperm/Non-Sperm (500).bmp,val,2,-0.785211,-0.532583,1.317798
smids/Non-Sperm/Non-Sperm (502).bmp,val,2,-1.645899,-2.778867,4.424764
smids/Non-Sperm/Non-Sperm (504).bmp,val,2,-3.851076,-2.643898,6.494977
smids/Non-Sperm/Non-Sperm (511).bmp,val,2,-2.576950,-2.576972,5.153925
smids/Non-Sperm/Non-Sperm (513).bmp,val,2,-2.559494,-0.256990,2.816483
smids/Non-Sperm/Non-Sperm (515).bmp,val,2,-3.178169,-0.738731,3.916903
smids/Non-Sperm/Non-Sperm (560).bmp,val,2,-3.061125,-4.608047,7.669174
smids/Non-Sperm/Non-Sperm (576).bmp,val,2,-4.675093,1.872709,2.802386
smids/Non-Sperm/Non-Sperm (579).bmp,val,2,-2.629514,-2.325355,4.954869
smids/Non-Sperm/Non-Sperm (584).bmp,val,2,-1.424096,-1.281878,2.705970
smids/Non-Sperm/Non-Sperm (587).bmp,val,2,-3.394581,0.527806,2.866776
smids/Non-Sperm/Non-Sperm (59).bmp,val,2,-1.562765,2.479737,-0.916969
smids/Non-Sperm/Non-Sperm (590).bmp,val,2,-3.592254,-3.639774,7.232032
smids/Non-Sperm/Non-Sperm (591).bmp,val,2,-2.568407,-2.961475,5.529881
smids/Non-Sperm/Non-Sperm (594).bmp,val,2,-1.938188,-2.589643,4.527835
smids/Non-Sperm/Non-Sperm (597).bmp,val,2,-3.940075,-2.071404,6.011480
smids/Non-Sperm/Non-Sperm (60).bmp,val,2,-1.852255,2.575320,-0.723060
smids/Non-Sperm/Non-Sperm (602).bmp,val,2,-1.126212,-3.005802,4.132012
smids/Non-Sperm/Non-Sperm (606).bmp,val,2,-3.330785,-2.806041,6.136824
smids/Non-Sperm/Non-Sperm (609).bmp,val,2,-2.088128,-0.205838,2.293964
smids/Non-Sperm/Non-Sperm (616).bmp,val,2,-2.765769,-1.894281,4.660048
smids/Non-Sperm/Non-Sperm (618).bmp,val,2,-1.890313,-1.476632,3.366942
smids/Non-Sperm/Non-Sperm (620).bmp,val,2,-2.857953,-2.909250,5.767199
smids/Non-Sperm/Non-Sperm (629).bmp,val,2,-1.850664,-1.381532,3.232196
smids/Non-Sperm/Non-Sperm (643).bmp,val,2,-3.224680,-2.709316,5.933998
smids/Non-Sperm/Non-Sperm (645).bmp,val,2,-2.354069,-0.280317,2.634388
smids/Non-Sperm/Non-Sperm (659).bmp,val,2,-2.250800,-1.634702,3.885502
smids/Non-Sperm/Non-Sperm (665).bmp,val,2,-4.187239,-0.762109,4.949349
smids/Non-Sperm/Non-Sperm (666).bmp,val,2,-1.562232,-2.853248,4.415482
smids/Non-Sperm/Non-Sperm (672).bmp,val,2,-3.032231,-2.214032,5.246262
smids/Non-Sperm/Non-Sperm (678).bmp,val,2,-2.714308,-1.556620,4.270929
smids/Non-Sperm/Non-Sperm (690).bmp,val,2,0.116214,-1.590845,1.474634
smids/Non-Sperm/Non-Sperm (7).bmp,val,2,-4.001119,1.484861,2.516255
smids/Non-Sperm/Non-Sperm (706).bmp,val,2,-2.022777,-3.469839,5.492620
smids/Non-Sperm/Non-Sperm (731).bmp,val,2,-3.014616,-3.014722,6.029335
smids/Non-Sperm/Non-Sperm (735).bmp,val,2,-1.589653,-1.912469,3.502119
smids/Non-Sperm/Non-Sperm (755).bmp,val,2,-3.373220,2.188704,1.184520
smids/Non-Sperm/Non-Sperm (769).bmp,val,2,-3.927176,-2.547357,6.474531
smids/Non-Sperm/Non-Sperm (77).bmp,val,2,-4.781086,1.375338,3.405752
smids/Non-Sperm/Non-Sperm (78).bmp,val,2,-3.283952,0.366424,2.917534
smids/Non-Sperm/Non-Sperm (785).bmp,val,2,-1.412290,-2.974143,4.386429
smids/Non-Sperm/Non-Sperm (788).bmp,val,2,-2.578116,-3.852727,6.430844
smids/Non-Sperm/Non-Sperm (79).bmp,val,2,-4.106327,1.589669,2.516656
smids/Non-Sperm/Non-Sperm (808).bmp,val,2,-2.450485,-2.632843,5.083326
smids/Non-Sperm/Non-Sperm (830).bmp,val,2,-3.299922,-1.713393,5.013313
smids/Non-Sperm/Non-Sperm (854).bmp,val,2,-1.857544,0.765486,1.092059
smids/Non-Sperm/Non-Sperm (869).bmp,val,2,-3.790738,-1.321345,5.112085
smids/Non-Sperm/Non-Sperm (87).bmp,val,2,-1.925383,0.223377,1.702006
smids/Non-Sperm/Non-Sperm (871).bmp,val,2,-2.611412,-2.551277,5.162692
smids/Non-Sperm/Non-Sperm (877).bmp,val,2,-3.674024,-1.014282,4.688308
smids/Non-Sperm/Non-Sperm (880).bmp,val,2,-4.983218,-2.046753,7.029971
smids/Non-Sperm/Non-Sperm (883).bmp,val,2,-3.391376,-2.050034,5.441411
smids/Non-Sperm/Non-Sperm (890).bmp,val,2,-1.516024,-1.022717,2.538744
smids/Non-Sperm/Non-Sperm (900).bmp,val,2,1.191709,-0.232256,-0.959453
smids/Non-Sperm/Non-Sperm (906).bmp,val,2,-0.362780,-0.977134,1.339918
smids/Non-Sperm/Non-Sperm (908).bmp,val,2,-3.655650,1.890356,1.765297
smids/Non-Sperm/Non-Sperm (916).bmp,val,2,-1.676579,-0.352139,2.028721
smids/Non-Sperm/Non-Sperm (919).bmp,val,2,-3.265231,-2.069184,5.334422
smids/Non-Sperm/Non-Sperm (920).bmp,val,2,-2.083353,-1.874688,3.958043
smids/Non-Sperm/Non-Sperm (922).bmp,val,2,-4.972129,0.258684,4.713446
smids/Non-Sperm/Non-Sperm (927).bmp,val,2,-0.750210,-1.700271,2.450479
smids/Non-Sperm/Non-Sperm (934).bmp,val,2,-4.817210,0.082556,4.734652
smids/Non-Sperm/Non-Sperm (953).bmp,val,2,-3.347045,1.576472,1.770574
smids/Non-Sperm/Non-Sperm (955).bmp,val,2,-3.205463,-0.884918,4.090379
smids/Non-Sperm/Non-Sperm (963).bmp,val,2,-4.593885,0.655966,3.937918
smids/Non-Sperm/Non-Sperm (964).bmp,val,2,-4.886496,0.693810,4.192683
smids/Non-Sperm/Non-Sperm (969).bmp,val,2,-2.577263,1.001307,1.575957
smids/Non-Sperm/Non-Sperm (972).bmp,val,2,-2.005742,-0.448205,2.453950
smids/Normal_Sperm/Normal_Sperm (1005).bmp,val,0,0.376564,2.217467,-2.594031
smids/Normal_Sperm/Normal_Sperm (1018).bmp,val,0,4.271422,0.122390,-4.393811
smids/Normal_Sperm/Normal_Sperm (106).bmp,val,0,1.779100,2.341529,-4.120624
smids/Normal_Sperm/Normal_Sperm (108).bmp,val,0,1.940440,0.123072,-2.063514
smids/Normal_Sperm/Normal_Sperm (117).bmp,val,0,2.544918,1.238130,-3.783048
smids/Normal_Sperm/Normal_Sperm (133).bmp,val,0,0.228405,2.018507,-2.246911
smids/Normal_Sperm/Normal_Sperm (135).bmp,val,0,0.753886,2.009425,-2.763311
smids/Normal_Sperm/Normal_Sperm (141).bmp,val,0,3.261633,2.163026,-5.424660
smids/Normal_Sperm/Normal_Sperm (146).bmp,val,0,7.973876,0.048411,-8.022284
smids/Normal_Sperm/Normal_Sperm (152).bmp,val,0,0.905553,-0.479830,-0.425721
smids/Normal_Sperm/Normal_Sperm (157).bmp,val,0,3.602995,1.028068,-4.631061
smids/Normal_Sperm/Normal_Sperm (168).bmp,val,0,2.310718,0.656740,-2.967456
smids/Normal_Sperm/Normal_Sperm (174).bmp,val,0,2.663441,0.739121,-3.402558
smids/Normal_Sperm/Normal_Sperm (184).bmp,val,0,2.921247,0.451896,-3.373140
smids/Normal_Sperm/Normal_Sperm (189).bmp,val,0,2.123028,-0.390936,-1.732088
smids/Normal_Sperm/Normal_Sperm (195).bmp,val,0,1.344031,-0.446246,-0.897780
smids/Normal_Sperm/Normal_Sperm (201).bmp,val,0,1.426708,3.867380,-5.294085
smids/Normal_Sperm/Normal_Sperm (202).bmp,val,0,3.566905,0.136846,-3.703747
smids/Normal_Sperm/Normal_Sperm (204).bmp,val,0,2.905721,0.503058,-3.408774
smids/Normal_Sperm/Normal_Sperm (220).bmp,val,0,3.037165,1.265648,-4.302811
smids/Normal_Sperm/Normal_Sperm (239).bmp,val,0,4.424531,0.620769,-5.045296
smids/Normal_Sperm/Normal_Sperm (240).bmp,val,0,2.233479,-0.847034,-1.386445
smids/Normal_Sperm/Normal_Sperm (244).bmp,val,0,1.783560,0.595065,-2.378623
smids/Normal_Sperm/Normal_Sperm (249).bmp,val,0,2.202847,-0.074267,-2.128578
smids/Normal_Sperm/Normal_Sperm (270).bmp,val,0,0.663258,0.390866,-1.054120
smids/Normal_Sperm/Normal_Sperm (272).bmp,val,0,5.400521,0.559144,-5.959661
smids/Normal_Sperm/Normal_Sperm (279).bmp,val,0,1.556005,0.785887,-2.341888
smids/Normal_Sperm/Normal_Sperm (305).bmp,val,0,4.734393,0.880671,-5.615059
smids/Normal_Sperm/Normal_Sperm (31).bmp,val,0,2.642352,-3.880580,1.238230
smids/Normal_Sperm/Normal_Sperm (322).bmp,val,0,2.097339,1.770718,-3.868057
smids/Normal_Sperm/Normal_Sperm (326).bmp,val,0,0.046070,0.758616,-0.804685
smids/Normal_Sperm/Normal_Sperm (328).bmp,val,0,1.752120,1.980517,-3.732635
smids/Normal_Sperm/Normal_Sperm (334).bmp,val,0,2.603572,-0.752290,-1.851280
smids/Normal_Sperm/Normal_Sperm (350).bmp,val,0,1.943910,2.163896,-4.107806
smids/Normal_Sperm/Normal_Sperm (351).bmp,val,0,-0.495028,0.903200,-0.408170
smids/Normal_Sperm/Normal_Sperm (360).bmp,val,0,5.155132,2.001150,-7.156281
smids/Normal_Sperm/Normal_Sperm (375).bmp,val,0,5.549826,0.993365,-6.543184
smids/Normal_Sperm/Normal_Sperm (376).bmp,val,0,1.527728,1.006788,-2.534511
smids/Normal_Sperm/Normal_Sperm (38).bmp,val,0,-1.543671,-1.696286,3.239959
smids/Normal_Sperm/Normal_Sperm (391).bmp,val,0,1.212503,0.739612,-1.952113
smids/Normal_Sperm/Normal_Sperm (392).bmp,val,0,3.852441,0.885308,-4.737745
smids/Normal_Sperm/Normal_Sperm (395).bmp,val,0,0.434713,1.104537,-1.539250
smids/Normal_Sperm/Normal_Sperm (404).bmp,val,0,2.063537,0.321998,-2.385534
smids/Normal_Sperm/Normal_Sperm (406).bmp,val,0,2.141060,1.735204,-3.876264
smids/Normal_Sperm/Normal_Sperm (414).bmp,val,0,3.003044,0.973097,-3.976139
smids/Normal_Sperm/Normal_Sperm (418).bmp,val,0,2.142517,1.733428,-3.875945
smids/Normal_Sperm/Normal_Sperm (429).bmp,val,0,1.602022,-0.776174,-0.825848
smids/Normal_Sperm/Normal_Sperm (43).bmp,val,0,-0.493065,0.142555,0.350510
smids/Normal_Sperm/Normal_Sperm (434).bmp,val,0,3.437058,-0.563492,-2.873562
smids/Normal_Sperm/Normal_Sperm (439).bmp,val,0,4.236300,0.167415,-4.403710
smids/Normal_Sperm/Normal_Sperm (444).bmp,val,0,2.900616,0.666483,-3.567095
smids/Normal_Sperm/Normal_Sperm (446).bmp,val,0,3.982455,0.564521,-4.546974
smids/Normal_Sperm/Normal_Sperm (447).bmp,val,0,2.941278,1.008594,-3.949869
smids/Normal_Sperm/Normal_Sperm (458).bmp,val,0,3.875945,1.815390,-5.691330
smids/Normal_Sperm/Normal_Sperm (472).bmp,val,0,5.648699,0.411512,-6.060205
smids/Normal_Sperm/Normal_Sperm (496).bmp,val,0,1.775462,0.275460,-2.050917
smids/Normal_Sperm/Normal_Sperm (509).bmp,val,0,2.063818,0.759961,-2.823776
smids/Normal_Sperm/Normal_Sperm (515).bmp,val,0,3.695399,1.375592,-5.070990
smids/Normal_Sperm/Normal_Sperm (516).bmp,val,0,2.174224,0.452900,-2.627122
smids/Normal_Sperm/Normal_Sperm (523).bmp,val,0,1.753402,0.270919,-2.024319
smids/Normal_Sperm/Normal_Sperm (534).bmp,val,0,2.679545,-0.545634,-2.133908
smids/Normal_Sperm/Normal_Sperm (552).bmp,val,0,4.259995,-0.786729,-3.473265
smids/Normal_Sperm/Normal_Sperm (559).bmp,val,0,1.833004,-0.858588,-0.974415
smids/Normal_Sperm/Normal_Sperm (575).bmp,val,0,2.942338,1.581408,-4.523740
smids/Normal_Sperm/Normal_Sperm (582).bmp,val,0,2.724432,1.271245,-3.995677
smids/Normal_Sperm/Normal_Sperm (583).bmp,val,0,2.927481,1.144940,-4.072418
smids/Normal_Sperm/Normal_Sperm (589).bmp,val,0,3.748696,1.702789,-5.451485
smids/Normal_Sperm/Normal_Sperm (6).bmp,val,0,0.523075,-0.375477,-0.147597
smids/Normal_Sperm/Normal_Sperm (604).bmp,val,0,-1.458026,1.980011,-0.521985
smids/Normal_Sperm/Normal_Sperm (624).bmp,val,0,4.066563,0.551826,-4.618391
smids/Normal_Sperm/Normal_Sperm (625).bmp,val,0,3.791863,0.798320,-4.590180
smids/Normal_Sperm/Normal_Sperm (626).bmp,val,0,2.021924,1.312152,-3.334071
smids/Normal_Sperm/Normal_Sperm (643).bmp,val,0,3.018713,1.541327,-4.560037
smids/Normal_Sperm/Normal_Sperm (644).bmp,val,0,0.261583,1.495041,-1.756621
smids/Normal_Sperm/Normal_Sperm (646).bmp,val,0,2.657185,0.990122,-3.647305
smids/Normal_Sperm/Normal_Sperm (66).bmp,val,0,2.689992,3.167383,-5.857375
smids/Normal_Sperm/Normal_Sperm (662).bmp,val,0,1.475151,-0.854475,-0.620673
smids/Normal_Sperm/Normal_Sperm (668).bmp,val,0,7.241678,-0.066845,-7.174831
smids/Normal_Sperm/Normal_Sperm (686).bmp,val,0,5.940303,0.038720,-5.979027
smids/Normal_Sperm/Normal_Sperm (694).bmp,val,0,2.881528,-0.328788,-2.552737
smids/Normal_Sperm/Normal_Sperm (7).bmp,val,0,5.119523,0.707003,-5.826525
smids/Normal_Sperm/Normal_Sperm (702).bmp,val,0,3.155973,-0.211481,-2.944495
smids/Normal_Sperm/Normal_Sperm (713).bmp,val,0,0.865633,1.315141,-2.180772
smids/Normal_Sperm/Normal_Sperm (714).bmp,val,0,0.546288,1.348438,-1.894725
smids/Normal_Sperm/Normal_Sperm (724).bmp,val,0,2.360457,-0.201644,-2.158810
smids/Normal_Sperm/Normal_Sperm (726).bmp,val,0,2.115552,-0.429930,-1.685621
smids/Normal_Sperm/Normal_Sperm (740).bmp,val,0,4.386312,-0.191512,-4.194798
smids/Normal_Sperm/Normal_Sperm (750).bmp,val,0,0.450101,0.676285,-1.126384
smids/Normal_Sperm/Normal_Sperm (751).bmp,val,0,4.376486,-0.189983,-4.186500
smids/Normal_Sperm/Normal_Sperm (766).bmp,val,0,4.303830,0.495252,-4.799079
smids/Normal_Sperm/Normal_Sperm (771).bmp,val,0,0.919227,-1.236715,0.317488
smids/Normal_Sperm/Normal_Sperm (776).bmp,val,0,3.524903,0.163841,-3.688745
smids/Normal_Sperm/Normal_Sperm (777).bmp,val,0,1.395946,2.432281,-3.828225
smids/Normal_Sperm/Normal_Sperm (781).bmp,val,0,3.806937,1.063267,-4.870202
smids/Normal_Sperm/Normal_Sperm (791).bmp,val,0,1.116426,2.525081,-3.641503
smids/Normal_Sperm/Normal_Sperm (797).bmp,val,0,2.632917,-0.105360,-2.527556
smids/Normal_Sperm/Normal_Sperm (814).bmp,val,0,1.814358,0.666105,-2.480458
smids/Normal_Sperm/Normal_Sperm (842).bmp,val,0,4.944762,2.304197,-7.248957
smids/Normal_Sperm/Normal_Sperm (843).bmp,val,0,2.872334,0.877717,-3.750051
smids/Normal_Sperm/Normal_Sperm (848).bmp,val,0,4.096110,1.194396,-5.290503
smids/Normal_Sperm/Normal_Sperm (851).bmp,val,0,1.764776,2.555904,-4.320678
smids/Normal_Sperm/Normal_Sperm (852).bmp,val,0,3.001937,1.680866,-4.682800
smids/Normal_Sperm/Normal_Sperm (87).bmp,val,0,2.113400,1.167140,-3.280541
smids/Normal_Sperm/Normal_Sperm (88).bmp,val,0,0.856950,0.362113,-1.219067
smids/Normal_Sperm/Normal_Sperm (899).bmp,val,0,-0.217996,-0.196008,0.414005
smids/Normal_Sperm/Normal_Sperm (920).bmp,val,0,1.085753,1.775597,-2.861349
smids/Normal_Sperm/Normal_Sperm (927).bmp,val,0,3.183223,2.602667,-5.785887
smids/Normal_Sperm/Normal_Sperm (931).bmp,val,0,2.223689,2.793868,-5.017554
smids/Normal_Sperm/Normal_Sperm (932).bmp,val,0,2.770142,1.777040,-4.547181
smids/Normal_Sperm/Normal_Sperm (94).bmp,val,0,2.419909,-0.205490,-2.214416
smids/Normal_Sperm/Normal_Sperm (940).bmp,val,0,4.429977,2.150656,-6.580637
smids/Normal_Sperm/Normal_Sperm (943).bmp,val,0,2.764814,2.688648,-5.453465
smids/Normal_Sperm/Normal_Sperm (944).bmp,val,0,3.237580,2.905521,-6.143101
smids/Normal_Sperm/Normal_Sperm (955).bmp,val,0,2.406909,1.264044,-3.670952
smids/Normal_Sperm/Normal_Sperm (96).bmp,val,0,2.238119,-0.645615,-1.592505
smids/Normal_Sperm/Normal_Sperm (961).bmp,val,0,1.588288,1.686406,-3.274693
smids/Normal_Sperm/Normal_Sperm (97).bmp,val,0,3.782626,-1.250706,-2.531922
smids/Normal_Sperm/Normal_Sperm (980).bmp,val,0,0.723343,2.260262,-2.983607
smids/Normal_Sperm/Normal_Sperm (986).bmp,val,0,-0.972563,0.568341,0.404222
smids/Normal_Sperm/Normal_Sperm (988).bmp,val,0,1.695165,1.431643,-3.126805
smids/Abnormal_Sperm/Abnormal_Sperm (110).bmp,calib,1,-2.455308,1.957515,0.497793
smids/Abnormal_Sperm/Abnormal_Sperm (119).bmp,calib,1,-0.174479,3.803680,-3.629198
smids/Abnormal_Sperm/Abnormal_Sperm (126).bmp,calib,1,1.203881,1.490631,-2.694513
smids/Abnormal_Sperm/Abnormal_Sperm (128).bmp,calib,1,2.882595,1.019419,-3.902009
smids/Abnormal_Sperm/Abnormal_Sperm (133).bmp,calib,1,1.456073,0.663894,-2.119963
smids/Abnormal_Sperm/Abnormal_Sperm (135).bmp,calib,1,-2.909054,4.477099,-1.568041
smids/Abnormal_Sperm/Abnormal_Sperm (152).bmp,calib,1,-1.607632,3.506454,-1.898822
smids/Abnormal_Sperm/Abnormal_Sperm (159).bmp,calib,1,-0.312298,4.466673,-4.154376
smids/Abnormal_Sperm/Abnormal_Sperm (174).bmp,calib,1,0.535849,2.583055,-3.118904
smids/Abnormal_Sperm/Abnormal_Sperm (176).bmp,calib,1,1.790003,4.511840,-6.301841
smids/Abnormal_Sperm/Abnormal_Sperm (186).bmp,calib,1,1.361514,2.416733,-3.778244
smids/Abnormal_Sperm/Abnormal_Sperm (195).bmp,calib,1,0.372241,3.231395,-3.603635
smids/Abnormal_Sperm/Abnormal_Sperm (199).bmp,calib,1,-0.434261,3.339847,-2.905586
smids/Abnormal_Sperm/Abnormal_Sperm (20).bmp,calib,1,-4.747228,-0.051053,4.798285
smids/Abnormal_Sperm/Abnormal_Sperm (206).bmp,calib,1,-1.601135,1.918088,-0.316951
smids/Abnormal_Sperm/Abnormal_Sperm (21).bmp,calib,1,-3.382315,1.708162,1.674153
smids/Abnormal_Sperm/Abnormal_Sperm (22).bmp,calib,1,-0.669722,-0.427943,1.097666
smids/Abnormal_Sperm/Abnormal_Sperm (220).bmp,calib,1,2.036278,3.812449,-5.848724
smids/Abnormal_Sperm/Abnormal_Sperm (227).bmp,calib,1,0.160688,2.844574,-3.005263
smids/Abnormal_Sperm/Abnormal_Sperm (238).bmp,calib,1,-1.086957,1.892200,-0.805243
smids/Abnormal_Sperm/Abnormal_Sperm (240).bmp,calib,1,-2.370163,2.472353,-0.102188
smids/Abnormal_Sperm/Abnormal_Sperm (241).bmp,calib,1,-0.368426,2.877489,-2.509061
smids/Abnormal_Sperm/Abnormal_Sperm (268).bmp,calib,1,-0.013500,1.916259,-1.902757
smids/Abnormal_Sperm/Abnormal_Sperm (286).bmp,calib,1,1.861441,-0.833137,-1.028301
smids/Abnormal_Sperm/Abnormal_Sperm (289).bmp,calib,1,-1.473013,2.791214,-1.318200
smids/Abnormal_Sperm/Abnormal_Sperm (291).bmp,calib,1,1.051938,1.201583,-2.253521
smids/Abnormal_Sperm/Abnormal_Sperm (3).bmp,calib,1,-1.568418,1.711108,-0.142686
smids/Abnormal_Sperm/Abnormal_Sperm (310).bmp,calib,1,-3.845792,1.634215,2.211575
smids/Abnormal_Sperm/Abnormal_Sperm (314).bmp,calib,1,-2.835082,4.457683,-1.622600
smids/Abnormal_Sperm/Abnormal_Sperm (332).bmp,calib,1,-2.320585,1.384753,0.935833
smids/Abnormal_Sperm/Abnormal_Sperm (334).bmp,calib,1,1.634820,3.345136,-4.979954
smids/Abnormal_Sperm/Abnormal_Sperm (339).bmp,calib,1,2.186525,4.133544,-6.320069
smids/Abnormal_Sperm/Abnormal_Sperm (345).bmp,calib,1,1.118533,3.164766,-4.283301
smids/Abnormal_Sperm/Abnormal_Sperm (346).bmp,calib,1,-2.499604,3.954212,-1.454610
smids/Abnormal_Sperm/Abnormal_Sperm (355).bmp,calib,1,-0.657093,4.156110,-3.499010
smids/Abnormal_Sperm/Abnormal_Sperm (357).bmp,calib,1,-1.693395,2.099298,-0.405902
smids/Abnormal_Sperm/Abnormal_Sperm (361).bmp,calib,1,0.217599,2.409497,-2.627089
smids/Abnormal_Sperm/Abnormal_Sperm (369).bmp,calib,1,0.714668,1.745692,-2.460362
smids/Abnormal_Sperm/Abnormal_Sperm (374).bmp,calib,1,-2.270700,5.641232,-3.370529
smids/Abnormal_Sperm/Abnormal_Sperm (375).bmp,calib,1,0.220096,2.992228,-3.212322
smids/Abnormal_Sperm/Abnormal_Sperm (387).bmp,calib,1,1.285670,3.918726,-5.204395
smids/Abnormal_Sperm/Abnormal_Sperm (391).bmp,calib,1,0.991292,2.693508,-3.684798
smids/Abnormal_Sperm/Abnormal_Sperm (409).bmp,calib,1,0.449823,1.522712,-1.972536
smids/Abnormal_Sperm/Abnormal_Sperm (41).bmp,calib,1,-1.503373,0.233447,1.269928
smids/Abnormal_Sperm/Abnormal_Sperm (411).bmp,calib,1,0.028472,1.950196,-1.978667
smids/Abnormal_Sperm/Abnormal_Sperm (425).bmp,calib,1,2.316102,0.453823,-2.769925
smids/Abnormal_Sperm/Abnormal_Sperm (435).bmp,calib,1,1.324214,3.645047,-4.969256
smids/Abnormal_Sperm/Abnormal_Sperm (449).bmp,calib,1,-3.346984,4.149343,-0.802358
smids/Abnormal_Sperm/Abnormal_Sperm (451).bmp,calib,1,2.322083,3.547807,-5.869888
smids/Abnormal_Sperm/Abnormal_Sperm (454).bmp,calib,1,-1.365319,4.193588,-2.828269
smids/Abnormal_Sperm/Abnormal_Sperm (455).bmp,calib,1,-1.480974,2.101895,-0.620920
smids/Abnormal_Sperm/Abnormal_Sperm (462).bmp,calib,1,2.343335,2.462976,-4.806313
smids/Abnormal_Sperm/Abnormal_Sperm (467).bmp,calib,1,-3.580696,3.561402,0.019297
smids/Abnormal_Sperm/Abnormal_Sperm (473).bmp,calib,1,-1.320910,2.648988,-1.328076
smids/Abnormal_Sperm/Abnormal_Sperm (480).bmp,calib,1,1.965255,0.602625,-2.567878
smids/Abnormal_Sperm/Abnormal_Sperm (493).bmp,calib,1,-1.539318,3.902944,-2.363628
smids/Abnormal_Sperm/Abnormal_Sperm (498).bmp,calib,1,-0.349994,-0.599430,0.949424
smids/Abnormal_Sperm/Abnormal_Sperm (5).bmp,calib,1,1.174628,0.439409,-1.614036
smids/Abnormal_Sperm/Abnormal_Sperm (505).bmp,calib,1,-2.922317,2.788784,0.133536
smids/Abnormal_Sperm/Abnormal_Sperm (509).bmp,calib,1,-2.711911,1.268416,1.443496
smids/Abnormal_Sperm/Abnormal_Sperm (511).bmp,calib,1,-1.247727,1.742500,-0.494775
smids/Abnormal_Sperm/Abnormal_Sperm (522).bmp,calib,1,1.508319,0.781457,-2.289776
smids/Abnormal_Sperm/Abnormal_Sperm (523).bmp,calib,1,-0.340093,1.840968,-1.500877
smids/Abnormal_Sperm/Abnormal_Sperm (526).bmp,calib,1,0.643535,1.462844,-2.106381
smids/Abnormal_Sperm/Abnormal_Sperm (540).bmp,calib,1,0.115693,3.428135,-3.543828
smids/Abnormal_Sperm/Abnormal_Sperm (543).bmp,calib,1,0.271248,2.832550,-3.103798
smids/Abnormal_Sperm/Abnormal_Sperm (55).bmp,calib,1,-1.917127,1.455701,0.461426
smids/Abnormal_Sperm/Abnormal_Sperm (552).bmp,calib,1,4.239005,1.005063,-5.244067
smids/Abnormal_Sperm/Abnormal_Sperm (559).bmp,calib,1,-3.022424,2.583045,0.439378
smids/Abnormal_Sperm/Abnormal_Sperm (56).bmp,calib,1,-1.605410,1.784516,-0.179105
smids/Abnormal_Sperm/Abnormal_Sperm (565).bmp,calib,1,2.769978,0.648138,-3.418114
smids/Abnormal_Sperm/Abnormal_Sperm (574).bmp,calib,1,-0.469137,0.721145,-0.252008
smids/Abnormal_Sperm/Abnormal_Sperm (576).bmp,calib,1,-3.702249,1.882215,1.820034
smids/Abnormal_Sperm/Abnormal_Sperm (579).bmp,calib,1,-1.030263,2.846215,-1.815955
smids/Abnormal_Sperm/Abnormal_Sperm (581).bmp,calib,1,1.436771,0.465869,-1.902640
smids/Abnormal_Sperm/Abnormal_Sperm (589).bmp,calib,1,0.850799,0.038678,-0.889476
smids/Abnormal_Sperm/Abnormal_Sperm (597).bmp,calib,1,-2.574549,2.149971,0.424580
smids/Abnormal_Sperm/Abnormal_Sperm (607).bmp,calib,1,1.603493,2.119760,-3.723248
smids/Abnormal_Sperm/Abnormal_Sperm (618).bmp,calib,1,1.032645,2.113432,-3.146074
smids/Abnormal_Sperm/Abnormal_Sperm (62).bmp,calib,1,0.470827,2.498401,-2.969221
smids/Abnormal_Sperm/Abnormal_Sperm (623).bmp,calib,1,0.427349,2.526247,-2.953595
smids/Abnormal_Sperm/Abnormal_Sperm (626).bmp,calib,1,-1.842030,2.225117,-0.383084
smids/Abnormal_Sperm/Abnormal_Sperm (63).bmp,calib,1,0.107766,2.123298,-2.231066
smids/Abnormal_Sperm/Abnormal_Sperm (634).bmp,calib,1,0.817666,1.006601,-1.824268
smids/Abnormal_Sperm/Abnormal_Sperm (635).bmp,calib,1,0.174381,1.733679,-1.908058
smids/Abnormal_Sperm/Abnormal_Sperm (636).bmp,calib,1,-1.491913,2.728260,-1.236347
smids/Abnormal_Sperm/Abnormal_Sperm (64).bmp,calib,1,-2.825754,3.080615,-0.254861
smids/Abnormal_Sperm/Abnormal_Sperm (643).bmp,calib,1,0.018383,1.734306,-1.752687
smids/Abnormal_Sperm/Abnormal_Sperm (644).bmp,calib,1,-1.972596,2.484729,-0.512130
smids/Abnormal_Sperm/Abnormal_Sperm (652).bmp,calib,1,2.678427,3.251168,-5.929592
smids/Abnormal_Sperm/Abnormal_Sperm (654).bmp,calib,1,1.041345,1.343896,-2.385237
smids/Abnormal_Sperm/Abnormal_Sperm (658).bmp,calib,1,-0.971334,1.730940,-0.759605
smids/Abnormal_Sperm/Abnormal_Sperm (663).bmp,calib,1,0.932893,2.394485,-3.327380
smids/Abnormal_Sperm/Abnormal_Sperm (666).bmp,calib,1,-1.888349,1.324784,0.563565
smids/Abnormal_Sperm/Abnormal_Sperm (67).bmp,calib,1,-4.574656,1.470814,3.103845
smids/Abnormal_Sperm/Abnormal_Sperm (680).bmp,calib,1,-1.741558,2.120642,-0.379078
smids/Abnormal_Sperm/Abnormal_Sperm (686).bmp,calib,1,1.011155,2.035714,-3.046865
smids/Abnormal_Sperm/Abnormal_Sperm (697).bmp,calib,1,2.094245,1.517139,-3.611384
smids/Abnormal_Sperm/Abnormal_Sperm (699).bmp,calib,1,-0.357612,3.032796,-2.675184
smids/Abnormal_Sperm/Abnormal_Sperm (700).bmp,calib,1,-0.029140,2.641680,-2.612535
smids/Abnormal_Sperm/Abnormal_Sperm (707).bmp,calib,1,1.017216,3.224679,-4.241889
smids/Abnormal_Sperm/Abnormal_Sperm (710).bmp,calib,1,1.428020,2.308405,-3.736422
smids/Abnormal_Sperm/Abnormal_Sperm (720).bmp,calib,1,1.667872,0.849041,-2.516907
smids/Abnormal_Sperm/Abnormal_Sperm (742).bmp,calib,1,3.015414,1.151551,-4.166962
smids/Abnormal_Sperm/Abnormal_Sperm (744).bmp,calib,1,3.021810,2.287367,-5.309172
smids/Abnormal_Sperm/Abnormal_Sperm (756).bmp,calib,1,-0.510363,1.448867,-0.938503
smids/Abnormal_Sperm/Abnormal_Sperm (758).bmp,calib,1,1.336260,2.441659,-3.777914
smids/Abnormal_Sperm/Abnormal_Sperm (76).bmp,calib,1,-0.813632,1.775311,-0.961677
smids/Abnormal_Sperm/Abnormal_Sperm (762).bmp,calib,1,-0.577768,1.751513,-1.173740
smids/Abnormal_Sperm/Abnormal_Sperm (77).bmp,calib,1,-0.820108,3.165016,-2.344907
smids/Abnormal_Sperm/Abnormal_Sperm (774).bmp,calib,1,2.941588,-0.240089,-2.701495
smids/Abnormal_Sperm/Abnormal_Sperm (775).bmp,calib,1,2.623597,2.940448,-5.564043
smids/Abnormal_Sperm/Abnormal_Sperm (781).bmp,calib,1,0.743088,-0.874524,0.131439
smids/Abnormal_Sperm/Abnormal_Sperm (787).bmp,calib,1,2.020207,0.757524,-2.777729
smids/Abnormal_Sperm/Abnormal_Sperm (798).bmp,calib,1,-0.466048,2.247265,-1.781212
smids/Abnormal_Sperm/Abnormal_Sperm (799).bmp,calib,1,0.875608,2.070640,-2.946242
smids/Abnormal_Sperm/Abnormal_Sperm (802).bmp,calib,1,-0.775101,2.738058,-1.962952
smids/Abnormal_Sperm/Abnormal_Sperm (805).bmp,calib,1,-0.340873,2.183407,-1.842528
smids/Abnormal_Sperm/Abnormal_Sperm (815).bmp,calib,1,1.053887,2.280572,-3.334459
smids/Abnormal_Sperm/Abnormal_Sperm (82).bmp,calib,1,3.223566,2.841291,-6.064855
smids/Abnormal_Sperm/Abnormal_Sperm (825).bmp,calib,1,1.677233,1.020547,-2.697776
smids/Abnormal_Sperm/Abnormal_Sperm (834).bmp,calib,1,4.767221,0.284872,-5.052092
smids/Abnormal_Sperm/Abnormal_Sperm (843).bmp,calib,1,4.853475,1.448590,-6.302063
smids/Abnormal_Sperm/Abnormal_Sperm (848).bmp,calib,1,2.881983,1.981209,-4.863191
smids/Abnormal_Sperm/Abnormal_Sperm (852).bmp,calib,1,3.847081,1.415008,-5.262086
smids/Abnormal_Sperm/Abnormal_Sperm (853).bmp,calib,1,-0.084175,2.099844,-2.015668
smids/Abnormal_Sperm/Abnormal_Sperm (854).bmp,calib,1,3.080882,1.569171,-4.650051
smids/Abnormal_Sperm/Abnormal_Sperm (865).bmp,calib,1,2.614512,1.958865,-4.573376
smids/Abnormal_Sperm/Abnormal_Sperm (868).bmp,calib,1,0.356879,1.309633,-1.666512
smids/Abnormal_Sperm/Abnormal_Sperm (873).bmp,calib,1,2.703665,1.778191,-4.481854
smids/Abnormal_Sperm/Abnormal_Sperm (898).bmp,calib,1,1.309958,3.177990,-4.487945
smids/Abnormal_Sperm/Abnormal_Sperm (905).bmp,calib,1,2.611255,1.529561,-4.140815
smids/Abnormal_Sperm/Abnormal_Sperm (906).bmp,calib,1,2.439503,0.725530,-3.165034
smids/Abnormal_Sperm/Abnormal_Sperm (910).bmp,calib,1,1.156365,-0.374668,-0.781698
smids/Abnormal_Sperm/Abnormal_Sperm (916).bmp,calib,1,-2.877723,1.186830,1.690893
smids/Abnormal_Sperm/Abnormal_Sperm (917).bmp,calib,1,-2.170697,1.910125,0.260571
smids/Abnormal_Sperm/Abnormal_Sperm (918).bmp,calib,1,0.284273,1.191135,-1.475408
smids/Abnormal_Sperm/Abnormal_Sperm (92).bmp,calib,1,-1.849368,1.060982,0.788384
smids/Abnormal_Sperm/Abnormal_Sperm (928).bmp,calib,1,0.832080,2.304588,-3.136670
smids/Abnormal_Sperm/Abnormal_Sperm (930).bmp,calib,1,0.009643,-0.443587,0.433946
smids/Abnormal_Sperm/Abnormal_Sperm (934).bmp,calib,1,2.299429,0.409505,-2.708934
smids/Abnormal_Sperm/Abnormal_Sperm (948).bmp,calib,1,0.475094,1.788150,-2.263244
smids/Abnormal_Sperm/Abnormal_Sperm (950).bmp,calib,1,0.801077,2.465905,-3.266979
smids/Abnormal_Sperm/Abnormal_Sperm (951).bmp,calib,1,0.999170,1.007046,-2.006215
smids/Abnormal_Sperm/Abnormal_Sperm (954).bmp,calib,1,2.692877,2.489202,-5.182076
smids/Abnormal_Sperm/Abnormal_Sperm (958).bmp,calib,1,-2.089187,2.844201,-0.755016
smids/Abnormal_Sperm/Abnormal_Sperm (959).bmp,calib,1,2.361748,1.406470,-3.768213
smids/Abnormal_Sperm/Abnormal_Sperm (962).bmp,calib,1,-2.974680,1.917445,1.057234
smids/Abnormal_Sperm/Abnormal_Sperm (967).bmp,calib,1,-0.906174,3.589389,-2.683210
smids/Abnormal_Sperm/Abnormal_Sperm (97).bmp,calib,1,-0.084181,3.004290,-2.920108
smids/Abnormal_Sperm/Abnormal_Sperm (971).bmp,calib,1,-1.737717,3.313103,-1.575385
smids/Abnormal_Sperm/Abnormal_Sperm (974).bmp,calib,1,-0.851796,2.368750,-1.516950
smids/Abnormal_Sperm/Abnormal_Sperm (981).bmp,calib,1,0.787239,2.594236,-3.381474
smids/Abnormal_Sperm/Abnormal_Sperm (989).bmp,calib,1,-1.912762,3.225993,-1.313224
smids/Abnormal_Sperm/Abnormal_Sperm (990).bmp,calib,1,0.619736,2.377885,-2.997617
smids/Non-Sperm/Non-Sperm (1).bmp,calib,2,-5.340725,1.479369,3.861356
smids/Non-Sperm/Non-Sperm (101).bmp,calib,2,-2.470335,-2.592191,5.062523
smids/Non-Sperm/Non-Sperm (116).bmp,calib,2,-2.648413,-3.821264,6.469674
smids/Non-Sperm/Non-Sperm (120).bmp,calib,2,-2.425069,-2.641608,5.066678
smids/Non-Sperm/Non-Sperm (121).bmp,calib,2,-2.828145,-2.480916,5.309060
smids/Non-Sperm/Non-Sperm (123).bmp,calib,2,-3.415376,-2.144789,5.560164
smids/Non-Sperm/Non-Sperm (125).bmp,calib,2,-2.261851,-2.568122,4.829970
smids/Non-Sperm/Non-Sperm (127).bmp,calib,2,-5.223929,-0.436150,5.660077
smids/Non-Sperm/Non-Sperm (128).bmp,calib,2,-4.266352,-1.824259,6.090611
smids/Non-Sperm/Non-Sperm (13).bmp,calib,2,-4.068529,-0.951526,5.020053
smids/Non-Sperm/Non-Sperm (131).bmp,calib,2,-2.443010,-4.077353,6.520364
smids/Non-Sperm/Non-Sperm (134).bmp,calib,2,-2.707437,-3.383154,6.090589
smids/Non-Sperm/Non-Sperm (138).bmp,calib,2,-3.202298,-1.307929,4.510228
smids/Non-Sperm/Non-Sperm (142).bmp,calib,2,-0.429156,-4.442601,4.871755
smids/Non-Sperm/Non-Sperm (144).bmp,calib,2,-4.774358,-1.903432,6.677789
smids/Non-Sperm/Non-Sperm (148).bmp,calib,2,-2.849934,-2.858982,5.708914
smids/Non-Sperm/Non-Sperm (151).bmp,calib,2,-3.300454,-1.877753,5.178203
smids/Non-Sperm/Non-Sperm (16).bmp,calib,2,-2.210258,-2.870501,5.080760
smids/Non-Sperm/Non-Sperm (163).bmp,calib,2,-1.827445,1.264117,0.563326
smids/Non-Sperm/Non-Sperm (165).bmp,calib,2,-3.312820,-1.617137,4.929957
smids/Non-Sperm/Non-Sperm (168).bmp,calib,2,-2.318007,-2.972247,5.290257
smids/Non-Sperm/Non-Sperm (179).bmp,calib,2,-4.240060,-2.751853,6.991911
smids/Non-Sperm/Non-Sperm (188).bmp,calib,2,-3.998507,-1.301681,5.300188
smids/Non-Sperm/Non-Sperm (195).bmp,calib,2,1.408777,1.206383,-2.615159
smids/Non-Sperm/Non-Sperm (197).bmp,calib,2,-3.443695,1.507369,1.936325
smids/Non-Sperm/Non-Sperm (213).bmp,calib,2,-4.015547,-2.734239,6.749778
smids/Non-Sperm/Non-Sperm (214).bmp,calib,2,-1.801110,-1.221008,3.022121
smids/Non-Sperm/Non-Sperm (22).bmp,calib,2,-5.055783,0.405637,4.650148
smids/Non-Sperm/Non-Sperm (220).bmp,calib,2,-2.888102,-2.412205,5.300303
smids/Non-Sperm/Non-Sperm (237).bmp,calib,2,-3.317934,-3.414272,6.732206
smids/Non-Sperm/Non-Sperm (240).bmp,calib,2,-3.862401,-1.811603,5.674003
smids/Non-Sperm/Non-Sperm (242).bmp,calib,2,-3.653242,-2.727880,6.381120
smids/Non-Sperm/Non-Sperm (248).bmp,calib,2,-2.601410,-2.928029,5.529436
smids/Non-Sperm/Non-Sperm (250).bmp,calib,2,-3.187367,-1.322145,4.509510
smids/Non-Sperm/Non-Sperm (255).bmp,calib,2,-3.057283,-2.097779,5.155062
smids/Non-Sperm/Non-Sperm (268).bmp,calib,2,-2.003572,-3.060079,5.063654
smids/Non-Sperm/Non-Sperm (271).bmp,calib,2,-2.882224,-2.874035,5.756257
smids/Non-Sperm/Non-Sperm (275).bmp,calib,2,-2.433176,-3.863222,6.296402
smids/Non-Sperm/Non-Sperm (291).bmp,calib,2,-0.713697,-2.718506,3.432201
smids/Non-Sperm/Non-Sperm (292).bmp,calib,2,-2.820569,-2.760205,5.580775
smids/Non-Sperm/Non-Sperm (294).bmp,calib,2,-2.101395,-3.470249,5.571640
smids/Non-Sperm/Non-Sperm (296).bmp,calib,2,-3.820660,-2.254845,6.075507
smids/Non-Sperm/Non-Sperm (299).bmp,calib,2,-7.119057,2.383742,4.735318
smids/Non-Sperm/Non-Sperm (302).bmp,calib,2,-0.767502,-4.408201,5.175702
smids/Non-Sperm/Non-Sperm (316).bmp,calib,2,-2.468835,-3.632092,6.100926
smids/Non-Sperm/Non-Sperm (317).bmp,calib,2,-3.398478,-2.900636,6.299111
smids/Non-Sperm/Non-Sperm (318).bmp,calib,2,-2.192832,-3.151449,5.344283
smids/Non-Sperm/Non-Sperm (319).bmp,calib,2,-0.740849,-4.444827,5.185676
smids/Non-Sperm/Non-Sperm (330).bmp,calib,2,-3.487632,0.124605,3.363024
smids/Non-Sperm/Non-Sperm (346).bmp,calib,2,-3.113230,-3.068085,6.181314
smids/Non-Sperm/Non-Sperm (35).bmp,calib,2,-2.692229,2.455972,0.236258
smids/Non-Sperm/Non-Sperm (352).bmp,calib,2,-3.688635,-2.723942,6.412580
smids/Non-Sperm/Non-Sperm (355).bmp,calib,2,-2.092756,-0.590866,2.683626
smids/Non-Sperm/Non-Sperm (36).bmp,calib,2,2.025152,1.760671,-3.785816
smids/Non-Sperm/Non-Sperm (366).bmp,calib,2,-0.202580,-1.316652,1.519233
smids/Non-Sperm/Non-Sperm (368).bmp,calib,2,-6.044170,1.357945,4.686223
smids/Non-Sperm/Non-Sperm (374).bmp,calib,2,-3.365779,0.979149,2.386635
smids/Non-Sperm/Non-Sperm (389).bmp,calib,2,0.909459,-3.747641,2.838182
smids/Non-Sperm/Non-Sperm (395).bmp,calib,2,0.659598,-0.000744,-0.658856
smids/Non-Sperm/Non-Sperm (40).bmp,calib,2,-1.967991,-0.373629,2.341627
smids/Non-Sperm/Non-Sperm (406).bmp,calib,2,-2.063572,-0.190446,2.254017
smids/Non-Sperm/Non-Sperm (416).bmp,calib,2,-1.084676,-0.425694,1.510369
smids/Non-Sperm/Non-Sperm (426).bmp,calib,2,-1.551393,-0.962385,2.513776
smids/Non-Sperm/Non-Sperm (429).bmp,calib,2,-3.750685,-1.799592,5.550275
smids/Non-Sperm/Non-Sperm (435).bmp,calib,2,-3.409071,-1.255445,4.664513
smids/Non-Sperm/Non-Sperm (440).bmp,calib,2,-0.410288,-0.518420,0.928706
smids/Non-Sperm/Non-Sperm (442).bmp,calib,2,-3.625339,-4.257388,7.882728
smids/Non-Sperm/Non-Sperm (446).bmp,calib,2,-2.880355,-3.299788,6.180139
smids/Non-Sperm/Non-Sperm (454).bmp,calib,2,-2.632904,0.019646,2.613263
smids/Non-Sperm/Non-Sperm (456).bmp,calib,2,-0.705544,0.232781,0.472765
smids/Non-Sperm/Non-Sperm (464).bmp,calib,2,-3.834692,-1.447463,5.282159
smids/Non-Sperm/Non-Sperm (465).bmp,calib,2,-3.858625,-3.251774,7.110404
smids/Non-Sperm/Non-Sperm (490).bmp,calib,2,-5.395724,-0.241390,5.637115
smids/Non-Sperm/Non-Sperm (493).bmp,calib,2,-4.325619,-0.123403,4.449025
smids/Non-Sperm/Non-Sperm (495).bmp,calib,2,-1.608770,-1.802943,3.411716
smids/Non-Sperm/Non-Sperm (50).bmp,calib,2,-6.033802,1.049286,4.984517
smids/Non-Sperm/Non-Sperm (510).bmp,calib,2,-3.367916,-2.511689,5.879603
smids/Non-Sperm/Non-Sperm (519).bmp,calib,2,-3.109366,-3.016361,6.125728
smids/Non-Sperm/Non-Sperm (52).bmp,calib,2,-1.401309,0.348650,1.052662
smids/Non-Sperm/Non-Sperm (522).bmp,calib,2,-1.642900,-0.236449,1.879349
smids/Non-Sperm/Non-Sperm (523).bmp,calib,2,-2.487513,-1.706658,4.194175
smids/Non-Sperm/Non-Sperm (527).bmp,calib,2,-2.983348,0.783612,2.199738
smids/Non-Sperm/Non-Sperm (528).bmp,calib,2,-1.916271,-0.152844,2.069118
smids/Non-Sperm/Non-Sperm (532).bmp,calib,2,-3.974495,-2.886394,6.860890
smids/Non-Sperm/Non-Sperm (535).bmp,calib,2,-2.802852,-2.976834,5.779689
smids/Non-Sperm/Non-Sperm (539).bmp,calib,2,-3.076232,-2.064987,5.141221
smids/Non-Sperm/Non-Sperm (542).bmp,calib,2,-4.250739,-0.836883,5.087616
smids/Non-Sperm/Non-Sperm (544).bmp,calib,2,-4.574328,-3.373797,7.948128
smids/Non-Sperm/Non-Sperm (545).bmp,calib,2,0.431802,0.830257,-1.262057
smids/Non-Sperm/Non-Sperm (562).bmp,calib,2,-3.158521,-1.809578,4.968098
smids/Non-Sperm/Non-Sperm (564).bmp,calib,2,-4.614831,-1.090592,5.705425
smids/Non-Sperm/Non-Sperm (566).bmp,calib,2,-4.024614,0.179558,3.845059
smids/Non-Sperm/Non-Sperm (575).bmp,calib,2,-2.871405,-1.239382,4.110788
smids/Non-Sperm/Non-Sperm (578).bmp,calib,2,1.890671,-2.150098,0.259424
smids/Non-Sperm/Non-Sperm (596).bmp,calib,2,-2.041221,-1.503926,3.545146
smids/Non-Sperm/Non-Sperm (599).bmp,calib,2,-3.294441,-1.224228,4.518668
smids/Non-Sperm/Non-Sperm (605).bmp,calib,2,-2.315046,-1.180248,3.495292
smids/Non-Sperm/Non-Sperm (608).bmp,calib,2,-4.819884,-0.081707,4.901591
smids/Non-Sperm/Non-Sperm (611).bmp,calib,2,-3.194379,-0.907197,4.101579
smids/Non-Sperm/Non-Sperm (613).bmp,calib,2,-2.231072,-1.373920,3.604993
smids/Non-Sperm/Non-Sperm (625).bmp,calib,2,-4.851121,-2.630218,7.481339
smids/Non-Sperm/Non-Sperm (637).bmp,calib,2,-3.654200,1.618718,2.035482
smids/Non-Sperm/Non-Sperm (641).bmp,calib,2,-2.949589,-2.001958,4.951549
smids/Non-Sperm/Non-Sperm (658).bmp,calib,2,-1.731413,-2.162306,3.893715
smids/Non-Sperm/Non-Sperm (671).bmp,calib,2,-2.590998,-1.093628,3.684628
smids/Non-Sperm/Non-Sperm (676).bmp,calib,2,-3.217626,1.393714,1.823909
smids/Non-Sperm/Non-Sperm (689).bmp,calib,2,-5.392226,0.954087,4.438140
smids/Non-Sperm/Non-Sperm (69).bmp,calib,2,-4.328005,1.211496,3.116509
smids/Non-Sperm/Non-Sperm (693).bmp,calib,2,-4.917384,0.426063,4.491322
smids/Non-Sperm/Non-Sperm (70).bmp,calib,2,-1.838962,-0.382226,2.221184
smids/Non-Sperm/Non-Sperm (707).bmp,calib,2,-3.791615,-3.623500,7.415114
smids/Non-Sperm/Non-Sperm (71).bmp,calib,2,-0.425321,1.672053,-1.246728
smids/Non-Sperm/Non-Sperm (712).bmp,calib,2,-1.046708,-0.554389,1.601097
smids/Non-Sperm/Non-Sperm (714).bmp,calib,2,-2.421679,-1.542524,3.964201
smids/Non-Sperm/Non-Sperm (72).bmp,calib,2,-3.343529,1.260894,2.082638
smids/Non-Sperm/Non-Sperm (728).bmp,calib,2,-2.454877,-2.181690,4.636568
smids/Non-Sperm/Non-Sperm (753).bmp,calib,2,1.939019,0.195743,-2.134760
smids/Non-Sperm/Non-Sperm (760).bmp,calib,2,-2.678599,-3.844888,6.523489
smids/Non-Sperm/Non-Sperm (764).bmp,calib,2,-2.025173,-1.275909,3.301081
smids/Non-Sperm/Non-Sperm (765).bmp,calib,2,-1.236735,-2.066649,3.303386
smids/Non-Sperm/Non-Sperm (771).bmp,calib,2,-2.161778,-1.092566,3.254346
smids/Non-Sperm/Non-Sperm (796).bmp,calib,2,-2.695253,-1.596276,4.291531
smids/Non-Sperm/Non-Sperm (797).bmp,calib,2,-1.672633,-3.638427,5.311055
smids/Non-Sperm/Non-Sperm (802).bmp,calib,2,-0.749686,-0.371349,1.121032
smids/Non-Sperm/Non-Sperm (811).bmp,calib,2,-2.579767,-4.091191,6.670953
smids/Non-Sperm/Non-Sperm (816).bmp,calib,2,-1.246764,-2.479224,3.725990
smids/Non-Sperm/Non-Sperm (819).bmp,calib,2,0.328416,-1.148423,0.820010
smids/Non-Sperm/Non-Sperm (826).bmp,calib,2,-3.271235,-0.500997,3.772237
smids/Non-Sperm/Non-Sperm (834).bmp,calib,2,0.765800,1.132258,-1.898057
smids/Non-Sperm/Non-Sperm (835).bmp,calib,2,-3.009983,-1.989896,4.999877
smids/Non-Sperm/Non-Sperm (838).bmp,calib,2,-3.713687,-0.523210,4.236901
smids/Non-Sperm/Non-Sperm (848).bmp,calib,2,-3.607636,-3.062502,6.670134
smids/Non-Sperm/Non-Sperm (855).bmp,calib,2,-2.641078,-2.887148,5.528221
smids/Non-Sperm/Non-Sperm (856).bmp,calib,2,-1.675920,1.449981,0.225940
smids/Non-Sperm/Non-Sperm (862).bmp,calib,2,-3.793611,-3.500724,7.294333
smids/Non-Sperm/Non-Sperm (863).bmp,calib,2,-3.594663,-1.573367,5.168030
smids/Non-Sperm/Non-Sperm (866).bmp,calib,2,-1.373649,-0.837040,2.210688
smids/Non-Sperm/Non-Sperm (868).bmp,calib,2,-1.887032,-1.605703,3.492736
smids/Non-Sperm/Non-Sperm (874).bmp,calib,2,-2.836092,-1.010153,3.846246
smids/Non-Sperm/Non-Sperm (875).bmp,calib,2,-3.337786,-2.119542,5.457325
smids/Non-Sperm/Non-Sperm (882).bmp,calib,2,-3.503768,0.165673,3.338099
smids/Non-Sperm/Non-Sperm (9).bmp,calib,2,-5.851592,0.594844,5.256745
smids/Non-Sperm/Non-Sperm (90).bmp,calib,2,-3.757759,-2.101988,5.859746
smids/Non-Sperm/Non-Sperm (903).bmp,calib,2,-2.597516,1.424530,1.172987
smids/Non-Sperm/Non-Sperm (907).bmp,calib,2,-1.418406,0.700955,0.717450
smids/Non-Sperm/Non-Sperm (91).bmp,calib,2,-2.557944,-1.965905,4.523849
smids/Non-Sperm/Non-Sperm (911).bmp,calib,2,-3.839346,2.320203,1.519143
smids/Non-Sperm/Non-Sperm (92).bmp,calib,2,-2.555641,-3.009785,5.565427
smids/Non-Sperm/Non-Sperm (929).bmp,calib,2,-0.751906,0.644692,0.107215
smids/Non-Sperm/Non-Sperm (941).bmp,calib,2,-4.148801,-0.002690,4.151490
smids/Non-Sperm/Non-Sperm (942).bmp,calib,2,-1.074458,0.472055,0.602403
smids/Non-Sperm/Non-Sperm (945).bmp,calib,2,0.644208,-2.101164,1.456956
smids/Non-Sperm/Non-Sperm (954).bmp,calib,2,-2.759337,-1.739187,4.498522
smids/Non-Sperm/Non-Sperm (961).bmp,calib,2,-2.871083,0.509369,2.361713
smids/Non-Sperm/Non-Sperm (962).bmp,calib,2,-2.215762,1.710353,0.505420
smids/Non-Sperm/Non-Sperm (966).bmp,calib,2,0.957255,-0.268469,-0.688785
smids/Normal_Sperm/Normal_Sperm (100).bmp,calib,0,4.736539,0.263196,-4.999732
smids/Normal_Sperm/Normal_Sperm (1000).bmp,calib,0,2.773700,-0.061196,-2.712503
smids/Normal_Sperm/Normal_Sperm (1008).bmp,calib,0,2.599922,-1.393784,-1.206139
smids/Normal_Sperm/Normal_Sperm (1011).bmp,calib,0,1.177653,0.818796,-1.996446
smids/Normal_Sperm/Normal_Sperm (1016).bmp,calib,0,2.736938,0.414239,-3.151175
smids/Normal_Sperm/Normal_Sperm (1021).bmp,calib,0,2.568203,-0.768530,-1.799674
smids/Normal_Sperm/Normal_Sperm (105).bmp,calib,0,3.345770,-1.800818,-1.544950
smids/Normal_Sperm/Normal_Sperm (114).bmp,calib,0,1.570410,1.925518,-3.495930
smids/Normal_Sperm/Normal_Sperm (115).bmp,calib,0,1.571422,0.008559,-1.579982
smids/Normal_Sperm/Normal_Sperm (116).bmp,calib,0,2.794745,-0.573305,-2.221438
smids/Normal_Sperm/Normal_Sperm (118).bmp,calib,0,-0.250867,1.255313,-1.004445
smids/Normal_Sperm/Normal_Sperm (122).bmp,calib,0,0.991971,2.484720,-3.476687
smids/Normal_Sperm/Normal_Sperm (126).bmp,calib,0,2.075764,2.531614,-4.607375
smids/Normal_Sperm/Normal_Sperm (132).bmp,calib,0,-1.276747,2.339942,-1.063196
smids/Normal_Sperm/Normal_Sperm (136).bmp,calib,0,3.389035,1.884381,-5.273415
smids/Normal_Sperm/Normal_Sperm (140).bmp,calib,0,1.098320,0.873458,-1.971776
smids/Normal_Sperm/Normal_Sperm (147).bmp,calib,0,3.173155,0.641974,-3.815129
smids/Normal_Sperm/Normal_Sperm (148).bmp,calib,0,0.366073,2.436023,-2.802097
smids/Normal_Sperm/Normal_Sperm (150).bmp,calib,0,2.882987,0.790900,-3.673886
smids/Normal_Sperm/Normal_Sperm (154).bmp,calib,0,2.683937,-0.979675,-1.704260
smids/Normal_Sperm/Normal_Sperm (170).bmp,calib,0,3.621070,0.878059,-4.499127
smids/Normal_Sperm/Normal_Sperm (171).bmp,calib,0,2.389144,0.206214,-2.595353
smids/Normal_Sperm/Normal_Sperm (175).bmp,calib,0,2.779533,0.576500,-3.356032
smids/Normal_Sperm/Normal_Sperm (178).bmp,calib,0,3.428513,0.545614,-3.974123
smids/Normal_Sperm/Normal_Sperm (181).bmp,calib,0,2.225345,1.648798,-3.874141
smids/Normal_Sperm/Normal_Sperm (187).bmp,calib,0,3.084363,0.344985,-3.429344
smids/Normal_Sperm/Normal_Sperm (190).bmp,calib,0,3.184850,2.485946,-5.670795
smids/Normal_Sperm/Normal_Sperm (198).bmp,calib,0,4.613994,0.198633,-4.812624
smids/Normal_Sperm/Normal_Sperm (206).bmp,calib,0,2.758623,1.575604,-4.334221
smids/Normal_Sperm/Normal_Sperm (21).bmp,calib,0,2.836959,-0.249756,-2.587205
smids/Normal_Sperm/Normal_Sperm (22).bmp,calib,0,1.344281,-0.250277,-1.094005
smids/Normal_Sperm/Normal_Sperm (225).bmp,calib,0,0.461938,1.801972,-2.263906
smids/Normal_Sperm/Normal_Sperm (233).bmp,calib,0,3.974424,0.882941,-4.857361
smids/Normal_Sperm/Normal_Sperm (234).bmp,calib,0,1.960097,-0.715244,-1.244852
smids/Normal_Sperm/Normal_Sperm (235).bmp,calib,0,2.688309,-0.281804,-2.406502
smids/Normal_Sperm/Normal_Sperm (238).bmp,calib,0,-0.349365,2.919146,-2.569779
smids/Normal_Sperm/Normal_Sperm (247).bmp,calib,0,1.636157,0.939198,-2.575354
smids/Normal_Sperm/Normal_Sperm (251).bmp,calib,0,4.098974,0.371310,-4.470283
smids/Normal_Sperm/Normal_Sperm (261).bmp,calib,0,3.945097,1.134874,-5.079970
smids/Normal_Sperm/Normal_Sperm (264).bmp,calib,0,1.218996,0.920750,-2.139746
smids/Normal_Sperm/Normal_Sperm (265).bmp,calib,0,2.263165,1.946262,-4.209424
smids/Normal_Sperm/Normal_Sperm (274).bmp,calib,0,2.238278,0.391978,-2.630253
smids/Normal_Sperm/Normal_Sperm (281).bmp,calib,0,3.802921,0.945098,-4.748018
smids/Normal_Sperm/Normal_Sperm (285).bmp,calib,0,1.116377,-0.482515,-0.633863
smids/Normal_Sperm/Normal_Sperm (289).bmp,calib,0,4.635790,1.285333,-5.921117
smids/Normal_Sperm/Normal_Sperm (295).bmp,calib,0,1.955952,1.120479,-3.076430
smids/Normal_Sperm/Normal_Sperm (3).bmp,calib,0,2.499679,1.457697,-3.957375
smids/Normal_Sperm/Normal_Sperm (301).bmp,calib,0,2.516421,0.452585,-2.969005
smids/Normal_Sperm/Normal_Sperm (337).bmp,calib,0,1.198263,2.048245,-3.246506
smids/Normal_Sperm/Normal_Sperm (35).bmp,calib,0,1.719699,-1.913384,0.193688
smids/Normal_Sperm/Normal_Sperm (353).bmp,calib,0,3.576289,2.400629,-5.976912
smids/Normal_Sperm/Normal_Sperm (355).bmp,calib,0,3.430348,1.645441,-5.075789
smids/Normal_Sperm/Normal_Sperm (365).bmp,calib,0,2.612864,0.124682,-2.737547
smids/Normal_Sperm/Normal_Sperm (368).bmp,calib,0,0.137972,-0.310026,0.172057
smids/Normal_Sperm/Normal_Sperm (370).bmp,calib,0,2.503106,2.613874,-5.116977
smids/Normal_Sperm/Normal_Sperm (374).bmp,calib,0,2.901558,1.766778,-4.668330
smids/Normal_Sperm/Normal_Sperm (390).bmp,calib,0,1.131487,3.120414,-4.251896
smids/Normal_Sperm/Normal_Sperm (394).bmp,calib,0,4.121670,1.530448,-5.652115
smids/Normal_Sperm/Normal_Sperm (401).bmp,calib,0,3.638169,0.659085,-4.297250
smids/Normal_Sperm/Normal_Sperm (41).bmp,calib,0,1.166950,-2.093271,0.926320
smids/Normal_Sperm/Normal_Sperm (415).bmp,calib,0,2.241282,1.616044,-3.857325
smids/Normal_Sperm/Normal_Sperm (416).bmp,calib,0,3.623464,0.995364,-4.618825
smids/Normal_Sperm/Normal_Sperm (42).bmp,calib,0,-0.083148,0.717045,-0.633897
smids/Normal_Sperm/Normal_Sperm (420).bmp,calib,0,3.804965,2.691827,-6.496790
smids/Normal_Sperm/Normal_Sperm (422).bmp,calib,0,3.449947,1.647080,-5.097024
smids/Normal_Sperm/Normal_Sperm (445).bmp,calib,0,0.131994,2.030539,-2.162528
smids/Normal_Sperm/Normal_Sperm (453).bmp,calib,0,1.943534,-1.178944,-0.764585
smids/Normal_Sperm/Normal_Sperm (454).bmp,calib,0,1.518691,0.542963,-2.061653
smids/Normal_Sperm/Normal_Sperm (467).bmp,calib,0,1.238519,1.233332,-2.471850
smids/Normal_Sperm/Normal_Sperm (478).bmp,calib,0,1.991312,0.362376,-2.353684
smids/Normal_Sperm/Normal_Sperm (479).bmp,calib,0,3.789450,1.543591,-5.333039
smids/Normal_Sperm/Normal_Sperm (480).bmp,calib,0,3.546359,1.691921,-5.238276
smids/Normal_Sperm/Normal_Sperm (484).bmp,calib,0,3.107757,0.598199,-3.705952
smids/Normal_Sperm/Normal_Sperm (489).bmp,calib,0,2.694019,0.283711,-2.977723
smids/Normal_Sperm/Normal_Sperm (494).bmp,calib,0,3.022541,-0.482714,-2.539827
smids/Normal_Sperm/Normal_Sperm (5).bmp,calib,0,2.672044,1.145538,-3.817583
smids/Normal_Sperm/Normal_Sperm (50).bmp,calib,0,1.353726,1.109169,-2.462894
smids/Normal_Sperm/Normal_Sperm (51).bmp,calib,0,3.090355,1.956591,-5.046944
smids/Normal_Sperm/Normal_Sperm (512).bmp,calib,0,0.575749,1.784151,-2.359895
smids/Normal_Sperm/Normal_Sperm (513).bmp,calib,0,3.514824,0.687407,-4.202228
smids/Normal_Sperm/Normal_Sperm (517).bmp,calib,0,3.710486,2.169747,-5.880230
smids/Normal_Sperm/Normal_Sperm (518).bmp,calib,0,3.505225,-0.057784,-3.447441
smids/Normal_Sperm/Normal_Sperm (519).bmp,calib,0,1.244068,0.305813,-1.549879
smids/Normal_Sperm/Normal_Sperm (521).bmp,calib,0,5.811901,0.738704,-6.550602
smids/Normal_Sperm/Normal_Sperm (524).bmp,calib,0,3.571300,0.992860,-4.564156
smids/Normal_Sperm/Normal_Sperm (528).bmp,calib,0,3.387181,0.221096,-3.608274
smids/Normal_Sperm/Normal_Sperm (531).bmp,calib,0,2.199288,0.782107,-2.981394
smids/Normal_Sperm/Normal_Sperm (535).bmp,calib,0,3.311344,0.092461,-3.403805
smids/Normal_Sperm/Normal_Sperm (554).bmp,calib,0,3.647918,-0.988510,-2.659406
smids/Normal_Sperm/Normal_Sperm (557).bmp,calib,0,3.261439,0.208174,-3.469609
smids/Normal_Sperm/Normal_Sperm (558).bmp,calib,0,2.056520,1.978153,-4.034669
smids/Normal_Sperm/Normal_Sperm (570).bmp,calib,0,5.371222,1.315970,-6.687188
smids/Normal_Sperm/Normal_Sperm (571).bmp,calib,0,2.562779,-0.241078,-2.321701
smids/Normal_Sperm/Normal_Sperm (591).bmp,calib,0,5.219954,0.535155,-5.755110
smids/Normal_Sperm/Normal_Sperm (593).bmp,calib,0,4.626132,0.007666,-4.633798
smids/Normal_Sperm/Normal_Sperm (594).bmp,calib,0,4.043850,0.071115,-4.114964
smids/Normal_Sperm/Normal_Sperm (602).bmp,calib,0,4.946660,1.680798,-6.627457
smids/Normal_Sperm/Normal_Sperm (606).bmp,calib,0,4.228568,1.147476,-5.376043
smids/Normal_Sperm/Normal_Sperm (617).bmp,calib,0,5.482117,1.922803,-7.404913
smids/Normal_Sperm/Normal_Sperm (619).bmp,calib,0,3.176912,0.669957,-3.846868
smids/Normal_Sperm/Normal_Sperm (627).bmp,calib,0,2.159048,1.082624,-3.241670
smids/Normal_Sperm/Normal_Sperm (63).bmp,calib,0,2.639606,2.634377,-5.273979
smids/Normal_Sperm/Normal_Sperm (640).bmp,calib,0,2.621620,-0.591374,-2.030243
smids/Normal_Sperm/Normal_Sperm (657).bmp,calib,0,0.858565,1.456160,-2.314723
smids/Normal_Sperm/Normal_Sperm (661).bmp,calib,0,2.348343,1.309513,-3.657856
smids/Normal_Sperm/Normal_Sperm (667).bmp,calib,0,4.129768,-1.620065,-2.509704
smids/Normal_Sperm/Normal_Sperm (674).bmp,calib,0,3.042109,-1.182201,-1.859908
smids/Normal_Sperm/Normal_Sperm (679).bmp,calib,0,4.515027,1.109610,-5.624635
smids/Normal_Sperm/Normal_Sperm (683).bmp,calib,0,5.945785,1.395661,-7.341448
smids/Normal_Sperm/Normal_Sperm (695).bmp,calib,0,6.120254,2.034673,-8.154919
smids/Normal_Sperm/Normal_Sperm (698).bmp,calib,0,4.496463,0.438668,-4.935131
smids/Normal_Sperm/Normal_Sperm (71).bmp,calib,0,3.928633,0.362467,-4.291096
smids/Normal_Sperm/Normal_Sperm (719).bmp,calib,0,4.426222,1.020594,-5.446820
smids/Normal_Sperm/Normal_Sperm (72).bmp,calib,0,0.836796,0.419259,-1.256054
smids/Normal_Sperm/Normal_Sperm (722).bmp,calib,0,3.230550,0.480255,-3.710804
smids/Normal_Sperm/Normal_Sperm (723).bmp,calib,0,5.122119,1.785622,-6.907743
smids/Normal_Sperm/Normal_Sperm (727).bmp,calib,0,2.936888,-0.065214,-2.871672
smids/Normal_Sperm/Normal_Sperm (735).bmp,calib,0,2.093143,-0.203500,-1.889641
smids/Normal_Sperm/Normal_Sperm (74).bmp,calib,0,3.420957,1.440823,-4.861779
smids/Normal_Sperm/Normal_Sperm (742).bmp,calib,0,5.489472,1.405285,-6.894755
smids/Normal_Sperm/Normal_Sperm (745).bmp,calib,0,4.448921,0.966546,-5.415466
smids/Normal_Sperm/Normal_Sperm (763).bmp,calib,0,2.712988,0.348854,-3.061842
smids/Normal_Sperm/Normal_Sperm (765).bmp,calib,0,4.403771,0.828316,-5.232085
smids/Normal_Sperm/Normal_Sperm (770).bmp,calib,0,2.477528,0.523454,-3.000980
smids/Normal_Sperm/Normal_Sperm (782).bmp,calib,0,3.785444,0.641883,-4.427327
smids/Normal_Sperm/Normal_Sperm (79).bmp,calib,0,2.622581,1.249948,-3.872525
smids/Normal_Sperm/Normal_Sperm (805).bmp,calib,0,1.470125,0.882617,-2.352736
smids/Normal_Sperm/Normal_Sperm (813).bmp,calib,0,2.133382,0.292297,-2.425677
smids/Normal_Sperm/Normal_Sperm (818).bmp,calib,0,-0.263070,0.097738,0.165331
smids/Normal_Sperm/Normal_Sperm (821).bmp,calib,0,4.529093,0.474461,-5.003550
smids/Normal_Sperm/Normal_Sperm (825).bmp,calib,0,1.211543,1.495113,-2.706654
smids/Normal_Sperm/Normal_Sperm (826).bmp,calib,0,2.345384,0.789056,-3.134437
smids/Normal_Sperm/Normal_Sperm (833).bmp,calib,0,1.239554,0.636514,-1.876065
smids/Normal_Sperm/Normal_Sperm (837).bmp,calib,0,0.470210,0.814831,-1.285041
smids/Normal_Sperm/Normal_Sperm (838).bmp,calib,0,4.750613,1.590517,-6.341127
smids/Normal_Sperm/Normal_Sperm (856).bmp,calib,0,3.036118,0.733409,-3.769526
smids/Normal_Sperm/Normal_Sperm (863).bmp,calib,0,1.911704,-0.562907,-1.348795
smids/Normal_Sperm/Normal_Sperm (872).bmp,calib,0,3.243640,-1.058045,-2.185594
smids/Normal_Sperm/Normal_Sperm (874).bmp,calib,0,2.327646,-0.095252,-2.232395
smids/Normal_Sperm/Normal_Sperm (880).bmp,calib,0,2.437570,2.800663,-5.238231
smids/Normal_Sperm/Normal_Sperm (882).bmp,calib,0,4.565443,1.598208,-6.163649
smids/Normal_Sperm/Normal_Sperm (891).bmp,calib,0,3.674325,1.413731,-5.088055
smids/Normal_Sperm/Normal_Sperm (896).bmp,calib,0,2.491700,1.064651,-3.556351
smids/Normal_Sperm/Normal_Sperm (9).bmp,calib,0,1.375076,-1.542811,0.167734
smids/Normal_Sperm/Normal_Sperm (902).bmp,calib,0,5.630676,0.926465,-6.557137
smids/Normal_Sperm/Normal_Sperm (904).bmp,calib,0,6.146890,2.282916,-8.429799
smids/Normal_Sperm/Normal_Sperm (907).bmp,calib,0,0.426525,3.597161,-4.023683
smids/Normal_Sperm/Normal_Sperm (91).bmp,calib,0,5.769837,-1.445005,-4.324833
smids/Normal_Sperm/Normal_Sperm (915).bmp,calib,0,0.895000,1.126167,-2.021164
smids/Normal_Sperm/Normal_Sperm (921).bmp,calib,0,6.277212,1.245296,-7.522508
smids/Normal_Sperm/Normal_Sperm (924).bmp,calib,0,4.475449,2.944489,-7.419938
smids/Normal_Sperm/Normal_Sperm (938).bmp,calib,0,2.393037,1.790689,-4.183727
smids/Normal_Sperm/Normal_Sperm (948).bmp,calib,0,2.542505,3.166493,-5.708998
smids/Normal_Sperm/Normal_Sperm (951).bmp,calib,0,3.896907,2.515637,-6.412542
smids/Normal_Sperm/Normal_Sperm (957).bmp,calib,0,1.739099,1.198211,-2.937310
smids/Normal_Sperm/Normal_Sperm (983).bmp,calib,0,0.538886,1.869471,-2.408354
smids/Normal_Sperm/Normal_Sperm (987).bmp,calib,0,3.980926,0.351214,-4.332137
smids/Normal_Sperm/Normal_Sperm (990).bmp,calib,0,5.628531,1.979528,-7.608049
smids/Normal_Sperm/Normal_Sperm (993).bmp,calib,0,2.127023,0.657459,-2.784482
smids/Normal_Sperm/Normal_Sperm (995).bmp,calib,0,1.263438,-0.081693,-1.181746
smids/Abnormal_Sperm/Abnormal_Sperm (10).bmp,test,1,1.648118,3.256246,-4.904366
smids/Abnormal_Sperm/Abnormal_Sperm (100).bmp,test,1,0.829011,2.164218,-2.993225
smids/Abnormal_Sperm/Abnormal_Sperm (1005).bmp,test,1,-0.727724,3.236549,-2.508824
smids/Abnormal_Sperm/Abnormal_Sperm (101).bmp,test,1,-0.238723,3.128527,-2.889802
smids/Abnormal_Sperm/Abnormal_Sperm (104).bmp,test,1,2.747962,0.301393,-3.049352
smids/Abnormal_Sperm/Abnormal_Sperm (107).bmp,test,1,-0.770308,1.824517,-1.054208
smids/Abnormal_Sperm/Abnormal_Sperm (111).bmp,test,1,-0.775429,2.028511,-1.253080
smids/Abnormal_Sperm/Abnormal_Sperm (114).bmp,test,1,-0.663115,1.292851,-0.629737
smids/Abnormal_Sperm/Abnormal_Sperm (121).bmp,test,1,0.748023,1.807388,-2.555411
smids/Abnormal_Sperm/Abnormal_Sperm (131).bmp,test,1,-0.241830,4.698033,-4.456203
smids/Abnormal_Sperm/Abnormal_Sperm (132).bmp,test,1,2.018227,2.156820,-4.175051
smids/Abnormal_Sperm/Abnormal_Sperm (139).bmp,test,1,0.896927,2.513758,-3.410685
smids/Abnormal_Sperm/Abnormal_Sperm (15).bmp,test,1,-0.017132,2.065706,-2.048571
smids/Abnormal_Sperm/Abnormal_Sperm (153).bmp,test,1,0.959050,1.244963,-2.204011
smids/Abnormal_Sperm/Abnormal_Sperm (155).bmp,test,1,-0.557594,3.611330,-3.053734
smids/Abnormal_Sperm/Abnormal_Sperm (160).bmp,test,1,-2.356107,2.869001,-0.512892
smids/Abnormal_Sperm/Abnormal_Sperm (167).bmp,test,1,0.360159,1.993807,-2.353968
smids/Abnormal_Sperm/Abnormal_Sperm (170).bmp,test,1,-2.964897,2.766645,0.198255
smids/Abnormal_Sperm/Abnormal_Sperm (182).bmp,test,1,0.055424,2.508445,-2.563868
smids/Abnormal_Sperm/Abnormal_Sperm (187).bmp,test,1,2.417877,1.000773,-3.418648
smids/Abnormal_Sperm/Abnormal_Sperm (189).bmp,test,1,-2.392359,2.082450,0.309912
smids/Abnormal_Sperm/Abnormal_Sperm (190).bmp,test,1,0.689085,3.387188,-4.076272
smids/Abnormal_Sperm/Abnormal_Sperm (197).bmp,test,1,-0.073988,4.234018,-4.160031
smids/Abnormal_Sperm/Abnormal_Sperm (198).bmp,test,1,0.625746,3.328591,-3.954334
smids/Abnormal_Sperm/Abnormal_Sperm (202).bmp,test,1,0.174859,2.495054,-2.669912
smids/Abnormal_Sperm/Abnormal_Sperm (204).bmp,test,1,0.486702,2.023894,-2.510593
smids/Abnormal_Sperm/Abnormal_Sperm (207).bmp,test,1,-0.938822,3.688104,-2.749280
smids/Abnormal_Sperm/Abnormal_Sperm (209).bmp,test,1,0.164915,1.396499,-1.561418
smids/Abnormal_Sperm/Abnormal_Sperm (212).bmp,test,1,2.593432,2.922268,-5.515699
smids/Abnormal_Sperm/Abnormal_Sperm (213).bmp,test,1,-1.452554,5.092446,-3.639889
smids/Abnormal_Sperm/Abnormal_Sperm (214).bmp,test,1,-4.415829,3.631682,0.784147
smids/Abnormal_Sperm/Abnormal_Sperm (219).bmp,test,1,-0.749194,1.713183,-0.963986
smids/Abnormal_Sperm/Abnormal_Sperm (226).bmp,test,1,0.545221,1.200883,-1.746105
smids/Abnormal_Sperm/Abnormal_Sperm (229).bmp,test,1,0.094673,3.402436,-3.497108
smids/Abnormal_Sperm/Abnormal_Sperm (232).bmp,test,1,-0.944944,2.828532,-1.883590
smids/Abnormal_Sperm/Abnormal_Sperm (236).bmp,test,1,1.612646,1.062935,-2.675583
smids/Abnormal_Sperm/Abnormal_Sperm (242).bmp,test,1,1.346488,2.278918,-3.625404
smids/Abnormal_Sperm/Abnormal_Sperm (245).bmp,test,1,-1.602923,1.721878,-0.118954
smids/Abnormal_Sperm/Abnormal_Sperm (256).bmp,test,1,0.090862,2.577532,-2.668395
smids/Abnormal_Sperm/Abnormal_Sperm (258).bmp,test,1,-2.987280,2.607968,0.379316
smids/Abnormal_Sperm/Abnormal_Sperm (260).bmp,test,1,0.007921,2.685835,-2.693752
smids/Abnormal_Sperm/Abnormal_Sperm (261).bmp,test,1,3.025457,0.441355,-3.466814
smids/Abnormal_Sperm/Abnormal_Sperm (272).bmp,test,1,2.503042,3.710533,-6.213572
smids/Abnormal_Sperm/Abnormal_Sperm (275).bmp,test,1,-0.024195,4.083065,-4.058865
smids/Abnormal_Sperm/Abnormal_Sperm (281).bmp,test,1,-0.685098,2.292841,-1.607743
smids/Abnormal_Sperm/Abnormal_Sperm (282).bmp,test,1,-0.700390,1.546691,-0.846298
smids/Abnormal_Sperm/Abnormal_Sperm (283).bmp,test,1,0.817112,2.079684,-2.896791
smids/Abnormal_Sperm/Abnormal_Sperm (295).bmp,test,1,2.934145,2.725181,-5.659324
smids/Abnormal_Sperm/Abnormal_Sperm (304).bmp,test,1,-3.489013,2.960707,0.528312
smids/Abnormal_Sperm/Abnormal_Sperm (319).bmp,test,1,-1.742660,2.904590,-1.161929
smids/Abnormal_Sperm/Abnormal_Sperm (320).bmp,test,1,-1.136360,4.398851,-3.262490
smids/Abnormal_Sperm/Abnormal_Sperm (323).bmp,test,1,-1.909078,2.482177,-0.573099
smids/Abnormal_Sperm/Abnormal_Sperm (326).bmp,test,1,0.577746,3.369161,-3.946902
smids/Abnormal_Sperm/Abnormal_Sperm (328).bmp,test,1,-3.616138,2.958569,0.657571
smids/Abnormal_Sperm/Abnormal_Sperm (330).bmp,test,1,0.158151,5.075729,-5.233876
smids/Abnormal_Sperm/Abnormal_Sperm (331).bmp,test,1,-1.428504,2.499022,-1.070516
smids/Abnormal_Sperm/Abnormal_Sperm (333).bmp,test,1,1.286281,2.946663,-4.232942
smids/Abnormal_Sperm/Abnormal_Sperm (335).bmp,test,1,0.278616,2.150941,-2.429556
smids/Abnormal_Sperm/Abnormal_Sperm (336).bmp,test,1,-2.784228,5.939007,-3.154771
smids/Abnormal_Sperm/Abnormal_Sperm (34).bmp,test,1,-3.374344,1.802859,1.571482
smids/Abnormal_Sperm/Abnormal_Sperm (340).bmp,test,1,-2.820305,3.861068,-1.040759
smids/Abnormal_Sperm/Abnormal_Sperm (342).bmp,test,1,-2.441298,3.232268,-0.790968
smids/Abnormal_Sperm/Abnormal_Sperm (351).bmp,test,1,0.975152,1.421656,-2.396804
smids/Abnormal_Sperm/Abnormal_Sperm (353).bmp,test,1,-2.875215,2.094490,0.780727
smids/Abnormal_Sperm/Abnormal_Sperm (356).bmp,test,1,-1.503855,2.624083,-1.120226
smids/Abnormal_Sperm/Abnormal_Sperm (360).bmp,test,1,-0.217747,1.994983,-1.777234
smids/Abnormal_Sperm/Abnormal_Sperm (367).bmp,test,1,1.630964,1.804427,-3.435393
smids/Abnormal_Sperm/Abnormal_Sperm (370).bmp,test,1,2.144632,0.909667,-3.054296
smids/Abnormal_Sperm/Abnormal_Sperm (371).bmp,test,1,1.402162,3.810182,-5.212345
smids/Abnormal_Sperm/Abnormal_Sperm (381).bmp,test,1,1.847851,3.456433,-5.304282
smids/Abnormal_Sperm/Abnormal_Sperm (382).bmp,test,1,-0.514760,2.956151,-2.441389
smids/Abnormal_Sperm/Abnormal_Sperm (388).bmp,test,1,-4.442623,3.717167,0.725459
smids/Abnormal_Sperm/Abnormal_Sperm (390).bmp,test,1,0.411294,2.623067,-3.034354
smids/Abnormal_Sperm/Abnormal_Sperm (395).bmp,test,1,-0.173879,4.018373,-3.844493
smids/Abnormal_Sperm/Abnormal_Sperm (396).bmp,test,1,1.401416,2.479290,-3.880706
smids/Abnormal_Sperm/Abnormal_Sperm (399).bmp,test,1,-2.080297,4.187068,-2.106768
smids/Abnormal_Sperm/Abnormal_Sperm (401).bmp,test,1,1.542539,2.648961,-4.191496
smids/Abnormal_Sperm/Abnormal_Sperm (405).bmp,test,1,-1.744375,1.331414,0.412964
smids/Abnormal_Sperm/Abnormal_Sperm (406).bmp,test,1,1.290608,2.198724,-3.489329
smids/Abnormal_Sperm/Abnormal_Sperm (413).bmp,test,1,-0.666974,4.041432,-3.374450
smids/Abnormal_Sperm/Abnormal_Sperm (416).bmp,test,1,-2.714742,2.180147,0.534595
smids/Abnormal_Sperm/Abnormal_Sperm (417).bmp,test,1,0.036384,1.953576,-1.989960
smids/Abnormal_Sperm/Abnormal_Sperm (418).bmp,test,1,-2.941096,4.639509,-1.698414
smids/Abnormal_Sperm/Abnormal_Sperm (422).bmp,test,1,-1.123985,2.389732,-1.265745
smids/Abnormal_Sperm/Abnormal_Sperm (424).bmp,test,1,-4.376702,3.139632,1.237072
smids/Abnormal_Sperm/Abnormal_Sperm (427).bmp,test,1,-0.881552,1.146887,-0.265333
smids/Abnormal_Sperm/Abnormal_Sperm (43).bmp,test,1,3.634298,2.062557,-5.696847
smids/Abnormal_Sperm/Abnormal_Sperm (434).bmp,test,1,1.763452,2.972490,-4.735940
smids/Abnormal_Sperm/Abnormal_Sperm (436).bmp,test,1,1.535122,3.826503,-5.361623
smids/Abnormal_Sperm/Abnormal_Sperm (437).bmp,test,1,-1.826110,1.562573,0.263540
smids/Abnormal_Sperm/Abnormal_Sperm (442).bmp,test,1,-0.260446,3.388352,-3.127903
smids/Abnormal_Sperm/Abnormal_Sperm (448).bmp,test,1,-0.700706,2.440147,-1.739442
smids/Abnormal_Sperm/Abnormal_Sperm (452).bmp,test,1,-2.853883,3.619355,-0.765469
smids/Abnormal_Sperm/Abnormal_Sperm (456).bmp,test,1,1.957705,3.371313,-5.329015
smids/Abnormal_Sperm/Abnormal_Sperm (465).bmp,test,1,-0.269129,0.581051,-0.311922
smids/Abnormal_Sperm/Abnormal_Sperm (468).bmp,test,1,-2.590464,1.486732,1.103733
smids/Abnormal_Sperm/Abnormal_Sperm (469).bmp,test,1,0.378368,2.188803,-2.567171
smids/Abnormal_Sperm/Abnormal_Sperm (476).bmp,test,1,0.905329,1.706385,-2.611715
smids/Abnormal_Sperm/Abnormal_Sperm (48).bmp,test,1,-2.463259,1.529150,0.934110
smids/Abnormal_Sperm/Abnormal_Sperm (481).bmp,test,1,-2.848322,1.225696,1.622626
smids/Abnormal_Sperm/Abnormal_Sperm (482).bmp,test,1,-0.336484,0.610356,-0.273867
smids/Abnormal_Sperm/Abnormal_Sperm (492).bmp,test,1,0.736428,0.699422,-1.435848
smids/Abnormal_Sperm/Abnormal_Sperm (499).bmp,test,1,0.622452,-0.674753,0.052301
smids/Abnormal_Sperm/Abnormal_Sperm (503).bmp,test,1,-2.516011,0.538872,1.977138
smids/Abnormal_Sperm/Abnormal_Sperm (507).bmp,test,1,-1.737800,0.976865,0.760933
smids/Abnormal_Sperm/Abnormal_Sperm (508).bmp,test,1,-1.466892,-0.230266,1.697153
smids/Abnormal_Sperm/Abnormal_Sperm (516).bmp,test,1,-3.119683,3.522812,-0.403126
smids/Abnormal_Sperm/Abnormal_Sperm (519).bmp,test,1,1.721541,3.751498,-5.473036
smids/Abnormal_Sperm/Abnormal_Sperm (524).bmp,test,1,-3.883625,1.435197,2.448428
smids/Abnormal_Sperm/Abnormal_Sperm (53).bmp,test,1,0.224462,1.276075,-1.500534
smids/Abnormal_Sperm/Abnormal_Sperm (532).bmp,test,1,-1.131854,2.180717,-1.048863
smids/Abnormal_Sperm/Abnormal_Sperm (541).bmp,test,1,0.619748,1.727129,-2.346877
smids/Abnormal_Sperm/Abnormal_Sperm (545).bmp,test,1,2.060643,1.938944,-3.999582
smids/Abnormal_Sperm/Abnormal_Sperm (548).bmp,test,1,-1.351305,2.490756,-1.139450
smids/Abnormal_Sperm/Abnormal_Sperm (551).bmp,test,1,0.710391,0.956426,-1.666816
smids/Abnormal_Sperm/Abnormal_Sperm (560).bmp,test,1,4.366871,0.047981,-4.414851
smids/Abnormal_Sperm/Abnormal_Sperm (564).bmp,test,1,-1.037913,1.208912,-0.171001
smids/Abnormal_Sperm/Abnormal_Sperm (566).bmp,test,1,2.047940,2.527002,-4.574941
smids/Abnormal_Sperm/Abnormal_Sperm (58).bmp,test,1,-1.073089,2.795466,-1.722378
smids/Abnormal_Sperm/Abnormal_Sperm (580).bmp,test,1,1.218445,1.168379,-2.386824
smids/Abnormal_Sperm/Abnormal_Sperm (583).bmp,test,1,0.556261,5.561470,-6.117731
smids/Abnormal_Sperm/Abnormal_Sperm (587).bmp,test,1,-1.905442,0.318175,1.587266
smids/Abnormal_Sperm/Abnormal_Sperm (590).bmp,test,1,-0.160357,1.692298,-1.531937
smids/Abnormal_Sperm/Abnormal_Sperm (591).bmp,test,1,-2.717135,0.648761,2.068372
smids/Abnormal_Sperm/Abnormal_Sperm (603).bmp,test,1,1.009762,1.853838,-2.863600
smids/Abnormal_Sperm/Abnormal_Sperm (604).bmp,test,1,3.643007,2.802091,-6.445097
smids/Abnormal_Sperm/Abnormal_Sperm (605).bmp,test,1,0.719121,0.003510,-0.722631
smids/Abnormal_Sperm/Abnormal_Sperm (606).bmp,test,1,3.019566,0.352848,-3.372415
smids/Abnormal_Sperm/Abnormal_Sperm (610).bmp,test,1,1.557439,2.243479,-3.800915
smids/Abnormal_Sperm/Abnormal_Sperm (611).bmp,test,1,1.453492,1.284657,-2.738146
smids/Abnormal_Sperm/Abnormal_Sperm (615).bmp,test,1,0.300728,2.090101,-2.390824
smids/Abnormal_Sperm/Abnormal_Sperm (627).bmp,test,1,-2.155203,-0.621491,2.776700
smids/Abnormal_Sperm/Abnormal_Sperm (641).bmp,test,1,-1.554620,4.024683,-2.470054
smids/Abnormal_Sperm/Abnormal_Sperm (65).bmp,test,1,0.469008,1.455761,-1.924767
smids/Abnormal_Sperm/Abnormal_Sperm (650).bmp,test,1,0.564852,1.438713,-2.003561
smids/Abnormal_Sperm/Abnormal_Sperm (659).bmp,test,1,-2.375475,2.504550,-0.129069
smids/Abnormal_Sperm/Abnormal_Sperm (660).bmp,test,1,2.478969,0.729939,-3.208904
smids/Abnormal_Sperm/Abnormal_Sperm (665).bmp,test,1,-0.712911,1.215291,-0.502378
smids/Abnormal_Sperm/Abnormal_Sperm (668).bmp,test,1,-1.853400,3.704102,-1.850698
smids/Abnormal_Sperm/Abnormal_Sperm (674).bmp,test,1,0.479414,2.433873,-2.913285
smids/Abnormal_Sperm/Abnormal_Sperm (68).bmp,test,1,-2.193648,3.257238,-1.063591
smids/Abnormal_Sperm/Abnormal_Sperm (681).bmp,test,1,1.586947,3.676457,-5.263400
smids/Abnormal_Sperm/Abnormal_Sperm (685).bmp,test,1,-0.716959,2.214545,-1.497585
smids/Abnormal_Sperm/Abnormal_Sperm (690).bmp,test,1,1.594596,1.972996,-3.567590
smids/Abnormal_Sperm/Abnormal_Sperm (702).bmp,test,1,-0.226119,1.646788,-1.420665
smids/Abnormal_Sperm/Abnormal_Sperm (705).bmp,test,1,-0.204785,1.415355,-1.210570
smids/Abnormal_Sperm/Abnormal_Sperm (708).bmp,test,1,0.954656,2.509850,-3.464505
smids/Abnormal_Sperm/Abnormal_Sperm (713).bmp,test,1,0.885107,2.544663,-3.429768
smids/Abnormal_Sperm/Abnormal_Sperm (718).bmp,test,1,-2.177026,0.971172,1.205855
smids/Abnormal_Sperm/Abnormal_Sperm (719).bmp,test,1,-0.805273,2.102426,-1.297149
smids/Abnormal_Sperm/Abnormal_Sperm (721).bmp,test,1,-0.219010,1.552283,-1.333274
smids/Abnormal_Sperm/Abnormal_Sperm (722).bmp,test,1,0.614353,2.230574,-2.844920
smids/Abnormal_Sperm/Abnormal_Sperm (729).bmp,test,1,-1.411230,2.336236,-0.925003
smids/Abnormal_Sperm/Abnormal_Sperm (730).bmp,test,1,-0.920578,1.190979,-0.270395
smids/Abnormal_Sperm/Abnormal_Sperm (735).bmp,test,1,1.616038,-0.837779,-0.778256
smids/Abnormal_Sperm/Abnormal_Sperm (760).bmp,test,1,1.248575,1.321785,-2.570356
smids/Abnormal_Sperm/Abnormal_Sperm (764).bmp,test,1,0.989140,-0.517084,-0.472055
smids/Abnormal_Sperm/Abnormal_Sperm (78).bmp,test,1,-0.742571,1.401993,-0.659421
smids/Abnormal_Sperm/Abnormal_Sperm (79).bmp,test,1,-0.234770,1.313805,-1.079033
smids/Abnormal_Sperm/Abnormal_Sperm (797).bmp,test,1,1.419369,1.166757,-2.586122
smids/Abnormal_Sperm/Abnormal_Sperm (803).bmp,test,1,3.344344,2.156203,-5.500542
smids/Abnormal_Sperm/Abnormal_Sperm (809).bmp,test,1,0.282826,2.431481,-2.714303
smids/Abnormal_Sperm/Abnormal_Sperm (812).bmp,test,1,2.737298,2.768787,-5.506083
smids/Abnormal_Sperm/Abnormal_Sperm (813).bmp,test,1,-0.721101,0.667690,0.053413
smids/Abnormal_Sperm/Abnormal_Sperm (822).bmp,test,1,0.478210,2.503540,-2.981740
smids/Abnormal_Sperm/Abnormal_Sperm (823).bmp,test,1,2.710142,2.392046,-5.102186
smids/Abnormal_Sperm/Abnormal_Sperm (83).bmp,test,1,1.244532,2.151887,-3.396420
smids/Abnormal_Sperm/Abnormal_Sperm (830).bmp,test,1,2.389740,2.055061,-4.444796
smids/Abnormal_Sperm/Abnormal_Sperm (835).bmp,test,1,0.935871,3.144183,-4.080053
smids/Abnormal_Sperm/Abnormal_Sperm (837).bmp,test,1,2.185791,0.221521,-2.407311
smids/Abnormal_Sperm/Abnormal_Sperm (845).bmp,test,1,1.326183,2.662358,-3.988539
smids/Abnormal_Sperm/Abnormal_Sperm (851).bmp,test,1,1.810301,1.917012,-3.727313
smids/Abnormal_Sperm/Abnormal_Sperm (855).bmp,test,1,0.892885,2.397291,-3.290174
smids/Abnormal_Sperm/Abnormal_Sperm (856).bmp,test,1,0.590050,2.110744,-2.700788
smids/Abnormal_Sperm/Abnormal_Sperm (859).bmp,test,1,1.908013,3.644529,-5.552538
smids/Abnormal_Sperm/Abnormal_Sperm (861).bmp,test,1,2.390364,0.985795,-3.376158
smids/Abnormal_Sperm/Abnormal_Sperm (866).bmp,test,1,1.886500,2.029640,-3.916136
smids/Abnormal_Sperm/Abnormal_Sperm (869).bmp,test,1,2.565176,2.404299,-4.969471
smids/Abnormal_Sperm/Abnormal_Sperm (872).bmp,test,1,0.289998,2.033243,-2.323240
smids/Abnormal_Sperm/Abnormal_Sperm (875).bmp,test,1,1.771435,2.325993,-4.097427
smids/Abnormal_Sperm/Abnormal_Sperm (880).bmp,test,1,0.954795,1.539908,-2.494697
smids/Abnormal_Sperm/Abnormal_Sperm (882).bmp,test,1,1.627084,1.322486,-2.949569
smids/Abnormal_Sperm/Abnormal_Sperm (885).bmp,test,1,0.135280,1.942387,-2.077660
smids/Abnormal_Sperm/Abnormal_Sperm (89).bmp,test,1,0.457321,1.448419,-1.905739
smids/Abnormal_Sperm/Abnormal_Sperm (894).bmp,test,1,1.145165,3.288220,-4.433382
smids/Abnormal_Sperm/Abnormal_Sperm (913).bmp,test,1,-0.381551,0.286139,0.095413
smids/Abnormal_Sperm/Abnormal_Sperm (914).bmp,test,1,0.589906,2.410001,-2.999907
smids/Abnormal_Sperm/Abnormal_Sperm (941).bmp,test,1,-0.458062,1.349656,-0.891591
smids/Abnormal_Sperm/Abnormal_Sperm (956).bmp,test,1,1.117748,1.885581,-3.003329
smids/Abnormal_Sperm/Abnormal_Sperm (964).bmp,test,1,-0.035871,3.058755,-3.022884
smids/Abnormal_Sperm/Abnormal_Sperm (966).bmp,test,1,-2.631406,2.991998,-0.360584
smids/Abnormal_Sperm/Abnormal_Sperm (976).bmp,test,1,-3.553275,3.155461,0.397818
smids/Abnormal_Sperm/Abnormal_Sperm (987).bmp,test,1,0.854025,2.288697,-3.142718
smids/Abnormal_Sperm/Abnormal_Sperm (997).bmp,test,1,0.462256,0.533384,-0.995639
smids/Abnormal_Sperm/Abnormal_Sperm (999).bmp,test,1,-2.777112,3.222453,-0.445340
smids/Non-Sperm/Non-Sperm (102).bmp,test,2,-0.888633,-4.174124,5.062753
smids/Non-Sperm/Non-Sperm (105).bmp,test,2,-1.972969,-3.283451,5.256418
smids/Non-Sperm/Non-Sperm (111).bmp,test,2,-1.357349,-1.887819,3.245166
smids/Non-Sperm/Non-Sperm (119).bmp,test,2,-2.748657,-1.850352,4.599007
smids/Non-Sperm/Non-Sperm (122).bmp,test,2,-2.778217,-2.994075,5.772291
smids/Non-Sperm/Non-Sperm (129).bmp,test,2,-2.249601,-2.184904,4.434507
smids/Non-Sperm/Non-Sperm (132).bmp,test,2,-3.420278,-3.306352,6.726632
smids/Non-Sperm/Non-Sperm (133).bmp,test,2,-3.438704,-3.202686,6.641390
smids/Non-Sperm/Non-Sperm (135).bmp,test,2,-3.142118,-2.776561,5.918680
smids/Non-Sperm/Non-Sperm (149).bmp,test,2,-3.388521,-4.036126,7.424648
smids/Non-Sperm/Non-Sperm (164).bmp,test,2,-2.904892,-1.783657,4.688550
smids/Non-Sperm/Non-Sperm (167).bmp,test,2,-3.835965,-1.707605,5.543566
smids/Non-Sperm/Non-Sperm (171).bmp,test,2,-5.262356,-0.889114,6.151470
smids/Non-Sperm/Non-Sperm (172).bmp,test,2,-5.131116,-0.019108,5.150223
smids/Non-Sperm/Non-Sperm (173).bmp,test,2,-4.467655,-3.353415,7.821069
smids/Non-Sperm/Non-Sperm (175).bmp,test,2,-3.756486,-1.580424,5.336909
smids/Non-Sperm/Non-Sperm (178).bmp,test,2,-4.868751,-0.470308,5.339063
smids/Non-Sperm/Non-Sperm (18).bmp,test,2,-1.985506,-0.760666,2.746176
smids/Non-Sperm/Non-Sperm (183).bmp,test,2,-4.810088,-0.476222,5.286307
smids/Non-Sperm/Non-Sperm (196).bmp,test,2,0.435117,-0.803263,0.368146
smids/Non-Sperm/Non-Sperm (202).bmp,test,2,-2.586043,-3.519257,6.105293
smids/Non-Sperm/Non-Sperm (203).bmp,test,2,-3.088025,-3.307972,6.395993
smids/Non-Sperm/Non-Sperm (205).bmp,test,2,-1.274397,0.775666,0.498731
smids/Non-Sperm/Non-Sperm (209).bmp,test,2,-1.174702,-4.439613,5.614312
smids/Non-Sperm/Non-Sperm (215).bmp,test,2,-4.665620,-2.852078,7.517701
smids/Non-Sperm/Non-Sperm (217).bmp,test,2,-0.177365,-2.964224,3.141587
smids/Non-Sperm/Non-Sperm (226).bmp,test,2,-3.284376,-2.417018,5.701391
smids/Non-Sperm/Non-Sperm (230).bmp,test,2,-1.577378,-1.202847,2.780225
smids/Non-Sperm/Non-Sperm (233).bmp,test,2,-1.572909,-2.719446,4.292354
smids/Non-Sperm/Non-Sperm (235).bmp,test,2,-1.404889,-2.979677,4.384566
smids/Non-Sperm/Non-Sperm (239).bmp,test,2,-2.747586,-1.628924,4.376513
smids/Non-Sperm/Non-Sperm (24).bmp,test,2,-1.562275,0.078134,1.484144
smids/Non-Sperm/Non-Sperm (243).bmp,test,2,-2.312020,-2.105415,4.417429
smids/Non-Sperm/Non-Sperm (245).bmp,test,2,-4.165946,-1.675753,5.841701
smids/Non-Sperm/Non-Sperm (249).bmp,test,2,-2.791363,-2.434612,5.225970
smids/Non-Sperm/Non-Sperm (266).bmp,test,2,-3.041707,-1.328903,4.370611
smids/Non-Sperm/Non-Sperm (279).bmp,test,2,-1.820060,-3.245206,5.065260
smids/Non-Sperm/Non-Sperm (281).bmp,test,2,-2.577200,-2.080972,4.658167
smids/Non-Sperm/Non-Sperm (289).bmp,test,2,-3.301202,-2.857808,6.159013
smids/Non-Sperm/Non-Sperm (30).bmp,test,2,-3.653600,1.699750,1.953855
smids/Non-Sperm/Non-Sperm (307).bmp,test,2,-2.714632,-4.590523,7.305149
smids/Non-Sperm/Non-Sperm (308).bmp,test,2,-2.627497,-3.297253,5.924748
smids/Non-Sperm/Non-Sperm (31).bmp,test,2,-3.338514,0.958738,2.379778
smids/Non-Sperm/Non-Sperm (32).bmp,test,2,-4.071965,-0.471305,4.543269
smids/Non-Sperm/Non-Sperm (321).bmp,test,2,-2.916119,-2.745860,5.661979
smids/Non-Sperm/Non-Sperm (325).bmp,test,2,-1.725174,-2.221017,3.946186
smids/Non-Sperm/Non-Sperm (326).bmp,test,2,0.249648,-0.097456,-0.152191
smids/Non-Sperm/Non-Sperm (327).bmp,test,2,0.805207,-0.924985,0.119778
smids/Non-Sperm/Non-Sperm (33).bmp,test,2,-3.505680,2.368968,1.136716
smids/Non-Sperm/Non-Sperm (338).bmp,test,2,-3.444444,1.935514,1.508937
smids/Non-Sperm/Non-Sperm (347).bmp,test,2,-3.805945,-1.920178,5.726127
smids/Non-Sperm/Non-Sperm (349).bmp,test,2,-2.929712,-0.490614,3.420331
smids/Non-Sperm/Non-Sperm (350).bmp,test,2,-2.758208,-0.914693,3.672904
smids/Non-Sperm/Non-Sperm (351).bmp,test,2,-0.716676,-1.550167,2.266843
smids/Non-Sperm/Non-Sperm (353).bmp,test,2,0.564667,-0.001060,-0.563607
smids/Non-Sperm/Non-Sperm (357).bmp,test,2,-2.978471,-1.661024,4.639495
smids/Non-Sperm/Non-Sperm (361).bmp,test,2,-1.705426,-0.670480,2.375906
smids/Non-Sperm/Non-Sperm (365).bmp,test,2,-2.038790,-2.799907,4.838701
smids/Non-Sperm/Non-Sperm (37).bmp,test,2,-2.649056,1.495823,1.153230
smids/Non-Sperm/Non-Sperm (373).bmp,test,2,-2.701991,-2.205822,4.907816
smids/Non-Sperm/Non-Sperm (375).bmp,test,2,-2.766133,-0.213010,2.979145
smids/Non-Sperm/Non-Sperm (378).bmp,test,2,0.895410,-4.789903,3.894495
smids/Non-Sperm/Non-Sperm (381).bmp,test,2,-2.093136,-0.009368,2.102505
smids/Non-Sperm/Non-Sperm (409).bmp,test,2,-1.497194,0.425078,1.072122
smids/Non-Sperm/Non-Sperm (414).bmp,test,2,0.400127,-2.931872,2.531742
smids/Non-Sperm/Non-Sperm (415).bmp,test,2,0.457792,-0.149010,-0.308773
smids/Non-Sperm/Non-Sperm (417).bmp,test,2,-2.399126,0.088124,2.310997
smids/Non-Sperm/Non-Sperm (425).bmp,test,2,-2.336260,1.730865,0.605396
smids/Non-Sperm/Non-Sperm (431).bmp,test,2,-1.133094,-2.322267,3.455362
smids/Non-Sperm/Non-Sperm (436).bmp,test,2,-1.630195,-4.028192,5.658389
smids/Non-Sperm/Non-Sperm (44).bmp,test,2,-5.866285,0.101801,5.764482
smids/Non-Sperm/Non-Sperm (449).bmp,test,2,-0.455687,0.779644,-0.323955
smids/Non-Sperm/Non-Sperm (452).bmp,test,2,-2.379748,1.953990,0.425762
smids/Non-Sperm/Non-Sperm (453).bmp,test,2,-2.047590,-0.625794,2.673386
smids/Non-Sperm/Non-Sperm (459).bmp,test,2,-1.987131,-2.106291,4.093425
smids/Non-Sperm/Non-Sperm (467).bmp,test,2,-2.034436,-4.119578,6.154018
smids/Non-Sperm/Non-Sperm (472).bmp,test,2,1.376991,-0.384391,-0.992599
smids/Non-Sperm/Non-Sperm (473).bmp,test,2,-2.550841,-0.935924,3.486768
smids/Non-Sperm/Non-Sperm (474).bmp,test,2,-3.340373,-3.359887,6.700260
smids/Non-Sperm/Non-Sperm (486).bmp,test,2,-3.774459,-1.450221,5.224683
smids/Non-Sperm/Non-Sperm (488).bmp,test,2,1.188307,-0.094435,-1.093870
smids/Non-Sperm/Non-Sperm (49).bmp,test,2,-3.450656,0.970358,2.480298
smids/Non-Sperm/Non-Sperm (492).bmp,test,2,-1.027109,-2.366093,3.393206
smids/Non-Sperm/Non-Sperm (498).bmp,test,2,-0.387248,-4.361990,4.749246
smids/Non-Sperm/Non-Sperm (5).bmp,test,2,-5.491736,1.990829,3.500906
smids/Non-Sperm/Non-Sperm (503).bmp,test,2,-2.848086,-3.005449,5.853537
smids/Non-Sperm/Non-Sperm (505).bmp,test,2,-3.772477,-2.805008,6.577488
smids/Non-Sperm/Non-Sperm (507).bmp,test,2,-2.571013,-0.427807,2.998819
smids/Non-Sperm/Non-Sperm (514).bmp,test,2,-3.084710,-2.939574,6.024282
smids/Non-Sperm/Non-Sperm (520).bmp,test,2,-2.679575,-2.046636,4.726212
smids/Non-Sperm/Non-Sperm (530).bmp,test,2,-4.405807,-1.735120,6.140926
smids/Non-Sperm/Non-Sperm (531).bmp,test,2,0.557188,-0.187478,-0.369706
smids/Non-Sperm/Non-Sperm (537).bmp,test,2,-3.518036,-2.203558,5.721591
smids/Non-Sperm/Non-Sperm (54).bmp,test,2,-0.831560,0.747175,0.084389
smids/Non-Sperm/Non-Sperm (549).bmp,test,2,-3.469087,-2.152389,5.621477
smids/Non-Sperm/Non-Sperm (550).bmp,test,2,-3.249621,-2.809445,6.059063
smids/Non-Sperm/Non-Sperm (555).bmp,test,2,-2.469255,-1.818353,4.287606
smids/Non-Sperm/Non-Sperm (557).bmp,test,2,-2.292998,-4.341570,6.634570
smids/Non-Sperm/Non-Sperm (558).bmp,test,2,-1.414302,-2.060799,3.475102
smids/Non-Sperm/Non-Sperm (565).bmp,test,2,-3.733440,0.089943,3.643499
smids/Non-Sperm/Non-Sperm (567).bmp,test,2,-1.217610,-0.354014,1.571623
smids/Non-Sperm/Non-Sperm (568).bmp,test,2,-2.409512,-3.318094,5.727606
smids/Non-Sperm/Non-Sperm (570).bmp,test,2,-3.785517,-2.701435,6.486955
smids/Non-Sperm/Non-Sperm (573).bmp,test,2,-1.899694,-1.412924,3.312617
smids/Non-Sperm/Non-Sperm (577).bmp,test,2,-3.616810,-0.469403,4.086214
smids/Non-Sperm/Non-Sperm (580).bmp,test,2,-2.309609,-1.019753,3.329360
smids/Non-Sperm/Non-Sperm (581).bmp,test,2,-1.262015,-3.258275,4.520288
smids/Non-Sperm/Non-Sperm (586).bmp,test,2,-3.581332,-0.684970,4.266301
smids/Non-Sperm/Non-Sperm (600).bmp,test,2,-3.417806,-2.569589,5.987393
smids/Non-Sperm/Non-Sperm (62).bmp,test,2,-4.139204,2.344762,1.794443
smids/Non-Sperm/Non-Sperm (63).bmp,test,2,-2.046413,-0.497634,2.544048
smids/Non-Sperm/Non-Sperm (631).bmp,test,2,-3.025925,-1.718803,4.744728
smids/Non-Sperm/Non-Sperm (635).bmp,test,2,-3.798963,-1.115913,4.914871
smids/Non-Sperm/Non-Sperm (639).bmp,test,2,-1.110309,-1.230119,2.340425
smids/Non-Sperm/Non-Sperm (64).bmp,test,2,-3.534700,1.526457,2.008246
smids/Non-Sperm/Non-Sperm (640).bmp,test,2,-1.895312,-1.083837,2.979149
smids/Non-Sperm/Non-Sperm (642).bmp,test,2,-2.968953,-3.196285,6.165237
smids/Non-Sperm/Non-Sperm (652).bmp,test,2,-1.149238,-3.887202,5.036441
smids/Non-Sperm/Non-Sperm (653).bmp,test,2,-1.366502,-2.661416,4.027914
smids/Non-Sperm/Non-Sperm (654).bmp,test,2,-1.024324,-2.184032,3.208355
smids/Non-Sperm/Non-Sperm (656).bmp,test,2,-2.141119,-0.764009,2.905130
smids/Non-Sperm/Non-Sperm (662).bmp,test,2,-2.692409,-1.880116,4.572521
smids/Non-Sperm/Non-Sperm (667).bmp,test,2,-2.437252,-1.598399,4.035647
smids/Non-Sperm/Non-Sperm (668).bmp,test,2,-3.033364,-2.063101,5.096468
smids/Non-Sperm/Non-Sperm (675).bmp,test,2,-1.160520,-2.627403,3.787919
smids/Non-Sperm/Non-Sperm (677).bmp,test,2,-4.689480,-0.026769,4.716252
smids/Non-Sperm/Non-Sperm (679).bmp,test,2,-2.514120,-1.636357,4.150478
smids/Non-Sperm/Non-Sperm (682).bmp,test,2,-0.607429,-3.137942,3.745371
smids/Non-Sperm/Non-Sperm (694).bmp,test,2,-2.864828,-3.741747,6.606572
smids/Non-Sperm/Non-Sperm (695).bmp,test,2,-3.287637,0.412897,2.874740
smids/Non-Sperm/Non-Sperm (699).bmp,test,2,-1.470505,0.468112,1.002394
smids/Non-Sperm/Non-Sperm (709).bmp,test,2,-0.354859,-1.324068,1.678926
smids/Non-Sperm/Non-Sperm (711).bmp,test,2,-2.160447,-1.620076,3.780526
smids/Non-Sperm/Non-Sperm (715).bmp,test,2,-4.295448,0.187136,4.108312
smids/Non-Sperm/Non-Sperm (717).bmp,test,2,-3.754195,-2.493728,6.247923
smids/Non-Sperm/Non-Sperm (718).bmp,test,2,-1.729512,-0.814491,2.544003
smids/Non-Sperm/Non-Sperm (720).bmp,test,2,-2.060459,-1.004374,3.064830
smids/Non-Sperm/Non-Sperm (722).bmp,test,2,-3.117217,-0.778599,3.895814
smids/Non-Sperm/Non-Sperm (724).bmp,test,2,-0.231664,-1.604357,1.836022
smids/Non-Sperm/Non-Sperm (729).bmp,test,2,-1.929296,-2.625265,4.554561
smids/Non-Sperm/Non-Sperm (733).bmp,test,2,-2.177856,-1.556904,3.734761
smids/Non-Sperm/Non-Sperm (736).bmp,test,2,-0.990616,-2.999594,3.990211
smids/Non-Sperm/Non-Sperm (742).bmp,test,2,-2.997015,-3.394513,6.391527
smids/Non-Sperm/Non-Sperm (748).bmp,test,2,-2.845338,0.444222,2.401115
smids/Non-Sperm/Non-Sperm (749).bmp,test,2,-2.240728,-0.977820,3.218547
smids/Non-Sperm/Non-Sperm (75).bmp,test,2,-2.646199,1.643346,1.002852
smids/Non-Sperm/Non-Sperm (754).bmp,test,2,-2.644199,-3.081762,5.725960
smids/Non-Sperm/Non-Sperm (758).bmp,test,2,-1.871547,-1.280025,3.151574
smids/Non-Sperm/Non-Sperm (766).bmp,test,2,-3.320324,-0.564873,3.885200
smids/Non-Sperm/Non-Sperm (770).bmp,test,2,0.012338,-1.613397,1.601056
smids/Non-Sperm/Non-Sperm (774).bmp,test,2,-2.988313,-3.431381,6.419696
smids/Non-Sperm/Non-Sperm (779).bmp,test,2,-1.869976,-2.006790,3.876767
smids/Non-Sperm/Non-Sperm (780).bmp,test,2,-2.379960,-3.875666,6.255624
smids/Non-Sperm/Non-Sperm (783).bmp,test,2,-1.618473,-4.980993,6.599466
smids/Non-Sperm/Non-Sperm (790).bmp,test,2,-1.702504,-2.933578,4.636081
smids/Non-Sperm/Non-Sperm (791).bmp,test,2,-2.334179,-4.376834,6.711011
smids/Non-Sperm/Non-Sperm (799).bmp,test,2,-5.112007,0.608661,4.503352
smids/Non-Sperm/Non-Sperm (8).bmp,test,2,-4.224108,0.046542,4.177568
smids/Non-Sperm/Non-Sperm (806).bmp,test,2,-1.892692,-3.771518,5.664210
smids/Non-Sperm/Non-Sperm (807).bmp,test,2,-3.893003,0.799479,3.093525
smids/Non-Sperm/Non-Sperm (809).bmp,test,2,0.441506,-3.350839,2.909335
smids/Non-Sperm/Non-Sperm (812).bmp,test,2,-2.309053,-3.315891,5.624941
smids/Non-Sperm/Non-Sperm (814).bmp,test,2,-1.981960,-1.741708,3.723665
smids/Non-Sperm/Non-Sperm (815).bmp,test,2,-1.766973,-1.632343,3.399312
smids/Non-Sperm/Non-Sperm (824).bmp,test,2,-2.085557,-3.775359,5.860912
smids/Non-Sperm/Non-Sperm (827).bmp,test,2,-3.555936,-0.837125,4.393060
smids/Non-Sperm/Non-Sperm (832).bmp,test,2,-2.417394,-1.204452,3.621848
smids/Non-Sperm/Non-Sperm (840).bmp,test,2,-3.820921,0.787850,3.033075
smids/Non-Sperm/Non-Sperm (847).bmp,test,2,-3.586409,-3.564040,7.150449
smids/Non-Sperm/Non-Sperm (85).bmp,test,2,-2.014154,-2.056250,4.070404
smids/Non-Sperm/Non-Sperm (852).bmp,test,2,-5.135294,-2.412956,7.548249
smids/Non-Sperm/Non-Sperm (86).bmp,test,2,-3.901860,0.854596,3.047264
smids/Non-Sperm/Non-Sperm (885).bmp,test,2,-5.874507,-1.536134,7.410645
smids/Non-Sperm/Non-Sperm (894).bmp,test,2,-1.303286,-0.490552,1.793840
smids/Non-Sperm/Non-Sperm (895).bmp,test,2,-2.112426,-0.316363,2.428788
smids/Non-Sperm/Non-Sperm (896).bmp,test,2,-2.237011,-0.069731,2.306742
smids/Non-Sperm/Non-Sperm (898).bmp,test,2,-1.942649,1.824626,0.118021
smids/Non-Sperm/Non-Sperm (899).bmp,test,2,-2.905742,0.579291,2.326451
smids/Non-Sperm/Non-Sperm (904).bmp,test,2,-0.351640,0.562609,-0.210969
smids/Non-Sperm/Non-Sperm (912).bmp,test,2,-1.345742,2.619935,-1.274194
smids/Non-Sperm/Non-Sperm (914).bmp,test,2,-3.457920,-1.186138,4.644053
smids/Non-Sperm/Non-Sperm (943).bmp,test,2,-3.411141,-0.074786,3.485927
smids/Non-Sperm/Non-Sperm (948).bmp,test,2,-1.304498,0.948597,0.355903
smids/Non-Sperm/Non-Sperm (949).bmp,test,2,-4.603284,0.007850,4.595434
smids/Non-Sperm/Non-Sperm (950).bmp,test,2,-0.454681,1.060139,-0.605458
smids/Non-Sperm/Non-Sperm (957).bmp,test,2,-2.273634,-0.851363,3.125001
smids/Non-Sperm/Non-Sperm (958).bmp,test,2,-5.153870,0.011701,5.142167
smids/Non-Sperm/Non-Sperm (960).bmp,test,2,-2.685332,2.470984,0.214349
smids/Non-Sperm/Non-Sperm (968).bmp,test,2,-5.122461,0.255792,4.866670
smids/Non-Sperm/Non-Sperm (97).bmp,test,2,-2.832226,-2.367363,5.199587
smids/Non-Sperm/Non-Sperm (973).bmp,test,2,-1.772934,-1.026807,2.799743
smids/Non-Sperm/Non-Sperm (974).bmp,test,2,1.309210,-0.648310,-0.660896
smids/Non-Sperm/Non-Sperm (98).bmp,test,2,-3.818857,-1.285744,5.104600
smids/Non-Sperm/Non-Sperm (99).bmp,test,2,-4.038870,-1.970020,6.008886
smids/Normal_Sperm/Normal_Sperm (10).bmp,test,0,1.100469,-1.337467,0.236994
smids/Normal_Sperm/Normal_Sperm (1006).bmp,test,0,0.418706,1.304950,-1.723655
smids/Normal_Sperm/Normal_Sperm (101).bmp,test,0,4.890091,-0.244661,-4.645430
smids/Normal_Sperm/Normal_Sperm (1010).bmp,test,0,3.867092,-1.547157,-2.319933
smids/Normal_Sperm/Normal_Sperm (103).bmp,test,0,1.883378,-0.996679,-0.886701
smids/Normal_Sperm/Normal_Sperm (107).bmp,test,0,-0.247942,-0.918589,1.166537
smids/Normal_Sperm/Normal_Sperm (109).bmp,test,0,3.401191,-0.754546,-2.646641
smids/Normal_Sperm/Normal_Sperm (112).bmp,test,0,2.841073,1.294152,-4.135225
smids/Normal_Sperm/Normal_Sperm (113).bmp,test,0,4.091005,0.431503,-4.522506
smids/Normal_Sperm/Normal_Sperm (119).bmp,test,0,2.310727,0.422259,-2.732987
smids/Normal_Sperm/Normal_Sperm (129).bmp,test,0,1.371053,1.029457,-2.400510
smids/Normal_Sperm/Normal_Sperm (13).bmp,test,0,1.972569,-1.091637,-0.880927
smids/Normal_Sperm/Normal_Sperm (130).bmp,test,0,1.757064,1.872218,-3.629282
smids/Normal_Sperm/Normal_Sperm (131).bmp,test,0,0.167603,1.900381,-2.067982
smids/Normal_Sperm/Normal_Sperm (137).bmp,test,0,1.544442,1.573231,-3.117673
smids/Normal_Sperm/Normal_Sperm (155).bmp,test,0,1.361932,0.657496,-2.019427
smids/Normal_Sperm/Normal_Sperm (156).bmp,test,0,0.545728,1.950473,-2.496195
smids/Normal_Sperm/Normal_Sperm (159).bmp,test,0,5.457861,0.594101,-6.051960
smids/Normal_Sperm/Normal_Sperm (161).bmp,test,0,2.805213,1.791616,-4.596828
smids/Normal_Sperm/Normal_Sperm (166).bmp,test,0,0.807033,0.363364,-1.170395
smids/Normal_Sperm/Normal_Sperm (167).bmp,test,0,3.169462,-0.054793,-3.114666
smids/Normal_Sperm/Normal_Sperm (169).bmp,test,0,1.937895,-0.531857,-1.406036
smids/Normal_Sperm/Normal_Sperm (177).bmp,test,0,1.440805,0.251997,-1.692800
smids/Normal_Sperm/Normal_Sperm (18).bmp,test,0,4.160244,-0.894014,-3.266229
smids/Normal_Sperm/Normal_Sperm (183).bmp,test,0,1.086614,1.314255,-2.400867
smids/Normal_Sperm/Normal_Sperm (185).bmp,test,0,0.016480,0.944158,-0.960636
smids/Normal_Sperm/Normal_Sperm (188).bmp,test,0,-1.107331,1.005299,0.102034
smids/Normal_Sperm/Normal_Sperm (196).bmp,test,0,2.712144,1.567496,-4.279638
smids/Normal_Sperm/Normal_Sperm (200).bmp,test,0,2.278221,2.491800,-4.770021
smids/Normal_Sperm/Normal_Sperm (213).bmp,test,0,2.107628,0.616533,-2.724160
smids/Normal_Sperm/Normal_Sperm (216).bmp,test,0,2.726204,0.417963,-3.144166
smids/Normal_Sperm/Normal_Sperm (217).bmp,test,0,3.274227,-0.530469,-2.743755
smids/Normal_Sperm/Normal_Sperm (219).bmp,test,0,2.124430,1.142486,-3.266914
smids/Normal_Sperm/Normal_Sperm (224).bmp,test,0,1.231203,0.277639,-1.508843
smids/Normal_Sperm/Normal_Sperm (228).bmp,test,0,5.788903,0.378057,-6.166958
smids/Normal_Sperm/Normal_Sperm (229).bmp,test,0,4.634109,0.934685,-5.568794
smids/Normal_Sperm/Normal_Sperm (232).bmp,test,0,0.849572,1.708526,-2.558096
smids/Normal_Sperm/Normal_Sperm (237).bmp,test,0,1.109732,0.689895,-1.799626
smids/Normal_Sperm/Normal_Sperm (241).bmp,test,0,2.214816,-0.111015,-2.103799
smids/Normal_Sperm/Normal_Sperm (25).bmp,test,0,1.647529,-1.476223,-0.171303
smids/Normal_Sperm/Normal_Sperm (253).bmp,test,0,1.858247,0.412100,-2.270347
smids/Normal_Sperm/Normal_Sperm (254).bmp,test,0,2.966210,0.272758,-3.238962
smids/Normal_Sperm/Normal_Sperm (266).bmp,test,0,1.901095,1.423892,-3.324985
smids/Normal_Sperm/Normal_Sperm (268).bmp,test,0,2.485423,-0.540362,-1.945058
smids/Normal_Sperm/Normal_Sperm (275).bmp,test,0,3.255063,1.166137,-4.421196
smids/Normal_Sperm/Normal_Sperm (283).bmp,test,0,5.224719,-0.150807,-5.073912
smids/Normal_Sperm/Normal_Sperm (293).bmp,test,0,3.368417,1.646707,-5.015123
smids/Normal_Sperm/Normal_Sperm (294).bmp,test,0,3.453694,0.626904,-4.080597
smids/Normal_Sperm/Normal_Sperm (303).bmp,test,0,2.981282,2.079929,-5.061209
smids/Normal_Sperm/Normal_Sperm (304).bmp,test,0,0.995504,0.267480,-1.262980
smids/Normal_Sperm/Normal_Sperm (309).bmp,test,0,0.922708,0.956086,-1.878793
smids/Normal_Sperm/Normal_Sperm (312).bmp,test,0,3.546505,0.912143,-4.458643
smids/Normal_Sperm/Normal_Sperm (314).bmp,test,0,2.174846,-0.707489,-1.467357
smids/Normal_Sperm/Normal_Sperm (317).bmp,test,0,0.314443,0.263692,-0.578135
smids/Normal_Sperm/Normal_Sperm (324).bmp,test,0,1.485949,1.858099,-3.344049
smids/Normal_Sperm/Normal_Sperm (325).bmp,test,0,0.469489,0.609425,-1.078913
smids/Normal_Sperm/Normal_Sperm (33).bmp,test,0,0.639089,-0.481687,-0.157403
smids/Normal_Sperm/Normal_Sperm (330).bmp,test,0,1.158202,0.943782,-2.101982
smids/Normal_Sperm/Normal_Sperm (335).bmp,test,0,0.202708,1.052087,-1.254794
smids/Normal_Sperm/Normal_Sperm (338).bmp,test,0,-0.859535,1.489618,-0.630085
smids/Normal_Sperm/Normal_Sperm (340).bmp,test,0,5.726434,-0.829178,-4.897254
smids/Normal_Sperm/Normal_Sperm (345).bmp,test,0,0.002209,0.671700,-0.673906
smids/Normal_Sperm/Normal_Sperm (346).bmp,test,0,2.452773,0.321339,-2.774108
smids/Normal_Sperm/Normal_Sperm (348).bmp,test,0,3.217622,0.394330,-3.611948
smids/Normal_Sperm/Normal_Sperm (366).bmp,test,0,5.370182,2.299730,-7.669912
smids/Normal_Sperm/Normal_Sperm (378).bmp,test,0,3.388047,0.476867,-3.864911
smids/Normal_Sperm/Normal_Sperm (379).bmp,test,0,1.995353,0.858814,-2.854164
smids/Normal_Sperm/Normal_Sperm (384).bmp,test,0,0.938831,2.982083,-3.920916
smids/Normal_Sperm/Normal_Sperm (397).bmp,test,0,1.514477,1.428021,-2.942496
smids/Normal_Sperm/Normal_Sperm (398).bmp,test,0,2.338264,2.433710,-4.771972
smids/Normal_Sperm/Normal_Sperm (4).bmp,test,0,2.301855,1.546133,-3.847990
smids/Normal_Sperm/Normal_Sperm (403).bmp,test,0,-0.242371,0.971252,-0.728879
smids/Normal_Sperm/Normal_Sperm (412).bmp,test,0,2.579082,0.240185,-2.819263
smids/Normal_Sperm/Normal_Sperm (417).bmp,test,0,2.335749,-0.246354,-2.089394
smids/Normal_Sperm/Normal_Sperm (428).bmp,test,0,2.797727,-0.433202,-2.364522
smids/Normal_Sperm/Normal_Sperm (432).bmp,test,0,4.227576,1.110138,-5.337712
smids/Normal_Sperm/Normal_Sperm (437).bmp,test,0,2.219209,1.520703,-3.739912
smids/Normal_Sperm/Normal_Sperm (440).bmp,test,0,2.950126,0.238815,-3.188941
smids/Normal_Sperm/Normal_Sperm (442).bmp,test,0,5.411631,-0.331776,-5.079855
smids/Normal_Sperm/Normal_Sperm (450).bmp,test,0,2.582427,0.640789,-3.223212
smids/Normal_Sperm/Normal_Sperm (451).bmp,test,0,2.154209,-0.487054,-1.667151
smids/Normal_Sperm/Normal_Sperm (455).bmp,test,0,4.864022,0.449265,-5.313284
smids/Normal_Sperm/Normal_Sperm (461).bmp,test,0,2.653630,0.229859,-2.883488
smids/Normal_Sperm/Normal_Sperm (464).bmp,test,0,3.147583,1.369604,-4.517181
smids/Normal_Sperm/Normal_Sperm (465).bmp,test,0,4.474434,1.731370,-6.205804
smids/Normal_Sperm/Normal_Sperm (470).bmp,test,0,3.355687,1.417819,-4.773503
smids/Normal_Sperm/Normal_Sperm (477).bmp,test,0,2.155464,0.808033,-2.963496
smids/Normal_Sperm/Normal_Sperm (48).bmp,test,0,3.153711,-0.194368,-2.959342
smids/Normal_Sperm/Normal_Sperm (483).bmp,test,0,3.581940,1.812090,-5.394029
smids/Normal_Sperm/Normal_Sperm (488).bmp,test,0,-0.065072,1.601059,-1.535983
smids/Normal_Sperm/Normal_Sperm (49).bmp,test,0,-0.497124,1.805357,-1.308233
smids/Normal_Sperm/Normal_Sperm (499).bmp,test,0,5.096833,1.952046,-7.048873
smids/Normal_Sperm/Normal_Sperm (500).bmp,test,0,3.508986,1.113089,-4.622073
smids/Normal_Sperm/Normal_Sperm (505).bmp,test,0,4.183543,-0.341004,-3.842535
smids/Normal_Sperm/Normal_Sperm (520).bmp,test,0,4.470998,1.251713,-5.722712
smids/Normal_Sperm/Normal_Sperm (525).bmp,test,0,3.077335,1.506838,-4.584174
smids/Normal_Sperm/Normal_Sperm (526).bmp,test,0,4.951466,1.338417,-6.289878
smids/Normal_Sperm/Normal_Sperm (527).bmp,test,0,4.646286,1.181795,-5.828077
smids/Normal_Sperm/Normal_Sperm (529).bmp,test,0,2.758063,-0.111292,-2.646770
smids/Normal_Sperm/Normal_Sperm (530).bmp,test,0,5.404162,0.567484,-5.971644
smids/Normal_Sperm/Normal_Sperm (532).bmp,test,0,0.157593,1.296759,-1.454351
smids/Normal_Sperm/Normal_Sperm (540).bmp,test,0,2.852593,-0.348134,-2.504457
smids/Normal_Sperm/Normal_Sperm (541).bmp,test,0,1.856108,0.779587,-2.635690
smids/Normal_Sperm/Normal_Sperm (542).bmp,test,0,2.953668,-0.313124,-2.640542
smids/Normal_Sperm/Normal_Sperm (544).bmp,test,0,5.363421,1.862681,-7.226099
smids/Normal_Sperm/Normal_Sperm (546).bmp,test,0,4.173392,0.570722,-4.744116
smids/Normal_Sperm/Normal_Sperm (547).bmp,test,0,3.071295,-0.200738,-2.870557
smids/Normal_Sperm/Normal_Sperm (549).bmp,test,0,2.726140,1.579692,-4.305832
smids/Normal_Sperm/Normal_Sperm (55).bmp,test,0,0.327556,-0.408933,0.081375
smids/Normal_Sperm/Normal_Sperm (555).bmp,test,0,3.429005,-0.035662,-3.393338
smids/Normal_Sperm/Normal_Sperm (560).bmp,test,0,4.061420,0.237102,-4.298518
smids/Normal_Sperm/Normal_Sperm (561).bmp,test,0,0.636482,-0.165161,-0.471321
smids/Normal_Sperm/Normal_Sperm (562).bmp,test,0,5.516066,-0.087572,-5.428494
smids/Normal_Sperm/Normal_Sperm (563).bmp,test,0,4.251494,0.876977,-5.128470
smids/Normal_Sperm/Normal_Sperm (568).bmp,test,0,2.077110,2.118025,-4.195130
smids/Normal_Sperm/Normal_Sperm (572).bmp,test,0,4.123899,1.348199,-5.472097
smids/Normal_Sperm/Normal_Sperm (579).bmp,test,0,1.383040,1.849287,-3.232325
smids/Normal_Sperm/Normal_Sperm (59).bmp,test,0,4.935938,2.370080,-7.306018
smids/Normal_Sperm/Normal_Sperm (598).bmp,test,0,1.626727,1.482719,-3.109446
smids/Normal_Sperm/Normal_Sperm (600).bmp,test,0,0.871753,0.896053,-1.767803
smids/Normal_Sperm/Normal_Sperm (605).bmp,test,0,5.396803,2.189512,-7.586307
smids/Normal_Sperm/Normal_Sperm (613).bmp,test,0,4.713547,1.523267,-6.236809
smids/Normal_Sperm/Normal_Sperm (615).bmp,test,0,1.318555,0.786869,-2.105422
smids/Normal_Sperm/Normal_Sperm (633).bmp,test,0,2.518753,3.207699,-5.726450
smids/Normal_Sperm/Normal_Sperm (635).bmp,test,0,6.365404,0.403938,-6.769338
smids/Normal_Sperm/Normal_Sperm (637).bmp,test,0,3.265224,-0.271583,-2.993638
smids/Normal_Sperm/Normal_Sperm (642).bmp,test,0,1.913220,-0.249676,-1.663543
smids/Normal_Sperm/Normal_Sperm (647).bmp,test,0,3.597389,0.043419,-3.640805
smids/Normal_Sperm/Normal_Sperm (649).bmp,test,0,3.484600,2.582907,-6.067506
smids/Normal_Sperm/Normal_Sperm (65).bmp,test,0,2.549125,0.275057,-2.824180
smids/Normal_Sperm/Normal_Sperm (655).bmp,test,0,2.260852,1.477310,-3.738160
smids/Normal_Sperm/Normal_Sperm (658).bmp,test,0,1.296044,1.205533,-2.501574
smids/Normal_Sperm/Normal_Sperm (666).bmp,test,0,4.092069,0.279622,-4.371686
smids/Normal_Sperm/Normal_Sperm (672).bmp,test,0,4.242085,0.630100,-4.872186
smids/Normal_Sperm/Normal_Sperm (685).bmp,test,0,5.261507,1.334834,-6.596341
smids/Normal_Sperm/Normal_Sperm (696).bmp,test,0,3.688880,0.759983,-4.448862
smids/Normal_Sperm/Normal_Sperm (697).bmp,test,0,1.871111,1.190982,-3.062095
smids/Normal_Sperm/Normal_Sperm (705).bmp,test,0,2.180350,0.913538,-3.093885
smids/Normal_Sperm/Normal_Sperm (717).bmp,test,0,4.706361,-0.101738,-4.604623
smids/Normal_Sperm/Normal_Sperm (718).bmp,test,0,2.724069,1.032253,-3.756322
smids/Normal_Sperm/Normal_Sperm (720).bmp,test,0,5.340594,0.485650,-5.826242
smids/Normal_Sperm/Normal_Sperm (721).bmp,test,0,2.851552,1.602295,-4.453847
smids/Normal_Sperm/Normal_Sperm (730).bmp,test,0,1.765668,0.977106,-2.742773
smids/Normal_Sperm/Normal_Sperm (741).bmp,test,0,1.894980,0.262827,-2.157803
smids/Normal_Sperm/Normal_Sperm (743).bmp,test,0,2.242805,-0.145703,-2.097097
smids/Normal_Sperm/Normal_Sperm (744).bmp,test,0,3.226743,0.019265,-3.246010
smids/Normal_Sperm/Normal_Sperm (748).bmp,test,0,3.298739,0.085551,-3.384288
smids/Normal_Sperm/Normal_Sperm (75).bmp,test,0,2.469797,-2.107525,-0.362269
smids/Normal_Sperm/Normal_Sperm (752).bmp,test,0,2.644522,0.477245,-3.121768
smids/Normal_Sperm/Normal_Sperm (758).bmp,test,0,7.056230,-1.467865,-5.588364
smids/Normal_Sperm/Normal_Sperm (759).bmp,test,0,3.407529,0.880343,-4.287868
smids/Normal_Sperm/Normal_Sperm (760).bmp,test,0,4.399787,0.505029,-4.904814
smids/Normal_Sperm/Normal_Sperm (762).bmp,test,0,2.661064,-0.907033,-1.754029
smids/Normal_Sperm/Normal_Sperm (764).bmp,test,0,4.734488,-1.183839,-3.550649
smids/Normal_Sperm/Normal_Sperm (77).bmp,test,0,2.925906,-0.697967,-2.227938
smids/Normal_Sperm/Normal_Sperm (784).bmp,test,0,3.106673,0.476147,-3.582819
smids/Normal_Sperm/Normal_Sperm (787).bmp,test,0,3.547945,-1.313579,-2.234364
smids/Normal_Sperm/Normal_Sperm (790).bmp,test,0,1.789208,0.773556,-2.562764
smids/Normal_Sperm/Normal_Sperm (794).bmp,test,0,2.077948,-0.515227,-1.562718
smids/Normal_Sperm/Normal_Sperm (801).bmp,test,0,0.761024,-0.823748,0.062721
smids/Normal_Sperm/Normal_Sperm (806).bmp,test,0,0.939203,-1.114996,0.175792
smids/Normal_Sperm/Normal_Sperm (807).bmp,test,0,4.089630,-0.699049,-3.390578
smids/Normal_Sperm/Normal_Sperm (809).bmp,test,0,3.060518,1.150990,-4.211509
smids/Normal_Sperm/Normal_Sperm (811).bmp,test,0,3.439425,1.068468,-4.507895
smids/Normal_Sperm/Normal_Sperm (815).bmp,test,0,2.100818,-0.446525,-1.654294
smids/Normal_Sperm/Normal_Sperm (816).bmp,test,0,1.190951,2.230805,-3.421752
smids/Normal_Sperm/Normal_Sperm (817).bmp,test,0,-0.126077,0.520148,-0.394071
smids/Normal_Sperm/Normal_Sperm (819).bmp,test,0,3.715850,-0.582238,-3.133613
smids/Normal_Sperm/Normal_Sperm (822).bmp,test,0,3.129998,-0.036995,-3.093002
smids/Normal_Sperm/Normal_Sperm (823).bmp,test,0,3.889328,-0.318196,-3.571130
smids/Normal_Sperm/Normal_Sperm (824).bmp,test,0,7.397544,-0.199314,-7.198226
smids/Normal_Sperm/Normal_Sperm (83).bmp,test,0,5.309187,0.364451,-5.673633
smids/Normal_Sperm/Normal_Sperm (840).bmp,test,0,5.063466,1.707686,-6.771150
smids/Normal_Sperm/Normal_Sperm (841).bmp,test,0,7.013496,-0.435458,-6.578037
smids/Normal_Sperm/Normal_Sperm (847).bmp,test,0,2.597281,0.363175,-2.960454
smids/Normal_Sperm/Normal_Sperm (849).bmp,test,0,4.671882,3.077746,-7.749623
smids/Normal_Sperm/Normal_Sperm (857).bmp,test,0,0.347556,2.386569,-2.734124
smids/Normal_Sperm/Normal_Sperm (866).bmp,test,0,-1.549186,3.237395,-1.688203
smids/Normal_Sperm/Normal_Sperm (876).bmp,test,0,4.227856,1.311238,-5.539092
smids/Normal_Sperm/Normal_Sperm (883).bmp,test,0,4.240406,1.336044,-5.576446
smids/Normal_Sperm/Normal_Sperm (884).bmp,test,0,3.232981,2.328606,-5.561588
smids/Normal_Sperm/Normal_Sperm (890).bmp,test,0,1.416248,2.141519,-3.557766
smids/Normal_Sperm/Normal_Sperm (90).bmp,test,0,2.691842,-0.248882,-2.442960
smids/Normal_Sperm/Normal_Sperm (919).bmp,test,0,-0.187247,1.263135,-1.075885
smids/Normal_Sperm/Normal_Sperm (925).bmp,test,0,3.188965,1.095108,-4.284073
smids/Normal_Sperm/Normal_Sperm (928).bmp,test,0,5.277299,2.246557,-7.523852
smids/Normal_Sperm/Normal_Sperm (930).bmp,test,0,-1.131060,-0.082493,1.213555
smids/Normal_Sperm/Normal_Sperm (934).bmp,test,0,3.939669,2.447325,-6.386990
smids/Normal_Sperm/Normal_Sperm (939).bmp,test,0,3.754717,0.809017,-4.563735
smids/Normal_Sperm/Normal_Sperm (952).bmp,test,0,1.660002,2.123512,-3.783512
smids/Normal_Sperm/Normal_Sperm (953).bmp,test,0,-1.321230,3.552898,-2.231668
smids/Normal_Sperm/Normal_Sperm (954).bmp,test,0,3.327642,2.451593,-5.779229
smids/Normal_Sperm/Normal_Sperm (966).bmp,test,0,5.663819,2.043512,-7.707328
smids/Normal_Sperm/Normal_Sperm (970).bmp,test,0,2.221689,1.867792,-4.089480
smids/Normal_Sperm/Normal_Sperm (976).bmp,test,0,3.965075,-0.650989,-3.314085
smids/Normal_Sperm/Normal_Sperm (977).bmp,test,0,4.063255,1.179949,-5.243201
smids/Normal_Sperm/Normal_Sperm (985).bmp,test,0,0.399978,-0.322110,-0.077871
smids/Normal_Sperm/Normal_Sperm (99).bmp,test,0,5.455431,0.919283,-6.374712
smids/Normal_Sperm/Normal_Sperm (996).bmp,test,0,4.308631,2.398431,-6.707059
smids/Normal_Sperm/Normal_Sperm (998).bmp,test,0,1.956394,-0.233462,-1.722927
smids/Normal_Sperm/Normal_Sperm (999).bmp,test,0,2.178666,0.782288,-2.960954
