image_id,role,label_idx,logit_0,logit_1,logit_2
smids/Abnormal_Sperm/Abnormal_Sperm (109).bmp,val,1,-1.554056,4.019978,-2.096883
smids/Abnormal_Sperm/Abnormal_Sperm (15).bmp,val,1,4.025356,2.801378,-6.188982
smids/Abnormal_Sperm/Abnormal_Sperm (165).bmp,val,1,-5.670632,3.825866,1.677821
smids/Abnormal_Sperm/Abnormal_Sperm (166).bmp,val,1,-2.282365,4.262712,-1.783365
smids/Abnormal_Sperm/Abnormal_Sperm (168).bmp,val,1,0.175128,6.620121,-7.045816
smids/Abnormal_Sperm/Abnormal_Sperm (178).bmp,val,1,-1.602799,4.816028,-3.074632
smids/Abnormal_Sperm/Abnormal_Sperm (183).bmp,val,1,2.152325,2.169946,-4.013772
smids/Abnormal_Sperm/Abnormal_Sperm (187).bmp,val,1,1.901106,3.770641,-5.773288
smids/Abnormal_Sperm/Abnormal_Sperm (189).bmp,val,1,-4.944750,6.181963,-1.217422
smids/Abnormal_Sperm/Abnormal_Sperm (19).bmp,val,1,-3.511719,6.640429,-2.939053
smids/Abnormal_Sperm/Abnormal_Sperm (218).bmp,val,1,0.350138,3.905262,-3.769994
smids/Abnormal_Sperm/Abnormal_Sperm (232).bmp,val,1,-4.606479,3.555430,0.997465
smids/Abnormal_Sperm/Abnormal_Sperm (236).bmp,val,1,-1.475688,5.584013,-4.152853
smids/Abnormal_Sperm/Abnormal_Sperm (258).bmp,val,1,-0.733454,1.800753,-0.857210
smids/Abnormal_Sperm/Abnormal_Sperm (261).bmp,val,1,0.310561,5.067769,-5.278942
smids/Abnormal_Sperm/Abnormal_Sperm (272).bmp,val,1,1.229388,5.376430,-6.157338
smids/Abnormal_Sperm/Abnormal_Sperm (286).bmp,val,1,-0.051982,1.745727,-1.434110
smids/Abnormal_Sperm/Abnormal_Sperm (287).bmp,val,1,-1.086473,6.079106,-4.651126
smids/Abnormal_Sperm/Abnormal_Sperm (293).bmp,val,1,1.765795,7.257221,-8.866427
smids/Abnormal_Sperm/Abnormal_Sperm (308).bmp,val,1,0.922529,5.016428,-6.006999
smids/Abnormal_Sperm/Abnormal_Sperm (320).bmp,val,1,-1.884261,5.409205,-3.551220
smids/Abnormal_Sperm/Abnormal_Sperm (334).bmp,val,1,0.753783,4.687191,-5.697305
smids/Abnormal_Sperm/Abnormal_Sperm (338).bmp,val,1,-1.650542,6.643363,-5.008574
smids/Abnormal_Sperm/Abnormal_Sperm (346).bmp,val,1,0.381933,6.394210,-6.579380
smids/Abnormal_Sperm/Abnormal_Sperm (35).bmp,val,1,2.809122,5.199308,-8.151345
smids/Abnormal_Sperm/Abnormal_Sperm (351).bmp,val,1,1.054614,5.524319,-6.847515
smids/Abnormal_Sperm/Abnormal_Sperm (370).bmp,val,1,-0.730654,6.405238,-5.666482
smids/Abnormal_Sperm/Abnormal_Sperm (381).bmp,val,1,-0.778536,6.591881,-5.802279
smids/Abnormal_Sperm/Abnormal_Sperm (383).bmp,val,1,1.073355,4.599291,-5.306069
smids/Abnormal_Sperm/Abnormal_Sperm (39).bmp,val,1,-3.676381,4.745326,-1.391655
smids/Abnormal_Sperm/Abnormal_Sperm (390).bmp,val,1,-0.311524,4.176773,-3.755402
smids/Abnormal_Sperm/Abnormal_Sperm (392).bmp,val,1,-2.347316,6.539661,-4.214556
smids/Abnormal_Sperm/Abnormal_Sperm (395).bmp,val,1,-2.282495,5.704802,-3.246811
smids/Abnormal_Sperm/Abnormal_Sperm (400).bmp,val,1,-4.902610,4.689213,0.173469
smids/Abnormal_Sperm/Abnormal_Sperm (405).bmp,val,1,-5.600601,3.584639,2.026139
smids/Abnormal_Sperm/Abnormal_Sperm (407).bmp,val,1,-3.905692,6.753703,-2.949054
smids/Abnormal_Sperm/Abnormal_Sperm (409).bmp,val,1,-0.420209,3.304248,-3.068953
smids/Abnormal_Sperm/Abnormal_Sperm (421).bmp,val,1,-1.951841,6.998379,-5.024082
smids/Abnormal_Sperm/Abnormal_Sperm (435).bmp,val,1,-2.458761,6.950921,-4.613086
smids/Abnormal_Sperm/Abnormal_Sperm (436).bmp,val,1,-1.022429,5.665036,-4.581560
smids/Abnormal_Sperm/Abnormal_Sperm (440).bmp,val,1,0.348465,6.547654,-6.772730
smids/Abnormal_Sperm/Abnormal_Sperm (458).bmp,val,1,-4.734035,5.635985,-1.305974
smids/Abnormal_Sperm/Abnormal_Sperm (469).bmp,val,1,-1.767834,4.580824,-2.547859
smids/Abnormal_Sperm/Abnormal_Sperm (482).bmp,val,1,-6.160856,5.110653,0.331288
smids/Abnormal_Sperm/Abnormal_Sperm (486).bmp,val,1,-7.003606,2.721461,4.394077
smids/Abnormal_Sperm/Abnormal_Sperm (498).bmp,val,1,-1.743981,0.197577,1.511881
smids/Abnormal_Sperm/Abnormal_Sperm (499).bmp,val,1,1.425880,-2.192813,0.333542
smids/Abnormal_Sperm/Abnormal_Sperm (512).bmp,val,1,0.873455,0.416967,-1.236869
smids/Abnormal_Sperm/Abnormal_Sperm (517).bmp,val,1,-3.081766,4.814579,-1.600881
smids/Abnormal_Sperm/Abnormal_Sperm (529).bmp,val,1,-2.445948,6.184204,-3.486607
smids/Abnormal_Sperm/Abnormal_Sperm (547).bmp,val,1,2.579970,6.890233,-8.821739
smids/Abnormal_Sperm/Abnormal_Sperm (56).bmp,val,1,-5.607408,5.157783,0.779336
smids/Abnormal_Sperm/Abnormal_Sperm (565).bmp,val,1,3.002675,2.971001,-5.655068
smids/Abnormal_Sperm/Abnormal_Sperm (584).bmp,val,1,-1.189091,5.055665,-4.173765
smids/Abnormal_Sperm/Abnormal_Sperm (586).bmp,val,1,-1.121094,4.382039,-2.963181
smids/Abnormal_Sperm/Abnormal_Sperm (587).bmp,val,1,-1.838812,4.286583,-2.814281
smids/Abnormal_Sperm/Abnormal_Sperm (6).bmp,val,1,-2.869581,2.888524,0.129370
smids/Abnormal_Sperm/Abnormal_Sperm (601).bmp,val,1,-1.483913,-0.996516,2.599634
smids/Abnormal_Sperm/Abnormal_Sperm (608).bmp,val,1,-3.208668,5.473055,-1.936895
smids/Abnormal_Sperm/Abnormal_Sperm (612).bmp,val,1,3.026228,5.221218,-8.105266
smids/Abnormal_Sperm/Abnormal_Sperm (618).bmp,val,1,-2.889939,4.992256,-2.758693
smids/Abnormal_Sperm/Abnormal_Sperm (622).bmp,val,1,2.762599,3.474389,-5.641546
smids/Abnormal_Sperm/Abnormal_Sperm (627).bmp,val,1,0.243988,-1.104133,0.684400
smids/Abnormal_Sperm/Abnormal_Sperm (641).bmp,val,1,-2.318584,5.472668,-3.386091
smids/Abnormal_Sperm/Abnormal_Sperm (652).bmp,val,1,3.298793,4.513808,-7.523929
smids/Abnormal_Sperm/Abnormal_Sperm (655).bmp,val,1,-0.886672,3.770563,-3.326873
smids/Abnormal_Sperm/Abnormal_Sperm (658).bmp,val,1,-0.555735,4.386993,-3.967299
smids/Abnormal_Sperm/Abnormal_Sperm (66).bmp,val,1,-5.612205,4.658142,0.956577
smids/Abnormal_Sperm/Abnormal_Sperm (666).bmp,val,1,-1.245932,1.316190,-0.261411
smids/Abnormal_Sperm/Abnormal_Sperm (668).bmp,val,1,-4.654680,2.794810,2.706890
smids/Abnormal_Sperm/Abnormal_Sperm (675).bmp,val,1,-3.596092,5.203535,-1.098664
smids/Abnormal_Sperm/Abnormal_Sperm (677).bmp,val,1,-2.129660,3.001247,-0.911184
smids/Abnormal_Sperm/Abnormal_Sperm (68).bmp,val,1,-3.347466,7.178487,-3.769478
smids/Abnormal_Sperm/Abnormal_Sperm (681).bmp,val,1,-0.691854,4.254044,-3.568012
smids/Abnormal_Sperm/Abnormal_Sperm (682).bmp,val,1,-3.906647,3.843758,0.055957
smids/Abnormal_Sperm/Abnormal_Sperm (683).bmp,val,1,0.126748,-0.090906,-0.170122
smids/Abnormal_Sperm/Abnormal_Sperm (694).bmp,val,1,-3.074275,2.880831,0.092236
smids/Abnormal_Sperm/Abnormal_Sperm (695).bmp,val,1,-0.209986,3.291261,-2.906030
smids/Abnormal_Sperm/Abnormal_Sperm (706).bmp,val,1,-2.348483,2.634154,-0.479293
smids/Abnormal_Sperm/Abnormal_Sperm (707).bmp,val,1,-0.169543,6.221663,-6.166305
smids/Abnormal_Sperm/Abnormal_Sperm (718).bmp,val,1,-2.355287,1.492468,1.157225
smids/Abnormal_Sperm/Abnormal_Sperm (719).bmp,val,1,0.680354,1.812096,-2.323864
smids/Abnormal_Sperm/Abnormal_Sperm (727).bmp,val,1,-0.890582,5.902105,-5.235055
smids/Abnormal_Sperm/Abnormal_Sperm (733).bmp,val,1,2.322329,4.266787,-6.715002
smids/Abnormal_Sperm/Abnormal_Sperm (734).bmp,val,1,1.316073,5.970408,-7.004333
smids/Abnormal_Sperm/Abnormal_Sperm (744).bmp,val,1,2.738812,3.201418,-6.469368
smids/Abnormal_Sperm/Abnormal_Sperm (745).bmp,val,1,3.120867,6.028570,-8.588136
smids/Abnormal_Sperm/Abnormal_Sperm (748).bmp,val,1,0.289171,6.943763,-7.159744
smids/Abnormal_Sperm/Abnormal_Sperm (755).bmp,val,1,4.800435,3.062025,-7.546523
smids/Abnormal_Sperm/Abnormal_Sperm (766).bmp,val,1,2.176561,3.276586,-5.340080
smids/Abnormal_Sperm/Abnormal_Sperm (77).bmp,val,1,-0.980741,4.474645,-3.137504
smids/Abnormal_Sperm/Abnormal_Sperm (771).bmp,val,1,-3.167693,5.143566,-2.127409
smids/Abnormal_Sperm/Abnormal_Sperm (783).bmp,val,1,2.447095,-0.217787,-2.165534
smids/Abnormal_Sperm/Abnormal_Sperm (787).bmp,val,1,5.610777,1.128292,-6.463901
smids/Abnormal_Sperm/Abnormal_Sperm (791).bmp,val,1,-0.792129,5.217032,-4.203564
smids/Abnormal_Sperm/Abnormal_Sperm (802).bmp,val,1,-0.011213,1.925819,-1.902346
smids/Abnormal_Sperm/Abnormal_Sperm (809).bmp,val,1,4.929206,2.854665,-7.221498
smids/Abnormal_Sperm/Abnormal_Sperm (811).bmp,val,1,1.825108,1.392802,-2.854490
smids/Abnormal_Sperm/Abnormal_Sperm (813).bmp,val,1,1.397461,2.025796,-3.767393
smids/Abnormal_Sperm/Abnormal_Sperm (832).bmp,val,1,-0.285601,7.890599,-7.234426
smids/Abnormal_Sperm/Abnormal_Sperm (836).bmp,val,1,4.140078,4.122949,-8.326871
smids/Abnormal_Sperm/Abnormal_Sperm (850).bmp,val,1,-1.786186,3.762928,-2.158672
smids/Abnormal_Sperm/Abnormal_Sperm (854).bmp,val,1,5.001537,4.767812,-9.244090
smids/Abnormal_Sperm/Abnormal_Sperm (868).bmp,val,1,4.165668,2.587163,-6.604170
smids/Abnormal_Sperm/Abnormal_Sperm (870).bmp,val,1,2.958067,0.611261,-3.289416
smids/Abnormal_Sperm/Abnormal_Sperm (876).bmp,val,1,0.433428,4.984499,-4.655128
smids/Abnormal_Sperm/Abnormal_Sperm (899).bmp,val,1,-0.722618,1.761006,-1.123881
smids/Abnormal_Sperm/Abnormal_Sperm (902).bmp,val,1,-2.444284,4.552922,-2.670817
smids/Abnormal_Sperm/Abnormal_Sperm (915).bmp,val,1,-0.490361,-1.246956,1.694468
smids/Abnormal_Sperm/Abnormal_Sperm (920).bmp,val,1,2.143164,1.391175,-4.104098
smids/Abnormal_Sperm/Abnormal_Sperm (922).bmp,val,1,1.882026,-0.431373,-1.908196
smids/Abnormal_Sperm/Abnormal_Sperm (926).bmp,val,1,-5.758643,6.707592,-1.182845
smids/Abnormal_Sperm/Abnormal_Sperm (940).bmp,val,1,-2.085860,1.061696,0.931882
smids/Abnormal_Sperm/Abnormal_Sperm (975).bmp,val,1,-5.525829,4.371920,1.327834
smids/Abnormal_Sperm/Abnormal_Sperm (978).bmp,val,1,-2.469880,4.329997,-1.852714
smids/Abnormal_Sperm/Abnormal_Sperm (979).bmp,val,1,-0.033861,6.493127,-6.365565
smids/Abnormal_Sperm/Abnormal_Sperm (993).bmp,val,1,-2.548082,5.534217,-3.076455
smids/Non-Sperm/Non-Sperm (1).bmp,val,2,-6.659104,0.674258,5.911879
smids/Non-Sperm/Non-Sperm (104).bmp,val,2,-3.610126,-3.622902,6.985601
smids/Non-Sperm/Non-Sperm (105).bmp,val,2,-3.288655,-3.545059,6.745206
smids/Non-Sperm/Non-Sperm (106).bmp,val,2,-3.687946,-4.429017,7.128427
smids/Non-Sperm/Non-Sperm (112).bmp,val,2,-4.043568,-3.603543,6.975262
smids/Non-Sperm/Non-Sperm (115).bmp,val,2,-3.495170,-4.993219,7.950928
smids/Non-Sperm/Non-Sperm (127).bmp,val,2,-7.943135,-1.801133,9.189343
smids/Non-Sperm/Non-Sperm (152).bmp,val,2,-4.517751,-4.787757,8.942575
smids/Non-Sperm/Non-Sperm (154).bmp,val,2,-3.938861,-6.457675,9.109717
smids/Non-Sperm/Non-Sperm (166).bmp,val,2,-2.407107,-4.312764,6.644812
smids/Non-Sperm/Non-Sperm (174).bmp,val,2,-5.391848,-5.224092,9.675031
smids/Non-Sperm/Non-Sperm (190).bmp,val,2,-4.855963,-1.732471,6.055330
smids/Non-Sperm/Non-Sperm (204).bmp,val,2,-5.257753,-3.600421,8.054040
smids/Non-Sperm/Non-Sperm (213).bmp,val,2,-5.593239,-5.002013,9.591961
smids/Non-Sperm/Non-Sperm (235).bmp,val,2,-3.611054,-4.361074,7.334282
smids/Non-Sperm/Non-Sperm (236).bmp,val,2,-1.895594,-4.071878,5.622968
smids/Non-Sperm/Non-Sperm (256).bmp,val,2,0.178763,-5.399944,4.628978
smids/Non-Sperm/Non-Sperm (27).bmp,val,2,-3.662893,-3.764599,6.260050
smids/Non-Sperm/Non-Sperm (273).bmp,val,2,-3.121334,-4.324293,6.725663
smids/Non-Sperm/Non-Sperm (279).bmp,val,2,-3.542947,-4.957051,7.811378
smids/Non-Sperm/Non-Sperm (284).bmp,val,2,-4.945357,-2.694763,7.027509
smids/Non-Sperm/Non-Sperm (31).bmp,val,2,-2.393058,-0.337634,3.193164
smids/Non-Sperm/Non-Sperm (315).bmp,val,2,-3.562742,-6.667344,9.740018
smids/Non-Sperm/Non-Sperm (33).bmp,val,2,-2.052706,-0.010142,1.731389
smids/Non-Sperm/Non-Sperm (330).bmp,val,2,-4.985402,-2.548744,7.090969
smids/Non-Sperm/Non-Sperm (340).bmp,val,2,-2.800035,-2.329055,4.413898
smids/Non-Sperm/Non-Sperm (341).bmp,val,2,-6.011789,-0.288115,6.025817
smids/Non-Sperm/Non-Sperm (342).bmp,val,2,-4.058724,-2.290793,5.539540
smids/Non-Sperm/Non-Sperm (345).bmp,val,2,-5.035624,-4.329049,8.759833
smids/Non-Sperm/Non-Sperm (346).bmp,val,2,-3.810508,-5.462253,9.067620
smids/Non-Sperm/Non-Sperm (348).bmp,val,2,-2.733127,-5.243238,7.641976
smids/Non-Sperm/Non-Sperm (366).bmp,val,2,-3.924692,-5.129713,8.585371
smids/Non-Sperm/Non-Sperm (391).bmp,val,2,-3.476326,0.143957,3.072611
smids/Non-Sperm/Non-Sperm (406).bmp,val,2,-4.873683,-2.836992,7.199893
smids/Non-Sperm/Non-Sperm (407).bmp,val,2,-1.810734,-3.387486,4.908969
smids/Non-Sperm/Non-Sperm (415).bmp,val,2,-0.726335,-3.326024,3.625338
smids/Non-Sperm/Non-Sperm (425).bmp,val,2,-3.851082,2.210525,2.035915
smids/Non-Sperm/Non-Sperm (426).bmp,val,2,-3.381564,-0.628372,4.137681
smids/Non-Sperm/Non-Sperm (427).bmp,val,2,-3.691348,-2.776126,6.061877
smids/Non-Sperm/Non-Sperm (436).bmp,val,2,-3.919348,-6.399265,9.134198
smids/Non-Sperm/Non-Sperm (437).bmp,val,2,-6.893579,-3.152022,9.283281
smids/Non-Sperm/Non-Sperm (447).bmp,val,2,-6.488761,-3.732120,9.842145
smids/Non-Sperm/Non-Sperm (454).bmp,val,2,-5.988401,-2.403998,7.966158
smids/Non-Sperm/Non-Sperm (47).bmp,val,2,-4.832338,1.001444,3.994558
smids/Non-Sperm/Non-Sperm (476).bmp,val,2,-3.444265,-4.411139,7.837374
smids/Non-Sperm/Non-Sperm (477).bmp,val,2,-2.859525,-6.616981,8.903476
smids/Non-Sperm/Non-Sperm (49).bmp,val,2,-5.177904,1.671791,3.441363
smids/Non-Sperm/Non-Sperm (497).bmp,val,2,-3.434933,-5.933987,8.438943
smids/Non-Sperm/Non-Sperm (50).bmp,val,2,-7.707792,-1.610404,8.827712
smids/Non-Sperm/Non-Sperm (501).bmp,val,2,-2.999068,-5.646780,8.111355
smids/Non-Sperm/Non-Sperm (505).bmp,val,2,-3.684566,-5.359204,8.573577
smids/Non-Sperm/Non-Sperm (513).bmp,val,2,-3.412307,-3.845381,6.673934
smids/Non-Sperm/Non-Sperm (539).bmp,val,2,-5.820644,-4.277339,9.110877
smids/Non-Sperm/Non-Sperm (540).bmp,val,2,-2.554456,-5.126463,7.021360
smids/Non-Sperm/Non-Sperm (561).bmp,val,2,-4.037577,-3.819800,8.085649
smids/Non-Sperm/Non-Sperm (57).bmp,val,2,-4.162398,-0.638459,4.663762
smids/Non-Sperm/Non-Sperm (572).bmp,val,2,-5.753198,-4.399042,9.543825
smids/Non-Sperm/Non-Sperm (574).bmp,val,2,-4.790143,-3.909626,7.862802
smids/Non-Sperm/Non-Sperm (575).bmp,val,2,-4.165076,-4.341805,7.712791
smids/Non-Sperm/Non-Sperm (577).bmp,val,2,-6.572518,-5.262605,10.947624
smids/Non-Sperm/Non-Sperm (582).bmp,val,2,-4.920932,-0.145491,4.743558
smids/Non-Sperm/Non-Sperm (588).bmp,val,2,-1.414857,-3.872314,5.159105
smids/Non-Sperm/Non-Sperm (594).bmp,val,2,-2.345440,-5.703460,7.363229
smids/Non-Sperm/Non-Sperm (615).bmp,val,2,-5.213614,-2.938166,7.766674
smids/Non-Sperm/Non-Sperm (631).bmp,val,2,-3.478868,-5.151784,8.513396
smids/Non-Sperm/Non-Sperm (638).bmp,val,2,-3.257107,-4.541386,7.722951
smids/Non-Sperm/Non-Sperm (660).bmp,val,2,-6.650407,-4.574018,10.171950
smids/Non-Sperm/Non-Sperm (661).bmp,val,2,-5.898700,-2.867613,8.416110
smids/Non-Sperm/Non-Sperm (676).bmp,val,2,-4.863334,1.902897,3.020713
smids/Non-Sperm/Non-Sperm (677).bmp,val,2,-5.970812,0.633608,5.002439
smids/Non-Sperm/Non-Sperm (683).bmp,val,2,-6.344102,-2.118195,7.596121
smids/Non-Sperm/Non-Sperm (691).bmp,val,2,-3.222980,-3.476684,5.694410
smids/Non-Sperm/Non-Sperm (705).bmp,val,2,0.145302,-0.638587,0.341802
smids/Non-Sperm/Non-Sperm (708).bmp,val,2,-2.530563,-5.190365,7.446463
smids/Non-Sperm/Non-Sperm (711).bmp,val,2,-3.467747,-3.459603,6.222250
smids/Non-Sperm/Non-Sperm (713).bmp,val,2,-4.225945,-4.842408,8.773469
smids/Non-Sperm/Non-Sperm (717).bmp,val,2,-5.918472,-4.983197,9.612514
smids/Non-Sperm/Non-Sperm (725).bmp,val,2,-3.840401,-4.118061,7.175755
smids/Non-Sperm/Non-Sperm (726).bmp,val,2,-3.206078,-5.066256,7.514121
smids/Non-Sperm/Non-Sperm (729).bmp,val,2,-6.202403,-5.549228,10.558990
smids/Non-Sperm/Non-Sperm (736).bmp,val,2,-4.605650,-3.907503,7.945617
smids/Non-Sperm/Non-Sperm (741).bmp,val,2,-4.325992,-7.747694,10.666650
smids/Non-Sperm/Non-Sperm (743).bmp,val,2,-5.656466,-4.522868,9.878865
smids/Non-Sperm/Non-Sperm (750).bmp,val,2,-5.707160,-4.193655,8.474337
smids/Non-Sperm/Non-Sperm (752).bmp,val,2,-2.673760,-2.112295,4.633583
smids/Non-Sperm/Non-Sperm (758).bmp,val,2,-2.387157,-4.910310,6.425617
smids/Non-Sperm/Non-Sperm (76).bmp,val,2,-4.854056,1.236850,3.346354
smids/Non-Sperm/Non-Sperm (768).bmp,val,2,-1.078403,-4.225770,4.838840
smids/Non-Sperm/Non-Sperm (784).bmp,val,2,-3.063195,-3.147802,5.683599
smids/Non-Sperm/Non-Sperm (795).bmp,val,2,-4.055587,-1.979146,5.826926
smids/Non-Sperm/Non-Sperm (799).bmp,val,2,-3.539756,-3.339315,6.813540
smids/Non-Sperm/Non-Sperm (8).bmp,val,2,-5.258737,-1.079455,6.274900
smids/Non-Sperm/Non-Sperm (801).bmp,val,2,-4.835032,-4.407501,8.839884
smids/Non-Sperm/Non-Sperm (813).bmp,val,2,-3.412851,-4.002440,7.213572
smids/Non-Sperm/Non-Sperm (82).bmp,val,2,-5.565791,-5.448989,10.356044
smids/Non-Sperm/Non-Sperm (824).bmp,val,2,-4.763016,-5.338244,9.142943
smids/Non-Sperm/Non-Sperm (832).bmp,val,2,-4.564439,-3.698504,7.985693
smids/Non-Sperm/Non-Sperm (839).bmp,val,2,-4.006835,-3.834460,7.079340
smids/Non-Sperm/Non-Sperm (841).bmp,val,2,1.464749,-4.769901,2.432667
smids/Non-Sperm/Non-Sperm (850).bmp,val,2,-4.099302,-5.614060,9.237538
smids/Non-Sperm/Non-Sperm (862).bmp,val,2,-4.449869,-4.062926,7.805975
smids/Non-Sperm/Non-Sperm (868).bmp,val,2,-3.288568,-7.462014,9.975467
smids/Non-Sperm/Non-Sperm (872).bmp,val,2,-5.519658,-1.477345,6.686035
smids/Non-Sperm/Non-Sperm (886).bmp,val,2,-5.585724,-1.213851,6.825785
smids/Non-Sperm/Non-Sperm (907).bmp,val,2,-4.308405,-0.560382,4.732526
smids/Non-Sperm/Non-Sperm (910).bmp,val,2,-6.145979,0.220311,6.012285
smids/Non-Sperm/Non-Sperm (919).bmp,val,2,-2.764897,-2.656058,4.806953
smids/Non-Sperm/Non-Sperm (920).bmp,val,2,-5.127662,-4.010417,8.516819
smids/Non-Sperm/Non-Sperm (936).bmp,val,2,-2.316896,-0.995680,2.653641
smids/Non-Sperm/Non-Sperm (941).bmp,val,2,-5.374207,-3.778168,8.399245
smids/Non-Sperm/Non-Sperm (950).bmp,val,2,1.066480,-0.398342,-0.346636
smids/Non-Sperm/Non-Sperm (957).bmp,val,2,-3.017493,-0.549207,3.249207
smids/Non-Sperm/Non-Sperm (958).bmp,val,2,-4.353416,-4.319325,7.989352
smids/Non-Sperm/Non-Sperm (963).bmp,val,2,-6.168051,1.105850,5.214652
smids/Non-Sperm/Non-Sperm (967).bmp,val,2,-3.489210,-2.431679,5.734445
smids/Non-Sperm/Non-Sperm (974).bmp,val,2,-2.478893,-2.987435,5.356861
smids/Non-Sperm/Non-Sperm (98).bmp,val,2,-5.137476,-3.546419,8.290369
smids/Normal_Sperm/Normal_Sperm (100).bmp,val,0,4.671753,-0.721129,-3.876301
smids/Normal_Sperm/Normal_Sperm (101).bmp,val,0,5.797010,0.584886,-6.074721
smids/Normal_Sperm/Normal_Sperm (1010).bmp,val,0,5.301933,0.161186,-5.724006
smids/Normal_Sperm/Normal_Sperm (1011).bmp,val,0,6.136178,0.850986,-6.723866
smids/Normal_Sperm/Normal_Sperm (1014).bmp,val,0,1.213681,1.218992,-2.649040
smids/Normal_Sperm/Normal_Sperm (1015).bmp,val,0,6.150891,2.186564,-8.345483
smids/Normal_Sperm/Normal_Sperm (107).bmp,val,0,3.028259,-0.365989,-2.931535
smids/Normal_Sperm/Normal_Sperm (116).bmp,val,0,3.639359,-0.129674,-3.935225
smids/Normal_Sperm/Normal_Sperm (123).bmp,val,0,7.641105,1.716999,-9.362820
smids/Normal_Sperm/Normal_Sperm (130).bmp,val,0,4.335824,2.865293,-8.065189
smids/Normal_Sperm/Normal_Sperm (133).bmp,val,0,-0.661708,1.392165,-0.976230
smids/Normal_Sperm/Normal_Sperm (143).bmp,val,0,7.455110,2.516506,-9.709745
smids/Normal_Sperm/Normal_Sperm (146).bmp,val,0,6.098096,2.729436,-8.535549
smids/Normal_Sperm/Normal_Sperm (147).bmp,val,0,6.146338,3.160650,-9.018478
smids/Normal_Sperm/Normal_Sperm (149).bmp,val,0,5.264874,2.487642,-8.016799
smids/Normal_Sperm/Normal_Sperm (154).bmp,val,0,5.424819,1.994104,-7.116527
smids/Normal_Sperm/Normal_Sperm (157).bmp,val,0,6.490450,0.062951,-6.485117
smids/Normal_Sperm/Normal_Sperm (170).bmp,val,0,5.220709,0.139742,-4.893577
smids/Normal_Sperm/Normal_Sperm (173).bmp,val,0,4.206465,2.914042,-7.070627
smids/Normal_Sperm/Normal_Sperm (193).bmp,val,0,1.599873,-1.215619,-0.622932
smids/Normal_Sperm/Normal_Sperm (202).bmp,val,0,3.253452,2.393393,-5.193773
smids/Normal_Sperm/Normal_Sperm (205).bmp,val,0,1.723349,1.234590,-3.005995
smids/Normal_Sperm/Normal_Sperm (212).bmp,val,0,2.578188,-0.108006,-2.572430
smids/Normal_Sperm/Normal_Sperm (225).bmp,val,0,2.111348,1.614845,-3.965400
smids/Normal_Sperm/Normal_Sperm (230).bmp,val,0,3.726551,2.176739,-5.771691
smids/Normal_Sperm/Normal_Sperm (236).bmp,val,0,3.675884,0.342316,-3.944143
smids/Normal_Sperm/Normal_Sperm (247).bmp,val,0,3.402139,0.354207,-3.566218
smids/Normal_Sperm/Normal_Sperm (260).bmp,val,0,6.934060,-1.484940,-5.469684
smids/Normal_Sperm/Normal_Sperm (261).bmp,val,0,3.827803,0.091342,-3.434705
smids/Normal_Sperm/Normal_Sperm (266).bmp,val,0,3.256262,4.471602,-7.363451
smids/Normal_Sperm/Normal_Sperm (273).bmp,val,0,5.082015,0.104176,-5.222341
smids/Normal_Sperm/Normal_Sperm (274).bmp,val,0,7.365841,-1.468916,-5.660361
smids/Normal_Sperm/Normal_Sperm (275).bmp,val,0,4.962684,2.009969,-7.133523
smids/Normal_Sperm/Normal_Sperm (28).bmp,val,0,1.010363,-1.762237,0.524417
smids/Normal_Sperm/Normal_Sperm (281).bmp,val,0,7.226546,0.718584,-7.780653
smids/Normal_Sperm/Normal_Sperm (282).bmp,val,0,6.144541,1.349622,-7.661144
smids/Normal_Sperm/Normal_Sperm (290).bmp,val,0,5.452234,-0.308432,-4.979258
smids/Normal_Sperm/Normal_Sperm (291).bmp,val,0,4.422548,-1.208005,-3.749372
smids/Normal_Sperm/Normal_Sperm (292).bmp,val,0,3.628016,1.924014,-5.296749
smids/Normal_Sperm/Normal_Sperm (299).bmp,val,0,3.213848,0.465027,-3.633032
smids/Normal_Sperm/Normal_Sperm (304).bmp,val,0,5.367547,0.837246,-6.433921
smids/Normal_Sperm/Normal_Sperm (314).bmp,val,0,5.613084,-1.394667,-4.873167
smids/Normal_Sperm/Normal_Sperm (32).bmp,val,0,5.579288,0.532802,-6.079232
smids/Normal_Sperm/Normal_Sperm (33).bmp,val,0,2.881653,0.661102,-3.658852
smids/Normal_Sperm/Normal_Sperm (334).bmp,val,0,3.099575,0.549346,-3.425132
smids/Normal_Sperm/Normal_Sperm (337).bmp,val,0,2.967318,-0.688794,-2.510478
smids/Normal_Sperm/Normal_Sperm (341).bmp,val,0,4.068257,1.406847,-5.299233
smids/Normal_Sperm/Normal_Sperm (348).bmp,val,0,3.955168,-0.090409,-3.319119
smids/Normal_Sperm/Normal_Sperm (364).bmp,val,0,2.993899,-1.992065,-0.860572
smids/Normal_Sperm/Normal_Sperm (366).bmp,val,0,4.156513,0.543256,-4.445343
smids/Normal_Sperm/Normal_Sperm (369).bmp,val,0,4.233742,-2.546866,-1.721600
smids/Normal_Sperm/Normal_Sperm (379).bmp,val,0,2.641387,0.805290,-3.661845
smids/Normal_Sperm/Normal_Sperm (384).bmp,val,0,4.777763,1.182605,-5.407178
smids/Normal_Sperm/Normal_Sperm (392).bmp,val,0,5.486115,1.359338,-6.216790
smids/Normal_Sperm/Normal_Sperm (395).bmp,val,0,2.353731,0.840397,-3.171304
smids/Normal_Sperm/Normal_Sperm (397).bmp,val,0,6.641051,-0.992039,-5.644021
smids/Normal_Sperm/Normal_Sperm (405).bmp,val,0,4.870809,1.301745,-5.597862
smids/Normal_Sperm/Normal_Sperm (414).bmp,val,0,6.211568,2.681669,-8.352437
smids/Normal_Sperm/Normal_Sperm (419).bmp,val,0,5.295859,1.858697,-7.326049
smids/Normal_Sperm/Normal_Sperm (428).bmp,val,0,5.700140,1.183324,-6.801088
smids/Normal_Sperm/Normal_Sperm (434).bmp,val,0,4.445377,-0.352070,-3.872144
smids/Normal_Sperm/Normal_Sperm (438).bmp,val,0,5.332682,-0.425290,-4.926987
smids/Normal_Sperm/Normal_Sperm (441).bmp,val,0,2.598873,1.681520,-4.136045
smids/Normal_Sperm/Normal_Sperm (447).bmp,val,0,5.817735,0.543837,-6.162126
smids/Normal_Sperm/Normal_Sperm (46).bmp,val,0,5.358866,2.784422,-7.839400
smids/Normal_Sperm/Normal_Sperm (465).bmp,val,0,3.171102,2.864257,-5.530578
smids/Normal_Sperm/Normal_Sperm (48).bmp,val,0,6.204771,-0.077077,-6.848187
smids/Normal_Sperm/Normal_Sperm (481).bmp,val,0,0.607587,1.558187,-2.323510
smids/Normal_Sperm/Normal_Sperm (483).bmp,val,0,3.750853,0.552382,-4.203610
smids/Normal_Sperm/Normal_Sperm (500).bmp,val,0,5.016198,-0.724678,-4.105896
smids/Normal_Sperm/Normal_Sperm (503).bmp,val,0,4.447176,3.016554,-6.999004
smids/Normal_Sperm/Normal_Sperm (506).bmp,val,0,3.310931,0.540637,-3.817893
smids/Normal_Sperm/Normal_Sperm (507).bmp,val,0,5.923263,0.304506,-5.905660
smids/Normal_Sperm/Normal_Sperm (509).bmp,val,0,-0.615347,0.754089,0.061792
smids/Normal_Sperm/Normal_Sperm (510).bmp,val,0,4.445091,0.294060,-5.082957
smids/Normal_Sperm/Normal_Sperm (52).bmp,val,0,4.732024,-0.116258,-4.606831
smids/Normal_Sperm/Normal_Sperm (526).bmp,val,0,4.307892,4.343789,-8.455333
smids/Normal_Sperm/Normal_Sperm (527).bmp,val,0,3.037232,2.962455,-5.579512
smids/Normal_Sperm/Normal_Sperm (552).bmp,val,0,4.614200,-0.397570,-3.800226
smids/Normal_Sperm/Normal_Sperm (554).bmp,val,0,5.020773,-0.597354,-4.626765
smids/Normal_Sperm/Normal_Sperm (566).bmp,val,0,6.253212,2.049038,-8.149916
smids/Normal_Sperm/Normal_Sperm (568).bmp,val,0,0.922307,1.857564,-3.143361
smids/Normal_Sperm/Normal_Sperm (575).bmp,val,0,4.818420,1.881003,-6.623919
smids/Normal_Sperm/Normal_Sperm (587).bmp,val,0,6.401275,3.583556,-9.471205
smids/Normal_Sperm/Normal_Sperm (591).bmp,val,0,6.455464,0.674881,-6.702595
smids/Normal_Sperm/Normal_Sperm (626).bmp,val,0,4.086097,1.519751,-5.481059
smids/Normal_Sperm/Normal_Sperm (631).bmp,val,0,6.591427,4.406362,-10.542203
smids/Normal_Sperm/Normal_Sperm (632).bmp,val,0,5.549065,0.546752,-5.801558
smids/Normal_Sperm/Normal_Sperm (635).bmp,val,0,7.820870,2.154045,-9.749838
smids/Normal_Sperm/Normal_Sperm (649).bmp,val,0,3.539005,4.772911,-8.313247
smids/Normal_Sperm/Normal_Sperm (653).bmp,val,0,6.658962,0.388605,-6.462279
smids/Normal_Sperm/Normal_Sperm (655).bmp,val,0,3.024928,-0.984579,-2.444235
smids/Normal_Sperm/Normal_Sperm (658).bmp,val,0,5.320949,-0.956579,-4.711238
smids/Normal_Sperm/Normal_Sperm (660).bmp,val,0,5.856714,1.970173,-7.870582
smids/Normal_Sperm/Normal_Sperm (663).bmp,val,0,4.847942,2.116040,-6.565488
smids/Normal_Sperm/Normal_Sperm (664).bmp,val,0,1.625660,-0.615489,-1.039694
smids/Normal_Sperm/Normal_Sperm (69).bmp,val,0,-0.739488,5.075813,-4.589083
smids/Normal_Sperm/Normal_Sperm (7).bmp,val,0,5.338232,0.149095,-5.485815
smids/Normal_Sperm/Normal_Sperm (715).bmp,val,0,2.133593,0.257223,-3.008658
smids/Normal_Sperm/Normal_Sperm (725).bmp,val,0,4.104961,-1.006821,-3.099543
smids/Normal_Sperm/Normal_Sperm (726).bmp,val,0,5.464368,1.353766,-6.675156
smids/Normal_Sperm/Normal_Sperm (754).bmp,val,0,5.707963,-1.002023,-5.358435
smids/Normal_Sperm/Normal_Sperm (755).bmp,val,0,9.387350,0.574596,-9.451260
smids/Normal_Sperm/Normal_Sperm (761).bmp,val,0,8.544351,-0.024835,-8.115583
smids/Normal_Sperm/Normal_Sperm (77).bmp,val,0,4.643765,-1.733904,-2.997912
smids/Normal_Sperm/Normal_Sperm (789).bmp,val,0,5.353884,-1.752903,-3.586272
smids/Normal_Sperm/Normal_Sperm (796).bmp,val,0,6.052097,-0.330301,-5.470399
smids/Normal_Sperm/Normal_Sperm (81).bmp,val,0,5.215392,-0.240379,-5.185586
smids/Normal_Sperm/Normal_Sperm (815).bmp,val,0,4.851882,-0.710857,-4.370312
smids/Normal_Sperm/Normal_Sperm (828).bmp,val,0,4.925950,-0.010227,-4.935922
smids/Normal_Sperm/Normal_Sperm (833).bmp,val,0,6.117645,0.286705,-6.263125
smids/Normal_Sperm/Normal_Sperm (834).bmp,val,0,4.348215,3.142017,-7.167328
smids/Normal_Sperm/Normal_Sperm (844).bmp,val,0,7.569547,-0.254225,-6.962413
smids/Normal_Sperm/Normal_Sperm (858).bmp,val,0,7.321627,2.429151,-9.544366
smids/Normal_Sperm/Normal_Sperm (920).bmp,val,0,4.104149,4.663741,-8.663587
smids/Normal_Sperm/Normal_Sperm (921).bmp,val,0,8.183892,2.066840,-9.494475
smids/Normal_Sperm/Normal_Sperm (928).bmp,val,0,4.262694,3.351530,-7.550265
smids/Normal_Sperm/Normal_Sperm (929).bmp,val,0,4.868085,3.408191,-8.091035
smids/Normal_Sperm/Normal_Sperm (990).bmp,val,0,3.541861,2.293236,-5.873856
smids/Normal_Sperm/Normal_Sperm (999).bmp,val,0,2.842682,0.303658,-2.809319
smids/Abnormal_Sperm/Abnormal_Sperm (10).bmp,calib,1,0.459604,3.098051,-3.812601
smids/Abnormal_Sperm/Abnormal_Sperm (100).bmp,calib,1,0.916675,6.046130,-7.224139
smids/Abnormal_Sperm/Abnormal_Sperm (1000).bmp,calib,1,-3.763482,5.868426,-1.751007
smids/Abnormal_Sperm/Abnormal_Sperm (1002).bmp,calib,1,4.969398,3.637488,-8.124185
smids/Abnormal_Sperm/Abnormal_Sperm (105).bmp,calib,1,-3.322517,4.983587,-1.816262
smids/Abnormal_Sperm/Abnormal_Sperm (113).bmp,calib,1,-6.520328,4.681001,1.654515
smids/Abnormal_Sperm/Abnormal_Sperm (117).bmp,calib,1,-1.232262,4.850008,-3.380506
smids/Abnormal_Sperm/Abnormal_Sperm (119).bmp,calib,1,2.264493,5.386754,-7.799924
smids/Abnormal_Sperm/Abnormal_Sperm (125).bmp,calib,1,-4.462801,4.747104,-0.412224
smids/Abnormal_Sperm/Abnormal_Sperm (126).bmp,calib,1,-0.535998,5.592229,-4.812062
smids/Abnormal_Sperm/Abnormal_Sperm (127).bmp,calib,1,-4.615553,4.828759,-0.552590
smids/Abnormal_Sperm/Abnormal_Sperm (128).bmp,calib,1,3.775711,4.417524,-7.879182
smids/Abnormal_Sperm/Abnormal_Sperm (137).bmp,calib,1,-1.401248,7.677747,-6.362298
smids/Abnormal_Sperm/Abnormal_Sperm (139).bmp,calib,1,1.014001,5.353840,-6.188650
smids/Abnormal_Sperm/Abnormal_Sperm (140).bmp,calib,1,-1.312176,6.892161,-5.419756
smids/Abnormal_Sperm/Abnormal_Sperm (141).bmp,calib,1,-2.964749,7.076080,-3.913441
smids/Abnormal_Sperm/Abnormal_Sperm (149).bmp,calib,1,0.163993,5.051960,-4.743553
smids/Abnormal_Sperm/Abnormal_Sperm (157).bmp,calib,1,1.251180,3.880337,-4.924884
smids/Abnormal_Sperm/Abnormal_Sperm (163).bmp,calib,1,-1.215367,5.868717,-4.172469
smids/Abnormal_Sperm/Abnormal_Sperm (164).bmp,calib,1,-0.280608,5.082554,-4.613832
smids/Abnormal_Sperm/Abnormal_Sperm (176).bmp,calib,1,1.858193,4.389260,-5.888930
smids/Abnormal_Sperm/Abnormal_Sperm (182).bmp,calib,1,-0.667519,7.108975,-6.100349
smids/Abnormal_Sperm/Abnormal_Sperm (184).bmp,calib,1,-2.206508,6.387151,-4.047558
smids/Abnormal_Sperm/Abnormal_Sperm (20).bmp,calib,1,-2.806360,3.442579,-0.693509
smids/Abnormal_Sperm/Abnormal_Sperm (202).bmp,calib,1,-0.986808,2.755597,-1.792726
smids/Abnormal_Sperm/Abnormal_Sperm (213).bmp,calib,1,0.737354,7.729791,-8.177927
smids/Abnormal_Sperm/Abnormal_Sperm (215).bmp,calib,1,-1.702369,6.781913,-4.952373
smids/Abnormal_Sperm/Abnormal_Sperm (220).bmp,calib,1,0.603932,5.581911,-6.066049
smids/Abnormal_Sperm/Abnormal_Sperm (228).bmp,calib,1,-2.731251,4.748155,-2.751678
smids/Abnormal_Sperm/Abnormal_Sperm (230).bmp,calib,1,-0.776135,4.875040,-4.312207
smids/Abnormal_Sperm/Abnormal_Sperm (234).bmp,calib,1,-3.912533,3.324075,0.356555
smids/Abnormal_Sperm/Abnormal_Sperm (237).bmp,calib,1,-4.173055,6.006840,-1.967780
smids/Abnormal_Sperm/Abnormal_Sperm (238).bmp,calib,1,-3.949690,6.783816,-2.839151
smids/Abnormal_Sperm/Abnormal_Sperm (256).bmp,calib,1,0.503459,3.195726,-3.503872
smids/Abnormal_Sperm/Abnormal_Sperm (269).bmp,calib,1,-0.580731,3.724479,-2.990692
smids/Abnormal_Sperm/Abnormal_Sperm (270).bmp,calib,1,0.159516,7.978662,-8.246108
smids/Abnormal_Sperm/Abnormal_Sperm (274).bmp,calib,1,-7.575066,3.981524,2.809225
smids/Abnormal_Sperm/Abnormal_Sperm (281).bmp,calib,1,-1.209660,5.763861,-4.383508
smids/Abnormal_Sperm/Abnormal_Sperm (284).bmp,calib,1,-4.814190,2.155388,2.165705
smids/Abnormal_Sperm/Abnormal_Sperm (289).bmp,calib,1,-3.336910,3.806410,-1.270703
smids/Abnormal_Sperm/Abnormal_Sperm (298).bmp,calib,1,-1.007488,6.785722,-5.725215
smids/Abnormal_Sperm/Abnormal_Sperm (304).bmp,calib,1,-4.881322,3.084213,1.705054
smids/Abnormal_Sperm/Abnormal_Sperm (310).bmp,calib,1,-4.017619,-0.098658,3.532213
smids/Abnormal_Sperm/Abnormal_Sperm (312).bmp,calib,1,-1.252222,0.103965,1.195933
smids/Abnormal_Sperm/Abnormal_Sperm (317).bmp,calib,1,1.726747,3.674463,-5.277798
smids/Abnormal_Sperm/Abnormal_Sperm (325).bmp,calib,1,0.184851,6.033908,-5.885986
smids/Abnormal_Sperm/Abnormal_Sperm (331).bmp,calib,1,-1.623643,6.025648,-4.332408
smids/Abnormal_Sperm/Abnormal_Sperm (340).bmp,calib,1,0.475369,5.313233,-5.764209
smids/Abnormal_Sperm/Abnormal_Sperm (355).bmp,calib,1,0.905142,6.341404,-7.339038
smids/Abnormal_Sperm/Abnormal_Sperm (358).bmp,calib,1,-3.782732,6.892513,-3.214963
smids/Abnormal_Sperm/Abnormal_Sperm (364).bmp,calib,1,-5.090592,5.630464,-0.590206
smids/Abnormal_Sperm/Abnormal_Sperm (372).bmp,calib,1,-3.773988,7.219163,-3.445281
smids/Abnormal_Sperm/Abnormal_Sperm (373).bmp,calib,1,0.749390,5.738041,-6.233344
smids/Abnormal_Sperm/Abnormal_Sperm (382).bmp,calib,1,1.518729,6.135849,-7.525579
smids/Abnormal_Sperm/Abnormal_Sperm (386).bmp,calib,1,-5.902495,0.430749,5.804370
smids/Abnormal_Sperm/Abnormal_Sperm (391).bmp,calib,1,0.664569,6.277159,-6.716485
smids/Abnormal_Sperm/Abnormal_Sperm (394).bmp,calib,1,-5.714705,1.731813,3.183340
smids/Abnormal_Sperm/Abnormal_Sperm (403).bmp,calib,1,2.026940,4.808829,-6.516415
smids/Abnormal_Sperm/Abnormal_Sperm (41).bmp,calib,1,0.664045,2.456681,-3.313704
smids/Abnormal_Sperm/Abnormal_Sperm (413).bmp,calib,1,-4.698417,5.201446,-0.489337
smids/Abnormal_Sperm/Abnormal_Sperm (42).bmp,calib,1,5.767968,1.553752,-7.122406
smids/Abnormal_Sperm/Abnormal_Sperm (427).bmp,calib,1,-1.459743,4.727128,-3.060340
smids/Abnormal_Sperm/Abnormal_Sperm (428).bmp,calib,1,-0.633826,2.140822,-1.347221
smids/Abnormal_Sperm/Abnormal_Sperm (43).bmp,calib,1,-2.469017,1.852259,0.607351
smids/Abnormal_Sperm/Abnormal_Sperm (433).bmp,calib,1,-2.332047,4.975141,-2.604548
smids/Abnormal_Sperm/Abnormal_Sperm (443).bmp,calib,1,-6.763735,4.607949,1.613900
smids/Abnormal_Sperm/Abnormal_Sperm (456).bmp,calib,1,-0.457166,5.830446,-5.022246
smids/Abnormal_Sperm/Abnormal_Sperm (465).bmp,calib,1,-3.375848,4.238862,-0.728266
smids/Abnormal_Sperm/Abnormal_Sperm (470).bmp,calib,1,-3.575901,6.107280,-3.128540
smids/Abnormal_Sperm/Abnormal_Sperm (48).bmp,calib,1,-6.169801,5.155353,1.332893
smids/Abnormal_Sperm/Abnormal_Sperm (484).bmp,calib,1,-4.323500,4.922751,-0.288488
smids/Abnormal_Sperm/Abnormal_Sperm (494).bmp,calib,1,-5.710499,3.653666,1.686129
smids/Abnormal_Sperm/Abnormal_Sperm (5).bmp,calib,1,1.050012,3.330981,-4.173880
smids/Abnormal_Sperm/Abnormal_Sperm (506).bmp,calib,1,-1.837366,2.478945,-0.679256
smids/Abnormal_Sperm/Abnormal_Sperm (514).bmp,calib,1,3.326372,4.267597,-7.490742
smids/Abnormal_Sperm/Abnormal_Sperm (519).bmp,calib,1,2.220165,7.433587,-9.367528
smids/Abnormal_Sperm/Abnormal_Sperm (524).bmp,calib,1,-8.022223,3.200955,4.849895
smids/Abnormal_Sperm/Abnormal_Sperm (533).bmp,calib,1,5.255042,2.882664,-8.056693
smids/Abnormal_Sperm/Abnormal_Sperm (538).bmp,calib,1,-2.849697,3.175737,-0.315221
smids/Abnormal_Sperm/Abnormal_Sperm (548).bmp,calib,1,-4.459567,4.045726,0.501668
smids/Abnormal_Sperm/Abnormal_Sperm (554).bmp,calib,1,2.148696,1.168434,-3.313176
smids/Abnormal_Sperm/Abnormal_Sperm (561).bmp,calib,1,2.451689,-0.181084,-2.054008
smids/Abnormal_Sperm/Abnormal_Sperm (564).bmp,calib,1,-2.910414,5.556429,-2.942355
smids/Abnormal_Sperm/Abnormal_Sperm (569).bmp,calib,1,-1.436292,3.820134,-2.994033
smids/Abnormal_Sperm/Abnormal_Sperm (577).bmp,calib,1,2.160008,3.886401,-5.861548
smids/Abnormal_Sperm/Abnormal_Sperm (578).bmp,calib,1,4.800941,2.556538,-6.774390
smids/Abnormal_Sperm/Abnormal_Sperm (606).bmp,calib,1,3.116294,-0.409234,-2.660041
smids/Abnormal_Sperm/Abnormal_Sperm (613).bmp,calib,1,0.140858,6.675759,-6.476655
smids/Abnormal_Sperm/Abnormal_Sperm (621).bmp,calib,1,0.905886,5.455092,-5.529469
smids/Abnormal_Sperm/Abnormal_Sperm (628).bmp,calib,1,0.655829,3.983089,-4.646866
smids/Abnormal_Sperm/Abnormal_Sperm (635).bmp,calib,1,2.443273,3.834834,-6.038671
smids/Abnormal_Sperm/Abnormal_Sperm (636).bmp,calib,1,-2.633457,3.112751,-0.640087
smids/Abnormal_Sperm/Abnormal_Sperm (638).bmp,calib,1,0.000565,2.580751,-2.522108
smids/Abnormal_Sperm/Abnormal_Sperm (639).bmp,calib,1,-5.780335,5.598886,-0.241084
smids/Abnormal_Sperm/Abnormal_Sperm (651).bmp,calib,1,-0.076398,5.215697,-5.319216
smids/Abnormal_Sperm/Abnormal_Sperm (654).bmp,calib,1,1.908617,3.629020,-5.239295
smids/Abnormal_Sperm/Abnormal_Sperm (659).bmp,calib,1,-1.576924,2.569552,-1.074439
smids/Abnormal_Sperm/Abnormal_Sperm (663).bmp,calib,1,-1.152996,3.259529,-2.022055
smids/Abnormal_Sperm/Abnormal_Sperm (672).bmp,calib,1,0.236010,2.786916,-2.672745
smids/Abnormal_Sperm/Abnormal_Sperm (673).bmp,calib,1,-1.689495,3.955304,-2.084842
smids/Abnormal_Sperm/Abnormal_Sperm (699).bmp,calib,1,-1.320923,3.580886,-2.022510
smids/Abnormal_Sperm/Abnormal_Sperm (7).bmp,calib,1,-0.761834,5.053052,-4.676529
smids/Abnormal_Sperm/Abnormal_Sperm (70).bmp,calib,1,-2.810962,4.923508,-1.959932
smids/Abnormal_Sperm/Abnormal_Sperm (702).bmp,calib,1,-1.142215,1.102278,0.499597
smids/Abnormal_Sperm/Abnormal_Sperm (705).bmp,calib,1,1.705751,0.571893,-1.987437
smids/Abnormal_Sperm/Abnormal_Sperm (712).bmp,calib,1,-0.183125,5.285491,-4.591124
smids/Abnormal_Sperm/Abnormal_Sperm (714).bmp,calib,1,2.823844,2.437886,-4.890194
smids/Abnormal_Sperm/Abnormal_Sperm (723).bmp,calib,1,2.498876,4.243855,-6.108827
smids/Abnormal_Sperm/Abnormal_Sperm (724).bmp,calib,1,-0.694290,3.610590,-3.132486
smids/Abnormal_Sperm/Abnormal_Sperm (725).bmp,calib,1,1.250583,0.787139,-1.786675
smids/Abnormal_Sperm/Abnormal_Sperm (731).bmp,calib,1,-0.881061,4.604570,-3.430297
smids/Abnormal_Sperm/Abnormal_Sperm (749).bmp,calib,1,-1.978795,4.558461,-2.225279
smids/Abnormal_Sperm/Abnormal_Sperm (75).bmp,calib,1,-2.456144,6.692554,-4.212477
smids/Abnormal_Sperm/Abnormal_Sperm (760).bmp,calib,1,0.798840,4.983068,-5.242848
smids/Abnormal_Sperm/Abnormal_Sperm (761).bmp,calib,1,0.869859,0.292791,-1.730065
smids/Abnormal_Sperm/Abnormal_Sperm (764).bmp,calib,1,4.171673,1.458634,-5.531126
smids/Abnormal_Sperm/Abnormal_Sperm (769).bmp,calib,1,-5.526546,5.113463,0.172900
smids/Abnormal_Sperm/Abnormal_Sperm (772).bmp,calib,1,1.093714,4.097900,-4.999495
smids/Abnormal_Sperm/Abnormal_Sperm (776).bmp,calib,1,-1.271233,7.508368,-6.061788
smids/Abnormal_Sperm/Abnormal_Sperm (779).bmp,calib,1,0.158295,5.123382,-5.162945
smids/Abnormal_Sperm/Abnormal_Sperm (781).bmp,calib,1,3.520950,0.713519,-4.114058
smids/Abnormal_Sperm/Abnormal_Sperm (786).bmp,calib,1,5.745047,3.133147,-8.811084
smids/Abnormal_Sperm/Abnormal_Sperm (792).bmp,calib,1,-1.544231,7.317229,-5.743455
smids/Abnormal_Sperm/Abnormal_Sperm (796).bmp,calib,1,0.439856,4.855999,-5.119908
smids/Abnormal_Sperm/Abnormal_Sperm (798).bmp,calib,1,-1.188802,4.474276,-3.187937
smids/Abnormal_Sperm/Abnormal_Sperm (806).bmp,calib,1,-2.615300,5.010024,-2.433224
smids/Abnormal_Sperm/Abnormal_Sperm (814).bmp,calib,1,4.143894,4.784405,-8.230260
smids/Abnormal_Sperm/Abnormal_Sperm (82).bmp,calib,1,1.013672,7.575812,-8.484966
smids/Abnormal_Sperm/Abnormal_Sperm (820).bmp,calib,1,2.550860,3.674427,-5.951718
smids/Abnormal_Sperm/Abnormal_Sperm (83).bmp,calib,1,2.273519,1.473281,-3.756013
smids/Abnormal_Sperm/Abnormal_Sperm (837).bmp,calib,1,5.699701,1.104231,-6.723228
smids/Abnormal_Sperm/Abnormal_Sperm (839).bmp,calib,1,4.863231,0.885714,-5.581795
smids/Abnormal_Sperm/Abnormal_Sperm (844).bmp,calib,1,-4.198524,1.095413,3.055693
smids/Abnormal_Sperm/Abnormal_Sperm (858).bmp,calib,1,2.888670,4.888026,-7.043583
smids/Abnormal_Sperm/Abnormal_Sperm (86).bmp,calib,1,-3.342297,5.974771,-2.638075
smids/Abnormal_Sperm/Abnormal_Sperm (866).bmp,calib,1,-0.256238,5.865921,-5.635602
smids/Abnormal_Sperm/Abnormal_Sperm (882).bmp,calib,1,-0.242431,6.018725,-5.870927
smids/Abnormal_Sperm/Abnormal_Sperm (889).bmp,calib,1,0.336974,5.007125,-5.198349
smids/Abnormal_Sperm/Abnormal_Sperm (89).bmp,calib,1,-5.621110,7.785640,-2.338990
smids/Abnormal_Sperm/Abnormal_Sperm (901).bmp,calib,1,-0.815289,3.048015,-2.408491
smids/Abnormal_Sperm/Abnormal_Sperm (908).bmp,calib,1,0.829567,3.229028,-3.849190
smids/Abnormal_Sperm/Abnormal_Sperm (910).bmp,calib,1,0.045430,1.653380,-1.457851
smids/Abnormal_Sperm/Abnormal_Sperm (928).bmp,calib,1,3.934142,5.128153,-8.365155
smids/Abnormal_Sperm/Abnormal_Sperm (939).bmp,calib,1,1.538356,-0.461829,-1.063188
smids/Abnormal_Sperm/Abnormal_Sperm (94).bmp,calib,1,-6.119810,5.360644,1.197281
smids/Abnormal_Sperm/Abnormal_Sperm (942).bmp,calib,1,0.047796,1.069633,-1.148705
smids/Abnormal_Sperm/Abnormal_Sperm (955).bmp,calib,1,0.604555,5.288617,-5.564383
smids/Abnormal_Sperm/Abnormal_Sperm (969).bmp,calib,1,-2.599790,5.585406,-2.421249
smids/Abnormal_Sperm/Abnormal_Sperm (97).bmp,calib,1,-1.915311,4.437707,-2.394137
smids/Abnormal_Sperm/Abnormal_Sperm (970).bmp,calib,1,-5.364351,4.730536,0.268589
smids/Abnormal_Sperm/Abnormal_Sperm (971).bmp,calib,1,-1.595518,6.337414,-4.237214
smids/Abnormal_Sperm/Abnormal_Sperm (976).bmp,calib,1,-3.929176,7.302632,-3.843504
smids/Abnormal_Sperm/Abnormal_Sperm (987).bmp,calib,1,2.486875,5.194439,-7.363642
smids/Abnormal_Sperm/Abnormal_Sperm (996).bmp,calib,1,-4.228888,4.439369,0.035539
smids/Abnormal_Sperm/Abnormal_Sperm (997).bmp,calib,1,-1.620733,4.908264,-3.339413
smids/Abnormal_Sperm/Abnormal_Sperm (999).bmp,calib,1,-4.962270,7.099214,-2.391346
smids/Non-Sperm/Non-Sperm (10).bmp,calib,2,-4.445796,-4.759429,8.462112
smids/Non-Sperm/Non-Sperm (107).bmp,calib,2,-6.895304,-3.461770,9.794911
smids/Non-Sperm/Non-Sperm (108).bmp,calib,2,-4.489792,-1.704230,5.944865
smids/Non-Sperm/Non-Sperm (113).bmp,calib,2,-6.369475,-4.536705,9.390294
smids/Non-Sperm/Non-Sperm (13).bmp,calib,2,-5.990947,-3.753513,9.214869
smids/Non-Sperm/Non-Sperm (131).bmp,calib,2,-3.056060,-6.343601,8.505416
smids/Non-Sperm/Non-Sperm (132).bmp,calib,2,-2.931621,-5.957520,7.775332
smids/Non-Sperm/Non-Sperm (133).bmp,calib,2,-3.474212,-6.143416,8.505948
smids/Non-Sperm/Non-Sperm (140).bmp,calib,2,-4.915249,-4.424868,8.598078
smids/Non-Sperm/Non-Sperm (141).bmp,calib,2,-4.077596,-2.838332,6.597135
smids/Non-Sperm/Non-Sperm (144).bmp,calib,2,-5.328549,-5.607944,10.496840
smids/Non-Sperm/Non-Sperm (158).bmp,calib,2,-3.575220,-4.959209,7.981637
smids/Non-Sperm/Non-Sperm (162).bmp,calib,2,-3.770525,-7.547020,10.096643
smids/Non-Sperm/Non-Sperm (164).bmp,calib,2,-4.500103,-4.462282,8.742523
smids/Non-Sperm/Non-Sperm (167).bmp,calib,2,-5.401256,-4.499468,9.579155
smids/Non-Sperm/Non-Sperm (173).bmp,calib,2,-4.386886,-5.110380,8.905470
smids/Non-Sperm/Non-Sperm (175).bmp,calib,2,-3.549540,-5.074893,8.003837
smids/Non-Sperm/Non-Sperm (177).bmp,calib,2,-4.756679,-5.477491,9.766871
smids/Non-Sperm/Non-Sperm (178).bmp,calib,2,-4.898930,-5.208665,9.551499
smids/Non-Sperm/Non-Sperm (18).bmp,calib,2,-0.884153,-2.532078,2.981336
smids/Non-Sperm/Non-Sperm (181).bmp,calib,2,-7.524613,-2.641342,9.690458
smids/Non-Sperm/Non-Sperm (186).bmp,calib,2,-5.110890,-2.945434,7.790730
smids/Non-Sperm/Non-Sperm (188).bmp,calib,2,-4.042447,-4.377327,8.287637
smids/Non-Sperm/Non-Sperm (216).bmp,calib,2,-2.409686,-2.968176,5.151853
smids/Non-Sperm/Non-Sperm (217).bmp,calib,2,-4.603352,-4.775441,8.425366
smids/Non-Sperm/Non-Sperm (221).bmp,calib,2,-5.956378,-2.670084,7.931268
smids/Non-Sperm/Non-Sperm (223).bmp,calib,2,-5.273495,-3.171214,7.726387
smids/Non-Sperm/Non-Sperm (240).bmp,calib,2,-3.881776,-6.573482,9.651185
smids/Non-Sperm/Non-Sperm (243).bmp,calib,2,-1.525177,-4.858619,5.736037
smids/Non-Sperm/Non-Sperm (253).bmp,calib,2,-3.012311,-6.519833,8.571975
smids/Non-Sperm/Non-Sperm (254).bmp,calib,2,-5.080591,-3.935566,8.488185
smids/Non-Sperm/Non-Sperm (257).bmp,calib,2,-3.515000,-4.280125,7.297175
smids/Non-Sperm/Non-Sperm (258).bmp,calib,2,-3.408774,-5.709171,8.339487
smids/Non-Sperm/Non-Sperm (261).bmp,calib,2,-2.061586,-3.899318,5.589396
smids/Non-Sperm/Non-Sperm (265).bmp,calib,2,-2.308950,-3.459883,5.205700
smids/Non-Sperm/Non-Sperm (278).bmp,calib,2,-4.022202,-5.137429,8.526399
smids/Non-Sperm/Non-Sperm (28).bmp,calib,2,-4.560411,5.155715,-0.385728
smids/Non-Sperm/Non-Sperm (291).bmp,calib,2,-1.628188,-2.863987,3.744152
smids/Non-Sperm/Non-Sperm (298).bmp,calib,2,-3.408391,-6.261450,9.045678
smids/Non-Sperm/Non-Sperm (30).bmp,calib,2,-5.817145,2.444126,3.049136
smids/Non-Sperm/Non-Sperm (301).bmp,calib,2,-4.273977,-5.645885,9.032300
smids/Non-Sperm/Non-Sperm (302).bmp,calib,2,-3.102090,-6.571683,8.889337
smids/Non-Sperm/Non-Sperm (316).bmp,calib,2,-4.713644,-7.012802,11.010874
smids/Non-Sperm/Non-Sperm (319).bmp,calib,2,-4.741904,-4.247173,8.415350
smids/Non-Sperm/Non-Sperm (32).bmp,calib,2,-8.304673,1.094973,7.221856
smids/Non-Sperm/Non-Sperm (335).bmp,calib,2,-4.328375,0.777132,3.042103
smids/Non-Sperm/Non-Sperm (344).bmp,calib,2,-2.897287,-5.975389,8.310395
smids/Non-Sperm/Non-Sperm (349).bmp,calib,2,-3.914385,-2.808949,6.439052
smids/Non-Sperm/Non-Sperm (351).bmp,calib,2,-6.060510,-1.102509,6.965945
smids/Non-Sperm/Non-Sperm (353).bmp,calib,2,-1.516598,-1.986843,3.385759
smids/Non-Sperm/Non-Sperm (354).bmp,calib,2,-5.963902,-3.034376,8.101911
smids/Non-Sperm/Non-Sperm (356).bmp,calib,2,-2.881673,-6.157459,8.437726
smids/Non-Sperm/Non-Sperm (357).bmp,calib,2,-2.440964,-2.318577,4.623881
smids/Non-Sperm/Non-Sperm (359).bmp,calib,2,-8.058631,-1.851943,9.306476
smids/Non-Sperm/Non-Sperm (360).bmp,calib,2,-5.458388,-1.945385,6.863390
smids/Non-Sperm/Non-Sperm (384).bmp,calib,2,-2.563216,-1.968251,4.141193
smids/Non-Sperm/Non-Sperm (396).bmp,calib,2,-0.168862,-1.251018,1.119730
smids/Non-Sperm/Non-Sperm (397).bmp,calib,2,-3.495345,-5.939007,8.805559
smids/Non-Sperm/Non-Sperm (399).bmp,calib,2,-2.310717,-2.593067,4.714698
smids/Non-Sperm/Non-Sperm (409).bmp,calib,2,0.672687,-3.496789,2.481393
smids/Non-Sperm/Non-Sperm (416).bmp,calib,2,-3.564600,-1.271537,4.846674
smids/Non-Sperm/Non-Sperm (43).bmp,calib,2,-7.917982,-1.923553,8.748967
smids/Non-Sperm/Non-Sperm (431).bmp,calib,2,-4.262464,-6.224143,9.218182
smids/Non-Sperm/Non-Sperm (44).bmp,calib,2,-7.362456,-1.399951,8.087157
smids/Non-Sperm/Non-Sperm (440).bmp,calib,2,-1.856373,-2.856717,4.222303
smids/Non-Sperm/Non-Sperm (446).bmp,calib,2,-4.202772,-5.951201,9.434031
smids/Non-Sperm/Non-Sperm (459).bmp,calib,2,-2.537369,-2.266925,4.249200
smids/Non-Sperm/Non-Sperm (460).bmp,calib,2,-4.060289,-4.181015,7.858006
smids/Non-Sperm/Non-Sperm (464).bmp,calib,2,-6.636048,-5.024753,11.340623
smids/Non-Sperm/Non-Sperm (467).bmp,calib,2,-6.570090,-5.002562,10.834405
smids/Non-Sperm/Non-Sperm (472).bmp,calib,2,-5.904573,-0.902370,6.481682
smids/Non-Sperm/Non-Sperm (473).bmp,calib,2,-3.414847,-3.481915,6.782585
smids/Non-Sperm/Non-Sperm (478).bmp,calib,2,-2.401516,-4.853614,7.007190
smids/Non-Sperm/Non-Sperm (479).bmp,calib,2,-2.084690,-4.411574,6.104035
smids/Non-Sperm/Non-Sperm (480).bmp,calib,2,-2.425586,-5.177391,6.838983
smids/Non-Sperm/Non-Sperm (484).bmp,calib,2,-3.519412,-6.049109,8.916221
smids/Non-Sperm/Non-Sperm (502).bmp,calib,2,-1.650558,-6.800959,7.359240
smids/Non-Sperm/Non-Sperm (504).bmp,calib,2,-3.103041,-6.531672,9.132063
smids/Non-Sperm/Non-Sperm (510).bmp,calib,2,-5.195910,-4.833188,9.525258
smids/Non-Sperm/Non-Sperm (515).bmp,calib,2,-3.833609,-3.091332,6.477051
smids/Non-Sperm/Non-Sperm (517).bmp,calib,2,-3.915838,-4.472188,8.246319
smids/Non-Sperm/Non-Sperm (518).bmp,calib,2,-4.216261,-5.274123,8.472838
smids/Non-Sperm/Non-Sperm (524).bmp,calib,2,-1.739429,-4.452476,5.834168
smids/Non-Sperm/Non-Sperm (528).bmp,calib,2,-5.423033,0.731421,4.614846
smids/Non-Sperm/Non-Sperm (53).bmp,calib,2,-6.389005,3.485981,2.659056
smids/Non-Sperm/Non-Sperm (530).bmp,calib,2,-3.098953,-4.183169,6.409163
smids/Non-Sperm/Non-Sperm (533).bmp,calib,2,-2.078675,-5.446533,6.799833
smids/Non-Sperm/Non-Sperm (546).bmp,calib,2,-1.561314,-1.943118,3.499249
smids/Non-Sperm/Non-Sperm (550).bmp,calib,2,-6.370656,-6.493018,11.766664
smids/Non-Sperm/Non-Sperm (555).bmp,calib,2,-3.323765,-5.832902,8.276039
smids/Non-Sperm/Non-Sperm (562).bmp,calib,2,-1.533103,-5.283955,6.300934
smids/Non-Sperm/Non-Sperm (567).bmp,calib,2,-3.520665,-2.831668,5.760629
smids/Non-Sperm/Non-Sperm (578).bmp,calib,2,-4.484489,-4.811760,8.476052
smids/Non-Sperm/Non-Sperm (59).bmp,calib,2,-2.082108,5.789442,-3.783612
smids/Non-Sperm/Non-Sperm (60).bmp,calib,2,0.950845,5.829398,-6.484956
smids/Non-Sperm/Non-Sperm (603).bmp,calib,2,-7.015473,-3.088642,9.715289
smids/Non-Sperm/Non-Sperm (609).bmp,calib,2,-0.738958,-5.525136,5.036420
smids/Non-Sperm/Non-Sperm (612).bmp,calib,2,-4.830588,-4.863962,8.813837
smids/Non-Sperm/Non-Sperm (621).bmp,calib,2,-5.458499,-7.534961,11.464885
smids/Non-Sperm/Non-Sperm (623).bmp,calib,2,-4.713166,-3.731902,7.850366
smids/Non-Sperm/Non-Sperm (633).bmp,calib,2,-5.279489,-3.678215,8.473563
smids/Non-Sperm/Non-Sperm (64).bmp,calib,2,-2.128889,-1.399132,3.690964
smids/Non-Sperm/Non-Sperm (640).bmp,calib,2,-3.241049,-3.721641,6.205392
smids/Non-Sperm/Non-Sperm (644).bmp,calib,2,-6.878151,-3.499312,9.308875
smids/Non-Sperm/Non-Sperm (652).bmp,calib,2,-3.450560,-5.579448,8.713400
smids/Non-Sperm/Non-Sperm (655).bmp,calib,2,-3.348597,-3.032493,5.779302
smids/Non-Sperm/Non-Sperm (66).bmp,calib,2,-5.379108,-1.765922,6.472469
smids/Non-Sperm/Non-Sperm (674).bmp,calib,2,-4.757410,-1.837331,6.035650
smids/Non-Sperm/Non-Sperm (675).bmp,calib,2,-6.442363,-1.610459,7.250114
smids/Non-Sperm/Non-Sperm (678).bmp,calib,2,-5.346003,-3.528098,8.700448
smids/Non-Sperm/Non-Sperm (679).bmp,calib,2,-2.297330,-4.338566,5.682341
smids/Non-Sperm/Non-Sperm (687).bmp,calib,2,-3.186768,-3.805995,6.514075
smids/Non-Sperm/Non-Sperm (694).bmp,calib,2,-3.347484,-5.126682,7.562973
smids/Non-Sperm/Non-Sperm (71).bmp,calib,2,-4.158744,0.291981,3.125190
smids/Non-Sperm/Non-Sperm (727).bmp,calib,2,-3.402259,-5.020579,7.663818
smids/Non-Sperm/Non-Sperm (740).bmp,calib,2,-5.592017,-4.129737,8.959535
smids/Non-Sperm/Non-Sperm (749).bmp,calib,2,-5.282857,-0.819769,6.100312
smids/Non-Sperm/Non-Sperm (765).bmp,calib,2,-3.889063,-5.698325,7.988983
smids/Non-Sperm/Non-Sperm (766).bmp,calib,2,-4.248574,-4.712629,8.397780
smids/Non-Sperm/Non-Sperm (769).bmp,calib,2,-6.447213,-5.366639,10.619328
smids/Non-Sperm/Non-Sperm (77).bmp,calib,2,-6.496321,-0.322762,6.069373
smids/Non-Sperm/Non-Sperm (780).bmp,calib,2,-4.173859,-6.156000,9.795053
smids/Non-Sperm/Non-Sperm (782).bmp,calib,2,-3.549559,-4.692452,7.712977
smids/Non-Sperm/Non-Sperm (797).bmp,calib,2,-3.668083,-7.618977,10.075617
smids/Non-Sperm/Non-Sperm (800).bmp,calib,2,-5.079137,-3.990045,8.706334
smids/Non-Sperm/Non-Sperm (803).bmp,calib,2,-4.296975,-0.341804,4.177772
smids/Non-Sperm/Non-Sperm (806).bmp,calib,2,-3.972514,-5.791663,8.769190
smids/Non-Sperm/Non-Sperm (809).bmp,calib,2,-3.070222,-4.740694,7.181254
smids/Non-Sperm/Non-Sperm (816).bmp,calib,2,-3.428779,-4.681797,7.745986
smids/Non-Sperm/Non-Sperm (819).bmp,calib,2,0.657626,-3.294430,1.917938
smids/Non-Sperm/Non-Sperm (834).bmp,calib,2,-0.946141,1.007127,-0.458240
smids/Non-Sperm/Non-Sperm (837).bmp,calib,2,-4.759617,-4.252770,8.748041
smids/Non-Sperm/Non-Sperm (840).bmp,calib,2,-2.476512,-2.626266,4.340240
smids/Non-Sperm/Non-Sperm (844).bmp,calib,2,-4.097562,-1.271729,4.335959
smids/Non-Sperm/Non-Sperm (846).bmp,calib,2,-1.811784,-4.124456,5.335083
smids/Non-Sperm/Non-Sperm (848).bmp,calib,2,-4.166405,-4.649214,8.243122
smids/Non-Sperm/Non-Sperm (85).bmp,calib,2,-3.654235,-6.315933,9.241245
smids/Non-Sperm/Non-Sperm (855).bmp,calib,2,-4.565441,-6.017625,9.928909
smids/Non-Sperm/Non-Sperm (863).bmp,calib,2,-4.963179,-4.407280,8.694107
smids/Non-Sperm/Non-Sperm (864).bmp,calib,2,-3.114908,-4.520437,6.933445
smids/Non-Sperm/Non-Sperm (867).bmp,calib,2,-5.701146,-1.736229,6.470193
smids/Non-Sperm/Non-Sperm (890).bmp,calib,2,-0.388532,-4.512750,4.459501
smids/Non-Sperm/Non-Sperm (893).bmp,calib,2,-4.042541,-0.196726,4.220207
smids/Non-Sperm/Non-Sperm (899).bmp,calib,2,-3.238364,-0.678838,4.006806
smids/Non-Sperm/Non-Sperm (905).bmp,calib,2,-2.634557,2.451773,0.547141
smids/Non-Sperm/Non-Sperm (91).bmp,calib,2,-3.200743,-4.341349,7.044492
smids/Non-Sperm/Non-Sperm (911).bmp,calib,2,-3.866297,6.305102,-2.599276
smids/Non-Sperm/Non-Sperm (913).bmp,calib,2,-5.280578,-3.680807,8.490418
smids/Non-Sperm/Non-Sperm (924).bmp,calib,2,-0.877196,-1.774944,2.101268
smids/Non-Sperm/Non-Sperm (931).bmp,calib,2,-4.162889,0.809541,3.493126
smids/Non-Sperm/Non-Sperm (934).bmp,calib,2,-2.712653,-1.700862,3.842719
smids/Non-Sperm/Non-Sperm (942).bmp,calib,2,-1.498684,-0.532011,1.583141
smids/Non-Sperm/Non-Sperm (954).bmp,calib,2,-3.361369,-3.096978,5.777289
smids/Non-Sperm/Non-Sperm (956).bmp,calib,2,-3.700355,-4.646520,7.721931
smids/Non-Sperm/Non-Sperm (960).bmp,calib,2,-4.812613,3.433475,1.821839
smids/Non-Sperm/Non-Sperm (962).bmp,calib,2,-2.635154,1.163038,1.203154
smids/Normal_Sperm/Normal_Sperm (1017).bmp,calib,0,8.356293,-0.789955,-7.463304
smids/Normal_Sperm/Normal_Sperm (1019).bmp,calib,0,5.380377,2.248305,-7.203577
smids/Normal_Sperm/Normal_Sperm (105).bmp,calib,0,5.543959,-1.136177,-4.492431
smids/Normal_Sperm/Normal_Sperm (106).bmp,calib,0,5.333395,0.814715,-5.889242
smids/Normal_Sperm/Normal_Sperm (112).bmp,calib,0,4.837933,2.523931,-7.131506
smids/Normal_Sperm/Normal_Sperm (117).bmp,calib,0,10.113540,2.808097,-12.877166
smids/Normal_Sperm/Normal_Sperm (125).bmp,calib,0,4.862638,1.745989,-6.513528
smids/Normal_Sperm/Normal_Sperm (126).bmp,calib,0,5.715878,5.074891,-10.650137
smids/Normal_Sperm/Normal_Sperm (13).bmp,calib,0,0.360597,-0.833657,0.271636
smids/Normal_Sperm/Normal_Sperm (135).bmp,calib,0,3.159798,6.336805,-9.879757
smids/Normal_Sperm/Normal_Sperm (137).bmp,calib,0,5.400088,3.001731,-7.978644
smids/Normal_Sperm/Normal_Sperm (138).bmp,calib,0,6.456071,2.048393,-9.144050
smids/Normal_Sperm/Normal_Sperm (144).bmp,calib,0,5.781293,1.354628,-7.399532
smids/Normal_Sperm/Normal_Sperm (153).bmp,calib,0,-1.167991,-0.354796,1.650833
smids/Normal_Sperm/Normal_Sperm (162).bmp,calib,0,6.126414,0.184017,-5.903308
smids/Normal_Sperm/Normal_Sperm (165).bmp,calib,0,2.002085,0.545634,-2.433722
smids/Normal_Sperm/Normal_Sperm (167).bmp,calib,0,3.737644,-0.301335,-3.573267
smids/Normal_Sperm/Normal_Sperm (168).bmp,calib,0,7.307114,0.063652,-7.305703
smids/Normal_Sperm/Normal_Sperm (17).bmp,calib,0,5.844554,1.668131,-7.399302
smids/Normal_Sperm/Normal_Sperm (176).bmp,calib,0,4.403134,-0.155405,-4.313990
smids/Normal_Sperm/Normal_Sperm (182).bmp,calib,0,2.907317,2.091679,-4.791381
smids/Normal_Sperm/Normal_Sperm (183).bmp,calib,0,3.199942,-0.207072,-3.082171
smids/Normal_Sperm/Normal_Sperm (186).bmp,calib,0,4.712332,2.171688,-6.859393
smids/Normal_Sperm/Normal_Sperm (195).bmp,calib,0,7.712499,0.474510,-7.765558
smids/Normal_Sperm/Normal_Sperm (196).bmp,calib,0,1.166894,2.797206,-3.663737
smids/Normal_Sperm/Normal_Sperm (197).bmp,calib,0,3.676589,-0.367236,-3.470322
smids/Normal_Sperm/Normal_Sperm (2).bmp,calib,0,4.113363,-1.821802,-2.100664
smids/Normal_Sperm/Normal_Sperm (21).bmp,calib,0,6.407366,0.945450,-7.063665
smids/Normal_Sperm/Normal_Sperm (228).bmp,calib,0,4.670218,1.498789,-5.995295
smids/Normal_Sperm/Normal_Sperm (237).bmp,calib,0,4.010639,4.665087,-8.698424
smids/Normal_Sperm/Normal_Sperm (238).bmp,calib,0,1.897709,3.680358,-5.123638
smids/Normal_Sperm/Normal_Sperm (239).bmp,calib,0,7.075993,0.445524,-7.330744
smids/Normal_Sperm/Normal_Sperm (248).bmp,calib,0,4.889647,-0.419528,-4.453547
smids/Normal_Sperm/Normal_Sperm (252).bmp,calib,0,5.449339,4.136058,-9.324407
smids/Normal_Sperm/Normal_Sperm (254).bmp,calib,0,7.885270,-0.821353,-6.654460
smids/Normal_Sperm/Normal_Sperm (263).bmp,calib,0,2.654136,-1.471192,-1.176717
smids/Normal_Sperm/Normal_Sperm (268).bmp,calib,0,2.909507,-1.634016,-1.394106
smids/Normal_Sperm/Normal_Sperm (277).bmp,calib,0,3.817575,1.122527,-4.632139
smids/Normal_Sperm/Normal_Sperm (278).bmp,calib,0,3.522448,3.851648,-7.007895
smids/Normal_Sperm/Normal_Sperm (283).bmp,calib,0,8.154140,2.363322,-10.519535
smids/Normal_Sperm/Normal_Sperm (29).bmp,calib,0,4.824670,1.461519,-5.967592
smids/Normal_Sperm/Normal_Sperm (3).bmp,calib,0,0.889638,5.012582,-5.340778
smids/Normal_Sperm/Normal_Sperm (30).bmp,calib,0,6.528185,0.052467,-6.347982
smids/Normal_Sperm/Normal_Sperm (308).bmp,calib,0,4.868667,-0.957767,-4.238585
smids/Normal_Sperm/Normal_Sperm (320).bmp,calib,0,1.950028,3.130812,-4.902403
smids/Normal_Sperm/Normal_Sperm (321).bmp,calib,0,3.644410,-0.527476,-3.322178
smids/Normal_Sperm/Normal_Sperm (329).bmp,calib,0,4.493042,1.729123,-6.083303
smids/Normal_Sperm/Normal_Sperm (34).bmp,calib,0,1.146764,-2.559277,1.070843
smids/Normal_Sperm/Normal_Sperm (359).bmp,calib,0,2.512196,1.906514,-4.180917
smids/Normal_Sperm/Normal_Sperm (360).bmp,calib,0,5.759971,-1.573578,-3.987071
smids/Normal_Sperm/Normal_Sperm (375).bmp,calib,0,3.266656,-1.023172,-2.193529
smids/Normal_Sperm/Normal_Sperm (378).bmp,calib,0,5.720960,0.219404,-5.771561
smids/Normal_Sperm/Normal_Sperm (38).bmp,calib,0,1.311909,-1.878589,0.525266
smids/Normal_Sperm/Normal_Sperm (383).bmp,calib,0,3.747851,-0.046887,-3.761713
smids/Normal_Sperm/Normal_Sperm (388).bmp,calib,0,2.188749,2.503418,-4.599386
smids/Normal_Sperm/Normal_Sperm (393).bmp,calib,0,2.140856,-1.851532,-0.117380
smids/Normal_Sperm/Normal_Sperm (4).bmp,calib,0,4.902848,2.584471,-7.734014
smids/Normal_Sperm/Normal_Sperm (400).bmp,calib,0,4.660702,1.860457,-6.254192
smids/Normal_Sperm/Normal_Sperm (41).bmp,calib,0,0.994847,-3.700303,2.302031
smids/Normal_Sperm/Normal_Sperm (413).bmp,calib,0,2.235420,0.498897,-3.053480
smids/Normal_Sperm/Normal_Sperm (42).bmp,calib,0,2.032426,1.362534,-3.022468
smids/Normal_Sperm/Normal_Sperm (420).bmp,calib,0,2.144527,0.416615,-3.204463
smids/Normal_Sperm/Normal_Sperm (433).bmp,calib,0,4.543737,-0.241701,-4.706553
smids/Normal_Sperm/Normal_Sperm (45).bmp,calib,0,5.035677,-2.115527,-3.283744
smids/Normal_Sperm/Normal_Sperm (451).bmp,calib,0,4.354376,-0.064197,-3.778481
smids/Normal_Sperm/Normal_Sperm (452).bmp,calib,0,4.749125,0.272281,-5.235026
smids/Normal_Sperm/Normal_Sperm (469).bmp,calib,0,3.761799,4.856911,-8.606244
smids/Normal_Sperm/Normal_Sperm (477).bmp,calib,0,6.871165,-0.295306,-6.262108
smids/Normal_Sperm/Normal_Sperm (484).bmp,calib,0,5.287515,3.851583,-9.342120
smids/Normal_Sperm/Normal_Sperm (488).bmp,calib,0,2.921993,1.291999,-4.233864
smids/Normal_Sperm/Normal_Sperm (517).bmp,calib,0,3.915716,1.182618,-4.571805
smids/Normal_Sperm/Normal_Sperm (519).bmp,calib,0,7.249508,-2.035067,-5.282555
smids/Normal_Sperm/Normal_Sperm (534).bmp,calib,0,0.257042,-0.292975,-0.185043
smids/Normal_Sperm/Normal_Sperm (536).bmp,calib,0,6.861097,1.031667,-7.945548
smids/Normal_Sperm/Normal_Sperm (537).bmp,calib,0,5.401897,0.739734,-6.085938
smids/Normal_Sperm/Normal_Sperm (542).bmp,calib,0,5.401074,2.865855,-7.944156
smids/Normal_Sperm/Normal_Sperm (543).bmp,calib,0,4.758374,4.373941,-8.848661
smids/Normal_Sperm/Normal_Sperm (544).bmp,calib,0,5.983806,1.318893,-6.722413
smids/Normal_Sperm/Normal_Sperm (56).bmp,calib,0,4.663239,1.762406,-6.347362
smids/Normal_Sperm/Normal_Sperm (57).bmp,calib,0,6.930633,1.656950,-8.474493
smids/Normal_Sperm/Normal_Sperm (570).bmp,calib,0,4.223043,1.954666,-5.880200
smids/Normal_Sperm/Normal_Sperm (580).bmp,calib,0,6.336822,-0.745296,-5.174502
smids/Normal_Sperm/Normal_Sperm (581).bmp,calib,0,7.756517,2.371969,-9.750777
smids/Normal_Sperm/Normal_Sperm (584).bmp,calib,0,7.402519,2.094388,-9.116005
smids/Normal_Sperm/Normal_Sperm (597).bmp,calib,0,5.880812,1.316111,-7.175271
smids/Normal_Sperm/Normal_Sperm (609).bmp,calib,0,4.335607,1.398941,-5.049861
smids/Normal_Sperm/Normal_Sperm (612).bmp,calib,0,4.583077,1.617394,-5.693659
smids/Normal_Sperm/Normal_Sperm (616).bmp,calib,0,6.915068,1.128020,-7.654402
smids/Normal_Sperm/Normal_Sperm (619).bmp,calib,0,6.732298,1.028865,-7.115628
smids/Normal_Sperm/Normal_Sperm (621).bmp,calib,0,4.706079,2.179106,-6.691922
smids/Normal_Sperm/Normal_Sperm (625).bmp,calib,0,4.063260,0.535186,-4.456620
smids/Normal_Sperm/Normal_Sperm (63).bmp,calib,0,4.600554,3.656566,-8.270648
smids/Normal_Sperm/Normal_Sperm (630).bmp,calib,0,6.516768,1.974366,-8.326869
smids/Normal_Sperm/Normal_Sperm (637).bmp,calib,0,3.992878,0.890550,-4.988390
smids/Normal_Sperm/Normal_Sperm (638).bmp,calib,0,6.056662,2.358362,-7.958270
smids/Normal_Sperm/Normal_Sperm (645).bmp,calib,0,5.804525,1.262573,-6.761781
smids/Normal_Sperm/Normal_Sperm (646).bmp,calib,0,6.778047,2.099747,-8.649384
smids/Normal_Sperm/Normal_Sperm (652).bmp,calib,0,2.919771,1.253090,-4.071414
smids/Normal_Sperm/Normal_Sperm (659).bmp,calib,0,4.566032,1.793738,-6.761804
smids/Normal_Sperm/Normal_Sperm (68).bmp,calib,0,6.151007,1.467130,-7.685089
smids/Normal_Sperm/Normal_Sperm (685).bmp,calib,0,7.371351,1.598451,-8.721759
smids/Normal_Sperm/Normal_Sperm (687).bmp,calib,0,8.276295,-0.872927,-7.384423
smids/Normal_Sperm/Normal_Sperm (695).bmp,calib,0,6.189470,0.703593,-6.934207
smids/Normal_Sperm/Normal_Sperm (702).bmp,calib,0,8.284717,0.588265,-8.793119
smids/Normal_Sperm/Normal_Sperm (705).bmp,calib,0,4.215357,2.018924,-5.998519
smids/Normal_Sperm/Normal_Sperm (710).bmp,calib,0,3.298717,2.421381,-5.474539
smids/Normal_Sperm/Normal_Sperm (716).bmp,calib,0,0.228762,4.808637,-5.603889
smids/Normal_Sperm/Normal_Sperm (737).bmp,calib,0,11.301722,-0.006274,-10.894910
smids/Normal_Sperm/Normal_Sperm (75).bmp,calib,0,3.160431,-1.272130,-1.890701
smids/Normal_Sperm/Normal_Sperm (757).bmp,calib,0,4.996875,2.501531,-7.426596
smids/Normal_Sperm/Normal_Sperm (758).bmp,calib,0,7.320052,0.177969,-7.203290
smids/Normal_Sperm/Normal_Sperm (760).bmp,calib,0,9.702680,1.780136,-10.969939
smids/Normal_Sperm/Normal_Sperm (767).bmp,calib,0,7.113800,0.438594,-7.239784
smids/Normal_Sperm/Normal_Sperm (771).bmp,calib,0,0.386059,-1.122665,0.701817
smids/Normal_Sperm/Normal_Sperm (777).bmp,calib,0,3.170751,2.210585,-5.161778
smids/Normal_Sperm/Normal_Sperm (784).bmp,calib,0,4.993983,2.149262,-6.877087
smids/Normal_Sperm/Normal_Sperm (790).bmp,calib,0,4.965384,1.134612,-5.581552
smids/Normal_Sperm/Normal_Sperm (801).bmp,calib,0,4.832530,-0.842054,-4.587846
smids/Normal_Sperm/Normal_Sperm (802).bmp,calib,0,0.673266,-1.024500,0.562480
smids/Normal_Sperm/Normal_Sperm (803).bmp,calib,0,4.954372,-0.302241,-4.721881
smids/Normal_Sperm/Normal_Sperm (805).bmp,calib,0,2.985210,-0.862475,-1.626500
smids/Normal_Sperm/Normal_Sperm (811).bmp,calib,0,1.010533,-1.101086,-0.109722
smids/Normal_Sperm/Normal_Sperm (816).bmp,calib,0,2.194290,2.159467,-4.662626
smids/Normal_Sperm/Normal_Sperm (823).bmp,calib,0,4.917243,0.109408,-4.709655
smids/Normal_Sperm/Normal_Sperm (827).bmp,calib,0,5.643998,-0.865560,-4.964175
smids/Normal_Sperm/Normal_Sperm (840).bmp,calib,0,5.143218,2.317592,-7.107147
smids/Normal_Sperm/Normal_Sperm (841).bmp,calib,0,8.201249,1.978691,-9.786008
smids/Normal_Sperm/Normal_Sperm (846).bmp,calib,0,9.073863,2.090131,-10.790150
smids/Normal_Sperm/Normal_Sperm (848).bmp,calib,0,8.065242,2.818239,-10.438513
smids/Normal_Sperm/Normal_Sperm (85).bmp,calib,0,3.379574,2.815336,-6.182977
smids/Normal_Sperm/Normal_Sperm (852).bmp,calib,0,4.726777,3.452701,-7.498970
smids/Normal_Sperm/Normal_Sperm (86).bmp,calib,0,2.719852,3.487911,-6.253219
smids/Normal_Sperm/Normal_Sperm (861).bmp,calib,0,3.822194,-0.068247,-3.587467
smids/Normal_Sperm/Normal_Sperm (864).bmp,calib,0,4.709893,0.226470,-5.182542
smids/Normal_Sperm/Normal_Sperm (868).bmp,calib,0,5.062883,1.084916,-5.989799
smids/Normal_Sperm/Normal_Sperm (872).bmp,calib,0,4.361030,1.053357,-5.253696
smids/Normal_Sperm/Normal_Sperm (874).bmp,calib,0,0.329511,0.326389,-0.518244
smids/Normal_Sperm/Normal_Sperm (884).bmp,calib,0,4.528390,4.280207,-8.694017
smids/Normal_Sperm/Normal_Sperm (891).bmp,calib,0,1.554783,0.899224,-2.429304
smids/Normal_Sperm/Normal_Sperm (896).bmp,calib,0,3.012224,1.816115,-4.418617
smids/Normal_Sperm/Normal_Sperm (897).bmp,calib,0,2.512865,2.395281,-5.045822
smids/Normal_Sperm/Normal_Sperm (898).bmp,calib,0,8.332768,2.701459,-10.315040
smids/Normal_Sperm/Normal_Sperm (900).bmp,calib,0,2.615079,0.172550,-2.585685
smids/Normal_Sperm/Normal_Sperm (908).bmp,calib,0,4.334201,3.613946,-7.823362
smids/Normal_Sperm/Normal_Sperm (915).bmp,calib,0,4.144245,-0.468612,-3.318110
smids/Normal_Sperm/Normal_Sperm (918).bmp,calib,0,5.057065,4.160915,-8.779449
smids/Normal_Sperm/Normal_Sperm (92).bmp,calib,0,5.912891,-0.324085,-5.595649
smids/Normal_Sperm/Normal_Sperm (922).bmp,calib,0,4.434956,4.107651,-8.106224
smids/Normal_Sperm/Normal_Sperm (924).bmp,calib,0,8.492130,3.125743,-11.068855
smids/Normal_Sperm/Normal_Sperm (932).bmp,calib,0,6.920885,3.379926,-10.043159
smids/Normal_Sperm/Normal_Sperm (94).bmp,calib,0,4.150693,1.147731,-4.997307
smids/Normal_Sperm/Normal_Sperm (942).bmp,calib,0,7.180763,0.354075,-7.225925
smids/Normal_Sperm/Normal_Sperm (944).bmp,calib,0,3.953545,2.164744,-5.801482
smids/Normal_Sperm/Normal_Sperm (957).bmp,calib,0,2.036154,3.773015,-5.246277
smids/Normal_Sperm/Normal_Sperm (96).bmp,calib,0,-1.005139,0.913578,0.221981
smids/Normal_Sperm/Normal_Sperm (961).bmp,calib,0,0.481744,4.525361,-4.998668
smids/Normal_Sperm/Normal_Sperm (966).bmp,calib,0,5.135852,3.331969,-7.952821
smids/Normal_Sperm/Normal_Sperm (970).bmp,calib,0,7.013501,2.016727,-8.859721
smids/Normal_Sperm/Normal_Sperm (976).bmp,calib,0,9.151113,-0.328154,-8.572833
smids/Normal_Sperm/Normal_Sperm (998).bmp,calib,0,5.003759,0.067950,-5.053646
smids/Abnormal_Sperm/Abnormal_Sperm (1004).bmp,test,1,-1.531876,5.404868,-3.700662
smids/Abnormal_Sperm/Abnormal_Sperm (102).bmp,test,1,-2.827049,6.393340,-3.900798
smids/Abnormal_Sperm/Abnormal_Sperm (103).bmp,test,1,-5.880414,6.109255,-0.582967
smids/Abnormal_Sperm/Abnormal_Sperm (108).bmp,test,1,2.050246,4.504210,-5.896966
smids/Abnormal_Sperm/Abnormal_Sperm (110).bmp,test,1,-7.172453,4.838935,3.365086
smids/Abnormal_Sperm/Abnormal_Sperm (112).bmp,test,1,-3.524058,6.122929,-2.930597
smids/Abnormal_Sperm/Abnormal_Sperm (12).bmp,test,1,3.310780,4.130480,-7.501091
smids/Abnormal_Sperm/Abnormal_Sperm (120).bmp,test,1,-0.588239,6.227277,-5.748960
smids/Abnormal_Sperm/Abnormal_Sperm (129).bmp,test,1,-4.963545,4.428196,0.311398
smids/Abnormal_Sperm/Abnormal_Sperm (13).bmp,test,1,-3.755507,-0.452597,3.770374
smids/Abnormal_Sperm/Abnormal_Sperm (143).bmp,test,1,-0.948314,4.238318,-3.517168
smids/Abnormal_Sperm/Abnormal_Sperm (148).bmp,test,1,-0.735188,3.781878,-2.915537
smids/Abnormal_Sperm/Abnormal_Sperm (151).bmp,test,1,-4.541621,4.469879,-0.010436
smids/Abnormal_Sperm/Abnormal_Sperm (158).bmp,test,1,-4.033920,5.248796,-1.237295
smids/Abnormal_Sperm/Abnormal_Sperm (16).bmp,test,1,4.373648,4.612290,-8.657538
smids/Abnormal_Sperm/Abnormal_Sperm (17).bmp,test,1,-1.452421,3.862501,-1.992329
smids/Abnormal_Sperm/Abnormal_Sperm (172).bmp,test,1,-0.501721,6.852588,-6.682436
smids/Abnormal_Sperm/Abnormal_Sperm (174).bmp,test,1,-3.277683,6.995823,-4.233720
smids/Abnormal_Sperm/Abnormal_Sperm (179).bmp,test,1,2.247229,4.765110,-6.482978
smids/Abnormal_Sperm/Abnormal_Sperm (191).bmp,test,1,1.228100,4.308342,-5.436736
smids/Abnormal_Sperm/Abnormal_Sperm (195).bmp,test,1,-1.223041,4.336503,-3.167124
smids/Abnormal_Sperm/Abnormal_Sperm (196).bmp,test,1,0.467331,3.474101,-4.023445
smids/Abnormal_Sperm/Abnormal_Sperm (199).bmp,test,1,-1.348404,7.102592,-5.907955
smids/Abnormal_Sperm/Abnormal_Sperm (216).bmp,test,1,0.534535,5.007181,-5.769214
smids/Abnormal_Sperm/Abnormal_Sperm (217).bmp,test,1,-0.650530,7.895680,-6.929692
smids/Abnormal_Sperm/Abnormal_Sperm (221).bmp,test,1,0.965592,5.394215,-6.062068
smids/Abnormal_Sperm/Abnormal_Sperm (222).bmp,test,1,-2.364510,5.174249,-2.325801
smids/Abnormal_Sperm/Abnormal_Sperm (223).bmp,test,1,-5.023575,4.025474,0.660649
smids/Abnormal_Sperm/Abnormal_Sperm (23).bmp,test,1,-0.071984,2.571421,-2.342913
smids/Abnormal_Sperm/Abnormal_Sperm (233).bmp,test,1,-4.549736,4.318417,0.024018
smids/Abnormal_Sperm/Abnormal_Sperm (235).bmp,test,1,-4.777704,5.892478,-1.200285
smids/Abnormal_Sperm/Abnormal_Sperm (241).bmp,test,1,-2.576318,5.538097,-2.620126
smids/Abnormal_Sperm/Abnormal_Sperm (243).bmp,test,1,-6.468076,0.897440,5.221705
smids/Abnormal_Sperm/Abnormal_Sperm (248).bmp,test,1,0.848832,7.092921,-7.941844
smids/Abnormal_Sperm/Abnormal_Sperm (251).bmp,test,1,-0.368333,6.707280,-6.191055
smids/Abnormal_Sperm/Abnormal_Sperm (257).bmp,test,1,-0.338906,7.485262,-6.638559
smids/Abnormal_Sperm/Abnormal_Sperm (259).bmp,test,1,-2.122543,4.528285,-2.226363
smids/Abnormal_Sperm/Abnormal_Sperm (265).bmp,test,1,-1.814350,3.770152,-1.737761
smids/Abnormal_Sperm/Abnormal_Sperm (266).bmp,test,1,-0.170835,4.109630,-3.713736
smids/Abnormal_Sperm/Abnormal_Sperm (276).bmp,test,1,-1.747850,7.593664,-5.684489
smids/Abnormal_Sperm/Abnormal_Sperm (280).bmp,test,1,1.954853,6.086154,-7.642072
smids/Abnormal_Sperm/Abnormal_Sperm (288).bmp,test,1,-5.463368,4.548370,0.272897
smids/Abnormal_Sperm/Abnormal_Sperm (296).bmp,test,1,-2.436502,6.084812,-3.582931
smids/Abnormal_Sperm/Abnormal_Sperm (300).bmp,test,1,0.821055,6.180881,-7.218077
smids/Abnormal_Sperm/Abnormal_Sperm (303).bmp,test,1,-0.860808,4.964745,-4.474349
smids/Abnormal_Sperm/Abnormal_Sperm (307).bmp,test,1,-1.625965,5.015532,-3.038692
smids/Abnormal_Sperm/Abnormal_Sperm (309).bmp,test,1,-0.160565,4.939499,-4.878842
smids/Abnormal_Sperm/Abnormal_Sperm (31).bmp,test,1,-1.590695,3.546481,-1.993439
smids/Abnormal_Sperm/Abnormal_Sperm (311).bmp,test,1,-0.117931,3.683769,-4.396012
smids/Abnormal_Sperm/Abnormal_Sperm (313).bmp,test,1,-1.586346,-0.397888,2.366417
smids/Abnormal_Sperm/Abnormal_Sperm (315).bmp,test,1,-5.091589,5.506912,-0.801607
smids/Abnormal_Sperm/Abnormal_Sperm (316).bmp,test,1,-3.162682,6.600279,-3.619004
smids/Abnormal_Sperm/Abnormal_Sperm (337).bmp,test,1,-2.650299,6.461655,-4.166262
smids/Abnormal_Sperm/Abnormal_Sperm (345).bmp,test,1,-0.150400,5.225547,-5.494555
smids/Abnormal_Sperm/Abnormal_Sperm (347).bmp,test,1,-1.814332,7.765254,-5.924901
smids/Abnormal_Sperm/Abnormal_Sperm (349).bmp,test,1,-3.638116,5.282034,-1.881137
smids/Abnormal_Sperm/Abnormal_Sperm (350).bmp,test,1,-2.394515,5.798794,-3.266085
smids/Abnormal_Sperm/Abnormal_Sperm (354).bmp,test,1,-0.488031,7.836563,-7.662015
smids/Abnormal_Sperm/Abnormal_Sperm (359).bmp,test,1,-3.653727,7.032538,-3.057633
smids/Abnormal_Sperm/Abnormal_Sperm (362).bmp,test,1,-1.414080,5.309713,-3.898464
smids/Abnormal_Sperm/Abnormal_Sperm (363).bmp,test,1,-1.995276,6.814789,-4.818469
smids/Abnormal_Sperm/Abnormal_Sperm (368).bmp,test,1,-6.228433,3.132205,2.835120
smids/Abnormal_Sperm/Abnormal_Sperm (369).bmp,test,1,-0.763098,8.626280,-8.492127
smids/Abnormal_Sperm/Abnormal_Sperm (375).bmp,test,1,-0.504024,5.879132,-5.426085
smids/Abnormal_Sperm/Abnormal_Sperm (378).bmp,test,1,1.857307,5.524668,-7.481551
smids/Abnormal_Sperm/Abnormal_Sperm (384).bmp,test,1,-3.502232,5.538854,-2.459840
smids/Abnormal_Sperm/Abnormal_Sperm (385).bmp,test,1,0.887101,6.717958,-7.681479
smids/Abnormal_Sperm/Abnormal_Sperm (387).bmp,test,1,2.222010,9.163572,-11.621131
smids/Abnormal_Sperm/Abnormal_Sperm (389).bmp,test,1,-1.042840,6.228652,-5.087903
smids/Abnormal_Sperm/Abnormal_Sperm (4).bmp,test,1,-0.102445,0.254388,-0.597724
smids/Abnormal_Sperm/Abnormal_Sperm (402).bmp,test,1,-5.827663,7.557953,-1.398712
smids/Abnormal_Sperm/Abnormal_Sperm (410).bmp,test,1,-1.770683,5.258107,-3.930488
smids/Abnormal_Sperm/Abnormal_Sperm (414).bmp,test,1,1.309562,4.066803,-5.581357
smids/Abnormal_Sperm/Abnormal_Sperm (419).bmp,test,1,-2.621948,4.518670,-1.929377
smids/Abnormal_Sperm/Abnormal_Sperm (420).bmp,test,1,-3.423676,7.393890,-3.756617
smids/Abnormal_Sperm/Abnormal_Sperm (423).bmp,test,1,-3.887920,5.416928,-1.975442
smids/Abnormal_Sperm/Abnormal_Sperm (425).bmp,test,1,0.075716,6.286693,-6.338584
smids/Abnormal_Sperm/Abnormal_Sperm (429).bmp,test,1,-4.766150,7.170892,-2.658467
smids/Abnormal_Sperm/Abnormal_Sperm (432).bmp,test,1,-5.585309,5.678374,-0.555855
smids/Abnormal_Sperm/Abnormal_Sperm (453).bmp,test,1,0.552927,5.233670,-5.676685
smids/Abnormal_Sperm/Abnormal_Sperm (455).bmp,test,1,-5.713712,4.769094,0.526030
smids/Abnormal_Sperm/Abnormal_Sperm (459).bmp,test,1,-1.725606,7.631429,-5.684086
smids/Abnormal_Sperm/Abnormal_Sperm (464).bmp,test,1,1.244069,8.174578,-9.154141
smids/Abnormal_Sperm/Abnormal_Sperm (472).bmp,test,1,-3.207558,7.869859,-4.091798
smids/Abnormal_Sperm/Abnormal_Sperm (474).bmp,test,1,-3.263655,4.442489,-1.205252
smids/Abnormal_Sperm/Abnormal_Sperm (475).bmp,test,1,-3.427931,-0.382764,3.322135
smids/Abnormal_Sperm/Abnormal_Sperm (479).bmp,test,1,-4.354268,0.822600,3.135847
smids/Abnormal_Sperm/Abnormal_Sperm (485).bmp,test,1,-2.863689,7.847570,-5.025065
smids/Abnormal_Sperm/Abnormal_Sperm (488).bmp,test,1,-6.225481,1.386548,4.913513
smids/Abnormal_Sperm/Abnormal_Sperm (493).bmp,test,1,-3.122504,0.919171,1.495648
smids/Abnormal_Sperm/Abnormal_Sperm (500).bmp,test,1,2.525720,-3.501809,0.540444
smids/Abnormal_Sperm/Abnormal_Sperm (502).bmp,test,1,-1.611624,2.938789,-1.790031
smids/Abnormal_Sperm/Abnormal_Sperm (505).bmp,test,1,-3.260175,1.782012,1.513869
smids/Abnormal_Sperm/Abnormal_Sperm (510).bmp,test,1,-2.244880,3.131628,-1.267655
smids/Abnormal_Sperm/Abnormal_Sperm (511).bmp,test,1,2.299885,2.270663,-4.433965
smids/Abnormal_Sperm/Abnormal_Sperm (518).bmp,test,1,-0.579218,8.311643,-7.714203
smids/Abnormal_Sperm/Abnormal_Sperm (521).bmp,test,1,-3.042692,5.295331,-2.189110
smids/Abnormal_Sperm/Abnormal_Sperm (527).bmp,test,1,2.239753,2.825553,-5.237022
smids/Abnormal_Sperm/Abnormal_Sperm (528).bmp,test,1,-0.767906,3.827416,-3.104944
smids/Abnormal_Sperm/Abnormal_Sperm (534).bmp,test,1,0.077555,3.828943,-3.436026
smids/Abnormal_Sperm/Abnormal_Sperm (542).bmp,test,1,3.813678,5.630364,-8.920812
smids/Abnormal_Sperm/Abnormal_Sperm (546).bmp,test,1,5.687081,6.707294,-11.962811
smids/Abnormal_Sperm/Abnormal_Sperm (550).bmp,test,1,-2.027128,4.602143,-2.541770
smids/Abnormal_Sperm/Abnormal_Sperm (552).bmp,test,1,8.084815,3.310720,-11.248011
smids/Abnormal_Sperm/Abnormal_Sperm (556).bmp,test,1,-0.670728,5.692807,-5.092555
smids/Abnormal_Sperm/Abnormal_Sperm (563).bmp,test,1,-1.866735,6.525316,-4.893063
smids/Abnormal_Sperm/Abnormal_Sperm (568).bmp,test,1,-1.590681,2.264849,-0.370451
smids/Abnormal_Sperm/Abnormal_Sperm (57).bmp,test,1,-2.233258,6.555300,-4.309381
smids/Abnormal_Sperm/Abnormal_Sperm (579).bmp,test,1,2.957340,4.123281,-6.713981
smids/Abnormal_Sperm/Abnormal_Sperm (594).bmp,test,1,2.707220,2.982997,-5.845779
smids/Abnormal_Sperm/Abnormal_Sperm (595).bmp,test,1,0.705423,2.353835,-2.742279
smids/Abnormal_Sperm/Abnormal_Sperm (597).bmp,test,1,0.116401,3.563561,-3.366568
smids/Abnormal_Sperm/Abnormal_Sperm (600).bmp,test,1,4.341084,1.759806,-5.563902
smids/Abnormal_Sperm/Abnormal_Sperm (609).bmp,test,1,0.451948,-0.650031,-0.286384
smids/Abnormal_Sperm/Abnormal_Sperm (616).bmp,test,1,1.795305,2.070062,-3.539038
smids/Abnormal_Sperm/Abnormal_Sperm (631).bmp,test,1,-1.027221,3.458498,-2.368761
smids/Abnormal_Sperm/Abnormal_Sperm (634).bmp,test,1,-1.894507,7.250696,-5.553134
smids/Abnormal_Sperm/Abnormal_Sperm (643).bmp,test,1,0.855156,4.631297,-5.227414
smids/Abnormal_Sperm/Abnormal_Sperm (648).bmp,test,1,-1.780790,1.972973,0.143221
smids/Abnormal_Sperm/Abnormal_Sperm (67).bmp,test,1,-5.277672,3.750394,1.425956
smids/Abnormal_Sperm/Abnormal_Sperm (679).bmp,test,1,-1.479930,5.113884,-3.917657
smids/Abnormal_Sperm/Abnormal_Sperm (680).bmp,test,1,-1.369313,3.682013,-2.251873
smids/Abnormal_Sperm/Abnormal_Sperm (684).bmp,test,1,-1.337846,5.600065,-4.527481
smids/Abnormal_Sperm/Abnormal_Sperm (686).bmp,test,1,2.013849,3.268135,-4.942208
smids/Abnormal_Sperm/Abnormal_Sperm (687).bmp,test,1,-1.948200,2.999892,-0.770470
smids/Abnormal_Sperm/Abnormal_Sperm (689).bmp,test,1,-0.952752,4.394604,-3.638248
smids/Abnormal_Sperm/Abnormal_Sperm (69).bmp,test,1,0.229456,6.197697,-6.232333
smids/Abnormal_Sperm/Abnormal_Sperm (693).bmp,test,1,-1.522400,3.530349,-1.801792
smids/Abnormal_Sperm/Abnormal_Sperm (696).bmp,test,1,1.656792,3.337267,-5.071670
smids/Abnormal_Sperm/Abnormal_Sperm (71).bmp,test,1,-6.393785,4.636597,1.347481
smids/Abnormal_Sperm/Abnormal_Sperm (711).bmp,test,1,-0.333415,4.962956,-4.177650
smids/Abnormal_Sperm/Abnormal_Sperm (717).bmp,test,1,1.323593,2.760196,-3.579052
smids/Abnormal_Sperm/Abnormal_Sperm (720).bmp,test,1,0.816584,3.960858,-4.409822
smids/Abnormal_Sperm/Abnormal_Sperm (732).bmp,test,1,-1.975749,3.656663,-1.866879
smids/Abnormal_Sperm/Abnormal_Sperm (736).bmp,test,1,0.151661,5.181244,-4.678265
smids/Abnormal_Sperm/Abnormal_Sperm (747).bmp,test,1,1.541645,4.270637,-5.509826
smids/Abnormal_Sperm/Abnormal_Sperm (750).bmp,test,1,3.302089,6.360682,-9.009629
smids/Abnormal_Sperm/Abnormal_Sperm (752).bmp,test,1,3.659306,3.608794,-6.944266
smids/Abnormal_Sperm/Abnormal_Sperm (754).bmp,test,1,-0.270103,3.290769,-2.551507
smids/Abnormal_Sperm/Abnormal_Sperm (756).bmp,test,1,0.206459,2.085063,-2.289740
smids/Abnormal_Sperm/Abnormal_Sperm (759).bmp,test,1,-0.290134,3.726139,-3.141134
smids/Abnormal_Sperm/Abnormal_Sperm (765).bmp,test,1,-2.730411,6.155523,-3.448153
smids/Abnormal_Sperm/Abnormal_Sperm (774).bmp,test,1,4.475251,-0.724095,-3.839633
smids/Abnormal_Sperm/Abnormal_Sperm (775).bmp,test,1,0.033683,5.395479,-5.117539
smids/Abnormal_Sperm/Abnormal_Sperm (795).bmp,test,1,4.322621,3.707836,-7.404977
smids/Abnormal_Sperm/Abnormal_Sperm (799).bmp,test,1,1.376593,2.408520,-3.142916
smids/Abnormal_Sperm/Abnormal_Sperm (800).bmp,test,1,1.272448,4.361835,-5.291209
smids/Abnormal_Sperm/Abnormal_Sperm (801).bmp,test,1,3.773545,2.312141,-6.481037
smids/Abnormal_Sperm/Abnormal_Sperm (804).bmp,test,1,1.037199,7.552247,-8.276358
smids/Abnormal_Sperm/Abnormal_Sperm (805).bmp,test,1,-0.451670,4.118143,-3.393076
smids/Abnormal_Sperm/Abnormal_Sperm (81).bmp,test,1,2.710300,5.620328,-8.401777
smids/Abnormal_Sperm/Abnormal_Sperm (810).bmp,test,1,5.263416,2.072566,-7.233559
smids/Abnormal_Sperm/Abnormal_Sperm (818).bmp,test,1,1.269232,3.016070,-3.933822
smids/Abnormal_Sperm/Abnormal_Sperm (829).bmp,test,1,-2.617696,3.052612,-0.465078
smids/Abnormal_Sperm/Abnormal_Sperm (838).bmp,test,1,4.632427,3.339555,-7.835222
smids/Abnormal_Sperm/Abnormal_Sperm (841).bmp,test,1,0.436683,5.587603,-5.616955
smids/Abnormal_Sperm/Abnormal_Sperm (847).bmp,test,1,1.416885,6.552184,-7.567510
smids/Abnormal_Sperm/Abnormal_Sperm (863).bmp,test,1,-3.061233,5.948770,-2.582309
smids/Abnormal_Sperm/Abnormal_Sperm (865).bmp,test,1,2.023576,4.100389,-5.884547
smids/Abnormal_Sperm/Abnormal_Sperm (879).bmp,test,1,-1.281988,6.818461,-5.496885
smids/Abnormal_Sperm/Abnormal_Sperm (88).bmp,test,1,-5.595910,5.028572,0.262260
smids/Abnormal_Sperm/Abnormal_Sperm (883).bmp,test,1,2.123110,5.754359,-7.592574
smids/Abnormal_Sperm/Abnormal_Sperm (886).bmp,test,1,-0.242392,3.535286,-2.961925
smids/Abnormal_Sperm/Abnormal_Sperm (892).bmp,test,1,4.291942,5.247141,-9.007769
smids/Abnormal_Sperm/Abnormal_Sperm (896).bmp,test,1,2.881356,2.328197,-5.017964
smids/Abnormal_Sperm/Abnormal_Sperm (898).bmp,test,1,2.556997,5.596626,-8.109753
smids/Abnormal_Sperm/Abnormal_Sperm (903).bmp,test,1,3.284514,2.768184,-6.081149
smids/Abnormal_Sperm/Abnormal_Sperm (907).bmp,test,1,1.595551,0.934920,-2.557475
smids/Abnormal_Sperm/Abnormal_Sperm (91).bmp,test,1,-2.237998,6.389266,-4.281693
smids/Abnormal_Sperm/Abnormal_Sperm (911).bmp,test,1,4.334913,4.309289,-8.235995
smids/Abnormal_Sperm/Abnormal_Sperm (919).bmp,test,1,-0.020651,0.751028,-0.588451
smids/Abnormal_Sperm/Abnormal_Sperm (927).bmp,test,1,2.327189,4.055875,-6.246442
smids/Abnormal_Sperm/Abnormal_Sperm (929).bmp,test,1,-0.018099,1.512768,-1.424408
smids/Abnormal_Sperm/Abnormal_Sperm (930).bmp,test,1,3.702386,0.769762,-4.422420
smids/Abnormal_Sperm/Abnormal_Sperm (934).bmp,test,1,2.942822,3.449713,-6.230238
smids/Abnormal_Sperm/Abnormal_Sperm (938).bmp,test,1,-2.025944,1.105721,0.530939
smids/Abnormal_Sperm/Abnormal_Sperm (943).bmp,test,1,-1.313209,0.855456,0.620725
smids/Abnormal_Sperm/Abnormal_Sperm (945).bmp,test,1,-1.492201,4.103909,-2.468120
smids/Abnormal_Sperm/Abnormal_Sperm (947).bmp,test,1,1.494561,5.186403,-6.549468
smids/Abnormal_Sperm/Abnormal_Sperm (958).bmp,test,1,-4.268506,4.089000,0.250480
smids/Abnormal_Sperm/Abnormal_Sperm (959).bmp,test,1,1.390609,3.970112,-5.024072
smids/Abnormal_Sperm/Abnormal_Sperm (960).bmp,test,1,-0.439396,3.703449,-2.992562
smids/Abnormal_Sperm/Abnormal_Sperm (962).bmp,test,1,-6.045943,3.235015,2.988995
smids/Abnormal_Sperm/Abnormal_Sperm (967).bmp,test,1,-5.076052,6.945807,-2.127460
smids/Abnormal_Sperm/Abnormal_Sperm (968).bmp,test,1,-3.337844,7.910657,-4.364853
smids/Abnormal_Sperm/Abnormal_Sperm (973).bmp,test,1,-0.799675,5.827003,-4.542978
smids/Abnormal_Sperm/Abnormal_Sperm (974).bmp,test,1,-1.946314,5.128148,-3.122537
smids/Abnormal_Sperm/Abnormal_Sperm (981).bmp,test,1,-0.109927,4.203477,-4.174462
smids/Abnormal_Sperm/Abnormal_Sperm (982).bmp,test,1,-1.930976,3.900164,-1.655173
smids/Abnormal_Sperm/Abnormal_Sperm (984).bmp,test,1,0.779099,7.018764,-7.659301
smids/Abnormal_Sperm/Abnormal_Sperm (986).bmp,test,1,-3.722139,3.461100,0.437703
smids/Abnormal_Sperm/Abnormal_Sperm (989).bmp,test,1,-1.523672,6.597469,-5.248024
smids/Abnormal_Sperm/Abnormal_Sperm (99).bmp,test,1,4.537580,5.683930,-10.273300
smids/Abnormal_Sperm/Abnormal_Sperm (992).bmp,test,1,-2.195467,5.111988,-3.044613
smids/Non-Sperm/Non-Sperm (101).bmp,test,2,-5.905930,-4.248857,9.504731
smids/Non-Sperm/Non-Sperm (103).bmp,test,2,-4.184978,-2.058834,6.325318
smids/Non-Sperm/Non-Sperm (114).bmp,test,2,-4.777992,-5.451522,9.692705
smids/Non-Sperm/Non-Sperm (116).bmp,test,2,-4.681259,-6.285607,10.301816
smids/Non-Sperm/Non-Sperm (123).bmp,test,2,-6.734427,-1.401551,7.566444
smids/Non-Sperm/Non-Sperm (124).bmp,test,2,-3.703324,-6.844952,10.042300
smids/Non-Sperm/Non-Sperm (128).bmp,test,2,-6.822112,-2.618595,8.852715
smids/Non-Sperm/Non-Sperm (134).bmp,test,2,-6.047391,-3.505235,8.922526
smids/Non-Sperm/Non-Sperm (14).bmp,test,2,-5.482808,-4.423207,8.733179
smids/Non-Sperm/Non-Sperm (142).bmp,test,2,-3.134512,-4.122606,6.900272
smids/Non-Sperm/Non-Sperm (15).bmp,test,2,-2.289023,-1.036937,3.404005
smids/Non-Sperm/Non-Sperm (151).bmp,test,2,-3.354364,-4.032761,6.784657
smids/Non-Sperm/Non-Sperm (176).bmp,test,2,-6.841412,0.008391,6.554751
smids/Non-Sperm/Non-Sperm (194).bmp,test,2,-5.681393,-3.425749,8.566485
smids/Non-Sperm/Non-Sperm (195).bmp,test,2,-1.711708,0.621137,1.170643
smids/Non-Sperm/Non-Sperm (199).bmp,test,2,-4.885263,-4.809690,8.402645
smids/Non-Sperm/Non-Sperm (201).bmp,test,2,-5.364280,-4.400148,8.883506
smids/Non-Sperm/Non-Sperm (207).bmp,test,2,-5.355840,-1.396364,6.376985
smids/Non-Sperm/Non-Sperm (208).bmp,test,2,-5.495953,0.825949,4.636872
smids/Non-Sperm/Non-Sperm (21).bmp,test,2,-7.161593,-0.235690,6.560935
smids/Non-Sperm/Non-Sperm (210).bmp,test,2,-4.485638,-4.555303,8.685392
smids/Non-Sperm/Non-Sperm (218).bmp,test,2,-3.783830,-2.140319,5.452221
smids/Non-Sperm/Non-Sperm (225).bmp,test,2,-6.062541,-2.655345,7.657299
smids/Non-Sperm/Non-Sperm (227).bmp,test,2,-3.722425,-3.877349,6.980805
smids/Non-Sperm/Non-Sperm (228).bmp,test,2,-3.432962,-4.514489,7.349956
smids/Non-Sperm/Non-Sperm (23).bmp,test,2,-1.757556,1.848595,-0.064232
smids/Non-Sperm/Non-Sperm (242).bmp,test,2,-2.859198,-3.269386,5.439515
smids/Non-Sperm/Non-Sperm (246).bmp,test,2,-3.854290,-5.219958,8.286854
smids/Non-Sperm/Non-Sperm (247).bmp,test,2,-5.185391,-4.660220,9.251491
smids/Non-Sperm/Non-Sperm (251).bmp,test,2,-4.898384,-5.063990,9.055176
smids/Non-Sperm/Non-Sperm (252).bmp,test,2,-2.573098,-4.958380,6.811183
smids/Non-Sperm/Non-Sperm (26).bmp,test,2,-4.309730,4.191408,0.519733
smids/Non-Sperm/Non-Sperm (262).bmp,test,2,-4.411124,-7.114461,11.031767
smids/Non-Sperm/Non-Sperm (269).bmp,test,2,-2.417185,-3.628994,5.361392
smids/Non-Sperm/Non-Sperm (272).bmp,test,2,-3.078973,-4.089484,6.702443
smids/Non-Sperm/Non-Sperm (275).bmp,test,2,-1.950873,-4.829045,6.418044
smids/Non-Sperm/Non-Sperm (277).bmp,test,2,-3.328366,-3.944791,6.890810
smids/Non-Sperm/Non-Sperm (283).bmp,test,2,-4.019961,-6.107991,9.299909
smids/Non-Sperm/Non-Sperm (285).bmp,test,2,-4.813651,-3.679002,7.629152
smids/Non-Sperm/Non-Sperm (286).bmp,test,2,-4.221241,-5.573709,9.187470
smids/Non-Sperm/Non-Sperm (287).bmp,test,2,-1.329671,-3.545194,3.859233
smids/Non-Sperm/Non-Sperm (290).bmp,test,2,-3.672888,-5.509190,8.356029
smids/Non-Sperm/Non-Sperm (295).bmp,test,2,-4.752402,-4.019560,8.263642
smids/Non-Sperm/Non-Sperm (3).bmp,test,2,-6.412667,0.672558,5.574782
smids/Non-Sperm/Non-Sperm (306).bmp,test,2,-3.810470,-3.989922,6.951174
smids/Non-Sperm/Non-Sperm (311).bmp,test,2,-3.367264,-4.860118,7.655796
smids/Non-Sperm/Non-Sperm (314).bmp,test,2,-2.648559,-3.977707,6.224326
smids/Non-Sperm/Non-Sperm (320).bmp,test,2,-3.465943,-4.491801,7.526462
smids/Non-Sperm/Non-Sperm (328).bmp,test,2,-6.279812,-4.606191,10.125163
smids/Non-Sperm/Non-Sperm (333).bmp,test,2,0.614762,-2.513472,1.635165
smids/Non-Sperm/Non-Sperm (34).bmp,test,2,-1.891415,-1.274150,2.738042
smids/Non-Sperm/Non-Sperm (36).bmp,test,2,-0.981164,0.611005,0.155967
smids/Non-Sperm/Non-Sperm (369).bmp,test,2,-0.902256,-2.851796,3.343837
smids/Non-Sperm/Non-Sperm (370).bmp,test,2,-5.552358,1.535215,3.644894
smids/Non-Sperm/Non-Sperm (371).bmp,test,2,-4.765356,-3.868742,7.849279
smids/Non-Sperm/Non-Sperm (38).bmp,test,2,-1.202503,-1.272090,1.908471
smids/Non-Sperm/Non-Sperm (382).bmp,test,2,-3.495323,-4.831170,7.235888
smids/Non-Sperm/Non-Sperm (383).bmp,test,2,-5.250051,-1.021975,6.185406
smids/Non-Sperm/Non-Sperm (387).bmp,test,2,-3.050883,-4.154615,6.545447
smids/Non-Sperm/Non-Sperm (388).bmp,test,2,-2.274248,-4.485294,6.297179
smids/Non-Sperm/Non-Sperm (392).bmp,test,2,-4.351712,-1.565168,5.544440
smids/Non-Sperm/Non-Sperm (393).bmp,test,2,-3.664784,-6.339980,9.104583
smids/Non-Sperm/Non-Sperm (4).bmp,test,2,-5.474037,2.861672,2.330173
smids/Non-Sperm/Non-Sperm (40).bmp,test,2,-6.580948,0.770999,5.770090
smids/Non-Sperm/Non-Sperm (400).bmp,test,2,-3.713521,-4.881733,7.514443
smids/Non-Sperm/Non-Sperm (405).bmp,test,2,-1.709080,-2.982627,4.098642
smids/Non-Sperm/Non-Sperm (408).bmp,test,2,-4.380500,-5.034783,8.454571
smids/Non-Sperm/Non-Sperm (411).bmp,test,2,-3.514453,-6.175434,8.552665
smids/Non-Sperm/Non-Sperm (421).bmp,test,2,-2.261607,-5.892739,7.569995
smids/Non-Sperm/Non-Sperm (424).bmp,test,2,-4.814944,-6.179768,9.967152
smids/Non-Sperm/Non-Sperm (428).bmp,test,2,-6.057789,-4.526601,9.728999
smids/Non-Sperm/Non-Sperm (433).bmp,test,2,-5.510290,-5.982460,10.545589
smids/Non-Sperm/Non-Sperm (435).bmp,test,2,-6.094387,-5.008264,9.844408
smids/Non-Sperm/Non-Sperm (438).bmp,test,2,-2.702904,-4.591959,6.500944
smids/Non-Sperm/Non-Sperm (442).bmp,test,2,-7.974452,-5.445303,12.651516
smids/Non-Sperm/Non-Sperm (445).bmp,test,2,-2.744242,-7.750921,9.412387
smids/Non-Sperm/Non-Sperm (451).bmp,test,2,-5.496635,-3.881201,8.368950
smids/Non-Sperm/Non-Sperm (455).bmp,test,2,-4.013882,-4.814238,8.188212
smids/Non-Sperm/Non-Sperm (457).bmp,test,2,-3.816366,-5.782287,8.962577
smids/Non-Sperm/Non-Sperm (461).bmp,test,2,-2.237611,-3.131814,4.972846
smids/Non-Sperm/Non-Sperm (468).bmp,test,2,-3.239631,-4.680593,7.323279
smids/Non-Sperm/Non-Sperm (481).bmp,test,2,-3.259647,-6.595108,9.266159
smids/Non-Sperm/Non-Sperm (487).bmp,test,2,-5.574744,-3.876881,9.277591
smids/Non-Sperm/Non-Sperm (489).bmp,test,2,-4.173167,-2.932689,6.647760
smids/Non-Sperm/Non-Sperm (494).bmp,test,2,-2.516317,-7.549528,9.144744
smids/Non-Sperm/Non-Sperm (495).bmp,test,2,-3.059695,-4.852219,7.759346
smids/Non-Sperm/Non-Sperm (506).bmp,test,2,-6.187585,-2.876000,8.768358
smids/Non-Sperm/Non-Sperm (508).bmp,test,2,-3.578222,-6.086971,9.280440
smids/Non-Sperm/Non-Sperm (52).bmp,test,2,-7.175357,-1.606582,7.607606
smids/Non-Sperm/Non-Sperm (523).bmp,test,2,-2.782974,-3.204350,5.787423
smids/Non-Sperm/Non-Sperm (525).bmp,test,2,-3.516488,-4.462883,7.589232
smids/Non-Sperm/Non-Sperm (526).bmp,test,2,-0.071579,-3.207148,2.960016
smids/Non-Sperm/Non-Sperm (529).bmp,test,2,-3.223424,-5.728330,8.554960
smids/Non-Sperm/Non-Sperm (534).bmp,test,2,-1.968244,-5.192786,6.609118
smids/Non-Sperm/Non-Sperm (541).bmp,test,2,-5.745817,-6.176089,10.822116
smids/Non-Sperm/Non-Sperm (542).bmp,test,2,-4.847138,-0.393188,4.667979
smids/Non-Sperm/Non-Sperm (543).bmp,test,2,0.743665,0.390862,-1.302047
smids/Non-Sperm/Non-Sperm (545).bmp,test,2,-2.863421,-4.129482,6.537422
smids/Non-Sperm/Non-Sperm (551).bmp,test,2,-8.278832,-5.195045,12.413712
smids/Non-Sperm/Non-Sperm (552).bmp,test,2,-1.092252,-4.219305,5.200648
smids/Non-Sperm/Non-Sperm (553).bmp,test,2,-3.646488,-3.432017,6.798924
smids/Non-Sperm/Non-Sperm (556).bmp,test,2,-4.929232,-2.900441,7.245454
smids/Non-Sperm/Non-Sperm (559).bmp,test,2,-1.873417,-3.444587,5.304896
smids/Non-Sperm/Non-Sperm (560).bmp,test,2,-2.642267,-4.186218,6.762544
smids/Non-Sperm/Non-Sperm (566).bmp,test,2,-3.132720,-5.029934,7.633545
smids/Non-Sperm/Non-Sperm (569).bmp,test,2,-5.237910,-4.761890,9.768355
smids/Non-Sperm/Non-Sperm (589).bmp,test,2,-9.195151,-1.213951,9.829103
smids/Non-Sperm/Non-Sperm (590).bmp,test,2,-2.212225,-4.990849,7.099474
smids/Non-Sperm/Non-Sperm (591).bmp,test,2,-2.779653,-7.159572,9.201457
smids/Non-Sperm/Non-Sperm (592).bmp,test,2,-7.502491,-1.734949,8.858811
smids/Non-Sperm/Non-Sperm (601).bmp,test,2,-5.868693,-3.534301,8.671573
smids/Non-Sperm/Non-Sperm (602).bmp,test,2,-4.198416,-4.275323,8.006843
smids/Non-Sperm/Non-Sperm (607).bmp,test,2,-3.153291,-3.594076,5.967243
smids/Non-Sperm/Non-Sperm (61).bmp,test,2,-1.182195,4.294423,-2.989577
smids/Non-Sperm/Non-Sperm (611).bmp,test,2,-3.409652,-4.816608,8.097759
smids/Non-Sperm/Non-Sperm (616).bmp,test,2,-3.331095,-5.485037,7.941823
smids/Non-Sperm/Non-Sperm (624).bmp,test,2,-4.823401,-5.934205,9.863393
smids/Non-Sperm/Non-Sperm (625).bmp,test,2,-4.792154,-6.123044,10.215693
smids/Non-Sperm/Non-Sperm (634).bmp,test,2,-5.530008,-5.936413,11.228711
smids/Non-Sperm/Non-Sperm (636).bmp,test,2,-3.875928,-4.856036,8.277842
smids/Non-Sperm/Non-Sperm (637).bmp,test,2,-4.932845,-1.790913,5.905343
smids/Non-Sperm/Non-Sperm (645).bmp,test,2,-6.745518,-3.274725,9.128953
smids/Non-Sperm/Non-Sperm (647).bmp,test,2,-6.734125,-4.140829,10.521641
smids/Non-Sperm/Non-Sperm (649).bmp,test,2,-5.014788,-4.501460,8.833044
smids/Non-Sperm/Non-Sperm (65).bmp,test,2,-6.172865,-2.181324,7.328588
smids/Non-Sperm/Non-Sperm (657).bmp,test,2,-9.293460,-3.777610,11.941602
smids/Non-Sperm/Non-Sperm (659).bmp,test,2,-5.355342,-2.731279,7.882567
smids/Non-Sperm/Non-Sperm (666).bmp,test,2,-7.603933,-5.696126,11.949151
smids/Non-Sperm/Non-Sperm (669).bmp,test,2,-4.990899,2.863112,1.912468
smids/Non-Sperm/Non-Sperm (671).bmp,test,2,-2.303087,-5.190543,7.096877
smids/Non-Sperm/Non-Sperm (689).bmp,test,2,-2.313015,-2.833033,4.412357
smids/Non-Sperm/Non-Sperm (690).bmp,test,2,-2.531017,-4.074888,6.310041
smids/Non-Sperm/Non-Sperm (693).bmp,test,2,-5.205536,-0.020233,4.861998
smids/Non-Sperm/Non-Sperm (696).bmp,test,2,-6.475637,-1.143723,7.248764
smids/Non-Sperm/Non-Sperm (697).bmp,test,2,-6.562026,-6.135543,12.092069
smids/Non-Sperm/Non-Sperm (702).bmp,test,2,-4.069638,-4.966798,8.098608
smids/Non-Sperm/Non-Sperm (710).bmp,test,2,-6.654452,1.960170,4.182568
smids/Non-Sperm/Non-Sperm (716).bmp,test,2,-4.831120,3.643381,1.398935
smids/Non-Sperm/Non-Sperm (721).bmp,test,2,-4.520633,-5.513480,8.660072
smids/Non-Sperm/Non-Sperm (73).bmp,test,2,-4.540732,-2.206608,6.509932
smids/Non-Sperm/Non-Sperm (732).bmp,test,2,-4.276032,-5.037095,8.657187
smids/Non-Sperm/Non-Sperm (734).bmp,test,2,-5.256473,-4.115777,8.737588
smids/Non-Sperm/Non-Sperm (744).bmp,test,2,-6.040693,-1.665879,7.529086
smids/Non-Sperm/Non-Sperm (745).bmp,test,2,-5.696679,-4.915110,9.400514
smids/Non-Sperm/Non-Sperm (746).bmp,test,2,-4.190784,-5.190298,8.757321
smids/Non-Sperm/Non-Sperm (747).bmp,test,2,-5.633919,-1.009901,5.947842
smids/Non-Sperm/Non-Sperm (757).bmp,test,2,-1.984567,-3.091351,4.626943
smids/Non-Sperm/Non-Sperm (760).bmp,test,2,-3.557463,-6.187724,8.911157
smids/Non-Sperm/Non-Sperm (761).bmp,test,2,-1.452029,-2.761029,3.705276
smids/Non-Sperm/Non-Sperm (767).bmp,test,2,-1.915064,-4.386495,5.368043
smids/Non-Sperm/Non-Sperm (772).bmp,test,2,-3.898028,-3.851988,7.211986
smids/Non-Sperm/Non-Sperm (775).bmp,test,2,-3.978891,-6.465230,9.584313
smids/Non-Sperm/Non-Sperm (778).bmp,test,2,-2.932940,-3.116378,5.276860
smids/Non-Sperm/Non-Sperm (78).bmp,test,2,-2.488162,-0.864512,3.004893
smids/Non-Sperm/Non-Sperm (781).bmp,test,2,-1.127470,-4.885537,5.236254
smids/Non-Sperm/Non-Sperm (787).bmp,test,2,-4.424150,-5.297037,8.897453
smids/Non-Sperm/Non-Sperm (788).bmp,test,2,-1.775331,-7.636800,8.426843
smids/Non-Sperm/Non-Sperm (792).bmp,test,2,0.660432,-4.263775,3.406763
smids/Non-Sperm/Non-Sperm (796).bmp,test,2,-1.524415,-4.454970,5.719392
smids/Non-Sperm/Non-Sperm (798).bmp,test,2,-2.638349,-6.472145,8.117803
smids/Non-Sperm/Non-Sperm (80).bmp,test,2,-3.783837,-2.776647,6.192634
smids/Non-Sperm/Non-Sperm (804).bmp,test,2,-6.516685,-2.696366,8.821721
smids/Non-Sperm/Non-Sperm (808).bmp,test,2,-3.265574,-2.555993,5.429732
smids/Non-Sperm/Non-Sperm (811).bmp,test,2,-3.236523,-4.204110,7.170193
smids/Non-Sperm/Non-Sperm (825).bmp,test,2,-1.733686,1.209997,-0.074954
smids/Non-Sperm/Non-Sperm (829).bmp,test,2,-9.336008,-0.942836,9.772716
smids/Non-Sperm/Non-Sperm (830).bmp,test,2,-8.424763,-3.474236,10.890634
smids/Non-Sperm/Non-Sperm (84).bmp,test,2,-4.295157,-5.630793,9.246432
smids/Non-Sperm/Non-Sperm (843).bmp,test,2,-4.747307,-5.695420,8.671479
smids/Non-Sperm/Non-Sperm (845).bmp,test,2,-3.201439,-0.222400,3.516159
smids/Non-Sperm/Non-Sperm (858).bmp,test,2,-2.710469,-3.704848,6.137917
smids/Non-Sperm/Non-Sperm (859).bmp,test,2,-6.648600,-1.092317,7.830064
smids/Non-Sperm/Non-Sperm (869).bmp,test,2,-4.543693,-5.166783,8.979675
smids/Non-Sperm/Non-Sperm (877).bmp,test,2,-1.927621,-0.906500,3.448935
smids/Non-Sperm/Non-Sperm (878).bmp,test,2,-4.062047,0.791377,3.730359
smids/Non-Sperm/Non-Sperm (881).bmp,test,2,-4.347415,-1.786324,5.951616
smids/Non-Sperm/Non-Sperm (884).bmp,test,2,-5.241619,-1.421033,6.297708
smids/Non-Sperm/Non-Sperm (887).bmp,test,2,-1.927566,-4.736187,6.431355
smids/Non-Sperm/Non-Sperm (889).bmp,test,2,-4.526173,-5.842494,9.660887
smids/Non-Sperm/Non-Sperm (89).bmp,test,2,-5.832312,-6.590500,11.525256
smids/Non-Sperm/Non-Sperm (908).bmp,test,2,-3.519567,5.440422,-1.374338
smids/Non-Sperm/Non-Sperm (916).bmp,test,2,-0.613214,1.313185,-0.536416
smids/Non-Sperm/Non-Sperm (917).bmp,test,2,-3.655390,-3.090933,5.661098
smids/Non-Sperm/Non-Sperm (929).bmp,test,2,-2.955738,-0.795773,3.373451
smids/Non-Sperm/Non-Sperm (93).bmp,test,2,-4.002148,-4.193307,8.014767
smids/Non-Sperm/Non-Sperm (930).bmp,test,2,-2.850631,-0.884239,3.443287
smids/Non-Sperm/Non-Sperm (932).bmp,test,2,-2.911465,-2.067431,4.873688
smids/Non-Sperm/Non-Sperm (935).bmp,test,2,-2.113995,-1.096687,3.381052
smids/Non-Sperm/Non-Sperm (938).bmp,test,2,-1.983524,-3.005283,4.964448
smids/Non-Sperm/Non-Sperm (939).bmp,test,2,-0.814597,-3.750448,4.113245
smids/Non-Sperm/Non-Sperm (94).bmp,test,2,-3.873631,-4.272364,7.700878
smids/Non-Sperm/Non-Sperm (940).bmp,test,2,-1.006339,0.729656,0.365153
smids/Non-Sperm/Non-Sperm (95).bmp,test,2,-5.650539,-1.634778,6.424946
smids/Non-Sperm/Non-Sperm (951).bmp,test,2,-3.287887,0.100270,2.804577
smids/Non-Sperm/Non-Sperm (96).bmp,test,2,-5.753669,-4.013976,9.337793
smids/Normal_Sperm/Normal_Sperm (1003).bmp,test,0,0.360649,-0.566258,-0.087098
smids/Normal_Sperm/Normal_Sperm (1004).bmp,test,0,3.295028,-2.132375,-1.547718
smids/Normal_Sperm/Normal_Sperm (1009).bmp,test,0,5.498039,-3.056523,-2.673357
smids/Normal_Sperm/Normal_Sperm (1013).bmp,test,0,3.351930,4.230911,-7.547336
smids/Normal_Sperm/Normal_Sperm (1018).bmp,test,0,6.967296,1.216238,-8.369973
smids/Normal_Sperm/Normal_Sperm (1020).bmp,test,0,-1.471146,1.204500,0.338113
smids/Normal_Sperm/Normal_Sperm (11).bmp,test,0,5.260948,-1.823249,-3.608825
smids/Normal_Sperm/Normal_Sperm (114).bmp,test,0,2.868464,3.789961,-6.167797
smids/Normal_Sperm/Normal_Sperm (115).bmp,test,0,1.684074,2.383841,-3.787483
smids/Normal_Sperm/Normal_Sperm (118).bmp,test,0,-1.724329,1.048958,0.124318
smids/Normal_Sperm/Normal_Sperm (12).bmp,test,0,4.200129,-2.645251,-1.892022
smids/Normal_Sperm/Normal_Sperm (121).bmp,test,0,5.982910,2.534026,-9.223064
smids/Normal_Sperm/Normal_Sperm (124).bmp,test,0,8.059434,4.261965,-12.478382
smids/Normal_Sperm/Normal_Sperm (127).bmp,test,0,2.058031,1.506487,-4.206258
smids/Normal_Sperm/Normal_Sperm (132).bmp,test,0,2.075075,1.669467,-3.570962
smids/Normal_Sperm/Normal_Sperm (140).bmp,test,0,4.184226,1.169844,-5.675204
smids/Normal_Sperm/Normal_Sperm (142).bmp,test,0,3.685826,3.533577,-7.816774
smids/Normal_Sperm/Normal_Sperm (151).bmp,test,0,1.268492,0.350865,-1.806407
smids/Normal_Sperm/Normal_Sperm (158).bmp,test,0,7.098537,0.285767,-7.027277
smids/Normal_Sperm/Normal_Sperm (160).bmp,test,0,6.282228,0.034367,-6.049481
smids/Normal_Sperm/Normal_Sperm (163).bmp,test,0,3.635860,1.979727,-5.388412
smids/Normal_Sperm/Normal_Sperm (164).bmp,test,0,2.925034,-0.670557,-2.508235
smids/Normal_Sperm/Normal_Sperm (175).bmp,test,0,5.608760,0.509606,-6.150645
smids/Normal_Sperm/Normal_Sperm (178).bmp,test,0,6.200232,-0.897414,-5.491794
smids/Normal_Sperm/Normal_Sperm (179).bmp,test,0,5.094386,-1.009723,-4.202426
smids/Normal_Sperm/Normal_Sperm (181).bmp,test,0,1.917622,4.586231,-6.235517
smids/Normal_Sperm/Normal_Sperm (190).bmp,test,0,4.091076,2.538287,-6.866131
smids/Normal_Sperm/Normal_Sperm (194).bmp,test,0,4.626398,-0.594860,-4.055170
smids/Normal_Sperm/Normal_Sperm (20).bmp,test,0,1.742270,-4.639232,2.618750
smids/Normal_Sperm/Normal_Sperm (208).bmp,test,0,5.583623,-0.723075,-5.383654
smids/Normal_Sperm/Normal_Sperm (209).bmp,test,0,1.943651,3.729547,-5.508290
smids/Normal_Sperm/Normal_Sperm (215).bmp,test,0,0.165145,3.002504,-2.690653
smids/Normal_Sperm/Normal_Sperm (221).bmp,test,0,4.259047,-2.644256,-1.473428
smids/Normal_Sperm/Normal_Sperm (222).bmp,test,0,1.256109,-0.266609,-0.630954
smids/Normal_Sperm/Normal_Sperm (226).bmp,test,0,-0.582801,1.927333,-0.923568
smids/Normal_Sperm/Normal_Sperm (243).bmp,test,0,4.789949,2.079487,-6.476020
smids/Normal_Sperm/Normal_Sperm (249).bmp,test,0,1.805858,2.001204,-3.533643
smids/Normal_Sperm/Normal_Sperm (256).bmp,test,0,4.377858,1.793964,-5.726475
smids/Normal_Sperm/Normal_Sperm (269).bmp,test,0,4.516114,2.789937,-7.287359
smids/Normal_Sperm/Normal_Sperm (27).bmp,test,0,8.146724,-0.662440,-7.980536
smids/Normal_Sperm/Normal_Sperm (288).bmp,test,0,4.956069,0.301219,-5.018539
smids/Normal_Sperm/Normal_Sperm (295).bmp,test,0,4.809515,0.596013,-5.166903
smids/Normal_Sperm/Normal_Sperm (298).bmp,test,0,1.704915,3.815823,-5.565155
smids/Normal_Sperm/Normal_Sperm (315).bmp,test,0,2.721425,0.828350,-3.128430
smids/Normal_Sperm/Normal_Sperm (316).bmp,test,0,5.022557,-0.572473,-4.700736
smids/Normal_Sperm/Normal_Sperm (322).bmp,test,0,2.831170,-0.806266,-2.514840
smids/Normal_Sperm/Normal_Sperm (326).bmp,test,0,2.196882,1.918462,-3.922061
smids/Normal_Sperm/Normal_Sperm (327).bmp,test,0,5.867768,2.373021,-7.830712
smids/Normal_Sperm/Normal_Sperm (332).bmp,test,0,6.940336,-1.701669,-5.095217
smids/Normal_Sperm/Normal_Sperm (349).bmp,test,0,1.286770,2.202569,-3.404760
smids/Normal_Sperm/Normal_Sperm (352).bmp,test,0,6.184489,2.162621,-8.423795
smids/Normal_Sperm/Normal_Sperm (354).bmp,test,0,2.861479,0.888619,-4.015212
smids/Normal_Sperm/Normal_Sperm (358).bmp,test,0,5.962533,0.182655,-6.229620
smids/Normal_Sperm/Normal_Sperm (362).bmp,test,0,4.662073,0.270340,-4.826916
smids/Normal_Sperm/Normal_Sperm (363).bmp,test,0,5.566861,-0.052402,-5.557747
smids/Normal_Sperm/Normal_Sperm (37).bmp,test,0,2.025435,-2.389043,-0.413567
smids/Normal_Sperm/Normal_Sperm (371).bmp,test,0,5.374377,1.223895,-6.311516
smids/Normal_Sperm/Normal_Sperm (386).bmp,test,0,5.910813,-0.037315,-5.846014
smids/Normal_Sperm/Normal_Sperm (401).bmp,test,0,4.901372,0.347846,-5.306703
smids/Normal_Sperm/Normal_Sperm (402).bmp,test,0,3.151403,3.432565,-6.071256
smids/Normal_Sperm/Normal_Sperm (408).bmp,test,0,5.879301,1.579202,-7.507528
smids/Normal_Sperm/Normal_Sperm (422).bmp,test,0,4.322390,-0.496284,-3.632875
smids/Normal_Sperm/Normal_Sperm (423).bmp,test,0,6.314548,-0.657664,-5.303267
smids/Normal_Sperm/Normal_Sperm (424).bmp,test,0,4.106368,0.120377,-3.812460
smids/Normal_Sperm/Normal_Sperm (426).bmp,test,0,4.976827,0.835192,-5.522203
smids/Normal_Sperm/Normal_Sperm (429).bmp,test,0,2.203207,-3.637166,1.120898
smids/Normal_Sperm/Normal_Sperm (430).bmp,test,0,8.931751,0.050844,-8.823328
smids/Normal_Sperm/Normal_Sperm (431).bmp,test,0,7.773324,2.603210,-9.902890
smids/Normal_Sperm/Normal_Sperm (443).bmp,test,0,6.073896,-0.402490,-5.417184
smids/Normal_Sperm/Normal_Sperm (445).bmp,test,0,5.169261,-0.954450,-4.591668
smids/Normal_Sperm/Normal_Sperm (446).bmp,test,0,3.139751,-3.157186,0.172399
smids/Normal_Sperm/Normal_Sperm (449).bmp,test,0,4.833707,0.062199,-4.741177
smids/Normal_Sperm/Normal_Sperm (454).bmp,test,0,4.358948,2.449442,-6.737686
smids/Normal_Sperm/Normal_Sperm (457).bmp,test,0,7.821284,-0.774310,-7.285549
smids/Normal_Sperm/Normal_Sperm (459).bmp,test,0,5.069720,-0.427416,-4.181099
smids/Normal_Sperm/Normal_Sperm (460).bmp,test,0,2.119935,3.569027,-5.163406
smids/Normal_Sperm/Normal_Sperm (462).bmp,test,0,6.031762,0.067068,-5.911930
smids/Normal_Sperm/Normal_Sperm (463).bmp,test,0,4.877071,3.347111,-8.067859
smids/Normal_Sperm/Normal_Sperm (467).bmp,test,0,4.271897,-0.857583,-3.302385
smids/Normal_Sperm/Normal_Sperm (473).bmp,test,0,4.247305,3.096497,-7.445895
smids/Normal_Sperm/Normal_Sperm (480).bmp,test,0,5.085793,0.620923,-5.228890
smids/Normal_Sperm/Normal_Sperm (482).bmp,test,0,4.920067,-1.030936,-4.094801
smids/Normal_Sperm/Normal_Sperm (485).bmp,test,0,6.850193,2.166252,-8.798265
smids/Normal_Sperm/Normal_Sperm (486).bmp,test,0,4.180115,1.370945,-5.139141
smids/Normal_Sperm/Normal_Sperm (487).bmp,test,0,5.522575,0.382355,-6.016236
smids/Normal_Sperm/Normal_Sperm (490).bmp,test,0,7.124170,3.241050,-10.001680
smids/Normal_Sperm/Normal_Sperm (492).bmp,test,0,5.663039,0.582515,-5.795352
smids/Normal_Sperm/Normal_Sperm (497).bmp,test,0,4.491302,-0.437006,-4.251514
smids/Normal_Sperm/Normal_Sperm (501).bmp,test,0,5.427012,1.840150,-7.006567
smids/Normal_Sperm/Normal_Sperm (504).bmp,test,0,6.188058,0.138296,-5.945264
smids/Normal_Sperm/Normal_Sperm (508).bmp,test,0,3.757852,-0.615984,-3.081331
smids/Normal_Sperm/Normal_Sperm (51).bmp,test,0,4.808143,3.950050,-8.453255
smids/Normal_Sperm/Normal_Sperm (512).bmp,test,0,2.751312,1.745778,-4.157524
smids/Normal_Sperm/Normal_Sperm (514).bmp,test,0,7.766183,1.594950,-9.157715
smids/Normal_Sperm/Normal_Sperm (521).bmp,test,0,5.128663,3.077977,-8.105960
smids/Normal_Sperm/Normal_Sperm (523).bmp,test,0,3.498082,-0.129690,-3.619603
smids/Normal_Sperm/Normal_Sperm (53).bmp,test,0,8.939284,0.339273,-9.281880
smids/Normal_Sperm/Normal_Sperm (531).bmp,test,0,3.178483,2.648358,-5.589822
smids/Normal_Sperm/Normal_Sperm (533).bmp,test,0,4.397073,2.779002,-7.180305
smids/Normal_Sperm/Normal_Sperm (535).bmp,test,0,3.225768,-0.806318,-2.463554
smids/Normal_Sperm/Normal_Sperm (558).bmp,test,0,5.395520,-0.415933,-4.203351
smids/Normal_Sperm/Normal_Sperm (565).bmp,test,0,8.575247,1.189257,-9.512948
smids/Normal_Sperm/Normal_Sperm (569).bmp,test,0,6.484023,1.174874,-7.497066
smids/Normal_Sperm/Normal_Sperm (578).bmp,test,0,3.829998,-0.054861,-3.420339
smids/Normal_Sperm/Normal_Sperm (586).bmp,test,0,6.970005,1.904916,-8.323491
smids/Normal_Sperm/Normal_Sperm (594).bmp,test,0,5.590108,-0.360049,-5.235283
smids/Normal_Sperm/Normal_Sperm (6).bmp,test,0,4.574986,-2.706220,-1.680676
smids/Normal_Sperm/Normal_Sperm (602).bmp,test,0,5.875574,1.930715,-7.464872
smids/Normal_Sperm/Normal_Sperm (604).bmp,test,0,3.074881,-0.774747,-2.166119
smids/Normal_Sperm/Normal_Sperm (606).bmp,test,0,6.889073,1.048009,-8.147689
smids/Normal_Sperm/Normal_Sperm (61).bmp,test,0,7.403481,1.916553,-8.522963
smids/Normal_Sperm/Normal_Sperm (614).bmp,test,0,4.233186,1.428167,-5.134159
smids/Normal_Sperm/Normal_Sperm (618).bmp,test,0,5.271753,1.326488,-6.280107
smids/Normal_Sperm/Normal_Sperm (623).bmp,test,0,4.182281,1.511404,-5.538994
smids/Normal_Sperm/Normal_Sperm (624).bmp,test,0,3.913293,0.832289,-5.336516
smids/Normal_Sperm/Normal_Sperm (627).bmp,test,0,4.602948,4.249036,-8.243943
smids/Normal_Sperm/Normal_Sperm (64).bmp,test,0,-0.519974,3.836252,-3.440330
smids/Normal_Sperm/Normal_Sperm (640).bmp,test,0,3.763651,-0.555596,-3.003497
smids/Normal_Sperm/Normal_Sperm (644).bmp,test,0,1.429888,1.478510,-3.207997
smids/Normal_Sperm/Normal_Sperm (648).bmp,test,0,5.970232,1.498055,-7.500879
smids/Normal_Sperm/Normal_Sperm (656).bmp,test,0,4.282099,2.505354,-6.551659
smids/Normal_Sperm/Normal_Sperm (66).bmp,test,0,5.959171,3.016527,-8.869881
smids/Normal_Sperm/Normal_Sperm (662).bmp,test,0,4.785035,-0.728849,-3.821211
smids/Normal_Sperm/Normal_Sperm (665).bmp,test,0,4.876241,-0.877999,-4.137976
smids/Normal_Sperm/Normal_Sperm (668).bmp,test,0,6.752618,-0.073187,-6.465582
smids/Normal_Sperm/Normal_Sperm (671).bmp,test,0,6.891896,2.483383,-8.734643
smids/Normal_Sperm/Normal_Sperm (673).bmp,test,0,2.618040,4.926923,-7.215623
smids/Normal_Sperm/Normal_Sperm (676).bmp,test,0,9.702319,-0.569175,-9.092626
smids/Normal_Sperm/Normal_Sperm (677).bmp,test,0,7.007669,3.253121,-9.896970
smids/Normal_Sperm/Normal_Sperm (678).bmp,test,0,5.687557,0.325403,-5.913360
smids/Normal_Sperm/Normal_Sperm (679).bmp,test,0,6.623185,0.639213,-6.811901
smids/Normal_Sperm/Normal_Sperm (681).bmp,test,0,5.716887,3.665103,-9.141944
smids/Normal_Sperm/Normal_Sperm (683).bmp,test,0,5.611353,1.797088,-6.736951
smids/Normal_Sperm/Normal_Sperm (684).bmp,test,0,3.918536,1.687712,-4.853580
smids/Normal_Sperm/Normal_Sperm (688).bmp,test,0,5.050017,4.013992,-9.064355
smids/Normal_Sperm/Normal_Sperm (689).bmp,test,0,3.816670,0.012279,-3.290641
smids/Normal_Sperm/Normal_Sperm (690).bmp,test,0,6.742779,1.195165,-7.703352
smids/Normal_Sperm/Normal_Sperm (691).bmp,test,0,5.187038,-0.758768,-4.165737
smids/Normal_Sperm/Normal_Sperm (692).bmp,test,0,4.839919,1.080267,-5.576963
smids/Normal_Sperm/Normal_Sperm (694).bmp,test,0,3.956464,-1.696586,-2.266829
smids/Normal_Sperm/Normal_Sperm (698).bmp,test,0,3.816768,0.812143,-4.645845
smids/Normal_Sperm/Normal_Sperm (700).bmp,test,0,2.661451,4.101351,-6.697481
smids/Normal_Sperm/Normal_Sperm (713).bmp,test,0,-1.715963,2.710737,-1.229874
smids/Normal_Sperm/Normal_Sperm (714).bmp,test,0,3.885490,2.164010,-6.375017
smids/Normal_Sperm/Normal_Sperm (722).bmp,test,0,9.602916,-0.047848,-9.459094
smids/Normal_Sperm/Normal_Sperm (723).bmp,test,0,5.434491,0.605830,-5.701221
smids/Normal_Sperm/Normal_Sperm (731).bmp,test,0,4.379985,1.795887,-6.148017
smids/Normal_Sperm/Normal_Sperm (732).bmp,test,0,8.466862,0.002615,-8.105230
smids/Normal_Sperm/Normal_Sperm (735).bmp,test,0,5.393599,-0.702797,-5.018611
smids/Normal_Sperm/Normal_Sperm (738).bmp,test,0,5.121022,0.443835,-5.352423
smids/Normal_Sperm/Normal_Sperm (765).bmp,test,0,6.939283,2.291032,-8.753257
smids/Normal_Sperm/Normal_Sperm (772).bmp,test,0,6.477246,-0.923797,-5.794254
smids/Normal_Sperm/Normal_Sperm (775).bmp,test,0,6.360534,0.383269,-6.171109
smids/Normal_Sperm/Normal_Sperm (776).bmp,test,0,6.513187,0.568982,-6.803719
smids/Normal_Sperm/Normal_Sperm (779).bmp,test,0,6.890093,0.216366,-7.045542
smids/Normal_Sperm/Normal_Sperm (780).bmp,test,0,5.097963,-1.202513,-3.690406
smids/Normal_Sperm/Normal_Sperm (782).bmp,test,0,5.651618,1.644278,-6.883881
smids/Normal_Sperm/Normal_Sperm (788).bmp,test,0,5.454681,-0.613660,-4.534999
smids/Normal_Sperm/Normal_Sperm (791).bmp,test,0,3.060024,2.536497,-5.543426
smids/Normal_Sperm/Normal_Sperm (793).bmp,test,0,1.756467,0.829844,-2.482733
smids/Normal_Sperm/Normal_Sperm (797).bmp,test,0,5.938549,0.144841,-6.022424
smids/Normal_Sperm/Normal_Sperm (799).bmp,test,0,5.039694,-1.037809,-4.091166
smids/Normal_Sperm/Normal_Sperm (8).bmp,test,0,3.914770,-0.276694,-3.633919
smids/Normal_Sperm/Normal_Sperm (808).bmp,test,0,5.347833,0.043167,-5.196203
smids/Normal_Sperm/Normal_Sperm (825).bmp,test,0,1.354495,4.009083,-5.133487
smids/Normal_Sperm/Normal_Sperm (829).bmp,test,0,9.639897,1.115169,-10.014375
smids/Normal_Sperm/Normal_Sperm (836).bmp,test,0,2.582968,1.968303,-4.754730
smids/Normal_Sperm/Normal_Sperm (839).bmp,test,0,4.067142,3.086747,-7.237994
smids/Normal_Sperm/Normal_Sperm (845).bmp,test,0,5.071569,1.525792,-6.419674
smids/Normal_Sperm/Normal_Sperm (854).bmp,test,0,6.793958,3.652799,-9.868242
smids/Normal_Sperm/Normal_Sperm (859).bmp,test,0,8.866366,3.273305,-11.699614
smids/Normal_Sperm/Normal_Sperm (869).bmp,test,0,3.776580,2.339254,-5.740531
smids/Normal_Sperm/Normal_Sperm (877).bmp,test,0,4.417283,0.463465,-4.658657
smids/Normal_Sperm/Normal_Sperm (88).bmp,test,0,1.184420,-1.470921,-0.710891
smids/Normal_Sperm/Normal_Sperm (882).bmp,test,0,7.033899,4.340187,-11.277385
smids/Normal_Sperm/Normal_Sperm (892).bmp,test,0,2.143370,3.366962,-5.384370
smids/Normal_Sperm/Normal_Sperm (893).bmp,test,0,-1.856454,6.617605,-4.444787
smids/Normal_Sperm/Normal_Sperm (899).bmp,test,0,2.430321,-0.069910,-2.236043
smids/Normal_Sperm/Normal_Sperm (902).bmp,test,0,6.373570,1.533030,-7.886960
smids/Normal_Sperm/Normal_Sperm (903).bmp,test,0,1.058588,3.089988,-4.197951
smids/Normal_Sperm/Normal_Sperm (906).bmp,test,0,5.316249,2.129897,-7.215931
smids/Normal_Sperm/Normal_Sperm (910).bmp,test,0,3.037744,1.986033,-5.109280
smids/Normal_Sperm/Normal_Sperm (912).bmp,test,0,5.026277,1.291797,-6.352778
smids/Normal_Sperm/Normal_Sperm (913).bmp,test,0,6.550823,-0.092823,-6.470411
smids/Normal_Sperm/Normal_Sperm (914).bmp,test,0,3.550408,3.458889,-6.557570
smids/Normal_Sperm/Normal_Sperm (931).bmp,test,0,2.758822,4.009555,-6.603714
smids/Normal_Sperm/Normal_Sperm (935).bmp,test,0,-0.688036,4.705674,-3.575606
smids/Normal_Sperm/Normal_Sperm (936).bmp,test,0,4.789095,2.609489,-6.850750
smids/Normal_Sperm/Normal_Sperm (943).bmp,test,0,6.706981,2.913386,-8.877037
smids/Normal_Sperm/Normal_Sperm (946).bmp,test,0,1.476455,4.594664,-6.067799
smids/Normal_Sperm/Normal_Sperm (948).bmp,test,0,5.389427,3.256130,-7.823417
smids/Normal_Sperm/Normal_Sperm (955).bmp,test,0,-0.627803,3.310856,-2.673250
smids/Normal_Sperm/Normal_Sperm (956).bmp,test,0,0.146560,6.689122,-6.721098
smids/Normal_Sperm/Normal_Sperm (958).bmp,test,0,7.815295,3.006515,-10.427829
smids/Normal_Sperm/Normal_Sperm (959).bmp,test,0,2.971867,3.053125,-6.088920
smids/Normal_Sperm/Normal_Sperm (963).bmp,test,0,5.062802,4.712811,-9.540847
smids/Normal_Sperm/Normal_Sperm (967).bmp,test,0,4.160113,4.585516,-8.441648
smids/Normal_Sperm/Normal_Sperm (98).bmp,test,0,4.276598,0.405448,-4.774129
smids/Normal_Sperm/Normal_Sperm (981).bmp,test,0,3.575014,3.408931,-6.628239
smids/Normal_Sperm/Normal_Sperm (988).bmp,test,0,2.995584,1.701866,-4.523568
