image_id,role,label_idx,logit_0,logit_1,logit_2
smids/Abnormal_Sperm/Abnormal_Sperm (100).bmp,val,1,0.528869,1.273790,-1.802658
smids/Abnormal_Sperm/Abnormal_Sperm (110).bmp,val,1,-2.002153,1.133418,0.868737
smids/Abnormal_Sperm/Abnormal_Sperm (12).bmp,val,1,0.995722,0.899884,-1.895607
smids/Abnormal_Sperm/Abnormal_Sperm (121).bmp,val,1,0.000488,0.710868,-0.711356
smids/Abnormal_Sperm/Abnormal_Sperm (131).bmp,val,1,-1.157300,3.262980,-2.105679
smids/Abnormal_Sperm/Abnormal_Sperm (146).bmp,val,1,-0.228280,1.621399,-1.393118
smids/Abnormal_Sperm/Abnormal_Sperm (155).bmp,val,1,-0.164649,1.560149,-1.395501
smids/Abnormal_Sperm/Abnormal_Sperm (158).bmp,val,1,-2.415282,2.705118,-0.289835
smids/Abnormal_Sperm/Abnormal_Sperm (160).bmp,val,1,-1.276339,1.817675,-0.541335
smids/Abnormal_Sperm/Abnormal_Sperm (177).bmp,val,1,-0.501863,0.765023,-0.263160
smids/Abnormal_Sperm/Abnormal_Sperm (179).bmp,val,1,0.151830,1.796603,-1.948434
smids/Abnormal_Sperm/Abnormal_Sperm (182).bmp,val,1,0.453482,2.547969,-3.001452
smids/Abnormal_Sperm/Abnormal_Sperm (187).bmp,val,1,-0.429929,2.664641,-2.234714
smids/Abnormal_Sperm/Abnormal_Sperm (198).bmp,val,1,-0.320529,2.609434,-2.288906
smids/Abnormal_Sperm/Abnormal_Sperm (205).bmp,val,1,-1.472151,3.201789,-1.729638
smids/Abnormal_Sperm/Abnormal_Sperm (213).bmp,val,1,-0.027365,3.295541,-3.268176
smids/Abnormal_Sperm/Abnormal_Sperm (217).bmp,val,1,-1.469208,2.924992,-1.455782
smids/Abnormal_Sperm/Abnormal_Sperm (262).bmp,val,1,-1.669496,1.771339,-0.101843
smids/Abnormal_Sperm/Abnormal_Sperm (277).bmp,val,1,0.310413,2.310624,-2.621037
smids/Abnormal_Sperm/Abnormal_Sperm (28).bmp,val,1,1.021155,-0.344969,-0.676186
smids/Abnormal_Sperm/Abnormal_Sperm (282).bmp,val,1,-1.570478,0.771064,0.799414
smids/Abnormal_Sperm/Abnormal_Sperm (287).bmp,val,1,-0.923223,2.767465,-1.844241
smids/Abnormal_Sperm/Abnormal_Sperm (296).bmp,val,1,-0.767389,2.554444,-1.787055
smids/Abnormal_Sperm/Abnormal_Sperm (301).bmp,val,1,0.240572,1.378458,-1.619030
smids/Abnormal_Sperm/Abnormal_Sperm (307).bmp,val,1,-0.066384,2.032849,-1.966465
smids/Abnormal_Sperm/Abnormal_Sperm (326).bmp,val,1,-1.167375,2.506969,-1.339594
smids/Abnormal_Sperm/Abnormal_Sperm (33).bmp,val,1,1.225039,1.725705,-2.950745
smids/Abnormal_Sperm/Abnormal_Sperm (331).bmp,val,1,-0.832488,1.852751,-1.020264
smids/Abnormal_Sperm/Abnormal_Sperm (345).bmp,val,1,0.246457,1.391445,-1.637902
smids/Abnormal_Sperm/Abnormal_Sperm (349).bmp,val,1,-1.402750,2.767334,-1.364586
smids/Abnormal_Sperm/Abnormal_Sperm (35).bmp,val,1,0.014227,1.565036,-1.579263
smids/Abnormal_Sperm/Abnormal_Sperm (355).bmp,val,1,-0.427439,1.998905,-1.571467
smids/Abnormal_Sperm/Abnormal_Sperm (359).bmp,val,1,-0.850011,2.048709,-1.198699
smids/Abnormal_Sperm/Abnormal_Sperm (364).bmp,val,1,-0.953792,1.940780,-0.986988
smids/Abnormal_Sperm/Abnormal_Sperm (367).bmp,val,1,0.593906,1.827798,-2.421704
smids/Abnormal_Sperm/Abnormal_Sperm (386).bmp,val,1,-1.855300,-0.008168,1.863469
smids/Abnormal_Sperm/Abnormal_Sperm (4).bmp,val,1,0.241228,-1.184970,0.943742
smids/Abnormal_Sperm/Abnormal_Sperm (412).bmp,val,1,0.291264,1.022072,-1.313336
smids/Abnormal_Sperm/Abnormal_Sperm (418).bmp,val,1,-1.404154,2.551153,-1.146998
smids/Abnormal_Sperm/Abnormal_Sperm (42).bmp,val,1,1.367634,1.933336,-3.300971
smids/Abnormal_Sperm/Abnormal_Sperm (423).bmp,val,1,0.393666,1.778081,-2.171746
smids/Abnormal_Sperm/Abnormal_Sperm (432).bmp,val,1,-1.843825,1.391443,0.452383
smids/Abnormal_Sperm/Abnormal_Sperm (440).bmp,val,1,-0.349922,2.607532,-2.257609
smids/Abnormal_Sperm/Abnormal_Sperm (441).bmp,val,1,-1.437171,2.968243,-1.531071
smids/Abnormal_Sperm/Abnormal_Sperm (444).bmp,val,1,0.652966,1.384971,-2.037937
smids/Abnormal_Sperm/Abnormal_Sperm (445).bmp,val,1,-1.498647,3.423487,-1.924840
smids/Abnormal_Sperm/Abnormal_Sperm (459).bmp,val,1,-0.971728,3.354536,-2.382809
smids/Abnormal_Sperm/Abnormal_Sperm (465).bmp,val,1,-1.297081,1.596082,-0.299000
smids/Abnormal_Sperm/Abnormal_Sperm (469).bmp,val,1,-0.458204,0.830593,-0.372388
smids/Abnormal_Sperm/Abnormal_Sperm (473).bmp,val,1,-0.777834,2.177047,-1.399212
smids/Abnormal_Sperm/Abnormal_Sperm (48).bmp,val,1,-0.040919,0.811095,-0.770176
smids/Abnormal_Sperm/Abnormal_Sperm (493).bmp,val,1,-0.796153,3.212459,-2.416308
smids/Abnormal_Sperm/Abnormal_Sperm (500).bmp,val,1,0.813231,-0.882931,0.069701
smids/Abnormal_Sperm/Abnormal_Sperm (501).bmp,val,1,0.418270,-0.374589,-0.043683
smids/Abnormal_Sperm/Abnormal_Sperm (505).bmp,val,1,-1.172031,1.109585,0.062446
smids/Abnormal_Sperm/Abnormal_Sperm (515).bmp,val,1,0.061383,1.736723,-1.798105
smids/Abnormal_Sperm/Abnormal_Sperm (526).bmp,val,1,-0.424824,0.704831,-0.280007
smids/Abnormal_Sperm/Abnormal_Sperm (539).bmp,val,1,1.215145,1.739824,-2.954968
smids/Abnormal_Sperm/Abnormal_Sperm (545).bmp,val,1,-0.370473,0.209268,0.161204
smids/Abnormal_Sperm/Abnormal_Sperm (549).bmp,val,1,0.965229,-1.462086,0.496857
smids/Abnormal_Sperm/Abnormal_Sperm (56).bmp,val,1,-1.782903,1.376275,0.406628
smids/Abnormal_Sperm/Abnormal_Sperm (567).bmp,val,1,0.679519,1.725055,-2.404573
smids/Abnormal_Sperm/Abnormal_Sperm (612).bmp,val,1,1.145211,0.407517,-1.552728
smids/Abnormal_Sperm/Abnormal_Sperm (615).bmp,val,1,1.128857,0.972080,-2.100936
smids/Abnormal_Sperm/Abnormal_Sperm (616).bmp,val,1,0.112555,1.732868,-1.845423
smids/Abnormal_Sperm/Abnormal_Sperm (618).bmp,val,1,0.027423,1.113520,-1.140942
smids/Abnormal_Sperm/Abnormal_Sperm (628).bmp,val,1,-0.420308,0.966804,-0.546495
smids/Abnormal_Sperm/Abnormal_Sperm (632).bmp,val,1,-0.928245,1.344672,-0.416427
smids/Abnormal_Sperm/Abnormal_Sperm (638).bmp,val,1,0.229185,0.039377,-0.268562
smids/Abnormal_Sperm/Abnormal_Sperm (642).bmp,val,1,1.649857,0.614907,-2.264764
smids/Abnormal_Sperm/Abnormal_Sperm (643).bmp,val,1,0.284237,1.279343,-1.563579
smids/Abnormal_Sperm/Abnormal_Sperm (644).bmp,val,1,-0.258536,1.583490,-1.324953
smids/Abnormal_Sperm/Abnormal_Sperm (656).bmp,val,1,0.090571,1.208284,-1.298856
smids/Abnormal_Sperm/Abnormal_Sperm (667).bmp,val,1,2.158430,1.623384,-3.781815
smids/Abnormal_Sperm/Abnormal_Sperm (690).bmp,val,1,-0.291341,1.888505,-1.597164
smids/Abnormal_Sperm/Abnormal_Sperm (694).bmp,val,1,-1.136560,1.421183,-0.284623
smids/Abnormal_Sperm/Abnormal_Sperm (696).bmp,val,1,-0.129278,1.665473,-1.536194
smids/Abnormal_Sperm/Abnormal_Sperm (70).bmp,val,1,0.215212,1.781441,-1.996654
smids/Abnormal_Sperm/Abnormal_Sperm (707).bmp,val,1,0.251442,1.800351,-2.051793
smids/Abnormal_Sperm/Abnormal_Sperm (708).bmp,val,1,0.446565,1.190995,-1.637561
smids/Abnormal_Sperm/Abnormal_Sperm (716).bmp,val,1,0.005275,1.502918,-1.508192
smids/Abnormal_Sperm/Abnormal_Sperm (718).bmp,val,1,0.294607,0.856010,-1.150619
smids/Abnormal_Sperm/Abnormal_Sperm (738).bmp,val,1,-0.918835,2.569581,-1.650746
smids/Abnormal_Sperm/Abnormal_Sperm (747).bmp,val,1,-0.142090,-0.049556,0.191646
smids/Abnormal_Sperm/Abnormal_Sperm (755).bmp,val,1,-0.568436,1.357023,-0.788587
smids/Abnormal_Sperm/Abnormal_Sperm (759).bmp,val,1,-1.292437,2.013746,-0.721308
smids/Abnormal_Sperm/Abnormal_Sperm (76).bmp,val,1,-1.220946,1.426545,-0.205599
smids/Abnormal_Sperm/Abnormal_Sperm (763).bmp,val,1,1.561026,1.053418,-2.614445
smids/Abnormal_Sperm/Abnormal_Sperm (776).bmp,val,1,0.246522,1.555257,-1.801780
smids/Abnormal_Sperm/Abnormal_Sperm (785).bmp,val,1,1.958813,0.368189,-2.327003
smids/Abnormal_Sperm/Abnormal_Sperm (792).bmp,val,1,-0.520444,0.739521,-0.219076
smids/Abnormal_Sperm/Abnormal_Sperm (803).bmp,val,1,0.439377,1.735004,-2.174381
smids/Abnormal_Sperm/Abnormal_Sperm (804).bmp,val,1,0.102707,2.332076,-2.434782
smids/Abnormal_Sperm/Abnormal_Sperm (830).bmp,val,1,1.219136,0.620865,-1.840001
smids/Abnormal_Sperm/Abnormal_Sperm (837).bmp,val,1,1.960148,-0.326614,-1.633535
smids/Abnormal_Sperm/Abnormal_Sperm (840).bmp,val,1,0.759414,2.188174,-2.947588
smids/Abnormal_Sperm/Abnormal_Sperm (847).bmp,val,1,1.318243,1.786336,-3.104579
smids/Abnormal_Sperm/Abnormal_Sperm (884).bmp,val,1,0.282904,1.454013,-1.736917
smids/Abnormal_Sperm/Abnormal_Sperm (896).bmp,val,1,0.785169,0.782872,-1.568041
smids/Abnormal_Sperm/Abnormal_Sperm (899).bmp,val,1,2.222874,0.211941,-2.434813
smids/Abnormal_Sperm/Abnormal_Sperm (904).bmp,val,1,1.047689,0.366136,-1.413826
smids/Abnormal_Sperm/Abnormal_Sperm (919).bmp,val,1,0.240118,-0.361033,0.120916
smids/Abnormal_Sperm/Abnormal_Sperm (927).bmp,val,1,-0.378851,0.512926,-0.134075
smids/Abnormal_Sperm/Abnormal_Sperm (941).bmp,val,1,-0.092158,1.019158,-0.927000
smids/Abnormal_Sperm/Abnormal_Sperm (945).bmp,val,1,0.459448,1.362202,-1.821650
smids/Abnormal_Sperm/Abnormal_Sperm (947).bmp,val,1,-0.023380,1.662508,-1.639128
smids/Abnormal_Sperm/Abnormal_Sperm (948).bmp,val,1,0.096632,1.892261,-1.988893
smids/Abnormal_Sperm/Abnormal_Sperm (951).bmp,val,1,0.339749,-0.364941,0.025192
smids/Abnormal_Sperm/Abnormal_Sperm (962).bmp,val,1,-1.655449,1.298779,0.356671
smids/Abnormal_Sperm/Abnormal_Sperm (969).bmp,val,1,-1.381841,1.422635,-0.040793
smids/Abnormal_Sperm/Abnormal_Sperm (97).bmp,val,1,0.398012,0.498414,-0.896426
smids/Abnormal_Sperm/Abnormal_Sperm (970).bmp,val,1,-0.650990,2.088428,-1.437439
smids/Abnormal_Sperm/Abnormal_Sperm (979).bmp,val,1,1.134350,2.497961,-3.632310
smids/Abnormal_Sperm/Abnormal_Sperm (980).bmp,val,1,-0.947313,1.401544,-0.454233
smids/Abnormal_Sperm/Abnormal_Sperm (984).bmp,val,1,-0.750902,1.761954,-1.011051
smids/Abnormal_Sperm/Abnormal_Sperm (987).bmp,val,1,1.082915,0.505725,-1.588640
smids/Abnormal_Sperm/Abnormal_Sperm (989).bmp,val,1,-0.671612,0.115020,0.556592
smids/Non-Sperm/Non-Sperm (101).bmp,val,2,-0.869905,-2.588045,3.457949
smids/Non-Sperm/Non-Sperm (107).bmp,val,2,-1.540781,-1.562253,3.103034
smids/Non-Sperm/Non-Sperm (110).bmp,val,2,-2.057292,-0.765689,2.822981
smids/Non-Sperm/Non-Sperm (111).bmp,val,2,-0.952403,-1.425539,2.377943
smids/Non-Sperm/Non-Sperm (119).bmp,val,2,-1.448566,-1.270778,2.719344
smids/Non-Sperm/Non-Sperm (121).bmp,val,2,-1.261746,-2.396220,3.657967
smids/Non-Sperm/Non-Sperm (122).bmp,val,2,-1.508764,-2.356196,3.864961
smids/Non-Sperm/Non-Sperm (127).bmp,val,2,-1.691923,-0.619126,2.311052
smids/Non-Sperm/Non-Sperm (134).bmp,val,2,-1.761372,-1.680646,3.442020
smids/Non-Sperm/Non-Sperm (139).bmp,val,2,-1.319281,-0.631834,1.951115
smids/Non-Sperm/Non-Sperm (15).bmp,val,2,-0.154779,-0.578527,0.733306
smids/Non-Sperm/Non-Sperm (151).bmp,val,2,-1.728340,-2.439444,4.167785
smids/Non-Sperm/Non-Sperm (155).bmp,val,2,-1.250818,-2.245234,3.496052
smids/Non-Sperm/Non-Sperm (159).bmp,val,2,-1.187048,-2.209133,3.396180
smids/Non-Sperm/Non-Sperm (165).bmp,val,2,-1.877453,-1.258637,3.136092
smids/Non-Sperm/Non-Sperm (170).bmp,val,2,-0.899488,-2.044580,2.944070
smids/Non-Sperm/Non-Sperm (178).bmp,val,2,-0.712024,-1.479829,2.191853
smids/Non-Sperm/Non-Sperm (201).bmp,val,2,-0.941765,-1.453369,2.395134
smids/Non-Sperm/Non-Sperm (202).bmp,val,2,-1.383479,-2.270151,3.653631
smids/Non-Sperm/Non-Sperm (204).bmp,val,2,-2.179863,-1.293858,3.473722
smids/Non-Sperm/Non-Sperm (206).bmp,val,2,-1.064413,-1.939655,3.004069
smids/Non-Sperm/Non-Sperm (219).bmp,val,2,-0.486037,-1.951906,2.437942
smids/Non-Sperm/Non-Sperm (221).bmp,val,2,-1.422295,-1.216774,2.639069
smids/Non-Sperm/Non-Sperm (227).bmp,val,2,-1.301229,-1.658282,2.959511
smids/Non-Sperm/Non-Sperm (229).bmp,val,2,-0.809986,-0.499707,1.309693
smids/Non-Sperm/Non-Sperm (23).bmp,val,2,0.786933,1.481608,-2.268542
smids/Non-Sperm/Non-Sperm (230).bmp,val,2,-0.545376,-1.401626,1.947003
smids/Non-Sperm/Non-Sperm (25).bmp,val,2,0.938641,-1.010351,0.071711
smids/Non-Sperm/Non-Sperm (251).bmp,val,2,-1.257312,-1.090471,2.347783
smids/Non-Sperm/Non-Sperm (268).bmp,val,2,-0.675372,-2.512770,3.188142
smids/Non-Sperm/Non-Sperm (277).bmp,val,2,-1.091660,-1.836908,2.928570
smids/Non-Sperm/Non-Sperm (279).bmp,val,2,-0.734327,-2.142522,2.876849
smids/Non-Sperm/Non-Sperm (284).bmp,val,2,-0.915749,-1.689392,2.605142
smids/Non-Sperm/Non-Sperm (287).bmp,val,2,0.312652,-0.767833,0.455180
smids/Non-Sperm/Non-Sperm (289).bmp,val,2,-0.998859,-1.900233,2.899092
smids/Non-Sperm/Non-Sperm (292).bmp,val,2,-0.434932,-2.515062,2.949994
smids/Non-Sperm/Non-Sperm (293).bmp,val,2,-0.552354,-2.138556,2.690910
smids/Non-Sperm/Non-Sperm (297).bmp,val,2,-1.529974,-0.609843,2.139816
smids/Non-Sperm/Non-Sperm (303).bmp,val,2,-0.561994,-2.414388,2.976382
smids/Non-Sperm/Non-Sperm (308).bmp,val,2,-0.873117,-1.247158,2.120274
smids/Non-Sperm/Non-Sperm (333).bmp,val,2,-1.219945,-1.238049,2.457994
smids/Non-Sperm/Non-Sperm (372).bmp,val,2,-1.195147,-1.484365,2.679512
smids/Non-Sperm/Non-Sperm (375).bmp,val,2,-2.011479,-0.414098,2.425577
smids/Non-Sperm/Non-Sperm (378).bmp,val,2,-1.308505,-2.029734,3.338239
smids/Non-Sperm/Non-Sperm (379).bmp,val,2,-1.872626,-0.574348,2.446975
smids/Non-Sperm/Non-Sperm (383).bmp,val,2,-1.032651,-0.184837,1.217487
smids/Non-Sperm/Non-Sperm (388).bmp,val,2,-0.430594,-1.502805,1.933399
smids/Non-Sperm/Non-Sperm (395).bmp,val,2,-0.690906,1.649142,-0.958237
smids/Non-Sperm/Non-Sperm (402).bmp,val,2,-2.042322,-2.330081,4.372403
smids/Non-Sperm/Non-Sperm (407).bmp,val,2,-0.758947,-1.215531,1.974478
smids/Non-Sperm/Non-Sperm (410).bmp,val,2,-1.403675,-0.731987,2.135662
smids/Non-Sperm/Non-Sperm (421).bmp,val,2,-0.775087,-1.706384,2.481472
smids/Non-Sperm/Non-Sperm (428).bmp,val,2,-2.093288,-1.023064,3.116352
smids/Non-Sperm/Non-Sperm (433).bmp,val,2,-0.786711,-1.195435,1.982147
smids/Non-Sperm/Non-Sperm (437).bmp,val,2,-1.282487,-1.622077,2.904565
smids/Non-Sperm/Non-Sperm (459).bmp,val,2,-0.014068,-2.459279,2.473347
smids/Non-Sperm/Non-Sperm (48).bmp,val,2,-1.604190,1.024750,0.579441
smids/Non-Sperm/Non-Sperm (487).bmp,val,2,-2.514679,-0.653427,3.168106
smids/Non-Sperm/Non-Sperm (51).bmp,val,2,-1.482980,-1.107270,2.590250
smids/Non-Sperm/Non-Sperm (52).bmp,val,2,-1.857152,-0.359239,2.216392
smids/Non-Sperm/Non-Sperm (522).bmp,val,2,-1.571503,-0.064833,1.636337
smids/Non-Sperm/Non-Sperm (523).bmp,val,2,0.265116,-1.353183,1.088068
smids/Non-Sperm/Non-Sperm (525).bmp,val,2,-1.660513,-1.211293,2.871805
smids/Non-Sperm/Non-Sperm (53).bmp,val,2,-1.379153,1.052594,0.326561
smids/Non-Sperm/Non-Sperm (542).bmp,val,2,-1.565398,-0.523648,2.089045
smids/Non-Sperm/Non-Sperm (545).bmp,val,2,-0.232891,-2.351780,2.584671
smids/Non-Sperm/Non-Sperm (555).bmp,val,2,-0.952671,-1.536240,2.488912
smids/Non-Sperm/Non-Sperm (569).bmp,val,2,-2.183458,-0.077224,2.260682
smids/Non-Sperm/Non-Sperm (573).bmp,val,2,-0.788214,-1.384513,2.172728
smids/Non-Sperm/Non-Sperm (574).bmp,val,2,-2.367205,-1.369231,3.736438
smids/Non-Sperm/Non-Sperm (588).bmp,val,2,-0.785270,-1.268304,2.053573
smids/Non-Sperm/Non-Sperm (593).bmp,val,2,-1.433082,-0.595911,2.028993
smids/Non-Sperm/Non-Sperm (607).bmp,val,2,-1.452087,-0.768169,2.220256
smids/Non-Sperm/Non-Sperm (626).bmp,val,2,-0.707216,-2.237695,2.944911
smids/Non-Sperm/Non-Sperm (635).bmp,val,2,-2.315710,-0.424085,2.739795
smids/Non-Sperm/Non-Sperm (639).bmp,val,2,-1.842673,-0.162567,2.005241
smids/Non-Sperm/Non-Sperm (652).bmp,val,2,-1.053010,-1.644406,2.697416
smids/Non-Sperm/Non-Sperm (657).bmp,val,2,-2.723239,-0.117128,2.840367
smids/Non-Sperm/Non-Sperm (679).bmp,val,2,-0.409741,-0.271353,0.681093
smids/Non-Sperm/Non-Sperm (683).bmp,val,2,-1.138931,-1.718461,2.857392
smids/Non-Sperm/Non-Sperm (695).bmp,val,2,-0.353315,-0.618185,0.971499
smids/Non-Sperm/Non-Sperm (698).bmp,val,2,-1.238506,-0.870485,2.108991
smids/Non-Sperm/Non-Sperm (7).bmp,val,2,-2.339148,0.492195,1.846954
smids/Non-Sperm/Non-Sperm (707).bmp,val,2,-0.902989,-2.366217,3.269207
smids/Non-Sperm/Non-Sperm (709).bmp,val,2,-1.830955,-1.188751,3.019707
smids/Non-Sperm/Non-Sperm (715).bmp,val,2,-2.118005,-1.784264,3.902271
smids/Non-Sperm/Non-Sperm (722).bmp,val,2,-1.687095,-1.073526,2.760621
smids/Non-Sperm/Non-Sperm (733).bmp,val,2,-2.067062,-1.672340,3.739402
smids/Non-Sperm/Non-Sperm (745).bmp,val,2,-1.062587,-2.287830,3.350418
smids/Non-Sperm/Non-Sperm (75).bmp,val,2,-1.654281,0.897183,0.757100
smids/Non-Sperm/Non-Sperm (754).bmp,val,2,-2.563050,-1.140065,3.703117
smids/Non-Sperm/Non-Sperm (762).bmp,val,2,-0.871044,-2.220864,3.091907
smids/Non-Sperm/Non-Sperm (779).bmp,val,2,-1.614873,-1.206188,2.821062
smids/Non-Sperm/Non-Sperm (783).bmp,val,2,-1.165449,-1.607870,2.773319
smids/Non-Sperm/Non-Sperm (786).bmp,val,2,-0.794852,-1.697070,2.491921
smids/Non-Sperm/Non-Sperm (796).bmp,val,2,0.234958,-2.377903,2.142946
smids/Non-Sperm/Non-Sperm (798).bmp,val,2,-0.495864,-2.155387,2.651251
smids/Non-Sperm/Non-Sperm (801).bmp,val,2,-1.038312,-2.380857,3.419169
smids/Non-Sperm/Non-Sperm (809).bmp,val,2,-0.720971,-2.241846,2.962819
smids/Non-Sperm/Non-Sperm (820).bmp,val,2,0.117223,-1.587686,1.470462
smids/Non-Sperm/Non-Sperm (83).bmp,val,2,-1.425072,-0.970981,2.396054
smids/Non-Sperm/Non-Sperm (833).bmp,val,2,-2.674217,-0.814397,3.488615
smids/Non-Sperm/Non-Sperm (841).bmp,val,2,0.297842,-1.343289,1.045445
smids/Non-Sperm/Non-Sperm (865).bmp,val,2,-1.417147,-0.025029,1.442175
smids/Non-Sperm/Non-Sperm (874).bmp,val,2,-1.591588,-1.891150,3.482739
smids/Non-Sperm/Non-Sperm (891).bmp,val,2,0.901630,-0.245682,-0.655948
smids/Non-Sperm/Non-Sperm (896).bmp,val,2,-0.955481,-0.038926,0.994407
smids/Non-Sperm/Non-Sperm (898).bmp,val,2,-0.480115,0.356952,0.123161
smids/Non-Sperm/Non-Sperm (909).bmp,val,2,0.082905,-0.631464,0.548560
smids/Non-Sperm/Non-Sperm (956).bmp,val,2,-1.783528,-1.417825,3.201355
smids/Non-Sperm/Non-Sperm (958).bmp,val,2,-3.400810,1.208289,2.192522
smids/Non-Sperm/Non-Sperm (959).bmp,val,2,-2.448511,1.180804,1.267708
smids/Non-Sperm/Non-Sperm (960).bmp,val,2,-1.304754,0.102618,1.202137
smids/Non-Sperm/Non-Sperm (968).bmp,val,2,-0.427412,-2.047467,2.474879
smids/Non-Sperm/Non-Sperm (969).bmp,val,2,-0.282555,1.649348,-1.366793
smids/Non-Sperm/Non-Sperm (97).bmp,val,2,-1.340710,-1.275067,2.615777
smids/Non-Sperm/Non-Sperm (99).bmp,val,2,-0.706392,-2.010484,2.716876
smids/Normal_Sperm/Normal_Sperm (1).bmp,val,0,2.356968,-0.388779,-1.968189
smids/Normal_Sperm/Normal_Sperm (1004).bmp,val,0,1.209220,-0.779242,-0.429978
smids/Normal_Sperm/Normal_Sperm (1011).bmp,val,0,1.490733,-0.920641,-0.570093
smids/Normal_Sperm/Normal_Sperm (1016).bmp,val,0,1.089811,0.122546,-1.212357
smids/Normal_Sperm/Normal_Sperm (1019).bmp,val,0,-0.588846,0.782134,-0.193286
smids/Normal_Sperm/Normal_Sperm (1020).bmp,val,0,-1.490645,0.426409,1.064236
smids/Normal_Sperm/Normal_Sperm (115).bmp,val,0,0.278783,0.292956,-0.571740
smids/Normal_Sperm/Normal_Sperm (131).bmp,val,0,-0.059294,1.383677,-1.324384
smids/Normal_Sperm/Normal_Sperm (140).bmp,val,0,1.503210,-0.466822,-1.036389
smids/Normal_Sperm/Normal_Sperm (147).bmp,val,0,3.193525,1.222754,-4.416281
smids/Normal_Sperm/Normal_Sperm (159).bmp,val,0,2.697582,0.561371,-3.258953
smids/Normal_Sperm/Normal_Sperm (169).bmp,val,0,1.379120,-0.175047,-1.204074
smids/Normal_Sperm/Normal_Sperm (170).bmp,val,0,2.351160,-0.200311,-2.150848
smids/Normal_Sperm/Normal_Sperm (171).bmp,val,0,2.316594,-0.185203,-2.131392
smids/Normal_Sperm/Normal_Sperm (178).bmp,val,0,1.458448,-1.066270,-0.392179
smids/Normal_Sperm/Normal_Sperm (185).bmp,val,0,2.153611,1.402460,-3.556072
smids/Normal_Sperm/Normal_Sperm (194).bmp,val,0,2.688905,0.417809,-3.106714
smids/Normal_Sperm/Normal_Sperm (200).bmp,val,0,1.485689,1.675544,-3.161234
smids/Normal_Sperm/Normal_Sperm (223).bmp,val,0,0.159303,0.606288,-0.765591
smids/Normal_Sperm/Normal_Sperm (231).bmp,val,0,0.518393,0.812338,-1.330733
smids/Normal_Sperm/Normal_Sperm (233).bmp,val,0,2.733879,0.297148,-3.031027
smids/Normal_Sperm/Normal_Sperm (254).bmp,val,0,1.790891,-0.744783,-1.046107
smids/Normal_Sperm/Normal_Sperm (267).bmp,val,0,0.629614,0.733705,-1.363319
smids/Normal_Sperm/Normal_Sperm (273).bmp,val,0,2.139888,-0.950831,-1.189058
smids/Normal_Sperm/Normal_Sperm (283).bmp,val,0,2.565523,0.918733,-3.484256
smids/Normal_Sperm/Normal_Sperm (3).bmp,val,0,3.569105,0.616450,-4.185556
smids/Normal_Sperm/Normal_Sperm (302).bmp,val,0,-0.572152,1.040271,-0.468118
smids/Normal_Sperm/Normal_Sperm (309).bmp,val,0,1.776178,1.103767,-2.879946
smids/Normal_Sperm/Normal_Sperm (315).bmp,val,0,1.344903,1.397022,-2.741926
smids/Normal_Sperm/Normal_Sperm (317).bmp,val,0,0.734424,0.509435,-1.243859
smids/Normal_Sperm/Normal_Sperm (326).bmp,val,0,0.381438,-0.511761,0.130323
smids/Normal_Sperm/Normal_Sperm (328).bmp,val,0,1.023376,1.398643,-2.422019
smids/Normal_Sperm/Normal_Sperm (345).bmp,val,0,0.186201,0.537066,-0.723267
smids/Normal_Sperm/Normal_Sperm (354).bmp,val,0,0.769099,0.432537,-1.201637
smids/Normal_Sperm/Normal_Sperm (357).bmp,val,0,2.074769,0.333689,-2.408457
smids/Normal_Sperm/Normal_Sperm (372).bmp,val,0,0.842747,-0.125165,-0.717583
smids/Normal_Sperm/Normal_Sperm (375).bmp,val,0,1.390289,-0.417695,-0.972594
smids/Normal_Sperm/Normal_Sperm (378).bmp,val,0,2.262363,0.170585,-2.432949
smids/Normal_Sperm/Normal_Sperm (384).bmp,val,0,1.698304,2.667184,-4.365489
smids/Normal_Sperm/Normal_Sperm (389).bmp,val,0,1.991973,0.596209,-2.588180
smids/Normal_Sperm/Normal_Sperm (41).bmp,val,0,0.354776,-1.990962,1.636185
smids/Normal_Sperm/Normal_Sperm (410).bmp,val,0,0.546540,0.071967,-0.618509
smids/Normal_Sperm/Normal_Sperm (416).bmp,val,0,1.905233,0.243285,-2.148518
smids/Normal_Sperm/Normal_Sperm (432).bmp,val,0,2.406896,0.490493,-2.897389
smids/Normal_Sperm/Normal_Sperm (444).bmp,val,0,2.916807,0.073892,-2.990701
smids/Normal_Sperm/Normal_Sperm (449).bmp,val,0,2.811979,-0.925245,-1.886732
smids/Normal_Sperm/Normal_Sperm (451).bmp,val,0,1.127831,0.522228,-1.650059
smids/Normal_Sperm/Normal_Sperm (456).bmp,val,0,2.128498,1.199921,-3.328419
smids/Normal_Sperm/Normal_Sperm (460).bmp,val,0,0.542370,0.640240,-1.182610
smids/Normal_Sperm/Normal_Sperm (480).bmp,val,0,4.451219,0.280122,-4.731341
smids/Normal_Sperm/Normal_Sperm (488).bmp,val,0,0.369401,0.929676,-1.299076
smids/Normal_Sperm/Normal_Sperm (49).bmp,val,0,-1.096353,2.977940,-1.881588
smids/Normal_Sperm/Normal_Sperm (490).bmp,val,0,2.672086,0.653354,-3.325441
smids/Normal_Sperm/Normal_Sperm (492).bmp,val,0,3.249650,-0.248785,-3.000865
smids/Normal_Sperm/Normal_Sperm (5).bmp,val,0,3.298152,0.165435,-3.463588
smids/Normal_Sperm/Normal_Sperm (52).bmp,val,0,2.355716,0.940660,-3.296379
smids/Normal_Sperm/Normal_Sperm (522).bmp,val,0,1.441642,-0.820338,-0.621302
smids/Normal_Sperm/Normal_Sperm (525).bmp,val,0,1.872858,-0.265091,-1.607768
smids/Normal_Sperm/Normal_Sperm (526).bmp,val,0,3.179279,0.580430,-3.759711
smids/Normal_Sperm/Normal_Sperm (527).bmp,val,0,3.098936,-0.007294,-3.091643
smids/Normal_Sperm/Normal_Sperm (530).bmp,val,0,3.829369,-1.159590,-2.669779
smids/Normal_Sperm/Normal_Sperm (56).bmp,val,0,1.654740,-0.539537,-1.115202
smids/Normal_Sperm/Normal_Sperm (561).bmp,val,0,-0.241231,1.509060,-1.267829
smids/Normal_Sperm/Normal_Sperm (565).bmp,val,0,1.169336,0.221555,-1.390891
smids/Normal_Sperm/Normal_Sperm (566).bmp,val,0,4.079993,-0.752170,-3.327822
smids/Normal_Sperm/Normal_Sperm (567).bmp,val,0,3.230089,0.053514,-3.283604
smids/Normal_Sperm/Normal_Sperm (569).bmp,val,0,2.245444,0.409065,-2.654511
smids/Normal_Sperm/Normal_Sperm (57).bmp,val,0,3.894711,0.549857,-4.444570
smids/Normal_Sperm/Normal_Sperm (570).bmp,val,0,1.399383,0.291203,-1.690585
smids/Normal_Sperm/Normal_Sperm (572).bmp,val,0,3.050643,-0.273075,-2.777569
smids/Normal_Sperm/Normal_Sperm (589).bmp,val,0,2.980349,0.503478,-3.483827
smids/Normal_Sperm/Normal_Sperm (59).bmp,val,0,0.924380,2.350764,-3.275145
smids/Normal_Sperm/Normal_Sperm (609).bmp,val,0,0.575563,0.684290,-1.259853
smids/Normal_Sperm/Normal_Sperm (612).bmp,val,0,2.317403,2.305640,-4.623045
smids/Normal_Sperm/Normal_Sperm (624).bmp,val,0,3.432840,0.141172,-3.574012
smids/Normal_Sperm/Normal_Sperm (63).bmp,val,0,-0.251803,1.283124,-1.031321
smids/Normal_Sperm/Normal_Sperm (646).bmp,val,0,2.091318,0.302922,-2.394242
smids/Normal_Sperm/Normal_Sperm (648).bmp,val,0,2.176357,-0.444193,-1.732163
smids/Normal_Sperm/Normal_Sperm (65).bmp,val,0,0.569153,-0.924096,0.354943
smids/Normal_Sperm/Normal_Sperm (658).bmp,val,0,1.300031,1.386923,-2.686955
smids/Normal_Sperm/Normal_Sperm (666).bmp,val,0,2.859413,-1.368222,-1.491193
smids/Normal_Sperm/Normal_Sperm (673).bmp,val,0,1.338316,1.874032,-3.212349
smids/Normal_Sperm/Normal_Sperm (679).bmp,val,0,4.851898,-0.542560,-4.309338
smids/Normal_Sperm/Normal_Sperm (680).bmp,val,0,2.136468,0.316779,-2.453246
smids/Normal_Sperm/Normal_Sperm (692).bmp,val,0,3.321029,0.107785,-3.428814
smids/Normal_Sperm/Normal_Sperm (70).bmp,val,0,0.867160,0.863564,-1.730723
smids/Normal_Sperm/Normal_Sperm (700).bmp,val,0,0.197794,1.208661,-1.406456
smids/Normal_Sperm/Normal_Sperm (705).bmp,val,0,1.085241,1.308057,-2.393299
smids/Normal_Sperm/Normal_Sperm (717).bmp,val,0,1.702357,0.894481,-2.596839
smids/Normal_Sperm/Normal_Sperm (719).bmp,val,0,1.488330,-0.778992,-0.709338
smids/Normal_Sperm/Normal_Sperm (722).bmp,val,0,2.570588,0.445651,-3.016241
smids/Normal_Sperm/Normal_Sperm (739).bmp,val,0,3.224830,-1.369088,-1.855742
smids/Normal_Sperm/Normal_Sperm (779).bmp,val,0,3.930322,-0.468428,-3.461894
smids/Normal_Sperm/Normal_Sperm (782).bmp,val,0,4.033383,-0.474740,-3.558644
smids/Normal_Sperm/Normal_Sperm (786).bmp,val,0,1.207602,0.935905,-2.143507
smids/Normal_Sperm/Normal_Sperm (787).bmp,val,0,0.889725,-1.532456,0.642731
smids/Normal_Sperm/Normal_Sperm (793).bmp,val,0,0.924611,-0.179424,-0.745188
smids/Normal_Sperm/Normal_Sperm (804).bmp,val,0,1.130683,0.838013,-1.968695
smids/Normal_Sperm/Normal_Sperm (806).bmp,val,0,0.522223,-0.300664,-0.221559
smids/Normal_Sperm/Normal_Sperm (808).bmp,val,0,1.843068,-0.006865,-1.836203
smids/Normal_Sperm/Normal_Sperm (825).bmp,val,0,0.650145,-0.886714,0.236571
smids/Normal_Sperm/Normal_Sperm (841).bmp,val,0,4.665754,-0.917206,-3.748548
smids/Normal_Sperm/Normal_Sperm (855).bmp,val,0,1.906871,-0.203891,-1.702980
smids/Normal_Sperm/Normal_Sperm (86).bmp,val,0,-0.413347,-0.428885,0.842233
smids/Normal_Sperm/Normal_Sperm (869).bmp,val,0,3.434299,-0.119575,-3.314725
smids/Normal_Sperm/Normal_Sperm (882).bmp,val,0,1.394654,0.999730,-2.394383
smids/Normal_Sperm/Normal_Sperm (884).bmp,val,0,2.940759,0.206446,-3.147207
smids/Normal_Sperm/Normal_Sperm (898).bmp,val,0,2.917501,0.514924,-3.432426
smids/Normal_Sperm/Normal_Sperm (901).bmp,val,0,1.898974,0.697526,-2.596499
smids/Normal_Sperm/Normal_Sperm (903).bmp,val,0,0.143950,2.092058,-2.236008
smids/Normal_Sperm/Normal_Sperm (908).bmp,val,0,3.399499,0.766956,-4.166455
smids/Normal_Sperm/Normal_Sperm (912).bmp,val,0,2.722017,0.509042,-3.231059
smids/Normal_Sperm/Normal_Sperm (919).bmp,val,0,1.130447,0.258792,-1.389240
smids/Normal_Sperm/Normal_Sperm (925).bmp,val,0,-0.002665,1.553682,-1.551017
smids/Normal_Sperm/Normal_Sperm (928).bmp,val,0,1.636401,-0.005184,-1.631217
smids/Normal_Sperm/Normal_Sperm (930).bmp,val,0,-0.994436,-1.596748,2.591185
smids/Normal_Sperm/Normal_Sperm (941).bmp,val,0,-0.165982,2.960907,-2.794926
smids/Normal_Sperm/Normal_Sperm (96).bmp,val,0,1.326979,-0.971613,-0.355367
smids/Normal_Sperm/Normal_Sperm (961).bmp,val,0,-0.189495,2.370304,-2.180810
smids/Normal_Sperm/Normal_Sperm (999).bmp,val,0,0.080431,1.067859,-1.148291
smids/Abnormal_Sperm/Abnormal_Sperm (105).bmp,calib,1,-0.772398,2.825348,-2.052948
smids/Abnormal_Sperm/Abnormal_Sperm (111).bmp,calib,1,-0.469008,0.151804,0.317204
smids/Abnormal_Sperm/Abnormal_Sperm (122).bmp,calib,1,1.542311,2.040619,-3.582930
smids/Abnormal_Sperm/Abnormal_Sperm (129).bmp,calib,1,0.005901,0.590841,-0.596743
smids/Abnormal_Sperm/Abnormal_Sperm (148).bmp,calib,1,-1.444165,1.922860,-0.478695
smids/Abnormal_Sperm/Abnormal_Sperm (150).bmp,calib,1,0.370861,3.488622,-3.859483
smids/Abnormal_Sperm/Abnormal_Sperm (151).bmp,calib,1,1.287922,0.037915,-1.325838
smids/Abnormal_Sperm/Abnormal_Sperm (17).bmp,calib,1,-0.739409,0.641922,0.097488
smids/Abnormal_Sperm/Abnormal_Sperm (172).bmp,calib,1,1.023399,1.649198,-2.672596
smids/Abnormal_Sperm/Abnormal_Sperm (174).bmp,calib,1,-0.969936,2.473376,-1.503440
smids/Abnormal_Sperm/Abnormal_Sperm (178).bmp,calib,1,-0.276366,1.203186,-0.926821
smids/Abnormal_Sperm/Abnormal_Sperm (190).bmp,calib,1,-0.442796,3.161346,-2.718550
smids/Abnormal_Sperm/Abnormal_Sperm (191).bmp,calib,1,1.049022,1.391769,-2.440793
smids/Abnormal_Sperm/Abnormal_Sperm (209).bmp,calib,1,0.313973,0.579809,-0.893782
smids/Abnormal_Sperm/Abnormal_Sperm (212).bmp,calib,1,-0.271685,1.408170,-1.136485
smids/Abnormal_Sperm/Abnormal_Sperm (214).bmp,calib,1,-1.155900,1.670919,-0.515019
smids/Abnormal_Sperm/Abnormal_Sperm (215).bmp,calib,1,0.652572,4.280309,-4.932882
smids/Abnormal_Sperm/Abnormal_Sperm (223).bmp,calib,1,-2.269024,0.534811,1.734212
smids/Abnormal_Sperm/Abnormal_Sperm (224).bmp,calib,1,0.188465,3.090794,-3.279259
smids/Abnormal_Sperm/Abnormal_Sperm (23).bmp,calib,1,-0.267043,1.932283,-1.665240
smids/Abnormal_Sperm/Abnormal_Sperm (232).bmp,calib,1,-1.066420,1.958238,-0.891818
smids/Abnormal_Sperm/Abnormal_Sperm (233).bmp,calib,1,-0.481612,1.835142,-1.353530
smids/Abnormal_Sperm/Abnormal_Sperm (242).bmp,calib,1,0.424276,1.157261,-1.581537
smids/Abnormal_Sperm/Abnormal_Sperm (248).bmp,calib,1,0.925078,0.741773,-1.666850
smids/Abnormal_Sperm/Abnormal_Sperm (258).bmp,calib,1,-1.599611,2.599954,-1.000343
smids/Abnormal_Sperm/Abnormal_Sperm (266).bmp,calib,1,-2.199602,2.096226,0.103379
smids/Abnormal_Sperm/Abnormal_Sperm (272).bmp,calib,1,0.264104,2.764629,-3.028732
smids/Abnormal_Sperm/Abnormal_Sperm (279).bmp,calib,1,-0.144384,1.769963,-1.625579
smids/Abnormal_Sperm/Abnormal_Sperm (281).bmp,calib,1,-0.865687,2.981632,-2.115946
smids/Abnormal_Sperm/Abnormal_Sperm (283).bmp,calib,1,-1.148389,1.151973,-0.003583
smids/Abnormal_Sperm/Abnormal_Sperm (286).bmp,calib,1,-0.935994,-0.314124,1.250118
smids/Abnormal_Sperm/Abnormal_Sperm (298).bmp,calib,1,0.399255,0.767170,-1.166425
smids/Abnormal_Sperm/Abnormal_Sperm (302).bmp,calib,1,-1.623522,1.402009,0.221514
smids/Abnormal_Sperm/Abnormal_Sperm (303).bmp,calib,1,1.783823,-0.215472,-1.568351
smids/Abnormal_Sperm/Abnormal_Sperm (304).bmp,calib,1,-1.970926,2.668444,-0.697518
smids/Abnormal_Sperm/Abnormal_Sperm (313).bmp,calib,1,-1.120383,0.314205,0.806179
smids/Abnormal_Sperm/Abnormal_Sperm (320).bmp,calib,1,-1.236427,2.063098,-0.826671
smids/Abnormal_Sperm/Abnormal_Sperm (327).bmp,calib,1,-2.745872,2.327257,0.418616
smids/Abnormal_Sperm/Abnormal_Sperm (337).bmp,calib,1,-0.285048,2.171350,-1.886304
smids/Abnormal_Sperm/Abnormal_Sperm (34).bmp,calib,1,-1.019463,0.605918,0.413546
smids/Abnormal_Sperm/Abnormal_Sperm (347).bmp,calib,1,-0.859156,2.102805,-1.243648
smids/Abnormal_Sperm/Abnormal_Sperm (351).bmp,calib,1,0.079537,0.038374,-0.117912
smids/Abnormal_Sperm/Abnormal_Sperm (356).bmp,calib,1,-1.001950,1.876800,-0.874849
smids/Abnormal_Sperm/Abnormal_Sperm (360).bmp,calib,1,0.267484,1.280196,-1.547680
smids/Abnormal_Sperm/Abnormal_Sperm (363).bmp,calib,1,-0.168288,1.976006,-1.807717
smids/Abnormal_Sperm/Abnormal_Sperm (368).bmp,calib,1,-2.933195,1.527182,1.406014
smids/Abnormal_Sperm/Abnormal_Sperm (373).bmp,calib,1,-1.140444,2.745463,-1.605019
smids/Abnormal_Sperm/Abnormal_Sperm (374).bmp,calib,1,-0.810981,3.371356,-2.560377
smids/Abnormal_Sperm/Abnormal_Sperm (383).bmp,calib,1,-0.280582,2.050880,-1.770297
smids/Abnormal_Sperm/Abnormal_Sperm (384).bmp,calib,1,-0.775236,0.482116,0.293120
smids/Abnormal_Sperm/Abnormal_Sperm (389).bmp,calib,1,-0.114370,1.016025,-0.901654
smids/Abnormal_Sperm/Abnormal_Sperm (395).bmp,calib,1,-1.167221,3.109443,-1.942221
smids/Abnormal_Sperm/Abnormal_Sperm (400).bmp,calib,1,-1.036617,1.562422,-0.525804
smids/Abnormal_Sperm/Abnormal_Sperm (404).bmp,calib,1,-0.111438,0.638229,-0.526793
smids/Abnormal_Sperm/Abnormal_Sperm (406).bmp,calib,1,-0.128508,1.570412,-1.441904
smids/Abnormal_Sperm/Abnormal_Sperm (409).bmp,calib,1,0.458076,0.559515,-1.017591
smids/Abnormal_Sperm/Abnormal_Sperm (414).bmp,calib,1,1.028893,1.808056,-2.836950
smids/Abnormal_Sperm/Abnormal_Sperm (419).bmp,calib,1,-1.796352,1.928867,-0.132515
smids/Abnormal_Sperm/Abnormal_Sperm (424).bmp,calib,1,-0.979776,1.875349,-0.895572
smids/Abnormal_Sperm/Abnormal_Sperm (426).bmp,calib,1,-1.384998,1.725565,-0.340567
smids/Abnormal_Sperm/Abnormal_Sperm (43).bmp,calib,1,-1.275453,1.554458,-0.279004
smids/Abnormal_Sperm/Abnormal_Sperm (430).bmp,calib,1,-0.909011,1.064039,-0.155028
smids/Abnormal_Sperm/Abnormal_Sperm (434).bmp,calib,1,-0.717089,1.848162,-1.131073
smids/Abnormal_Sperm/Abnormal_Sperm (436).bmp,calib,1,-0.144448,2.023736,-1.879289
smids/Abnormal_Sperm/Abnormal_Sperm (439).bmp,calib,1,0.523840,1.390668,-1.914508
smids/Abnormal_Sperm/Abnormal_Sperm (460).bmp,calib,1,-2.273266,3.122267,-0.849000
smids/Abnormal_Sperm/Abnormal_Sperm (463).bmp,calib,1,-2.011533,2.016071,-0.004537
smids/Abnormal_Sperm/Abnormal_Sperm (470).bmp,calib,1,0.460762,2.007557,-2.468319
smids/Abnormal_Sperm/Abnormal_Sperm (471).bmp,calib,1,-0.013348,2.939986,-2.926638
smids/Abnormal_Sperm/Abnormal_Sperm (475).bmp,calib,1,-1.245052,2.225343,-0.980290
smids/Abnormal_Sperm/Abnormal_Sperm (480).bmp,calib,1,1.988144,0.354542,-2.342687
smids/Abnormal_Sperm/Abnormal_Sperm (481).bmp,calib,1,-0.156574,-0.294161,0.450735
smids/Abnormal_Sperm/Abnormal_Sperm (489).bmp,calib,1,-1.171243,0.335370,0.835874
smids/Abnormal_Sperm/Abnormal_Sperm (495).bmp,calib,1,-1.855581,2.706210,-0.850629
smids/Abnormal_Sperm/Abnormal_Sperm (497).bmp,calib,1,-0.563335,-0.138276,0.701612
smids/Abnormal_Sperm/Abnormal_Sperm (502).bmp,calib,1,-0.225130,-0.591584,0.816712
smids/Abnormal_Sperm/Abnormal_Sperm (503).bmp,calib,1,-2.192914,1.100808,1.092105
smids/Abnormal_Sperm/Abnormal_Sperm (521).bmp,calib,1,-0.732299,2.883812,-2.151514
smids/Abnormal_Sperm/Abnormal_Sperm (522).bmp,calib,1,-0.766861,0.734841,0.032020
smids/Abnormal_Sperm/Abnormal_Sperm (527).bmp,calib,1,1.312894,0.474102,-1.786996
smids/Abnormal_Sperm/Abnormal_Sperm (528).bmp,calib,1,-0.629841,0.313781,0.316062
smids/Abnormal_Sperm/Abnormal_Sperm (531).bmp,calib,1,-0.143590,-0.506093,0.649683
smids/Abnormal_Sperm/Abnormal_Sperm (533).bmp,calib,1,1.024965,0.324712,-1.349677
smids/Abnormal_Sperm/Abnormal_Sperm (536).bmp,calib,1,2.117536,0.148456,-2.265993
smids/Abnormal_Sperm/Abnormal_Sperm (537).bmp,calib,1,0.662791,0.281786,-0.944577
smids/Abnormal_Sperm/Abnormal_Sperm (540).bmp,calib,1,-1.494334,2.713540,-1.219205
smids/Abnormal_Sperm/Abnormal_Sperm (546).bmp,calib,1,0.552605,2.249278,-2.801883
smids/Abnormal_Sperm/Abnormal_Sperm (547).bmp,calib,1,-0.157056,2.860925,-2.703869
smids/Abnormal_Sperm/Abnormal_Sperm (548).bmp,calib,1,-2.027596,1.858625,0.168972
smids/Abnormal_Sperm/Abnormal_Sperm (551).bmp,calib,1,-0.787473,-0.261876,1.049348
smids/Abnormal_Sperm/Abnormal_Sperm (556).bmp,calib,1,-1.138241,-0.340538,1.478778
smids/Abnormal_Sperm/Abnormal_Sperm (573).bmp,calib,1,0.821471,1.850456,-2.671929
smids/Abnormal_Sperm/Abnormal_Sperm (580).bmp,calib,1,0.750877,0.536287,-1.287164
smids/Abnormal_Sperm/Abnormal_Sperm (590).bmp,calib,1,-1.648833,0.085791,1.563039
smids/Abnormal_Sperm/Abnormal_Sperm (596).bmp,calib,1,0.197159,0.434217,-0.631378
smids/Abnormal_Sperm/Abnormal_Sperm (6).bmp,calib,1,-0.697118,0.602841,0.094278
smids/Abnormal_Sperm/Abnormal_Sperm (601).bmp,calib,1,0.832004,0.131657,-0.963661
smids/Abnormal_Sperm/Abnormal_Sperm (603).bmp,calib,1,0.084798,0.156326,-0.241124
smids/Abnormal_Sperm/Abnormal_Sperm (604).bmp,calib,1,0.760866,0.098866,-0.859732
smids/Abnormal_Sperm/Abnormal_Sperm (609).bmp,calib,1,1.272340,0.691535,-1.963875
smids/Abnormal_Sperm/Abnormal_Sperm (610).bmp,calib,1,1.159800,0.051107,-1.210907
smids/Abnormal_Sperm/Abnormal_Sperm (62).bmp,calib,1,-1.769334,2.715264,-0.945929
smids/Abnormal_Sperm/Abnormal_Sperm (621).bmp,calib,1,-0.899789,1.459097,-0.559307
smids/Abnormal_Sperm/Abnormal_Sperm (627).bmp,calib,1,-0.866383,-0.405023,1.271406
smids/Abnormal_Sperm/Abnormal_Sperm (67).bmp,calib,1,-0.572271,0.567099,0.005172
smids/Abnormal_Sperm/Abnormal_Sperm (682).bmp,calib,1,-1.591959,0.665754,0.926205
smids/Abnormal_Sperm/Abnormal_Sperm (683).bmp,calib,1,1.761780,-0.539730,-1.222050
smids/Abnormal_Sperm/Abnormal_Sperm (69).bmp,calib,1,-0.088364,2.167210,-2.078846
smids/Abnormal_Sperm/Abnormal_Sperm (691).bmp,calib,1,-0.425952,0.983788,-0.557835
smids/Abnormal_Sperm/Abnormal_Sperm (692).bmp,calib,1,1.120074,0.936844,-2.056920
smids/Abnormal_Sperm/Abnormal_Sperm (693).bmp,calib,1,-0.110088,0.524687,-0.414599
smids/Abnormal_Sperm/Abnormal_Sperm (702).bmp,calib,1,-0.575902,1.786066,-1.210164
smids/Abnormal_Sperm/Abnormal_Sperm (710).bmp,calib,1,0.245636,1.535070,-1.780706
smids/Abnormal_Sperm/Abnormal_Sperm (715).bmp,calib,1,2.135025,1.270223,-3.405248
smids/Abnormal_Sperm/Abnormal_Sperm (726).bmp,calib,1,2.878525,-0.098673,-2.779852
smids/Abnormal_Sperm/Abnormal_Sperm (734).bmp,calib,1,1.889106,0.300699,-2.189806
smids/Abnormal_Sperm/Abnormal_Sperm (735).bmp,calib,1,0.922987,-0.202720,-0.720267
smids/Abnormal_Sperm/Abnormal_Sperm (749).bmp,calib,1,-1.458962,2.876333,-1.417371
smids/Abnormal_Sperm/Abnormal_Sperm (75).bmp,calib,1,0.268792,2.585025,-2.853818
smids/Abnormal_Sperm/Abnormal_Sperm (766).bmp,calib,1,1.077524,1.858362,-2.935887
smids/Abnormal_Sperm/Abnormal_Sperm (783).bmp,calib,1,1.542009,-0.441558,-1.100451
smids/Abnormal_Sperm/Abnormal_Sperm (788).bmp,calib,1,-0.800030,1.215905,-0.415875
smids/Abnormal_Sperm/Abnormal_Sperm (79).bmp,calib,1,-1.706956,0.834146,0.872810
smids/Abnormal_Sperm/Abnormal_Sperm (796).bmp,calib,1,4.043684,1.891844,-5.935530
smids/Abnormal_Sperm/Abnormal_Sperm (810).bmp,calib,1,1.819101,0.380419,-2.199520
smids/Abnormal_Sperm/Abnormal_Sperm (814).bmp,calib,1,1.303207,1.711308,-3.014515
smids/Abnormal_Sperm/Abnormal_Sperm (818).bmp,calib,1,1.183324,1.267968,-2.451294
smids/Abnormal_Sperm/Abnormal_Sperm (821).bmp,calib,1,0.627958,1.580103,-2.208060
smids/Abnormal_Sperm/Abnormal_Sperm (823).bmp,calib,1,-0.502638,2.330693,-1.828054
smids/Abnormal_Sperm/Abnormal_Sperm (829).bmp,calib,1,0.368554,0.953925,-1.322479
smids/Abnormal_Sperm/Abnormal_Sperm (831).bmp,calib,1,1.378904,0.847134,-2.226038
smids/Abnormal_Sperm/Abnormal_Sperm (838).bmp,calib,1,0.717123,1.428520,-2.145644
smids/Abnormal_Sperm/Abnormal_Sperm (84).bmp,calib,1,-1.146300,3.353281,-2.206980
smids/Abnormal_Sperm/Abnormal_Sperm (853).bmp,calib,1,0.786434,1.287271,-2.073704
smids/Abnormal_Sperm/Abnormal_Sperm (855).bmp,calib,1,0.194357,1.877656,-2.072014
smids/Abnormal_Sperm/Abnormal_Sperm (859).bmp,calib,1,0.180405,1.500410,-1.680816
smids/Abnormal_Sperm/Abnormal_Sperm (870).bmp,calib,1,-0.190612,-0.074928,0.265540
smids/Abnormal_Sperm/Abnormal_Sperm (872).bmp,calib,1,0.461446,0.507947,-0.969393
smids/Abnormal_Sperm/Abnormal_Sperm (88).bmp,calib,1,-0.982099,2.677565,-1.695466
smids/Abnormal_Sperm/Abnormal_Sperm (882).bmp,calib,1,0.320157,2.151078,-2.471236
smids/Abnormal_Sperm/Abnormal_Sperm (901).bmp,calib,1,-0.866336,1.653109,-0.786772
smids/Abnormal_Sperm/Abnormal_Sperm (902).bmp,calib,1,-0.814323,0.966367,-0.152042
smids/Abnormal_Sperm/Abnormal_Sperm (909).bmp,calib,1,-0.857449,3.037431,-2.179982
smids/Abnormal_Sperm/Abnormal_Sperm (914).bmp,calib,1,0.447066,0.933033,-1.380099
smids/Abnormal_Sperm/Abnormal_Sperm (92).bmp,calib,1,-0.770630,0.724756,0.045874
smids/Abnormal_Sperm/Abnormal_Sperm (928).bmp,calib,1,-0.171317,2.094312,-1.922994
smids/Abnormal_Sperm/Abnormal_Sperm (95).bmp,calib,1,-1.868835,2.247362,-0.378526
smids/Abnormal_Sperm/Abnormal_Sperm (952).bmp,calib,1,1.803640,0.488630,-2.292269
smids/Abnormal_Sperm/Abnormal_Sperm (966).bmp,calib,1,-1.509985,1.216156,0.293829
smids/Abnormal_Sperm/Abnormal_Sperm (975).bmp,calib,1,-0.703535,2.913248,-2.209712
smids/Abnormal_Sperm/Abnormal_Sperm (981).bmp,calib,1,0.639026,0.113589,-0.752614
smids/Abnormal_Sperm/Abnormal_Sperm (99).bmp,calib,1,0.016996,2.017811,-2.034807
smids/Abnormal_Sperm/Abnormal_Sperm (990).bmp,calib,1,-0.440098,1.469083,-1.028984
smids/Abnormal_Sperm/Abnormal_Sperm (992).bmp,calib,1,0.118199,1.145865,-1.264064
smids/Abnormal_Sperm/Abnormal_Sperm (997).bmp,calib,1,-0.090002,2.061807,-1.971805
smids/Non-Sperm/Non-Sperm (125).bmp,calib,2,-1.209784,-1.815793,3.025577
smids/Non-Sperm/Non-Sperm (128).bmp,calib,2,-3.100048,-0.048438,3.148486
smids/Non-Sperm/Non-Sperm (132).bmp,calib,2,-0.711886,-1.560089,2.271975
smids/Non-Sperm/Non-Sperm (135).bmp,calib,2,-1.435019,-2.216736,3.651756
smids/Non-Sperm/Non-Sperm (138).bmp,calib,2,-1.900452,-1.533643,3.434095
smids/Non-Sperm/Non-Sperm (14).bmp,calib,2,-1.302546,-0.664161,1.966706
smids/Non-Sperm/Non-Sperm (142).bmp,calib,2,-1.736798,-1.744084,3.480883
smids/Non-Sperm/Non-Sperm (143).bmp,calib,2,-1.655852,-0.226721,1.882573
smids/Non-Sperm/Non-Sperm (146).bmp,calib,2,-1.332843,-1.580770,2.913615
smids/Non-Sperm/Non-Sperm (158).bmp,calib,2,-2.115291,-1.967908,4.083198
smids/Non-Sperm/Non-Sperm (163).bmp,calib,2,-1.856067,0.773478,1.082589
smids/Non-Sperm/Non-Sperm (17).bmp,calib,2,-1.496798,-1.273410,2.770210
smids/Non-Sperm/Non-Sperm (172).bmp,calib,2,-1.314145,-1.218055,2.532200
smids/Non-Sperm/Non-Sperm (176).bmp,calib,2,-1.719808,0.005256,1.714552
smids/Non-Sperm/Non-Sperm (183).bmp,calib,2,-1.084727,-1.433613,2.518341
smids/Non-Sperm/Non-Sperm (187).bmp,calib,2,-2.219890,-2.413362,4.633254
smids/Non-Sperm/Non-Sperm (194).bmp,calib,2,-1.868220,-1.657497,3.525718
smids/Non-Sperm/Non-Sperm (228).bmp,calib,2,-0.444184,-1.059894,1.504078
smids/Non-Sperm/Non-Sperm (232).bmp,calib,2,-1.431594,-0.861488,2.293083
smids/Non-Sperm/Non-Sperm (235).bmp,calib,2,-1.077432,-0.943318,2.020751
smids/Non-Sperm/Non-Sperm (239).bmp,calib,2,-1.126381,-0.904791,2.031172
smids/Non-Sperm/Non-Sperm (243).bmp,calib,2,-1.051422,-1.085856,2.137279
smids/Non-Sperm/Non-Sperm (249).bmp,calib,2,-1.750102,-1.450449,3.200552
smids/Non-Sperm/Non-Sperm (258).bmp,calib,2,-0.602557,-1.254525,1.857082
smids/Non-Sperm/Non-Sperm (259).bmp,calib,2,-1.660097,-1.689041,3.349139
smids/Non-Sperm/Non-Sperm (26).bmp,calib,2,-2.224545,2.110403,0.114143
smids/Non-Sperm/Non-Sperm (264).bmp,calib,2,-1.917400,-0.793033,2.710433
smids/Non-Sperm/Non-Sperm (266).bmp,calib,2,-2.369795,-1.575740,3.945537
smids/Non-Sperm/Non-Sperm (280).bmp,calib,2,-1.188372,-2.062462,3.250834
smids/Non-Sperm/Non-Sperm (281).bmp,calib,2,-0.453632,-1.488996,1.942627
smids/Non-Sperm/Non-Sperm (283).bmp,calib,2,-0.213057,-2.537771,2.750828
smids/Non-Sperm/Non-Sperm (29).bmp,calib,2,-2.124071,-0.841608,2.965682
smids/Non-Sperm/Non-Sperm (295).bmp,calib,2,-0.655296,-1.218584,1.873880
smids/Non-Sperm/Non-Sperm (302).bmp,calib,2,-0.938467,-2.593979,3.532447
smids/Non-Sperm/Non-Sperm (313).bmp,calib,2,-0.726878,-0.168191,0.895069
smids/Non-Sperm/Non-Sperm (320).bmp,calib,2,-0.556733,-1.969912,2.526646
smids/Non-Sperm/Non-Sperm (323).bmp,calib,2,-0.605236,-0.870898,1.476135
smids/Non-Sperm/Non-Sperm (325).bmp,calib,2,-0.732135,-1.582025,2.314158
smids/Non-Sperm/Non-Sperm (327).bmp,calib,2,0.455066,-0.909965,0.454900
smids/Non-Sperm/Non-Sperm (33).bmp,calib,2,-0.544836,1.660104,-1.115269
smids/Non-Sperm/Non-Sperm (337).bmp,calib,2,-1.621161,-1.261508,2.882669
smids/Non-Sperm/Non-Sperm (341).bmp,calib,2,-0.430690,1.003399,-0.572709
smids/Non-Sperm/Non-Sperm (343).bmp,calib,2,-1.515404,-1.023476,2.538879
smids/Non-Sperm/Non-Sperm (347).bmp,calib,2,-0.537741,-2.466861,3.004602
smids/Non-Sperm/Non-Sperm (350).bmp,calib,2,-0.117497,-1.369725,1.487223
smids/Non-Sperm/Non-Sperm (351).bmp,calib,2,-0.000859,0.150820,-0.149962
smids/Non-Sperm/Non-Sperm (358).bmp,calib,2,-0.111695,-0.539559,0.651253
smids/Non-Sperm/Non-Sperm (359).bmp,calib,2,-1.953728,-1.321517,3.275245
smids/Non-Sperm/Non-Sperm (361).bmp,calib,2,-2.507323,-0.060225,2.567548
smids/Non-Sperm/Non-Sperm (364).bmp,calib,2,-0.543728,-2.206325,2.750051
smids/Non-Sperm/Non-Sperm (37).bmp,calib,2,-1.068569,-0.630080,1.698650
smids/Non-Sperm/Non-Sperm (392).bmp,calib,2,-0.013464,-0.048192,0.061655
smids/Non-Sperm/Non-Sperm (398).bmp,calib,2,1.733898,-0.651367,-1.082532
smids/Non-Sperm/Non-Sperm (40).bmp,calib,2,-1.684218,0.127948,1.556271
smids/Non-Sperm/Non-Sperm (400).bmp,calib,2,0.334441,-0.666386,0.331943
smids/Non-Sperm/Non-Sperm (405).bmp,calib,2,-0.065801,-0.546052,0.611853
smids/Non-Sperm/Non-Sperm (414).bmp,calib,2,0.632201,-1.527144,0.894944
smids/Non-Sperm/Non-Sperm (423).bmp,calib,2,-1.267158,-1.987651,3.254809
smids/Non-Sperm/Non-Sperm (425).bmp,calib,2,-1.430938,0.950789,0.480150
smids/Non-Sperm/Non-Sperm (431).bmp,calib,2,-1.214218,-1.131048,2.345266
smids/Non-Sperm/Non-Sperm (463).bmp,calib,2,-0.880297,-0.914068,1.794365
smids/Non-Sperm/Non-Sperm (464).bmp,calib,2,-1.895531,-1.627944,3.523476
smids/Non-Sperm/Non-Sperm (467).bmp,calib,2,-1.982400,-1.837011,3.819412
smids/Non-Sperm/Non-Sperm (474).bmp,calib,2,-0.863922,-2.562711,3.426633
smids/Non-Sperm/Non-Sperm (483).bmp,calib,2,-1.160736,-0.778820,1.939554
smids/Non-Sperm/Non-Sperm (489).bmp,calib,2,-1.144759,-1.082558,2.227316
smids/Non-Sperm/Non-Sperm (490).bmp,calib,2,-1.568114,-0.772631,2.340746
smids/Non-Sperm/Non-Sperm (493).bmp,calib,2,-0.706569,-1.593576,2.300145
smids/Non-Sperm/Non-Sperm (496).bmp,calib,2,-1.242970,-1.526045,2.769015
smids/Non-Sperm/Non-Sperm (508).bmp,calib,2,-1.174863,-2.072548,3.247411
smids/Non-Sperm/Non-Sperm (544).bmp,calib,2,-1.590712,-1.429415,3.020127
smids/Non-Sperm/Non-Sperm (553).bmp,calib,2,-0.974200,-0.058661,1.032861
smids/Non-Sperm/Non-Sperm (557).bmp,calib,2,-1.386734,-1.291459,2.678193
smids/Non-Sperm/Non-Sperm (564).bmp,calib,2,-2.837123,-0.444362,3.281485
smids/Non-Sperm/Non-Sperm (565).bmp,calib,2,-2.824286,0.025277,2.799010
smids/Non-Sperm/Non-Sperm (577).bmp,calib,2,-1.935474,-1.775299,3.710774
smids/Non-Sperm/Non-Sperm (580).bmp,calib,2,-0.718489,-1.582497,2.300985
smids/Non-Sperm/Non-Sperm (583).bmp,calib,2,-2.747934,0.695232,2.052702
smids/Non-Sperm/Non-Sperm (590).bmp,calib,2,-0.588997,-1.438625,2.027622
smids/Non-Sperm/Non-Sperm (592).bmp,calib,2,-2.118928,-0.638255,2.757184
smids/Non-Sperm/Non-Sperm (594).bmp,calib,2,-1.199608,-1.012047,2.211655
smids/Non-Sperm/Non-Sperm (598).bmp,calib,2,-0.853644,-1.763674,2.617317
smids/Non-Sperm/Non-Sperm (604).bmp,calib,2,-2.085509,-0.963916,3.049425
smids/Non-Sperm/Non-Sperm (613).bmp,calib,2,-1.079804,-1.793672,2.873477
smids/Non-Sperm/Non-Sperm (622).bmp,calib,2,-1.865872,-0.930820,2.796692
smids/Non-Sperm/Non-Sperm (655).bmp,calib,2,-0.846916,-1.393723,2.240639
smids/Non-Sperm/Non-Sperm (656).bmp,calib,2,-1.888745,-0.308868,2.197614
smids/Non-Sperm/Non-Sperm (660).bmp,calib,2,-0.692622,-0.300373,0.992996
smids/Non-Sperm/Non-Sperm (678).bmp,calib,2,-1.540506,-0.813685,2.354191
smids/Non-Sperm/Non-Sperm (680).bmp,calib,2,-1.215476,-2.110486,3.325962
smids/Non-Sperm/Non-Sperm (681).bmp,calib,2,-0.422906,-1.633898,2.056803
smids/Non-Sperm/Non-Sperm (696).bmp,calib,2,-2.423220,-0.143822,2.567043
smids/Non-Sperm/Non-Sperm (697).bmp,calib,2,-1.605072,-0.543117,2.148190
smids/Non-Sperm/Non-Sperm (716).bmp,calib,2,-1.939922,0.869242,1.070680
smids/Non-Sperm/Non-Sperm (72).bmp,calib,2,-0.072648,0.025849,0.046797
smids/Non-Sperm/Non-Sperm (720).bmp,calib,2,-1.251623,0.332420,0.919204
smids/Non-Sperm/Non-Sperm (723).bmp,calib,2,-1.579661,-0.210943,1.790606
smids/Non-Sperm/Non-Sperm (726).bmp,calib,2,-1.531067,-2.052872,3.583940
smids/Non-Sperm/Non-Sperm (729).bmp,calib,2,-2.354475,-1.275274,3.629749
smids/Non-Sperm/Non-Sperm (73).bmp,calib,2,-0.474460,-0.093886,0.568346
smids/Non-Sperm/Non-Sperm (730).bmp,calib,2,-0.449701,0.434902,0.014799
smids/Non-Sperm/Non-Sperm (735).bmp,calib,2,-1.174342,-1.528706,2.703048
smids/Non-Sperm/Non-Sperm (74).bmp,calib,2,0.398527,-0.478766,0.080241
smids/Non-Sperm/Non-Sperm (741).bmp,calib,2,-1.452381,-2.360107,3.812488
smids/Non-Sperm/Non-Sperm (752).bmp,calib,2,0.311722,-0.362600,0.050878
smids/Non-Sperm/Non-Sperm (763).bmp,calib,2,-0.727438,-1.919399,2.646838
smids/Non-Sperm/Non-Sperm (765).bmp,calib,2,-0.639845,-0.489435,1.129279
smids/Non-Sperm/Non-Sperm (767).bmp,calib,2,-0.953051,-2.105899,3.058950
smids/Non-Sperm/Non-Sperm (768).bmp,calib,2,-0.458503,-2.322268,2.780771
smids/Non-Sperm/Non-Sperm (772).bmp,calib,2,-1.578495,-1.067971,2.646466
smids/Non-Sperm/Non-Sperm (776).bmp,calib,2,-0.368393,-1.943909,2.312302
smids/Non-Sperm/Non-Sperm (777).bmp,calib,2,-1.123060,-1.901906,3.024966
smids/Non-Sperm/Non-Sperm (78).bmp,calib,2,-0.417064,-0.026837,0.443901
smids/Non-Sperm/Non-Sperm (782).bmp,calib,2,-0.133684,-1.636753,1.770436
smids/Non-Sperm/Non-Sperm (792).bmp,calib,2,0.134963,-1.551744,1.416782
smids/Non-Sperm/Non-Sperm (80).bmp,calib,2,-1.291210,-1.448864,2.740075
smids/Non-Sperm/Non-Sperm (802).bmp,calib,2,-1.657891,-0.891288,2.549179
smids/Non-Sperm/Non-Sperm (81).bmp,calib,2,-1.318586,-1.191124,2.509710
smids/Non-Sperm/Non-Sperm (811).bmp,calib,2,-1.003811,-2.105436,3.109247
smids/Non-Sperm/Non-Sperm (819).bmp,calib,2,0.232390,-0.241010,0.008618
smids/Non-Sperm/Non-Sperm (824).bmp,calib,2,-1.643118,-1.874629,3.517746
smids/Non-Sperm/Non-Sperm (827).bmp,calib,2,-2.353750,-0.640484,2.994234
smids/Non-Sperm/Non-Sperm (830).bmp,calib,2,-0.751545,-1.576771,2.328316
smids/Non-Sperm/Non-Sperm (831).bmp,calib,2,-1.738903,-1.185539,2.924443
smids/Non-Sperm/Non-Sperm (835).bmp,calib,2,-0.717024,-1.550671,2.267695
smids/Non-Sperm/Non-Sperm (837).bmp,calib,2,-0.890918,-2.090176,2.981096
smids/Non-Sperm/Non-Sperm (838).bmp,calib,2,-0.941183,-1.485512,2.426695
smids/Non-Sperm/Non-Sperm (845).bmp,calib,2,-0.101967,-0.911032,1.012999
smids/Non-Sperm/Non-Sperm (846).bmp,calib,2,-0.360719,-1.045695,1.406414
smids/Non-Sperm/Non-Sperm (847).bmp,calib,2,-1.061484,-2.209921,3.271405
smids/Non-Sperm/Non-Sperm (849).bmp,calib,2,-1.476119,-1.821535,3.297654
smids/Non-Sperm/Non-Sperm (851).bmp,calib,2,-0.749886,-1.172743,1.922628
smids/Non-Sperm/Non-Sperm (862).bmp,calib,2,-2.562003,-1.505104,4.067106
smids/Non-Sperm/Non-Sperm (864).bmp,calib,2,-0.989750,-1.568129,2.557878
smids/Non-Sperm/Non-Sperm (869).bmp,calib,2,-1.380760,-1.241231,2.621991
smids/Non-Sperm/Non-Sperm (875).bmp,calib,2,-1.457274,-1.624685,3.081960
smids/Non-Sperm/Non-Sperm (89).bmp,calib,2,-0.923028,-1.871150,2.794176
smids/Non-Sperm/Non-Sperm (892).bmp,calib,2,0.258947,-0.171198,-0.087748
smids/Non-Sperm/Non-Sperm (895).bmp,calib,2,0.427721,-0.593302,0.165582
smids/Non-Sperm/Non-Sperm (897).bmp,calib,2,-0.682355,-0.559262,1.241616
smids/Non-Sperm/Non-Sperm (899).bmp,calib,2,-0.201160,-0.455394,0.656555
smids/Non-Sperm/Non-Sperm (9).bmp,calib,2,-1.653134,-0.289574,1.942709
smids/Non-Sperm/Non-Sperm (90).bmp,calib,2,-0.798861,-2.065312,2.864173
smids/Non-Sperm/Non-Sperm (908).bmp,calib,2,-1.184703,1.366956,-0.182253
smids/Non-Sperm/Non-Sperm (911).bmp,calib,2,-1.102289,1.257445,-0.155156
smids/Non-Sperm/Non-Sperm (912).bmp,calib,2,-0.374001,3.269603,-2.895604
smids/Non-Sperm/Non-Sperm (917).bmp,calib,2,-1.598735,-0.167994,1.766729
smids/Non-Sperm/Non-Sperm (926).bmp,calib,2,-0.899348,0.196725,0.702623
smids/Non-Sperm/Non-Sperm (932).bmp,calib,2,0.722079,-0.817935,0.095856
smids/Non-Sperm/Non-Sperm (941).bmp,calib,2,-1.866314,-0.916116,2.782430
smids/Non-Sperm/Non-Sperm (943).bmp,calib,2,-1.300586,-1.749042,3.049629
smids/Non-Sperm/Non-Sperm (945).bmp,calib,2,0.578947,-0.752920,0.173973
smids/Non-Sperm/Non-Sperm (948).bmp,calib,2,-0.882318,0.821087,0.061231
smids/Non-Sperm/Non-Sperm (950).bmp,calib,2,0.194981,0.332201,-0.527180
smids/Non-Sperm/Non-Sperm (951).bmp,calib,2,-0.147385,-0.688923,0.836307
smids/Non-Sperm/Non-Sperm (972).bmp,calib,2,-2.111899,0.209735,1.902164
smids/Normal_Sperm/Normal_Sperm (10).bmp,calib,0,1.707447,-1.106433,-0.601014
smids/Normal_Sperm/Normal_Sperm (101).bmp,calib,0,3.588912,-1.844623,-1.744289
smids/Normal_Sperm/Normal_Sperm (1012).bmp,calib,0,1.412421,0.092073,-1.504495
smids/Normal_Sperm/Normal_Sperm (1014).bmp,calib,0,1.641387,0.405919,-2.047306
smids/Normal_Sperm/Normal_Sperm (1015).bmp,calib,0,2.775743,0.013570,-2.789314
smids/Normal_Sperm/Normal_Sperm (112).bmp,calib,0,2.328812,0.571209,-2.900021
smids/Normal_Sperm/Normal_Sperm (114).bmp,calib,0,0.199331,1.092659,-1.291991
smids/Normal_Sperm/Normal_Sperm (116).bmp,calib,0,2.948213,0.039178,-2.987391
smids/Normal_Sperm/Normal_Sperm (12).bmp,calib,0,1.678298,-1.443079,-0.235219
smids/Normal_Sperm/Normal_Sperm (121).bmp,calib,0,1.940383,2.457273,-4.397657
smids/Normal_Sperm/Normal_Sperm (122).bmp,calib,0,-0.487633,0.122003,0.365628
smids/Normal_Sperm/Normal_Sperm (124).bmp,calib,0,2.753051,0.180128,-2.933179
smids/Normal_Sperm/Normal_Sperm (125).bmp,calib,0,2.226926,0.309592,-2.536517
smids/Normal_Sperm/Normal_Sperm (127).bmp,calib,0,1.198390,1.109303,-2.307694
smids/Normal_Sperm/Normal_Sperm (132).bmp,calib,0,0.578593,0.063821,-0.642412
smids/Normal_Sperm/Normal_Sperm (134).bmp,calib,0,-0.225808,0.970618,-0.744812
smids/Normal_Sperm/Normal_Sperm (142).bmp,calib,0,-0.983107,1.365690,-0.382584
smids/Normal_Sperm/Normal_Sperm (152).bmp,calib,0,0.079591,-0.067233,-0.012359
smids/Normal_Sperm/Normal_Sperm (163).bmp,calib,0,2.007489,-0.192155,-1.815335
smids/Normal_Sperm/Normal_Sperm (183).bmp,calib,0,1.421485,0.957167,-2.378653
smids/Normal_Sperm/Normal_Sperm (184).bmp,calib,0,1.065892,0.540304,-1.606196
smids/Normal_Sperm/Normal_Sperm (209).bmp,calib,0,1.637052,0.922108,-2.559161
smids/Normal_Sperm/Normal_Sperm (217).bmp,calib,0,1.832387,-0.864199,-0.968188
smids/Normal_Sperm/Normal_Sperm (219).bmp,calib,0,0.583468,0.768166,-1.351635
smids/Normal_Sperm/Normal_Sperm (221).bmp,calib,0,0.687908,-0.494888,-0.193018
smids/Normal_Sperm/Normal_Sperm (232).bmp,calib,0,0.639457,1.657145,-2.296603
smids/Normal_Sperm/Normal_Sperm (234).bmp,calib,0,1.392646,-0.540574,-0.852072
smids/Normal_Sperm/Normal_Sperm (237).bmp,calib,0,0.957482,1.389215,-2.346698
smids/Normal_Sperm/Normal_Sperm (240).bmp,calib,0,1.784930,-0.787838,-0.997093
smids/Normal_Sperm/Normal_Sperm (247).bmp,calib,0,1.169283,1.092307,-2.261590
smids/Normal_Sperm/Normal_Sperm (249).bmp,calib,0,1.621799,-1.272573,-0.349226
smids/Normal_Sperm/Normal_Sperm (253).bmp,calib,0,3.662476,-0.747904,-2.914572
smids/Normal_Sperm/Normal_Sperm (255).bmp,calib,0,2.765198,0.629411,-3.394610
smids/Normal_Sperm/Normal_Sperm (257).bmp,calib,0,1.140471,1.164437,-2.304909
smids/Normal_Sperm/Normal_Sperm (26).bmp,calib,0,3.421835,-1.273061,-2.148776
smids/Normal_Sperm/Normal_Sperm (271).bmp,calib,0,1.559650,-0.325006,-1.234644
smids/Normal_Sperm/Normal_Sperm (295).bmp,calib,0,2.423197,1.045509,-3.468706
smids/Normal_Sperm/Normal_Sperm (297).bmp,calib,0,1.495775,0.527610,-2.023386
smids/Normal_Sperm/Normal_Sperm (301).bmp,calib,0,1.030105,0.332494,-1.362600
smids/Normal_Sperm/Normal_Sperm (304).bmp,calib,0,2.357136,0.213873,-2.571009
smids/Normal_Sperm/Normal_Sperm (32).bmp,calib,0,2.163221,-0.245720,-1.917501
smids/Normal_Sperm/Normal_Sperm (332).bmp,calib,0,0.879081,-1.629426,0.750345
smids/Normal_Sperm/Normal_Sperm (335).bmp,calib,0,0.567459,-0.059986,-0.507474
smids/Normal_Sperm/Normal_Sperm (339).bmp,calib,0,-0.184833,-0.415453,0.600285
smids/Normal_Sperm/Normal_Sperm (340).bmp,calib,0,1.904082,-0.777429,-1.126653
smids/Normal_Sperm/Normal_Sperm (352).bmp,calib,0,1.861915,0.477713,-2.339629
smids/Normal_Sperm/Normal_Sperm (353).bmp,calib,0,0.597214,0.565177,-1.162391
smids/Normal_Sperm/Normal_Sperm (366).bmp,calib,0,3.201746,0.943637,-4.145384
smids/Normal_Sperm/Normal_Sperm (386).bmp,calib,0,2.679837,-0.299706,-2.380132
smids/Normal_Sperm/Normal_Sperm (395).bmp,calib,0,0.530960,0.356970,-0.887932
smids/Normal_Sperm/Normal_Sperm (397).bmp,calib,0,0.473939,-0.495082,0.021144
smids/Normal_Sperm/Normal_Sperm (4).bmp,calib,0,3.515444,0.676845,-4.192290
smids/Normal_Sperm/Normal_Sperm (400).bmp,calib,0,3.943564,-0.613454,-3.330111
smids/Normal_Sperm/Normal_Sperm (402).bmp,calib,0,0.753313,1.219449,-1.972763
smids/Normal_Sperm/Normal_Sperm (403).bmp,calib,0,-0.621818,1.749154,-1.127337
smids/Normal_Sperm/Normal_Sperm (404).bmp,calib,0,0.424275,0.710754,-1.135031
smids/Normal_Sperm/Normal_Sperm (411).bmp,calib,0,0.217097,1.337106,-1.554202
smids/Normal_Sperm/Normal_Sperm (414).bmp,calib,0,1.381711,0.485690,-1.867400
smids/Normal_Sperm/Normal_Sperm (415).bmp,calib,0,-0.862886,1.079881,-0.216994
smids/Normal_Sperm/Normal_Sperm (419).bmp,calib,0,2.074591,0.925135,-2.999727
smids/Normal_Sperm/Normal_Sperm (424).bmp,calib,0,3.088202,-0.118439,-2.969763
smids/Normal_Sperm/Normal_Sperm (443).bmp,calib,0,3.725854,-1.566964,-2.158889
smids/Normal_Sperm/Normal_Sperm (452).bmp,calib,0,2.974757,0.368990,-3.343749
smids/Normal_Sperm/Normal_Sperm (459).bmp,calib,0,2.271876,-0.802298,-1.469576
smids/Normal_Sperm/Normal_Sperm (462).bmp,calib,0,2.168214,-0.960771,-1.207444
smids/Normal_Sperm/Normal_Sperm (467).bmp,calib,0,2.871488,0.151963,-3.023449
smids/Normal_Sperm/Normal_Sperm (470).bmp,calib,0,2.812117,0.142677,-2.954794
smids/Normal_Sperm/Normal_Sperm (472).bmp,calib,0,1.941773,-0.058626,-1.883147
smids/Normal_Sperm/Normal_Sperm (50).bmp,calib,0,2.721547,0.179930,-2.901477
smids/Normal_Sperm/Normal_Sperm (513).bmp,calib,0,2.571002,-0.020581,-2.550422
smids/Normal_Sperm/Normal_Sperm (517).bmp,calib,0,1.090654,0.080608,-1.171261
smids/Normal_Sperm/Normal_Sperm (529).bmp,calib,0,1.677684,-0.171891,-1.505794
smids/Normal_Sperm/Normal_Sperm (531).bmp,calib,0,2.145320,0.622345,-2.767667
smids/Normal_Sperm/Normal_Sperm (532).bmp,calib,0,0.348297,1.488573,-1.836869
smids/Normal_Sperm/Normal_Sperm (534).bmp,calib,0,0.049806,1.606044,-1.655851
smids/Normal_Sperm/Normal_Sperm (535).bmp,calib,0,1.649241,-0.286395,-1.362846
smids/Normal_Sperm/Normal_Sperm (539).bmp,calib,0,3.779423,-0.438244,-3.341178
smids/Normal_Sperm/Normal_Sperm (542).bmp,calib,0,2.161924,0.397212,-2.559135
smids/Normal_Sperm/Normal_Sperm (544).bmp,calib,0,3.559804,-0.332098,-3.227706
smids/Normal_Sperm/Normal_Sperm (549).bmp,calib,0,1.799350,0.514812,-2.314162
smids/Normal_Sperm/Normal_Sperm (55).bmp,calib,0,0.421103,-0.234015,-0.187088
smids/Normal_Sperm/Normal_Sperm (560).bmp,calib,0,2.353565,0.007137,-2.360702
smids/Normal_Sperm/Normal_Sperm (563).bmp,calib,0,0.962323,0.815524,-1.777846
smids/Normal_Sperm/Normal_Sperm (574).bmp,calib,0,0.183338,0.015188,-0.198528
smids/Normal_Sperm/Normal_Sperm (588).bmp,calib,0,1.721265,-0.047553,-1.673711
smids/Normal_Sperm/Normal_Sperm (591).bmp,calib,0,3.236636,-0.354984,-2.881651
smids/Normal_Sperm/Normal_Sperm (593).bmp,calib,0,2.825612,-0.460088,-2.365524
smids/Normal_Sperm/Normal_Sperm (594).bmp,calib,0,1.905243,0.407404,-2.312649
smids/Normal_Sperm/Normal_Sperm (601).bmp,calib,0,1.517872,-0.093845,-1.424027
smids/Normal_Sperm/Normal_Sperm (605).bmp,calib,0,4.711843,0.061521,-4.773365
smids/Normal_Sperm/Normal_Sperm (607).bmp,calib,0,3.599765,-0.233708,-3.366058
smids/Normal_Sperm/Normal_Sperm (61).bmp,calib,0,1.651008,-0.113813,-1.537194
smids/Normal_Sperm/Normal_Sperm (611).bmp,calib,0,3.151754,0.384863,-3.536619
smids/Normal_Sperm/Normal_Sperm (621).bmp,calib,0,3.023423,0.665489,-3.688913
smids/Normal_Sperm/Normal_Sperm (633).bmp,calib,0,-0.362798,2.128101,-1.765303
smids/Normal_Sperm/Normal_Sperm (635).bmp,calib,0,2.289868,0.468152,-2.758020
smids/Normal_Sperm/Normal_Sperm (637).bmp,calib,0,0.732375,0.071445,-0.803820
smids/Normal_Sperm/Normal_Sperm (644).bmp,calib,0,1.160264,0.482480,-1.642744
smids/Normal_Sperm/Normal_Sperm (655).bmp,calib,0,0.364656,0.433038,-0.797695
smids/Normal_Sperm/Normal_Sperm (657).bmp,calib,0,0.674885,-0.769158,0.094274
smids/Normal_Sperm/Normal_Sperm (662).bmp,calib,0,2.174969,-1.086087,-1.088880
smids/Normal_Sperm/Normal_Sperm (685).bmp,calib,0,4.260964,0.562258,-4.823223
smids/Normal_Sperm/Normal_Sperm (694).bmp,calib,0,1.110913,-0.987967,-0.122946
smids/Normal_Sperm/Normal_Sperm (710).bmp,calib,0,3.247988,0.758486,-4.006474
smids/Normal_Sperm/Normal_Sperm (720).bmp,calib,0,1.917763,0.230970,-2.148735
smids/Normal_Sperm/Normal_Sperm (721).bmp,calib,0,2.601846,-0.668007,-1.933838
smids/Normal_Sperm/Normal_Sperm (727).bmp,calib,0,2.029373,-0.608058,-1.421315
smids/Normal_Sperm/Normal_Sperm (729).bmp,calib,0,2.521753,-1.632438,-0.889313
smids/Normal_Sperm/Normal_Sperm (73).bmp,calib,0,1.476421,0.830756,-2.307177
smids/Normal_Sperm/Normal_Sperm (730).bmp,calib,0,-0.533617,0.324068,0.209550
smids/Normal_Sperm/Normal_Sperm (735).bmp,calib,0,2.913528,-0.850851,-2.062679
smids/Normal_Sperm/Normal_Sperm (738).bmp,calib,0,3.815747,-0.955456,-2.860291
smids/Normal_Sperm/Normal_Sperm (740).bmp,calib,0,3.542765,-0.279739,-3.263026
smids/Normal_Sperm/Normal_Sperm (741).bmp,calib,0,1.778264,0.022168,-1.800431
smids/Normal_Sperm/Normal_Sperm (743).bmp,calib,0,1.269723,0.699321,-1.969046
smids/Normal_Sperm/Normal_Sperm (75).bmp,calib,0,0.924437,-1.004423,0.079986
smids/Normal_Sperm/Normal_Sperm (751).bmp,calib,0,3.073442,-0.511039,-2.562405
smids/Normal_Sperm/Normal_Sperm (752).bmp,calib,0,2.429297,-0.376840,-2.052458
smids/Normal_Sperm/Normal_Sperm (764).bmp,calib,0,2.918462,-1.267149,-1.651313
smids/Normal_Sperm/Normal_Sperm (776).bmp,calib,0,2.588629,-0.723296,-1.865331
smids/Normal_Sperm/Normal_Sperm (78).bmp,calib,0,1.976586,-1.284244,-0.692343
smids/Normal_Sperm/Normal_Sperm (788).bmp,calib,0,1.815744,-0.440001,-1.375744
smids/Normal_Sperm/Normal_Sperm (789).bmp,calib,0,1.838255,-0.655108,-1.183147
smids/Normal_Sperm/Normal_Sperm (799).bmp,calib,0,2.044804,-1.024179,-1.020625
smids/Normal_Sperm/Normal_Sperm (802).bmp,calib,0,0.783878,-1.065876,0.281998
smids/Normal_Sperm/Normal_Sperm (82).bmp,calib,0,-0.524424,1.077114,-0.552691
smids/Normal_Sperm/Normal_Sperm (822).bmp,calib,0,1.930797,-1.286363,-0.644434
smids/Normal_Sperm/Normal_Sperm (826).bmp,calib,0,2.234296,0.109789,-2.344085
smids/Normal_Sperm/Normal_Sperm (83).bmp,calib,0,2.517983,-0.961214,-1.556771
smids/Normal_Sperm/Normal_Sperm (836).bmp,calib,0,1.022333,1.145008,-2.167343
smids/Normal_Sperm/Normal_Sperm (837).bmp,calib,0,0.706141,0.818197,-1.524338
smids/Normal_Sperm/Normal_Sperm (839).bmp,calib,0,0.581965,1.591718,-2.173682
smids/Normal_Sperm/Normal_Sperm (840).bmp,calib,0,2.561177,0.249106,-2.810283
smids/Normal_Sperm/Normal_Sperm (842).bmp,calib,0,3.316297,0.224878,-3.541174
smids/Normal_Sperm/Normal_Sperm (846).bmp,calib,0,1.856227,0.176412,-2.032639
smids/Normal_Sperm/Normal_Sperm (847).bmp,calib,0,1.047926,0.135988,-1.183914
smids/Normal_Sperm/Normal_Sperm (867).bmp,calib,0,1.846842,0.578393,-2.425237
smids/Normal_Sperm/Normal_Sperm (876).bmp,calib,0,2.441032,0.231598,-2.672630
smids/Normal_Sperm/Normal_Sperm (877).bmp,calib,0,3.044304,-0.426730,-2.617575
smids/Normal_Sperm/Normal_Sperm (888).bmp,calib,0,2.406533,1.815419,-4.221954
smids/Normal_Sperm/Normal_Sperm (893).bmp,calib,0,-1.233543,2.182046,-0.948503
smids/Normal_Sperm/Normal_Sperm (90).bmp,calib,0,1.273239,-0.093465,-1.179775
smids/Normal_Sperm/Normal_Sperm (905).bmp,calib,0,0.020580,1.101308,-1.121889
smids/Normal_Sperm/Normal_Sperm (910).bmp,calib,0,0.953314,1.680655,-2.633969
smids/Normal_Sperm/Normal_Sperm (918).bmp,calib,0,1.833934,0.576842,-2.410778
smids/Normal_Sperm/Normal_Sperm (921).bmp,calib,0,2.856798,1.162709,-4.019507
smids/Normal_Sperm/Normal_Sperm (927).bmp,calib,0,0.860291,1.467055,-2.327345
smids/Normal_Sperm/Normal_Sperm (931).bmp,calib,0,1.776762,1.482543,-3.259307
smids/Normal_Sperm/Normal_Sperm (94).bmp,calib,0,1.207299,-0.650787,-0.556510
smids/Normal_Sperm/Normal_Sperm (945).bmp,calib,0,1.113978,1.569005,-2.682983
smids/Normal_Sperm/Normal_Sperm (950).bmp,calib,0,-0.020263,2.931974,-2.911711
smids/Normal_Sperm/Normal_Sperm (951).bmp,calib,0,1.756916,0.409972,-2.166888
smids/Normal_Sperm/Normal_Sperm (952).bmp,calib,0,-0.126994,0.697936,-0.570941
smids/Normal_Sperm/Normal_Sperm (963).bmp,calib,0,1.322361,0.640236,-1.962596
smids/Normal_Sperm/Normal_Sperm (98).bmp,calib,0,2.446278,-0.124055,-2.322225
smids/Normal_Sperm/Normal_Sperm (980).bmp,calib,0,0.078867,0.132628,-0.211494
smids/Normal_Sperm/Normal_Sperm (984).bmp,calib,0,0.441386,-0.991135,0.549750
smids/Normal_Sperm/Normal_Sperm (985).bmp,calib,0,1.703718,-0.837842,-0.865877
smids/Normal_Sperm/Normal_Sperm (99).bmp,calib,0,1.756563,-0.168513,-1.588052
smids/Normal_Sperm/Normal_Sperm (994).bmp,calib,0,-0.526247,-0.548070,1.074318
smids/Abnormal_Sperm/Abnormal_Sperm (1000).bmp,test,1,-0.670386,1.628593,-0.958207
smids/Abnormal_Sperm/Abnormal_Sperm (1001).bmp,test,1,0.623252,1.070940,-1.694191
smids/Abnormal_Sperm/Abnormal_Sperm (1002).bmp,test,1,2.156700,1.963037,-4.119737
smids/Abnormal_Sperm/Abnormal_Sperm (113).bmp,test,1,-1.535158,2.102489,-0.567330
smids/Abnormal_Sperm/Abnormal_Sperm (119).bmp,test,1,-0.384124,2.186160,-1.802035
smids/Abnormal_Sperm/Abnormal_Sperm (125).bmp,test,1,-0.305797,2.358341,-2.052544
smids/Abnormal_Sperm/Abnormal_Sperm (126).bmp,test,1,0.244342,1.354434,-1.598774
smids/Abnormal_Sperm/Abnormal_Sperm (127).bmp,test,1,-1.572435,2.876377,-1.303943
smids/Abnormal_Sperm/Abnormal_Sperm (130).bmp,test,1,-1.588584,3.855892,-2.267307
smids/Abnormal_Sperm/Abnormal_Sperm (134).bmp,test,1,0.321548,2.432414,-2.753962
smids/Abnormal_Sperm/Abnormal_Sperm (135).bmp,test,1,-1.049194,3.687123,-2.637930
smids/Abnormal_Sperm/Abnormal_Sperm (136).bmp,test,1,0.235656,1.513143,-1.748798
smids/Abnormal_Sperm/Abnormal_Sperm (137).bmp,test,1,1.571698,2.940123,-4.511820
smids/Abnormal_Sperm/Abnormal_Sperm (14).bmp,test,1,-0.450351,0.803201,-0.352849
smids/Abnormal_Sperm/Abnormal_Sperm (141).bmp,test,1,-1.605296,3.418942,-1.813646
smids/Abnormal_Sperm/Abnormal_Sperm (142).bmp,test,1,0.207449,1.506046,-1.713494
smids/Abnormal_Sperm/Abnormal_Sperm (145).bmp,test,1,0.039486,2.788988,-2.828475
smids/Abnormal_Sperm/Abnormal_Sperm (149).bmp,test,1,-0.735862,1.766473,-1.030611
smids/Abnormal_Sperm/Abnormal_Sperm (152).bmp,test,1,0.863710,1.079622,-1.943333
smids/Abnormal_Sperm/Abnormal_Sperm (163).bmp,test,1,-0.575266,3.138517,-2.563251
smids/Abnormal_Sperm/Abnormal_Sperm (168).bmp,test,1,0.367388,1.491567,-1.858953
smids/Abnormal_Sperm/Abnormal_Sperm (169).bmp,test,1,-1.388878,2.552003,-1.163125
smids/Abnormal_Sperm/Abnormal_Sperm (18).bmp,test,1,1.978584,3.425913,-5.404499
smids/Abnormal_Sperm/Abnormal_Sperm (180).bmp,test,1,0.931475,2.345366,-3.276842
smids/Abnormal_Sperm/Abnormal_Sperm (181).bmp,test,1,-1.655722,2.628222,-0.972500
smids/Abnormal_Sperm/Abnormal_Sperm (183).bmp,test,1,-0.649158,2.915994,-2.266837
smids/Abnormal_Sperm/Abnormal_Sperm (186).bmp,test,1,-0.431231,3.420182,-2.988950
smids/Abnormal_Sperm/Abnormal_Sperm (188).bmp,test,1,-0.480871,2.034597,-1.553725
smids/Abnormal_Sperm/Abnormal_Sperm (193).bmp,test,1,-0.571155,2.060229,-1.489074
smids/Abnormal_Sperm/Abnormal_Sperm (194).bmp,test,1,-1.365312,2.279147,-0.913833
smids/Abnormal_Sperm/Abnormal_Sperm (20).bmp,test,1,-1.446178,-0.869944,2.316122
smids/Abnormal_Sperm/Abnormal_Sperm (206).bmp,test,1,-0.977892,0.825925,0.151967
smids/Abnormal_Sperm/Abnormal_Sperm (218).bmp,test,1,1.265230,1.747334,-3.012563
smids/Abnormal_Sperm/Abnormal_Sperm (230).bmp,test,1,0.426263,1.491427,-1.917690
smids/Abnormal_Sperm/Abnormal_Sperm (231).bmp,test,1,0.038206,1.978003,-2.016209
smids/Abnormal_Sperm/Abnormal_Sperm (237).bmp,test,1,-2.494863,1.668170,0.826696
smids/Abnormal_Sperm/Abnormal_Sperm (239).bmp,test,1,1.165870,2.061031,-3.226900
smids/Abnormal_Sperm/Abnormal_Sperm (24).bmp,test,1,0.333489,2.795715,-3.129205
smids/Abnormal_Sperm/Abnormal_Sperm (240).bmp,test,1,-2.733169,1.610105,1.123066
smids/Abnormal_Sperm/Abnormal_Sperm (246).bmp,test,1,0.313843,1.026169,-1.340010
smids/Abnormal_Sperm/Abnormal_Sperm (249).bmp,test,1,-1.020477,1.069474,-0.048998
smids/Abnormal_Sperm/Abnormal_Sperm (25).bmp,test,1,-0.249607,2.019367,-1.769760
smids/Abnormal_Sperm/Abnormal_Sperm (250).bmp,test,1,-1.681714,2.011898,-0.330182
smids/Abnormal_Sperm/Abnormal_Sperm (264).bmp,test,1,-0.786269,2.624388,-1.838118
smids/Abnormal_Sperm/Abnormal_Sperm (269).bmp,test,1,-0.001037,0.021918,-0.020881
smids/Abnormal_Sperm/Abnormal_Sperm (271).bmp,test,1,-1.615458,3.088264,-1.472804
smids/Abnormal_Sperm/Abnormal_Sperm (289).bmp,test,1,-1.379877,2.514859,-1.134982
smids/Abnormal_Sperm/Abnormal_Sperm (3).bmp,test,1,-0.787263,0.666492,0.120772
smids/Abnormal_Sperm/Abnormal_Sperm (317).bmp,test,1,-0.241508,1.719261,-1.477752
smids/Abnormal_Sperm/Abnormal_Sperm (322).bmp,test,1,-1.815295,0.959812,0.855482
smids/Abnormal_Sperm/Abnormal_Sperm (332).bmp,test,1,0.088986,1.515527,-1.604514
smids/Abnormal_Sperm/Abnormal_Sperm (341).bmp,test,1,0.039585,2.807766,-2.847352
smids/Abnormal_Sperm/Abnormal_Sperm (357).bmp,test,1,-0.931862,1.430238,-0.498375
smids/Abnormal_Sperm/Abnormal_Sperm (361).bmp,test,1,0.179193,1.180094,-1.359288
smids/Abnormal_Sperm/Abnormal_Sperm (366).bmp,test,1,1.368577,1.122838,-2.491416
smids/Abnormal_Sperm/Abnormal_Sperm (372).bmp,test,1,-1.574396,1.434132,0.140264
smids/Abnormal_Sperm/Abnormal_Sperm (377).bmp,test,1,-0.067363,0.317485,-0.250122
smids/Abnormal_Sperm/Abnormal_Sperm (380).bmp,test,1,-1.378672,3.862961,-2.484288
smids/Abnormal_Sperm/Abnormal_Sperm (39).bmp,test,1,0.559203,1.849906,-2.409107
smids/Abnormal_Sperm/Abnormal_Sperm (391).bmp,test,1,-0.073473,2.083072,-2.009598
smids/Abnormal_Sperm/Abnormal_Sperm (392).bmp,test,1,0.092423,1.886784,-1.979208
smids/Abnormal_Sperm/Abnormal_Sperm (393).bmp,test,1,-1.040414,3.887919,-2.847503
smids/Abnormal_Sperm/Abnormal_Sperm (398).bmp,test,1,-1.309643,1.582913,-0.273268
smids/Abnormal_Sperm/Abnormal_Sperm (421).bmp,test,1,0.516342,1.790606,-2.306948
smids/Abnormal_Sperm/Abnormal_Sperm (428).bmp,test,1,-0.827205,0.428960,0.398245
smids/Abnormal_Sperm/Abnormal_Sperm (438).bmp,test,1,-0.278962,0.613550,-0.334589
smids/Abnormal_Sperm/Abnormal_Sperm (446).bmp,test,1,0.873769,2.833926,-3.707695
smids/Abnormal_Sperm/Abnormal_Sperm (449).bmp,test,1,-1.025825,2.889739,-1.863913
smids/Abnormal_Sperm/Abnormal_Sperm (450).bmp,test,1,-0.000344,2.189218,-2.188874
smids/Abnormal_Sperm/Abnormal_Sperm (451).bmp,test,1,0.351198,2.277771,-2.628969
smids/Abnormal_Sperm/Abnormal_Sperm (454).bmp,test,1,-0.266855,2.851629,-2.584775
smids/Abnormal_Sperm/Abnormal_Sperm (457).bmp,test,1,-0.778238,1.570362,-0.792122
smids/Abnormal_Sperm/Abnormal_Sperm (458).bmp,test,1,-0.973039,1.892407,-0.919368
smids/Abnormal_Sperm/Abnormal_Sperm (478).bmp,test,1,-0.540412,0.876874,-0.336463
smids/Abnormal_Sperm/Abnormal_Sperm (484).bmp,test,1,-1.023151,1.347868,-0.324716
smids/Abnormal_Sperm/Abnormal_Sperm (486).bmp,test,1,-3.484037,2.989244,0.494794
smids/Abnormal_Sperm/Abnormal_Sperm (487).bmp,test,1,1.984281,0.595631,-2.579911
smids/Abnormal_Sperm/Abnormal_Sperm (490).bmp,test,1,-1.402354,2.732253,-1.329899
smids/Abnormal_Sperm/Abnormal_Sperm (498).bmp,test,1,-0.056157,-0.650104,0.706261
smids/Abnormal_Sperm/Abnormal_Sperm (5).bmp,test,1,-0.463169,1.346924,-0.883755
smids/Abnormal_Sperm/Abnormal_Sperm (504).bmp,test,1,-0.774974,1.387601,-0.612626
smids/Abnormal_Sperm/Abnormal_Sperm (509).bmp,test,1,-3.161578,1.802156,1.359422
smids/Abnormal_Sperm/Abnormal_Sperm (514).bmp,test,1,0.429886,2.016506,-2.446392
smids/Abnormal_Sperm/Abnormal_Sperm (525).bmp,test,1,-1.176051,1.351086,-0.175034
smids/Abnormal_Sperm/Abnormal_Sperm (529).bmp,test,1,-2.039503,2.570133,-0.530629
smids/Abnormal_Sperm/Abnormal_Sperm (538).bmp,test,1,-0.725194,0.566875,0.158320
smids/Abnormal_Sperm/Abnormal_Sperm (544).bmp,test,1,-2.280249,2.509631,-0.229381
smids/Abnormal_Sperm/Abnormal_Sperm (559).bmp,test,1,-0.949673,1.317710,-0.368037
smids/Abnormal_Sperm/Abnormal_Sperm (561).bmp,test,1,0.845967,-0.010372,-0.835595
smids/Abnormal_Sperm/Abnormal_Sperm (565).bmp,test,1,0.982562,0.829899,-1.812461
smids/Abnormal_Sperm/Abnormal_Sperm (570).bmp,test,1,0.258933,0.550025,-0.808958
smids/Abnormal_Sperm/Abnormal_Sperm (571).bmp,test,1,-0.167576,-0.767834,0.935410
smids/Abnormal_Sperm/Abnormal_Sperm (572).bmp,test,1,0.022506,0.465142,-0.487651
smids/Abnormal_Sperm/Abnormal_Sperm (585).bmp,test,1,-0.615181,0.245780,0.369402
smids/Abnormal_Sperm/Abnormal_Sperm (588).bmp,test,1,-1.213875,1.666739,-0.452865
smids/Abnormal_Sperm/Abnormal_Sperm (60).bmp,test,1,-1.970699,2.063510,-0.092809
smids/Abnormal_Sperm/Abnormal_Sperm (602).bmp,test,1,-0.829110,0.856632,-0.027522
smids/Abnormal_Sperm/Abnormal_Sperm (607).bmp,test,1,0.659807,1.017942,-1.677750
smids/Abnormal_Sperm/Abnormal_Sperm (613).bmp,test,1,0.743305,0.395789,-1.139094
smids/Abnormal_Sperm/Abnormal_Sperm (619).bmp,test,1,-0.582379,2.714190,-2.131812
smids/Abnormal_Sperm/Abnormal_Sperm (620).bmp,test,1,-1.814636,1.533528,0.281108
smids/Abnormal_Sperm/Abnormal_Sperm (626).bmp,test,1,0.123463,1.506565,-1.630028
smids/Abnormal_Sperm/Abnormal_Sperm (629).bmp,test,1,-0.069517,-0.188380,0.257899
smids/Abnormal_Sperm/Abnormal_Sperm (63).bmp,test,1,-0.876453,1.474788,-0.598335
smids/Abnormal_Sperm/Abnormal_Sperm (630).bmp,test,1,-1.102889,0.314164,0.788726
smids/Abnormal_Sperm/Abnormal_Sperm (633).bmp,test,1,-0.831560,0.906457,-0.074898
smids/Abnormal_Sperm/Abnormal_Sperm (636).bmp,test,1,0.553512,2.044094,-2.597607
smids/Abnormal_Sperm/Abnormal_Sperm (637).bmp,test,1,1.357859,0.688367,-2.046226
smids/Abnormal_Sperm/Abnormal_Sperm (64).bmp,test,1,-1.760729,2.624713,-0.863983
smids/Abnormal_Sperm/Abnormal_Sperm (649).bmp,test,1,0.270955,0.177278,-0.448234
smids/Abnormal_Sperm/Abnormal_Sperm (654).bmp,test,1,1.322319,0.378199,-1.700519
smids/Abnormal_Sperm/Abnormal_Sperm (66).bmp,test,1,-1.942376,1.737123,0.205253
smids/Abnormal_Sperm/Abnormal_Sperm (663).bmp,test,1,0.909074,2.072184,-2.981258
smids/Abnormal_Sperm/Abnormal_Sperm (669).bmp,test,1,-0.584451,1.138686,-0.554235
smids/Abnormal_Sperm/Abnormal_Sperm (673).bmp,test,1,-0.507463,1.948907,-1.441445
smids/Abnormal_Sperm/Abnormal_Sperm (675).bmp,test,1,-0.710266,1.251543,-0.541276
smids/Abnormal_Sperm/Abnormal_Sperm (676).bmp,test,1,1.025081,1.394446,-2.419527
smids/Abnormal_Sperm/Abnormal_Sperm (678).bmp,test,1,-0.530377,1.352028,-0.821652
smids/Abnormal_Sperm/Abnormal_Sperm (695).bmp,test,1,0.130485,0.610512,-0.740997
smids/Abnormal_Sperm/Abnormal_Sperm (697).bmp,test,1,0.176513,1.048403,-1.224916
smids/Abnormal_Sperm/Abnormal_Sperm (7).bmp,test,1,1.782336,-0.132202,-1.650134
smids/Abnormal_Sperm/Abnormal_Sperm (701).bmp,test,1,-1.385304,1.332171,0.053132
smids/Abnormal_Sperm/Abnormal_Sperm (703).bmp,test,1,0.413955,1.249468,-1.663422
smids/Abnormal_Sperm/Abnormal_Sperm (704).bmp,test,1,-0.637308,0.968603,-0.331296
smids/Abnormal_Sperm/Abnormal_Sperm (712).bmp,test,1,-0.134514,1.612854,-1.478339
smids/Abnormal_Sperm/Abnormal_Sperm (72).bmp,test,1,-0.554520,3.033410,-2.478891
smids/Abnormal_Sperm/Abnormal_Sperm (727).bmp,test,1,-0.593189,0.776681,-0.183493
smids/Abnormal_Sperm/Abnormal_Sperm (731).bmp,test,1,0.764156,1.444809,-2.208966
smids/Abnormal_Sperm/Abnormal_Sperm (733).bmp,test,1,0.537906,1.854420,-2.392326
smids/Abnormal_Sperm/Abnormal_Sperm (737).bmp,test,1,0.358215,1.166496,-1.524712
smids/Abnormal_Sperm/Abnormal_Sperm (739).bmp,test,1,0.080113,1.561840,-1.641951
smids/Abnormal_Sperm/Abnormal_Sperm (740).bmp,test,1,0.362936,2.473501,-2.836436
smids/Abnormal_Sperm/Abnormal_Sperm (741).bmp,test,1,2.151572,1.551289,-3.702861
smids/Abnormal_Sperm/Abnormal_Sperm (744).bmp,test,1,0.214438,-0.179540,-0.034898
smids/Abnormal_Sperm/Abnormal_Sperm (745).bmp,test,1,2.055743,1.622199,-3.677941
smids/Abnormal_Sperm/Abnormal_Sperm (757).bmp,test,1,0.437320,2.441283,-2.878603
smids/Abnormal_Sperm/Abnormal_Sperm (758).bmp,test,1,0.504036,1.324733,-1.828769
smids/Abnormal_Sperm/Abnormal_Sperm (767).bmp,test,1,0.106694,2.875743,-2.982439
smids/Abnormal_Sperm/Abnormal_Sperm (77).bmp,test,1,-0.777603,1.878671,-1.101068
smids/Abnormal_Sperm/Abnormal_Sperm (772).bmp,test,1,0.652463,1.458006,-2.110470
smids/Abnormal_Sperm/Abnormal_Sperm (773).bmp,test,1,-0.784307,2.461842,-1.677534
smids/Abnormal_Sperm/Abnormal_Sperm (777).bmp,test,1,0.595899,3.276664,-3.872563
smids/Abnormal_Sperm/Abnormal_Sperm (779).bmp,test,1,0.818868,2.830048,-3.648917
smids/Abnormal_Sperm/Abnormal_Sperm (781).bmp,test,1,1.171380,-1.817825,0.646444
smids/Abnormal_Sperm/Abnormal_Sperm (782).bmp,test,1,-0.248458,1.812653,-1.564194
smids/Abnormal_Sperm/Abnormal_Sperm (789).bmp,test,1,-1.212161,1.333832,-0.121670
smids/Abnormal_Sperm/Abnormal_Sperm (790).bmp,test,1,0.564907,1.443026,-2.007934
smids/Abnormal_Sperm/Abnormal_Sperm (791).bmp,test,1,1.464810,0.431866,-1.896677
smids/Abnormal_Sperm/Abnormal_Sperm (80).bmp,test,1,-1.217510,2.727221,-1.509712
smids/Abnormal_Sperm/Abnormal_Sperm (802).bmp,test,1,0.873520,0.293369,-1.166890
smids/Abnormal_Sperm/Abnormal_Sperm (808).bmp,test,1,1.298494,1.569758,-2.868253
smids/Abnormal_Sperm/Abnormal_Sperm (811).bmp,test,1,1.693046,-0.189800,-1.503247
smids/Abnormal_Sperm/Abnormal_Sperm (815).bmp,test,1,1.032069,0.910771,-1.942840
smids/Abnormal_Sperm/Abnormal_Sperm (816).bmp,test,1,0.720384,1.362042,-2.082426
smids/Abnormal_Sperm/Abnormal_Sperm (817).bmp,test,1,-0.104523,2.039977,-1.935455
smids/Abnormal_Sperm/Abnormal_Sperm (825).bmp,test,1,1.325302,-0.364740,-0.960562
smids/Abnormal_Sperm/Abnormal_Sperm (826).bmp,test,1,1.518350,0.294917,-1.813265
smids/Abnormal_Sperm/Abnormal_Sperm (827).bmp,test,1,0.887458,0.899251,-1.786708
smids/Abnormal_Sperm/Abnormal_Sperm (834).bmp,test,1,2.191703,0.477599,-2.669303
smids/Abnormal_Sperm/Abnormal_Sperm (839).bmp,test,1,2.635623,-0.454065,-2.181558
smids/Abnormal_Sperm/Abnormal_Sperm (85).bmp,test,1,-1.758712,3.280636,-1.521924
smids/Abnormal_Sperm/Abnormal_Sperm (852).bmp,test,1,3.219122,0.125448,-3.344571
smids/Abnormal_Sperm/Abnormal_Sperm (857).bmp,test,1,-0.715414,2.029735,-1.314320
smids/Abnormal_Sperm/Abnormal_Sperm (862).bmp,test,1,-0.161764,1.964528,-1.802766
smids/Abnormal_Sperm/Abnormal_Sperm (871).bmp,test,1,-0.539613,1.218643,-0.679031
smids/Abnormal_Sperm/Abnormal_Sperm (876).bmp,test,1,0.077221,1.505490,-1.582711
smids/Abnormal_Sperm/Abnormal_Sperm (877).bmp,test,1,-1.075395,1.645291,-0.569896
smids/Abnormal_Sperm/Abnormal_Sperm (881).bmp,test,1,0.458437,1.650155,-2.108591
smids/Abnormal_Sperm/Abnormal_Sperm (887).bmp,test,1,-0.197561,0.061304,0.136257
smids/Abnormal_Sperm/Abnormal_Sperm (890).bmp,test,1,0.145423,1.456428,-1.601850
smids/Abnormal_Sperm/Abnormal_Sperm (893).bmp,test,1,0.508329,1.262787,-1.771117
smids/Abnormal_Sperm/Abnormal_Sperm (895).bmp,test,1,2.781181,1.310628,-4.091810
smids/Abnormal_Sperm/Abnormal_Sperm (897).bmp,test,1,2.414209,0.172220,-2.586430
smids/Abnormal_Sperm/Abnormal_Sperm (90).bmp,test,1,0.578190,0.393797,-0.971987
smids/Abnormal_Sperm/Abnormal_Sperm (915).bmp,test,1,0.974219,-0.403368,-0.570853
smids/Abnormal_Sperm/Abnormal_Sperm (916).bmp,test,1,-1.108763,0.860682,0.248082
smids/Abnormal_Sperm/Abnormal_Sperm (917).bmp,test,1,1.245145,0.570762,-1.815909
smids/Abnormal_Sperm/Abnormal_Sperm (918).bmp,test,1,0.873744,1.165017,-2.038762
smids/Abnormal_Sperm/Abnormal_Sperm (920).bmp,test,1,0.197629,-0.918088,0.720459
smids/Abnormal_Sperm/Abnormal_Sperm (922).bmp,test,1,0.505075,0.613709,-1.118784
smids/Abnormal_Sperm/Abnormal_Sperm (923).bmp,test,1,-0.096552,1.179147,-1.082595
smids/Abnormal_Sperm/Abnormal_Sperm (93).bmp,test,1,-0.732036,2.944557,-2.212521
smids/Abnormal_Sperm/Abnormal_Sperm (931).bmp,test,1,2.238000,0.245397,-2.483397
smids/Abnormal_Sperm/Abnormal_Sperm (932).bmp,test,1,1.537067,0.804142,-2.341208
smids/Abnormal_Sperm/Abnormal_Sperm (933).bmp,test,1,1.519377,0.400420,-1.919796
smids/Abnormal_Sperm/Abnormal_Sperm (937).bmp,test,1,-1.301751,0.785654,0.516097
smids/Abnormal_Sperm/Abnormal_Sperm (940).bmp,test,1,-0.948493,0.243161,0.705332
smids/Abnormal_Sperm/Abnormal_Sperm (942).bmp,test,1,0.794246,-1.049462,0.255216
smids/Abnormal_Sperm/Abnormal_Sperm (950).bmp,test,1,1.280324,0.281010,-1.561335
smids/Abnormal_Sperm/Abnormal_Sperm (972).bmp,test,1,-0.409278,1.038634,-0.629356
smids/Abnormal_Sperm/Abnormal_Sperm (978).bmp,test,1,0.420087,1.305329,-1.725415
smids/Abnormal_Sperm/Abnormal_Sperm (985).bmp,test,1,0.928990,1.431299,-2.360290
smids/Abnormal_Sperm/Abnormal_Sperm (988).bmp,test,1,-1.453587,1.935884,-0.482297
smids/Abnormal_Sperm/Abnormal_Sperm (993).bmp,test,1,-0.135589,0.463191,-0.327601
smids/Abnormal_Sperm/Abnormal_Sperm (998).bmp,test,1,0.256608,1.643894,-1.900502
smids/Non-Sperm/Non-Sperm (106).bmp,test,2,-0.855565,-1.857242,2.712805
smids/Non-Sperm/Non-Sperm (112).bmp,test,2,-2.038891,-1.269461,3.308351
smids/Non-Sperm/Non-Sperm (113).bmp,test,2,-2.253882,-1.904136,4.158019
smids/Non-Sperm/Non-Sperm (115).bmp,test,2,-1.473562,-1.647342,3.120905
smids/Non-Sperm/Non-Sperm (118).bmp,test,2,-1.595813,-2.484325,4.080138
smids/Non-Sperm/Non-Sperm (12).bmp,test,2,-1.606130,-0.886700,2.492831
smids/Non-Sperm/Non-Sperm (120).bmp,test,2,-1.568421,-2.024454,3.592877
smids/Non-Sperm/Non-Sperm (13).bmp,test,2,-1.089337,-1.943810,3.033147
smids/Non-Sperm/Non-Sperm (130).bmp,test,2,-1.813725,-1.052165,2.865890
smids/Non-Sperm/Non-Sperm (131).bmp,test,2,-1.087029,-2.521784,3.608813
smids/Non-Sperm/Non-Sperm (144).bmp,test,2,-0.126221,-2.692596,2.818816
smids/Non-Sperm/Non-Sperm (145).bmp,test,2,-1.032304,-1.711833,2.744137
smids/Non-Sperm/Non-Sperm (153).bmp,test,2,-1.316439,-2.275682,3.592122
smids/Non-Sperm/Non-Sperm (160).bmp,test,2,-1.142231,-0.930058,2.072290
smids/Non-Sperm/Non-Sperm (161).bmp,test,2,2.631477,0.036259,-2.667737
smids/Non-Sperm/Non-Sperm (181).bmp,test,2,-1.195292,-1.647440,2.842733
smids/Non-Sperm/Non-Sperm (184).bmp,test,2,-0.348964,-1.273300,1.622265
smids/Non-Sperm/Non-Sperm (185).bmp,test,2,-1.748990,1.227647,0.521343
smids/Non-Sperm/Non-Sperm (189).bmp,test,2,-0.377983,-1.657751,2.035734
smids/Non-Sperm/Non-Sperm (190).bmp,test,2,-1.513000,0.635331,0.877669
smids/Non-Sperm/Non-Sperm (191).bmp,test,2,-1.194358,1.011679,0.182680
smids/Non-Sperm/Non-Sperm (193).bmp,test,2,-1.106510,-2.020681,3.127190
smids/Non-Sperm/Non-Sperm (197).bmp,test,2,-1.678512,0.269830,1.408683
smids/Non-Sperm/Non-Sperm (20).bmp,test,2,-0.773940,-1.050841,1.824780
smids/Non-Sperm/Non-Sperm (211).bmp,test,2,-1.045714,-1.651678,2.697393
smids/Non-Sperm/Non-Sperm (214).bmp,test,2,-1.539005,-1.756667,3.295672
smids/Non-Sperm/Non-Sperm (220).bmp,test,2,-0.890700,-1.150421,2.041122
smids/Non-Sperm/Non-Sperm (231).bmp,test,2,-1.576782,-0.875653,2.452435
smids/Non-Sperm/Non-Sperm (234).bmp,test,2,-1.076206,-1.996561,3.072768
smids/Non-Sperm/Non-Sperm (237).bmp,test,2,-0.786523,-1.494321,2.280845
smids/Non-Sperm/Non-Sperm (238).bmp,test,2,-0.727434,-1.830350,2.557784
smids/Non-Sperm/Non-Sperm (240).bmp,test,2,-1.192110,-2.537709,3.729820
smids/Non-Sperm/Non-Sperm (244).bmp,test,2,-1.725788,-1.138267,2.864054
smids/Non-Sperm/Non-Sperm (250).bmp,test,2,-0.650642,-2.172932,2.823574
smids/Non-Sperm/Non-Sperm (253).bmp,test,2,-1.026140,-1.633863,2.660003
smids/Non-Sperm/Non-Sperm (254).bmp,test,2,-1.070758,-1.339925,2.410684
smids/Non-Sperm/Non-Sperm (255).bmp,test,2,-1.226620,-1.959821,3.186443
smids/Non-Sperm/Non-Sperm (267).bmp,test,2,-2.239991,-2.007799,4.247792
smids/Non-Sperm/Non-Sperm (273).bmp,test,2,-1.181828,-0.918500,2.100328
smids/Non-Sperm/Non-Sperm (288).bmp,test,2,-1.112303,-2.314268,3.426571
smids/Non-Sperm/Non-Sperm (298).bmp,test,2,-0.694893,-2.270117,2.965011
smids/Non-Sperm/Non-Sperm (300).bmp,test,2,-0.645757,-2.546698,3.192455
smids/Non-Sperm/Non-Sperm (301).bmp,test,2,-0.415395,-1.391821,1.807216
smids/Non-Sperm/Non-Sperm (304).bmp,test,2,-0.424087,-1.472673,1.896759
smids/Non-Sperm/Non-Sperm (305).bmp,test,2,-0.324421,-1.474506,1.798926
smids/Non-Sperm/Non-Sperm (309).bmp,test,2,-0.116244,-2.129817,2.246060
smids/Non-Sperm/Non-Sperm (310).bmp,test,2,-0.954817,-2.017726,2.972543
smids/Non-Sperm/Non-Sperm (316).bmp,test,2,-0.708566,-2.459931,3.168496
smids/Non-Sperm/Non-Sperm (318).bmp,test,2,-0.391787,-2.369890,2.761677
smids/Non-Sperm/Non-Sperm (319).bmp,test,2,-1.253664,-1.639731,2.893394
smids/Non-Sperm/Non-Sperm (330).bmp,test,2,-1.497386,-0.051076,1.548462
smids/Non-Sperm/Non-Sperm (331).bmp,test,2,-0.874259,-2.498940,3.373198
smids/Non-Sperm/Non-Sperm (332).bmp,test,2,-0.341620,-0.287171,0.628790
smids/Non-Sperm/Non-Sperm (340).bmp,test,2,-1.180693,-0.629838,1.810531
smids/Non-Sperm/Non-Sperm (344).bmp,test,2,-1.301792,-0.897686,2.199476
smids/Non-Sperm/Non-Sperm (348).bmp,test,2,-1.369512,-1.603444,2.972955
smids/Non-Sperm/Non-Sperm (35).bmp,test,2,0.995571,1.075830,-2.071403
smids/Non-Sperm/Non-Sperm (352).bmp,test,2,-1.369252,-2.201028,3.570281
smids/Non-Sperm/Non-Sperm (355).bmp,test,2,-0.891581,0.113282,0.778298
smids/Non-Sperm/Non-Sperm (362).bmp,test,2,-0.753389,-0.897101,1.650490
smids/Non-Sperm/Non-Sperm (363).bmp,test,2,-0.901419,-0.400606,1.302026
smids/Non-Sperm/Non-Sperm (366).bmp,test,2,-0.461464,-1.184139,1.645602
smids/Non-Sperm/Non-Sperm (374).bmp,test,2,-1.662728,-0.900872,2.563600
smids/Non-Sperm/Non-Sperm (377).bmp,test,2,-0.920455,-0.889194,1.809649
smids/Non-Sperm/Non-Sperm (384).bmp,test,2,-0.929975,0.043217,0.886758
smids/Non-Sperm/Non-Sperm (385).bmp,test,2,-0.850065,0.399058,0.451007
smids/Non-Sperm/Non-Sperm (389).bmp,test,2,-1.294615,-1.946699,3.241316
smids/Non-Sperm/Non-Sperm (390).bmp,test,2,-1.527949,-1.018972,2.546921
smids/Non-Sperm/Non-Sperm (391).bmp,test,2,-0.558707,0.330614,0.228093
smids/Non-Sperm/Non-Sperm (41).bmp,test,2,-2.020732,1.443388,0.577343
smids/Non-Sperm/Non-Sperm (42).bmp,test,2,-1.077261,0.458928,0.618334
smids/Non-Sperm/Non-Sperm (432).bmp,test,2,-1.561063,-1.115076,2.676140
smids/Non-Sperm/Non-Sperm (446).bmp,test,2,-0.864797,-2.490697,3.355494
smids/Non-Sperm/Non-Sperm (460).bmp,test,2,-0.636293,-2.535798,3.172090
smids/Non-Sperm/Non-Sperm (462).bmp,test,2,-1.288748,-1.957012,3.245761
smids/Non-Sperm/Non-Sperm (465).bmp,test,2,-1.663717,-1.572919,3.236638
smids/Non-Sperm/Non-Sperm (47).bmp,test,2,-1.976958,0.742871,1.234088
smids/Non-Sperm/Non-Sperm (471).bmp,test,2,-1.285383,-0.808121,2.093503
smids/Non-Sperm/Non-Sperm (475).bmp,test,2,-0.871095,-2.027469,2.898562
smids/Non-Sperm/Non-Sperm (477).bmp,test,2,-1.543911,-2.041391,3.585302
smids/Non-Sperm/Non-Sperm (480).bmp,test,2,-1.280288,-0.682623,1.962911
smids/Non-Sperm/Non-Sperm (499).bmp,test,2,-1.408260,-2.403044,3.811304
smids/Non-Sperm/Non-Sperm (500).bmp,test,2,-1.415297,-2.201886,3.617183
smids/Non-Sperm/Non-Sperm (501).bmp,test,2,-1.223029,-1.820876,3.043906
smids/Non-Sperm/Non-Sperm (502).bmp,test,2,-1.246946,-1.658978,2.905924
smids/Non-Sperm/Non-Sperm (509).bmp,test,2,-1.427084,-1.342962,2.770046
smids/Non-Sperm/Non-Sperm (524).bmp,test,2,-0.486239,0.181486,0.304751
smids/Non-Sperm/Non-Sperm (532).bmp,test,2,-1.417229,-1.784607,3.201837
smids/Non-Sperm/Non-Sperm (533).bmp,test,2,-0.714179,0.039615,0.674563
smids/Non-Sperm/Non-Sperm (535).bmp,test,2,-1.424616,-1.598891,3.023508
smids/Non-Sperm/Non-Sperm (536).bmp,test,2,-0.505579,-1.631027,2.136605
smids/Non-Sperm/Non-Sperm (539).bmp,test,2,-0.604287,-1.926729,2.531016
smids/Non-Sperm/Non-Sperm (540).bmp,test,2,-0.647386,-1.070505,1.717891
smids/Non-Sperm/Non-Sperm (547).bmp,test,2,-1.344826,-2.145263,3.490088
smids/Non-Sperm/Non-Sperm (548).bmp,test,2,-1.520710,-1.931207,3.451918
smids/Non-Sperm/Non-Sperm (55).bmp,test,2,-1.692561,0.536551,1.156010
smids/Non-Sperm/Non-Sperm (554).bmp,test,2,-0.919986,-0.306576,1.226562
smids/Non-Sperm/Non-Sperm (562).bmp,test,2,-1.394462,-1.458589,2.853051
smids/Non-Sperm/Non-Sperm (563).bmp,test,2,-1.539329,-0.192952,1.732281
smids/Non-Sperm/Non-Sperm (571).bmp,test,2,-1.421179,1.245440,0.175740
smids/Non-Sperm/Non-Sperm (575).bmp,test,2,-1.594002,-2.043401,3.637404
smids/Non-Sperm/Non-Sperm (576).bmp,test,2,-1.245001,0.895118,0.349883
smids/Non-Sperm/Non-Sperm (578).bmp,test,2,1.215170,-1.057572,-0.157598
smids/Non-Sperm/Non-Sperm (58).bmp,test,2,-2.369623,0.505508,1.864117
smids/Non-Sperm/Non-Sperm (587).bmp,test,2,-2.753476,0.371798,2.381678
smids/Non-Sperm/Non-Sperm (595).bmp,test,2,-1.603780,-1.586665,3.190446
smids/Non-Sperm/Non-Sperm (596).bmp,test,2,-0.653254,-1.486869,2.140124
smids/Non-Sperm/Non-Sperm (603).bmp,test,2,-2.259167,-0.066529,2.325697
smids/Non-Sperm/Non-Sperm (606).bmp,test,2,-1.240150,-2.189905,3.430055
smids/Non-Sperm/Non-Sperm (614).bmp,test,2,-0.535306,-2.353883,2.889189
smids/Non-Sperm/Non-Sperm (615).bmp,test,2,-2.083097,-0.362261,2.445359
smids/Non-Sperm/Non-Sperm (617).bmp,test,2,-1.935980,-1.571452,3.507432
smids/Non-Sperm/Non-Sperm (619).bmp,test,2,-1.536179,-0.961660,2.497839
smids/Non-Sperm/Non-Sperm (620).bmp,test,2,-0.787371,-2.437502,3.224873
smids/Non-Sperm/Non-Sperm (627).bmp,test,2,-1.851683,-2.154455,4.006140
smids/Non-Sperm/Non-Sperm (632).bmp,test,2,-0.690341,-0.777554,1.467894
smids/Non-Sperm/Non-Sperm (638).bmp,test,2,-0.665165,-0.471824,1.136989
smids/Non-Sperm/Non-Sperm (641).bmp,test,2,-1.011777,-1.653773,2.665550
smids/Non-Sperm/Non-Sperm (648).bmp,test,2,-1.416902,-1.105252,2.522153
smids/Non-Sperm/Non-Sperm (650).bmp,test,2,-1.937051,0.756995,1.180057
smids/Non-Sperm/Non-Sperm (651).bmp,test,2,-1.525897,-1.686278,3.212175
smids/Non-Sperm/Non-Sperm (658).bmp,test,2,-0.602121,-0.921627,1.523747
smids/Non-Sperm/Non-Sperm (661).bmp,test,2,-1.493727,-2.506488,4.000217
smids/Non-Sperm/Non-Sperm (664).bmp,test,2,-2.580491,0.240291,2.340201
smids/Non-Sperm/Non-Sperm (673).bmp,test,2,-1.531229,-1.811413,3.342643
smids/Non-Sperm/Non-Sperm (676).bmp,test,2,-2.408785,1.993271,0.415513
smids/Non-Sperm/Non-Sperm (68).bmp,test,2,-2.911004,0.650671,2.260332
smids/Non-Sperm/Non-Sperm (685).bmp,test,2,-0.902772,-1.893594,2.796366
smids/Non-Sperm/Non-Sperm (688).bmp,test,2,-1.791407,-1.450163,3.241569
smids/Non-Sperm/Non-Sperm (69).bmp,test,2,-0.398383,-0.618999,1.017381
smids/Non-Sperm/Non-Sperm (691).bmp,test,2,-0.305621,-1.368258,1.673879
smids/Non-Sperm/Non-Sperm (692).bmp,test,2,-0.960609,-1.157046,2.117656
smids/Non-Sperm/Non-Sperm (700).bmp,test,2,-1.483148,-2.208415,3.691563
smids/Non-Sperm/Non-Sperm (701).bmp,test,2,-2.319568,-1.256426,3.575994
smids/Non-Sperm/Non-Sperm (705).bmp,test,2,0.009834,-0.881097,0.871263
smids/Non-Sperm/Non-Sperm (712).bmp,test,2,-1.482540,-1.385560,2.868100
smids/Non-Sperm/Non-Sperm (714).bmp,test,2,-0.067864,-2.106218,2.174083
smids/Non-Sperm/Non-Sperm (719).bmp,test,2,-1.322373,-0.039998,1.362373
smids/Non-Sperm/Non-Sperm (725).bmp,test,2,-1.414908,-0.581378,1.996286
smids/Non-Sperm/Non-Sperm (731).bmp,test,2,-2.121738,-1.756201,3.877938
smids/Non-Sperm/Non-Sperm (750).bmp,test,2,-1.019341,-0.346558,1.365900
smids/Non-Sperm/Non-Sperm (751).bmp,test,2,-1.117883,-1.694268,2.812152
smids/Non-Sperm/Non-Sperm (755).bmp,test,2,-1.199456,1.629803,-0.430347
smids/Non-Sperm/Non-Sperm (756).bmp,test,2,-1.774433,-1.311239,3.085672
smids/Non-Sperm/Non-Sperm (764).bmp,test,2,-0.722671,-1.618037,2.340709
smids/Non-Sperm/Non-Sperm (769).bmp,test,2,-1.314350,-1.463559,2.777910
smids/Non-Sperm/Non-Sperm (77).bmp,test,2,-2.031130,0.577061,1.454069
smids/Non-Sperm/Non-Sperm (771).bmp,test,2,-1.968372,-1.508848,3.477221
smids/Non-Sperm/Non-Sperm (789).bmp,test,2,-0.572811,-1.663693,2.236504
smids/Non-Sperm/Non-Sperm (79).bmp,test,2,1.139180,-0.030532,-1.108647
smids/Non-Sperm/Non-Sperm (795).bmp,test,2,-0.005732,-0.693265,0.698997
smids/Non-Sperm/Non-Sperm (810).bmp,test,2,-1.249689,-1.718144,2.967833
smids/Non-Sperm/Non-Sperm (813).bmp,test,2,-0.436278,-1.546843,1.983122
smids/Non-Sperm/Non-Sperm (816).bmp,test,2,-0.460776,-1.764430,2.225208
smids/Non-Sperm/Non-Sperm (817).bmp,test,2,-0.271240,-1.835599,2.106838
smids/Non-Sperm/Non-Sperm (821).bmp,test,2,-1.290637,-1.169058,2.459697
smids/Non-Sperm/Non-Sperm (822).bmp,test,2,-1.580747,-1.374657,2.955404
smids/Non-Sperm/Non-Sperm (828).bmp,test,2,-3.109582,-0.388929,3.498511
smids/Non-Sperm/Non-Sperm (834).bmp,test,2,0.939397,0.140952,-1.080351
smids/Non-Sperm/Non-Sperm (836).bmp,test,2,-0.215189,-0.463954,0.679142
smids/Non-Sperm/Non-Sperm (844).bmp,test,2,-1.785065,0.824829,0.960236
smids/Non-Sperm/Non-Sperm (848).bmp,test,2,-1.878447,-1.763973,3.642422
smids/Non-Sperm/Non-Sperm (857).bmp,test,2,-2.478875,-0.741326,3.220201
smids/Non-Sperm/Non-Sperm (860).bmp,test,2,-2.083571,-1.429927,3.513497
smids/Non-Sperm/Non-Sperm (861).bmp,test,2,-1.761282,0.287897,1.473384
smids/Non-Sperm/Non-Sperm (863).bmp,test,2,-1.555219,-1.528527,3.083748
smids/Non-Sperm/Non-Sperm (866).bmp,test,2,-1.228109,-0.457286,1.685396
smids/Non-Sperm/Non-Sperm (871).bmp,test,2,-1.156331,-1.994238,3.150569
smids/Non-Sperm/Non-Sperm (872).bmp,test,2,-2.166397,0.488590,1.677807
smids/Non-Sperm/Non-Sperm (876).bmp,test,2,-1.038302,-1.010700,2.049002
smids/Non-Sperm/Non-Sperm (879).bmp,test,2,-1.538594,-0.665825,2.204420
smids/Non-Sperm/Non-Sperm (88).bmp,test,2,-0.946736,1.189080,-0.242342
smids/Non-Sperm/Non-Sperm (880).bmp,test,2,-2.039395,-0.259625,2.299022
smids/Non-Sperm/Non-Sperm (882).bmp,test,2,-1.437825,-1.357596,2.795423
smids/Non-Sperm/Non-Sperm (886).bmp,test,2,-1.651355,-1.422561,3.073917
smids/Non-Sperm/Non-Sperm (888).bmp,test,2,-0.467033,-1.726097,2.193131
smids/Non-Sperm/Non-Sperm (900).bmp,test,2,-0.316445,-0.406871,0.723315
smids/Non-Sperm/Non-Sperm (903).bmp,test,2,-1.651426,1.735940,-0.084513
smids/Non-Sperm/Non-Sperm (918).bmp,test,2,-0.649282,0.486380,0.162903
smids/Non-Sperm/Non-Sperm (920).bmp,test,2,-1.835285,-0.645390,2.480676
smids/Non-Sperm/Non-Sperm (922).bmp,test,2,-1.995510,-0.276177,2.271690
smids/Non-Sperm/Non-Sperm (923).bmp,test,2,-1.785377,0.050547,1.734832
smids/Non-Sperm/Non-Sperm (924).bmp,test,2,0.719728,-0.740608,0.020881
smids/Non-Sperm/Non-Sperm (928).bmp,test,2,-1.451943,1.909040,-0.457096
smids/Non-Sperm/Non-Sperm (934).bmp,test,2,-2.364856,-2.190345,4.555202
smids/Non-Sperm/Non-Sperm (936).bmp,test,2,0.477129,-2.277209,1.800080
smids/Non-Sperm/Non-Sperm (937).bmp,test,2,-2.257236,-0.007266,2.264503
smids/Non-Sperm/Non-Sperm (947).bmp,test,2,-0.317714,-1.180613,1.498326
smids/Non-Sperm/Non-Sperm (953).bmp,test,2,-1.421787,0.161519,1.260269
smids/Non-Sperm/Non-Sperm (961).bmp,test,2,-0.978644,-1.037435,2.016079
smids/Non-Sperm/Non-Sperm (962).bmp,test,2,-0.847521,-1.430096,2.277618
smids/Non-Sperm/Non-Sperm (966).bmp,test,2,-0.431518,0.015834,0.415685
smids/Non-Sperm/Non-Sperm (970).bmp,test,2,-2.298063,-1.172334,3.470398
smids/Non-Sperm/Non-Sperm (971).bmp,test,2,-1.557860,-1.067039,2.624900
smids/Normal_Sperm/Normal_Sperm (100).bmp,test,0,3.011380,-1.133374,-1.878006
smids/Normal_Sperm/Normal_Sperm (1005).bmp,test,0,-0.143231,1.656086,-1.512854
smids/Normal_Sperm/Normal_Sperm (1007).bmp,test,0,1.948471,1.235890,-3.184362
smids/Normal_Sperm/Normal_Sperm (1021).bmp,test,0,1.421186,0.987789,-2.408975
smids/Normal_Sperm/Normal_Sperm (108).bmp,test,0,1.385291,-0.352166,-1.033125
smids/Normal_Sperm/Normal_Sperm (110).bmp,test,0,1.358953,-0.790438,-0.568515
smids/Normal_Sperm/Normal_Sperm (111).bmp,test,0,0.321938,-0.404195,0.082258
smids/Normal_Sperm/Normal_Sperm (117).bmp,test,0,3.205354,0.329367,-3.534722
smids/Normal_Sperm/Normal_Sperm (133).bmp,test,0,0.062761,0.821175,-0.883937
smids/Normal_Sperm/Normal_Sperm (135).bmp,test,0,-1.258097,0.274306,0.983791
smids/Normal_Sperm/Normal_Sperm (136).bmp,test,0,1.082767,0.218650,-1.301418
smids/Normal_Sperm/Normal_Sperm (138).bmp,test,0,1.285634,0.958476,-2.244111
smids/Normal_Sperm/Normal_Sperm (139).bmp,test,0,-0.227510,0.158795,0.068714
smids/Normal_Sperm/Normal_Sperm (14).bmp,test,0,-0.054402,-0.150216,0.204619
smids/Normal_Sperm/Normal_Sperm (141).bmp,test,0,0.381311,0.401034,-0.782345
smids/Normal_Sperm/Normal_Sperm (143).bmp,test,0,2.388189,1.220869,-3.609060
smids/Normal_Sperm/Normal_Sperm (145).bmp,test,0,1.125651,1.104405,-2.230057
smids/Normal_Sperm/Normal_Sperm (16).bmp,test,0,0.252553,-0.330398,0.077845
smids/Normal_Sperm/Normal_Sperm (162).bmp,test,0,2.720758,-0.233758,-2.487000
smids/Normal_Sperm/Normal_Sperm (168).bmp,test,0,2.143128,-0.305770,-1.837358
smids/Normal_Sperm/Normal_Sperm (172).bmp,test,0,2.118777,-0.372938,-1.745839
smids/Normal_Sperm/Normal_Sperm (174).bmp,test,0,1.502179,1.247632,-2.749814
smids/Normal_Sperm/Normal_Sperm (176).bmp,test,0,2.479753,-0.290058,-2.189697
smids/Normal_Sperm/Normal_Sperm (182).bmp,test,0,-0.850514,1.240252,-0.389737
smids/Normal_Sperm/Normal_Sperm (189).bmp,test,0,0.954859,-0.026332,-0.928527
smids/Normal_Sperm/Normal_Sperm (193).bmp,test,0,0.733072,-0.813799,0.080727
smids/Normal_Sperm/Normal_Sperm (195).bmp,test,0,1.237824,0.352861,-1.590685
smids/Normal_Sperm/Normal_Sperm (197).bmp,test,0,2.201632,0.916608,-3.118240
smids/Normal_Sperm/Normal_Sperm (2).bmp,test,0,1.837917,-0.860814,-0.977103
smids/Normal_Sperm/Normal_Sperm (207).bmp,test,0,1.103802,0.659660,-1.763462
smids/Normal_Sperm/Normal_Sperm (211).bmp,test,0,1.665902,-1.375454,-0.290447
smids/Normal_Sperm/Normal_Sperm (212).bmp,test,0,1.333356,-0.300454,-1.032901
smids/Normal_Sperm/Normal_Sperm (22).bmp,test,0,-0.202280,0.041395,0.160883
smids/Normal_Sperm/Normal_Sperm (220).bmp,test,0,1.496585,-0.083027,-1.413557
smids/Normal_Sperm/Normal_Sperm (227).bmp,test,0,2.882239,-0.953072,-1.929166
smids/Normal_Sperm/Normal_Sperm (23).bmp,test,0,0.324121,-2.012165,1.688043
smids/Normal_Sperm/Normal_Sperm (230).bmp,test,0,2.648051,1.084759,-3.732812
smids/Normal_Sperm/Normal_Sperm (236).bmp,test,0,0.238364,0.582336,-0.820701
smids/Normal_Sperm/Normal_Sperm (238).bmp,test,0,0.871447,2.188089,-3.059535
smids/Normal_Sperm/Normal_Sperm (24).bmp,test,0,2.272847,-0.458479,-1.814368
smids/Normal_Sperm/Normal_Sperm (245).bmp,test,0,0.603929,0.086266,-0.690196
smids/Normal_Sperm/Normal_Sperm (263).bmp,test,0,0.094390,-0.392044,0.297654
smids/Normal_Sperm/Normal_Sperm (274).bmp,test,0,1.100966,-0.799393,-0.301571
smids/Normal_Sperm/Normal_Sperm (276).bmp,test,0,4.225473,1.425935,-5.651410
smids/Normal_Sperm/Normal_Sperm (277).bmp,test,0,1.371040,-0.817231,-0.553807
smids/Normal_Sperm/Normal_Sperm (279).bmp,test,0,-0.313134,0.881506,-0.568372
smids/Normal_Sperm/Normal_Sperm (28).bmp,test,0,-0.934147,-0.540552,1.474699
smids/Normal_Sperm/Normal_Sperm (285).bmp,test,0,-0.301654,-0.389861,0.691515
smids/Normal_Sperm/Normal_Sperm (286).bmp,test,0,1.242024,1.707020,-2.949044
smids/Normal_Sperm/Normal_Sperm (287).bmp,test,0,1.346268,-0.153255,-1.193015
smids/Normal_Sperm/Normal_Sperm (29).bmp,test,0,1.596889,0.094676,-1.691566
smids/Normal_Sperm/Normal_Sperm (290).bmp,test,0,2.693422,-0.968225,-1.725195
smids/Normal_Sperm/Normal_Sperm (291).bmp,test,0,0.000357,0.024313,-0.024670
smids/Normal_Sperm/Normal_Sperm (292).bmp,test,0,0.973699,1.023338,-1.997037
smids/Normal_Sperm/Normal_Sperm (296).bmp,test,0,0.763606,1.029018,-1.792625
smids/Normal_Sperm/Normal_Sperm (306).bmp,test,0,3.265924,0.741271,-4.007194
smids/Normal_Sperm/Normal_Sperm (31).bmp,test,0,0.534581,-1.131137,0.596558
smids/Normal_Sperm/Normal_Sperm (310).bmp,test,0,1.263903,-0.239990,-1.023914
smids/Normal_Sperm/Normal_Sperm (318).bmp,test,0,0.961991,-0.005031,-0.956959
smids/Normal_Sperm/Normal_Sperm (320).bmp,test,0,0.598737,1.185440,-1.784178
smids/Normal_Sperm/Normal_Sperm (321).bmp,test,0,0.653024,0.082441,-0.735466
smids/Normal_Sperm/Normal_Sperm (323).bmp,test,0,1.977181,0.247229,-2.224411
smids/Normal_Sperm/Normal_Sperm (329).bmp,test,0,1.743161,0.078182,-1.821342
smids/Normal_Sperm/Normal_Sperm (333).bmp,test,0,1.861437,-0.445485,-1.415951
smids/Normal_Sperm/Normal_Sperm (34).bmp,test,0,-0.423095,-1.487699,1.910794
smids/Normal_Sperm/Normal_Sperm (341).bmp,test,0,3.061308,-0.191460,-2.869847
smids/Normal_Sperm/Normal_Sperm (343).bmp,test,0,0.889446,-0.012744,-0.876703
smids/Normal_Sperm/Normal_Sperm (347).bmp,test,0,1.405564,-0.811890,-0.593674
smids/Normal_Sperm/Normal_Sperm (351).bmp,test,0,0.564162,-0.266641,-0.297521
smids/Normal_Sperm/Normal_Sperm (360).bmp,test,0,2.360667,0.287768,-2.648434
smids/Normal_Sperm/Normal_Sperm (365).bmp,test,0,1.264451,-0.542420,-0.722031
smids/Normal_Sperm/Normal_Sperm (369).bmp,test,0,0.954931,-1.141941,0.187010
smids/Normal_Sperm/Normal_Sperm (376).bmp,test,0,3.201115,-0.054366,-3.146749
smids/Normal_Sperm/Normal_Sperm (385).bmp,test,0,3.170308,0.905276,-4.075585
smids/Normal_Sperm/Normal_Sperm (39).bmp,test,0,1.651131,-0.902120,-0.749011
smids/Normal_Sperm/Normal_Sperm (393).bmp,test,0,1.653358,0.027319,-1.680677
smids/Normal_Sperm/Normal_Sperm (40).bmp,test,0,-0.657857,-1.660481,2.318338
smids/Normal_Sperm/Normal_Sperm (406).bmp,test,0,0.718799,0.535457,-1.254255
smids/Normal_Sperm/Normal_Sperm (413).bmp,test,0,2.620057,1.352688,-3.972746
smids/Normal_Sperm/Normal_Sperm (420).bmp,test,0,2.747481,1.323730,-4.071211
smids/Normal_Sperm/Normal_Sperm (43).bmp,test,0,-0.270179,0.725550,-0.455370
smids/Normal_Sperm/Normal_Sperm (435).bmp,test,0,0.648117,-1.157701,0.509585
smids/Normal_Sperm/Normal_Sperm (438).bmp,test,0,2.202892,0.390657,-2.593550
smids/Normal_Sperm/Normal_Sperm (441).bmp,test,0,1.870591,1.435208,-3.305799
smids/Normal_Sperm/Normal_Sperm (466).bmp,test,0,2.069688,-0.167486,-1.902202
smids/Normal_Sperm/Normal_Sperm (47).bmp,test,0,-0.537396,-0.660496,1.197892
smids/Normal_Sperm/Normal_Sperm (471).bmp,test,0,2.366842,0.056473,-2.423314
smids/Normal_Sperm/Normal_Sperm (475).bmp,test,0,2.132961,0.398503,-2.531465
smids/Normal_Sperm/Normal_Sperm (476).bmp,test,0,-0.102633,2.374468,-2.271834
smids/Normal_Sperm/Normal_Sperm (478).bmp,test,0,0.966126,0.574436,-1.540563
smids/Normal_Sperm/Normal_Sperm (484).bmp,test,0,3.726591,0.001755,-3.728348
smids/Normal_Sperm/Normal_Sperm (489).bmp,test,0,2.102746,0.550765,-2.653513
smids/Normal_Sperm/Normal_Sperm (493).bmp,test,0,1.149581,0.293441,-1.443022
smids/Normal_Sperm/Normal_Sperm (494).bmp,test,0,1.932021,1.350808,-3.282830
smids/Normal_Sperm/Normal_Sperm (496).bmp,test,0,0.040002,-0.832103,0.792102
smids/Normal_Sperm/Normal_Sperm (507).bmp,test,0,3.631172,0.140743,-3.771914
smids/Normal_Sperm/Normal_Sperm (509).bmp,test,0,-0.460130,0.338650,0.121481
smids/Normal_Sperm/Normal_Sperm (510).bmp,test,0,2.391540,-0.055074,-2.336464
smids/Normal_Sperm/Normal_Sperm (511).bmp,test,0,4.073344,-0.378263,-3.695082
smids/Normal_Sperm/Normal_Sperm (518).bmp,test,0,3.531993,-1.406134,-2.125858
smids/Normal_Sperm/Normal_Sperm (519).bmp,test,0,1.867571,-0.827273,-1.040299
smids/Normal_Sperm/Normal_Sperm (537).bmp,test,0,1.526970,-0.003600,-1.523370
smids/Normal_Sperm/Normal_Sperm (538).bmp,test,0,2.471833,-0.295178,-2.176656
smids/Normal_Sperm/Normal_Sperm (545).bmp,test,0,2.273422,-0.058537,-2.214885
smids/Normal_Sperm/Normal_Sperm (548).bmp,test,0,0.600557,0.436038,-1.036596
smids/Normal_Sperm/Normal_Sperm (550).bmp,test,0,2.672069,0.559584,-3.231652
smids/Normal_Sperm/Normal_Sperm (553).bmp,test,0,3.075060,-0.686285,-2.388775
smids/Normal_Sperm/Normal_Sperm (554).bmp,test,0,3.275941,-0.718802,-2.557139
smids/Normal_Sperm/Normal_Sperm (557).bmp,test,0,0.853672,0.093631,-0.947304
smids/Normal_Sperm/Normal_Sperm (564).bmp,test,0,3.897116,-0.750916,-3.146201
smids/Normal_Sperm/Normal_Sperm (571).bmp,test,0,3.026469,-0.862995,-2.163474
smids/Normal_Sperm/Normal_Sperm (573).bmp,test,0,1.803359,1.044713,-2.848074
smids/Normal_Sperm/Normal_Sperm (576).bmp,test,0,3.438745,0.007501,-3.446247
smids/Normal_Sperm/Normal_Sperm (577).bmp,test,0,0.906213,1.255123,-2.161337
smids/Normal_Sperm/Normal_Sperm (58).bmp,test,0,-0.029610,0.772111,-0.742502
smids/Normal_Sperm/Normal_Sperm (580).bmp,test,0,3.896922,-1.203879,-2.693043
smids/Normal_Sperm/Normal_Sperm (581).bmp,test,0,1.883516,-0.559724,-1.323792
smids/Normal_Sperm/Normal_Sperm (582).bmp,test,0,3.929346,0.215872,-4.145219
smids/Normal_Sperm/Normal_Sperm (584).bmp,test,0,1.812052,0.087433,-1.899484
smids/Normal_Sperm/Normal_Sperm (585).bmp,test,0,1.634685,1.147480,-2.782165
smids/Normal_Sperm/Normal_Sperm (596).bmp,test,0,1.631599,0.355237,-1.986837
smids/Normal_Sperm/Normal_Sperm (608).bmp,test,0,3.840821,-0.578829,-3.261992
smids/Normal_Sperm/Normal_Sperm (622).bmp,test,0,0.118725,1.662412,-1.781137
smids/Normal_Sperm/Normal_Sperm (625).bmp,test,0,3.521595,-0.977209,-2.544386
smids/Normal_Sperm/Normal_Sperm (626).bmp,test,0,2.505659,-0.072825,-2.432835
smids/Normal_Sperm/Normal_Sperm (636).bmp,test,0,2.730032,0.174592,-2.904624
smids/Normal_Sperm/Normal_Sperm (638).bmp,test,0,1.439264,0.223682,-1.662946
smids/Normal_Sperm/Normal_Sperm (639).bmp,test,0,2.267571,0.300593,-2.568164
smids/Normal_Sperm/Normal_Sperm (643).bmp,test,0,1.492876,2.182400,-3.675277
smids/Normal_Sperm/Normal_Sperm (645).bmp,test,0,1.648779,-0.624707,-1.024071
smids/Normal_Sperm/Normal_Sperm (651).bmp,test,0,1.603044,-0.028468,-1.574577
smids/Normal_Sperm/Normal_Sperm (652).bmp,test,0,0.733022,1.772247,-2.505269
smids/Normal_Sperm/Normal_Sperm (653).bmp,test,0,2.822276,-0.421440,-2.400837
smids/Normal_Sperm/Normal_Sperm (660).bmp,test,0,1.006678,0.579016,-1.585695
smids/Normal_Sperm/Normal_Sperm (663).bmp,test,0,1.812598,1.220866,-3.033465
smids/Normal_Sperm/Normal_Sperm (667).bmp,test,0,2.707939,0.033809,-2.741747
smids/Normal_Sperm/Normal_Sperm (686).bmp,test,0,0.277134,0.662833,-0.939966
smids/Normal_Sperm/Normal_Sperm (699).bmp,test,0,3.322834,-1.035268,-2.287565
smids/Normal_Sperm/Normal_Sperm (7).bmp,test,0,1.413328,0.112981,-1.526309
smids/Normal_Sperm/Normal_Sperm (701).bmp,test,0,1.197371,0.697024,-1.894395
smids/Normal_Sperm/Normal_Sperm (709).bmp,test,0,1.871519,-1.247882,-0.623637
smids/Normal_Sperm/Normal_Sperm (71).bmp,test,0,2.317095,0.830755,-3.147851
smids/Normal_Sperm/Normal_Sperm (715).bmp,test,0,-0.815655,0.323963,0.491692
smids/Normal_Sperm/Normal_Sperm (728).bmp,test,0,0.633417,1.258383,-1.891801
smids/Normal_Sperm/Normal_Sperm (736).bmp,test,0,2.782982,-0.599233,-2.183748
smids/Normal_Sperm/Normal_Sperm (737).bmp,test,0,3.168934,-0.192458,-2.976477
smids/Normal_Sperm/Normal_Sperm (745).bmp,test,0,3.183779,-0.733589,-2.450190
smids/Normal_Sperm/Normal_Sperm (749).bmp,test,0,2.661462,0.301747,-2.963210
smids/Normal_Sperm/Normal_Sperm (753).bmp,test,0,2.961476,0.062117,-3.023595
smids/Normal_Sperm/Normal_Sperm (756).bmp,test,0,2.238733,-0.340020,-1.898714
smids/Normal_Sperm/Normal_Sperm (763).bmp,test,0,3.241631,-1.310839,-1.930792
smids/Normal_Sperm/Normal_Sperm (766).bmp,test,0,1.762457,0.461664,-2.224123
smids/Normal_Sperm/Normal_Sperm (768).bmp,test,0,2.484263,-1.071296,-1.412968
smids/Normal_Sperm/Normal_Sperm (777).bmp,test,0,1.935601,-1.010551,-0.925050
smids/Normal_Sperm/Normal_Sperm (781).bmp,test,0,2.294779,-0.254343,-2.040437
smids/Normal_Sperm/Normal_Sperm (795).bmp,test,0,4.012460,1.463010,-5.475473
smids/Normal_Sperm/Normal_Sperm (80).bmp,test,0,1.767058,-0.977716,-0.789342
smids/Normal_Sperm/Normal_Sperm (803).bmp,test,0,1.008100,-0.014380,-0.993721
smids/Normal_Sperm/Normal_Sperm (81).bmp,test,0,1.836214,-0.500853,-1.335362
smids/Normal_Sperm/Normal_Sperm (813).bmp,test,0,0.776804,-0.898629,0.121824
smids/Normal_Sperm/Normal_Sperm (820).bmp,test,0,2.058256,-0.211585,-1.846670
smids/Normal_Sperm/Normal_Sperm (821).bmp,test,0,2.376480,1.537162,-3.913643
smids/Normal_Sperm/Normal_Sperm (827).bmp,test,0,1.275665,-0.618586,-0.657078
smids/Normal_Sperm/Normal_Sperm (834).bmp,test,0,1.607718,1.306642,-2.914361
smids/Normal_Sperm/Normal_Sperm (838).bmp,test,0,2.532081,0.870219,-3.402300
smids/Normal_Sperm/Normal_Sperm (84).bmp,test,0,0.415100,0.487561,-0.902662
smids/Normal_Sperm/Normal_Sperm (844).bmp,test,0,2.509235,0.255356,-2.764592
smids/Normal_Sperm/Normal_Sperm (85).bmp,test,0,1.032182,1.457467,-2.489650
smids/Normal_Sperm/Normal_Sperm (850).bmp,test,0,1.561034,0.138391,-1.699424
smids/Normal_Sperm/Normal_Sperm (851).bmp,test,0,0.034947,0.408131,-0.443078
smids/Normal_Sperm/Normal_Sperm (858).bmp,test,0,1.897645,-0.129305,-1.768340
smids/Normal_Sperm/Normal_Sperm (861).bmp,test,0,2.268032,-0.265750,-2.002283
smids/Normal_Sperm/Normal_Sperm (863).bmp,test,0,0.109838,-0.756031,0.646193
smids/Normal_Sperm/Normal_Sperm (864).bmp,test,0,1.642257,-0.060773,-1.581485
smids/Normal_Sperm/Normal_Sperm (87).bmp,test,0,1.891409,0.237894,-2.129305
smids/Normal_Sperm/Normal_Sperm (885).bmp,test,0,2.406192,0.983473,-3.389665
smids/Normal_Sperm/Normal_Sperm (891).bmp,test,0,2.729664,0.889039,-3.618705
smids/Normal_Sperm/Normal_Sperm (895).bmp,test,0,3.502494,-0.144051,-3.358442
smids/Normal_Sperm/Normal_Sperm (896).bmp,test,0,2.314394,0.334290,-2.648684
smids/Normal_Sperm/Normal_Sperm (897).bmp,test,0,0.834538,1.604100,-2.438638
smids/Normal_Sperm/Normal_Sperm (900).bmp,test,0,3.559561,-1.612044,-1.947517
smids/Normal_Sperm/Normal_Sperm (904).bmp,test,0,3.651618,-0.356426,-3.295193
smids/Normal_Sperm/Normal_Sperm (907).bmp,test,0,-0.746529,2.413601,-1.667072
smids/Normal_Sperm/Normal_Sperm (909).bmp,test,0,1.624108,1.647807,-3.271914
smids/Normal_Sperm/Normal_Sperm (916).bmp,test,0,1.852136,1.889716,-3.741853
smids/Normal_Sperm/Normal_Sperm (922).bmp,test,0,2.037047,0.843599,-2.880646
smids/Normal_Sperm/Normal_Sperm (923).bmp,test,0,1.375254,2.342638,-3.717891
smids/Normal_Sperm/Normal_Sperm (926).bmp,test,0,1.274738,1.427978,-2.702716
smids/Normal_Sperm/Normal_Sperm (929).bmp,test,0,3.125464,0.215722,-3.341188
smids/Normal_Sperm/Normal_Sperm (93).bmp,test,0,3.235101,-0.589241,-2.645861
smids/Normal_Sperm/Normal_Sperm (932).bmp,test,0,1.602123,1.168586,-2.770708
smids/Normal_Sperm/Normal_Sperm (942).bmp,test,0,1.751760,1.112217,-2.863976
smids/Normal_Sperm/Normal_Sperm (957).bmp,test,0,2.710982,1.612177,-4.323159
smids/Normal_Sperm/Normal_Sperm (962).bmp,test,0,-1.315260,0.470922,0.844337
smids/Normal_Sperm/Normal_Sperm (964).bmp,test,0,3.565260,-0.181448,-3.383813
smids/Normal_Sperm/Normal_Sperm (965).bmp,test,0,2.307865,-0.489222,-1.818643
smids/Normal_Sperm/Normal_Sperm (969).bmp,test,0,-0.089861,-1.075186,1.165048
smids/Normal_Sperm/Normal_Sperm (986).bmp,test,0,1.261609,0.161180,-1.422790
smids/Normal_Sperm/Normal_Sperm (989).bmp,test,0,0.826972,-0.414415,-0.412557
smids/Normal_Sperm/Normal_Sperm (992).bmp,test,0,1.516825,-0.813948,-0.702877
smids/Normal_Sperm/Normal_Sperm (995).bmp,test,0,1.511152,-0.891709,-0.619443
