image_id,role,label_idx,logit_0,logit_1,logit_2
smids/Abnormal_Sperm/Abnormal_Sperm (109).bmp,val,1,-1.721666,1.628914,0.092751
smids/Abnormal_Sperm/Abnormal_Sperm (15).bmp,val,1,0.700874,1.682951,-2.383824
smids/Abnormal_Sperm/Abnormal_Sperm (165).bmp,val,1,-1.144360,2.699749,-1.555388
smids/Abnormal_Sperm/Abnormal_Sperm (166).bmp,val,1,-1.393495,1.404737,-0.011241
smids/Abnormal_Sperm/Abnormal_Sperm (168).bmp,val,1,-0.699944,2.532729,-1.832783
smids/Abnormal_Sperm/Abnormal_Sperm (178).bmp,val,1,0.574978,1.611328,-2.186305
smids/Abnormal_Sperm/Abnormal_Sperm (183).bmp,val,1,0.057927,2.830190,-2.888116
smids/Abnormal_Sperm/Abnormal_Sperm (187).bmp,val,1,-0.043237,2.689966,-2.646729
smids/Abnormal_Sperm/Abnormal_Sperm (189).bmp,val,1,-2.382459,2.113399,0.269061
smids/Abnormal_Sperm/Abnormal_Sperm (19).bmp,val,1,-1.546105,2.996637,-1.450531
smids/Abnormal_Sperm/Abnormal_Sperm (218).bmp,val,1,1.009557,1.760045,-2.769603
smids/Abnormal_Sperm/Abnormal_Sperm (232).bmp,val,1,-0.968924,1.652165,-0.683241
smids/Abnormal_Sperm/Abnormal_Sperm (236).bmp,val,1,1.765074,1.362458,-3.127530
smids/Abnormal_Sperm/Abnormal_Sperm (258).bmp,val,1,0.420331,2.496840,-2.917167
smids/Abnormal_Sperm/Abnormal_Sperm (261).bmp,val,1,1.579218,0.688077,-2.267294
smids/Abnormal_Sperm/Abnormal_Sperm (272).bmp,val,1,1.629808,3.090462,-4.720270
smids/Abnormal_Sperm/Abnormal_Sperm (286).bmp,val,1,0.009039,0.520969,-0.530006
smids/Abnormal_Sperm/Abnormal_Sperm (287).bmp,val,1,-1.063763,1.925371,-0.861607
smids/Abnormal_Sperm/Abnormal_Sperm (293).bmp,val,1,-0.055995,2.622221,-2.566224
smids/Abnormal_Sperm/Abnormal_Sperm (308).bmp,val,1,1.045803,1.332533,-2.378335
smids/Abnormal_Sperm/Abnormal_Sperm (320).bmp,val,1,-1.080621,3.214440,-2.133819
smids/Abnormal_Sperm/Abnormal_Sperm (334).bmp,val,1,-0.365752,1.149261,-0.783507
smids/Abnormal_Sperm/Abnormal_Sperm (338).bmp,val,1,0.744753,2.354851,-3.099604
smids/Abnormal_Sperm/Abnormal_Sperm (346).bmp,val,1,-0.741425,2.265441,-1.524015
smids/Abnormal_Sperm/Abnormal_Sperm (35).bmp,val,1,0.123174,1.881912,-2.005084
smids/Abnormal_Sperm/Abnormal_Sperm (351).bmp,val,1,0.139594,0.370849,-0.510442
smids/Abnormal_Sperm/Abnormal_Sperm (370).bmp,val,1,-0.531449,0.800936,-0.269486
smids/Abnormal_Sperm/Abnormal_Sperm (381).bmp,val,1,0.116380,1.732709,-1.849088
smids/Abnormal_Sperm/Abnormal_Sperm (383).bmp,val,1,-1.575333,2.082489,-0.507155
smids/Abnormal_Sperm/Abnormal_Sperm (39).bmp,val,1,-1.728426,2.125726,-0.397300
smids/Abnormal_Sperm/Abnormal_Sperm (390).bmp,val,1,0.242538,1.721603,-1.964141
smids/Abnormal_Sperm/Abnormal_Sperm (392).bmp,val,1,0.356794,2.294986,-2.651780
smids/Abnormal_Sperm/Abnormal_Sperm (395).bmp,val,1,-2.333602,2.581286,-0.247684
smids/Abnormal_Sperm/Abnormal_Sperm (400).bmp,val,1,-2.139827,2.220437,-0.080609
smids/Abnormal_Sperm/Abnormal_Sperm (405).bmp,val,1,-0.894206,0.023667,0.870539
smids/Abnormal_Sperm/Abnormal_Sperm (407).bmp,val,1,0.697355,2.042542,-2.739897
smids/Abnormal_Sperm/Abnormal_Sperm (409).bmp,val,1,-0.620500,1.202233,-0.581734
smids/Abnormal_Sperm/Abnormal_Sperm (421).bmp,val,1,0.198442,1.235719,-1.434160
smids/Abnormal_Sperm/Abnormal_Sperm (435).bmp,val,1,0.721763,1.367887,-2.089649
smids/Abnormal_Sperm/Abnormal_Sperm (436).bmp,val,1,0.101174,3.288040,-3.389211
smids/Abnormal_Sperm/Abnormal_Sperm (440).bmp,val,1,1.909042,2.736508,-4.645550
smids/Abnormal_Sperm/Abnormal_Sperm (458).bmp,val,1,-1.156904,2.297072,-1.140167
smids/Abnormal_Sperm/Abnormal_Sperm (469).bmp,val,1,-1.392761,2.792932,-1.400169
smids/Abnormal_Sperm/Abnormal_Sperm (482).bmp,val,1,-2.093385,2.368839,-0.275454
smids/Abnormal_Sperm/Abnormal_Sperm (486).bmp,val,1,-2.833059,2.006120,0.826938
smids/Abnormal_Sperm/Abnormal_Sperm (498).bmp,val,1,-0.820911,-0.556545,1.377457
smids/Abnormal_Sperm/Abnormal_Sperm (499).bmp,val,1,0.969950,-2.770834,1.800885
smids/Abnormal_Sperm/Abnormal_Sperm (512).bmp,val,1,0.371539,-0.401833,0.030295
smids/Abnormal_Sperm/Abnormal_Sperm (517).bmp,val,1,-1.296239,2.340775,-1.044535
smids/Abnormal_Sperm/Abnormal_Sperm (529).bmp,val,1,-1.010742,2.331431,-1.320689
smids/Abnormal_Sperm/Abnormal_Sperm (547).bmp,val,1,0.514722,5.083398,-5.598117
smids/Abnormal_Sperm/Abnormal_Sperm (56).bmp,val,1,-3.145864,2.722149,0.423716
smids/Abnormal_Sperm/Abnormal_Sperm (565).bmp,val,1,1.780821,-0.133868,-1.646951
smids/Abnormal_Sperm/Abnormal_Sperm (584).bmp,val,1,-3.048642,-0.138207,3.186851
smids/Abnormal_Sperm/Abnormal_Sperm (586).bmp,val,1,-1.659266,0.896369,0.762897
smids/Abnormal_Sperm/Abnormal_Sperm (587).bmp,val,1,-2.723790,-0.158905,2.882694
smids/Abnormal_Sperm/Abnormal_Sperm (6).bmp,val,1,-1.063848,1.073763,-0.009914
smids/Abnormal_Sperm/Abnormal_Sperm (601).bmp,val,1,0.267274,-1.110808,0.843534
smids/Abnormal_Sperm/Abnormal_Sperm (608).bmp,val,1,0.079619,1.802052,-1.881671
smids/Abnormal_Sperm/Abnormal_Sperm (612).bmp,val,1,2.510799,1.053550,-3.564348
smids/Abnormal_Sperm/Abnormal_Sperm (618).bmp,val,1,1.147400,1.926974,-3.074373
smids/Abnormal_Sperm/Abnormal_Sperm (622).bmp,val,1,2.596842,-0.802495,-1.794346
smids/Abnormal_Sperm/Abnormal_Sperm (627).bmp,val,1,0.045774,0.120205,-0.165977
smids/Abnormal_Sperm/Abnormal_Sperm (641).bmp,val,1,-0.758625,1.858252,-1.099625
smids/Abnormal_Sperm/Abnormal_Sperm (652).bmp,val,1,1.799669,2.044056,-3.843725
smids/Abnormal_Sperm/Abnormal_Sperm (655).bmp,val,1,-0.193346,1.540931,-1.347585
smids/Abnormal_Sperm/Abnormal_Sperm (658).bmp,val,1,0.307457,1.098172,-1.405628
smids/Abnormal_Sperm/Abnormal_Sperm (66).bmp,val,1,-2.431254,1.780435,0.650820
smids/Abnormal_Sperm/Abnormal_Sperm (666).bmp,val,1,-0.475287,-0.186874,0.662163
smids/Abnormal_Sperm/Abnormal_Sperm (668).bmp,val,1,-2.159172,2.452608,-0.293435
smids/Abnormal_Sperm/Abnormal_Sperm (675).bmp,val,1,-1.284676,2.731802,-1.447125
smids/Abnormal_Sperm/Abnormal_Sperm (677).bmp,val,1,0.876439,0.502809,-1.379248
smids/Abnormal_Sperm/Abnormal_Sperm (68).bmp,val,1,-1.721562,2.866367,-1.144803
smids/Abnormal_Sperm/Abnormal_Sperm (681).bmp,val,1,-1.200493,3.003436,-1.802941
smids/Abnormal_Sperm/Abnormal_Sperm (682).bmp,val,1,-1.299540,0.694836,0.604704
smids/Abnormal_Sperm/Abnormal_Sperm (683).bmp,val,1,1.019930,-0.493136,-0.526793
smids/Abnormal_Sperm/Abnormal_Sperm (694).bmp,val,1,-1.227874,2.379589,-1.151714
smids/Abnormal_Sperm/Abnormal_Sperm (695).bmp,val,1,-0.281667,1.005249,-0.723581
smids/Abnormal_Sperm/Abnormal_Sperm (706).bmp,val,1,-2.110446,1.236609,0.873838
smids/Abnormal_Sperm/Abnormal_Sperm (707).bmp,val,1,-0.096231,3.135287,-3.039054
smids/Abnormal_Sperm/Abnormal_Sperm (718).bmp,val,1,-0.668613,1.908626,-1.240013
smids/Abnormal_Sperm/Abnormal_Sperm (719).bmp,val,1,-0.062858,1.170697,-1.107837
smids/Abnormal_Sperm/Abnormal_Sperm (727).bmp,val,1,-0.655432,1.708031,-1.052596
smids/Abnormal_Sperm/Abnormal_Sperm (733).bmp,val,1,-1.756703,0.446294,1.310410
smids/Abnormal_Sperm/Abnormal_Sperm (734).bmp,val,1,2.105951,0.625846,-2.731798
smids/Abnormal_Sperm/Abnormal_Sperm (744).bmp,val,1,0.832535,-0.089653,-0.742881
smids/Abnormal_Sperm/Abnormal_Sperm (745).bmp,val,1,1.783645,1.542567,-3.326211
smids/Abnormal_Sperm/Abnormal_Sperm (748).bmp,val,1,-0.528536,2.051947,-1.523410
smids/Abnormal_Sperm/Abnormal_Sperm (755).bmp,val,1,0.725386,1.030834,-1.756220
smids/Abnormal_Sperm/Abnormal_Sperm (766).bmp,val,1,-0.413750,1.641639,-1.227889
smids/Abnormal_Sperm/Abnormal_Sperm (77).bmp,val,1,-1.093725,3.053541,-1.959816
smids/Abnormal_Sperm/Abnormal_Sperm (771).bmp,val,1,-3.211896,0.792277,2.419619
smids/Abnormal_Sperm/Abnormal_Sperm (783).bmp,val,1,1.206184,-0.766485,-0.439699
smids/Abnormal_Sperm/Abnormal_Sperm (787).bmp,val,1,2.359268,0.122618,-2.481885
smids/Abnormal_Sperm/Abnormal_Sperm (791).bmp,val,1,0.035407,1.283714,-1.319120
smids/Abnormal_Sperm/Abnormal_Sperm (802).bmp,val,1,-1.084815,1.822687,-0.737871
smids/Abnormal_Sperm/Abnormal_Sperm (809).bmp,val,1,1.984412,-0.712964,-1.271448
smids/Abnormal_Sperm/Abnormal_Sperm (811).bmp,val,1,1.803411,0.262167,-2.065577
smids/Abnormal_Sperm/Abnormal_Sperm (813).bmp,val,1,0.209063,0.592384,-0.801446
smids/Abnormal_Sperm/Abnormal_Sperm (832).bmp,val,1,0.430035,1.657951,-2.087986
smids/Abnormal_Sperm/Abnormal_Sperm (836).bmp,val,1,1.856672,1.175571,-3.032242
smids/Abnormal_Sperm/Abnormal_Sperm (850).bmp,val,1,-0.554892,1.720053,-1.165159
smids/Abnormal_Sperm/Abnormal_Sperm (854).bmp,val,1,2.305792,0.520933,-2.826725
smids/Abnormal_Sperm/Abnormal_Sperm (868).bmp,val,1,1.086189,1.465439,-2.551627
smids/Abnormal_Sperm/Abnormal_Sperm (870).bmp,val,1,0.846113,0.442255,-1.288367
smids/Abnormal_Sperm/Abnormal_Sperm (876).bmp,val,1,1.498059,1.861213,-3.359270
smids/Abnormal_Sperm/Abnormal_Sperm (899).bmp,val,1,1.368033,0.821047,-2.189079
smids/Abnormal_Sperm/Abnormal_Sperm (902).bmp,val,1,-1.640521,1.396818,0.243704
smids/Abnormal_Sperm/Abnormal_Sperm (915).bmp,val,1,0.637108,-0.707852,0.070745
smids/Abnormal_Sperm/Abnormal_Sperm (920).bmp,val,1,0.261348,-0.625461,0.364114
smids/Abnormal_Sperm/Abnormal_Sperm (922).bmp,val,1,1.097136,-0.116876,-0.980259
smids/Abnormal_Sperm/Abnormal_Sperm (926).bmp,val,1,-0.433263,0.735253,-0.301989
smids/Abnormal_Sperm/Abnormal_Sperm (940).bmp,val,1,-2.046517,1.478026,0.568492
smids/Abnormal_Sperm/Abnormal_Sperm (975).bmp,val,1,-1.653506,2.116174,-0.462667
smids/Abnormal_Sperm/Abnormal_Sperm (978).bmp,val,1,0.268962,1.946702,-2.215664
smids/Abnormal_Sperm/Abnormal_Sperm (979).bmp,val,1,0.097478,3.348953,-3.446429
smids/Abnormal_Sperm/Abnormal_Sperm (993).bmp,val,1,-0.445042,2.170434,-1.725391
smids/Non-Sperm/Non-Sperm (1).bmp,val,2,-3.999067,2.196028,1.803040
smids/Non-Sperm/Non-Sperm (104).bmp,val,2,-1.352875,-3.109994,4.462871
smids/Non-Sperm/Non-Sperm (105).bmp,val,2,-1.499962,-1.927972,3.427936
smids/Non-Sperm/Non-Sperm (106).bmp,val,2,-0.843996,-2.659669,3.503668
smids/Non-Sperm/Non-Sperm (112).bmp,val,2,-1.209541,-2.292503,3.502043
smids/Non-Sperm/Non-Sperm (115).bmp,val,2,-1.254057,-0.660744,1.914803
smids/Non-Sperm/Non-Sperm (127).bmp,val,2,-2.605047,-0.513815,3.118864
smids/Non-Sperm/Non-Sperm (152).bmp,val,2,-1.828617,-2.329424,4.158044
smids/Non-Sperm/Non-Sperm (154).bmp,val,2,-1.933926,-3.025184,4.959111
smids/Non-Sperm/Non-Sperm (166).bmp,val,2,-1.535814,-1.348910,2.884726
smids/Non-Sperm/Non-Sperm (174).bmp,val,2,-1.435153,-2.380640,3.815795
smids/Non-Sperm/Non-Sperm (190).bmp,val,2,-2.933420,0.214867,2.718554
smids/Non-Sperm/Non-Sperm (204).bmp,val,2,-0.548795,-1.142753,1.691550
smids/Non-Sperm/Non-Sperm (213).bmp,val,2,-2.533700,-1.715513,4.249215
smids/Non-Sperm/Non-Sperm (235).bmp,val,2,-1.396048,-1.737387,3.133437
smids/Non-Sperm/Non-Sperm (236).bmp,val,2,-1.321458,-1.311656,2.633115
smids/Non-Sperm/Non-Sperm (256).bmp,val,2,-0.543791,-1.919975,2.463767
smids/Non-Sperm/Non-Sperm (27).bmp,val,2,-2.232022,-1.336794,3.568817
smids/Non-Sperm/Non-Sperm (273).bmp,val,2,-0.503168,-2.243520,2.746689
smids/Non-Sperm/Non-Sperm (279).bmp,val,2,-1.941192,-2.258728,4.199922
smids/Non-Sperm/Non-Sperm (284).bmp,val,2,-1.171199,-1.214597,2.385797
smids/Non-Sperm/Non-Sperm (31).bmp,val,2,-1.763070,-0.322384,2.085455
smids/Non-Sperm/Non-Sperm (315).bmp,val,2,-1.264704,-2.737438,4.002142
smids/Non-Sperm/Non-Sperm (33).bmp,val,2,0.146489,0.694764,-0.841253
smids/Non-Sperm/Non-Sperm (330).bmp,val,2,-2.302750,-0.067564,2.370315
smids/Non-Sperm/Non-Sperm (340).bmp,val,2,-1.237069,-0.104557,1.341626
smids/Non-Sperm/Non-Sperm (341).bmp,val,2,-1.959881,1.330446,0.629436
smids/Non-Sperm/Non-Sperm (342).bmp,val,2,-0.826272,-0.787058,1.613331
smids/Non-Sperm/Non-Sperm (345).bmp,val,2,-1.052097,-1.719833,2.771931
smids/Non-Sperm/Non-Sperm (346).bmp,val,2,-1.773756,-2.961136,4.734895
smids/Non-Sperm/Non-Sperm (348).bmp,val,2,-1.968114,-1.653470,3.621586
smids/Non-Sperm/Non-Sperm (366).bmp,val,2,-0.125657,-1.593377,1.719035
smids/Non-Sperm/Non-Sperm (391).bmp,val,2,-1.979121,0.145593,1.833528
smids/Non-Sperm/Non-Sperm (406).bmp,val,2,-2.124180,-0.268290,2.392471
smids/Non-Sperm/Non-Sperm (407).bmp,val,2,-2.210989,-1.805500,4.016490
smids/Non-Sperm/Non-Sperm (415).bmp,val,2,0.937604,-0.721264,-0.216340
smids/Non-Sperm/Non-Sperm (425).bmp,val,2,-2.838504,2.972226,-0.133721
smids/Non-Sperm/Non-Sperm (426).bmp,val,2,0.091758,-1.087459,0.995702
smids/Non-Sperm/Non-Sperm (427).bmp,val,2,-2.047111,-1.657450,3.704561
smids/Non-Sperm/Non-Sperm (436).bmp,val,2,-0.953278,-2.467340,3.420619
smids/Non-Sperm/Non-Sperm (437).bmp,val,2,-1.968063,-1.266407,3.234471
smids/Non-Sperm/Non-Sperm (447).bmp,val,2,-0.750154,-1.804252,2.554407
smids/Non-Sperm/Non-Sperm (454).bmp,val,2,-2.898526,0.095497,2.803029
smids/Non-Sperm/Non-Sperm (47).bmp,val,2,-0.919233,-0.860941,1.780174
smids/Non-Sperm/Non-Sperm (476).bmp,val,2,-1.554548,-2.024505,3.579056
smids/Non-Sperm/Non-Sperm (477).bmp,val,2,-0.933229,-2.548905,3.482135
smids/Non-Sperm/Non-Sperm (49).bmp,val,2,-2.409292,1.496746,0.912545
smids/Non-Sperm/Non-Sperm (497).bmp,val,2,-1.134542,-0.845306,1.979849
smids/Non-Sperm/Non-Sperm (50).bmp,val,2,-2.479823,0.065068,2.414756
smids/Non-Sperm/Non-Sperm (501).bmp,val,2,-1.491900,-2.214758,3.706660
smids/Non-Sperm/Non-Sperm (505).bmp,val,2,-0.891841,-2.608416,3.500258
smids/Non-Sperm/Non-Sperm (513).bmp,val,2,-1.558391,-1.658945,3.217339
smids/Non-Sperm/Non-Sperm (539).bmp,val,2,-0.706858,-1.566788,2.273649
smids/Non-Sperm/Non-Sperm (540).bmp,val,2,-1.582516,-0.768091,2.350609
smids/Non-Sperm/Non-Sperm (561).bmp,val,2,-2.941798,-2.488733,5.430533
smids/Non-Sperm/Non-Sperm (57).bmp,val,2,-1.144449,-0.614833,1.759285
smids/Non-Sperm/Non-Sperm (572).bmp,val,2,-0.087619,-1.059371,1.146991
smids/Non-Sperm/Non-Sperm (574).bmp,val,2,-2.373931,-2.062382,4.436315
smids/Non-Sperm/Non-Sperm (575).bmp,val,2,-1.310403,-2.575517,3.885922
smids/Non-Sperm/Non-Sperm (577).bmp,val,2,-3.047377,-2.467603,5.514982
smids/Non-Sperm/Non-Sperm (582).bmp,val,2,-1.799952,-1.699181,3.499133
smids/Non-Sperm/Non-Sperm (588).bmp,val,2,-1.265108,-0.331392,1.596502
smids/Non-Sperm/Non-Sperm (594).bmp,val,2,-1.036647,-2.312269,3.348918
smids/Non-Sperm/Non-Sperm (615).bmp,val,2,-3.583102,-1.451191,5.034292
smids/Non-Sperm/Non-Sperm (631).bmp,val,2,-1.418410,-1.794816,3.213229
smids/Non-Sperm/Non-Sperm (638).bmp,val,2,-1.334370,-0.152160,1.486531
smids/Non-Sperm/Non-Sperm (660).bmp,val,2,-2.113416,0.078231,2.035185
smids/Non-Sperm/Non-Sperm (661).bmp,val,2,-2.118376,-1.764118,3.882496
smids/Non-Sperm/Non-Sperm (676).bmp,val,2,-3.037134,1.315887,1.721247
smids/Non-Sperm/Non-Sperm (677).bmp,val,2,-1.968122,-0.483329,2.451450
smids/Non-Sperm/Non-Sperm (683).bmp,val,2,-2.244707,-2.044061,4.288769
smids/Non-Sperm/Non-Sperm (691).bmp,val,2,-1.761531,-0.632660,2.394192
smids/Non-Sperm/Non-Sperm (705).bmp,val,2,0.180633,-1.134134,0.953501
smids/Non-Sperm/Non-Sperm (708).bmp,val,2,-2.075959,-2.116157,4.192118
smids/Non-Sperm/Non-Sperm (711).bmp,val,2,-1.751735,-0.428802,2.180538
smids/Non-Sperm/Non-Sperm (713).bmp,val,2,-1.765407,-1.880898,3.646306
smids/Non-Sperm/Non-Sperm (717).bmp,val,2,-1.392811,-2.105971,3.498784
smids/Non-Sperm/Non-Sperm (725).bmp,val,2,-0.827742,-1.392946,2.220689
smids/Non-Sperm/Non-Sperm (726).bmp,val,2,-1.531244,-2.277266,3.808512
smids/Non-Sperm/Non-Sperm (729).bmp,val,2,-1.533584,-2.512364,4.045949
smids/Non-Sperm/Non-Sperm (736).bmp,val,2,-1.754655,-2.513950,4.268605
smids/Non-Sperm/Non-Sperm (741).bmp,val,2,-0.433437,-3.223981,3.657419
smids/Non-Sperm/Non-Sperm (743).bmp,val,2,0.195575,-2.078633,1.883060
smids/Non-Sperm/Non-Sperm (750).bmp,val,2,-1.688202,-0.462193,2.150398
smids/Non-Sperm/Non-Sperm (752).bmp,val,2,-0.208083,-0.993213,1.201297
smids/Non-Sperm/Non-Sperm (758).bmp,val,2,-0.426452,-1.903465,2.329919
smids/Non-Sperm/Non-Sperm (76).bmp,val,2,-3.478975,2.749120,0.729855
smids/Non-Sperm/Non-Sperm (768).bmp,val,2,-1.193172,-2.562890,3.756062
smids/Non-Sperm/Non-Sperm (784).bmp,val,2,-1.730983,-1.344165,3.075149
smids/Non-Sperm/Non-Sperm (795).bmp,val,2,-0.115313,-1.617109,1.732423
smids/Non-Sperm/Non-Sperm (799).bmp,val,2,-0.906863,-1.650106,2.556968
smids/Non-Sperm/Non-Sperm (8).bmp,val,2,-1.906788,-0.224130,2.130918
smids/Non-Sperm/Non-Sperm (801).bmp,val,2,-0.739431,-2.241127,2.980559
smids/Non-Sperm/Non-Sperm (813).bmp,val,2,-0.467620,-1.974824,2.442446
smids/Non-Sperm/Non-Sperm (82).bmp,val,2,-2.174116,-2.241668,4.415785
smids/Non-Sperm/Non-Sperm (824).bmp,val,2,-0.214573,-2.339735,2.554310
smids/Non-Sperm/Non-Sperm (832).bmp,val,2,-2.996877,-0.870432,3.867310
smids/Non-Sperm/Non-Sperm (839).bmp,val,2,-1.600212,-2.156054,3.756268
smids/Non-Sperm/Non-Sperm (841).bmp,val,2,0.950570,-2.397435,1.446867
smids/Non-Sperm/Non-Sperm (850).bmp,val,2,-1.675080,-1.852520,3.527601
smids/Non-Sperm/Non-Sperm (862).bmp,val,2,-2.366963,-1.081425,3.448389
smids/Non-Sperm/Non-Sperm (868).bmp,val,2,-2.576109,-0.758860,3.334969
smids/Non-Sperm/Non-Sperm (872).bmp,val,2,-2.178636,-1.043703,3.222339
smids/Non-Sperm/Non-Sperm (886).bmp,val,2,-3.064806,-1.601167,4.665973
smids/Non-Sperm/Non-Sperm (907).bmp,val,2,-3.759421,1.702721,2.056701
smids/Non-Sperm/Non-Sperm (910).bmp,val,2,-1.442685,-0.619019,2.061706
smids/Non-Sperm/Non-Sperm (919).bmp,val,2,-1.521817,-0.761111,2.282930
smids/Non-Sperm/Non-Sperm (920).bmp,val,2,-2.643432,-1.389919,4.033350
smids/Non-Sperm/Non-Sperm (936).bmp,val,2,-0.648765,-2.446225,3.094991
smids/Non-Sperm/Non-Sperm (941).bmp,val,2,-2.346266,-1.983113,4.329380
smids/Non-Sperm/Non-Sperm (950).bmp,val,2,1.337014,0.200110,-1.537124
smids/Non-Sperm/Non-Sperm (957).bmp,val,2,-2.181576,-0.359970,2.541546
smids/Non-Sperm/Non-Sperm (958).bmp,val,2,-3.915535,-1.457980,5.373516
smids/Non-Sperm/Non-Sperm (963).bmp,val,2,-3.034632,1.749350,1.285282
smids/Non-Sperm/Non-Sperm (967).bmp,val,2,-2.232077,-0.348240,2.580318
smids/Non-Sperm/Non-Sperm (974).bmp,val,2,1.083594,-1.466045,0.382452
smids/Non-Sperm/Non-Sperm (98).bmp,val,2,-1.698181,-0.979919,2.678102
smids/Normal_Sperm/Normal_Sperm (100).bmp,val,0,1.647688,-0.466945,-1.180741
smids/Normal_Sperm/Normal_Sperm (101).bmp,val,0,3.636795,-1.468112,-2.168682
smids/Normal_Sperm/Normal_Sperm (1010).bmp,val,0,4.172210,-2.227738,-1.944471
smids/Normal_Sperm/Normal_Sperm (1011).bmp,val,0,2.079148,0.312867,-2.392015
smids/Normal_Sperm/Normal_Sperm (1014).bmp,val,0,1.483440,0.649122,-2.132560
smids/Normal_Sperm/Normal_Sperm (1015).bmp,val,0,3.084047,0.099662,-3.183708
smids/Normal_Sperm/Normal_Sperm (107).bmp,val,0,0.557388,0.747717,-1.305104
smids/Normal_Sperm/Normal_Sperm (116).bmp,val,0,2.222139,0.497410,-2.719547
smids/Normal_Sperm/Normal_Sperm (123).bmp,val,0,3.098246,0.959257,-4.057502
smids/Normal_Sperm/Normal_Sperm (130).bmp,val,0,-1.222419,2.420176,-1.197756
smids/Normal_Sperm/Normal_Sperm (133).bmp,val,0,0.320101,2.122939,-2.443040
smids/Normal_Sperm/Normal_Sperm (143).bmp,val,0,2.030394,-0.075640,-1.954753
smids/Normal_Sperm/Normal_Sperm (146).bmp,val,0,3.240261,0.732175,-3.972433
smids/Normal_Sperm/Normal_Sperm (147).bmp,val,0,3.310092,-0.885374,-2.424718
smids/Normal_Sperm/Normal_Sperm (149).bmp,val,0,2.568281,0.436728,-3.005008
smids/Normal_Sperm/Normal_Sperm (154).bmp,val,0,1.118482,-1.038864,-0.079617
smids/Normal_Sperm/Normal_Sperm (157).bmp,val,0,3.748506,-0.141444,-3.607061
smids/Normal_Sperm/Normal_Sperm (170).bmp,val,0,2.333538,-0.399191,-1.934346
smids/Normal_Sperm/Normal_Sperm (173).bmp,val,0,0.581830,0.046498,-0.628328
smids/Normal_Sperm/Normal_Sperm (193).bmp,val,0,1.251828,-0.941877,-0.309951
smids/Normal_Sperm/Normal_Sperm (202).bmp,val,0,2.429630,-0.734924,-1.694705
smids/Normal_Sperm/Normal_Sperm (205).bmp,val,0,1.811872,-0.454161,-1.357710
smids/Normal_Sperm/Normal_Sperm (212).bmp,val,0,1.107237,-0.700095,-0.407141
smids/Normal_Sperm/Normal_Sperm (225).bmp,val,0,0.065207,1.089492,-1.154697
smids/Normal_Sperm/Normal_Sperm (230).bmp,val,0,2.126930,0.710686,-2.837615
smids/Normal_Sperm/Normal_Sperm (236).bmp,val,0,-0.418978,-0.870794,1.289773
smids/Normal_Sperm/Normal_Sperm (247).bmp,val,0,0.765090,0.208415,-0.973504
smids/Normal_Sperm/Normal_Sperm (260).bmp,val,0,3.964859,-2.124104,-1.840755
smids/Normal_Sperm/Normal_Sperm (261).bmp,val,0,2.884393,-1.010010,-1.874382
smids/Normal_Sperm/Normal_Sperm (266).bmp,val,0,2.181227,0.221221,-2.402447
smids/Normal_Sperm/Normal_Sperm (273).bmp,val,0,2.360781,-1.319311,-1.041469
smids/Normal_Sperm/Normal_Sperm (274).bmp,val,0,2.685472,-1.333469,-1.352004
smids/Normal_Sperm/Normal_Sperm (275).bmp,val,0,0.106393,0.482511,-0.588905
smids/Normal_Sperm/Normal_Sperm (28).bmp,val,0,0.208831,0.000734,-0.209564
smids/Normal_Sperm/Normal_Sperm (281).bmp,val,0,3.519996,-0.617103,-2.902893
smids/Normal_Sperm/Normal_Sperm (282).bmp,val,0,2.711369,-0.950509,-1.760860
smids/Normal_Sperm/Normal_Sperm (290).bmp,val,0,2.698992,-1.349736,-1.349255
smids/Normal_Sperm/Normal_Sperm (291).bmp,val,0,2.611839,0.579930,-3.191767
smids/Normal_Sperm/Normal_Sperm (292).bmp,val,0,1.048339,1.451231,-2.499569
smids/Normal_Sperm/Normal_Sperm (299).bmp,val,0,1.381826,0.238877,-1.620702
smids/Normal_Sperm/Normal_Sperm (304).bmp,val,0,1.777112,0.689344,-2.466456
smids/Normal_Sperm/Normal_Sperm (314).bmp,val,0,2.729111,0.076123,-2.805233
smids/Normal_Sperm/Normal_Sperm (32).bmp,val,0,2.254846,-0.876914,-1.377931
smids/Normal_Sperm/Normal_Sperm (33).bmp,val,0,1.057817,-0.729493,-0.328323
smids/Normal_Sperm/Normal_Sperm (334).bmp,val,0,2.812176,-1.501818,-1.310358
smids/Normal_Sperm/Normal_Sperm (337).bmp,val,0,1.133656,0.769110,-1.902766
smids/Normal_Sperm/Normal_Sperm (341).bmp,val,0,4.073717,-0.237584,-3.836132
smids/Normal_Sperm/Normal_Sperm (348).bmp,val,0,1.141783,-1.369033,0.227250
smids/Normal_Sperm/Normal_Sperm (364).bmp,val,0,2.260636,-0.307124,-1.953511
smids/Normal_Sperm/Normal_Sperm (366).bmp,val,0,3.065040,1.346692,-4.411730
smids/Normal_Sperm/Normal_Sperm (369).bmp,val,0,2.701695,-1.280443,-1.421252
smids/Normal_Sperm/Normal_Sperm (379).bmp,val,0,0.590243,-0.208145,-0.382097
smids/Normal_Sperm/Normal_Sperm (384).bmp,val,0,1.251002,1.003247,-2.254248
smids/Normal_Sperm/Normal_Sperm (392).bmp,val,0,2.577416,-0.053748,-2.523667
smids/Normal_Sperm/Normal_Sperm (395).bmp,val,0,-0.241327,-0.023760,0.265088
smids/Normal_Sperm/Normal_Sperm (397).bmp,val,0,1.758358,-1.717294,-0.041065
smids/Normal_Sperm/Normal_Sperm (405).bmp,val,0,2.687031,0.078015,-2.765045
smids/Normal_Sperm/Normal_Sperm (414).bmp,val,0,3.405828,-1.220908,-2.184920
smids/Normal_Sperm/Normal_Sperm (419).bmp,val,0,2.337196,0.364220,-2.701416
smids/Normal_Sperm/Normal_Sperm (428).bmp,val,0,3.014163,-1.899873,-1.114289
smids/Normal_Sperm/Normal_Sperm (434).bmp,val,0,3.604294,-1.658186,-1.946107
smids/Normal_Sperm/Normal_Sperm (438).bmp,val,0,2.633070,-0.071678,-2.561391
smids/Normal_Sperm/Normal_Sperm (441).bmp,val,0,0.736427,1.129310,-1.865737
smids/Normal_Sperm/Normal_Sperm (447).bmp,val,0,3.729206,-0.274443,-3.454764
smids/Normal_Sperm/Normal_Sperm (46).bmp,val,0,1.597597,0.382324,-1.979920
smids/Normal_Sperm/Normal_Sperm (465).bmp,val,0,3.479351,0.948589,-4.427940
smids/Normal_Sperm/Normal_Sperm (48).bmp,val,0,1.430326,-1.228528,-0.201796
smids/Normal_Sperm/Normal_Sperm (481).bmp,val,0,1.389872,-0.496413,-0.893459
smids/Normal_Sperm/Normal_Sperm (483).bmp,val,0,2.573190,1.198880,-3.772069
smids/Normal_Sperm/Normal_Sperm (500).bmp,val,0,3.548284,0.492217,-4.040501
smids/Normal_Sperm/Normal_Sperm (503).bmp,val,0,2.506177,1.227133,-3.733309
smids/Normal_Sperm/Normal_Sperm (506).bmp,val,0,3.696125,0.007761,-3.703886
smids/Normal_Sperm/Normal_Sperm (507).bmp,val,0,3.277864,-0.870523,-2.407341
smids/Normal_Sperm/Normal_Sperm (509).bmp,val,0,-0.815155,0.804973,0.010183
smids/Normal_Sperm/Normal_Sperm (510).bmp,val,0,3.434304,-0.139332,-3.294970
smids/Normal_Sperm/Normal_Sperm (52).bmp,val,0,2.549655,-1.164819,-1.384835
smids/Normal_Sperm/Normal_Sperm (526).bmp,val,0,3.052269,1.400512,-4.452780
smids/Normal_Sperm/Normal_Sperm (527).bmp,val,0,3.226973,0.916518,-4.143490
smids/Normal_Sperm/Normal_Sperm (552).bmp,val,0,2.327796,-1.383096,-0.944700
smids/Normal_Sperm/Normal_Sperm (554).bmp,val,0,3.535706,-0.807319,-2.728386
smids/Normal_Sperm/Normal_Sperm (566).bmp,val,0,4.411418,-0.630192,-3.781225
smids/Normal_Sperm/Normal_Sperm (568).bmp,val,0,2.315276,1.751716,-4.066991
smids/Normal_Sperm/Normal_Sperm (575).bmp,val,0,2.317431,0.179537,-2.496967
smids/Normal_Sperm/Normal_Sperm (587).bmp,val,0,1.863679,0.313461,-2.177138
smids/Normal_Sperm/Normal_Sperm (591).bmp,val,0,3.951452,-1.190413,-2.761039
smids/Normal_Sperm/Normal_Sperm (626).bmp,val,0,2.107448,-0.042508,-2.064939
smids/Normal_Sperm/Normal_Sperm (631).bmp,val,0,2.793767,1.178808,-3.972574
smids/Normal_Sperm/Normal_Sperm (632).bmp,val,0,3.801340,-0.416959,-3.384380
smids/Normal_Sperm/Normal_Sperm (635).bmp,val,0,3.331031,-0.129528,-3.201503
smids/Normal_Sperm/Normal_Sperm (649).bmp,val,0,1.965948,1.663619,-3.629567
smids/Normal_Sperm/Normal_Sperm (653).bmp,val,0,1.947381,0.582428,-2.529808
smids/Normal_Sperm/Normal_Sperm (655).bmp,val,0,1.199169,-0.793195,-0.405972
smids/Normal_Sperm/Normal_Sperm (658).bmp,val,0,1.871794,-1.104279,-0.767514
smids/Normal_Sperm/Normal_Sperm (660).bmp,val,0,3.135670,1.221578,-4.357246
smids/Normal_Sperm/Normal_Sperm (663).bmp,val,0,2.900966,0.860425,-3.761390
smids/Normal_Sperm/Normal_Sperm (664).bmp,val,0,1.063288,0.708972,-1.772259
smids/Normal_Sperm/Normal_Sperm (69).bmp,val,0,-0.777223,3.696181,-2.918958
smids/Normal_Sperm/Normal_Sperm (7).bmp,val,0,2.406734,0.329097,-2.735829
smids/Normal_Sperm/Normal_Sperm (715).bmp,val,0,-0.634052,0.557821,0.076232
smids/Normal_Sperm/Normal_Sperm (725).bmp,val,0,2.321312,-2.409107,0.087795
smids/Normal_Sperm/Normal_Sperm (726).bmp,val,0,2.943479,-0.172920,-2.770558
smids/Normal_Sperm/Normal_Sperm (754).bmp,val,0,2.386046,-2.203080,-0.182965
smids/Normal_Sperm/Normal_Sperm (755).bmp,val,0,2.116842,-1.842002,-0.274839
smids/Normal_Sperm/Normal_Sperm (761).bmp,val,0,3.807612,-0.077837,-3.729773
smids/Normal_Sperm/Normal_Sperm (77).bmp,val,0,3.456787,-1.988185,-1.468600
smids/Normal_Sperm/Normal_Sperm (789).bmp,val,0,3.124205,-1.903306,-1.220899
smids/Normal_Sperm/Normal_Sperm (796).bmp,val,0,1.573467,1.184486,-2.757952
smids/Normal_Sperm/Normal_Sperm (81).bmp,val,0,3.582958,-1.079937,-2.503018
smids/Normal_Sperm/Normal_Sperm (815).bmp,val,0,2.352840,-0.319482,-2.033357
smids/Normal_Sperm/Normal_Sperm (828).bmp,val,0,1.788814,-0.053313,-1.735498
smids/Normal_Sperm/Normal_Sperm (833).bmp,val,0,2.011224,0.238078,-2.249301
smids/Normal_Sperm/Normal_Sperm (834).bmp,val,0,2.181296,1.027454,-3.208749
smids/Normal_Sperm/Normal_Sperm (844).bmp,val,0,2.140744,-0.358608,-1.782135
smids/Normal_Sperm/Normal_Sperm (858).bmp,val,0,3.254322,0.074706,-3.329027
smids/Normal_Sperm/Normal_Sperm (920).bmp,val,0,1.758179,1.189219,-2.947397
smids/Normal_Sperm/Normal_Sperm (921).bmp,val,0,4.277104,0.894155,-5.171256
smids/Normal_Sperm/Normal_Sperm (928).bmp,val,0,0.225598,1.739829,-1.965427
smids/Normal_Sperm/Normal_Sperm (929).bmp,val,0,3.605553,1.130414,-4.735967
smids/Normal_Sperm/Normal_Sperm (990).bmp,val,0,1.927892,0.854411,-2.782303
smids/Normal_Sperm/Normal_Sperm (999).bmp,val,0,-0.002135,0.029466,-0.027331
smids/Abnormal_Sperm/Abnormal_Sperm (10).bmp,calib,1,1.382694,1.384034,-2.766728
smids/Abnormal_Sperm/Abnormal_Sperm (100).bmp,calib,1,0.537901,1.857455,-2.395355
smids/Abnormal_Sperm/Abnormal_Sperm (1000).bmp,calib,1,-2.355686,3.216527,-0.860841
smids/Abnormal_Sperm/Abnormal_Sperm (1002).bmp,calib,1,1.389461,2.037442,-3.426903
smids/Abnormal_Sperm/Abnormal_Sperm (105).bmp,calib,1,0.470751,0.748771,-1.219521
smids/Abnormal_Sperm/Abnormal_Sperm (113).bmp,calib,1,-1.886091,1.764841,0.121251
smids/Abnormal_Sperm/Abnormal_Sperm (117).bmp,calib,1,-1.257715,2.292774,-1.035058
smids/Abnormal_Sperm/Abnormal_Sperm (119).bmp,calib,1,0.381158,3.201538,-3.582694
smids/Abnormal_Sperm/Abnormal_Sperm (125).bmp,calib,1,-1.874291,2.663893,-0.789600
smids/Abnormal_Sperm/Abnormal_Sperm (126).bmp,calib,1,0.536791,2.592543,-3.129334
smids/Abnormal_Sperm/Abnormal_Sperm (127).bmp,calib,1,-0.775376,1.722719,-0.947341
smids/Abnormal_Sperm/Abnormal_Sperm (128).bmp,calib,1,0.093629,2.325960,-2.419588
smids/Abnormal_Sperm/Abnormal_Sperm (137).bmp,calib,1,1.502422,1.810274,-3.312696
smids/Abnormal_Sperm/Abnormal_Sperm (139).bmp,calib,1,0.495680,2.176213,-2.671891
smids/Abnormal_Sperm/Abnormal_Sperm (140).bmp,calib,1,0.802009,2.876045,-3.678055
smids/Abnormal_Sperm/Abnormal_Sperm (141).bmp,calib,1,-2.233954,2.851845,-0.617890
smids/Abnormal_Sperm/Abnormal_Sperm (149).bmp,calib,1,-1.670805,3.848413,-2.177607
smids/Abnormal_Sperm/Abnormal_Sperm (157).bmp,calib,1,-0.652297,2.520263,-1.867966
smids/Abnormal_Sperm/Abnormal_Sperm (163).bmp,calib,1,-0.842832,3.726056,-2.883223
smids/Abnormal_Sperm/Abnormal_Sperm (164).bmp,calib,1,-0.132127,2.986598,-2.854470
smids/Abnormal_Sperm/Abnormal_Sperm (176).bmp,calib,1,0.343754,1.781047,-2.124800
smids/Abnormal_Sperm/Abnormal_Sperm (182).bmp,calib,1,0.402721,1.772591,-2.175310
smids/Abnormal_Sperm/Abnormal_Sperm (184).bmp,calib,1,-0.668778,2.898407,-2.229629
smids/Abnormal_Sperm/Abnormal_Sperm (20).bmp,calib,1,-1.917299,-0.699646,2.616946
smids/Abnormal_Sperm/Abnormal_Sperm (202).bmp,calib,1,-1.581849,3.583425,-2.001575
smids/Abnormal_Sperm/Abnormal_Sperm (213).bmp,calib,1,0.919124,3.750845,-4.669969
smids/Abnormal_Sperm/Abnormal_Sperm (215).bmp,calib,1,1.423748,2.377535,-3.801283
smids/Abnormal_Sperm/Abnormal_Sperm (220).bmp,calib,1,1.530235,2.744905,-4.275140
smids/Abnormal_Sperm/Abnormal_Sperm (228).bmp,calib,1,-0.599376,-0.125929,0.725307
smids/Abnormal_Sperm/Abnormal_Sperm (230).bmp,calib,1,1.090207,2.152168,-3.242375
smids/Abnormal_Sperm/Abnormal_Sperm (234).bmp,calib,1,-2.920703,3.224044,-0.303339
smids/Abnormal_Sperm/Abnormal_Sperm (237).bmp,calib,1,-1.724237,0.411072,1.313166
smids/Abnormal_Sperm/Abnormal_Sperm (238).bmp,calib,1,-1.193823,2.061427,-0.867604
smids/Abnormal_Sperm/Abnormal_Sperm (256).bmp,calib,1,-0.786118,2.318841,-1.532721
smids/Abnormal_Sperm/Abnormal_Sperm (269).bmp,calib,1,-1.168947,1.018184,0.150765
smids/Abnormal_Sperm/Abnormal_Sperm (270).bmp,calib,1,-0.336810,2.581204,-2.244393
smids/Abnormal_Sperm/Abnormal_Sperm (274).bmp,calib,1,-1.971998,1.738927,0.233072
smids/Abnormal_Sperm/Abnormal_Sperm (281).bmp,calib,1,-0.169737,2.456263,-2.286525
smids/Abnormal_Sperm/Abnormal_Sperm (284).bmp,calib,1,-1.617329,2.790617,-1.173287
smids/Abnormal_Sperm/Abnormal_Sperm (289).bmp,calib,1,-0.387274,1.634355,-1.247079
smids/Abnormal_Sperm/Abnormal_Sperm (298).bmp,calib,1,-1.051819,1.839634,-0.787815
smids/Abnormal_Sperm/Abnormal_Sperm (304).bmp,calib,1,-2.450801,2.865986,-0.415183
smids/Abnormal_Sperm/Abnormal_Sperm (310).bmp,calib,1,-3.164459,1.968530,1.195930
smids/Abnormal_Sperm/Abnormal_Sperm (312).bmp,calib,1,-1.052663,0.139218,0.913446
smids/Abnormal_Sperm/Abnormal_Sperm (317).bmp,calib,1,-0.417190,1.444379,-1.027188
smids/Abnormal_Sperm/Abnormal_Sperm (325).bmp,calib,1,-0.798828,2.907402,-2.108572
smids/Abnormal_Sperm/Abnormal_Sperm (331).bmp,calib,1,-1.166204,3.153621,-1.987419
smids/Abnormal_Sperm/Abnormal_Sperm (340).bmp,calib,1,-0.004500,1.185501,-1.181000
smids/Abnormal_Sperm/Abnormal_Sperm (355).bmp,calib,1,-0.717862,2.725866,-2.008002
smids/Abnormal_Sperm/Abnormal_Sperm (358).bmp,calib,1,-1.092280,1.209797,-0.117516
smids/Abnormal_Sperm/Abnormal_Sperm (364).bmp,calib,1,-3.095539,2.309210,0.786329
smids/Abnormal_Sperm/Abnormal_Sperm (372).bmp,calib,1,-2.379261,1.576796,0.802467
smids/Abnormal_Sperm/Abnormal_Sperm (373).bmp,calib,1,-1.300517,2.800359,-1.499841
smids/Abnormal_Sperm/Abnormal_Sperm (382).bmp,calib,1,-0.371460,2.517732,-2.146272
smids/Abnormal_Sperm/Abnormal_Sperm (386).bmp,calib,1,-3.508209,0.491837,3.016372
smids/Abnormal_Sperm/Abnormal_Sperm (391).bmp,calib,1,0.045883,1.514248,-1.560130
smids/Abnormal_Sperm/Abnormal_Sperm (394).bmp,calib,1,-1.676234,0.986103,0.690131
smids/Abnormal_Sperm/Abnormal_Sperm (403).bmp,calib,1,0.633124,0.737273,-1.370397
smids/Abnormal_Sperm/Abnormal_Sperm (41).bmp,calib,1,0.452551,0.686334,-1.138885
smids/Abnormal_Sperm/Abnormal_Sperm (413).bmp,calib,1,-2.123805,1.563784,0.560022
smids/Abnormal_Sperm/Abnormal_Sperm (42).bmp,calib,1,2.085709,2.266019,-4.351727
smids/Abnormal_Sperm/Abnormal_Sperm (427).bmp,calib,1,-0.793250,2.088866,-1.295615
smids/Abnormal_Sperm/Abnormal_Sperm (428).bmp,calib,1,-0.505885,1.224120,-0.718234
smids/Abnormal_Sperm/Abnormal_Sperm (43).bmp,calib,1,-0.582358,2.573095,-1.990735
smids/Abnormal_Sperm/Abnormal_Sperm (433).bmp,calib,1,-1.113680,2.424005,-1.310323
smids/Abnormal_Sperm/Abnormal_Sperm (443).bmp,calib,1,-0.343888,1.629037,-1.285148
smids/Abnormal_Sperm/Abnormal_Sperm (456).bmp,calib,1,-0.641156,2.718159,-2.077001
smids/Abnormal_Sperm/Abnormal_Sperm (465).bmp,calib,1,-1.650295,1.670135,-0.019840
smids/Abnormal_Sperm/Abnormal_Sperm (470).bmp,calib,1,-0.690712,2.598745,-1.908032
smids/Abnormal_Sperm/Abnormal_Sperm (48).bmp,calib,1,-0.108498,0.825445,-0.716946
smids/Abnormal_Sperm/Abnormal_Sperm (484).bmp,calib,1,-1.397609,1.991420,-0.593809
smids/Abnormal_Sperm/Abnormal_Sperm (494).bmp,calib,1,0.483486,-0.210971,-0.272513
smids/Abnormal_Sperm/Abnormal_Sperm (5).bmp,calib,1,0.673695,1.614094,-2.287787
smids/Abnormal_Sperm/Abnormal_Sperm (506).bmp,calib,1,-0.719292,2.767691,-2.048399
smids/Abnormal_Sperm/Abnormal_Sperm (514).bmp,calib,1,1.281195,1.439689,-2.720884
smids/Abnormal_Sperm/Abnormal_Sperm (519).bmp,calib,1,1.707888,2.534558,-4.242444
smids/Abnormal_Sperm/Abnormal_Sperm (524).bmp,calib,1,-3.892517,2.749979,1.142537
smids/Abnormal_Sperm/Abnormal_Sperm (533).bmp,calib,1,2.220116,0.210186,-2.430300
smids/Abnormal_Sperm/Abnormal_Sperm (538).bmp,calib,1,-1.928468,2.295260,-0.366791
smids/Abnormal_Sperm/Abnormal_Sperm (548).bmp,calib,1,-1.312194,2.197186,-0.884991
smids/Abnormal_Sperm/Abnormal_Sperm (554).bmp,calib,1,1.268096,0.199517,-1.467614
smids/Abnormal_Sperm/Abnormal_Sperm (561).bmp,calib,1,1.141299,0.278052,-1.419349
smids/Abnormal_Sperm/Abnormal_Sperm (564).bmp,calib,1,-1.286267,2.322372,-1.036104
smids/Abnormal_Sperm/Abnormal_Sperm (569).bmp,calib,1,-1.689013,1.363880,0.325134
smids/Abnormal_Sperm/Abnormal_Sperm (577).bmp,calib,1,-0.160038,0.761042,-0.601004
smids/Abnormal_Sperm/Abnormal_Sperm (578).bmp,calib,1,3.315621,-0.504194,-2.811426
smids/Abnormal_Sperm/Abnormal_Sperm (606).bmp,calib,1,3.181069,-0.973617,-2.207454
smids/Abnormal_Sperm/Abnormal_Sperm (613).bmp,calib,1,-0.284581,2.226758,-1.942176
smids/Abnormal_Sperm/Abnormal_Sperm (621).bmp,calib,1,-0.518924,2.935427,-2.416503
smids/Abnormal_Sperm/Abnormal_Sperm (628).bmp,calib,1,-1.016771,1.698716,-0.681944
smids/Abnormal_Sperm/Abnormal_Sperm (635).bmp,calib,1,0.842262,2.452513,-3.294775
smids/Abnormal_Sperm/Abnormal_Sperm (636).bmp,calib,1,-0.990862,0.877449,0.113415
smids/Abnormal_Sperm/Abnormal_Sperm (638).bmp,calib,1,0.235002,0.277984,-0.512985
smids/Abnormal_Sperm/Abnormal_Sperm (639).bmp,calib,1,-2.288506,1.107795,1.180711
smids/Abnormal_Sperm/Abnormal_Sperm (651).bmp,calib,1,0.818547,0.076833,-0.895380
smids/Abnormal_Sperm/Abnormal_Sperm (654).bmp,calib,1,-0.674392,0.732655,-0.058262
smids/Abnormal_Sperm/Abnormal_Sperm (659).bmp,calib,1,-1.134974,0.933648,0.201326
smids/Abnormal_Sperm/Abnormal_Sperm (663).bmp,calib,1,1.395970,1.929142,-3.325111
smids/Abnormal_Sperm/Abnormal_Sperm (672).bmp,calib,1,-0.647447,1.968939,-1.321492
smids/Abnormal_Sperm/Abnormal_Sperm (673).bmp,calib,1,-1.227584,2.107114,-0.879529
smids/Abnormal_Sperm/Abnormal_Sperm (699).bmp,calib,1,-0.274677,2.798567,-2.523889
smids/Abnormal_Sperm/Abnormal_Sperm (7).bmp,calib,1,1.575239,1.069837,-2.645075
smids/Abnormal_Sperm/Abnormal_Sperm (70).bmp,calib,1,-0.546022,2.801455,-2.255431
smids/Abnormal_Sperm/Abnormal_Sperm (702).bmp,calib,1,0.571151,1.063740,-1.634891
smids/Abnormal_Sperm/Abnormal_Sperm (705).bmp,calib,1,-0.088504,0.646449,-0.557944
smids/Abnormal_Sperm/Abnormal_Sperm (712).bmp,calib,1,0.068929,2.822320,-2.891249
smids/Abnormal_Sperm/Abnormal_Sperm (714).bmp,calib,1,2.032505,-0.423096,-1.609409
smids/Abnormal_Sperm/Abnormal_Sperm (723).bmp,calib,1,-0.094988,3.577051,-3.482062
smids/Abnormal_Sperm/Abnormal_Sperm (724).bmp,calib,1,-0.270573,1.929746,-1.659172
smids/Abnormal_Sperm/Abnormal_Sperm (725).bmp,calib,1,0.662654,0.352871,-1.015525
smids/Abnormal_Sperm/Abnormal_Sperm (731).bmp,calib,1,0.401179,1.213435,-1.614613
smids/Abnormal_Sperm/Abnormal_Sperm (749).bmp,calib,1,-1.145123,1.851516,-0.706393
smids/Abnormal_Sperm/Abnormal_Sperm (75).bmp,calib,1,0.971324,2.083086,-3.054409
smids/Abnormal_Sperm/Abnormal_Sperm (760).bmp,calib,1,1.448062,1.007394,-2.455456
smids/Abnormal_Sperm/Abnormal_Sperm (761).bmp,calib,1,2.844493,-0.106697,-2.737795
smids/Abnormal_Sperm/Abnormal_Sperm (764).bmp,calib,1,1.742637,-1.797542,0.054906
smids/Abnormal_Sperm/Abnormal_Sperm (769).bmp,calib,1,-2.160494,2.581642,-0.421146
smids/Abnormal_Sperm/Abnormal_Sperm (772).bmp,calib,1,-0.746791,2.989542,-2.242750
smids/Abnormal_Sperm/Abnormal_Sperm (776).bmp,calib,1,1.110175,1.908050,-3.018225
smids/Abnormal_Sperm/Abnormal_Sperm (779).bmp,calib,1,-0.458545,3.318733,-2.860187
smids/Abnormal_Sperm/Abnormal_Sperm (781).bmp,calib,1,3.675956,-1.196068,-2.479885
smids/Abnormal_Sperm/Abnormal_Sperm (786).bmp,calib,1,2.341320,0.976470,-3.317787
smids/Abnormal_Sperm/Abnormal_Sperm (792).bmp,calib,1,-0.495433,0.761369,-0.265936
smids/Abnormal_Sperm/Abnormal_Sperm (796).bmp,calib,1,1.603172,1.062556,-2.665727
smids/Abnormal_Sperm/Abnormal_Sperm (798).bmp,calib,1,0.252818,2.740625,-2.993442
smids/Abnormal_Sperm/Abnormal_Sperm (806).bmp,calib,1,-1.357512,3.021780,-1.664267
smids/Abnormal_Sperm/Abnormal_Sperm (814).bmp,calib,1,2.218087,2.287837,-4.505924
smids/Abnormal_Sperm/Abnormal_Sperm (82).bmp,calib,1,1.591109,2.622413,-4.213523
smids/Abnormal_Sperm/Abnormal_Sperm (820).bmp,calib,1,1.337110,0.094239,-1.431348
smids/Abnormal_Sperm/Abnormal_Sperm (83).bmp,calib,1,0.060416,0.747370,-0.807786
smids/Abnormal_Sperm/Abnormal_Sperm (837).bmp,calib,1,3.222404,-0.535544,-2.686859
smids/Abnormal_Sperm/Abnormal_Sperm (839).bmp,calib,1,2.873368,-1.348128,-1.525240
smids/Abnormal_Sperm/Abnormal_Sperm (844).bmp,calib,1,-2.165388,1.490140,0.675248
smids/Abnormal_Sperm/Abnormal_Sperm (858).bmp,calib,1,0.861109,1.103207,-1.964315
smids/Abnormal_Sperm/Abnormal_Sperm (86).bmp,calib,1,-1.760093,2.910959,-1.150865
smids/Abnormal_Sperm/Abnormal_Sperm (866).bmp,calib,1,-0.611925,1.261629,-0.649704
smids/Abnormal_Sperm/Abnormal_Sperm (882).bmp,calib,1,0.998373,2.396404,-3.394777
smids/Abnormal_Sperm/Abnormal_Sperm (889).bmp,calib,1,0.145618,3.114593,-3.260210
smids/Abnormal_Sperm/Abnormal_Sperm (89).bmp,calib,1,-1.410995,1.021117,0.389879
smids/Abnormal_Sperm/Abnormal_Sperm (901).bmp,calib,1,-0.732250,2.793720,-2.061469
smids/Abnormal_Sperm/Abnormal_Sperm (908).bmp,calib,1,0.061140,2.016258,-2.077397
smids/Abnormal_Sperm/Abnormal_Sperm (910).bmp,calib,1,0.683244,-0.856927,0.173684
smids/Abnormal_Sperm/Abnormal_Sperm (928).bmp,calib,1,-0.002627,2.179552,-2.176924
smids/Abnormal_Sperm/Abnormal_Sperm (939).bmp,calib,1,0.715176,-0.150878,-0.564297
smids/Abnormal_Sperm/Abnormal_Sperm (94).bmp,calib,1,-2.398262,2.914990,-0.516727
smids/Abnormal_Sperm/Abnormal_Sperm (942).bmp,calib,1,1.202680,-0.522284,-0.680395
smids/Abnormal_Sperm/Abnormal_Sperm (955).bmp,calib,1,0.849045,3.359894,-4.208938
smids/Abnormal_Sperm/Abnormal_Sperm (969).bmp,calib,1,-2.784002,2.577535,0.206467
smids/Abnormal_Sperm/Abnormal_Sperm (97).bmp,calib,1,-1.305851,1.467314,-0.161461
smids/Abnormal_Sperm/Abnormal_Sperm (970).bmp,calib,1,-2.603253,3.522690,-0.919436
smids/Abnormal_Sperm/Abnormal_Sperm (971).bmp,calib,1,-2.282049,2.731766,-0.449716
smids/Abnormal_Sperm/Abnormal_Sperm (976).bmp,calib,1,-1.253399,0.922713,0.330688
smids/Abnormal_Sperm/Abnormal_Sperm (987).bmp,calib,1,1.267954,1.957330,-3.225282
smids/Abnormal_Sperm/Abnormal_Sperm (996).bmp,calib,1,-3.453151,3.126645,0.326507
smids/Abnormal_Sperm/Abnormal_Sperm (997).bmp,calib,1,-0.235773,1.147411,-0.911638
smids/Abnormal_Sperm/Abnormal_Sperm (999).bmp,calib,1,-1.208498,0.974825,0.233674
smids/Non-Sperm/Non-Sperm (10).bmp,calib,2,-1.790007,-0.708202,2.498210
smids/Non-Sperm/Non-Sperm (107).bmp,calib,2,-2.162406,-1.939294,4.101702
smids/Non-Sperm/Non-Sperm (108).bmp,calib,2,-3.527026,0.273646,3.253380
smids/Non-Sperm/Non-Sperm (113).bmp,calib,2,-1.543577,-2.710401,4.253979
smids/Non-Sperm/Non-Sperm (13).bmp,calib,2,-3.113634,-2.176492,5.290127
smids/Non-Sperm/Non-Sperm (131).bmp,calib,2,-0.503592,-3.344397,3.847990
smids/Non-Sperm/Non-Sperm (132).bmp,calib,2,-1.078528,-3.084311,4.162840
smids/Non-Sperm/Non-Sperm (133).bmp,calib,2,-1.280550,-3.275557,4.556110
smids/Non-Sperm/Non-Sperm (140).bmp,calib,2,-0.000996,-2.514609,2.515607
smids/Non-Sperm/Non-Sperm (141).bmp,calib,2,-0.809403,-2.056630,2.866034
smids/Non-Sperm/Non-Sperm (144).bmp,calib,2,-1.756532,-2.619940,4.376475
smids/Non-Sperm/Non-Sperm (158).bmp,calib,2,-1.213295,-1.445011,2.658306
smids/Non-Sperm/Non-Sperm (162).bmp,calib,2,-1.311996,-2.346613,3.658612
smids/Non-Sperm/Non-Sperm (164).bmp,calib,2,-1.623353,-2.234346,3.857700
smids/Non-Sperm/Non-Sperm (167).bmp,calib,2,-1.481460,-2.194642,3.676105
smids/Non-Sperm/Non-Sperm (173).bmp,calib,2,-1.565041,-1.833766,3.398809
smids/Non-Sperm/Non-Sperm (175).bmp,calib,2,-1.554294,-2.514367,4.068663
smids/Non-Sperm/Non-Sperm (177).bmp,calib,2,-1.417929,-2.394814,3.812747
smids/Non-Sperm/Non-Sperm (178).bmp,calib,2,-1.128353,-2.489672,3.618027
smids/Non-Sperm/Non-Sperm (18).bmp,calib,2,-1.642025,0.464693,1.177333
smids/Non-Sperm/Non-Sperm (181).bmp,calib,2,-0.592640,-1.533556,2.126198
smids/Non-Sperm/Non-Sperm (186).bmp,calib,2,-1.818745,-2.096911,3.915659
smids/Non-Sperm/Non-Sperm (188).bmp,calib,2,-0.911202,-2.045515,2.956719
smids/Non-Sperm/Non-Sperm (216).bmp,calib,2,-1.244859,-1.267315,2.512175
smids/Non-Sperm/Non-Sperm (217).bmp,calib,2,-0.377860,-1.623758,2.001620
smids/Non-Sperm/Non-Sperm (221).bmp,calib,2,-2.001140,-0.996517,2.997659
smids/Non-Sperm/Non-Sperm (223).bmp,calib,2,-2.492847,-0.969612,3.462459
smids/Non-Sperm/Non-Sperm (240).bmp,calib,2,-2.141953,-2.218362,4.360315
smids/Non-Sperm/Non-Sperm (243).bmp,calib,2,-1.065183,-1.501090,2.566273
smids/Non-Sperm/Non-Sperm (253).bmp,calib,2,-1.515900,-1.204294,2.720195
smids/Non-Sperm/Non-Sperm (254).bmp,calib,2,-2.276234,-1.962557,4.238792
smids/Non-Sperm/Non-Sperm (257).bmp,calib,2,-2.145069,-1.261416,3.406486
smids/Non-Sperm/Non-Sperm (258).bmp,calib,2,-1.166054,-1.442784,2.608841
smids/Non-Sperm/Non-Sperm (261).bmp,calib,2,-2.034553,-2.035925,4.070478
smids/Non-Sperm/Non-Sperm (265).bmp,calib,2,-2.043624,-1.930479,3.974104
smids/Non-Sperm/Non-Sperm (278).bmp,calib,2,-1.977002,-2.208269,4.185273
smids/Non-Sperm/Non-Sperm (28).bmp,calib,2,-2.228081,2.757845,-0.529764
smids/Non-Sperm/Non-Sperm (291).bmp,calib,2,-0.943726,-2.289088,3.232815
smids/Non-Sperm/Non-Sperm (298).bmp,calib,2,-1.620280,-2.328217,3.948498
smids/Non-Sperm/Non-Sperm (30).bmp,calib,2,-1.542581,1.425185,0.117397
smids/Non-Sperm/Non-Sperm (301).bmp,calib,2,-1.029302,-2.232348,3.261651
smids/Non-Sperm/Non-Sperm (302).bmp,calib,2,-0.887569,-2.685487,3.573056
smids/Non-Sperm/Non-Sperm (316).bmp,calib,2,-0.632173,-1.633049,2.265224
smids/Non-Sperm/Non-Sperm (319).bmp,calib,2,-1.542250,-2.542049,4.084301
smids/Non-Sperm/Non-Sperm (32).bmp,calib,2,-2.938462,0.114252,2.824212
smids/Non-Sperm/Non-Sperm (335).bmp,calib,2,-1.326599,-0.405571,1.732170
smids/Non-Sperm/Non-Sperm (344).bmp,calib,2,-0.405247,-1.601212,2.006461
smids/Non-Sperm/Non-Sperm (349).bmp,calib,2,-0.213282,-0.768394,0.981678
smids/Non-Sperm/Non-Sperm (351).bmp,calib,2,-1.121526,-1.079099,2.200627
smids/Non-Sperm/Non-Sperm (353).bmp,calib,2,0.111311,-0.081406,-0.029903
smids/Non-Sperm/Non-Sperm (354).bmp,calib,2,-2.640102,-0.655021,3.295123
smids/Non-Sperm/Non-Sperm (356).bmp,calib,2,-1.623808,-1.772907,3.396717
smids/Non-Sperm/Non-Sperm (357).bmp,calib,2,-0.946767,-0.812863,1.759631
smids/Non-Sperm/Non-Sperm (359).bmp,calib,2,-2.689294,-2.390057,5.079353
smids/Non-Sperm/Non-Sperm (360).bmp,calib,2,-0.410582,-1.297969,1.708552
smids/Non-Sperm/Non-Sperm (384).bmp,calib,2,-2.076494,-0.496792,2.573287
smids/Non-Sperm/Non-Sperm (396).bmp,calib,2,0.035434,0.844067,-0.879499
smids/Non-Sperm/Non-Sperm (397).bmp,calib,2,-1.134336,-1.782815,2.917152
smids/Non-Sperm/Non-Sperm (399).bmp,calib,2,-2.053060,-1.483261,3.536322
smids/Non-Sperm/Non-Sperm (409).bmp,calib,2,1.084359,-0.705812,-0.378547
smids/Non-Sperm/Non-Sperm (416).bmp,calib,2,-1.430323,-0.961924,2.392248
smids/Non-Sperm/Non-Sperm (43).bmp,calib,2,-0.894130,-0.419077,1.313208
smids/Non-Sperm/Non-Sperm (431).bmp,calib,2,-1.524912,-1.715370,3.240281
smids/Non-Sperm/Non-Sperm (44).bmp,calib,2,-2.436602,-1.299038,3.735641
smids/Non-Sperm/Non-Sperm (440).bmp,calib,2,0.719105,-1.241837,0.522733
smids/Non-Sperm/Non-Sperm (446).bmp,calib,2,-2.195027,-2.115299,4.310327
smids/Non-Sperm/Non-Sperm (459).bmp,calib,2,-0.783703,-1.528324,2.312028
smids/Non-Sperm/Non-Sperm (460).bmp,calib,2,-1.727080,-2.299931,4.027013
smids/Non-Sperm/Non-Sperm (464).bmp,calib,2,-0.745016,-1.526479,2.271497
smids/Non-Sperm/Non-Sperm (467).bmp,calib,2,-1.774523,-2.340981,4.115508
smids/Non-Sperm/Non-Sperm (472).bmp,calib,2,0.910346,-1.535905,0.625560
smids/Non-Sperm/Non-Sperm (473).bmp,calib,2,-1.635766,-0.364799,2.000567
smids/Non-Sperm/Non-Sperm (478).bmp,calib,2,-0.932062,-1.658515,2.590579
smids/Non-Sperm/Non-Sperm (479).bmp,calib,2,-1.051976,-1.950948,3.002927
smids/Non-Sperm/Non-Sperm (480).bmp,calib,2,-1.623564,-2.402156,4.025720
smids/Non-Sperm/Non-Sperm (484).bmp,calib,2,-1.059608,-2.225367,3.284976
smids/Non-Sperm/Non-Sperm (502).bmp,calib,2,0.617495,-2.805176,2.187682
smids/Non-Sperm/Non-Sperm (504).bmp,calib,2,-1.148890,-2.457854,3.606746
smids/Non-Sperm/Non-Sperm (510).bmp,calib,2,-0.314535,-2.075803,2.390339
smids/Non-Sperm/Non-Sperm (515).bmp,calib,2,-1.773423,-1.752697,3.526122
smids/Non-Sperm/Non-Sperm (517).bmp,calib,2,-1.530159,-1.843083,3.373244
smids/Non-Sperm/Non-Sperm (518).bmp,calib,2,-2.552213,-2.117502,4.669718
smids/Non-Sperm/Non-Sperm (524).bmp,calib,2,-1.858770,-0.904536,2.763308
smids/Non-Sperm/Non-Sperm (528).bmp,calib,2,-1.788644,1.031086,0.757558
smids/Non-Sperm/Non-Sperm (53).bmp,calib,2,-2.784287,1.875975,0.908315
smids/Non-Sperm/Non-Sperm (530).bmp,calib,2,-2.438595,-0.558434,2.997029
smids/Non-Sperm/Non-Sperm (533).bmp,calib,2,-0.348875,-1.653591,2.002467
smids/Non-Sperm/Non-Sperm (546).bmp,calib,2,-1.569493,-0.723667,2.293161
smids/Non-Sperm/Non-Sperm (550).bmp,calib,2,-1.927673,-2.855710,4.783386
smids/Non-Sperm/Non-Sperm (555).bmp,calib,2,-1.656656,-1.532985,3.189643
smids/Non-Sperm/Non-Sperm (562).bmp,calib,2,-1.559579,-1.769373,3.328954
smids/Non-Sperm/Non-Sperm (567).bmp,calib,2,-1.281278,-0.236812,1.518091
smids/Non-Sperm/Non-Sperm (578).bmp,calib,2,0.272505,-1.649764,1.377261
smids/Non-Sperm/Non-Sperm (59).bmp,calib,2,-1.326576,3.662491,-2.335914
smids/Non-Sperm/Non-Sperm (60).bmp,calib,2,0.618660,3.047873,-3.666533
smids/Non-Sperm/Non-Sperm (603).bmp,calib,2,-2.696639,-0.205815,2.902453
smids/Non-Sperm/Non-Sperm (609).bmp,calib,2,-1.596870,-1.308473,2.905344
smids/Non-Sperm/Non-Sperm (612).bmp,calib,2,-1.058085,-2.515033,3.573120
smids/Non-Sperm/Non-Sperm (621).bmp,calib,2,-1.048519,-2.069947,3.118468
smids/Non-Sperm/Non-Sperm (623).bmp,calib,2,-1.894348,-2.402789,4.297137
smids/Non-Sperm/Non-Sperm (633).bmp,calib,2,-2.070684,-2.437930,4.508616
smids/Non-Sperm/Non-Sperm (64).bmp,calib,2,-2.763864,0.617645,2.146220
smids/Non-Sperm/Non-Sperm (640).bmp,calib,2,-1.358704,-1.620454,2.979159
smids/Non-Sperm/Non-Sperm (644).bmp,calib,2,-2.605643,-1.132392,3.738036
smids/Non-Sperm/Non-Sperm (652).bmp,calib,2,-0.822276,-2.392859,3.215135
smids/Non-Sperm/Non-Sperm (655).bmp,calib,2,-0.613841,-0.822800,1.436642
smids/Non-Sperm/Non-Sperm (66).bmp,calib,2,-2.526940,0.178444,2.348498
smids/Non-Sperm/Non-Sperm (674).bmp,calib,2,-2.717246,-0.184008,2.901255
smids/Non-Sperm/Non-Sperm (675).bmp,calib,2,-2.904494,-1.618961,4.523457
smids/Non-Sperm/Non-Sperm (678).bmp,calib,2,-2.009579,-1.186676,3.196255
smids/Non-Sperm/Non-Sperm (679).bmp,calib,2,0.075811,-0.886839,0.811029
smids/Non-Sperm/Non-Sperm (687).bmp,calib,2,-1.473216,-1.654393,3.127612
smids/Non-Sperm/Non-Sperm (694).bmp,calib,2,-1.935305,-2.938320,4.873628
smids/Non-Sperm/Non-Sperm (71).bmp,calib,2,-2.231200,0.542848,1.688354
smids/Non-Sperm/Non-Sperm (727).bmp,calib,2,-0.313570,-1.273429,1.587000
smids/Non-Sperm/Non-Sperm (740).bmp,calib,2,-2.390458,-1.575502,3.965961
smids/Non-Sperm/Non-Sperm (749).bmp,calib,2,-2.137403,-0.230983,2.368388
smids/Non-Sperm/Non-Sperm (765).bmp,calib,2,-0.948519,-1.927672,2.876193
smids/Non-Sperm/Non-Sperm (766).bmp,calib,2,-1.428729,-1.905979,3.334710
smids/Non-Sperm/Non-Sperm (769).bmp,calib,2,-0.649051,-2.816677,3.465730
smids/Non-Sperm/Non-Sperm (77).bmp,calib,2,-2.822927,1.573994,1.248931
smids/Non-Sperm/Non-Sperm (780).bmp,calib,2,-1.508146,-1.642526,3.150672
smids/Non-Sperm/Non-Sperm (782).bmp,calib,2,-1.264806,-1.488107,2.752915
smids/Non-Sperm/Non-Sperm (797).bmp,calib,2,-1.600810,-2.145442,3.746253
smids/Non-Sperm/Non-Sperm (800).bmp,calib,2,-1.316097,-1.232282,2.548379
smids/Non-Sperm/Non-Sperm (803).bmp,calib,2,0.324905,-0.474940,0.150035
smids/Non-Sperm/Non-Sperm (806).bmp,calib,2,-0.754209,-2.404482,3.158693
smids/Non-Sperm/Non-Sperm (809).bmp,calib,2,-0.115721,-0.691288,0.807011
smids/Non-Sperm/Non-Sperm (816).bmp,calib,2,-0.644518,-0.584677,1.229197
smids/Non-Sperm/Non-Sperm (819).bmp,calib,2,-0.253751,-0.665993,0.919745
smids/Non-Sperm/Non-Sperm (834).bmp,calib,2,1.936996,-0.399024,-1.537970
smids/Non-Sperm/Non-Sperm (837).bmp,calib,2,-2.365133,-1.788333,4.153467
smids/Non-Sperm/Non-Sperm (840).bmp,calib,2,-1.757300,0.870674,0.886627
smids/Non-Sperm/Non-Sperm (844).bmp,calib,2,-1.557986,-0.132600,1.690588
smids/Non-Sperm/Non-Sperm (846).bmp,calib,2,-1.033961,-0.106270,1.140234
smids/Non-Sperm/Non-Sperm (848).bmp,calib,2,-2.345646,-2.018032,4.363680
smids/Non-Sperm/Non-Sperm (85).bmp,calib,2,-0.860128,-0.611797,1.471927
smids/Non-Sperm/Non-Sperm (855).bmp,calib,2,-3.170044,-1.585913,4.755959
smids/Non-Sperm/Non-Sperm (863).bmp,calib,2,-3.113661,-0.625801,3.739462
smids/Non-Sperm/Non-Sperm (864).bmp,calib,2,-3.272148,-0.501808,3.773956
smids/Non-Sperm/Non-Sperm (867).bmp,calib,2,-2.195149,-1.163412,3.358562
smids/Non-Sperm/Non-Sperm (890).bmp,calib,2,0.303030,-2.178194,1.875165
smids/Non-Sperm/Non-Sperm (893).bmp,calib,2,-0.653586,-1.555903,2.209490
smids/Non-Sperm/Non-Sperm (899).bmp,calib,2,-0.998381,-0.677783,1.676166
smids/Non-Sperm/Non-Sperm (905).bmp,calib,2,-0.336022,0.295766,0.040256
smids/Non-Sperm/Non-Sperm (91).bmp,calib,2,-1.936710,-1.496025,3.432736
smids/Non-Sperm/Non-Sperm (911).bmp,calib,2,-1.116090,3.311858,-2.195767
smids/Non-Sperm/Non-Sperm (913).bmp,calib,2,-2.641988,-1.385473,4.027462
smids/Non-Sperm/Non-Sperm (924).bmp,calib,2,1.286433,-0.813152,-0.473279
smids/Non-Sperm/Non-Sperm (931).bmp,calib,2,-1.190925,0.180494,1.010432
smids/Non-Sperm/Non-Sperm (934).bmp,calib,2,-1.010990,-1.630302,2.641293
smids/Non-Sperm/Non-Sperm (942).bmp,calib,2,-1.017226,0.022603,0.994625
smids/Non-Sperm/Non-Sperm (954).bmp,calib,2,-1.057048,-1.683565,2.740615
smids/Non-Sperm/Non-Sperm (956).bmp,calib,2,-1.430892,-1.135430,2.566322
smids/Non-Sperm/Non-Sperm (960).bmp,calib,2,-3.240588,1.372489,1.868100
smids/Non-Sperm/Non-Sperm (962).bmp,calib,2,-0.706903,1.326746,-0.619842
smids/Normal_Sperm/Normal_Sperm (1017).bmp,calib,0,2.866548,-0.506967,-2.359579
smids/Normal_Sperm/Normal_Sperm (1019).bmp,calib,0,0.602112,0.952873,-1.554984
smids/Normal_Sperm/Normal_Sperm (105).bmp,calib,0,2.704862,-1.817604,-0.887256
smids/Normal_Sperm/Normal_Sperm (106).bmp,calib,0,2.413919,0.525071,-2.938990
smids/Normal_Sperm/Normal_Sperm (112).bmp,calib,0,4.047986,-0.834010,-3.213974
smids/Normal_Sperm/Normal_Sperm (117).bmp,calib,0,4.175216,-0.251962,-3.923255
smids/Normal_Sperm/Normal_Sperm (125).bmp,calib,0,2.729335,1.141549,-3.870882
smids/Normal_Sperm/Normal_Sperm (126).bmp,calib,0,1.959052,2.226695,-4.185745
smids/Normal_Sperm/Normal_Sperm (13).bmp,calib,0,0.169573,-0.320357,0.150786
smids/Normal_Sperm/Normal_Sperm (135).bmp,calib,0,1.931235,0.565762,-2.496996
smids/Normal_Sperm/Normal_Sperm (137).bmp,calib,0,2.830472,0.597286,-3.427756
smids/Normal_Sperm/Normal_Sperm (138).bmp,calib,0,1.559199,0.673046,-2.232245
smids/Normal_Sperm/Normal_Sperm (144).bmp,calib,0,3.100412,0.286732,-3.387143
smids/Normal_Sperm/Normal_Sperm (153).bmp,calib,0,0.690320,-1.334279,0.643960
smids/Normal_Sperm/Normal_Sperm (162).bmp,calib,0,3.607876,-0.642194,-2.965681
smids/Normal_Sperm/Normal_Sperm (165).bmp,calib,0,0.410946,0.712672,-1.123617
smids/Normal_Sperm/Normal_Sperm (167).bmp,calib,0,3.022537,-0.922917,-2.099619
smids/Normal_Sperm/Normal_Sperm (168).bmp,calib,0,3.110017,-1.860516,-1.249500
smids/Normal_Sperm/Normal_Sperm (17).bmp,calib,0,1.826643,0.682529,-2.509171
smids/Normal_Sperm/Normal_Sperm (176).bmp,calib,0,3.538466,-0.508010,-3.030455
smids/Normal_Sperm/Normal_Sperm (182).bmp,calib,0,0.389766,0.275183,-0.664948
smids/Normal_Sperm/Normal_Sperm (183).bmp,calib,0,1.534035,-0.119609,-1.414425
smids/Normal_Sperm/Normal_Sperm (186).bmp,calib,0,1.536733,-0.819228,-0.717504
smids/Normal_Sperm/Normal_Sperm (195).bmp,calib,0,0.811812,-0.044092,-0.767720
smids/Normal_Sperm/Normal_Sperm (196).bmp,calib,0,1.129187,1.047936,-2.177122
smids/Normal_Sperm/Normal_Sperm (197).bmp,calib,0,1.466394,0.589638,-2.056031
smids/Normal_Sperm/Normal_Sperm (2).bmp,calib,0,3.230313,-1.635270,-1.595043
smids/Normal_Sperm/Normal_Sperm (21).bmp,calib,0,3.584293,-0.415658,-3.168634
smids/Normal_Sperm/Normal_Sperm (228).bmp,calib,0,3.979903,0.217812,-4.197714
smids/Normal_Sperm/Normal_Sperm (237).bmp,calib,0,0.626461,1.256418,-1.882878
smids/Normal_Sperm/Normal_Sperm (238).bmp,calib,0,0.871757,2.154652,-3.026409
smids/Normal_Sperm/Normal_Sperm (239).bmp,calib,0,2.010143,-0.019474,-1.990669
smids/Normal_Sperm/Normal_Sperm (248).bmp,calib,0,3.246165,-0.036202,-3.209962
smids/Normal_Sperm/Normal_Sperm (252).bmp,calib,0,3.287805,0.948471,-4.236277
smids/Normal_Sperm/Normal_Sperm (254).bmp,calib,0,2.413040,-0.252984,-2.160056
smids/Normal_Sperm/Normal_Sperm (263).bmp,calib,0,1.965696,0.127209,-2.092904
smids/Normal_Sperm/Normal_Sperm (268).bmp,calib,0,0.640042,-0.824451,0.184410
smids/Normal_Sperm/Normal_Sperm (277).bmp,calib,0,1.573460,-0.868012,-0.705448
smids/Normal_Sperm/Normal_Sperm (278).bmp,calib,0,-0.015543,1.443722,-1.428179
smids/Normal_Sperm/Normal_Sperm (283).bmp,calib,0,1.705736,-0.755629,-0.950107
smids/Normal_Sperm/Normal_Sperm (29).bmp,calib,0,2.201549,-0.907111,-1.294437
smids/Normal_Sperm/Normal_Sperm (3).bmp,calib,0,1.808302,1.439042,-3.247343
smids/Normal_Sperm/Normal_Sperm (30).bmp,calib,0,3.568653,-1.699832,-1.868820
smids/Normal_Sperm/Normal_Sperm (308).bmp,calib,0,1.481492,-0.425740,-1.055751
smids/Normal_Sperm/Normal_Sperm (320).bmp,calib,0,0.232968,0.153167,-0.386134
smids/Normal_Sperm/Normal_Sperm (321).bmp,calib,0,2.558178,-0.956606,-1.601573
smids/Normal_Sperm/Normal_Sperm (329).bmp,calib,0,0.812174,0.070341,-0.882515
smids/Normal_Sperm/Normal_Sperm (34).bmp,calib,0,3.069590,-1.840774,-1.228816
smids/Normal_Sperm/Normal_Sperm (359).bmp,calib,0,2.495481,1.387315,-3.882795
smids/Normal_Sperm/Normal_Sperm (360).bmp,calib,0,3.128582,0.049799,-3.178380
smids/Normal_Sperm/Normal_Sperm (375).bmp,calib,0,2.457595,-0.261032,-2.196562
smids/Normal_Sperm/Normal_Sperm (378).bmp,calib,0,1.860859,-0.605721,-1.255136
smids/Normal_Sperm/Normal_Sperm (38).bmp,calib,0,0.579152,-1.312408,0.733257
smids/Normal_Sperm/Normal_Sperm (383).bmp,calib,0,1.798373,1.686212,-3.484585
smids/Normal_Sperm/Normal_Sperm (388).bmp,calib,0,0.825294,1.187625,-2.012919
smids/Normal_Sperm/Normal_Sperm (393).bmp,calib,0,1.538811,0.452336,-1.991146
smids/Normal_Sperm/Normal_Sperm (4).bmp,calib,0,3.752607,0.470439,-4.223045
smids/Normal_Sperm/Normal_Sperm (400).bmp,calib,0,3.962300,0.235072,-4.197370
smids/Normal_Sperm/Normal_Sperm (41).bmp,calib,0,-0.325876,-1.283491,1.609369
smids/Normal_Sperm/Normal_Sperm (413).bmp,calib,0,2.022910,-0.189786,-1.833122
smids/Normal_Sperm/Normal_Sperm (42).bmp,calib,0,0.011618,0.530365,-0.541982
smids/Normal_Sperm/Normal_Sperm (420).bmp,calib,0,1.335091,1.831089,-3.166179
smids/Normal_Sperm/Normal_Sperm (433).bmp,calib,0,3.202007,-1.006112,-2.195896
smids/Normal_Sperm/Normal_Sperm (45).bmp,calib,0,2.506712,-1.361901,-1.144809
smids/Normal_Sperm/Normal_Sperm (451).bmp,calib,0,2.296921,-0.163046,-2.133874
smids/Normal_Sperm/Normal_Sperm (452).bmp,calib,0,1.859283,0.092119,-1.951401
smids/Normal_Sperm/Normal_Sperm (469).bmp,calib,0,2.238014,0.995598,-3.233611
smids/Normal_Sperm/Normal_Sperm (477).bmp,calib,0,0.832864,0.511605,-1.344467
smids/Normal_Sperm/Normal_Sperm (484).bmp,calib,0,2.704123,-0.862640,-1.841482
smids/Normal_Sperm/Normal_Sperm (488).bmp,calib,0,1.401052,0.503993,-1.905044
smids/Normal_Sperm/Normal_Sperm (517).bmp,calib,0,2.382987,-0.430663,-1.952323
smids/Normal_Sperm/Normal_Sperm (519).bmp,calib,0,2.365192,-1.264815,-1.100377
smids/Normal_Sperm/Normal_Sperm (534).bmp,calib,0,0.038392,-1.255393,1.217001
smids/Normal_Sperm/Normal_Sperm (536).bmp,calib,0,2.445068,-1.408043,-1.037025
smids/Normal_Sperm/Normal_Sperm (537).bmp,calib,0,2.742641,-0.529756,-2.212885
smids/Normal_Sperm/Normal_Sperm (542).bmp,calib,0,2.485431,-0.236638,-2.248792
smids/Normal_Sperm/Normal_Sperm (543).bmp,calib,0,2.502677,1.378592,-3.881270
smids/Normal_Sperm/Normal_Sperm (544).bmp,calib,0,2.264851,1.025317,-3.290169
smids/Normal_Sperm/Normal_Sperm (56).bmp,calib,0,1.479363,-1.139600,-0.339762
smids/Normal_Sperm/Normal_Sperm (57).bmp,calib,0,3.942953,2.134620,-6.077571
smids/Normal_Sperm/Normal_Sperm (570).bmp,calib,0,4.011552,0.030313,-4.041864
smids/Normal_Sperm/Normal_Sperm (580).bmp,calib,0,2.590796,-1.795032,-0.795763
smids/Normal_Sperm/Normal_Sperm (581).bmp,calib,0,1.358737,0.447821,-1.806558
smids/Normal_Sperm/Normal_Sperm (584).bmp,calib,0,3.590618,0.950797,-4.541414
smids/Normal_Sperm/Normal_Sperm (597).bmp,calib,0,2.259658,-0.992214,-1.267445
smids/Normal_Sperm/Normal_Sperm (609).bmp,calib,0,1.375861,1.227342,-2.603203
smids/Normal_Sperm/Normal_Sperm (612).bmp,calib,0,1.949423,1.082764,-3.032188
smids/Normal_Sperm/Normal_Sperm (616).bmp,calib,0,2.355849,0.010583,-2.366431
smids/Normal_Sperm/Normal_Sperm (619).bmp,calib,0,2.651758,-1.359321,-1.292436
smids/Normal_Sperm/Normal_Sperm (621).bmp,calib,0,2.335765,0.856478,-3.192242
smids/Normal_Sperm/Normal_Sperm (625).bmp,calib,0,4.061274,-1.711621,-2.349652
smids/Normal_Sperm/Normal_Sperm (63).bmp,calib,0,1.292413,1.184418,-2.476829
smids/Normal_Sperm/Normal_Sperm (630).bmp,calib,0,2.455200,0.501605,-2.956805
smids/Normal_Sperm/Normal_Sperm (637).bmp,calib,0,2.787696,0.434673,-3.222368
smids/Normal_Sperm/Normal_Sperm (638).bmp,calib,0,2.673636,0.026979,-2.700615
smids/Normal_Sperm/Normal_Sperm (645).bmp,calib,0,2.576210,-0.366253,-2.209956
smids/Normal_Sperm/Normal_Sperm (646).bmp,calib,0,2.673335,-0.376117,-2.297217
smids/Normal_Sperm/Normal_Sperm (652).bmp,calib,0,1.344593,1.548183,-2.892774
smids/Normal_Sperm/Normal_Sperm (659).bmp,calib,0,1.859379,-0.408631,-1.450746
smids/Normal_Sperm/Normal_Sperm (68).bmp,calib,0,1.408273,0.160331,-1.568602
smids/Normal_Sperm/Normal_Sperm (685).bmp,calib,0,2.550400,0.705549,-3.255947
smids/Normal_Sperm/Normal_Sperm (687).bmp,calib,0,4.715255,-2.063888,-2.651366
smids/Normal_Sperm/Normal_Sperm (695).bmp,calib,0,3.598956,-0.025136,-3.573819
smids/Normal_Sperm/Normal_Sperm (702).bmp,calib,0,2.368957,0.486594,-2.855551
smids/Normal_Sperm/Normal_Sperm (705).bmp,calib,0,1.817988,1.017896,-2.835883
smids/Normal_Sperm/Normal_Sperm (710).bmp,calib,0,2.451089,0.988398,-3.439487
smids/Normal_Sperm/Normal_Sperm (716).bmp,calib,0,0.021273,1.707232,-1.728505
smids/Normal_Sperm/Normal_Sperm (737).bmp,calib,0,3.969792,-1.878611,-2.091180
smids/Normal_Sperm/Normal_Sperm (75).bmp,calib,0,2.404927,-2.004133,-0.400792
smids/Normal_Sperm/Normal_Sperm (757).bmp,calib,0,3.145581,-0.041417,-3.104166
smids/Normal_Sperm/Normal_Sperm (758).bmp,calib,0,3.034647,-0.585553,-2.449094
smids/Normal_Sperm/Normal_Sperm (760).bmp,calib,0,4.343671,-1.523185,-2.820484
smids/Normal_Sperm/Normal_Sperm (767).bmp,calib,0,1.457632,0.339379,-1.797010
smids/Normal_Sperm/Normal_Sperm (771).bmp,calib,0,0.218835,-1.107330,0.888495
smids/Normal_Sperm/Normal_Sperm (777).bmp,calib,0,2.538742,-1.069062,-1.469680
smids/Normal_Sperm/Normal_Sperm (784).bmp,calib,0,3.284534,0.551590,-3.836124
smids/Normal_Sperm/Normal_Sperm (790).bmp,calib,0,0.496520,-0.167656,-0.328863
smids/Normal_Sperm/Normal_Sperm (801).bmp,calib,0,1.354337,-1.020131,-0.334203
smids/Normal_Sperm/Normal_Sperm (802).bmp,calib,0,-0.919806,-1.170054,2.089860
smids/Normal_Sperm/Normal_Sperm (803).bmp,calib,0,1.125672,-0.771212,-0.354459
smids/Normal_Sperm/Normal_Sperm (805).bmp,calib,0,1.133306,-0.290776,-0.842529
smids/Normal_Sperm/Normal_Sperm (811).bmp,calib,0,2.137817,1.190642,-3.328457
smids/Normal_Sperm/Normal_Sperm (816).bmp,calib,0,0.243374,1.183296,-1.426669
smids/Normal_Sperm/Normal_Sperm (823).bmp,calib,0,4.488866,-0.494432,-3.994433
smids/Normal_Sperm/Normal_Sperm (827).bmp,calib,0,2.938365,-0.510623,-2.427740
smids/Normal_Sperm/Normal_Sperm (840).bmp,calib,0,3.510426,0.282231,-3.792656
smids/Normal_Sperm/Normal_Sperm (841).bmp,calib,0,5.285772,-0.747033,-4.538738
smids/Normal_Sperm/Normal_Sperm (846).bmp,calib,0,2.446576,-0.041426,-2.405151
smids/Normal_Sperm/Normal_Sperm (848).bmp,calib,0,2.834684,0.451681,-3.286364
smids/Normal_Sperm/Normal_Sperm (85).bmp,calib,0,-0.014948,0.236779,-0.221829
smids/Normal_Sperm/Normal_Sperm (852).bmp,calib,0,2.079146,0.625484,-2.704629
smids/Normal_Sperm/Normal_Sperm (86).bmp,calib,0,0.960644,0.784046,-1.744689
smids/Normal_Sperm/Normal_Sperm (861).bmp,calib,0,3.119754,0.032680,-3.152432
smids/Normal_Sperm/Normal_Sperm (864).bmp,calib,0,2.592867,-0.873905,-1.718962
smids/Normal_Sperm/Normal_Sperm (868).bmp,calib,0,3.036342,-0.465644,-2.570697
smids/Normal_Sperm/Normal_Sperm (872).bmp,calib,0,0.173004,0.334709,-0.507711
smids/Normal_Sperm/Normal_Sperm (874).bmp,calib,0,2.061092,-0.852175,-1.208916
smids/Normal_Sperm/Normal_Sperm (884).bmp,calib,0,2.136672,1.721056,-3.857728
smids/Normal_Sperm/Normal_Sperm (891).bmp,calib,0,1.960238,0.122583,-2.082821
smids/Normal_Sperm/Normal_Sperm (896).bmp,calib,0,2.353031,0.260540,-2.613570
smids/Normal_Sperm/Normal_Sperm (897).bmp,calib,0,0.910203,2.467869,-3.378071
smids/Normal_Sperm/Normal_Sperm (898).bmp,calib,0,3.906689,1.265116,-5.171803
smids/Normal_Sperm/Normal_Sperm (900).bmp,calib,0,2.522075,-1.729767,-0.792308
smids/Normal_Sperm/Normal_Sperm (908).bmp,calib,0,2.312321,2.263238,-4.575558
smids/Normal_Sperm/Normal_Sperm (915).bmp,calib,0,2.775947,0.196089,-2.972036
smids/Normal_Sperm/Normal_Sperm (918).bmp,calib,0,2.216444,1.019756,-3.236199
smids/Normal_Sperm/Normal_Sperm (92).bmp,calib,0,1.188622,-0.358320,-0.830301
smids/Normal_Sperm/Normal_Sperm (922).bmp,calib,0,1.711515,1.447469,-3.158983
smids/Normal_Sperm/Normal_Sperm (924).bmp,calib,0,4.102625,1.296879,-5.399502
smids/Normal_Sperm/Normal_Sperm (932).bmp,calib,0,2.584471,2.398146,-4.982616
smids/Normal_Sperm/Normal_Sperm (94).bmp,calib,0,1.397756,-0.821261,-0.576494
smids/Normal_Sperm/Normal_Sperm (942).bmp,calib,0,2.109310,1.140403,-3.249711
smids/Normal_Sperm/Normal_Sperm (944).bmp,calib,0,3.931691,0.235926,-4.167616
smids/Normal_Sperm/Normal_Sperm (957).bmp,calib,0,0.200942,3.814186,-4.015126
smids/Normal_Sperm/Normal_Sperm (96).bmp,calib,0,3.284320,-1.818546,-1.465773
smids/Normal_Sperm/Normal_Sperm (961).bmp,calib,0,-1.119490,1.297125,-0.177634
smids/Normal_Sperm/Normal_Sperm (966).bmp,calib,0,2.319229,1.925343,-4.244570
smids/Normal_Sperm/Normal_Sperm (970).bmp,calib,0,2.357293,0.907273,-3.264566
smids/Normal_Sperm/Normal_Sperm (976).bmp,calib,0,2.923981,-0.454035,-2.469944
smids/Normal_Sperm/Normal_Sperm (998).bmp,calib,0,-0.247312,-0.003854,0.251167
smids/Abnormal_Sperm/Abnormal_Sperm (1004).bmp,test,1,-0.639899,3.143413,-2.503513
smids/Abnormal_Sperm/Abnormal_Sperm (102).bmp,test,1,-1.766146,1.441477,0.324670
smids/Abnormal_Sperm/Abnormal_Sperm (103).bmp,test,1,-1.404673,2.126973,-0.722299
smids/Abnormal_Sperm/Abnormal_Sperm (108).bmp,test,1,1.274591,1.477447,-2.752038
smids/Abnormal_Sperm/Abnormal_Sperm (110).bmp,test,1,-2.199419,2.100791,0.098629
smids/Abnormal_Sperm/Abnormal_Sperm (112).bmp,test,1,-0.201119,0.937927,-0.736807
smids/Abnormal_Sperm/Abnormal_Sperm (12).bmp,test,1,0.357238,1.237940,-1.595177
smids/Abnormal_Sperm/Abnormal_Sperm (120).bmp,test,1,0.310419,2.117020,-2.427438
smids/Abnormal_Sperm/Abnormal_Sperm (129).bmp,test,1,-0.617460,0.715003,-0.097541
smids/Abnormal_Sperm/Abnormal_Sperm (13).bmp,test,1,-0.528491,0.304726,0.223766
smids/Abnormal_Sperm/Abnormal_Sperm (143).bmp,test,1,0.138051,2.124015,-2.262065
smids/Abnormal_Sperm/Abnormal_Sperm (148).bmp,test,1,-0.568678,3.137155,-2.568475
smids/Abnormal_Sperm/Abnormal_Sperm (151).bmp,test,1,-1.061256,1.452569,-0.391311
smids/Abnormal_Sperm/Abnormal_Sperm (158).bmp,test,1,-2.009227,2.079982,-0.070754
smids/Abnormal_Sperm/Abnormal_Sperm (16).bmp,test,1,3.316174,1.017772,-4.333946
smids/Abnormal_Sperm/Abnormal_Sperm (17).bmp,test,1,0.172779,1.565254,-1.738032
smids/Abnormal_Sperm/Abnormal_Sperm (172).bmp,test,1,0.729611,2.827177,-3.556787
smids/Abnormal_Sperm/Abnormal_Sperm (174).bmp,test,1,-0.549524,1.184859,-0.635335
smids/Abnormal_Sperm/Abnormal_Sperm (179).bmp,test,1,-0.415264,2.651097,-2.235832
smids/Abnormal_Sperm/Abnormal_Sperm (191).bmp,test,1,-0.064889,0.645342,-0.580451
smids/Abnormal_Sperm/Abnormal_Sperm (195).bmp,test,1,-1.636235,2.034458,-0.398221
smids/Abnormal_Sperm/Abnormal_Sperm (196).bmp,test,1,-0.715436,2.309653,-1.594216
smids/Abnormal_Sperm/Abnormal_Sperm (199).bmp,test,1,-1.041818,2.668554,-1.626735
smids/Abnormal_Sperm/Abnormal_Sperm (216).bmp,test,1,0.392321,2.387786,-2.780106
smids/Abnormal_Sperm/Abnormal_Sperm (217).bmp,test,1,0.943300,3.635783,-4.579082
smids/Abnormal_Sperm/Abnormal_Sperm (221).bmp,test,1,0.602813,3.452070,-4.054882
smids/Abnormal_Sperm/Abnormal_Sperm (222).bmp,test,1,-2.142695,3.200095,-1.057398
smids/Abnormal_Sperm/Abnormal_Sperm (223).bmp,test,1,-1.861175,1.809281,0.051896
smids/Abnormal_Sperm/Abnormal_Sperm (23).bmp,test,1,0.872936,2.244002,-3.116936
smids/Abnormal_Sperm/Abnormal_Sperm (233).bmp,test,1,-1.346791,2.381495,-1.034705
smids/Abnormal_Sperm/Abnormal_Sperm (235).bmp,test,1,-1.963603,1.909516,0.054089
smids/Abnormal_Sperm/Abnormal_Sperm (241).bmp,test,1,-0.228333,1.935444,-1.707110
smids/Abnormal_Sperm/Abnormal_Sperm (243).bmp,test,1,-2.038200,2.401029,-0.362828
smids/Abnormal_Sperm/Abnormal_Sperm (248).bmp,test,1,0.329871,2.659782,-2.989653
smids/Abnormal_Sperm/Abnormal_Sperm (251).bmp,test,1,-0.717304,2.160865,-1.443560
smids/Abnormal_Sperm/Abnormal_Sperm (257).bmp,test,1,-0.274056,3.045301,-2.771244
smids/Abnormal_Sperm/Abnormal_Sperm (259).bmp,test,1,-2.221995,2.537364,-0.315367
smids/Abnormal_Sperm/Abnormal_Sperm (265).bmp,test,1,-1.789414,3.269324,-1.479907
smids/Abnormal_Sperm/Abnormal_Sperm (266).bmp,test,1,-1.255521,2.990223,-1.734701
smids/Abnormal_Sperm/Abnormal_Sperm (276).bmp,test,1,-0.617600,3.068918,-2.451318
smids/Abnormal_Sperm/Abnormal_Sperm (280).bmp,test,1,0.813402,2.174292,-2.987693
smids/Abnormal_Sperm/Abnormal_Sperm (288).bmp,test,1,-0.648832,3.009826,-2.360993
smids/Abnormal_Sperm/Abnormal_Sperm (296).bmp,test,1,-0.448829,1.800436,-1.351606
smids/Abnormal_Sperm/Abnormal_Sperm (300).bmp,test,1,1.315351,2.052433,-3.367783
smids/Abnormal_Sperm/Abnormal_Sperm (303).bmp,test,1,1.545518,1.163521,-2.709038
smids/Abnormal_Sperm/Abnormal_Sperm (307).bmp,test,1,-1.542471,2.562218,-1.019748
smids/Abnormal_Sperm/Abnormal_Sperm (309).bmp,test,1,0.347739,1.167196,-1.514933
smids/Abnormal_Sperm/Abnormal_Sperm (31).bmp,test,1,-2.348078,2.311746,0.036334
smids/Abnormal_Sperm/Abnormal_Sperm (311).bmp,test,1,-0.008778,1.594903,-1.586124
smids/Abnormal_Sperm/Abnormal_Sperm (313).bmp,test,1,-1.152475,2.062247,-0.909771
smids/Abnormal_Sperm/Abnormal_Sperm (315).bmp,test,1,-1.843773,2.363051,-0.519278
smids/Abnormal_Sperm/Abnormal_Sperm (316).bmp,test,1,-0.158407,1.732150,-1.573741
smids/Abnormal_Sperm/Abnormal_Sperm (337).bmp,test,1,0.443153,1.111255,-1.554408
smids/Abnormal_Sperm/Abnormal_Sperm (345).bmp,test,1,0.883567,1.858820,-2.742387
smids/Abnormal_Sperm/Abnormal_Sperm (347).bmp,test,1,-0.432022,2.855278,-2.423256
smids/Abnormal_Sperm/Abnormal_Sperm (349).bmp,test,1,-1.753307,2.861400,-1.108092
smids/Abnormal_Sperm/Abnormal_Sperm (350).bmp,test,1,-1.434148,2.799444,-1.365295
smids/Abnormal_Sperm/Abnormal_Sperm (354).bmp,test,1,-0.160653,2.793080,-2.632425
smids/Abnormal_Sperm/Abnormal_Sperm (359).bmp,test,1,-1.186494,1.818187,-0.631692
smids/Abnormal_Sperm/Abnormal_Sperm (362).bmp,test,1,-1.063712,1.275885,-0.212171
smids/Abnormal_Sperm/Abnormal_Sperm (363).bmp,test,1,0.548705,1.505605,-2.054308
smids/Abnormal_Sperm/Abnormal_Sperm (368).bmp,test,1,-3.184924,1.964067,1.220857
smids/Abnormal_Sperm/Abnormal_Sperm (369).bmp,test,1,0.671545,2.151817,-2.823361
smids/Abnormal_Sperm/Abnormal_Sperm (375).bmp,test,1,1.104537,2.320563,-3.425099
smids/Abnormal_Sperm/Abnormal_Sperm (378).bmp,test,1,0.381913,1.591048,-1.972958
smids/Abnormal_Sperm/Abnormal_Sperm (384).bmp,test,1,-1.918228,1.297829,0.620400
smids/Abnormal_Sperm/Abnormal_Sperm (385).bmp,test,1,0.075635,1.902204,-1.977838
smids/Abnormal_Sperm/Abnormal_Sperm (387).bmp,test,1,2.939203,0.269237,-3.208439
smids/Abnormal_Sperm/Abnormal_Sperm (389).bmp,test,1,-1.007223,2.551676,-1.544452
smids/Abnormal_Sperm/Abnormal_Sperm (4).bmp,test,1,-1.048768,-0.999635,2.048404
smids/Abnormal_Sperm/Abnormal_Sperm (402).bmp,test,1,-2.946149,3.271061,-0.324912
smids/Abnormal_Sperm/Abnormal_Sperm (410).bmp,test,1,-0.683041,0.334847,0.348195
smids/Abnormal_Sperm/Abnormal_Sperm (414).bmp,test,1,1.799061,1.441832,-3.240893
smids/Abnormal_Sperm/Abnormal_Sperm (419).bmp,test,1,-0.619852,0.490316,0.129537
smids/Abnormal_Sperm/Abnormal_Sperm (420).bmp,test,1,-2.034972,4.475699,-2.440726
smids/Abnormal_Sperm/Abnormal_Sperm (423).bmp,test,1,-2.259968,2.497112,-0.237143
smids/Abnormal_Sperm/Abnormal_Sperm (425).bmp,test,1,-0.058648,-0.209015,0.267663
smids/Abnormal_Sperm/Abnormal_Sperm (429).bmp,test,1,-2.513749,2.606060,-0.092311
smids/Abnormal_Sperm/Abnormal_Sperm (432).bmp,test,1,-1.061049,0.727355,0.333696
smids/Abnormal_Sperm/Abnormal_Sperm (453).bmp,test,1,-1.065055,2.738521,-1.673465
smids/Abnormal_Sperm/Abnormal_Sperm (455).bmp,test,1,-1.456927,2.076620,-0.619693
smids/Abnormal_Sperm/Abnormal_Sperm (459).bmp,test,1,0.166892,3.184817,-3.351709
smids/Abnormal_Sperm/Abnormal_Sperm (464).bmp,test,1,0.503462,3.116422,-3.619883
smids/Abnormal_Sperm/Abnormal_Sperm (472).bmp,test,1,-1.188776,3.842482,-2.653704
smids/Abnormal_Sperm/Abnormal_Sperm (474).bmp,test,1,-1.842442,2.160247,-0.317804
smids/Abnormal_Sperm/Abnormal_Sperm (475).bmp,test,1,-1.612509,2.293677,-0.681166
smids/Abnormal_Sperm/Abnormal_Sperm (479).bmp,test,1,-1.376322,0.412360,0.963963
smids/Abnormal_Sperm/Abnormal_Sperm (485).bmp,test,1,0.235885,3.176961,-3.412844
smids/Abnormal_Sperm/Abnormal_Sperm (488).bmp,test,1,-3.591699,0.336817,3.254883
smids/Abnormal_Sperm/Abnormal_Sperm (493).bmp,test,1,-0.672907,0.897834,-0.224926
smids/Abnormal_Sperm/Abnormal_Sperm (500).bmp,test,1,2.126825,-0.800126,-1.326699
smids/Abnormal_Sperm/Abnormal_Sperm (502).bmp,test,1,0.131220,-0.564229,0.433011
smids/Abnormal_Sperm/Abnormal_Sperm (505).bmp,test,1,-3.078666,1.642754,1.435914
smids/Abnormal_Sperm/Abnormal_Sperm (510).bmp,test,1,0.355342,0.643296,-0.998637
smids/Abnormal_Sperm/Abnormal_Sperm (511).bmp,test,1,0.194005,1.957501,-2.151505
smids/Abnormal_Sperm/Abnormal_Sperm (518).bmp,test,1,0.612785,3.869699,-4.482481
smids/Abnormal_Sperm/Abnormal_Sperm (521).bmp,test,1,0.286769,2.122083,-2.408850
smids/Abnormal_Sperm/Abnormal_Sperm (527).bmp,test,1,1.609825,0.894058,-2.503882
smids/Abnormal_Sperm/Abnormal_Sperm (528).bmp,test,1,-1.867081,2.117747,-0.250665
smids/Abnormal_Sperm/Abnormal_Sperm (534).bmp,test,1,-0.387205,-0.000212,0.387419
smids/Abnormal_Sperm/Abnormal_Sperm (542).bmp,test,1,1.142583,1.020293,-2.162875
smids/Abnormal_Sperm/Abnormal_Sperm (546).bmp,test,1,2.865575,3.669253,-6.534827
smids/Abnormal_Sperm/Abnormal_Sperm (550).bmp,test,1,0.416254,1.415338,-1.831592
smids/Abnormal_Sperm/Abnormal_Sperm (552).bmp,test,1,3.346218,-1.188935,-2.157283
smids/Abnormal_Sperm/Abnormal_Sperm (556).bmp,test,1,0.248767,1.017457,-1.266222
smids/Abnormal_Sperm/Abnormal_Sperm (563).bmp,test,1,-0.171841,0.894799,-0.722957
smids/Abnormal_Sperm/Abnormal_Sperm (568).bmp,test,1,-1.987389,3.446881,-1.459491
smids/Abnormal_Sperm/Abnormal_Sperm (57).bmp,test,1,-0.435320,3.057425,-2.622104
smids/Abnormal_Sperm/Abnormal_Sperm (579).bmp,test,1,0.486303,1.648521,-2.134823
smids/Abnormal_Sperm/Abnormal_Sperm (594).bmp,test,1,0.984295,1.967350,-2.951643
smids/Abnormal_Sperm/Abnormal_Sperm (595).bmp,test,1,-0.809339,0.972028,-0.162688
smids/Abnormal_Sperm/Abnormal_Sperm (597).bmp,test,1,-1.310037,1.544499,-0.234460
smids/Abnormal_Sperm/Abnormal_Sperm (600).bmp,test,1,3.236380,0.373115,-3.609495
smids/Abnormal_Sperm/Abnormal_Sperm (609).bmp,test,1,0.809597,-0.356488,-0.453108
smids/Abnormal_Sperm/Abnormal_Sperm (616).bmp,test,1,-0.429645,2.250437,-1.820791
smids/Abnormal_Sperm/Abnormal_Sperm (631).bmp,test,1,0.443159,0.297629,-0.740788
smids/Abnormal_Sperm/Abnormal_Sperm (634).bmp,test,1,0.271992,1.432644,-1.704636
smids/Abnormal_Sperm/Abnormal_Sperm (643).bmp,test,1,0.479293,1.821170,-2.300462
smids/Abnormal_Sperm/Abnormal_Sperm (648).bmp,test,1,0.184285,1.554099,-1.738383
smids/Abnormal_Sperm/Abnormal_Sperm (67).bmp,test,1,-2.510605,2.488343,0.022263
smids/Abnormal_Sperm/Abnormal_Sperm (679).bmp,test,1,0.411813,1.133386,-1.545198
smids/Abnormal_Sperm/Abnormal_Sperm (680).bmp,test,1,-1.505851,1.797189,-0.291337
smids/Abnormal_Sperm/Abnormal_Sperm (684).bmp,test,1,1.167575,1.288752,-2.456327
smids/Abnormal_Sperm/Abnormal_Sperm (686).bmp,test,1,-0.522273,1.236124,-0.713851
smids/Abnormal_Sperm/Abnormal_Sperm (687).bmp,test,1,-1.244756,1.571723,-0.326966
smids/Abnormal_Sperm/Abnormal_Sperm (689).bmp,test,1,2.207322,0.625235,-2.832556
smids/Abnormal_Sperm/Abnormal_Sperm (69).bmp,test,1,-0.403035,4.182284,-3.779247
smids/Abnormal_Sperm/Abnormal_Sperm (693).bmp,test,1,0.213174,0.665640,-0.878814
smids/Abnormal_Sperm/Abnormal_Sperm (696).bmp,test,1,-0.892873,2.416003,-1.523129
smids/Abnormal_Sperm/Abnormal_Sperm (71).bmp,test,1,-1.489577,0.460425,1.029153
smids/Abnormal_Sperm/Abnormal_Sperm (711).bmp,test,1,-1.184751,0.538247,0.646504
smids/Abnormal_Sperm/Abnormal_Sperm (717).bmp,test,1,1.958345,0.567620,-2.525963
smids/Abnormal_Sperm/Abnormal_Sperm (720).bmp,test,1,1.288091,1.444017,-2.732108
smids/Abnormal_Sperm/Abnormal_Sperm (732).bmp,test,1,-1.344127,1.705309,-0.361182
smids/Abnormal_Sperm/Abnormal_Sperm (736).bmp,test,1,-0.482952,2.462583,-1.979631
smids/Abnormal_Sperm/Abnormal_Sperm (747).bmp,test,1,1.158674,0.060000,-1.218674
smids/Abnormal_Sperm/Abnormal_Sperm (750).bmp,test,1,1.938135,0.406288,-2.344423
smids/Abnormal_Sperm/Abnormal_Sperm (752).bmp,test,1,0.726214,0.873085,-1.599299
smids/Abnormal_Sperm/Abnormal_Sperm (754).bmp,test,1,-0.264584,2.198055,-1.933470
smids/Abnormal_Sperm/Abnormal_Sperm (756).bmp,test,1,1.038892,0.675673,-1.714564
smids/Abnormal_Sperm/Abnormal_Sperm (759).bmp,test,1,-1.081736,2.603768,-1.522031
smids/Abnormal_Sperm/Abnormal_Sperm (765).bmp,test,1,-2.531818,2.174523,0.357297
smids/Abnormal_Sperm/Abnormal_Sperm (774).bmp,test,1,2.165787,0.011746,-2.177532
smids/Abnormal_Sperm/Abnormal_Sperm (775).bmp,test,1,1.636189,1.246884,-2.883074
smids/Abnormal_Sperm/Abnormal_Sperm (795).bmp,test,1,1.473172,-0.387337,-1.085834
smids/Abnormal_Sperm/Abnormal_Sperm (799).bmp,test,1,0.626076,0.243595,-0.869670
smids/Abnormal_Sperm/Abnormal_Sperm (800).bmp,test,1,-0.616209,1.969092,-1.352882
smids/Abnormal_Sperm/Abnormal_Sperm (801).bmp,test,1,0.938104,0.907893,-1.845995
smids/Abnormal_Sperm/Abnormal_Sperm (804).bmp,test,1,0.373398,1.586915,-1.960312
smids/Abnormal_Sperm/Abnormal_Sperm (805).bmp,test,1,-0.404899,1.848969,-1.444070
smids/Abnormal_Sperm/Abnormal_Sperm (81).bmp,test,1,0.451182,2.334954,-2.786134
smids/Abnormal_Sperm/Abnormal_Sperm (810).bmp,test,1,3.125247,-0.445655,-2.679592
smids/Abnormal_Sperm/Abnormal_Sperm (818).bmp,test,1,0.959421,2.399258,-3.358679
smids/Abnormal_Sperm/Abnormal_Sperm (829).bmp,test,1,-0.110835,0.955210,-0.844375
smids/Abnormal_Sperm/Abnormal_Sperm (838).bmp,test,1,2.134273,0.836171,-2.970443
smids/Abnormal_Sperm/Abnormal_Sperm (841).bmp,test,1,-1.120459,2.631096,-1.510636
smids/Abnormal_Sperm/Abnormal_Sperm (847).bmp,test,1,1.170577,3.438867,-4.609443
smids/Abnormal_Sperm/Abnormal_Sperm (863).bmp,test,1,-0.981916,3.105529,-2.123611
smids/Abnormal_Sperm/Abnormal_Sperm (865).bmp,test,1,2.355790,1.642941,-3.998730
smids/Abnormal_Sperm/Abnormal_Sperm (879).bmp,test,1,-0.085053,1.516608,-1.431556
smids/Abnormal_Sperm/Abnormal_Sperm (88).bmp,test,1,-2.769042,3.375341,-0.606299
smids/Abnormal_Sperm/Abnormal_Sperm (883).bmp,test,1,0.049987,2.107922,-2.157909
smids/Abnormal_Sperm/Abnormal_Sperm (886).bmp,test,1,1.285379,-0.631338,-0.654040
smids/Abnormal_Sperm/Abnormal_Sperm (892).bmp,test,1,1.559186,-0.193755,-1.365428
smids/Abnormal_Sperm/Abnormal_Sperm (896).bmp,test,1,1.995430,-0.498719,-1.496710
smids/Abnormal_Sperm/Abnormal_Sperm (898).bmp,test,1,-0.099109,2.294191,-2.195081
smids/Abnormal_Sperm/Abnormal_Sperm (903).bmp,test,1,0.974800,1.279336,-2.254136
smids/Abnormal_Sperm/Abnormal_Sperm (907).bmp,test,1,2.637931,0.372740,-3.010671
smids/Abnormal_Sperm/Abnormal_Sperm (91).bmp,test,1,0.849473,1.400101,-2.249573
smids/Abnormal_Sperm/Abnormal_Sperm (911).bmp,test,1,1.650224,1.147747,-2.797970
smids/Abnormal_Sperm/Abnormal_Sperm (919).bmp,test,1,0.803233,-0.451181,-0.352051
smids/Abnormal_Sperm/Abnormal_Sperm (927).bmp,test,1,-0.037264,1.162602,-1.125337
smids/Abnormal_Sperm/Abnormal_Sperm (929).bmp,test,1,-1.458960,1.591021,-0.132060
smids/Abnormal_Sperm/Abnormal_Sperm (930).bmp,test,1,0.846020,-0.108649,-0.737370
smids/Abnormal_Sperm/Abnormal_Sperm (934).bmp,test,1,0.677626,0.880602,-1.558228
smids/Abnormal_Sperm/Abnormal_Sperm (938).bmp,test,1,0.337804,0.140352,-0.478155
smids/Abnormal_Sperm/Abnormal_Sperm (943).bmp,test,1,0.819636,-0.072618,-0.747018
smids/Abnormal_Sperm/Abnormal_Sperm (945).bmp,test,1,-0.695768,1.350402,-0.654633
smids/Abnormal_Sperm/Abnormal_Sperm (947).bmp,test,1,-0.682443,2.293855,-1.611411
smids/Abnormal_Sperm/Abnormal_Sperm (958).bmp,test,1,-3.713302,3.256599,0.456704
smids/Abnormal_Sperm/Abnormal_Sperm (959).bmp,test,1,0.897744,2.119667,-3.017410
smids/Abnormal_Sperm/Abnormal_Sperm (960).bmp,test,1,0.128034,3.287302,-3.415335
smids/Abnormal_Sperm/Abnormal_Sperm (962).bmp,test,1,-3.497882,2.233485,1.264397
smids/Abnormal_Sperm/Abnormal_Sperm (967).bmp,test,1,-2.028246,2.873019,-0.844774
smids/Abnormal_Sperm/Abnormal_Sperm (968).bmp,test,1,-2.081659,3.492316,-1.410657
smids/Abnormal_Sperm/Abnormal_Sperm (973).bmp,test,1,-0.453241,3.332788,-2.879545
smids/Abnormal_Sperm/Abnormal_Sperm (974).bmp,test,1,-1.501719,3.705816,-2.204098
smids/Abnormal_Sperm/Abnormal_Sperm (981).bmp,test,1,0.267882,1.382033,-1.649914
smids/Abnormal_Sperm/Abnormal_Sperm (982).bmp,test,1,-1.511069,1.592626,-0.081556
smids/Abnormal_Sperm/Abnormal_Sperm (984).bmp,test,1,-0.797026,2.399934,-1.602908
smids/Abnormal_Sperm/Abnormal_Sperm (986).bmp,test,1,-1.349915,0.916615,0.433300
smids/Abnormal_Sperm/Abnormal_Sperm (989).bmp,test,1,-1.776423,1.770536,0.005886
smids/Abnormal_Sperm/Abnormal_Sperm (99).bmp,test,1,0.831608,2.267771,-3.099377
smids/Abnormal_Sperm/Abnormal_Sperm (992).bmp,test,1,-0.817258,2.562021,-1.744762
smids/Non-Sperm/Non-Sperm (101).bmp,test,2,-1.481533,-2.241892,3.723427
smids/Non-Sperm/Non-Sperm (103).bmp,test,2,-3.136956,-1.439800,4.576757
smids/Non-Sperm/Non-Sperm (114).bmp,test,2,-1.519383,-2.688561,4.207946
smids/Non-Sperm/Non-Sperm (116).bmp,test,2,-1.554986,-2.773903,4.328892
smids/Non-Sperm/Non-Sperm (123).bmp,test,2,-0.432571,-2.065964,2.498536
smids/Non-Sperm/Non-Sperm (124).bmp,test,2,-1.611649,-2.334364,3.946015
smids/Non-Sperm/Non-Sperm (128).bmp,test,2,-3.063182,-0.441640,3.504824
smids/Non-Sperm/Non-Sperm (134).bmp,test,2,-1.741898,-2.266035,4.007934
smids/Non-Sperm/Non-Sperm (14).bmp,test,2,-1.396796,0.067293,1.329503
smids/Non-Sperm/Non-Sperm (142).bmp,test,2,-1.849845,-2.298044,4.147888
smids/Non-Sperm/Non-Sperm (15).bmp,test,2,-1.694261,0.480605,1.213656
smids/Non-Sperm/Non-Sperm (151).bmp,test,2,-1.284688,-2.661344,3.946033
smids/Non-Sperm/Non-Sperm (176).bmp,test,2,-2.647069,0.382226,2.264844
smids/Non-Sperm/Non-Sperm (194).bmp,test,2,-2.938097,0.183867,2.754230
smids/Non-Sperm/Non-Sperm (195).bmp,test,2,-1.048439,0.968666,0.079775
smids/Non-Sperm/Non-Sperm (199).bmp,test,2,-1.280522,-1.491052,2.771574
smids/Non-Sperm/Non-Sperm (201).bmp,test,2,-1.550195,-1.811859,3.362055
smids/Non-Sperm/Non-Sperm (207).bmp,test,2,-2.378858,-0.232522,2.611381
smids/Non-Sperm/Non-Sperm (208).bmp,test,2,-3.225525,1.680704,1.544822
smids/Non-Sperm/Non-Sperm (21).bmp,test,2,-3.644871,0.944560,2.700312
smids/Non-Sperm/Non-Sperm (210).bmp,test,2,-1.621478,-1.532314,3.153793
smids/Non-Sperm/Non-Sperm (218).bmp,test,2,-0.991829,-0.625403,1.617233
smids/Non-Sperm/Non-Sperm (225).bmp,test,2,-1.891527,-1.159685,3.051213
smids/Non-Sperm/Non-Sperm (227).bmp,test,2,-2.484350,-1.749608,4.233960
smids/Non-Sperm/Non-Sperm (228).bmp,test,2,-1.828377,-1.425848,3.254226
smids/Non-Sperm/Non-Sperm (23).bmp,test,2,0.942161,1.598524,-2.540684
smids/Non-Sperm/Non-Sperm (242).bmp,test,2,-1.658122,-1.418296,3.076420
smids/Non-Sperm/Non-Sperm (246).bmp,test,2,-3.131846,-2.164707,5.296555
smids/Non-Sperm/Non-Sperm (247).bmp,test,2,-2.249610,-2.245342,4.494953
smids/Non-Sperm/Non-Sperm (251).bmp,test,2,-2.102564,-2.056019,4.158585
smids/Non-Sperm/Non-Sperm (252).bmp,test,2,-1.120068,-2.212866,3.332936
smids/Non-Sperm/Non-Sperm (26).bmp,test,2,-3.490436,2.875211,0.615226
smids/Non-Sperm/Non-Sperm (262).bmp,test,2,-2.188760,-2.082488,4.271250
smids/Non-Sperm/Non-Sperm (269).bmp,test,2,-0.205033,-1.422502,1.627537
smids/Non-Sperm/Non-Sperm (272).bmp,test,2,-0.935748,-1.818023,2.753772
smids/Non-Sperm/Non-Sperm (275).bmp,test,2,-0.886636,-1.499171,2.385809
smids/Non-Sperm/Non-Sperm (277).bmp,test,2,-0.902241,-2.063278,2.965522
smids/Non-Sperm/Non-Sperm (283).bmp,test,2,-1.569109,-1.652251,3.221364
smids/Non-Sperm/Non-Sperm (285).bmp,test,2,-3.214617,-1.606792,4.821409
smids/Non-Sperm/Non-Sperm (286).bmp,test,2,-1.333180,-1.153662,2.486844
smids/Non-Sperm/Non-Sperm (287).bmp,test,2,1.209449,-2.414937,1.205488
smids/Non-Sperm/Non-Sperm (290).bmp,test,2,-1.273647,-2.337329,3.610978
smids/Non-Sperm/Non-Sperm (295).bmp,test,2,-1.413982,-2.080893,3.494878
smids/Non-Sperm/Non-Sperm (3).bmp,test,2,-4.471688,3.239016,1.232672
smids/Non-Sperm/Non-Sperm (306).bmp,test,2,-0.534117,-0.991697,1.525816
smids/Non-Sperm/Non-Sperm (311).bmp,test,2,-1.539148,-2.300512,3.839662
smids/Non-Sperm/Non-Sperm (314).bmp,test,2,1.244470,-1.224006,-0.020463
smids/Non-Sperm/Non-Sperm (320).bmp,test,2,-1.174535,-2.051030,3.225566
smids/Non-Sperm/Non-Sperm (328).bmp,test,2,-1.655157,-1.237886,2.893045
smids/Non-Sperm/Non-Sperm (333).bmp,test,2,-0.613574,-1.662176,2.275751
smids/Non-Sperm/Non-Sperm (34).bmp,test,2,-0.285046,-0.010794,0.295841
smids/Non-Sperm/Non-Sperm (36).bmp,test,2,-0.158631,1.493412,-1.334779
smids/Non-Sperm/Non-Sperm (369).bmp,test,2,-0.108246,-1.306840,1.415086
smids/Non-Sperm/Non-Sperm (370).bmp,test,2,-1.670533,0.349621,1.320913
smids/Non-Sperm/Non-Sperm (371).bmp,test,2,-2.030602,-2.530274,4.560878
smids/Non-Sperm/Non-Sperm (38).bmp,test,2,-0.102881,0.787209,-0.684326
smids/Non-Sperm/Non-Sperm (382).bmp,test,2,-1.261758,-2.748685,4.010444
smids/Non-Sperm/Non-Sperm (383).bmp,test,2,-0.536950,-0.835122,1.372074
smids/Non-Sperm/Non-Sperm (387).bmp,test,2,-1.978513,-1.460840,3.439356
smids/Non-Sperm/Non-Sperm (388).bmp,test,2,-1.045223,-1.399780,2.445005
smids/Non-Sperm/Non-Sperm (392).bmp,test,2,-0.644130,-0.143950,0.788081
smids/Non-Sperm/Non-Sperm (393).bmp,test,2,-0.950073,-2.566259,3.516334
smids/Non-Sperm/Non-Sperm (4).bmp,test,2,-3.176976,3.205683,-0.028706
smids/Non-Sperm/Non-Sperm (40).bmp,test,2,-0.428041,0.121110,0.306932
smids/Non-Sperm/Non-Sperm (400).bmp,test,2,-0.645557,-0.237214,0.882772
smids/Non-Sperm/Non-Sperm (405).bmp,test,2,0.715716,-0.119208,-0.596508
smids/Non-Sperm/Non-Sperm (408).bmp,test,2,-1.496857,-0.227655,1.724513
smids/Non-Sperm/Non-Sperm (411).bmp,test,2,0.247887,-2.564845,2.316960
smids/Non-Sperm/Non-Sperm (421).bmp,test,2,-1.664643,-1.643732,3.308377
smids/Non-Sperm/Non-Sperm (424).bmp,test,2,-1.287799,-1.810600,3.098401
smids/Non-Sperm/Non-Sperm (428).bmp,test,2,-1.456249,-0.671844,2.128093
smids/Non-Sperm/Non-Sperm (433).bmp,test,2,-1.054045,-2.979416,4.033463
smids/Non-Sperm/Non-Sperm (435).bmp,test,2,-1.262713,-1.305907,2.568622
smids/Non-Sperm/Non-Sperm (438).bmp,test,2,-0.550365,-1.829664,2.380030
smids/Non-Sperm/Non-Sperm (442).bmp,test,2,-0.243098,-3.210987,3.454086
smids/Non-Sperm/Non-Sperm (445).bmp,test,2,-2.085870,-2.065004,4.150877
smids/Non-Sperm/Non-Sperm (451).bmp,test,2,-0.189621,-0.334111,0.523733
smids/Non-Sperm/Non-Sperm (455).bmp,test,2,-1.237276,-1.891986,3.129264
smids/Non-Sperm/Non-Sperm (457).bmp,test,2,-2.056132,-1.119160,3.175292
smids/Non-Sperm/Non-Sperm (461).bmp,test,2,-0.563660,-1.141811,1.705473
smids/Non-Sperm/Non-Sperm (468).bmp,test,2,-1.513947,-2.087899,3.601849
smids/Non-Sperm/Non-Sperm (481).bmp,test,2,-1.596828,-1.490739,3.087568
smids/Non-Sperm/Non-Sperm (487).bmp,test,2,-2.182217,-2.000419,4.182638
smids/Non-Sperm/Non-Sperm (489).bmp,test,2,-1.796345,-2.029014,3.825360
smids/Non-Sperm/Non-Sperm (494).bmp,test,2,-0.310104,-2.090452,2.400556
smids/Non-Sperm/Non-Sperm (495).bmp,test,2,-1.648884,-1.203732,2.852616
smids/Non-Sperm/Non-Sperm (506).bmp,test,2,-1.666742,-1.612422,3.279166
smids/Non-Sperm/Non-Sperm (508).bmp,test,2,-1.656586,-2.386279,4.042866
smids/Non-Sperm/Non-Sperm (52).bmp,test,2,-1.926891,-1.266396,3.193288
smids/Non-Sperm/Non-Sperm (523).bmp,test,2,-0.527782,-1.403993,1.931777
smids/Non-Sperm/Non-Sperm (525).bmp,test,2,-2.223526,-1.895853,4.119381
smids/Non-Sperm/Non-Sperm (526).bmp,test,2,0.404167,-1.213150,0.808984
smids/Non-Sperm/Non-Sperm (529).bmp,test,2,-0.826215,-0.834506,1.660722
smids/Non-Sperm/Non-Sperm (534).bmp,test,2,-0.017696,-1.830811,1.848507
smids/Non-Sperm/Non-Sperm (541).bmp,test,2,-1.878165,-2.489535,4.367702
smids/Non-Sperm/Non-Sperm (542).bmp,test,2,-1.065211,-0.717803,1.783015
smids/Non-Sperm/Non-Sperm (543).bmp,test,2,0.616557,-0.799875,0.183319
smids/Non-Sperm/Non-Sperm (545).bmp,test,2,-2.201866,-0.807176,3.009043
smids/Non-Sperm/Non-Sperm (551).bmp,test,2,-1.737871,-2.116042,3.853914
smids/Non-Sperm/Non-Sperm (552).bmp,test,2,-0.502916,-1.950564,2.453482
smids/Non-Sperm/Non-Sperm (553).bmp,test,2,0.264231,-0.418820,0.154591
smids/Non-Sperm/Non-Sperm (556).bmp,test,2,-0.404403,-1.666440,2.070844
smids/Non-Sperm/Non-Sperm (559).bmp,test,2,-0.675127,-1.716138,2.391268
smids/Non-Sperm/Non-Sperm (560).bmp,test,2,-1.886451,-2.650895,4.537346
smids/Non-Sperm/Non-Sperm (566).bmp,test,2,-2.298164,-0.274118,2.572284
smids/Non-Sperm/Non-Sperm (569).bmp,test,2,-3.467654,-0.918362,4.386017
smids/Non-Sperm/Non-Sperm (589).bmp,test,2,-4.741089,1.963968,2.777123
smids/Non-Sperm/Non-Sperm (590).bmp,test,2,-1.040224,-1.509688,2.549913
smids/Non-Sperm/Non-Sperm (591).bmp,test,2,-1.634544,-2.034840,3.669385
smids/Non-Sperm/Non-Sperm (592).bmp,test,2,-3.263669,-0.851260,4.114930
smids/Non-Sperm/Non-Sperm (601).bmp,test,2,-1.115711,-2.102043,3.217755
smids/Non-Sperm/Non-Sperm (602).bmp,test,2,-1.688922,-1.855669,3.544592
smids/Non-Sperm/Non-Sperm (607).bmp,test,2,-1.965050,-1.667864,3.632916
smids/Non-Sperm/Non-Sperm (61).bmp,test,2,-0.625474,1.118155,-0.492681
smids/Non-Sperm/Non-Sperm (611).bmp,test,2,-1.966759,-1.309576,3.276338
smids/Non-Sperm/Non-Sperm (616).bmp,test,2,-1.162505,-1.793958,2.956466
smids/Non-Sperm/Non-Sperm (624).bmp,test,2,-1.213603,-1.889237,3.102843
smids/Non-Sperm/Non-Sperm (625).bmp,test,2,-1.590456,-1.854980,3.445437
smids/Non-Sperm/Non-Sperm (634).bmp,test,2,-3.112818,-2.253119,5.365937
smids/Non-Sperm/Non-Sperm (636).bmp,test,2,-2.356662,-1.967404,4.324068
smids/Non-Sperm/Non-Sperm (637).bmp,test,2,-4.882322,1.412187,3.470136
smids/Non-Sperm/Non-Sperm (645).bmp,test,2,-2.030928,-1.121416,3.152343
smids/Non-Sperm/Non-Sperm (647).bmp,test,2,-1.963143,-1.630268,3.593413
smids/Non-Sperm/Non-Sperm (649).bmp,test,2,-2.094730,-2.918638,5.013369
smids/Non-Sperm/Non-Sperm (65).bmp,test,2,-2.429733,-0.361366,2.791100
smids/Non-Sperm/Non-Sperm (657).bmp,test,2,-2.992227,-1.746404,4.738631
smids/Non-Sperm/Non-Sperm (659).bmp,test,2,-2.468498,-1.471314,3.939815
smids/Non-Sperm/Non-Sperm (666).bmp,test,2,-1.665124,-1.999255,3.664380
smids/Non-Sperm/Non-Sperm (669).bmp,test,2,-3.844080,1.213708,2.630374
smids/Non-Sperm/Non-Sperm (671).bmp,test,2,-1.379634,-2.207474,3.587108
smids/Non-Sperm/Non-Sperm (689).bmp,test,2,0.528028,-0.336714,-0.191313
smids/Non-Sperm/Non-Sperm (690).bmp,test,2,1.521098,-2.516845,0.995748
smids/Non-Sperm/Non-Sperm (693).bmp,test,2,-4.173824,1.750585,2.423239
smids/Non-Sperm/Non-Sperm (696).bmp,test,2,-3.670730,-0.022436,3.693167
smids/Non-Sperm/Non-Sperm (697).bmp,test,2,-2.193282,-1.330248,3.523532
smids/Non-Sperm/Non-Sperm (702).bmp,test,2,-0.499467,-1.773143,2.272611
smids/Non-Sperm/Non-Sperm (710).bmp,test,2,-2.246232,0.398088,1.848145
smids/Non-Sperm/Non-Sperm (716).bmp,test,2,-2.872396,2.450210,0.422189
smids/Non-Sperm/Non-Sperm (721).bmp,test,2,-1.738020,-1.932283,3.670305
smids/Non-Sperm/Non-Sperm (73).bmp,test,2,-2.671187,-0.976613,3.647801
smids/Non-Sperm/Non-Sperm (732).bmp,test,2,-2.549015,-1.042322,3.591337
smids/Non-Sperm/Non-Sperm (734).bmp,test,2,-1.879476,-2.001242,3.880718
smids/Non-Sperm/Non-Sperm (744).bmp,test,2,-2.081849,-1.836314,3.918164
smids/Non-Sperm/Non-Sperm (745).bmp,test,2,-1.402591,-2.564683,3.967275
smids/Non-Sperm/Non-Sperm (746).bmp,test,2,-0.413829,-3.145788,3.559620
smids/Non-Sperm/Non-Sperm (747).bmp,test,2,-2.764798,0.422390,2.342410
smids/Non-Sperm/Non-Sperm (757).bmp,test,2,1.294253,-2.166898,0.872646
smids/Non-Sperm/Non-Sperm (760).bmp,test,2,-0.795661,-3.346666,4.142328
smids/Non-Sperm/Non-Sperm (761).bmp,test,2,0.709752,-1.876354,1.166603
smids/Non-Sperm/Non-Sperm (767).bmp,test,2,0.481527,-3.812302,3.330777
smids/Non-Sperm/Non-Sperm (772).bmp,test,2,-1.865601,-0.834655,2.700257
smids/Non-Sperm/Non-Sperm (775).bmp,test,2,-0.663446,-1.768604,2.432052
smids/Non-Sperm/Non-Sperm (778).bmp,test,2,0.174421,-2.350791,2.176372
smids/Non-Sperm/Non-Sperm (78).bmp,test,2,-1.935430,1.301186,0.634244
smids/Non-Sperm/Non-Sperm (781).bmp,test,2,-1.443084,-2.044009,3.487095
smids/Non-Sperm/Non-Sperm (787).bmp,test,2,-2.003444,-1.727384,3.730829
smids/Non-Sperm/Non-Sperm (788).bmp,test,2,-0.823683,-2.164560,2.988244
smids/Non-Sperm/Non-Sperm (792).bmp,test,2,-0.394716,-2.115463,2.510180
smids/Non-Sperm/Non-Sperm (796).bmp,test,2,-0.229918,-1.817454,2.047374
smids/Non-Sperm/Non-Sperm (798).bmp,test,2,-1.241017,-1.920677,3.161697
smids/Non-Sperm/Non-Sperm (80).bmp,test,2,-2.948637,-1.832348,4.780984
smids/Non-Sperm/Non-Sperm (804).bmp,test,2,-0.586308,-2.436272,3.022582
smids/Non-Sperm/Non-Sperm (808).bmp,test,2,-1.054889,-1.773694,2.828585
smids/Non-Sperm/Non-Sperm (811).bmp,test,2,-2.311002,-1.501770,3.812774
smids/Non-Sperm/Non-Sperm (825).bmp,test,2,1.225212,0.561413,-1.786624
smids/Non-Sperm/Non-Sperm (829).bmp,test,2,-3.298729,-0.053323,3.352053
smids/Non-Sperm/Non-Sperm (830).bmp,test,2,-2.158594,-1.894894,4.053488
smids/Non-Sperm/Non-Sperm (84).bmp,test,2,-1.972588,-2.355169,4.327761
smids/Non-Sperm/Non-Sperm (843).bmp,test,2,-1.857787,-2.004119,3.861909
smids/Non-Sperm/Non-Sperm (845).bmp,test,2,0.864825,-1.569249,0.704425
smids/Non-Sperm/Non-Sperm (858).bmp,test,2,-1.174954,-1.662755,2.837711
smids/Non-Sperm/Non-Sperm (859).bmp,test,2,-2.703713,-1.355116,4.058830
smids/Non-Sperm/Non-Sperm (869).bmp,test,2,-3.098565,-0.627413,3.725980
smids/Non-Sperm/Non-Sperm (877).bmp,test,2,-2.660973,-0.454906,3.115879
smids/Non-Sperm/Non-Sperm (878).bmp,test,2,-3.271684,1.587087,1.684598
smids/Non-Sperm/Non-Sperm (881).bmp,test,2,-2.760997,-1.541317,4.302313
smids/Non-Sperm/Non-Sperm (884).bmp,test,2,-2.953637,-0.298135,3.251773
smids/Non-Sperm/Non-Sperm (887).bmp,test,2,-0.597325,-1.193847,1.791173
smids/Non-Sperm/Non-Sperm (889).bmp,test,2,-1.967741,-2.821790,4.789532
smids/Non-Sperm/Non-Sperm (89).bmp,test,2,-1.625293,-2.433635,4.058931
smids/Non-Sperm/Non-Sperm (908).bmp,test,2,-2.413505,2.724718,-0.311212
smids/Non-Sperm/Non-Sperm (916).bmp,test,2,-1.394287,0.892854,0.501436
smids/Non-Sperm/Non-Sperm (917).bmp,test,2,0.626264,-0.902646,0.276383
smids/Non-Sperm/Non-Sperm (929).bmp,test,2,-1.371207,-0.280712,1.651920
smids/Non-Sperm/Non-Sperm (93).bmp,test,2,-1.800530,-2.319488,4.120019
smids/Non-Sperm/Non-Sperm (930).bmp,test,2,0.013601,-0.823897,0.810297
smids/Non-Sperm/Non-Sperm (932).bmp,test,2,-0.167328,-1.398429,1.565757
smids/Non-Sperm/Non-Sperm (935).bmp,test,2,-0.302721,-1.193252,1.495974
smids/Non-Sperm/Non-Sperm (938).bmp,test,2,0.881433,-2.093114,1.211682
smids/Non-Sperm/Non-Sperm (939).bmp,test,2,1.210892,-3.082800,1.871910
smids/Non-Sperm/Non-Sperm (94).bmp,test,2,-2.474476,-1.393559,3.868037
smids/Non-Sperm/Non-Sperm (940).bmp,test,2,0.630918,-1.168575,0.537657
smids/Non-Sperm/Non-Sperm (95).bmp,test,2,-1.702507,-1.438854,3.141361
smids/Non-Sperm/Non-Sperm (951).bmp,test,2,0.190048,-1.146103,0.956057
smids/Non-Sperm/Non-Sperm (96).bmp,test,2,-2.520352,-2.603724,5.124078
smids/Normal_Sperm/Normal_Sperm (1003).bmp,test,0,2.237820,-0.755375,-1.482443
smids/Normal_Sperm/Normal_Sperm (1004).bmp,test,0,0.704860,0.614232,-1.319089
smids/Normal_Sperm/Normal_Sperm (1009).bmp,test,0,2.199378,-1.370578,-0.828799
smids/Normal_Sperm/Normal_Sperm (1013).bmp,test,0,0.451895,1.131154,-1.583048
smids/Normal_Sperm/Normal_Sperm (1018).bmp,test,0,2.219823,-0.118486,-2.101336
smids/Normal_Sperm/Normal_Sperm (1020).bmp,test,0,0.322518,-0.035457,-0.287060
smids/Normal_Sperm/Normal_Sperm (11).bmp,test,0,1.114612,-1.956547,0.841937
smids/Normal_Sperm/Normal_Sperm (114).bmp,test,0,-0.324667,1.312957,-0.988288
smids/Normal_Sperm/Normal_Sperm (115).bmp,test,0,0.615937,0.144920,-0.760857
smids/Normal_Sperm/Normal_Sperm (118).bmp,test,0,-1.164852,0.179423,0.985429
smids/Normal_Sperm/Normal_Sperm (12).bmp,test,0,0.989541,-1.249834,0.260294
smids/Normal_Sperm/Normal_Sperm (121).bmp,test,0,2.481494,1.485181,-3.966676
smids/Normal_Sperm/Normal_Sperm (124).bmp,test,0,2.522003,1.574449,-4.096453
smids/Normal_Sperm/Normal_Sperm (127).bmp,test,0,-0.606237,0.742889,-0.136652
smids/Normal_Sperm/Normal_Sperm (132).bmp,test,0,-0.208920,1.533117,-1.324196
smids/Normal_Sperm/Normal_Sperm (140).bmp,test,0,2.939739,0.384893,-3.324631
smids/Normal_Sperm/Normal_Sperm (142).bmp,test,0,0.111697,1.485696,-1.597392
smids/Normal_Sperm/Normal_Sperm (151).bmp,test,0,0.755326,-1.329600,0.574275
smids/Normal_Sperm/Normal_Sperm (158).bmp,test,0,2.946717,-0.660472,-2.286244
smids/Normal_Sperm/Normal_Sperm (160).bmp,test,0,3.475053,-0.994918,-2.480133
smids/Normal_Sperm/Normal_Sperm (163).bmp,test,0,3.164684,-1.502257,-1.662426
smids/Normal_Sperm/Normal_Sperm (164).bmp,test,0,1.966605,-0.904816,-1.061790
smids/Normal_Sperm/Normal_Sperm (175).bmp,test,0,2.606629,-0.547019,-2.059608
smids/Normal_Sperm/Normal_Sperm (178).bmp,test,0,2.439197,-1.645311,-0.793885
smids/Normal_Sperm/Normal_Sperm (179).bmp,test,0,2.345397,-1.527473,-0.817922
smids/Normal_Sperm/Normal_Sperm (181).bmp,test,0,1.924672,1.268788,-3.193460
smids/Normal_Sperm/Normal_Sperm (190).bmp,test,0,1.202530,1.438226,-2.640756
smids/Normal_Sperm/Normal_Sperm (194).bmp,test,0,3.751896,-0.898576,-2.853319
smids/Normal_Sperm/Normal_Sperm (20).bmp,test,0,-0.543437,-1.473872,2.017310
smids/Normal_Sperm/Normal_Sperm (208).bmp,test,0,2.650921,-0.944371,-1.706549
smids/Normal_Sperm/Normal_Sperm (209).bmp,test,0,0.878824,1.403635,-2.282457
smids/Normal_Sperm/Normal_Sperm (215).bmp,test,0,-0.752377,2.027745,-1.275367
smids/Normal_Sperm/Normal_Sperm (221).bmp,test,0,0.074619,-0.294183,0.219565
smids/Normal_Sperm/Normal_Sperm (222).bmp,test,0,1.626237,-0.418557,-1.207680
smids/Normal_Sperm/Normal_Sperm (226).bmp,test,0,1.163769,1.455497,-2.619265
smids/Normal_Sperm/Normal_Sperm (243).bmp,test,0,3.253857,0.228848,-3.482705
smids/Normal_Sperm/Normal_Sperm (249).bmp,test,0,1.992934,-0.768040,-1.224893
smids/Normal_Sperm/Normal_Sperm (256).bmp,test,0,3.183861,-0.244791,-2.939069
smids/Normal_Sperm/Normal_Sperm (269).bmp,test,0,3.241814,0.569856,-3.811667
smids/Normal_Sperm/Normal_Sperm (27).bmp,test,0,2.849214,-0.375043,-2.474171
smids/Normal_Sperm/Normal_Sperm (288).bmp,test,0,2.854841,-1.193636,-1.661203
smids/Normal_Sperm/Normal_Sperm (295).bmp,test,0,1.861247,1.694708,-3.555954
smids/Normal_Sperm/Normal_Sperm (298).bmp,test,0,2.614596,0.836896,-3.451492
smids/Normal_Sperm/Normal_Sperm (315).bmp,test,0,0.956818,2.128711,-3.085528
smids/Normal_Sperm/Normal_Sperm (316).bmp,test,0,0.718753,0.778915,-1.497667
smids/Normal_Sperm/Normal_Sperm (322).bmp,test,0,1.034996,-0.496441,-0.538555
smids/Normal_Sperm/Normal_Sperm (326).bmp,test,0,1.060646,-0.431703,-0.628942
smids/Normal_Sperm/Normal_Sperm (327).bmp,test,0,2.875101,-0.463813,-2.411288
smids/Normal_Sperm/Normal_Sperm (332).bmp,test,0,2.323058,-1.076538,-1.246519
smids/Normal_Sperm/Normal_Sperm (349).bmp,test,0,-0.056282,0.901120,-0.844837
smids/Normal_Sperm/Normal_Sperm (352).bmp,test,0,1.776420,0.778140,-2.554559
smids/Normal_Sperm/Normal_Sperm (354).bmp,test,0,1.542580,0.242017,-1.784597
smids/Normal_Sperm/Normal_Sperm (358).bmp,test,0,0.823314,0.165382,-0.988695
smids/Normal_Sperm/Normal_Sperm (362).bmp,test,0,2.839691,0.114881,-2.954570
smids/Normal_Sperm/Normal_Sperm (363).bmp,test,0,3.408404,-2.075554,-1.332849
smids/Normal_Sperm/Normal_Sperm (37).bmp,test,0,-0.306531,-0.915867,1.222398
smids/Normal_Sperm/Normal_Sperm (371).bmp,test,0,2.903695,0.316834,-3.220528
smids/Normal_Sperm/Normal_Sperm (386).bmp,test,0,3.320597,-1.595217,-1.725380
smids/Normal_Sperm/Normal_Sperm (401).bmp,test,0,2.010077,0.327311,-2.337388
smids/Normal_Sperm/Normal_Sperm (402).bmp,test,0,1.305555,2.218949,-3.524503
smids/Normal_Sperm/Normal_Sperm (408).bmp,test,0,2.889450,0.482857,-3.372307
smids/Normal_Sperm/Normal_Sperm (422).bmp,test,0,3.775881,-0.873172,-2.902708
smids/Normal_Sperm/Normal_Sperm (423).bmp,test,0,1.241770,-0.252932,-0.988837
smids/Normal_Sperm/Normal_Sperm (424).bmp,test,0,2.806031,-0.399324,-2.406707
smids/Normal_Sperm/Normal_Sperm (426).bmp,test,0,1.474252,0.397226,-1.871477
smids/Normal_Sperm/Normal_Sperm (429).bmp,test,0,-0.200615,-2.160605,2.361223
smids/Normal_Sperm/Normal_Sperm (430).bmp,test,0,3.251817,-0.721563,-2.530254
smids/Normal_Sperm/Normal_Sperm (431).bmp,test,0,4.020881,0.778449,-4.799329
smids/Normal_Sperm/Normal_Sperm (443).bmp,test,0,1.799173,-0.456036,-1.343134
smids/Normal_Sperm/Normal_Sperm (445).bmp,test,0,0.870656,0.013853,-0.884508
smids/Normal_Sperm/Normal_Sperm (446).bmp,test,0,1.589392,-0.238090,-1.351301
smids/Normal_Sperm/Normal_Sperm (449).bmp,test,0,2.949537,-0.825557,-2.123980
smids/Normal_Sperm/Normal_Sperm (454).bmp,test,0,2.475808,-0.573232,-1.902575
smids/Normal_Sperm/Normal_Sperm (457).bmp,test,0,3.647340,-1.641575,-2.005765
smids/Normal_Sperm/Normal_Sperm (459).bmp,test,0,2.673640,-2.259329,-0.414310
smids/Normal_Sperm/Normal_Sperm (460).bmp,test,0,-0.630354,0.562083,0.068272
smids/Normal_Sperm/Normal_Sperm (462).bmp,test,0,2.068596,-1.480963,-0.587632
smids/Normal_Sperm/Normal_Sperm (463).bmp,test,0,1.882813,0.610699,-2.493512
smids/Normal_Sperm/Normal_Sperm (467).bmp,test,0,2.325543,-0.640465,-1.685077
smids/Normal_Sperm/Normal_Sperm (473).bmp,test,0,3.496851,1.103766,-4.600616
smids/Normal_Sperm/Normal_Sperm (480).bmp,test,0,3.836158,-1.040188,-2.795968
smids/Normal_Sperm/Normal_Sperm (482).bmp,test,0,2.746324,-0.510689,-2.235635
smids/Normal_Sperm/Normal_Sperm (485).bmp,test,0,3.789741,1.077590,-4.867332
smids/Normal_Sperm/Normal_Sperm (486).bmp,test,0,2.153346,0.072063,-2.225408
smids/Normal_Sperm/Normal_Sperm (487).bmp,test,0,2.527190,0.057102,-2.584291
smids/Normal_Sperm/Normal_Sperm (490).bmp,test,0,3.449861,-0.155929,-3.293933
smids/Normal_Sperm/Normal_Sperm (492).bmp,test,0,4.599165,-0.579106,-4.020058
smids/Normal_Sperm/Normal_Sperm (497).bmp,test,0,2.794758,-0.598278,-2.196480
smids/Normal_Sperm/Normal_Sperm (501).bmp,test,0,2.275430,-0.451781,-1.823649
smids/Normal_Sperm/Normal_Sperm (504).bmp,test,0,3.703525,-0.286116,-3.417407
smids/Normal_Sperm/Normal_Sperm (508).bmp,test,0,2.620982,-0.706764,-1.914218
smids/Normal_Sperm/Normal_Sperm (51).bmp,test,0,2.936432,2.066539,-5.002970
smids/Normal_Sperm/Normal_Sperm (512).bmp,test,0,1.589920,0.526408,-2.116327
smids/Normal_Sperm/Normal_Sperm (514).bmp,test,0,3.620602,-0.385265,-3.235336
smids/Normal_Sperm/Normal_Sperm (521).bmp,test,0,3.554539,0.073738,-3.628277
smids/Normal_Sperm/Normal_Sperm (523).bmp,test,0,0.971016,0.669746,-1.640762
smids/Normal_Sperm/Normal_Sperm (53).bmp,test,0,4.189993,-0.712655,-3.477338
smids/Normal_Sperm/Normal_Sperm (531).bmp,test,0,2.573024,0.507277,-3.080301
smids/Normal_Sperm/Normal_Sperm (533).bmp,test,0,1.945598,0.419181,-2.364780
smids/Normal_Sperm/Normal_Sperm (535).bmp,test,0,2.702789,1.335683,-4.038470
smids/Normal_Sperm/Normal_Sperm (558).bmp,test,0,3.173015,-1.409388,-1.763627
smids/Normal_Sperm/Normal_Sperm (565).bmp,test,0,2.179691,-0.223304,-1.956387
smids/Normal_Sperm/Normal_Sperm (569).bmp,test,0,2.630349,-0.552257,-2.078091
smids/Normal_Sperm/Normal_Sperm (578).bmp,test,0,3.630733,-1.830530,-1.800201
smids/Normal_Sperm/Normal_Sperm (586).bmp,test,0,4.024410,0.758839,-4.783249
smids/Normal_Sperm/Normal_Sperm (594).bmp,test,0,3.624954,-1.662576,-1.962378
smids/Normal_Sperm/Normal_Sperm (6).bmp,test,0,1.718333,-1.380984,-0.337348
smids/Normal_Sperm/Normal_Sperm (602).bmp,test,0,3.443011,-0.174114,-3.268897
smids/Normal_Sperm/Normal_Sperm (604).bmp,test,0,0.635132,-0.025639,-0.609492
smids/Normal_Sperm/Normal_Sperm (606).bmp,test,0,3.004698,-0.355207,-2.649490
smids/Normal_Sperm/Normal_Sperm (61).bmp,test,0,2.917617,-0.509112,-2.408503
smids/Normal_Sperm/Normal_Sperm (614).bmp,test,0,2.739550,-0.217044,-2.522506
smids/Normal_Sperm/Normal_Sperm (618).bmp,test,0,3.476803,0.802627,-4.279430
smids/Normal_Sperm/Normal_Sperm (623).bmp,test,0,2.611992,0.707057,-3.319047
smids/Normal_Sperm/Normal_Sperm (624).bmp,test,0,1.205477,0.609646,-1.815120
smids/Normal_Sperm/Normal_Sperm (627).bmp,test,0,2.882783,0.504206,-3.386987
smids/Normal_Sperm/Normal_Sperm (64).bmp,test,0,0.867849,1.328497,-2.196343
smids/Normal_Sperm/Normal_Sperm (640).bmp,test,0,3.028711,-1.793485,-1.235224
smids/Normal_Sperm/Normal_Sperm (644).bmp,test,0,1.356813,-0.508532,-0.848281
smids/Normal_Sperm/Normal_Sperm (648).bmp,test,0,3.439272,-0.188578,-3.250693
smids/Normal_Sperm/Normal_Sperm (656).bmp,test,0,2.408298,1.372177,-3.780475
smids/Normal_Sperm/Normal_Sperm (66).bmp,test,0,0.739607,-0.036711,-0.702895
smids/Normal_Sperm/Normal_Sperm (662).bmp,test,0,3.352347,-1.375183,-1.977165
smids/Normal_Sperm/Normal_Sperm (665).bmp,test,0,3.456178,-1.043375,-2.412801
smids/Normal_Sperm/Normal_Sperm (668).bmp,test,0,4.014244,-0.910403,-3.103840
smids/Normal_Sperm/Normal_Sperm (671).bmp,test,0,3.393192,0.423465,-3.816656
smids/Normal_Sperm/Normal_Sperm (673).bmp,test,0,1.495687,0.653010,-2.148697
smids/Normal_Sperm/Normal_Sperm (676).bmp,test,0,4.373970,0.559788,-4.933756
smids/Normal_Sperm/Normal_Sperm (677).bmp,test,0,1.668561,1.644224,-3.312785
smids/Normal_Sperm/Normal_Sperm (678).bmp,test,0,2.874761,0.433394,-3.308155
smids/Normal_Sperm/Normal_Sperm (679).bmp,test,0,3.934835,0.259675,-4.194509
smids/Normal_Sperm/Normal_Sperm (681).bmp,test,0,2.567733,1.159410,-3.727141
smids/Normal_Sperm/Normal_Sperm (683).bmp,test,0,4.574636,-0.436437,-4.138198
smids/Normal_Sperm/Normal_Sperm (684).bmp,test,0,1.949284,0.151668,-2.100951
smids/Normal_Sperm/Normal_Sperm (688).bmp,test,0,2.892405,0.004824,-2.897229
smids/Normal_Sperm/Normal_Sperm (689).bmp,test,0,2.729938,0.292478,-3.022415
smids/Normal_Sperm/Normal_Sperm (690).bmp,test,0,4.161101,0.033092,-4.194193
smids/Normal_Sperm/Normal_Sperm (691).bmp,test,0,3.902743,-2.580739,-1.322003
smids/Normal_Sperm/Normal_Sperm (692).bmp,test,0,2.857520,-1.103465,-1.754054
smids/Normal_Sperm/Normal_Sperm (694).bmp,test,0,1.850250,-0.903062,-0.947187
smids/Normal_Sperm/Normal_Sperm (698).bmp,test,0,3.352399,0.131381,-3.483778
smids/Normal_Sperm/Normal_Sperm (700).bmp,test,0,0.604974,0.841886,-1.446858
smids/Normal_Sperm/Normal_Sperm (713).bmp,test,0,1.455672,1.515753,-2.971424
smids/Normal_Sperm/Normal_Sperm (714).bmp,test,0,1.281905,1.440071,-2.721973
smids/Normal_Sperm/Normal_Sperm (722).bmp,test,0,4.065445,-1.011120,-3.054325
smids/Normal_Sperm/Normal_Sperm (723).bmp,test,0,2.738411,-0.416988,-2.321422
smids/Normal_Sperm/Normal_Sperm (731).bmp,test,0,4.367857,-1.962507,-2.405350
smids/Normal_Sperm/Normal_Sperm (732).bmp,test,0,3.675719,-0.851201,-2.824517
smids/Normal_Sperm/Normal_Sperm (735).bmp,test,0,4.519071,-0.900880,-3.618191
smids/Normal_Sperm/Normal_Sperm (738).bmp,test,0,3.034662,-0.628651,-2.406009
smids/Normal_Sperm/Normal_Sperm (765).bmp,test,0,3.582603,0.338795,-3.921397
smids/Normal_Sperm/Normal_Sperm (772).bmp,test,0,2.748912,-1.159473,-1.589438
smids/Normal_Sperm/Normal_Sperm (775).bmp,test,0,4.152969,-0.113708,-4.039260
smids/Normal_Sperm/Normal_Sperm (776).bmp,test,0,3.122709,-0.089370,-3.033338
smids/Normal_Sperm/Normal_Sperm (779).bmp,test,0,2.278308,-0.986419,-1.291889
smids/Normal_Sperm/Normal_Sperm (780).bmp,test,0,2.389113,-0.664747,-1.724366
smids/Normal_Sperm/Normal_Sperm (782).bmp,test,0,3.668406,0.530214,-4.198619
smids/Normal_Sperm/Normal_Sperm (788).bmp,test,0,2.335136,-0.763540,-1.571594
smids/Normal_Sperm/Normal_Sperm (791).bmp,test,0,0.923852,0.800126,-1.723978
smids/Normal_Sperm/Normal_Sperm (793).bmp,test,0,-0.088706,0.135901,-0.047194
smids/Normal_Sperm/Normal_Sperm (797).bmp,test,0,0.489931,0.555323,-1.045252
smids/Normal_Sperm/Normal_Sperm (799).bmp,test,0,3.548935,-1.090307,-2.458627
smids/Normal_Sperm/Normal_Sperm (8).bmp,test,0,0.714096,-1.941430,1.227336
smids/Normal_Sperm/Normal_Sperm (808).bmp,test,0,1.695399,-0.816130,-0.879268
smids/Normal_Sperm/Normal_Sperm (825).bmp,test,0,1.401872,-0.430049,-0.971822
smids/Normal_Sperm/Normal_Sperm (829).bmp,test,0,3.771621,-0.644752,-3.126869
smids/Normal_Sperm/Normal_Sperm (836).bmp,test,0,1.678429,-0.229332,-1.449097
smids/Normal_Sperm/Normal_Sperm (839).bmp,test,0,0.824822,1.943114,-2.767935
smids/Normal_Sperm/Normal_Sperm (845).bmp,test,0,2.461598,-0.561901,-1.899697
smids/Normal_Sperm/Normal_Sperm (854).bmp,test,0,1.954114,0.846540,-2.800654
smids/Normal_Sperm/Normal_Sperm (859).bmp,test,0,2.819248,1.287354,-4.106601
smids/Normal_Sperm/Normal_Sperm (869).bmp,test,0,3.671556,0.605453,-4.277007
smids/Normal_Sperm/Normal_Sperm (877).bmp,test,0,2.176178,-0.540012,-1.636166
smids/Normal_Sperm/Normal_Sperm (88).bmp,test,0,0.984519,0.038831,-1.023349
smids/Normal_Sperm/Normal_Sperm (882).bmp,test,0,1.242483,1.575844,-2.818327
smids/Normal_Sperm/Normal_Sperm (892).bmp,test,0,0.076268,2.165927,-2.242195
smids/Normal_Sperm/Normal_Sperm (893).bmp,test,0,-1.997938,2.231138,-0.233199
smids/Normal_Sperm/Normal_Sperm (899).bmp,test,0,-0.320372,-0.910839,1.231212
smids/Normal_Sperm/Normal_Sperm (902).bmp,test,0,4.784870,0.094969,-4.879837
smids/Normal_Sperm/Normal_Sperm (903).bmp,test,0,0.481880,0.340807,-0.822687
smids/Normal_Sperm/Normal_Sperm (906).bmp,test,0,1.849918,1.254547,-3.104463
smids/Normal_Sperm/Normal_Sperm (910).bmp,test,0,0.822267,2.348626,-3.170892
smids/Normal_Sperm/Normal_Sperm (912).bmp,test,0,4.282823,-0.050359,-4.232464
smids/Normal_Sperm/Normal_Sperm (913).bmp,test,0,3.808221,-1.208291,-2.599930
smids/Normal_Sperm/Normal_Sperm (914).bmp,test,0,-0.114915,1.906328,-1.791413
smids/Normal_Sperm/Normal_Sperm (931).bmp,test,0,2.062111,1.687702,-3.749812
smids/Normal_Sperm/Normal_Sperm (935).bmp,test,0,-0.418698,1.740921,-1.322222
smids/Normal_Sperm/Normal_Sperm (936).bmp,test,0,2.758697,-0.145490,-2.613207
smids/Normal_Sperm/Normal_Sperm (943).bmp,test,0,3.502012,-0.220799,-3.281213
smids/Normal_Sperm/Normal_Sperm (946).bmp,test,0,-0.780162,3.191365,-2.411200
smids/Normal_Sperm/Normal_Sperm (948).bmp,test,0,1.983040,2.405225,-4.388263
smids/Normal_Sperm/Normal_Sperm (955).bmp,test,0,2.041224,1.139289,-3.180512
smids/Normal_Sperm/Normal_Sperm (956).bmp,test,0,-0.796406,3.213863,-2.417456
smids/Normal_Sperm/Normal_Sperm (958).bmp,test,0,2.351283,0.175282,-2.526563
smids/Normal_Sperm/Normal_Sperm (959).bmp,test,0,-0.039671,1.125760,-1.086088
smids/Normal_Sperm/Normal_Sperm (963).bmp,test,0,2.501222,1.134747,-3.635966
smids/Normal_Sperm/Normal_Sperm (967).bmp,test,0,0.823193,2.661764,-3.484956
smids/Normal_Sperm/Normal_Sperm (98).bmp,test,0,2.819794,-0.662630,-2.157163
smids/Normal_Sperm/Normal_Sperm (981).bmp,test,0,1.384220,1.870948,-3.255167
smids/Normal_Sperm/Normal_Sperm (988).bmp,test,0,1.299842,0.250245,-1.550086
