image_id,repeat,fold,label_idx,pred,prob_0,prob_1,prob_2
smids/Abnormal_Sperm/Abnormal_Sperm (1002).bmp,0,0,1,1,0.083830,0.915882,0.000289
smids/Abnormal_Sperm/Abnormal_Sperm (105).bmp,0,0,1,1,0.028558,0.960617,0.010824
smids/Abnormal_Sperm/Abnormal_Sperm (107).bmp,0,0,1,1,0.019869,0.854329,0.125803
smids/Abnormal_Sperm/Abnormal_Sperm (11).bmp,0,0,1,1,0.059332,0.930458,0.010210
smids/Abnormal_Sperm/Abnormal_Sperm (111).bmp,0,0,1,1,0.006731,0.692375,0.300894
smids/Abnormal_Sperm/Abnormal_Sperm (112).bmp,0,0,1,1,0.119901,0.855781,0.024318
smids/Abnormal_Sperm/Abnormal_Sperm (119).bmp,0,0,1,1,0.047580,0.951657,0.000763
smids/Abnormal_Sperm/Abnormal_Sperm (120).bmp,0,0,1,1,0.052040,0.945928,0.002032
smids/Abnormal_Sperm/Abnormal_Sperm (123).bmp,0,0,1,1,0.003896,0.979258,0.016846
smids/Abnormal_Sperm/Abnormal_Sperm (125).bmp,0,0,1,1,0.004871,0.973378,0.021751
smids/Abnormal_Sperm/Abnormal_Sperm (13).bmp,0,0,1,2,0.014800,0.388148,0.597052
smids/Abnormal_Sperm/Abnormal_Sperm (132).bmp,0,0,1,1,0.005757,0.991157,0.003085
smids/Abnormal_Sperm/Abnormal_Sperm (133).bmp,0,0,1,1,0.035069,0.821634,0.143297
smids/Abnormal_Sperm/Abnormal_Sperm (141).bmp,0,0,1,1,0.011579,0.987764,0.000657
smids/Abnormal_Sperm/Abnormal_Sperm (147).bmp,0,0,1,1,0.003045,0.918879,0.078076
smids/Abnormal_Sperm/Abnormal_Sperm (152).bmp,0,0,1,1,0.127292,0.868954,0.003755
smids/Abnormal_Sperm/Abnormal_Sperm (167).bmp,0,0,1,1,0.032297,0.966539,0.001164
smids/Abnormal_Sperm/Abnormal_Sperm (168).bmp,0,0,1,1,0.161502,0.818046,0.020452
smids/Abnormal_Sperm/Abnormal_Sperm (172).bmp,0,0,1,1,0.324427,0.674386,0.001187
smids/Abnormal_Sperm/Abnormal_Sperm (173).bmp,0,0,1,1,0.049077,0.949563,0.001360
smids/Abnormal_Sperm/Abnormal_Sperm (175).bmp,0,0,1,1,0.053740,0.934033,0.012227
smids/Abnormal_Sperm/Abnormal_Sperm (176).bmp,0,0,1,1,0.251504,0.748404,0.000092
smids/Abnormal_Sperm/Abnormal_Sperm (187).bmp,0,0,1,1,0.138243,0.844686,0.017070
smids/Abnormal_Sperm/Abnormal_Sperm (193).bmp,0,0,1,1,0.240774,0.756537,0.002689
smids/Abnormal_Sperm/Abnormal_Sperm (194).bmp,0,0,1,1,0.029751,0.843774,0.126475
smids/Abnormal_Sperm/Abnormal_Sperm (20).bmp,0,0,1,2,0.000010,0.034919,0.965071
smids/Abnormal_Sperm/Abnormal_Sperm (203).bmp,0,0,1,1,0.410865,0.588999,0.000136
smids/Abnormal_Sperm/Abnormal_Sperm (208).bmp,0,0,1,1,0.091401,0.898800,0.009799
smids/Abnormal_Sperm/Abnormal_Sperm (212).bmp,0,0,1,1,0.158206,0.841691,0.000103
smids/Abnormal_Sperm/Abnormal_Sperm (218).bmp,0,0,1,1,0.397551,0.602374,0.000076
smids/Abnormal_Sperm/Abnormal_Sperm (221).bmp,0,0,1,1,0.004336,0.993734,0.001930
smids/Abnormal_Sperm/Abnormal_Sperm (222).bmp,0,0,1,1,0.013353,0.966092,0.020555
smids/Abnormal_Sperm/Abnormal_Sperm (224).bmp,0,0,1,1,0.009763,0.990099,0.000138
smids/Abnormal_Sperm/Abnormal_Sperm (23).bmp,0,0,1,1,0.023281,0.975659,0.001060
smids/Abnormal_Sperm/Abnormal_Sperm (234).bmp,0,0,1,1,0.000984,0.979949,0.019067
smids/Abnormal_Sperm/Abnormal_Sperm (241).bmp,0,0,1,1,0.138408,0.860872,0.000719
smids/Abnormal_Sperm/Abnormal_Sperm (246).bmp,0,0,1,1,0.071070,0.927022,0.001909
smids/Abnormal_Sperm/Abnormal_Sperm (26).bmp,0,0,1,1,0.064654,0.933303,0.002043
smids/Abnormal_Sperm/Abnormal_Sperm (268).bmp,0,0,1,1,0.013109,0.962228,0.024663
smids/Abnormal_Sperm/Abnormal_Sperm (275).bmp,0,0,1,1,0.035209,0.953422,0.011369
smids/Abnormal_Sperm/Abnormal_Sperm (276).bmp,0,0,1,1,0.142824,0.857057,0.000119
smids/Abnormal_Sperm/Abnormal_Sperm (28).bmp,0,0,1,0,0.875788,0.115455,0.008757
smids/Abnormal_Sperm/Abnormal_Sperm (31).bmp,0,0,1,1,0.180640,0.814448,0.004911
smids/Abnormal_Sperm/Abnormal_Sperm (320).bmp,0,0,1,1,0.007156,0.978256,0.014587
smids/Abnormal_Sperm/Abnormal_Sperm (321).bmp,0,0,1,1,0.014320,0.985347,0.000334
smids/Abnormal_Sperm/Abnormal_Sperm (333).bmp,0,0,1,1,0.110185,0.888953,0.000862
smids/Abnormal_Sperm/Abnormal_Sperm (335).bmp,0,0,1,0,0.506382,0.493003,0.000615
smids/Abnormal_Sperm/Abnormal_Sperm (342).bmp,0,0,1,1,0.008696,0.952688,0.038616
smids/Abnormal_Sperm/Abnormal_Sperm (343).bmp,0,0,1,1,0.038436,0.937795,0.023769
smids/Abnormal_Sperm/Abnormal_Sperm (345).bmp,0,0,1,1,0.184931,0.812376,0.002693
smids/Abnormal_Sperm/Abnormal_Sperm (35).bmp,0,0,1,1,0.084856,0.909345,0.005798
smids/Abnormal_Sperm/Abnormal_Sperm (351).bmp,0,0,1,0,0.573043,0.414155,0.012801
smids/Abnormal_Sperm/Abnormal_Sperm (356).bmp,0,0,1,1,0.018874,0.978704,0.002422
smids/Abnormal_Sperm/Abnormal_Sperm (359).bmp,0,0,1,1,0.009402,0.965651,0.024947
smids/Abnormal_Sperm/Abnormal_Sperm (361).bmp,0,0,1,1,0.368832,0.627999,0.003169
smids/Abnormal_Sperm/Abnormal_Sperm (365).bmp,0,0,1,1,0.004641,0.871156,0.124203
smids/Abnormal_Sperm/Abnormal_Sperm (371).bmp,0,0,1,1,0.087127,0.908018,0.004855
smids/Abnormal_Sperm/Abnormal_Sperm (373).bmp,0,0,1,1,0.016752,0.972769,0.010478
smids/Abnormal_Sperm/Abnormal_Sperm (378).bmp,0,0,1,0,0.682528,0.316735,0.000738
smids/Abnormal_Sperm/Abnormal_Sperm (380).bmp,0,0,1,1,0.003524,0.941858,0.054619
smids/Abnormal_Sperm/Abnormal_Sperm (388).bmp,0,0,1,1,0.007063,0.932322,0.060615
smids/Abnormal_Sperm/Abnormal_Sperm (394).bmp,0,0,1,1,0.013692,0.919224,0.067084
smids/Abnormal_Sperm/Abnormal_Sperm (406).bmp,0,0,1,1,0.054099,0.945550,0.000351
smids/Abnormal_Sperm/Abnormal_Sperm (407).bmp,0,0,1,1,0.048162,0.950729,0.001109
smids/Abnormal_Sperm/Abnormal_Sperm (42).bmp,0,0,1,0,0.801018,0.198968,0.000014
smids/Abnormal_Sperm/Abnormal_Sperm (422).bmp,0,0,1,2,0.001500,0.458440,0.540060
smids/Abnormal_Sperm/Abnormal_Sperm (424).bmp,0,0,1,1,0.009898,0.969989,0.020113
smids/Abnormal_Sperm/Abnormal_Sperm (427).bmp,0,0,1,1,0.197428,0.800134,0.002438
smids/Abnormal_Sperm/Abnormal_Sperm (430).bmp,0,0,1,1,0.007600,0.906639,0.085761
smids/Abnormal_Sperm/Abnormal_Sperm (438).bmp,0,0,1,1,0.017863,0.883891,0.098246
smids/Abnormal_Sperm/Abnormal_Sperm (440).bmp,0,0,1,1,0.026609,0.968261,0.005131
smids/Abnormal_Sperm/Abnormal_Sperm (441).bmp,0,0,1,1,0.007991,0.989642,0.002367
smids/Abnormal_Sperm/Abnormal_Sperm (444).bmp,0,0,1,1,0.394827,0.605016,0.000157
smids/Abnormal_Sperm/Abnormal_Sperm (452).bmp,0,0,1,1,0.041007,0.948510,0.010483
smids/Abnormal_Sperm/Abnormal_Sperm (454).bmp,0,0,1,1,0.001281,0.992844,0.005875
smids/Abnormal_Sperm/Abnormal_Sperm (457).bmp,0,0,1,1,0.002407,0.992074,0.005520
smids/Abnormal_Sperm/Abnormal_Sperm (464).bmp,0,0,1,1,0.007046,0.992583,0.000371
smids/Abnormal_Sperm/Abnormal_Sperm (467).bmp,0,0,1,1,0.000405,0.783594,0.216001
smids/Abnormal_Sperm/Abnormal_Sperm (468).bmp,0,0,1,2,0.000756,0.358331,0.640914
smids/Abnormal_Sperm/Abnormal_Sperm (470).bmp,0,0,1,1,0.013745,0.985533,0.000722
smids/Abnormal_Sperm/Abnormal_Sperm (471).bmp,0,0,1,1,0.008232,0.989515,0.002253
smids/Abnormal_Sperm/Abnormal_Sperm (476).bmp,0,0,1,1,0.030728,0.948981,0.020291
smids/Abnormal_Sperm/Abnormal_Sperm (479).bmp,0,0,1,2,0.008795,0.014585,0.976620
smids/Abnormal_Sperm/Abnormal_Sperm (48).bmp,0,0,1,2,0.003379,0.340171,0.656450
smids/Abnormal_Sperm/Abnormal_Sperm (481).bmp,0,0,1,2,0.000452,0.060039,0.939509
smids/Abnormal_Sperm/Abnormal_Sperm (482).bmp,0,0,1,1,0.020588,0.752227,0.227185
smids/Abnormal_Sperm/Abnormal_Sperm (484).bmp,0,0,1,1,0.016818,0.901583,0.081599
smids/Abnormal_Sperm/Abnormal_Sperm (488).bmp,0,0,1,2,0.016523,0.141559,0.841918
smids/Abnormal_Sperm/Abnormal_Sperm (501).bmp,0,0,1,0,0.667379,0.281570,0.051052
smids/Abnormal_Sperm/Abnormal_Sperm (512).bmp,0,0,1,1,0.210892,0.508498,0.280611
smids/Abnormal_Sperm/Abnormal_Sperm (513).bmp,0,0,1,1,0.008658,0.776337,0.215005
smids/Abnormal_Sperm/Abnormal_Sperm (514).bmp,0,0,1,1,0.223940,0.774896,0.001163
smids/Abnormal_Sperm/Abnormal_Sperm (527).bmp,0,0,1,1,0.342208,0.625607,0.032185
smids/Abnormal_Sperm/Abnormal_Sperm (53).bmp,0,0,1,1,0.028094,0.809165,0.162741
smids/Abnormal_Sperm/Abnormal_Sperm (530).bmp,0,0,1,1,0.134587,0.864237,0.001176
smids/Abnormal_Sperm/Abnormal_Sperm (533).bmp,0,0,1,0,0.758869,0.240973,0.000157
smids/Abnormal_Sperm/Abnormal_Sperm (538).bmp,0,0,1,1,0.013293,0.969698,0.017010
smids/Abnormal_Sperm/Abnormal_Sperm (546).bmp,0,0,1,1,0.218094,0.781786,0.000120
smids/Abnormal_Sperm/Abnormal_Sperm (557).bmp,0,0,1,0,0.854159,0.135974,0.009867
smids/Abnormal_Sperm/Abnormal_Sperm (562).bmp,0,0,1,0,0.512472,0.294195,0.193333
smids/Abnormal_Sperm/Abnormal_Sperm (565).bmp,0,0,1,0,0.701197,0.275619,0.023184
smids/Abnormal_Sperm/Abnormal_Sperm (569).bmp,0,0,1,1,0.016480,0.795373,0.188146
smids/Abnormal_Sperm/Abnormal_Sperm (581).bmp,0,0,1,1,0.186844,0.783341,0.029815
smids/Abnormal_Sperm/Abnormal_Sperm (585).bmp,0,0,1,0,0.839626,0.151443,0.008931
smids/Abnormal_Sperm/Abnormal_Sperm (591).bmp,0,0,1,2,0.002426,0.096136,0.901438
smids/Abnormal_Sperm/Abnormal_Sperm (593).bmp,0,0,1,1,0.010433,0.965341,0.024225
smids/Abnormal_Sperm/Abnormal_Sperm (597).bmp,0,0,1,1,0.067350,0.910165,0.022485
smids/Abnormal_Sperm/Abnormal_Sperm (598).bmp,0,0,1,1,0.030750,0.960277,0.008973
smids/Abnormal_Sperm/Abnormal_Sperm (599).bmp,0,0,1,0,0.532868,0.463993,0.003139
smids/Abnormal_Sperm/Abnormal_Sperm (600).bmp,0,0,1,0,0.844282,0.153568,0.002151
smids/Abnormal_Sperm/Abnormal_Sperm (603).bmp,0,0,1,0,0.826798,0.172538,0.000664
smids/Abnormal_Sperm/Abnormal_Sperm (609).bmp,0,0,1,0,0.928736,0.062705,0.008559
smids/Abnormal_Sperm/Abnormal_Sperm (610).bmp,0,0,1,0,0.783402,0.215854,0.000744
smids/Abnormal_Sperm/Abnormal_Sperm (618).bmp,0,0,1,1,0.266657,0.730932,0.002411
smids/Abnormal_Sperm/Abnormal_Sperm (620).bmp,0,0,1,1,0.004727,0.614631,0.380642
smids/Abnormal_Sperm/Abnormal_Sperm (624).bmp,0,0,1,1,0.060351,0.935308,0.004340
smids/Abnormal_Sperm/Abnormal_Sperm (627).bmp,0,0,1,2,0.000395,0.025009,0.974596
smids/Abnormal_Sperm/Abnormal_Sperm (634).bmp,0,0,1,1,0.264913,0.733774,0.001313
smids/Abnormal_Sperm/Abnormal_Sperm (639).bmp,0,0,1,2,0.000148,0.047701,0.952151
smids/Abnormal_Sperm/Abnormal_Sperm (645).bmp,0,0,1,1,0.136375,0.862993,0.000632
smids/Abnormal_Sperm/Abnormal_Sperm (647).bmp,0,0,1,0,0.810346,0.187491,0.002163
smids/Abnormal_Sperm/Abnormal_Sperm (648).bmp,0,0,1,0,0.558836,0.373862,0.067302
smids/Abnormal_Sperm/Abnormal_Sperm (655).bmp,0,0,1,1,0.433037,0.546602,0.020361
smids/Abnormal_Sperm/Abnormal_Sperm (662).bmp,0,0,1,1,0.034749,0.814344,0.150908
smids/Abnormal_Sperm/Abnormal_Sperm (666).bmp,0,0,1,2,0.012523,0.452303,0.535174
smids/Abnormal_Sperm/Abnormal_Sperm (670).bmp,0,0,1,0,0.638172,0.351241,0.010587
smids/Abnormal_Sperm/Abnormal_Sperm (679).bmp,0,0,1,1,0.076244,0.813338,0.110418
smids/Abnormal_Sperm/Abnormal_Sperm (684).bmp,0,0,1,0,0.686384,0.300616,0.013000
smids/Abnormal_Sperm/Abnormal_Sperm (685).bmp,0,0,1,1,0.458190,0.540711,0.001098
smids/Abnormal_Sperm/Abnormal_Sperm (686).bmp,0,0,1,0,0.498755,0.498159,0.003086
smids/Abnormal_Sperm/Abnormal_Sperm (69).bmp,0,0,1,1,0.035571,0.964282,0.000147
smids/Abnormal_Sperm/Abnormal_Sperm (693).bmp,0,0,1,1,0.124404,0.867490,0.008106
smids/Abnormal_Sperm/Abnormal_Sperm (696).bmp,0,0,1,1,0.161617,0.792364,0.046019
smids/Abnormal_Sperm/Abnormal_Sperm (705).bmp,0,0,1,0,0.618808,0.377471,0.003721
smids/Abnormal_Sperm/Abnormal_Sperm (707).bmp,0,0,1,0,0.498969,0.497306,0.003725
smids/Abnormal_Sperm/Abnormal_Sperm (713).bmp,0,0,1,1,0.251325,0.748403,0.000272
smids/Abnormal_Sperm/Abnormal_Sperm (715).bmp,0,0,1,0,0.706279,0.292877,0.000843
smids/Abnormal_Sperm/Abnormal_Sperm (720).bmp,0,0,1,1,0.420653,0.578611,0.000736
smids/Abnormal_Sperm/Abnormal_Sperm (738).bmp,0,0,1,1,0.013169,0.984904,0.001927
smids/Abnormal_Sperm/Abnormal_Sperm (740).bmp,0,0,1,1,0.305940,0.694008,0.000052
smids/Abnormal_Sperm/Abnormal_Sperm (752).bmp,0,0,1,1,0.481014,0.517540,0.001445
smids/Abnormal_Sperm/Abnormal_Sperm (756).bmp,0,0,1,0,0.584837,0.409444,0.005719
smids/Abnormal_Sperm/Abnormal_Sperm (777).bmp,0,0,1,1,0.118338,0.881388,0.000275
smids/Abnormal_Sperm/Abnormal_Sperm (780).bmp,0,0,1,1,0.149536,0.839793,0.010670
smids/Abnormal_Sperm/Abnormal_Sperm (787).bmp,0,0,1,0,0.832274,0.164087,0.003639
smids/Abnormal_Sperm/Abnormal_Sperm (790).bmp,0,0,1,0,0.543339,0.456443,0.000219
smids/Abnormal_Sperm/Abnormal_Sperm (797).bmp,0,0,1,0,0.612394,0.382278,0.005328
smids/Abnormal_Sperm/Abnormal_Sperm (80).bmp,0,0,1,1,0.004180,0.936245,0.059575
smids/Abnormal_Sperm/Abnormal_Sperm (805).bmp,0,0,1,1,0.154380,0.844663,0.000956
smids/Abnormal_Sperm/Abnormal_Sperm (811).bmp,0,0,1,1,0.256124,0.735156,0.008720
smids/Abnormal_Sperm/Abnormal_Sperm (816).bmp,0,0,1,1,0.440505,0.559394,0.000101
smids/Abnormal_Sperm/Abnormal_Sperm (819).bmp,0,0,1,1,0.153685,0.842654,0.003661
smids/Abnormal_Sperm/Abnormal_Sperm (822).bmp,0,0,1,1,0.365719,0.634030,0.000252
smids/Abnormal_Sperm/Abnormal_Sperm (828).bmp,0,0,1,1,0.032464,0.946324,0.021212
smids/Abnormal_Sperm/Abnormal_Sperm (83).bmp,0,0,1,1,0.459496,0.524499,0.016005
smids/Abnormal_Sperm/Abnormal_Sperm (832).bmp,0,0,1,1,0.095181,0.904382,0.000437
smids/Abnormal_Sperm/Abnormal_Sperm (837).bmp,0,0,1,0,0.927299,0.071896,0.000804
smids/Abnormal_Sperm/Abnormal_Sperm (842).bmp,0,0,1,1,0.084153,0.912453,0.003394
smids/Abnormal_Sperm/Abnormal_Sperm (844).bmp,0,0,1,1,0.146041,0.832280,0.021678
smids/Abnormal_Sperm/Abnormal_Sperm (848).bmp,0,0,1,0,0.940230,0.059528,0.000242
smids/Abnormal_Sperm/Abnormal_Sperm (853).bmp,0,0,1,1,0.180363,0.814618,0.005019
smids/Abnormal_Sperm/Abnormal_Sperm (854).bmp,0,0,1,1,0.481205,0.518701,0.000094
smids/Abnormal_Sperm/Abnormal_Sperm (857).bmp,0,0,1,1,0.291465,0.706860,0.001676
smids/Abnormal_Sperm/Abnormal_Sperm (863).bmp,0,0,1,1,0.159384,0.826546,0.014070
smids/Abnormal_Sperm/Abnormal_Sperm (869).bmp,0,0,1,1,0.105271,0.893983,0.000745
smids/Abnormal_Sperm/Abnormal_Sperm (878).bmp,0,0,1,0,0.860225,0.139719,0.000057
smids/Abnormal_Sperm/Abnormal_Sperm (889).bmp,0,0,1,1,0.254236,0.721100,0.024663
smids/Abnormal_Sperm/Abnormal_Sperm (892).bmp,0,0,1,0,0.722807,0.277149,0.000044
smids/Abnormal_Sperm/Abnormal_Sperm (895).bmp,0,0,1,0,0.633984,0.366014,0.000002
smids/Abnormal_Sperm/Abnormal_Sperm (900).bmp,0,0,1,1,0.134041,0.849465,0.016494
smids/Abnormal_Sperm/Abnormal_Sperm (901).bmp,0,0,1,1,0.071132,0.928236,0.000632
smids/Abnormal_Sperm/Abnormal_Sperm (903).bmp,0,0,1,0,0.661577,0.337385,0.001038
smids/Abnormal_Sperm/Abnormal_Sperm (907).bmp,0,0,1,0,0.829882,0.166270,0.003848
smids/Abnormal_Sperm/Abnormal_Sperm (908).bmp,0,0,1,0,0.641727,0.357990,0.000283
smids/Abnormal_Sperm/Abnormal_Sperm (909).bmp,0,0,1,0,0.635767,0.363469,0.000764
smids/Abnormal_Sperm/Abnormal_Sperm (911).bmp,0,0,1,0,0.893839,0.106127,0.000035
smids/Abnormal_Sperm/Abnormal_Sperm (919).bmp,0,0,1,0,0.501245,0.363626,0.135129
smids/Abnormal_Sperm/Abnormal_Sperm (920).bmp,0,0,1,0,0.610574,0.386401,0.003025
smids/Abnormal_Sperm/Abnormal_Sperm (925).bmp,0,0,1,0,0.773696,0.226237,0.000067
smids/Abnormal_Sperm/Abnormal_Sperm (930).bmp,0,0,1,0,0.823485,0.170048,0.006468
smids/Abnormal_Sperm/Abnormal_Sperm (931).bmp,0,0,1,1,0.468433,0.528520,0.003047
smids/Abnormal_Sperm/Abnormal_Sperm (944).bmp,0,0,1,1,0.232810,0.767180,0.000010
smids/Abnormal_Sperm/Abnormal_Sperm (945).bmp,0,0,1,1,0.111013,0.888338,0.000648
smids/Abnormal_Sperm/Abnormal_Sperm (948).bmp,0,0,1,1,0.075402,0.912043,0.012555
smids/Abnormal_Sperm/Abnormal_Sperm (955).bmp,0,0,1,1,0.034181,0.964612,0.001207
smids/Abnormal_Sperm/Abnormal_Sperm (957).bmp,0,0,1,2,0.000352,0.045699,0.953949
smids/Abnormal_Sperm/Abnormal_Sperm (962).bmp,0,0,1,1,0.001040,0.769859,0.229101
smids/Abnormal_Sperm/Abnormal_Sperm (967).bmp,0,0,1,1,0.022544,0.972577,0.004879
smids/Abnormal_Sperm/Abnormal_Sperm (974).bmp,0,0,1,1,0.027567,0.962794,0.009639
smids/Abnormal_Sperm/Abnormal_Sperm (975).bmp,0,0,1,1,0.036806,0.959369,0.003826
smids/Abnormal_Sperm/Abnormal_Sperm (976).bmp,0,0,1,1,0.001750,0.772063,0.226187
smids/Abnormal_Sperm/Abnormal_Sperm (982).bmp,0,0,1,1,0.164425,0.835299,0.000276
smids/Abnormal_Sperm/Abnormal_Sperm (989).bmp,0,0,1,1,0.019025,0.850467,0.130508
smids/Abnormal_Sperm/Abnormal_Sperm (99).bmp,0,0,1,1,0.073513,0.926177,0.000310
smids/Abnormal_Sperm/Abnormal_Sperm (994).bmp,0,0,1,1,0.024708,0.967068,0.008224
smids/Non-Sperm/Non-Sperm (106).bmp,0,0,2,2,0.000000,0.000043,0.999957
smids/Non-Sperm/Non-Sperm (113).bmp,0,0,2,2,0.000000,0.000009,0.999991
smids/Non-Sperm/Non-Sperm (116).bmp,0,0,2,2,0.000000,0.000042,0.999958
smids/Non-Sperm/Non-Sperm (120).bmp,0,0,2,2,0.000000,0.000335,0.999665
smids/Non-Sperm/Non-Sperm (128).bmp,0,0,2,2,0.000001,0.000335,0.999664
smids/Non-Sperm/Non-Sperm (131).bmp,0,0,2,2,0.000038,0.000210,0.999752
smids/Non-Sperm/Non-Sperm (132).bmp,0,0,2,2,0.000001,0.000383,0.999616
smids/Non-Sperm/Non-Sperm (139).bmp,0,0,2,2,0.000003,0.002234,0.997763
smids/Non-Sperm/Non-Sperm (145).bmp,0,0,2,2,0.000015,0.002779,0.997205
smids/Non-Sperm/Non-Sperm (148).bmp,0,0,2,2,0.000001,0.000261,0.999738
smids/Non-Sperm/Non-Sperm (149).bmp,0,0,2,2,0.000000,0.000050,0.999950
smids/Non-Sperm/Non-Sperm (154).bmp,0,0,2,2,0.000000,0.000034,0.999966
smids/Non-Sperm/Non-Sperm (155).bmp,0,0,2,2,0.000000,0.000004,0.999996
smids/Non-Sperm/Non-Sperm (162).bmp,0,0,2,2,0.000005,0.000651,0.999344
smids/Non-Sperm/Non-Sperm (163).bmp,0,0,2,1,0.031690,0.938340,0.029970
smids/Non-Sperm/Non-Sperm (175).bmp,0,0,2,2,0.000000,0.000253,0.999747
smids/Non-Sperm/Non-Sperm (176).bmp,0,0,2,2,0.000206,0.030255,0.969540
smids/Non-Sperm/Non-Sperm (178).bmp,0,0,2,2,0.000000,0.000298,0.999701
smids/Non-Sperm/Non-Sperm (195).bmp,0,0,2,1,0.196714,0.794874,0.008412
smids/Non-Sperm/Non-Sperm (197).bmp,0,0,2,1,0.008324,0.682383,0.309293
smids/Non-Sperm/Non-Sperm (203).bmp,0,0,2,2,0.000000,0.000004,0.999996
smids/Non-Sperm/Non-Sperm (209).bmp,0,0,2,2,0.000000,0.000002,0.999998
smids/Non-Sperm/Non-Sperm (217).bmp,0,0,2,2,0.000065,0.008128,0.991808
smids/Non-Sperm/Non-Sperm (220).bmp,0,0,2,2,0.000069,0.000693,0.999239
smids/Non-Sperm/Non-Sperm (224).bmp,0,0,2,2,0.000077,0.000346,0.999578
smids/Non-Sperm/Non-Sperm (231).bmp,0,0,2,2,0.000000,0.000149,0.999851
smids/Non-Sperm/Non-Sperm (232).bmp,0,0,2,2,0.000124,0.001867,0.998009
smids/Non-Sperm/Non-Sperm (236).bmp,0,0,2,2,0.000000,0.000145,0.999854
smids/Non-Sperm/Non-Sperm (246).bmp,0,0,2,2,0.000000,0.000027,0.999973
smids/Non-Sperm/Non-Sperm (251).bmp,0,0,2,2,0.000020,0.000423,0.999557
smids/Non-Sperm/Non-Sperm (257).bmp,0,0,2,2,0.000001,0.000801,0.999199
smids/Non-Sperm/Non-Sperm (262).bmp,0,0,2,2,0.000000,0.000169,0.999830
smids/Non-Sperm/Non-Sperm (271).bmp,0,0,2,2,0.000000,0.000052,0.999948
smids/Non-Sperm/Non-Sperm (273).bmp,0,0,2,2,0.000001,0.000085,0.999914
smids/Non-Sperm/Non-Sperm (278).bmp,0,0,2,2,0.000000,0.000089,0.999911
smids/Non-Sperm/Non-Sperm (281).bmp,0,0,2,2,0.000009,0.001097,0.998894
smids/Non-Sperm/Non-Sperm (283).bmp,0,0,2,2,0.000001,0.000278,0.999721
smids/Non-Sperm/Non-Sperm (292).bmp,0,0,2,2,0.000000,0.000053,0.999947
smids/Non-Sperm/Non-Sperm (295).bmp,0,0,2,2,0.000001,0.000337,0.999662
smids/Non-Sperm/Non-Sperm (302).bmp,0,0,2,2,0.000000,0.000017,0.999983
smids/Non-Sperm/Non-Sperm (308).bmp,0,0,2,2,0.000000,0.000021,0.999979
smids/Non-Sperm/Non-Sperm (317).bmp,0,0,2,2,0.000000,0.000013,0.999987
smids/Non-Sperm/Non-Sperm (319).bmp,0,0,2,2,0.000000,0.000148,0.999852
smids/Non-Sperm/Non-Sperm (324).bmp,0,0,2,2,0.010403,0.009074,0.980523
smids/Non-Sperm/Non-Sperm (329).bmp,0,0,2,2,0.000003,0.000539,0.999458
smids/Non-Sperm/Non-Sperm (337).bmp,0,0,2,2,0.000004,0.000549,0.999447
smids/Non-Sperm/Non-Sperm (343).bmp,0,0,2,2,0.004831,0.100929,0.894239
smids/Non-Sperm/Non-Sperm (348).bmp,0,0,2,2,0.000001,0.000052,0.999947
smids/Non-Sperm/Non-Sperm (351).bmp,0,0,2,2,0.000807,0.002178,0.997016
smids/Non-Sperm/Non-Sperm (352).bmp,0,0,2,2,0.000000,0.000121,0.999879
smids/Non-Sperm/Non-Sperm (356).bmp,0,0,2,2,0.000000,0.000063,0.999937
smids/Non-Sperm/Non-Sperm (365).bmp,0,0,2,2,0.000274,0.006554,0.993172
smids/Non-Sperm/Non-Sperm (368).bmp,0,0,2,2,0.000023,0.030079,0.969898
smids/Non-Sperm/Non-Sperm (372).bmp,0,0,2,2,0.000000,0.000214,0.999785
smids/Non-Sperm/Non-Sperm (383).bmp,0,0,2,1,0.019074,0.615251,0.365675
smids/Non-Sperm/Non-Sperm (388).bmp,0,0,2,2,0.000016,0.002359,0.997625
smids/Non-Sperm/Non-Sperm (392).bmp,0,0,2,2,0.022586,0.422297,0.555117
smids/Non-Sperm/Non-Sperm (394).bmp,0,0,2,2,0.014302,0.018287,0.967411
smids/Non-Sperm/Non-Sperm (397).bmp,0,0,2,2,0.003623,0.009849,0.986528
smids/Non-Sperm/Non-Sperm (402).bmp,0,0,2,2,0.001058,0.133749,0.865193
smids/Non-Sperm/Non-Sperm (406).bmp,0,0,2,2,0.009742,0.247017,0.743241
smids/Non-Sperm/Non-Sperm (416).bmp,0,0,2,2,0.005331,0.177580,0.817090
smids/Non-Sperm/Non-Sperm (417).bmp,0,0,2,2,0.007464,0.082065,0.910471
smids/Non-Sperm/Non-Sperm (419).bmp,0,0,2,2,0.000001,0.000373,0.999627
smids/Non-Sperm/Non-Sperm (427).bmp,0,0,2,2,0.000206,0.030186,0.969608
smids/Non-Sperm/Non-Sperm (431).bmp,0,0,2,2,0.000001,0.000659,0.999340
smids/Non-Sperm/Non-Sperm (44).bmp,0,0,2,2,0.000000,0.000458,0.999542
smids/Non-Sperm/Non-Sperm (443).bmp,0,0,2,2,0.000001,0.000347,0.999652
smids/Non-Sperm/Non-Sperm (451).bmp,0,0,2,2,0.012394,0.289919,0.697687
smids/Non-Sperm/Non-Sperm (458).bmp,0,0,2,2,0.000000,0.000188,0.999812
smids/Non-Sperm/Non-Sperm (471).bmp,0,0,2,2,0.000000,0.000036,0.999964
smids/Non-Sperm/Non-Sperm (476).bmp,0,0,2,2,0.000001,0.000307,0.999692
smids/Non-Sperm/Non-Sperm (483).bmp,0,0,2,2,0.000201,0.019473,0.980326
smids/Non-Sperm/Non-Sperm (488).bmp,0,0,2,2,0.050386,0.265538,0.684076
smids/Non-Sperm/Non-Sperm (49).bmp,0,0,2,2,0.000005,0.005800,0.994195
smids/Non-Sperm/Non-Sperm (490).bmp,0,0,2,1,0.004326,0.622650,0.373024
smids/Non-Sperm/Non-Sperm (492).bmp,0,0,2,2,0.000001,0.000403,0.999596
smids/Non-Sperm/Non-Sperm (494).bmp,0,0,2,2,0.000019,0.002017,0.997964
smids/Non-Sperm/Non-Sperm (505).bmp,0,0,2,2,0.000000,0.000077,0.999923
smids/Non-Sperm/Non-Sperm (51).bmp,0,0,2,2,0.000002,0.002268,0.997731
smids/Non-Sperm/Non-Sperm (517).bmp,0,0,2,2,0.000218,0.036930,0.962853
smids/Non-Sperm/Non-Sperm (523).bmp,0,0,2,2,0.000000,0.000204,0.999795
smids/Non-Sperm/Non-Sperm (529).bmp,0,0,2,2,0.000649,0.026792,0.972559
smids/Non-Sperm/Non-Sperm (538).bmp,0,0,2,2,0.000003,0.002281,0.997716
smids/Non-Sperm/Non-Sperm (542).bmp,0,0,2,2,0.000570,0.108251,0.891179
smids/Non-Sperm/Non-Sperm (545).bmp,0,0,2,2,0.000010,0.004578,0.995412
smids/Non-Sperm/Non-Sperm (548).bmp,0,0,2,2,0.000006,0.000682,0.999311
smids/Non-Sperm/Non-Sperm (550).bmp,0,0,2,2,0.000000,0.000083,0.999917
smids/Non-Sperm/Non-Sperm (552).bmp,0,0,2,2,0.000000,0.000142,0.999857
smids/Non-Sperm/Non-Sperm (557).bmp,0,0,2,2,0.000046,0.013499,0.986455
smids/Non-Sperm/Non-Sperm (566).bmp,0,0,2,2,0.000783,0.029679,0.969538
smids/Non-Sperm/Non-Sperm (568).bmp,0,0,2,2,0.000006,0.000213,0.999781
smids/Non-Sperm/Non-Sperm (569).bmp,0,0,2,2,0.000006,0.004745,0.995249
smids/Non-Sperm/Non-Sperm (570).bmp,0,0,2,2,0.000000,0.000104,0.999896
smids/Non-Sperm/Non-Sperm (579).bmp,0,0,2,2,0.000023,0.009508,0.990469
smids/Non-Sperm/Non-Sperm (580).bmp,0,0,2,2,0.000183,0.019355,0.980462
smids/Non-Sperm/Non-Sperm (585).bmp,0,0,2,2,0.000000,0.000047,0.999952
smids/Non-Sperm/Non-Sperm (592).bmp,0,0,2,2,0.000003,0.001570,0.998427
smids/Non-Sperm/Non-Sperm (595).bmp,0,0,2,2,0.000003,0.001392,0.998605
smids/Non-Sperm/Non-Sperm (596).bmp,0,0,2,2,0.018922,0.128107,0.852971
smids/Non-Sperm/Non-Sperm (614).bmp,0,0,2,2,0.000003,0.000602,0.999396
smids/Non-Sperm/Non-Sperm (616).bmp,0,0,2,2,0.000112,0.005559,0.994329
smids/Non-Sperm/Non-Sperm (624).bmp,0,0,2,2,0.000000,0.000062,0.999938
smids/Non-Sperm/Non-Sperm (626).bmp,0,0,2,2,0.000000,0.000127,0.999873
smids/Non-Sperm/Non-Sperm (629).bmp,0,0,2,2,0.000252,0.006814,0.992933
smids/Non-Sperm/Non-Sperm (630).bmp,0,0,2,2,0.000000,0.000081,0.999919
smids/Non-Sperm/Non-Sperm (635).bmp,0,0,2,2,0.000071,0.020083,0.979846
smids/Non-Sperm/Non-Sperm (637).bmp,0,0,2,2,0.001611,0.154838,0.843551
smids/Non-Sperm/Non-Sperm (64).bmp,0,0,2,2,0.009001,0.384265,0.606735
smids/Non-Sperm/Non-Sperm (640).bmp,0,0,2,2,0.136988,0.174074,0.688938
smids/Non-Sperm/Non-Sperm (641).bmp,0,0,2,2,0.000002,0.001671,0.998327
smids/Non-Sperm/Non-Sperm (645).bmp,0,0,2,2,0.000070,0.042333,0.957596
smids/Non-Sperm/Non-Sperm (648).bmp,0,0,2,2,0.000003,0.001449,0.998548
smids/Non-Sperm/Non-Sperm (652).bmp,0,0,2,2,0.000017,0.003205,0.996778
smids/Non-Sperm/Non-Sperm (654).bmp,0,0,2,2,0.000004,0.001370,0.998627
smids/Non-Sperm/Non-Sperm (655).bmp,0,0,2,2,0.000284,0.018726,0.980990
smids/Non-Sperm/Non-Sperm (656).bmp,0,0,2,2,0.000099,0.006333,0.993568
smids/Non-Sperm/Non-Sperm (661).bmp,0,0,2,2,0.000001,0.000976,0.999022
smids/Non-Sperm/Non-Sperm (667).bmp,0,0,2,2,0.000000,0.000516,0.999483
smids/Non-Sperm/Non-Sperm (668).bmp,0,0,2,2,0.000000,0.000024,0.999976
smids/Non-Sperm/Non-Sperm (682).bmp,0,0,2,2,0.000007,0.001238,0.998755
smids/Non-Sperm/Non-Sperm (690).bmp,0,0,2,2,0.000048,0.002835,0.997117
smids/Non-Sperm/Non-Sperm (694).bmp,0,0,2,2,0.000011,0.001441,0.998547
smids/Non-Sperm/Non-Sperm (702).bmp,0,0,2,2,0.000589,0.014311,0.985100
smids/Non-Sperm/Non-Sperm (708).bmp,0,0,2,2,0.000000,0.000036,0.999964
smids/Non-Sperm/Non-Sperm (710).bmp,0,0,2,2,0.000004,0.003541,0.996455
smids/Non-Sperm/Non-Sperm (716).bmp,0,0,2,2,0.001298,0.241387,0.757315
smids/Non-Sperm/Non-Sperm (718).bmp,0,0,2,2,0.006825,0.150566,0.842609
smids/Non-Sperm/Non-Sperm (719).bmp,0,0,2,2,0.000257,0.014497,0.985246
smids/Non-Sperm/Non-Sperm (725).bmp,0,0,2,2,0.001994,0.116198,0.881808
smids/Non-Sperm/Non-Sperm (730).bmp,0,0,2,2,0.025341,0.059200,0.915459
smids/Non-Sperm/Non-Sperm (731).bmp,0,0,2,2,0.000000,0.000085,0.999915
smids/Non-Sperm/Non-Sperm (732).bmp,0,0,2,2,0.000032,0.007131,0.992837
smids/Non-Sperm/Non-Sperm (733).bmp,0,0,2,2,0.000003,0.005739,0.994258
smids/Non-Sperm/Non-Sperm (735).bmp,0,0,2,2,0.000000,0.000094,0.999906
smids/Non-Sperm/Non-Sperm (738).bmp,0,0,2,2,0.000003,0.000896,0.999101
smids/Non-Sperm/Non-Sperm (741).bmp,0,0,2,2,0.000003,0.000300,0.999697
smids/Non-Sperm/Non-Sperm (742).bmp,0,0,2,2,0.000000,0.000013,0.999987
smids/Non-Sperm/Non-Sperm (749).bmp,0,0,2,2,0.041915,0.064989,0.893095
smids/Non-Sperm/Non-Sperm (75).bmp,0,0,2,2,0.004132,0.310546,0.685323
smids/Non-Sperm/Non-Sperm (750).bmp,0,0,2,2,0.000887,0.060028,0.939084
smids/Non-Sperm/Non-Sperm (76).bmp,0,0,2,2,0.001693,0.494679,0.503628
smids/Non-Sperm/Non-Sperm (765).bmp,0,0,2,2,0.000001,0.000898,0.999101
smids/Non-Sperm/Non-Sperm (767).bmp,0,0,2,2,0.000039,0.000159,0.999803
smids/Non-Sperm/Non-Sperm (769).bmp,0,0,2,2,0.000000,0.000026,0.999974
smids/Non-Sperm/Non-Sperm (770).bmp,0,0,2,2,0.012060,0.083218,0.904723
smids/Non-Sperm/Non-Sperm (772).bmp,0,0,2,2,0.000018,0.001832,0.998150
smids/Non-Sperm/Non-Sperm (782).bmp,0,0,2,2,0.000000,0.000156,0.999843
smids/Non-Sperm/Non-Sperm (785).bmp,0,0,2,2,0.000007,0.000373,0.999620
smids/Non-Sperm/Non-Sperm (792).bmp,0,0,2,2,0.000396,0.018247,0.981356
smids/Non-Sperm/Non-Sperm (802).bmp,0,0,2,2,0.000001,0.000409,0.999590
smids/Non-Sperm/Non-Sperm (805).bmp,0,0,2,2,0.000003,0.000303,0.999694
smids/Non-Sperm/Non-Sperm (807).bmp,0,0,2,2,0.000004,0.004350,0.995646
smids/Non-Sperm/Non-Sperm (814).bmp,0,0,2,2,0.000007,0.001794,0.998199
smids/Non-Sperm/Non-Sperm (817).bmp,0,0,2,2,0.000201,0.021130,0.978669
smids/Non-Sperm/Non-Sperm (828).bmp,0,0,2,2,0.000000,0.000233,0.999767
smids/Non-Sperm/Non-Sperm (830).bmp,0,0,2,2,0.000001,0.000342,0.999658
smids/Non-Sperm/Non-Sperm (838).bmp,0,0,2,2,0.000034,0.020444,0.979522
smids/Non-Sperm/Non-Sperm (849).bmp,0,0,2,2,0.000018,0.002659,0.997322
smids/Non-Sperm/Non-Sperm (858).bmp,0,0,2,2,0.000000,0.000128,0.999872
smids/Non-Sperm/Non-Sperm (860).bmp,0,0,2,2,0.000000,0.000110,0.999890
smids/Non-Sperm/Non-Sperm (862).bmp,0,0,2,2,0.000001,0.000176,0.999823
smids/Non-Sperm/Non-Sperm (867).bmp,0,0,2,2,0.008544,0.102205,0.889252
smids/Non-Sperm/Non-Sperm (868).bmp,0,0,2,2,0.000008,0.001268,0.998724
smids/Non-Sperm/Non-Sperm (876).bmp,0,0,2,1,0.070921,0.497066,0.432013
smids/Non-Sperm/Non-Sperm (879).bmp,0,0,2,2,0.000039,0.047804,0.952157
smids/Non-Sperm/Non-Sperm (88).bmp,0,0,2,2,0.012642,0.398364,0.588994
smids/Non-Sperm/Non-Sperm (882).bmp,0,0,2,2,0.000018,0.003732,0.996250
smids/Non-Sperm/Non-Sperm (883).bmp,0,0,2,2,0.000005,0.002238,0.997756
smids/Non-Sperm/Non-Sperm (887).bmp,0,0,2,2,0.002086,0.065903,0.932012
smids/Non-Sperm/Non-Sperm (891).bmp,0,0,2,0,0.708275,0.052547,0.239178
smids/Non-Sperm/Non-Sperm (90).bmp,0,0,2,2,0.000006,0.000077,0.999916
smids/Non-Sperm/Non-Sperm (900).bmp,0,0,2,0,0.515754,0.174503,0.309742
smids/Non-Sperm/Non-Sperm (903).bmp,0,0,2,1,0.102903,0.870712,0.026385
smids/Non-Sperm/Non-Sperm (905).bmp,0,0,2,1,0.356111,0.576130,0.067759
smids/Non-Sperm/Non-Sperm (908).bmp,0,0,2,1,0.025159,0.894113,0.080729
smids/Non-Sperm/Non-Sperm (910).bmp,0,0,2,1,0.214759,0.606634,0.178607
smids/Non-Sperm/Non-Sperm (918).bmp,0,0,2,1,0.131411,0.682347,0.186242
smids/Non-Sperm/Non-Sperm (920).bmp,0,0,2,2,0.010808,0.051303,0.937890
smids/Non-Sperm/Non-Sperm (926).bmp,0,0,2,2,0.009542,0.489121,0.501337
smids/Non-Sperm/Non-Sperm (928).bmp,0,0,2,1,0.008142,0.629218,0.362640
smids/Non-Sperm/Non-Sperm (930).bmp,0,0,2,1,0.023115,0.800824,0.176061
smids/Non-Sperm/Non-Sperm (932).bmp,0,0,2,2,0.189770,0.178870,0.631360
smids/Non-Sperm/Non-Sperm (935).bmp,0,0,2,2,0.056861,0.051456,0.891683
smids/Non-Sperm/Non-Sperm (940).bmp,0,0,2,0,0.827861,0.084785,0.087354
smids/Non-Sperm/Non-Sperm (942).bmp,0,0,2,0,0.371713,0.286976,0.341312
smids/Non-Sperm/Non-Sperm (946).bmp,0,0,2,2,0.109199,0.146168,0.744633
smids/Non-Sperm/Non-Sperm (949).bmp,0,0,2,2,0.000073,0.012982,0.986945
smids/Non-Sperm/Non-Sperm (954).bmp,0,0,2,2,0.000085,0.000482,0.999433
smids/Non-Sperm/Non-Sperm (969).bmp,0,0,2,1,0.037432,0.646598,0.315970
smids/Non-Sperm/Non-Sperm (97).bmp,0,0,2,2,0.000002,0.000265,0.999733
smids/Non-Sperm/Non-Sperm (970).bmp,0,0,2,2,0.000001,0.002578,0.997421
smids/Non-Sperm/Non-Sperm (971).bmp,0,0,2,2,0.000105,0.012076,0.987819
smids/Non-Sperm/Non-Sperm (974).bmp,0,0,2,1,0.034463,0.885289,0.080248
smids/Non-Sperm/Non-Sperm (98).bmp,0,0,2,2,0.000000,0.000015,0.999985
smids/Normal_Sperm/Normal_Sperm (1).bmp,0,0,0,0,0.920510,0.079272,0.000218
smids/Normal_Sperm/Normal_Sperm (1004).bmp,0,0,0,0,0.947560,0.046845,0.005595
smids/Normal_Sperm/Normal_Sperm (1019).bmp,0,0,0,0,0.779789,0.219325,0.000886
smids/Normal_Sperm/Normal_Sperm (1020).bmp,0,0,0,0,0.719545,0.134221,0.146233
smids/Normal_Sperm/Normal_Sperm (106).bmp,0,0,0,0,0.885871,0.111388,0.002741
smids/Normal_Sperm/Normal_Sperm (127).bmp,0,0,0,0,0.879159,0.120682,0.000158
smids/Normal_Sperm/Normal_Sperm (13).bmp,0,0,0,0,0.430988,0.314482,0.254530
smids/Normal_Sperm/Normal_Sperm (136).bmp,0,0,0,0,0.813260,0.186645,0.000095
smids/Normal_Sperm/Normal_Sperm (143).bmp,0,0,0,0,0.887941,0.111207,0.000851
smids/Normal_Sperm/Normal_Sperm (15).bmp,0,0,0,0,0.687134,0.312004,0.000863
smids/Normal_Sperm/Normal_Sperm (150).bmp,0,0,0,0,0.822924,0.176859,0.000217
smids/Normal_Sperm/Normal_Sperm (152).bmp,0,0,0,0,0.839733,0.156407,0.003860
smids/Normal_Sperm/Normal_Sperm (156).bmp,0,0,0,0,0.586266,0.412635,0.001099
smids/Normal_Sperm/Normal_Sperm (158).bmp,0,0,0,0,0.892578,0.104079,0.003343
smids/Normal_Sperm/Normal_Sperm (159).bmp,0,0,0,0,0.925482,0.074491,0.000027
smids/Normal_Sperm/Normal_Sperm (166).bmp,0,0,0,0,0.816646,0.180163,0.003191
smids/Normal_Sperm/Normal_Sperm (173).bmp,0,0,0,0,0.792476,0.204520,0.003004
smids/Normal_Sperm/Normal_Sperm (178).bmp,0,0,0,0,0.970410,0.028839,0.000751
smids/Normal_Sperm/Normal_Sperm (182).bmp,0,0,0,0,0.650952,0.345760,0.003287
smids/Normal_Sperm/Normal_Sperm (185).bmp,0,0,0,0,0.776233,0.211493,0.012275
smids/Normal_Sperm/Normal_Sperm (186).bmp,0,0,0,0,0.632840,0.361721,0.005439
smids/Normal_Sperm/Normal_Sperm (198).bmp,0,0,0,0,0.961799,0.038188,0.000013
smids/Normal_Sperm/Normal_Sperm (2).bmp,0,0,0,0,0.931496,0.067952,0.000552
smids/Normal_Sperm/Normal_Sperm (201).bmp,0,0,0,0,0.561415,0.438484,0.000101
smids/Normal_Sperm/Normal_Sperm (202).bmp,0,0,0,0,0.885796,0.113525,0.000678
smids/Normal_Sperm/Normal_Sperm (206).bmp,0,0,0,0,0.882621,0.106152,0.011227
smids/Normal_Sperm/Normal_Sperm (209).bmp,0,0,0,0,0.775014,0.224829,0.000156
smids/Normal_Sperm/Normal_Sperm (224).bmp,0,0,0,0,0.835790,0.163954,0.000256
smids/Normal_Sperm/Normal_Sperm (232).bmp,0,0,0,0,0.560805,0.439025,0.000170
smids/Normal_Sperm/Normal_Sperm (244).bmp,0,0,0,0,0.747753,0.250787,0.001459
smids/Normal_Sperm/Normal_Sperm (25).bmp,0,0,0,2,0.343855,0.164559,0.491586
smids/Normal_Sperm/Normal_Sperm (259).bmp,0,0,0,0,0.957821,0.040793,0.001386
smids/Normal_Sperm/Normal_Sperm (264).bmp,0,0,0,0,0.792666,0.199750,0.007584
smids/Normal_Sperm/Normal_Sperm (268).bmp,0,0,0,2,0.000028,0.004008,0.995965
smids/Normal_Sperm/Normal_Sperm (269).bmp,0,0,0,0,0.886112,0.113864,0.000024
smids/Normal_Sperm/Normal_Sperm (270).bmp,0,0,0,0,0.689281,0.302454,0.008265
smids/Normal_Sperm/Normal_Sperm (272).bmp,0,0,0,0,0.965353,0.034486,0.000161
smids/Normal_Sperm/Normal_Sperm (280).bmp,0,0,0,0,0.980213,0.019232,0.000555
smids/Normal_Sperm/Normal_Sperm (287).bmp,0,0,0,0,0.892271,0.106982,0.000747
smids/Normal_Sperm/Normal_Sperm (289).bmp,0,0,0,0,0.959164,0.040828,0.000008
smids/Normal_Sperm/Normal_Sperm (293).bmp,0,0,0,0,0.854813,0.143760,0.001428
smids/Normal_Sperm/Normal_Sperm (303).bmp,0,0,0,0,0.875914,0.124010,0.000076
smids/Normal_Sperm/Normal_Sperm (31).bmp,0,0,0,0,0.967490,0.027064,0.005446
smids/Normal_Sperm/Normal_Sperm (310).bmp,0,0,0,0,0.868434,0.130879,0.000687
smids/Normal_Sperm/Normal_Sperm (313).bmp,0,0,0,0,0.953445,0.046391,0.000163
smids/Normal_Sperm/Normal_Sperm (317).bmp,0,0,0,0,0.492885,0.420165,0.086950
smids/Normal_Sperm/Normal_Sperm (318).bmp,0,0,0,0,0.972939,0.026776,0.000284
smids/Normal_Sperm/Normal_Sperm (324).bmp,0,0,0,0,0.920798,0.079110,0.000093
smids/Normal_Sperm/Normal_Sperm (326).bmp,0,0,0,0,0.621823,0.373832,0.004345
smids/Normal_Sperm/Normal_Sperm (329).bmp,0,0,0,0,0.875877,0.123719,0.000404
smids/Normal_Sperm/Normal_Sperm (343).bmp,0,0,0,0,0.839082,0.153451,0.007466
smids/Normal_Sperm/Normal_Sperm (344).bmp,0,0,0,0,0.934958,0.064863,0.000179
smids/Normal_Sperm/Normal_Sperm (346).bmp,0,0,0,0,0.947359,0.052244,0.000397
smids/Normal_Sperm/Normal_Sperm (354).bmp,0,0,0,0,0.911478,0.088492,0.000030
smids/Normal_Sperm/Normal_Sperm (357).bmp,0,0,0,0,0.956003,0.043976,0.000021
smids/Normal_Sperm/Normal_Sperm (358).bmp,0,0,0,2,0.112783,0.198667,0.688550
smids/Normal_Sperm/Normal_Sperm (359).bmp,0,0,0,0,0.913016,0.085734,0.001250
smids/Normal_Sperm/Normal_Sperm (368).bmp,0,0,0,0,0.597051,0.395479,0.007470
smids/Normal_Sperm/Normal_Sperm (370).bmp,0,0,0,0,0.966328,0.033653,0.000019
smids/Normal_Sperm/Normal_Sperm (372).bmp,0,0,0,0,0.805105,0.193226,0.001670
smids/Normal_Sperm/Normal_Sperm (39).bmp,0,0,0,0,0.902526,0.093822,0.003652
smids/Normal_Sperm/Normal_Sperm (395).bmp,0,0,0,0,0.832670,0.166099,0.001231
smids/Normal_Sperm/Normal_Sperm (396).bmp,0,0,0,0,0.971324,0.028512,0.000164
smids/Normal_Sperm/Normal_Sperm (399).bmp,0,0,0,0,0.908932,0.091061,0.000006
smids/Normal_Sperm/Normal_Sperm (402).bmp,0,0,0,1,0.465570,0.534347,0.000083
smids/Normal_Sperm/Normal_Sperm (408).bmp,0,0,0,0,0.945468,0.054384,0.000148
smids/Normal_Sperm/Normal_Sperm (409).bmp,0,0,0,0,0.978454,0.021534,0.000012
smids/Normal_Sperm/Normal_Sperm (411).bmp,0,0,0,0,0.856398,0.143510,0.000093
smids/Normal_Sperm/Normal_Sperm (412).bmp,0,0,0,0,0.735028,0.251651,0.013322
smids/Normal_Sperm/Normal_Sperm (415).bmp,0,0,0,0,0.697797,0.295105,0.007099
smids/Normal_Sperm/Normal_Sperm (417).bmp,0,0,0,0,0.929165,0.070769,0.000066
smids/Normal_Sperm/Normal_Sperm (42).bmp,0,0,0,0,0.717302,0.278475,0.004223
smids/Normal_Sperm/Normal_Sperm (420).bmp,0,0,0,0,0.755349,0.244603,0.000049
smids/Normal_Sperm/Normal_Sperm (423).bmp,0,0,0,0,0.843253,0.153400,0.003348
smids/Normal_Sperm/Normal_Sperm (431).bmp,0,0,0,0,0.934603,0.065394,0.000003
smids/Normal_Sperm/Normal_Sperm (433).bmp,0,0,0,0,0.911092,0.088748,0.000160
smids/Normal_Sperm/Normal_Sperm (439).bmp,0,0,0,0,0.961642,0.038343,0.000015
smids/Normal_Sperm/Normal_Sperm (44).bmp,0,0,0,0,0.924295,0.073266,0.002439
smids/Normal_Sperm/Normal_Sperm (450).bmp,0,0,0,0,0.917668,0.082217,0.000116
smids/Normal_Sperm/Normal_Sperm (451).bmp,0,0,0,0,0.900231,0.099381,0.000387
smids/Normal_Sperm/Normal_Sperm (455).bmp,0,0,0,0,0.917211,0.082787,0.000001
smids/Normal_Sperm/Normal_Sperm (464).bmp,0,0,0,0,0.836334,0.162989,0.000677
smids/Normal_Sperm/Normal_Sperm (465).bmp,0,0,0,0,0.950893,0.049047,0.000061
smids/Normal_Sperm/Normal_Sperm (468).bmp,0,0,0,0,0.932376,0.066822,0.000802
smids/Normal_Sperm/Normal_Sperm (47).bmp,0,0,0,1,0.149536,0.748120,0.102344
smids/Normal_Sperm/Normal_Sperm (472).bmp,0,0,0,0,0.966582,0.033414,0.000004
smids/Normal_Sperm/Normal_Sperm (473).bmp,0,0,0,0,0.857951,0.141943,0.000106
smids/Normal_Sperm/Normal_Sperm (483).bmp,0,0,0,0,0.797447,0.202465,0.000088
smids/Normal_Sperm/Normal_Sperm (487).bmp,0,0,0,0,0.904129,0.095497,0.000374
smids/Normal_Sperm/Normal_Sperm (494).bmp,0,0,0,0,0.639204,0.360729,0.000066
smids/Normal_Sperm/Normal_Sperm (498).bmp,0,0,0,0,0.817018,0.181146,0.001837
smids/Normal_Sperm/Normal_Sperm (512).bmp,0,0,0,0,0.534213,0.463157,0.002630
smids/Normal_Sperm/Normal_Sperm (514).bmp,0,0,0,0,0.980181,0.019803,0.000016
smids/Normal_Sperm/Normal_Sperm (516).bmp,0,0,0,0,0.822992,0.174379,0.002628
smids/Normal_Sperm/Normal_Sperm (518).bmp,0,0,0,0,0.981511,0.018350,0.000139
smids/Normal_Sperm/Normal_Sperm (519).bmp,0,0,0,0,0.954966,0.044803,0.000231
smids/Normal_Sperm/Normal_Sperm (521).bmp,0,0,0,0,0.867616,0.132347,0.000037
smids/Normal_Sperm/Normal_Sperm (522).bmp,0,0,0,0,0.937423,0.061959,0.000618
smids/Normal_Sperm/Normal_Sperm (530).bmp,0,0,0,0,0.976836,0.022955,0.000209
smids/Normal_Sperm/Normal_Sperm (531).bmp,0,0,0,0,0.706577,0.292081,0.001342
smids/Normal_Sperm/Normal_Sperm (535).bmp,0,0,0,0,0.948009,0.051527,0.000464
smids/Normal_Sperm/Normal_Sperm (540).bmp,0,0,0,0,0.947829,0.051839,0.000332
smids/Normal_Sperm/Normal_Sperm (542).bmp,0,0,0,0,0.824298,0.172207,0.003496
smids/Normal_Sperm/Normal_Sperm (555).bmp,0,0,0,0,0.952093,0.046068,0.001839
smids/Normal_Sperm/Normal_Sperm (556).bmp,0,0,0,0,0.965907,0.034061,0.000032
smids/Normal_Sperm/Normal_Sperm (561).bmp,0,0,0,0,0.733981,0.251251,0.014769
smids/Normal_Sperm/Normal_Sperm (563).bmp,0,0,0,0,0.902993,0.097003,0.000004
smids/Normal_Sperm/Normal_Sperm (568).bmp,0,0,0,0,0.587538,0.412427,0.000035
smids/Normal_Sperm/Normal_Sperm (590).bmp,0,0,0,0,0.977242,0.022748,0.000010
smids/Normal_Sperm/Normal_Sperm (594).bmp,0,0,0,0,0.964560,0.035292,0.000148
smids/Normal_Sperm/Normal_Sperm (596).bmp,0,0,0,0,0.893844,0.106108,0.000048
smids/Normal_Sperm/Normal_Sperm (602).bmp,0,0,0,0,0.942953,0.057014,0.000033
smids/Normal_Sperm/Normal_Sperm (611).bmp,0,0,0,0,0.913438,0.086545,0.000017
smids/Normal_Sperm/Normal_Sperm (613).bmp,0,0,0,0,0.816132,0.183645,0.000223
smids/Normal_Sperm/Normal_Sperm (614).bmp,0,0,0,0,0.871505,0.127485,0.001010
smids/Normal_Sperm/Normal_Sperm (619).bmp,0,0,0,0,0.940972,0.058568,0.000459
smids/Normal_Sperm/Normal_Sperm (620).bmp,0,0,0,0,0.890773,0.109168,0.000059
smids/Normal_Sperm/Normal_Sperm (622).bmp,0,0,0,0,0.662059,0.337647,0.000294
smids/Normal_Sperm/Normal_Sperm (627).bmp,0,0,0,1,0.403815,0.593588,0.002596
smids/Normal_Sperm/Normal_Sperm (63).bmp,0,0,0,0,0.572676,0.413114,0.014210
smids/Normal_Sperm/Normal_Sperm (638).bmp,0,0,0,0,0.895275,0.104629,0.000096
smids/Normal_Sperm/Normal_Sperm (64).bmp,0,0,0,1,0.297577,0.702059,0.000364
smids/Normal_Sperm/Normal_Sperm (643).bmp,0,0,0,0,0.923825,0.076103,0.000073
smids/Normal_Sperm/Normal_Sperm (644).bmp,0,0,0,1,0.400150,0.598727,0.001123
smids/Normal_Sperm/Normal_Sperm (645).bmp,0,0,0,0,0.894822,0.104683,0.000495
smids/Normal_Sperm/Normal_Sperm (649).bmp,0,0,0,0,0.843606,0.156011,0.000382
smids/Normal_Sperm/Normal_Sperm (650).bmp,0,0,0,0,0.961214,0.038706,0.000080
smids/Normal_Sperm/Normal_Sperm (653).bmp,0,0,0,0,0.929170,0.070685,0.000145
smids/Normal_Sperm/Normal_Sperm (661).bmp,0,0,0,0,0.860351,0.139502,0.000147
smids/Normal_Sperm/Normal_Sperm (668).bmp,0,0,0,0,0.987182,0.012776,0.000042
smids/Normal_Sperm/Normal_Sperm (676).bmp,0,0,0,0,0.982181,0.017817,0.000002
smids/Normal_Sperm/Normal_Sperm (679).bmp,0,0,0,0,0.987138,0.012718,0.000144
smids/Normal_Sperm/Normal_Sperm (68).bmp,0,0,0,0,0.949642,0.050309,0.000048
smids/Normal_Sperm/Normal_Sperm (682).bmp,0,0,0,0,0.979529,0.019991,0.000481
smids/Normal_Sperm/Normal_Sperm (684).bmp,0,0,0,0,0.928397,0.062501,0.009102
smids/Normal_Sperm/Normal_Sperm (702).bmp,0,0,0,0,0.952378,0.047525,0.000097
smids/Normal_Sperm/Normal_Sperm (705).bmp,0,0,0,0,0.873269,0.125946,0.000785
smids/Normal_Sperm/Normal_Sperm (707).bmp,0,0,0,1,0.233450,0.766152,0.000397
smids/Normal_Sperm/Normal_Sperm (711).bmp,0,0,0,0,0.813312,0.185772,0.000916
smids/Normal_Sperm/Normal_Sperm (725).bmp,0,0,0,0,0.968786,0.024775,0.006440
smids/Normal_Sperm/Normal_Sperm (727).bmp,0,0,0,0,0.821366,0.164805,0.013829
smids/Normal_Sperm/Normal_Sperm (728).bmp,0,0,0,0,0.822559,0.164343,0.013099
smids/Normal_Sperm/Normal_Sperm (734).bmp,0,0,0,0,0.813969,0.091893,0.094138
smids/Normal_Sperm/Normal_Sperm (736).bmp,0,0,0,0,0.961613,0.038363,0.000024
smids/Normal_Sperm/Normal_Sperm (745).bmp,0,0,0,0,0.978447,0.021393,0.000160
smids/Normal_Sperm/Normal_Sperm (75).bmp,0,0,0,0,0.917368,0.060463,0.022169
smids/Normal_Sperm/Normal_Sperm (753).bmp,0,0,0,0,0.968974,0.030828,0.000198
smids/Normal_Sperm/Normal_Sperm (755).bmp,0,0,0,0,0.890616,0.108594,0.000790
smids/Normal_Sperm/Normal_Sperm (76).bmp,0,0,0,0,0.948813,0.045683,0.005504
smids/Normal_Sperm/Normal_Sperm (764).bmp,0,0,0,0,0.966217,0.033763,0.000020
smids/Normal_Sperm/Normal_Sperm (767).bmp,0,0,0,0,0.988576,0.011029,0.000396
smids/Normal_Sperm/Normal_Sperm (77).bmp,0,0,0,0,0.876895,0.083458,0.039647
smids/Normal_Sperm/Normal_Sperm (78).bmp,0,0,0,0,0.749093,0.199334,0.051573
smids/Normal_Sperm/Normal_Sperm (782).bmp,0,0,0,0,0.974269,0.025651,0.000080
smids/Normal_Sperm/Normal_Sperm (787).bmp,0,0,0,0,0.900234,0.077535,0.022231
smids/Normal_Sperm/Normal_Sperm (79).bmp,0,0,0,0,0.930041,0.069878,0.000081
smids/Normal_Sperm/Normal_Sperm (791).bmp,0,0,0,0,0.665997,0.328994,0.005009
smids/Normal_Sperm/Normal_Sperm (795).bmp,0,0,0,0,0.986797,0.013192,0.000011
smids/Normal_Sperm/Normal_Sperm (797).bmp,0,0,0,0,0.919750,0.080142,0.000108
smids/Normal_Sperm/Normal_Sperm (799).bmp,0,0,0,0,0.956425,0.039714,0.003862
smids/Normal_Sperm/Normal_Sperm (80).bmp,0,0,0,0,0.889323,0.104180,0.006497
smids/Normal_Sperm/Normal_Sperm (801).bmp,0,0,0,0,0.803760,0.158123,0.038117
smids/Normal_Sperm/Normal_Sperm (808).bmp,0,0,0,0,0.973707,0.024978,0.001315
smids/Normal_Sperm/Normal_Sperm (815).bmp,0,0,0,0,0.948069,0.051357,0.000574
smids/Normal_Sperm/Normal_Sperm (818).bmp,0,0,0,0,0.842670,0.153654,0.003676
smids/Normal_Sperm/Normal_Sperm (82).bmp,0,0,0,0,0.905427,0.090300,0.004273
smids/Normal_Sperm/Normal_Sperm (838).bmp,0,0,0,0,0.939407,0.060583,0.000010
smids/Normal_Sperm/Normal_Sperm (839).bmp,0,0,0,0,0.630609,0.368848,0.000543
smids/Normal_Sperm/Normal_Sperm (850).bmp,0,0,0,0,0.947568,0.051936,0.000496
smids/Normal_Sperm/Normal_Sperm (851).bmp,0,0,0,1,0.322689,0.672710,0.004600
smids/Normal_Sperm/Normal_Sperm (853).bmp,0,0,0,0,0.966481,0.033510,0.000009
smids/Normal_Sperm/Normal_Sperm (867).bmp,0,0,0,0,0.857767,0.142013,0.000220
smids/Normal_Sperm/Normal_Sperm (87).bmp,0,0,0,0,0.911002,0.088730,0.000268
smids/Normal_Sperm/Normal_Sperm (880).bmp,0,0,0,1,0.297299,0.702375,0.000326
smids/Normal_Sperm/Normal_Sperm (885).bmp,0,0,0,0,0.784831,0.214961,0.000209
smids/Normal_Sperm/Normal_Sperm (89).bmp,0,0,0,0,0.736476,0.245472,0.018052
smids/Normal_Sperm/Normal_Sperm (901).bmp,0,0,0,0,0.905071,0.094916,0.000013
smids/Normal_Sperm/Normal_Sperm (91).bmp,0,0,0,0,0.974057,0.022826,0.003117
smids/Normal_Sperm/Normal_Sperm (913).bmp,0,0,0,0,0.981447,0.018538,0.000015
smids/Normal_Sperm/Normal_Sperm (917).bmp,0,0,0,0,0.953999,0.045994,0.000006
smids/Normal_Sperm/Normal_Sperm (918).bmp,0,0,0,0,0.897198,0.102785,0.000017
smids/Normal_Sperm/Normal_Sperm (921).bmp,0,0,0,0,0.954681,0.045310,0.000009
smids/Normal_Sperm/Normal_Sperm (927).bmp,0,0,0,1,0.191057,0.808714,0.000228
smids/Normal_Sperm/Normal_Sperm (929).bmp,0,0,0,0,0.867928,0.131920,0.000152
smids/Normal_Sperm/Normal_Sperm (930).bmp,0,0,0,2,0.001570,0.159030,0.839400
smids/Normal_Sperm/Normal_Sperm (935).bmp,0,0,0,1,0.042201,0.954667,0.003132
smids/Normal_Sperm/Normal_Sperm (939).bmp,0,0,0,0,0.954778,0.045177,0.000045
smids/Normal_Sperm/Normal_Sperm (940).bmp,0,0,0,0,0.921611,0.078383,0.000006
smids/Normal_Sperm/Normal_Sperm (942).bmp,0,0,0,0,0.662371,0.337619,0.000009
smids/Normal_Sperm/Normal_Sperm (949).bmp,0,0,0,0,0.597673,0.402180,0.000147
smids/Normal_Sperm/Normal_Sperm (952).bmp,0,0,0,1,0.209736,0.777596,0.012668
smids/Normal_Sperm/Normal_Sperm (954).bmp,0,0,0,1,0.405317,0.594642,0.000041
smids/Normal_Sperm/Normal_Sperm (956).bmp,0,0,0,1,0.005504,0.992581,0.001915
smids/Normal_Sperm/Normal_Sperm (957).bmp,0,0,0,0,0.535125,0.464725,0.000150
smids/Normal_Sperm/Normal_Sperm (959).bmp,0,0,0,0,0.523345,0.476576,0.000080
smids/Normal_Sperm/Normal_Sperm (962).bmp,0,0,0,2,0.011309,0.113133,0.875559
smids/Normal_Sperm/Normal_Sperm (977).bmp,0,0,0,0,0.882066,0.117833,0.000101
smids/Normal_Sperm/Normal_Sperm (983).bmp,0,0,0,1,0.146882,0.800691,0.052427
smids/Normal_Sperm/Normal_Sperm (99).bmp,0,0,0,0,0.912731,0.086414,0.000855
smids/Normal_Sperm/Normal_Sperm (995).bmp,0,0,0,0,0.563995,0.346192,0.089814
smids/Abnormal_Sperm/Abnormal_Sperm (1).bmp,0,1,1,1,0.277197,0.722581,0.000222
smids/Abnormal_Sperm/Abnormal_Sperm (10).bmp,0,1,1,1,0.256438,0.738696,0.004867
smids/Abnormal_Sperm/Abnormal_Sperm (1003).bmp,0,1,1,1,0.031817,0.665560,0.302623
smids/Abnormal_Sperm/Abnormal_Sperm (101).bmp,0,1,1,1,0.013426,0.916878,0.069695
smids/Abnormal_Sperm/Abnormal_Sperm (102).bmp,0,1,1,1,0.018830,0.774315,0.206855
smids/Abnormal_Sperm/Abnormal_Sperm (104).bmp,0,1,1,0,0.843552,0.079352,0.077096
smids/Abnormal_Sperm/Abnormal_Sperm (109).bmp,0,1,1,2,0.003317,0.101156,0.895528
smids/Abnormal_Sperm/Abnormal_Sperm (110).bmp,0,1,1,1,0.003954,0.563542,0.432504
smids/Abnormal_Sperm/Abnormal_Sperm (12).bmp,0,1,1,1,0.164213,0.751067,0.084721
smids/Abnormal_Sperm/Abnormal_Sperm (127).bmp,0,1,1,1,0.029200,0.952588,0.018213
smids/Abnormal_Sperm/Abnormal_Sperm (128).bmp,0,1,1,1,0.281935,0.717913,0.000152
smids/Abnormal_Sperm/Abnormal_Sperm (14).bmp,0,1,1,1,0.057766,0.616842,0.325393
smids/Abnormal_Sperm/Abnormal_Sperm (158).bmp,0,1,1,1,0.114817,0.881235,0.003949
smids/Abnormal_Sperm/Abnormal_Sperm (164).bmp,0,1,1,1,0.166880,0.832723,0.000397
smids/Abnormal_Sperm/Abnormal_Sperm (165).bmp,0,1,1,1,0.077277,0.905502,0.017221
smids/Abnormal_Sperm/Abnormal_Sperm (174).bmp,0,1,1,1,0.040416,0.916369,0.043215
smids/Abnormal_Sperm/Abnormal_Sperm (18).bmp,0,1,1,0,0.846178,0.153761,0.000061
smids/Abnormal_Sperm/Abnormal_Sperm (182).bmp,0,1,1,1,0.030217,0.959977,0.009807
smids/Abnormal_Sperm/Abnormal_Sperm (184).bmp,0,1,1,1,0.011903,0.939482,0.048616
smids/Abnormal_Sperm/Abnormal_Sperm (207).bmp,0,1,1,1,0.038934,0.958035,0.003031
smids/Abnormal_Sperm/Abnormal_Sperm (209).bmp,0,1,1,1,0.023198,0.916050,0.060752
smids/Abnormal_Sperm/Abnormal_Sperm (216).bmp,0,1,1,1,0.126318,0.868189,0.005493
smids/Abnormal_Sperm/Abnormal_Sperm (22).bmp,0,1,1,2,0.001192,0.081367,0.917441
smids/Abnormal_Sperm/Abnormal_Sperm (227).bmp,0,1,1,1,0.110028,0.888270,0.001702
smids/Abnormal_Sperm/Abnormal_Sperm (232).bmp,0,1,1,1,0.013319,0.963291,0.023390
smids/Abnormal_Sperm/Abnormal_Sperm (233).bmp,0,1,1,1,0.061108,0.937039,0.001853
smids/Abnormal_Sperm/Abnormal_Sperm (235).bmp,0,1,1,1,0.013815,0.909181,0.077004
smids/Abnormal_Sperm/Abnormal_Sperm (236).bmp,0,1,1,1,0.054676,0.912722,0.032603
smids/Abnormal_Sperm/Abnormal_Sperm (25).bmp,0,1,1,1,0.127507,0.859207,0.013286
smids/Abnormal_Sperm/Abnormal_Sperm (250).bmp,0,1,1,1,0.008281,0.930399,0.061319
smids/Abnormal_Sperm/Abnormal_Sperm (256).bmp,0,1,1,1,0.022175,0.942473,0.035352
smids/Abnormal_Sperm/Abnormal_Sperm (257).bmp,0,1,1,1,0.012595,0.951684,0.035721
smids/Abnormal_Sperm/Abnormal_Sperm (258).bmp,0,1,1,1,0.031528,0.808079,0.160393
smids/Abnormal_Sperm/Abnormal_Sperm (260).bmp,0,1,1,1,0.071157,0.919686,0.009157
smids/Abnormal_Sperm/Abnormal_Sperm (266).bmp,0,1,1,1,0.081876,0.899895,0.018229
smids/Abnormal_Sperm/Abnormal_Sperm (285).bmp,0,1,1,1,0.320286,0.670737,0.008977
smids/Abnormal_Sperm/Abnormal_Sperm (289).bmp,0,1,1,1,0.008029,0.841226,0.150745
smids/Abnormal_Sperm/Abnormal_Sperm (291).bmp,0,1,1,1,0.352472,0.647289,0.000238
smids/Abnormal_Sperm/Abnormal_Sperm (298).bmp,0,1,1,1,0.181614,0.806100,0.012286
smids/Abnormal_Sperm/Abnormal_Sperm (300).bmp,0,1,1,1,0.058021,0.885033,0.056946
smids/Abnormal_Sperm/Abnormal_Sperm (303).bmp,0,1,1,1,0.050830,0.916616,0.032553
smids/Abnormal_Sperm/Abnormal_Sperm (304).bmp,0,1,1,2,0.012785,0.356527,0.630688
smids/Abnormal_Sperm/Abnormal_Sperm (309).bmp,0,1,1,1,0.080399,0.890683,0.028918
smids/Abnormal_Sperm/Abnormal_Sperm (310).bmp,0,1,1,2,0.024724,0.025330,0.949946
smids/Abnormal_Sperm/Abnormal_Sperm (311).bmp,0,1,1,1,0.108996,0.888566,0.002439
smids/Abnormal_Sperm/Abnormal_Sperm (313).bmp,0,1,1,2,0.004470,0.422406,0.573124
smids/Abnormal_Sperm/Abnormal_Sperm (319).bmp,0,1,1,1,0.087729,0.878130,0.034140
smids/Abnormal_Sperm/Abnormal_Sperm (322).bmp,0,1,1,1,0.010693,0.870434,0.118873
smids/Abnormal_Sperm/Abnormal_Sperm (326).bmp,0,1,1,1,0.125733,0.872437,0.001831
smids/Abnormal_Sperm/Abnormal_Sperm (338).bmp,0,1,1,1,0.168267,0.831322,0.000411
smids/Abnormal_Sperm/Abnormal_Sperm (340).bmp,0,1,1,1,0.010924,0.954565,0.034511
smids/Abnormal_Sperm/Abnormal_Sperm (348).bmp,0,1,1,1,0.020031,0.924678,0.055291
smids/Abnormal_Sperm/Abnormal_Sperm (354).bmp,0,1,1,1,0.079952,0.915000,0.005048
smids/Abnormal_Sperm/Abnormal_Sperm (362).bmp,0,1,1,1,0.160573,0.837722,0.001705
smids/Abnormal_Sperm/Abnormal_Sperm (370).bmp,0,1,1,1,0.169499,0.829463,0.001038
smids/Abnormal_Sperm/Abnormal_Sperm (376).bmp,0,1,1,1,0.044231,0.871463,0.084306
smids/Abnormal_Sperm/Abnormal_Sperm (386).bmp,0,1,1,1,0.007220,0.532116,0.460664
smids/Abnormal_Sperm/Abnormal_Sperm (387).bmp,0,1,1,1,0.169380,0.830000,0.000620
smids/Abnormal_Sperm/Abnormal_Sperm (391).bmp,0,1,1,1,0.061711,0.932224,0.006065
smids/Abnormal_Sperm/Abnormal_Sperm (397).bmp,0,1,1,1,0.008785,0.619232,0.371983
smids/Abnormal_Sperm/Abnormal_Sperm (4).bmp,0,1,1,2,0.088907,0.020579,0.890514
smids/Abnormal_Sperm/Abnormal_Sperm (41).bmp,0,1,1,1,0.037714,0.590354,0.371932
smids/Abnormal_Sperm/Abnormal_Sperm (411).bmp,0,1,1,1,0.126005,0.860945,0.013050
smids/Abnormal_Sperm/Abnormal_Sperm (416).bmp,0,1,1,1,0.012659,0.960974,0.026367
smids/Abnormal_Sperm/Abnormal_Sperm (420).bmp,0,1,1,1,0.006241,0.881022,0.112737
smids/Abnormal_Sperm/Abnormal_Sperm (432).bmp,0,1,1,1,0.064357,0.925133,0.010509
smids/Abnormal_Sperm/Abnormal_Sperm (435).bmp,0,1,1,1,0.221038,0.778793,0.000169
smids/Abnormal_Sperm/Abnormal_Sperm (442).bmp,0,1,1,1,0.129385,0.869598,0.001018
smids/Abnormal_Sperm/Abnormal_Sperm (445).bmp,0,1,1,1,0.057395,0.936325,0.006280
smids/Abnormal_Sperm/Abnormal_Sperm (451).bmp,0,1,1,1,0.085272,0.910808,0.003919
smids/Abnormal_Sperm/Abnormal_Sperm (456).bmp,0,1,1,1,0.168601,0.830668,0.000732
smids/Abnormal_Sperm/Abnormal_Sperm (458).bmp,0,1,1,1,0.075822,0.916224,0.007954
smids/Abnormal_Sperm/Abnormal_Sperm (466).bmp,0,1,1,1,0.138738,0.854006,0.007256
smids/Abnormal_Sperm/Abnormal_Sperm (473).bmp,0,1,1,1,0.046689,0.931927,0.021383
smids/Abnormal_Sperm/Abnormal_Sperm (491).bmp,0,1,1,1,0.013830,0.968147,0.018023
smids/Abnormal_Sperm/Abnormal_Sperm (492).bmp,0,1,1,1,0.289395,0.634132,0.076473
smids/Abnormal_Sperm/Abnormal_Sperm (5).bmp,0,1,1,1,0.161803,0.813420,0.024777
smids/Abnormal_Sperm/Abnormal_Sperm (502).bmp,0,1,1,1,0.354653,0.542553,0.102794
smids/Abnormal_Sperm/Abnormal_Sperm (519).bmp,0,1,1,1,0.130926,0.852469,0.016605
smids/Abnormal_Sperm/Abnormal_Sperm (520).bmp,0,1,1,1,0.335619,0.662851,0.001530
smids/Abnormal_Sperm/Abnormal_Sperm (524).bmp,0,1,1,1,0.003649,0.614042,0.382308
smids/Abnormal_Sperm/Abnormal_Sperm (526).bmp,0,1,1,1,0.170339,0.823306,0.006356
smids/Abnormal_Sperm/Abnormal_Sperm (536).bmp,0,1,1,1,0.021159,0.943877,0.034964
smids/Abnormal_Sperm/Abnormal_Sperm (54).bmp,0,1,1,1,0.205118,0.792590,0.002292
smids/Abnormal_Sperm/Abnormal_Sperm (540).bmp,0,1,1,1,0.018151,0.941400,0.040449
smids/Abnormal_Sperm/Abnormal_Sperm (542).bmp,0,1,1,1,0.276172,0.721107,0.002722
smids/Abnormal_Sperm/Abnormal_Sperm (543).bmp,0,1,1,1,0.097313,0.896739,0.005949
smids/Abnormal_Sperm/Abnormal_Sperm (556).bmp,0,1,1,1,0.156746,0.833892,0.009363
smids/Abnormal_Sperm/Abnormal_Sperm (56).bmp,0,1,1,1,0.106314,0.885714,0.007971
smids/Abnormal_Sperm/Abnormal_Sperm (563).bmp,0,1,1,1,0.094624,0.898515,0.006861
smids/Abnormal_Sperm/Abnormal_Sperm (566).bmp,0,1,1,1,0.042507,0.913393,0.044100
smids/Abnormal_Sperm/Abnormal_Sperm (571).bmp,0,1,1,1,0.103959,0.753655,0.142386
smids/Abnormal_Sperm/Abnormal_Sperm (572).bmp,0,1,1,2,0.183671,0.130422,0.685907
smids/Abnormal_Sperm/Abnormal_Sperm (58).bmp,0,1,1,1,0.009378,0.977408,0.013214
smids/Abnormal_Sperm/Abnormal_Sperm (583).bmp,0,1,1,1,0.062024,0.937272,0.000704
smids/Abnormal_Sperm/Abnormal_Sperm (584).bmp,0,1,1,1,0.018545,0.921135,0.060320
smids/Abnormal_Sperm/Abnormal_Sperm (588).bmp,0,1,1,1,0.102413,0.626573,0.271014
smids/Abnormal_Sperm/Abnormal_Sperm (589).bmp,0,1,1,0,0.936990,0.051304,0.011706
smids/Abnormal_Sperm/Abnormal_Sperm (59).bmp,0,1,1,1,0.051885,0.925479,0.022636
smids/Abnormal_Sperm/Abnormal_Sperm (594).bmp,0,1,1,1,0.482995,0.513867,0.003138
smids/Abnormal_Sperm/Abnormal_Sperm (595).bmp,0,1,1,1,0.130570,0.561953,0.307476
smids/Abnormal_Sperm/Abnormal_Sperm (604).bmp,0,1,1,1,0.332530,0.660731,0.006739
smids/Abnormal_Sperm/Abnormal_Sperm (608).bmp,0,1,1,1,0.156937,0.802717,0.040345
smids/Abnormal_Sperm/Abnormal_Sperm (612).bmp,0,1,1,1,0.446837,0.552676,0.000487
smids/Abnormal_Sperm/Abnormal_Sperm (614).bmp,0,1,1,0,0.888897,0.077102,0.034001
smids/Abnormal_Sperm/Abnormal_Sperm (615).bmp,0,1,1,1,0.130582,0.867219,0.002199
smids/Abnormal_Sperm/Abnormal_Sperm (621).bmp,0,1,1,1,0.132597,0.825664,0.041740
smids/Abnormal_Sperm/Abnormal_Sperm (626).bmp,0,1,1,1,0.038607,0.940759,0.020634
smids/Abnormal_Sperm/Abnormal_Sperm (640).bmp,0,1,1,0,0.611689,0.384208,0.004103
smids/Abnormal_Sperm/Abnormal_Sperm (653).bmp,0,1,1,0,0.834536,0.165119,0.000345
smids/Abnormal_Sperm/Abnormal_Sperm (657).bmp,0,1,1,1,0.060937,0.512830,0.426233
smids/Abnormal_Sperm/Abnormal_Sperm (658).bmp,0,1,1,1,0.105965,0.831219,0.062816
smids/Abnormal_Sperm/Abnormal_Sperm (659).bmp,0,1,1,1,0.360049,0.489649,0.150301
smids/Abnormal_Sperm/Abnormal_Sperm (660).bmp,0,1,1,0,0.517595,0.466469,0.015937
smids/Abnormal_Sperm/Abnormal_Sperm (663).bmp,0,1,1,1,0.287750,0.711789,0.000462
smids/Abnormal_Sperm/Abnormal_Sperm (667).bmp,0,1,1,1,0.307808,0.687860,0.004332
smids/Abnormal_Sperm/Abnormal_Sperm (672).bmp,0,1,1,0,0.478092,0.476622,0.045286
smids/Abnormal_Sperm/Abnormal_Sperm (675).bmp,0,1,1,1,0.237600,0.758633,0.003767
smids/Abnormal_Sperm/Abnormal_Sperm (676).bmp,0,1,1,1,0.164109,0.828948,0.006944
smids/Abnormal_Sperm/Abnormal_Sperm (677).bmp,0,1,1,1,0.071820,0.916105,0.012075
smids/Abnormal_Sperm/Abnormal_Sperm (68).bmp,0,1,1,1,0.003395,0.580939,0.415665
smids/Abnormal_Sperm/Abnormal_Sperm (687).bmp,0,1,1,1,0.103278,0.817195,0.079528
smids/Abnormal_Sperm/Abnormal_Sperm (689).bmp,0,1,1,1,0.174691,0.824643,0.000666
smids/Abnormal_Sperm/Abnormal_Sperm (692).bmp,0,1,1,1,0.120586,0.852428,0.026987
smids/Abnormal_Sperm/Abnormal_Sperm (694).bmp,0,1,1,1,0.055188,0.912898,0.031914
smids/Abnormal_Sperm/Abnormal_Sperm (70).bmp,0,1,1,1,0.009694,0.976112,0.014195
smids/Abnormal_Sperm/Abnormal_Sperm (700).bmp,0,1,1,1,0.190799,0.808343,0.000858
smids/Abnormal_Sperm/Abnormal_Sperm (704).bmp,0,1,1,1,0.069227,0.879851,0.050923
smids/Abnormal_Sperm/Abnormal_Sperm (712).bmp,0,1,1,1,0.244255,0.753200,0.002545
smids/Abnormal_Sperm/Abnormal_Sperm (718).bmp,0,1,1,1,0.102330,0.862712,0.034958
smids/Abnormal_Sperm/Abnormal_Sperm (723).bmp,0,1,1,1,0.260831,0.731563,0.007606
smids/Abnormal_Sperm/Abnormal_Sperm (724).bmp,0,1,1,1,0.101753,0.822697,0.075550
smids/Abnormal_Sperm/Abnormal_Sperm (726).bmp,0,1,1,0,0.961897,0.032529,0.005574
smids/Abnormal_Sperm/Abnormal_Sperm (728).bmp,0,1,1,1,0.104139,0.734425,0.161436
smids/Abnormal_Sperm/Abnormal_Sperm (73).bmp,0,1,1,1,0.245363,0.750796,0.003842
smids/Abnormal_Sperm/Abnormal_Sperm (732).bmp,0,1,1,1,0.221495,0.770931,0.007575
smids/Abnormal_Sperm/Abnormal_Sperm (735).bmp,0,1,1,0,0.867836,0.034801,0.097363
smids/Abnormal_Sperm/Abnormal_Sperm (746).bmp,0,1,1,1,0.185355,0.800362,0.014284
smids/Abnormal_Sperm/Abnormal_Sperm (749).bmp,0,1,1,1,0.164405,0.505087,0.330508
smids/Abnormal_Sperm/Abnormal_Sperm (753).bmp,0,1,1,1,0.141234,0.849134,0.009632
smids/Abnormal_Sperm/Abnormal_Sperm (761).bmp,0,1,1,0,0.968132,0.018696,0.013172
smids/Abnormal_Sperm/Abnormal_Sperm (762).bmp,0,1,1,1,0.268830,0.725472,0.005698
smids/Abnormal_Sperm/Abnormal_Sperm (766).bmp,0,1,1,0,0.699388,0.299207,0.001405
smids/Abnormal_Sperm/Abnormal_Sperm (771).bmp,0,1,1,1,0.010817,0.754071,0.235112
smids/Abnormal_Sperm/Abnormal_Sperm (772).bmp,0,1,1,1,0.098376,0.884530,0.017094
smids/Abnormal_Sperm/Abnormal_Sperm (776).bmp,0,1,1,1,0.087566,0.906612,0.005822
smids/Abnormal_Sperm/Abnormal_Sperm (78).bmp,0,1,1,1,0.098339,0.844987,0.056675
smids/Abnormal_Sperm/Abnormal_Sperm (781).bmp,0,1,1,0,0.643481,0.323614,0.032905
smids/Abnormal_Sperm/Abnormal_Sperm (786).bmp,0,1,1,0,0.534810,0.410138,0.055052
smids/Abnormal_Sperm/Abnormal_Sperm (795).bmp,0,1,1,0,0.872361,0.124209,0.003429
smids/Abnormal_Sperm/Abnormal_Sperm (796).bmp,0,1,1,1,0.434537,0.565390,0.000073
smids/Abnormal_Sperm/Abnormal_Sperm (799).bmp,0,1,1,1,0.261321,0.736412,0.002266
smids/Abnormal_Sperm/Abnormal_Sperm (804).bmp,0,1,1,1,0.178894,0.819993,0.001113
smids/Abnormal_Sperm/Abnormal_Sperm (807).bmp,0,1,1,1,0.173786,0.824567,0.001647
smids/Abnormal_Sperm/Abnormal_Sperm (81).bmp,0,1,1,1,0.158053,0.829056,0.012891
smids/Abnormal_Sperm/Abnormal_Sperm (813).bmp,0,1,1,0,0.629140,0.363376,0.007484
smids/Abnormal_Sperm/Abnormal_Sperm (824).bmp,0,1,1,1,0.145092,0.805748,0.049160
smids/Abnormal_Sperm/Abnormal_Sperm (825).bmp,0,1,1,0,0.859943,0.138522,0.001534
smids/Abnormal_Sperm/Abnormal_Sperm (827).bmp,0,1,1,1,0.189670,0.796319,0.014012
smids/Abnormal_Sperm/Abnormal_Sperm (829).bmp,0,1,1,1,0.076063,0.908791,0.015146
smids/Abnormal_Sperm/Abnormal_Sperm (845).bmp,0,1,1,1,0.213869,0.781736,0.004395
smids/Abnormal_Sperm/Abnormal_Sperm (861).bmp,0,1,1,0,0.829744,0.169621,0.000635
smids/Abnormal_Sperm/Abnormal_Sperm (866).bmp,0,1,1,1,0.499228,0.500539,0.000233
smids/Abnormal_Sperm/Abnormal_Sperm (87).bmp,0,1,1,1,0.029122,0.952200,0.018678
smids/Abnormal_Sperm/Abnormal_Sperm (871).bmp,0,1,1,1,0.074240,0.907014,0.018746
smids/Abnormal_Sperm/Abnormal_Sperm (880).bmp,0,1,1,1,0.387903,0.608762,0.003334
smids/Abnormal_Sperm/Abnormal_Sperm (882).bmp,0,1,1,0,0.585306,0.414267,0.000427
smids/Abnormal_Sperm/Abnormal_Sperm (896).bmp,0,1,1,0,0.885178,0.107625,0.007198
smids/Abnormal_Sperm/Abnormal_Sperm (897).bmp,0,1,1,0,0.964489,0.030937,0.004573
smids/Abnormal_Sperm/Abnormal_Sperm (899).bmp,0,1,1,0,0.724284,0.274749,0.000967
smids/Abnormal_Sperm/Abnormal_Sperm (910).bmp,0,1,1,0,0.602331,0.096478,0.301191
smids/Abnormal_Sperm/Abnormal_Sperm (912).bmp,0,1,1,1,0.129473,0.831141,0.039386
smids/Abnormal_Sperm/Abnormal_Sperm (914).bmp,0,1,1,1,0.352376,0.645725,0.001898
smids/Abnormal_Sperm/Abnormal_Sperm (92).bmp,0,1,1,1,0.007600,0.867428,0.124973
smids/Abnormal_Sperm/Abnormal_Sperm (927).bmp,0,1,1,1,0.178801,0.791876,0.029322
smids/Abnormal_Sperm/Abnormal_Sperm (928).bmp,0,1,1,1,0.213508,0.780840,0.005652
smids/Abnormal_Sperm/Abnormal_Sperm (932).bmp,0,1,1,1,0.041653,0.906645,0.051702
smids/Abnormal_Sperm/Abnormal_Sperm (933).bmp,0,1,1,0,0.935782,0.064193,0.000025
smids/Abnormal_Sperm/Abnormal_Sperm (938).bmp,0,1,1,2,0.156009,0.405089,0.438902
smids/Abnormal_Sperm/Abnormal_Sperm (939).bmp,0,1,1,2,0.248886,0.351640,0.399474
smids/Abnormal_Sperm/Abnormal_Sperm (941).bmp,0,1,1,1,0.209018,0.779729,0.011252
smids/Abnormal_Sperm/Abnormal_Sperm (949).bmp,0,1,1,1,0.127344,0.860142,0.012514
smids/Abnormal_Sperm/Abnormal_Sperm (952).bmp,0,1,1,1,0.436612,0.562494,0.000894
smids/Abnormal_Sperm/Abnormal_Sperm (959).bmp,0,1,1,1,0.488226,0.511010,0.000764
smids/Abnormal_Sperm/Abnormal_Sperm (963).bmp,0,1,1,1,0.041403,0.932645,0.025952
smids/Abnormal_Sperm/Abnormal_Sperm (966).bmp,0,1,1,1,0.030926,0.564993,0.404081
smids/Abnormal_Sperm/Abnormal_Sperm (968).bmp,0,1,1,1,0.053842,0.938956,0.007201
smids/Abnormal_Sperm/Abnormal_Sperm (970).bmp,0,1,1,1,0.052643,0.942411,0.004945
smids/Abnormal_Sperm/Abnormal_Sperm (972).bmp,0,1,1,1,0.014181,0.773017,0.212802
smids/Abnormal_Sperm/Abnormal_Sperm (977).bmp,0,1,1,1,0.162465,0.821779,0.015757
smids/Abnormal_Sperm/Abnormal_Sperm (984).bmp,0,1,1,1,0.069144,0.914007,0.016849
smids/Abnormal_Sperm/Abnormal_Sperm (986).bmp,0,1,1,1,0.006655,0.681987,0.311359
smids/Abnormal_Sperm/Abnormal_Sperm (988).bmp,0,1,1,1,0.118406,0.866023,0.015571
smids/Abnormal_Sperm/Abnormal_Sperm (996).bmp,0,1,1,1,0.019065,0.677564,0.303371
smids/Non-Sperm/Non-Sperm (1).bmp,0,1,2,1,0.007233,0.525189,0.467578
smids/Non-Sperm/Non-Sperm (100).bmp,0,1,2,2,0.001300,0.000799,0.997901
smids/Non-Sperm/Non-Sperm (102).bmp,0,1,2,2,0.000934,0.009262,0.989803
smids/Non-Sperm/Non-Sperm (103).bmp,0,1,2,2,0.000175,0.002654,0.997170
smids/Non-Sperm/Non-Sperm (112).bmp,0,1,2,2,0.000378,0.007976,0.991646
smids/Non-Sperm/Non-Sperm (124).bmp,0,1,2,2,0.000206,0.001279,0.998515
smids/Non-Sperm/Non-Sperm (125).bmp,0,1,2,2,0.000323,0.002781,0.996896
smids/Non-Sperm/Non-Sperm (126).bmp,0,1,2,2,0.000236,0.001884,0.997880
smids/Non-Sperm/Non-Sperm (129).bmp,0,1,2,2,0.136520,0.173478,0.690002
smids/Non-Sperm/Non-Sperm (136).bmp,0,1,2,2,0.000126,0.000692,0.999182
smids/Non-Sperm/Non-Sperm (142).bmp,0,1,2,2,0.000203,0.000139,0.999658
smids/Non-Sperm/Non-Sperm (146).bmp,0,1,2,2,0.000041,0.000587,0.999372
smids/Non-Sperm/Non-Sperm (147).bmp,0,1,2,2,0.000422,0.000438,0.999141
smids/Non-Sperm/Non-Sperm (15).bmp,0,1,2,2,0.000148,0.000942,0.998910
smids/Non-Sperm/Non-Sperm (165).bmp,0,1,2,2,0.000085,0.001514,0.998400
smids/Non-Sperm/Non-Sperm (169).bmp,0,1,2,2,0.000074,0.001049,0.998877
smids/Non-Sperm/Non-Sperm (182).bmp,0,1,2,2,0.000266,0.005106,0.994628
smids/Non-Sperm/Non-Sperm (19).bmp,0,1,2,2,0.019319,0.033265,0.947415
smids/Non-Sperm/Non-Sperm (191).bmp,0,1,2,1,0.054631,0.527547,0.417822
smids/Non-Sperm/Non-Sperm (192).bmp,0,1,2,2,0.029351,0.324593,0.646057
smids/Non-Sperm/Non-Sperm (198).bmp,0,1,2,2,0.000629,0.005730,0.993641
smids/Non-Sperm/Non-Sperm (199).bmp,0,1,2,2,0.000304,0.003134,0.996562
smids/Non-Sperm/Non-Sperm (202).bmp,0,1,2,2,0.000057,0.000264,0.999679
smids/Non-Sperm/Non-Sperm (208).bmp,0,1,2,2,0.003086,0.109087,0.887827
smids/Non-Sperm/Non-Sperm (210).bmp,0,1,2,2,0.000034,0.000464,0.999502
smids/Non-Sperm/Non-Sperm (211).bmp,0,1,2,2,0.000010,0.000236,0.999754
smids/Non-Sperm/Non-Sperm (214).bmp,0,1,2,2,0.000141,0.006115,0.993744
smids/Non-Sperm/Non-Sperm (215).bmp,0,1,2,2,0.000602,0.006464,0.992934
smids/Non-Sperm/Non-Sperm (216).bmp,0,1,2,2,0.000301,0.003009,0.996691
smids/Non-Sperm/Non-Sperm (228).bmp,0,1,2,2,0.000178,0.004606,0.995216
smids/Non-Sperm/Non-Sperm (234).bmp,0,1,2,2,0.000125,0.001305,0.998570
smids/Non-Sperm/Non-Sperm (237).bmp,0,1,2,2,0.004486,0.002649,0.992865
smids/Non-Sperm/Non-Sperm (240).bmp,0,1,2,2,0.000141,0.004280,0.995579
smids/Non-Sperm/Non-Sperm (247).bmp,0,1,2,2,0.000070,0.000579,0.999351
smids/Non-Sperm/Non-Sperm (254).bmp,0,1,2,2,0.000628,0.013531,0.985841
smids/Non-Sperm/Non-Sperm (259).bmp,0,1,2,2,0.000048,0.001282,0.998671
smids/Non-Sperm/Non-Sperm (264).bmp,0,1,2,2,0.000117,0.002794,0.997089
smids/Non-Sperm/Non-Sperm (268).bmp,0,1,2,2,0.000392,0.001349,0.998259
smids/Non-Sperm/Non-Sperm (27).bmp,0,1,2,2,0.049423,0.010627,0.939950
smids/Non-Sperm/Non-Sperm (274).bmp,0,1,2,2,0.001168,0.033265,0.965568
smids/Non-Sperm/Non-Sperm (277).bmp,0,1,2,2,0.000138,0.001464,0.998398
smids/Non-Sperm/Non-Sperm (28).bmp,0,1,2,1,0.006175,0.874894,0.118931
smids/Non-Sperm/Non-Sperm (287).bmp,0,1,2,2,0.002245,0.023481,0.974274
smids/Non-Sperm/Non-Sperm (29).bmp,0,1,2,2,0.000425,0.016024,0.983551
smids/Non-Sperm/Non-Sperm (291).bmp,0,1,2,2,0.012811,0.002765,0.984424
smids/Non-Sperm/Non-Sperm (298).bmp,0,1,2,2,0.002281,0.004586,0.993132
smids/Non-Sperm/Non-Sperm (321).bmp,0,1,2,2,0.000800,0.015344,0.983856
smids/Non-Sperm/Non-Sperm (323).bmp,0,1,2,2,0.007126,0.046101,0.946772
smids/Non-Sperm/Non-Sperm (326).bmp,0,1,2,2,0.418403,0.105338,0.476259
smids/Non-Sperm/Non-Sperm (332).bmp,0,1,2,2,0.073875,0.048541,0.877584
smids/Non-Sperm/Non-Sperm (336).bmp,0,1,2,2,0.003925,0.003491,0.992584
smids/Non-Sperm/Non-Sperm (340).bmp,0,1,2,2,0.021149,0.009501,0.969350
smids/Non-Sperm/Non-Sperm (353).bmp,0,1,2,2,0.292283,0.130584,0.577133
smids/Non-Sperm/Non-Sperm (355).bmp,0,1,2,1,0.058530,0.562225,0.379245
smids/Non-Sperm/Non-Sperm (359).bmp,0,1,2,2,0.000170,0.003909,0.995921
smids/Non-Sperm/Non-Sperm (361).bmp,0,1,2,2,0.003786,0.063560,0.932654
smids/Non-Sperm/Non-Sperm (362).bmp,0,1,2,2,0.000027,0.000826,0.999146
smids/Non-Sperm/Non-Sperm (364).bmp,0,1,2,2,0.000304,0.006336,0.993359
smids/Non-Sperm/Non-Sperm (366).bmp,0,1,2,2,0.001663,0.014789,0.983548
smids/Non-Sperm/Non-Sperm (367).bmp,0,1,2,2,0.008130,0.051736,0.940134
smids/Non-Sperm/Non-Sperm (369).bmp,0,1,2,2,0.098309,0.030417,0.871274
smids/Non-Sperm/Non-Sperm (370).bmp,0,1,2,2,0.000918,0.030148,0.968934
smids/Non-Sperm/Non-Sperm (371).bmp,0,1,2,2,0.000397,0.000133,0.999471
smids/Non-Sperm/Non-Sperm (374).bmp,0,1,2,2,0.014749,0.154419,0.830832
smids/Non-Sperm/Non-Sperm (378).bmp,0,1,2,2,0.001460,0.001057,0.997484
smids/Non-Sperm/Non-Sperm (380).bmp,0,1,2,2,0.002333,0.029572,0.968095
smids/Non-Sperm/Non-Sperm (385).bmp,0,1,2,2,0.001441,0.049452,0.949108
smids/Non-Sperm/Non-Sperm (39).bmp,0,1,2,2,0.008085,0.187751,0.804164
smids/Non-Sperm/Non-Sperm (391).bmp,0,1,2,2,0.069298,0.027418,0.903284
smids/Non-Sperm/Non-Sperm (398).bmp,0,1,2,2,0.375342,0.106610,0.518048
smids/Non-Sperm/Non-Sperm (401).bmp,0,1,2,2,0.011540,0.002467,0.985993
smids/Non-Sperm/Non-Sperm (403).bmp,0,1,2,1,0.234425,0.552440,0.213136
smids/Non-Sperm/Non-Sperm (412).bmp,0,1,2,0,0.468194,0.081612,0.450194
smids/Non-Sperm/Non-Sperm (426).bmp,0,1,2,2,0.040673,0.007283,0.952044
smids/Non-Sperm/Non-Sperm (434).bmp,0,1,2,2,0.001527,0.078638,0.919835
smids/Non-Sperm/Non-Sperm (438).bmp,0,1,2,2,0.007689,0.002673,0.989638
smids/Non-Sperm/Non-Sperm (439).bmp,0,1,2,2,0.000632,0.007799,0.991569
smids/Non-Sperm/Non-Sperm (448).bmp,0,1,2,2,0.000072,0.001600,0.998328
smids/Non-Sperm/Non-Sperm (453).bmp,0,1,2,2,0.002220,0.009425,0.988355
smids/Non-Sperm/Non-Sperm (454).bmp,0,1,2,2,0.000163,0.002075,0.997762
smids/Non-Sperm/Non-Sperm (459).bmp,0,1,2,2,0.001446,0.026969,0.971586
smids/Non-Sperm/Non-Sperm (470).bmp,0,1,2,2,0.000184,0.004591,0.995225
smids/Non-Sperm/Non-Sperm (472).bmp,0,1,2,1,0.027804,0.509986,0.462210
smids/Non-Sperm/Non-Sperm (474).bmp,0,1,2,2,0.000817,0.007053,0.992130
smids/Non-Sperm/Non-Sperm (48).bmp,0,1,2,2,0.002324,0.276494,0.721182
smids/Non-Sperm/Non-Sperm (480).bmp,0,1,2,2,0.001465,0.003367,0.995168
smids/Non-Sperm/Non-Sperm (484).bmp,0,1,2,2,0.000261,0.003422,0.996316
smids/Non-Sperm/Non-Sperm (485).bmp,0,1,2,2,0.013421,0.097056,0.889523
smids/Non-Sperm/Non-Sperm (493).bmp,0,1,2,2,0.001070,0.028141,0.970789
smids/Non-Sperm/Non-Sperm (497).bmp,0,1,2,2,0.004253,0.068280,0.927466
smids/Non-Sperm/Non-Sperm (50).bmp,0,1,2,2,0.000068,0.002334,0.997598
smids/Non-Sperm/Non-Sperm (502).bmp,0,1,2,2,0.003265,0.007886,0.988849
smids/Non-Sperm/Non-Sperm (507).bmp,0,1,2,2,0.031624,0.012634,0.955742
smids/Non-Sperm/Non-Sperm (512).bmp,0,1,2,2,0.000249,0.001308,0.998443
smids/Non-Sperm/Non-Sperm (524).bmp,0,1,2,2,0.004395,0.049233,0.946372
smids/Non-Sperm/Non-Sperm (527).bmp,0,1,2,2,0.007594,0.014487,0.977919
smids/Non-Sperm/Non-Sperm (534).bmp,0,1,2,2,0.053369,0.011164,0.935467
smids/Non-Sperm/Non-Sperm (536).bmp,0,1,2,2,0.012796,0.076394,0.910809
smids/Non-Sperm/Non-Sperm (537).bmp,0,1,2,2,0.000071,0.003257,0.996672
smids/Non-Sperm/Non-Sperm (539).bmp,0,1,2,2,0.028673,0.138405,0.832922
smids/Non-Sperm/Non-Sperm (540).bmp,0,1,2,2,0.005606,0.004065,0.990330
smids/Non-Sperm/Non-Sperm (543).bmp,0,1,2,2,0.129548,0.062480,0.807972
smids/Non-Sperm/Non-Sperm (546).bmp,0,1,2,2,0.000494,0.003707,0.995799
smids/Non-Sperm/Non-Sperm (551).bmp,0,1,2,2,0.000100,0.003017,0.996884
smids/Non-Sperm/Non-Sperm (56).bmp,0,1,2,2,0.006151,0.485761,0.508088
smids/Non-Sperm/Non-Sperm (560).bmp,0,1,2,2,0.000061,0.001209,0.998730
smids/Non-Sperm/Non-Sperm (561).bmp,0,1,2,2,0.000124,0.000982,0.998894
smids/Non-Sperm/Non-Sperm (582).bmp,0,1,2,2,0.000117,0.003293,0.996590
smids/Non-Sperm/Non-Sperm (583).bmp,0,1,2,1,0.007494,0.579911,0.412596
smids/Non-Sperm/Non-Sperm (589).bmp,0,1,2,2,0.000190,0.012072,0.987738
smids/Non-Sperm/Non-Sperm (590).bmp,0,1,2,2,0.001767,0.013106,0.985126
smids/Non-Sperm/Non-Sperm (599).bmp,0,1,2,2,0.000097,0.002534,0.997369
smids/Non-Sperm/Non-Sperm (604).bmp,0,1,2,2,0.010825,0.002744,0.986431
smids/Non-Sperm/Non-Sperm (605).bmp,0,1,2,2,0.000506,0.014751,0.984742
smids/Non-Sperm/Non-Sperm (608).bmp,0,1,2,2,0.001108,0.000781,0.998112
smids/Non-Sperm/Non-Sperm (613).bmp,0,1,2,2,0.000278,0.004582,0.995140
smids/Non-Sperm/Non-Sperm (615).bmp,0,1,2,2,0.000528,0.037335,0.962138
smids/Non-Sperm/Non-Sperm (623).bmp,0,1,2,2,0.001117,0.015941,0.982942
smids/Non-Sperm/Non-Sperm (628).bmp,0,1,2,2,0.005577,0.037467,0.956956
smids/Non-Sperm/Non-Sperm (632).bmp,0,1,2,2,0.010948,0.131832,0.857220
smids/Non-Sperm/Non-Sperm (636).bmp,0,1,2,2,0.000589,0.002865,0.996546
smids/Non-Sperm/Non-Sperm (642).bmp,0,1,2,2,0.001509,0.001235,0.997255
smids/Non-Sperm/Non-Sperm (643).bmp,0,1,2,2,0.000448,0.002146,0.997406
smids/Non-Sperm/Non-Sperm (658).bmp,0,1,2,2,0.000058,0.001765,0.998177
smids/Non-Sperm/Non-Sperm (669).bmp,0,1,2,2,0.006609,0.050258,0.943133
smids/Non-Sperm/Non-Sperm (670).bmp,0,1,2,2,0.066302,0.073245,0.860453
smids/Non-Sperm/Non-Sperm (68).bmp,0,1,2,2,0.002062,0.006939,0.991000
smids/Non-Sperm/Non-Sperm (684).bmp,0,1,2,2,0.001574,0.001779,0.996648
smids/Non-Sperm/Non-Sperm (689).bmp,0,1,2,2,0.058598,0.369129,0.572274
smids/Non-Sperm/Non-Sperm (692).bmp,0,1,2,2,0.001260,0.018580,0.980160
smids/Non-Sperm/Non-Sperm (696).bmp,0,1,2,2,0.017967,0.025929,0.956104
smids/Non-Sperm/Non-Sperm (698).bmp,0,1,2,2,0.000230,0.001227,0.998543
smids/Non-Sperm/Non-Sperm (699).bmp,0,1,2,2,0.001120,0.010458,0.988422
smids/Non-Sperm/Non-Sperm (704).bmp,0,1,2,2,0.001951,0.001525,0.996524
smids/Non-Sperm/Non-Sperm (709).bmp,0,1,2,2,0.011884,0.030578,0.957538
smids/Non-Sperm/Non-Sperm (71).bmp,0,1,2,2,0.090703,0.379293,0.530004
smids/Non-Sperm/Non-Sperm (715).bmp,0,1,2,2,0.000065,0.000915,0.999020
smids/Non-Sperm/Non-Sperm (717).bmp,0,1,2,2,0.002029,0.000992,0.996979
smids/Non-Sperm/Non-Sperm (722).bmp,0,1,2,2,0.002458,0.036820,0.960722
smids/Non-Sperm/Non-Sperm (734).bmp,0,1,2,2,0.000111,0.002106,0.997783
smids/Non-Sperm/Non-Sperm (737).bmp,0,1,2,2,0.008383,0.068447,0.923169
smids/Non-Sperm/Non-Sperm (751).bmp,0,1,2,2,0.000267,0.003615,0.996119
smids/Non-Sperm/Non-Sperm (753).bmp,0,1,2,0,0.786075,0.085467,0.128458
smids/Non-Sperm/Non-Sperm (755).bmp,0,1,2,2,0.004416,0.187159,0.808425
smids/Non-Sperm/Non-Sperm (759).bmp,0,1,2,2,0.000048,0.000292,0.999661
smids/Non-Sperm/Non-Sperm (761).bmp,0,1,2,2,0.005350,0.070409,0.924241
smids/Non-Sperm/Non-Sperm (763).bmp,0,1,2,2,0.000167,0.003499,0.996334
smids/Non-Sperm/Non-Sperm (766).bmp,0,1,2,2,0.002979,0.031132,0.965889
smids/Non-Sperm/Non-Sperm (774).bmp,0,1,2,2,0.000502,0.000647,0.998851
smids/Non-Sperm/Non-Sperm (78).bmp,0,1,2,2,0.012990,0.002322,0.984688
smids/Non-Sperm/Non-Sperm (786).bmp,0,1,2,2,0.008239,0.027289,0.964472
smids/Non-Sperm/Non-Sperm (788).bmp,0,1,2,2,0.001984,0.000321,0.997695
smids/Non-Sperm/Non-Sperm (789).bmp,0,1,2,2,0.000577,0.012847,0.986575
smids/Non-Sperm/Non-Sperm (790).bmp,0,1,2,2,0.000879,0.008055,0.991066
smids/Non-Sperm/Non-Sperm (793).bmp,0,1,2,2,0.000202,0.001870,0.997928
smids/Non-Sperm/Non-Sperm (794).bmp,0,1,2,2,0.000301,0.003497,0.996201
smids/Non-Sperm/Non-Sperm (796).bmp,0,1,2,2,0.008379,0.002285,0.989336
smids/Non-Sperm/Non-Sperm (797).bmp,0,1,2,2,0.003772,0.009761,0.986467
smids/Non-Sperm/Non-Sperm (8).bmp,0,1,2,2,0.005180,0.195590,0.799230
smids/Non-Sperm/Non-Sperm (800).bmp,0,1,2,2,0.001640,0.000685,0.997675
smids/Non-Sperm/Non-Sperm (803).bmp,0,1,2,2,0.006517,0.048025,0.945458
smids/Non-Sperm/Non-Sperm (816).bmp,0,1,2,2,0.040918,0.004208,0.954873
smids/Non-Sperm/Non-Sperm (818).bmp,0,1,2,2,0.000100,0.001363,0.998537
smids/Non-Sperm/Non-Sperm (82).bmp,0,1,2,2,0.000237,0.002599,0.997164
smids/Non-Sperm/Non-Sperm (820).bmp,0,1,2,2,0.001370,0.001097,0.997533
smids/Non-Sperm/Non-Sperm (824).bmp,0,1,2,2,0.002042,0.023291,0.974667
smids/Non-Sperm/Non-Sperm (825).bmp,0,1,2,1,0.120307,0.595956,0.283737
smids/Non-Sperm/Non-Sperm (827).bmp,0,1,2,2,0.001625,0.014697,0.983677
smids/Non-Sperm/Non-Sperm (831).bmp,0,1,2,2,0.000222,0.008067,0.991711
smids/Non-Sperm/Non-Sperm (832).bmp,0,1,2,2,0.000471,0.012817,0.986712
smids/Non-Sperm/Non-Sperm (85).bmp,0,1,2,2,0.011780,0.036515,0.951705
smids/Non-Sperm/Non-Sperm (850).bmp,0,1,2,2,0.005756,0.012471,0.981773
smids/Non-Sperm/Non-Sperm (871).bmp,0,1,2,2,0.000588,0.007271,0.992142
smids/Non-Sperm/Non-Sperm (872).bmp,0,1,2,2,0.121875,0.124552,0.753573
smids/Non-Sperm/Non-Sperm (873).bmp,0,1,2,2,0.019210,0.119890,0.860900
smids/Non-Sperm/Non-Sperm (877).bmp,0,1,2,2,0.000449,0.016091,0.983460
smids/Non-Sperm/Non-Sperm (889).bmp,0,1,2,2,0.000100,0.001221,0.998679
smids/Non-Sperm/Non-Sperm (893).bmp,0,1,2,2,0.005613,0.005097,0.989290
smids/Non-Sperm/Non-Sperm (895).bmp,0,1,2,2,0.059788,0.354486,0.585727
smids/Non-Sperm/Non-Sperm (897).bmp,0,1,2,1,0.027046,0.508016,0.464938
smids/Non-Sperm/Non-Sperm (899).bmp,0,1,2,2,0.038936,0.056143,0.904921
smids/Non-Sperm/Non-Sperm (907).bmp,0,1,2,1,0.035293,0.647058,0.317649
smids/Non-Sperm/Non-Sperm (917).bmp,0,1,2,2,0.014630,0.006382,0.978988
smids/Non-Sperm/Non-Sperm (919).bmp,0,1,2,2,0.004307,0.004944,0.990748
smids/Non-Sperm/Non-Sperm (92).bmp,0,1,2,2,0.003333,0.032252,0.964415
smids/Non-Sperm/Non-Sperm (921).bmp,0,1,2,2,0.001707,0.038045,0.960249
smids/Non-Sperm/Non-Sperm (927).bmp,0,1,2,2,0.018699,0.004892,0.976409
smids/Non-Sperm/Non-Sperm (936).bmp,0,1,2,2,0.010453,0.001052,0.988495
smids/Non-Sperm/Non-Sperm (939).bmp,0,1,2,2,0.012027,0.010834,0.977140
smids/Non-Sperm/Non-Sperm (94).bmp,0,1,2,2,0.000529,0.008854,0.990618
smids/Non-Sperm/Non-Sperm (950).bmp,0,1,2,0,0.402560,0.274772,0.322668
smids/Non-Sperm/Non-Sperm (958).bmp,0,1,2,2,0.000568,0.011368,0.988064
smids/Non-Sperm/Non-Sperm (96).bmp,0,1,2,2,0.000192,0.002307,0.997501
smids/Non-Sperm/Non-Sperm (968).bmp,0,1,2,2,0.001262,0.000764,0.997974
smids/Non-Sperm/Non-Sperm (973).bmp,0,1,2,2,0.001940,0.018471,0.979589
smids/Normal_Sperm/Normal_Sperm (1010).bmp,0,1,0,0,0.765372,0.161364,0.073265
smids/Normal_Sperm/Normal_Sperm (1012).bmp,0,1,0,0,0.821299,0.076362,0.102338
smids/Normal_Sperm/Normal_Sperm (1013).bmp,0,1,0,2,0.189074,0.404165,0.406761
smids/Normal_Sperm/Normal_Sperm (1014).bmp,0,1,0,0,0.782181,0.140550,0.077270
smids/Normal_Sperm/Normal_Sperm (1015).bmp,0,1,0,0,0.918109,0.073523,0.008367
smids/Normal_Sperm/Normal_Sperm (1021).bmp,0,1,0,0,0.887074,0.090762,0.022164
smids/Normal_Sperm/Normal_Sperm (110).bmp,0,1,0,2,0.254300,0.242112,0.503588
smids/Normal_Sperm/Normal_Sperm (111).bmp,0,1,0,2,0.168779,0.041952,0.789269
smids/Normal_Sperm/Normal_Sperm (112).bmp,0,1,0,0,0.815616,0.182166,0.002218
smids/Normal_Sperm/Normal_Sperm (117).bmp,0,1,0,0,0.694556,0.302323,0.003121
smids/Normal_Sperm/Normal_Sperm (121).bmp,0,1,0,0,0.912074,0.085891,0.002036
smids/Normal_Sperm/Normal_Sperm (122).bmp,0,1,0,1,0.291155,0.492044,0.216801
smids/Normal_Sperm/Normal_Sperm (128).bmp,0,1,0,0,0.951131,0.036305,0.012563
smids/Normal_Sperm/Normal_Sperm (131).bmp,0,1,0,0,0.486767,0.204441,0.308792
smids/Normal_Sperm/Normal_Sperm (133).bmp,0,1,0,2,0.015352,0.134855,0.849793
smids/Normal_Sperm/Normal_Sperm (137).bmp,0,1,0,0,0.760834,0.222513,0.016653
smids/Normal_Sperm/Normal_Sperm (139).bmp,0,1,0,0,0.739941,0.254233,0.005827
smids/Normal_Sperm/Normal_Sperm (141).bmp,0,1,0,1,0.374985,0.574185,0.050830
smids/Normal_Sperm/Normal_Sperm (148).bmp,0,1,0,0,0.898790,0.089971,0.011239
smids/Normal_Sperm/Normal_Sperm (149).bmp,0,1,0,0,0.843272,0.134026,0.022702
smids/Normal_Sperm/Normal_Sperm (153).bmp,0,1,0,0,0.535790,0.126494,0.337716
smids/Normal_Sperm/Normal_Sperm (154).bmp,0,1,0,0,0.863608,0.106821,0.029571
smids/Normal_Sperm/Normal_Sperm (164).bmp,0,1,0,0,0.929382,0.068045,0.002573
smids/Normal_Sperm/Normal_Sperm (180).bmp,0,1,0,0,0.984284,0.014969,0.000747
smids/Normal_Sperm/Normal_Sperm (181).bmp,0,1,0,0,0.830882,0.167831,0.001287
smids/Normal_Sperm/Normal_Sperm (183).bmp,0,1,0,0,0.855330,0.144079,0.000590
smids/Normal_Sperm/Normal_Sperm (187).bmp,0,1,0,0,0.841552,0.156989,0.001458
smids/Normal_Sperm/Normal_Sperm (188).bmp,0,1,0,2,0.051545,0.021168,0.927287
smids/Normal_Sperm/Normal_Sperm (189).bmp,0,1,0,0,0.888589,0.063055,0.048356
smids/Normal_Sperm/Normal_Sperm (190).bmp,0,1,0,0,0.915966,0.083940,0.000093
smids/Normal_Sperm/Normal_Sperm (192).bmp,0,1,0,1,0.416029,0.572430,0.011541
smids/Normal_Sperm/Normal_Sperm (196).bmp,0,1,0,0,0.886352,0.113334,0.000315
smids/Normal_Sperm/Normal_Sperm (197).bmp,0,1,0,0,0.982495,0.017465,0.000040
smids/Normal_Sperm/Normal_Sperm (199).bmp,0,1,0,0,0.994514,0.004753,0.000733
smids/Normal_Sperm/Normal_Sperm (20).bmp,0,1,0,2,0.353984,0.024474,0.621542
smids/Normal_Sperm/Normal_Sperm (210).bmp,0,1,0,0,0.923323,0.064405,0.012272
smids/Normal_Sperm/Normal_Sperm (215).bmp,0,1,0,1,0.125186,0.843506,0.031308
smids/Normal_Sperm/Normal_Sperm (218).bmp,0,1,0,0,0.934377,0.044568,0.021055
smids/Normal_Sperm/Normal_Sperm (22).bmp,0,1,0,0,0.961665,0.023197,0.015138
smids/Normal_Sperm/Normal_Sperm (222).bmp,0,1,0,0,0.689304,0.254553,0.056144
smids/Normal_Sperm/Normal_Sperm (227).bmp,0,1,0,0,0.951226,0.033410,0.015364
smids/Normal_Sperm/Normal_Sperm (231).bmp,0,1,0,0,0.670294,0.328646,0.001060
smids/Normal_Sperm/Normal_Sperm (243).bmp,0,1,0,0,0.951198,0.048699,0.000103
smids/Normal_Sperm/Normal_Sperm (246).bmp,0,1,0,0,0.891424,0.093219,0.015357
smids/Normal_Sperm/Normal_Sperm (247).bmp,0,1,0,1,0.488740,0.499681,0.011579
smids/Normal_Sperm/Normal_Sperm (248).bmp,0,1,0,0,0.723568,0.261556,0.014876
smids/Normal_Sperm/Normal_Sperm (253).bmp,0,1,0,0,0.986612,0.012841,0.000547
smids/Normal_Sperm/Normal_Sperm (254).bmp,0,1,0,0,0.994210,0.004808,0.000982
smids/Normal_Sperm/Normal_Sperm (256).bmp,0,1,0,0,0.851375,0.148009,0.000616
smids/Normal_Sperm/Normal_Sperm (258).bmp,0,1,0,0,0.938907,0.060983,0.000109
smids/Normal_Sperm/Normal_Sperm (26).bmp,0,1,0,0,0.977463,0.015338,0.007198
smids/Normal_Sperm/Normal_Sperm (262).bmp,0,1,0,0,0.787177,0.212470,0.000353
smids/Normal_Sperm/Normal_Sperm (267).bmp,0,1,0,0,0.873196,0.123872,0.002932
smids/Normal_Sperm/Normal_Sperm (276).bmp,0,1,0,0,0.924741,0.074943,0.000316
smids/Normal_Sperm/Normal_Sperm (278).bmp,0,1,0,0,0.711017,0.287714,0.001269
smids/Normal_Sperm/Normal_Sperm (279).bmp,0,1,0,0,0.786013,0.205084,0.008902
smids/Normal_Sperm/Normal_Sperm (283).bmp,0,1,0,0,0.916572,0.083330,0.000098
smids/Normal_Sperm/Normal_Sperm (286).bmp,0,1,0,1,0.349315,0.641474,0.009211
smids/Normal_Sperm/Normal_Sperm (290).bmp,0,1,0,0,0.978868,0.021060,0.000072
smids/Normal_Sperm/Normal_Sperm (292).bmp,0,1,0,0,0.610455,0.368855,0.020690
smids/Normal_Sperm/Normal_Sperm (30).bmp,0,1,0,0,0.974733,0.022329,0.002939
smids/Normal_Sperm/Normal_Sperm (304).bmp,0,1,0,0,0.943438,0.056181,0.000381
smids/Normal_Sperm/Normal_Sperm (306).bmp,0,1,0,0,0.929311,0.070605,0.000084
smids/Normal_Sperm/Normal_Sperm (307).bmp,0,1,0,0,0.880405,0.119053,0.000542
smids/Normal_Sperm/Normal_Sperm (308).bmp,0,1,0,0,0.745032,0.248430,0.006538
smids/Normal_Sperm/Normal_Sperm (311).bmp,0,1,0,0,0.988978,0.009662,0.001360
smids/Normal_Sperm/Normal_Sperm (32).bmp,0,1,0,0,0.949158,0.025261,0.025582
smids/Normal_Sperm/Normal_Sperm (328).bmp,0,1,0,0,0.554451,0.443488,0.002062
smids/Normal_Sperm/Normal_Sperm (330).bmp,0,1,0,0,0.874005,0.125309,0.000686
smids/Normal_Sperm/Normal_Sperm (332).bmp,0,1,0,0,0.958306,0.038064,0.003630
smids/Normal_Sperm/Normal_Sperm (34).bmp,0,1,0,0,0.385119,0.380665,0.234217
smids/Normal_Sperm/Normal_Sperm (340).bmp,0,1,0,0,0.996078,0.003669,0.000253
smids/Normal_Sperm/Normal_Sperm (35).bmp,0,1,0,2,0.366023,0.110074,0.523903
smids/Normal_Sperm/Normal_Sperm (351).bmp,0,1,0,2,0.230453,0.209420,0.560127
smids/Normal_Sperm/Normal_Sperm (352).bmp,0,1,0,1,0.403996,0.554889,0.041115
smids/Normal_Sperm/Normal_Sperm (353).bmp,0,1,0,0,0.809652,0.189964,0.000384
smids/Normal_Sperm/Normal_Sperm (361).bmp,0,1,0,0,0.992234,0.007606,0.000160
smids/Normal_Sperm/Normal_Sperm (363).bmp,0,1,0,0,0.893539,0.065099,0.041362
smids/Normal_Sperm/Normal_Sperm (366).bmp,0,1,0,0,0.863109,0.130993,0.005897
smids/Normal_Sperm/Normal_Sperm (374).bmp,0,1,0,0,0.934677,0.065298,0.000025
smids/Normal_Sperm/Normal_Sperm (375).bmp,0,1,0,0,0.969722,0.030093,0.000185
smids/Normal_Sperm/Normal_Sperm (377).bmp,0,1,0,0,0.786842,0.043336,0.169822
smids/Normal_Sperm/Normal_Sperm (386).bmp,0,1,0,0,0.974060,0.025492,0.000447
smids/Normal_Sperm/Normal_Sperm (387).bmp,0,1,0,0,0.734232,0.246531,0.019237
smids/Normal_Sperm/Normal_Sperm (393).bmp,0,1,0,0,0.948944,0.037177,0.013880
smids/Normal_Sperm/Normal_Sperm (400).bmp,0,1,0,0,0.853693,0.145166,0.001141
smids/Normal_Sperm/Normal_Sperm (410).bmp,0,1,0,0,0.948413,0.051339,0.000249
smids/Normal_Sperm/Normal_Sperm (413).bmp,0,1,0,0,0.843327,0.154880,0.001793
smids/Normal_Sperm/Normal_Sperm (422).bmp,0,1,0,0,0.981656,0.018179,0.000165
smids/Normal_Sperm/Normal_Sperm (425).bmp,0,1,0,0,0.958184,0.041781,0.000035
smids/Normal_Sperm/Normal_Sperm (434).bmp,0,1,0,0,0.985170,0.007184,0.007647
smids/Normal_Sperm/Normal_Sperm (437).bmp,0,1,0,0,0.922288,0.077370,0.000342
smids/Normal_Sperm/Normal_Sperm (444).bmp,0,1,0,0,0.832070,0.167243,0.000687
smids/Normal_Sperm/Normal_Sperm (445).bmp,0,1,0,0,0.905785,0.093867,0.000349
smids/Normal_Sperm/Normal_Sperm (458).bmp,0,1,0,0,0.730812,0.265737,0.003451
smids/Normal_Sperm/Normal_Sperm (459).bmp,0,1,0,0,0.977082,0.018802,0.004115
smids/Normal_Sperm/Normal_Sperm (466).bmp,0,1,0,0,0.893131,0.105793,0.001076
smids/Normal_Sperm/Normal_Sperm (478).bmp,0,1,0,0,0.889016,0.110030,0.000954
smids/Normal_Sperm/Normal_Sperm (479).bmp,0,1,0,0,0.769872,0.229359,0.000769
smids/Normal_Sperm/Normal_Sperm (488).bmp,0,1,0,1,0.126607,0.868617,0.004776
smids/Normal_Sperm/Normal_Sperm (499).bmp,0,1,0,0,0.928163,0.070549,0.001289
smids/Normal_Sperm/Normal_Sperm (505).bmp,0,1,0,0,0.998125,0.001837,0.000038
smids/Normal_Sperm/Normal_Sperm (507).bmp,0,1,0,0,0.920259,0.079488,0.000253
smids/Normal_Sperm/Normal_Sperm (515).bmp,0,1,0,0,0.925142,0.074548,0.000310
smids/Normal_Sperm/Normal_Sperm (52).bmp,0,1,0,1,0.292797,0.676743,0.030460
smids/Normal_Sperm/Normal_Sperm (520).bmp,0,1,0,0,0.978350,0.021507,0.000143
smids/Normal_Sperm/Normal_Sperm (527).bmp,0,1,0,0,0.967965,0.032017,0.000017
smids/Normal_Sperm/Normal_Sperm (532).bmp,0,1,0,0,0.664243,0.331138,0.004619
smids/Normal_Sperm/Normal_Sperm (543).bmp,0,1,0,0,0.614374,0.383465,0.002161
smids/Normal_Sperm/Normal_Sperm (544).bmp,0,1,0,0,0.946554,0.053271,0.000175
smids/Normal_Sperm/Normal_Sperm (548).bmp,0,1,0,0,0.911790,0.086395,0.001815
smids/Normal_Sperm/Normal_Sperm (550).bmp,0,1,0,0,0.982508,0.016950,0.000542
smids/Normal_Sperm/Normal_Sperm (557).bmp,0,1,0,0,0.908390,0.089061,0.002549
smids/Normal_Sperm/Normal_Sperm (560).bmp,0,1,0,0,0.977298,0.022609,0.000093
smids/Normal_Sperm/Normal_Sperm (564).bmp,0,1,0,0,0.990983,0.008840,0.000177
smids/Normal_Sperm/Normal_Sperm (565).bmp,0,1,0,0,0.872834,0.125377,0.001789
smids/Normal_Sperm/Normal_Sperm (566).bmp,0,1,0,0,0.996953,0.003031,0.000015
smids/Normal_Sperm/Normal_Sperm (57).bmp,0,1,0,0,0.997667,0.002332,0.000001
smids/Normal_Sperm/Normal_Sperm (573).bmp,0,1,0,0,0.844766,0.154357,0.000877
smids/Normal_Sperm/Normal_Sperm (575).bmp,0,1,0,0,0.955327,0.044614,0.000059
smids/Normal_Sperm/Normal_Sperm (58).bmp,0,1,0,1,0.184985,0.703606,0.111409
smids/Normal_Sperm/Normal_Sperm (591).bmp,0,1,0,0,0.986031,0.013737,0.000232
smids/Normal_Sperm/Normal_Sperm (595).bmp,0,1,0,0,0.966107,0.033677,0.000216
smids/Normal_Sperm/Normal_Sperm (60).bmp,0,1,0,0,0.891492,0.043251,0.065258
smids/Normal_Sperm/Normal_Sperm (604).bmp,0,1,0,1,0.464209,0.522605,0.013185
smids/Normal_Sperm/Normal_Sperm (630).bmp,0,1,0,0,0.953934,0.046009,0.000057
smids/Normal_Sperm/Normal_Sperm (636).bmp,0,1,0,0,0.933114,0.066035,0.000851
smids/Normal_Sperm/Normal_Sperm (637).bmp,0,1,0,0,0.862490,0.108274,0.029236
smids/Normal_Sperm/Normal_Sperm (648).bmp,0,1,0,0,0.977706,0.020159,0.002135
smids/Normal_Sperm/Normal_Sperm (660).bmp,0,1,0,0,0.834154,0.164017,0.001829
smids/Normal_Sperm/Normal_Sperm (662).bmp,0,1,0,0,0.808446,0.156586,0.034968
smids/Normal_Sperm/Normal_Sperm (669).bmp,0,1,0,0,0.994090,0.005627,0.000282
smids/Normal_Sperm/Normal_Sperm (678).bmp,0,1,0,0,0.984783,0.013362,0.001854
smids/Normal_Sperm/Normal_Sperm (686).bmp,0,1,0,0,0.928429,0.071214,0.000357
smids/Normal_Sperm/Normal_Sperm (69).bmp,0,1,0,1,0.174777,0.824967,0.000256
smids/Normal_Sperm/Normal_Sperm (692).bmp,0,1,0,0,0.996595,0.003373,0.000032
smids/Normal_Sperm/Normal_Sperm (7).bmp,0,1,0,0,0.970232,0.029652,0.000116
smids/Normal_Sperm/Normal_Sperm (704).bmp,0,1,0,0,0.982303,0.014606,0.003091
smids/Normal_Sperm/Normal_Sperm (712).bmp,0,1,0,0,0.962843,0.032000,0.005157
smids/Normal_Sperm/Normal_Sperm (718).bmp,0,1,0,0,0.984420,0.013279,0.002301
smids/Normal_Sperm/Normal_Sperm (719).bmp,0,1,0,0,0.997200,0.002387,0.000413
smids/Normal_Sperm/Normal_Sperm (721).bmp,0,1,0,0,0.944772,0.054941,0.000287
smids/Normal_Sperm/Normal_Sperm (722).bmp,0,1,0,0,0.994853,0.005063,0.000084
smids/Normal_Sperm/Normal_Sperm (738).bmp,0,1,0,0,0.985989,0.012074,0.001937
smids/Normal_Sperm/Normal_Sperm (749).bmp,0,1,0,0,0.994622,0.005116,0.000261
smids/Normal_Sperm/Normal_Sperm (750).bmp,0,1,0,0,0.614588,0.072771,0.312640
smids/Normal_Sperm/Normal_Sperm (757).bmp,0,1,0,0,0.991177,0.007537,0.001286
smids/Normal_Sperm/Normal_Sperm (759).bmp,0,1,0,0,0.971417,0.024328,0.004255
smids/Normal_Sperm/Normal_Sperm (771).bmp,0,1,0,2,0.253365,0.075111,0.671525
smids/Normal_Sperm/Normal_Sperm (772).bmp,0,1,0,0,0.988926,0.008233,0.002842
smids/Normal_Sperm/Normal_Sperm (775).bmp,0,1,0,0,0.978663,0.021113,0.000225
smids/Normal_Sperm/Normal_Sperm (786).bmp,0,1,0,0,0.908124,0.091234,0.000642
smids/Normal_Sperm/Normal_Sperm (788).bmp,0,1,0,0,0.640973,0.256669,0.102359
smids/Normal_Sperm/Normal_Sperm (792).bmp,0,1,0,0,0.951669,0.047507,0.000824
smids/Normal_Sperm/Normal_Sperm (793).bmp,0,1,0,0,0.584095,0.384809,0.031096
smids/Normal_Sperm/Normal_Sperm (800).bmp,0,1,0,0,0.804510,0.169422,0.026068
smids/Normal_Sperm/Normal_Sperm (820).bmp,0,1,0,0,0.995698,0.003928,0.000375
smids/Normal_Sperm/Normal_Sperm (822).bmp,0,1,0,0,0.892661,0.037113,0.070227
smids/Normal_Sperm/Normal_Sperm (823).bmp,0,1,0,0,0.703489,0.063000,0.233511
smids/Normal_Sperm/Normal_Sperm (827).bmp,0,1,0,0,0.758537,0.051893,0.189570
smids/Normal_Sperm/Normal_Sperm (829).bmp,0,1,0,0,0.995891,0.004051,0.000058
smids/Normal_Sperm/Normal_Sperm (840).bmp,0,1,0,0,0.730330,0.258627,0.011043
smids/Normal_Sperm/Normal_Sperm (841).bmp,0,1,0,0,0.992729,0.006989,0.000282
smids/Normal_Sperm/Normal_Sperm (842).bmp,0,1,0,0,0.910816,0.088978,0.000207
smids/Normal_Sperm/Normal_Sperm (847).bmp,0,1,0,0,0.705826,0.288734,0.005440
smids/Normal_Sperm/Normal_Sperm (849).bmp,0,1,0,0,0.965180,0.034732,0.000088
smids/Normal_Sperm/Normal_Sperm (858).bmp,0,1,0,0,0.900446,0.078897,0.020657
smids/Normal_Sperm/Normal_Sperm (862).bmp,0,1,0,0,0.947729,0.052170,0.000100
smids/Normal_Sperm/Normal_Sperm (864).bmp,0,1,0,0,0.811827,0.172083,0.016091
smids/Normal_Sperm/Normal_Sperm (865).bmp,0,1,0,0,0.961148,0.028969,0.009882
smids/Normal_Sperm/Normal_Sperm (874).bmp,0,1,0,0,0.532056,0.067064,0.400880
smids/Normal_Sperm/Normal_Sperm (886).bmp,0,1,0,1,0.269574,0.722256,0.008170
smids/Normal_Sperm/Normal_Sperm (887).bmp,0,1,0,0,0.971776,0.028194,0.000030
smids/Normal_Sperm/Normal_Sperm (888).bmp,0,1,0,0,0.964918,0.034991,0.000091
smids/Normal_Sperm/Normal_Sperm (890).bmp,0,1,0,1,0.116721,0.882175,0.001104
smids/Normal_Sperm/Normal_Sperm (891).bmp,0,1,0,0,0.622713,0.373116,0.004171
smids/Normal_Sperm/Normal_Sperm (893).bmp,0,1,0,1,0.091977,0.899086,0.008937
smids/Normal_Sperm/Normal_Sperm (898).bmp,0,1,0,0,0.936450,0.063509,0.000041
smids/Normal_Sperm/Normal_Sperm (9).bmp,0,1,0,2,0.438804,0.117857,0.443339
smids/Normal_Sperm/Normal_Sperm (902).bmp,0,1,0,0,0.989150,0.010779,0.000071
smids/Normal_Sperm/Normal_Sperm (910).bmp,0,1,0,0,0.594378,0.405515,0.000108
smids/Normal_Sperm/Normal_Sperm (911).bmp,0,1,0,0,0.911473,0.086972,0.001555
smids/Normal_Sperm/Normal_Sperm (919).bmp,0,1,0,1,0.370079,0.446302,0.183619
smids/Normal_Sperm/Normal_Sperm (923).bmp,0,1,0,1,0.451996,0.547900,0.000104
smids/Normal_Sperm/Normal_Sperm (926).bmp,0,1,0,1,0.221908,0.777693,0.000399
smids/Normal_Sperm/Normal_Sperm (934).bmp,0,1,0,1,0.339556,0.660375,0.000069
smids/Normal_Sperm/Normal_Sperm (947).bmp,0,1,0,1,0.175286,0.817205,0.007508
smids/Normal_Sperm/Normal_Sperm (95).bmp,0,1,0,0,0.671149,0.287608,0.041243
smids/Normal_Sperm/Normal_Sperm (951).bmp,0,1,0,0,0.843357,0.156610,0.000033
smids/Normal_Sperm/Normal_Sperm (953).bmp,0,1,0,0,0.697062,0.298797,0.004141
smids/Normal_Sperm/Normal_Sperm (966).bmp,0,1,0,0,0.968728,0.031263,0.000009
smids/Normal_Sperm/Normal_Sperm (968).bmp,0,1,0,1,0.148349,0.838173,0.013478
smids/Normal_Sperm/Normal_Sperm (969).bmp,0,1,0,2,0.088137,0.296501,0.615362
smids/Normal_Sperm/Normal_Sperm (97).bmp,0,1,0,0,0.883597,0.111562,0.004841
smids/Normal_Sperm/Normal_Sperm (970).bmp,0,1,0,0,0.875792,0.123823,0.000385
smids/Normal_Sperm/Normal_Sperm (984).bmp,0,1,0,2,0.368112,0.163680,0.468208
smids/Normal_Sperm/Normal_Sperm (986).bmp,0,1,0,2,0.169970,0.092176,0.737854
smids/Normal_Sperm/Normal_Sperm (987).bmp,0,1,0,0,0.755328,0.239311,0.005361
smids/Normal_Sperm/Normal_Sperm (990).bmp,0,1,0,0,0.941443,0.058452,0.000106
smids/Normal_Sperm/Normal_Sperm (994).bmp,0,1,0,2,0.046035,0.053161,0.900805
smids/Normal_Sperm/Normal_Sperm (996).bmp,0,1,0,0,0.933750,0.066097,0.000153
smids/Abnormal_Sperm/Abnormal_Sperm (1005).bmp,0,2,1,1,0.052464,0.928846,0.018690
smids/Abnormal_Sperm/Abnormal_Sperm (108).bmp,0,2,1,1,0.119978,0.877604,0.002418
smids/Abnormal_Sperm/Abnormal_Sperm (114).bmp,0,2,1,1,0.018303,0.965745,0.015952
smids/Abnormal_Sperm/Abnormal_Sperm (117).bmp,0,2,1,1,0.033116,0.930742,0.036143
smids/Abnormal_Sperm/Abnormal_Sperm (122).bmp,0,2,1,1,0.185651,0.814167,0.000181
smids/Abnormal_Sperm/Abnormal_Sperm (126).bmp,0,2,1,1,0.025549,0.958477,0.015974
smids/Abnormal_Sperm/Abnormal_Sperm (129).bmp,0,2,1,1,0.033414,0.960113,0.006473
smids/Abnormal_Sperm/Abnormal_Sperm (131).bmp,0,2,1,1,0.024855,0.939708,0.035437
smids/Abnormal_Sperm/Abnormal_Sperm (134).bmp,0,2,1,1,0.015928,0.970273,0.013800
smids/Abnormal_Sperm/Abnormal_Sperm (137).bmp,0,2,1,1,0.010835,0.978162,0.011003
smids/Abnormal_Sperm/Abnormal_Sperm (15).bmp,0,2,1,1,0.428741,0.559975,0.011284
smids/Abnormal_Sperm/Abnormal_Sperm (155).bmp,0,2,1,1,0.104788,0.891765,0.003448
smids/Abnormal_Sperm/Abnormal_Sperm (156).bmp,0,2,1,1,0.107133,0.882096,0.010771
smids/Abnormal_Sperm/Abnormal_Sperm (157).bmp,0,2,1,1,0.027760,0.931518,0.040723
smids/Abnormal_Sperm/Abnormal_Sperm (16).bmp,0,2,1,1,0.122704,0.875678,0.001618
smids/Abnormal_Sperm/Abnormal_Sperm (160).bmp,0,2,1,1,0.012082,0.939245,0.048673
smids/Abnormal_Sperm/Abnormal_Sperm (161).bmp,0,2,1,1,0.040029,0.952573,0.007398
smids/Abnormal_Sperm/Abnormal_Sperm (169).bmp,0,2,1,1,0.060451,0.937828,0.001721
smids/Abnormal_Sperm/Abnormal_Sperm (177).bmp,0,2,1,2,0.001197,0.027392,0.971411
smids/Abnormal_Sperm/Abnormal_Sperm (180).bmp,0,2,1,1,0.034097,0.923596,0.042307
smids/Abnormal_Sperm/Abnormal_Sperm (181).bmp,0,2,1,1,0.005118,0.914639,0.080243
smids/Abnormal_Sperm/Abnormal_Sperm (183).bmp,0,2,1,1,0.091633,0.906240,0.002127
smids/Abnormal_Sperm/Abnormal_Sperm (190).bmp,0,2,1,1,0.013726,0.849220,0.137054
smids/Abnormal_Sperm/Abnormal_Sperm (191).bmp,0,2,1,1,0.249951,0.748051,0.001998
smids/Abnormal_Sperm/Abnormal_Sperm (196).bmp,0,2,1,1,0.327712,0.590708,0.081579
smids/Abnormal_Sperm/Abnormal_Sperm (198).bmp,0,2,1,1,0.063104,0.933542,0.003354
smids/Abnormal_Sperm/Abnormal_Sperm (202).bmp,0,2,1,1,0.033506,0.895796,0.070698
smids/Abnormal_Sperm/Abnormal_Sperm (215).bmp,0,2,1,1,0.009955,0.960708,0.029338
smids/Abnormal_Sperm/Abnormal_Sperm (219).bmp,0,2,1,1,0.067195,0.913974,0.018831
smids/Abnormal_Sperm/Abnormal_Sperm (220).bmp,0,2,1,1,0.064238,0.932718,0.003044
smids/Abnormal_Sperm/Abnormal_Sperm (223).bmp,0,2,1,2,0.006879,0.224282,0.768839
smids/Abnormal_Sperm/Abnormal_Sperm (225).bmp,0,2,1,1,0.015106,0.978780,0.006114
smids/Abnormal_Sperm/Abnormal_Sperm (238).bmp,0,2,1,1,0.038109,0.946707,0.015184
smids/Abnormal_Sperm/Abnormal_Sperm (245).bmp,0,2,1,1,0.017837,0.717763,0.264400
smids/Abnormal_Sperm/Abnormal_Sperm (247).bmp,0,2,1,2,0.015321,0.400921,0.583758
smids/Abnormal_Sperm/Abnormal_Sperm (249).bmp,0,2,1,1,0.012407,0.641543,0.346050
smids/Abnormal_Sperm/Abnormal_Sperm (251).bmp,0,2,1,1,0.067302,0.931540,0.001158
smids/Abnormal_Sperm/Abnormal_Sperm (263).bmp,0,2,1,1,0.023294,0.918402,0.058304
smids/Abnormal_Sperm/Abnormal_Sperm (267).bmp,0,2,1,1,0.151034,0.845396,0.003570
smids/Abnormal_Sperm/Abnormal_Sperm (269).bmp,0,2,1,1,0.044282,0.874093,0.081625
smids/Abnormal_Sperm/Abnormal_Sperm (277).bmp,0,2,1,1,0.045566,0.938115,0.016319
smids/Abnormal_Sperm/Abnormal_Sperm (282).bmp,0,2,1,1,0.048244,0.935796,0.015960
smids/Abnormal_Sperm/Abnormal_Sperm (284).bmp,0,2,1,1,0.028805,0.855357,0.115838
smids/Abnormal_Sperm/Abnormal_Sperm (287).bmp,0,2,1,1,0.028024,0.965932,0.006044
smids/Abnormal_Sperm/Abnormal_Sperm (296).bmp,0,2,1,1,0.024314,0.778069,0.197617
smids/Abnormal_Sperm/Abnormal_Sperm (301).bmp,0,2,1,1,0.186190,0.808510,0.005300
smids/Abnormal_Sperm/Abnormal_Sperm (302).bmp,0,2,1,1,0.081191,0.546485,0.372324
smids/Abnormal_Sperm/Abnormal_Sperm (308).bmp,0,2,1,1,0.446908,0.552049,0.001043
smids/Abnormal_Sperm/Abnormal_Sperm (312).bmp,0,2,1,2,0.014099,0.057380,0.928521
smids/Abnormal_Sperm/Abnormal_Sperm (317).bmp,0,2,1,1,0.037356,0.806577,0.156068
smids/Abnormal_Sperm/Abnormal_Sperm (323).bmp,0,2,1,1,0.087125,0.868418,0.044456
smids/Abnormal_Sperm/Abnormal_Sperm (327).bmp,0,2,1,1,0.146122,0.432828,0.421050
smids/Abnormal_Sperm/Abnormal_Sperm (328).bmp,0,2,1,1,0.028930,0.916431,0.054638
smids/Abnormal_Sperm/Abnormal_Sperm (331).bmp,0,2,1,1,0.013707,0.920748,0.065545
smids/Abnormal_Sperm/Abnormal_Sperm (336).bmp,0,2,1,1,0.058856,0.928408,0.012736
smids/Abnormal_Sperm/Abnormal_Sperm (339).bmp,0,2,1,1,0.214087,0.784851,0.001061
smids/Abnormal_Sperm/Abnormal_Sperm (353).bmp,0,2,1,1,0.054655,0.855903,0.089442
smids/Abnormal_Sperm/Abnormal_Sperm (355).bmp,0,2,1,1,0.088448,0.905515,0.006037
smids/Abnormal_Sperm/Abnormal_Sperm (363).bmp,0,2,1,1,0.030139,0.958845,0.011016
smids/Abnormal_Sperm/Abnormal_Sperm (366).bmp,0,2,1,0,0.688378,0.310573,0.001049
smids/Abnormal_Sperm/Abnormal_Sperm (369).bmp,0,2,1,1,0.047114,0.937737,0.015149
smids/Abnormal_Sperm/Abnormal_Sperm (372).bmp,0,2,1,1,0.021060,0.949709,0.029230
smids/Abnormal_Sperm/Abnormal_Sperm (374).bmp,0,2,1,1,0.017257,0.977545,0.005198
smids/Abnormal_Sperm/Abnormal_Sperm (375).bmp,0,2,1,1,0.288520,0.708809,0.002671
smids/Abnormal_Sperm/Abnormal_Sperm (381).bmp,0,2,1,1,0.073271,0.919175,0.007554
smids/Abnormal_Sperm/Abnormal_Sperm (384).bmp,0,2,1,1,0.095504,0.885205,0.019291
smids/Abnormal_Sperm/Abnormal_Sperm (389).bmp,0,2,1,1,0.276498,0.720012,0.003490
smids/Abnormal_Sperm/Abnormal_Sperm (39).bmp,0,2,1,1,0.018620,0.978242,0.003139
smids/Abnormal_Sperm/Abnormal_Sperm (390).bmp,0,2,1,1,0.083873,0.900357,0.015770
smids/Abnormal_Sperm/Abnormal_Sperm (392).bmp,0,2,1,1,0.068556,0.931414,0.000029
smids/Abnormal_Sperm/Abnormal_Sperm (393).bmp,0,2,1,1,0.010121,0.961982,0.027897
smids/Abnormal_Sperm/Abnormal_Sperm (395).bmp,0,2,1,1,0.116887,0.877128,0.005985
smids/Abnormal_Sperm/Abnormal_Sperm (398).bmp,0,2,1,1,0.149434,0.846796,0.003770
smids/Abnormal_Sperm/Abnormal_Sperm (402).bmp,0,2,1,1,0.051134,0.942522,0.006344
smids/Abnormal_Sperm/Abnormal_Sperm (404).bmp,0,2,1,1,0.385593,0.582886,0.031521
smids/Abnormal_Sperm/Abnormal_Sperm (409).bmp,0,2,1,1,0.317222,0.679756,0.003021
smids/Abnormal_Sperm/Abnormal_Sperm (410).bmp,0,2,1,1,0.087578,0.904145,0.008277
smids/Abnormal_Sperm/Abnormal_Sperm (412).bmp,0,2,1,1,0.353080,0.638537,0.008384
smids/Abnormal_Sperm/Abnormal_Sperm (413).bmp,0,2,1,1,0.050372,0.920232,0.029396
smids/Abnormal_Sperm/Abnormal_Sperm (414).bmp,0,2,1,1,0.227083,0.771656,0.001261
smids/Abnormal_Sperm/Abnormal_Sperm (415).bmp,0,2,1,1,0.110648,0.887570,0.001782
smids/Abnormal_Sperm/Abnormal_Sperm (418).bmp,0,2,1,1,0.009834,0.965874,0.024292
smids/Abnormal_Sperm/Abnormal_Sperm (425).bmp,0,2,1,1,0.178640,0.806872,0.014488
smids/Abnormal_Sperm/Abnormal_Sperm (428).bmp,0,2,1,2,0.106536,0.020446,0.873019
smids/Abnormal_Sperm/Abnormal_Sperm (434).bmp,0,2,1,1,0.128226,0.867146,0.004628
smids/Abnormal_Sperm/Abnormal_Sperm (439).bmp,0,2,1,1,0.063455,0.918013,0.018531
smids/Abnormal_Sperm/Abnormal_Sperm (446).bmp,0,2,1,1,0.165421,0.833826,0.000753
smids/Abnormal_Sperm/Abnormal_Sperm (449).bmp,0,2,1,1,0.011232,0.931385,0.057383
smids/Abnormal_Sperm/Abnormal_Sperm (455).bmp,0,2,1,1,0.070182,0.917651,0.012167
smids/Abnormal_Sperm/Abnormal_Sperm (461).bmp,0,2,1,1,0.009051,0.878416,0.112533
smids/Abnormal_Sperm/Abnormal_Sperm (472).bmp,0,2,1,1,0.025846,0.598798,0.375356
smids/Abnormal_Sperm/Abnormal_Sperm (475).bmp,0,2,1,1,0.007321,0.807418,0.185262
smids/Abnormal_Sperm/Abnormal_Sperm (480).bmp,0,2,1,1,0.330431,0.666012,0.003557
smids/Abnormal_Sperm/Abnormal_Sperm (489).bmp,0,2,1,2,0.398221,0.069455,0.532323
smids/Abnormal_Sperm/Abnormal_Sperm (494).bmp,0,2,1,1,0.045612,0.847150,0.107238
smids/Abnormal_Sperm/Abnormal_Sperm (503).bmp,0,2,1,2,0.003047,0.078652,0.918302
smids/Abnormal_Sperm/Abnormal_Sperm (504).bmp,0,2,1,1,0.022207,0.935965,0.041829
smids/Abnormal_Sperm/Abnormal_Sperm (507).bmp,0,2,1,2,0.028067,0.447452,0.524481
smids/Abnormal_Sperm/Abnormal_Sperm (509).bmp,0,2,1,2,0.035056,0.164249,0.800695
smids/Abnormal_Sperm/Abnormal_Sperm (515).bmp,0,2,1,1,0.015459,0.958908,0.025634
smids/Abnormal_Sperm/Abnormal_Sperm (517).bmp,0,2,1,1,0.123623,0.874094,0.002283
smids/Abnormal_Sperm/Abnormal_Sperm (528).bmp,0,2,1,2,0.101767,0.419851,0.478382
smids/Abnormal_Sperm/Abnormal_Sperm (534).bmp,0,2,1,1,0.047413,0.888839,0.063748
smids/Abnormal_Sperm/Abnormal_Sperm (539).bmp,0,2,1,1,0.103006,0.882906,0.014087
smids/Abnormal_Sperm/Abnormal_Sperm (541).bmp,0,2,1,1,0.036087,0.892562,0.071351
smids/Abnormal_Sperm/Abnormal_Sperm (547).bmp,0,2,1,0,0.546394,0.451720,0.001887
smids/Abnormal_Sperm/Abnormal_Sperm (550).bmp,0,2,1,1,0.035744,0.954606,0.009651
smids/Abnormal_Sperm/Abnormal_Sperm (553).bmp,0,2,1,0,0.740371,0.245535,0.014094
smids/Abnormal_Sperm/Abnormal_Sperm (560).bmp,0,2,1,1,0.430584,0.562691,0.006725
smids/Abnormal_Sperm/Abnormal_Sperm (564).bmp,0,2,1,1,0.100185,0.700189,0.199626
smids/Abnormal_Sperm/Abnormal_Sperm (567).bmp,0,2,1,1,0.140114,0.760037,0.099849
smids/Abnormal_Sperm/Abnormal_Sperm (573).bmp,0,2,1,2,0.143278,0.071163,0.785560
smids/Abnormal_Sperm/Abnormal_Sperm (576).bmp,0,2,1,2,0.008358,0.244758,0.746884
smids/Abnormal_Sperm/Abnormal_Sperm (579).bmp,0,2,1,1,0.035824,0.904002,0.060174
smids/Abnormal_Sperm/Abnormal_Sperm (582).bmp,0,2,1,2,0.019686,0.432454,0.547860
smids/Abnormal_Sperm/Abnormal_Sperm (587).bmp,0,2,1,2,0.035979,0.035897,0.928124
smids/Abnormal_Sperm/Abnormal_Sperm (596).bmp,0,2,1,1,0.100733,0.847517,0.051750
smids/Abnormal_Sperm/Abnormal_Sperm (6).bmp,0,2,1,1,0.081027,0.891072,0.027901
smids/Abnormal_Sperm/Abnormal_Sperm (607).bmp,0,2,1,0,0.662379,0.332474,0.005147
smids/Abnormal_Sperm/Abnormal_Sperm (61).bmp,0,2,1,1,0.008493,0.797512,0.193995
smids/Abnormal_Sperm/Abnormal_Sperm (62).bmp,0,2,1,1,0.176749,0.819429,0.003822
smids/Abnormal_Sperm/Abnormal_Sperm (625).bmp,0,2,1,1,0.252368,0.453753,0.293879
smids/Abnormal_Sperm/Abnormal_Sperm (628).bmp,0,2,1,1,0.097808,0.877255,0.024938
smids/Abnormal_Sperm/Abnormal_Sperm (629).bmp,0,2,1,1,0.367381,0.416792,0.215827
smids/Abnormal_Sperm/Abnormal_Sperm (63).bmp,0,2,1,1,0.104301,0.863812,0.031887
smids/Abnormal_Sperm/Abnormal_Sperm (649).bmp,0,2,1,1,0.263299,0.735888,0.000813
smids/Abnormal_Sperm/Abnormal_Sperm (651).bmp,0,2,1,1,0.335006,0.661531,0.003463
smids/Abnormal_Sperm/Abnormal_Sperm (66).bmp,0,2,1,1,0.023802,0.731224,0.244974
smids/Abnormal_Sperm/Abnormal_Sperm (661).bmp,0,2,1,1,0.162521,0.826414,0.011065
smids/Abnormal_Sperm/Abnormal_Sperm (668).bmp,0,2,1,1,0.090548,0.885890,0.023561
smids/Abnormal_Sperm/Abnormal_Sperm (671).bmp,0,2,1,1,0.197252,0.799714,0.003035
smids/Abnormal_Sperm/Abnormal_Sperm (683).bmp,0,2,1,0,0.799299,0.082164,0.118537
smids/Abnormal_Sperm/Abnormal_Sperm (691).bmp,0,2,1,1,0.159086,0.833401,0.007513
smids/Abnormal_Sperm/Abnormal_Sperm (695).bmp,0,2,1,1,0.055806,0.937134,0.007059
smids/Abnormal_Sperm/Abnormal_Sperm (717).bmp,0,2,1,0,0.897512,0.102277,0.000211
smids/Abnormal_Sperm/Abnormal_Sperm (719).bmp,0,2,1,1,0.431664,0.529709,0.038627
smids/Abnormal_Sperm/Abnormal_Sperm (733).bmp,0,2,1,1,0.310236,0.640785,0.048980
smids/Abnormal_Sperm/Abnormal_Sperm (736).bmp,0,2,1,1,0.326143,0.673610,0.000247
smids/Abnormal_Sperm/Abnormal_Sperm (742).bmp,0,2,1,0,0.683111,0.315781,0.001108
smids/Abnormal_Sperm/Abnormal_Sperm (748).bmp,0,2,1,1,0.075597,0.919906,0.004496
smids/Abnormal_Sperm/Abnormal_Sperm (754).bmp,0,2,1,1,0.468666,0.530924,0.000410
smids/Abnormal_Sperm/Abnormal_Sperm (76).bmp,0,2,1,2,0.287643,0.091481,0.620876
smids/Abnormal_Sperm/Abnormal_Sperm (764).bmp,0,2,1,1,0.328392,0.665427,0.006181
smids/Abnormal_Sperm/Abnormal_Sperm (765).bmp,0,2,1,1,0.060888,0.937878,0.001234
smids/Abnormal_Sperm/Abnormal_Sperm (767).bmp,0,2,1,1,0.359177,0.640564,0.000259
smids/Abnormal_Sperm/Abnormal_Sperm (77).bmp,0,2,1,1,0.012890,0.901162,0.085948
smids/Abnormal_Sperm/Abnormal_Sperm (770).bmp,0,2,1,0,0.707052,0.290010,0.002939
smids/Abnormal_Sperm/Abnormal_Sperm (775).bmp,0,2,1,1,0.132428,0.858114,0.009458
smids/Abnormal_Sperm/Abnormal_Sperm (785).bmp,0,2,1,0,0.752924,0.243664,0.003412
smids/Abnormal_Sperm/Abnormal_Sperm (789).bmp,0,2,1,1,0.121706,0.775713,0.102581
smids/Abnormal_Sperm/Abnormal_Sperm (793).bmp,0,2,1,2,0.171454,0.279672,0.548874
smids/Abnormal_Sperm/Abnormal_Sperm (794).bmp,0,2,1,1,0.039688,0.935209,0.025103
smids/Abnormal_Sperm/Abnormal_Sperm (801).bmp,0,2,1,1,0.373862,0.625577,0.000561
smids/Abnormal_Sperm/Abnormal_Sperm (802).bmp,0,2,1,1,0.163808,0.826498,0.009695
smids/Abnormal_Sperm/Abnormal_Sperm (803).bmp,0,2,1,0,0.836144,0.163514,0.000342
smids/Abnormal_Sperm/Abnormal_Sperm (812).bmp,0,2,1,0,0.717577,0.282085,0.000338
smids/Abnormal_Sperm/Abnormal_Sperm (823).bmp,0,2,1,1,0.266870,0.731542,0.001589
smids/Abnormal_Sperm/Abnormal_Sperm (830).bmp,0,2,1,0,0.901208,0.096381,0.002411
smids/Abnormal_Sperm/Abnormal_Sperm (831).bmp,0,2,1,1,0.344176,0.653521,0.002303
smids/Abnormal_Sperm/Abnormal_Sperm (834).bmp,0,2,1,0,0.942493,0.057234,0.000273
smids/Abnormal_Sperm/Abnormal_Sperm (839).bmp,0,2,1,0,0.978745,0.020911,0.000343
smids/Abnormal_Sperm/Abnormal_Sperm (84).bmp,0,2,1,1,0.061678,0.929738,0.008585
smids/Abnormal_Sperm/Abnormal_Sperm (840).bmp,0,2,1,1,0.081458,0.916832,0.001711
smids/Abnormal_Sperm/Abnormal_Sperm (843).bmp,0,2,1,0,0.606541,0.393184,0.000276
smids/Abnormal_Sperm/Abnormal_Sperm (847).bmp,0,2,1,1,0.268289,0.731558,0.000152
smids/Abnormal_Sperm/Abnormal_Sperm (852).bmp,0,2,1,0,0.951151,0.048698,0.000151
smids/Abnormal_Sperm/Abnormal_Sperm (855).bmp,0,2,1,1,0.459435,0.536160,0.004405
smids/Abnormal_Sperm/Abnormal_Sperm (858).bmp,0,2,1,0,0.915241,0.084444,0.000315
smids/Abnormal_Sperm/Abnormal_Sperm (865).bmp,0,2,1,1,0.478592,0.521101,0.000307
smids/Abnormal_Sperm/Abnormal_Sperm (873).bmp,0,2,1,1,0.185840,0.813161,0.001000
smids/Abnormal_Sperm/Abnormal_Sperm (874).bmp,0,2,1,1,0.257080,0.741320,0.001600
smids/Abnormal_Sperm/Abnormal_Sperm (876).bmp,0,2,1,1,0.478311,0.521029,0.000660
smids/Abnormal_Sperm/Abnormal_Sperm (877).bmp,0,2,1,1,0.221716,0.758620,0.019664
smids/Abnormal_Sperm/Abnormal_Sperm (88).bmp,0,2,1,1,0.008952,0.976649,0.014399
smids/Abnormal_Sperm/Abnormal_Sperm (883).bmp,0,2,1,1,0.207119,0.791741,0.001140
smids/Abnormal_Sperm/Abnormal_Sperm (884).bmp,0,2,1,0,0.570995,0.427548,0.001458
smids/Abnormal_Sperm/Abnormal_Sperm (885).bmp,0,2,1,1,0.267760,0.728216,0.004024
smids/Abnormal_Sperm/Abnormal_Sperm (888).bmp,0,2,1,0,0.921194,0.078634,0.000173
smids/Abnormal_Sperm/Abnormal_Sperm (894).bmp,0,2,1,1,0.361110,0.638634,0.000257
smids/Abnormal_Sperm/Abnormal_Sperm (904).bmp,0,2,1,1,0.043624,0.854814,0.101562
smids/Abnormal_Sperm/Abnormal_Sperm (906).bmp,0,2,1,0,0.791251,0.139771,0.068978
smids/Abnormal_Sperm/Abnormal_Sperm (913).bmp,0,2,1,2,0.021739,0.437826,0.540435
smids/Abnormal_Sperm/Abnormal_Sperm (915).bmp,0,2,1,2,0.322859,0.048405,0.628737
smids/Abnormal_Sperm/Abnormal_Sperm (922).bmp,0,2,1,0,0.462102,0.443604,0.094293
smids/Abnormal_Sperm/Abnormal_Sperm (929).bmp,0,2,1,1,0.134116,0.862852,0.003032
smids/Abnormal_Sperm/Abnormal_Sperm (94).bmp,0,2,1,2,0.003114,0.194293,0.802593
smids/Abnormal_Sperm/Abnormal_Sperm (943).bmp,0,2,1,0,0.745984,0.235727,0.018289
smids/Abnormal_Sperm/Abnormal_Sperm (946).bmp,0,2,1,0,0.733916,0.264630,0.001455
smids/Abnormal_Sperm/Abnormal_Sperm (947).bmp,0,2,1,1,0.260103,0.738841,0.001055
smids/Abnormal_Sperm/Abnormal_Sperm (950).bmp,0,2,1,0,0.693305,0.214773,0.091922
smids/Abnormal_Sperm/Abnormal_Sperm (96).bmp,0,2,1,1,0.007243,0.690769,0.301988
smids/Abnormal_Sperm/Abnormal_Sperm (978).bmp,0,2,1,1,0.016681,0.971133,0.012186
smids/Abnormal_Sperm/Abnormal_Sperm (979).bmp,0,2,1,1,0.028453,0.895775,0.075772
smids/Abnormal_Sperm/Abnormal_Sperm (991).bmp,0,2,1,1,0.052705,0.942977,0.004318
smids/Abnormal_Sperm/Abnormal_Sperm (997).bmp,0,2,1,1,0.042817,0.873555,0.083628
smids/Non-Sperm/Non-Sperm (10).bmp,0,2,2,2,0.000360,0.002192,0.997448
smids/Non-Sperm/Non-Sperm (107).bmp,0,2,2,2,0.000335,0.000856,0.998809
smids/Non-Sperm/Non-Sperm (122).bmp,0,2,2,2,0.000215,0.000024,0.999761
smids/Non-Sperm/Non-Sperm (130).bmp,0,2,2,2,0.000320,0.001068,0.998612
smids/Non-Sperm/Non-Sperm (134).bmp,0,2,2,2,0.000433,0.000141,0.999426
smids/Non-Sperm/Non-Sperm (14).bmp,0,2,2,2,0.012075,0.166232,0.821693
smids/Non-Sperm/Non-Sperm (140).bmp,0,2,2,2,0.002381,0.003606,0.994013
smids/Non-Sperm/Non-Sperm (141).bmp,0,2,2,2,0.000359,0.000336,0.999305
smids/Non-Sperm/Non-Sperm (143).bmp,0,2,2,2,0.004804,0.001638,0.993558
smids/Non-Sperm/Non-Sperm (150).bmp,0,2,2,2,0.000133,0.000018,0.999849
smids/Non-Sperm/Non-Sperm (159).bmp,0,2,2,2,0.001277,0.000146,0.998577
smids/Non-Sperm/Non-Sperm (16).bmp,0,2,2,2,0.001680,0.026445,0.971875
smids/Non-Sperm/Non-Sperm (160).bmp,0,2,2,2,0.004861,0.001847,0.993292
smids/Non-Sperm/Non-Sperm (168).bmp,0,2,2,2,0.000327,0.003318,0.996355
smids/Non-Sperm/Non-Sperm (171).bmp,0,2,2,2,0.040469,0.067114,0.892417
smids/Non-Sperm/Non-Sperm (172).bmp,0,2,2,2,0.000398,0.003451,0.996151
smids/Non-Sperm/Non-Sperm (183).bmp,0,2,2,2,0.000147,0.002716,0.997136
smids/Non-Sperm/Non-Sperm (184).bmp,0,2,2,2,0.182897,0.022042,0.795061
smids/Non-Sperm/Non-Sperm (188).bmp,0,2,2,2,0.000120,0.000387,0.999493
smids/Non-Sperm/Non-Sperm (207).bmp,0,2,2,2,0.000087,0.000305,0.999608
smids/Non-Sperm/Non-Sperm (219).bmp,0,2,2,2,0.000130,0.000381,0.999490
smids/Non-Sperm/Non-Sperm (223).bmp,0,2,2,2,0.001426,0.000364,0.998210
smids/Non-Sperm/Non-Sperm (225).bmp,0,2,2,2,0.006271,0.004239,0.989490
smids/Non-Sperm/Non-Sperm (227).bmp,0,2,2,2,0.001174,0.005923,0.992903
smids/Non-Sperm/Non-Sperm (229).bmp,0,2,2,2,0.000283,0.003378,0.996338
smids/Non-Sperm/Non-Sperm (230).bmp,0,2,2,2,0.015608,0.003437,0.980954
smids/Non-Sperm/Non-Sperm (238).bmp,0,2,2,2,0.001831,0.003972,0.994197
smids/Non-Sperm/Non-Sperm (239).bmp,0,2,2,2,0.003258,0.000148,0.996594
smids/Non-Sperm/Non-Sperm (24).bmp,0,2,2,1,0.012154,0.722093,0.265753
smids/Non-Sperm/Non-Sperm (242).bmp,0,2,2,2,0.002451,0.021995,0.975554
smids/Non-Sperm/Non-Sperm (244).bmp,0,2,2,2,0.001570,0.006741,0.991688
smids/Non-Sperm/Non-Sperm (249).bmp,0,2,2,2,0.001334,0.000254,0.998412
smids/Non-Sperm/Non-Sperm (25).bmp,0,2,2,2,0.118575,0.007578,0.873847
smids/Non-Sperm/Non-Sperm (252).bmp,0,2,2,2,0.000648,0.000486,0.998866
smids/Non-Sperm/Non-Sperm (255).bmp,0,2,2,2,0.000746,0.000026,0.999229
smids/Non-Sperm/Non-Sperm (258).bmp,0,2,2,2,0.002405,0.009536,0.988059
smids/Non-Sperm/Non-Sperm (260).bmp,0,2,2,2,0.001922,0.003852,0.994227
smids/Non-Sperm/Non-Sperm (263).bmp,0,2,2,2,0.011427,0.048220,0.940352
smids/Non-Sperm/Non-Sperm (265).bmp,0,2,2,2,0.002722,0.001282,0.995997
smids/Non-Sperm/Non-Sperm (266).bmp,0,2,2,2,0.000141,0.000026,0.999833
smids/Non-Sperm/Non-Sperm (270).bmp,0,2,2,2,0.001286,0.000629,0.998084
smids/Non-Sperm/Non-Sperm (272).bmp,0,2,2,2,0.012217,0.017286,0.970497
smids/Non-Sperm/Non-Sperm (275).bmp,0,2,2,2,0.000132,0.002333,0.997535
smids/Non-Sperm/Non-Sperm (279).bmp,0,2,2,2,0.000136,0.000602,0.999262
smids/Non-Sperm/Non-Sperm (280).bmp,0,2,2,2,0.000088,0.000291,0.999621
smids/Non-Sperm/Non-Sperm (285).bmp,0,2,2,2,0.000033,0.000132,0.999834
smids/Non-Sperm/Non-Sperm (288).bmp,0,2,2,2,0.002808,0.005223,0.991970
smids/Non-Sperm/Non-Sperm (300).bmp,0,2,2,2,0.000167,0.000094,0.999739
smids/Non-Sperm/Non-Sperm (301).bmp,0,2,2,2,0.001016,0.005419,0.993565
smids/Non-Sperm/Non-Sperm (305).bmp,0,2,2,2,0.001990,0.000593,0.997416
smids/Non-Sperm/Non-Sperm (31).bmp,0,2,2,2,0.000580,0.007619,0.991801
smids/Non-Sperm/Non-Sperm (310).bmp,0,2,2,2,0.000152,0.001551,0.998296
smids/Non-Sperm/Non-Sperm (313).bmp,0,2,2,2,0.007685,0.043510,0.948805
smids/Non-Sperm/Non-Sperm (316).bmp,0,2,2,2,0.001081,0.002337,0.996582
smids/Non-Sperm/Non-Sperm (32).bmp,0,2,2,2,0.000550,0.004301,0.995149
smids/Non-Sperm/Non-Sperm (320).bmp,0,2,2,2,0.000776,0.002192,0.997032
smids/Non-Sperm/Non-Sperm (325).bmp,0,2,2,2,0.000551,0.000117,0.999332
smids/Non-Sperm/Non-Sperm (327).bmp,0,2,2,0,0.721549,0.118693,0.159758
smids/Non-Sperm/Non-Sperm (328).bmp,0,2,2,2,0.000498,0.001866,0.997636
smids/Non-Sperm/Non-Sperm (331).bmp,0,2,2,2,0.000386,0.001050,0.998563
smids/Non-Sperm/Non-Sperm (335).bmp,0,2,2,2,0.043853,0.196457,0.759690
smids/Non-Sperm/Non-Sperm (339).bmp,0,2,2,2,0.000599,0.008066,0.991335
smids/Non-Sperm/Non-Sperm (34).bmp,0,2,2,2,0.007443,0.141542,0.851016
smids/Non-Sperm/Non-Sperm (342).bmp,0,2,2,2,0.057252,0.031109,0.911639
smids/Non-Sperm/Non-Sperm (346).bmp,0,2,2,2,0.000845,0.000525,0.998630
smids/Non-Sperm/Non-Sperm (349).bmp,0,2,2,2,0.005494,0.004293,0.990213
smids/Non-Sperm/Non-Sperm (357).bmp,0,2,2,2,0.099807,0.236048,0.664145
smids/Non-Sperm/Non-Sperm (37).bmp,0,2,2,2,0.004948,0.099500,0.895552
smids/Non-Sperm/Non-Sperm (373).bmp,0,2,2,2,0.001610,0.004505,0.993884
smids/Non-Sperm/Non-Sperm (375).bmp,0,2,2,2,0.003667,0.001049,0.995285
smids/Non-Sperm/Non-Sperm (376).bmp,0,2,2,1,0.112408,0.603524,0.284067
smids/Non-Sperm/Non-Sperm (382).bmp,0,2,2,2,0.179779,0.019897,0.800324
smids/Non-Sperm/Non-Sperm (387).bmp,0,2,2,2,0.001113,0.005168,0.993719
smids/Non-Sperm/Non-Sperm (390).bmp,0,2,2,2,0.001725,0.012936,0.985340
smids/Non-Sperm/Non-Sperm (4).bmp,0,2,2,2,0.002859,0.257812,0.739329
smids/Non-Sperm/Non-Sperm (407).bmp,0,2,2,2,0.001743,0.001175,0.997082
smids/Non-Sperm/Non-Sperm (41).bmp,0,2,2,2,0.002083,0.053917,0.944001
smids/Non-Sperm/Non-Sperm (414).bmp,0,2,2,2,0.049703,0.001279,0.949018
smids/Non-Sperm/Non-Sperm (415).bmp,0,2,2,0,0.865003,0.037727,0.097270
smids/Non-Sperm/Non-Sperm (421).bmp,0,2,2,2,0.001155,0.000507,0.998337
smids/Non-Sperm/Non-Sperm (429).bmp,0,2,2,2,0.000045,0.000005,0.999951
smids/Non-Sperm/Non-Sperm (43).bmp,0,2,2,2,0.003562,0.090253,0.906185
smids/Non-Sperm/Non-Sperm (432).bmp,0,2,2,2,0.001147,0.000347,0.998506
smids/Non-Sperm/Non-Sperm (436).bmp,0,2,2,2,0.000494,0.001342,0.998164
smids/Non-Sperm/Non-Sperm (440).bmp,0,2,2,2,0.110502,0.033943,0.855555
smids/Non-Sperm/Non-Sperm (441).bmp,0,2,2,2,0.001313,0.000455,0.998232
smids/Non-Sperm/Non-Sperm (442).bmp,0,2,2,2,0.000027,0.000035,0.999938
smids/Non-Sperm/Non-Sperm (45).bmp,0,2,2,2,0.003325,0.000102,0.996573
smids/Non-Sperm/Non-Sperm (463).bmp,0,2,2,1,0.101109,0.743250,0.155641
smids/Non-Sperm/Non-Sperm (464).bmp,0,2,2,2,0.000487,0.004177,0.995336
smids/Non-Sperm/Non-Sperm (465).bmp,0,2,2,2,0.000215,0.001692,0.998093
smids/Non-Sperm/Non-Sperm (466).bmp,0,2,2,2,0.025493,0.002816,0.971691
smids/Non-Sperm/Non-Sperm (467).bmp,0,2,2,2,0.000043,0.000166,0.999791
smids/Non-Sperm/Non-Sperm (473).bmp,0,2,2,2,0.004922,0.052967,0.942111
smids/Non-Sperm/Non-Sperm (475).bmp,0,2,2,2,0.001610,0.003144,0.995246
smids/Non-Sperm/Non-Sperm (477).bmp,0,2,2,2,0.002267,0.013480,0.984253
smids/Non-Sperm/Non-Sperm (479).bmp,0,2,2,2,0.009397,0.111273,0.879330
smids/Non-Sperm/Non-Sperm (482).bmp,0,2,2,2,0.000854,0.009980,0.989166
smids/Non-Sperm/Non-Sperm (489).bmp,0,2,2,2,0.000434,0.002015,0.997551
smids/Non-Sperm/Non-Sperm (491).bmp,0,2,2,2,0.008524,0.006281,0.985195
smids/Non-Sperm/Non-Sperm (495).bmp,0,2,2,2,0.001175,0.008275,0.990551
smids/Non-Sperm/Non-Sperm (503).bmp,0,2,2,2,0.005584,0.017587,0.976829
smids/Non-Sperm/Non-Sperm (506).bmp,0,2,2,2,0.001587,0.009738,0.988674
smids/Non-Sperm/Non-Sperm (510).bmp,0,2,2,2,0.000472,0.004012,0.995516
smids/Non-Sperm/Non-Sperm (513).bmp,0,2,2,2,0.233169,0.095062,0.671769
smids/Non-Sperm/Non-Sperm (514).bmp,0,2,2,2,0.000334,0.001188,0.998478
smids/Non-Sperm/Non-Sperm (515).bmp,0,2,2,2,0.000644,0.000195,0.999161
smids/Non-Sperm/Non-Sperm (519).bmp,0,2,2,2,0.008260,0.007589,0.984152
smids/Non-Sperm/Non-Sperm (52).bmp,0,2,2,2,0.000367,0.000366,0.999266
smids/Non-Sperm/Non-Sperm (520).bmp,0,2,2,2,0.000816,0.004236,0.994948
smids/Non-Sperm/Non-Sperm (526).bmp,0,2,2,2,0.051476,0.007129,0.941395
smids/Non-Sperm/Non-Sperm (528).bmp,0,2,2,2,0.030885,0.319528,0.649587
smids/Non-Sperm/Non-Sperm (531).bmp,0,2,2,2,0.332918,0.073600,0.593482
smids/Non-Sperm/Non-Sperm (535).bmp,0,2,2,1,0.109351,0.595372,0.295277
smids/Non-Sperm/Non-Sperm (549).bmp,0,2,2,2,0.000139,0.000744,0.999117
smids/Non-Sperm/Non-Sperm (554).bmp,0,2,2,2,0.001622,0.037546,0.960832
smids/Non-Sperm/Non-Sperm (555).bmp,0,2,2,2,0.004780,0.001056,0.994164
smids/Non-Sperm/Non-Sperm (558).bmp,0,2,2,2,0.006239,0.014285,0.979476
smids/Non-Sperm/Non-Sperm (559).bmp,0,2,2,2,0.000188,0.000302,0.999511
smids/Non-Sperm/Non-Sperm (567).bmp,0,2,2,2,0.037161,0.010059,0.952780
smids/Non-Sperm/Non-Sperm (577).bmp,0,2,2,2,0.000182,0.001392,0.998426
smids/Non-Sperm/Non-Sperm (578).bmp,0,2,2,2,0.341420,0.020086,0.638494
smids/Non-Sperm/Non-Sperm (584).bmp,0,2,2,2,0.063337,0.299776,0.636887
smids/Non-Sperm/Non-Sperm (606).bmp,0,2,2,2,0.000595,0.001843,0.997561
smids/Non-Sperm/Non-Sperm (617).bmp,0,2,2,2,0.006745,0.001681,0.991573
smids/Non-Sperm/Non-Sperm (619).bmp,0,2,2,2,0.017567,0.069952,0.912481
smids/Non-Sperm/Non-Sperm (631).bmp,0,2,2,2,0.001582,0.003154,0.995264
smids/Non-Sperm/Non-Sperm (649).bmp,0,2,2,2,0.000145,0.000078,0.999777
smids/Non-Sperm/Non-Sperm (653).bmp,0,2,2,2,0.032308,0.093661,0.874031
smids/Non-Sperm/Non-Sperm (659).bmp,0,2,2,2,0.000030,0.000177,0.999792
smids/Non-Sperm/Non-Sperm (662).bmp,0,2,2,2,0.003198,0.000964,0.995838
smids/Non-Sperm/Non-Sperm (665).bmp,0,2,2,2,0.000223,0.000137,0.999640
smids/Non-Sperm/Non-Sperm (672).bmp,0,2,2,2,0.000057,0.000298,0.999645
smids/Non-Sperm/Non-Sperm (673).bmp,0,2,2,2,0.000149,0.000073,0.999778
smids/Non-Sperm/Non-Sperm (675).bmp,0,2,2,2,0.002102,0.006323,0.991574
smids/Non-Sperm/Non-Sperm (679).bmp,0,2,2,2,0.014559,0.133314,0.852127
smids/Non-Sperm/Non-Sperm (688).bmp,0,2,2,2,0.003216,0.030434,0.966350
smids/Non-Sperm/Non-Sperm (691).bmp,0,2,2,2,0.023704,0.010139,0.966157
smids/Non-Sperm/Non-Sperm (695).bmp,0,2,2,1,0.072492,0.645439,0.282069
smids/Non-Sperm/Non-Sperm (700).bmp,0,2,2,2,0.003393,0.000322,0.996284
smids/Non-Sperm/Non-Sperm (721).bmp,0,2,2,2,0.003991,0.015513,0.980496
smids/Non-Sperm/Non-Sperm (739).bmp,0,2,2,2,0.004189,0.000566,0.995245
smids/Non-Sperm/Non-Sperm (74).bmp,0,2,2,2,0.001054,0.012385,0.986561
smids/Non-Sperm/Non-Sperm (743).bmp,0,2,2,2,0.005249,0.000322,0.994429
smids/Non-Sperm/Non-Sperm (744).bmp,0,2,2,2,0.000131,0.001231,0.998639
smids/Non-Sperm/Non-Sperm (773).bmp,0,2,2,2,0.000218,0.001276,0.998506
smids/Non-Sperm/Non-Sperm (775).bmp,0,2,2,2,0.002801,0.003340,0.993860
smids/Non-Sperm/Non-Sperm (778).bmp,0,2,2,2,0.007477,0.007017,0.985506
smids/Non-Sperm/Non-Sperm (779).bmp,0,2,2,2,0.004209,0.046655,0.949135
smids/Non-Sperm/Non-Sperm (780).bmp,0,2,2,2,0.001844,0.011637,0.986520
smids/Non-Sperm/Non-Sperm (791).bmp,0,2,2,2,0.000285,0.001541,0.998174
smids/Non-Sperm/Non-Sperm (795).bmp,0,2,2,2,0.048906,0.006710,0.944384
smids/Non-Sperm/Non-Sperm (798).bmp,0,2,2,2,0.026125,0.005189,0.968687
smids/Non-Sperm/Non-Sperm (799).bmp,0,2,2,2,0.000120,0.001036,0.998844
smids/Non-Sperm/Non-Sperm (80).bmp,0,2,2,2,0.003335,0.014446,0.982218
smids/Non-Sperm/Non-Sperm (806).bmp,0,2,2,2,0.000470,0.003020,0.996509
smids/Non-Sperm/Non-Sperm (810).bmp,0,2,2,2,0.001497,0.001768,0.996735
smids/Non-Sperm/Non-Sperm (812).bmp,0,2,2,2,0.009481,0.005595,0.984924
smids/Non-Sperm/Non-Sperm (821).bmp,0,2,2,2,0.002826,0.012054,0.985120
smids/Non-Sperm/Non-Sperm (829).bmp,0,2,2,2,0.000452,0.013762,0.985786
smids/Non-Sperm/Non-Sperm (833).bmp,0,2,2,2,0.003514,0.004296,0.992190
smids/Non-Sperm/Non-Sperm (837).bmp,0,2,2,2,0.000449,0.001624,0.997926
smids/Non-Sperm/Non-Sperm (839).bmp,0,2,2,2,0.005040,0.000278,0.994682
smids/Non-Sperm/Non-Sperm (841).bmp,0,2,2,1,0.186244,0.601546,0.212210
smids/Non-Sperm/Non-Sperm (842).bmp,0,2,2,2,0.000184,0.000165,0.999651
smids/Non-Sperm/Non-Sperm (843).bmp,0,2,2,2,0.000736,0.000017,0.999248
smids/Non-Sperm/Non-Sperm (846).bmp,0,2,2,0,0.654387,0.017374,0.328239
smids/Non-Sperm/Non-Sperm (851).bmp,0,2,2,2,0.016406,0.040559,0.943035
smids/Non-Sperm/Non-Sperm (853).bmp,0,2,2,2,0.006756,0.061192,0.932053
smids/Non-Sperm/Non-Sperm (857).bmp,0,2,2,2,0.004541,0.022290,0.973169
smids/Non-Sperm/Non-Sperm (865).bmp,0,2,2,2,0.032045,0.079486,0.888469
smids/Non-Sperm/Non-Sperm (869).bmp,0,2,2,2,0.002122,0.000781,0.997097
smids/Non-Sperm/Non-Sperm (87).bmp,0,2,2,2,0.051628,0.366975,0.581397
smids/Non-Sperm/Non-Sperm (874).bmp,0,2,2,2,0.003098,0.028316,0.968585
smids/Non-Sperm/Non-Sperm (89).bmp,0,2,2,2,0.000626,0.000182,0.999192
smids/Non-Sperm/Non-Sperm (896).bmp,0,2,2,2,0.010984,0.127869,0.861147
smids/Non-Sperm/Non-Sperm (9).bmp,0,2,2,2,0.000186,0.010659,0.989154
smids/Non-Sperm/Non-Sperm (901).bmp,0,2,2,2,0.033306,0.435535,0.531159
smids/Non-Sperm/Non-Sperm (906).bmp,0,2,2,0,0.603344,0.035997,0.360659
smids/Non-Sperm/Non-Sperm (912).bmp,0,2,2,1,0.016681,0.613891,0.369428
smids/Non-Sperm/Non-Sperm (913).bmp,0,2,2,2,0.000054,0.000162,0.999785
smids/Non-Sperm/Non-Sperm (914).bmp,0,2,2,2,0.000473,0.004806,0.994721
smids/Non-Sperm/Non-Sperm (923).bmp,0,2,2,2,0.044355,0.053752,0.901893
smids/Non-Sperm/Non-Sperm (925).bmp,0,2,2,2,0.001349,0.015115,0.983536
smids/Non-Sperm/Non-Sperm (929).bmp,0,2,2,1,0.175267,0.660913,0.163819
smids/Non-Sperm/Non-Sperm (933).bmp,0,2,2,2,0.399894,0.026289,0.573817
smids/Non-Sperm/Non-Sperm (934).bmp,0,2,2,2,0.006006,0.001815,0.992178
smids/Non-Sperm/Non-Sperm (941).bmp,0,2,2,2,0.020810,0.009413,0.969777
smids/Non-Sperm/Non-Sperm (944).bmp,0,2,2,0,0.796469,0.166321,0.037210
smids/Non-Sperm/Non-Sperm (947).bmp,0,2,2,2,0.005538,0.006414,0.988048
smids/Non-Sperm/Non-Sperm (951).bmp,0,2,2,1,0.148965,0.759090,0.091945
smids/Non-Sperm/Non-Sperm (953).bmp,0,2,2,1,0.126320,0.714598,0.159081
smids/Non-Sperm/Non-Sperm (956).bmp,0,2,2,2,0.001963,0.000666,0.997370
smids/Non-Sperm/Non-Sperm (99).bmp,0,2,2,2,0.000215,0.000128,0.999657
smids/Normal_Sperm/Normal_Sperm (100).bmp,0,2,0,0,0.996353,0.001400,0.002248
smids/Normal_Sperm/Normal_Sperm (1003).bmp,0,2,0,0,0.563762,0.074401,0.361836
smids/Normal_Sperm/Normal_Sperm (1006).bmp,0,2,0,0,0.690004,0.308987,0.001008
smids/Normal_Sperm/Normal_Sperm (1007).bmp,0,2,0,0,0.618648,0.377310,0.004043
smids/Normal_Sperm/Normal_Sperm (1009).bmp,0,2,0,0,0.468981,0.456056,0.074963
smids/Normal_Sperm/Normal_Sperm (1016).bmp,0,2,0,0,0.796198,0.193257,0.010544
smids/Normal_Sperm/Normal_Sperm (1017).bmp,0,2,0,0,0.994479,0.002504,0.003017
smids/Normal_Sperm/Normal_Sperm (103).bmp,0,2,0,0,0.983459,0.009234,0.007307
smids/Normal_Sperm/Normal_Sperm (105).bmp,0,2,0,0,0.985823,0.001645,0.012532
smids/Normal_Sperm/Normal_Sperm (107).bmp,0,2,0,0,0.502110,0.047972,0.449918
smids/Normal_Sperm/Normal_Sperm (108).bmp,0,2,0,0,0.985298,0.005932,0.008769
smids/Normal_Sperm/Normal_Sperm (113).bmp,0,2,0,0,0.951626,0.048090,0.000284
smids/Normal_Sperm/Normal_Sperm (115).bmp,0,2,0,0,0.817144,0.173733,0.009123
smids/Normal_Sperm/Normal_Sperm (12).bmp,0,2,0,0,0.832983,0.166664,0.000353
smids/Normal_Sperm/Normal_Sperm (123).bmp,0,2,0,0,0.869713,0.048105,0.082182
smids/Normal_Sperm/Normal_Sperm (125).bmp,0,2,0,0,0.955314,0.017931,0.026754
smids/Normal_Sperm/Normal_Sperm (132).bmp,0,2,0,0,0.790603,0.195295,0.014101
smids/Normal_Sperm/Normal_Sperm (135).bmp,0,2,0,0,0.656979,0.142287,0.200735
smids/Normal_Sperm/Normal_Sperm (138).bmp,0,2,0,0,0.661028,0.314294,0.024678
smids/Normal_Sperm/Normal_Sperm (140).bmp,0,2,0,1,0.243841,0.449336,0.306823
smids/Normal_Sperm/Normal_Sperm (142).bmp,0,2,0,0,0.523754,0.240733,0.235513
smids/Normal_Sperm/Normal_Sperm (144).bmp,0,2,0,0,0.991224,0.008389,0.000387
smids/Normal_Sperm/Normal_Sperm (147).bmp,0,2,0,1,0.288260,0.670349,0.041391
smids/Normal_Sperm/Normal_Sperm (157).bmp,0,2,0,0,0.919639,0.079545,0.000816
smids/Normal_Sperm/Normal_Sperm (16).bmp,0,2,0,1,0.287939,0.644614,0.067447
smids/Normal_Sperm/Normal_Sperm (162).bmp,0,2,0,0,0.913572,0.086129,0.000299
smids/Normal_Sperm/Normal_Sperm (169).bmp,0,2,0,0,0.962377,0.035421,0.002202
smids/Normal_Sperm/Normal_Sperm (17).bmp,0,2,0,0,0.946457,0.052139,0.001404
smids/Normal_Sperm/Normal_Sperm (172).bmp,0,2,0,0,0.947993,0.050998,0.001009
smids/Normal_Sperm/Normal_Sperm (177).bmp,0,2,0,0,0.944899,0.051328,0.003773
smids/Normal_Sperm/Normal_Sperm (194).bmp,0,2,0,0,0.968993,0.030949,0.000058
smids/Normal_Sperm/Normal_Sperm (200).bmp,0,2,0,1,0.360107,0.639305,0.000588
smids/Normal_Sperm/Normal_Sperm (205).bmp,0,2,0,0,0.981156,0.018664,0.000180
smids/Normal_Sperm/Normal_Sperm (208).bmp,0,2,0,0,0.616080,0.369234,0.014686
smids/Normal_Sperm/Normal_Sperm (21).bmp,0,2,0,0,0.974153,0.010892,0.014956
smids/Normal_Sperm/Normal_Sperm (211).bmp,0,2,0,0,0.669803,0.320251,0.009947
smids/Normal_Sperm/Normal_Sperm (213).bmp,0,2,0,0,0.910819,0.086861,0.002320
smids/Normal_Sperm/Normal_Sperm (214).bmp,0,2,0,0,0.896371,0.102986,0.000643
smids/Normal_Sperm/Normal_Sperm (216).bmp,0,2,0,0,0.717254,0.277794,0.004952
smids/Normal_Sperm/Normal_Sperm (219).bmp,0,2,0,0,0.758839,0.237395,0.003765
smids/Normal_Sperm/Normal_Sperm (220).bmp,0,2,0,0,0.864571,0.133894,0.001534
smids/Normal_Sperm/Normal_Sperm (221).bmp,0,2,0,0,0.974199,0.009922,0.015879
smids/Normal_Sperm/Normal_Sperm (223).bmp,0,2,0,0,0.641716,0.351278,0.007006
smids/Normal_Sperm/Normal_Sperm (238).bmp,0,2,0,0,0.668471,0.329860,0.001669
smids/Normal_Sperm/Normal_Sperm (239).bmp,0,2,0,0,0.988502,0.011226,0.000272
smids/Normal_Sperm/Normal_Sperm (241).bmp,0,2,0,0,0.950001,0.046492,0.003507
smids/Normal_Sperm/Normal_Sperm (27).bmp,0,2,0,0,0.996623,0.002221,0.001156
smids/Normal_Sperm/Normal_Sperm (271).bmp,0,2,0,0,0.964135,0.014853,0.021012
smids/Normal_Sperm/Normal_Sperm (273).bmp,0,2,0,0,0.954414,0.045264,0.000322
smids/Normal_Sperm/Normal_Sperm (275).bmp,0,2,0,0,0.908241,0.091136,0.000622
smids/Normal_Sperm/Normal_Sperm (281).bmp,0,2,0,0,0.984407,0.015474,0.000119
smids/Normal_Sperm/Normal_Sperm (291).bmp,0,2,0,1,0.262588,0.729169,0.008243
smids/Normal_Sperm/Normal_Sperm (294).bmp,0,2,0,0,0.948234,0.050315,0.001451
smids/Normal_Sperm/Normal_Sperm (297).bmp,0,2,0,0,0.841385,0.154526,0.004089
smids/Normal_Sperm/Normal_Sperm (300).bmp,0,2,0,0,0.682374,0.301691,0.015935
smids/Normal_Sperm/Normal_Sperm (314).bmp,0,2,0,1,0.284486,0.446632,0.268881
smids/Normal_Sperm/Normal_Sperm (320).bmp,0,2,0,0,0.605518,0.380353,0.014128
smids/Normal_Sperm/Normal_Sperm (325).bmp,0,2,0,0,0.834897,0.157955,0.007148
smids/Normal_Sperm/Normal_Sperm (337).bmp,0,2,0,0,0.843121,0.130450,0.026429
smids/Normal_Sperm/Normal_Sperm (339).bmp,0,2,0,0,0.733791,0.254443,0.011765
smids/Normal_Sperm/Normal_Sperm (349).bmp,0,2,0,0,0.835920,0.116403,0.047677
smids/Normal_Sperm/Normal_Sperm (350).bmp,0,2,0,1,0.459902,0.537692,0.002406
smids/Normal_Sperm/Normal_Sperm (356).bmp,0,2,0,0,0.983096,0.016770,0.000135
smids/Normal_Sperm/Normal_Sperm (365).bmp,0,2,0,0,0.642011,0.353751,0.004238
smids/Normal_Sperm/Normal_Sperm (371).bmp,0,2,0,0,0.979837,0.020032,0.000131
smids/Normal_Sperm/Normal_Sperm (378).bmp,0,2,0,0,0.872841,0.126993,0.000166
smids/Normal_Sperm/Normal_Sperm (38).bmp,0,2,0,2,0.062818,0.008447,0.928735
smids/Normal_Sperm/Normal_Sperm (383).bmp,0,2,0,0,0.692471,0.301281,0.006248
smids/Normal_Sperm/Normal_Sperm (385).bmp,0,2,0,0,0.882449,0.117483,0.000068
smids/Normal_Sperm/Normal_Sperm (394).bmp,0,2,0,0,0.953472,0.046044,0.000483
smids/Normal_Sperm/Normal_Sperm (40).bmp,0,2,0,0,0.882856,0.101378,0.015766
smids/Normal_Sperm/Normal_Sperm (403).bmp,0,2,0,0,0.625046,0.367210,0.007745
smids/Normal_Sperm/Normal_Sperm (405).bmp,0,2,0,0,0.946817,0.052370,0.000812
smids/Normal_Sperm/Normal_Sperm (406).bmp,0,2,0,0,0.816559,0.179597,0.003844
smids/Normal_Sperm/Normal_Sperm (414).bmp,0,2,0,0,0.974772,0.020458,0.004771
smids/Normal_Sperm/Normal_Sperm (418).bmp,0,2,0,0,0.792185,0.207290,0.000525
smids/Normal_Sperm/Normal_Sperm (421).bmp,0,2,0,0,0.572479,0.342663,0.084858
smids/Normal_Sperm/Normal_Sperm (429).bmp,0,2,0,0,0.755618,0.205634,0.038748
smids/Normal_Sperm/Normal_Sperm (430).bmp,0,2,0,0,0.919577,0.079773,0.000650
smids/Normal_Sperm/Normal_Sperm (438).bmp,0,2,0,0,0.892475,0.106770,0.000755
smids/Normal_Sperm/Normal_Sperm (443).bmp,0,2,0,0,0.997158,0.001521,0.001321
smids/Normal_Sperm/Normal_Sperm (449).bmp,0,2,0,0,0.937622,0.061631,0.000747
smids/Normal_Sperm/Normal_Sperm (45).bmp,0,2,0,0,0.962112,0.020039,0.017849
smids/Normal_Sperm/Normal_Sperm (452).bmp,0,2,0,0,0.953231,0.046671,0.000098
smids/Normal_Sperm/Normal_Sperm (457).bmp,0,2,0,0,0.987480,0.011915,0.000605
smids/Normal_Sperm/Normal_Sperm (46).bmp,0,2,0,0,0.801052,0.194897,0.004051
smids/Normal_Sperm/Normal_Sperm (462).bmp,0,2,0,0,0.907902,0.090240,0.001858
smids/Normal_Sperm/Normal_Sperm (469).bmp,0,2,0,0,0.814158,0.183382,0.002460
smids/Normal_Sperm/Normal_Sperm (474).bmp,0,2,0,0,0.922504,0.077035,0.000461
smids/Normal_Sperm/Normal_Sperm (476).bmp,0,2,0,0,0.610349,0.387629,0.002022
smids/Normal_Sperm/Normal_Sperm (482).bmp,0,2,0,0,0.937734,0.061317,0.000949
smids/Normal_Sperm/Normal_Sperm (492).bmp,0,2,0,0,0.983692,0.016152,0.000155
smids/Normal_Sperm/Normal_Sperm (497).bmp,0,2,0,0,0.921061,0.070907,0.008032
smids/Normal_Sperm/Normal_Sperm (50).bmp,0,2,0,0,0.702967,0.291073,0.005959
smids/Normal_Sperm/Normal_Sperm (500).bmp,0,2,0,0,0.964754,0.034916,0.000330
smids/Normal_Sperm/Normal_Sperm (502).bmp,0,2,0,0,0.990941,0.002537,0.006522
smids/Normal_Sperm/Normal_Sperm (511).bmp,0,2,0,0,0.859059,0.138254,0.002686
smids/Normal_Sperm/Normal_Sperm (523).bmp,0,2,0,0,0.849493,0.140375,0.010132
smids/Normal_Sperm/Normal_Sperm (525).bmp,0,2,0,0,0.920739,0.077840,0.001422
smids/Normal_Sperm/Normal_Sperm (529).bmp,0,2,0,0,0.981933,0.017636,0.000431
smids/Normal_Sperm/Normal_Sperm (53).bmp,0,2,0,0,0.971029,0.028377,0.000594
smids/Normal_Sperm/Normal_Sperm (546).bmp,0,2,0,0,0.985284,0.009392,0.005324
smids/Normal_Sperm/Normal_Sperm (547).bmp,0,2,0,0,0.965811,0.034051,0.000137
smids/Normal_Sperm/Normal_Sperm (55).bmp,0,2,0,0,0.729007,0.134729,0.136265
smids/Normal_Sperm/Normal_Sperm (551).bmp,0,2,0,0,0.914388,0.085006,0.000605
smids/Normal_Sperm/Normal_Sperm (559).bmp,0,2,0,0,0.969489,0.016625,0.013886
smids/Normal_Sperm/Normal_Sperm (56).bmp,0,2,0,0,0.718292,0.281018,0.000690
smids/Normal_Sperm/Normal_Sperm (562).bmp,0,2,0,0,0.991930,0.008022,0.000048
smids/Normal_Sperm/Normal_Sperm (570).bmp,0,2,0,0,0.941365,0.058385,0.000250
smids/Normal_Sperm/Normal_Sperm (577).bmp,0,2,0,0,0.733292,0.262567,0.004141
smids/Normal_Sperm/Normal_Sperm (579).bmp,0,2,0,0,0.824093,0.173615,0.002292
smids/Normal_Sperm/Normal_Sperm (581).bmp,0,2,0,0,0.968066,0.031858,0.000075
smids/Normal_Sperm/Normal_Sperm (583).bmp,0,2,0,0,0.919436,0.080062,0.000502
smids/Normal_Sperm/Normal_Sperm (585).bmp,0,2,0,0,0.913050,0.085653,0.001297
smids/Normal_Sperm/Normal_Sperm (586).bmp,0,2,0,0,0.936519,0.062442,0.001039
smids/Normal_Sperm/Normal_Sperm (589).bmp,0,2,0,0,0.622211,0.375477,0.002312
smids/Normal_Sperm/Normal_Sperm (597).bmp,0,2,0,0,0.915258,0.084267,0.000475
smids/Normal_Sperm/Normal_Sperm (6).bmp,0,2,0,0,0.543313,0.315766,0.140921
smids/Normal_Sperm/Normal_Sperm (601).bmp,0,2,0,0,0.987901,0.008231,0.003868
smids/Normal_Sperm/Normal_Sperm (606).bmp,0,2,0,0,0.944891,0.054666,0.000443
smids/Normal_Sperm/Normal_Sperm (609).bmp,0,2,0,0,0.661930,0.331390,0.006680
smids/Normal_Sperm/Normal_Sperm (61).bmp,0,2,0,0,0.986871,0.005783,0.007347
smids/Normal_Sperm/Normal_Sperm (612).bmp,0,2,0,0,0.975547,0.024395,0.000058
smids/Normal_Sperm/Normal_Sperm (617).bmp,0,2,0,0,0.979807,0.020144,0.000049
smids/Normal_Sperm/Normal_Sperm (626).bmp,0,2,0,0,0.892088,0.107769,0.000144
smids/Normal_Sperm/Normal_Sperm (631).bmp,0,2,0,0,0.879841,0.119867,0.000293
smids/Normal_Sperm/Normal_Sperm (632).bmp,0,2,0,0,0.975335,0.023703,0.000962
smids/Normal_Sperm/Normal_Sperm (656).bmp,0,2,0,0,0.869913,0.129400,0.000687
smids/Normal_Sperm/Normal_Sperm (657).bmp,0,2,0,0,0.569180,0.415546,0.015274
smids/Normal_Sperm/Normal_Sperm (664).bmp,0,2,0,0,0.989503,0.009866,0.000631
smids/Normal_Sperm/Normal_Sperm (665).bmp,0,2,0,0,0.989161,0.008338,0.002501
smids/Normal_Sperm/Normal_Sperm (672).bmp,0,2,0,0,0.977434,0.022474,0.000092
smids/Normal_Sperm/Normal_Sperm (675).bmp,0,2,0,0,0.910764,0.088376,0.000860
smids/Normal_Sperm/Normal_Sperm (677).bmp,0,2,0,0,0.893207,0.106368,0.000424
smids/Normal_Sperm/Normal_Sperm (680).bmp,0,2,0,0,0.990614,0.007085,0.002301
smids/Normal_Sperm/Normal_Sperm (681).bmp,0,2,0,0,0.921567,0.078078,0.000355
smids/Normal_Sperm/Normal_Sperm (685).bmp,0,2,0,0,0.956575,0.043332,0.000093
smids/Normal_Sperm/Normal_Sperm (688).bmp,0,2,0,0,0.965893,0.034093,0.000014
smids/Normal_Sperm/Normal_Sperm (691).bmp,0,2,0,0,0.918977,0.078330,0.002693
smids/Normal_Sperm/Normal_Sperm (693).bmp,0,2,0,0,0.993359,0.004525,0.002116
smids/Normal_Sperm/Normal_Sperm (695).bmp,0,2,0,0,0.987692,0.012296,0.000012
smids/Normal_Sperm/Normal_Sperm (697).bmp,0,2,0,0,0.857574,0.096322,0.046103
smids/Normal_Sperm/Normal_Sperm (703).bmp,0,2,0,0,0.936901,0.061808,0.001292
smids/Normal_Sperm/Normal_Sperm (710).bmp,0,2,0,0,0.802034,0.197681,0.000284
smids/Normal_Sperm/Normal_Sperm (714).bmp,0,2,0,0,0.694718,0.268792,0.036490
smids/Normal_Sperm/Normal_Sperm (720).bmp,0,2,0,0,0.970353,0.029238,0.000409
smids/Normal_Sperm/Normal_Sperm (726).bmp,0,2,0,0,0.848390,0.051198,0.100412
smids/Normal_Sperm/Normal_Sperm (739).bmp,0,2,0,0,0.973389,0.020208,0.006403
smids/Normal_Sperm/Normal_Sperm (740).bmp,0,2,0,0,0.993643,0.006301,0.000057
smids/Normal_Sperm/Normal_Sperm (743).bmp,0,2,0,0,0.864711,0.132871,0.002418
smids/Normal_Sperm/Normal_Sperm (744).bmp,0,2,0,0,0.787514,0.209830,0.002655
smids/Normal_Sperm/Normal_Sperm (748).bmp,0,2,0,0,0.944380,0.054548,0.001072
smids/Normal_Sperm/Normal_Sperm (754).bmp,0,2,0,0,0.904519,0.091948,0.003533
smids/Normal_Sperm/Normal_Sperm (762).bmp,0,2,0,0,0.989822,0.005370,0.004807
smids/Normal_Sperm/Normal_Sperm (763).bmp,0,2,0,0,0.977365,0.021631,0.001004
smids/Normal_Sperm/Normal_Sperm (766).bmp,0,2,0,0,0.881022,0.118653,0.000324
smids/Normal_Sperm/Normal_Sperm (774).bmp,0,2,0,0,0.986958,0.013016,0.000026
smids/Normal_Sperm/Normal_Sperm (781).bmp,0,2,0,0,0.934884,0.064783,0.000333
smids/Normal_Sperm/Normal_Sperm (785).bmp,0,2,0,0,0.983272,0.016550,0.000178
smids/Normal_Sperm/Normal_Sperm (796).bmp,0,2,0,0,0.807580,0.189348,0.003072
smids/Normal_Sperm/Normal_Sperm (806).bmp,0,2,0,0,0.830628,0.118933,0.050439
smids/Normal_Sperm/Normal_Sperm (810).bmp,0,2,0,0,0.960144,0.039750,0.000106
smids/Normal_Sperm/Normal_Sperm (812).bmp,0,2,0,0,0.783983,0.162709,0.053307
smids/Normal_Sperm/Normal_Sperm (813).bmp,0,2,0,0,0.832070,0.166198,0.001732
smids/Normal_Sperm/Normal_Sperm (814).bmp,0,2,0,0,0.997625,0.001286,0.001090
smids/Normal_Sperm/Normal_Sperm (828).bmp,0,2,0,0,0.618715,0.350673,0.030612
smids/Normal_Sperm/Normal_Sperm (835).bmp,0,2,0,0,0.911693,0.070506,0.017801
smids/Normal_Sperm/Normal_Sperm (836).bmp,0,2,0,1,0.423099,0.563036,0.013865
smids/Normal_Sperm/Normal_Sperm (84).bmp,0,2,0,1,0.169339,0.817164,0.013498
smids/Normal_Sperm/Normal_Sperm (843).bmp,0,2,0,0,0.955650,0.029240,0.015109
smids/Normal_Sperm/Normal_Sperm (844).bmp,0,2,0,0,0.936079,0.062872,0.001049
smids/Normal_Sperm/Normal_Sperm (845).bmp,0,2,0,0,0.937822,0.061478,0.000700
smids/Normal_Sperm/Normal_Sperm (855).bmp,0,2,0,0,0.894982,0.086123,0.018895
smids/Normal_Sperm/Normal_Sperm (86).bmp,0,2,0,0,0.696529,0.301250,0.002222
smids/Normal_Sperm/Normal_Sperm (860).bmp,0,2,0,0,0.657549,0.338560,0.003891
smids/Normal_Sperm/Normal_Sperm (863).bmp,0,2,0,2,0.301655,0.219428,0.478917
smids/Normal_Sperm/Normal_Sperm (866).bmp,0,2,0,1,0.227533,0.751637,0.020830
smids/Normal_Sperm/Normal_Sperm (868).bmp,0,2,0,0,0.955329,0.026038,0.018633
smids/Normal_Sperm/Normal_Sperm (872).bmp,0,2,0,0,0.981164,0.010828,0.008008
smids/Normal_Sperm/Normal_Sperm (884).bmp,0,2,0,0,0.834378,0.164875,0.000747
smids/Normal_Sperm/Normal_Sperm (897).bmp,0,2,0,0,0.932506,0.066958,0.000536
smids/Normal_Sperm/Normal_Sperm (899).bmp,0,2,0,1,0.126495,0.862078,0.011427
smids/Normal_Sperm/Normal_Sperm (900).bmp,0,2,0,0,0.959797,0.039518,0.000685
smids/Normal_Sperm/Normal_Sperm (904).bmp,0,2,0,0,0.983507,0.016240,0.000253
smids/Normal_Sperm/Normal_Sperm (906).bmp,0,2,0,0,0.806470,0.192235,0.001295
smids/Normal_Sperm/Normal_Sperm (912).bmp,0,2,0,0,0.898272,0.101457,0.000271
smids/Normal_Sperm/Normal_Sperm (915).bmp,0,2,0,0,0.704487,0.290580,0.004933
smids/Normal_Sperm/Normal_Sperm (928).bmp,0,2,0,0,0.926489,0.072890,0.000620
smids/Normal_Sperm/Normal_Sperm (948).bmp,0,2,0,0,0.602813,0.395407,0.001781
smids/Normal_Sperm/Normal_Sperm (961).bmp,0,2,0,1,0.316975,0.682975,0.000050
smids/Normal_Sperm/Normal_Sperm (963).bmp,0,2,0,0,0.850624,0.148789,0.000587
smids/Normal_Sperm/Normal_Sperm (964).bmp,0,2,0,0,0.923293,0.076107,0.000599
smids/Normal_Sperm/Normal_Sperm (967).bmp,0,2,0,0,0.819113,0.180551,0.000337
smids/Normal_Sperm/Normal_Sperm (976).bmp,0,2,0,0,0.993392,0.003038,0.003570
smids/Normal_Sperm/Normal_Sperm (98).bmp,0,2,0,0,0.930011,0.067995,0.001995
smids/Normal_Sperm/Normal_Sperm (985).bmp,0,2,0,0,0.954662,0.042296,0.003042
smids/Normal_Sperm/Normal_Sperm (991).bmp,0,2,0,0,0.994745,0.002849,0.002406
smids/Normal_Sperm/Normal_Sperm (992).bmp,0,2,0,0,0.985453,0.003275,0.011272
smids/Normal_Sperm/Normal_Sperm (997).bmp,0,2,0,0,0.941408,0.056911,0.001681
smids/Normal_Sperm/Normal_Sperm (998).bmp,0,2,0,0,0.931686,0.062498,0.005816
smids/Abnormal_Sperm/Abnormal_Sperm (1001).bmp,0,3,1,1,0.035866,0.955633,0.008500
smids/Abnormal_Sperm/Abnormal_Sperm (1004).bmp,0,3,1,1,0.089777,0.906438,0.003785
smids/Abnormal_Sperm/Abnormal_Sperm (103).bmp,0,3,1,1,0.015381,0.978648,0.005971
smids/Abnormal_Sperm/Abnormal_Sperm (115).bmp,0,3,1,1,0.026822,0.961645,0.011533
smids/Abnormal_Sperm/Abnormal_Sperm (124).bmp,0,3,1,1,0.001563,0.971103,0.027334
smids/Abnormal_Sperm/Abnormal_Sperm (136).bmp,0,3,1,1,0.077819,0.922038,0.000143
smids/Abnormal_Sperm/Abnormal_Sperm (139).bmp,0,3,1,1,0.004213,0.995341,0.000446
smids/Abnormal_Sperm/Abnormal_Sperm (146).bmp,0,3,1,1,0.033473,0.965643,0.000884
smids/Abnormal_Sperm/Abnormal_Sperm (148).bmp,0,3,1,1,0.025731,0.972317,0.001952
smids/Abnormal_Sperm/Abnormal_Sperm (150).bmp,0,3,1,1,0.213732,0.786201,0.000068
smids/Abnormal_Sperm/Abnormal_Sperm (154).bmp,0,3,1,1,0.013668,0.973869,0.012462
smids/Abnormal_Sperm/Abnormal_Sperm (159).bmp,0,3,1,1,0.048335,0.951274,0.000391
smids/Abnormal_Sperm/Abnormal_Sperm (166).bmp,0,3,1,1,0.008539,0.985306,0.006155
smids/Abnormal_Sperm/Abnormal_Sperm (17).bmp,0,3,1,1,0.011564,0.981182,0.007254
smids/Abnormal_Sperm/Abnormal_Sperm (171).bmp,0,3,1,1,0.003745,0.976867,0.019388
smids/Abnormal_Sperm/Abnormal_Sperm (185).bmp,0,3,1,1,0.224976,0.774149,0.000875
smids/Abnormal_Sperm/Abnormal_Sperm (19).bmp,0,3,1,1,0.011134,0.966049,0.022817
smids/Abnormal_Sperm/Abnormal_Sperm (2).bmp,0,3,1,1,0.054791,0.935858,0.009352
smids/Abnormal_Sperm/Abnormal_Sperm (204).bmp,0,3,1,1,0.001994,0.974843,0.023163
smids/Abnormal_Sperm/Abnormal_Sperm (206).bmp,0,3,1,1,0.007984,0.985270,0.006746
smids/Abnormal_Sperm/Abnormal_Sperm (213).bmp,0,3,1,1,0.025287,0.974187,0.000526
smids/Abnormal_Sperm/Abnormal_Sperm (217).bmp,0,3,1,1,0.043080,0.956652,0.000269
smids/Abnormal_Sperm/Abnormal_Sperm (231).bmp,0,3,1,1,0.225741,0.774227,0.000032
smids/Abnormal_Sperm/Abnormal_Sperm (239).bmp,0,3,1,1,0.012304,0.986934,0.000762
smids/Abnormal_Sperm/Abnormal_Sperm (24).bmp,0,3,1,1,0.014876,0.984705,0.000419
smids/Abnormal_Sperm/Abnormal_Sperm (240).bmp,0,3,1,1,0.000569,0.968748,0.030683
smids/Abnormal_Sperm/Abnormal_Sperm (242).bmp,0,3,1,1,0.236976,0.762979,0.000046
smids/Abnormal_Sperm/Abnormal_Sperm (243).bmp,0,3,1,1,0.000281,0.867741,0.131978
smids/Abnormal_Sperm/Abnormal_Sperm (261).bmp,0,3,1,0,0.680105,0.124394,0.195501
smids/Abnormal_Sperm/Abnormal_Sperm (271).bmp,0,3,1,1,0.042932,0.956493,0.000575
smids/Abnormal_Sperm/Abnormal_Sperm (272).bmp,0,3,1,1,0.101829,0.898149,0.000023
smids/Abnormal_Sperm/Abnormal_Sperm (278).bmp,0,3,1,1,0.065161,0.934793,0.000045
smids/Abnormal_Sperm/Abnormal_Sperm (280).bmp,0,3,1,1,0.156423,0.843513,0.000064
smids/Abnormal_Sperm/Abnormal_Sperm (281).bmp,0,3,1,1,0.002767,0.990700,0.006532
smids/Abnormal_Sperm/Abnormal_Sperm (286).bmp,0,3,1,1,0.199891,0.796043,0.004066
smids/Abnormal_Sperm/Abnormal_Sperm (288).bmp,0,3,1,1,0.008388,0.693982,0.297629
smids/Abnormal_Sperm/Abnormal_Sperm (293).bmp,0,3,1,1,0.090866,0.909052,0.000081
smids/Abnormal_Sperm/Abnormal_Sperm (295).bmp,0,3,1,1,0.036233,0.946855,0.016911
smids/Abnormal_Sperm/Abnormal_Sperm (306).bmp,0,3,1,1,0.172716,0.826841,0.000443
smids/Abnormal_Sperm/Abnormal_Sperm (314).bmp,0,3,1,1,0.002343,0.945592,0.052064
smids/Abnormal_Sperm/Abnormal_Sperm (324).bmp,0,3,1,1,0.091451,0.479162,0.429388
smids/Abnormal_Sperm/Abnormal_Sperm (325).bmp,0,3,1,1,0.015836,0.980422,0.003742
smids/Abnormal_Sperm/Abnormal_Sperm (33).bmp,0,3,1,0,0.680105,0.124394,0.195501
smids/Abnormal_Sperm/Abnormal_Sperm (332).bmp,0,3,1,1,0.005667,0.959151,0.035182
smids/Abnormal_Sperm/Abnormal_Sperm (337).bmp,0,3,1,1,0.107809,0.890976,0.001216
smids/Abnormal_Sperm/Abnormal_Sperm (34).bmp,0,3,1,1,0.000820,0.621927,0.377253
smids/Abnormal_Sperm/Abnormal_Sperm (341).bmp,0,3,1,1,0.039181,0.960540,0.000279
smids/Abnormal_Sperm/Abnormal_Sperm (347).bmp,0,3,1,1,0.003237,0.979784,0.016979
smids/Abnormal_Sperm/Abnormal_Sperm (349).bmp,0,3,1,1,0.074523,0.922649,0.002827
smids/Abnormal_Sperm/Abnormal_Sperm (352).bmp,0,3,1,1,0.003537,0.995632,0.000832
smids/Abnormal_Sperm/Abnormal_Sperm (358).bmp,0,3,1,1,0.017576,0.981091,0.001333
smids/Abnormal_Sperm/Abnormal_Sperm (377).bmp,0,3,1,1,0.050461,0.891799,0.057739
smids/Abnormal_Sperm/Abnormal_Sperm (379).bmp,0,3,1,1,0.040652,0.955023,0.004325
smids/Abnormal_Sperm/Abnormal_Sperm (385).bmp,0,3,1,1,0.010778,0.970183,0.019040
smids/Abnormal_Sperm/Abnormal_Sperm (399).bmp,0,3,1,1,0.001510,0.993964,0.004527
smids/Abnormal_Sperm/Abnormal_Sperm (405).bmp,0,3,1,1,0.002776,0.964755,0.032469
smids/Abnormal_Sperm/Abnormal_Sperm (408).bmp,0,3,1,1,0.021702,0.955258,0.023040
smids/Abnormal_Sperm/Abnormal_Sperm (417).bmp,0,3,1,1,0.147961,0.851101,0.000939
smids/Abnormal_Sperm/Abnormal_Sperm (419).bmp,0,3,1,1,0.034953,0.928304,0.036743
smids/Abnormal_Sperm/Abnormal_Sperm (423).bmp,0,3,1,1,0.076991,0.922624,0.000384
smids/Abnormal_Sperm/Abnormal_Sperm (426).bmp,0,3,1,1,0.001843,0.983687,0.014471
smids/Abnormal_Sperm/Abnormal_Sperm (431).bmp,0,3,1,1,0.023896,0.965931,0.010173
smids/Abnormal_Sperm/Abnormal_Sperm (433).bmp,0,3,1,1,0.005435,0.984906,0.009659
smids/Abnormal_Sperm/Abnormal_Sperm (436).bmp,0,3,1,1,0.036666,0.962884,0.000450
smids/Abnormal_Sperm/Abnormal_Sperm (437).bmp,0,3,1,1,0.001402,0.840955,0.157644
smids/Abnormal_Sperm/Abnormal_Sperm (443).bmp,0,3,1,1,0.001991,0.972175,0.025834
smids/Abnormal_Sperm/Abnormal_Sperm (447).bmp,0,3,1,1,0.000805,0.979535,0.019660
smids/Abnormal_Sperm/Abnormal_Sperm (448).bmp,0,3,1,1,0.005598,0.983894,0.010508
smids/Abnormal_Sperm/Abnormal_Sperm (450).bmp,0,3,1,1,0.111350,0.888633,0.000017
smids/Abnormal_Sperm/Abnormal_Sperm (453).bmp,0,3,1,1,0.043015,0.956800,0.000186
smids/Abnormal_Sperm/Abnormal_Sperm (459).bmp,0,3,1,1,0.018257,0.981580,0.000163
smids/Abnormal_Sperm/Abnormal_Sperm (460).bmp,0,3,1,1,0.001533,0.997686,0.000780
smids/Abnormal_Sperm/Abnormal_Sperm (462).bmp,0,3,1,1,0.038011,0.961051,0.000938
smids/Abnormal_Sperm/Abnormal_Sperm (463).bmp,0,3,1,1,0.002891,0.958961,0.038148
smids/Abnormal_Sperm/Abnormal_Sperm (465).bmp,0,3,1,1,0.001609,0.680885,0.317506
smids/Abnormal_Sperm/Abnormal_Sperm (474).bmp,0,3,1,1,0.011825,0.797642,0.190534
smids/Abnormal_Sperm/Abnormal_Sperm (483).bmp,0,3,1,1,0.041151,0.927451,0.031398
smids/Abnormal_Sperm/Abnormal_Sperm (495).bmp,0,3,1,1,0.004601,0.979315,0.016085
smids/Abnormal_Sperm/Abnormal_Sperm (498).bmp,0,3,1,2,0.167652,0.009042,0.823307
smids/Abnormal_Sperm/Abnormal_Sperm (499).bmp,0,3,1,0,0.454234,0.178357,0.367408
smids/Abnormal_Sperm/Abnormal_Sperm (505).bmp,0,3,1,1,0.001587,0.856620,0.141793
smids/Abnormal_Sperm/Abnormal_Sperm (516).bmp,0,3,1,1,0.001709,0.997204,0.001087
smids/Abnormal_Sperm/Abnormal_Sperm (523).bmp,0,3,1,1,0.002932,0.966309,0.030759
smids/Abnormal_Sperm/Abnormal_Sperm (529).bmp,0,3,1,1,0.005118,0.990275,0.004608
smids/Abnormal_Sperm/Abnormal_Sperm (531).bmp,0,3,1,1,0.102063,0.625599,0.272338
smids/Abnormal_Sperm/Abnormal_Sperm (535).bmp,0,3,1,1,0.007736,0.906142,0.086122
smids/Abnormal_Sperm/Abnormal_Sperm (537).bmp,0,3,1,1,0.237551,0.761995,0.000455
smids/Abnormal_Sperm/Abnormal_Sperm (544).bmp,0,3,1,1,0.001427,0.952728,0.045845
smids/Abnormal_Sperm/Abnormal_Sperm (545).bmp,0,3,1,1,0.170150,0.825143,0.004708
smids/Abnormal_Sperm/Abnormal_Sperm (551).bmp,0,3,1,0,0.533725,0.041366,0.424909
smids/Abnormal_Sperm/Abnormal_Sperm (552).bmp,0,3,1,0,0.827778,0.166814,0.005408
smids/Abnormal_Sperm/Abnormal_Sperm (559).bmp,0,3,1,1,0.004785,0.948480,0.046736
smids/Abnormal_Sperm/Abnormal_Sperm (561).bmp,0,3,1,0,0.747666,0.247931,0.004403
smids/Abnormal_Sperm/Abnormal_Sperm (57).bmp,0,3,1,1,0.026060,0.969432,0.004508
smids/Abnormal_Sperm/Abnormal_Sperm (570).bmp,0,3,1,2,0.001075,0.139592,0.859333
smids/Abnormal_Sperm/Abnormal_Sperm (574).bmp,0,3,1,1,0.100673,0.878658,0.020668
smids/Abnormal_Sperm/Abnormal_Sperm (575).bmp,0,3,1,1,0.017708,0.970017,0.012275
smids/Abnormal_Sperm/Abnormal_Sperm (580).bmp,0,3,1,0,0.872254,0.127446,0.000300
smids/Abnormal_Sperm/Abnormal_Sperm (586).bmp,0,3,1,0,0.540555,0.453043,0.006402
smids/Abnormal_Sperm/Abnormal_Sperm (590).bmp,0,3,1,1,0.045391,0.880290,0.074319
smids/Abnormal_Sperm/Abnormal_Sperm (592).bmp,0,3,1,1,0.005718,0.616669,0.377613
smids/Abnormal_Sperm/Abnormal_Sperm (60).bmp,0,3,1,1,0.002161,0.991235,0.006604
smids/Abnormal_Sperm/Abnormal_Sperm (602).bmp,0,3,1,2,0.000885,0.366875,0.632240
smids/Abnormal_Sperm/Abnormal_Sperm (616).bmp,0,3,1,1,0.116521,0.877527,0.005952
smids/Abnormal_Sperm/Abnormal_Sperm (622).bmp,0,3,1,0,0.797124,0.202079,0.000797
smids/Abnormal_Sperm/Abnormal_Sperm (632).bmp,0,3,1,1,0.439536,0.489995,0.070469
smids/Abnormal_Sperm/Abnormal_Sperm (636).bmp,0,3,1,1,0.014196,0.953347,0.032457
smids/Abnormal_Sperm/Abnormal_Sperm (637).bmp,0,3,1,0,0.731751,0.262604,0.005646
smids/Abnormal_Sperm/Abnormal_Sperm (64).bmp,0,3,1,1,0.061424,0.923275,0.015301
smids/Abnormal_Sperm/Abnormal_Sperm (641).bmp,0,3,1,1,0.257095,0.742245,0.000660
smids/Abnormal_Sperm/Abnormal_Sperm (643).bmp,0,3,1,1,0.250524,0.735187,0.014290
smids/Abnormal_Sperm/Abnormal_Sperm (644).bmp,0,3,1,1,0.033434,0.943760,0.022806
smids/Abnormal_Sperm/Abnormal_Sperm (646).bmp,0,3,1,1,0.095133,0.903979,0.000887
smids/Abnormal_Sperm/Abnormal_Sperm (65).bmp,0,3,1,1,0.108402,0.889467,0.002132
smids/Abnormal_Sperm/Abnormal_Sperm (650).bmp,0,3,1,1,0.431326,0.568524,0.000150
smids/Abnormal_Sperm/Abnormal_Sperm (654).bmp,0,3,1,1,0.155395,0.819170,0.025435
smids/Abnormal_Sperm/Abnormal_Sperm (656).bmp,0,3,1,1,0.096515,0.896244,0.007241
smids/Abnormal_Sperm/Abnormal_Sperm (664).bmp,0,3,1,1,0.179119,0.816990,0.003891
smids/Abnormal_Sperm/Abnormal_Sperm (665).bmp,0,3,1,0,0.611051,0.371341,0.017608
smids/Abnormal_Sperm/Abnormal_Sperm (67).bmp,0,3,1,1,0.037822,0.539363,0.422815
smids/Abnormal_Sperm/Abnormal_Sperm (674).bmp,0,3,1,1,0.036561,0.962419,0.001020
smids/Abnormal_Sperm/Abnormal_Sperm (678).bmp,0,3,1,1,0.016708,0.791494,0.191797
smids/Abnormal_Sperm/Abnormal_Sperm (682).bmp,0,3,1,1,0.015478,0.950459,0.034063
smids/Abnormal_Sperm/Abnormal_Sperm (690).bmp,0,3,1,1,0.217920,0.781636,0.000444
smids/Abnormal_Sperm/Abnormal_Sperm (697).bmp,0,3,1,1,0.023403,0.639400,0.337196
smids/Abnormal_Sperm/Abnormal_Sperm (703).bmp,0,3,1,1,0.141571,0.857500,0.000930
smids/Abnormal_Sperm/Abnormal_Sperm (706).bmp,0,3,1,1,0.011321,0.805066,0.183613
smids/Abnormal_Sperm/Abnormal_Sperm (708).bmp,0,3,1,1,0.124540,0.874790,0.000671
smids/Abnormal_Sperm/Abnormal_Sperm (710).bmp,0,3,1,1,0.071031,0.928700,0.000270
smids/Abnormal_Sperm/Abnormal_Sperm (714).bmp,0,3,1,0,0.546552,0.452389,0.001059
smids/Abnormal_Sperm/Abnormal_Sperm (725).bmp,0,3,1,0,0.922481,0.073959,0.003560
smids/Abnormal_Sperm/Abnormal_Sperm (727).bmp,0,3,1,1,0.065836,0.929971,0.004193
smids/Abnormal_Sperm/Abnormal_Sperm (729).bmp,0,3,1,1,0.002179,0.868469,0.129351
smids/Abnormal_Sperm/Abnormal_Sperm (734).bmp,0,3,1,0,0.562705,0.435290,0.002005
smids/Abnormal_Sperm/Abnormal_Sperm (737).bmp,0,3,1,0,0.733608,0.262201,0.004190
smids/Abnormal_Sperm/Abnormal_Sperm (74).bmp,0,3,1,1,0.268212,0.731749,0.000039
smids/Abnormal_Sperm/Abnormal_Sperm (743).bmp,0,3,1,1,0.204136,0.795466,0.000398
smids/Abnormal_Sperm/Abnormal_Sperm (744).bmp,0,3,1,0,0.824918,0.173977,0.001106
smids/Abnormal_Sperm/Abnormal_Sperm (75).bmp,0,3,1,1,0.014722,0.981315,0.003963
smids/Abnormal_Sperm/Abnormal_Sperm (750).bmp,0,3,1,1,0.192463,0.806729,0.000809
smids/Abnormal_Sperm/Abnormal_Sperm (760).bmp,0,3,1,1,0.235627,0.757099,0.007274
smids/Abnormal_Sperm/Abnormal_Sperm (763).bmp,0,3,1,1,0.308563,0.690340,0.001097
smids/Abnormal_Sperm/Abnormal_Sperm (768).bmp,0,3,1,0,0.783127,0.214058,0.002815
smids/Abnormal_Sperm/Abnormal_Sperm (769).bmp,0,3,1,1,0.001041,0.965762,0.033198
smids/Abnormal_Sperm/Abnormal_Sperm (779).bmp,0,3,1,0,0.587421,0.412567,0.000012
smids/Abnormal_Sperm/Abnormal_Sperm (782).bmp,0,3,1,1,0.053310,0.928981,0.017709
smids/Abnormal_Sperm/Abnormal_Sperm (783).bmp,0,3,1,1,0.292230,0.689671,0.018099
smids/Abnormal_Sperm/Abnormal_Sperm (784).bmp,0,3,1,1,0.150020,0.846167,0.003813
smids/Abnormal_Sperm/Abnormal_Sperm (788).bmp,0,3,1,1,0.071179,0.911375,0.017445
smids/Abnormal_Sperm/Abnormal_Sperm (792).bmp,0,3,1,1,0.187710,0.811088,0.001202
smids/Abnormal_Sperm/Abnormal_Sperm (806).bmp,0,3,1,1,0.085318,0.910655,0.004026
smids/Abnormal_Sperm/Abnormal_Sperm (808).bmp,0,3,1,1,0.090379,0.906693,0.002928
smids/Abnormal_Sperm/Abnormal_Sperm (810).bmp,0,3,1,0,0.982178,0.017817,0.000004
smids/Abnormal_Sperm/Abnormal_Sperm (815).bmp,0,3,1,0,0.654552,0.345383,0.000065
smids/Abnormal_Sperm/Abnormal_Sperm (818).bmp,0,3,1,0,0.811060,0.188926,0.000013
smids/Abnormal_Sperm/Abnormal_Sperm (82).bmp,0,3,1,1,0.011340,0.986106,0.002554
smids/Abnormal_Sperm/Abnormal_Sperm (821).bmp,0,3,1,1,0.281981,0.717994,0.000025
smids/Abnormal_Sperm/Abnormal_Sperm (835).bmp,0,3,1,1,0.233362,0.765758,0.000880
smids/Abnormal_Sperm/Abnormal_Sperm (846).bmp,0,3,1,1,0.322966,0.676830,0.000204
smids/Abnormal_Sperm/Abnormal_Sperm (85).bmp,0,3,1,1,0.361366,0.621839,0.016795
smids/Abnormal_Sperm/Abnormal_Sperm (856).bmp,0,3,1,1,0.127351,0.872234,0.000415
smids/Abnormal_Sperm/Abnormal_Sperm (859).bmp,0,3,1,1,0.236220,0.763446,0.000334
smids/Abnormal_Sperm/Abnormal_Sperm (86).bmp,0,3,1,1,0.009559,0.987191,0.003250
smids/Abnormal_Sperm/Abnormal_Sperm (862).bmp,0,3,1,1,0.079225,0.918387,0.002388
smids/Abnormal_Sperm/Abnormal_Sperm (864).bmp,0,3,1,0,0.708476,0.281565,0.009959
smids/Abnormal_Sperm/Abnormal_Sperm (870).bmp,0,3,1,0,0.576854,0.253834,0.169311
smids/Abnormal_Sperm/Abnormal_Sperm (872).bmp,0,3,1,1,0.195699,0.801604,0.002696
smids/Abnormal_Sperm/Abnormal_Sperm (879).bmp,0,3,1,1,0.159099,0.840296,0.000604
smids/Abnormal_Sperm/Abnormal_Sperm (89).bmp,0,3,1,1,0.015600,0.964675,0.019725
smids/Abnormal_Sperm/Abnormal_Sperm (890).bmp,0,3,1,1,0.467766,0.532177,0.000057
smids/Abnormal_Sperm/Abnormal_Sperm (891).bmp,0,3,1,0,0.945587,0.054395,0.000019
smids/Abnormal_Sperm/Abnormal_Sperm (902).bmp,0,3,1,1,0.023939,0.771052,0.205009
smids/Abnormal_Sperm/Abnormal_Sperm (905).bmp,0,3,1,1,0.108707,0.879229,0.012065
smids/Abnormal_Sperm/Abnormal_Sperm (916).bmp,0,3,1,1,0.016792,0.942843,0.040365
smids/Abnormal_Sperm/Abnormal_Sperm (921).bmp,0,3,1,0,0.786928,0.068149,0.144923
smids/Abnormal_Sperm/Abnormal_Sperm (923).bmp,0,3,1,1,0.377103,0.612002,0.010895
smids/Abnormal_Sperm/Abnormal_Sperm (926).bmp,0,3,1,1,0.033974,0.960666,0.005361
smids/Abnormal_Sperm/Abnormal_Sperm (937).bmp,0,3,1,1,0.001983,0.825060,0.172958
smids/Abnormal_Sperm/Abnormal_Sperm (940).bmp,0,3,1,2,0.000541,0.204124,0.795334
smids/Abnormal_Sperm/Abnormal_Sperm (942).bmp,0,3,1,1,0.431808,0.539801,0.028390
smids/Abnormal_Sperm/Abnormal_Sperm (951).bmp,0,3,1,1,0.019072,0.775533,0.205396
smids/Abnormal_Sperm/Abnormal_Sperm (960).bmp,0,3,1,1,0.104790,0.893563,0.001647
smids/Abnormal_Sperm/Abnormal_Sperm (964).bmp,0,3,1,1,0.082082,0.917046,0.000871
smids/Abnormal_Sperm/Abnormal_Sperm (969).bmp,0,3,1,1,0.015691,0.979679,0.004630
smids/Abnormal_Sperm/Abnormal_Sperm (97).bmp,0,3,1,1,0.008459,0.985812,0.005729
smids/Abnormal_Sperm/Abnormal_Sperm (973).bmp,0,3,1,1,0.080324,0.916862,0.002815
smids/Abnormal_Sperm/Abnormal_Sperm (98).bmp,0,3,1,1,0.111772,0.887558,0.000670
smids/Abnormal_Sperm/Abnormal_Sperm (983).bmp,0,3,1,1,0.010369,0.986051,0.003580
smids/Abnormal_Sperm/Abnormal_Sperm (985).bmp,0,3,1,1,0.031710,0.747939,0.220351
smids/Abnormal_Sperm/Abnormal_Sperm (987).bmp,0,3,1,1,0.117101,0.882135,0.000763
smids/Abnormal_Sperm/Abnormal_Sperm (992).bmp,0,3,1,1,0.001589,0.664102,0.334309
smids/Abnormal_Sperm/Abnormal_Sperm (993).bmp,0,3,1,1,0.259210,0.740159,0.000631
smids/Abnormal_Sperm/Abnormal_Sperm (995).bmp,0,3,1,1,0.022801,0.974986,0.002213
smids/Abnormal_Sperm/Abnormal_Sperm (998).bmp,0,3,1,1,0.006397,0.977056,0.016548
smids/Non-Sperm/Non-Sperm (101).bmp,0,3,2,2,0.000017,0.005139,0.994844
smids/Non-Sperm/Non-Sperm (104).bmp,0,3,2,2,0.000117,0.002406,0.997477
smids/Non-Sperm/Non-Sperm (108).bmp,0,3,2,2,0.000047,0.015979,0.983974
smids/Non-Sperm/Non-Sperm (109).bmp,0,3,2,2,0.000154,0.009136,0.990710
smids/Non-Sperm/Non-Sperm (11).bmp,0,3,2,2,0.000680,0.419871,0.579449
smids/Non-Sperm/Non-Sperm (110).bmp,0,3,2,2,0.000200,0.033452,0.966348
smids/Non-Sperm/Non-Sperm (111).bmp,0,3,2,2,0.000056,0.005154,0.994791
smids/Non-Sperm/Non-Sperm (114).bmp,0,3,2,2,0.001444,0.019537,0.979019
smids/Non-Sperm/Non-Sperm (115).bmp,0,3,2,2,0.000277,0.011230,0.988493
smids/Non-Sperm/Non-Sperm (118).bmp,0,3,2,2,0.000140,0.007599,0.992261
smids/Non-Sperm/Non-Sperm (119).bmp,0,3,2,2,0.000096,0.007531,0.992373
smids/Non-Sperm/Non-Sperm (121).bmp,0,3,2,2,0.000039,0.005025,0.994935
smids/Non-Sperm/Non-Sperm (123).bmp,0,3,2,2,0.000248,0.044148,0.955605
smids/Non-Sperm/Non-Sperm (13).bmp,0,3,2,2,0.000068,0.037103,0.962829
smids/Non-Sperm/Non-Sperm (144).bmp,0,3,2,2,0.000182,0.007988,0.991830
smids/Non-Sperm/Non-Sperm (151).bmp,0,3,2,2,0.000152,0.009231,0.990617
smids/Non-Sperm/Non-Sperm (156).bmp,0,3,2,2,0.000050,0.005885,0.994065
smids/Non-Sperm/Non-Sperm (158).bmp,0,3,2,2,0.000108,0.000304,0.999588
smids/Non-Sperm/Non-Sperm (164).bmp,0,3,2,2,0.000156,0.010184,0.989660
smids/Non-Sperm/Non-Sperm (166).bmp,0,3,2,2,0.000294,0.022787,0.976919
smids/Non-Sperm/Non-Sperm (167).bmp,0,3,2,2,0.000099,0.012414,0.987487
smids/Non-Sperm/Non-Sperm (17).bmp,0,3,2,2,0.000050,0.003715,0.996235
smids/Non-Sperm/Non-Sperm (170).bmp,0,3,2,2,0.000289,0.022454,0.977257
smids/Non-Sperm/Non-Sperm (173).bmp,0,3,2,2,0.000022,0.003377,0.996600
smids/Non-Sperm/Non-Sperm (179).bmp,0,3,2,2,0.000186,0.006497,0.993317
smids/Non-Sperm/Non-Sperm (18).bmp,0,3,2,2,0.008904,0.002983,0.988113
smids/Non-Sperm/Non-Sperm (186).bmp,0,3,2,2,0.000231,0.055705,0.944064
smids/Non-Sperm/Non-Sperm (189).bmp,0,3,2,2,0.000191,0.007945,0.991864
smids/Non-Sperm/Non-Sperm (193).bmp,0,3,2,2,0.000172,0.004448,0.995380
smids/Non-Sperm/Non-Sperm (196).bmp,0,3,2,2,0.001498,0.079848,0.918654
smids/Non-Sperm/Non-Sperm (2).bmp,0,3,2,1,0.001465,0.990657,0.007878
smids/Non-Sperm/Non-Sperm (200).bmp,0,3,2,2,0.000094,0.008615,0.991290
smids/Non-Sperm/Non-Sperm (201).bmp,0,3,2,2,0.000325,0.021413,0.978262
smids/Non-Sperm/Non-Sperm (204).bmp,0,3,2,2,0.207603,0.105263,0.687133
smids/Non-Sperm/Non-Sperm (206).bmp,0,3,2,2,0.000075,0.004364,0.995561
smids/Non-Sperm/Non-Sperm (21).bmp,0,3,2,2,0.000211,0.107846,0.891943
smids/Non-Sperm/Non-Sperm (212).bmp,0,3,2,2,0.000009,0.000647,0.999344
smids/Non-Sperm/Non-Sperm (218).bmp,0,3,2,2,0.000246,0.066330,0.933424
smids/Non-Sperm/Non-Sperm (22).bmp,0,3,2,2,0.008497,0.011335,0.980168
smids/Non-Sperm/Non-Sperm (221).bmp,0,3,2,2,0.000303,0.058325,0.941372
smids/Non-Sperm/Non-Sperm (233).bmp,0,3,2,2,0.000167,0.017057,0.982776
smids/Non-Sperm/Non-Sperm (243).bmp,0,3,2,2,0.000168,0.017296,0.982536
smids/Non-Sperm/Non-Sperm (245).bmp,0,3,2,2,0.000081,0.014807,0.985112
smids/Non-Sperm/Non-Sperm (253).bmp,0,3,2,2,0.003613,0.006292,0.990095
smids/Non-Sperm/Non-Sperm (26).bmp,0,3,2,1,0.000246,0.956119,0.043634
smids/Non-Sperm/Non-Sperm (261).bmp,0,3,2,2,0.003861,0.002937,0.993202
smids/Non-Sperm/Non-Sperm (276).bmp,0,3,2,2,0.000231,0.014387,0.985382
smids/Non-Sperm/Non-Sperm (282).bmp,0,3,2,2,0.000053,0.003087,0.996860
smids/Non-Sperm/Non-Sperm (289).bmp,0,3,2,2,0.001409,0.063718,0.934874
smids/Non-Sperm/Non-Sperm (296).bmp,0,3,2,2,0.000007,0.001722,0.998271
smids/Non-Sperm/Non-Sperm (299).bmp,0,3,2,2,0.000017,0.005664,0.994320
smids/Non-Sperm/Non-Sperm (30).bmp,0,3,2,1,0.000699,0.815354,0.183946
smids/Non-Sperm/Non-Sperm (304).bmp,0,3,2,2,0.000109,0.009464,0.990427
smids/Non-Sperm/Non-Sperm (306).bmp,0,3,2,2,0.009576,0.002874,0.987550
smids/Non-Sperm/Non-Sperm (311).bmp,0,3,2,2,0.000710,0.014260,0.985030
smids/Non-Sperm/Non-Sperm (314).bmp,0,3,2,2,0.031552,0.013781,0.954667
smids/Non-Sperm/Non-Sperm (315).bmp,0,3,2,2,0.000794,0.017454,0.981753
smids/Non-Sperm/Non-Sperm (318).bmp,0,3,2,2,0.002223,0.002520,0.995257
smids/Non-Sperm/Non-Sperm (322).bmp,0,3,2,2,0.000540,0.016903,0.982557
smids/Non-Sperm/Non-Sperm (330).bmp,0,3,2,1,0.002447,0.942224,0.055330
smids/Non-Sperm/Non-Sperm (333).bmp,0,3,2,2,0.185180,0.032302,0.782518
smids/Non-Sperm/Non-Sperm (334).bmp,0,3,2,2,0.000056,0.002826,0.997118
smids/Non-Sperm/Non-Sperm (341).bmp,0,3,2,1,0.001671,0.642148,0.356181
smids/Non-Sperm/Non-Sperm (344).bmp,0,3,2,2,0.000674,0.034368,0.964958
smids/Non-Sperm/Non-Sperm (345).bmp,0,3,2,2,0.000126,0.011891,0.987983
smids/Non-Sperm/Non-Sperm (35).bmp,0,3,2,1,0.002639,0.729381,0.267980
smids/Non-Sperm/Non-Sperm (358).bmp,0,3,2,2,0.000957,0.041418,0.957625
smids/Non-Sperm/Non-Sperm (360).bmp,0,3,2,2,0.001617,0.096683,0.901700
smids/Non-Sperm/Non-Sperm (377).bmp,0,3,2,2,0.001877,0.043090,0.955033
smids/Non-Sperm/Non-Sperm (38).bmp,0,3,2,2,0.003448,0.224484,0.772068
smids/Non-Sperm/Non-Sperm (381).bmp,0,3,2,2,0.004915,0.151532,0.843553
smids/Non-Sperm/Non-Sperm (395).bmp,0,3,2,2,0.002467,0.416958,0.580575
smids/Non-Sperm/Non-Sperm (396).bmp,0,3,2,2,0.007297,0.333837,0.658867
smids/Non-Sperm/Non-Sperm (399).bmp,0,3,2,2,0.000521,0.029069,0.970410
smids/Non-Sperm/Non-Sperm (40).bmp,0,3,2,2,0.000203,0.036471,0.963327
smids/Non-Sperm/Non-Sperm (405).bmp,0,3,2,2,0.033359,0.014063,0.952578
smids/Non-Sperm/Non-Sperm (408).bmp,0,3,2,2,0.007307,0.004944,0.987749
smids/Non-Sperm/Non-Sperm (409).bmp,0,3,2,2,0.028654,0.011190,0.960155
smids/Non-Sperm/Non-Sperm (410).bmp,0,3,2,2,0.000183,0.018461,0.981356
smids/Non-Sperm/Non-Sperm (411).bmp,0,3,2,2,0.000201,0.014482,0.985317
smids/Non-Sperm/Non-Sperm (418).bmp,0,3,2,2,0.000147,0.030838,0.969016
smids/Non-Sperm/Non-Sperm (422).bmp,0,3,2,2,0.000178,0.020295,0.979528
smids/Non-Sperm/Non-Sperm (424).bmp,0,3,2,2,0.000034,0.002053,0.997913
smids/Non-Sperm/Non-Sperm (428).bmp,0,3,2,2,0.000391,0.025809,0.973800
smids/Non-Sperm/Non-Sperm (433).bmp,0,3,2,2,0.000118,0.004327,0.995555
smids/Non-Sperm/Non-Sperm (449).bmp,0,3,2,1,0.106258,0.861772,0.031970
smids/Non-Sperm/Non-Sperm (450).bmp,0,3,2,2,0.009257,0.019869,0.970874
smids/Non-Sperm/Non-Sperm (452).bmp,0,3,2,2,0.000154,0.149480,0.850366
smids/Non-Sperm/Non-Sperm (456).bmp,0,3,2,2,0.000181,0.074309,0.925510
smids/Non-Sperm/Non-Sperm (468).bmp,0,3,2,2,0.000083,0.006945,0.992972
smids/Non-Sperm/Non-Sperm (481).bmp,0,3,2,2,0.001987,0.002418,0.995595
smids/Non-Sperm/Non-Sperm (486).bmp,0,3,2,2,0.000131,0.016842,0.983026
smids/Non-Sperm/Non-Sperm (487).bmp,0,3,2,2,0.000801,0.004141,0.995059
smids/Non-Sperm/Non-Sperm (500).bmp,0,3,2,2,0.018419,0.009737,0.971844
smids/Non-Sperm/Non-Sperm (504).bmp,0,3,2,2,0.000531,0.011520,0.987949
smids/Non-Sperm/Non-Sperm (521).bmp,0,3,2,2,0.003100,0.084337,0.912563
smids/Non-Sperm/Non-Sperm (525).bmp,0,3,2,2,0.001779,0.002606,0.995615
smids/Non-Sperm/Non-Sperm (530).bmp,0,3,2,2,0.002052,0.004025,0.993924
smids/Non-Sperm/Non-Sperm (532).bmp,0,3,2,2,0.000949,0.001935,0.997116
smids/Non-Sperm/Non-Sperm (55).bmp,0,3,2,1,0.009339,0.817540,0.173120
smids/Non-Sperm/Non-Sperm (553).bmp,0,3,2,2,0.004101,0.151029,0.844870
smids/Non-Sperm/Non-Sperm (556).bmp,0,3,2,2,0.000858,0.028632,0.970510
smids/Non-Sperm/Non-Sperm (562).bmp,0,3,2,2,0.000611,0.028318,0.971071
smids/Non-Sperm/Non-Sperm (564).bmp,0,3,2,2,0.000651,0.108864,0.890485
smids/Non-Sperm/Non-Sperm (565).bmp,0,3,2,2,0.000253,0.167257,0.832490
smids/Non-Sperm/Non-Sperm (57).bmp,0,3,2,2,0.000591,0.198333,0.801075
smids/Non-Sperm/Non-Sperm (573).bmp,0,3,2,2,0.013218,0.011890,0.974892
smids/Non-Sperm/Non-Sperm (58).bmp,0,3,2,2,0.000178,0.291279,0.708543
smids/Non-Sperm/Non-Sperm (586).bmp,0,3,2,2,0.000510,0.059940,0.939550
smids/Non-Sperm/Non-Sperm (587).bmp,0,3,2,2,0.000253,0.051941,0.947806
smids/Non-Sperm/Non-Sperm (594).bmp,0,3,2,2,0.000140,0.004884,0.994976
smids/Non-Sperm/Non-Sperm (598).bmp,0,3,2,2,0.000063,0.004438,0.995499
smids/Non-Sperm/Non-Sperm (600).bmp,0,3,2,2,0.000051,0.008436,0.991513
smids/Non-Sperm/Non-Sperm (601).bmp,0,3,2,2,0.000153,0.018550,0.981297
smids/Non-Sperm/Non-Sperm (602).bmp,0,3,2,2,0.000162,0.007369,0.992469
smids/Non-Sperm/Non-Sperm (609).bmp,0,3,2,2,0.249793,0.145166,0.605041
smids/Non-Sperm/Non-Sperm (610).bmp,0,3,2,2,0.093558,0.012252,0.894190
smids/Non-Sperm/Non-Sperm (618).bmp,0,3,2,2,0.003479,0.007914,0.988607
smids/Non-Sperm/Non-Sperm (620).bmp,0,3,2,2,0.000227,0.005139,0.994634
smids/Non-Sperm/Non-Sperm (622).bmp,0,3,2,2,0.000130,0.003023,0.996847
smids/Non-Sperm/Non-Sperm (625).bmp,0,3,2,2,0.000336,0.009408,0.990256
smids/Non-Sperm/Non-Sperm (627).bmp,0,3,2,2,0.000110,0.004496,0.995394
smids/Non-Sperm/Non-Sperm (63).bmp,0,3,2,2,0.002890,0.128015,0.869095
smids/Non-Sperm/Non-Sperm (638).bmp,0,3,2,2,0.001071,0.053220,0.945709
smids/Non-Sperm/Non-Sperm (639).bmp,0,3,2,2,0.000429,0.026743,0.972828
smids/Non-Sperm/Non-Sperm (646).bmp,0,3,2,2,0.004160,0.016520,0.979320
smids/Non-Sperm/Non-Sperm (647).bmp,0,3,2,2,0.000163,0.012993,0.986843
smids/Non-Sperm/Non-Sperm (65).bmp,0,3,2,2,0.000421,0.220889,0.778690
smids/Non-Sperm/Non-Sperm (651).bmp,0,3,2,2,0.000451,0.006547,0.993002
smids/Non-Sperm/Non-Sperm (666).bmp,0,3,2,2,0.000411,0.012145,0.987444
smids/Non-Sperm/Non-Sperm (67).bmp,0,3,2,2,0.001325,0.079048,0.919628
smids/Non-Sperm/Non-Sperm (671).bmp,0,3,2,2,0.000064,0.003999,0.995937
smids/Non-Sperm/Non-Sperm (674).bmp,0,3,2,2,0.010220,0.012651,0.977129
smids/Non-Sperm/Non-Sperm (676).bmp,0,3,2,1,0.000484,0.927894,0.071622
smids/Non-Sperm/Non-Sperm (677).bmp,0,3,2,2,0.000100,0.111400,0.888500
smids/Non-Sperm/Non-Sperm (680).bmp,0,3,2,2,0.000155,0.008502,0.991343
smids/Non-Sperm/Non-Sperm (686).bmp,0,3,2,2,0.000114,0.013085,0.986802
smids/Non-Sperm/Non-Sperm (687).bmp,0,3,2,2,0.010927,0.006441,0.982632
smids/Non-Sperm/Non-Sperm (697).bmp,0,3,2,2,0.000161,0.006474,0.993365
smids/Non-Sperm/Non-Sperm (70).bmp,0,3,2,2,0.002165,0.411052,0.586783
smids/Non-Sperm/Non-Sperm (703).bmp,0,3,2,2,0.000065,0.008448,0.991488
smids/Non-Sperm/Non-Sperm (705).bmp,0,3,2,2,0.173777,0.242777,0.583446
smids/Non-Sperm/Non-Sperm (706).bmp,0,3,2,2,0.000172,0.006058,0.993770
smids/Non-Sperm/Non-Sperm (711).bmp,0,3,2,2,0.000483,0.070731,0.928787
smids/Non-Sperm/Non-Sperm (712).bmp,0,3,2,2,0.001294,0.001809,0.996897
smids/Non-Sperm/Non-Sperm (713).bmp,0,3,2,2,0.001003,0.028598,0.970399
smids/Non-Sperm/Non-Sperm (714).bmp,0,3,2,2,0.001030,0.007504,0.991466
smids/Non-Sperm/Non-Sperm (72).bmp,0,3,2,2,0.022565,0.042165,0.935269
smids/Non-Sperm/Non-Sperm (723).bmp,0,3,2,2,0.000105,0.082480,0.917414
smids/Non-Sperm/Non-Sperm (726).bmp,0,3,2,2,0.000192,0.005523,0.994286
smids/Non-Sperm/Non-Sperm (727).bmp,0,3,2,2,0.001880,0.005526,0.992594
smids/Non-Sperm/Non-Sperm (740).bmp,0,3,2,2,0.000055,0.010622,0.989323
smids/Non-Sperm/Non-Sperm (745).bmp,0,3,2,2,0.000046,0.003942,0.996012
smids/Non-Sperm/Non-Sperm (747).bmp,0,3,2,2,0.131715,0.047112,0.821173
smids/Non-Sperm/Non-Sperm (748).bmp,0,3,2,2,0.007756,0.234689,0.757555
smids/Non-Sperm/Non-Sperm (752).bmp,0,3,2,2,0.141062,0.053093,0.805845
smids/Non-Sperm/Non-Sperm (768).bmp,0,3,2,2,0.000830,0.010761,0.988409
smids/Non-Sperm/Non-Sperm (77).bmp,0,3,2,2,0.000479,0.444216,0.555305
smids/Non-Sperm/Non-Sperm (771).bmp,0,3,2,2,0.003295,0.054732,0.941973
smids/Non-Sperm/Non-Sperm (781).bmp,0,3,2,2,0.037210,0.005278,0.957512
smids/Non-Sperm/Non-Sperm (783).bmp,0,3,2,2,0.000115,0.003114,0.996771
smids/Non-Sperm/Non-Sperm (784).bmp,0,3,2,2,0.000113,0.019891,0.979996
smids/Non-Sperm/Non-Sperm (787).bmp,0,3,2,2,0.000121,0.012146,0.987733
smids/Non-Sperm/Non-Sperm (79).bmp,0,3,2,2,0.004220,0.494749,0.501031
smids/Non-Sperm/Non-Sperm (808).bmp,0,3,2,2,0.000076,0.004829,0.995095
smids/Non-Sperm/Non-Sperm (81).bmp,0,3,2,2,0.000127,0.010299,0.989574
smids/Non-Sperm/Non-Sperm (813).bmp,0,3,2,2,0.000432,0.010379,0.989189
smids/Non-Sperm/Non-Sperm (815).bmp,0,3,2,2,0.061818,0.023029,0.915154
smids/Non-Sperm/Non-Sperm (823).bmp,0,3,2,2,0.000995,0.270742,0.728263
smids/Non-Sperm/Non-Sperm (826).bmp,0,3,2,1,0.001291,0.696203,0.302507
smids/Non-Sperm/Non-Sperm (835).bmp,0,3,2,2,0.003094,0.004438,0.992468
smids/Non-Sperm/Non-Sperm (84).bmp,0,3,2,2,0.001605,0.000987,0.997409
smids/Non-Sperm/Non-Sperm (848).bmp,0,3,2,2,0.000249,0.001180,0.998571
smids/Non-Sperm/Non-Sperm (854).bmp,0,3,2,1,0.298428,0.597982,0.103591
smids/Non-Sperm/Non-Sperm (855).bmp,0,3,2,2,0.002495,0.003141,0.994364
smids/Non-Sperm/Non-Sperm (861).bmp,0,3,2,2,0.000579,0.045593,0.953827
smids/Non-Sperm/Non-Sperm (875).bmp,0,3,2,2,0.000255,0.022467,0.977278
smids/Non-Sperm/Non-Sperm (878).bmp,0,3,2,2,0.001751,0.141290,0.856959
smids/Non-Sperm/Non-Sperm (880).bmp,0,3,2,2,0.000202,0.052910,0.946887
smids/Non-Sperm/Non-Sperm (885).bmp,0,3,2,2,0.000154,0.031900,0.967945
smids/Non-Sperm/Non-Sperm (890).bmp,0,3,2,2,0.000045,0.002114,0.997841
smids/Non-Sperm/Non-Sperm (894).bmp,0,3,2,1,0.018012,0.915604,0.066385
smids/Non-Sperm/Non-Sperm (909).bmp,0,3,2,1,0.313029,0.593576,0.093395
smids/Non-Sperm/Non-Sperm (91).bmp,0,3,2,2,0.001795,0.042427,0.955779
smids/Non-Sperm/Non-Sperm (911).bmp,0,3,2,1,0.000708,0.724302,0.274990
smids/Non-Sperm/Non-Sperm (922).bmp,0,3,2,2,0.000251,0.303989,0.695761
smids/Non-Sperm/Non-Sperm (93).bmp,0,3,2,2,0.000954,0.020726,0.978319
smids/Non-Sperm/Non-Sperm (931).bmp,0,3,2,1,0.016737,0.554176,0.429087
smids/Non-Sperm/Non-Sperm (938).bmp,0,3,2,2,0.032270,0.017805,0.949925
smids/Non-Sperm/Non-Sperm (945).bmp,0,3,2,0,0.541286,0.015364,0.443350
smids/Non-Sperm/Non-Sperm (955).bmp,0,3,2,2,0.000273,0.029538,0.970190
smids/Non-Sperm/Non-Sperm (957).bmp,0,3,2,1,0.075015,0.616656,0.308329
smids/Non-Sperm/Non-Sperm (961).bmp,0,3,2,1,0.015694,0.800336,0.183970
smids/Non-Sperm/Non-Sperm (966).bmp,0,3,2,2,0.101263,0.048568,0.850169
smids/Non-Sperm/Non-Sperm (967).bmp,0,3,2,2,0.004628,0.102826,0.892546
smids/Normal_Sperm/Normal_Sperm (1000).bmp,0,3,0,0,0.731942,0.258547,0.009511
smids/Normal_Sperm/Normal_Sperm (1005).bmp,0,3,0,0,0.549231,0.450093,0.000676
smids/Normal_Sperm/Normal_Sperm (1008).bmp,0,3,0,0,0.939456,0.059366,0.001178
smids/Normal_Sperm/Normal_Sperm (101).bmp,0,3,0,0,0.991027,0.004698,0.004275
smids/Normal_Sperm/Normal_Sperm (102).bmp,0,3,0,0,0.804498,0.090756,0.104747
smids/Normal_Sperm/Normal_Sperm (104).bmp,0,3,0,0,0.872469,0.125963,0.001567
smids/Normal_Sperm/Normal_Sperm (109).bmp,0,3,0,0,0.971935,0.026167,0.001898
smids/Normal_Sperm/Normal_Sperm (118).bmp,0,3,0,1,0.070614,0.898929,0.030457
smids/Normal_Sperm/Normal_Sperm (119).bmp,0,3,0,1,0.343793,0.652280,0.003927
smids/Normal_Sperm/Normal_Sperm (120).bmp,0,3,0,0,0.840393,0.159445,0.000161
smids/Normal_Sperm/Normal_Sperm (134).bmp,0,3,0,0,0.509393,0.483741,0.006866
smids/Normal_Sperm/Normal_Sperm (14).bmp,0,3,0,1,0.048415,0.866796,0.084789
smids/Normal_Sperm/Normal_Sperm (146).bmp,0,3,0,0,0.869163,0.130652,0.000185
smids/Normal_Sperm/Normal_Sperm (151).bmp,0,3,0,1,0.170549,0.821273,0.008178
smids/Normal_Sperm/Normal_Sperm (155).bmp,0,3,0,0,0.670165,0.315348,0.014487
smids/Normal_Sperm/Normal_Sperm (160).bmp,0,3,0,0,0.834280,0.163408,0.002311
smids/Normal_Sperm/Normal_Sperm (163).bmp,0,3,0,0,0.982889,0.017081,0.000030
smids/Normal_Sperm/Normal_Sperm (171).bmp,0,3,0,0,0.893060,0.102508,0.004432
smids/Normal_Sperm/Normal_Sperm (175).bmp,0,3,0,0,0.996110,0.003449,0.000442
smids/Normal_Sperm/Normal_Sperm (179).bmp,0,3,0,0,0.869899,0.121518,0.008583
smids/Normal_Sperm/Normal_Sperm (18).bmp,0,3,0,0,0.932830,0.064942,0.002228
smids/Normal_Sperm/Normal_Sperm (184).bmp,0,3,0,0,0.787394,0.203228,0.009378
smids/Normal_Sperm/Normal_Sperm (191).bmp,0,3,0,0,0.702802,0.294100,0.003098
smids/Normal_Sperm/Normal_Sperm (193).bmp,0,3,0,0,0.625730,0.229894,0.144376
smids/Normal_Sperm/Normal_Sperm (195).bmp,0,3,0,0,0.863414,0.133232,0.003354
smids/Normal_Sperm/Normal_Sperm (203).bmp,0,3,0,0,0.744826,0.232712,0.022463
smids/Normal_Sperm/Normal_Sperm (204).bmp,0,3,0,0,0.787654,0.204542,0.007804
smids/Normal_Sperm/Normal_Sperm (207).bmp,0,3,0,0,0.877309,0.096260,0.026431
smids/Normal_Sperm/Normal_Sperm (217).bmp,0,3,0,0,0.980974,0.018939,0.000087
smids/Normal_Sperm/Normal_Sperm (225).bmp,0,3,0,0,0.839553,0.150373,0.010074
smids/Normal_Sperm/Normal_Sperm (226).bmp,0,3,0,0,0.534739,0.459272,0.005989
smids/Normal_Sperm/Normal_Sperm (229).bmp,0,3,0,0,0.910782,0.088129,0.001089
smids/Normal_Sperm/Normal_Sperm (230).bmp,0,3,0,0,0.737698,0.256757,0.005545
smids/Normal_Sperm/Normal_Sperm (235).bmp,0,3,0,0,0.976323,0.022868,0.000809
smids/Normal_Sperm/Normal_Sperm (236).bmp,0,3,0,2,0.278734,0.089291,0.631975
smids/Normal_Sperm/Normal_Sperm (237).bmp,0,3,0,0,0.928153,0.071748,0.000098
smids/Normal_Sperm/Normal_Sperm (242).bmp,0,3,0,0,0.877535,0.121674,0.000791
smids/Normal_Sperm/Normal_Sperm (245).bmp,0,3,0,0,0.913701,0.082218,0.004081
smids/Normal_Sperm/Normal_Sperm (249).bmp,0,3,0,0,0.900233,0.096956,0.002811
smids/Normal_Sperm/Normal_Sperm (251).bmp,0,3,0,0,0.971300,0.028641,0.000060
smids/Normal_Sperm/Normal_Sperm (252).bmp,0,3,0,0,0.813420,0.184994,0.001587
smids/Normal_Sperm/Normal_Sperm (257).bmp,0,3,0,0,0.839533,0.158434,0.002033
smids/Normal_Sperm/Normal_Sperm (261).bmp,0,3,0,1,0.321061,0.649002,0.029936
smids/Normal_Sperm/Normal_Sperm (263).bmp,0,3,0,0,0.904357,0.093983,0.001660
smids/Normal_Sperm/Normal_Sperm (266).bmp,0,3,0,0,0.828352,0.171485,0.000164
smids/Normal_Sperm/Normal_Sperm (274).bmp,0,3,0,0,0.774333,0.054606,0.171061
smids/Normal_Sperm/Normal_Sperm (288).bmp,0,3,0,0,0.983574,0.016401,0.000025
smids/Normal_Sperm/Normal_Sperm (295).bmp,0,3,0,0,0.863438,0.135734,0.000828
smids/Normal_Sperm/Normal_Sperm (296).bmp,0,3,0,0,0.855691,0.139446,0.004863
smids/Normal_Sperm/Normal_Sperm (299).bmp,0,3,0,0,0.828961,0.170524,0.000515
smids/Normal_Sperm/Normal_Sperm (301).bmp,0,3,0,0,0.931603,0.023113,0.045284
smids/Normal_Sperm/Normal_Sperm (302).bmp,0,3,0,1,0.005249,0.808519,0.186232
smids/Normal_Sperm/Normal_Sperm (309).bmp,0,3,0,0,0.848972,0.150392,0.000637
smids/Normal_Sperm/Normal_Sperm (315).bmp,0,3,0,0,0.855200,0.143936,0.000864
smids/Normal_Sperm/Normal_Sperm (316).bmp,0,3,0,0,0.875721,0.121813,0.002466
smids/Normal_Sperm/Normal_Sperm (322).bmp,0,3,0,0,0.838403,0.160750,0.000847
smids/Normal_Sperm/Normal_Sperm (327).bmp,0,3,0,0,0.948472,0.051396,0.000132
smids/Normal_Sperm/Normal_Sperm (33).bmp,0,3,0,0,0.637027,0.316327,0.046646
smids/Normal_Sperm/Normal_Sperm (331).bmp,0,3,0,0,0.989183,0.009528,0.001289
smids/Normal_Sperm/Normal_Sperm (333).bmp,0,3,0,0,0.980218,0.019696,0.000086
smids/Normal_Sperm/Normal_Sperm (338).bmp,0,3,0,1,0.441634,0.552112,0.006254
smids/Normal_Sperm/Normal_Sperm (341).bmp,0,3,0,0,0.965719,0.034163,0.000118
smids/Normal_Sperm/Normal_Sperm (355).bmp,0,3,0,0,0.990790,0.008738,0.000472
smids/Normal_Sperm/Normal_Sperm (360).bmp,0,3,0,0,0.960860,0.038995,0.000145
smids/Normal_Sperm/Normal_Sperm (362).bmp,0,3,0,0,0.885189,0.113974,0.000837
smids/Normal_Sperm/Normal_Sperm (364).bmp,0,3,0,0,0.866386,0.129792,0.003822
smids/Normal_Sperm/Normal_Sperm (369).bmp,0,3,0,0,0.521215,0.010168,0.468617
smids/Normal_Sperm/Normal_Sperm (37).bmp,0,3,0,0,0.508314,0.160913,0.330773
smids/Normal_Sperm/Normal_Sperm (373).bmp,0,3,0,0,0.946689,0.052953,0.000359
smids/Normal_Sperm/Normal_Sperm (376).bmp,0,3,0,0,0.847570,0.152313,0.000116
smids/Normal_Sperm/Normal_Sperm (379).bmp,0,3,0,0,0.939054,0.060868,0.000077
smids/Normal_Sperm/Normal_Sperm (380).bmp,0,3,0,0,0.898204,0.100059,0.001736
smids/Normal_Sperm/Normal_Sperm (382).bmp,0,3,0,0,0.943552,0.016905,0.039542
smids/Normal_Sperm/Normal_Sperm (388).bmp,0,3,0,0,0.738860,0.258528,0.002612
smids/Normal_Sperm/Normal_Sperm (389).bmp,0,3,0,0,0.869715,0.129716,0.000569
smids/Normal_Sperm/Normal_Sperm (390).bmp,0,3,0,0,0.921295,0.078596,0.000109
smids/Normal_Sperm/Normal_Sperm (391).bmp,0,3,0,1,0.330135,0.659942,0.009923
smids/Normal_Sperm/Normal_Sperm (398).bmp,0,3,0,0,0.637878,0.360449,0.001673
smids/Normal_Sperm/Normal_Sperm (401).bmp,0,3,0,0,0.981309,0.018664,0.000027
smids/Normal_Sperm/Normal_Sperm (419).bmp,0,3,0,0,0.785099,0.209400,0.005501
smids/Normal_Sperm/Normal_Sperm (427).bmp,0,3,0,0,0.909981,0.088800,0.001220
smids/Normal_Sperm/Normal_Sperm (43).bmp,0,3,0,1,0.471498,0.515099,0.013403
smids/Normal_Sperm/Normal_Sperm (435).bmp,0,3,0,0,0.992424,0.007543,0.000033
smids/Normal_Sperm/Normal_Sperm (440).bmp,0,3,0,0,0.928688,0.047131,0.024181
smids/Normal_Sperm/Normal_Sperm (441).bmp,0,3,0,0,0.986356,0.013366,0.000278
smids/Normal_Sperm/Normal_Sperm (442).bmp,0,3,0,0,0.998906,0.001067,0.000028
smids/Normal_Sperm/Normal_Sperm (448).bmp,0,3,0,0,0.935283,0.064257,0.000460
smids/Normal_Sperm/Normal_Sperm (453).bmp,0,3,0,0,0.919456,0.077273,0.003271
smids/Normal_Sperm/Normal_Sperm (456).bmp,0,3,0,0,0.909581,0.090380,0.000039
smids/Normal_Sperm/Normal_Sperm (460).bmp,0,3,0,1,0.389775,0.599444,0.010782
smids/Normal_Sperm/Normal_Sperm (461).bmp,0,3,0,0,0.858282,0.141486,0.000233
smids/Normal_Sperm/Normal_Sperm (471).bmp,0,3,0,0,0.927842,0.071984,0.000174
smids/Normal_Sperm/Normal_Sperm (475).bmp,0,3,0,0,0.988302,0.011667,0.000031
smids/Normal_Sperm/Normal_Sperm (48).bmp,0,3,0,0,0.859486,0.140209,0.000305
smids/Normal_Sperm/Normal_Sperm (481).bmp,0,3,0,0,0.769852,0.216032,0.014116
smids/Normal_Sperm/Normal_Sperm (486).bmp,0,3,0,0,0.717545,0.276485,0.005970
smids/Normal_Sperm/Normal_Sperm (489).bmp,0,3,0,0,0.902362,0.096962,0.000677
smids/Normal_Sperm/Normal_Sperm (490).bmp,0,3,0,0,0.993608,0.005770,0.000622
smids/Normal_Sperm/Normal_Sperm (491).bmp,0,3,0,0,0.975649,0.024346,0.000006
smids/Normal_Sperm/Normal_Sperm (496).bmp,0,3,0,0,0.950016,0.024224,0.025760
smids/Normal_Sperm/Normal_Sperm (5).bmp,0,3,0,0,0.958093,0.037661,0.004246
smids/Normal_Sperm/Normal_Sperm (501).bmp,0,3,0,0,0.950600,0.049291,0.000109
smids/Normal_Sperm/Normal_Sperm (504).bmp,0,3,0,0,0.975329,0.024493,0.000178
smids/Normal_Sperm/Normal_Sperm (508).bmp,0,3,0,0,0.983391,0.014893,0.001716
smids/Normal_Sperm/Normal_Sperm (509).bmp,0,3,0,1,0.477217,0.495259,0.027524
smids/Normal_Sperm/Normal_Sperm (51).bmp,0,3,0,0,0.932837,0.067005,0.000158
smids/Normal_Sperm/Normal_Sperm (510).bmp,0,3,0,0,0.911825,0.087792,0.000382
smids/Normal_Sperm/Normal_Sperm (524).bmp,0,3,0,0,0.914309,0.085566,0.000126
smids/Normal_Sperm/Normal_Sperm (526).bmp,0,3,0,0,0.964994,0.034977,0.000030
smids/Normal_Sperm/Normal_Sperm (528).bmp,0,3,0,0,0.900803,0.098239,0.000959
smids/Normal_Sperm/Normal_Sperm (533).bmp,0,3,0,0,0.804137,0.195339,0.000524
smids/Normal_Sperm/Normal_Sperm (537).bmp,0,3,0,0,0.976964,0.022973,0.000063
smids/Normal_Sperm/Normal_Sperm (545).bmp,0,3,0,0,0.958192,0.041695,0.000112
smids/Normal_Sperm/Normal_Sperm (553).bmp,0,3,0,0,0.940437,0.059500,0.000063
smids/Normal_Sperm/Normal_Sperm (576).bmp,0,3,0,0,0.896925,0.103025,0.000050
smids/Normal_Sperm/Normal_Sperm (580).bmp,0,3,0,0,0.962307,0.036750,0.000943
smids/Normal_Sperm/Normal_Sperm (587).bmp,0,3,0,0,0.943654,0.056264,0.000082
smids/Normal_Sperm/Normal_Sperm (598).bmp,0,3,0,0,0.581664,0.414415,0.003921
smids/Normal_Sperm/Normal_Sperm (605).bmp,0,3,0,0,0.979700,0.020298,0.000002
smids/Normal_Sperm/Normal_Sperm (608).bmp,0,3,0,0,0.965652,0.034327,0.000021
smids/Normal_Sperm/Normal_Sperm (610).bmp,0,3,0,0,0.982586,0.017403,0.000011
smids/Normal_Sperm/Normal_Sperm (615).bmp,0,3,0,0,0.942201,0.018722,0.039077
smids/Normal_Sperm/Normal_Sperm (618).bmp,0,3,0,0,0.908061,0.091695,0.000244
smids/Normal_Sperm/Normal_Sperm (62).bmp,0,3,0,1,0.070618,0.914187,0.015195
smids/Normal_Sperm/Normal_Sperm (624).bmp,0,3,0,0,0.957723,0.042241,0.000036
smids/Normal_Sperm/Normal_Sperm (629).bmp,0,3,0,0,0.987480,0.012515,0.000005
smids/Normal_Sperm/Normal_Sperm (633).bmp,0,3,0,0,0.656807,0.342231,0.000962
smids/Normal_Sperm/Normal_Sperm (635).bmp,0,3,0,0,0.948289,0.051668,0.000043
smids/Normal_Sperm/Normal_Sperm (639).bmp,0,3,0,1,0.264201,0.689683,0.046116
smids/Normal_Sperm/Normal_Sperm (640).bmp,0,3,0,0,0.969948,0.009874,0.020178
smids/Normal_Sperm/Normal_Sperm (642).bmp,0,3,0,0,0.952055,0.047691,0.000254
smids/Normal_Sperm/Normal_Sperm (646).bmp,0,3,0,0,0.975028,0.024964,0.000007
smids/Normal_Sperm/Normal_Sperm (65).bmp,0,3,0,0,0.722376,0.248976,0.028649
smids/Normal_Sperm/Normal_Sperm (658).bmp,0,3,0,0,0.983779,0.016208,0.000013
smids/Normal_Sperm/Normal_Sperm (659).bmp,0,3,0,0,0.942101,0.057814,0.000086
smids/Normal_Sperm/Normal_Sperm (667).bmp,0,3,0,0,0.960063,0.039815,0.000122
smids/Normal_Sperm/Normal_Sperm (67).bmp,0,3,0,0,0.744142,0.234050,0.021808
smids/Normal_Sperm/Normal_Sperm (670).bmp,0,3,0,0,0.986849,0.006858,0.006293
smids/Normal_Sperm/Normal_Sperm (673).bmp,0,3,0,0,0.901983,0.097967,0.000051
smids/Normal_Sperm/Normal_Sperm (674).bmp,0,3,0,0,0.968477,0.018287,0.013235
smids/Normal_Sperm/Normal_Sperm (694).bmp,0,3,0,0,0.930295,0.067603,0.002102
smids/Normal_Sperm/Normal_Sperm (701).bmp,0,3,0,0,0.715691,0.284245,0.000064
smids/Normal_Sperm/Normal_Sperm (706).bmp,0,3,0,0,0.975375,0.024600,0.000026
smids/Normal_Sperm/Normal_Sperm (716).bmp,0,3,0,0,0.945194,0.052154,0.002652
smids/Normal_Sperm/Normal_Sperm (717).bmp,0,3,0,0,0.945846,0.053225,0.000928
smids/Normal_Sperm/Normal_Sperm (72).bmp,0,3,0,0,0.985678,0.014216,0.000107
smids/Normal_Sperm/Normal_Sperm (729).bmp,0,3,0,0,0.992240,0.005845,0.001915
smids/Normal_Sperm/Normal_Sperm (730).bmp,0,3,0,0,0.940551,0.054604,0.004845
smids/Normal_Sperm/Normal_Sperm (731).bmp,0,3,0,0,0.837372,0.159008,0.003620
smids/Normal_Sperm/Normal_Sperm (732).bmp,0,3,0,0,0.995678,0.004320,0.000002
smids/Normal_Sperm/Normal_Sperm (737).bmp,0,3,0,0,0.996014,0.003752,0.000234
smids/Normal_Sperm/Normal_Sperm (741).bmp,0,3,0,0,0.893496,0.099808,0.006696
smids/Normal_Sperm/Normal_Sperm (746).bmp,0,3,0,0,0.927956,0.071371,0.000674
smids/Normal_Sperm/Normal_Sperm (751).bmp,0,3,0,0,0.960227,0.038776,0.000997
smids/Normal_Sperm/Normal_Sperm (756).bmp,0,3,0,0,0.923436,0.075579,0.000985
smids/Normal_Sperm/Normal_Sperm (761).bmp,0,3,0,0,0.983428,0.016557,0.000014
smids/Normal_Sperm/Normal_Sperm (768).bmp,0,3,0,0,0.812648,0.155885,0.031467
smids/Normal_Sperm/Normal_Sperm (773).bmp,0,3,0,0,0.991074,0.008900,0.000026
smids/Normal_Sperm/Normal_Sperm (776).bmp,0,3,0,0,0.970833,0.029108,0.000059
smids/Normal_Sperm/Normal_Sperm (778).bmp,0,3,0,0,0.863336,0.117490,0.019174
smids/Normal_Sperm/Normal_Sperm (798).bmp,0,3,0,0,0.878904,0.118957,0.002140
smids/Normal_Sperm/Normal_Sperm (8).bmp,0,3,0,0,0.563815,0.362995,0.073189
smids/Normal_Sperm/Normal_Sperm (802).bmp,0,3,0,0,0.603560,0.200291,0.196150
smids/Normal_Sperm/Normal_Sperm (805).bmp,0,3,0,0,0.692548,0.063691,0.243761
smids/Normal_Sperm/Normal_Sperm (809).bmp,0,3,0,0,0.992944,0.006860,0.000196
smids/Normal_Sperm/Normal_Sperm (81).bmp,0,3,0,0,0.880750,0.115805,0.003444
smids/Normal_Sperm/Normal_Sperm (816).bmp,0,3,0,1,0.010298,0.808007,0.181695
smids/Normal_Sperm/Normal_Sperm (817).bmp,0,3,0,0,0.790127,0.200420,0.009452
smids/Normal_Sperm/Normal_Sperm (819).bmp,0,3,0,0,0.937669,0.061733,0.000598
smids/Normal_Sperm/Normal_Sperm (824).bmp,0,3,0,0,0.988012,0.011842,0.000146
smids/Normal_Sperm/Normal_Sperm (825).bmp,0,3,0,0,0.588477,0.400524,0.010999
smids/Normal_Sperm/Normal_Sperm (834).bmp,0,3,0,0,0.973795,0.026204,0.000001
smids/Normal_Sperm/Normal_Sperm (837).bmp,0,3,0,1,0.030939,0.961834,0.007228
smids/Normal_Sperm/Normal_Sperm (846).bmp,0,3,0,0,0.913358,0.086467,0.000176
smids/Normal_Sperm/Normal_Sperm (848).bmp,0,3,0,0,0.962394,0.037251,0.000354
smids/Normal_Sperm/Normal_Sperm (852).bmp,0,3,0,0,0.989948,0.009494,0.000559
smids/Normal_Sperm/Normal_Sperm (854).bmp,0,3,0,0,0.936033,0.063913,0.000054
smids/Normal_Sperm/Normal_Sperm (869).bmp,0,3,0,0,0.983073,0.015197,0.001729
smids/Normal_Sperm/Normal_Sperm (870).bmp,0,3,0,0,0.951500,0.048374,0.000126
smids/Normal_Sperm/Normal_Sperm (875).bmp,0,3,0,1,0.070920,0.907110,0.021970
smids/Normal_Sperm/Normal_Sperm (877).bmp,0,3,0,0,0.990902,0.009083,0.000015
smids/Normal_Sperm/Normal_Sperm (88).bmp,0,3,0,1,0.043800,0.590128,0.366072
smids/Normal_Sperm/Normal_Sperm (889).bmp,0,3,0,1,0.079281,0.920635,0.000085
smids/Normal_Sperm/Normal_Sperm (895).bmp,0,3,0,0,0.770833,0.228409,0.000758
smids/Normal_Sperm/Normal_Sperm (896).bmp,0,3,0,0,0.925684,0.074221,0.000095
smids/Normal_Sperm/Normal_Sperm (903).bmp,0,3,0,1,0.247603,0.692550,0.059847
smids/Normal_Sperm/Normal_Sperm (907).bmp,0,3,0,1,0.028564,0.970915,0.000521
smids/Normal_Sperm/Normal_Sperm (908).bmp,0,3,0,0,0.755659,0.244336,0.000005
smids/Normal_Sperm/Normal_Sperm (922).bmp,0,3,0,0,0.941036,0.058961,0.000003
smids/Normal_Sperm/Normal_Sperm (925).bmp,0,3,0,1,0.181266,0.818379,0.000355
smids/Normal_Sperm/Normal_Sperm (93).bmp,0,3,0,0,0.980451,0.011252,0.008298
smids/Normal_Sperm/Normal_Sperm (936).bmp,0,3,0,0,0.892820,0.106689,0.000491
smids/Normal_Sperm/Normal_Sperm (937).bmp,0,3,0,0,0.814053,0.170754,0.015193
smids/Normal_Sperm/Normal_Sperm (941).bmp,0,3,0,1,0.093172,0.906626,0.000201
smids/Normal_Sperm/Normal_Sperm (945).bmp,0,3,0,1,0.224814,0.769397,0.005789
smids/Normal_Sperm/Normal_Sperm (946).bmp,0,3,0,1,0.027203,0.970870,0.001927
smids/Normal_Sperm/Normal_Sperm (960).bmp,0,3,0,0,0.927973,0.071846,0.000181
smids/Normal_Sperm/Normal_Sperm (965).bmp,0,3,0,0,0.661805,0.326951,0.011244
smids/Normal_Sperm/Normal_Sperm (981).bmp,0,3,0,1,0.478795,0.521139,0.000066
smids/Normal_Sperm/Normal_Sperm (989).bmp,0,3,0,1,0.060813,0.762780,0.176407
smids/Abnormal_Sperm/Abnormal_Sperm (100).bmp,0,4,1,1,0.026410,0.973094,0.000496
smids/Abnormal_Sperm/Abnormal_Sperm (1000).bmp,0,4,1,1,0.013567,0.974901,0.011532
smids/Abnormal_Sperm/Abnormal_Sperm (106).bmp,0,4,1,1,0.005928,0.616303,0.377769
smids/Abnormal_Sperm/Abnormal_Sperm (113).bmp,0,4,1,1,0.008710,0.912789,0.078502
smids/Abnormal_Sperm/Abnormal_Sperm (118).bmp,0,4,1,1,0.087162,0.903774,0.009065
smids/Abnormal_Sperm/Abnormal_Sperm (121).bmp,0,4,1,1,0.023589,0.930889,0.045522
smids/Abnormal_Sperm/Abnormal_Sperm (130).bmp,0,4,1,1,0.008113,0.966502,0.025385
smids/Abnormal_Sperm/Abnormal_Sperm (135).bmp,0,4,1,1,0.008287,0.977835,0.013878
smids/Abnormal_Sperm/Abnormal_Sperm (138).bmp,0,4,1,1,0.016099,0.980909,0.002992
smids/Abnormal_Sperm/Abnormal_Sperm (140).bmp,0,4,1,1,0.033605,0.966243,0.000152
smids/Abnormal_Sperm/Abnormal_Sperm (142).bmp,0,4,1,1,0.024522,0.974158,0.001320
smids/Abnormal_Sperm/Abnormal_Sperm (143).bmp,0,4,1,1,0.038909,0.961042,0.000048
smids/Abnormal_Sperm/Abnormal_Sperm (145).bmp,0,4,1,1,0.081460,0.916027,0.002514
smids/Abnormal_Sperm/Abnormal_Sperm (149).bmp,0,4,1,1,0.119935,0.879740,0.000326
smids/Abnormal_Sperm/Abnormal_Sperm (151).bmp,0,4,1,1,0.010401,0.829341,0.160257
smids/Abnormal_Sperm/Abnormal_Sperm (153).bmp,0,4,1,1,0.015511,0.980702,0.003786
smids/Abnormal_Sperm/Abnormal_Sperm (162).bmp,0,4,1,1,0.015875,0.938680,0.045444
smids/Abnormal_Sperm/Abnormal_Sperm (163).bmp,0,4,1,1,0.009626,0.988387,0.001988
smids/Abnormal_Sperm/Abnormal_Sperm (170).bmp,0,4,1,1,0.007383,0.983249,0.009368
smids/Abnormal_Sperm/Abnormal_Sperm (178).bmp,0,4,1,1,0.015785,0.951753,0.032462
smids/Abnormal_Sperm/Abnormal_Sperm (179).bmp,0,4,1,1,0.442569,0.557422,0.000009
smids/Abnormal_Sperm/Abnormal_Sperm (186).bmp,0,4,1,1,0.025039,0.974050,0.000912
smids/Abnormal_Sperm/Abnormal_Sperm (188).bmp,0,4,1,1,0.009136,0.910702,0.080162
smids/Abnormal_Sperm/Abnormal_Sperm (189).bmp,0,4,1,1,0.007435,0.908956,0.083609
smids/Abnormal_Sperm/Abnormal_Sperm (192).bmp,0,4,1,1,0.020694,0.978487,0.000819
smids/Abnormal_Sperm/Abnormal_Sperm (195).bmp,0,4,1,1,0.077621,0.911590,0.010789
smids/Abnormal_Sperm/Abnormal_Sperm (197).bmp,0,4,1,1,0.013272,0.983619,0.003109
smids/Abnormal_Sperm/Abnormal_Sperm (199).bmp,0,4,1,1,0.016229,0.961951,0.021820
smids/Abnormal_Sperm/Abnormal_Sperm (205).bmp,0,4,1,1,0.013141,0.947595,0.039264
smids/Abnormal_Sperm/Abnormal_Sperm (21).bmp,0,4,1,1,0.004582,0.644599,0.350819
smids/Abnormal_Sperm/Abnormal_Sperm (214).bmp,0,4,1,1,0.010198,0.954533,0.035269
smids/Abnormal_Sperm/Abnormal_Sperm (226).bmp,0,4,1,1,0.027762,0.929119,0.043119
smids/Abnormal_Sperm/Abnormal_Sperm (228).bmp,0,4,1,1,0.052617,0.929015,0.018368
smids/Abnormal_Sperm/Abnormal_Sperm (229).bmp,0,4,1,1,0.019065,0.980116,0.000819
smids/Abnormal_Sperm/Abnormal_Sperm (230).bmp,0,4,1,1,0.186020,0.812895,0.001085
smids/Abnormal_Sperm/Abnormal_Sperm (237).bmp,0,4,1,1,0.011588,0.956052,0.032361
smids/Abnormal_Sperm/Abnormal_Sperm (244).bmp,0,4,1,1,0.004792,0.669223,0.325985
smids/Abnormal_Sperm/Abnormal_Sperm (248).bmp,0,4,1,1,0.029784,0.969511,0.000705
smids/Abnormal_Sperm/Abnormal_Sperm (259).bmp,0,4,1,1,0.028047,0.969317,0.002636
smids/Abnormal_Sperm/Abnormal_Sperm (262).bmp,0,4,1,1,0.016941,0.971812,0.011246
smids/Abnormal_Sperm/Abnormal_Sperm (264).bmp,0,4,1,0,0.594129,0.158995,0.246876
smids/Abnormal_Sperm/Abnormal_Sperm (265).bmp,0,4,1,1,0.030101,0.966081,0.003818
smids/Abnormal_Sperm/Abnormal_Sperm (270).bmp,0,4,1,1,0.014350,0.965802,0.019848
smids/Abnormal_Sperm/Abnormal_Sperm (273).bmp,0,4,1,1,0.012965,0.985608,0.001428
smids/Abnormal_Sperm/Abnormal_Sperm (274).bmp,0,4,1,1,0.010801,0.917106,0.072092
smids/Abnormal_Sperm/Abnormal_Sperm (279).bmp,0,4,1,1,0.021902,0.974612,0.003486
smids/Abnormal_Sperm/Abnormal_Sperm (283).bmp,0,4,1,1,0.126287,0.872634,0.001079
smids/Abnormal_Sperm/Abnormal_Sperm (297).bmp,0,4,1,1,0.036653,0.960352,0.002995
smids/Abnormal_Sperm/Abnormal_Sperm (299).bmp,0,4,1,1,0.107063,0.891042,0.001895
smids/Abnormal_Sperm/Abnormal_Sperm (3).bmp,0,4,1,2,0.005473,0.290890,0.703637
smids/Abnormal_Sperm/Abnormal_Sperm (305).bmp,0,4,1,1,0.008404,0.675524,0.316072
smids/Abnormal_Sperm/Abnormal_Sperm (307).bmp,0,4,1,1,0.007080,0.620563,0.372357
smids/Abnormal_Sperm/Abnormal_Sperm (315).bmp,0,4,1,1,0.011541,0.974638,0.013821
smids/Abnormal_Sperm/Abnormal_Sperm (316).bmp,0,4,1,1,0.089946,0.908592,0.001462
smids/Abnormal_Sperm/Abnormal_Sperm (318).bmp,0,4,1,1,0.215765,0.780990,0.003245
smids/Abnormal_Sperm/Abnormal_Sperm (329).bmp,0,4,1,1,0.028161,0.963597,0.008242
smids/Abnormal_Sperm/Abnormal_Sperm (330).bmp,0,4,1,1,0.100205,0.899277,0.000518
smids/Abnormal_Sperm/Abnormal_Sperm (334).bmp,0,4,1,1,0.126952,0.872260,0.000788
smids/Abnormal_Sperm/Abnormal_Sperm (344).bmp,0,4,1,1,0.007797,0.982091,0.010113
smids/Abnormal_Sperm/Abnormal_Sperm (346).bmp,0,4,1,1,0.012031,0.967094,0.020875
smids/Abnormal_Sperm/Abnormal_Sperm (350).bmp,0,4,1,1,0.011961,0.983677,0.004362
smids/Abnormal_Sperm/Abnormal_Sperm (357).bmp,0,4,1,1,0.018990,0.957466,0.023544
smids/Abnormal_Sperm/Abnormal_Sperm (360).bmp,0,4,1,1,0.257263,0.742043,0.000694
smids/Abnormal_Sperm/Abnormal_Sperm (364).bmp,0,4,1,1,0.010692,0.721699,0.267608
smids/Abnormal_Sperm/Abnormal_Sperm (367).bmp,0,4,1,1,0.144339,0.852108,0.003553
smids/Abnormal_Sperm/Abnormal_Sperm (368).bmp,0,4,1,2,0.003303,0.222984,0.773713
smids/Abnormal_Sperm/Abnormal_Sperm (382).bmp,0,4,1,1,0.106142,0.893056,0.000802
smids/Abnormal_Sperm/Abnormal_Sperm (383).bmp,0,4,1,1,0.152988,0.842465,0.004547
smids/Abnormal_Sperm/Abnormal_Sperm (396).bmp,0,4,1,1,0.025398,0.974363,0.000238
smids/Abnormal_Sperm/Abnormal_Sperm (400).bmp,0,4,1,1,0.006889,0.940292,0.052819
smids/Abnormal_Sperm/Abnormal_Sperm (401).bmp,0,4,1,1,0.055617,0.944157,0.000225
smids/Abnormal_Sperm/Abnormal_Sperm (403).bmp,0,4,1,1,0.290766,0.707836,0.001398
smids/Abnormal_Sperm/Abnormal_Sperm (421).bmp,0,4,1,1,0.037020,0.962500,0.000481
smids/Abnormal_Sperm/Abnormal_Sperm (429).bmp,0,4,1,1,0.008959,0.901333,0.089709
smids/Abnormal_Sperm/Abnormal_Sperm (43).bmp,0,4,1,1,0.037080,0.953477,0.009443
smids/Abnormal_Sperm/Abnormal_Sperm (469).bmp,0,4,1,1,0.006174,0.615016,0.378810
smids/Abnormal_Sperm/Abnormal_Sperm (477).bmp,0,4,1,1,0.015640,0.976003,0.008357
smids/Abnormal_Sperm/Abnormal_Sperm (478).bmp,0,4,1,1,0.049551,0.581438,0.369010
smids/Abnormal_Sperm/Abnormal_Sperm (485).bmp,0,4,1,1,0.009563,0.985158,0.005279
smids/Abnormal_Sperm/Abnormal_Sperm (486).bmp,0,4,1,1,0.008046,0.542230,0.449723
smids/Abnormal_Sperm/Abnormal_Sperm (487).bmp,0,4,1,1,0.425081,0.566643,0.008276
smids/Abnormal_Sperm/Abnormal_Sperm (490).bmp,0,4,1,1,0.030315,0.966825,0.002860
smids/Abnormal_Sperm/Abnormal_Sperm (493).bmp,0,4,1,1,0.015380,0.892745,0.091875
smids/Abnormal_Sperm/Abnormal_Sperm (496).bmp,0,4,1,1,0.060844,0.934744,0.004412
smids/Abnormal_Sperm/Abnormal_Sperm (497).bmp,0,4,1,2,0.054967,0.409320,0.535713
smids/Abnormal_Sperm/Abnormal_Sperm (500).bmp,0,4,1,2,0.126782,0.220617,0.652601
smids/Abnormal_Sperm/Abnormal_Sperm (506).bmp,0,4,1,1,0.137121,0.848820,0.014059
smids/Abnormal_Sperm/Abnormal_Sperm (508).bmp,0,4,1,2,0.045126,0.445305,0.509569
smids/Abnormal_Sperm/Abnormal_Sperm (510).bmp,0,4,1,0,0.477643,0.150965,0.371393
smids/Abnormal_Sperm/Abnormal_Sperm (511).bmp,0,4,1,1,0.013090,0.943870,0.043040
smids/Abnormal_Sperm/Abnormal_Sperm (518).bmp,0,4,1,1,0.029737,0.966053,0.004210
smids/Abnormal_Sperm/Abnormal_Sperm (521).bmp,0,4,1,1,0.016227,0.958126,0.025646
smids/Abnormal_Sperm/Abnormal_Sperm (522).bmp,0,4,1,1,0.006870,0.529342,0.463788
smids/Abnormal_Sperm/Abnormal_Sperm (525).bmp,0,4,1,1,0.018469,0.965701,0.015830
smids/Abnormal_Sperm/Abnormal_Sperm (532).bmp,0,4,1,1,0.008410,0.841024,0.150566
smids/Abnormal_Sperm/Abnormal_Sperm (548).bmp,0,4,1,1,0.020937,0.697370,0.281693
smids/Abnormal_Sperm/Abnormal_Sperm (549).bmp,0,4,1,1,0.317819,0.652367,0.029814
smids/Abnormal_Sperm/Abnormal_Sperm (55).bmp,0,4,1,2,0.008776,0.430771,0.560454
smids/Abnormal_Sperm/Abnormal_Sperm (554).bmp,0,4,1,0,0.553397,0.178817,0.267786
smids/Abnormal_Sperm/Abnormal_Sperm (555).bmp,0,4,1,0,0.686042,0.306944,0.007014
smids/Abnormal_Sperm/Abnormal_Sperm (558).bmp,0,4,1,1,0.176013,0.786966,0.037021
smids/Abnormal_Sperm/Abnormal_Sperm (568).bmp,0,4,1,1,0.006058,0.546681,0.447261
smids/Abnormal_Sperm/Abnormal_Sperm (577).bmp,0,4,1,1,0.022213,0.922260,0.055528
smids/Abnormal_Sperm/Abnormal_Sperm (578).bmp,0,4,1,0,0.805456,0.193044,0.001500
smids/Abnormal_Sperm/Abnormal_Sperm (601).bmp,0,4,1,2,0.357425,0.151567,0.491009
smids/Abnormal_Sperm/Abnormal_Sperm (605).bmp,0,4,1,1,0.027346,0.902211,0.070443
smids/Abnormal_Sperm/Abnormal_Sperm (606).bmp,0,4,1,0,0.746131,0.220292,0.033577
smids/Abnormal_Sperm/Abnormal_Sperm (611).bmp,0,4,1,1,0.131702,0.846523,0.021774
smids/Abnormal_Sperm/Abnormal_Sperm (613).bmp,0,4,1,1,0.104080,0.895292,0.000629
smids/Abnormal_Sperm/Abnormal_Sperm (617).bmp,0,4,1,1,0.041867,0.950689,0.007443
smids/Abnormal_Sperm/Abnormal_Sperm (619).bmp,0,4,1,1,0.242946,0.753824,0.003230
smids/Abnormal_Sperm/Abnormal_Sperm (623).bmp,0,4,1,1,0.356825,0.643093,0.000082
smids/Abnormal_Sperm/Abnormal_Sperm (630).bmp,0,4,1,1,0.045756,0.494521,0.459724
smids/Abnormal_Sperm/Abnormal_Sperm (631).bmp,0,4,1,1,0.251962,0.744995,0.003042
smids/Abnormal_Sperm/Abnormal_Sperm (633).bmp,0,4,1,1,0.110507,0.593703,0.295790
smids/Abnormal_Sperm/Abnormal_Sperm (635).bmp,0,4,1,1,0.223128,0.765279,0.011593
smids/Abnormal_Sperm/Abnormal_Sperm (638).bmp,0,4,1,0,0.663429,0.331449,0.005121
smids/Abnormal_Sperm/Abnormal_Sperm (642).bmp,0,4,1,1,0.289137,0.710713,0.000150
smids/Abnormal_Sperm/Abnormal_Sperm (652).bmp,0,4,1,1,0.277228,0.718526,0.004247
smids/Abnormal_Sperm/Abnormal_Sperm (669).bmp,0,4,1,1,0.167009,0.823934,0.009058
smids/Abnormal_Sperm/Abnormal_Sperm (673).bmp,0,4,1,1,0.015008,0.901184,0.083809
smids/Abnormal_Sperm/Abnormal_Sperm (680).bmp,0,4,1,0,0.532516,0.425282,0.042202
smids/Abnormal_Sperm/Abnormal_Sperm (681).bmp,0,4,1,1,0.030861,0.962142,0.006998
smids/Abnormal_Sperm/Abnormal_Sperm (688).bmp,0,4,1,1,0.203126,0.784576,0.012297
smids/Abnormal_Sperm/Abnormal_Sperm (698).bmp,0,4,1,1,0.406269,0.592743,0.000988
smids/Abnormal_Sperm/Abnormal_Sperm (699).bmp,0,4,1,1,0.202867,0.796399,0.000734
smids/Abnormal_Sperm/Abnormal_Sperm (7).bmp,0,4,1,1,0.029319,0.915282,0.055399
smids/Abnormal_Sperm/Abnormal_Sperm (701).bmp,0,4,1,1,0.079661,0.817294,0.103046
smids/Abnormal_Sperm/Abnormal_Sperm (702).bmp,0,4,1,1,0.183281,0.815700,0.001019
smids/Abnormal_Sperm/Abnormal_Sperm (709).bmp,0,4,1,1,0.116064,0.881866,0.002070
smids/Abnormal_Sperm/Abnormal_Sperm (71).bmp,0,4,1,1,0.047085,0.850555,0.102360
smids/Abnormal_Sperm/Abnormal_Sperm (711).bmp,0,4,1,1,0.154207,0.839271,0.006522
smids/Abnormal_Sperm/Abnormal_Sperm (716).bmp,0,4,1,1,0.174545,0.824867,0.000588
smids/Abnormal_Sperm/Abnormal_Sperm (72).bmp,0,4,1,1,0.068113,0.904312,0.027575
smids/Abnormal_Sperm/Abnormal_Sperm (721).bmp,0,4,1,1,0.159351,0.836318,0.004331
smids/Abnormal_Sperm/Abnormal_Sperm (722).bmp,0,4,1,1,0.108931,0.887406,0.003663
smids/Abnormal_Sperm/Abnormal_Sperm (730).bmp,0,4,1,1,0.308361,0.691021,0.000617
smids/Abnormal_Sperm/Abnormal_Sperm (731).bmp,0,4,1,1,0.200940,0.781331,0.017729
smids/Abnormal_Sperm/Abnormal_Sperm (739).bmp,0,4,1,1,0.111856,0.874326,0.013818
smids/Abnormal_Sperm/Abnormal_Sperm (741).bmp,0,4,1,1,0.028454,0.970886,0.000660
smids/Abnormal_Sperm/Abnormal_Sperm (745).bmp,0,4,1,1,0.036167,0.963710,0.000123
smids/Abnormal_Sperm/Abnormal_Sperm (747).bmp,0,4,1,1,0.063460,0.931583,0.004957
smids/Abnormal_Sperm/Abnormal_Sperm (751).bmp,0,4,1,1,0.178486,0.806940,0.014574
smids/Abnormal_Sperm/Abnormal_Sperm (755).bmp,0,4,1,0,0.778142,0.221430,0.000429
smids/Abnormal_Sperm/Abnormal_Sperm (757).bmp,0,4,1,1,0.017057,0.978576,0.004367
smids/Abnormal_Sperm/Abnormal_Sperm (758).bmp,0,4,1,0,0.708415,0.290906,0.000679
smids/Abnormal_Sperm/Abnormal_Sperm (759).bmp,0,4,1,1,0.038173,0.960692,0.001134
smids/Abnormal_Sperm/Abnormal_Sperm (773).bmp,0,4,1,1,0.006003,0.948044,0.045953
smids/Abnormal_Sperm/Abnormal_Sperm (774).bmp,0,4,1,0,0.970770,0.029164,0.000067
smids/Abnormal_Sperm/Abnormal_Sperm (778).bmp,0,4,1,1,0.115559,0.883410,0.001031
smids/Abnormal_Sperm/Abnormal_Sperm (79).bmp,0,4,1,1,0.016435,0.930186,0.053379
smids/Abnormal_Sperm/Abnormal_Sperm (791).bmp,0,4,1,0,0.704192,0.293994,0.001814
smids/Abnormal_Sperm/Abnormal_Sperm (798).bmp,0,4,1,1,0.130217,0.854838,0.014945
smids/Abnormal_Sperm/Abnormal_Sperm (800).bmp,0,4,1,1,0.145023,0.854379,0.000597
smids/Abnormal_Sperm/Abnormal_Sperm (809).bmp,0,4,1,1,0.325367,0.669197,0.005436
smids/Abnormal_Sperm/Abnormal_Sperm (814).bmp,0,4,1,0,0.909396,0.090591,0.000013
smids/Abnormal_Sperm/Abnormal_Sperm (817).bmp,0,4,1,1,0.032898,0.966401,0.000701
smids/Abnormal_Sperm/Abnormal_Sperm (820).bmp,0,4,1,1,0.464465,0.535427,0.000107
smids/Abnormal_Sperm/Abnormal_Sperm (826).bmp,0,4,1,0,0.706192,0.283241,0.010567
smids/Abnormal_Sperm/Abnormal_Sperm (833).bmp,0,4,1,1,0.172554,0.825534,0.001912
smids/Abnormal_Sperm/Abnormal_Sperm (836).bmp,0,4,1,1,0.497953,0.501549,0.000498
smids/Abnormal_Sperm/Abnormal_Sperm (838).bmp,0,4,1,0,0.742753,0.256763,0.000484
smids/Abnormal_Sperm/Abnormal_Sperm (841).bmp,0,4,1,0,0.632168,0.367002,0.000830
smids/Abnormal_Sperm/Abnormal_Sperm (849).bmp,0,4,1,1,0.308023,0.690531,0.001447
smids/Abnormal_Sperm/Abnormal_Sperm (850).bmp,0,4,1,1,0.060382,0.923401,0.016217
smids/Abnormal_Sperm/Abnormal_Sperm (851).bmp,0,4,1,1,0.291549,0.707824,0.000627
smids/Abnormal_Sperm/Abnormal_Sperm (860).bmp,0,4,1,0,0.871600,0.128367,0.000033
smids/Abnormal_Sperm/Abnormal_Sperm (867).bmp,0,4,1,0,0.713409,0.244911,0.041680
smids/Abnormal_Sperm/Abnormal_Sperm (868).bmp,0,4,1,1,0.381505,0.615559,0.002936
smids/Abnormal_Sperm/Abnormal_Sperm (875).bmp,0,4,1,1,0.146394,0.852433,0.001173
smids/Abnormal_Sperm/Abnormal_Sperm (881).bmp,0,4,1,1,0.187663,0.812130,0.000207
smids/Abnormal_Sperm/Abnormal_Sperm (886).bmp,0,4,1,0,0.738413,0.257571,0.004016
smids/Abnormal_Sperm/Abnormal_Sperm (887).bmp,0,4,1,0,0.702989,0.295113,0.001899
smids/Abnormal_Sperm/Abnormal_Sperm (893).bmp,0,4,1,1,0.165836,0.833234,0.000930
smids/Abnormal_Sperm/Abnormal_Sperm (898).bmp,0,4,1,1,0.173420,0.826320,0.000260
smids/Abnormal_Sperm/Abnormal_Sperm (90).bmp,0,4,1,1,0.056330,0.943332,0.000338
smids/Abnormal_Sperm/Abnormal_Sperm (91).bmp,0,4,1,1,0.039125,0.960624,0.000251
smids/Abnormal_Sperm/Abnormal_Sperm (917).bmp,0,4,1,1,0.091225,0.845817,0.062957
smids/Abnormal_Sperm/Abnormal_Sperm (918).bmp,0,4,1,0,0.690529,0.305053,0.004418
smids/Abnormal_Sperm/Abnormal_Sperm (924).bmp,0,4,1,1,0.040068,0.558440,0.401492
smids/Abnormal_Sperm/Abnormal_Sperm (93).bmp,0,4,1,1,0.013043,0.903075,0.083882
smids/Abnormal_Sperm/Abnormal_Sperm (934).bmp,0,4,1,0,0.702346,0.293661,0.003993
smids/Abnormal_Sperm/Abnormal_Sperm (95).bmp,0,4,1,1,0.009513,0.951554,0.038933
smids/Abnormal_Sperm/Abnormal_Sperm (953).bmp,0,4,1,1,0.151673,0.848277,0.000050
smids/Abnormal_Sperm/Abnormal_Sperm (954).bmp,0,4,1,1,0.201162,0.792748,0.006090
smids/Abnormal_Sperm/Abnormal_Sperm (956).bmp,0,4,1,1,0.012723,0.817311,0.169966
smids/Abnormal_Sperm/Abnormal_Sperm (958).bmp,0,4,1,1,0.028165,0.742642,0.229193
smids/Abnormal_Sperm/Abnormal_Sperm (961).bmp,0,4,1,1,0.027976,0.941103,0.030922
smids/Abnormal_Sperm/Abnormal_Sperm (965).bmp,0,4,1,1,0.013484,0.928261,0.058255
smids/Abnormal_Sperm/Abnormal_Sperm (971).bmp,0,4,1,1,0.064305,0.926389,0.009306
smids/Abnormal_Sperm/Abnormal_Sperm (980).bmp,0,4,1,1,0.013526,0.979972,0.006502
smids/Abnormal_Sperm/Abnormal_Sperm (981).bmp,0,4,1,1,0.010487,0.960390,0.029123
smids/Abnormal_Sperm/Abnormal_Sperm (990).bmp,0,4,1,1,0.014050,0.981775,0.004175
smids/Abnormal_Sperm/Abnormal_Sperm (999).bmp,0,4,1,1,0.005310,0.614713,0.379977
smids/Non-Sperm/Non-Sperm (105).bmp,0,4,2,2,0.000199,0.000859,0.998942
smids/Non-Sperm/Non-Sperm (117).bmp,0,4,2,2,0.000365,0.002844,0.996791
smids/Non-Sperm/Non-Sperm (12).bmp,0,4,2,2,0.000075,0.002193,0.997732
smids/Non-Sperm/Non-Sperm (127).bmp,0,4,2,2,0.000741,0.012839,0.986420
smids/Non-Sperm/Non-Sperm (133).bmp,0,4,2,2,0.000102,0.000859,0.999039
smids/Non-Sperm/Non-Sperm (135).bmp,0,4,2,2,0.000123,0.000786,0.999091
smids/Non-Sperm/Non-Sperm (137).bmp,0,4,2,2,0.002299,0.023463,0.974238
smids/Non-Sperm/Non-Sperm (138).bmp,0,4,2,2,0.003559,0.028433,0.968008
smids/Non-Sperm/Non-Sperm (152).bmp,0,4,2,2,0.008395,0.048161,0.943444
smids/Non-Sperm/Non-Sperm (153).bmp,0,4,2,2,0.000995,0.004938,0.994067
smids/Non-Sperm/Non-Sperm (157).bmp,0,4,2,2,0.000450,0.000130,0.999420
smids/Non-Sperm/Non-Sperm (161).bmp,0,4,2,0,0.961034,0.026155,0.012811
smids/Non-Sperm/Non-Sperm (174).bmp,0,4,2,2,0.000071,0.000373,0.999555
smids/Non-Sperm/Non-Sperm (177).bmp,0,4,2,2,0.000188,0.001354,0.998457
smids/Non-Sperm/Non-Sperm (180).bmp,0,4,2,2,0.000118,0.000729,0.999153
smids/Non-Sperm/Non-Sperm (181).bmp,0,4,2,2,0.000234,0.003824,0.995943
smids/Non-Sperm/Non-Sperm (185).bmp,0,4,2,2,0.026732,0.011555,0.961713
smids/Non-Sperm/Non-Sperm (187).bmp,0,4,2,2,0.000141,0.002758,0.997101
smids/Non-Sperm/Non-Sperm (190).bmp,0,4,2,2,0.000889,0.059385,0.939726
smids/Non-Sperm/Non-Sperm (194).bmp,0,4,2,2,0.000576,0.004557,0.994867
smids/Non-Sperm/Non-Sperm (20).bmp,0,4,2,2,0.004617,0.090102,0.905281
smids/Non-Sperm/Non-Sperm (205).bmp,0,4,2,2,0.010953,0.002357,0.986690
smids/Non-Sperm/Non-Sperm (213).bmp,0,4,2,2,0.000016,0.000071,0.999912
smids/Non-Sperm/Non-Sperm (222).bmp,0,4,2,2,0.000313,0.000042,0.999644
smids/Non-Sperm/Non-Sperm (226).bmp,0,4,2,2,0.000057,0.000328,0.999615
smids/Non-Sperm/Non-Sperm (23).bmp,0,4,2,1,0.405582,0.475188,0.119231
smids/Non-Sperm/Non-Sperm (235).bmp,0,4,2,2,0.009578,0.003227,0.987194
smids/Non-Sperm/Non-Sperm (241).bmp,0,4,2,2,0.000440,0.002313,0.997247
smids/Non-Sperm/Non-Sperm (248).bmp,0,4,2,2,0.000132,0.001523,0.998345
smids/Non-Sperm/Non-Sperm (250).bmp,0,4,2,2,0.000524,0.005546,0.993930
smids/Non-Sperm/Non-Sperm (256).bmp,0,4,2,2,0.105464,0.008719,0.885817
smids/Non-Sperm/Non-Sperm (267).bmp,0,4,2,2,0.000151,0.001582,0.998267
smids/Non-Sperm/Non-Sperm (269).bmp,0,4,2,2,0.021719,0.005965,0.972316
smids/Non-Sperm/Non-Sperm (284).bmp,0,4,2,2,0.001851,0.000407,0.997742
smids/Non-Sperm/Non-Sperm (286).bmp,0,4,2,2,0.000395,0.003724,0.995881
smids/Non-Sperm/Non-Sperm (290).bmp,0,4,2,2,0.000465,0.002002,0.997533
smids/Non-Sperm/Non-Sperm (293).bmp,0,4,2,2,0.000235,0.000751,0.999014
smids/Non-Sperm/Non-Sperm (294).bmp,0,4,2,2,0.000241,0.002119,0.997639
smids/Non-Sperm/Non-Sperm (297).bmp,0,4,2,2,0.001393,0.020116,0.978490
smids/Non-Sperm/Non-Sperm (3).bmp,0,4,2,2,0.000620,0.117247,0.882132
smids/Non-Sperm/Non-Sperm (303).bmp,0,4,2,2,0.000090,0.000347,0.999563
smids/Non-Sperm/Non-Sperm (307).bmp,0,4,2,2,0.000877,0.001652,0.997471
smids/Non-Sperm/Non-Sperm (309).bmp,0,4,2,2,0.102364,0.031127,0.866509
smids/Non-Sperm/Non-Sperm (312).bmp,0,4,2,2,0.003022,0.015488,0.981490
smids/Non-Sperm/Non-Sperm (33).bmp,0,4,2,2,0.005342,0.078607,0.916051
smids/Non-Sperm/Non-Sperm (338).bmp,0,4,2,2,0.003309,0.140913,0.855778
smids/Non-Sperm/Non-Sperm (347).bmp,0,4,2,2,0.000297,0.001647,0.998057
smids/Non-Sperm/Non-Sperm (350).bmp,0,4,2,2,0.003064,0.054290,0.942646
smids/Non-Sperm/Non-Sperm (354).bmp,0,4,2,2,0.002887,0.033683,0.963431
smids/Non-Sperm/Non-Sperm (36).bmp,0,4,2,1,0.039074,0.948700,0.012226
smids/Non-Sperm/Non-Sperm (363).bmp,0,4,2,2,0.001999,0.025228,0.972773
smids/Non-Sperm/Non-Sperm (379).bmp,0,4,2,2,0.003150,0.001058,0.995793
smids/Non-Sperm/Non-Sperm (384).bmp,0,4,2,2,0.001232,0.022959,0.975808
smids/Non-Sperm/Non-Sperm (386).bmp,0,4,2,2,0.065954,0.017303,0.916743
smids/Non-Sperm/Non-Sperm (389).bmp,0,4,2,2,0.000058,0.000357,0.999585
smids/Non-Sperm/Non-Sperm (393).bmp,0,4,2,2,0.001894,0.013956,0.984151
smids/Non-Sperm/Non-Sperm (400).bmp,0,4,2,2,0.024108,0.282285,0.693607
smids/Non-Sperm/Non-Sperm (404).bmp,0,4,2,2,0.006579,0.001643,0.991778
smids/Non-Sperm/Non-Sperm (413).bmp,0,4,2,2,0.004641,0.064161,0.931198
smids/Non-Sperm/Non-Sperm (42).bmp,0,4,2,2,0.001785,0.136952,0.861264
smids/Non-Sperm/Non-Sperm (420).bmp,0,4,2,2,0.013204,0.110446,0.876350
smids/Non-Sperm/Non-Sperm (423).bmp,0,4,2,2,0.000178,0.001371,0.998451
smids/Non-Sperm/Non-Sperm (425).bmp,0,4,2,1,0.022025,0.968464,0.009511
smids/Non-Sperm/Non-Sperm (430).bmp,0,4,2,2,0.001118,0.000303,0.998580
smids/Non-Sperm/Non-Sperm (435).bmp,0,4,2,2,0.002942,0.017830,0.979228
smids/Non-Sperm/Non-Sperm (437).bmp,0,4,2,2,0.000211,0.001942,0.997847
smids/Non-Sperm/Non-Sperm (444).bmp,0,4,2,2,0.000350,0.001048,0.998602
smids/Non-Sperm/Non-Sperm (445).bmp,0,4,2,2,0.000958,0.000266,0.998776
smids/Non-Sperm/Non-Sperm (446).bmp,0,4,2,2,0.000112,0.000490,0.999398
smids/Non-Sperm/Non-Sperm (447).bmp,0,4,2,2,0.000207,0.002232,0.997561
smids/Non-Sperm/Non-Sperm (455).bmp,0,4,2,2,0.009990,0.066054,0.923956
smids/Non-Sperm/Non-Sperm (457).bmp,0,4,2,2,0.000070,0.000375,0.999555
smids/Non-Sperm/Non-Sperm (46).bmp,0,4,2,2,0.022069,0.385627,0.592304
smids/Non-Sperm/Non-Sperm (460).bmp,0,4,2,2,0.000040,0.000127,0.999833
smids/Non-Sperm/Non-Sperm (461).bmp,0,4,2,2,0.000884,0.007118,0.991998
smids/Non-Sperm/Non-Sperm (462).bmp,0,4,2,2,0.000265,0.000909,0.998826
smids/Non-Sperm/Non-Sperm (469).bmp,0,4,2,2,0.027891,0.016026,0.956082
smids/Non-Sperm/Non-Sperm (47).bmp,0,4,2,2,0.003154,0.042813,0.954033
smids/Non-Sperm/Non-Sperm (478).bmp,0,4,2,2,0.001580,0.010345,0.988076
smids/Non-Sperm/Non-Sperm (496).bmp,0,4,2,2,0.001005,0.007957,0.991039
smids/Non-Sperm/Non-Sperm (498).bmp,0,4,2,2,0.004053,0.000371,0.995575
smids/Non-Sperm/Non-Sperm (499).bmp,0,4,2,2,0.000771,0.003719,0.995510
smids/Non-Sperm/Non-Sperm (5).bmp,0,4,2,2,0.000755,0.092026,0.907219
smids/Non-Sperm/Non-Sperm (501).bmp,0,4,2,2,0.005107,0.000470,0.994424
smids/Non-Sperm/Non-Sperm (508).bmp,0,4,2,2,0.000196,0.001521,0.998282
smids/Non-Sperm/Non-Sperm (509).bmp,0,4,2,2,0.001979,0.111971,0.886050
smids/Non-Sperm/Non-Sperm (511).bmp,0,4,2,2,0.000672,0.004275,0.995053
smids/Non-Sperm/Non-Sperm (516).bmp,0,4,2,2,0.004988,0.184695,0.810317
smids/Non-Sperm/Non-Sperm (518).bmp,0,4,2,2,0.000448,0.000075,0.999476
smids/Non-Sperm/Non-Sperm (522).bmp,0,4,2,2,0.009778,0.133070,0.857152
smids/Non-Sperm/Non-Sperm (53).bmp,0,4,2,2,0.002815,0.368456,0.628729
smids/Non-Sperm/Non-Sperm (533).bmp,0,4,2,2,0.170669,0.014591,0.814740
smids/Non-Sperm/Non-Sperm (54).bmp,0,4,2,2,0.004397,0.184100,0.811503
smids/Non-Sperm/Non-Sperm (541).bmp,0,4,2,2,0.015678,0.000607,0.983715
smids/Non-Sperm/Non-Sperm (544).bmp,0,4,2,2,0.000151,0.000986,0.998863
smids/Non-Sperm/Non-Sperm (547).bmp,0,4,2,2,0.002593,0.011131,0.986277
smids/Non-Sperm/Non-Sperm (563).bmp,0,4,2,2,0.001205,0.007910,0.990885
smids/Non-Sperm/Non-Sperm (571).bmp,0,4,2,1,0.067251,0.886068,0.046681
smids/Non-Sperm/Non-Sperm (572).bmp,0,4,2,2,0.013597,0.330573,0.655829
smids/Non-Sperm/Non-Sperm (574).bmp,0,4,2,2,0.014240,0.004945,0.980815
smids/Non-Sperm/Non-Sperm (575).bmp,0,4,2,2,0.000690,0.008238,0.991072
smids/Non-Sperm/Non-Sperm (576).bmp,0,4,2,2,0.001152,0.064382,0.934466
smids/Non-Sperm/Non-Sperm (581).bmp,0,4,2,2,0.002185,0.000644,0.997171
smids/Non-Sperm/Non-Sperm (588).bmp,0,4,2,2,0.000463,0.004114,0.995423
smids/Non-Sperm/Non-Sperm (59).bmp,0,4,2,1,0.007459,0.961363,0.031178
smids/Non-Sperm/Non-Sperm (591).bmp,0,4,2,2,0.000151,0.000841,0.999008
smids/Non-Sperm/Non-Sperm (593).bmp,0,4,2,2,0.000702,0.006307,0.992991
smids/Non-Sperm/Non-Sperm (597).bmp,0,4,2,2,0.000293,0.001621,0.998086
smids/Non-Sperm/Non-Sperm (6).bmp,0,4,2,1,0.007129,0.697509,0.295362
smids/Non-Sperm/Non-Sperm (60).bmp,0,4,2,1,0.011331,0.956382,0.032287
smids/Non-Sperm/Non-Sperm (603).bmp,0,4,2,2,0.000985,0.020118,0.978898
smids/Non-Sperm/Non-Sperm (607).bmp,0,4,2,2,0.004501,0.072692,0.922807
smids/Non-Sperm/Non-Sperm (61).bmp,0,4,2,1,0.019155,0.973468,0.007377
smids/Non-Sperm/Non-Sperm (611).bmp,0,4,2,2,0.000919,0.010366,0.988715
smids/Non-Sperm/Non-Sperm (612).bmp,0,4,2,2,0.000502,0.002711,0.996787
smids/Non-Sperm/Non-Sperm (62).bmp,0,4,2,2,0.002458,0.414210,0.583333
smids/Non-Sperm/Non-Sperm (621).bmp,0,4,2,2,0.001337,0.004122,0.994541
smids/Non-Sperm/Non-Sperm (633).bmp,0,4,2,2,0.000432,0.009376,0.990192
smids/Non-Sperm/Non-Sperm (634).bmp,0,4,2,2,0.047928,0.319353,0.632718
smids/Non-Sperm/Non-Sperm (644).bmp,0,4,2,2,0.000833,0.006501,0.992666
smids/Non-Sperm/Non-Sperm (650).bmp,0,4,2,2,0.017380,0.321905,0.660715
smids/Non-Sperm/Non-Sperm (657).bmp,0,4,2,2,0.000094,0.001484,0.998422
smids/Non-Sperm/Non-Sperm (66).bmp,0,4,2,2,0.135697,0.075086,0.789217
smids/Non-Sperm/Non-Sperm (660).bmp,0,4,2,2,0.011867,0.154809,0.833323
smids/Non-Sperm/Non-Sperm (663).bmp,0,4,2,2,0.000234,0.002200,0.997566
smids/Non-Sperm/Non-Sperm (664).bmp,0,4,2,2,0.006104,0.002312,0.991584
smids/Non-Sperm/Non-Sperm (678).bmp,0,4,2,2,0.000729,0.006795,0.992476
smids/Non-Sperm/Non-Sperm (681).bmp,0,4,2,2,0.001138,0.023625,0.975237
smids/Non-Sperm/Non-Sperm (683).bmp,0,4,2,2,0.000229,0.002168,0.997603
smids/Non-Sperm/Non-Sperm (685).bmp,0,4,2,2,0.001736,0.017584,0.980680
smids/Non-Sperm/Non-Sperm (69).bmp,0,4,2,1,0.042165,0.867583,0.090251
smids/Non-Sperm/Non-Sperm (693).bmp,0,4,2,2,0.002477,0.082205,0.915318
smids/Non-Sperm/Non-Sperm (7).bmp,0,4,2,2,0.000530,0.064272,0.935198
smids/Non-Sperm/Non-Sperm (701).bmp,0,4,2,2,0.000061,0.000717,0.999222
smids/Non-Sperm/Non-Sperm (707).bmp,0,4,2,2,0.000779,0.003425,0.995796
smids/Non-Sperm/Non-Sperm (720).bmp,0,4,2,2,0.010917,0.141692,0.847391
smids/Non-Sperm/Non-Sperm (724).bmp,0,4,2,2,0.053833,0.011891,0.934276
smids/Non-Sperm/Non-Sperm (728).bmp,0,4,2,2,0.000244,0.002072,0.997683
smids/Non-Sperm/Non-Sperm (729).bmp,0,4,2,2,0.059775,0.004291,0.935935
smids/Non-Sperm/Non-Sperm (73).bmp,0,4,2,2,0.004545,0.056705,0.938750
smids/Non-Sperm/Non-Sperm (736).bmp,0,4,2,2,0.000197,0.000651,0.999152
smids/Non-Sperm/Non-Sperm (746).bmp,0,4,2,2,0.000405,0.001490,0.998105
smids/Non-Sperm/Non-Sperm (754).bmp,0,4,2,2,0.000268,0.002330,0.997402
smids/Non-Sperm/Non-Sperm (756).bmp,0,4,2,2,0.034474,0.007399,0.958128
smids/Non-Sperm/Non-Sperm (757).bmp,0,4,2,1,0.056750,0.529448,0.413802
smids/Non-Sperm/Non-Sperm (758).bmp,0,4,2,2,0.004600,0.000787,0.994613
smids/Non-Sperm/Non-Sperm (760).bmp,0,4,2,2,0.000328,0.001857,0.997815
smids/Non-Sperm/Non-Sperm (762).bmp,0,4,2,2,0.001392,0.004164,0.994444
smids/Non-Sperm/Non-Sperm (764).bmp,0,4,2,2,0.022275,0.006856,0.970869
smids/Non-Sperm/Non-Sperm (776).bmp,0,4,2,2,0.000188,0.002069,0.997743
smids/Non-Sperm/Non-Sperm (777).bmp,0,4,2,2,0.019216,0.002922,0.977862
smids/Non-Sperm/Non-Sperm (801).bmp,0,4,2,2,0.000249,0.002445,0.997306
smids/Non-Sperm/Non-Sperm (804).bmp,0,4,2,2,0.000174,0.000890,0.998936
smids/Non-Sperm/Non-Sperm (809).bmp,0,4,2,2,0.096769,0.401471,0.501760
smids/Non-Sperm/Non-Sperm (811).bmp,0,4,2,2,0.000290,0.001541,0.998169
smids/Non-Sperm/Non-Sperm (819).bmp,0,4,2,0,0.522225,0.022230,0.455545
smids/Non-Sperm/Non-Sperm (822).bmp,0,4,2,2,0.002159,0.001003,0.996839
smids/Non-Sperm/Non-Sperm (83).bmp,0,4,2,2,0.000679,0.000267,0.999054
smids/Non-Sperm/Non-Sperm (834).bmp,0,4,2,0,0.492931,0.114524,0.392545
smids/Non-Sperm/Non-Sperm (836).bmp,0,4,2,2,0.003589,0.045949,0.950463
smids/Non-Sperm/Non-Sperm (840).bmp,0,4,2,2,0.007738,0.239715,0.752547
smids/Non-Sperm/Non-Sperm (844).bmp,0,4,2,2,0.117542,0.028353,0.854105
smids/Non-Sperm/Non-Sperm (845).bmp,0,4,2,2,0.447470,0.102434,0.450096
smids/Non-Sperm/Non-Sperm (847).bmp,0,4,2,2,0.000061,0.000314,0.999624
smids/Non-Sperm/Non-Sperm (852).bmp,0,4,2,2,0.000649,0.007670,0.991681
smids/Non-Sperm/Non-Sperm (856).bmp,0,4,2,2,0.269887,0.148408,0.581704
smids/Non-Sperm/Non-Sperm (859).bmp,0,4,2,2,0.003913,0.001323,0.994764
smids/Non-Sperm/Non-Sperm (86).bmp,0,4,2,2,0.000367,0.007792,0.991841
smids/Non-Sperm/Non-Sperm (863).bmp,0,4,2,2,0.003486,0.030898,0.965616
smids/Non-Sperm/Non-Sperm (864).bmp,0,4,2,2,0.003149,0.027629,0.969222
smids/Non-Sperm/Non-Sperm (866).bmp,0,4,2,0,0.789410,0.024745,0.185845
smids/Non-Sperm/Non-Sperm (870).bmp,0,4,2,2,0.010831,0.169887,0.819281
smids/Non-Sperm/Non-Sperm (881).bmp,0,4,2,2,0.004433,0.057311,0.938256
smids/Non-Sperm/Non-Sperm (884).bmp,0,4,2,2,0.010284,0.256441,0.733275
smids/Non-Sperm/Non-Sperm (886).bmp,0,4,2,2,0.003302,0.048000,0.948697
smids/Non-Sperm/Non-Sperm (888).bmp,0,4,2,2,0.001514,0.000326,0.998160
smids/Non-Sperm/Non-Sperm (892).bmp,0,4,2,2,0.222401,0.146001,0.631598
smids/Non-Sperm/Non-Sperm (898).bmp,0,4,2,2,0.044514,0.023138,0.932348
smids/Non-Sperm/Non-Sperm (902).bmp,0,4,2,0,0.759671,0.210633,0.029696
smids/Non-Sperm/Non-Sperm (904).bmp,0,4,2,1,0.064006,0.786233,0.149761
smids/Non-Sperm/Non-Sperm (915).bmp,0,4,2,0,0.561848,0.186106,0.252046
smids/Non-Sperm/Non-Sperm (916).bmp,0,4,2,2,0.012058,0.471755,0.516187
smids/Non-Sperm/Non-Sperm (924).bmp,0,4,2,2,0.133325,0.035470,0.831206
smids/Non-Sperm/Non-Sperm (937).bmp,0,4,2,2,0.000627,0.019027,0.980346
smids/Non-Sperm/Non-Sperm (943).bmp,0,4,2,2,0.000317,0.005758,0.993925
smids/Non-Sperm/Non-Sperm (948).bmp,0,4,2,2,0.234727,0.171543,0.593731
smids/Non-Sperm/Non-Sperm (95).bmp,0,4,2,2,0.038998,0.321953,0.639049
smids/Non-Sperm/Non-Sperm (959).bmp,0,4,2,2,0.021469,0.211783,0.766748
smids/Non-Sperm/Non-Sperm (960).bmp,0,4,2,1,0.059668,0.687670,0.252662
smids/Non-Sperm/Non-Sperm (962).bmp,0,4,2,1,0.097226,0.693768,0.209007
smids/Non-Sperm/Non-Sperm (963).bmp,0,4,2,2,0.003232,0.093962,0.902806
smids/Non-Sperm/Non-Sperm (964).bmp,0,4,2,2,0.000860,0.016262,0.982878
smids/Non-Sperm/Non-Sperm (965).bmp,0,4,2,1,0.071316,0.828353,0.100331
smids/Non-Sperm/Non-Sperm (972).bmp,0,4,2,2,0.003530,0.222276,0.774194
smids/Normal_Sperm/Normal_Sperm (10).bmp,0,4,0,0,0.847309,0.135458,0.017233
smids/Normal_Sperm/Normal_Sperm (1011).bmp,0,4,0,0,0.610026,0.383972,0.006003
smids/Normal_Sperm/Normal_Sperm (1018).bmp,0,4,0,0,0.849704,0.148847,0.001449
smids/Normal_Sperm/Normal_Sperm (11).bmp,0,4,0,0,0.710219,0.175417,0.114364
smids/Normal_Sperm/Normal_Sperm (114).bmp,0,4,0,1,0.096654,0.837164,0.066183
smids/Normal_Sperm/Normal_Sperm (116).bmp,0,4,0,0,0.860891,0.130281,0.008828
smids/Normal_Sperm/Normal_Sperm (124).bmp,0,4,0,0,0.976036,0.021673,0.002291
smids/Normal_Sperm/Normal_Sperm (126).bmp,0,4,0,0,0.845260,0.154615,0.000125
smids/Normal_Sperm/Normal_Sperm (129).bmp,0,4,0,1,0.291342,0.694007,0.014652
smids/Normal_Sperm/Normal_Sperm (130).bmp,0,4,0,0,0.730281,0.265464,0.004255
smids/Normal_Sperm/Normal_Sperm (145).bmp,0,4,0,0,0.838507,0.159751,0.001742
smids/Normal_Sperm/Normal_Sperm (161).bmp,0,4,0,0,0.734022,0.260464,0.005514
smids/Normal_Sperm/Normal_Sperm (165).bmp,0,4,0,0,0.744331,0.230188,0.025482
smids/Normal_Sperm/Normal_Sperm (167).bmp,0,4,0,0,0.924662,0.075165,0.000173
smids/Normal_Sperm/Normal_Sperm (168).bmp,0,4,0,0,0.991865,0.007891,0.000245
smids/Normal_Sperm/Normal_Sperm (170).bmp,0,4,0,0,0.935883,0.063994,0.000123
smids/Normal_Sperm/Normal_Sperm (174).bmp,0,4,0,0,0.875236,0.124262,0.000502
smids/Normal_Sperm/Normal_Sperm (176).bmp,0,4,0,0,0.970430,0.029564,0.000006
smids/Normal_Sperm/Normal_Sperm (19).bmp,0,4,0,1,0.105600,0.810239,0.084161
smids/Normal_Sperm/Normal_Sperm (212).bmp,0,4,0,0,0.910985,0.086010,0.003005
smids/Normal_Sperm/Normal_Sperm (228).bmp,0,4,0,0,0.981445,0.018555,0.000001
smids/Normal_Sperm/Normal_Sperm (23).bmp,0,4,0,0,0.845859,0.119060,0.035081
smids/Normal_Sperm/Normal_Sperm (233).bmp,0,4,0,0,0.923022,0.076938,0.000040
smids/Normal_Sperm/Normal_Sperm (234).bmp,0,4,0,0,0.852706,0.141871,0.005423
smids/Normal_Sperm/Normal_Sperm (24).bmp,0,4,0,0,0.946329,0.053653,0.000019
smids/Normal_Sperm/Normal_Sperm (240).bmp,0,4,0,0,0.931896,0.066381,0.001723
smids/Normal_Sperm/Normal_Sperm (250).bmp,0,4,0,0,0.864634,0.135282,0.000084
smids/Normal_Sperm/Normal_Sperm (255).bmp,0,4,0,0,0.930681,0.069248,0.000071
smids/Normal_Sperm/Normal_Sperm (260).bmp,0,4,0,0,0.977388,0.021765,0.000847
smids/Normal_Sperm/Normal_Sperm (265).bmp,0,4,0,1,0.354588,0.643845,0.001567
smids/Normal_Sperm/Normal_Sperm (277).bmp,0,4,0,0,0.849664,0.137262,0.013073
smids/Normal_Sperm/Normal_Sperm (28).bmp,0,4,0,1,0.141515,0.705161,0.153324
smids/Normal_Sperm/Normal_Sperm (282).bmp,0,4,0,0,0.867451,0.132460,0.000088
smids/Normal_Sperm/Normal_Sperm (284).bmp,0,4,0,0,0.923909,0.076045,0.000046
smids/Normal_Sperm/Normal_Sperm (285).bmp,0,4,0,0,0.728395,0.254054,0.017552
smids/Normal_Sperm/Normal_Sperm (29).bmp,0,4,0,0,0.900316,0.098975,0.000709
smids/Normal_Sperm/Normal_Sperm (298).bmp,0,4,0,0,0.805416,0.194521,0.000063
smids/Normal_Sperm/Normal_Sperm (3).bmp,0,4,0,1,0.152816,0.835986,0.011198
smids/Normal_Sperm/Normal_Sperm (305).bmp,0,4,0,0,0.895495,0.104096,0.000409
smids/Normal_Sperm/Normal_Sperm (312).bmp,0,4,0,0,0.914960,0.084445,0.000594
smids/Normal_Sperm/Normal_Sperm (319).bmp,0,4,0,1,0.371666,0.628014,0.000320
smids/Normal_Sperm/Normal_Sperm (321).bmp,0,4,0,0,0.859413,0.137194,0.003393
smids/Normal_Sperm/Normal_Sperm (323).bmp,0,4,0,0,0.888222,0.111488,0.000291
smids/Normal_Sperm/Normal_Sperm (334).bmp,0,4,0,0,0.936257,0.051419,0.012324
smids/Normal_Sperm/Normal_Sperm (335).bmp,0,4,0,0,0.706142,0.291579,0.002279
smids/Normal_Sperm/Normal_Sperm (336).bmp,0,4,0,0,0.842472,0.155932,0.001596
smids/Normal_Sperm/Normal_Sperm (342).bmp,0,4,0,0,0.748165,0.169042,0.082793
smids/Normal_Sperm/Normal_Sperm (345).bmp,0,4,0,0,0.533835,0.317756,0.148410
smids/Normal_Sperm/Normal_Sperm (347).bmp,0,4,0,0,0.892706,0.103814,0.003481
smids/Normal_Sperm/Normal_Sperm (348).bmp,0,4,0,0,0.887946,0.107045,0.005010
smids/Normal_Sperm/Normal_Sperm (36).bmp,0,4,0,0,0.863106,0.132074,0.004819
smids/Normal_Sperm/Normal_Sperm (367).bmp,0,4,0,0,0.804726,0.194969,0.000306
smids/Normal_Sperm/Normal_Sperm (381).bmp,0,4,0,0,0.713522,0.282893,0.003585
smids/Normal_Sperm/Normal_Sperm (384).bmp,0,4,0,0,0.766739,0.232830,0.000431
smids/Normal_Sperm/Normal_Sperm (392).bmp,0,4,0,0,0.843283,0.156340,0.000377
smids/Normal_Sperm/Normal_Sperm (397).bmp,0,4,0,0,0.906155,0.091209,0.002636
smids/Normal_Sperm/Normal_Sperm (4).bmp,0,4,0,0,0.814599,0.184694,0.000707
smids/Normal_Sperm/Normal_Sperm (404).bmp,0,4,0,0,0.749483,0.244732,0.005784
smids/Normal_Sperm/Normal_Sperm (407).bmp,0,4,0,0,0.866271,0.131694,0.002035
smids/Normal_Sperm/Normal_Sperm (41).bmp,0,4,0,2,0.265075,0.078623,0.656302
smids/Normal_Sperm/Normal_Sperm (416).bmp,0,4,0,0,0.909655,0.089884,0.000460
smids/Normal_Sperm/Normal_Sperm (424).bmp,0,4,0,0,0.963497,0.036472,0.000031
smids/Normal_Sperm/Normal_Sperm (426).bmp,0,4,0,0,0.748225,0.242690,0.009085
smids/Normal_Sperm/Normal_Sperm (428).bmp,0,4,0,0,0.778194,0.188287,0.033519
smids/Normal_Sperm/Normal_Sperm (432).bmp,0,4,0,0,0.953134,0.046864,0.000002
smids/Normal_Sperm/Normal_Sperm (436).bmp,0,4,0,0,0.816078,0.183652,0.000270
smids/Normal_Sperm/Normal_Sperm (446).bmp,0,4,0,0,0.773056,0.211572,0.015372
smids/Normal_Sperm/Normal_Sperm (447).bmp,0,4,0,0,0.913329,0.085753,0.000918
smids/Normal_Sperm/Normal_Sperm (454).bmp,0,4,0,0,0.958469,0.041492,0.000039
smids/Normal_Sperm/Normal_Sperm (463).bmp,0,4,0,0,0.864208,0.135404,0.000388
smids/Normal_Sperm/Normal_Sperm (467).bmp,0,4,0,0,0.909783,0.090019,0.000198
smids/Normal_Sperm/Normal_Sperm (470).bmp,0,4,0,0,0.866825,0.133166,0.000008
smids/Normal_Sperm/Normal_Sperm (477).bmp,0,4,0,0,0.877943,0.121877,0.000180
smids/Normal_Sperm/Normal_Sperm (480).bmp,0,4,0,0,0.900615,0.099114,0.000271
smids/Normal_Sperm/Normal_Sperm (484).bmp,0,4,0,0,0.932888,0.067065,0.000048
smids/Normal_Sperm/Normal_Sperm (485).bmp,0,4,0,0,0.965678,0.034321,0.000001
smids/Normal_Sperm/Normal_Sperm (49).bmp,0,4,0,1,0.277308,0.711357,0.011334
smids/Normal_Sperm/Normal_Sperm (493).bmp,0,4,0,0,0.860439,0.139278,0.000283
smids/Normal_Sperm/Normal_Sperm (495).bmp,0,4,0,0,0.977980,0.022016,0.000004
smids/Normal_Sperm/Normal_Sperm (503).bmp,0,4,0,0,0.827469,0.172366,0.000166
smids/Normal_Sperm/Normal_Sperm (506).bmp,0,4,0,0,0.976333,0.023666,0.000001
smids/Normal_Sperm/Normal_Sperm (513).bmp,0,4,0,0,0.928960,0.071004,0.000036
smids/Normal_Sperm/Normal_Sperm (517).bmp,0,4,0,0,0.883694,0.116249,0.000057
smids/Normal_Sperm/Normal_Sperm (534).bmp,0,4,0,0,0.965281,0.028713,0.006006
smids/Normal_Sperm/Normal_Sperm (536).bmp,0,4,0,0,0.886718,0.113082,0.000200
smids/Normal_Sperm/Normal_Sperm (538).bmp,0,4,0,0,0.804398,0.193568,0.002034
smids/Normal_Sperm/Normal_Sperm (539).bmp,0,4,0,0,0.916607,0.083386,0.000007
smids/Normal_Sperm/Normal_Sperm (54).bmp,0,4,0,0,0.983187,0.016110,0.000702
smids/Normal_Sperm/Normal_Sperm (541).bmp,0,4,0,0,0.836610,0.163116,0.000273
smids/Normal_Sperm/Normal_Sperm (549).bmp,0,4,0,0,0.939256,0.060674,0.000071
smids/Normal_Sperm/Normal_Sperm (552).bmp,0,4,0,0,0.950516,0.049377,0.000107
smids/Normal_Sperm/Normal_Sperm (554).bmp,0,4,0,0,0.993842,0.006085,0.000073
smids/Normal_Sperm/Normal_Sperm (558).bmp,0,4,0,0,0.870431,0.129415,0.000154
smids/Normal_Sperm/Normal_Sperm (567).bmp,0,4,0,0,0.933440,0.066533,0.000027
smids/Normal_Sperm/Normal_Sperm (569).bmp,0,4,0,0,0.975122,0.024873,0.000005
smids/Normal_Sperm/Normal_Sperm (571).bmp,0,4,0,0,0.969323,0.021345,0.009332
smids/Normal_Sperm/Normal_Sperm (572).bmp,0,4,0,0,0.872461,0.127306,0.000233
smids/Normal_Sperm/Normal_Sperm (574).bmp,0,4,0,0,0.696274,0.249579,0.054147
smids/Normal_Sperm/Normal_Sperm (578).bmp,0,4,0,0,0.934304,0.065637,0.000059
smids/Normal_Sperm/Normal_Sperm (582).bmp,0,4,0,0,0.888870,0.110914,0.000216
smids/Normal_Sperm/Normal_Sperm (584).bmp,0,4,0,0,0.837143,0.162216,0.000642
smids/Normal_Sperm/Normal_Sperm (588).bmp,0,4,0,0,0.948220,0.051081,0.000700
smids/Normal_Sperm/Normal_Sperm (59).bmp,0,4,0,1,0.119507,0.878779,0.001714
smids/Normal_Sperm/Normal_Sperm (592).bmp,0,4,0,0,0.908541,0.090282,0.001177
smids/Normal_Sperm/Normal_Sperm (593).bmp,0,4,0,0,0.988640,0.011248,0.000112
smids/Normal_Sperm/Normal_Sperm (599).bmp,0,4,0,0,0.761388,0.238172,0.000440
smids/Normal_Sperm/Normal_Sperm (600).bmp,0,4,0,0,0.923719,0.075903,0.000377
smids/Normal_Sperm/Normal_Sperm (603).bmp,0,4,0,0,0.941316,0.058145,0.000539
smids/Normal_Sperm/Normal_Sperm (607).bmp,0,4,0,0,0.957689,0.042294,0.000017
smids/Normal_Sperm/Normal_Sperm (616).bmp,0,4,0,0,0.814557,0.185370,0.000073
smids/Normal_Sperm/Normal_Sperm (621).bmp,0,4,0,0,0.868802,0.131120,0.000078
smids/Normal_Sperm/Normal_Sperm (623).bmp,0,4,0,0,0.911031,0.088813,0.000155
smids/Normal_Sperm/Normal_Sperm (625).bmp,0,4,0,0,0.905528,0.094360,0.000112
smids/Normal_Sperm/Normal_Sperm (628).bmp,0,4,0,0,0.918840,0.081106,0.000054
smids/Normal_Sperm/Normal_Sperm (634).bmp,0,4,0,0,0.881144,0.117613,0.001242
smids/Normal_Sperm/Normal_Sperm (641).bmp,0,4,0,0,0.955077,0.044876,0.000048
smids/Normal_Sperm/Normal_Sperm (647).bmp,0,4,0,0,0.914674,0.084910,0.000416
smids/Normal_Sperm/Normal_Sperm (651).bmp,0,4,0,0,0.948699,0.051102,0.000199
smids/Normal_Sperm/Normal_Sperm (652).bmp,0,4,0,0,0.889631,0.110315,0.000054
smids/Normal_Sperm/Normal_Sperm (654).bmp,0,4,0,0,0.977735,0.021485,0.000780
smids/Normal_Sperm/Normal_Sperm (655).bmp,0,4,0,0,0.882694,0.114380,0.002925
smids/Normal_Sperm/Normal_Sperm (66).bmp,0,4,0,0,0.843930,0.155896,0.000175
smids/Normal_Sperm/Normal_Sperm (663).bmp,0,4,0,0,0.953011,0.046988,0.000001
smids/Normal_Sperm/Normal_Sperm (666).bmp,0,4,0,0,0.935043,0.064922,0.000035
smids/Normal_Sperm/Normal_Sperm (671).bmp,0,4,0,0,0.945652,0.054267,0.000080
smids/Normal_Sperm/Normal_Sperm (683).bmp,0,4,0,0,0.948686,0.051304,0.000010
smids/Normal_Sperm/Normal_Sperm (687).bmp,0,4,0,0,0.900727,0.098891,0.000382
smids/Normal_Sperm/Normal_Sperm (689).bmp,0,4,0,0,0.929690,0.070059,0.000251
smids/Normal_Sperm/Normal_Sperm (690).bmp,0,4,0,0,0.958884,0.041108,0.000008
smids/Normal_Sperm/Normal_Sperm (696).bmp,0,4,0,0,0.812210,0.186644,0.001146
smids/Normal_Sperm/Normal_Sperm (698).bmp,0,4,0,0,0.934471,0.065440,0.000089
smids/Normal_Sperm/Normal_Sperm (699).bmp,0,4,0,0,0.690955,0.299025,0.010020
smids/Normal_Sperm/Normal_Sperm (70).bmp,0,4,0,0,0.898407,0.099398,0.002195
smids/Normal_Sperm/Normal_Sperm (700).bmp,0,4,0,1,0.251516,0.748374,0.000110
smids/Normal_Sperm/Normal_Sperm (708).bmp,0,4,0,0,0.854619,0.144802,0.000579
smids/Normal_Sperm/Normal_Sperm (709).bmp,0,4,0,0,0.952525,0.047432,0.000043
smids/Normal_Sperm/Normal_Sperm (71).bmp,0,4,0,0,0.890968,0.108922,0.000110
smids/Normal_Sperm/Normal_Sperm (713).bmp,0,4,0,0,0.639688,0.331925,0.028387
smids/Normal_Sperm/Normal_Sperm (715).bmp,0,4,0,0,0.648094,0.241610,0.110296
smids/Normal_Sperm/Normal_Sperm (723).bmp,0,4,0,0,0.920438,0.079486,0.000076
smids/Normal_Sperm/Normal_Sperm (724).bmp,0,4,0,0,0.975043,0.024327,0.000630
smids/Normal_Sperm/Normal_Sperm (73).bmp,0,4,0,0,0.738670,0.261199,0.000132
smids/Normal_Sperm/Normal_Sperm (733).bmp,0,4,0,0,0.918987,0.080632,0.000381
smids/Normal_Sperm/Normal_Sperm (735).bmp,0,4,0,0,0.975427,0.018880,0.005693
smids/Normal_Sperm/Normal_Sperm (74).bmp,0,4,0,0,0.881142,0.118659,0.000199
smids/Normal_Sperm/Normal_Sperm (742).bmp,0,4,0,0,0.950701,0.049284,0.000016
smids/Normal_Sperm/Normal_Sperm (747).bmp,0,4,0,0,0.886323,0.113179,0.000498
smids/Normal_Sperm/Normal_Sperm (752).bmp,0,4,0,0,0.944569,0.055153,0.000278
smids/Normal_Sperm/Normal_Sperm (758).bmp,0,4,0,0,0.942486,0.056705,0.000809
smids/Normal_Sperm/Normal_Sperm (760).bmp,0,4,0,0,0.936093,0.063872,0.000035
smids/Normal_Sperm/Normal_Sperm (765).bmp,0,4,0,0,0.929912,0.070039,0.000049
smids/Normal_Sperm/Normal_Sperm (769).bmp,0,4,0,0,0.865316,0.133516,0.001168
smids/Normal_Sperm/Normal_Sperm (770).bmp,0,4,0,1,0.164335,0.584366,0.251299
smids/Normal_Sperm/Normal_Sperm (777).bmp,0,4,0,0,0.936746,0.062773,0.000481
smids/Normal_Sperm/Normal_Sperm (779).bmp,0,4,0,0,0.886617,0.113059,0.000324
smids/Normal_Sperm/Normal_Sperm (780).bmp,0,4,0,0,0.907621,0.086142,0.006237
smids/Normal_Sperm/Normal_Sperm (783).bmp,0,4,0,0,0.909291,0.033609,0.057101
smids/Normal_Sperm/Normal_Sperm (784).bmp,0,4,0,0,0.944290,0.055667,0.000044
smids/Normal_Sperm/Normal_Sperm (789).bmp,0,4,0,0,0.946294,0.052533,0.001173
smids/Normal_Sperm/Normal_Sperm (790).bmp,0,4,0,0,0.969123,0.028110,0.002767
smids/Normal_Sperm/Normal_Sperm (794).bmp,0,4,0,0,0.918914,0.078610,0.002476
smids/Normal_Sperm/Normal_Sperm (803).bmp,0,4,0,0,0.805322,0.161442,0.033236
smids/Normal_Sperm/Normal_Sperm (804).bmp,0,4,0,0,0.874952,0.123370,0.001678
smids/Normal_Sperm/Normal_Sperm (807).bmp,0,4,0,0,0.923838,0.075322,0.000840
smids/Normal_Sperm/Normal_Sperm (811).bmp,0,4,0,0,0.950966,0.048914,0.000121
smids/Normal_Sperm/Normal_Sperm (821).bmp,0,4,0,0,0.935660,0.064323,0.000017
smids/Normal_Sperm/Normal_Sperm (826).bmp,0,4,0,0,0.805832,0.193705,0.000463
smids/Normal_Sperm/Normal_Sperm (83).bmp,0,4,0,0,0.900411,0.096226,0.003363
smids/Normal_Sperm/Normal_Sperm (833).bmp,0,4,0,0,0.610098,0.384411,0.005490
smids/Normal_Sperm/Normal_Sperm (85).bmp,0,4,0,0,0.763788,0.234626,0.001586
smids/Normal_Sperm/Normal_Sperm (856).bmp,0,4,0,0,0.910150,0.088252,0.001598
smids/Normal_Sperm/Normal_Sperm (857).bmp,0,4,0,0,0.742221,0.255169,0.002610
smids/Normal_Sperm/Normal_Sperm (859).bmp,0,4,0,0,0.869187,0.130795,0.000018
smids/Normal_Sperm/Normal_Sperm (861).bmp,0,4,0,0,0.978411,0.021582,0.000007
smids/Normal_Sperm/Normal_Sperm (873).bmp,0,4,0,0,0.952406,0.044559,0.003035
smids/Normal_Sperm/Normal_Sperm (876).bmp,0,4,0,0,0.858124,0.141584,0.000292
smids/Normal_Sperm/Normal_Sperm (882).bmp,0,4,0,1,0.287041,0.712828,0.000130
smids/Normal_Sperm/Normal_Sperm (883).bmp,0,4,0,0,0.857618,0.141511,0.000871
smids/Normal_Sperm/Normal_Sperm (892).bmp,0,4,0,1,0.183643,0.814624,0.001733
smids/Normal_Sperm/Normal_Sperm (90).bmp,0,4,0,0,0.855049,0.142682,0.002269
smids/Normal_Sperm/Normal_Sperm (905).bmp,0,4,0,0,0.723668,0.263057,0.013275
smids/Normal_Sperm/Normal_Sperm (909).bmp,0,4,0,1,0.238995,0.761002,0.000002
smids/Normal_Sperm/Normal_Sperm (914).bmp,0,4,0,0,0.900791,0.099199,0.000010
smids/Normal_Sperm/Normal_Sperm (916).bmp,0,4,0,1,0.236132,0.763620,0.000248
smids/Normal_Sperm/Normal_Sperm (92).bmp,0,4,0,0,0.865433,0.110567,0.023999
smids/Normal_Sperm/Normal_Sperm (920).bmp,0,4,0,0,0.834274,0.165660,0.000066
smids/Normal_Sperm/Normal_Sperm (924).bmp,0,4,0,1,0.494809,0.505185,0.000006
smids/Normal_Sperm/Normal_Sperm (931).bmp,0,4,0,1,0.319664,0.680134,0.000203
smids/Normal_Sperm/Normal_Sperm (932).bmp,0,4,0,1,0.391978,0.607812,0.000210
smids/Normal_Sperm/Normal_Sperm (938).bmp,0,4,0,0,0.647803,0.350165,0.002033
smids/Normal_Sperm/Normal_Sperm (94).bmp,0,4,0,0,0.833774,0.159990,0.006236
smids/Normal_Sperm/Normal_Sperm (943).bmp,0,4,0,1,0.281629,0.718174,0.000197
smids/Normal_Sperm/Normal_Sperm (944).bmp,0,4,0,0,0.934275,0.065716,0.000009
smids/Normal_Sperm/Normal_Sperm (950).bmp,0,4,0,1,0.146949,0.852540,0.000511
smids/Normal_Sperm/Normal_Sperm (955).bmp,0,4,0,1,0.171616,0.820463,0.007921
smids/Normal_Sperm/Normal_Sperm (958).bmp,0,4,0,0,0.917353,0.082627,0.000020
smids/Normal_Sperm/Normal_Sperm (96).bmp,0,4,0,0,0.861387,0.119450,0.019163
smids/Normal_Sperm/Normal_Sperm (980).bmp,0,4,0,0,0.932121,0.052950,0.014929
smids/Normal_Sperm/Normal_Sperm (988).bmp,0,4,0,1,0.373977,0.625895,0.000127
smids/Normal_Sperm/Normal_Sperm (993).bmp,0,4,0,0,0.812538,0.177084,0.010378
smids/Normal_Sperm/Normal_Sperm (999).bmp,0,4,0,0,0.693347,0.281678,0.024975
