image_id,repeat,fold,label_idx,pred,prob_0,prob_1,prob_2
smids/Abnormal_Sperm/Abnormal_Sperm (1002).bmp,0,0,1,1,0.132878,0.866559,0.000563
smids/Abnormal_Sperm/Abnormal_Sperm (105).bmp,0,0,1,1,0.010265,0.979019,0.010716
smids/Abnormal_Sperm/Abnormal_Sperm (107).bmp,0,0,1,1,0.009022,0.799684,0.191293
smids/Abnormal_Sperm/Abnormal_Sperm (11).bmp,0,0,1,1,0.079565,0.907685,0.012750
smids/Abnormal_Sperm/Abnormal_Sperm (111).bmp,0,0,1,1,0.004086,0.835352,0.160562
smids/Abnormal_Sperm/Abnormal_Sperm (112).bmp,0,0,1,1,0.037721,0.948278,0.014002
smids/Abnormal_Sperm/Abnormal_Sperm (119).bmp,0,0,1,1,0.012283,0.986846,0.000872
smids/Abnormal_Sperm/Abnormal_Sperm (120).bmp,0,0,1,1,0.023549,0.975914,0.000536
smids/Abnormal_Sperm/Abnormal_Sperm (123).bmp,0,0,1,1,0.006768,0.975405,0.017826
smids/Abnormal_Sperm/Abnormal_Sperm (125).bmp,0,0,1,1,0.005048,0.987195,0.007757
smids/Abnormal_Sperm/Abnormal_Sperm (13).bmp,0,0,1,2,0.027486,0.378018,0.594496
smids/Abnormal_Sperm/Abnormal_Sperm (132).bmp,0,0,1,1,0.007749,0.989707,0.002544
smids/Abnormal_Sperm/Abnormal_Sperm (133).bmp,0,0,1,1,0.011848,0.875398,0.112754
smids/Abnormal_Sperm/Abnormal_Sperm (141).bmp,0,0,1,1,0.008569,0.990585,0.000846
smids/Abnormal_Sperm/Abnormal_Sperm (147).bmp,0,0,1,1,0.005506,0.829271,0.165222
smids/Abnormal_Sperm/Abnormal_Sperm (152).bmp,0,0,1,1,0.096368,0.893082,0.010550
smids/Abnormal_Sperm/Abnormal_Sperm (167).bmp,0,0,1,1,0.013565,0.985146,0.001289
smids/Abnormal_Sperm/Abnormal_Sperm (168).bmp,0,0,1,1,0.096268,0.874564,0.029167
smids/Abnormal_Sperm/Abnormal_Sperm (172).bmp,0,0,1,0,0.529794,0.470072,0.000134
smids/Abnormal_Sperm/Abnormal_Sperm (173).bmp,0,0,1,1,0.031487,0.968205,0.000308
smids/Abnormal_Sperm/Abnormal_Sperm (175).bmp,0,0,1,1,0.046852,0.949004,0.004144
smids/Abnormal_Sperm/Abnormal_Sperm (176).bmp,0,0,1,1,0.142760,0.857210,0.000030
smids/Abnormal_Sperm/Abnormal_Sperm (187).bmp,0,0,1,1,0.101223,0.896440,0.002337
smids/Abnormal_Sperm/Abnormal_Sperm (193).bmp,0,0,1,1,0.125322,0.872479,0.002198
smids/Abnormal_Sperm/Abnormal_Sperm (194).bmp,0,0,1,1,0.010527,0.967769,0.021704
smids/Abnormal_Sperm/Abnormal_Sperm (20).bmp,0,0,1,2,0.000228,0.121870,0.877902
smids/Abnormal_Sperm/Abnormal_Sperm (203).bmp,0,0,1,1,0.315825,0.684135,0.000040
smids/Abnormal_Sperm/Abnormal_Sperm (208).bmp,0,0,1,1,0.032314,0.953560,0.014125
smids/Abnormal_Sperm/Abnormal_Sperm (212).bmp,0,0,1,1,0.261750,0.738138,0.000112
smids/Abnormal_Sperm/Abnormal_Sperm (218).bmp,0,0,1,1,0.351054,0.648883,0.000064
smids/Abnormal_Sperm/Abnormal_Sperm (221).bmp,0,0,1,1,0.006482,0.992734,0.000784
smids/Abnormal_Sperm/Abnormal_Sperm (222).bmp,0,0,1,1,0.016610,0.959900,0.023490
smids/Abnormal_Sperm/Abnormal_Sperm (224).bmp,0,0,1,1,0.005481,0.994392,0.000126
smids/Abnormal_Sperm/Abnormal_Sperm (23).bmp,0,0,1,1,0.007214,0.991403,0.001383
smids/Abnormal_Sperm/Abnormal_Sperm (234).bmp,0,0,1,1,0.002239,0.987852,0.009909
smids/Abnormal_Sperm/Abnormal_Sperm (241).bmp,0,0,1,1,0.046419,0.953192,0.000389
smids/Abnormal_Sperm/Abnormal_Sperm (246).bmp,0,0,1,1,0.021961,0.977337,0.000701
smids/Abnormal_Sperm/Abnormal_Sperm (26).bmp,0,0,1,1,0.050753,0.948054,0.001193
smids/Abnormal_Sperm/Abnormal_Sperm (268).bmp,0,0,1,1,0.004587,0.981349,0.014064
smids/Abnormal_Sperm/Abnormal_Sperm (275).bmp,0,0,1,1,0.013167,0.977756,0.009076
smids/Abnormal_Sperm/Abnormal_Sperm (276).bmp,0,0,1,1,0.060720,0.939213,0.000067
smids/Abnormal_Sperm/Abnormal_Sperm (28).bmp,0,0,1,0,0.590962,0.164260,0.244778
smids/Abnormal_Sperm/Abnormal_Sperm (31).bmp,0,0,1,1,0.047141,0.943512,0.009347
smids/Abnormal_Sperm/Abnormal_Sperm (320).bmp,0,0,1,1,0.004062,0.982798,0.013140
smids/Abnormal_Sperm/Abnormal_Sperm (321).bmp,0,0,1,1,0.035749,0.963954,0.000297
smids/Abnormal_Sperm/Abnormal_Sperm (333).bmp,0,0,1,1,0.018159,0.981178,0.000663
smids/Abnormal_Sperm/Abnormal_Sperm (335).bmp,0,0,1,0,0.533008,0.465415,0.001577
smids/Abnormal_Sperm/Abnormal_Sperm (342).bmp,0,0,1,1,0.009080,0.912915,0.078004
smids/Abnormal_Sperm/Abnormal_Sperm (343).bmp,0,0,1,1,0.092697,0.836656,0.070647
smids/Abnormal_Sperm/Abnormal_Sperm (345).bmp,0,0,1,1,0.110522,0.886026,0.003452
smids/Abnormal_Sperm/Abnormal_Sperm (35).bmp,0,0,1,1,0.004558,0.990904,0.004538
smids/Abnormal_Sperm/Abnormal_Sperm (351).bmp,0,0,1,1,0.287315,0.704229,0.008456
smids/Abnormal_Sperm/Abnormal_Sperm (356).bmp,0,0,1,1,0.008751,0.990222,0.001028
smids/Abnormal_Sperm/Abnormal_Sperm (359).bmp,0,0,1,1,0.003351,0.978698,0.017951
smids/Abnormal_Sperm/Abnormal_Sperm (361).bmp,0,0,1,1,0.088258,0.908037,0.003706
smids/Abnormal_Sperm/Abnormal_Sperm (365).bmp,0,0,1,1,0.002167,0.936045,0.061788
smids/Abnormal_Sperm/Abnormal_Sperm (371).bmp,0,0,1,1,0.030674,0.959792,0.009534
smids/Abnormal_Sperm/Abnormal_Sperm (373).bmp,0,0,1,1,0.005917,0.986163,0.007920
smids/Abnormal_Sperm/Abnormal_Sperm (378).bmp,0,0,1,1,0.482755,0.516978,0.000267
smids/Abnormal_Sperm/Abnormal_Sperm (380).bmp,0,0,1,1,0.002253,0.942127,0.055620
smids/Abnormal_Sperm/Abnormal_Sperm (388).bmp,0,0,1,1,0.003484,0.900399,0.096117
smids/Abnormal_Sperm/Abnormal_Sperm (394).bmp,0,0,1,1,0.007087,0.890711,0.102202
smids/Abnormal_Sperm/Abnormal_Sperm (406).bmp,0,0,1,1,0.060552,0.939158,0.000290
smids/Abnormal_Sperm/Abnormal_Sperm (407).bmp,0,0,1,1,0.017509,0.980357,0.002134
smids/Abnormal_Sperm/Abnormal_Sperm (42).bmp,0,0,1,0,0.923029,0.076939,0.000032
smids/Abnormal_Sperm/Abnormal_Sperm (422).bmp,0,0,1,1,0.001275,0.693473,0.305252
smids/Abnormal_Sperm/Abnormal_Sperm (424).bmp,0,0,1,1,0.005135,0.977692,0.017173
smids/Abnormal_Sperm/Abnormal_Sperm (427).bmp,0,0,1,1,0.089507,0.904907,0.005586
smids/Abnormal_Sperm/Abnormal_Sperm (430).bmp,0,0,1,1,0.031937,0.955535,0.012527
smids/Abnormal_Sperm/Abnormal_Sperm (438).bmp,0,0,1,1,0.008629,0.932234,0.059138
smids/Abnormal_Sperm/Abnormal_Sperm (440).bmp,0,0,1,1,0.021174,0.975251,0.003575
smids/Abnormal_Sperm/Abnormal_Sperm (441).bmp,0,0,1,1,0.012441,0.985275,0.002284
smids/Abnormal_Sperm/Abnormal_Sperm (444).bmp,0,0,1,1,0.155615,0.844275,0.000110
smids/Abnormal_Sperm/Abnormal_Sperm (452).bmp,0,0,1,1,0.088623,0.910094,0.001284
smids/Abnormal_Sperm/Abnormal_Sperm (454).bmp,0,0,1,1,0.001606,0.987584,0.010809
smids/Abnormal_Sperm/Abnormal_Sperm (457).bmp,0,0,1,1,0.002477,0.995658,0.001865
smids/Abnormal_Sperm/Abnormal_Sperm (464).bmp,0,0,1,1,0.007849,0.991034,0.001117
smids/Abnormal_Sperm/Abnormal_Sperm (467).bmp,0,0,1,1,0.000409,0.885234,0.114357
smids/Abnormal_Sperm/Abnormal_Sperm (468).bmp,0,0,1,2,0.000612,0.406997,0.592391
smids/Abnormal_Sperm/Abnormal_Sperm (470).bmp,0,0,1,1,0.039369,0.960445,0.000186
smids/Abnormal_Sperm/Abnormal_Sperm (471).bmp,0,0,1,1,0.019734,0.979402,0.000864
smids/Abnormal_Sperm/Abnormal_Sperm (476).bmp,0,0,1,0,0.602768,0.386595,0.010638
smids/Abnormal_Sperm/Abnormal_Sperm (479).bmp,0,0,1,2,0.034351,0.007256,0.958393
smids/Abnormal_Sperm/Abnormal_Sperm (48).bmp,0,0,1,2,0.002323,0.156784,0.840893
smids/Abnormal_Sperm/Abnormal_Sperm (481).bmp,0,0,1,2,0.001678,0.070095,0.928226
smids/Abnormal_Sperm/Abnormal_Sperm (482).bmp,0,0,1,1,0.009927,0.937456,0.052617
smids/Abnormal_Sperm/Abnormal_Sperm (484).bmp,0,0,1,1,0.007924,0.971655,0.020420
smids/Abnormal_Sperm/Abnormal_Sperm (488).bmp,0,0,1,2,0.001386,0.080211,0.918404
smids/Abnormal_Sperm/Abnormal_Sperm (501).bmp,0,0,1,0,0.540047,0.337311,0.122642
smids/Abnormal_Sperm/Abnormal_Sperm (512).bmp,0,0,1,2,0.174350,0.251776,0.573874
smids/Abnormal_Sperm/Abnormal_Sperm (513).bmp,0,0,1,1,0.007368,0.858024,0.134607
smids/Abnormal_Sperm/Abnormal_Sperm (514).bmp,0,0,1,1,0.134463,0.864028,0.001509
smids/Abnormal_Sperm/Abnormal_Sperm (527).bmp,0,0,1,1,0.285792,0.706633,0.007575
smids/Abnormal_Sperm/Abnormal_Sperm (53).bmp,0,0,1,1,0.018548,0.932539,0.048913
smids/Abnormal_Sperm/Abnormal_Sperm (530).bmp,0,0,1,1,0.024745,0.973039,0.002216
smids/Abnormal_Sperm/Abnormal_Sperm (533).bmp,0,0,1,0,0.562247,0.437503,0.000250
smids/Abnormal_Sperm/Abnormal_Sperm (538).bmp,0,0,1,1,0.032592,0.930414,0.036994
smids/Abnormal_Sperm/Abnormal_Sperm (546).bmp,0,0,1,1,0.145826,0.854052,0.000122
smids/Abnormal_Sperm/Abnormal_Sperm (557).bmp,0,0,1,0,0.860838,0.127990,0.011172
smids/Abnormal_Sperm/Abnormal_Sperm (562).bmp,0,0,1,1,0.347927,0.407726,0.244346
smids/Abnormal_Sperm/Abnormal_Sperm (565).bmp,0,0,1,0,0.683354,0.295257,0.021389
smids/Abnormal_Sperm/Abnormal_Sperm (569).bmp,0,0,1,2,0.004580,0.222610,0.772810
smids/Abnormal_Sperm/Abnormal_Sperm (581).bmp,0,0,1,1,0.043054,0.909816,0.047130
smids/Abnormal_Sperm/Abnormal_Sperm (585).bmp,0,0,1,0,0.860151,0.131291,0.008558
smids/Abnormal_Sperm/Abnormal_Sperm (591).bmp,0,0,1,2,0.002206,0.047615,0.950178
smids/Abnormal_Sperm/Abnormal_Sperm (593).bmp,0,0,1,1,0.003820,0.976786,0.019394
smids/Abnormal_Sperm/Abnormal_Sperm (597).bmp,0,0,1,1,0.026697,0.955448,0.017855
smids/Abnormal_Sperm/Abnormal_Sperm (598).bmp,0,0,1,1,0.010595,0.982864,0.006542
smids/Abnormal_Sperm/Abnormal_Sperm (599).bmp,0,0,1,0,0.736946,0.256462,0.006592
smids/Abnormal_Sperm/Abnormal_Sperm (600).bmp,0,0,1,0,0.728166,0.114175,0.157659
smids/Abnormal_Sperm/Abnormal_Sperm (603).bmp,0,0,1,0,0.808122,0.189758,0.002119
smids/Abnormal_Sperm/Abnormal_Sperm (609).bmp,0,0,1,0,0.938720,0.060007,0.001273
smids/Abnormal_Sperm/Abnormal_Sperm (610).bmp,0,0,1,0,0.806883,0.191021,0.002096
smids/Abnormal_Sperm/Abnormal_Sperm (618).bmp,0,0,1,1,0.144427,0.852780,0.002793
smids/Abnormal_Sperm/Abnormal_Sperm (620).bmp,0,0,1,2,0.004119,0.246552,0.749328
smids/Abnormal_Sperm/Abnormal_Sperm (624).bmp,0,0,1,1,0.020561,0.978073,0.001366
smids/Abnormal_Sperm/Abnormal_Sperm (627).bmp,0,0,1,2,0.026941,0.174250,0.798809
smids/Abnormal_Sperm/Abnormal_Sperm (634).bmp,0,0,1,1,0.154498,0.843220,0.002282
smids/Abnormal_Sperm/Abnormal_Sperm (639).bmp,0,0,1,2,0.000202,0.113209,0.886588
smids/Abnormal_Sperm/Abnormal_Sperm (645).bmp,0,0,1,1,0.068460,0.930629,0.000911
smids/Abnormal_Sperm/Abnormal_Sperm (647).bmp,0,0,1,1,0.328953,0.667856,0.003191
smids/Abnormal_Sperm/Abnormal_Sperm (648).bmp,0,0,1,0,0.540225,0.046552,0.413223
smids/Abnormal_Sperm/Abnormal_Sperm (655).bmp,0,0,1,1,0.127548,0.863769,0.008683
smids/Abnormal_Sperm/Abnormal_Sperm (662).bmp,0,0,1,1,0.031533,0.920491,0.047976
smids/Abnormal_Sperm/Abnormal_Sperm (666).bmp,0,0,1,1,0.043464,0.689190,0.267346
smids/Abnormal_Sperm/Abnormal_Sperm (670).bmp,0,0,1,0,0.673319,0.302029,0.024652
smids/Abnormal_Sperm/Abnormal_Sperm (679).bmp,0,0,1,1,0.103589,0.874180,0.022232
smids/Abnormal_Sperm/Abnormal_Sperm (684).bmp,0,0,1,0,0.554968,0.413704,0.031328
smids/Abnormal_Sperm/Abnormal_Sperm (685).bmp,0,0,1,1,0.148056,0.847648,0.004296
smids/Abnormal_Sperm/Abnormal_Sperm (686).bmp,0,0,1,0,0.558673,0.434300,0.007027
smids/Abnormal_Sperm/Abnormal_Sperm (69).bmp,0,0,1,1,0.027925,0.971846,0.000230
smids/Abnormal_Sperm/Abnormal_Sperm (693).bmp,0,0,1,1,0.005046,0.960336,0.034619
smids/Abnormal_Sperm/Abnormal_Sperm (696).bmp,0,0,1,1,0.086724,0.890543,0.022733
smids/Abnormal_Sperm/Abnormal_Sperm (705).bmp,0,0,1,1,0.151047,0.842902,0.006051
smids/Abnormal_Sperm/Abnormal_Sperm (707).bmp,0,0,1,1,0.247589,0.747384,0.005026
smids/Abnormal_Sperm/Abnormal_Sperm (713).bmp,0,0,1,1,0.383825,0.615771,0.000403
smids/Abnormal_Sperm/Abnormal_Sperm (715).bmp,0,0,1,0,0.756038,0.242417,0.001546
smids/Abnormal_Sperm/Abnormal_Sperm (720).bmp,0,0,1,1,0.265849,0.732735,0.001416
smids/Abnormal_Sperm/Abnormal_Sperm (738).bmp,0,0,1,1,0.007933,0.989603,0.002463
smids/Abnormal_Sperm/Abnormal_Sperm (740).bmp,0,0,1,1,0.322080,0.677716,0.000204
smids/Abnormal_Sperm/Abnormal_Sperm (752).bmp,0,0,1,0,0.552422,0.445379,0.002198
smids/Abnormal_Sperm/Abnormal_Sperm (756).bmp,0,0,1,0,0.727260,0.259043,0.013697
smids/Abnormal_Sperm/Abnormal_Sperm (777).bmp,0,0,1,1,0.055834,0.942234,0.001932
smids/Abnormal_Sperm/Abnormal_Sperm (780).bmp,0,0,1,1,0.105600,0.867589,0.026811
smids/Abnormal_Sperm/Abnormal_Sperm (787).bmp,0,0,1,0,0.859796,0.137900,0.002305
smids/Abnormal_Sperm/Abnormal_Sperm (790).bmp,0,0,1,0,0.603772,0.395829,0.000399
smids/Abnormal_Sperm/Abnormal_Sperm (797).bmp,0,0,1,0,0.577807,0.407284,0.014909
smids/Abnormal_Sperm/Abnormal_Sperm (80).bmp,0,0,1,1,0.004509,0.975070,0.020421
smids/Abnormal_Sperm/Abnormal_Sperm (805).bmp,0,0,1,1,0.127559,0.871922,0.000519
smids/Abnormal_Sperm/Abnormal_Sperm (811).bmp,0,0,1,1,0.266724,0.724718,0.008558
smids/Abnormal_Sperm/Abnormal_Sperm (816).bmp,0,0,1,1,0.307039,0.692752,0.000209
smids/Abnormal_Sperm/Abnormal_Sperm (819).bmp,0,0,1,1,0.063097,0.932980,0.003923
smids/Abnormal_Sperm/Abnormal_Sperm (822).bmp,0,0,1,1,0.187508,0.812339,0.000153
smids/Abnormal_Sperm/Abnormal_Sperm (828).bmp,0,0,1,1,0.013928,0.966160,0.019912
smids/Abnormal_Sperm/Abnormal_Sperm (83).bmp,0,0,1,0,0.685139,0.173537,0.141324
smids/Abnormal_Sperm/Abnormal_Sperm (832).bmp,0,0,1,1,0.176102,0.823252,0.000646
smids/Abnormal_Sperm/Abnormal_Sperm (837).bmp,0,0,1,0,0.900701,0.097183,0.002116
smids/Abnormal_Sperm/Abnormal_Sperm (842).bmp,0,0,1,1,0.049930,0.948330,0.001741
smids/Abnormal_Sperm/Abnormal_Sperm (844).bmp,0,0,1,1,0.008322,0.959374,0.032304
smids/Abnormal_Sperm/Abnormal_Sperm (848).bmp,0,0,1,0,0.881570,0.116414,0.002016
smids/Abnormal_Sperm/Abnormal_Sperm (853).bmp,0,0,1,1,0.461137,0.530939,0.007924
smids/Abnormal_Sperm/Abnormal_Sperm (854).bmp,0,0,1,1,0.335516,0.664323,0.000161
smids/Abnormal_Sperm/Abnormal_Sperm (857).bmp,0,0,1,1,0.171563,0.827260,0.001177
smids/Abnormal_Sperm/Abnormal_Sperm (863).bmp,0,0,1,1,0.048987,0.944506,0.006507
smids/Abnormal_Sperm/Abnormal_Sperm (869).bmp,0,0,1,1,0.101677,0.897618,0.000705
smids/Abnormal_Sperm/Abnormal_Sperm (878).bmp,0,0,1,0,0.518907,0.480987,0.000106
smids/Abnormal_Sperm/Abnormal_Sperm (889).bmp,0,0,1,1,0.091299,0.821551,0.087150
smids/Abnormal_Sperm/Abnormal_Sperm (892).bmp,0,0,1,0,0.753080,0.246797,0.000122
smids/Abnormal_Sperm/Abnormal_Sperm (895).bmp,0,0,1,0,0.522279,0.477712,0.000009
smids/Abnormal_Sperm/Abnormal_Sperm (900).bmp,0,0,1,1,0.221512,0.774472,0.004016
smids/Abnormal_Sperm/Abnormal_Sperm (901).bmp,0,0,1,1,0.083739,0.915454,0.000807
smids/Abnormal_Sperm/Abnormal_Sperm (903).bmp,0,0,1,1,0.376911,0.621785,0.001304
smids/Abnormal_Sperm/Abnormal_Sperm (907).bmp,0,0,1,0,0.805552,0.182997,0.011451
smids/Abnormal_Sperm/Abnormal_Sperm (908).bmp,0,0,1,0,0.655002,0.344049,0.000949
smids/Abnormal_Sperm/Abnormal_Sperm (909).bmp,0,0,1,0,0.739630,0.257961,0.002409
smids/Abnormal_Sperm/Abnormal_Sperm (911).bmp,0,0,1,0,0.636958,0.362913,0.000129
smids/Abnormal_Sperm/Abnormal_Sperm (919).bmp,0,0,1,2,0.257771,0.056804,0.685425
smids/Abnormal_Sperm/Abnormal_Sperm (920).bmp,0,0,1,0,0.652321,0.344778,0.002901
smids/Abnormal_Sperm/Abnormal_Sperm (925).bmp,0,0,1,0,0.743828,0.256052,0.000121
smids/Abnormal_Sperm/Abnormal_Sperm (930).bmp,0,0,1,0,0.910628,0.087868,0.001504
smids/Abnormal_Sperm/Abnormal_Sperm (931).bmp,0,0,1,1,0.243794,0.753129,0.003077
smids/Abnormal_Sperm/Abnormal_Sperm (944).bmp,0,0,1,1,0.170520,0.829455,0.000025
smids/Abnormal_Sperm/Abnormal_Sperm (945).bmp,0,0,1,1,0.101763,0.897766,0.000471
smids/Abnormal_Sperm/Abnormal_Sperm (948).bmp,0,0,1,1,0.417611,0.576818,0.005571
smids/Abnormal_Sperm/Abnormal_Sperm (955).bmp,0,0,1,1,0.084797,0.914955,0.000248
smids/Abnormal_Sperm/Abnormal_Sperm (957).bmp,0,0,1,2,0.002363,0.469110,0.528527
smids/Abnormal_Sperm/Abnormal_Sperm (962).bmp,0,0,1,1,0.004357,0.865272,0.130371
smids/Abnormal_Sperm/Abnormal_Sperm (967).bmp,0,0,1,1,0.012358,0.986659,0.000983
smids/Abnormal_Sperm/Abnormal_Sperm (974).bmp,0,0,1,1,0.023582,0.926626,0.049793
smids/Abnormal_Sperm/Abnormal_Sperm (975).bmp,0,0,1,1,0.018465,0.975003,0.006532
smids/Abnormal_Sperm/Abnormal_Sperm (976).bmp,0,0,1,1,0.002518,0.868604,0.128877
smids/Abnormal_Sperm/Abnormal_Sperm (982).bmp,0,0,1,1,0.144320,0.852068,0.003612
smids/Abnormal_Sperm/Abnormal_Sperm (989).bmp,0,0,1,1,0.016561,0.935143,0.048296
smids/Abnormal_Sperm/Abnormal_Sperm (99).bmp,0,0,1,1,0.115275,0.884422,0.000303
smids/Abnormal_Sperm/Abnormal_Sperm (994).bmp,0,0,1,1,0.094735,0.900064,0.005200
smids/Non-Sperm/Non-Sperm (106).bmp,0,0,2,2,0.000090,0.000057,0.999853
smids/Non-Sperm/Non-Sperm (113).bmp,0,0,2,2,0.000032,0.000035,0.999933
smids/Non-Sperm/Non-Sperm (116).bmp,0,0,2,2,0.000059,0.000087,0.999854
smids/Non-Sperm/Non-Sperm (120).bmp,0,0,2,2,0.000045,0.001132,0.998823
smids/Non-Sperm/Non-Sperm (128).bmp,0,0,2,2,0.000013,0.000682,0.999305
smids/Non-Sperm/Non-Sperm (131).bmp,0,0,2,2,0.002201,0.000878,0.996922
smids/Non-Sperm/Non-Sperm (132).bmp,0,0,2,2,0.000068,0.002448,0.997484
smids/Non-Sperm/Non-Sperm (139).bmp,0,0,2,2,0.000157,0.012826,0.987017
smids/Non-Sperm/Non-Sperm (145).bmp,0,0,2,2,0.002014,0.000924,0.997062
smids/Non-Sperm/Non-Sperm (148).bmp,0,0,2,2,0.000037,0.000035,0.999928
smids/Non-Sperm/Non-Sperm (149).bmp,0,0,2,2,0.000008,0.000358,0.999634
smids/Non-Sperm/Non-Sperm (154).bmp,0,0,2,2,0.000007,0.000014,0.999979
smids/Non-Sperm/Non-Sperm (155).bmp,0,0,2,2,0.000004,0.000100,0.999896
smids/Non-Sperm/Non-Sperm (162).bmp,0,0,2,2,0.000125,0.001639,0.998235
smids/Non-Sperm/Non-Sperm (163).bmp,0,0,2,1,0.014668,0.737348,0.247984
smids/Non-Sperm/Non-Sperm (175).bmp,0,0,2,2,0.000062,0.000053,0.999885
smids/Non-Sperm/Non-Sperm (176).bmp,0,0,2,2,0.003765,0.420216,0.576019
smids/Non-Sperm/Non-Sperm (178).bmp,0,0,2,2,0.000173,0.000128,0.999699
smids/Non-Sperm/Non-Sperm (195).bmp,0,0,2,0,0.756242,0.132613,0.111145
smids/Non-Sperm/Non-Sperm (197).bmp,0,0,2,2,0.003132,0.179729,0.817139
smids/Non-Sperm/Non-Sperm (203).bmp,0,0,2,2,0.000011,0.000006,0.999983
smids/Non-Sperm/Non-Sperm (209).bmp,0,0,2,2,0.000004,0.000003,0.999993
smids/Non-Sperm/Non-Sperm (217).bmp,0,0,2,2,0.000220,0.004612,0.995168
smids/Non-Sperm/Non-Sperm (220).bmp,0,0,2,2,0.000179,0.000196,0.999624
smids/Non-Sperm/Non-Sperm (224).bmp,0,0,2,2,0.000180,0.000132,0.999688
smids/Non-Sperm/Non-Sperm (231).bmp,0,0,2,2,0.000008,0.000461,0.999531
smids/Non-Sperm/Non-Sperm (232).bmp,0,0,2,2,0.000865,0.000494,0.998641
smids/Non-Sperm/Non-Sperm (236).bmp,0,0,2,2,0.000141,0.002798,0.997061
smids/Non-Sperm/Non-Sperm (246).bmp,0,0,2,2,0.000006,0.000346,0.999648
smids/Non-Sperm/Non-Sperm (251).bmp,0,0,2,2,0.000096,0.000201,0.999703
smids/Non-Sperm/Non-Sperm (257).bmp,0,0,2,2,0.000017,0.001942,0.998041
smids/Non-Sperm/Non-Sperm (262).bmp,0,0,2,2,0.000012,0.000645,0.999344
smids/Non-Sperm/Non-Sperm (271).bmp,0,0,2,2,0.000087,0.000100,0.999812
smids/Non-Sperm/Non-Sperm (273).bmp,0,0,2,2,0.000258,0.000149,0.999593
smids/Non-Sperm/Non-Sperm (278).bmp,0,0,2,2,0.000033,0.000072,0.999895
smids/Non-Sperm/Non-Sperm (281).bmp,0,0,2,2,0.000150,0.005117,0.994733
smids/Non-Sperm/Non-Sperm (283).bmp,0,0,2,2,0.000152,0.000043,0.999805
smids/Non-Sperm/Non-Sperm (292).bmp,0,0,2,2,0.000125,0.000085,0.999790
smids/Non-Sperm/Non-Sperm (295).bmp,0,0,2,2,0.000049,0.001753,0.998198
smids/Non-Sperm/Non-Sperm (302).bmp,0,0,2,2,0.000013,0.000291,0.999697
smids/Non-Sperm/Non-Sperm (308).bmp,0,0,2,2,0.000161,0.000058,0.999781
smids/Non-Sperm/Non-Sperm (317).bmp,0,0,2,2,0.000024,0.000016,0.999960
smids/Non-Sperm/Non-Sperm (319).bmp,0,0,2,2,0.000101,0.000149,0.999750
smids/Non-Sperm/Non-Sperm (324).bmp,0,0,2,2,0.124620,0.068204,0.807177
smids/Non-Sperm/Non-Sperm (329).bmp,0,0,2,2,0.001115,0.000796,0.998090
smids/Non-Sperm/Non-Sperm (337).bmp,0,0,2,2,0.000031,0.000708,0.999261
smids/Non-Sperm/Non-Sperm (343).bmp,0,0,2,2,0.005155,0.075273,0.919573
smids/Non-Sperm/Non-Sperm (348).bmp,0,0,2,2,0.000268,0.000094,0.999637
smids/Non-Sperm/Non-Sperm (351).bmp,0,0,2,2,0.001226,0.000653,0.998121
smids/Non-Sperm/Non-Sperm (352).bmp,0,0,2,2,0.000026,0.000405,0.999570
smids/Non-Sperm/Non-Sperm (356).bmp,0,0,2,2,0.000061,0.001213,0.998726
smids/Non-Sperm/Non-Sperm (365).bmp,0,0,2,2,0.006026,0.002099,0.991874
smids/Non-Sperm/Non-Sperm (368).bmp,0,0,2,2,0.000035,0.009318,0.990648
smids/Non-Sperm/Non-Sperm (372).bmp,0,0,2,2,0.000058,0.000068,0.999874
smids/Non-Sperm/Non-Sperm (383).bmp,0,0,2,1,0.002797,0.617365,0.379837
smids/Non-Sperm/Non-Sperm (388).bmp,0,0,2,2,0.000164,0.004497,0.995339
smids/Non-Sperm/Non-Sperm (392).bmp,0,0,2,1,0.019910,0.606820,0.373270
smids/Non-Sperm/Non-Sperm (394).bmp,0,0,2,2,0.011167,0.002739,0.986094
smids/Non-Sperm/Non-Sperm (397).bmp,0,0,2,2,0.007621,0.003369,0.989010
smids/Non-Sperm/Non-Sperm (402).bmp,0,0,2,2,0.002452,0.002245,0.995303
smids/Non-Sperm/Non-Sperm (406).bmp,0,0,2,2,0.003416,0.070655,0.925929
smids/Non-Sperm/Non-Sperm (416).bmp,0,0,2,2,0.002919,0.087411,0.909670
smids/Non-Sperm/Non-Sperm (417).bmp,0,0,2,2,0.001063,0.018073,0.980864
smids/Non-Sperm/Non-Sperm (419).bmp,0,0,2,2,0.000072,0.000186,0.999742
smids/Non-Sperm/Non-Sperm (427).bmp,0,0,2,2,0.000709,0.020032,0.979260
smids/Non-Sperm/Non-Sperm (431).bmp,0,0,2,2,0.000092,0.000124,0.999784
smids/Non-Sperm/Non-Sperm (44).bmp,0,0,2,2,0.000003,0.000822,0.999175
smids/Non-Sperm/Non-Sperm (443).bmp,0,0,2,2,0.000235,0.000230,0.999535
smids/Non-Sperm/Non-Sperm (451).bmp,0,0,2,2,0.013714,0.286559,0.699727
smids/Non-Sperm/Non-Sperm (458).bmp,0,0,2,2,0.000014,0.001285,0.998701
smids/Non-Sperm/Non-Sperm (471).bmp,0,0,2,2,0.000024,0.000016,0.999960
smids/Non-Sperm/Non-Sperm (476).bmp,0,0,2,2,0.000071,0.001360,0.998569
smids/Non-Sperm/Non-Sperm (483).bmp,0,0,2,2,0.001115,0.035395,0.963490
smids/Non-Sperm/Non-Sperm (488).bmp,0,0,2,2,0.095930,0.022897,0.881173
smids/Non-Sperm/Non-Sperm (49).bmp,0,0,2,2,0.000254,0.145931,0.853815
smids/Non-Sperm/Non-Sperm (490).bmp,0,0,2,2,0.003611,0.265050,0.731339
smids/Non-Sperm/Non-Sperm (492).bmp,0,0,2,2,0.000014,0.000292,0.999695
smids/Non-Sperm/Non-Sperm (494).bmp,0,0,2,2,0.001605,0.088210,0.910185
smids/Non-Sperm/Non-Sperm (505).bmp,0,0,2,2,0.000041,0.000070,0.999890
smids/Non-Sperm/Non-Sperm (51).bmp,0,0,2,2,0.000027,0.007316,0.992657
smids/Non-Sperm/Non-Sperm (517).bmp,0,0,2,2,0.000519,0.011618,0.987863
smids/Non-Sperm/Non-Sperm (523).bmp,0,0,2,2,0.000448,0.003699,0.995852
smids/Non-Sperm/Non-Sperm (529).bmp,0,0,2,2,0.005209,0.034319,0.960472
smids/Non-Sperm/Non-Sperm (538).bmp,0,0,2,2,0.000103,0.010245,0.989652
smids/Non-Sperm/Non-Sperm (542).bmp,0,0,2,2,0.001502,0.095859,0.902639
smids/Non-Sperm/Non-Sperm (545).bmp,0,0,2,2,0.011724,0.002878,0.985397
smids/Non-Sperm/Non-Sperm (548).bmp,0,0,2,2,0.000462,0.000064,0.999473
smids/Non-Sperm/Non-Sperm (550).bmp,0,0,2,2,0.000025,0.000332,0.999642
smids/Non-Sperm/Non-Sperm (552).bmp,0,0,2,2,0.000110,0.002669,0.997221
smids/Non-Sperm/Non-Sperm (557).bmp,0,0,2,2,0.000197,0.002578,0.997225
smids/Non-Sperm/Non-Sperm (566).bmp,0,0,2,2,0.040058,0.228208,0.731734
smids/Non-Sperm/Non-Sperm (568).bmp,0,0,2,2,0.000044,0.000079,0.999878
smids/Non-Sperm/Non-Sperm (569).bmp,0,0,2,2,0.000060,0.012394,0.987546
smids/Non-Sperm/Non-Sperm (570).bmp,0,0,2,2,0.000073,0.003110,0.996816
smids/Non-Sperm/Non-Sperm (579).bmp,0,0,2,2,0.000746,0.001895,0.997359
smids/Non-Sperm/Non-Sperm (580).bmp,0,0,2,2,0.000133,0.006293,0.993575
smids/Non-Sperm/Non-Sperm (585).bmp,0,0,2,2,0.000109,0.000071,0.999821
smids/Non-Sperm/Non-Sperm (592).bmp,0,0,2,2,0.000134,0.000539,0.999327
smids/Non-Sperm/Non-Sperm (595).bmp,0,0,2,2,0.000102,0.002990,0.996908
smids/Non-Sperm/Non-Sperm (596).bmp,0,0,2,2,0.006483,0.019937,0.973580
smids/Non-Sperm/Non-Sperm (614).bmp,0,0,2,2,0.000788,0.000255,0.998958
smids/Non-Sperm/Non-Sperm (616).bmp,0,0,2,2,0.001675,0.001001,0.997324
smids/Non-Sperm/Non-Sperm (624).bmp,0,0,2,2,0.000134,0.000180,0.999686
smids/Non-Sperm/Non-Sperm (626).bmp,0,0,2,2,0.000127,0.002088,0.997785
smids/Non-Sperm/Non-Sperm (629).bmp,0,0,2,2,0.002781,0.001123,0.996095
smids/Non-Sperm/Non-Sperm (630).bmp,0,0,2,2,0.000131,0.000069,0.999800
smids/Non-Sperm/Non-Sperm (635).bmp,0,0,2,2,0.000058,0.009993,0.989949
smids/Non-Sperm/Non-Sperm (637).bmp,0,0,2,2,0.001308,0.070420,0.928272
smids/Non-Sperm/Non-Sperm (64).bmp,0,0,2,2,0.007146,0.179473,0.813381
smids/Non-Sperm/Non-Sperm (640).bmp,0,0,2,2,0.005420,0.002704,0.991875
smids/Non-Sperm/Non-Sperm (641).bmp,0,0,2,2,0.000016,0.001175,0.998809
smids/Non-Sperm/Non-Sperm (645).bmp,0,0,2,2,0.015003,0.006264,0.978734
smids/Non-Sperm/Non-Sperm (648).bmp,0,0,2,2,0.000106,0.000306,0.999588
smids/Non-Sperm/Non-Sperm (652).bmp,0,0,2,2,0.000292,0.003555,0.996153
smids/Non-Sperm/Non-Sperm (654).bmp,0,0,2,2,0.000037,0.002818,0.997144
smids/Non-Sperm/Non-Sperm (655).bmp,0,0,2,2,0.016324,0.007062,0.976613
smids/Non-Sperm/Non-Sperm (656).bmp,0,0,2,2,0.001982,0.000899,0.997119
smids/Non-Sperm/Non-Sperm (661).bmp,0,0,2,2,0.000040,0.000119,0.999841
smids/Non-Sperm/Non-Sperm (667).bmp,0,0,2,2,0.000038,0.001791,0.998171
smids/Non-Sperm/Non-Sperm (668).bmp,0,0,2,2,0.000036,0.000028,0.999936
smids/Non-Sperm/Non-Sperm (682).bmp,0,0,2,2,0.000985,0.000551,0.998465
smids/Non-Sperm/Non-Sperm (690).bmp,0,0,2,2,0.001628,0.000793,0.997580
smids/Non-Sperm/Non-Sperm (694).bmp,0,0,2,2,0.000181,0.000194,0.999625
smids/Non-Sperm/Non-Sperm (702).bmp,0,0,2,2,0.007986,0.004081,0.987933
smids/Non-Sperm/Non-Sperm (708).bmp,0,0,2,2,0.000123,0.000053,0.999824
smids/Non-Sperm/Non-Sperm (710).bmp,0,0,2,2,0.000057,0.005833,0.994109
smids/Non-Sperm/Non-Sperm (716).bmp,0,0,2,2,0.002884,0.481803,0.515313
smids/Non-Sperm/Non-Sperm (718).bmp,0,0,2,2,0.010198,0.005831,0.983972
smids/Non-Sperm/Non-Sperm (719).bmp,0,0,2,2,0.003745,0.020957,0.975298
smids/Non-Sperm/Non-Sperm (725).bmp,0,0,2,2,0.001216,0.044728,0.954056
smids/Non-Sperm/Non-Sperm (730).bmp,0,0,2,2,0.015666,0.010320,0.974014
smids/Non-Sperm/Non-Sperm (731).bmp,0,0,2,2,0.000009,0.000326,0.999665
smids/Non-Sperm/Non-Sperm (732).bmp,0,0,2,2,0.000316,0.003017,0.996666
smids/Non-Sperm/Non-Sperm (733).bmp,0,0,2,2,0.000275,0.024878,0.974847
smids/Non-Sperm/Non-Sperm (735).bmp,0,0,2,2,0.000162,0.000191,0.999647
smids/Non-Sperm/Non-Sperm (738).bmp,0,0,2,2,0.000417,0.000464,0.999120
smids/Non-Sperm/Non-Sperm (741).bmp,0,0,2,2,0.000463,0.000243,0.999294
smids/Non-Sperm/Non-Sperm (742).bmp,0,0,2,2,0.000011,0.000252,0.999737
smids/Non-Sperm/Non-Sperm (749).bmp,0,0,2,2,0.007971,0.005705,0.986324
smids/Non-Sperm/Non-Sperm (75).bmp,0,0,2,2,0.002884,0.256198,0.740918
smids/Non-Sperm/Non-Sperm (750).bmp,0,0,2,2,0.002092,0.052339,0.945570
smids/Non-Sperm/Non-Sperm (76).bmp,0,0,2,1,0.003849,0.852066,0.144084
smids/Non-Sperm/Non-Sperm (765).bmp,0,0,2,2,0.000020,0.001794,0.998186
smids/Non-Sperm/Non-Sperm (767).bmp,0,0,2,2,0.001288,0.000193,0.998519
smids/Non-Sperm/Non-Sperm (769).bmp,0,0,2,2,0.000016,0.000024,0.999960
smids/Non-Sperm/Non-Sperm (770).bmp,0,0,2,2,0.045475,0.005956,0.948569
smids/Non-Sperm/Non-Sperm (772).bmp,0,0,2,2,0.000101,0.003610,0.996289
smids/Non-Sperm/Non-Sperm (782).bmp,0,0,2,2,0.000017,0.000446,0.999536
smids/Non-Sperm/Non-Sperm (785).bmp,0,0,2,2,0.000361,0.000080,0.999559
smids/Non-Sperm/Non-Sperm (792).bmp,0,0,2,2,0.039485,0.001867,0.958648
smids/Non-Sperm/Non-Sperm (802).bmp,0,0,2,2,0.000034,0.002304,0.997662
smids/Non-Sperm/Non-Sperm (805).bmp,0,0,2,2,0.000128,0.002054,0.997819
smids/Non-Sperm/Non-Sperm (807).bmp,0,0,2,2,0.000042,0.004930,0.995027
smids/Non-Sperm/Non-Sperm (814).bmp,0,0,2,2,0.002560,0.001727,0.995712
smids/Non-Sperm/Non-Sperm (817).bmp,0,0,2,2,0.000938,0.022840,0.976222
smids/Non-Sperm/Non-Sperm (828).bmp,0,0,2,2,0.000011,0.001254,0.998736
smids/Non-Sperm/Non-Sperm (830).bmp,0,0,2,2,0.000109,0.004014,0.995877
smids/Non-Sperm/Non-Sperm (838).bmp,0,0,2,2,0.000370,0.006391,0.993239
smids/Non-Sperm/Non-Sperm (849).bmp,0,0,2,2,0.000201,0.005042,0.994757
smids/Non-Sperm/Non-Sperm (858).bmp,0,0,2,2,0.000108,0.000119,0.999772
smids/Non-Sperm/Non-Sperm (860).bmp,0,0,2,2,0.000287,0.000174,0.999539
smids/Non-Sperm/Non-Sperm (862).bmp,0,0,2,2,0.000097,0.000119,0.999784
smids/Non-Sperm/Non-Sperm (867).bmp,0,0,2,2,0.018290,0.005294,0.976417
smids/Non-Sperm/Non-Sperm (868).bmp,0,0,2,2,0.000674,0.000347,0.998980
smids/Non-Sperm/Non-Sperm (876).bmp,0,0,2,2,0.019120,0.151624,0.829256
smids/Non-Sperm/Non-Sperm (879).bmp,0,0,2,2,0.000511,0.040510,0.958978
smids/Non-Sperm/Non-Sperm (88).bmp,0,0,2,2,0.126751,0.322675,0.550575
smids/Non-Sperm/Non-Sperm (882).bmp,0,0,2,2,0.000180,0.004526,0.995294
smids/Non-Sperm/Non-Sperm (883).bmp,0,0,2,2,0.000399,0.000393,0.999208
smids/Non-Sperm/Non-Sperm (887).bmp,0,0,2,2,0.001190,0.020422,0.978389
smids/Non-Sperm/Non-Sperm (891).bmp,0,0,2,2,0.479573,0.011662,0.508765
smids/Non-Sperm/Non-Sperm (90).bmp,0,0,2,2,0.000102,0.000034,0.999864
smids/Non-Sperm/Non-Sperm (900).bmp,0,0,2,2,0.108516,0.024631,0.866853
smids/Non-Sperm/Non-Sperm (903).bmp,0,0,2,1,0.041308,0.922675,0.036016
smids/Non-Sperm/Non-Sperm (905).bmp,0,0,2,1,0.065924,0.863727,0.070349
smids/Non-Sperm/Non-Sperm (908).bmp,0,0,2,1,0.002392,0.730695,0.266914
smids/Non-Sperm/Non-Sperm (910).bmp,0,0,2,1,0.006887,0.737434,0.255679
smids/Non-Sperm/Non-Sperm (918).bmp,0,0,2,1,0.310678,0.398260,0.291062
smids/Non-Sperm/Non-Sperm (920).bmp,0,0,2,2,0.001038,0.045256,0.953705
smids/Non-Sperm/Non-Sperm (926).bmp,0,0,2,1,0.010209,0.647523,0.342268
smids/Non-Sperm/Non-Sperm (928).bmp,0,0,2,1,0.002077,0.666581,0.331342
smids/Non-Sperm/Non-Sperm (930).bmp,0,0,2,2,0.080682,0.068434,0.850883
smids/Non-Sperm/Non-Sperm (932).bmp,0,0,2,2,0.143053,0.092189,0.764758
smids/Non-Sperm/Non-Sperm (935).bmp,0,0,2,2,0.167006,0.155143,0.677851
smids/Non-Sperm/Non-Sperm (940).bmp,0,0,2,0,0.821929,0.028363,0.149708
smids/Non-Sperm/Non-Sperm (942).bmp,0,0,2,1,0.131796,0.513468,0.354736
smids/Non-Sperm/Non-Sperm (946).bmp,0,0,2,2,0.072838,0.076543,0.850619
smids/Non-Sperm/Non-Sperm (949).bmp,0,0,2,2,0.000302,0.010172,0.989526
smids/Non-Sperm/Non-Sperm (954).bmp,0,0,2,2,0.002106,0.000297,0.997597
smids/Non-Sperm/Non-Sperm (969).bmp,0,0,2,1,0.027630,0.747558,0.224812
smids/Non-Sperm/Non-Sperm (97).bmp,0,0,2,2,0.001102,0.000098,0.998800
smids/Non-Sperm/Non-Sperm (970).bmp,0,0,2,2,0.000137,0.014123,0.985740
smids/Non-Sperm/Non-Sperm (971).bmp,0,0,2,2,0.000138,0.002564,0.997297
smids/Non-Sperm/Non-Sperm (974).bmp,0,0,2,2,0.185017,0.120644,0.694339
smids/Non-Sperm/Non-Sperm (98).bmp,0,0,2,2,0.000038,0.000029,0.999932
smids/Normal_Sperm/Normal_Sperm (1).bmp,0,0,0,0,0.962351,0.037568,0.000081
smids/Normal_Sperm/Normal_Sperm (1004).bmp,0,0,0,0,0.912065,0.042491,0.045444
smids/Normal_Sperm/Normal_Sperm (1019).bmp,0,0,0,1,0.236557,0.763141,0.000303
smids/Normal_Sperm/Normal_Sperm (1020).bmp,0,0,0,0,0.608580,0.066653,0.324767
smids/Normal_Sperm/Normal_Sperm (106).bmp,0,0,0,0,0.853702,0.145375,0.000923
smids/Normal_Sperm/Normal_Sperm (127).bmp,0,0,0,0,0.938385,0.061308,0.000307
smids/Normal_Sperm/Normal_Sperm (13).bmp,0,0,0,0,0.582018,0.306625,0.111357
smids/Normal_Sperm/Normal_Sperm (136).bmp,0,0,0,0,0.908338,0.091230,0.000432
smids/Normal_Sperm/Normal_Sperm (143).bmp,0,0,0,0,0.984716,0.014767,0.000516
smids/Normal_Sperm/Normal_Sperm (15).bmp,0,0,0,1,0.237182,0.757100,0.005718
smids/Normal_Sperm/Normal_Sperm (150).bmp,0,0,0,0,0.900474,0.099347,0.000179
smids/Normal_Sperm/Normal_Sperm (152).bmp,0,0,0,0,0.632070,0.366373,0.001557
smids/Normal_Sperm/Normal_Sperm (156).bmp,0,0,0,1,0.306417,0.686787,0.006796
smids/Normal_Sperm/Normal_Sperm (158).bmp,0,0,0,0,0.917385,0.078194,0.004420
smids/Normal_Sperm/Normal_Sperm (159).bmp,0,0,0,0,0.955227,0.044722,0.000051
smids/Normal_Sperm/Normal_Sperm (166).bmp,0,0,0,0,0.882796,0.111283,0.005921
smids/Normal_Sperm/Normal_Sperm (173).bmp,0,0,0,0,0.831539,0.159529,0.008932
smids/Normal_Sperm/Normal_Sperm (178).bmp,0,0,0,0,0.978547,0.021261,0.000192
smids/Normal_Sperm/Normal_Sperm (182).bmp,0,0,0,0,0.771805,0.222999,0.005196
smids/Normal_Sperm/Normal_Sperm (185).bmp,0,0,0,0,0.674734,0.273613,0.051653
smids/Normal_Sperm/Normal_Sperm (186).bmp,0,0,0,1,0.253964,0.744871,0.001165
smids/Normal_Sperm/Normal_Sperm (198).bmp,0,0,0,0,0.985696,0.014228,0.000076
smids/Normal_Sperm/Normal_Sperm (2).bmp,0,0,0,0,0.953823,0.045856,0.000320
smids/Normal_Sperm/Normal_Sperm (201).bmp,0,0,0,0,0.815235,0.184659,0.000106
smids/Normal_Sperm/Normal_Sperm (202).bmp,0,0,0,0,0.904454,0.094858,0.000688
smids/Normal_Sperm/Normal_Sperm (206).bmp,0,0,0,0,0.967862,0.029095,0.003043
smids/Normal_Sperm/Normal_Sperm (209).bmp,0,0,0,0,0.647657,0.351897,0.000446
smids/Normal_Sperm/Normal_Sperm (224).bmp,0,0,0,0,0.841130,0.156835,0.002035
smids/Normal_Sperm/Normal_Sperm (232).bmp,0,0,0,0,0.656631,0.342808,0.000561
smids/Normal_Sperm/Normal_Sperm (244).bmp,0,0,0,0,0.808669,0.188612,0.002719
smids/Normal_Sperm/Normal_Sperm (25).bmp,0,0,0,0,0.668781,0.196380,0.134839
smids/Normal_Sperm/Normal_Sperm (259).bmp,0,0,0,0,0.925326,0.068730,0.005943
smids/Normal_Sperm/Normal_Sperm (264).bmp,0,0,0,0,0.770397,0.217630,0.011973
smids/Normal_Sperm/Normal_Sperm (268).bmp,0,0,0,2,0.001327,0.025772,0.972901
smids/Normal_Sperm/Normal_Sperm (269).bmp,0,0,0,0,0.896618,0.103296,0.000086
smids/Normal_Sperm/Normal_Sperm (270).bmp,0,0,0,0,0.875411,0.121931,0.002658
smids/Normal_Sperm/Normal_Sperm (272).bmp,0,0,0,0,0.986472,0.013278,0.000250
smids/Normal_Sperm/Normal_Sperm (280).bmp,0,0,0,0,0.972093,0.027711,0.000195
smids/Normal_Sperm/Normal_Sperm (287).bmp,0,0,0,0,0.858593,0.138178,0.003229
smids/Normal_Sperm/Normal_Sperm (289).bmp,0,0,0,0,0.976355,0.023625,0.000021
smids/Normal_Sperm/Normal_Sperm (293).bmp,0,0,0,0,0.920966,0.078078,0.000956
smids/Normal_Sperm/Normal_Sperm (303).bmp,0,0,0,0,0.885314,0.114550,0.000135
smids/Normal_Sperm/Normal_Sperm (31).bmp,0,0,0,0,0.873512,0.008597,0.117891
smids/Normal_Sperm/Normal_Sperm (310).bmp,0,0,0,0,0.858888,0.138910,0.002203
smids/Normal_Sperm/Normal_Sperm (313).bmp,0,0,0,0,0.983706,0.016175,0.000119
smids/Normal_Sperm/Normal_Sperm (317).bmp,0,0,0,0,0.584602,0.324822,0.090576
smids/Normal_Sperm/Normal_Sperm (318).bmp,0,0,0,0,0.993445,0.005926,0.000629
smids/Normal_Sperm/Normal_Sperm (324).bmp,0,0,0,0,0.894001,0.104256,0.001743
smids/Normal_Sperm/Normal_Sperm (326).bmp,0,0,0,0,0.551039,0.430521,0.018439
smids/Normal_Sperm/Normal_Sperm (329).bmp,0,0,0,0,0.858478,0.139902,0.001620
smids/Normal_Sperm/Normal_Sperm (343).bmp,0,0,0,0,0.868511,0.117336,0.014153
smids/Normal_Sperm/Normal_Sperm (344).bmp,0,0,0,0,0.952667,0.047147,0.000186
smids/Normal_Sperm/Normal_Sperm (346).bmp,0,0,0,0,0.965833,0.033838,0.000329
smids/Normal_Sperm/Normal_Sperm (354).bmp,0,0,0,0,0.921943,0.077995,0.000062
smids/Normal_Sperm/Normal_Sperm (357).bmp,0,0,0,0,0.987001,0.012973,0.000026
smids/Normal_Sperm/Normal_Sperm (358).bmp,0,0,0,2,0.350831,0.175043,0.474125
smids/Normal_Sperm/Normal_Sperm (359).bmp,0,0,0,0,0.923922,0.069396,0.006682
smids/Normal_Sperm/Normal_Sperm (368).bmp,0,0,0,0,0.698376,0.274773,0.026851
smids/Normal_Sperm/Normal_Sperm (370).bmp,0,0,0,0,0.971526,0.028423,0.000051
smids/Normal_Sperm/Normal_Sperm (372).bmp,0,0,0,0,0.869881,0.128945,0.001174
smids/Normal_Sperm/Normal_Sperm (39).bmp,0,0,0,0,0.960514,0.037911,0.001575
smids/Normal_Sperm/Normal_Sperm (395).bmp,0,0,0,0,0.773209,0.219789,0.007002
smids/Normal_Sperm/Normal_Sperm (396).bmp,0,0,0,0,0.991374,0.008494,0.000131
smids/Normal_Sperm/Normal_Sperm (399).bmp,0,0,0,0,0.939720,0.060255,0.000025
smids/Normal_Sperm/Normal_Sperm (402).bmp,0,0,0,0,0.730769,0.269013,0.000217
smids/Normal_Sperm/Normal_Sperm (408).bmp,0,0,0,0,0.929406,0.070135,0.000459
smids/Normal_Sperm/Normal_Sperm (409).bmp,0,0,0,0,0.976156,0.023817,0.000026
smids/Normal_Sperm/Normal_Sperm (411).bmp,0,0,0,0,0.913972,0.085654,0.000374
smids/Normal_Sperm/Normal_Sperm (412).bmp,0,0,0,0,0.885676,0.103223,0.011101
smids/Normal_Sperm/Normal_Sperm (415).bmp,0,0,0,0,0.769604,0.220484,0.009912
smids/Normal_Sperm/Normal_Sperm (417).bmp,0,0,0,0,0.953930,0.045975,0.000095
smids/Normal_Sperm/Normal_Sperm (42).bmp,0,0,0,0,0.861387,0.130953,0.007660
smids/Normal_Sperm/Normal_Sperm (420).bmp,0,0,0,0,0.816354,0.183305,0.000341
smids/Normal_Sperm/Normal_Sperm (423).bmp,0,0,0,0,0.953118,0.046034,0.000848
smids/Normal_Sperm/Normal_Sperm (431).bmp,0,0,0,0,0.959283,0.040713,0.000004
smids/Normal_Sperm/Normal_Sperm (433).bmp,0,0,0,0,0.899077,0.100592,0.000331
smids/Normal_Sperm/Normal_Sperm (439).bmp,0,0,0,0,0.958937,0.041029,0.000034
smids/Normal_Sperm/Normal_Sperm (44).bmp,0,0,0,0,0.942566,0.055371,0.002063
smids/Normal_Sperm/Normal_Sperm (450).bmp,0,0,0,0,0.883687,0.115871,0.000442
smids/Normal_Sperm/Normal_Sperm (451).bmp,0,0,0,0,0.894070,0.103578,0.002352
smids/Normal_Sperm/Normal_Sperm (455).bmp,0,0,0,0,0.952533,0.047464,0.000003
smids/Normal_Sperm/Normal_Sperm (464).bmp,0,0,0,0,0.892017,0.106743,0.001239
smids/Normal_Sperm/Normal_Sperm (465).bmp,0,0,0,0,0.940295,0.059518,0.000188
smids/Normal_Sperm/Normal_Sperm (468).bmp,0,0,0,0,0.965152,0.029199,0.005649
smids/Normal_Sperm/Normal_Sperm (47).bmp,0,0,0,1,0.111642,0.868876,0.019483
smids/Normal_Sperm/Normal_Sperm (472).bmp,0,0,0,0,0.978266,0.021723,0.000011
smids/Normal_Sperm/Normal_Sperm (473).bmp,0,0,0,0,0.795322,0.204108,0.000570
smids/Normal_Sperm/Normal_Sperm (483).bmp,0,0,0,0,0.862570,0.137232,0.000197
smids/Normal_Sperm/Normal_Sperm (487).bmp,0,0,0,0,0.936347,0.061742,0.001911
smids/Normal_Sperm/Normal_Sperm (494).bmp,0,0,0,0,0.772607,0.227170,0.000223
smids/Normal_Sperm/Normal_Sperm (498).bmp,0,0,0,0,0.909902,0.087290,0.002808
smids/Normal_Sperm/Normal_Sperm (512).bmp,0,0,0,0,0.619803,0.374161,0.006036
smids/Normal_Sperm/Normal_Sperm (514).bmp,0,0,0,0,0.989783,0.010141,0.000077
smids/Normal_Sperm/Normal_Sperm (516).bmp,0,0,0,0,0.885675,0.106947,0.007378
smids/Normal_Sperm/Normal_Sperm (518).bmp,0,0,0,0,0.978994,0.020824,0.000182
smids/Normal_Sperm/Normal_Sperm (519).bmp,0,0,0,0,0.949753,0.049346,0.000901
smids/Normal_Sperm/Normal_Sperm (521).bmp,0,0,0,0,0.917873,0.082019,0.000108
smids/Normal_Sperm/Normal_Sperm (522).bmp,0,0,0,0,0.941593,0.058261,0.000146
smids/Normal_Sperm/Normal_Sperm (530).bmp,0,0,0,0,0.983746,0.016150,0.000104
smids/Normal_Sperm/Normal_Sperm (531).bmp,0,0,0,0,0.800263,0.195405,0.004332
smids/Normal_Sperm/Normal_Sperm (535).bmp,0,0,0,0,0.967488,0.031714,0.000798
smids/Normal_Sperm/Normal_Sperm (540).bmp,0,0,0,0,0.978787,0.021025,0.000187
smids/Normal_Sperm/Normal_Sperm (542).bmp,0,0,0,0,0.854668,0.134907,0.010426
smids/Normal_Sperm/Normal_Sperm (555).bmp,0,0,0,0,0.965110,0.034073,0.000817
smids/Normal_Sperm/Normal_Sperm (556).bmp,0,0,0,0,0.963916,0.036036,0.000048
smids/Normal_Sperm/Normal_Sperm (561).bmp,0,0,0,0,0.788652,0.181683,0.029665
smids/Normal_Sperm/Normal_Sperm (563).bmp,0,0,0,0,0.853270,0.146702,0.000028
smids/Normal_Sperm/Normal_Sperm (568).bmp,0,0,0,1,0.389937,0.609878,0.000185
smids/Normal_Sperm/Normal_Sperm (590).bmp,0,0,0,0,0.991323,0.008670,0.000007
smids/Normal_Sperm/Normal_Sperm (594).bmp,0,0,0,0,0.981595,0.018159,0.000247
smids/Normal_Sperm/Normal_Sperm (596).bmp,0,0,0,0,0.843582,0.156355,0.000064
smids/Normal_Sperm/Normal_Sperm (602).bmp,0,0,0,0,0.952327,0.047651,0.000022
smids/Normal_Sperm/Normal_Sperm (611).bmp,0,0,0,0,0.916687,0.083267,0.000046
smids/Normal_Sperm/Normal_Sperm (613).bmp,0,0,0,0,0.778468,0.221221,0.000311
smids/Normal_Sperm/Normal_Sperm (614).bmp,0,0,0,0,0.859260,0.139765,0.000975
smids/Normal_Sperm/Normal_Sperm (619).bmp,0,0,0,0,0.946977,0.051718,0.001305
smids/Normal_Sperm/Normal_Sperm (620).bmp,0,0,0,0,0.912818,0.087088,0.000093
smids/Normal_Sperm/Normal_Sperm (622).bmp,0,0,0,1,0.235205,0.764561,0.000234
smids/Normal_Sperm/Normal_Sperm (627).bmp,0,0,0,0,0.916857,0.083021,0.000122
smids/Normal_Sperm/Normal_Sperm (63).bmp,0,0,0,0,0.767501,0.224842,0.007656
smids/Normal_Sperm/Normal_Sperm (638).bmp,0,0,0,0,0.882886,0.116602,0.000512
smids/Normal_Sperm/Normal_Sperm (64).bmp,0,0,0,0,0.955266,0.043721,0.001012
smids/Normal_Sperm/Normal_Sperm (643).bmp,0,0,0,0,0.962059,0.037883,0.000059
smids/Normal_Sperm/Normal_Sperm (644).bmp,0,0,0,1,0.232613,0.763006,0.004381
smids/Normal_Sperm/Normal_Sperm (645).bmp,0,0,0,0,0.921445,0.078024,0.000531
smids/Normal_Sperm/Normal_Sperm (649).bmp,0,0,0,0,0.786456,0.212917,0.000627
smids/Normal_Sperm/Normal_Sperm (650).bmp,0,0,0,0,0.972963,0.026887,0.000150
smids/Normal_Sperm/Normal_Sperm (653).bmp,0,0,0,0,0.971968,0.027806,0.000226
smids/Normal_Sperm/Normal_Sperm (661).bmp,0,0,0,0,0.896670,0.101441,0.001889
smids/Normal_Sperm/Normal_Sperm (668).bmp,0,0,0,0,0.992368,0.007629,0.000003
smids/Normal_Sperm/Normal_Sperm (676).bmp,0,0,0,0,0.995585,0.004415,0.000001
smids/Normal_Sperm/Normal_Sperm (679).bmp,0,0,0,0,0.990448,0.009537,0.000014
smids/Normal_Sperm/Normal_Sperm (68).bmp,0,0,0,0,0.966724,0.033260,0.000017
smids/Normal_Sperm/Normal_Sperm (682).bmp,0,0,0,0,0.996982,0.002758,0.000260
smids/Normal_Sperm/Normal_Sperm (684).bmp,0,0,0,0,0.882231,0.110852,0.006917
smids/Normal_Sperm/Normal_Sperm (702).bmp,0,0,0,0,0.963080,0.036843,0.000077
smids/Normal_Sperm/Normal_Sperm (705).bmp,0,0,0,0,0.915007,0.084125,0.000868
smids/Normal_Sperm/Normal_Sperm (707).bmp,0,0,0,0,0.954805,0.045135,0.000060
smids/Normal_Sperm/Normal_Sperm (711).bmp,0,0,0,0,0.899030,0.100555,0.000415
smids/Normal_Sperm/Normal_Sperm (725).bmp,0,0,0,0,0.987592,0.005926,0.006482
smids/Normal_Sperm/Normal_Sperm (727).bmp,0,0,0,0,0.854663,0.134418,0.010919
smids/Normal_Sperm/Normal_Sperm (728).bmp,0,0,0,0,0.697318,0.296891,0.005791
smids/Normal_Sperm/Normal_Sperm (734).bmp,0,0,0,0,0.731058,0.133220,0.135722
smids/Normal_Sperm/Normal_Sperm (736).bmp,0,0,0,0,0.981434,0.018502,0.000064
smids/Normal_Sperm/Normal_Sperm (745).bmp,0,0,0,0,0.960602,0.039096,0.000302
smids/Normal_Sperm/Normal_Sperm (75).bmp,0,0,0,0,0.970164,0.025256,0.004581
smids/Normal_Sperm/Normal_Sperm (753).bmp,0,0,0,0,0.966937,0.033029,0.000035
smids/Normal_Sperm/Normal_Sperm (755).bmp,0,0,0,0,0.929872,0.068972,0.001156
smids/Normal_Sperm/Normal_Sperm (76).bmp,0,0,0,0,0.987031,0.012702,0.000267
smids/Normal_Sperm/Normal_Sperm (764).bmp,0,0,0,0,0.984930,0.014992,0.000078
smids/Normal_Sperm/Normal_Sperm (767).bmp,0,0,0,0,0.986741,0.013119,0.000141
smids/Normal_Sperm/Normal_Sperm (77).bmp,0,0,0,0,0.860271,0.098695,0.041034
smids/Normal_Sperm/Normal_Sperm (78).bmp,0,0,0,0,0.818813,0.166293,0.014894
smids/Normal_Sperm/Normal_Sperm (782).bmp,0,0,0,0,0.996282,0.003644,0.000074
smids/Normal_Sperm/Normal_Sperm (787).bmp,0,0,0,0,0.979147,0.020086,0.000767
smids/Normal_Sperm/Normal_Sperm (79).bmp,0,0,0,0,0.953318,0.046654,0.000028
smids/Normal_Sperm/Normal_Sperm (791).bmp,0,0,0,0,0.775961,0.222820,0.001218
smids/Normal_Sperm/Normal_Sperm (795).bmp,0,0,0,0,0.988692,0.011304,0.000003
smids/Normal_Sperm/Normal_Sperm (797).bmp,0,0,0,0,0.940039,0.059569,0.000392
smids/Normal_Sperm/Normal_Sperm (799).bmp,0,0,0,0,0.984385,0.014764,0.000851
smids/Normal_Sperm/Normal_Sperm (80).bmp,0,0,0,0,0.935843,0.060675,0.003482
smids/Normal_Sperm/Normal_Sperm (801).bmp,0,0,0,0,0.853140,0.112377,0.034483
smids/Normal_Sperm/Normal_Sperm (808).bmp,0,0,0,0,0.968265,0.031581,0.000154
smids/Normal_Sperm/Normal_Sperm (815).bmp,0,0,0,0,0.962199,0.037552,0.000248
smids/Normal_Sperm/Normal_Sperm (818).bmp,0,0,0,0,0.873171,0.121593,0.005236
smids/Normal_Sperm/Normal_Sperm (82).bmp,0,0,0,0,0.901141,0.096514,0.002345
smids/Normal_Sperm/Normal_Sperm (838).bmp,0,0,0,0,0.973986,0.026010,0.000003
smids/Normal_Sperm/Normal_Sperm (839).bmp,0,0,0,0,0.792776,0.206513,0.000711
smids/Normal_Sperm/Normal_Sperm (850).bmp,0,0,0,0,0.966057,0.030597,0.003347
smids/Normal_Sperm/Normal_Sperm (851).bmp,0,0,0,1,0.163287,0.832421,0.004292
smids/Normal_Sperm/Normal_Sperm (853).bmp,0,0,0,0,0.981533,0.018447,0.000020
smids/Normal_Sperm/Normal_Sperm (867).bmp,0,0,0,0,0.850855,0.148718,0.000427
smids/Normal_Sperm/Normal_Sperm (87).bmp,0,0,0,0,0.897085,0.102770,0.000145
smids/Normal_Sperm/Normal_Sperm (880).bmp,0,0,0,1,0.263001,0.736923,0.000077
smids/Normal_Sperm/Normal_Sperm (885).bmp,0,0,0,0,0.877504,0.122276,0.000220
smids/Normal_Sperm/Normal_Sperm (89).bmp,0,0,0,0,0.812735,0.175058,0.012207
smids/Normal_Sperm/Normal_Sperm (901).bmp,0,0,0,0,0.926847,0.073139,0.000014
smids/Normal_Sperm/Normal_Sperm (91).bmp,0,0,0,0,0.996801,0.003135,0.000064
smids/Normal_Sperm/Normal_Sperm (913).bmp,0,0,0,0,0.988229,0.011759,0.000012
smids/Normal_Sperm/Normal_Sperm (917).bmp,0,0,0,0,0.830344,0.169647,0.000009
smids/Normal_Sperm/Normal_Sperm (918).bmp,0,0,0,0,0.744208,0.255762,0.000031
smids/Normal_Sperm/Normal_Sperm (921).bmp,0,0,0,0,0.968726,0.031272,0.000002
smids/Normal_Sperm/Normal_Sperm (927).bmp,0,0,0,1,0.176008,0.823847,0.000145
smids/Normal_Sperm/Normal_Sperm (929).bmp,0,0,0,0,0.647512,0.352240,0.000248
smids/Normal_Sperm/Normal_Sperm (930).bmp,0,0,0,2,0.003840,0.270845,0.725315
smids/Normal_Sperm/Normal_Sperm (935).bmp,0,0,0,1,0.013241,0.986102,0.000657
smids/Normal_Sperm/Normal_Sperm (939).bmp,0,0,0,0,0.980395,0.019565,0.000039
smids/Normal_Sperm/Normal_Sperm (940).bmp,0,0,0,0,0.950189,0.049801,0.000010
smids/Normal_Sperm/Normal_Sperm (942).bmp,0,0,0,0,0.606478,0.393514,0.000009
smids/Normal_Sperm/Normal_Sperm (949).bmp,0,0,0,1,0.371130,0.628785,0.000085
smids/Normal_Sperm/Normal_Sperm (952).bmp,0,0,0,1,0.093923,0.882941,0.023136
smids/Normal_Sperm/Normal_Sperm (954).bmp,0,0,0,1,0.367172,0.632802,0.000026
smids/Normal_Sperm/Normal_Sperm (956).bmp,0,0,0,1,0.004916,0.993727,0.001357
smids/Normal_Sperm/Normal_Sperm (957).bmp,0,0,0,1,0.368943,0.630706,0.000351
smids/Normal_Sperm/Normal_Sperm (959).bmp,0,0,0,1,0.302514,0.697179,0.000307
smids/Normal_Sperm/Normal_Sperm (962).bmp,0,0,0,1,0.311054,0.455394,0.233552
smids/Normal_Sperm/Normal_Sperm (977).bmp,0,0,0,0,0.952777,0.047183,0.000040
smids/Normal_Sperm/Normal_Sperm (983).bmp,0,0,0,1,0.088951,0.898447,0.012602
smids/Normal_Sperm/Normal_Sperm (99).bmp,0,0,0,0,0.925013,0.074553,0.000435
smids/Normal_Sperm/Normal_Sperm (995).bmp,0,0,0,0,0.691189,0.268583,0.040228
smids/Abnormal_Sperm/Abnormal_Sperm (1).bmp,0,1,1,1,0.178849,0.821033,0.000118
smids/Abnormal_Sperm/Abnormal_Sperm (10).bmp,0,1,1,1,0.102795,0.874835,0.022370
smids/Abnormal_Sperm/Abnormal_Sperm (1003).bmp,0,1,1,1,0.024388,0.495188,0.480424
smids/Abnormal_Sperm/Abnormal_Sperm (101).bmp,0,1,1,1,0.003167,0.961515,0.035318
smids/Abnormal_Sperm/Abnormal_Sperm (102).bmp,0,1,1,1,0.005974,0.961830,0.032197
smids/Abnormal_Sperm/Abnormal_Sperm (104).bmp,0,1,1,0,0.827044,0.089416,0.083540
smids/Abnormal_Sperm/Abnormal_Sperm (109).bmp,0,1,1,2,0.000186,0.026207,0.973607
smids/Abnormal_Sperm/Abnormal_Sperm (110).bmp,0,1,1,1,0.000538,0.861916,0.137546
smids/Abnormal_Sperm/Abnormal_Sperm (12).bmp,0,1,1,1,0.044413,0.945337,0.010250
smids/Abnormal_Sperm/Abnormal_Sperm (127).bmp,0,1,1,1,0.005310,0.983496,0.011195
smids/Abnormal_Sperm/Abnormal_Sperm (128).bmp,0,1,1,1,0.185742,0.814059,0.000200
smids/Abnormal_Sperm/Abnormal_Sperm (14).bmp,0,1,1,1,0.059246,0.817836,0.122919
smids/Abnormal_Sperm/Abnormal_Sperm (158).bmp,0,1,1,1,0.023348,0.972549,0.004102
smids/Abnormal_Sperm/Abnormal_Sperm (164).bmp,0,1,1,1,0.040358,0.959400,0.000242
smids/Abnormal_Sperm/Abnormal_Sperm (165).bmp,0,1,1,1,0.045660,0.935654,0.018686
smids/Abnormal_Sperm/Abnormal_Sperm (174).bmp,0,1,1,1,0.015108,0.958602,0.026290
smids/Abnormal_Sperm/Abnormal_Sperm (18).bmp,0,1,1,0,0.844652,0.155317,0.000031
smids/Abnormal_Sperm/Abnormal_Sperm (182).bmp,0,1,1,1,0.008707,0.989388,0.001905
smids/Abnormal_Sperm/Abnormal_Sperm (184).bmp,0,1,1,1,0.001018,0.939229,0.059752
smids/Abnormal_Sperm/Abnormal_Sperm (207).bmp,0,1,1,1,0.003153,0.992335,0.004513
smids/Abnormal_Sperm/Abnormal_Sperm (209).bmp,0,1,1,1,0.024356,0.921341,0.054303
smids/Abnormal_Sperm/Abnormal_Sperm (216).bmp,0,1,1,1,0.082094,0.912085,0.005821
smids/Abnormal_Sperm/Abnormal_Sperm (22).bmp,0,1,1,2,0.000295,0.032817,0.966888
smids/Abnormal_Sperm/Abnormal_Sperm (227).bmp,0,1,1,1,0.017262,0.982156,0.000581
smids/Abnormal_Sperm/Abnormal_Sperm (232).bmp,0,1,1,1,0.001941,0.959997,0.038062
smids/Abnormal_Sperm/Abnormal_Sperm (233).bmp,0,1,1,1,0.001205,0.985696,0.013099
smids/Abnormal_Sperm/Abnormal_Sperm (235).bmp,0,1,1,1,0.003074,0.959676,0.037250
smids/Abnormal_Sperm/Abnormal_Sperm (236).bmp,0,1,1,1,0.090019,0.872444,0.037536
smids/Abnormal_Sperm/Abnormal_Sperm (25).bmp,0,1,1,1,0.008243,0.984240,0.007517
smids/Abnormal_Sperm/Abnormal_Sperm (250).bmp,0,1,1,1,0.000786,0.980161,0.019053
smids/Abnormal_Sperm/Abnormal_Sperm (256).bmp,0,1,1,1,0.007627,0.976370,0.016003
smids/Abnormal_Sperm/Abnormal_Sperm (257).bmp,0,1,1,1,0.002199,0.976094,0.021707
smids/Abnormal_Sperm/Abnormal_Sperm (258).bmp,0,1,1,1,0.003568,0.963831,0.032602
smids/Abnormal_Sperm/Abnormal_Sperm (260).bmp,0,1,1,1,0.032572,0.965299,0.002129
smids/Abnormal_Sperm/Abnormal_Sperm (266).bmp,0,1,1,1,0.044470,0.951911,0.003619
smids/Abnormal_Sperm/Abnormal_Sperm (285).bmp,0,1,1,1,0.366023,0.632414,0.001563
smids/Abnormal_Sperm/Abnormal_Sperm (289).bmp,0,1,1,1,0.016512,0.891973,0.091516
smids/Abnormal_Sperm/Abnormal_Sperm (291).bmp,0,1,1,1,0.250708,0.749215,0.000077
smids/Abnormal_Sperm/Abnormal_Sperm (298).bmp,0,1,1,1,0.020762,0.964334,0.014904
smids/Abnormal_Sperm/Abnormal_Sperm (300).bmp,0,1,1,1,0.013081,0.970126,0.016793
smids/Abnormal_Sperm/Abnormal_Sperm (303).bmp,0,1,1,1,0.168544,0.823311,0.008145
smids/Abnormal_Sperm/Abnormal_Sperm (304).bmp,0,1,1,1,0.001597,0.754997,0.243406
smids/Abnormal_Sperm/Abnormal_Sperm (309).bmp,0,1,1,1,0.161883,0.800153,0.037964
smids/Abnormal_Sperm/Abnormal_Sperm (310).bmp,0,1,1,2,0.000225,0.107924,0.891851
smids/Abnormal_Sperm/Abnormal_Sperm (311).bmp,0,1,1,1,0.048073,0.951336,0.000591
smids/Abnormal_Sperm/Abnormal_Sperm (313).bmp,0,1,1,2,0.002852,0.269960,0.727188
smids/Abnormal_Sperm/Abnormal_Sperm (319).bmp,0,1,1,1,0.034663,0.955417,0.009921
smids/Abnormal_Sperm/Abnormal_Sperm (322).bmp,0,1,1,1,0.000701,0.831453,0.167847
smids/Abnormal_Sperm/Abnormal_Sperm (326).bmp,0,1,1,1,0.027914,0.970256,0.001830
smids/Abnormal_Sperm/Abnormal_Sperm (338).bmp,0,1,1,1,0.101303,0.898360,0.000337
smids/Abnormal_Sperm/Abnormal_Sperm (340).bmp,0,1,1,1,0.008358,0.976377,0.015265
smids/Abnormal_Sperm/Abnormal_Sperm (348).bmp,0,1,1,1,0.018895,0.892884,0.088222
smids/Abnormal_Sperm/Abnormal_Sperm (354).bmp,0,1,1,1,0.073480,0.924940,0.001580
smids/Abnormal_Sperm/Abnormal_Sperm (362).bmp,0,1,1,1,0.039128,0.959214,0.001657
smids/Abnormal_Sperm/Abnormal_Sperm (370).bmp,0,1,1,1,0.169640,0.829623,0.000738
smids/Abnormal_Sperm/Abnormal_Sperm (376).bmp,0,1,1,1,0.045139,0.817167,0.137694
smids/Abnormal_Sperm/Abnormal_Sperm (386).bmp,0,1,1,2,0.000421,0.460278,0.539301
smids/Abnormal_Sperm/Abnormal_Sperm (387).bmp,0,1,1,1,0.029691,0.968062,0.002247
smids/Abnormal_Sperm/Abnormal_Sperm (391).bmp,0,1,1,1,0.004539,0.992224,0.003237
smids/Abnormal_Sperm/Abnormal_Sperm (397).bmp,0,1,1,1,0.001175,0.739554,0.259271
smids/Abnormal_Sperm/Abnormal_Sperm (4).bmp,0,1,1,2,0.202216,0.074321,0.723463
smids/Abnormal_Sperm/Abnormal_Sperm (41).bmp,0,1,1,2,0.047379,0.410310,0.542312
smids/Abnormal_Sperm/Abnormal_Sperm (411).bmp,0,1,1,1,0.091493,0.898043,0.010464
smids/Abnormal_Sperm/Abnormal_Sperm (416).bmp,0,1,1,1,0.001907,0.955255,0.042837
smids/Abnormal_Sperm/Abnormal_Sperm (420).bmp,0,1,1,1,0.000462,0.935892,0.063646
smids/Abnormal_Sperm/Abnormal_Sperm (432).bmp,0,1,1,1,0.019928,0.971059,0.009014
smids/Abnormal_Sperm/Abnormal_Sperm (435).bmp,0,1,1,1,0.034139,0.965620,0.000241
smids/Abnormal_Sperm/Abnormal_Sperm (442).bmp,0,1,1,1,0.116488,0.882630,0.000882
smids/Abnormal_Sperm/Abnormal_Sperm (445).bmp,0,1,1,1,0.006451,0.988592,0.004957
smids/Abnormal_Sperm/Abnormal_Sperm (451).bmp,0,1,1,1,0.029833,0.968632,0.001536
smids/Abnormal_Sperm/Abnormal_Sperm (456).bmp,0,1,1,1,0.109155,0.890645,0.000200
smids/Abnormal_Sperm/Abnormal_Sperm (458).bmp,0,1,1,1,0.007196,0.969536,0.023267
smids/Abnormal_Sperm/Abnormal_Sperm (466).bmp,0,1,1,1,0.063741,0.932258,0.004001
smids/Abnormal_Sperm/Abnormal_Sperm (473).bmp,0,1,1,1,0.004187,0.988509,0.007304
smids/Abnormal_Sperm/Abnormal_Sperm (491).bmp,0,1,1,1,0.000743,0.968351,0.030906
smids/Abnormal_Sperm/Abnormal_Sperm (492).bmp,0,1,1,1,0.064270,0.911953,0.023777
smids/Abnormal_Sperm/Abnormal_Sperm (5).bmp,0,1,1,1,0.405409,0.569887,0.024704
smids/Abnormal_Sperm/Abnormal_Sperm (502).bmp,0,1,1,1,0.042407,0.877228,0.080366
smids/Abnormal_Sperm/Abnormal_Sperm (519).bmp,0,1,1,1,0.049419,0.938674,0.011907
smids/Abnormal_Sperm/Abnormal_Sperm (520).bmp,0,1,1,1,0.247620,0.751939,0.000441
smids/Abnormal_Sperm/Abnormal_Sperm (524).bmp,0,1,1,1,0.000153,0.718967,0.280881
smids/Abnormal_Sperm/Abnormal_Sperm (526).bmp,0,1,1,1,0.039665,0.951057,0.009278
smids/Abnormal_Sperm/Abnormal_Sperm (536).bmp,0,1,1,1,0.004353,0.906880,0.088767
smids/Abnormal_Sperm/Abnormal_Sperm (54).bmp,0,1,1,1,0.041866,0.936268,0.021866
smids/Abnormal_Sperm/Abnormal_Sperm (540).bmp,0,1,1,1,0.003509,0.981793,0.014698
smids/Abnormal_Sperm/Abnormal_Sperm (542).bmp,0,1,1,1,0.304696,0.694628,0.000675
smids/Abnormal_Sperm/Abnormal_Sperm (543).bmp,0,1,1,1,0.013539,0.983439,0.003022
smids/Abnormal_Sperm/Abnormal_Sperm (556).bmp,0,1,1,1,0.145177,0.854277,0.000545
smids/Abnormal_Sperm/Abnormal_Sperm (56).bmp,0,1,1,1,0.011055,0.971448,0.017497
smids/Abnormal_Sperm/Abnormal_Sperm (563).bmp,0,1,1,1,0.067727,0.923324,0.008949
smids/Abnormal_Sperm/Abnormal_Sperm (566).bmp,0,1,1,1,0.037741,0.918356,0.043903
smids/Abnormal_Sperm/Abnormal_Sperm (571).bmp,0,1,1,1,0.163580,0.747881,0.088539
smids/Abnormal_Sperm/Abnormal_Sperm (572).bmp,0,1,1,2,0.229240,0.199242,0.571518
smids/Abnormal_Sperm/Abnormal_Sperm (58).bmp,0,1,1,1,0.000490,0.984330,0.015180
smids/Abnormal_Sperm/Abnormal_Sperm (583).bmp,0,1,1,1,0.079721,0.917959,0.002320
smids/Abnormal_Sperm/Abnormal_Sperm (584).bmp,0,1,1,1,0.083721,0.880726,0.035553
smids/Abnormal_Sperm/Abnormal_Sperm (588).bmp,0,1,1,0,0.771633,0.197103,0.031265
smids/Abnormal_Sperm/Abnormal_Sperm (589).bmp,0,1,1,1,0.361614,0.542683,0.095703
smids/Abnormal_Sperm/Abnormal_Sperm (59).bmp,0,1,1,1,0.001536,0.970414,0.028049
smids/Abnormal_Sperm/Abnormal_Sperm (594).bmp,0,1,1,0,0.876178,0.121657,0.002164
smids/Abnormal_Sperm/Abnormal_Sperm (595).bmp,0,1,1,2,0.070998,0.356619,0.572383
smids/Abnormal_Sperm/Abnormal_Sperm (604).bmp,0,1,1,1,0.101822,0.876687,0.021491
smids/Abnormal_Sperm/Abnormal_Sperm (608).bmp,0,1,1,1,0.260965,0.682615,0.056420
smids/Abnormal_Sperm/Abnormal_Sperm (612).bmp,0,1,1,0,0.546523,0.453078,0.000399
smids/Abnormal_Sperm/Abnormal_Sperm (614).bmp,0,1,1,0,0.752902,0.243313,0.003785
smids/Abnormal_Sperm/Abnormal_Sperm (615).bmp,0,1,1,1,0.021876,0.976170,0.001954
smids/Abnormal_Sperm/Abnormal_Sperm (621).bmp,0,1,1,1,0.156235,0.793731,0.050035
smids/Abnormal_Sperm/Abnormal_Sperm (626).bmp,0,1,1,1,0.017990,0.948489,0.033521
smids/Abnormal_Sperm/Abnormal_Sperm (640).bmp,0,1,1,0,0.660777,0.326330,0.012893
smids/Abnormal_Sperm/Abnormal_Sperm (653).bmp,0,1,1,0,0.886162,0.113731,0.000106
smids/Abnormal_Sperm/Abnormal_Sperm (657).bmp,0,1,1,2,0.014603,0.416112,0.569285
smids/Abnormal_Sperm/Abnormal_Sperm (658).bmp,0,1,1,1,0.115409,0.856569,0.028022
smids/Abnormal_Sperm/Abnormal_Sperm (659).bmp,0,1,1,1,0.054089,0.872669,0.073242
smids/Abnormal_Sperm/Abnormal_Sperm (660).bmp,0,1,1,0,0.779299,0.214111,0.006590
smids/Abnormal_Sperm/Abnormal_Sperm (663).bmp,0,1,1,1,0.043805,0.954441,0.001754
smids/Abnormal_Sperm/Abnormal_Sperm (667).bmp,0,1,1,1,0.213589,0.781907,0.004504
smids/Abnormal_Sperm/Abnormal_Sperm (672).bmp,0,1,1,1,0.294192,0.692766,0.013042
smids/Abnormal_Sperm/Abnormal_Sperm (675).bmp,0,1,1,1,0.089451,0.905858,0.004691
smids/Abnormal_Sperm/Abnormal_Sperm (676).bmp,0,1,1,1,0.104326,0.893054,0.002621
smids/Abnormal_Sperm/Abnormal_Sperm (677).bmp,0,1,1,1,0.007193,0.964359,0.028449
smids/Abnormal_Sperm/Abnormal_Sperm (68).bmp,0,1,1,1,0.001026,0.815976,0.182998
smids/Abnormal_Sperm/Abnormal_Sperm (687).bmp,0,1,1,1,0.019200,0.781681,0.199119
smids/Abnormal_Sperm/Abnormal_Sperm (689).bmp,0,1,1,1,0.080324,0.918725,0.000951
smids/Abnormal_Sperm/Abnormal_Sperm (692).bmp,0,1,1,1,0.016835,0.956524,0.026642
smids/Abnormal_Sperm/Abnormal_Sperm (694).bmp,0,1,1,1,0.026132,0.876744,0.097124
smids/Abnormal_Sperm/Abnormal_Sperm (70).bmp,0,1,1,1,0.000818,0.983434,0.015748
smids/Abnormal_Sperm/Abnormal_Sperm (700).bmp,0,1,1,1,0.192473,0.806350,0.001177
smids/Abnormal_Sperm/Abnormal_Sperm (704).bmp,0,1,1,1,0.030331,0.957539,0.012130
smids/Abnormal_Sperm/Abnormal_Sperm (712).bmp,0,1,1,1,0.109488,0.889487,0.001026
smids/Abnormal_Sperm/Abnormal_Sperm (718).bmp,0,1,1,1,0.013602,0.853071,0.133327
smids/Abnormal_Sperm/Abnormal_Sperm (723).bmp,0,1,1,1,0.468796,0.529164,0.002040
smids/Abnormal_Sperm/Abnormal_Sperm (724).bmp,0,1,1,1,0.139614,0.806828,0.053558
smids/Abnormal_Sperm/Abnormal_Sperm (726).bmp,0,1,1,0,0.972912,0.026734,0.000354
smids/Abnormal_Sperm/Abnormal_Sperm (728).bmp,0,1,1,1,0.019199,0.639261,0.341539
smids/Abnormal_Sperm/Abnormal_Sperm (73).bmp,0,1,1,1,0.054733,0.927196,0.018071
smids/Abnormal_Sperm/Abnormal_Sperm (732).bmp,0,1,1,1,0.138291,0.847957,0.013752
smids/Abnormal_Sperm/Abnormal_Sperm (735).bmp,0,1,1,0,0.942851,0.033630,0.023519
smids/Abnormal_Sperm/Abnormal_Sperm (746).bmp,0,1,1,1,0.303804,0.674823,0.021373
smids/Abnormal_Sperm/Abnormal_Sperm (749).bmp,0,1,1,1,0.029099,0.826514,0.144387
smids/Abnormal_Sperm/Abnormal_Sperm (753).bmp,0,1,1,1,0.080924,0.910395,0.008681
smids/Abnormal_Sperm/Abnormal_Sperm (761).bmp,0,1,1,0,0.973243,0.015386,0.011371
smids/Abnormal_Sperm/Abnormal_Sperm (762).bmp,0,1,1,0,0.646846,0.348791,0.004363
smids/Abnormal_Sperm/Abnormal_Sperm (766).bmp,0,1,1,0,0.786022,0.213064,0.000913
smids/Abnormal_Sperm/Abnormal_Sperm (771).bmp,0,1,1,1,0.002269,0.793884,0.203847
smids/Abnormal_Sperm/Abnormal_Sperm (772).bmp,0,1,1,1,0.101440,0.893914,0.004647
smids/Abnormal_Sperm/Abnormal_Sperm (776).bmp,0,1,1,1,0.014554,0.977419,0.008028
smids/Abnormal_Sperm/Abnormal_Sperm (78).bmp,0,1,1,1,0.058657,0.894913,0.046430
smids/Abnormal_Sperm/Abnormal_Sperm (781).bmp,0,1,1,0,0.599518,0.399698,0.000784
smids/Abnormal_Sperm/Abnormal_Sperm (786).bmp,0,1,1,0,0.710083,0.284564,0.005353
smids/Abnormal_Sperm/Abnormal_Sperm (795).bmp,0,1,1,0,0.964466,0.035365,0.000169
smids/Abnormal_Sperm/Abnormal_Sperm (796).bmp,0,1,1,1,0.093014,0.906352,0.000634
smids/Abnormal_Sperm/Abnormal_Sperm (799).bmp,0,1,1,1,0.120991,0.876062,0.002946
smids/Abnormal_Sperm/Abnormal_Sperm (804).bmp,0,1,1,1,0.025058,0.972009,0.002933
smids/Abnormal_Sperm/Abnormal_Sperm (807).bmp,0,1,1,1,0.106977,0.892161,0.000862
smids/Abnormal_Sperm/Abnormal_Sperm (81).bmp,0,1,1,1,0.113311,0.875513,0.011176
smids/Abnormal_Sperm/Abnormal_Sperm (813).bmp,0,1,1,0,0.802338,0.195108,0.002555
smids/Abnormal_Sperm/Abnormal_Sperm (824).bmp,0,1,1,1,0.181439,0.779055,0.039506
smids/Abnormal_Sperm/Abnormal_Sperm (825).bmp,0,1,1,0,0.613395,0.384176,0.002428
smids/Abnormal_Sperm/Abnormal_Sperm (827).bmp,0,1,1,1,0.109867,0.883191,0.006941
smids/Abnormal_Sperm/Abnormal_Sperm (829).bmp,0,1,1,1,0.002711,0.955842,0.041447
smids/Abnormal_Sperm/Abnormal_Sperm (845).bmp,0,1,1,1,0.102132,0.895901,0.001967
smids/Abnormal_Sperm/Abnormal_Sperm (861).bmp,0,1,1,0,0.849278,0.150150,0.000572
smids/Abnormal_Sperm/Abnormal_Sperm (866).bmp,0,1,1,1,0.427102,0.572603,0.000295
smids/Abnormal_Sperm/Abnormal_Sperm (87).bmp,0,1,1,1,0.001774,0.989584,0.008642
smids/Abnormal_Sperm/Abnormal_Sperm (871).bmp,0,1,1,1,0.047002,0.932763,0.020235
smids/Abnormal_Sperm/Abnormal_Sperm (880).bmp,0,1,1,1,0.306230,0.689858,0.003912
smids/Abnormal_Sperm/Abnormal_Sperm (882).bmp,0,1,1,1,0.402980,0.596533,0.000487
smids/Abnormal_Sperm/Abnormal_Sperm (896).bmp,0,1,1,0,0.882577,0.115930,0.001493
smids/Abnormal_Sperm/Abnormal_Sperm (897).bmp,0,1,1,0,0.934743,0.064654,0.000603
smids/Abnormal_Sperm/Abnormal_Sperm (899).bmp,0,1,1,0,0.792972,0.206507,0.000521
smids/Abnormal_Sperm/Abnormal_Sperm (910).bmp,0,1,1,0,0.567696,0.183678,0.248626
smids/Abnormal_Sperm/Abnormal_Sperm (912).bmp,0,1,1,1,0.057730,0.933217,0.009053
smids/Abnormal_Sperm/Abnormal_Sperm (914).bmp,0,1,1,1,0.294885,0.704015,0.001101
smids/Abnormal_Sperm/Abnormal_Sperm (92).bmp,0,1,1,1,0.000574,0.929727,0.069699
smids/Abnormal_Sperm/Abnormal_Sperm (927).bmp,0,1,1,1,0.098692,0.885474,0.015834
smids/Abnormal_Sperm/Abnormal_Sperm (928).bmp,0,1,1,1,0.238717,0.759558,0.001724
smids/Abnormal_Sperm/Abnormal_Sperm (932).bmp,0,1,1,1,0.053255,0.920534,0.026211
smids/Abnormal_Sperm/Abnormal_Sperm (933).bmp,0,1,1,0,0.945370,0.054618,0.000012
smids/Abnormal_Sperm/Abnormal_Sperm (938).bmp,0,1,1,1,0.015917,0.918647,0.065436
smids/Abnormal_Sperm/Abnormal_Sperm (939).bmp,0,1,1,2,0.315637,0.231289,0.453074
smids/Abnormal_Sperm/Abnormal_Sperm (941).bmp,0,1,1,1,0.139420,0.854206,0.006374
smids/Abnormal_Sperm/Abnormal_Sperm (949).bmp,0,1,1,1,0.007568,0.979037,0.013395
smids/Abnormal_Sperm/Abnormal_Sperm (952).bmp,0,1,1,1,0.220286,0.778107,0.001607
smids/Abnormal_Sperm/Abnormal_Sperm (959).bmp,0,1,1,1,0.356054,0.630797,0.013149
smids/Abnormal_Sperm/Abnormal_Sperm (963).bmp,0,1,1,1,0.005249,0.981708,0.013043
smids/Abnormal_Sperm/Abnormal_Sperm (966).bmp,0,1,1,1,0.001256,0.565657,0.433088
smids/Abnormal_Sperm/Abnormal_Sperm (968).bmp,0,1,1,1,0.015563,0.981877,0.002560
smids/Abnormal_Sperm/Abnormal_Sperm (970).bmp,0,1,1,1,0.018821,0.973263,0.007916
smids/Abnormal_Sperm/Abnormal_Sperm (972).bmp,0,1,1,1,0.004199,0.735124,0.260677
smids/Abnormal_Sperm/Abnormal_Sperm (977).bmp,0,1,1,1,0.128447,0.868057,0.003497
smids/Abnormal_Sperm/Abnormal_Sperm (984).bmp,0,1,1,1,0.031922,0.946182,0.021896
smids/Abnormal_Sperm/Abnormal_Sperm (986).bmp,0,1,1,1,0.001137,0.827849,0.171014
smids/Abnormal_Sperm/Abnormal_Sperm (988).bmp,0,1,1,1,0.016153,0.956295,0.027552
smids/Abnormal_Sperm/Abnormal_Sperm (996).bmp,0,1,1,1,0.000188,0.606884,0.392928
smids/Non-Sperm/Non-Sperm (1).bmp,0,1,2,2,0.000030,0.181337,0.818633
smids/Non-Sperm/Non-Sperm (100).bmp,0,1,2,2,0.000047,0.000297,0.999656
smids/Non-Sperm/Non-Sperm (102).bmp,0,1,2,2,0.000055,0.000608,0.999338
smids/Non-Sperm/Non-Sperm (103).bmp,0,1,2,2,0.000000,0.000042,0.999957
smids/Non-Sperm/Non-Sperm (112).bmp,0,1,2,2,0.000267,0.001772,0.997962
smids/Non-Sperm/Non-Sperm (124).bmp,0,1,2,2,0.000005,0.000040,0.999954
smids/Non-Sperm/Non-Sperm (125).bmp,0,1,2,2,0.000021,0.001197,0.998782
smids/Non-Sperm/Non-Sperm (126).bmp,0,1,2,2,0.000157,0.000678,0.999165
smids/Non-Sperm/Non-Sperm (129).bmp,0,1,2,2,0.155398,0.237740,0.606863
smids/Non-Sperm/Non-Sperm (136).bmp,0,1,2,2,0.000005,0.000061,0.999934
smids/Non-Sperm/Non-Sperm (142).bmp,0,1,2,2,0.000004,0.000110,0.999886
smids/Non-Sperm/Non-Sperm (146).bmp,0,1,2,2,0.000001,0.000727,0.999271
smids/Non-Sperm/Non-Sperm (147).bmp,0,1,2,2,0.000011,0.000043,0.999947
smids/Non-Sperm/Non-Sperm (15).bmp,0,1,2,2,0.000056,0.004349,0.995595
smids/Non-Sperm/Non-Sperm (165).bmp,0,1,2,2,0.000022,0.002321,0.997657
smids/Non-Sperm/Non-Sperm (169).bmp,0,1,2,2,0.000008,0.000245,0.999747
smids/Non-Sperm/Non-Sperm (182).bmp,0,1,2,2,0.000027,0.003642,0.996331
smids/Non-Sperm/Non-Sperm (19).bmp,0,1,2,2,0.000829,0.004995,0.994176
smids/Non-Sperm/Non-Sperm (191).bmp,0,1,2,1,0.012239,0.682466,0.305294
smids/Non-Sperm/Non-Sperm (192).bmp,0,1,2,2,0.012794,0.064202,0.923004
smids/Non-Sperm/Non-Sperm (198).bmp,0,1,2,2,0.000008,0.000515,0.999477
smids/Non-Sperm/Non-Sperm (199).bmp,0,1,2,2,0.000035,0.000249,0.999716
smids/Non-Sperm/Non-Sperm (202).bmp,0,1,2,2,0.000003,0.000034,0.999963
smids/Non-Sperm/Non-Sperm (208).bmp,0,1,2,2,0.000076,0.015870,0.984054
smids/Non-Sperm/Non-Sperm (210).bmp,0,1,2,2,0.000000,0.000004,0.999996
smids/Non-Sperm/Non-Sperm (211).bmp,0,1,2,2,0.000000,0.000006,0.999994
smids/Non-Sperm/Non-Sperm (214).bmp,0,1,2,2,0.000000,0.000652,0.999348
smids/Non-Sperm/Non-Sperm (215).bmp,0,1,2,2,0.000019,0.001783,0.998198
smids/Non-Sperm/Non-Sperm (216).bmp,0,1,2,2,0.000264,0.000225,0.999511
smids/Non-Sperm/Non-Sperm (228).bmp,0,1,2,2,0.000057,0.000475,0.999468
smids/Non-Sperm/Non-Sperm (234).bmp,0,1,2,2,0.000001,0.000026,0.999973
smids/Non-Sperm/Non-Sperm (237).bmp,0,1,2,2,0.007323,0.005255,0.987422
smids/Non-Sperm/Non-Sperm (240).bmp,0,1,2,2,0.000009,0.000328,0.999663
smids/Non-Sperm/Non-Sperm (247).bmp,0,1,2,2,0.000001,0.000029,0.999969
smids/Non-Sperm/Non-Sperm (254).bmp,0,1,2,2,0.001405,0.016058,0.982537
smids/Non-Sperm/Non-Sperm (259).bmp,0,1,2,2,0.000003,0.000778,0.999219
smids/Non-Sperm/Non-Sperm (264).bmp,0,1,2,2,0.000060,0.001075,0.998864
smids/Non-Sperm/Non-Sperm (268).bmp,0,1,2,2,0.000008,0.000414,0.999578
smids/Non-Sperm/Non-Sperm (27).bmp,0,1,2,2,0.020917,0.015321,0.963762
smids/Non-Sperm/Non-Sperm (274).bmp,0,1,2,2,0.000067,0.010330,0.989603
smids/Non-Sperm/Non-Sperm (277).bmp,0,1,2,2,0.000006,0.000155,0.999839
smids/Non-Sperm/Non-Sperm (28).bmp,0,1,2,1,0.000223,0.875612,0.124165
smids/Non-Sperm/Non-Sperm (287).bmp,0,1,2,2,0.002572,0.004985,0.992444
smids/Non-Sperm/Non-Sperm (29).bmp,0,1,2,2,0.000086,0.012322,0.987591
smids/Non-Sperm/Non-Sperm (291).bmp,0,1,2,2,0.003059,0.004207,0.992734
smids/Non-Sperm/Non-Sperm (298).bmp,0,1,2,2,0.000057,0.000920,0.999023
smids/Non-Sperm/Non-Sperm (321).bmp,0,1,2,2,0.000281,0.001564,0.998155
smids/Non-Sperm/Non-Sperm (323).bmp,0,1,2,2,0.009415,0.051494,0.939091
smids/Non-Sperm/Non-Sperm (326).bmp,0,1,2,0,0.537336,0.082981,0.379683
smids/Non-Sperm/Non-Sperm (332).bmp,0,1,2,2,0.025471,0.048676,0.925853
smids/Non-Sperm/Non-Sperm (336).bmp,0,1,2,2,0.001616,0.002452,0.995932
smids/Non-Sperm/Non-Sperm (340).bmp,0,1,2,2,0.027655,0.034090,0.938255
smids/Non-Sperm/Non-Sperm (353).bmp,0,1,2,2,0.269012,0.166757,0.564232
smids/Non-Sperm/Non-Sperm (355).bmp,0,1,2,1,0.016242,0.734304,0.249454
smids/Non-Sperm/Non-Sperm (359).bmp,0,1,2,2,0.000004,0.000263,0.999733
smids/Non-Sperm/Non-Sperm (361).bmp,0,1,2,2,0.000429,0.025371,0.974200
smids/Non-Sperm/Non-Sperm (362).bmp,0,1,2,2,0.000000,0.000165,0.999834
smids/Non-Sperm/Non-Sperm (364).bmp,0,1,2,2,0.000069,0.000514,0.999418
smids/Non-Sperm/Non-Sperm (366).bmp,0,1,2,2,0.000298,0.007385,0.992317
smids/Non-Sperm/Non-Sperm (367).bmp,0,1,2,2,0.006808,0.004723,0.988468
smids/Non-Sperm/Non-Sperm (369).bmp,0,1,2,2,0.040632,0.023068,0.936299
smids/Non-Sperm/Non-Sperm (370).bmp,0,1,2,2,0.001013,0.209740,0.789247
smids/Non-Sperm/Non-Sperm (371).bmp,0,1,2,2,0.000011,0.000101,0.999888
smids/Non-Sperm/Non-Sperm (374).bmp,0,1,2,2,0.000319,0.055153,0.944529
smids/Non-Sperm/Non-Sperm (378).bmp,0,1,2,2,0.001850,0.004409,0.993740
smids/Non-Sperm/Non-Sperm (380).bmp,0,1,2,2,0.000797,0.008657,0.990546
smids/Non-Sperm/Non-Sperm (385).bmp,0,1,2,2,0.000206,0.036554,0.963240
smids/Non-Sperm/Non-Sperm (39).bmp,0,1,2,2,0.003243,0.101621,0.895135
smids/Non-Sperm/Non-Sperm (391).bmp,0,1,2,2,0.092851,0.246744,0.660405
smids/Non-Sperm/Non-Sperm (398).bmp,0,1,2,0,0.806351,0.060664,0.132985
smids/Non-Sperm/Non-Sperm (401).bmp,0,1,2,2,0.002286,0.002352,0.995362
smids/Non-Sperm/Non-Sperm (403).bmp,0,1,2,0,0.539492,0.028465,0.432043
smids/Non-Sperm/Non-Sperm (412).bmp,0,1,2,0,0.666051,0.059031,0.274918
smids/Non-Sperm/Non-Sperm (426).bmp,0,1,2,2,0.000753,0.025173,0.974074
smids/Non-Sperm/Non-Sperm (434).bmp,0,1,2,2,0.000406,0.062935,0.936659
smids/Non-Sperm/Non-Sperm (438).bmp,0,1,2,2,0.001273,0.002757,0.995971
smids/Non-Sperm/Non-Sperm (439).bmp,0,1,2,2,0.000026,0.000455,0.999519
smids/Non-Sperm/Non-Sperm (448).bmp,0,1,2,2,0.000005,0.000151,0.999844
smids/Non-Sperm/Non-Sperm (453).bmp,0,1,2,2,0.000264,0.004041,0.995695
smids/Non-Sperm/Non-Sperm (454).bmp,0,1,2,2,0.000000,0.000256,0.999744
smids/Non-Sperm/Non-Sperm (459).bmp,0,1,2,2,0.000086,0.004965,0.994949
smids/Non-Sperm/Non-Sperm (470).bmp,0,1,2,2,0.000001,0.000500,0.999499
smids/Non-Sperm/Non-Sperm (472).bmp,0,1,2,2,0.033332,0.406651,0.560018
smids/Non-Sperm/Non-Sperm (474).bmp,0,1,2,2,0.000016,0.001383,0.998601
smids/Non-Sperm/Non-Sperm (48).bmp,0,1,2,2,0.000167,0.131762,0.868071
smids/Non-Sperm/Non-Sperm (480).bmp,0,1,2,2,0.000156,0.000324,0.999521
smids/Non-Sperm/Non-Sperm (484).bmp,0,1,2,2,0.000076,0.000685,0.999240
smids/Non-Sperm/Non-Sperm (485).bmp,0,1,2,2,0.013336,0.068562,0.918101
smids/Non-Sperm/Non-Sperm (493).bmp,0,1,2,2,0.000021,0.010038,0.989941
smids/Non-Sperm/Non-Sperm (497).bmp,0,1,2,2,0.001473,0.013867,0.984660
smids/Non-Sperm/Non-Sperm (50).bmp,0,1,2,2,0.000000,0.001774,0.998225
smids/Non-Sperm/Non-Sperm (502).bmp,0,1,2,2,0.003143,0.001044,0.995814
smids/Non-Sperm/Non-Sperm (507).bmp,0,1,2,2,0.014213,0.004792,0.980995
smids/Non-Sperm/Non-Sperm (512).bmp,0,1,2,2,0.000009,0.000107,0.999884
smids/Non-Sperm/Non-Sperm (524).bmp,0,1,2,2,0.001471,0.058675,0.939854
smids/Non-Sperm/Non-Sperm (527).bmp,0,1,2,2,0.001147,0.005086,0.993767
smids/Non-Sperm/Non-Sperm (534).bmp,0,1,2,2,0.009995,0.002580,0.987425
smids/Non-Sperm/Non-Sperm (536).bmp,0,1,2,2,0.008497,0.050616,0.940887
smids/Non-Sperm/Non-Sperm (537).bmp,0,1,2,2,0.000005,0.000233,0.999762
smids/Non-Sperm/Non-Sperm (539).bmp,0,1,2,2,0.044238,0.026623,0.929138
smids/Non-Sperm/Non-Sperm (540).bmp,0,1,2,2,0.003017,0.015767,0.981216
smids/Non-Sperm/Non-Sperm (543).bmp,0,1,2,0,0.462763,0.427747,0.109490
smids/Non-Sperm/Non-Sperm (546).bmp,0,1,2,2,0.000018,0.001271,0.998710
smids/Non-Sperm/Non-Sperm (551).bmp,0,1,2,2,0.000001,0.000130,0.999869
smids/Non-Sperm/Non-Sperm (56).bmp,0,1,2,1,0.001321,0.554954,0.443726
smids/Non-Sperm/Non-Sperm (560).bmp,0,1,2,2,0.000004,0.000042,0.999954
smids/Non-Sperm/Non-Sperm (561).bmp,0,1,2,2,0.000001,0.000025,0.999973
smids/Non-Sperm/Non-Sperm (582).bmp,0,1,2,2,0.000015,0.000524,0.999461
smids/Non-Sperm/Non-Sperm (583).bmp,0,1,2,2,0.000610,0.355144,0.644246
smids/Non-Sperm/Non-Sperm (589).bmp,0,1,2,2,0.000046,0.032690,0.967264
smids/Non-Sperm/Non-Sperm (590).bmp,0,1,2,2,0.000049,0.001351,0.998600
smids/Non-Sperm/Non-Sperm (599).bmp,0,1,2,2,0.000002,0.000918,0.999080
smids/Non-Sperm/Non-Sperm (604).bmp,0,1,2,2,0.000558,0.001713,0.997729
smids/Non-Sperm/Non-Sperm (605).bmp,0,1,2,2,0.000012,0.001016,0.998972
smids/Non-Sperm/Non-Sperm (608).bmp,0,1,2,2,0.000043,0.004546,0.995411
smids/Non-Sperm/Non-Sperm (613).bmp,0,1,2,2,0.000057,0.003386,0.996557
smids/Non-Sperm/Non-Sperm (615).bmp,0,1,2,2,0.000059,0.020410,0.979532
smids/Non-Sperm/Non-Sperm (623).bmp,0,1,2,2,0.000203,0.001802,0.997994
smids/Non-Sperm/Non-Sperm (628).bmp,0,1,2,2,0.000658,0.005489,0.993853
smids/Non-Sperm/Non-Sperm (632).bmp,0,1,2,2,0.007578,0.345642,0.646780
smids/Non-Sperm/Non-Sperm (636).bmp,0,1,2,2,0.000410,0.000733,0.998858
smids/Non-Sperm/Non-Sperm (642).bmp,0,1,2,2,0.000034,0.000193,0.999772
smids/Non-Sperm/Non-Sperm (643).bmp,0,1,2,2,0.000089,0.000607,0.999304
smids/Non-Sperm/Non-Sperm (658).bmp,0,1,2,2,0.000001,0.000504,0.999495
smids/Non-Sperm/Non-Sperm (669).bmp,0,1,2,2,0.001880,0.090676,0.907443
smids/Non-Sperm/Non-Sperm (670).bmp,0,1,2,2,0.120390,0.081454,0.798156
smids/Non-Sperm/Non-Sperm (68).bmp,0,1,2,2,0.000360,0.002623,0.997017
smids/Non-Sperm/Non-Sperm (684).bmp,0,1,2,2,0.000078,0.018710,0.981212
smids/Non-Sperm/Non-Sperm (689).bmp,0,1,2,2,0.027363,0.117062,0.855575
smids/Non-Sperm/Non-Sperm (692).bmp,0,1,2,2,0.000365,0.022311,0.977324
smids/Non-Sperm/Non-Sperm (696).bmp,0,1,2,2,0.000591,0.029112,0.970297
smids/Non-Sperm/Non-Sperm (698).bmp,0,1,2,2,0.000026,0.000885,0.999088
smids/Non-Sperm/Non-Sperm (699).bmp,0,1,2,2,0.000112,0.000965,0.998923
smids/Non-Sperm/Non-Sperm (704).bmp,0,1,2,2,0.001755,0.004018,0.994228
smids/Non-Sperm/Non-Sperm (709).bmp,0,1,2,2,0.001073,0.029047,0.969880
smids/Non-Sperm/Non-Sperm (71).bmp,0,1,2,2,0.030368,0.336575,0.633056
smids/Non-Sperm/Non-Sperm (715).bmp,0,1,2,2,0.000004,0.000223,0.999773
smids/Non-Sperm/Non-Sperm (717).bmp,0,1,2,2,0.000246,0.001092,0.998663
smids/Non-Sperm/Non-Sperm (722).bmp,0,1,2,2,0.000532,0.036213,0.963255
smids/Non-Sperm/Non-Sperm (734).bmp,0,1,2,2,0.000013,0.000126,0.999862
smids/Non-Sperm/Non-Sperm (737).bmp,0,1,2,2,0.003741,0.010750,0.985510
smids/Non-Sperm/Non-Sperm (751).bmp,0,1,2,2,0.000003,0.000368,0.999629
smids/Non-Sperm/Non-Sperm (753).bmp,0,1,2,0,0.730884,0.118991,0.150125
smids/Non-Sperm/Non-Sperm (755).bmp,0,1,2,2,0.000385,0.082413,0.917202
smids/Non-Sperm/Non-Sperm (759).bmp,0,1,2,2,0.000001,0.000011,0.999989
smids/Non-Sperm/Non-Sperm (761).bmp,0,1,2,2,0.001210,0.062650,0.936140
smids/Non-Sperm/Non-Sperm (763).bmp,0,1,2,2,0.000002,0.000336,0.999662
smids/Non-Sperm/Non-Sperm (766).bmp,0,1,2,2,0.000874,0.005783,0.993343
smids/Non-Sperm/Non-Sperm (774).bmp,0,1,2,2,0.000041,0.000382,0.999577
smids/Non-Sperm/Non-Sperm (78).bmp,0,1,2,2,0.002389,0.003149,0.994462
smids/Non-Sperm/Non-Sperm (786).bmp,0,1,2,2,0.004162,0.002764,0.993073
smids/Non-Sperm/Non-Sperm (788).bmp,0,1,2,2,0.000839,0.000511,0.998650
smids/Non-Sperm/Non-Sperm (789).bmp,0,1,2,2,0.000129,0.000870,0.999001
smids/Non-Sperm/Non-Sperm (790).bmp,0,1,2,2,0.000816,0.001279,0.997905
smids/Non-Sperm/Non-Sperm (793).bmp,0,1,2,2,0.000031,0.000774,0.999195
smids/Non-Sperm/Non-Sperm (794).bmp,0,1,2,2,0.000012,0.002268,0.997719
smids/Non-Sperm/Non-Sperm (796).bmp,0,1,2,2,0.010548,0.056295,0.933157
smids/Non-Sperm/Non-Sperm (797).bmp,0,1,2,2,0.000373,0.003531,0.996096
smids/Non-Sperm/Non-Sperm (8).bmp,0,1,2,2,0.000270,0.055841,0.943889
smids/Non-Sperm/Non-Sperm (800).bmp,0,1,2,2,0.000526,0.000846,0.998628
smids/Non-Sperm/Non-Sperm (803).bmp,0,1,2,2,0.001557,0.034841,0.963602
smids/Non-Sperm/Non-Sperm (816).bmp,0,1,2,2,0.001438,0.006565,0.991996
smids/Non-Sperm/Non-Sperm (818).bmp,0,1,2,2,0.000007,0.000197,0.999795
smids/Non-Sperm/Non-Sperm (82).bmp,0,1,2,2,0.000042,0.000193,0.999765
smids/Non-Sperm/Non-Sperm (820).bmp,0,1,2,2,0.000576,0.002089,0.997335
smids/Non-Sperm/Non-Sperm (824).bmp,0,1,2,2,0.001382,0.002971,0.995647
smids/Non-Sperm/Non-Sperm (825).bmp,0,1,2,2,0.160353,0.223848,0.615799
smids/Non-Sperm/Non-Sperm (827).bmp,0,1,2,2,0.000059,0.011634,0.988307
smids/Non-Sperm/Non-Sperm (831).bmp,0,1,2,2,0.000010,0.002594,0.997396
smids/Non-Sperm/Non-Sperm (832).bmp,0,1,2,2,0.000016,0.002350,0.997634
smids/Non-Sperm/Non-Sperm (85).bmp,0,1,2,2,0.048571,0.011440,0.939989
smids/Non-Sperm/Non-Sperm (850).bmp,0,1,2,2,0.001085,0.007959,0.990956
smids/Non-Sperm/Non-Sperm (871).bmp,0,1,2,2,0.000223,0.001785,0.997991
smids/Non-Sperm/Non-Sperm (872).bmp,0,1,2,2,0.041199,0.106075,0.852725
smids/Non-Sperm/Non-Sperm (873).bmp,0,1,2,2,0.028122,0.011363,0.960515
smids/Non-Sperm/Non-Sperm (877).bmp,0,1,2,2,0.000030,0.002783,0.997187
smids/Non-Sperm/Non-Sperm (889).bmp,0,1,2,2,0.000009,0.000127,0.999863
smids/Non-Sperm/Non-Sperm (893).bmp,0,1,2,2,0.000256,0.015589,0.984154
smids/Non-Sperm/Non-Sperm (895).bmp,0,1,2,2,0.001716,0.427885,0.570399
smids/Non-Sperm/Non-Sperm (897).bmp,0,1,2,2,0.001709,0.181225,0.817066
smids/Non-Sperm/Non-Sperm (899).bmp,0,1,2,2,0.010958,0.085407,0.903635
smids/Non-Sperm/Non-Sperm (907).bmp,0,1,2,1,0.009155,0.745564,0.245281
smids/Non-Sperm/Non-Sperm (917).bmp,0,1,2,2,0.001374,0.032046,0.966580
smids/Non-Sperm/Non-Sperm (919).bmp,0,1,2,2,0.002861,0.004764,0.992376
smids/Non-Sperm/Non-Sperm (92).bmp,0,1,2,2,0.000161,0.004060,0.995778
smids/Non-Sperm/Non-Sperm (921).bmp,0,1,2,2,0.000620,0.007271,0.992109
smids/Non-Sperm/Non-Sperm (927).bmp,0,1,2,2,0.005333,0.005451,0.989216
smids/Non-Sperm/Non-Sperm (936).bmp,0,1,2,2,0.005758,0.001405,0.992838
smids/Non-Sperm/Non-Sperm (939).bmp,0,1,2,2,0.001178,0.001559,0.997263
smids/Non-Sperm/Non-Sperm (94).bmp,0,1,2,2,0.000016,0.002157,0.997827
smids/Non-Sperm/Non-Sperm (950).bmp,0,1,2,1,0.105838,0.824334,0.069828
smids/Non-Sperm/Non-Sperm (958).bmp,0,1,2,2,0.000008,0.001831,0.998161
smids/Non-Sperm/Non-Sperm (96).bmp,0,1,2,2,0.000001,0.000760,0.999239
smids/Non-Sperm/Non-Sperm (968).bmp,0,1,2,2,0.000052,0.000644,0.999305
smids/Non-Sperm/Non-Sperm (973).bmp,0,1,2,2,0.001081,0.066618,0.932300
smids/Normal_Sperm/Normal_Sperm (1010).bmp,0,1,0,0,0.983448,0.015641,0.000911
smids/Normal_Sperm/Normal_Sperm (1012).bmp,0,1,0,0,0.822502,0.171930,0.005568
smids/Normal_Sperm/Normal_Sperm (1013).bmp,0,1,0,1,0.214103,0.736299,0.049598
smids/Normal_Sperm/Normal_Sperm (1014).bmp,0,1,0,1,0.135586,0.856803,0.007611
smids/Normal_Sperm/Normal_Sperm (1015).bmp,0,1,0,0,0.906675,0.093149,0.000176
smids/Normal_Sperm/Normal_Sperm (1021).bmp,0,1,0,0,0.969457,0.025626,0.004916
smids/Normal_Sperm/Normal_Sperm (110).bmp,0,1,0,2,0.336709,0.311844,0.351448
smids/Normal_Sperm/Normal_Sperm (111).bmp,0,1,0,0,0.503340,0.436742,0.059917
smids/Normal_Sperm/Normal_Sperm (112).bmp,0,1,0,0,0.919689,0.079835,0.000477
smids/Normal_Sperm/Normal_Sperm (117).bmp,0,1,0,0,0.887701,0.111703,0.000596
smids/Normal_Sperm/Normal_Sperm (121).bmp,0,1,0,0,0.943423,0.056508,0.000069
smids/Normal_Sperm/Normal_Sperm (122).bmp,0,1,0,1,0.046709,0.888653,0.064638
smids/Normal_Sperm/Normal_Sperm (128).bmp,0,1,0,0,0.936156,0.061612,0.002232
smids/Normal_Sperm/Normal_Sperm (131).bmp,0,1,0,0,0.615092,0.209522,0.175385
smids/Normal_Sperm/Normal_Sperm (133).bmp,0,1,0,2,0.005543,0.260402,0.734055
smids/Normal_Sperm/Normal_Sperm (137).bmp,0,1,0,1,0.487811,0.510200,0.001989
smids/Normal_Sperm/Normal_Sperm (139).bmp,0,1,0,0,0.784446,0.213358,0.002196
smids/Normal_Sperm/Normal_Sperm (141).bmp,0,1,0,0,0.630150,0.350658,0.019192
smids/Normal_Sperm/Normal_Sperm (148).bmp,0,1,0,0,0.831138,0.167956,0.000906
smids/Normal_Sperm/Normal_Sperm (149).bmp,0,1,0,0,0.968917,0.030702,0.000381
smids/Normal_Sperm/Normal_Sperm (153).bmp,0,1,0,0,0.501597,0.453023,0.045380
smids/Normal_Sperm/Normal_Sperm (154).bmp,0,1,0,0,0.928701,0.065141,0.006158
smids/Normal_Sperm/Normal_Sperm (164).bmp,0,1,0,0,0.959760,0.039407,0.000833
smids/Normal_Sperm/Normal_Sperm (180).bmp,0,1,0,0,0.949271,0.050334,0.000395
smids/Normal_Sperm/Normal_Sperm (181).bmp,0,1,0,0,0.850910,0.148869,0.000221
smids/Normal_Sperm/Normal_Sperm (183).bmp,0,1,0,0,0.883580,0.116077,0.000343
smids/Normal_Sperm/Normal_Sperm (187).bmp,0,1,0,0,0.899886,0.098793,0.001320
smids/Normal_Sperm/Normal_Sperm (188).bmp,0,1,0,2,0.256687,0.080050,0.663262
smids/Normal_Sperm/Normal_Sperm (189).bmp,0,1,0,0,0.916856,0.062563,0.020581
smids/Normal_Sperm/Normal_Sperm (190).bmp,0,1,0,0,0.894522,0.105274,0.000204
smids/Normal_Sperm/Normal_Sperm (192).bmp,0,1,0,0,0.662477,0.335535,0.001987
smids/Normal_Sperm/Normal_Sperm (196).bmp,0,1,0,0,0.915965,0.083920,0.000115
smids/Normal_Sperm/Normal_Sperm (197).bmp,0,1,0,0,0.985951,0.013944,0.000105
smids/Normal_Sperm/Normal_Sperm (199).bmp,0,1,0,0,0.988238,0.008513,0.003249
smids/Normal_Sperm/Normal_Sperm (20).bmp,0,1,0,0,0.803727,0.048144,0.148129
smids/Normal_Sperm/Normal_Sperm (210).bmp,0,1,0,0,0.988456,0.010857,0.000686
smids/Normal_Sperm/Normal_Sperm (215).bmp,0,1,0,1,0.235931,0.755600,0.008469
smids/Normal_Sperm/Normal_Sperm (218).bmp,0,1,0,0,0.972591,0.026041,0.001368
smids/Normal_Sperm/Normal_Sperm (22).bmp,0,1,0,0,0.898968,0.096045,0.004987
smids/Normal_Sperm/Normal_Sperm (222).bmp,0,1,0,0,0.798339,0.171448,0.030213
smids/Normal_Sperm/Normal_Sperm (227).bmp,0,1,0,0,0.959511,0.039564,0.000925
smids/Normal_Sperm/Normal_Sperm (231).bmp,0,1,0,0,0.745713,0.253981,0.000306
smids/Normal_Sperm/Normal_Sperm (243).bmp,0,1,0,0,0.945597,0.054334,0.000069
smids/Normal_Sperm/Normal_Sperm (246).bmp,0,1,0,0,0.896494,0.102770,0.000736
smids/Normal_Sperm/Normal_Sperm (247).bmp,0,1,0,0,0.840745,0.153448,0.005807
smids/Normal_Sperm/Normal_Sperm (248).bmp,0,1,0,0,0.928884,0.068711,0.002404
smids/Normal_Sperm/Normal_Sperm (253).bmp,0,1,0,0,0.960546,0.039346,0.000108
smids/Normal_Sperm/Normal_Sperm (254).bmp,0,1,0,0,0.993946,0.005523,0.000531
smids/Normal_Sperm/Normal_Sperm (256).bmp,0,1,0,0,0.888384,0.111225,0.000392
smids/Normal_Sperm/Normal_Sperm (258).bmp,0,1,0,0,0.917719,0.082138,0.000143
smids/Normal_Sperm/Normal_Sperm (26).bmp,0,1,0,0,0.973743,0.024358,0.001898
smids/Normal_Sperm/Normal_Sperm (262).bmp,0,1,0,0,0.892951,0.106906,0.000143
smids/Normal_Sperm/Normal_Sperm (267).bmp,0,1,0,0,0.876380,0.121376,0.002245
smids/Normal_Sperm/Normal_Sperm (276).bmp,0,1,0,0,0.955822,0.044045,0.000133
smids/Normal_Sperm/Normal_Sperm (278).bmp,0,1,0,0,0.874080,0.125614,0.000305
smids/Normal_Sperm/Normal_Sperm (279).bmp,0,1,0,0,0.865243,0.129046,0.005711
smids/Normal_Sperm/Normal_Sperm (283).bmp,0,1,0,0,0.953121,0.046796,0.000083
smids/Normal_Sperm/Normal_Sperm (286).bmp,0,1,0,1,0.373973,0.612364,0.013663
smids/Normal_Sperm/Normal_Sperm (290).bmp,0,1,0,0,0.975878,0.023977,0.000146
smids/Normal_Sperm/Normal_Sperm (292).bmp,0,1,0,0,0.755834,0.240402,0.003764
smids/Normal_Sperm/Normal_Sperm (30).bmp,0,1,0,0,0.984108,0.015726,0.000166
smids/Normal_Sperm/Normal_Sperm (304).bmp,0,1,0,0,0.926287,0.073123,0.000590
smids/Normal_Sperm/Normal_Sperm (306).bmp,0,1,0,0,0.960105,0.039840,0.000055
smids/Normal_Sperm/Normal_Sperm (307).bmp,0,1,0,0,0.937427,0.062298,0.000275
smids/Normal_Sperm/Normal_Sperm (308).bmp,0,1,0,0,0.870633,0.124132,0.005235
smids/Normal_Sperm/Normal_Sperm (311).bmp,0,1,0,0,0.982897,0.016902,0.000201
smids/Normal_Sperm/Normal_Sperm (32).bmp,0,1,0,0,0.981348,0.017539,0.001113
smids/Normal_Sperm/Normal_Sperm (328).bmp,0,1,0,0,0.717602,0.281517,0.000882
smids/Normal_Sperm/Normal_Sperm (330).bmp,0,1,0,0,0.863857,0.135828,0.000315
smids/Normal_Sperm/Normal_Sperm (332).bmp,0,1,0,0,0.967462,0.032389,0.000149
smids/Normal_Sperm/Normal_Sperm (34).bmp,0,1,0,0,0.824523,0.051606,0.123871
smids/Normal_Sperm/Normal_Sperm (340).bmp,0,1,0,0,0.994859,0.005123,0.000018
smids/Normal_Sperm/Normal_Sperm (35).bmp,0,1,0,0,0.795347,0.048743,0.155911
smids/Normal_Sperm/Normal_Sperm (351).bmp,0,1,0,2,0.295670,0.351035,0.353295
smids/Normal_Sperm/Normal_Sperm (352).bmp,0,1,0,0,0.675231,0.311905,0.012864
smids/Normal_Sperm/Normal_Sperm (353).bmp,0,1,0,0,0.842767,0.157125,0.000108
smids/Normal_Sperm/Normal_Sperm (361).bmp,0,1,0,0,0.990097,0.009868,0.000035
smids/Normal_Sperm/Normal_Sperm (363).bmp,0,1,0,0,0.903140,0.086961,0.009898
smids/Normal_Sperm/Normal_Sperm (366).bmp,0,1,0,0,0.948154,0.051804,0.000042
smids/Normal_Sperm/Normal_Sperm (374).bmp,0,1,0,0,0.943918,0.056072,0.000010
smids/Normal_Sperm/Normal_Sperm (375).bmp,0,1,0,0,0.989791,0.010131,0.000079
smids/Normal_Sperm/Normal_Sperm (377).bmp,0,1,0,0,0.969847,0.017759,0.012394
smids/Normal_Sperm/Normal_Sperm (386).bmp,0,1,0,0,0.978054,0.021412,0.000533
smids/Normal_Sperm/Normal_Sperm (387).bmp,0,1,0,0,0.895348,0.102353,0.002299
smids/Normal_Sperm/Normal_Sperm (393).bmp,0,1,0,0,0.938407,0.060868,0.000725
smids/Normal_Sperm/Normal_Sperm (400).bmp,0,1,0,0,0.941911,0.057850,0.000238
smids/Normal_Sperm/Normal_Sperm (410).bmp,0,1,0,0,0.987225,0.012540,0.000235
smids/Normal_Sperm/Normal_Sperm (413).bmp,0,1,0,0,0.805189,0.193797,0.001013
smids/Normal_Sperm/Normal_Sperm (422).bmp,0,1,0,0,0.956037,0.043900,0.000062
smids/Normal_Sperm/Normal_Sperm (425).bmp,0,1,0,0,0.968954,0.031023,0.000023
smids/Normal_Sperm/Normal_Sperm (434).bmp,0,1,0,0,0.987863,0.007424,0.004713
smids/Normal_Sperm/Normal_Sperm (437).bmp,0,1,0,0,0.919898,0.079321,0.000781
smids/Normal_Sperm/Normal_Sperm (444).bmp,0,1,0,0,0.916075,0.083457,0.000468
smids/Normal_Sperm/Normal_Sperm (445).bmp,0,1,0,0,0.945837,0.053940,0.000224
smids/Normal_Sperm/Normal_Sperm (458).bmp,0,1,0,0,0.866364,0.131647,0.001988
smids/Normal_Sperm/Normal_Sperm (459).bmp,0,1,0,0,0.963234,0.035921,0.000845
smids/Normal_Sperm/Normal_Sperm (466).bmp,0,1,0,0,0.912139,0.087105,0.000756
smids/Normal_Sperm/Normal_Sperm (478).bmp,0,1,0,0,0.874781,0.123825,0.001394
smids/Normal_Sperm/Normal_Sperm (479).bmp,0,1,0,0,0.886155,0.113281,0.000565
smids/Normal_Sperm/Normal_Sperm (488).bmp,0,1,0,1,0.155684,0.833722,0.010594
smids/Normal_Sperm/Normal_Sperm (499).bmp,0,1,0,0,0.931882,0.067988,0.000130
smids/Normal_Sperm/Normal_Sperm (505).bmp,0,1,0,0,0.990082,0.009901,0.000017
smids/Normal_Sperm/Normal_Sperm (507).bmp,0,1,0,0,0.932879,0.067033,0.000088
smids/Normal_Sperm/Normal_Sperm (515).bmp,0,1,0,0,0.938236,0.061620,0.000143
smids/Normal_Sperm/Normal_Sperm (52).bmp,0,1,0,0,0.499997,0.456805,0.043198
smids/Normal_Sperm/Normal_Sperm (520).bmp,0,1,0,0,0.978082,0.021854,0.000065
smids/Normal_Sperm/Normal_Sperm (527).bmp,0,1,0,0,0.960254,0.039734,0.000011
smids/Normal_Sperm/Normal_Sperm (532).bmp,0,1,0,0,0.546561,0.451817,0.001622
smids/Normal_Sperm/Normal_Sperm (543).bmp,0,1,0,0,0.806326,0.193184,0.000490
smids/Normal_Sperm/Normal_Sperm (544).bmp,0,1,0,0,0.945186,0.054650,0.000164
smids/Normal_Sperm/Normal_Sperm (548).bmp,0,1,0,0,0.960803,0.038319,0.000877
smids/Normal_Sperm/Normal_Sperm (550).bmp,0,1,0,0,0.945261,0.054363,0.000375
smids/Normal_Sperm/Normal_Sperm (557).bmp,0,1,0,0,0.933536,0.065876,0.000588
smids/Normal_Sperm/Normal_Sperm (560).bmp,0,1,0,0,0.978333,0.021596,0.000070
smids/Normal_Sperm/Normal_Sperm (564).bmp,0,1,0,0,0.965352,0.034618,0.000031
smids/Normal_Sperm/Normal_Sperm (565).bmp,0,1,0,0,0.912567,0.086799,0.000633
smids/Normal_Sperm/Normal_Sperm (566).bmp,0,1,0,0,0.988537,0.011437,0.000026
smids/Normal_Sperm/Normal_Sperm (57).bmp,0,1,0,0,0.994472,0.005519,0.000009
smids/Normal_Sperm/Normal_Sperm (573).bmp,0,1,0,0,0.870352,0.128843,0.000805
smids/Normal_Sperm/Normal_Sperm (575).bmp,0,1,0,0,0.959269,0.040690,0.000042
smids/Normal_Sperm/Normal_Sperm (58).bmp,0,1,0,1,0.171735,0.437969,0.390296
smids/Normal_Sperm/Normal_Sperm (591).bmp,0,1,0,0,0.972450,0.027504,0.000046
smids/Normal_Sperm/Normal_Sperm (595).bmp,0,1,0,0,0.970538,0.029137,0.000325
smids/Normal_Sperm/Normal_Sperm (60).bmp,0,1,0,0,0.970448,0.019990,0.009562
smids/Normal_Sperm/Normal_Sperm (604).bmp,0,1,0,1,0.167954,0.821217,0.010829
smids/Normal_Sperm/Normal_Sperm (630).bmp,0,1,0,0,0.946317,0.053665,0.000018
smids/Normal_Sperm/Normal_Sperm (636).bmp,0,1,0,0,0.949403,0.049980,0.000617
smids/Normal_Sperm/Normal_Sperm (637).bmp,0,1,0,0,0.881752,0.116252,0.001996
smids/Normal_Sperm/Normal_Sperm (648).bmp,0,1,0,0,0.982582,0.017339,0.000079
smids/Normal_Sperm/Normal_Sperm (660).bmp,0,1,0,0,0.878662,0.120874,0.000464
smids/Normal_Sperm/Normal_Sperm (662).bmp,0,1,0,0,0.924589,0.062572,0.012840
smids/Normal_Sperm/Normal_Sperm (669).bmp,0,1,0,0,0.993987,0.006008,0.000005
smids/Normal_Sperm/Normal_Sperm (678).bmp,0,1,0,0,0.981702,0.018159,0.000139
smids/Normal_Sperm/Normal_Sperm (686).bmp,0,1,0,0,0.953280,0.046540,0.000180
smids/Normal_Sperm/Normal_Sperm (69).bmp,0,1,0,1,0.027108,0.972800,0.000092
smids/Normal_Sperm/Normal_Sperm (692).bmp,0,1,0,0,0.984592,0.015406,0.000002
smids/Normal_Sperm/Normal_Sperm (7).bmp,0,1,0,0,0.978771,0.021200,0.000029
smids/Normal_Sperm/Normal_Sperm (704).bmp,0,1,0,0,0.977204,0.021629,0.001167
smids/Normal_Sperm/Normal_Sperm (712).bmp,0,1,0,0,0.990318,0.009610,0.000072
smids/Normal_Sperm/Normal_Sperm (718).bmp,0,1,0,0,0.948147,0.050852,0.001001
smids/Normal_Sperm/Normal_Sperm (719).bmp,0,1,0,0,0.991008,0.008388,0.000604
smids/Normal_Sperm/Normal_Sperm (721).bmp,0,1,0,0,0.955777,0.044072,0.000151
smids/Normal_Sperm/Normal_Sperm (722).bmp,0,1,0,0,0.994238,0.005661,0.000101
smids/Normal_Sperm/Normal_Sperm (738).bmp,0,1,0,0,0.980451,0.019311,0.000237
smids/Normal_Sperm/Normal_Sperm (749).bmp,0,1,0,0,0.993113,0.006614,0.000274
smids/Normal_Sperm/Normal_Sperm (750).bmp,0,1,0,0,0.848531,0.117085,0.034384
smids/Normal_Sperm/Normal_Sperm (757).bmp,0,1,0,0,0.989742,0.010154,0.000104
smids/Normal_Sperm/Normal_Sperm (759).bmp,0,1,0,0,0.979573,0.020231,0.000196
smids/Normal_Sperm/Normal_Sperm (771).bmp,0,1,0,2,0.104445,0.061464,0.834091
smids/Normal_Sperm/Normal_Sperm (772).bmp,0,1,0,0,0.991199,0.008540,0.000261
smids/Normal_Sperm/Normal_Sperm (775).bmp,0,1,0,0,0.981475,0.018390,0.000135
smids/Normal_Sperm/Normal_Sperm (786).bmp,0,1,0,0,0.948899,0.050940,0.000161
smids/Normal_Sperm/Normal_Sperm (788).bmp,0,1,0,0,0.871465,0.119521,0.009014
smids/Normal_Sperm/Normal_Sperm (792).bmp,0,1,0,0,0.922661,0.076920,0.000419
smids/Normal_Sperm/Normal_Sperm (793).bmp,0,1,0,0,0.857892,0.139401,0.002708
smids/Normal_Sperm/Normal_Sperm (800).bmp,0,1,0,0,0.944391,0.054655,0.000953
smids/Normal_Sperm/Normal_Sperm (820).bmp,0,1,0,0,0.985792,0.013942,0.000267
smids/Normal_Sperm/Normal_Sperm (822).bmp,0,1,0,0,0.975116,0.020628,0.004256
smids/Normal_Sperm/Normal_Sperm (823).bmp,0,1,0,0,0.908418,0.057618,0.033963
smids/Normal_Sperm/Normal_Sperm (827).bmp,0,1,0,0,0.948325,0.048706,0.002970
smids/Normal_Sperm/Normal_Sperm (829).bmp,0,1,0,0,0.986447,0.013540,0.000013
smids/Normal_Sperm/Normal_Sperm (840).bmp,0,1,0,0,0.753316,0.245219,0.001465
smids/Normal_Sperm/Normal_Sperm (841).bmp,0,1,0,0,0.991782,0.008183,0.000035
smids/Normal_Sperm/Normal_Sperm (842).bmp,0,1,0,0,0.949490,0.050485,0.000025
smids/Normal_Sperm/Normal_Sperm (847).bmp,0,1,0,0,0.918405,0.081331,0.000265
smids/Normal_Sperm/Normal_Sperm (849).bmp,0,1,0,0,0.971836,0.028142,0.000022
smids/Normal_Sperm/Normal_Sperm (858).bmp,0,1,0,0,0.957967,0.038626,0.003408
smids/Normal_Sperm/Normal_Sperm (862).bmp,0,1,0,0,0.968028,0.031926,0.000047
smids/Normal_Sperm/Normal_Sperm (864).bmp,0,1,0,0,0.906789,0.084418,0.008793
smids/Normal_Sperm/Normal_Sperm (865).bmp,0,1,0,0,0.975648,0.022437,0.001915
smids/Normal_Sperm/Normal_Sperm (874).bmp,0,1,0,2,0.444916,0.091494,0.463589
smids/Normal_Sperm/Normal_Sperm (886).bmp,0,1,0,1,0.181378,0.814692,0.003930
smids/Normal_Sperm/Normal_Sperm (887).bmp,0,1,0,0,0.965778,0.034203,0.000019
smids/Normal_Sperm/Normal_Sperm (888).bmp,0,1,0,0,0.957029,0.042914,0.000056
smids/Normal_Sperm/Normal_Sperm (890).bmp,0,1,0,1,0.188839,0.810067,0.001094
smids/Normal_Sperm/Normal_Sperm (891).bmp,0,1,0,0,0.684158,0.314650,0.001192
smids/Normal_Sperm/Normal_Sperm (893).bmp,0,1,0,1,0.002352,0.988998,0.008649
smids/Normal_Sperm/Normal_Sperm (898).bmp,0,1,0,0,0.952055,0.047939,0.000006
smids/Normal_Sperm/Normal_Sperm (9).bmp,0,1,0,0,0.827819,0.021668,0.150513
smids/Normal_Sperm/Normal_Sperm (902).bmp,0,1,0,0,0.995007,0.004930,0.000063
smids/Normal_Sperm/Normal_Sperm (910).bmp,0,1,0,1,0.468079,0.531790,0.000132
smids/Normal_Sperm/Normal_Sperm (911).bmp,0,1,0,0,0.958271,0.041484,0.000245
smids/Normal_Sperm/Normal_Sperm (919).bmp,0,1,0,1,0.156629,0.812247,0.031124
smids/Normal_Sperm/Normal_Sperm (923).bmp,0,1,0,0,0.758528,0.241436,0.000036
smids/Normal_Sperm/Normal_Sperm (926).bmp,0,1,0,1,0.128631,0.871216,0.000154
smids/Normal_Sperm/Normal_Sperm (934).bmp,0,1,0,1,0.096787,0.902935,0.000278
smids/Normal_Sperm/Normal_Sperm (947).bmp,0,1,0,1,0.174541,0.814058,0.011402
smids/Normal_Sperm/Normal_Sperm (95).bmp,0,1,0,0,0.888998,0.108542,0.002460
smids/Normal_Sperm/Normal_Sperm (951).bmp,0,1,0,0,0.727489,0.272473,0.000038
smids/Normal_Sperm/Normal_Sperm (953).bmp,0,1,0,0,0.630642,0.366946,0.002412
smids/Normal_Sperm/Normal_Sperm (966).bmp,0,1,0,0,0.983923,0.016075,0.000002
smids/Normal_Sperm/Normal_Sperm (968).bmp,0,1,0,1,0.123347,0.874354,0.002299
smids/Normal_Sperm/Normal_Sperm (969).bmp,0,1,0,1,0.003800,0.799465,0.196736
smids/Normal_Sperm/Normal_Sperm (97).bmp,0,1,0,0,0.957925,0.040070,0.002005
smids/Normal_Sperm/Normal_Sperm (970).bmp,0,1,0,0,0.809713,0.190026,0.000262
smids/Normal_Sperm/Normal_Sperm (984).bmp,0,1,0,0,0.766300,0.200927,0.032774
smids/Normal_Sperm/Normal_Sperm (986).bmp,0,1,0,0,0.683277,0.307765,0.008958
smids/Normal_Sperm/Normal_Sperm (987).bmp,0,1,0,0,0.854134,0.145531,0.000335
smids/Normal_Sperm/Normal_Sperm (990).bmp,0,1,0,0,0.971295,0.028689,0.000016
smids/Normal_Sperm/Normal_Sperm (994).bmp,0,1,0,2,0.019727,0.269109,0.711165
smids/Normal_Sperm/Normal_Sperm (996).bmp,0,1,0,0,0.967974,0.032008,0.000017
smids/Abnormal_Sperm/Abnormal_Sperm (1005).bmp,0,2,1,1,0.055579,0.939548,0.004873
smids/Abnormal_Sperm/Abnormal_Sperm (108).bmp,0,2,1,1,0.092985,0.905655,0.001360
smids/Abnormal_Sperm/Abnormal_Sperm (114).bmp,0,2,1,1,0.002527,0.993495,0.003978
smids/Abnormal_Sperm/Abnormal_Sperm (117).bmp,0,2,1,1,0.015110,0.967879,0.017011
smids/Abnormal_Sperm/Abnormal_Sperm (122).bmp,0,2,1,1,0.216388,0.783544,0.000068
smids/Abnormal_Sperm/Abnormal_Sperm (126).bmp,0,2,1,1,0.012494,0.983872,0.003634
smids/Abnormal_Sperm/Abnormal_Sperm (129).bmp,0,2,1,1,0.044464,0.953036,0.002500
smids/Abnormal_Sperm/Abnormal_Sperm (131).bmp,0,2,1,1,0.003374,0.986629,0.009997
smids/Abnormal_Sperm/Abnormal_Sperm (134).bmp,0,2,1,1,0.030277,0.966883,0.002840
smids/Abnormal_Sperm/Abnormal_Sperm (137).bmp,0,2,1,1,0.011223,0.987032,0.001746
smids/Abnormal_Sperm/Abnormal_Sperm (15).bmp,0,2,1,1,0.303565,0.692679,0.003757
smids/Abnormal_Sperm/Abnormal_Sperm (155).bmp,0,2,1,1,0.058577,0.938236,0.003186
smids/Abnormal_Sperm/Abnormal_Sperm (156).bmp,0,2,1,1,0.038703,0.953955,0.007342
smids/Abnormal_Sperm/Abnormal_Sperm (157).bmp,0,2,1,1,0.028898,0.959190,0.011912
smids/Abnormal_Sperm/Abnormal_Sperm (16).bmp,0,2,1,1,0.087602,0.911987,0.000411
smids/Abnormal_Sperm/Abnormal_Sperm (160).bmp,0,2,1,1,0.001775,0.967609,0.030617
smids/Abnormal_Sperm/Abnormal_Sperm (161).bmp,0,2,1,1,0.019913,0.972124,0.007963
smids/Abnormal_Sperm/Abnormal_Sperm (169).bmp,0,2,1,1,0.173805,0.825611,0.000584
smids/Abnormal_Sperm/Abnormal_Sperm (177).bmp,0,2,1,1,0.001318,0.703385,0.295297
smids/Abnormal_Sperm/Abnormal_Sperm (180).bmp,0,2,1,1,0.018769,0.936184,0.045046
smids/Abnormal_Sperm/Abnormal_Sperm (181).bmp,0,2,1,1,0.001174,0.941945,0.056881
smids/Abnormal_Sperm/Abnormal_Sperm (183).bmp,0,2,1,1,0.130185,0.868775,0.001040
smids/Abnormal_Sperm/Abnormal_Sperm (190).bmp,0,2,1,1,0.003182,0.964704,0.032114
smids/Abnormal_Sperm/Abnormal_Sperm (191).bmp,0,2,1,1,0.459454,0.539255,0.001291
smids/Abnormal_Sperm/Abnormal_Sperm (196).bmp,0,2,1,1,0.061118,0.905098,0.033784
smids/Abnormal_Sperm/Abnormal_Sperm (198).bmp,0,2,1,1,0.008716,0.986949,0.004335
smids/Abnormal_Sperm/Abnormal_Sperm (202).bmp,0,2,1,1,0.006915,0.987585,0.005500
smids/Abnormal_Sperm/Abnormal_Sperm (215).bmp,0,2,1,1,0.003361,0.993205,0.003433
smids/Abnormal_Sperm/Abnormal_Sperm (219).bmp,0,2,1,1,0.143701,0.828499,0.027800
smids/Abnormal_Sperm/Abnormal_Sperm (220).bmp,0,2,1,1,0.084084,0.914921,0.000995
smids/Abnormal_Sperm/Abnormal_Sperm (223).bmp,0,2,1,2,0.004980,0.330791,0.664229
smids/Abnormal_Sperm/Abnormal_Sperm (225).bmp,0,2,1,1,0.033350,0.966324,0.000325
smids/Abnormal_Sperm/Abnormal_Sperm (238).bmp,0,2,1,1,0.010229,0.978768,0.011003
smids/Abnormal_Sperm/Abnormal_Sperm (245).bmp,0,2,1,1,0.006412,0.635549,0.358039
smids/Abnormal_Sperm/Abnormal_Sperm (247).bmp,0,2,1,2,0.005661,0.244112,0.750227
smids/Abnormal_Sperm/Abnormal_Sperm (249).bmp,0,2,1,2,0.004126,0.227632,0.768242
smids/Abnormal_Sperm/Abnormal_Sperm (251).bmp,0,2,1,1,0.026237,0.973521,0.000242
smids/Abnormal_Sperm/Abnormal_Sperm (263).bmp,0,2,1,1,0.004787,0.984055,0.011158
smids/Abnormal_Sperm/Abnormal_Sperm (267).bmp,0,2,1,1,0.114055,0.882044,0.003901
smids/Abnormal_Sperm/Abnormal_Sperm (269).bmp,0,2,1,1,0.016998,0.905176,0.077826
smids/Abnormal_Sperm/Abnormal_Sperm (277).bmp,0,2,1,1,0.013604,0.979960,0.006436
smids/Abnormal_Sperm/Abnormal_Sperm (282).bmp,0,2,1,1,0.014369,0.958057,0.027573
smids/Abnormal_Sperm/Abnormal_Sperm (284).bmp,0,2,1,1,0.011256,0.908267,0.080478
smids/Abnormal_Sperm/Abnormal_Sperm (287).bmp,0,2,1,1,0.015784,0.983015,0.001201
smids/Abnormal_Sperm/Abnormal_Sperm (296).bmp,0,2,1,1,0.009059,0.975600,0.015341
smids/Abnormal_Sperm/Abnormal_Sperm (301).bmp,0,2,1,1,0.105221,0.892200,0.002580
smids/Abnormal_Sperm/Abnormal_Sperm (302).bmp,0,2,1,1,0.003023,0.770189,0.226788
smids/Abnormal_Sperm/Abnormal_Sperm (308).bmp,0,2,1,1,0.325095,0.673373,0.001532
smids/Abnormal_Sperm/Abnormal_Sperm (312).bmp,0,2,1,2,0.015878,0.020701,0.963420
smids/Abnormal_Sperm/Abnormal_Sperm (317).bmp,0,2,1,1,0.020272,0.810320,0.169408
smids/Abnormal_Sperm/Abnormal_Sperm (323).bmp,0,2,1,1,0.055091,0.846100,0.098810
smids/Abnormal_Sperm/Abnormal_Sperm (327).bmp,0,2,1,1,0.002273,0.654279,0.343448
smids/Abnormal_Sperm/Abnormal_Sperm (328).bmp,0,2,1,1,0.008313,0.937159,0.054528
smids/Abnormal_Sperm/Abnormal_Sperm (331).bmp,0,2,1,1,0.003064,0.962231,0.034705
smids/Abnormal_Sperm/Abnormal_Sperm (336).bmp,0,2,1,1,0.038638,0.949816,0.011546
smids/Abnormal_Sperm/Abnormal_Sperm (339).bmp,0,2,1,1,0.199533,0.799687,0.000780
smids/Abnormal_Sperm/Abnormal_Sperm (353).bmp,0,2,1,1,0.018777,0.894355,0.086868
smids/Abnormal_Sperm/Abnormal_Sperm (355).bmp,0,2,1,1,0.059125,0.931691,0.009184
smids/Abnormal_Sperm/Abnormal_Sperm (363).bmp,0,2,1,1,0.007531,0.990953,0.001516
smids/Abnormal_Sperm/Abnormal_Sperm (366).bmp,0,2,1,1,0.225651,0.774101,0.000248
smids/Abnormal_Sperm/Abnormal_Sperm (369).bmp,0,2,1,1,0.026702,0.963629,0.009669
smids/Abnormal_Sperm/Abnormal_Sperm (372).bmp,0,2,1,1,0.011900,0.968724,0.019376
smids/Abnormal_Sperm/Abnormal_Sperm (374).bmp,0,2,1,1,0.004627,0.993554,0.001819
smids/Abnormal_Sperm/Abnormal_Sperm (375).bmp,0,2,1,0,0.805917,0.192939,0.001144
smids/Abnormal_Sperm/Abnormal_Sperm (381).bmp,0,2,1,1,0.016546,0.979807,0.003646
smids/Abnormal_Sperm/Abnormal_Sperm (384).bmp,0,2,1,1,0.200310,0.795039,0.004651
smids/Abnormal_Sperm/Abnormal_Sperm (389).bmp,0,2,1,1,0.039884,0.955870,0.004246
smids/Abnormal_Sperm/Abnormal_Sperm (39).bmp,0,2,1,1,0.012398,0.986394,0.001207
smids/Abnormal_Sperm/Abnormal_Sperm (390).bmp,0,2,1,1,0.136788,0.857319,0.005893
smids/Abnormal_Sperm/Abnormal_Sperm (392).bmp,0,2,1,1,0.016692,0.983300,0.000008
smids/Abnormal_Sperm/Abnormal_Sperm (393).bmp,0,2,1,1,0.009258,0.982840,0.007901
smids/Abnormal_Sperm/Abnormal_Sperm (395).bmp,0,2,1,1,0.026442,0.969130,0.004428
smids/Abnormal_Sperm/Abnormal_Sperm (398).bmp,0,2,1,1,0.027642,0.968725,0.003633
smids/Abnormal_Sperm/Abnormal_Sperm (402).bmp,0,2,1,1,0.001355,0.988980,0.009665
smids/Abnormal_Sperm/Abnormal_Sperm (404).bmp,0,2,1,1,0.040482,0.899976,0.059543
smids/Abnormal_Sperm/Abnormal_Sperm (409).bmp,0,2,1,1,0.126487,0.871168,0.002345
smids/Abnormal_Sperm/Abnormal_Sperm (410).bmp,0,2,1,1,0.037595,0.956947,0.005458
smids/Abnormal_Sperm/Abnormal_Sperm (412).bmp,0,2,1,1,0.096874,0.884211,0.018915
smids/Abnormal_Sperm/Abnormal_Sperm (413).bmp,0,2,1,1,0.005941,0.930236,0.063822
smids/Abnormal_Sperm/Abnormal_Sperm (414).bmp,0,2,1,1,0.300787,0.699035,0.000178
smids/Abnormal_Sperm/Abnormal_Sperm (415).bmp,0,2,1,1,0.071400,0.926090,0.002510
smids/Abnormal_Sperm/Abnormal_Sperm (418).bmp,0,2,1,1,0.000617,0.986820,0.012563
smids/Abnormal_Sperm/Abnormal_Sperm (425).bmp,0,2,1,1,0.402090,0.568935,0.028976
smids/Abnormal_Sperm/Abnormal_Sperm (428).bmp,0,2,1,2,0.000771,0.026693,0.972536
smids/Abnormal_Sperm/Abnormal_Sperm (434).bmp,0,2,1,1,0.060200,0.937624,0.002175
smids/Abnormal_Sperm/Abnormal_Sperm (439).bmp,0,2,1,1,0.071476,0.920326,0.008199
smids/Abnormal_Sperm/Abnormal_Sperm (446).bmp,0,2,1,1,0.046777,0.953090,0.000133
smids/Abnormal_Sperm/Abnormal_Sperm (449).bmp,0,2,1,1,0.007946,0.970402,0.021652
smids/Abnormal_Sperm/Abnormal_Sperm (455).bmp,0,2,1,1,0.025198,0.960440,0.014362
smids/Abnormal_Sperm/Abnormal_Sperm (461).bmp,0,2,1,1,0.001266,0.875141,0.123593
smids/Abnormal_Sperm/Abnormal_Sperm (472).bmp,0,2,1,1,0.006845,0.930088,0.063067
smids/Abnormal_Sperm/Abnormal_Sperm (475).bmp,0,2,1,1,0.002741,0.888784,0.108475
smids/Abnormal_Sperm/Abnormal_Sperm (480).bmp,0,2,1,0,0.589478,0.409528,0.000994
smids/Abnormal_Sperm/Abnormal_Sperm (489).bmp,0,2,1,1,0.039249,0.574738,0.386014
smids/Abnormal_Sperm/Abnormal_Sperm (494).bmp,0,2,1,1,0.013961,0.772046,0.213993
smids/Abnormal_Sperm/Abnormal_Sperm (503).bmp,0,2,1,2,0.002335,0.456434,0.541231
smids/Abnormal_Sperm/Abnormal_Sperm (504).bmp,0,2,1,1,0.011455,0.973574,0.014971
smids/Abnormal_Sperm/Abnormal_Sperm (507).bmp,0,2,1,1,0.007682,0.884151,0.108167
smids/Abnormal_Sperm/Abnormal_Sperm (509).bmp,0,2,1,2,0.005205,0.016649,0.978146
smids/Abnormal_Sperm/Abnormal_Sperm (515).bmp,0,2,1,1,0.038744,0.951045,0.010211
smids/Abnormal_Sperm/Abnormal_Sperm (517).bmp,0,2,1,1,0.116475,0.880053,0.003472
smids/Abnormal_Sperm/Abnormal_Sperm (528).bmp,0,2,1,1,0.061480,0.732536,0.205984
smids/Abnormal_Sperm/Abnormal_Sperm (534).bmp,0,2,1,1,0.026096,0.956001,0.017903
smids/Abnormal_Sperm/Abnormal_Sperm (539).bmp,0,2,1,1,0.097164,0.900645,0.002191
smids/Abnormal_Sperm/Abnormal_Sperm (541).bmp,0,2,1,1,0.011343,0.969588,0.019069
smids/Abnormal_Sperm/Abnormal_Sperm (547).bmp,0,2,1,1,0.438748,0.558305,0.002948
smids/Abnormal_Sperm/Abnormal_Sperm (550).bmp,0,2,1,1,0.027755,0.969546,0.002700
smids/Abnormal_Sperm/Abnormal_Sperm (553).bmp,0,2,1,0,0.931979,0.044383,0.023638
smids/Abnormal_Sperm/Abnormal_Sperm (560).bmp,0,2,1,1,0.410796,0.585579,0.003624
smids/Abnormal_Sperm/Abnormal_Sperm (564).bmp,0,2,1,1,0.045801,0.727681,0.226518
smids/Abnormal_Sperm/Abnormal_Sperm (567).bmp,0,2,1,1,0.049231,0.885104,0.065665
smids/Abnormal_Sperm/Abnormal_Sperm (573).bmp,0,2,1,2,0.047624,0.364815,0.587562
smids/Abnormal_Sperm/Abnormal_Sperm (576).bmp,0,2,1,2,0.008786,0.094041,0.897174
smids/Abnormal_Sperm/Abnormal_Sperm (579).bmp,0,2,1,1,0.012900,0.970189,0.016910
smids/Abnormal_Sperm/Abnormal_Sperm (582).bmp,0,2,1,1,0.007268,0.854325,0.138407
smids/Abnormal_Sperm/Abnormal_Sperm (587).bmp,0,2,1,2,0.028807,0.067140,0.904053
smids/Abnormal_Sperm/Abnormal_Sperm (596).bmp,0,2,1,1,0.035847,0.961328,0.002825
smids/Abnormal_Sperm/Abnormal_Sperm (6).bmp,0,2,1,1,0.032334,0.936473,0.031193
smids/Abnormal_Sperm/Abnormal_Sperm (607).bmp,0,2,1,0,0.758321,0.226856,0.014823
smids/Abnormal_Sperm/Abnormal_Sperm (61).bmp,0,2,1,1,0.001337,0.820794,0.177869
smids/Abnormal_Sperm/Abnormal_Sperm (62).bmp,0,2,1,1,0.054593,0.944069,0.001339
smids/Abnormal_Sperm/Abnormal_Sperm (625).bmp,0,2,1,0,0.856175,0.095615,0.048210
smids/Abnormal_Sperm/Abnormal_Sperm (628).bmp,0,2,1,1,0.072531,0.916111,0.011357
smids/Abnormal_Sperm/Abnormal_Sperm (629).bmp,0,2,1,1,0.089458,0.601737,0.308805
smids/Abnormal_Sperm/Abnormal_Sperm (63).bmp,0,2,1,1,0.069855,0.913697,0.016448
smids/Abnormal_Sperm/Abnormal_Sperm (649).bmp,0,2,1,1,0.172831,0.826489,0.000680
smids/Abnormal_Sperm/Abnormal_Sperm (651).bmp,0,2,1,1,0.437628,0.560723,0.001649
smids/Abnormal_Sperm/Abnormal_Sperm (66).bmp,0,2,1,1,0.011720,0.802004,0.186276
smids/Abnormal_Sperm/Abnormal_Sperm (661).bmp,0,2,1,1,0.070716,0.920184,0.009101
smids/Abnormal_Sperm/Abnormal_Sperm (668).bmp,0,2,1,1,0.034975,0.894875,0.070150
smids/Abnormal_Sperm/Abnormal_Sperm (671).bmp,0,2,1,1,0.125456,0.870564,0.003980
smids/Abnormal_Sperm/Abnormal_Sperm (683).bmp,0,2,1,0,0.905567,0.056040,0.038393
smids/Abnormal_Sperm/Abnormal_Sperm (691).bmp,0,2,1,1,0.127249,0.856871,0.015880
smids/Abnormal_Sperm/Abnormal_Sperm (695).bmp,0,2,1,1,0.021569,0.970682,0.007749
smids/Abnormal_Sperm/Abnormal_Sperm (717).bmp,0,2,1,1,0.495802,0.504044,0.000154
smids/Abnormal_Sperm/Abnormal_Sperm (719).bmp,0,2,1,1,0.091128,0.884684,0.024188
smids/Abnormal_Sperm/Abnormal_Sperm (733).bmp,0,2,1,1,0.208858,0.738696,0.052446
smids/Abnormal_Sperm/Abnormal_Sperm (736).bmp,0,2,1,1,0.123209,0.876563,0.000229
smids/Abnormal_Sperm/Abnormal_Sperm (742).bmp,0,2,1,0,0.719508,0.280089,0.000402
smids/Abnormal_Sperm/Abnormal_Sperm (748).bmp,0,2,1,1,0.131142,0.868337,0.000522
smids/Abnormal_Sperm/Abnormal_Sperm (754).bmp,0,2,1,0,0.518662,0.481206,0.000132
smids/Abnormal_Sperm/Abnormal_Sperm (76).bmp,0,2,1,2,0.076085,0.097556,0.826360
smids/Abnormal_Sperm/Abnormal_Sperm (764).bmp,0,2,1,0,0.682674,0.310492,0.006835
smids/Abnormal_Sperm/Abnormal_Sperm (765).bmp,0,2,1,1,0.027286,0.972409,0.000305
smids/Abnormal_Sperm/Abnormal_Sperm (767).bmp,0,2,1,1,0.123156,0.876588,0.000257
smids/Abnormal_Sperm/Abnormal_Sperm (77).bmp,0,2,1,1,0.008311,0.946667,0.045022
smids/Abnormal_Sperm/Abnormal_Sperm (770).bmp,0,2,1,0,0.724310,0.275192,0.000498
smids/Abnormal_Sperm/Abnormal_Sperm (775).bmp,0,2,1,1,0.102642,0.893357,0.004000
smids/Abnormal_Sperm/Abnormal_Sperm (785).bmp,0,2,1,1,0.354197,0.645091,0.000713
smids/Abnormal_Sperm/Abnormal_Sperm (789).bmp,0,2,1,1,0.069938,0.813195,0.116867
smids/Abnormal_Sperm/Abnormal_Sperm (793).bmp,0,2,1,1,0.108873,0.763037,0.128090
smids/Abnormal_Sperm/Abnormal_Sperm (794).bmp,0,2,1,1,0.064349,0.923464,0.012186
smids/Abnormal_Sperm/Abnormal_Sperm (801).bmp,0,2,1,1,0.254617,0.744874,0.000509
smids/Abnormal_Sperm/Abnormal_Sperm (802).bmp,0,2,1,1,0.127316,0.861590,0.011093
smids/Abnormal_Sperm/Abnormal_Sperm (803).bmp,0,2,1,0,0.883110,0.116774,0.000116
smids/Abnormal_Sperm/Abnormal_Sperm (812).bmp,0,2,1,0,0.735020,0.264943,0.000037
smids/Abnormal_Sperm/Abnormal_Sperm (823).bmp,0,2,1,1,0.221311,0.776873,0.001816
smids/Abnormal_Sperm/Abnormal_Sperm (830).bmp,0,2,1,1,0.407747,0.591901,0.000351
smids/Abnormal_Sperm/Abnormal_Sperm (831).bmp,0,2,1,1,0.363957,0.634848,0.001195
smids/Abnormal_Sperm/Abnormal_Sperm (834).bmp,0,2,1,0,0.941023,0.058913,0.000065
smids/Abnormal_Sperm/Abnormal_Sperm (839).bmp,0,2,1,0,0.982960,0.016980,0.000061
smids/Abnormal_Sperm/Abnormal_Sperm (84).bmp,0,2,1,1,0.023728,0.969934,0.006337
smids/Abnormal_Sperm/Abnormal_Sperm (840).bmp,0,2,1,1,0.019848,0.979348,0.000804
smids/Abnormal_Sperm/Abnormal_Sperm (843).bmp,0,2,1,0,0.542542,0.457376,0.000082
smids/Abnormal_Sperm/Abnormal_Sperm (847).bmp,0,2,1,1,0.434889,0.565076,0.000035
smids/Abnormal_Sperm/Abnormal_Sperm (852).bmp,0,2,1,0,0.965133,0.034766,0.000102
smids/Abnormal_Sperm/Abnormal_Sperm (855).bmp,0,2,1,1,0.178330,0.820983,0.000687
smids/Abnormal_Sperm/Abnormal_Sperm (858).bmp,0,2,1,0,0.795978,0.203871,0.000150
smids/Abnormal_Sperm/Abnormal_Sperm (865).bmp,0,2,1,1,0.491737,0.508210,0.000053
smids/Abnormal_Sperm/Abnormal_Sperm (873).bmp,0,2,1,1,0.164862,0.834269,0.000869
smids/Abnormal_Sperm/Abnormal_Sperm (874).bmp,0,2,1,1,0.155821,0.843779,0.000401
smids/Abnormal_Sperm/Abnormal_Sperm (876).bmp,0,2,1,1,0.300483,0.698899,0.000617
smids/Abnormal_Sperm/Abnormal_Sperm (877).bmp,0,2,1,1,0.185511,0.771129,0.043361
smids/Abnormal_Sperm/Abnormal_Sperm (88).bmp,0,2,1,1,0.003308,0.994279,0.002413
smids/Abnormal_Sperm/Abnormal_Sperm (883).bmp,0,2,1,1,0.160280,0.839384,0.000336
smids/Abnormal_Sperm/Abnormal_Sperm (884).bmp,0,2,1,1,0.309538,0.690243,0.000219
smids/Abnormal_Sperm/Abnormal_Sperm (885).bmp,0,2,1,1,0.271021,0.726336,0.002643
smids/Abnormal_Sperm/Abnormal_Sperm (888).bmp,0,2,1,0,0.956356,0.043621,0.000022
smids/Abnormal_Sperm/Abnormal_Sperm (894).bmp,0,2,1,1,0.278843,0.720791,0.000365
smids/Abnormal_Sperm/Abnormal_Sperm (904).bmp,0,2,1,1,0.009174,0.873777,0.117050
smids/Abnormal_Sperm/Abnormal_Sperm (906).bmp,0,2,1,1,0.363805,0.631208,0.004987
smids/Abnormal_Sperm/Abnormal_Sperm (913).bmp,0,2,1,1,0.005809,0.603714,0.390477
smids/Abnormal_Sperm/Abnormal_Sperm (915).bmp,0,2,1,2,0.280960,0.033803,0.685237
smids/Abnormal_Sperm/Abnormal_Sperm (922).bmp,0,2,1,0,0.627147,0.314190,0.058663
smids/Abnormal_Sperm/Abnormal_Sperm (929).bmp,0,2,1,1,0.047891,0.941929,0.010180
smids/Abnormal_Sperm/Abnormal_Sperm (94).bmp,0,2,1,2,0.002641,0.465614,0.531745
smids/Abnormal_Sperm/Abnormal_Sperm (943).bmp,0,2,1,1,0.403621,0.582761,0.013618
smids/Abnormal_Sperm/Abnormal_Sperm (946).bmp,0,2,1,1,0.471028,0.528440,0.000532
smids/Abnormal_Sperm/Abnormal_Sperm (947).bmp,0,2,1,1,0.245510,0.754274,0.000216
smids/Abnormal_Sperm/Abnormal_Sperm (950).bmp,0,2,1,0,0.740606,0.257932,0.001462
smids/Abnormal_Sperm/Abnormal_Sperm (96).bmp,0,2,1,1,0.002512,0.732370,0.265118
smids/Abnormal_Sperm/Abnormal_Sperm (978).bmp,0,2,1,1,0.003686,0.993531,0.002783
smids/Abnormal_Sperm/Abnormal_Sperm (979).bmp,0,2,1,1,0.008274,0.952773,0.038953
smids/Abnormal_Sperm/Abnormal_Sperm (991).bmp,0,2,1,1,0.019206,0.979035,0.001759
smids/Abnormal_Sperm/Abnormal_Sperm (997).bmp,0,2,1,1,0.027809,0.901452,0.070739
smids/Non-Sperm/Non-Sperm (10).bmp,0,2,2,2,0.000022,0.000551,0.999427
smids/Non-Sperm/Non-Sperm (107).bmp,0,2,2,2,0.000099,0.000600,0.999301
smids/Non-Sperm/Non-Sperm (122).bmp,0,2,2,2,0.000011,0.000003,0.999986
smids/Non-Sperm/Non-Sperm (130).bmp,0,2,2,2,0.000286,0.000118,0.999596
smids/Non-Sperm/Non-Sperm (134).bmp,0,2,2,2,0.000028,0.000023,0.999949
smids/Non-Sperm/Non-Sperm (14).bmp,0,2,2,2,0.002563,0.033511,0.963926
smids/Non-Sperm/Non-Sperm (140).bmp,0,2,2,2,0.000351,0.000076,0.999573
smids/Non-Sperm/Non-Sperm (141).bmp,0,2,2,2,0.000157,0.000022,0.999821
smids/Non-Sperm/Non-Sperm (143).bmp,0,2,2,2,0.001854,0.013426,0.984720
smids/Non-Sperm/Non-Sperm (150).bmp,0,2,2,2,0.000019,0.000015,0.999966
smids/Non-Sperm/Non-Sperm (159).bmp,0,2,2,2,0.000065,0.000043,0.999892
smids/Non-Sperm/Non-Sperm (16).bmp,0,2,2,2,0.000077,0.002952,0.996970
smids/Non-Sperm/Non-Sperm (160).bmp,0,2,2,2,0.002699,0.000747,0.996554
smids/Non-Sperm/Non-Sperm (168).bmp,0,2,2,2,0.000098,0.000153,0.999749
smids/Non-Sperm/Non-Sperm (171).bmp,0,2,2,2,0.010801,0.013011,0.976188
smids/Non-Sperm/Non-Sperm (172).bmp,0,2,2,2,0.000047,0.002123,0.997829
smids/Non-Sperm/Non-Sperm (183).bmp,0,2,2,2,0.000027,0.001294,0.998680
smids/Non-Sperm/Non-Sperm (184).bmp,0,2,2,2,0.014461,0.004014,0.981526
smids/Non-Sperm/Non-Sperm (188).bmp,0,2,2,2,0.000032,0.000581,0.999388
smids/Non-Sperm/Non-Sperm (207).bmp,0,2,2,2,0.000010,0.000238,0.999752
smids/Non-Sperm/Non-Sperm (219).bmp,0,2,2,2,0.000015,0.000232,0.999753
smids/Non-Sperm/Non-Sperm (223).bmp,0,2,2,2,0.000275,0.000136,0.999589
smids/Non-Sperm/Non-Sperm (225).bmp,0,2,2,2,0.001923,0.000960,0.997117
smids/Non-Sperm/Non-Sperm (227).bmp,0,2,2,2,0.000065,0.001452,0.998483
smids/Non-Sperm/Non-Sperm (229).bmp,0,2,2,2,0.000054,0.002102,0.997844
smids/Non-Sperm/Non-Sperm (230).bmp,0,2,2,2,0.001912,0.000974,0.997115
smids/Non-Sperm/Non-Sperm (238).bmp,0,2,2,2,0.000352,0.000111,0.999537
smids/Non-Sperm/Non-Sperm (239).bmp,0,2,2,2,0.000391,0.000300,0.999309
smids/Non-Sperm/Non-Sperm (24).bmp,0,2,2,1,0.004805,0.689760,0.305435
smids/Non-Sperm/Non-Sperm (242).bmp,0,2,2,2,0.000212,0.000265,0.999524
smids/Non-Sperm/Non-Sperm (244).bmp,0,2,2,2,0.000046,0.000404,0.999551
smids/Non-Sperm/Non-Sperm (249).bmp,0,2,2,2,0.000343,0.000311,0.999346
smids/Non-Sperm/Non-Sperm (25).bmp,0,2,2,1,0.006933,0.757655,0.235413
smids/Non-Sperm/Non-Sperm (252).bmp,0,2,2,2,0.000159,0.000439,0.999402
smids/Non-Sperm/Non-Sperm (255).bmp,0,2,2,2,0.000484,0.000056,0.999459
smids/Non-Sperm/Non-Sperm (258).bmp,0,2,2,2,0.000212,0.002508,0.997280
smids/Non-Sperm/Non-Sperm (260).bmp,0,2,2,2,0.000089,0.000974,0.998937
smids/Non-Sperm/Non-Sperm (263).bmp,0,2,2,2,0.000671,0.013472,0.985857
smids/Non-Sperm/Non-Sperm (265).bmp,0,2,2,2,0.000536,0.001202,0.998262
smids/Non-Sperm/Non-Sperm (266).bmp,0,2,2,2,0.000005,0.000135,0.999860
smids/Non-Sperm/Non-Sperm (270).bmp,0,2,2,2,0.000098,0.000035,0.999867
smids/Non-Sperm/Non-Sperm (272).bmp,0,2,2,2,0.005644,0.011185,0.983171
smids/Non-Sperm/Non-Sperm (275).bmp,0,2,2,2,0.000312,0.000383,0.999306
smids/Non-Sperm/Non-Sperm (279).bmp,0,2,2,2,0.000016,0.000013,0.999971
smids/Non-Sperm/Non-Sperm (280).bmp,0,2,2,2,0.000005,0.000065,0.999931
smids/Non-Sperm/Non-Sperm (285).bmp,0,2,2,2,0.000021,0.000198,0.999781
smids/Non-Sperm/Non-Sperm (288).bmp,0,2,2,2,0.000838,0.000236,0.998926
smids/Non-Sperm/Non-Sperm (300).bmp,0,2,2,2,0.000062,0.000052,0.999886
smids/Non-Sperm/Non-Sperm (301).bmp,0,2,2,2,0.000347,0.000127,0.999526
smids/Non-Sperm/Non-Sperm (305).bmp,0,2,2,2,0.000393,0.000148,0.999459
smids/Non-Sperm/Non-Sperm (31).bmp,0,2,2,2,0.000095,0.009648,0.990257
smids/Non-Sperm/Non-Sperm (310).bmp,0,2,2,2,0.000011,0.000276,0.999712
smids/Non-Sperm/Non-Sperm (313).bmp,0,2,2,2,0.186331,0.037123,0.776546
smids/Non-Sperm/Non-Sperm (316).bmp,0,2,2,2,0.000623,0.000321,0.999056
smids/Non-Sperm/Non-Sperm (32).bmp,0,2,2,2,0.000296,0.008583,0.991121
smids/Non-Sperm/Non-Sperm (320).bmp,0,2,2,2,0.001166,0.002718,0.996117
smids/Non-Sperm/Non-Sperm (325).bmp,0,2,2,2,0.000040,0.000030,0.999930
smids/Non-Sperm/Non-Sperm (327).bmp,0,2,2,0,0.606916,0.185694,0.207390
smids/Non-Sperm/Non-Sperm (328).bmp,0,2,2,2,0.000519,0.000194,0.999287
smids/Non-Sperm/Non-Sperm (331).bmp,0,2,2,2,0.000188,0.000858,0.998954
smids/Non-Sperm/Non-Sperm (335).bmp,0,2,2,2,0.183301,0.056756,0.759943
smids/Non-Sperm/Non-Sperm (339).bmp,0,2,2,2,0.003090,0.053447,0.943463
smids/Non-Sperm/Non-Sperm (34).bmp,0,2,2,2,0.005407,0.072314,0.922279
smids/Non-Sperm/Non-Sperm (342).bmp,0,2,2,2,0.016281,0.006480,0.977239
smids/Non-Sperm/Non-Sperm (346).bmp,0,2,2,2,0.000062,0.000098,0.999840
smids/Non-Sperm/Non-Sperm (349).bmp,0,2,2,2,0.000333,0.013547,0.986120
smids/Non-Sperm/Non-Sperm (357).bmp,0,2,2,2,0.114436,0.239270,0.646295
smids/Non-Sperm/Non-Sperm (37).bmp,0,2,2,2,0.000487,0.058074,0.941438
smids/Non-Sperm/Non-Sperm (373).bmp,0,2,2,2,0.000021,0.000044,0.999934
smids/Non-Sperm/Non-Sperm (375).bmp,0,2,2,2,0.000385,0.003512,0.996104
smids/Non-Sperm/Non-Sperm (376).bmp,0,2,2,2,0.011617,0.161957,0.826426
smids/Non-Sperm/Non-Sperm (382).bmp,0,2,2,2,0.033674,0.004468,0.961858
smids/Non-Sperm/Non-Sperm (387).bmp,0,2,2,2,0.000251,0.001079,0.998671
smids/Non-Sperm/Non-Sperm (390).bmp,0,2,2,2,0.000202,0.000274,0.999524
smids/Non-Sperm/Non-Sperm (4).bmp,0,2,2,1,0.000220,0.752797,0.246983
smids/Non-Sperm/Non-Sperm (407).bmp,0,2,2,2,0.000375,0.000568,0.999057
smids/Non-Sperm/Non-Sperm (41).bmp,0,2,2,2,0.000651,0.025292,0.974057
smids/Non-Sperm/Non-Sperm (414).bmp,0,2,2,2,0.006964,0.000554,0.992482
smids/Non-Sperm/Non-Sperm (415).bmp,0,2,2,2,0.330287,0.072844,0.596869
smids/Non-Sperm/Non-Sperm (421).bmp,0,2,2,2,0.000239,0.000216,0.999545
smids/Non-Sperm/Non-Sperm (429).bmp,0,2,2,2,0.000028,0.000010,0.999962
smids/Non-Sperm/Non-Sperm (43).bmp,0,2,2,2,0.001078,0.032867,0.966055
smids/Non-Sperm/Non-Sperm (432).bmp,0,2,2,2,0.000810,0.000319,0.998871
smids/Non-Sperm/Non-Sperm (436).bmp,0,2,2,2,0.000179,0.000083,0.999737
smids/Non-Sperm/Non-Sperm (440).bmp,0,2,2,2,0.016031,0.017679,0.966290
smids/Non-Sperm/Non-Sperm (441).bmp,0,2,2,2,0.000276,0.000187,0.999537
smids/Non-Sperm/Non-Sperm (442).bmp,0,2,2,2,0.000003,0.000008,0.999988
smids/Non-Sperm/Non-Sperm (45).bmp,0,2,2,2,0.000456,0.000122,0.999422
smids/Non-Sperm/Non-Sperm (463).bmp,0,2,2,1,0.167044,0.453792,0.379164
smids/Non-Sperm/Non-Sperm (464).bmp,0,2,2,2,0.000320,0.000651,0.999029
smids/Non-Sperm/Non-Sperm (465).bmp,0,2,2,2,0.000150,0.005268,0.994583
smids/Non-Sperm/Non-Sperm (466).bmp,0,2,2,2,0.003528,0.001592,0.994880
smids/Non-Sperm/Non-Sperm (467).bmp,0,2,2,2,0.000006,0.000095,0.999899
smids/Non-Sperm/Non-Sperm (473).bmp,0,2,2,2,0.000317,0.021334,0.978349
smids/Non-Sperm/Non-Sperm (475).bmp,0,2,2,2,0.000569,0.000107,0.999325
smids/Non-Sperm/Non-Sperm (477).bmp,0,2,2,2,0.000344,0.000185,0.999471
smids/Non-Sperm/Non-Sperm (479).bmp,0,2,2,2,0.000837,0.014931,0.984232
smids/Non-Sperm/Non-Sperm (482).bmp,0,2,2,2,0.000525,0.001115,0.998361
smids/Non-Sperm/Non-Sperm (489).bmp,0,2,2,2,0.000168,0.000625,0.999206
smids/Non-Sperm/Non-Sperm (491).bmp,0,2,2,2,0.000430,0.008206,0.991364
smids/Non-Sperm/Non-Sperm (495).bmp,0,2,2,2,0.000152,0.002851,0.996997
smids/Non-Sperm/Non-Sperm (503).bmp,0,2,2,2,0.000799,0.007507,0.991694
smids/Non-Sperm/Non-Sperm (506).bmp,0,2,2,2,0.000135,0.002136,0.997729
smids/Non-Sperm/Non-Sperm (510).bmp,0,2,2,2,0.000078,0.000091,0.999831
smids/Non-Sperm/Non-Sperm (513).bmp,0,2,2,2,0.139422,0.165842,0.694736
smids/Non-Sperm/Non-Sperm (514).bmp,0,2,2,2,0.000071,0.000044,0.999885
smids/Non-Sperm/Non-Sperm (515).bmp,0,2,2,2,0.000128,0.000142,0.999730
smids/Non-Sperm/Non-Sperm (519).bmp,0,2,2,2,0.005106,0.006751,0.988143
smids/Non-Sperm/Non-Sperm (52).bmp,0,2,2,2,0.000073,0.001211,0.998715
smids/Non-Sperm/Non-Sperm (520).bmp,0,2,2,2,0.000715,0.001382,0.997902
smids/Non-Sperm/Non-Sperm (526).bmp,0,2,2,2,0.019903,0.006464,0.973633
smids/Non-Sperm/Non-Sperm (528).bmp,0,2,2,2,0.002573,0.453664,0.543763
smids/Non-Sperm/Non-Sperm (531).bmp,0,2,2,2,0.228140,0.142879,0.628981
smids/Non-Sperm/Non-Sperm (535).bmp,0,2,2,1,0.268975,0.377788,0.353237
smids/Non-Sperm/Non-Sperm (549).bmp,0,2,2,2,0.000018,0.000256,0.999726
smids/Non-Sperm/Non-Sperm (554).bmp,0,2,2,2,0.000223,0.016240,0.983537
smids/Non-Sperm/Non-Sperm (555).bmp,0,2,2,2,0.002374,0.001171,0.996455
smids/Non-Sperm/Non-Sperm (558).bmp,0,2,2,2,0.000254,0.001499,0.998247
smids/Non-Sperm/Non-Sperm (559).bmp,0,2,2,2,0.000074,0.000340,0.999586
smids/Non-Sperm/Non-Sperm (567).bmp,0,2,2,2,0.001519,0.021564,0.976917
smids/Non-Sperm/Non-Sperm (577).bmp,0,2,2,2,0.000284,0.016949,0.982767
smids/Non-Sperm/Non-Sperm (578).bmp,0,2,2,2,0.120553,0.010429,0.869018
smids/Non-Sperm/Non-Sperm (584).bmp,0,2,2,2,0.006257,0.090241,0.903503
smids/Non-Sperm/Non-Sperm (606).bmp,0,2,2,2,0.000059,0.000783,0.999158
smids/Non-Sperm/Non-Sperm (617).bmp,0,2,2,2,0.001990,0.001049,0.996961
smids/Non-Sperm/Non-Sperm (619).bmp,0,2,2,2,0.003303,0.045316,0.951382
smids/Non-Sperm/Non-Sperm (631).bmp,0,2,2,2,0.000454,0.000131,0.999415
smids/Non-Sperm/Non-Sperm (649).bmp,0,2,2,2,0.000020,0.000017,0.999962
smids/Non-Sperm/Non-Sperm (653).bmp,0,2,2,2,0.005851,0.001593,0.992556
smids/Non-Sperm/Non-Sperm (659).bmp,0,2,2,2,0.000003,0.000123,0.999873
smids/Non-Sperm/Non-Sperm (662).bmp,0,2,2,2,0.000660,0.000320,0.999020
smids/Non-Sperm/Non-Sperm (665).bmp,0,2,2,2,0.000027,0.000054,0.999919
smids/Non-Sperm/Non-Sperm (672).bmp,0,2,2,2,0.000029,0.000014,0.999958
smids/Non-Sperm/Non-Sperm (673).bmp,0,2,2,2,0.000083,0.000061,0.999856
smids/Non-Sperm/Non-Sperm (675).bmp,0,2,2,2,0.000969,0.005776,0.993255
smids/Non-Sperm/Non-Sperm (679).bmp,0,2,2,2,0.007518,0.129298,0.863184
smids/Non-Sperm/Non-Sperm (688).bmp,0,2,2,2,0.001268,0.001015,0.997717
smids/Non-Sperm/Non-Sperm (691).bmp,0,2,2,2,0.015883,0.011006,0.973111
smids/Non-Sperm/Non-Sperm (695).bmp,0,2,2,2,0.021904,0.163346,0.814750
smids/Non-Sperm/Non-Sperm (700).bmp,0,2,2,2,0.000397,0.000104,0.999498
smids/Non-Sperm/Non-Sperm (721).bmp,0,2,2,2,0.000722,0.002414,0.996864
smids/Non-Sperm/Non-Sperm (739).bmp,0,2,2,2,0.000515,0.002133,0.997351
smids/Non-Sperm/Non-Sperm (74).bmp,0,2,2,2,0.005548,0.002061,0.992392
smids/Non-Sperm/Non-Sperm (743).bmp,0,2,2,2,0.001527,0.000304,0.998169
smids/Non-Sperm/Non-Sperm (744).bmp,0,2,2,2,0.000112,0.000322,0.999566
smids/Non-Sperm/Non-Sperm (773).bmp,0,2,2,2,0.000185,0.000163,0.999652
smids/Non-Sperm/Non-Sperm (775).bmp,0,2,2,2,0.001644,0.000581,0.997776
smids/Non-Sperm/Non-Sperm (778).bmp,0,2,2,2,0.020048,0.066576,0.913376
smids/Non-Sperm/Non-Sperm (779).bmp,0,2,2,2,0.004082,0.003663,0.992255
smids/Non-Sperm/Non-Sperm (780).bmp,0,2,2,2,0.000190,0.000088,0.999723
smids/Non-Sperm/Non-Sperm (791).bmp,0,2,2,2,0.000015,0.000148,0.999838
smids/Non-Sperm/Non-Sperm (795).bmp,0,2,2,2,0.058716,0.006556,0.934729
smids/Non-Sperm/Non-Sperm (798).bmp,0,2,2,2,0.006354,0.014464,0.979182
smids/Non-Sperm/Non-Sperm (799).bmp,0,2,2,2,0.001051,0.014515,0.984434
smids/Non-Sperm/Non-Sperm (80).bmp,0,2,2,2,0.000719,0.003123,0.996158
smids/Non-Sperm/Non-Sperm (806).bmp,0,2,2,2,0.000064,0.000909,0.999027
smids/Non-Sperm/Non-Sperm (810).bmp,0,2,2,2,0.000167,0.029439,0.970394
smids/Non-Sperm/Non-Sperm (812).bmp,0,2,2,2,0.000654,0.000417,0.998929
smids/Non-Sperm/Non-Sperm (821).bmp,0,2,2,2,0.000244,0.005147,0.994609
smids/Non-Sperm/Non-Sperm (829).bmp,0,2,2,2,0.000036,0.012544,0.987419
smids/Non-Sperm/Non-Sperm (833).bmp,0,2,2,2,0.022555,0.004659,0.972786
smids/Non-Sperm/Non-Sperm (837).bmp,0,2,2,2,0.000026,0.000392,0.999583
smids/Non-Sperm/Non-Sperm (839).bmp,0,2,2,2,0.000749,0.000105,0.999146
smids/Non-Sperm/Non-Sperm (841).bmp,0,2,2,2,0.030020,0.429659,0.540321
smids/Non-Sperm/Non-Sperm (842).bmp,0,2,2,2,0.000006,0.000048,0.999946
smids/Non-Sperm/Non-Sperm (843).bmp,0,2,2,2,0.000132,0.000024,0.999845
smids/Non-Sperm/Non-Sperm (846).bmp,0,2,2,2,0.040879,0.008820,0.950302
smids/Non-Sperm/Non-Sperm (851).bmp,0,2,2,2,0.002540,0.000916,0.996544
smids/Non-Sperm/Non-Sperm (853).bmp,0,2,2,2,0.000590,0.003577,0.995832
smids/Non-Sperm/Non-Sperm (857).bmp,0,2,2,2,0.001061,0.011203,0.987736
smids/Non-Sperm/Non-Sperm (865).bmp,0,2,2,2,0.004733,0.002887,0.992379
smids/Non-Sperm/Non-Sperm (869).bmp,0,2,2,2,0.000266,0.000233,0.999500
smids/Non-Sperm/Non-Sperm (87).bmp,0,2,2,2,0.008373,0.071999,0.919628
smids/Non-Sperm/Non-Sperm (874).bmp,0,2,2,2,0.000246,0.005596,0.994158
smids/Non-Sperm/Non-Sperm (89).bmp,0,2,2,2,0.000172,0.000062,0.999766
smids/Non-Sperm/Non-Sperm (896).bmp,0,2,2,2,0.004621,0.194259,0.801119
smids/Non-Sperm/Non-Sperm (9).bmp,0,2,2,2,0.000034,0.001880,0.998086
smids/Non-Sperm/Non-Sperm (901).bmp,0,2,2,2,0.016559,0.481133,0.502309
smids/Non-Sperm/Non-Sperm (906).bmp,0,2,2,2,0.240107,0.134335,0.625558
smids/Non-Sperm/Non-Sperm (912).bmp,0,2,2,1,0.003997,0.828690,0.167314
smids/Non-Sperm/Non-Sperm (913).bmp,0,2,2,2,0.000149,0.000363,0.999489
smids/Non-Sperm/Non-Sperm (914).bmp,0,2,2,2,0.000083,0.001869,0.998048
smids/Non-Sperm/Non-Sperm (923).bmp,0,2,2,2,0.000820,0.022626,0.976554
smids/Non-Sperm/Non-Sperm (925).bmp,0,2,2,2,0.000057,0.003590,0.996353
smids/Non-Sperm/Non-Sperm (929).bmp,0,2,2,2,0.301795,0.229786,0.468419
smids/Non-Sperm/Non-Sperm (933).bmp,0,2,2,2,0.310824,0.041595,0.647582
smids/Non-Sperm/Non-Sperm (934).bmp,0,2,2,2,0.000714,0.043210,0.956076
smids/Non-Sperm/Non-Sperm (941).bmp,0,2,2,2,0.004974,0.086274,0.908752
smids/Non-Sperm/Non-Sperm (944).bmp,0,2,2,1,0.068951,0.713827,0.217223
smids/Non-Sperm/Non-Sperm (947).bmp,0,2,2,2,0.001170,0.007146,0.991684
smids/Non-Sperm/Non-Sperm (951).bmp,0,2,2,1,0.101161,0.701621,0.197218
smids/Non-Sperm/Non-Sperm (953).bmp,0,2,2,1,0.029919,0.825143,0.144938
smids/Non-Sperm/Non-Sperm (956).bmp,0,2,2,2,0.000248,0.002309,0.997443
smids/Non-Sperm/Non-Sperm (99).bmp,0,2,2,2,0.000077,0.000047,0.999876
smids/Normal_Sperm/Normal_Sperm (100).bmp,0,2,0,0,0.995018,0.002358,0.002624
smids/Normal_Sperm/Normal_Sperm (1003).bmp,0,2,0,2,0.460526,0.039944,0.499530
smids/Normal_Sperm/Normal_Sperm (1006).bmp,0,2,0,0,0.797168,0.202489,0.000344
smids/Normal_Sperm/Normal_Sperm (1007).bmp,0,2,0,0,0.724515,0.273564,0.001921
smids/Normal_Sperm/Normal_Sperm (1009).bmp,0,2,0,0,0.790143,0.201818,0.008039
smids/Normal_Sperm/Normal_Sperm (1016).bmp,0,2,0,0,0.937804,0.058642,0.003554
smids/Normal_Sperm/Normal_Sperm (1017).bmp,0,2,0,0,0.996237,0.003042,0.000721
smids/Normal_Sperm/Normal_Sperm (103).bmp,0,2,0,0,0.975723,0.022985,0.001291
smids/Normal_Sperm/Normal_Sperm (105).bmp,0,2,0,0,0.966728,0.004182,0.029090
smids/Normal_Sperm/Normal_Sperm (107).bmp,0,2,0,2,0.257779,0.074822,0.667400
smids/Normal_Sperm/Normal_Sperm (108).bmp,0,2,0,0,0.947218,0.047131,0.005652
smids/Normal_Sperm/Normal_Sperm (113).bmp,0,2,0,0,0.982500,0.017473,0.000027
smids/Normal_Sperm/Normal_Sperm (115).bmp,0,2,0,0,0.714945,0.269510,0.015545
smids/Normal_Sperm/Normal_Sperm (12).bmp,0,2,0,0,0.960076,0.039913,0.000011
smids/Normal_Sperm/Normal_Sperm (123).bmp,0,2,0,0,0.823185,0.165175,0.011640
smids/Normal_Sperm/Normal_Sperm (125).bmp,0,2,0,0,0.914762,0.056486,0.028752
smids/Normal_Sperm/Normal_Sperm (132).bmp,0,2,0,0,0.706055,0.284719,0.009227
smids/Normal_Sperm/Normal_Sperm (135).bmp,0,2,0,0,0.807838,0.178439,0.013723
smids/Normal_Sperm/Normal_Sperm (138).bmp,0,2,0,0,0.702640,0.291021,0.006339
smids/Normal_Sperm/Normal_Sperm (140).bmp,0,2,0,1,0.039550,0.953075,0.007375
smids/Normal_Sperm/Normal_Sperm (142).bmp,0,2,0,1,0.075402,0.759339,0.165259
smids/Normal_Sperm/Normal_Sperm (144).bmp,0,2,0,0,0.992324,0.007672,0.000004
smids/Normal_Sperm/Normal_Sperm (147).bmp,0,2,0,1,0.398778,0.589731,0.011491
smids/Normal_Sperm/Normal_Sperm (157).bmp,0,2,0,0,0.942111,0.057686,0.000203
smids/Normal_Sperm/Normal_Sperm (16).bmp,0,2,0,1,0.148685,0.619464,0.231851
smids/Normal_Sperm/Normal_Sperm (162).bmp,0,2,0,0,0.962623,0.037315,0.000062
smids/Normal_Sperm/Normal_Sperm (169).bmp,0,2,0,0,0.983970,0.015057,0.000973
smids/Normal_Sperm/Normal_Sperm (17).bmp,0,2,0,0,0.971253,0.027973,0.000773
smids/Normal_Sperm/Normal_Sperm (172).bmp,0,2,0,0,0.973983,0.025812,0.000205
smids/Normal_Sperm/Normal_Sperm (177).bmp,0,2,0,0,0.971046,0.027977,0.000978
smids/Normal_Sperm/Normal_Sperm (194).bmp,0,2,0,0,0.987683,0.012311,0.000007
smids/Normal_Sperm/Normal_Sperm (200).bmp,0,2,0,1,0.410181,0.589604,0.000215
smids/Normal_Sperm/Normal_Sperm (205).bmp,0,2,0,0,0.989061,0.010917,0.000022
smids/Normal_Sperm/Normal_Sperm (208).bmp,0,2,0,0,0.785000,0.209712,0.005288
smids/Normal_Sperm/Normal_Sperm (21).bmp,0,2,0,0,0.975436,0.022400,0.002164
smids/Normal_Sperm/Normal_Sperm (211).bmp,0,2,0,0,0.779444,0.213640,0.006916
smids/Normal_Sperm/Normal_Sperm (213).bmp,0,2,0,0,0.936397,0.062670,0.000934
smids/Normal_Sperm/Normal_Sperm (214).bmp,0,2,0,0,0.926560,0.073380,0.000059
smids/Normal_Sperm/Normal_Sperm (216).bmp,0,2,0,0,0.874097,0.123328,0.002575
smids/Normal_Sperm/Normal_Sperm (219).bmp,0,2,0,0,0.892936,0.105958,0.001106
smids/Normal_Sperm/Normal_Sperm (220).bmp,0,2,0,0,0.853768,0.145455,0.000776
smids/Normal_Sperm/Normal_Sperm (221).bmp,0,2,0,0,0.899032,0.097073,0.003895
smids/Normal_Sperm/Normal_Sperm (223).bmp,0,2,0,0,0.841438,0.155931,0.002631
smids/Normal_Sperm/Normal_Sperm (238).bmp,0,2,0,0,0.643963,0.354828,0.001209
smids/Normal_Sperm/Normal_Sperm (239).bmp,0,2,0,0,0.990368,0.009596,0.000036
smids/Normal_Sperm/Normal_Sperm (241).bmp,0,2,0,0,0.926139,0.071641,0.002221
smids/Normal_Sperm/Normal_Sperm (27).bmp,0,2,0,0,0.997416,0.001952,0.000632
smids/Normal_Sperm/Normal_Sperm (271).bmp,0,2,0,0,0.914637,0.073267,0.012096
smids/Normal_Sperm/Normal_Sperm (273).bmp,0,2,0,0,0.972633,0.027321,0.000046
smids/Normal_Sperm/Normal_Sperm (275).bmp,0,2,0,0,0.967884,0.032022,0.000094
smids/Normal_Sperm/Normal_Sperm (281).bmp,0,2,0,0,0.977635,0.022265,0.000100
smids/Normal_Sperm/Normal_Sperm (291).bmp,0,2,0,0,0.630793,0.355521,0.013686
smids/Normal_Sperm/Normal_Sperm (294).bmp,0,2,0,0,0.982419,0.017253,0.000328
smids/Normal_Sperm/Normal_Sperm (297).bmp,0,2,0,0,0.894123,0.103610,0.002266
smids/Normal_Sperm/Normal_Sperm (300).bmp,0,2,0,0,0.722429,0.243394,0.034177
smids/Normal_Sperm/Normal_Sperm (314).bmp,0,2,0,0,0.849685,0.089432,0.060883
smids/Normal_Sperm/Normal_Sperm (320).bmp,0,2,0,0,0.550485,0.421727,0.027787
smids/Normal_Sperm/Normal_Sperm (325).bmp,0,2,0,0,0.847741,0.148073,0.004186
smids/Normal_Sperm/Normal_Sperm (337).bmp,0,2,0,0,0.620503,0.376925,0.002572
smids/Normal_Sperm/Normal_Sperm (339).bmp,0,2,0,0,0.745279,0.247386,0.007335
smids/Normal_Sperm/Normal_Sperm (349).bmp,0,2,0,0,0.795464,0.174013,0.030522
smids/Normal_Sperm/Normal_Sperm (350).bmp,0,2,0,0,0.558078,0.440671,0.001251
smids/Normal_Sperm/Normal_Sperm (356).bmp,0,2,0,0,0.975761,0.024195,0.000044
smids/Normal_Sperm/Normal_Sperm (365).bmp,0,2,0,0,0.694527,0.300650,0.004823
smids/Normal_Sperm/Normal_Sperm (371).bmp,0,2,0,0,0.979327,0.020653,0.000019
smids/Normal_Sperm/Normal_Sperm (378).bmp,0,2,0,0,0.706186,0.293672,0.000143
smids/Normal_Sperm/Normal_Sperm (38).bmp,0,2,0,2,0.149023,0.026543,0.824434
smids/Normal_Sperm/Normal_Sperm (383).bmp,0,2,0,0,0.676297,0.321544,0.002159
smids/Normal_Sperm/Normal_Sperm (385).bmp,0,2,0,0,0.768434,0.231535,0.000031
smids/Normal_Sperm/Normal_Sperm (394).bmp,0,2,0,0,0.941936,0.057760,0.000304
smids/Normal_Sperm/Normal_Sperm (40).bmp,0,2,0,0,0.977962,0.016516,0.005522
smids/Normal_Sperm/Normal_Sperm (403).bmp,0,2,0,0,0.799525,0.188879,0.011596
smids/Normal_Sperm/Normal_Sperm (405).bmp,0,2,0,0,0.972332,0.027182,0.000486
smids/Normal_Sperm/Normal_Sperm (406).bmp,0,2,0,0,0.708750,0.288236,0.003014
smids/Normal_Sperm/Normal_Sperm (414).bmp,0,2,0,0,0.943691,0.055446,0.000863
smids/Normal_Sperm/Normal_Sperm (418).bmp,0,2,0,0,0.939675,0.060089,0.000236
smids/Normal_Sperm/Normal_Sperm (421).bmp,0,2,0,0,0.626499,0.314611,0.058890
smids/Normal_Sperm/Normal_Sperm (429).bmp,0,2,0,0,0.879121,0.089396,0.031483
smids/Normal_Sperm/Normal_Sperm (430).bmp,0,2,0,0,0.919524,0.080210,0.000266
smids/Normal_Sperm/Normal_Sperm (438).bmp,0,2,0,0,0.960641,0.038990,0.000370
smids/Normal_Sperm/Normal_Sperm (443).bmp,0,2,0,0,0.997095,0.002590,0.000315
smids/Normal_Sperm/Normal_Sperm (449).bmp,0,2,0,0,0.955937,0.043783,0.000280
smids/Normal_Sperm/Normal_Sperm (45).bmp,0,2,0,0,0.993066,0.003743,0.003191
smids/Normal_Sperm/Normal_Sperm (452).bmp,0,2,0,0,0.984659,0.015322,0.000018
smids/Normal_Sperm/Normal_Sperm (457).bmp,0,2,0,0,0.985335,0.014404,0.000261
smids/Normal_Sperm/Normal_Sperm (46).bmp,0,2,0,0,0.846932,0.152333,0.000736
smids/Normal_Sperm/Normal_Sperm (462).bmp,0,2,0,0,0.888697,0.109387,0.001916
smids/Normal_Sperm/Normal_Sperm (469).bmp,0,2,0,1,0.356571,0.639142,0.004287
smids/Normal_Sperm/Normal_Sperm (474).bmp,0,2,0,0,0.957308,0.042478,0.000214
smids/Normal_Sperm/Normal_Sperm (476).bmp,0,2,0,0,0.627921,0.371875,0.000204
smids/Normal_Sperm/Normal_Sperm (482).bmp,0,2,0,0,0.881578,0.116757,0.001665
smids/Normal_Sperm/Normal_Sperm (492).bmp,0,2,0,0,0.993456,0.006521,0.000022
smids/Normal_Sperm/Normal_Sperm (497).bmp,0,2,0,0,0.957974,0.038051,0.003975
smids/Normal_Sperm/Normal_Sperm (50).bmp,0,2,0,0,0.903806,0.095564,0.000630
smids/Normal_Sperm/Normal_Sperm (500).bmp,0,2,0,0,0.962274,0.037617,0.000108
smids/Normal_Sperm/Normal_Sperm (502).bmp,0,2,0,0,0.992836,0.006262,0.000902
smids/Normal_Sperm/Normal_Sperm (511).bmp,0,2,0,0,0.838191,0.161017,0.000792
smids/Normal_Sperm/Normal_Sperm (523).bmp,0,2,0,0,0.936373,0.057202,0.006425
smids/Normal_Sperm/Normal_Sperm (525).bmp,0,2,0,0,0.957450,0.041593,0.000958
smids/Normal_Sperm/Normal_Sperm (529).bmp,0,2,0,0,0.976694,0.022849,0.000458
smids/Normal_Sperm/Normal_Sperm (53).bmp,0,2,0,0,0.987715,0.012031,0.000254
smids/Normal_Sperm/Normal_Sperm (546).bmp,0,2,0,0,0.951704,0.045600,0.002696
smids/Normal_Sperm/Normal_Sperm (547).bmp,0,2,0,0,0.941583,0.058371,0.000046
smids/Normal_Sperm/Normal_Sperm (55).bmp,0,2,0,0,0.805413,0.110072,0.084515
smids/Normal_Sperm/Normal_Sperm (551).bmp,0,2,0,0,0.898330,0.101557,0.000112
smids/Normal_Sperm/Normal_Sperm (559).bmp,0,2,0,0,0.953338,0.045881,0.000780
smids/Normal_Sperm/Normal_Sperm (56).bmp,0,2,0,0,0.779691,0.220261,0.000048
smids/Normal_Sperm/Normal_Sperm (562).bmp,0,2,0,0,0.996526,0.003470,0.000004
smids/Normal_Sperm/Normal_Sperm (570).bmp,0,2,0,0,0.962533,0.037409,0.000058
smids/Normal_Sperm/Normal_Sperm (577).bmp,0,2,0,0,0.593953,0.404643,0.001404
smids/Normal_Sperm/Normal_Sperm (579).bmp,0,2,0,0,0.851778,0.147282,0.000940
smids/Normal_Sperm/Normal_Sperm (581).bmp,0,2,0,0,0.910805,0.089121,0.000074
smids/Normal_Sperm/Normal_Sperm (583).bmp,0,2,0,0,0.979791,0.020157,0.000052
smids/Normal_Sperm/Normal_Sperm (585).bmp,0,2,0,0,0.924796,0.074720,0.000483
smids/Normal_Sperm/Normal_Sperm (586).bmp,0,2,0,0,0.946324,0.053445,0.000231
smids/Normal_Sperm/Normal_Sperm (589).bmp,0,2,0,0,0.602564,0.396969,0.000467
smids/Normal_Sperm/Normal_Sperm (597).bmp,0,2,0,0,0.960253,0.039686,0.000061
smids/Normal_Sperm/Normal_Sperm (6).bmp,0,2,0,0,0.665753,0.234462,0.099786
smids/Normal_Sperm/Normal_Sperm (601).bmp,0,2,0,0,0.978863,0.020976,0.000161
smids/Normal_Sperm/Normal_Sperm (606).bmp,0,2,0,0,0.958566,0.041343,0.000092
smids/Normal_Sperm/Normal_Sperm (609).bmp,0,2,0,0,0.665821,0.330270,0.003909
smids/Normal_Sperm/Normal_Sperm (61).bmp,0,2,0,0,0.987199,0.012666,0.000136
smids/Normal_Sperm/Normal_Sperm (612).bmp,0,2,0,0,0.987387,0.012606,0.000007
smids/Normal_Sperm/Normal_Sperm (617).bmp,0,2,0,0,0.971024,0.028957,0.000019
smids/Normal_Sperm/Normal_Sperm (626).bmp,0,2,0,0,0.938852,0.061136,0.000013
smids/Normal_Sperm/Normal_Sperm (631).bmp,0,2,0,0,0.893303,0.106670,0.000027
smids/Normal_Sperm/Normal_Sperm (632).bmp,0,2,0,0,0.973472,0.026295,0.000233
smids/Normal_Sperm/Normal_Sperm (656).bmp,0,2,0,0,0.947762,0.052000,0.000238
smids/Normal_Sperm/Normal_Sperm (657).bmp,0,2,0,0,0.521363,0.462007,0.016630
smids/Normal_Sperm/Normal_Sperm (664).bmp,0,2,0,0,0.995800,0.003987,0.000213
smids/Normal_Sperm/Normal_Sperm (665).bmp,0,2,0,0,0.983638,0.016014,0.000348
smids/Normal_Sperm/Normal_Sperm (672).bmp,0,2,0,0,0.984955,0.015035,0.000010
smids/Normal_Sperm/Normal_Sperm (675).bmp,0,2,0,0,0.946004,0.053868,0.000129
smids/Normal_Sperm/Normal_Sperm (677).bmp,0,2,0,0,0.873095,0.126810,0.000095
smids/Normal_Sperm/Normal_Sperm (680).bmp,0,2,0,0,0.979675,0.020288,0.000037
smids/Normal_Sperm/Normal_Sperm (681).bmp,0,2,0,0,0.876144,0.123762,0.000094
smids/Normal_Sperm/Normal_Sperm (685).bmp,0,2,0,0,0.963615,0.036371,0.000014
smids/Normal_Sperm/Normal_Sperm (688).bmp,0,2,0,0,0.985933,0.014065,0.000002
smids/Normal_Sperm/Normal_Sperm (691).bmp,0,2,0,0,0.936885,0.062348,0.000767
smids/Normal_Sperm/Normal_Sperm (693).bmp,0,2,0,0,0.991786,0.007968,0.000246
smids/Normal_Sperm/Normal_Sperm (695).bmp,0,2,0,0,0.994558,0.005441,0.000001
smids/Normal_Sperm/Normal_Sperm (697).bmp,0,2,0,0,0.793779,0.190063,0.016158
smids/Normal_Sperm/Normal_Sperm (703).bmp,0,2,0,0,0.928100,0.071332,0.000568
smids/Normal_Sperm/Normal_Sperm (710).bmp,0,2,0,0,0.811518,0.188437,0.000046
smids/Normal_Sperm/Normal_Sperm (714).bmp,0,2,0,0,0.918141,0.077691,0.004169
smids/Normal_Sperm/Normal_Sperm (720).bmp,0,2,0,0,0.974827,0.024996,0.000177
smids/Normal_Sperm/Normal_Sperm (726).bmp,0,2,0,0,0.789518,0.194506,0.015976
smids/Normal_Sperm/Normal_Sperm (739).bmp,0,2,0,0,0.989949,0.008664,0.001387
smids/Normal_Sperm/Normal_Sperm (740).bmp,0,2,0,0,0.997094,0.002902,0.000004
smids/Normal_Sperm/Normal_Sperm (743).bmp,0,2,0,0,0.958680,0.040890,0.000430
smids/Normal_Sperm/Normal_Sperm (744).bmp,0,2,0,0,0.943496,0.053697,0.002807
smids/Normal_Sperm/Normal_Sperm (748).bmp,0,2,0,0,0.980733,0.019033,0.000234
smids/Normal_Sperm/Normal_Sperm (754).bmp,0,2,0,0,0.977238,0.022463,0.000299
smids/Normal_Sperm/Normal_Sperm (762).bmp,0,2,0,0,0.986544,0.012860,0.000595
smids/Normal_Sperm/Normal_Sperm (763).bmp,0,2,0,0,0.982911,0.016482,0.000607
smids/Normal_Sperm/Normal_Sperm (766).bmp,0,2,0,0,0.931944,0.067940,0.000116
smids/Normal_Sperm/Normal_Sperm (774).bmp,0,2,0,0,0.992763,0.007235,0.000002
smids/Normal_Sperm/Normal_Sperm (781).bmp,0,2,0,0,0.964374,0.035510,0.000116
smids/Normal_Sperm/Normal_Sperm (785).bmp,0,2,0,0,0.993233,0.006745,0.000022
smids/Normal_Sperm/Normal_Sperm (796).bmp,0,2,0,0,0.923910,0.075103,0.000987
smids/Normal_Sperm/Normal_Sperm (806).bmp,0,2,0,0,0.932490,0.040035,0.027474
smids/Normal_Sperm/Normal_Sperm (810).bmp,0,2,0,0,0.974948,0.025033,0.000019
smids/Normal_Sperm/Normal_Sperm (812).bmp,0,2,0,0,0.845554,0.110475,0.043971
smids/Normal_Sperm/Normal_Sperm (813).bmp,0,2,0,0,0.961947,0.037940,0.000114
smids/Normal_Sperm/Normal_Sperm (814).bmp,0,2,0,0,0.993659,0.006292,0.000049
smids/Normal_Sperm/Normal_Sperm (828).bmp,0,2,0,0,0.953524,0.037439,0.009037
smids/Normal_Sperm/Normal_Sperm (835).bmp,0,2,0,0,0.922651,0.076772,0.000577
smids/Normal_Sperm/Normal_Sperm (836).bmp,0,2,0,0,0.603290,0.393345,0.003365
smids/Normal_Sperm/Normal_Sperm (84).bmp,0,2,0,1,0.269502,0.724252,0.006246
smids/Normal_Sperm/Normal_Sperm (843).bmp,0,2,0,0,0.946532,0.052754,0.000714
smids/Normal_Sperm/Normal_Sperm (844).bmp,0,2,0,0,0.958052,0.041720,0.000228
smids/Normal_Sperm/Normal_Sperm (845).bmp,0,2,0,0,0.934301,0.065397,0.000302
smids/Normal_Sperm/Normal_Sperm (855).bmp,0,2,0,0,0.927516,0.069502,0.002982
smids/Normal_Sperm/Normal_Sperm (86).bmp,0,2,0,0,0.516156,0.482623,0.001220
smids/Normal_Sperm/Normal_Sperm (860).bmp,0,2,0,0,0.797886,0.200680,0.001434
smids/Normal_Sperm/Normal_Sperm (863).bmp,0,2,0,0,0.906799,0.035470,0.057731
smids/Normal_Sperm/Normal_Sperm (866).bmp,0,2,0,0,0.540233,0.417195,0.042572
smids/Normal_Sperm/Normal_Sperm (868).bmp,0,2,0,0,0.983015,0.010577,0.006408
smids/Normal_Sperm/Normal_Sperm (872).bmp,0,2,0,0,0.986644,0.009967,0.003389
smids/Normal_Sperm/Normal_Sperm (884).bmp,0,2,0,0,0.906169,0.093717,0.000114
smids/Normal_Sperm/Normal_Sperm (897).bmp,0,2,0,0,0.935222,0.064699,0.000078
smids/Normal_Sperm/Normal_Sperm (899).bmp,0,2,0,1,0.268628,0.728742,0.002631
smids/Normal_Sperm/Normal_Sperm (900).bmp,0,2,0,0,0.979816,0.020005,0.000180
smids/Normal_Sperm/Normal_Sperm (904).bmp,0,2,0,0,0.992630,0.007319,0.000052
smids/Normal_Sperm/Normal_Sperm (906).bmp,0,2,0,0,0.939777,0.060100,0.000124
smids/Normal_Sperm/Normal_Sperm (912).bmp,0,2,0,0,0.929813,0.070106,0.000080
smids/Normal_Sperm/Normal_Sperm (915).bmp,0,2,0,0,0.748481,0.247415,0.004104
smids/Normal_Sperm/Normal_Sperm (928).bmp,0,2,0,0,0.918170,0.081764,0.000066
smids/Normal_Sperm/Normal_Sperm (948).bmp,0,2,0,0,0.825408,0.174310,0.000282
smids/Normal_Sperm/Normal_Sperm (961).bmp,0,2,0,1,0.276742,0.723223,0.000035
smids/Normal_Sperm/Normal_Sperm (963).bmp,0,2,0,0,0.840619,0.159159,0.000222
smids/Normal_Sperm/Normal_Sperm (964).bmp,0,2,0,0,0.941693,0.058169,0.000138
smids/Normal_Sperm/Normal_Sperm (967).bmp,0,2,0,0,0.904049,0.095921,0.000030
smids/Normal_Sperm/Normal_Sperm (976).bmp,0,2,0,0,0.995288,0.003796,0.000916
smids/Normal_Sperm/Normal_Sperm (98).bmp,0,2,0,0,0.955931,0.042599,0.001470
smids/Normal_Sperm/Normal_Sperm (985).bmp,0,2,0,0,0.951712,0.041036,0.007253
smids/Normal_Sperm/Normal_Sperm (991).bmp,0,2,0,0,0.991997,0.007535,0.000469
smids/Normal_Sperm/Normal_Sperm (992).bmp,0,2,0,0,0.976594,0.017768,0.005637
smids/Normal_Sperm/Normal_Sperm (997).bmp,0,2,0,0,0.960765,0.038049,0.001186
smids/Normal_Sperm/Normal_Sperm (998).bmp,0,2,0,0,0.893871,0.100251,0.005878
smids/Abnormal_Sperm/Abnormal_Sperm (1001).bmp,0,3,1,1,0.095928,0.897094,0.006977
smids/Abnormal_Sperm/Abnormal_Sperm (1004).bmp,0,3,1,1,0.025862,0.964512,0.009626
smids/Abnormal_Sperm/Abnormal_Sperm (103).bmp,0,3,1,1,0.037081,0.908554,0.054365
smids/Abnormal_Sperm/Abnormal_Sperm (115).bmp,0,3,1,1,0.065647,0.928272,0.006081
smids/Abnormal_Sperm/Abnormal_Sperm (124).bmp,0,3,1,1,0.009705,0.916263,0.074032
smids/Abnormal_Sperm/Abnormal_Sperm (136).bmp,0,3,1,1,0.092587,0.907005,0.000407
smids/Abnormal_Sperm/Abnormal_Sperm (139).bmp,0,3,1,1,0.002995,0.995473,0.001532
smids/Abnormal_Sperm/Abnormal_Sperm (146).bmp,0,3,1,1,0.047441,0.941543,0.011016
smids/Abnormal_Sperm/Abnormal_Sperm (148).bmp,0,3,1,1,0.030082,0.956905,0.013013
smids/Abnormal_Sperm/Abnormal_Sperm (150).bmp,0,3,1,1,0.044650,0.955104,0.000246
smids/Abnormal_Sperm/Abnormal_Sperm (154).bmp,0,3,1,1,0.050442,0.890559,0.058999
smids/Abnormal_Sperm/Abnormal_Sperm (159).bmp,0,3,1,1,0.011890,0.980258,0.007851
smids/Abnormal_Sperm/Abnormal_Sperm (166).bmp,0,3,1,1,0.014034,0.956980,0.028986
smids/Abnormal_Sperm/Abnormal_Sperm (17).bmp,0,3,1,1,0.039845,0.952727,0.007429
smids/Abnormal_Sperm/Abnormal_Sperm (171).bmp,0,3,1,1,0.020178,0.961653,0.018169
smids/Abnormal_Sperm/Abnormal_Sperm (185).bmp,0,3,1,1,0.459557,0.539778,0.000665
smids/Abnormal_Sperm/Abnormal_Sperm (19).bmp,0,3,1,1,0.004597,0.960502,0.034902
smids/Abnormal_Sperm/Abnormal_Sperm (2).bmp,0,3,1,1,0.023864,0.943454,0.032682
smids/Abnormal_Sperm/Abnormal_Sperm (204).bmp,0,3,1,1,0.003778,0.915897,0.080326
smids/Abnormal_Sperm/Abnormal_Sperm (206).bmp,0,3,1,1,0.015562,0.947212,0.037226
smids/Abnormal_Sperm/Abnormal_Sperm (213).bmp,0,3,1,1,0.029703,0.967865,0.002432
smids/Abnormal_Sperm/Abnormal_Sperm (217).bmp,0,3,1,1,0.026034,0.973288,0.000678
smids/Abnormal_Sperm/Abnormal_Sperm (231).bmp,0,3,1,1,0.128968,0.870988,0.000044
smids/Abnormal_Sperm/Abnormal_Sperm (239).bmp,0,3,1,1,0.014967,0.984368,0.000665
smids/Abnormal_Sperm/Abnormal_Sperm (24).bmp,0,3,1,1,0.003077,0.987141,0.009782
smids/Abnormal_Sperm/Abnormal_Sperm (240).bmp,0,3,1,1,0.001668,0.686223,0.312109
smids/Abnormal_Sperm/Abnormal_Sperm (242).bmp,0,3,1,1,0.237156,0.762740,0.000105
smids/Abnormal_Sperm/Abnormal_Sperm (243).bmp,0,3,1,1,0.000956,0.558768,0.440276
smids/Abnormal_Sperm/Abnormal_Sperm (261).bmp,0,3,1,0,0.788521,0.180386,0.031093
smids/Abnormal_Sperm/Abnormal_Sperm (271).bmp,0,3,1,1,0.027350,0.971263,0.001386
smids/Abnormal_Sperm/Abnormal_Sperm (272).bmp,0,3,1,1,0.193570,0.806363,0.000067
smids/Abnormal_Sperm/Abnormal_Sperm (278).bmp,0,3,1,1,0.038655,0.961050,0.000295
smids/Abnormal_Sperm/Abnormal_Sperm (280).bmp,0,3,1,1,0.321375,0.678533,0.000092
smids/Abnormal_Sperm/Abnormal_Sperm (281).bmp,0,3,1,1,0.004438,0.986773,0.008789
smids/Abnormal_Sperm/Abnormal_Sperm (286).bmp,0,3,1,1,0.207734,0.790459,0.001807
smids/Abnormal_Sperm/Abnormal_Sperm (288).bmp,0,3,1,1,0.035175,0.733774,0.231051
smids/Abnormal_Sperm/Abnormal_Sperm (293).bmp,0,3,1,1,0.021430,0.978419,0.000151
smids/Abnormal_Sperm/Abnormal_Sperm (295).bmp,0,3,1,1,0.091929,0.893400,0.014672
smids/Abnormal_Sperm/Abnormal_Sperm (306).bmp,0,3,1,1,0.161401,0.838003,0.000596
smids/Abnormal_Sperm/Abnormal_Sperm (314).bmp,0,3,1,1,0.003044,0.892790,0.104165
smids/Abnormal_Sperm/Abnormal_Sperm (324).bmp,0,3,1,1,0.011448,0.978477,0.010075
smids/Abnormal_Sperm/Abnormal_Sperm (325).bmp,0,3,1,1,0.008430,0.983935,0.007635
smids/Abnormal_Sperm/Abnormal_Sperm (33).bmp,0,3,1,0,0.788521,0.180386,0.031093
smids/Abnormal_Sperm/Abnormal_Sperm (332).bmp,0,3,1,1,0.016187,0.814212,0.169601
smids/Abnormal_Sperm/Abnormal_Sperm (337).bmp,0,3,1,1,0.199880,0.799313,0.000807
smids/Abnormal_Sperm/Abnormal_Sperm (34).bmp,0,3,1,2,0.001490,0.389385,0.609125
smids/Abnormal_Sperm/Abnormal_Sperm (341).bmp,0,3,1,1,0.028873,0.969676,0.001451
smids/Abnormal_Sperm/Abnormal_Sperm (347).bmp,0,3,1,1,0.007779,0.976525,0.015696
smids/Abnormal_Sperm/Abnormal_Sperm (349).bmp,0,3,1,1,0.109168,0.885690,0.005142
smids/Abnormal_Sperm/Abnormal_Sperm (352).bmp,0,3,1,1,0.002019,0.996311,0.001670
smids/Abnormal_Sperm/Abnormal_Sperm (358).bmp,0,3,1,1,0.011474,0.986282,0.002244
smids/Abnormal_Sperm/Abnormal_Sperm (377).bmp,0,3,1,1,0.109468,0.794030,0.096503
smids/Abnormal_Sperm/Abnormal_Sperm (379).bmp,0,3,1,1,0.066065,0.926160,0.007774
smids/Abnormal_Sperm/Abnormal_Sperm (385).bmp,0,3,1,1,0.071007,0.920133,0.008860
smids/Abnormal_Sperm/Abnormal_Sperm (399).bmp,0,3,1,1,0.002959,0.992011,0.005030
smids/Abnormal_Sperm/Abnormal_Sperm (405).bmp,0,3,1,1,0.008447,0.935380,0.056173
smids/Abnormal_Sperm/Abnormal_Sperm (408).bmp,0,3,1,1,0.031273,0.764567,0.204160
smids/Abnormal_Sperm/Abnormal_Sperm (417).bmp,0,3,1,1,0.141263,0.857341,0.001395
smids/Abnormal_Sperm/Abnormal_Sperm (419).bmp,0,3,1,1,0.060419,0.845015,0.094566
smids/Abnormal_Sperm/Abnormal_Sperm (423).bmp,0,3,1,1,0.095661,0.903134,0.001205
smids/Abnormal_Sperm/Abnormal_Sperm (426).bmp,0,3,1,1,0.002003,0.974954,0.023042
smids/Abnormal_Sperm/Abnormal_Sperm (431).bmp,0,3,1,1,0.026454,0.960495,0.013051
smids/Abnormal_Sperm/Abnormal_Sperm (433).bmp,0,3,1,1,0.013318,0.976545,0.010136
smids/Abnormal_Sperm/Abnormal_Sperm (436).bmp,0,3,1,1,0.034130,0.964924,0.000946
smids/Abnormal_Sperm/Abnormal_Sperm (437).bmp,0,3,1,1,0.003929,0.840811,0.155260
smids/Abnormal_Sperm/Abnormal_Sperm (443).bmp,0,3,1,1,0.003868,0.947496,0.048635
smids/Abnormal_Sperm/Abnormal_Sperm (447).bmp,0,3,1,1,0.001005,0.894815,0.104180
smids/Abnormal_Sperm/Abnormal_Sperm (448).bmp,0,3,1,1,0.008744,0.959368,0.031888
smids/Abnormal_Sperm/Abnormal_Sperm (450).bmp,0,3,1,1,0.055821,0.944059,0.000120
smids/Abnormal_Sperm/Abnormal_Sperm (453).bmp,0,3,1,1,0.055798,0.943568,0.000634
smids/Abnormal_Sperm/Abnormal_Sperm (459).bmp,0,3,1,1,0.002885,0.993647,0.003468
smids/Abnormal_Sperm/Abnormal_Sperm (460).bmp,0,3,1,1,0.001376,0.998177,0.000447
smids/Abnormal_Sperm/Abnormal_Sperm (462).bmp,0,3,1,1,0.049620,0.948313,0.002067
smids/Abnormal_Sperm/Abnormal_Sperm (463).bmp,0,3,1,1,0.003868,0.931327,0.064806
smids/Abnormal_Sperm/Abnormal_Sperm (465).bmp,0,3,1,2,0.005020,0.376105,0.618875
smids/Abnormal_Sperm/Abnormal_Sperm (474).bmp,0,3,1,1,0.010951,0.655594,0.333456
smids/Abnormal_Sperm/Abnormal_Sperm (483).bmp,0,3,1,1,0.025016,0.886235,0.088749
smids/Abnormal_Sperm/Abnormal_Sperm (495).bmp,0,3,1,1,0.007970,0.985937,0.006094
smids/Abnormal_Sperm/Abnormal_Sperm (498).bmp,0,3,1,2,0.109110,0.006411,0.884479
smids/Abnormal_Sperm/Abnormal_Sperm (499).bmp,0,3,1,0,0.717938,0.083217,0.198845
smids/Abnormal_Sperm/Abnormal_Sperm (505).bmp,0,3,1,1,0.001182,0.766868,0.231950
smids/Abnormal_Sperm/Abnormal_Sperm (516).bmp,0,3,1,1,0.001243,0.980847,0.017910
smids/Abnormal_Sperm/Abnormal_Sperm (523).bmp,0,3,1,1,0.004655,0.923455,0.071890
smids/Abnormal_Sperm/Abnormal_Sperm (529).bmp,0,3,1,1,0.012150,0.981500,0.006350
smids/Abnormal_Sperm/Abnormal_Sperm (531).bmp,0,3,1,2,0.018702,0.470975,0.510322
smids/Abnormal_Sperm/Abnormal_Sperm (535).bmp,0,3,1,1,0.013983,0.908466,0.077551
smids/Abnormal_Sperm/Abnormal_Sperm (537).bmp,0,3,1,1,0.415575,0.582972,0.001453
smids/Abnormal_Sperm/Abnormal_Sperm (544).bmp,0,3,1,1,0.006781,0.917790,0.075429
smids/Abnormal_Sperm/Abnormal_Sperm (545).bmp,0,3,1,1,0.229531,0.767221,0.003247
smids/Abnormal_Sperm/Abnormal_Sperm (551).bmp,0,3,1,2,0.210059,0.168286,0.621655
smids/Abnormal_Sperm/Abnormal_Sperm (552).bmp,0,3,1,0,0.899165,0.093808,0.007027
smids/Abnormal_Sperm/Abnormal_Sperm (559).bmp,0,3,1,1,0.012696,0.803885,0.183418
smids/Abnormal_Sperm/Abnormal_Sperm (561).bmp,0,3,1,0,0.714552,0.279775,0.005673
smids/Abnormal_Sperm/Abnormal_Sperm (57).bmp,0,3,1,1,0.038684,0.954238,0.007078
smids/Abnormal_Sperm/Abnormal_Sperm (570).bmp,0,3,1,1,0.006954,0.730641,0.262405
smids/Abnormal_Sperm/Abnormal_Sperm (574).bmp,0,3,1,1,0.078963,0.897089,0.023948
smids/Abnormal_Sperm/Abnormal_Sperm (575).bmp,0,3,1,1,0.056503,0.937349,0.006148
smids/Abnormal_Sperm/Abnormal_Sperm (580).bmp,0,3,1,0,0.852952,0.146849,0.000199
smids/Abnormal_Sperm/Abnormal_Sperm (586).bmp,0,3,1,1,0.108090,0.882120,0.009790
smids/Abnormal_Sperm/Abnormal_Sperm (590).bmp,0,3,1,1,0.164218,0.825819,0.009963
smids/Abnormal_Sperm/Abnormal_Sperm (592).bmp,0,3,1,1,0.011901,0.697596,0.290502
smids/Abnormal_Sperm/Abnormal_Sperm (60).bmp,0,3,1,1,0.002307,0.985656,0.012036
smids/Abnormal_Sperm/Abnormal_Sperm (602).bmp,0,3,1,2,0.001257,0.290424,0.708319
smids/Abnormal_Sperm/Abnormal_Sperm (616).bmp,0,3,1,1,0.260131,0.734088,0.005782
smids/Abnormal_Sperm/Abnormal_Sperm (622).bmp,0,3,1,1,0.313002,0.685926,0.001073
smids/Abnormal_Sperm/Abnormal_Sperm (632).bmp,0,3,1,0,0.571641,0.359103,0.069256
smids/Abnormal_Sperm/Abnormal_Sperm (636).bmp,0,3,1,1,0.003291,0.760684,0.236025
smids/Abnormal_Sperm/Abnormal_Sperm (637).bmp,0,3,1,0,0.506331,0.485797,0.007872
smids/Abnormal_Sperm/Abnormal_Sperm (64).bmp,0,3,1,1,0.001609,0.847198,0.151193
smids/Abnormal_Sperm/Abnormal_Sperm (641).bmp,0,3,1,1,0.172271,0.826995,0.000733
smids/Abnormal_Sperm/Abnormal_Sperm (643).bmp,0,3,1,1,0.117039,0.872285,0.010676
smids/Abnormal_Sperm/Abnormal_Sperm (644).bmp,0,3,1,1,0.016888,0.900920,0.082192
smids/Abnormal_Sperm/Abnormal_Sperm (646).bmp,0,3,1,1,0.101094,0.897666,0.001240
smids/Abnormal_Sperm/Abnormal_Sperm (65).bmp,0,3,1,1,0.061852,0.937337,0.000811
smids/Abnormal_Sperm/Abnormal_Sperm (650).bmp,0,3,1,1,0.293121,0.706753,0.000125
smids/Abnormal_Sperm/Abnormal_Sperm (654).bmp,0,3,1,1,0.274900,0.708096,0.017004
smids/Abnormal_Sperm/Abnormal_Sperm (656).bmp,0,3,1,1,0.181977,0.809159,0.008864
smids/Abnormal_Sperm/Abnormal_Sperm (664).bmp,0,3,1,1,0.275412,0.722187,0.002401
smids/Abnormal_Sperm/Abnormal_Sperm (665).bmp,0,3,1,1,0.336163,0.650523,0.013315
smids/Abnormal_Sperm/Abnormal_Sperm (67).bmp,0,3,1,1,0.000870,0.797835,0.201296
smids/Abnormal_Sperm/Abnormal_Sperm (674).bmp,0,3,1,1,0.006632,0.988711,0.004657
smids/Abnormal_Sperm/Abnormal_Sperm (678).bmp,0,3,1,1,0.065857,0.917680,0.016462
smids/Abnormal_Sperm/Abnormal_Sperm (682).bmp,0,3,1,1,0.025823,0.841922,0.132256
smids/Abnormal_Sperm/Abnormal_Sperm (690).bmp,0,3,1,1,0.153566,0.845933,0.000501
smids/Abnormal_Sperm/Abnormal_Sperm (697).bmp,0,3,1,1,0.101977,0.679705,0.218318
smids/Abnormal_Sperm/Abnormal_Sperm (703).bmp,0,3,1,1,0.247254,0.750386,0.002360
smids/Abnormal_Sperm/Abnormal_Sperm (706).bmp,0,3,1,1,0.051448,0.765489,0.183063
smids/Abnormal_Sperm/Abnormal_Sperm (708).bmp,0,3,1,1,0.201847,0.797285,0.000868
smids/Abnormal_Sperm/Abnormal_Sperm (710).bmp,0,3,1,1,0.114413,0.885075,0.000513
smids/Abnormal_Sperm/Abnormal_Sperm (714).bmp,0,3,1,1,0.346351,0.649997,0.003652
smids/Abnormal_Sperm/Abnormal_Sperm (725).bmp,0,3,1,0,0.907796,0.091123,0.001081
smids/Abnormal_Sperm/Abnormal_Sperm (727).bmp,0,3,1,1,0.059293,0.934626,0.006081
smids/Abnormal_Sperm/Abnormal_Sperm (729).bmp,0,3,1,1,0.005180,0.887996,0.106824
smids/Abnormal_Sperm/Abnormal_Sperm (734).bmp,0,3,1,1,0.077284,0.921597,0.001120
smids/Abnormal_Sperm/Abnormal_Sperm (737).bmp,0,3,1,0,0.746906,0.243150,0.009944
smids/Abnormal_Sperm/Abnormal_Sperm (74).bmp,0,3,1,1,0.070765,0.929116,0.000120
smids/Abnormal_Sperm/Abnormal_Sperm (743).bmp,0,3,1,1,0.210064,0.789274,0.000662
smids/Abnormal_Sperm/Abnormal_Sperm (744).bmp,0,3,1,1,0.160494,0.839241,0.000265
smids/Abnormal_Sperm/Abnormal_Sperm (75).bmp,0,3,1,1,0.107361,0.881898,0.010741
smids/Abnormal_Sperm/Abnormal_Sperm (750).bmp,0,3,1,1,0.223335,0.775863,0.000803
smids/Abnormal_Sperm/Abnormal_Sperm (760).bmp,0,3,1,1,0.281156,0.715507,0.003337
smids/Abnormal_Sperm/Abnormal_Sperm (763).bmp,0,3,1,1,0.276950,0.720870,0.002180
smids/Abnormal_Sperm/Abnormal_Sperm (768).bmp,0,3,1,0,0.797669,0.201696,0.000635
smids/Abnormal_Sperm/Abnormal_Sperm (769).bmp,0,3,1,1,0.001334,0.856235,0.142431
smids/Abnormal_Sperm/Abnormal_Sperm (779).bmp,0,3,1,1,0.255415,0.744551,0.000033
smids/Abnormal_Sperm/Abnormal_Sperm (782).bmp,0,3,1,1,0.051324,0.907015,0.041662
smids/Abnormal_Sperm/Abnormal_Sperm (783).bmp,0,3,1,1,0.017570,0.948916,0.033514
smids/Abnormal_Sperm/Abnormal_Sperm (784).bmp,0,3,1,1,0.133268,0.863593,0.003138
smids/Abnormal_Sperm/Abnormal_Sperm (788).bmp,0,3,1,1,0.234929,0.750326,0.014745
smids/Abnormal_Sperm/Abnormal_Sperm (792).bmp,0,3,1,1,0.202796,0.795727,0.001477
smids/Abnormal_Sperm/Abnormal_Sperm (806).bmp,0,3,1,1,0.018342,0.957884,0.023774
smids/Abnormal_Sperm/Abnormal_Sperm (808).bmp,0,3,1,1,0.089921,0.907973,0.002106
smids/Abnormal_Sperm/Abnormal_Sperm (810).bmp,0,3,1,0,0.965129,0.034868,0.000003
smids/Abnormal_Sperm/Abnormal_Sperm (815).bmp,0,3,1,1,0.337600,0.662285,0.000114
smids/Abnormal_Sperm/Abnormal_Sperm (818).bmp,0,3,1,0,0.695519,0.304473,0.000008
smids/Abnormal_Sperm/Abnormal_Sperm (82).bmp,0,3,1,1,0.133904,0.865446,0.000650
smids/Abnormal_Sperm/Abnormal_Sperm (821).bmp,0,3,1,1,0.141599,0.858363,0.000037
smids/Abnormal_Sperm/Abnormal_Sperm (835).bmp,0,3,1,1,0.118294,0.879734,0.001973
smids/Abnormal_Sperm/Abnormal_Sperm (846).bmp,0,3,1,1,0.251321,0.748431,0.000248
smids/Abnormal_Sperm/Abnormal_Sperm (85).bmp,0,3,1,1,0.005576,0.991915,0.002509
smids/Abnormal_Sperm/Abnormal_Sperm (856).bmp,0,3,1,1,0.170226,0.828638,0.001136
smids/Abnormal_Sperm/Abnormal_Sperm (859).bmp,0,3,1,1,0.163701,0.836052,0.000248
smids/Abnormal_Sperm/Abnormal_Sperm (86).bmp,0,3,1,1,0.011570,0.983510,0.004920
smids/Abnormal_Sperm/Abnormal_Sperm (862).bmp,0,3,1,1,0.105873,0.889658,0.004469
smids/Abnormal_Sperm/Abnormal_Sperm (864).bmp,0,3,1,0,0.590704,0.394803,0.014494
smids/Abnormal_Sperm/Abnormal_Sperm (870).bmp,0,3,1,0,0.696048,0.187873,0.116079
smids/Abnormal_Sperm/Abnormal_Sperm (872).bmp,0,3,1,1,0.232406,0.765214,0.002379
smids/Abnormal_Sperm/Abnormal_Sperm (879).bmp,0,3,1,1,0.161882,0.837250,0.000868
smids/Abnormal_Sperm/Abnormal_Sperm (89).bmp,0,3,1,1,0.013130,0.922093,0.064776
smids/Abnormal_Sperm/Abnormal_Sperm (890).bmp,0,3,1,1,0.263605,0.736376,0.000019
smids/Abnormal_Sperm/Abnormal_Sperm (891).bmp,0,3,1,0,0.622489,0.377375,0.000135
smids/Abnormal_Sperm/Abnormal_Sperm (902).bmp,0,3,1,1,0.073084,0.833366,0.093550
smids/Abnormal_Sperm/Abnormal_Sperm (905).bmp,0,3,1,1,0.211548,0.783297,0.005156
smids/Abnormal_Sperm/Abnormal_Sperm (916).bmp,0,3,1,1,0.003299,0.718132,0.278569
smids/Abnormal_Sperm/Abnormal_Sperm (921).bmp,0,3,1,0,0.552538,0.367588,0.079873
smids/Abnormal_Sperm/Abnormal_Sperm (923).bmp,0,3,1,1,0.295255,0.696553,0.008192
smids/Abnormal_Sperm/Abnormal_Sperm (926).bmp,0,3,1,1,0.052567,0.929643,0.017790
smids/Abnormal_Sperm/Abnormal_Sperm (937).bmp,0,3,1,2,0.003206,0.268244,0.728549
smids/Abnormal_Sperm/Abnormal_Sperm (940).bmp,0,3,1,2,0.001258,0.105654,0.893088
smids/Abnormal_Sperm/Abnormal_Sperm (942).bmp,0,3,1,1,0.289530,0.542013,0.168457
smids/Abnormal_Sperm/Abnormal_Sperm (951).bmp,0,3,1,1,0.225114,0.646114,0.128772
smids/Abnormal_Sperm/Abnormal_Sperm (960).bmp,0,3,1,1,0.036701,0.955200,0.008100
smids/Abnormal_Sperm/Abnormal_Sperm (964).bmp,0,3,1,1,0.088354,0.909383,0.002263
smids/Abnormal_Sperm/Abnormal_Sperm (969).bmp,0,3,1,1,0.003759,0.950650,0.045591
smids/Abnormal_Sperm/Abnormal_Sperm (97).bmp,0,3,1,1,0.041619,0.954946,0.003435
smids/Abnormal_Sperm/Abnormal_Sperm (973).bmp,0,3,1,1,0.145399,0.853087,0.001514
smids/Abnormal_Sperm/Abnormal_Sperm (98).bmp,0,3,1,1,0.033309,0.962979,0.003712
smids/Abnormal_Sperm/Abnormal_Sperm (983).bmp,0,3,1,1,0.002886,0.911482,0.085632
smids/Abnormal_Sperm/Abnormal_Sperm (985).bmp,0,3,1,2,0.079917,0.361545,0.558538
smids/Abnormal_Sperm/Abnormal_Sperm (987).bmp,0,3,1,1,0.055455,0.943178,0.001368
smids/Abnormal_Sperm/Abnormal_Sperm (992).bmp,0,3,1,1,0.006864,0.548873,0.444263
smids/Abnormal_Sperm/Abnormal_Sperm (993).bmp,0,3,1,1,0.143520,0.855662,0.000817
smids/Abnormal_Sperm/Abnormal_Sperm (995).bmp,0,3,1,1,0.005979,0.961988,0.032033
smids/Abnormal_Sperm/Abnormal_Sperm (998).bmp,0,3,1,1,0.010218,0.942900,0.046882
smids/Non-Sperm/Non-Sperm (101).bmp,0,3,2,2,0.000040,0.000086,0.999873
smids/Non-Sperm/Non-Sperm (104).bmp,0,3,2,2,0.000066,0.000041,0.999893
smids/Non-Sperm/Non-Sperm (108).bmp,0,3,2,2,0.000049,0.001460,0.998490
smids/Non-Sperm/Non-Sperm (109).bmp,0,3,2,2,0.000141,0.001192,0.998666
smids/Non-Sperm/Non-Sperm (11).bmp,0,3,2,2,0.002695,0.469410,0.527895
smids/Non-Sperm/Non-Sperm (110).bmp,0,3,2,2,0.000034,0.002340,0.997626
smids/Non-Sperm/Non-Sperm (111).bmp,0,3,2,2,0.001985,0.000663,0.997352
smids/Non-Sperm/Non-Sperm (114).bmp,0,3,2,2,0.026441,0.004451,0.969109
smids/Non-Sperm/Non-Sperm (115).bmp,0,3,2,2,0.000052,0.000767,0.999181
smids/Non-Sperm/Non-Sperm (118).bmp,0,3,2,2,0.000802,0.000402,0.998796
smids/Non-Sperm/Non-Sperm (119).bmp,0,3,2,2,0.000171,0.001280,0.998549
smids/Non-Sperm/Non-Sperm (121).bmp,0,3,2,2,0.000005,0.000225,0.999770
smids/Non-Sperm/Non-Sperm (123).bmp,0,3,2,2,0.000318,0.003670,0.996012
smids/Non-Sperm/Non-Sperm (13).bmp,0,3,2,2,0.000087,0.002507,0.997406
smids/Non-Sperm/Non-Sperm (144).bmp,0,3,2,2,0.000257,0.000226,0.999517
smids/Non-Sperm/Non-Sperm (151).bmp,0,3,2,2,0.000132,0.002381,0.997487
smids/Non-Sperm/Non-Sperm (156).bmp,0,3,2,2,0.000019,0.000547,0.999435
smids/Non-Sperm/Non-Sperm (158).bmp,0,3,2,2,0.000011,0.000019,0.999970
smids/Non-Sperm/Non-Sperm (164).bmp,0,3,2,2,0.000068,0.001040,0.998892
smids/Non-Sperm/Non-Sperm (166).bmp,0,3,2,2,0.000318,0.008759,0.990923
smids/Non-Sperm/Non-Sperm (167).bmp,0,3,2,2,0.000064,0.004399,0.995537
smids/Non-Sperm/Non-Sperm (17).bmp,0,3,2,2,0.000438,0.000302,0.999260
smids/Non-Sperm/Non-Sperm (170).bmp,0,3,2,2,0.002329,0.003910,0.993761
smids/Non-Sperm/Non-Sperm (173).bmp,0,3,2,2,0.000004,0.000311,0.999685
smids/Non-Sperm/Non-Sperm (179).bmp,0,3,2,2,0.000212,0.001917,0.997872
smids/Non-Sperm/Non-Sperm (18).bmp,0,3,2,2,0.012913,0.001474,0.985612
smids/Non-Sperm/Non-Sperm (186).bmp,0,3,2,2,0.000173,0.003747,0.996081
smids/Non-Sperm/Non-Sperm (189).bmp,0,3,2,2,0.000022,0.000164,0.999814
smids/Non-Sperm/Non-Sperm (193).bmp,0,3,2,2,0.000068,0.000440,0.999492
smids/Non-Sperm/Non-Sperm (196).bmp,0,3,2,2,0.024408,0.005354,0.970238
smids/Non-Sperm/Non-Sperm (2).bmp,0,3,2,1,0.027306,0.933529,0.039165
smids/Non-Sperm/Non-Sperm (200).bmp,0,3,2,2,0.000233,0.000260,0.999507
smids/Non-Sperm/Non-Sperm (201).bmp,0,3,2,2,0.000189,0.002457,0.997354
smids/Non-Sperm/Non-Sperm (204).bmp,0,3,2,2,0.001040,0.000648,0.998312
smids/Non-Sperm/Non-Sperm (206).bmp,0,3,2,2,0.000030,0.000564,0.999406
smids/Non-Sperm/Non-Sperm (21).bmp,0,3,2,2,0.000136,0.031822,0.968041
smids/Non-Sperm/Non-Sperm (212).bmp,0,3,2,2,0.000000,0.000038,0.999962
smids/Non-Sperm/Non-Sperm (218).bmp,0,3,2,2,0.000787,0.015540,0.983674
smids/Non-Sperm/Non-Sperm (22).bmp,0,3,2,2,0.002424,0.062571,0.935005
smids/Non-Sperm/Non-Sperm (221).bmp,0,3,2,2,0.001701,0.022293,0.976006
smids/Non-Sperm/Non-Sperm (233).bmp,0,3,2,2,0.003373,0.001559,0.995067
smids/Non-Sperm/Non-Sperm (243).bmp,0,3,2,2,0.000153,0.001913,0.997935
smids/Non-Sperm/Non-Sperm (245).bmp,0,3,2,2,0.000447,0.000732,0.998821
smids/Non-Sperm/Non-Sperm (253).bmp,0,3,2,2,0.003228,0.002220,0.994552
smids/Non-Sperm/Non-Sperm (26).bmp,0,3,2,1,0.000385,0.749137,0.250478
smids/Non-Sperm/Non-Sperm (261).bmp,0,3,2,2,0.000372,0.000377,0.999250
smids/Non-Sperm/Non-Sperm (276).bmp,0,3,2,2,0.000070,0.001125,0.998805
smids/Non-Sperm/Non-Sperm (282).bmp,0,3,2,2,0.000012,0.000273,0.999715
smids/Non-Sperm/Non-Sperm (289).bmp,0,3,2,2,0.003032,0.021261,0.975708
smids/Non-Sperm/Non-Sperm (296).bmp,0,3,2,2,0.000089,0.000661,0.999250
smids/Non-Sperm/Non-Sperm (299).bmp,0,3,2,2,0.000122,0.006754,0.993123
smids/Non-Sperm/Non-Sperm (30).bmp,0,3,2,2,0.001633,0.477058,0.521309
smids/Non-Sperm/Non-Sperm (304).bmp,0,3,2,2,0.000022,0.000630,0.999348
smids/Non-Sperm/Non-Sperm (306).bmp,0,3,2,2,0.001098,0.001044,0.997858
smids/Non-Sperm/Non-Sperm (311).bmp,0,3,2,2,0.000345,0.005130,0.994525
smids/Non-Sperm/Non-Sperm (314).bmp,0,3,2,2,0.013104,0.003599,0.983296
smids/Non-Sperm/Non-Sperm (315).bmp,0,3,2,2,0.000881,0.006779,0.992340
smids/Non-Sperm/Non-Sperm (318).bmp,0,3,2,2,0.000176,0.000563,0.999261
smids/Non-Sperm/Non-Sperm (322).bmp,0,3,2,2,0.000326,0.000395,0.999279
smids/Non-Sperm/Non-Sperm (330).bmp,0,3,2,2,0.002616,0.481596,0.515788
smids/Non-Sperm/Non-Sperm (333).bmp,0,3,2,1,0.007470,0.509861,0.482669
smids/Non-Sperm/Non-Sperm (334).bmp,0,3,2,2,0.000011,0.000190,0.999799
smids/Non-Sperm/Non-Sperm (341).bmp,0,3,2,2,0.003180,0.188118,0.808702
smids/Non-Sperm/Non-Sperm (344).bmp,0,3,2,2,0.001166,0.010982,0.987852
smids/Non-Sperm/Non-Sperm (345).bmp,0,3,2,2,0.000165,0.002379,0.997456
smids/Non-Sperm/Non-Sperm (35).bmp,0,3,2,2,0.014794,0.422263,0.562943
smids/Non-Sperm/Non-Sperm (358).bmp,0,3,2,2,0.023937,0.004525,0.971538
smids/Non-Sperm/Non-Sperm (360).bmp,0,3,2,2,0.002137,0.049221,0.948642
smids/Non-Sperm/Non-Sperm (377).bmp,0,3,2,2,0.010766,0.032989,0.956245
smids/Non-Sperm/Non-Sperm (38).bmp,0,3,2,2,0.019931,0.265648,0.714421
smids/Non-Sperm/Non-Sperm (381).bmp,0,3,2,2,0.022442,0.273050,0.704508
smids/Non-Sperm/Non-Sperm (395).bmp,0,3,2,2,0.004957,0.103111,0.891932
smids/Non-Sperm/Non-Sperm (396).bmp,0,3,2,2,0.053011,0.456444,0.490545
smids/Non-Sperm/Non-Sperm (399).bmp,0,3,2,2,0.004229,0.006082,0.989689
smids/Non-Sperm/Non-Sperm (40).bmp,0,3,2,2,0.000852,0.019873,0.979275
smids/Non-Sperm/Non-Sperm (405).bmp,0,3,2,2,0.074870,0.022580,0.902550
smids/Non-Sperm/Non-Sperm (408).bmp,0,3,2,2,0.003543,0.001567,0.994890
smids/Non-Sperm/Non-Sperm (409).bmp,0,3,2,2,0.130627,0.021504,0.847869
smids/Non-Sperm/Non-Sperm (410).bmp,0,3,2,2,0.000416,0.004782,0.994802
smids/Non-Sperm/Non-Sperm (411).bmp,0,3,2,2,0.001845,0.001532,0.996623
smids/Non-Sperm/Non-Sperm (418).bmp,0,3,2,2,0.000766,0.000879,0.998355
smids/Non-Sperm/Non-Sperm (422).bmp,0,3,2,2,0.000140,0.004831,0.995030
smids/Non-Sperm/Non-Sperm (424).bmp,0,3,2,2,0.000012,0.000272,0.999716
smids/Non-Sperm/Non-Sperm (428).bmp,0,3,2,2,0.000051,0.001386,0.998563
smids/Non-Sperm/Non-Sperm (433).bmp,0,3,2,2,0.000027,0.000441,0.999532
smids/Non-Sperm/Non-Sperm (449).bmp,0,3,2,0,0.486029,0.170912,0.343059
smids/Non-Sperm/Non-Sperm (450).bmp,0,3,2,2,0.043157,0.009995,0.946848
smids/Non-Sperm/Non-Sperm (452).bmp,0,3,2,2,0.000619,0.045893,0.953488
smids/Non-Sperm/Non-Sperm (456).bmp,0,3,2,2,0.000166,0.010732,0.989102
smids/Non-Sperm/Non-Sperm (468).bmp,0,3,2,2,0.000003,0.000165,0.999831
smids/Non-Sperm/Non-Sperm (481).bmp,0,3,2,2,0.000414,0.000544,0.999041
smids/Non-Sperm/Non-Sperm (486).bmp,0,3,2,2,0.000079,0.001101,0.998819
smids/Non-Sperm/Non-Sperm (487).bmp,0,3,2,2,0.000088,0.000672,0.999241
smids/Non-Sperm/Non-Sperm (500).bmp,0,3,2,2,0.026725,0.023254,0.950021
smids/Non-Sperm/Non-Sperm (504).bmp,0,3,2,2,0.000746,0.000257,0.998997
smids/Non-Sperm/Non-Sperm (521).bmp,0,3,2,2,0.040413,0.010465,0.949122
smids/Non-Sperm/Non-Sperm (525).bmp,0,3,2,2,0.000958,0.001010,0.998032
smids/Non-Sperm/Non-Sperm (530).bmp,0,3,2,2,0.000936,0.004475,0.994588
smids/Non-Sperm/Non-Sperm (532).bmp,0,3,2,2,0.000031,0.000630,0.999339
smids/Non-Sperm/Non-Sperm (55).bmp,0,3,2,2,0.001534,0.328621,0.669845
smids/Non-Sperm/Non-Sperm (553).bmp,0,3,2,2,0.020348,0.090632,0.889020
smids/Non-Sperm/Non-Sperm (556).bmp,0,3,2,2,0.001405,0.010767,0.987828
smids/Non-Sperm/Non-Sperm (562).bmp,0,3,2,2,0.008716,0.005253,0.986031
smids/Non-Sperm/Non-Sperm (564).bmp,0,3,2,2,0.000855,0.051596,0.947549
smids/Non-Sperm/Non-Sperm (565).bmp,0,3,2,2,0.000120,0.017278,0.982602
smids/Non-Sperm/Non-Sperm (57).bmp,0,3,2,2,0.000467,0.101862,0.897670
smids/Non-Sperm/Non-Sperm (573).bmp,0,3,2,2,0.021149,0.008495,0.970356
smids/Non-Sperm/Non-Sperm (58).bmp,0,3,2,2,0.000256,0.122253,0.877491
smids/Non-Sperm/Non-Sperm (586).bmp,0,3,2,2,0.002420,0.030943,0.966637
smids/Non-Sperm/Non-Sperm (587).bmp,0,3,2,2,0.000229,0.007368,0.992403
smids/Non-Sperm/Non-Sperm (594).bmp,0,3,2,2,0.000144,0.000171,0.999685
smids/Non-Sperm/Non-Sperm (598).bmp,0,3,2,2,0.000003,0.000113,0.999884
smids/Non-Sperm/Non-Sperm (600).bmp,0,3,2,2,0.000015,0.000264,0.999721
smids/Non-Sperm/Non-Sperm (601).bmp,0,3,2,2,0.000148,0.001934,0.997918
smids/Non-Sperm/Non-Sperm (602).bmp,0,3,2,2,0.000666,0.000155,0.999179
smids/Non-Sperm/Non-Sperm (609).bmp,0,3,2,2,0.137011,0.014975,0.848014
smids/Non-Sperm/Non-Sperm (610).bmp,0,3,2,2,0.125510,0.015514,0.858975
smids/Non-Sperm/Non-Sperm (618).bmp,0,3,2,2,0.001249,0.015246,0.983505
smids/Non-Sperm/Non-Sperm (620).bmp,0,3,2,2,0.000147,0.000166,0.999686
smids/Non-Sperm/Non-Sperm (622).bmp,0,3,2,2,0.000011,0.000153,0.999836
smids/Non-Sperm/Non-Sperm (625).bmp,0,3,2,2,0.000222,0.000641,0.999136
smids/Non-Sperm/Non-Sperm (627).bmp,0,3,2,2,0.000070,0.000144,0.999786
smids/Non-Sperm/Non-Sperm (63).bmp,0,3,2,2,0.008547,0.059445,0.932007
smids/Non-Sperm/Non-Sperm (638).bmp,0,3,2,2,0.003665,0.026597,0.969738
smids/Non-Sperm/Non-Sperm (639).bmp,0,3,2,2,0.000370,0.006178,0.993453
smids/Non-Sperm/Non-Sperm (646).bmp,0,3,2,2,0.002121,0.442366,0.555513
smids/Non-Sperm/Non-Sperm (647).bmp,0,3,2,2,0.000109,0.002192,0.997698
smids/Non-Sperm/Non-Sperm (65).bmp,0,3,2,2,0.001440,0.147491,0.851070
smids/Non-Sperm/Non-Sperm (651).bmp,0,3,2,2,0.000157,0.000734,0.999109
smids/Non-Sperm/Non-Sperm (666).bmp,0,3,2,2,0.000607,0.000408,0.998985
smids/Non-Sperm/Non-Sperm (67).bmp,0,3,2,2,0.007158,0.111196,0.881646
smids/Non-Sperm/Non-Sperm (671).bmp,0,3,2,2,0.000038,0.000420,0.999542
smids/Non-Sperm/Non-Sperm (674).bmp,0,3,2,2,0.000563,0.013997,0.985441
smids/Non-Sperm/Non-Sperm (676).bmp,0,3,2,1,0.000525,0.549130,0.450344
smids/Non-Sperm/Non-Sperm (677).bmp,0,3,2,2,0.000035,0.016104,0.983862
smids/Non-Sperm/Non-Sperm (680).bmp,0,3,2,2,0.000241,0.000171,0.999588
smids/Non-Sperm/Non-Sperm (686).bmp,0,3,2,2,0.000057,0.002254,0.997689
smids/Non-Sperm/Non-Sperm (687).bmp,0,3,2,2,0.001854,0.007528,0.990619
smids/Non-Sperm/Non-Sperm (697).bmp,0,3,2,2,0.000027,0.000742,0.999232
smids/Non-Sperm/Non-Sperm (70).bmp,0,3,2,2,0.008387,0.029913,0.961699
smids/Non-Sperm/Non-Sperm (703).bmp,0,3,2,2,0.000029,0.001359,0.998612
smids/Non-Sperm/Non-Sperm (705).bmp,0,3,2,2,0.324170,0.071164,0.604667
smids/Non-Sperm/Non-Sperm (706).bmp,0,3,2,2,0.000015,0.000285,0.999700
smids/Non-Sperm/Non-Sperm (711).bmp,0,3,2,2,0.002629,0.043426,0.953944
smids/Non-Sperm/Non-Sperm (712).bmp,0,3,2,2,0.000224,0.000271,0.999504
smids/Non-Sperm/Non-Sperm (713).bmp,0,3,2,2,0.000301,0.002962,0.996737
smids/Non-Sperm/Non-Sperm (714).bmp,0,3,2,2,0.000555,0.005187,0.994258
smids/Non-Sperm/Non-Sperm (72).bmp,0,3,2,2,0.035217,0.060979,0.903804
smids/Non-Sperm/Non-Sperm (723).bmp,0,3,2,2,0.000097,0.004444,0.995458
smids/Non-Sperm/Non-Sperm (726).bmp,0,3,2,2,0.000062,0.000434,0.999505
smids/Non-Sperm/Non-Sperm (727).bmp,0,3,2,2,0.003148,0.003182,0.993670
smids/Non-Sperm/Non-Sperm (740).bmp,0,3,2,2,0.000252,0.002661,0.997087
smids/Non-Sperm/Non-Sperm (745).bmp,0,3,2,2,0.000622,0.000231,0.999148
smids/Non-Sperm/Non-Sperm (747).bmp,0,3,2,2,0.020610,0.042799,0.936590
smids/Non-Sperm/Non-Sperm (748).bmp,0,3,2,2,0.137728,0.063416,0.798857
smids/Non-Sperm/Non-Sperm (752).bmp,0,3,2,2,0.031812,0.192075,0.776113
smids/Non-Sperm/Non-Sperm (768).bmp,0,3,2,2,0.002090,0.005318,0.992593
smids/Non-Sperm/Non-Sperm (77).bmp,0,3,2,2,0.000561,0.148904,0.850535
smids/Non-Sperm/Non-Sperm (771).bmp,0,3,2,2,0.060882,0.014886,0.924232
smids/Non-Sperm/Non-Sperm (781).bmp,0,3,2,2,0.005659,0.001345,0.992996
smids/Non-Sperm/Non-Sperm (783).bmp,0,3,2,2,0.000028,0.000026,0.999946
smids/Non-Sperm/Non-Sperm (784).bmp,0,3,2,2,0.010036,0.007683,0.982281
smids/Non-Sperm/Non-Sperm (787).bmp,0,3,2,2,0.000109,0.000182,0.999710
smids/Non-Sperm/Non-Sperm (79).bmp,0,3,2,2,0.007301,0.219052,0.773647
smids/Non-Sperm/Non-Sperm (808).bmp,0,3,2,2,0.000030,0.000069,0.999902
smids/Non-Sperm/Non-Sperm (81).bmp,0,3,2,2,0.001547,0.000684,0.997769
smids/Non-Sperm/Non-Sperm (813).bmp,0,3,2,2,0.000229,0.002456,0.997315
smids/Non-Sperm/Non-Sperm (815).bmp,0,3,2,2,0.011314,0.004915,0.983771
smids/Non-Sperm/Non-Sperm (823).bmp,0,3,2,2,0.001872,0.279172,0.718956
smids/Non-Sperm/Non-Sperm (826).bmp,0,3,2,2,0.016629,0.026278,0.957092
smids/Non-Sperm/Non-Sperm (835).bmp,0,3,2,2,0.000537,0.004056,0.995406
smids/Non-Sperm/Non-Sperm (84).bmp,0,3,2,2,0.000856,0.000491,0.998653
smids/Non-Sperm/Non-Sperm (848).bmp,0,3,2,2,0.000061,0.000071,0.999868
smids/Non-Sperm/Non-Sperm (854).bmp,0,3,2,1,0.008644,0.725497,0.265859
smids/Non-Sperm/Non-Sperm (855).bmp,0,3,2,2,0.002518,0.001491,0.995991
smids/Non-Sperm/Non-Sperm (861).bmp,0,3,2,2,0.001038,0.006041,0.992921
smids/Non-Sperm/Non-Sperm (875).bmp,0,3,2,2,0.002388,0.000923,0.996689
smids/Non-Sperm/Non-Sperm (878).bmp,0,3,2,2,0.008059,0.294320,0.697621
smids/Non-Sperm/Non-Sperm (880).bmp,0,3,2,2,0.000254,0.038633,0.961113
smids/Non-Sperm/Non-Sperm (885).bmp,0,3,2,2,0.000176,0.007578,0.992245
smids/Non-Sperm/Non-Sperm (890).bmp,0,3,2,2,0.000007,0.000149,0.999844
smids/Non-Sperm/Non-Sperm (894).bmp,0,3,2,2,0.005841,0.435677,0.558482
smids/Non-Sperm/Non-Sperm (909).bmp,0,3,2,1,0.330737,0.412134,0.257128
smids/Non-Sperm/Non-Sperm (91).bmp,0,3,2,2,0.000965,0.005701,0.993334
smids/Non-Sperm/Non-Sperm (911).bmp,0,3,2,1,0.001521,0.779164,0.219315
smids/Non-Sperm/Non-Sperm (922).bmp,0,3,2,2,0.000914,0.006462,0.992623
smids/Non-Sperm/Non-Sperm (93).bmp,0,3,2,2,0.001235,0.001162,0.997603
smids/Non-Sperm/Non-Sperm (931).bmp,0,3,2,2,0.002583,0.085279,0.912138
smids/Non-Sperm/Non-Sperm (938).bmp,0,3,2,2,0.086414,0.022715,0.890871
smids/Non-Sperm/Non-Sperm (945).bmp,0,3,2,0,0.713341,0.017400,0.269259
smids/Non-Sperm/Non-Sperm (955).bmp,0,3,2,2,0.000178,0.026524,0.973297
smids/Non-Sperm/Non-Sperm (957).bmp,0,3,2,2,0.106918,0.115144,0.777938
smids/Non-Sperm/Non-Sperm (961).bmp,0,3,2,2,0.025244,0.247059,0.727697
smids/Non-Sperm/Non-Sperm (966).bmp,0,3,2,2,0.042048,0.192735,0.765217
smids/Non-Sperm/Non-Sperm (967).bmp,0,3,2,2,0.047184,0.278359,0.674457
smids/Normal_Sperm/Normal_Sperm (1000).bmp,0,3,0,0,0.839479,0.150655,0.009866
smids/Normal_Sperm/Normal_Sperm (1005).bmp,0,3,0,1,0.111368,0.887961,0.000671
smids/Normal_Sperm/Normal_Sperm (1008).bmp,0,3,0,0,0.975177,0.024388,0.000435
smids/Normal_Sperm/Normal_Sperm (101).bmp,0,3,0,0,0.990398,0.008126,0.001475
smids/Normal_Sperm/Normal_Sperm (102).bmp,0,3,0,0,0.841478,0.095422,0.063100
smids/Normal_Sperm/Normal_Sperm (104).bmp,0,3,0,0,0.931110,0.067975,0.000915
smids/Normal_Sperm/Normal_Sperm (109).bmp,0,3,0,0,0.985425,0.013084,0.001491
smids/Normal_Sperm/Normal_Sperm (118).bmp,0,3,0,1,0.140992,0.856438,0.002570
smids/Normal_Sperm/Normal_Sperm (119).bmp,0,3,0,1,0.240619,0.755501,0.003880
smids/Normal_Sperm/Normal_Sperm (120).bmp,0,3,0,0,0.874793,0.125092,0.000115
smids/Normal_Sperm/Normal_Sperm (134).bmp,0,3,0,1,0.046045,0.945423,0.008532
smids/Normal_Sperm/Normal_Sperm (14).bmp,0,3,0,1,0.054390,0.785325,0.160285
smids/Normal_Sperm/Normal_Sperm (146).bmp,0,3,0,0,0.969918,0.030067,0.000016
smids/Normal_Sperm/Normal_Sperm (151).bmp,0,3,0,0,0.523018,0.464082,0.012900
smids/Normal_Sperm/Normal_Sperm (155).bmp,0,3,0,0,0.821199,0.166331,0.012470
smids/Normal_Sperm/Normal_Sperm (160).bmp,0,3,0,0,0.910343,0.085608,0.004048
smids/Normal_Sperm/Normal_Sperm (163).bmp,0,3,0,0,0.964268,0.035647,0.000085
smids/Normal_Sperm/Normal_Sperm (171).bmp,0,3,0,0,0.949306,0.048987,0.001707
smids/Normal_Sperm/Normal_Sperm (175).bmp,0,3,0,0,0.996010,0.003693,0.000297
smids/Normal_Sperm/Normal_Sperm (179).bmp,0,3,0,0,0.905475,0.086863,0.007662
smids/Normal_Sperm/Normal_Sperm (18).bmp,0,3,0,0,0.964517,0.034579,0.000904
smids/Normal_Sperm/Normal_Sperm (184).bmp,0,3,0,0,0.942954,0.054830,0.002215
smids/Normal_Sperm/Normal_Sperm (191).bmp,0,3,0,0,0.692804,0.304962,0.002234
smids/Normal_Sperm/Normal_Sperm (193).bmp,0,3,0,0,0.492266,0.336336,0.171398
smids/Normal_Sperm/Normal_Sperm (195).bmp,0,3,0,0,0.980112,0.019360,0.000529
smids/Normal_Sperm/Normal_Sperm (203).bmp,0,3,0,0,0.726445,0.259541,0.014015
smids/Normal_Sperm/Normal_Sperm (204).bmp,0,3,0,0,0.911766,0.086789,0.001445
smids/Normal_Sperm/Normal_Sperm (207).bmp,0,3,0,0,0.735747,0.262144,0.002109
smids/Normal_Sperm/Normal_Sperm (217).bmp,0,3,0,0,0.986516,0.013416,0.000068
smids/Normal_Sperm/Normal_Sperm (225).bmp,0,3,0,0,0.820640,0.164837,0.014523
smids/Normal_Sperm/Normal_Sperm (226).bmp,0,3,0,0,0.638855,0.357060,0.004085
smids/Normal_Sperm/Normal_Sperm (229).bmp,0,3,0,0,0.961199,0.038415,0.000386
smids/Normal_Sperm/Normal_Sperm (230).bmp,0,3,0,0,0.831794,0.165729,0.002477
smids/Normal_Sperm/Normal_Sperm (235).bmp,0,3,0,0,0.941257,0.055538,0.003205
smids/Normal_Sperm/Normal_Sperm (236).bmp,0,3,0,2,0.036040,0.269434,0.694527
smids/Normal_Sperm/Normal_Sperm (237).bmp,0,3,0,0,0.916826,0.083136,0.000039
smids/Normal_Sperm/Normal_Sperm (242).bmp,0,3,0,0,0.889260,0.109840,0.000900
smids/Normal_Sperm/Normal_Sperm (245).bmp,0,3,0,0,0.956484,0.040317,0.003199
smids/Normal_Sperm/Normal_Sperm (249).bmp,0,3,0,0,0.935295,0.063537,0.001168
smids/Normal_Sperm/Normal_Sperm (251).bmp,0,3,0,0,0.981877,0.018070,0.000053
smids/Normal_Sperm/Normal_Sperm (252).bmp,0,3,0,0,0.903620,0.095873,0.000507
smids/Normal_Sperm/Normal_Sperm (257).bmp,0,3,0,0,0.544478,0.455006,0.000516
smids/Normal_Sperm/Normal_Sperm (261).bmp,0,3,0,0,0.636051,0.360382,0.003567
smids/Normal_Sperm/Normal_Sperm (263).bmp,0,3,0,0,0.939882,0.058884,0.001234
smids/Normal_Sperm/Normal_Sperm (266).bmp,0,3,0,0,0.855973,0.143700,0.000327
smids/Normal_Sperm/Normal_Sperm (274).bmp,0,3,0,0,0.875479,0.110419,0.014101
smids/Normal_Sperm/Normal_Sperm (288).bmp,0,3,0,0,0.988668,0.011307,0.000024
smids/Normal_Sperm/Normal_Sperm (295).bmp,0,3,0,0,0.810552,0.186732,0.002717
smids/Normal_Sperm/Normal_Sperm (296).bmp,0,3,0,0,0.815027,0.181664,0.003309
smids/Normal_Sperm/Normal_Sperm (299).bmp,0,3,0,0,0.893483,0.106323,0.000193
smids/Normal_Sperm/Normal_Sperm (301).bmp,0,3,0,0,0.929155,0.065871,0.004975
smids/Normal_Sperm/Normal_Sperm (302).bmp,0,3,0,1,0.044061,0.918465,0.037474
smids/Normal_Sperm/Normal_Sperm (309).bmp,0,3,0,0,0.759970,0.236149,0.003881
smids/Normal_Sperm/Normal_Sperm (315).bmp,0,3,0,0,0.741268,0.256122,0.002610
smids/Normal_Sperm/Normal_Sperm (316).bmp,0,3,0,0,0.919463,0.078650,0.001887
smids/Normal_Sperm/Normal_Sperm (322).bmp,0,3,0,0,0.902923,0.096801,0.000276
smids/Normal_Sperm/Normal_Sperm (327).bmp,0,3,0,0,0.972862,0.027050,0.000087
smids/Normal_Sperm/Normal_Sperm (33).bmp,0,3,0,0,0.838196,0.131054,0.030750
smids/Normal_Sperm/Normal_Sperm (331).bmp,0,3,0,0,0.986350,0.010970,0.002681
smids/Normal_Sperm/Normal_Sperm (333).bmp,0,3,0,0,0.985760,0.014154,0.000086
smids/Normal_Sperm/Normal_Sperm (338).bmp,0,3,0,0,0.682142,0.247585,0.070273
smids/Normal_Sperm/Normal_Sperm (341).bmp,0,3,0,0,0.988125,0.011850,0.000025
smids/Normal_Sperm/Normal_Sperm (355).bmp,0,3,0,0,0.945603,0.054362,0.000035
smids/Normal_Sperm/Normal_Sperm (360).bmp,0,3,0,0,0.949502,0.050360,0.000138
smids/Normal_Sperm/Normal_Sperm (362).bmp,0,3,0,0,0.896521,0.102782,0.000697
smids/Normal_Sperm/Normal_Sperm (364).bmp,0,3,0,0,0.864937,0.133079,0.001984
smids/Normal_Sperm/Normal_Sperm (369).bmp,0,3,0,0,0.661126,0.007606,0.331268
smids/Normal_Sperm/Normal_Sperm (37).bmp,0,3,0,0,0.429309,0.168989,0.401701
smids/Normal_Sperm/Normal_Sperm (373).bmp,0,3,0,0,0.946902,0.052794,0.000304
smids/Normal_Sperm/Normal_Sperm (376).bmp,0,3,0,0,0.929557,0.070271,0.000172
smids/Normal_Sperm/Normal_Sperm (379).bmp,0,3,0,0,0.880814,0.119047,0.000139
smids/Normal_Sperm/Normal_Sperm (380).bmp,0,3,0,0,0.940621,0.057588,0.001791
smids/Normal_Sperm/Normal_Sperm (382).bmp,0,3,0,0,0.958671,0.036315,0.005014
smids/Normal_Sperm/Normal_Sperm (388).bmp,0,3,0,0,0.729258,0.268967,0.001775
smids/Normal_Sperm/Normal_Sperm (389).bmp,0,3,0,0,0.912899,0.086926,0.000175
smids/Normal_Sperm/Normal_Sperm (390).bmp,0,3,0,0,0.899713,0.100078,0.000209
smids/Normal_Sperm/Normal_Sperm (391).bmp,0,3,0,0,0.519311,0.443274,0.037415
smids/Normal_Sperm/Normal_Sperm (398).bmp,0,3,0,0,0.731175,0.268338,0.000487
smids/Normal_Sperm/Normal_Sperm (401).bmp,0,3,0,0,0.977447,0.022523,0.000030
smids/Normal_Sperm/Normal_Sperm (419).bmp,0,3,0,0,0.767237,0.227960,0.004803
smids/Normal_Sperm/Normal_Sperm (427).bmp,0,3,0,0,0.975216,0.024673,0.000111
smids/Normal_Sperm/Normal_Sperm (43).bmp,0,3,0,0,0.717045,0.271874,0.011081
smids/Normal_Sperm/Normal_Sperm (435).bmp,0,3,0,0,0.994885,0.005079,0.000035
smids/Normal_Sperm/Normal_Sperm (440).bmp,0,3,0,0,0.958375,0.032905,0.008720
smids/Normal_Sperm/Normal_Sperm (441).bmp,0,3,0,1,0.060488,0.939260,0.000251
smids/Normal_Sperm/Normal_Sperm (442).bmp,0,3,0,0,0.998571,0.001329,0.000099
smids/Normal_Sperm/Normal_Sperm (448).bmp,0,3,0,0,0.972755,0.026749,0.000495
smids/Normal_Sperm/Normal_Sperm (453).bmp,0,3,0,0,0.893559,0.101734,0.004707
smids/Normal_Sperm/Normal_Sperm (456).bmp,0,3,0,0,0.881059,0.118914,0.000028
smids/Normal_Sperm/Normal_Sperm (460).bmp,0,3,0,0,0.560952,0.411466,0.027581
smids/Normal_Sperm/Normal_Sperm (461).bmp,0,3,0,0,0.911935,0.087960,0.000105
smids/Normal_Sperm/Normal_Sperm (471).bmp,0,3,0,0,0.964131,0.035824,0.000044
smids/Normal_Sperm/Normal_Sperm (475).bmp,0,3,0,0,0.987191,0.012721,0.000088
smids/Normal_Sperm/Normal_Sperm (48).bmp,0,3,0,0,0.965030,0.034560,0.000410
smids/Normal_Sperm/Normal_Sperm (481).bmp,0,3,0,0,0.843866,0.149251,0.006883
smids/Normal_Sperm/Normal_Sperm (486).bmp,0,3,0,0,0.700887,0.293522,0.005592
smids/Normal_Sperm/Normal_Sperm (489).bmp,0,3,0,0,0.889329,0.110049,0.000621
smids/Normal_Sperm/Normal_Sperm (490).bmp,0,3,0,0,0.971665,0.027925,0.000410
smids/Normal_Sperm/Normal_Sperm (491).bmp,0,3,0,0,0.962948,0.037036,0.000017
smids/Normal_Sperm/Normal_Sperm (496).bmp,0,3,0,0,0.977617,0.016772,0.005611
smids/Normal_Sperm/Normal_Sperm (5).bmp,0,3,0,0,0.963424,0.027274,0.009302
smids/Normal_Sperm/Normal_Sperm (501).bmp,0,3,0,0,0.950812,0.049043,0.000144
smids/Normal_Sperm/Normal_Sperm (504).bmp,0,3,0,0,0.986882,0.013052,0.000066
smids/Normal_Sperm/Normal_Sperm (508).bmp,0,3,0,0,0.939679,0.059750,0.000571
smids/Normal_Sperm/Normal_Sperm (509).bmp,0,3,0,0,0.613100,0.379592,0.007308
smids/Normal_Sperm/Normal_Sperm (51).bmp,0,3,0,0,0.948481,0.051223,0.000296
smids/Normal_Sperm/Normal_Sperm (510).bmp,0,3,0,0,0.955658,0.044145,0.000197
smids/Normal_Sperm/Normal_Sperm (524).bmp,0,3,0,0,0.962620,0.037292,0.000088
smids/Normal_Sperm/Normal_Sperm (526).bmp,0,3,0,0,0.653230,0.346624,0.000146
smids/Normal_Sperm/Normal_Sperm (528).bmp,0,3,0,0,0.954522,0.044941,0.000538
smids/Normal_Sperm/Normal_Sperm (533).bmp,0,3,0,0,0.888679,0.110961,0.000360
smids/Normal_Sperm/Normal_Sperm (537).bmp,0,3,0,0,0.979982,0.019897,0.000121
smids/Normal_Sperm/Normal_Sperm (545).bmp,0,3,0,0,0.970624,0.029318,0.000058
smids/Normal_Sperm/Normal_Sperm (553).bmp,0,3,0,0,0.938417,0.061518,0.000065
smids/Normal_Sperm/Normal_Sperm (576).bmp,0,3,0,0,0.906559,0.093419,0.000022
smids/Normal_Sperm/Normal_Sperm (580).bmp,0,3,0,0,0.982964,0.016952,0.000083
smids/Normal_Sperm/Normal_Sperm (587).bmp,0,3,0,0,0.948288,0.051618,0.000095
smids/Normal_Sperm/Normal_Sperm (598).bmp,0,3,0,0,0.665742,0.328884,0.005375
smids/Normal_Sperm/Normal_Sperm (605).bmp,0,3,0,0,0.964602,0.035396,0.000002
smids/Normal_Sperm/Normal_Sperm (608).bmp,0,3,0,0,0.963988,0.036002,0.000010
smids/Normal_Sperm/Normal_Sperm (610).bmp,0,3,0,0,0.992329,0.007667,0.000004
smids/Normal_Sperm/Normal_Sperm (615).bmp,0,3,0,0,0.981503,0.012565,0.005932
smids/Normal_Sperm/Normal_Sperm (618).bmp,0,3,0,0,0.943310,0.056635,0.000054
smids/Normal_Sperm/Normal_Sperm (62).bmp,0,3,0,1,0.128431,0.862356,0.009213
smids/Normal_Sperm/Normal_Sperm (624).bmp,0,3,0,0,0.913088,0.086814,0.000098
smids/Normal_Sperm/Normal_Sperm (629).bmp,0,3,0,0,0.991590,0.008407,0.000003
smids/Normal_Sperm/Normal_Sperm (633).bmp,0,3,0,0,0.629303,0.368808,0.001889
smids/Normal_Sperm/Normal_Sperm (635).bmp,0,3,0,0,0.956521,0.043443,0.000036
smids/Normal_Sperm/Normal_Sperm (639).bmp,0,3,0,0,0.560367,0.423075,0.016558
smids/Normal_Sperm/Normal_Sperm (640).bmp,0,3,0,0,0.972726,0.018877,0.008397
smids/Normal_Sperm/Normal_Sperm (642).bmp,0,3,0,0,0.945533,0.054152,0.000316
smids/Normal_Sperm/Normal_Sperm (646).bmp,0,3,0,0,0.979020,0.020970,0.000009
smids/Normal_Sperm/Normal_Sperm (65).bmp,0,3,0,0,0.912755,0.081115,0.006130
smids/Normal_Sperm/Normal_Sperm (658).bmp,0,3,0,0,0.986700,0.013291,0.000009
smids/Normal_Sperm/Normal_Sperm (659).bmp,0,3,0,0,0.954882,0.045045,0.000073
smids/Normal_Sperm/Normal_Sperm (667).bmp,0,3,0,0,0.970329,0.029319,0.000351
smids/Normal_Sperm/Normal_Sperm (67).bmp,0,3,0,0,0.855644,0.114650,0.029707
smids/Normal_Sperm/Normal_Sperm (670).bmp,0,3,0,0,0.971603,0.016704,0.011694
smids/Normal_Sperm/Normal_Sperm (673).bmp,0,3,0,0,0.928013,0.071961,0.000026
smids/Normal_Sperm/Normal_Sperm (674).bmp,0,3,0,0,0.975283,0.023634,0.001083
smids/Normal_Sperm/Normal_Sperm (694).bmp,0,3,0,0,0.969676,0.028073,0.002251
smids/Normal_Sperm/Normal_Sperm (701).bmp,0,3,0,0,0.932418,0.067524,0.000058
smids/Normal_Sperm/Normal_Sperm (706).bmp,0,3,0,0,0.928799,0.071047,0.000154
smids/Normal_Sperm/Normal_Sperm (716).bmp,0,3,0,0,0.576527,0.423261,0.000213
smids/Normal_Sperm/Normal_Sperm (717).bmp,0,3,0,0,0.960814,0.038720,0.000466
smids/Normal_Sperm/Normal_Sperm (72).bmp,0,3,0,0,0.956070,0.043180,0.000751
smids/Normal_Sperm/Normal_Sperm (729).bmp,0,3,0,0,0.995023,0.004251,0.000726
smids/Normal_Sperm/Normal_Sperm (730).bmp,0,3,0,0,0.898132,0.083397,0.018471
smids/Normal_Sperm/Normal_Sperm (731).bmp,0,3,0,0,0.896687,0.102395,0.000917
smids/Normal_Sperm/Normal_Sperm (732).bmp,0,3,0,0,0.996782,0.003213,0.000005
smids/Normal_Sperm/Normal_Sperm (737).bmp,0,3,0,0,0.993049,0.006716,0.000235
smids/Normal_Sperm/Normal_Sperm (741).bmp,0,3,0,0,0.954340,0.040346,0.005315
smids/Normal_Sperm/Normal_Sperm (746).bmp,0,3,0,0,0.934184,0.065307,0.000509
smids/Normal_Sperm/Normal_Sperm (751).bmp,0,3,0,0,0.981452,0.018106,0.000442
smids/Normal_Sperm/Normal_Sperm (756).bmp,0,3,0,0,0.967847,0.031705,0.000448
smids/Normal_Sperm/Normal_Sperm (761).bmp,0,3,0,0,0.980764,0.019169,0.000067
smids/Normal_Sperm/Normal_Sperm (768).bmp,0,3,0,0,0.866273,0.091342,0.042385
smids/Normal_Sperm/Normal_Sperm (773).bmp,0,3,0,0,0.976585,0.023302,0.000112
smids/Normal_Sperm/Normal_Sperm (776).bmp,0,3,0,0,0.990540,0.009417,0.000043
smids/Normal_Sperm/Normal_Sperm (778).bmp,0,3,0,0,0.904777,0.075950,0.019273
smids/Normal_Sperm/Normal_Sperm (798).bmp,0,3,0,0,0.964629,0.035145,0.000226
smids/Normal_Sperm/Normal_Sperm (8).bmp,0,3,0,0,0.552541,0.304133,0.143327
smids/Normal_Sperm/Normal_Sperm (802).bmp,0,3,0,0,0.748583,0.100351,0.151066
smids/Normal_Sperm/Normal_Sperm (805).bmp,0,3,0,0,0.779128,0.075588,0.145284
smids/Normal_Sperm/Normal_Sperm (809).bmp,0,3,0,0,0.991518,0.008471,0.000011
smids/Normal_Sperm/Normal_Sperm (81).bmp,0,3,0,0,0.951517,0.045886,0.002597
smids/Normal_Sperm/Normal_Sperm (816).bmp,0,3,0,0,0.626200,0.339643,0.034157
smids/Normal_Sperm/Normal_Sperm (817).bmp,0,3,0,0,0.930378,0.067346,0.002277
smids/Normal_Sperm/Normal_Sperm (819).bmp,0,3,0,0,0.915627,0.084162,0.000210
smids/Normal_Sperm/Normal_Sperm (824).bmp,0,3,0,0,0.997331,0.002109,0.000560
smids/Normal_Sperm/Normal_Sperm (825).bmp,0,3,0,0,0.752147,0.234125,0.013727
smids/Normal_Sperm/Normal_Sperm (834).bmp,0,3,0,0,0.955589,0.044408,0.000002
smids/Normal_Sperm/Normal_Sperm (837).bmp,0,3,0,1,0.379233,0.618103,0.002663
smids/Normal_Sperm/Normal_Sperm (846).bmp,0,3,0,0,0.958497,0.041454,0.000049
smids/Normal_Sperm/Normal_Sperm (848).bmp,0,3,0,0,0.967472,0.032031,0.000497
smids/Normal_Sperm/Normal_Sperm (852).bmp,0,3,0,0,0.927656,0.072067,0.000277
smids/Normal_Sperm/Normal_Sperm (854).bmp,0,3,0,0,0.960541,0.039429,0.000029
smids/Normal_Sperm/Normal_Sperm (869).bmp,0,3,0,0,0.947679,0.052199,0.000122
smids/Normal_Sperm/Normal_Sperm (870).bmp,0,3,0,0,0.977700,0.022198,0.000103
smids/Normal_Sperm/Normal_Sperm (875).bmp,0,3,0,1,0.080858,0.887275,0.031867
smids/Normal_Sperm/Normal_Sperm (877).bmp,0,3,0,0,0.973917,0.026065,0.000018
smids/Normal_Sperm/Normal_Sperm (88).bmp,0,3,0,1,0.137513,0.675521,0.186967
smids/Normal_Sperm/Normal_Sperm (889).bmp,0,3,0,1,0.129066,0.870807,0.000128
smids/Normal_Sperm/Normal_Sperm (895).bmp,0,3,0,0,0.876130,0.123533,0.000337
smids/Normal_Sperm/Normal_Sperm (896).bmp,0,3,0,0,0.954234,0.045694,0.000072
smids/Normal_Sperm/Normal_Sperm (903).bmp,0,3,0,1,0.083982,0.812946,0.103072
smids/Normal_Sperm/Normal_Sperm (907).bmp,0,3,0,1,0.042219,0.955365,0.002416
smids/Normal_Sperm/Normal_Sperm (908).bmp,0,3,0,0,0.766361,0.233631,0.000009
smids/Normal_Sperm/Normal_Sperm (922).bmp,0,3,0,0,0.688597,0.311398,0.000004
smids/Normal_Sperm/Normal_Sperm (925).bmp,0,3,0,1,0.333106,0.665979,0.000915
smids/Normal_Sperm/Normal_Sperm (93).bmp,0,3,0,0,0.941857,0.057406,0.000737
smids/Normal_Sperm/Normal_Sperm (936).bmp,0,3,0,0,0.853145,0.146602,0.000254
smids/Normal_Sperm/Normal_Sperm (937).bmp,0,3,0,0,0.872497,0.106042,0.021462
smids/Normal_Sperm/Normal_Sperm (941).bmp,0,3,0,1,0.153235,0.846642,0.000123
smids/Normal_Sperm/Normal_Sperm (945).bmp,0,3,0,0,0.943967,0.055756,0.000276
smids/Normal_Sperm/Normal_Sperm (946).bmp,0,3,0,1,0.047810,0.946760,0.005430
smids/Normal_Sperm/Normal_Sperm (960).bmp,0,3,0,0,0.967564,0.032247,0.000189
smids/Normal_Sperm/Normal_Sperm (965).bmp,0,3,0,0,0.754853,0.240372,0.004775
smids/Normal_Sperm/Normal_Sperm (981).bmp,0,3,0,1,0.483070,0.516892,0.000038
smids/Normal_Sperm/Normal_Sperm (989).bmp,0,3,0,1,0.132846,0.658710,0.208444
smids/Abnormal_Sperm/Abnormal_Sperm (100).bmp,0,4,1,1,0.035494,0.963648,0.000858
smids/Abnormal_Sperm/Abnormal_Sperm (1000).bmp,0,4,1,1,0.006212,0.979257,0.014531
smids/Abnormal_Sperm/Abnormal_Sperm (106).bmp,0,4,1,1,0.002260,0.766790,0.230950
smids/Abnormal_Sperm/Abnormal_Sperm (113).bmp,0,4,1,1,0.006851,0.925526,0.067622
smids/Abnormal_Sperm/Abnormal_Sperm (118).bmp,0,4,1,1,0.029596,0.968785,0.001618
smids/Abnormal_Sperm/Abnormal_Sperm (121).bmp,0,4,1,1,0.032663,0.938619,0.028717
smids/Abnormal_Sperm/Abnormal_Sperm (130).bmp,0,4,1,1,0.003342,0.937980,0.058678
smids/Abnormal_Sperm/Abnormal_Sperm (135).bmp,0,4,1,1,0.004503,0.975106,0.020392
smids/Abnormal_Sperm/Abnormal_Sperm (138).bmp,0,4,1,1,0.026698,0.960842,0.012460
smids/Abnormal_Sperm/Abnormal_Sperm (140).bmp,0,4,1,1,0.151316,0.848388,0.000297
smids/Abnormal_Sperm/Abnormal_Sperm (142).bmp,0,4,1,1,0.180519,0.819107,0.000374
smids/Abnormal_Sperm/Abnormal_Sperm (143).bmp,0,4,1,1,0.125680,0.874297,0.000022
smids/Abnormal_Sperm/Abnormal_Sperm (145).bmp,0,4,1,1,0.074584,0.924956,0.000460
smids/Abnormal_Sperm/Abnormal_Sperm (149).bmp,0,4,1,1,0.060652,0.939151,0.000197
smids/Abnormal_Sperm/Abnormal_Sperm (151).bmp,0,4,1,1,0.013185,0.606956,0.379859
smids/Abnormal_Sperm/Abnormal_Sperm (153).bmp,0,4,1,1,0.072177,0.926995,0.000828
smids/Abnormal_Sperm/Abnormal_Sperm (162).bmp,0,4,1,1,0.052447,0.939478,0.008075
smids/Abnormal_Sperm/Abnormal_Sperm (163).bmp,0,4,1,1,0.009983,0.989453,0.000563
smids/Abnormal_Sperm/Abnormal_Sperm (170).bmp,0,4,1,1,0.007694,0.978907,0.013399
smids/Abnormal_Sperm/Abnormal_Sperm (178).bmp,0,4,1,1,0.016725,0.965687,0.017588
smids/Abnormal_Sperm/Abnormal_Sperm (179).bmp,0,4,1,0,0.608208,0.391789,0.000004
smids/Abnormal_Sperm/Abnormal_Sperm (186).bmp,0,4,1,1,0.021226,0.978460,0.000314
smids/Abnormal_Sperm/Abnormal_Sperm (188).bmp,0,4,1,1,0.010601,0.970206,0.019193
smids/Abnormal_Sperm/Abnormal_Sperm (189).bmp,0,4,1,1,0.007373,0.946543,0.046085
smids/Abnormal_Sperm/Abnormal_Sperm (192).bmp,0,4,1,1,0.019533,0.980028,0.000439
smids/Abnormal_Sperm/Abnormal_Sperm (195).bmp,0,4,1,1,0.053223,0.945316,0.001460
smids/Abnormal_Sperm/Abnormal_Sperm (197).bmp,0,4,1,1,0.036939,0.962200,0.000861
smids/Abnormal_Sperm/Abnormal_Sperm (199).bmp,0,4,1,1,0.020541,0.974490,0.004970
smids/Abnormal_Sperm/Abnormal_Sperm (205).bmp,0,4,1,1,0.008723,0.983491,0.007786
smids/Abnormal_Sperm/Abnormal_Sperm (21).bmp,0,4,1,1,0.000927,0.784639,0.214434
smids/Abnormal_Sperm/Abnormal_Sperm (214).bmp,0,4,1,1,0.007253,0.971958,0.020789
smids/Abnormal_Sperm/Abnormal_Sperm (226).bmp,0,4,1,1,0.036915,0.904559,0.058526
smids/Abnormal_Sperm/Abnormal_Sperm (228).bmp,0,4,1,1,0.085229,0.904897,0.009874
smids/Abnormal_Sperm/Abnormal_Sperm (229).bmp,0,4,1,1,0.048481,0.951404,0.000116
smids/Abnormal_Sperm/Abnormal_Sperm (230).bmp,0,4,1,1,0.277633,0.722061,0.000306
smids/Abnormal_Sperm/Abnormal_Sperm (237).bmp,0,4,1,1,0.008812,0.980200,0.010989
smids/Abnormal_Sperm/Abnormal_Sperm (244).bmp,0,4,1,1,0.005709,0.554786,0.439505
smids/Abnormal_Sperm/Abnormal_Sperm (248).bmp,0,4,1,1,0.048903,0.949895,0.001202
smids/Abnormal_Sperm/Abnormal_Sperm (259).bmp,0,4,1,1,0.036764,0.958377,0.004859
smids/Abnormal_Sperm/Abnormal_Sperm (262).bmp,0,4,1,1,0.021064,0.949788,0.029149
smids/Abnormal_Sperm/Abnormal_Sperm (264).bmp,0,4,1,1,0.121382,0.809941,0.068677
smids/Abnormal_Sperm/Abnormal_Sperm (265).bmp,0,4,1,1,0.058663,0.931521,0.009816
smids/Abnormal_Sperm/Abnormal_Sperm (270).bmp,0,4,1,1,0.012764,0.979557,0.007679
smids/Abnormal_Sperm/Abnormal_Sperm (273).bmp,0,4,1,1,0.009377,0.986200,0.004423
smids/Abnormal_Sperm/Abnormal_Sperm (274).bmp,0,4,1,1,0.002970,0.901067,0.095963
smids/Abnormal_Sperm/Abnormal_Sperm (279).bmp,0,4,1,1,0.045131,0.952663,0.002206
smids/Abnormal_Sperm/Abnormal_Sperm (283).bmp,0,4,1,1,0.067218,0.931604,0.001178
smids/Abnormal_Sperm/Abnormal_Sperm (297).bmp,0,4,1,1,0.039843,0.958312,0.001846
smids/Abnormal_Sperm/Abnormal_Sperm (299).bmp,0,4,1,1,0.027745,0.969411,0.002844
smids/Abnormal_Sperm/Abnormal_Sperm (3).bmp,0,4,1,2,0.001759,0.250614,0.747626
smids/Abnormal_Sperm/Abnormal_Sperm (305).bmp,0,4,1,1,0.016089,0.786380,0.197531
smids/Abnormal_Sperm/Abnormal_Sperm (307).bmp,0,4,1,1,0.009382,0.879344,0.111274
smids/Abnormal_Sperm/Abnormal_Sperm (315).bmp,0,4,1,1,0.013494,0.984890,0.001616
smids/Abnormal_Sperm/Abnormal_Sperm (316).bmp,0,4,1,1,0.063246,0.935980,0.000774
smids/Abnormal_Sperm/Abnormal_Sperm (318).bmp,0,4,1,1,0.170047,0.828700,0.001253
smids/Abnormal_Sperm/Abnormal_Sperm (329).bmp,0,4,1,1,0.116815,0.879758,0.003427
smids/Abnormal_Sperm/Abnormal_Sperm (330).bmp,0,4,1,1,0.079659,0.920267,0.000075
smids/Abnormal_Sperm/Abnormal_Sperm (334).bmp,0,4,1,1,0.056556,0.943132,0.000312
smids/Abnormal_Sperm/Abnormal_Sperm (344).bmp,0,4,1,1,0.003166,0.991929,0.004905
smids/Abnormal_Sperm/Abnormal_Sperm (346).bmp,0,4,1,1,0.029240,0.967944,0.002817
smids/Abnormal_Sperm/Abnormal_Sperm (350).bmp,0,4,1,1,0.011220,0.987157,0.001623
smids/Abnormal_Sperm/Abnormal_Sperm (357).bmp,0,4,1,1,0.024725,0.939562,0.035713
smids/Abnormal_Sperm/Abnormal_Sperm (360).bmp,0,4,1,1,0.107065,0.891661,0.001274
smids/Abnormal_Sperm/Abnormal_Sperm (364).bmp,0,4,1,1,0.008331,0.876440,0.115229
smids/Abnormal_Sperm/Abnormal_Sperm (367).bmp,0,4,1,1,0.179115,0.820013,0.000872
smids/Abnormal_Sperm/Abnormal_Sperm (368).bmp,0,4,1,2,0.001901,0.188078,0.810021
smids/Abnormal_Sperm/Abnormal_Sperm (382).bmp,0,4,1,1,0.048612,0.951184,0.000205
smids/Abnormal_Sperm/Abnormal_Sperm (383).bmp,0,4,1,1,0.123004,0.875092,0.001904
smids/Abnormal_Sperm/Abnormal_Sperm (396).bmp,0,4,1,1,0.082541,0.917403,0.000056
smids/Abnormal_Sperm/Abnormal_Sperm (400).bmp,0,4,1,1,0.011566,0.984954,0.003481
smids/Abnormal_Sperm/Abnormal_Sperm (401).bmp,0,4,1,1,0.109390,0.889988,0.000621
smids/Abnormal_Sperm/Abnormal_Sperm (403).bmp,0,4,1,1,0.177009,0.822709,0.000283
smids/Abnormal_Sperm/Abnormal_Sperm (421).bmp,0,4,1,1,0.054136,0.944719,0.001145
smids/Abnormal_Sperm/Abnormal_Sperm (429).bmp,0,4,1,1,0.003953,0.919641,0.076406
smids/Abnormal_Sperm/Abnormal_Sperm (43).bmp,0,4,1,1,0.098538,0.849381,0.052080
smids/Abnormal_Sperm/Abnormal_Sperm (469).bmp,0,4,1,1,0.009273,0.949385,0.041342
smids/Abnormal_Sperm/Abnormal_Sperm (477).bmp,0,4,1,1,0.011331,0.977602,0.011067
smids/Abnormal_Sperm/Abnormal_Sperm (478).bmp,0,4,1,1,0.025179,0.842624,0.132197
smids/Abnormal_Sperm/Abnormal_Sperm (485).bmp,0,4,1,1,0.013108,0.980627,0.006265
smids/Abnormal_Sperm/Abnormal_Sperm (486).bmp,0,4,1,1,0.003127,0.716230,0.280643
smids/Abnormal_Sperm/Abnormal_Sperm (487).bmp,0,4,1,1,0.400348,0.592121,0.007531
smids/Abnormal_Sperm/Abnormal_Sperm (490).bmp,0,4,1,1,0.096048,0.898462,0.005490
smids/Abnormal_Sperm/Abnormal_Sperm (493).bmp,0,4,1,1,0.013181,0.782695,0.204124
smids/Abnormal_Sperm/Abnormal_Sperm (496).bmp,0,4,1,1,0.282385,0.713120,0.004494
smids/Abnormal_Sperm/Abnormal_Sperm (497).bmp,0,4,1,1,0.256080,0.429031,0.314889
smids/Abnormal_Sperm/Abnormal_Sperm (500).bmp,0,4,1,2,0.281927,0.101915,0.616159
smids/Abnormal_Sperm/Abnormal_Sperm (506).bmp,0,4,1,1,0.065786,0.928406,0.005808
smids/Abnormal_Sperm/Abnormal_Sperm (508).bmp,0,4,1,1,0.012901,0.575178,0.411921
smids/Abnormal_Sperm/Abnormal_Sperm (510).bmp,0,4,1,0,0.383971,0.316511,0.299518
smids/Abnormal_Sperm/Abnormal_Sperm (511).bmp,0,4,1,1,0.014521,0.963014,0.022465
smids/Abnormal_Sperm/Abnormal_Sperm (518).bmp,0,4,1,1,0.071631,0.925453,0.002916
smids/Abnormal_Sperm/Abnormal_Sperm (521).bmp,0,4,1,1,0.020227,0.947970,0.031804
smids/Abnormal_Sperm/Abnormal_Sperm (522).bmp,0,4,1,1,0.009010,0.768459,0.222531
smids/Abnormal_Sperm/Abnormal_Sperm (525).bmp,0,4,1,1,0.019115,0.961168,0.019717
smids/Abnormal_Sperm/Abnormal_Sperm (532).bmp,0,4,1,1,0.026142,0.921583,0.052275
smids/Abnormal_Sperm/Abnormal_Sperm (548).bmp,0,4,1,1,0.008484,0.931300,0.060216
smids/Abnormal_Sperm/Abnormal_Sperm (549).bmp,0,4,1,1,0.145373,0.813244,0.041383
smids/Abnormal_Sperm/Abnormal_Sperm (55).bmp,0,4,1,1,0.013279,0.640829,0.345892
smids/Abnormal_Sperm/Abnormal_Sperm (554).bmp,0,4,1,0,0.441581,0.391652,0.166766
smids/Abnormal_Sperm/Abnormal_Sperm (555).bmp,0,4,1,1,0.294854,0.703705,0.001441
smids/Abnormal_Sperm/Abnormal_Sperm (558).bmp,0,4,1,1,0.136633,0.856641,0.006727
smids/Abnormal_Sperm/Abnormal_Sperm (568).bmp,0,4,1,2,0.003993,0.241637,0.754370
smids/Abnormal_Sperm/Abnormal_Sperm (577).bmp,0,4,1,1,0.027382,0.941764,0.030854
smids/Abnormal_Sperm/Abnormal_Sperm (578).bmp,0,4,1,0,0.795964,0.193120,0.010916
smids/Abnormal_Sperm/Abnormal_Sperm (601).bmp,0,4,1,2,0.257658,0.275216,0.467126
smids/Abnormal_Sperm/Abnormal_Sperm (605).bmp,0,4,1,1,0.022734,0.904926,0.072339
smids/Abnormal_Sperm/Abnormal_Sperm (606).bmp,0,4,1,0,0.905306,0.093029,0.001666
smids/Abnormal_Sperm/Abnormal_Sperm (611).bmp,0,4,1,1,0.097377,0.886703,0.015920
smids/Abnormal_Sperm/Abnormal_Sperm (613).bmp,0,4,1,1,0.075380,0.924370,0.000250
smids/Abnormal_Sperm/Abnormal_Sperm (617).bmp,0,4,1,1,0.158977,0.835276,0.005747
smids/Abnormal_Sperm/Abnormal_Sperm (619).bmp,0,4,1,1,0.210035,0.786062,0.003903
smids/Abnormal_Sperm/Abnormal_Sperm (623).bmp,0,4,1,1,0.473047,0.526876,0.000077
smids/Abnormal_Sperm/Abnormal_Sperm (630).bmp,0,4,1,1,0.024452,0.705665,0.269883
smids/Abnormal_Sperm/Abnormal_Sperm (631).bmp,0,4,1,1,0.242105,0.756771,0.001125
smids/Abnormal_Sperm/Abnormal_Sperm (633).bmp,0,4,1,1,0.062093,0.823531,0.114376
smids/Abnormal_Sperm/Abnormal_Sperm (635).bmp,0,4,1,1,0.144260,0.850226,0.005513
smids/Abnormal_Sperm/Abnormal_Sperm (638).bmp,0,4,1,0,0.587882,0.403165,0.008953
smids/Abnormal_Sperm/Abnormal_Sperm (642).bmp,0,4,1,1,0.264746,0.734991,0.000263
smids/Abnormal_Sperm/Abnormal_Sperm (652).bmp,0,4,1,1,0.270137,0.728733,0.001130
smids/Abnormal_Sperm/Abnormal_Sperm (669).bmp,0,4,1,1,0.117538,0.873982,0.008480
smids/Abnormal_Sperm/Abnormal_Sperm (673).bmp,0,4,1,1,0.023852,0.875867,0.100280
smids/Abnormal_Sperm/Abnormal_Sperm (680).bmp,0,4,1,1,0.248230,0.675044,0.076726
smids/Abnormal_Sperm/Abnormal_Sperm (681).bmp,0,4,1,1,0.088260,0.909247,0.002493
smids/Abnormal_Sperm/Abnormal_Sperm (688).bmp,0,4,1,1,0.089933,0.893547,0.016520
smids/Abnormal_Sperm/Abnormal_Sperm (698).bmp,0,4,1,1,0.490075,0.509689,0.000236
smids/Abnormal_Sperm/Abnormal_Sperm (699).bmp,0,4,1,1,0.105075,0.894349,0.000576
smids/Abnormal_Sperm/Abnormal_Sperm (7).bmp,0,4,1,1,0.138855,0.857863,0.003282
smids/Abnormal_Sperm/Abnormal_Sperm (701).bmp,0,4,1,1,0.060690,0.867707,0.071604
smids/Abnormal_Sperm/Abnormal_Sperm (702).bmp,0,4,1,1,0.091471,0.906332,0.002197
smids/Abnormal_Sperm/Abnormal_Sperm (709).bmp,0,4,1,1,0.033467,0.965206,0.001327
smids/Abnormal_Sperm/Abnormal_Sperm (71).bmp,0,4,1,1,0.019504,0.927046,0.053450
smids/Abnormal_Sperm/Abnormal_Sperm (711).bmp,0,4,1,1,0.097076,0.895265,0.007659
smids/Abnormal_Sperm/Abnormal_Sperm (716).bmp,0,4,1,1,0.138097,0.860916,0.000986
smids/Abnormal_Sperm/Abnormal_Sperm (72).bmp,0,4,1,1,0.012056,0.961295,0.026649
smids/Abnormal_Sperm/Abnormal_Sperm (721).bmp,0,4,1,1,0.120756,0.876873,0.002371
smids/Abnormal_Sperm/Abnormal_Sperm (722).bmp,0,4,1,1,0.099771,0.898458,0.001771
smids/Abnormal_Sperm/Abnormal_Sperm (730).bmp,0,4,1,1,0.182435,0.816321,0.001244
smids/Abnormal_Sperm/Abnormal_Sperm (731).bmp,0,4,1,1,0.087434,0.901637,0.010930
smids/Abnormal_Sperm/Abnormal_Sperm (739).bmp,0,4,1,1,0.073384,0.923170,0.003446
smids/Abnormal_Sperm/Abnormal_Sperm (741).bmp,0,4,1,1,0.086861,0.912790,0.000349
smids/Abnormal_Sperm/Abnormal_Sperm (745).bmp,0,4,1,1,0.061743,0.938076,0.000181
smids/Abnormal_Sperm/Abnormal_Sperm (747).bmp,0,4,1,1,0.278638,0.719438,0.001925
smids/Abnormal_Sperm/Abnormal_Sperm (751).bmp,0,4,1,1,0.275676,0.717972,0.006353
smids/Abnormal_Sperm/Abnormal_Sperm (755).bmp,0,4,1,0,0.799147,0.200706,0.000147
smids/Abnormal_Sperm/Abnormal_Sperm (757).bmp,0,4,1,1,0.027474,0.971134,0.001392
smids/Abnormal_Sperm/Abnormal_Sperm (758).bmp,0,4,1,0,0.622160,0.377478,0.000363
smids/Abnormal_Sperm/Abnormal_Sperm (759).bmp,0,4,1,1,0.094428,0.904393,0.001179
smids/Abnormal_Sperm/Abnormal_Sperm (773).bmp,0,4,1,1,0.005674,0.976134,0.018192
smids/Abnormal_Sperm/Abnormal_Sperm (774).bmp,0,4,1,0,0.990818,0.009110,0.000071
smids/Abnormal_Sperm/Abnormal_Sperm (778).bmp,0,4,1,1,0.106668,0.892970,0.000362
smids/Abnormal_Sperm/Abnormal_Sperm (79).bmp,0,4,1,1,0.015640,0.929297,0.055064
smids/Abnormal_Sperm/Abnormal_Sperm (791).bmp,0,4,1,1,0.268496,0.730870,0.000634
smids/Abnormal_Sperm/Abnormal_Sperm (798).bmp,0,4,1,1,0.082613,0.910789,0.006598
smids/Abnormal_Sperm/Abnormal_Sperm (800).bmp,0,4,1,1,0.143511,0.856160,0.000329
smids/Abnormal_Sperm/Abnormal_Sperm (809).bmp,0,4,1,1,0.301677,0.695389,0.002934
smids/Abnormal_Sperm/Abnormal_Sperm (814).bmp,0,4,1,0,0.957721,0.042275,0.000004
smids/Abnormal_Sperm/Abnormal_Sperm (817).bmp,0,4,1,1,0.131925,0.867894,0.000181
smids/Abnormal_Sperm/Abnormal_Sperm (820).bmp,0,4,1,0,0.734826,0.265143,0.000030
smids/Abnormal_Sperm/Abnormal_Sperm (826).bmp,0,4,1,1,0.380785,0.617855,0.001360
smids/Abnormal_Sperm/Abnormal_Sperm (833).bmp,0,4,1,1,0.107094,0.891702,0.001204
smids/Abnormal_Sperm/Abnormal_Sperm (836).bmp,0,4,1,0,0.665672,0.334203,0.000125
smids/Abnormal_Sperm/Abnormal_Sperm (838).bmp,0,4,1,0,0.583134,0.416607,0.000260
smids/Abnormal_Sperm/Abnormal_Sperm (841).bmp,0,4,1,0,0.522666,0.476300,0.001034
smids/Abnormal_Sperm/Abnormal_Sperm (849).bmp,0,4,1,1,0.246991,0.752484,0.000525
smids/Abnormal_Sperm/Abnormal_Sperm (850).bmp,0,4,1,1,0.006432,0.974897,0.018671
smids/Abnormal_Sperm/Abnormal_Sperm (851).bmp,0,4,1,0,0.781630,0.213178,0.005192
smids/Abnormal_Sperm/Abnormal_Sperm (860).bmp,0,4,1,0,0.909106,0.090845,0.000049
smids/Abnormal_Sperm/Abnormal_Sperm (867).bmp,0,4,1,0,0.487035,0.482828,0.030136
smids/Abnormal_Sperm/Abnormal_Sperm (868).bmp,0,4,1,1,0.367341,0.631947,0.000713
smids/Abnormal_Sperm/Abnormal_Sperm (875).bmp,0,4,1,1,0.113820,0.885750,0.000430
smids/Abnormal_Sperm/Abnormal_Sperm (881).bmp,0,4,1,1,0.225927,0.774000,0.000073
smids/Abnormal_Sperm/Abnormal_Sperm (886).bmp,0,4,1,0,0.559826,0.437713,0.002461
smids/Abnormal_Sperm/Abnormal_Sperm (887).bmp,0,4,1,0,0.558895,0.438763,0.002342
smids/Abnormal_Sperm/Abnormal_Sperm (893).bmp,0,4,1,1,0.073319,0.926396,0.000285
smids/Abnormal_Sperm/Abnormal_Sperm (898).bmp,0,4,1,1,0.192507,0.807407,0.000086
smids/Abnormal_Sperm/Abnormal_Sperm (90).bmp,0,4,1,1,0.131342,0.867977,0.000681
smids/Abnormal_Sperm/Abnormal_Sperm (91).bmp,0,4,1,1,0.228810,0.770525,0.000664
smids/Abnormal_Sperm/Abnormal_Sperm (917).bmp,0,4,1,1,0.026774,0.943919,0.029308
smids/Abnormal_Sperm/Abnormal_Sperm (918).bmp,0,4,1,0,0.656571,0.297965,0.045464
smids/Abnormal_Sperm/Abnormal_Sperm (924).bmp,0,4,1,1,0.007768,0.610144,0.382088
smids/Abnormal_Sperm/Abnormal_Sperm (93).bmp,0,4,1,1,0.014415,0.937662,0.047923
smids/Abnormal_Sperm/Abnormal_Sperm (934).bmp,0,4,1,0,0.594710,0.404167,0.001123
smids/Abnormal_Sperm/Abnormal_Sperm (95).bmp,0,4,1,1,0.005527,0.965761,0.028711
smids/Abnormal_Sperm/Abnormal_Sperm (953).bmp,0,4,1,1,0.158038,0.841948,0.000014
smids/Abnormal_Sperm/Abnormal_Sperm (954).bmp,0,4,1,1,0.146623,0.851958,0.001419
smids/Abnormal_Sperm/Abnormal_Sperm (956).bmp,0,4,1,1,0.016418,0.881967,0.101615
smids/Abnormal_Sperm/Abnormal_Sperm (958).bmp,0,4,1,1,0.007634,0.614237,0.378130
smids/Abnormal_Sperm/Abnormal_Sperm (961).bmp,0,4,1,1,0.109421,0.880682,0.009897
smids/Abnormal_Sperm/Abnormal_Sperm (965).bmp,0,4,1,1,0.045351,0.931780,0.022869
smids/Abnormal_Sperm/Abnormal_Sperm (971).bmp,0,4,1,1,0.040234,0.956275,0.003492
smids/Abnormal_Sperm/Abnormal_Sperm (980).bmp,0,4,1,1,0.028182,0.963522,0.008297
smids/Abnormal_Sperm/Abnormal_Sperm (981).bmp,0,4,1,1,0.028149,0.965945,0.005906
smids/Abnormal_Sperm/Abnormal_Sperm (990).bmp,0,4,1,1,0.037328,0.959817,0.002856
smids/Abnormal_Sperm/Abnormal_Sperm (999).bmp,0,4,1,1,0.008906,0.615742,0.375352
smids/Non-Sperm/Non-Sperm (105).bmp,0,4,2,2,0.000023,0.000085,0.999892
smids/Non-Sperm/Non-Sperm (117).bmp,0,4,2,2,0.000810,0.001813,0.997377
smids/Non-Sperm/Non-Sperm (12).bmp,0,4,2,2,0.000044,0.000956,0.999000
smids/Non-Sperm/Non-Sperm (127).bmp,0,4,2,2,0.000351,0.008549,0.991100
smids/Non-Sperm/Non-Sperm (133).bmp,0,4,2,2,0.000035,0.000019,0.999946
smids/Non-Sperm/Non-Sperm (135).bmp,0,4,2,2,0.000058,0.000180,0.999762
smids/Non-Sperm/Non-Sperm (137).bmp,0,4,2,2,0.054782,0.017498,0.927720
smids/Non-Sperm/Non-Sperm (138).bmp,0,4,2,2,0.012651,0.005544,0.981805
smids/Non-Sperm/Non-Sperm (152).bmp,0,4,2,2,0.007299,0.009151,0.983550
smids/Non-Sperm/Non-Sperm (153).bmp,0,4,2,2,0.000298,0.001188,0.998515
smids/Non-Sperm/Non-Sperm (157).bmp,0,4,2,2,0.000135,0.000048,0.999818
smids/Non-Sperm/Non-Sperm (161).bmp,0,4,2,0,0.947390,0.036125,0.016485
smids/Non-Sperm/Non-Sperm (174).bmp,0,4,2,2,0.000147,0.000052,0.999800
smids/Non-Sperm/Non-Sperm (177).bmp,0,4,2,2,0.000106,0.000612,0.999281
smids/Non-Sperm/Non-Sperm (180).bmp,0,4,2,2,0.000054,0.000024,0.999922
smids/Non-Sperm/Non-Sperm (181).bmp,0,4,2,2,0.000149,0.000798,0.999052
smids/Non-Sperm/Non-Sperm (185).bmp,0,4,2,2,0.005053,0.004457,0.990490
smids/Non-Sperm/Non-Sperm (187).bmp,0,4,2,2,0.000087,0.000134,0.999779
smids/Non-Sperm/Non-Sperm (190).bmp,0,4,2,2,0.000107,0.003689,0.996205
smids/Non-Sperm/Non-Sperm (194).bmp,0,4,2,2,0.003651,0.001296,0.995053
smids/Non-Sperm/Non-Sperm (20).bmp,0,4,2,2,0.002971,0.034231,0.962798
smids/Non-Sperm/Non-Sperm (205).bmp,0,4,2,2,0.002647,0.015462,0.981891
smids/Non-Sperm/Non-Sperm (213).bmp,0,4,2,2,0.000020,0.000006,0.999974
smids/Non-Sperm/Non-Sperm (222).bmp,0,4,2,2,0.000176,0.000029,0.999795
smids/Non-Sperm/Non-Sperm (226).bmp,0,4,2,2,0.000030,0.000011,0.999959
smids/Non-Sperm/Non-Sperm (23).bmp,0,4,2,1,0.237417,0.683299,0.079284
smids/Non-Sperm/Non-Sperm (235).bmp,0,4,2,2,0.002947,0.001771,0.995282
smids/Non-Sperm/Non-Sperm (241).bmp,0,4,2,2,0.000362,0.001975,0.997663
smids/Non-Sperm/Non-Sperm (248).bmp,0,4,2,2,0.000116,0.000077,0.999808
smids/Non-Sperm/Non-Sperm (250).bmp,0,4,2,2,0.000373,0.002995,0.996632
smids/Non-Sperm/Non-Sperm (256).bmp,0,4,2,2,0.236690,0.009976,0.753334
smids/Non-Sperm/Non-Sperm (267).bmp,0,4,2,2,0.000086,0.000881,0.999033
smids/Non-Sperm/Non-Sperm (269).bmp,0,4,2,2,0.027903,0.006787,0.965310
smids/Non-Sperm/Non-Sperm (284).bmp,0,4,2,2,0.000208,0.000906,0.998886
smids/Non-Sperm/Non-Sperm (286).bmp,0,4,2,2,0.000910,0.004591,0.994499
smids/Non-Sperm/Non-Sperm (290).bmp,0,4,2,2,0.000826,0.000336,0.998838
smids/Non-Sperm/Non-Sperm (293).bmp,0,4,2,2,0.000320,0.000091,0.999589
smids/Non-Sperm/Non-Sperm (294).bmp,0,4,2,2,0.000397,0.002410,0.997192
smids/Non-Sperm/Non-Sperm (297).bmp,0,4,2,2,0.002412,0.001251,0.996338
smids/Non-Sperm/Non-Sperm (3).bmp,0,4,2,2,0.000390,0.135697,0.863913
smids/Non-Sperm/Non-Sperm (303).bmp,0,4,2,2,0.000014,0.000057,0.999930
smids/Non-Sperm/Non-Sperm (307).bmp,0,4,2,2,0.001127,0.000256,0.998617
smids/Non-Sperm/Non-Sperm (309).bmp,0,4,2,2,0.266360,0.208995,0.524646
smids/Non-Sperm/Non-Sperm (312).bmp,0,4,2,2,0.004514,0.001746,0.993740
smids/Non-Sperm/Non-Sperm (33).bmp,0,4,2,2,0.005420,0.094548,0.900032
smids/Non-Sperm/Non-Sperm (338).bmp,0,4,2,2,0.001303,0.159846,0.838851
smids/Non-Sperm/Non-Sperm (347).bmp,0,4,2,2,0.000172,0.000059,0.999769
smids/Non-Sperm/Non-Sperm (350).bmp,0,4,2,2,0.002389,0.031040,0.966571
smids/Non-Sperm/Non-Sperm (354).bmp,0,4,2,2,0.001449,0.015613,0.982938
smids/Non-Sperm/Non-Sperm (36).bmp,0,4,2,1,0.187211,0.463305,0.349485
smids/Non-Sperm/Non-Sperm (363).bmp,0,4,2,2,0.002347,0.098272,0.899381
smids/Non-Sperm/Non-Sperm (379).bmp,0,4,2,2,0.000915,0.001017,0.998068
smids/Non-Sperm/Non-Sperm (384).bmp,0,4,2,2,0.001072,0.001374,0.997554
smids/Non-Sperm/Non-Sperm (386).bmp,0,4,2,2,0.011039,0.009126,0.979835
smids/Non-Sperm/Non-Sperm (389).bmp,0,4,2,2,0.000139,0.000044,0.999817
smids/Non-Sperm/Non-Sperm (393).bmp,0,4,2,2,0.002039,0.000622,0.997339
smids/Non-Sperm/Non-Sperm (400).bmp,0,4,2,2,0.006372,0.048476,0.945152
smids/Non-Sperm/Non-Sperm (404).bmp,0,4,2,2,0.000389,0.003580,0.996030
smids/Non-Sperm/Non-Sperm (413).bmp,0,4,2,2,0.002563,0.050768,0.946669
smids/Non-Sperm/Non-Sperm (42).bmp,0,4,2,2,0.002058,0.200612,0.797330
smids/Non-Sperm/Non-Sperm (420).bmp,0,4,2,2,0.009916,0.018103,0.971981
smids/Non-Sperm/Non-Sperm (423).bmp,0,4,2,2,0.000130,0.000080,0.999790
smids/Non-Sperm/Non-Sperm (425).bmp,0,4,2,1,0.011455,0.972058,0.016486
smids/Non-Sperm/Non-Sperm (430).bmp,0,4,2,2,0.000374,0.000103,0.999523
smids/Non-Sperm/Non-Sperm (435).bmp,0,4,2,2,0.000665,0.004158,0.995177
smids/Non-Sperm/Non-Sperm (437).bmp,0,4,2,2,0.000212,0.001328,0.998461
smids/Non-Sperm/Non-Sperm (444).bmp,0,4,2,2,0.000885,0.000100,0.999015
smids/Non-Sperm/Non-Sperm (445).bmp,0,4,2,2,0.000357,0.000212,0.999432
smids/Non-Sperm/Non-Sperm (446).bmp,0,4,2,2,0.000104,0.000056,0.999840
smids/Non-Sperm/Non-Sperm (447).bmp,0,4,2,2,0.000533,0.003749,0.995718
smids/Non-Sperm/Non-Sperm (455).bmp,0,4,2,2,0.017888,0.005274,0.976838
smids/Non-Sperm/Non-Sperm (457).bmp,0,4,2,2,0.000106,0.000088,0.999806
smids/Non-Sperm/Non-Sperm (46).bmp,0,4,2,2,0.042591,0.060013,0.897396
smids/Non-Sperm/Non-Sperm (460).bmp,0,4,2,2,0.000076,0.000015,0.999909
smids/Non-Sperm/Non-Sperm (461).bmp,0,4,2,2,0.005417,0.001321,0.993262
smids/Non-Sperm/Non-Sperm (462).bmp,0,4,2,2,0.000101,0.000332,0.999567
smids/Non-Sperm/Non-Sperm (469).bmp,0,4,2,2,0.007639,0.009623,0.982738
smids/Non-Sperm/Non-Sperm (47).bmp,0,4,2,2,0.019915,0.022415,0.957670
smids/Non-Sperm/Non-Sperm (478).bmp,0,4,2,2,0.001620,0.003679,0.994702
smids/Non-Sperm/Non-Sperm (496).bmp,0,4,2,2,0.001149,0.001012,0.997839
smids/Non-Sperm/Non-Sperm (498).bmp,0,4,2,2,0.002213,0.000492,0.997295
smids/Non-Sperm/Non-Sperm (499).bmp,0,4,2,2,0.001882,0.000525,0.997593
smids/Non-Sperm/Non-Sperm (5).bmp,0,4,2,2,0.000927,0.189445,0.809628
smids/Non-Sperm/Non-Sperm (501).bmp,0,4,2,2,0.006509,0.000914,0.992576
smids/Non-Sperm/Non-Sperm (508).bmp,0,4,2,2,0.000148,0.001011,0.998842
smids/Non-Sperm/Non-Sperm (509).bmp,0,4,2,2,0.001170,0.050535,0.948295
smids/Non-Sperm/Non-Sperm (511).bmp,0,4,2,2,0.000589,0.000242,0.999169
smids/Non-Sperm/Non-Sperm (516).bmp,0,4,2,2,0.003407,0.086579,0.910014
smids/Non-Sperm/Non-Sperm (518).bmp,0,4,2,2,0.000388,0.000058,0.999554
smids/Non-Sperm/Non-Sperm (522).bmp,0,4,2,2,0.003548,0.050737,0.945715
smids/Non-Sperm/Non-Sperm (53).bmp,0,4,2,2,0.003177,0.319406,0.677417
smids/Non-Sperm/Non-Sperm (533).bmp,0,4,2,2,0.030858,0.021239,0.947904
smids/Non-Sperm/Non-Sperm (54).bmp,0,4,2,1,0.006895,0.656046,0.337058
smids/Non-Sperm/Non-Sperm (541).bmp,0,4,2,2,0.000519,0.000214,0.999267
smids/Non-Sperm/Non-Sperm (544).bmp,0,4,2,2,0.000238,0.000084,0.999678
smids/Non-Sperm/Non-Sperm (547).bmp,0,4,2,2,0.002597,0.000223,0.997180
smids/Non-Sperm/Non-Sperm (563).bmp,0,4,2,2,0.000585,0.003120,0.996295
smids/Non-Sperm/Non-Sperm (571).bmp,0,4,2,1,0.009575,0.915366,0.075058
smids/Non-Sperm/Non-Sperm (572).bmp,0,4,2,2,0.031098,0.033451,0.935452
smids/Non-Sperm/Non-Sperm (574).bmp,0,4,2,2,0.004973,0.003091,0.991936
smids/Non-Sperm/Non-Sperm (575).bmp,0,4,2,2,0.001935,0.001703,0.996362
smids/Non-Sperm/Non-Sperm (576).bmp,0,4,2,2,0.000429,0.061101,0.938471
smids/Non-Sperm/Non-Sperm (581).bmp,0,4,2,2,0.000826,0.000355,0.998819
smids/Non-Sperm/Non-Sperm (588).bmp,0,4,2,2,0.000310,0.000205,0.999485
smids/Non-Sperm/Non-Sperm (59).bmp,0,4,2,1,0.003924,0.980087,0.015988
smids/Non-Sperm/Non-Sperm (591).bmp,0,4,2,2,0.000034,0.000013,0.999953
smids/Non-Sperm/Non-Sperm (593).bmp,0,4,2,2,0.000904,0.008117,0.990978
smids/Non-Sperm/Non-Sperm (597).bmp,0,4,2,2,0.000686,0.000269,0.999045
smids/Non-Sperm/Non-Sperm (6).bmp,0,4,2,1,0.003119,0.859673,0.137208
smids/Non-Sperm/Non-Sperm (60).bmp,0,4,2,1,0.027031,0.968426,0.004543
smids/Non-Sperm/Non-Sperm (603).bmp,0,4,2,2,0.000910,0.005622,0.993468
smids/Non-Sperm/Non-Sperm (607).bmp,0,4,2,2,0.000852,0.005504,0.993643
smids/Non-Sperm/Non-Sperm (61).bmp,0,4,2,1,0.012839,0.983996,0.003165
smids/Non-Sperm/Non-Sperm (611).bmp,0,4,2,2,0.000250,0.001895,0.997856
smids/Non-Sperm/Non-Sperm (612).bmp,0,4,2,2,0.000607,0.000143,0.999249
smids/Non-Sperm/Non-Sperm (62).bmp,0,4,2,2,0.001621,0.494975,0.503404
smids/Non-Sperm/Non-Sperm (621).bmp,0,4,2,2,0.001473,0.000133,0.998394
smids/Non-Sperm/Non-Sperm (633).bmp,0,4,2,2,0.000231,0.000393,0.999376
smids/Non-Sperm/Non-Sperm (634).bmp,0,4,2,2,0.006010,0.035285,0.958705
smids/Non-Sperm/Non-Sperm (644).bmp,0,4,2,2,0.001112,0.000374,0.998515
smids/Non-Sperm/Non-Sperm (650).bmp,0,4,2,1,0.022895,0.676982,0.300123
smids/Non-Sperm/Non-Sperm (657).bmp,0,4,2,2,0.000051,0.000510,0.999439
smids/Non-Sperm/Non-Sperm (66).bmp,0,4,2,2,0.037991,0.028498,0.933511
smids/Non-Sperm/Non-Sperm (660).bmp,0,4,2,2,0.000773,0.013424,0.985804
smids/Non-Sperm/Non-Sperm (663).bmp,0,4,2,2,0.000700,0.000338,0.998962
smids/Non-Sperm/Non-Sperm (664).bmp,0,4,2,2,0.001768,0.004020,0.994212
smids/Non-Sperm/Non-Sperm (678).bmp,0,4,2,2,0.001376,0.000668,0.997956
smids/Non-Sperm/Non-Sperm (681).bmp,0,4,2,2,0.000649,0.016032,0.983319
smids/Non-Sperm/Non-Sperm (683).bmp,0,4,2,2,0.000255,0.000254,0.999491
smids/Non-Sperm/Non-Sperm (685).bmp,0,4,2,2,0.000766,0.004391,0.994843
smids/Non-Sperm/Non-Sperm (69).bmp,0,4,2,1,0.032085,0.483958,0.483957
smids/Non-Sperm/Non-Sperm (693).bmp,0,4,2,2,0.001600,0.108705,0.889696
smids/Non-Sperm/Non-Sperm (7).bmp,0,4,2,2,0.000133,0.027483,0.972384
smids/Non-Sperm/Non-Sperm (701).bmp,0,4,2,2,0.000080,0.000097,0.999823
smids/Non-Sperm/Non-Sperm (707).bmp,0,4,2,2,0.000280,0.001116,0.998604
smids/Non-Sperm/Non-Sperm (720).bmp,0,4,2,2,0.002879,0.036693,0.960429
smids/Non-Sperm/Non-Sperm (724).bmp,0,4,2,2,0.039869,0.008902,0.951229
smids/Non-Sperm/Non-Sperm (728).bmp,0,4,2,2,0.000257,0.000165,0.999578
smids/Non-Sperm/Non-Sperm (729).bmp,0,4,2,2,0.000696,0.004023,0.995280
smids/Non-Sperm/Non-Sperm (73).bmp,0,4,2,2,0.019435,0.016017,0.964549
smids/Non-Sperm/Non-Sperm (736).bmp,0,4,2,2,0.000192,0.000077,0.999731
smids/Non-Sperm/Non-Sperm (746).bmp,0,4,2,2,0.000460,0.000056,0.999484
smids/Non-Sperm/Non-Sperm (754).bmp,0,4,2,2,0.000182,0.000108,0.999709
smids/Non-Sperm/Non-Sperm (756).bmp,0,4,2,2,0.004073,0.019929,0.975998
smids/Non-Sperm/Non-Sperm (757).bmp,0,4,2,2,0.106024,0.044857,0.849119
smids/Non-Sperm/Non-Sperm (758).bmp,0,4,2,2,0.001224,0.000319,0.998457
smids/Non-Sperm/Non-Sperm (760).bmp,0,4,2,2,0.000296,0.000135,0.999569
smids/Non-Sperm/Non-Sperm (762).bmp,0,4,2,2,0.000770,0.000176,0.999054
smids/Non-Sperm/Non-Sperm (764).bmp,0,4,2,2,0.032005,0.035529,0.932466
smids/Non-Sperm/Non-Sperm (776).bmp,0,4,2,2,0.000149,0.001324,0.998527
smids/Non-Sperm/Non-Sperm (777).bmp,0,4,2,2,0.011747,0.002615,0.985638
smids/Non-Sperm/Non-Sperm (801).bmp,0,4,2,2,0.000495,0.000365,0.999140
smids/Non-Sperm/Non-Sperm (804).bmp,0,4,2,2,0.000749,0.000110,0.999141
smids/Non-Sperm/Non-Sperm (809).bmp,0,4,2,2,0.040616,0.090789,0.868595
smids/Non-Sperm/Non-Sperm (811).bmp,0,4,2,2,0.001919,0.000473,0.997608
smids/Non-Sperm/Non-Sperm (819).bmp,0,4,2,2,0.227205,0.029105,0.743690
smids/Non-Sperm/Non-Sperm (822).bmp,0,4,2,2,0.000406,0.000777,0.998817
smids/Non-Sperm/Non-Sperm (83).bmp,0,4,2,2,0.000252,0.000235,0.999512
smids/Non-Sperm/Non-Sperm (834).bmp,0,4,2,0,0.739572,0.157665,0.102763
smids/Non-Sperm/Non-Sperm (836).bmp,0,4,2,2,0.002412,0.104375,0.893213
smids/Non-Sperm/Non-Sperm (840).bmp,0,4,2,2,0.002956,0.481334,0.515710
smids/Non-Sperm/Non-Sperm (844).bmp,0,4,2,2,0.038879,0.039786,0.921334
smids/Non-Sperm/Non-Sperm (845).bmp,0,4,2,2,0.089149,0.331864,0.578987
smids/Non-Sperm/Non-Sperm (847).bmp,0,4,2,2,0.000296,0.000092,0.999613
smids/Non-Sperm/Non-Sperm (852).bmp,0,4,2,2,0.000372,0.004495,0.995133
smids/Non-Sperm/Non-Sperm (856).bmp,0,4,2,2,0.010197,0.375531,0.614273
smids/Non-Sperm/Non-Sperm (859).bmp,0,4,2,2,0.012866,0.001916,0.985218
smids/Non-Sperm/Non-Sperm (86).bmp,0,4,2,2,0.000192,0.004166,0.995642
smids/Non-Sperm/Non-Sperm (863).bmp,0,4,2,2,0.001391,0.007895,0.990713
smids/Non-Sperm/Non-Sperm (864).bmp,0,4,2,2,0.007901,0.002676,0.989423
smids/Non-Sperm/Non-Sperm (866).bmp,0,4,2,2,0.259846,0.040432,0.699723
smids/Non-Sperm/Non-Sperm (870).bmp,0,4,2,2,0.020849,0.219843,0.759308
smids/Non-Sperm/Non-Sperm (881).bmp,0,4,2,2,0.008818,0.006542,0.984640
smids/Non-Sperm/Non-Sperm (884).bmp,0,4,2,2,0.001958,0.100911,0.897131
smids/Non-Sperm/Non-Sperm (886).bmp,0,4,2,2,0.002348,0.003060,0.994592
smids/Non-Sperm/Non-Sperm (888).bmp,0,4,2,2,0.000490,0.000113,0.999397
smids/Non-Sperm/Non-Sperm (892).bmp,0,4,2,2,0.030107,0.265810,0.704083
smids/Non-Sperm/Non-Sperm (898).bmp,0,4,2,2,0.017584,0.018380,0.964036
smids/Non-Sperm/Non-Sperm (902).bmp,0,4,2,1,0.318235,0.545982,0.135783
smids/Non-Sperm/Non-Sperm (904).bmp,0,4,2,0,0.624235,0.205087,0.170678
smids/Non-Sperm/Non-Sperm (915).bmp,0,4,2,0,0.622957,0.199291,0.177752
smids/Non-Sperm/Non-Sperm (916).bmp,0,4,2,2,0.021669,0.234041,0.744290
smids/Non-Sperm/Non-Sperm (924).bmp,0,4,2,2,0.044292,0.006221,0.949487
smids/Non-Sperm/Non-Sperm (937).bmp,0,4,2,2,0.000210,0.015503,0.984286
smids/Non-Sperm/Non-Sperm (943).bmp,0,4,2,2,0.000287,0.010111,0.989602
smids/Non-Sperm/Non-Sperm (948).bmp,0,4,2,2,0.148567,0.264053,0.587380
smids/Non-Sperm/Non-Sperm (95).bmp,0,4,2,2,0.028971,0.008580,0.962449
smids/Non-Sperm/Non-Sperm (959).bmp,0,4,2,2,0.010306,0.409756,0.579938
smids/Non-Sperm/Non-Sperm (960).bmp,0,4,2,1,0.002823,0.536521,0.460655
smids/Non-Sperm/Non-Sperm (962).bmp,0,4,2,2,0.152719,0.031867,0.815413
smids/Non-Sperm/Non-Sperm (963).bmp,0,4,2,2,0.001972,0.266307,0.731722
smids/Non-Sperm/Non-Sperm (964).bmp,0,4,2,2,0.000604,0.007660,0.991737
smids/Non-Sperm/Non-Sperm (965).bmp,0,4,2,1,0.028621,0.860071,0.111308
smids/Non-Sperm/Non-Sperm (972).bmp,0,4,2,2,0.003879,0.223894,0.772226
smids/Normal_Sperm/Normal_Sperm (10).bmp,0,4,0,0,0.846288,0.128244,0.025467
smids/Normal_Sperm/Normal_Sperm (1011).bmp,0,4,0,1,0.492630,0.502670,0.004700
smids/Normal_Sperm/Normal_Sperm (1018).bmp,0,4,0,0,0.926269,0.073486,0.000245
smids/Normal_Sperm/Normal_Sperm (11).bmp,0,4,0,0,0.667533,0.189021,0.143446
smids/Normal_Sperm/Normal_Sperm (114).bmp,0,4,0,0,0.594154,0.282087,0.123759
smids/Normal_Sperm/Normal_Sperm (116).bmp,0,4,0,0,0.835234,0.151698,0.013068
smids/Normal_Sperm/Normal_Sperm (124).bmp,0,4,0,0,0.947050,0.052862,0.000087
smids/Normal_Sperm/Normal_Sperm (126).bmp,0,4,0,1,0.347346,0.652573,0.000081
smids/Normal_Sperm/Normal_Sperm (129).bmp,0,4,0,0,0.673148,0.323132,0.003720
smids/Normal_Sperm/Normal_Sperm (130).bmp,0,4,0,0,0.627745,0.370229,0.002026
smids/Normal_Sperm/Normal_Sperm (145).bmp,0,4,0,0,0.667278,0.331731,0.000991
smids/Normal_Sperm/Normal_Sperm (161).bmp,0,4,0,0,0.581378,0.410905,0.007716
smids/Normal_Sperm/Normal_Sperm (165).bmp,0,4,0,1,0.171215,0.792171,0.036613
smids/Normal_Sperm/Normal_Sperm (167).bmp,0,4,0,0,0.980278,0.019656,0.000065
smids/Normal_Sperm/Normal_Sperm (168).bmp,0,4,0,0,0.982127,0.017686,0.000187
smids/Normal_Sperm/Normal_Sperm (170).bmp,0,4,0,0,0.965943,0.034025,0.000032
smids/Normal_Sperm/Normal_Sperm (174).bmp,0,4,0,0,0.966442,0.033463,0.000095
smids/Normal_Sperm/Normal_Sperm (176).bmp,0,4,0,0,0.986662,0.013332,0.000005
smids/Normal_Sperm/Normal_Sperm (19).bmp,0,4,0,0,0.775791,0.139773,0.084436
smids/Normal_Sperm/Normal_Sperm (212).bmp,0,4,0,0,0.934949,0.063886,0.001165
smids/Normal_Sperm/Normal_Sperm (228).bmp,0,4,0,0,0.995785,0.004215,0.000000
smids/Normal_Sperm/Normal_Sperm (23).bmp,0,4,0,0,0.926216,0.057728,0.016056
smids/Normal_Sperm/Normal_Sperm (233).bmp,0,4,0,0,0.956593,0.043392,0.000015
smids/Normal_Sperm/Normal_Sperm (234).bmp,0,4,0,0,0.900164,0.095533,0.004304
smids/Normal_Sperm/Normal_Sperm (24).bmp,0,4,0,0,0.989835,0.010158,0.000007
smids/Normal_Sperm/Normal_Sperm (240).bmp,0,4,0,0,0.957143,0.041308,0.001549
smids/Normal_Sperm/Normal_Sperm (250).bmp,0,4,0,0,0.842368,0.157559,0.000073
smids/Normal_Sperm/Normal_Sperm (255).bmp,0,4,0,0,0.962837,0.037132,0.000031
smids/Normal_Sperm/Normal_Sperm (260).bmp,0,4,0,0,0.986057,0.013094,0.000849
smids/Normal_Sperm/Normal_Sperm (265).bmp,0,4,0,0,0.708825,0.289482,0.001693
smids/Normal_Sperm/Normal_Sperm (277).bmp,0,4,0,0,0.751685,0.225597,0.022719
smids/Normal_Sperm/Normal_Sperm (28).bmp,0,4,0,1,0.093721,0.795976,0.110303
smids/Normal_Sperm/Normal_Sperm (282).bmp,0,4,0,0,0.908622,0.091342,0.000037
smids/Normal_Sperm/Normal_Sperm (284).bmp,0,4,0,0,0.935974,0.063991,0.000035
smids/Normal_Sperm/Normal_Sperm (285).bmp,0,4,0,0,0.774389,0.212984,0.012627
smids/Normal_Sperm/Normal_Sperm (29).bmp,0,4,0,0,0.960979,0.038987,0.000033
smids/Normal_Sperm/Normal_Sperm (298).bmp,0,4,0,0,0.734442,0.265543,0.000015
smids/Normal_Sperm/Normal_Sperm (3).bmp,0,4,0,1,0.302663,0.685982,0.011356
smids/Normal_Sperm/Normal_Sperm (305).bmp,0,4,0,0,0.955209,0.044693,0.000098
smids/Normal_Sperm/Normal_Sperm (312).bmp,0,4,0,0,0.951507,0.048155,0.000338
smids/Normal_Sperm/Normal_Sperm (319).bmp,0,4,0,1,0.123504,0.874304,0.002192
smids/Normal_Sperm/Normal_Sperm (321).bmp,0,4,0,0,0.866175,0.128774,0.005051
smids/Normal_Sperm/Normal_Sperm (323).bmp,0,4,0,0,0.905718,0.094052,0.000230
smids/Normal_Sperm/Normal_Sperm (334).bmp,0,4,0,0,0.940251,0.054749,0.005001
smids/Normal_Sperm/Normal_Sperm (335).bmp,0,4,0,0,0.658096,0.335645,0.006259
smids/Normal_Sperm/Normal_Sperm (336).bmp,0,4,0,0,0.840636,0.157759,0.001605
smids/Normal_Sperm/Normal_Sperm (342).bmp,0,4,0,0,0.745450,0.188261,0.066289
smids/Normal_Sperm/Normal_Sperm (345).bmp,0,4,0,0,0.510271,0.404515,0.085214
smids/Normal_Sperm/Normal_Sperm (347).bmp,0,4,0,0,0.916295,0.081918,0.001787
smids/Normal_Sperm/Normal_Sperm (348).bmp,0,4,0,0,0.878151,0.116195,0.005654
smids/Normal_Sperm/Normal_Sperm (36).bmp,0,4,0,0,0.979673,0.016399,0.003928
smids/Normal_Sperm/Normal_Sperm (367).bmp,0,4,0,0,0.840827,0.159013,0.000160
smids/Normal_Sperm/Normal_Sperm (381).bmp,0,4,0,0,0.620371,0.377633,0.001996
smids/Normal_Sperm/Normal_Sperm (384).bmp,0,4,0,0,0.786397,0.212893,0.000710
smids/Normal_Sperm/Normal_Sperm (392).bmp,0,4,0,0,0.808542,0.191371,0.000087
smids/Normal_Sperm/Normal_Sperm (397).bmp,0,4,0,0,0.963083,0.033882,0.003035
smids/Normal_Sperm/Normal_Sperm (4).bmp,0,4,0,0,0.640193,0.358335,0.001471
smids/Normal_Sperm/Normal_Sperm (404).bmp,0,4,0,0,0.666360,0.323743,0.009897
smids/Normal_Sperm/Normal_Sperm (407).bmp,0,4,0,0,0.908191,0.090549,0.001260
smids/Normal_Sperm/Normal_Sperm (41).bmp,0,4,0,2,0.303556,0.129505,0.566940
smids/Normal_Sperm/Normal_Sperm (416).bmp,0,4,0,0,0.903794,0.095559,0.000647
smids/Normal_Sperm/Normal_Sperm (424).bmp,0,4,0,0,0.977497,0.022457,0.000047
smids/Normal_Sperm/Normal_Sperm (426).bmp,0,4,0,0,0.759965,0.237636,0.002399
smids/Normal_Sperm/Normal_Sperm (428).bmp,0,4,0,0,0.785886,0.208571,0.005543
smids/Normal_Sperm/Normal_Sperm (432).bmp,0,4,0,0,0.958489,0.041509,0.000002
smids/Normal_Sperm/Normal_Sperm (436).bmp,0,4,0,0,0.788537,0.211115,0.000348
smids/Normal_Sperm/Normal_Sperm (446).bmp,0,4,0,0,0.882466,0.105776,0.011758
smids/Normal_Sperm/Normal_Sperm (447).bmp,0,4,0,0,0.948499,0.049473,0.002027
smids/Normal_Sperm/Normal_Sperm (454).bmp,0,4,0,0,0.981140,0.018841,0.000019
smids/Normal_Sperm/Normal_Sperm (463).bmp,0,4,0,0,0.884128,0.115800,0.000071
smids/Normal_Sperm/Normal_Sperm (467).bmp,0,4,0,0,0.957470,0.042411,0.000118
smids/Normal_Sperm/Normal_Sperm (470).bmp,0,4,0,0,0.875816,0.124175,0.000009
smids/Normal_Sperm/Normal_Sperm (477).bmp,0,4,0,0,0.943034,0.056905,0.000061
smids/Normal_Sperm/Normal_Sperm (480).bmp,0,4,0,0,0.856862,0.142390,0.000748
smids/Normal_Sperm/Normal_Sperm (484).bmp,0,4,0,0,0.970508,0.029398,0.000094
smids/Normal_Sperm/Normal_Sperm (485).bmp,0,4,0,0,0.985994,0.013993,0.000013
smids/Normal_Sperm/Normal_Sperm (49).bmp,0,4,0,1,0.210555,0.786603,0.002841
smids/Normal_Sperm/Normal_Sperm (493).bmp,0,4,0,0,0.902462,0.097485,0.000054
smids/Normal_Sperm/Normal_Sperm (495).bmp,0,4,0,0,0.991681,0.008317,0.000002
smids/Normal_Sperm/Normal_Sperm (503).bmp,0,4,0,0,0.927114,0.072869,0.000017
smids/Normal_Sperm/Normal_Sperm (506).bmp,0,4,0,0,0.995834,0.004166,0.000001
smids/Normal_Sperm/Normal_Sperm (513).bmp,0,4,0,0,0.983582,0.016411,0.000007
smids/Normal_Sperm/Normal_Sperm (517).bmp,0,4,0,0,0.891023,0.108951,0.000026
smids/Normal_Sperm/Normal_Sperm (534).bmp,0,4,0,0,0.963715,0.034770,0.001514
smids/Normal_Sperm/Normal_Sperm (536).bmp,0,4,0,0,0.884556,0.115243,0.000200
smids/Normal_Sperm/Normal_Sperm (538).bmp,0,4,0,0,0.785174,0.213342,0.001484
smids/Normal_Sperm/Normal_Sperm (539).bmp,0,4,0,0,0.930113,0.069885,0.000002
smids/Normal_Sperm/Normal_Sperm (54).bmp,0,4,0,0,0.992000,0.006166,0.001834
smids/Normal_Sperm/Normal_Sperm (541).bmp,0,4,0,0,0.861226,0.138518,0.000256
smids/Normal_Sperm/Normal_Sperm (549).bmp,0,4,0,0,0.953870,0.046042,0.000088
smids/Normal_Sperm/Normal_Sperm (552).bmp,0,4,0,0,0.976060,0.023794,0.000145
smids/Normal_Sperm/Normal_Sperm (554).bmp,0,4,0,0,0.981466,0.018489,0.000045
smids/Normal_Sperm/Normal_Sperm (558).bmp,0,4,0,0,0.872770,0.127106,0.000125
smids/Normal_Sperm/Normal_Sperm (567).bmp,0,4,0,0,0.971671,0.028315,0.000014
smids/Normal_Sperm/Normal_Sperm (569).bmp,0,4,0,0,0.991325,0.008671,0.000004
smids/Normal_Sperm/Normal_Sperm (571).bmp,0,4,0,0,0.898439,0.096400,0.005161
smids/Normal_Sperm/Normal_Sperm (572).bmp,0,4,0,0,0.921403,0.078451,0.000146
smids/Normal_Sperm/Normal_Sperm (574).bmp,0,4,0,0,0.514119,0.455980,0.029901
smids/Normal_Sperm/Normal_Sperm (578).bmp,0,4,0,0,0.965806,0.034169,0.000025
smids/Normal_Sperm/Normal_Sperm (582).bmp,0,4,0,0,0.885459,0.114020,0.000522
smids/Normal_Sperm/Normal_Sperm (584).bmp,0,4,0,0,0.848631,0.151252,0.000117
smids/Normal_Sperm/Normal_Sperm (588).bmp,0,4,0,0,0.955182,0.043712,0.001106
smids/Normal_Sperm/Normal_Sperm (59).bmp,0,4,0,1,0.276543,0.721467,0.001990
smids/Normal_Sperm/Normal_Sperm (592).bmp,0,4,0,0,0.875253,0.124203,0.000544
smids/Normal_Sperm/Normal_Sperm (593).bmp,0,4,0,0,0.972233,0.027718,0.000049
smids/Normal_Sperm/Normal_Sperm (599).bmp,0,4,0,0,0.870243,0.129684,0.000073
smids/Normal_Sperm/Normal_Sperm (600).bmp,0,4,0,0,0.940223,0.059416,0.000361
smids/Normal_Sperm/Normal_Sperm (603).bmp,0,4,0,0,0.972478,0.027332,0.000190
smids/Normal_Sperm/Normal_Sperm (607).bmp,0,4,0,0,0.976978,0.023015,0.000007
smids/Normal_Sperm/Normal_Sperm (616).bmp,0,4,0,0,0.885141,0.114830,0.000029
smids/Normal_Sperm/Normal_Sperm (621).bmp,0,4,0,0,0.934148,0.065836,0.000016
smids/Normal_Sperm/Normal_Sperm (623).bmp,0,4,0,0,0.880684,0.119219,0.000096
smids/Normal_Sperm/Normal_Sperm (625).bmp,0,4,0,0,0.947097,0.052868,0.000036
smids/Normal_Sperm/Normal_Sperm (628).bmp,0,4,0,0,0.932805,0.067153,0.000042
smids/Normal_Sperm/Normal_Sperm (634).bmp,0,4,0,0,0.928708,0.069918,0.001373
smids/Normal_Sperm/Normal_Sperm (641).bmp,0,4,0,0,0.979729,0.020259,0.000012
smids/Normal_Sperm/Normal_Sperm (647).bmp,0,4,0,0,0.920210,0.079621,0.000169
smids/Normal_Sperm/Normal_Sperm (651).bmp,0,4,0,0,0.987957,0.011971,0.000073
smids/Normal_Sperm/Normal_Sperm (652).bmp,0,4,0,0,0.898807,0.101130,0.000063
smids/Normal_Sperm/Normal_Sperm (654).bmp,0,4,0,0,0.962114,0.037805,0.000080
smids/Normal_Sperm/Normal_Sperm (655).bmp,0,4,0,0,0.900008,0.099502,0.000490
smids/Normal_Sperm/Normal_Sperm (66).bmp,0,4,0,0,0.873058,0.126887,0.000054
smids/Normal_Sperm/Normal_Sperm (663).bmp,0,4,0,0,0.977961,0.022039,0.000000
smids/Normal_Sperm/Normal_Sperm (666).bmp,0,4,0,0,0.984054,0.015939,0.000007
smids/Normal_Sperm/Normal_Sperm (671).bmp,0,4,0,0,0.983402,0.016588,0.000009
smids/Normal_Sperm/Normal_Sperm (683).bmp,0,4,0,0,0.976770,0.023228,0.000002
smids/Normal_Sperm/Normal_Sperm (687).bmp,0,4,0,0,0.928897,0.071005,0.000099
smids/Normal_Sperm/Normal_Sperm (689).bmp,0,4,0,0,0.965020,0.034891,0.000089
smids/Normal_Sperm/Normal_Sperm (690).bmp,0,4,0,0,0.987347,0.012652,0.000002
smids/Normal_Sperm/Normal_Sperm (696).bmp,0,4,0,0,0.932123,0.067830,0.000047
smids/Normal_Sperm/Normal_Sperm (698).bmp,0,4,0,0,0.983259,0.016733,0.000008
smids/Normal_Sperm/Normal_Sperm (699).bmp,0,4,0,0,0.608626,0.389413,0.001961
smids/Normal_Sperm/Normal_Sperm (70).bmp,0,4,0,0,0.923929,0.075746,0.000325
smids/Normal_Sperm/Normal_Sperm (700).bmp,0,4,0,0,0.629545,0.370407,0.000048
smids/Normal_Sperm/Normal_Sperm (708).bmp,0,4,0,0,0.879800,0.120108,0.000092
smids/Normal_Sperm/Normal_Sperm (709).bmp,0,4,0,0,0.987082,0.012912,0.000006
smids/Normal_Sperm/Normal_Sperm (71).bmp,0,4,0,0,0.918429,0.081556,0.000015
smids/Normal_Sperm/Normal_Sperm (713).bmp,0,4,0,0,0.539386,0.444903,0.015710
smids/Normal_Sperm/Normal_Sperm (715).bmp,0,4,0,0,0.653326,0.282077,0.064597
smids/Normal_Sperm/Normal_Sperm (723).bmp,0,4,0,0,0.944812,0.055103,0.000085
smids/Normal_Sperm/Normal_Sperm (724).bmp,0,4,0,0,0.993969,0.005954,0.000077
smids/Normal_Sperm/Normal_Sperm (73).bmp,0,4,0,0,0.784176,0.215813,0.000011
smids/Normal_Sperm/Normal_Sperm (733).bmp,0,4,0,0,0.959903,0.040001,0.000096
smids/Normal_Sperm/Normal_Sperm (735).bmp,0,4,0,0,0.987660,0.010740,0.001600
smids/Normal_Sperm/Normal_Sperm (74).bmp,0,4,0,0,0.922533,0.077418,0.000049
smids/Normal_Sperm/Normal_Sperm (742).bmp,0,4,0,0,0.964307,0.035690,0.000003
smids/Normal_Sperm/Normal_Sperm (747).bmp,0,4,0,0,0.976666,0.023173,0.000161
smids/Normal_Sperm/Normal_Sperm (752).bmp,0,4,0,0,0.968417,0.031366,0.000217
smids/Normal_Sperm/Normal_Sperm (758).bmp,0,4,0,0,0.986492,0.013286,0.000221
smids/Normal_Sperm/Normal_Sperm (760).bmp,0,4,0,0,0.961033,0.038955,0.000011
smids/Normal_Sperm/Normal_Sperm (765).bmp,0,4,0,0,0.955681,0.044301,0.000018
smids/Normal_Sperm/Normal_Sperm (769).bmp,0,4,0,0,0.894984,0.095586,0.009429
smids/Normal_Sperm/Normal_Sperm (770).bmp,0,4,0,0,0.707580,0.250632,0.041788
smids/Normal_Sperm/Normal_Sperm (777).bmp,0,4,0,0,0.966618,0.033285,0.000097
smids/Normal_Sperm/Normal_Sperm (779).bmp,0,4,0,0,0.923648,0.076116,0.000237
smids/Normal_Sperm/Normal_Sperm (780).bmp,0,4,0,0,0.959150,0.040519,0.000332
smids/Normal_Sperm/Normal_Sperm (783).bmp,0,4,0,0,0.905314,0.090483,0.004203
smids/Normal_Sperm/Normal_Sperm (784).bmp,0,4,0,0,0.962628,0.037327,0.000045
smids/Normal_Sperm/Normal_Sperm (789).bmp,0,4,0,0,0.982020,0.017744,0.000235
smids/Normal_Sperm/Normal_Sperm (790).bmp,0,4,0,0,0.974308,0.025073,0.000619
smids/Normal_Sperm/Normal_Sperm (794).bmp,0,4,0,0,0.956704,0.038477,0.004819
smids/Normal_Sperm/Normal_Sperm (803).bmp,0,4,0,0,0.868815,0.123829,0.007357
smids/Normal_Sperm/Normal_Sperm (804).bmp,0,4,0,0,0.914520,0.084851,0.000629
smids/Normal_Sperm/Normal_Sperm (807).bmp,0,4,0,0,0.943082,0.056774,0.000144
smids/Normal_Sperm/Normal_Sperm (811).bmp,0,4,0,0,0.963634,0.036024,0.000342
smids/Normal_Sperm/Normal_Sperm (821).bmp,0,4,0,0,0.981217,0.018767,0.000016
smids/Normal_Sperm/Normal_Sperm (826).bmp,0,4,0,0,0.802052,0.197403,0.000545
smids/Normal_Sperm/Normal_Sperm (83).bmp,0,4,0,0,0.918913,0.077809,0.003278
smids/Normal_Sperm/Normal_Sperm (833).bmp,0,4,0,1,0.489692,0.505772,0.004535
smids/Normal_Sperm/Normal_Sperm (85).bmp,0,4,0,0,0.739349,0.259598,0.001054
smids/Normal_Sperm/Normal_Sperm (856).bmp,0,4,0,0,0.893359,0.104829,0.001812
smids/Normal_Sperm/Normal_Sperm (857).bmp,0,4,0,0,0.520891,0.476369,0.002739
smids/Normal_Sperm/Normal_Sperm (859).bmp,0,4,0,0,0.893515,0.106473,0.000012
smids/Normal_Sperm/Normal_Sperm (861).bmp,0,4,0,0,0.995765,0.004233,0.000002
smids/Normal_Sperm/Normal_Sperm (873).bmp,0,4,0,0,0.712276,0.266713,0.021012
smids/Normal_Sperm/Normal_Sperm (876).bmp,0,4,0,0,0.922853,0.077118,0.000029
smids/Normal_Sperm/Normal_Sperm (882).bmp,0,4,0,1,0.344211,0.655762,0.000027
smids/Normal_Sperm/Normal_Sperm (883).bmp,0,4,0,0,0.939197,0.060715,0.000087
smids/Normal_Sperm/Normal_Sperm (892).bmp,0,4,0,1,0.272621,0.726286,0.001092
smids/Normal_Sperm/Normal_Sperm (90).bmp,0,4,0,0,0.884149,0.114743,0.001108
smids/Normal_Sperm/Normal_Sperm (905).bmp,0,4,0,0,0.553774,0.436895,0.009331
smids/Normal_Sperm/Normal_Sperm (909).bmp,0,4,0,1,0.289917,0.710081,0.000001
smids/Normal_Sperm/Normal_Sperm (914).bmp,0,4,0,0,0.893736,0.106258,0.000006
smids/Normal_Sperm/Normal_Sperm (916).bmp,0,4,0,1,0.211363,0.788560,0.000077
smids/Normal_Sperm/Normal_Sperm (92).bmp,0,4,0,0,0.938580,0.059205,0.002214
smids/Normal_Sperm/Normal_Sperm (920).bmp,0,4,0,0,0.819359,0.180577,0.000064
smids/Normal_Sperm/Normal_Sperm (924).bmp,0,4,0,0,0.663799,0.336200,0.000001
smids/Normal_Sperm/Normal_Sperm (931).bmp,0,4,0,1,0.310746,0.689124,0.000130
smids/Normal_Sperm/Normal_Sperm (932).bmp,0,4,0,1,0.407209,0.592687,0.000104
smids/Normal_Sperm/Normal_Sperm (938).bmp,0,4,0,0,0.621533,0.377952,0.000515
smids/Normal_Sperm/Normal_Sperm (94).bmp,0,4,0,0,0.839391,0.159935,0.000675
smids/Normal_Sperm/Normal_Sperm (943).bmp,0,4,0,0,0.825365,0.174595,0.000040
smids/Normal_Sperm/Normal_Sperm (944).bmp,0,4,0,0,0.968037,0.031963,0.000001
smids/Normal_Sperm/Normal_Sperm (950).bmp,0,4,0,1,0.171782,0.827825,0.000393
smids/Normal_Sperm/Normal_Sperm (955).bmp,0,4,0,1,0.110867,0.881077,0.008056
smids/Normal_Sperm/Normal_Sperm (958).bmp,0,4,0,0,0.948842,0.051154,0.000005
smids/Normal_Sperm/Normal_Sperm (96).bmp,0,4,0,0,0.874792,0.119107,0.006101
smids/Normal_Sperm/Normal_Sperm (980).bmp,0,4,0,1,0.190821,0.774925,0.034254
smids/Normal_Sperm/Normal_Sperm (988).bmp,0,4,0,1,0.127801,0.872127,0.000071
smids/Normal_Sperm/Normal_Sperm (993).bmp,0,4,0,0,0.806590,0.192025,0.001384
smids/Normal_Sperm/Normal_Sperm (999).bmp,0,4,0,0,0.628962,0.358735,0.012304
