image_id,repeat,fold,label_idx,pred,prob_0,prob_1,prob_2
smids/Abnormal_Sperm/Abnormal_Sperm (1002).bmp,0,0,1,1,0.139841,0.859747,0.000412
smids/Abnormal_Sperm/Abnormal_Sperm (105).bmp,0,0,1,1,0.012765,0.972637,0.014599
smids/Abnormal_Sperm/Abnormal_Sperm (107).bmp,0,0,1,1,0.012819,0.832153,0.155028
smids/Abnormal_Sperm/Abnormal_Sperm (11).bmp,0,0,1,1,0.010511,0.948106,0.041383
smids/Abnormal_Sperm/Abnormal_Sperm (111).bmp,0,0,1,1,0.003504,0.787227,0.209269
smids/Abnormal_Sperm/Abnormal_Sperm (112).bmp,0,0,1,1,0.049534,0.935991,0.014475
smids/Abnormal_Sperm/Abnormal_Sperm (119).bmp,0,0,1,1,0.007127,0.992275,0.000598
smids/Abnormal_Sperm/Abnormal_Sperm (120).bmp,0,0,1,1,0.028457,0.971054,0.000489
smids/Abnormal_Sperm/Abnormal_Sperm (123).bmp,0,0,1,1,0.005688,0.979448,0.014865
smids/Abnormal_Sperm/Abnormal_Sperm (125).bmp,0,0,1,1,0.003927,0.980931,0.015142
smids/Abnormal_Sperm/Abnormal_Sperm (13).bmp,0,0,1,1,0.034177,0.695492,0.270331
smids/Abnormal_Sperm/Abnormal_Sperm (132).bmp,0,0,1,1,0.007353,0.988795,0.003852
smids/Abnormal_Sperm/Abnormal_Sperm (133).bmp,0,0,1,1,0.013230,0.785857,0.200913
smids/Abnormal_Sperm/Abnormal_Sperm (141).bmp,0,0,1,1,0.007903,0.991303,0.000794
smids/Abnormal_Sperm/Abnormal_Sperm (147).bmp,0,0,1,1,0.005929,0.846986,0.147085
smids/Abnormal_Sperm/Abnormal_Sperm (152).bmp,0,0,1,1,0.133720,0.857734,0.008546
smids/Abnormal_Sperm/Abnormal_Sperm (167).bmp,0,0,1,1,0.010440,0.988345,0.001215
smids/Abnormal_Sperm/Abnormal_Sperm (168).bmp,0,0,1,1,0.055706,0.852565,0.091729
smids/Abnormal_Sperm/Abnormal_Sperm (172).bmp,0,0,1,0,0.560948,0.438986,0.000067
smids/Abnormal_Sperm/Abnormal_Sperm (173).bmp,0,0,1,1,0.034795,0.964850,0.000354
smids/Abnormal_Sperm/Abnormal_Sperm (175).bmp,0,0,1,1,0.043204,0.951756,0.005040
smids/Abnormal_Sperm/Abnormal_Sperm (176).bmp,0,0,1,1,0.141700,0.858269,0.000031
smids/Abnormal_Sperm/Abnormal_Sperm (187).bmp,0,0,1,1,0.139216,0.859057,0.001727
smids/Abnormal_Sperm/Abnormal_Sperm (193).bmp,0,0,1,1,0.163425,0.835452,0.001123
smids/Abnormal_Sperm/Abnormal_Sperm (194).bmp,0,0,1,1,0.015135,0.959767,0.025098
smids/Abnormal_Sperm/Abnormal_Sperm (20).bmp,0,0,1,2,0.000052,0.077483,0.922465
smids/Abnormal_Sperm/Abnormal_Sperm (203).bmp,0,0,1,1,0.329812,0.670160,0.000028
smids/Abnormal_Sperm/Abnormal_Sperm (208).bmp,0,0,1,1,0.029286,0.950519,0.020195
smids/Abnormal_Sperm/Abnormal_Sperm (212).bmp,0,0,1,1,0.164919,0.834991,0.000090
smids/Abnormal_Sperm/Abnormal_Sperm (218).bmp,0,0,1,1,0.311784,0.688167,0.000049
smids/Abnormal_Sperm/Abnormal_Sperm (221).bmp,0,0,1,1,0.003175,0.995803,0.001022
smids/Abnormal_Sperm/Abnormal_Sperm (222).bmp,0,0,1,1,0.010439,0.970761,0.018801
smids/Abnormal_Sperm/Abnormal_Sperm (224).bmp,0,0,1,1,0.001824,0.998015,0.000161
smids/Abnormal_Sperm/Abnormal_Sperm (23).bmp,0,0,1,1,0.004651,0.993984,0.001365
smids/Abnormal_Sperm/Abnormal_Sperm (234).bmp,0,0,1,1,0.000871,0.987448,0.011681
smids/Abnormal_Sperm/Abnormal_Sperm (241).bmp,0,0,1,1,0.043436,0.956155,0.000409
smids/Abnormal_Sperm/Abnormal_Sperm (246).bmp,0,0,1,1,0.024395,0.974649,0.000956
smids/Abnormal_Sperm/Abnormal_Sperm (26).bmp,0,0,1,1,0.045826,0.952992,0.001182
smids/Abnormal_Sperm/Abnormal_Sperm (268).bmp,0,0,1,1,0.002693,0.987088,0.010219
smids/Abnormal_Sperm/Abnormal_Sperm (275).bmp,0,0,1,1,0.015027,0.975864,0.009109
smids/Abnormal_Sperm/Abnormal_Sperm (276).bmp,0,0,1,1,0.067381,0.932544,0.000074
smids/Abnormal_Sperm/Abnormal_Sperm (28).bmp,0,0,1,0,0.704298,0.279141,0.016561
smids/Abnormal_Sperm/Abnormal_Sperm (31).bmp,0,0,1,1,0.042318,0.951111,0.006571
smids/Abnormal_Sperm/Abnormal_Sperm (320).bmp,0,0,1,1,0.002699,0.982525,0.014776
smids/Abnormal_Sperm/Abnormal_Sperm (321).bmp,0,0,1,1,0.004570,0.994687,0.000743
smids/Abnormal_Sperm/Abnormal_Sperm (333).bmp,0,0,1,1,0.022368,0.976972,0.000660
smids/Abnormal_Sperm/Abnormal_Sperm (335).bmp,0,0,1,1,0.447201,0.551480,0.001318
smids/Abnormal_Sperm/Abnormal_Sperm (342).bmp,0,0,1,1,0.008027,0.881234,0.110740
smids/Abnormal_Sperm/Abnormal_Sperm (343).bmp,0,0,1,1,0.069613,0.753588,0.176798
smids/Abnormal_Sperm/Abnormal_Sperm (345).bmp,0,0,1,1,0.106643,0.891710,0.001647
smids/Abnormal_Sperm/Abnormal_Sperm (35).bmp,0,0,1,1,0.022336,0.974720,0.002944
smids/Abnormal_Sperm/Abnormal_Sperm (351).bmp,0,0,1,1,0.346535,0.649819,0.003647
smids/Abnormal_Sperm/Abnormal_Sperm (356).bmp,0,0,1,1,0.005928,0.993341,0.000731
smids/Abnormal_Sperm/Abnormal_Sperm (359).bmp,0,0,1,1,0.003734,0.983209,0.013056
smids/Abnormal_Sperm/Abnormal_Sperm (361).bmp,0,0,1,1,0.075455,0.921247,0.003298
smids/Abnormal_Sperm/Abnormal_Sperm (365).bmp,0,0,1,1,0.001869,0.936654,0.061477
smids/Abnormal_Sperm/Abnormal_Sperm (371).bmp,0,0,1,1,0.030654,0.962487,0.006859
smids/Abnormal_Sperm/Abnormal_Sperm (373).bmp,0,0,1,1,0.005056,0.985891,0.009053
smids/Abnormal_Sperm/Abnormal_Sperm (378).bmp,0,0,1,0,0.509307,0.490478,0.000215
smids/Abnormal_Sperm/Abnormal_Sperm (380).bmp,0,0,1,1,0.001588,0.940758,0.057654
smids/Abnormal_Sperm/Abnormal_Sperm (388).bmp,0,0,1,1,0.002181,0.918825,0.078994
smids/Abnormal_Sperm/Abnormal_Sperm (394).bmp,0,0,1,1,0.008204,0.927217,0.064580
smids/Abnormal_Sperm/Abnormal_Sperm (406).bmp,0,0,1,1,0.061488,0.938319,0.000193
smids/Abnormal_Sperm/Abnormal_Sperm (407).bmp,0,0,1,1,0.015890,0.982372,0.001738
smids/Abnormal_Sperm/Abnormal_Sperm (42).bmp,0,0,1,0,0.894659,0.105314,0.000027
smids/Abnormal_Sperm/Abnormal_Sperm (422).bmp,0,0,1,1,0.000795,0.698145,0.301061
smids/Abnormal_Sperm/Abnormal_Sperm (424).bmp,0,0,1,1,0.002894,0.972680,0.024426
smids/Abnormal_Sperm/Abnormal_Sperm (427).bmp,0,0,1,1,0.093295,0.902419,0.004286
smids/Abnormal_Sperm/Abnormal_Sperm (430).bmp,0,0,1,1,0.019248,0.961948,0.018804
smids/Abnormal_Sperm/Abnormal_Sperm (438).bmp,0,0,1,1,0.012198,0.922774,0.065028
smids/Abnormal_Sperm/Abnormal_Sperm (440).bmp,0,0,1,1,0.015692,0.981626,0.002682
smids/Abnormal_Sperm/Abnormal_Sperm (441).bmp,0,0,1,1,0.002245,0.994649,0.003106
smids/Abnormal_Sperm/Abnormal_Sperm (444).bmp,0,0,1,1,0.047461,0.952423,0.000116
smids/Abnormal_Sperm/Abnormal_Sperm (452).bmp,0,0,1,1,0.065429,0.933302,0.001269
smids/Abnormal_Sperm/Abnormal_Sperm (454).bmp,0,0,1,1,0.000882,0.990175,0.008944
smids/Abnormal_Sperm/Abnormal_Sperm (457).bmp,0,0,1,1,0.001557,0.995851,0.002592
smids/Abnormal_Sperm/Abnormal_Sperm (464).bmp,0,0,1,1,0.005029,0.993383,0.001588
smids/Abnormal_Sperm/Abnormal_Sperm (467).bmp,0,0,1,1,0.000217,0.897792,0.101991
smids/Abnormal_Sperm/Abnormal_Sperm (468).bmp,0,0,1,2,0.000387,0.365434,0.634180
smids/Abnormal_Sperm/Abnormal_Sperm (470).bmp,0,0,1,1,0.005869,0.993852,0.000279
smids/Abnormal_Sperm/Abnormal_Sperm (471).bmp,0,0,1,1,0.002908,0.995458,0.001634
smids/Abnormal_Sperm/Abnormal_Sperm (476).bmp,0,0,1,1,0.183410,0.810997,0.005593
smids/Abnormal_Sperm/Abnormal_Sperm (479).bmp,0,0,1,2,0.053279,0.082338,0.864383
smids/Abnormal_Sperm/Abnormal_Sperm (48).bmp,0,0,1,2,0.001141,0.100861,0.897997
smids/Abnormal_Sperm/Abnormal_Sperm (481).bmp,0,0,1,2,0.000464,0.028712,0.970825
smids/Abnormal_Sperm/Abnormal_Sperm (482).bmp,0,0,1,1,0.010627,0.931350,0.058023
smids/Abnormal_Sperm/Abnormal_Sperm (484).bmp,0,0,1,1,0.005727,0.975061,0.019212
smids/Abnormal_Sperm/Abnormal_Sperm (488).bmp,0,0,1,2,0.032483,0.144928,0.822589
smids/Abnormal_Sperm/Abnormal_Sperm (501).bmp,0,0,1,0,0.639355,0.270868,0.089778
smids/Abnormal_Sperm/Abnormal_Sperm (512).bmp,0,0,1,1,0.171917,0.465348,0.362736
smids/Abnormal_Sperm/Abnormal_Sperm (513).bmp,0,0,1,1,0.005802,0.850369,0.143829
smids/Abnormal_Sperm/Abnormal_Sperm (514).bmp,0,0,1,1,0.141647,0.857090,0.001263
smids/Abnormal_Sperm/Abnormal_Sperm (527).bmp,0,0,1,1,0.269681,0.725140,0.005179
smids/Abnormal_Sperm/Abnormal_Sperm (53).bmp,0,0,1,1,0.021112,0.934624,0.044264
smids/Abnormal_Sperm/Abnormal_Sperm (530).bmp,0,0,1,1,0.024390,0.973294,0.002316
smids/Abnormal_Sperm/Abnormal_Sperm (533).bmp,0,0,1,1,0.472179,0.527612,0.000210
smids/Abnormal_Sperm/Abnormal_Sperm (538).bmp,0,0,1,1,0.029410,0.950083,0.020507
smids/Abnormal_Sperm/Abnormal_Sperm (546).bmp,0,0,1,1,0.117680,0.882220,0.000100
smids/Abnormal_Sperm/Abnormal_Sperm (557).bmp,0,0,1,0,0.839241,0.145378,0.015382
smids/Abnormal_Sperm/Abnormal_Sperm (562).bmp,0,0,1,0,0.429124,0.347538,0.223338
smids/Abnormal_Sperm/Abnormal_Sperm (565).bmp,0,0,1,0,0.735871,0.245291,0.018838
smids/Abnormal_Sperm/Abnormal_Sperm (569).bmp,0,0,1,2,0.006046,0.337536,0.656418
smids/Abnormal_Sperm/Abnormal_Sperm (581).bmp,0,0,1,1,0.089917,0.874570,0.035513
smids/Abnormal_Sperm/Abnormal_Sperm (585).bmp,0,0,1,0,0.930656,0.041427,0.027917
smids/Abnormal_Sperm/Abnormal_Sperm (591).bmp,0,0,1,2,0.003532,0.059626,0.936842
smids/Abnormal_Sperm/Abnormal_Sperm (593).bmp,0,0,1,1,0.003269,0.982048,0.014683
smids/Abnormal_Sperm/Abnormal_Sperm (597).bmp,0,0,1,1,0.174546,0.818962,0.006492
smids/Abnormal_Sperm/Abnormal_Sperm (598).bmp,0,0,1,1,0.011032,0.981196,0.007772
smids/Abnormal_Sperm/Abnormal_Sperm (599).bmp,0,0,1,0,0.765867,0.229036,0.005096
smids/Abnormal_Sperm/Abnormal_Sperm (600).bmp,0,0,1,0,0.935340,0.032466,0.032194
smids/Abnormal_Sperm/Abnormal_Sperm (603).bmp,0,0,1,0,0.763308,0.235838,0.000854
smids/Abnormal_Sperm/Abnormal_Sperm (609).bmp,0,0,1,0,0.905250,0.091806,0.002944
smids/Abnormal_Sperm/Abnormal_Sperm (610).bmp,0,0,1,0,0.840300,0.158537,0.001162
smids/Abnormal_Sperm/Abnormal_Sperm (618).bmp,0,0,1,1,0.168989,0.829073,0.001938
smids/Abnormal_Sperm/Abnormal_Sperm (620).bmp,0,0,1,1,0.006956,0.690085,0.302960
smids/Abnormal_Sperm/Abnormal_Sperm (624).bmp,0,0,1,1,0.089108,0.910225,0.000667
smids/Abnormal_Sperm/Abnormal_Sperm (627).bmp,0,0,1,2,0.015887,0.125597,0.858516
smids/Abnormal_Sperm/Abnormal_Sperm (634).bmp,0,0,1,1,0.174075,0.824030,0.001894
smids/Abnormal_Sperm/Abnormal_Sperm (639).bmp,0,0,1,2,0.000604,0.130725,0.868671
smids/Abnormal_Sperm/Abnormal_Sperm (645).bmp,0,0,1,1,0.057879,0.941507,0.000615
smids/Abnormal_Sperm/Abnormal_Sperm (647).bmp,0,0,1,1,0.418164,0.579606,0.002230
smids/Abnormal_Sperm/Abnormal_Sperm (648).bmp,0,0,1,0,0.537364,0.312292,0.150344
smids/Abnormal_Sperm/Abnormal_Sperm (655).bmp,0,0,1,1,0.139738,0.852549,0.007713
smids/Abnormal_Sperm/Abnormal_Sperm (662).bmp,0,0,1,1,0.043006,0.926004,0.030990
smids/Abnormal_Sperm/Abnormal_Sperm (666).bmp,0,0,1,1,0.009961,0.592631,0.397409
smids/Abnormal_Sperm/Abnormal_Sperm (670).bmp,0,0,1,0,0.730597,0.252798,0.016604
smids/Abnormal_Sperm/Abnormal_Sperm (679).bmp,0,0,1,1,0.141361,0.842824,0.015815
smids/Abnormal_Sperm/Abnormal_Sperm (684).bmp,0,0,1,0,0.522334,0.442689,0.034977
smids/Abnormal_Sperm/Abnormal_Sperm (685).bmp,0,0,1,1,0.196895,0.799926,0.003179
smids/Abnormal_Sperm/Abnormal_Sperm (686).bmp,0,0,1,1,0.430267,0.563222,0.006512
smids/Abnormal_Sperm/Abnormal_Sperm (69).bmp,0,0,1,1,0.021783,0.977992,0.000225
smids/Abnormal_Sperm/Abnormal_Sperm (693).bmp,0,0,1,1,0.032419,0.957550,0.010031
smids/Abnormal_Sperm/Abnormal_Sperm (696).bmp,0,0,1,1,0.089603,0.892788,0.017610
smids/Abnormal_Sperm/Abnormal_Sperm (705).bmp,0,0,1,0,0.521602,0.466659,0.011739
smids/Abnormal_Sperm/Abnormal_Sperm (707).bmp,0,0,1,1,0.303634,0.693017,0.003349
smids/Abnormal_Sperm/Abnormal_Sperm (713).bmp,0,0,1,1,0.261020,0.738689,0.000291
smids/Abnormal_Sperm/Abnormal_Sperm (715).bmp,0,0,1,0,0.640672,0.358010,0.001318
smids/Abnormal_Sperm/Abnormal_Sperm (720).bmp,0,0,1,1,0.269902,0.728941,0.001157
smids/Abnormal_Sperm/Abnormal_Sperm (738).bmp,0,0,1,1,0.005749,0.992498,0.001753
smids/Abnormal_Sperm/Abnormal_Sperm (740).bmp,0,0,1,1,0.241179,0.758665,0.000156
smids/Abnormal_Sperm/Abnormal_Sperm (752).bmp,0,0,1,1,0.498684,0.499138,0.002178
smids/Abnormal_Sperm/Abnormal_Sperm (756).bmp,0,0,1,0,0.733336,0.258532,0.008132
smids/Abnormal_Sperm/Abnormal_Sperm (777).bmp,0,0,1,1,0.263365,0.735587,0.001047
smids/Abnormal_Sperm/Abnormal_Sperm (780).bmp,0,0,1,1,0.167242,0.820055,0.012702
smids/Abnormal_Sperm/Abnormal_Sperm (787).bmp,0,0,1,0,0.845047,0.152523,0.002430
smids/Abnormal_Sperm/Abnormal_Sperm (790).bmp,0,0,1,1,0.483027,0.516517,0.000455
smids/Abnormal_Sperm/Abnormal_Sperm (797).bmp,0,0,1,1,0.481996,0.504329,0.013675
smids/Abnormal_Sperm/Abnormal_Sperm (80).bmp,0,0,1,1,0.003321,0.984447,0.012232
smids/Abnormal_Sperm/Abnormal_Sperm (805).bmp,0,0,1,1,0.089954,0.909707,0.000338
smids/Abnormal_Sperm/Abnormal_Sperm (811).bmp,0,0,1,1,0.316418,0.676623,0.006959
smids/Abnormal_Sperm/Abnormal_Sperm (816).bmp,0,0,1,1,0.261330,0.738462,0.000208
smids/Abnormal_Sperm/Abnormal_Sperm (819).bmp,0,0,1,1,0.060083,0.938058,0.001858
smids/Abnormal_Sperm/Abnormal_Sperm (822).bmp,0,0,1,1,0.165024,0.834855,0.000121
smids/Abnormal_Sperm/Abnormal_Sperm (828).bmp,0,0,1,1,0.072760,0.920314,0.006926
smids/Abnormal_Sperm/Abnormal_Sperm (83).bmp,0,0,1,0,0.567283,0.254749,0.177967
smids/Abnormal_Sperm/Abnormal_Sperm (832).bmp,0,0,1,1,0.168712,0.830768,0.000521
smids/Abnormal_Sperm/Abnormal_Sperm (837).bmp,0,0,1,0,0.884356,0.114128,0.001516
smids/Abnormal_Sperm/Abnormal_Sperm (842).bmp,0,0,1,1,0.053859,0.941396,0.004745
smids/Abnormal_Sperm/Abnormal_Sperm (844).bmp,0,0,1,1,0.047941,0.931481,0.020578
smids/Abnormal_Sperm/Abnormal_Sperm (848).bmp,0,0,1,0,0.886764,0.112236,0.001000
smids/Abnormal_Sperm/Abnormal_Sperm (853).bmp,0,0,1,1,0.338527,0.653926,0.007547
smids/Abnormal_Sperm/Abnormal_Sperm (854).bmp,0,0,1,1,0.325288,0.674571,0.000140
smids/Abnormal_Sperm/Abnormal_Sperm (857).bmp,0,0,1,1,0.138373,0.860736,0.000891
smids/Abnormal_Sperm/Abnormal_Sperm (863).bmp,0,0,1,1,0.040395,0.954833,0.004772
smids/Abnormal_Sperm/Abnormal_Sperm (869).bmp,0,0,1,1,0.086421,0.912906,0.000673
smids/Abnormal_Sperm/Abnormal_Sperm (878).bmp,0,0,1,0,0.508206,0.491717,0.000077
smids/Abnormal_Sperm/Abnormal_Sperm (889).bmp,0,0,1,1,0.077686,0.871267,0.051046
smids/Abnormal_Sperm/Abnormal_Sperm (892).bmp,0,0,1,0,0.683500,0.316361,0.000139
smids/Abnormal_Sperm/Abnormal_Sperm (895).bmp,0,0,1,1,0.439973,0.560021,0.000006
smids/Abnormal_Sperm/Abnormal_Sperm (900).bmp,0,0,1,1,0.211738,0.786350,0.001912
smids/Abnormal_Sperm/Abnormal_Sperm (901).bmp,0,0,1,1,0.035792,0.963717,0.000491
smids/Abnormal_Sperm/Abnormal_Sperm (903).bmp,0,0,1,1,0.420759,0.578264,0.000977
smids/Abnormal_Sperm/Abnormal_Sperm (907).bmp,0,0,1,0,0.825601,0.168267,0.006132
smids/Abnormal_Sperm/Abnormal_Sperm (908).bmp,0,0,1,0,0.586801,0.412281,0.000919
smids/Abnormal_Sperm/Abnormal_Sperm (909).bmp,0,0,1,0,0.622499,0.375669,0.001832
smids/Abnormal_Sperm/Abnormal_Sperm (911).bmp,0,0,1,0,0.889906,0.110023,0.000071
smids/Abnormal_Sperm/Abnormal_Sperm (919).bmp,0,0,1,1,0.345615,0.367159,0.287225
smids/Abnormal_Sperm/Abnormal_Sperm (920).bmp,0,0,1,0,0.656850,0.338954,0.004195
smids/Abnormal_Sperm/Abnormal_Sperm (925).bmp,0,0,1,0,0.696256,0.303570,0.000175
smids/Abnormal_Sperm/Abnormal_Sperm (930).bmp,0,0,1,0,0.897925,0.100202,0.001873
smids/Abnormal_Sperm/Abnormal_Sperm (931).bmp,0,0,1,0,0.609891,0.385193,0.004916
smids/Abnormal_Sperm/Abnormal_Sperm (944).bmp,0,0,1,1,0.094948,0.905034,0.000018
smids/Abnormal_Sperm/Abnormal_Sperm (945).bmp,0,0,1,1,0.104098,0.895668,0.000234
smids/Abnormal_Sperm/Abnormal_Sperm (948).bmp,0,0,1,1,0.251619,0.746339,0.002042
smids/Abnormal_Sperm/Abnormal_Sperm (955).bmp,0,0,1,1,0.071703,0.928083,0.000214
smids/Abnormal_Sperm/Abnormal_Sperm (957).bmp,0,0,1,2,0.011166,0.426824,0.562011
smids/Abnormal_Sperm/Abnormal_Sperm (962).bmp,0,0,1,1,0.000738,0.854393,0.144869
smids/Abnormal_Sperm/Abnormal_Sperm (967).bmp,0,0,1,1,0.011773,0.987047,0.001180
smids/Abnormal_Sperm/Abnormal_Sperm (974).bmp,0,0,1,1,0.010003,0.979854,0.010144
smids/Abnormal_Sperm/Abnormal_Sperm (975).bmp,0,0,1,1,0.012927,0.982521,0.004552
smids/Abnormal_Sperm/Abnormal_Sperm (976).bmp,0,0,1,1,0.001588,0.895681,0.102730
smids/Abnormal_Sperm/Abnormal_Sperm (982).bmp,0,0,1,1,0.230461,0.768404,0.001135
smids/Abnormal_Sperm/Abnormal_Sperm (989).bmp,0,0,1,1,0.031960,0.643929,0.324112
smids/Abnormal_Sperm/Abnormal_Sperm (99).bmp,0,0,1,1,0.069181,0.930633,0.000186
smids/Abnormal_Sperm/Abnormal_Sperm (994).bmp,0,0,1,1,0.017792,0.972088,0.010120
smids/Non-Sperm/Non-Sperm (106).bmp,0,0,2,2,0.000013,0.000755,0.999232
smids/Non-Sperm/Non-Sperm (113).bmp,0,0,2,2,0.000006,0.000042,0.999952
smids/Non-Sperm/Non-Sperm (116).bmp,0,0,2,2,0.000004,0.000376,0.999620
smids/Non-Sperm/Non-Sperm (120).bmp,0,0,2,2,0.000026,0.001777,0.998197
smids/Non-Sperm/Non-Sperm (128).bmp,0,0,2,2,0.000031,0.000152,0.999818
smids/Non-Sperm/Non-Sperm (131).bmp,0,0,2,2,0.000490,0.000529,0.998980
smids/Non-Sperm/Non-Sperm (132).bmp,0,0,2,2,0.000028,0.003683,0.996289
smids/Non-Sperm/Non-Sperm (139).bmp,0,0,2,2,0.000117,0.017210,0.982673
smids/Non-Sperm/Non-Sperm (145).bmp,0,0,2,2,0.000714,0.000947,0.998339
smids/Non-Sperm/Non-Sperm (148).bmp,0,0,2,2,0.000002,0.000208,0.999790
smids/Non-Sperm/Non-Sperm (149).bmp,0,0,2,2,0.000001,0.000435,0.999564
smids/Non-Sperm/Non-Sperm (154).bmp,0,0,2,2,0.000005,0.000051,0.999944
smids/Non-Sperm/Non-Sperm (155).bmp,0,0,2,2,0.000000,0.000088,0.999912
smids/Non-Sperm/Non-Sperm (162).bmp,0,0,2,2,0.000083,0.002341,0.997576
smids/Non-Sperm/Non-Sperm (163).bmp,0,0,2,1,0.011170,0.923562,0.065267
smids/Non-Sperm/Non-Sperm (175).bmp,0,0,2,2,0.000008,0.000070,0.999922
smids/Non-Sperm/Non-Sperm (176).bmp,0,0,2,2,0.001495,0.073539,0.924966
smids/Non-Sperm/Non-Sperm (178).bmp,0,0,2,2,0.000011,0.000687,0.999302
smids/Non-Sperm/Non-Sperm (195).bmp,0,0,2,1,0.207118,0.700453,0.092428
smids/Non-Sperm/Non-Sperm (197).bmp,0,0,2,1,0.003732,0.587492,0.408776
smids/Non-Sperm/Non-Sperm (203).bmp,0,0,2,2,0.000001,0.000102,0.999897
smids/Non-Sperm/Non-Sperm (209).bmp,0,0,2,2,0.000000,0.000027,0.999973
smids/Non-Sperm/Non-Sperm (217).bmp,0,0,2,2,0.000172,0.005227,0.994602
smids/Non-Sperm/Non-Sperm (220).bmp,0,0,2,2,0.000095,0.000267,0.999638
smids/Non-Sperm/Non-Sperm (224).bmp,0,0,2,2,0.000063,0.000165,0.999773
smids/Non-Sperm/Non-Sperm (231).bmp,0,0,2,2,0.000008,0.001199,0.998793
smids/Non-Sperm/Non-Sperm (232).bmp,0,0,2,2,0.000969,0.001075,0.997956
smids/Non-Sperm/Non-Sperm (236).bmp,0,0,2,2,0.000021,0.000938,0.999041
smids/Non-Sperm/Non-Sperm (246).bmp,0,0,2,2,0.000006,0.000851,0.999143
smids/Non-Sperm/Non-Sperm (251).bmp,0,0,2,2,0.000082,0.000409,0.999509
smids/Non-Sperm/Non-Sperm (257).bmp,0,0,2,2,0.000009,0.002917,0.997074
smids/Non-Sperm/Non-Sperm (262).bmp,0,0,2,2,0.000002,0.000764,0.999234
smids/Non-Sperm/Non-Sperm (271).bmp,0,0,2,2,0.000018,0.000094,0.999888
smids/Non-Sperm/Non-Sperm (273).bmp,0,0,2,2,0.000072,0.001788,0.998140
smids/Non-Sperm/Non-Sperm (278).bmp,0,0,2,2,0.000005,0.000682,0.999313
smids/Non-Sperm/Non-Sperm (281).bmp,0,0,2,2,0.000077,0.006019,0.993904
smids/Non-Sperm/Non-Sperm (283).bmp,0,0,2,2,0.000005,0.000016,0.999979
smids/Non-Sperm/Non-Sperm (292).bmp,0,0,2,2,0.000013,0.000061,0.999926
smids/Non-Sperm/Non-Sperm (295).bmp,0,0,2,2,0.000038,0.000168,0.999793
smids/Non-Sperm/Non-Sperm (302).bmp,0,0,2,2,0.000004,0.000409,0.999587
smids/Non-Sperm/Non-Sperm (308).bmp,0,0,2,2,0.000019,0.000056,0.999924
smids/Non-Sperm/Non-Sperm (317).bmp,0,0,2,2,0.000002,0.000107,0.999891
smids/Non-Sperm/Non-Sperm (319).bmp,0,0,2,2,0.000023,0.001537,0.998440
smids/Non-Sperm/Non-Sperm (324).bmp,0,0,2,2,0.035913,0.004757,0.959330
smids/Non-Sperm/Non-Sperm (329).bmp,0,0,2,2,0.000187,0.006754,0.993059
smids/Non-Sperm/Non-Sperm (337).bmp,0,0,2,2,0.000020,0.000970,0.999010
smids/Non-Sperm/Non-Sperm (343).bmp,0,0,2,2,0.001841,0.036813,0.961347
smids/Non-Sperm/Non-Sperm (348).bmp,0,0,2,2,0.000025,0.000047,0.999928
smids/Non-Sperm/Non-Sperm (351).bmp,0,0,2,2,0.000327,0.000448,0.999225
smids/Non-Sperm/Non-Sperm (352).bmp,0,0,2,2,0.000007,0.000464,0.999529
smids/Non-Sperm/Non-Sperm (356).bmp,0,0,2,2,0.000010,0.000759,0.999231
smids/Non-Sperm/Non-Sperm (365).bmp,0,0,2,2,0.001569,0.021461,0.976970
smids/Non-Sperm/Non-Sperm (368).bmp,0,0,2,2,0.000062,0.019205,0.980733
smids/Non-Sperm/Non-Sperm (372).bmp,0,0,2,2,0.000012,0.001090,0.998898
smids/Non-Sperm/Non-Sperm (383).bmp,0,0,2,1,0.011235,0.703310,0.285455
smids/Non-Sperm/Non-Sperm (388).bmp,0,0,2,2,0.000161,0.007904,0.991935
smids/Non-Sperm/Non-Sperm (392).bmp,0,0,2,1,0.032576,0.760569,0.206855
smids/Non-Sperm/Non-Sperm (394).bmp,0,0,2,2,0.011553,0.001999,0.986448
smids/Non-Sperm/Non-Sperm (397).bmp,0,0,2,2,0.002809,0.003658,0.993533
smids/Non-Sperm/Non-Sperm (402).bmp,0,0,2,2,0.000723,0.034358,0.964919
smids/Non-Sperm/Non-Sperm (406).bmp,0,0,2,2,0.012244,0.185215,0.802541
smids/Non-Sperm/Non-Sperm (416).bmp,0,0,2,2,0.003998,0.097146,0.898856
smids/Non-Sperm/Non-Sperm (417).bmp,0,0,2,2,0.001298,0.025079,0.973623
smids/Non-Sperm/Non-Sperm (419).bmp,0,0,2,2,0.000008,0.001517,0.998475
smids/Non-Sperm/Non-Sperm (427).bmp,0,0,2,2,0.000647,0.028505,0.970848
smids/Non-Sperm/Non-Sperm (431).bmp,0,0,2,2,0.000049,0.000245,0.999706
smids/Non-Sperm/Non-Sperm (44).bmp,0,0,2,2,0.000001,0.001118,0.998881
smids/Non-Sperm/Non-Sperm (443).bmp,0,0,2,2,0.000135,0.000291,0.999574
smids/Non-Sperm/Non-Sperm (451).bmp,0,0,2,2,0.009694,0.198800,0.791506
smids/Non-Sperm/Non-Sperm (458).bmp,0,0,2,2,0.000009,0.002146,0.997845
smids/Non-Sperm/Non-Sperm (471).bmp,0,0,2,2,0.000002,0.000165,0.999833
smids/Non-Sperm/Non-Sperm (476).bmp,0,0,2,2,0.000015,0.000929,0.999056
smids/Non-Sperm/Non-Sperm (483).bmp,0,0,2,2,0.000356,0.021342,0.978302
smids/Non-Sperm/Non-Sperm (488).bmp,0,0,2,2,0.042353,0.205156,0.752490
smids/Non-Sperm/Non-Sperm (49).bmp,0,0,2,2,0.000098,0.045711,0.954190
smids/Non-Sperm/Non-Sperm (490).bmp,0,0,2,2,0.004119,0.311485,0.684395
smids/Non-Sperm/Non-Sperm (492).bmp,0,0,2,2,0.000004,0.000302,0.999694
smids/Non-Sperm/Non-Sperm (494).bmp,0,0,2,2,0.000890,0.031075,0.968035
smids/Non-Sperm/Non-Sperm (505).bmp,0,0,2,2,0.000005,0.000640,0.999354
smids/Non-Sperm/Non-Sperm (51).bmp,0,0,2,2,0.000017,0.009756,0.990227
smids/Non-Sperm/Non-Sperm (517).bmp,0,0,2,2,0.001371,0.029019,0.969610
smids/Non-Sperm/Non-Sperm (523).bmp,0,0,2,2,0.000267,0.002584,0.997149
smids/Non-Sperm/Non-Sperm (529).bmp,0,0,2,2,0.004869,0.043265,0.951866
smids/Non-Sperm/Non-Sperm (538).bmp,0,0,2,2,0.000033,0.005266,0.994701
smids/Non-Sperm/Non-Sperm (542).bmp,0,0,2,2,0.000818,0.135506,0.863676
smids/Non-Sperm/Non-Sperm (545).bmp,0,0,2,2,0.000198,0.020248,0.979554
smids/Non-Sperm/Non-Sperm (548).bmp,0,0,2,2,0.000018,0.000402,0.999580
smids/Non-Sperm/Non-Sperm (550).bmp,0,0,2,2,0.000004,0.000272,0.999724
smids/Non-Sperm/Non-Sperm (552).bmp,0,0,2,2,0.000011,0.000626,0.999363
smids/Non-Sperm/Non-Sperm (557).bmp,0,0,2,2,0.000085,0.004067,0.995848
smids/Non-Sperm/Non-Sperm (566).bmp,0,0,2,2,0.003896,0.121936,0.874168
smids/Non-Sperm/Non-Sperm (568).bmp,0,0,2,2,0.000028,0.000157,0.999816
smids/Non-Sperm/Non-Sperm (569).bmp,0,0,2,2,0.000069,0.018968,0.980964
smids/Non-Sperm/Non-Sperm (570).bmp,0,0,2,2,0.000024,0.002021,0.997955
smids/Non-Sperm/Non-Sperm (579).bmp,0,0,2,2,0.000127,0.001098,0.998775
smids/Non-Sperm/Non-Sperm (580).bmp,0,0,2,2,0.000061,0.006557,0.993382
smids/Non-Sperm/Non-Sperm (585).bmp,0,0,2,2,0.000014,0.000054,0.999932
smids/Non-Sperm/Non-Sperm (592).bmp,0,0,2,2,0.000021,0.005166,0.994814
smids/Non-Sperm/Non-Sperm (595).bmp,0,0,2,2,0.000037,0.003940,0.996022
smids/Non-Sperm/Non-Sperm (596).bmp,0,0,2,2,0.009028,0.040691,0.950280
smids/Non-Sperm/Non-Sperm (614).bmp,0,0,2,2,0.000077,0.003197,0.996726
smids/Non-Sperm/Non-Sperm (616).bmp,0,0,2,2,0.001221,0.001776,0.997004
smids/Non-Sperm/Non-Sperm (624).bmp,0,0,2,2,0.000010,0.001268,0.998721
smids/Non-Sperm/Non-Sperm (626).bmp,0,0,2,2,0.000040,0.001709,0.998251
smids/Non-Sperm/Non-Sperm (629).bmp,0,0,2,2,0.000755,0.013805,0.985439
smids/Non-Sperm/Non-Sperm (630).bmp,0,0,2,2,0.000024,0.000659,0.999317
smids/Non-Sperm/Non-Sperm (635).bmp,0,0,2,2,0.000012,0.002973,0.997014
smids/Non-Sperm/Non-Sperm (637).bmp,0,0,2,2,0.001674,0.084192,0.914134
smids/Non-Sperm/Non-Sperm (64).bmp,0,0,2,2,0.004228,0.178487,0.817285
smids/Non-Sperm/Non-Sperm (640).bmp,0,0,2,2,0.007692,0.005960,0.986348
smids/Non-Sperm/Non-Sperm (641).bmp,0,0,2,2,0.000004,0.001020,0.998975
smids/Non-Sperm/Non-Sperm (645).bmp,0,0,2,2,0.000297,0.032737,0.966966
smids/Non-Sperm/Non-Sperm (648).bmp,0,0,2,2,0.000014,0.002754,0.997231
smids/Non-Sperm/Non-Sperm (652).bmp,0,0,2,2,0.000092,0.002948,0.996960
smids/Non-Sperm/Non-Sperm (654).bmp,0,0,2,2,0.000009,0.002463,0.997528
smids/Non-Sperm/Non-Sperm (655).bmp,0,0,2,2,0.021852,0.011784,0.966364
smids/Non-Sperm/Non-Sperm (656).bmp,0,0,2,2,0.000330,0.009347,0.990323
smids/Non-Sperm/Non-Sperm (661).bmp,0,0,2,2,0.000011,0.000222,0.999767
smids/Non-Sperm/Non-Sperm (667).bmp,0,0,2,2,0.000010,0.002135,0.997855
smids/Non-Sperm/Non-Sperm (668).bmp,0,0,2,2,0.000008,0.000053,0.999939
smids/Non-Sperm/Non-Sperm (682).bmp,0,0,2,2,0.000233,0.006043,0.993724
smids/Non-Sperm/Non-Sperm (690).bmp,0,0,2,2,0.000199,0.005826,0.993975
smids/Non-Sperm/Non-Sperm (694).bmp,0,0,2,2,0.000178,0.000467,0.999355
smids/Non-Sperm/Non-Sperm (702).bmp,0,0,2,2,0.001576,0.026777,0.971646
smids/Non-Sperm/Non-Sperm (708).bmp,0,0,2,2,0.000025,0.000098,0.999877
smids/Non-Sperm/Non-Sperm (710).bmp,0,0,2,2,0.000023,0.006545,0.993432
smids/Non-Sperm/Non-Sperm (716).bmp,0,0,2,2,0.001733,0.381401,0.616866
smids/Non-Sperm/Non-Sperm (718).bmp,0,0,2,2,0.015471,0.011158,0.973371
smids/Non-Sperm/Non-Sperm (719).bmp,0,0,2,2,0.002837,0.024395,0.972769
smids/Non-Sperm/Non-Sperm (725).bmp,0,0,2,2,0.001533,0.085974,0.912493
smids/Non-Sperm/Non-Sperm (730).bmp,0,0,2,2,0.005234,0.004466,0.990300
smids/Non-Sperm/Non-Sperm (731).bmp,0,0,2,2,0.000001,0.000307,0.999691
smids/Non-Sperm/Non-Sperm (732).bmp,0,0,2,2,0.000009,0.000717,0.999274
smids/Non-Sperm/Non-Sperm (733).bmp,0,0,2,2,0.000283,0.052824,0.946893
smids/Non-Sperm/Non-Sperm (735).bmp,0,0,2,2,0.000010,0.001564,0.998426
smids/Non-Sperm/Non-Sperm (738).bmp,0,0,2,2,0.000150,0.000551,0.999299
smids/Non-Sperm/Non-Sperm (741).bmp,0,0,2,2,0.000034,0.002038,0.997928
smids/Non-Sperm/Non-Sperm (742).bmp,0,0,2,2,0.000003,0.000268,0.999729
smids/Non-Sperm/Non-Sperm (749).bmp,0,0,2,2,0.036510,0.013164,0.950326
smids/Non-Sperm/Non-Sperm (75).bmp,0,0,2,2,0.004244,0.221236,0.774520
smids/Non-Sperm/Non-Sperm (750).bmp,0,0,2,2,0.001332,0.044748,0.953920
smids/Non-Sperm/Non-Sperm (76).bmp,0,0,2,1,0.004401,0.790088,0.205511
smids/Non-Sperm/Non-Sperm (765).bmp,0,0,2,2,0.000006,0.002098,0.997896
smids/Non-Sperm/Non-Sperm (767).bmp,0,0,2,2,0.001357,0.000450,0.998193
smids/Non-Sperm/Non-Sperm (769).bmp,0,0,2,2,0.000003,0.000030,0.999967
smids/Non-Sperm/Non-Sperm (770).bmp,0,0,2,2,0.033130,0.008405,0.958464
smids/Non-Sperm/Non-Sperm (772).bmp,0,0,2,2,0.000116,0.008078,0.991806
smids/Non-Sperm/Non-Sperm (782).bmp,0,0,2,2,0.000002,0.000366,0.999632
smids/Non-Sperm/Non-Sperm (785).bmp,0,0,2,2,0.000268,0.000228,0.999504
smids/Non-Sperm/Non-Sperm (792).bmp,0,0,2,2,0.059618,0.028722,0.911660
smids/Non-Sperm/Non-Sperm (802).bmp,0,0,2,2,0.000015,0.002404,0.997580
smids/Non-Sperm/Non-Sperm (805).bmp,0,0,2,2,0.000130,0.003385,0.996485
smids/Non-Sperm/Non-Sperm (807).bmp,0,0,2,2,0.000024,0.006945,0.993031
smids/Non-Sperm/Non-Sperm (814).bmp,0,0,2,2,0.000223,0.000363,0.999413
smids/Non-Sperm/Non-Sperm (817).bmp,0,0,2,2,0.002106,0.003347,0.994547
smids/Non-Sperm/Non-Sperm (828).bmp,0,0,2,2,0.000004,0.002087,0.997908
smids/Non-Sperm/Non-Sperm (830).bmp,0,0,2,2,0.000049,0.005844,0.994107
smids/Non-Sperm/Non-Sperm (838).bmp,0,0,2,2,0.000062,0.002804,0.997134
smids/Non-Sperm/Non-Sperm (849).bmp,0,0,2,2,0.000099,0.005704,0.994197
smids/Non-Sperm/Non-Sperm (858).bmp,0,0,2,2,0.000012,0.000069,0.999919
smids/Non-Sperm/Non-Sperm (860).bmp,0,0,2,2,0.000068,0.001312,0.998620
smids/Non-Sperm/Non-Sperm (862).bmp,0,0,2,2,0.000051,0.000156,0.999793
smids/Non-Sperm/Non-Sperm (867).bmp,0,0,2,2,0.012481,0.075498,0.912021
smids/Non-Sperm/Non-Sperm (868).bmp,0,0,2,2,0.000491,0.000629,0.998880
smids/Non-Sperm/Non-Sperm (876).bmp,0,0,2,2,0.038049,0.256341,0.705611
smids/Non-Sperm/Non-Sperm (879).bmp,0,0,2,2,0.001021,0.095945,0.903033
smids/Non-Sperm/Non-Sperm (88).bmp,0,0,2,1,0.032818,0.734750,0.232432
smids/Non-Sperm/Non-Sperm (882).bmp,0,0,2,2,0.000052,0.002960,0.996988
smids/Non-Sperm/Non-Sperm (883).bmp,0,0,2,2,0.000280,0.000759,0.998961
smids/Non-Sperm/Non-Sperm (887).bmp,0,0,2,2,0.001534,0.029522,0.968944
smids/Non-Sperm/Non-Sperm (891).bmp,0,0,2,0,0.493962,0.012633,0.493405
smids/Non-Sperm/Non-Sperm (90).bmp,0,0,2,2,0.000024,0.000060,0.999916
smids/Non-Sperm/Non-Sperm (900).bmp,0,0,2,2,0.179559,0.032870,0.787571
smids/Non-Sperm/Non-Sperm (903).bmp,0,0,2,1,0.028275,0.949389,0.022336
smids/Non-Sperm/Non-Sperm (905).bmp,0,0,2,1,0.338378,0.562109,0.099512
smids/Non-Sperm/Non-Sperm (908).bmp,0,0,2,1,0.002574,0.820680,0.176747
smids/Non-Sperm/Non-Sperm (910).bmp,0,0,2,1,0.055418,0.539861,0.404722
smids/Non-Sperm/Non-Sperm (918).bmp,0,0,2,1,0.224827,0.445546,0.329627
smids/Non-Sperm/Non-Sperm (920).bmp,0,0,2,2,0.001198,0.052682,0.946119
smids/Non-Sperm/Non-Sperm (926).bmp,0,0,2,1,0.012134,0.786582,0.201284
smids/Non-Sperm/Non-Sperm (928).bmp,0,0,2,1,0.016433,0.816632,0.166935
smids/Non-Sperm/Non-Sperm (930).bmp,0,0,2,1,0.022769,0.579874,0.397358
smids/Non-Sperm/Non-Sperm (932).bmp,0,0,2,2,0.112557,0.064630,0.822813
smids/Non-Sperm/Non-Sperm (935).bmp,0,0,2,2,0.069239,0.008447,0.922314
smids/Non-Sperm/Non-Sperm (940).bmp,0,0,2,0,0.723727,0.027174,0.249099
smids/Non-Sperm/Non-Sperm (942).bmp,0,0,2,1,0.196096,0.541445,0.262459
smids/Non-Sperm/Non-Sperm (946).bmp,0,0,2,2,0.059404,0.055158,0.885438
smids/Non-Sperm/Non-Sperm (949).bmp,0,0,2,2,0.000091,0.007640,0.992269
smids/Non-Sperm/Non-Sperm (954).bmp,0,0,2,2,0.005407,0.000879,0.993714
smids/Non-Sperm/Non-Sperm (969).bmp,0,0,2,1,0.029371,0.768425,0.202204
smids/Non-Sperm/Non-Sperm (97).bmp,0,0,2,2,0.000327,0.000188,0.999485
smids/Non-Sperm/Non-Sperm (970).bmp,0,0,2,2,0.000014,0.008084,0.991902
smids/Non-Sperm/Non-Sperm (971).bmp,0,0,2,2,0.000124,0.000318,0.999559
smids/Non-Sperm/Non-Sperm (974).bmp,0,0,2,1,0.031562,0.620873,0.347565
smids/Non-Sperm/Non-Sperm (98).bmp,0,0,2,2,0.000009,0.000041,0.999950
smids/Normal_Sperm/Normal_Sperm (1).bmp,0,0,0,0,0.953124,0.046771,0.000104
smids/Normal_Sperm/Normal_Sperm (1004).bmp,0,0,0,0,0.947570,0.017957,0.034474
smids/Normal_Sperm/Normal_Sperm (1019).bmp,0,0,0,0,0.527962,0.471426,0.000612
smids/Normal_Sperm/Normal_Sperm (1020).bmp,0,0,0,0,0.823788,0.032921,0.143292
smids/Normal_Sperm/Normal_Sperm (106).bmp,0,0,0,0,0.852026,0.147282,0.000692
smids/Normal_Sperm/Normal_Sperm (127).bmp,0,0,0,0,0.943942,0.055882,0.000176
smids/Normal_Sperm/Normal_Sperm (13).bmp,0,0,0,0,0.605136,0.300044,0.094820
smids/Normal_Sperm/Normal_Sperm (136).bmp,0,0,0,0,0.872688,0.126920,0.000392
smids/Normal_Sperm/Normal_Sperm (143).bmp,0,0,0,0,0.967882,0.030622,0.001496
smids/Normal_Sperm/Normal_Sperm (15).bmp,0,0,0,1,0.490698,0.504777,0.004525
smids/Normal_Sperm/Normal_Sperm (150).bmp,0,0,0,0,0.879841,0.119955,0.000205
smids/Normal_Sperm/Normal_Sperm (152).bmp,0,0,0,0,0.885813,0.113019,0.001168
smids/Normal_Sperm/Normal_Sperm (156).bmp,0,0,0,1,0.392004,0.605275,0.002721
smids/Normal_Sperm/Normal_Sperm (158).bmp,0,0,0,0,0.899442,0.096382,0.004176
smids/Normal_Sperm/Normal_Sperm (159).bmp,0,0,0,0,0.939699,0.060238,0.000063
smids/Normal_Sperm/Normal_Sperm (166).bmp,0,0,0,0,0.876149,0.118893,0.004959
smids/Normal_Sperm/Normal_Sperm (173).bmp,0,0,0,0,0.862397,0.131304,0.006299
smids/Normal_Sperm/Normal_Sperm (178).bmp,0,0,0,0,0.977334,0.022580,0.000086
smids/Normal_Sperm/Normal_Sperm (182).bmp,0,0,0,0,0.772827,0.222753,0.004420
smids/Normal_Sperm/Normal_Sperm (185).bmp,0,0,0,0,0.680645,0.273432,0.045923
smids/Normal_Sperm/Normal_Sperm (186).bmp,0,0,0,0,0.687974,0.310030,0.001997
smids/Normal_Sperm/Normal_Sperm (198).bmp,0,0,0,0,0.972967,0.026971,0.000062
smids/Normal_Sperm/Normal_Sperm (2).bmp,0,0,0,0,0.985035,0.012859,0.002106
smids/Normal_Sperm/Normal_Sperm (201).bmp,0,0,0,0,0.740442,0.259448,0.000110
smids/Normal_Sperm/Normal_Sperm (202).bmp,0,0,0,0,0.905204,0.094463,0.000333
smids/Normal_Sperm/Normal_Sperm (206).bmp,0,0,0,0,0.958872,0.036299,0.004829
smids/Normal_Sperm/Normal_Sperm (209).bmp,0,0,0,1,0.254694,0.745060,0.000246
smids/Normal_Sperm/Normal_Sperm (224).bmp,0,0,0,0,0.843858,0.154208,0.001934
smids/Normal_Sperm/Normal_Sperm (232).bmp,0,0,0,0,0.562507,0.437133,0.000360
smids/Normal_Sperm/Normal_Sperm (244).bmp,0,0,0,0,0.762898,0.235717,0.001385
smids/Normal_Sperm/Normal_Sperm (25).bmp,0,0,0,0,0.709113,0.099895,0.190992
smids/Normal_Sperm/Normal_Sperm (259).bmp,0,0,0,0,0.919150,0.076131,0.004718
smids/Normal_Sperm/Normal_Sperm (264).bmp,0,0,0,0,0.780582,0.205207,0.014211
smids/Normal_Sperm/Normal_Sperm (268).bmp,0,0,0,2,0.000891,0.018344,0.980765
smids/Normal_Sperm/Normal_Sperm (269).bmp,0,0,0,0,0.883174,0.116761,0.000065
smids/Normal_Sperm/Normal_Sperm (270).bmp,0,0,0,0,0.902215,0.095719,0.002066
smids/Normal_Sperm/Normal_Sperm (272).bmp,0,0,0,0,0.981557,0.018193,0.000250
smids/Normal_Sperm/Normal_Sperm (280).bmp,0,0,0,0,0.987383,0.010759,0.001858
smids/Normal_Sperm/Normal_Sperm (287).bmp,0,0,0,0,0.865513,0.131192,0.003295
smids/Normal_Sperm/Normal_Sperm (289).bmp,0,0,0,0,0.961859,0.038110,0.000031
smids/Normal_Sperm/Normal_Sperm (293).bmp,0,0,0,0,0.895499,0.103322,0.001179
smids/Normal_Sperm/Normal_Sperm (303).bmp,0,0,0,0,0.829180,0.170632,0.000188
smids/Normal_Sperm/Normal_Sperm (31).bmp,0,0,0,0,0.877417,0.012600,0.109982
smids/Normal_Sperm/Normal_Sperm (310).bmp,0,0,0,0,0.956466,0.036781,0.006754
smids/Normal_Sperm/Normal_Sperm (313).bmp,0,0,0,0,0.978631,0.021278,0.000091
smids/Normal_Sperm/Normal_Sperm (317).bmp,0,0,0,0,0.674130,0.260412,0.065459
smids/Normal_Sperm/Normal_Sperm (318).bmp,0,0,0,0,0.991082,0.007798,0.001120
smids/Normal_Sperm/Normal_Sperm (324).bmp,0,0,0,0,0.875368,0.123208,0.001424
smids/Normal_Sperm/Normal_Sperm (326).bmp,0,0,0,0,0.565000,0.419800,0.015199
smids/Normal_Sperm/Normal_Sperm (329).bmp,0,0,0,0,0.867454,0.131591,0.000955
smids/Normal_Sperm/Normal_Sperm (343).bmp,0,0,0,0,0.862088,0.125218,0.012694
smids/Normal_Sperm/Normal_Sperm (344).bmp,0,0,0,0,0.984317,0.015089,0.000594
smids/Normal_Sperm/Normal_Sperm (346).bmp,0,0,0,0,0.961288,0.038426,0.000286
smids/Normal_Sperm/Normal_Sperm (354).bmp,0,0,0,0,0.914672,0.085281,0.000047
smids/Normal_Sperm/Normal_Sperm (357).bmp,0,0,0,0,0.975971,0.023988,0.000041
smids/Normal_Sperm/Normal_Sperm (358).bmp,0,0,0,2,0.266986,0.166008,0.567006
smids/Normal_Sperm/Normal_Sperm (359).bmp,0,0,0,0,0.952967,0.043750,0.003282
smids/Normal_Sperm/Normal_Sperm (368).bmp,0,0,0,0,0.724755,0.259135,0.016110
smids/Normal_Sperm/Normal_Sperm (370).bmp,0,0,0,0,0.957077,0.042848,0.000075
smids/Normal_Sperm/Normal_Sperm (372).bmp,0,0,0,0,0.861098,0.136610,0.002292
smids/Normal_Sperm/Normal_Sperm (39).bmp,0,0,0,0,0.977779,0.012142,0.010079
smids/Normal_Sperm/Normal_Sperm (395).bmp,0,0,0,0,0.793972,0.200882,0.005147
smids/Normal_Sperm/Normal_Sperm (396).bmp,0,0,0,0,0.995140,0.003781,0.001079
smids/Normal_Sperm/Normal_Sperm (399).bmp,0,0,0,0,0.928848,0.071124,0.000028
smids/Normal_Sperm/Normal_Sperm (402).bmp,0,0,0,1,0.336890,0.662976,0.000133
smids/Normal_Sperm/Normal_Sperm (408).bmp,0,0,0,0,0.944662,0.055089,0.000249
smids/Normal_Sperm/Normal_Sperm (409).bmp,0,0,0,0,0.969081,0.030903,0.000016
smids/Normal_Sperm/Normal_Sperm (411).bmp,0,0,0,0,0.874236,0.125506,0.000258
smids/Normal_Sperm/Normal_Sperm (412).bmp,0,0,0,0,0.948474,0.025339,0.026187
smids/Normal_Sperm/Normal_Sperm (415).bmp,0,0,0,0,0.821059,0.172668,0.006272
smids/Normal_Sperm/Normal_Sperm (417).bmp,0,0,0,0,0.919058,0.080797,0.000145
smids/Normal_Sperm/Normal_Sperm (42).bmp,0,0,0,0,0.851982,0.141264,0.006753
smids/Normal_Sperm/Normal_Sperm (420).bmp,0,0,0,0,0.790620,0.209126,0.000254
smids/Normal_Sperm/Normal_Sperm (423).bmp,0,0,0,0,0.931510,0.067558,0.000932
smids/Normal_Sperm/Normal_Sperm (431).bmp,0,0,0,0,0.939140,0.060854,0.000005
smids/Normal_Sperm/Normal_Sperm (433).bmp,0,0,0,0,0.900385,0.099305,0.000310
smids/Normal_Sperm/Normal_Sperm (439).bmp,0,0,0,0,0.946674,0.053273,0.000054
smids/Normal_Sperm/Normal_Sperm (44).bmp,0,0,0,0,0.942309,0.054422,0.003270
smids/Normal_Sperm/Normal_Sperm (450).bmp,0,0,0,0,0.867632,0.131842,0.000526
smids/Normal_Sperm/Normal_Sperm (451).bmp,0,0,0,0,0.881881,0.116610,0.001509
smids/Normal_Sperm/Normal_Sperm (455).bmp,0,0,0,0,0.929794,0.070202,0.000004
smids/Normal_Sperm/Normal_Sperm (464).bmp,0,0,0,0,0.882273,0.116878,0.000849
smids/Normal_Sperm/Normal_Sperm (465).bmp,0,0,0,0,0.936628,0.063235,0.000137
smids/Normal_Sperm/Normal_Sperm (468).bmp,0,0,0,0,0.970130,0.025317,0.004553
smids/Normal_Sperm/Normal_Sperm (47).bmp,0,0,0,1,0.176318,0.816544,0.007138
smids/Normal_Sperm/Normal_Sperm (472).bmp,0,0,0,0,0.967505,0.032482,0.000013
smids/Normal_Sperm/Normal_Sperm (473).bmp,0,0,0,0,0.708138,0.291436,0.000427
smids/Normal_Sperm/Normal_Sperm (483).bmp,0,0,0,0,0.844016,0.155729,0.000256
smids/Normal_Sperm/Normal_Sperm (487).bmp,0,0,0,0,0.916473,0.081960,0.001567
smids/Normal_Sperm/Normal_Sperm (494).bmp,0,0,0,0,0.714998,0.284802,0.000200
smids/Normal_Sperm/Normal_Sperm (498).bmp,0,0,0,0,0.869025,0.128393,0.002582
smids/Normal_Sperm/Normal_Sperm (512).bmp,0,0,0,0,0.606083,0.386984,0.006933
smids/Normal_Sperm/Normal_Sperm (514).bmp,0,0,0,0,0.982743,0.017215,0.000042
smids/Normal_Sperm/Normal_Sperm (516).bmp,0,0,0,0,0.886316,0.108846,0.004837
smids/Normal_Sperm/Normal_Sperm (518).bmp,0,0,0,0,0.993167,0.006133,0.000700
smids/Normal_Sperm/Normal_Sperm (519).bmp,0,0,0,0,0.935613,0.063897,0.000490
smids/Normal_Sperm/Normal_Sperm (521).bmp,0,0,0,0,0.917213,0.082713,0.000073
smids/Normal_Sperm/Normal_Sperm (522).bmp,0,0,0,0,0.924574,0.075243,0.000184
smids/Normal_Sperm/Normal_Sperm (530).bmp,0,0,0,0,0.993543,0.006077,0.000380
smids/Normal_Sperm/Normal_Sperm (531).bmp,0,0,0,0,0.793839,0.204092,0.002069
smids/Normal_Sperm/Normal_Sperm (535).bmp,0,0,0,0,0.964267,0.035185,0.000548
smids/Normal_Sperm/Normal_Sperm (540).bmp,0,0,0,0,0.963978,0.035715,0.000307
smids/Normal_Sperm/Normal_Sperm (542).bmp,0,0,0,0,0.877501,0.116867,0.005631
smids/Normal_Sperm/Normal_Sperm (555).bmp,0,0,0,0,0.955370,0.043428,0.001202
smids/Normal_Sperm/Normal_Sperm (556).bmp,0,0,0,0,0.953021,0.046895,0.000084
smids/Normal_Sperm/Normal_Sperm (561).bmp,0,0,0,0,0.814375,0.155130,0.030495
smids/Normal_Sperm/Normal_Sperm (563).bmp,0,0,0,0,0.862283,0.137700,0.000017
smids/Normal_Sperm/Normal_Sperm (568).bmp,0,0,0,1,0.396032,0.603825,0.000143
smids/Normal_Sperm/Normal_Sperm (590).bmp,0,0,0,0,0.985714,0.014278,0.000008
smids/Normal_Sperm/Normal_Sperm (594).bmp,0,0,0,0,0.973871,0.025924,0.000205
smids/Normal_Sperm/Normal_Sperm (596).bmp,0,0,0,0,0.896760,0.103131,0.000109
smids/Normal_Sperm/Normal_Sperm (602).bmp,0,0,0,0,0.954198,0.045746,0.000056
smids/Normal_Sperm/Normal_Sperm (611).bmp,0,0,0,0,0.911655,0.088301,0.000044
smids/Normal_Sperm/Normal_Sperm (613).bmp,0,0,0,0,0.789775,0.210033,0.000192
smids/Normal_Sperm/Normal_Sperm (614).bmp,0,0,0,0,0.847964,0.149582,0.002454
smids/Normal_Sperm/Normal_Sperm (619).bmp,0,0,0,0,0.987543,0.010024,0.002433
smids/Normal_Sperm/Normal_Sperm (620).bmp,0,0,0,0,0.906969,0.092939,0.000092
smids/Normal_Sperm/Normal_Sperm (622).bmp,0,0,0,1,0.309720,0.690115,0.000165
smids/Normal_Sperm/Normal_Sperm (627).bmp,0,0,0,1,0.229655,0.769612,0.000733
smids/Normal_Sperm/Normal_Sperm (63).bmp,0,0,0,0,0.757134,0.237946,0.004920
smids/Normal_Sperm/Normal_Sperm (638).bmp,0,0,0,0,0.860566,0.139044,0.000390
smids/Normal_Sperm/Normal_Sperm (64).bmp,0,0,0,1,0.383987,0.614397,0.001616
smids/Normal_Sperm/Normal_Sperm (643).bmp,0,0,0,0,0.957141,0.042786,0.000074
smids/Normal_Sperm/Normal_Sperm (644).bmp,0,0,0,1,0.480782,0.511518,0.007700
smids/Normal_Sperm/Normal_Sperm (645).bmp,0,0,0,0,0.917880,0.081690,0.000430
smids/Normal_Sperm/Normal_Sperm (649).bmp,0,0,0,0,0.775395,0.224129,0.000477
smids/Normal_Sperm/Normal_Sperm (650).bmp,0,0,0,0,0.954537,0.045281,0.000182
smids/Normal_Sperm/Normal_Sperm (653).bmp,0,0,0,0,0.958867,0.040887,0.000245
smids/Normal_Sperm/Normal_Sperm (661).bmp,0,0,0,0,0.894236,0.104832,0.000931
smids/Normal_Sperm/Normal_Sperm (668).bmp,0,0,0,0,0.996397,0.003520,0.000083
smids/Normal_Sperm/Normal_Sperm (676).bmp,0,0,0,0,0.989007,0.010992,0.000001
smids/Normal_Sperm/Normal_Sperm (679).bmp,0,0,0,0,0.975869,0.024101,0.000030
smids/Normal_Sperm/Normal_Sperm (68).bmp,0,0,0,0,0.946405,0.053572,0.000023
smids/Normal_Sperm/Normal_Sperm (682).bmp,0,0,0,0,0.992720,0.006088,0.001192
smids/Normal_Sperm/Normal_Sperm (684).bmp,0,0,0,0,0.962484,0.021830,0.015686
smids/Normal_Sperm/Normal_Sperm (702).bmp,0,0,0,0,0.944749,0.055192,0.000059
smids/Normal_Sperm/Normal_Sperm (705).bmp,0,0,0,0,0.913749,0.085773,0.000478
smids/Normal_Sperm/Normal_Sperm (707).bmp,0,0,0,0,0.892650,0.107165,0.000185
smids/Normal_Sperm/Normal_Sperm (711).bmp,0,0,0,0,0.866071,0.133036,0.000893
smids/Normal_Sperm/Normal_Sperm (725).bmp,0,0,0,0,0.979341,0.009171,0.011488
smids/Normal_Sperm/Normal_Sperm (727).bmp,0,0,0,0,0.908213,0.087055,0.004733
smids/Normal_Sperm/Normal_Sperm (728).bmp,0,0,0,0,0.789186,0.205628,0.005186
smids/Normal_Sperm/Normal_Sperm (734).bmp,0,0,0,0,0.832967,0.024152,0.142881
smids/Normal_Sperm/Normal_Sperm (736).bmp,0,0,0,0,0.977414,0.022543,0.000043
smids/Normal_Sperm/Normal_Sperm (745).bmp,0,0,0,0,0.988483,0.010651,0.000866
smids/Normal_Sperm/Normal_Sperm (75).bmp,0,0,0,0,0.967973,0.027206,0.004822
smids/Normal_Sperm/Normal_Sperm (753).bmp,0,0,0,0,0.958071,0.041860,0.000069
smids/Normal_Sperm/Normal_Sperm (755).bmp,0,0,0,0,0.928401,0.070888,0.000711
smids/Normal_Sperm/Normal_Sperm (76).bmp,0,0,0,0,0.977134,0.022197,0.000669
smids/Normal_Sperm/Normal_Sperm (764).bmp,0,0,0,0,0.973509,0.026403,0.000088
smids/Normal_Sperm/Normal_Sperm (767).bmp,0,0,0,0,0.974728,0.025073,0.000199
smids/Normal_Sperm/Normal_Sperm (77).bmp,0,0,0,0,0.818758,0.024287,0.156956
smids/Normal_Sperm/Normal_Sperm (78).bmp,0,0,0,0,0.860721,0.042588,0.096690
smids/Normal_Sperm/Normal_Sperm (782).bmp,0,0,0,0,0.993239,0.006638,0.000123
smids/Normal_Sperm/Normal_Sperm (787).bmp,0,0,0,0,0.967881,0.029960,0.002159
smids/Normal_Sperm/Normal_Sperm (79).bmp,0,0,0,0,0.917223,0.082714,0.000062
smids/Normal_Sperm/Normal_Sperm (791).bmp,0,0,0,0,0.765947,0.231656,0.002397
smids/Normal_Sperm/Normal_Sperm (795).bmp,0,0,0,0,0.980640,0.019351,0.000009
smids/Normal_Sperm/Normal_Sperm (797).bmp,0,0,0,0,0.935962,0.063595,0.000443
smids/Normal_Sperm/Normal_Sperm (799).bmp,0,0,0,0,0.961094,0.036143,0.002763
smids/Normal_Sperm/Normal_Sperm (80).bmp,0,0,0,0,0.908788,0.087734,0.003478
smids/Normal_Sperm/Normal_Sperm (801).bmp,0,0,0,0,0.830844,0.131903,0.037253
smids/Normal_Sperm/Normal_Sperm (808).bmp,0,0,0,0,0.989577,0.008544,0.001880
smids/Normal_Sperm/Normal_Sperm (815).bmp,0,0,0,0,0.943249,0.056358,0.000393
smids/Normal_Sperm/Normal_Sperm (818).bmp,0,0,0,0,0.839762,0.154350,0.005888
smids/Normal_Sperm/Normal_Sperm (82).bmp,0,0,0,0,0.892061,0.105371,0.002567
smids/Normal_Sperm/Normal_Sperm (838).bmp,0,0,0,0,0.959017,0.040979,0.000003
smids/Normal_Sperm/Normal_Sperm (839).bmp,0,0,0,0,0.759441,0.239969,0.000590
smids/Normal_Sperm/Normal_Sperm (850).bmp,0,0,0,0,0.984758,0.014362,0.000881
smids/Normal_Sperm/Normal_Sperm (851).bmp,0,0,0,1,0.186689,0.811175,0.002137
smids/Normal_Sperm/Normal_Sperm (853).bmp,0,0,0,0,0.971128,0.028855,0.000017
smids/Normal_Sperm/Normal_Sperm (867).bmp,0,0,0,0,0.804136,0.195008,0.000857
smids/Normal_Sperm/Normal_Sperm (87).bmp,0,0,0,0,0.827676,0.172074,0.000250
smids/Normal_Sperm/Normal_Sperm (880).bmp,0,0,0,1,0.202301,0.797637,0.000062
smids/Normal_Sperm/Normal_Sperm (885).bmp,0,0,0,0,0.854912,0.144901,0.000186
smids/Normal_Sperm/Normal_Sperm (89).bmp,0,0,0,0,0.862309,0.131802,0.005889
smids/Normal_Sperm/Normal_Sperm (901).bmp,0,0,0,0,0.904803,0.095184,0.000013
smids/Normal_Sperm/Normal_Sperm (91).bmp,0,0,0,0,0.990898,0.008944,0.000158
smids/Normal_Sperm/Normal_Sperm (913).bmp,0,0,0,0,0.978804,0.021177,0.000020
smids/Normal_Sperm/Normal_Sperm (917).bmp,0,0,0,0,0.958129,0.041865,0.000006
smids/Normal_Sperm/Normal_Sperm (918).bmp,0,0,0,0,0.680305,0.319666,0.000029
smids/Normal_Sperm/Normal_Sperm (921).bmp,0,0,0,0,0.955828,0.044168,0.000005
smids/Normal_Sperm/Normal_Sperm (927).bmp,0,0,0,1,0.143691,0.856219,0.000090
smids/Normal_Sperm/Normal_Sperm (929).bmp,0,0,0,0,0.900221,0.099592,0.000188
smids/Normal_Sperm/Normal_Sperm (930).bmp,0,0,0,2,0.002671,0.219693,0.777636
smids/Normal_Sperm/Normal_Sperm (935).bmp,0,0,0,1,0.014702,0.984578,0.000720
smids/Normal_Sperm/Normal_Sperm (939).bmp,0,0,0,0,0.963683,0.036274,0.000043
smids/Normal_Sperm/Normal_Sperm (940).bmp,0,0,0,0,0.932737,0.067258,0.000005
smids/Normal_Sperm/Normal_Sperm (942).bmp,0,0,0,0,0.652071,0.347924,0.000005
smids/Normal_Sperm/Normal_Sperm (949).bmp,0,0,0,0,0.511744,0.488215,0.000041
smids/Normal_Sperm/Normal_Sperm (952).bmp,0,0,0,1,0.071522,0.910700,0.017779
smids/Normal_Sperm/Normal_Sperm (954).bmp,0,0,0,1,0.333186,0.666786,0.000028
smids/Normal_Sperm/Normal_Sperm (956).bmp,0,0,0,1,0.002668,0.995279,0.002052
smids/Normal_Sperm/Normal_Sperm (957).bmp,0,0,0,1,0.436704,0.563077,0.000219
smids/Normal_Sperm/Normal_Sperm (959).bmp,0,0,0,1,0.265749,0.734053,0.000198
smids/Normal_Sperm/Normal_Sperm (962).bmp,0,0,0,0,0.448892,0.365935,0.185173
smids/Normal_Sperm/Normal_Sperm (977).bmp,0,0,0,0,0.924604,0.075338,0.000058
smids/Normal_Sperm/Normal_Sperm (983).bmp,0,0,0,1,0.112147,0.877576,0.010278
smids/Normal_Sperm/Normal_Sperm (99).bmp,0,0,0,0,0.902348,0.097153,0.000498
smids/Normal_Sperm/Normal_Sperm (995).bmp,0,0,0,0,0.654721,0.290615,0.054663
smids/Abnormal_Sperm/Abnormal_Sperm (1).bmp,0,1,1,1,0.160595,0.839223,0.000182
smids/Abnormal_Sperm/Abnormal_Sperm (10).bmp,0,1,1,1,0.073941,0.913300,0.012759
smids/Abnormal_Sperm/Abnormal_Sperm (1003).bmp,0,1,1,1,0.025086,0.524870,0.450044
smids/Abnormal_Sperm/Abnormal_Sperm (101).bmp,0,1,1,1,0.004191,0.939564,0.056246
smids/Abnormal_Sperm/Abnormal_Sperm (102).bmp,0,1,1,1,0.005317,0.958077,0.036606
smids/Abnormal_Sperm/Abnormal_Sperm (104).bmp,0,1,1,0,0.799828,0.053342,0.146830
smids/Abnormal_Sperm/Abnormal_Sperm (109).bmp,0,1,1,2,0.001071,0.030953,0.967975
smids/Abnormal_Sperm/Abnormal_Sperm (110).bmp,0,1,1,1,0.000611,0.867537,0.131852
smids/Abnormal_Sperm/Abnormal_Sperm (12).bmp,0,1,1,1,0.055886,0.923672,0.020441
smids/Abnormal_Sperm/Abnormal_Sperm (127).bmp,0,1,1,1,0.006181,0.981948,0.011871
smids/Abnormal_Sperm/Abnormal_Sperm (128).bmp,0,1,1,1,0.183895,0.815978,0.000128
smids/Abnormal_Sperm/Abnormal_Sperm (14).bmp,0,1,1,1,0.092277,0.784840,0.122883
smids/Abnormal_Sperm/Abnormal_Sperm (158).bmp,0,1,1,1,0.028393,0.967281,0.004327
smids/Abnormal_Sperm/Abnormal_Sperm (164).bmp,0,1,1,1,0.037709,0.962066,0.000225
smids/Abnormal_Sperm/Abnormal_Sperm (165).bmp,0,1,1,1,0.063533,0.920282,0.016185
smids/Abnormal_Sperm/Abnormal_Sperm (174).bmp,0,1,1,1,0.014683,0.947964,0.037353
smids/Abnormal_Sperm/Abnormal_Sperm (18).bmp,0,1,1,0,0.813244,0.186736,0.000019
smids/Abnormal_Sperm/Abnormal_Sperm (182).bmp,0,1,1,1,0.008659,0.988861,0.002480
smids/Abnormal_Sperm/Abnormal_Sperm (184).bmp,0,1,1,1,0.001068,0.943776,0.055156
smids/Abnormal_Sperm/Abnormal_Sperm (207).bmp,0,1,1,1,0.003615,0.993287,0.003098
smids/Abnormal_Sperm/Abnormal_Sperm (209).bmp,0,1,1,1,0.018203,0.940933,0.040865
smids/Abnormal_Sperm/Abnormal_Sperm (216).bmp,0,1,1,1,0.051851,0.943340,0.004809
smids/Abnormal_Sperm/Abnormal_Sperm (22).bmp,0,1,1,2,0.000365,0.040902,0.958733
smids/Abnormal_Sperm/Abnormal_Sperm (227).bmp,0,1,1,1,0.014951,0.984434,0.000614
smids/Abnormal_Sperm/Abnormal_Sperm (232).bmp,0,1,1,1,0.001933,0.960835,0.037232
smids/Abnormal_Sperm/Abnormal_Sperm (233).bmp,0,1,1,1,0.003256,0.988064,0.008680
smids/Abnormal_Sperm/Abnormal_Sperm (235).bmp,0,1,1,1,0.003616,0.961442,0.034943
smids/Abnormal_Sperm/Abnormal_Sperm (236).bmp,0,1,1,1,0.163436,0.796138,0.040426
smids/Abnormal_Sperm/Abnormal_Sperm (25).bmp,0,1,1,1,0.011283,0.983779,0.004938
smids/Abnormal_Sperm/Abnormal_Sperm (250).bmp,0,1,1,1,0.002739,0.988202,0.009059
smids/Abnormal_Sperm/Abnormal_Sperm (256).bmp,0,1,1,1,0.007934,0.977765,0.014301
smids/Abnormal_Sperm/Abnormal_Sperm (257).bmp,0,1,1,1,0.002005,0.978196,0.019799
smids/Abnormal_Sperm/Abnormal_Sperm (258).bmp,0,1,1,1,0.003992,0.968212,0.027796
smids/Abnormal_Sperm/Abnormal_Sperm (260).bmp,0,1,1,1,0.022922,0.975316,0.001762
smids/Abnormal_Sperm/Abnormal_Sperm (266).bmp,0,1,1,1,0.045885,0.950048,0.004067
smids/Abnormal_Sperm/Abnormal_Sperm (285).bmp,0,1,1,1,0.217422,0.781105,0.001473
smids/Abnormal_Sperm/Abnormal_Sperm (289).bmp,0,1,1,1,0.016484,0.871950,0.111565
smids/Abnormal_Sperm/Abnormal_Sperm (291).bmp,0,1,1,1,0.293594,0.706332,0.000074
smids/Abnormal_Sperm/Abnormal_Sperm (298).bmp,0,1,1,1,0.026525,0.950948,0.022527
smids/Abnormal_Sperm/Abnormal_Sperm (300).bmp,0,1,1,1,0.014271,0.969579,0.016149
smids/Abnormal_Sperm/Abnormal_Sperm (303).bmp,0,1,1,1,0.132341,0.860144,0.007515
smids/Abnormal_Sperm/Abnormal_Sperm (304).bmp,0,1,1,1,0.000549,0.558032,0.441419
smids/Abnormal_Sperm/Abnormal_Sperm (309).bmp,0,1,1,1,0.134685,0.811161,0.054155
smids/Abnormal_Sperm/Abnormal_Sperm (310).bmp,0,1,1,2,0.000942,0.225840,0.773218
smids/Abnormal_Sperm/Abnormal_Sperm (311).bmp,0,1,1,1,0.126726,0.872971,0.000303
smids/Abnormal_Sperm/Abnormal_Sperm (313).bmp,0,1,1,2,0.003626,0.433541,0.562834
smids/Abnormal_Sperm/Abnormal_Sperm (319).bmp,0,1,1,1,0.026165,0.966179,0.007656
smids/Abnormal_Sperm/Abnormal_Sperm (322).bmp,0,1,1,1,0.001747,0.832186,0.166067
smids/Abnormal_Sperm/Abnormal_Sperm (326).bmp,0,1,1,1,0.026463,0.972197,0.001340
smids/Abnormal_Sperm/Abnormal_Sperm (338).bmp,0,1,1,1,0.163371,0.836323,0.000307
smids/Abnormal_Sperm/Abnormal_Sperm (340).bmp,0,1,1,1,0.015616,0.967212,0.017172
smids/Abnormal_Sperm/Abnormal_Sperm (348).bmp,0,1,1,1,0.022437,0.865909,0.111654
smids/Abnormal_Sperm/Abnormal_Sperm (354).bmp,0,1,1,1,0.086181,0.911109,0.002711
smids/Abnormal_Sperm/Abnormal_Sperm (362).bmp,0,1,1,1,0.037746,0.960767,0.001487
smids/Abnormal_Sperm/Abnormal_Sperm (370).bmp,0,1,1,1,0.185532,0.813563,0.000905
smids/Abnormal_Sperm/Abnormal_Sperm (376).bmp,0,1,1,1,0.081138,0.763285,0.155577
smids/Abnormal_Sperm/Abnormal_Sperm (386).bmp,0,1,1,2,0.001237,0.404427,0.594337
smids/Abnormal_Sperm/Abnormal_Sperm (387).bmp,0,1,1,1,0.018902,0.978808,0.002290
smids/Abnormal_Sperm/Abnormal_Sperm (391).bmp,0,1,1,1,0.005899,0.991494,0.002606
smids/Abnormal_Sperm/Abnormal_Sperm (397).bmp,0,1,1,1,0.001674,0.848158,0.150168
smids/Abnormal_Sperm/Abnormal_Sperm (4).bmp,0,1,1,2,0.268099,0.083051,0.648851
smids/Abnormal_Sperm/Abnormal_Sperm (41).bmp,0,1,1,2,0.041753,0.223301,0.734946
smids/Abnormal_Sperm/Abnormal_Sperm (411).bmp,0,1,1,1,0.118426,0.871302,0.010272
smids/Abnormal_Sperm/Abnormal_Sperm (416).bmp,0,1,1,1,0.002523,0.966801,0.030676
smids/Abnormal_Sperm/Abnormal_Sperm (420).bmp,0,1,1,1,0.000602,0.953684,0.045714
smids/Abnormal_Sperm/Abnormal_Sperm (432).bmp,0,1,1,1,0.017153,0.973365,0.009483
smids/Abnormal_Sperm/Abnormal_Sperm (435).bmp,0,1,1,1,0.073771,0.926033,0.000196
smids/Abnormal_Sperm/Abnormal_Sperm (442).bmp,0,1,1,1,0.083403,0.915734,0.000862
smids/Abnormal_Sperm/Abnormal_Sperm (445).bmp,0,1,1,1,0.010171,0.984515,0.005313
smids/Abnormal_Sperm/Abnormal_Sperm (451).bmp,0,1,1,1,0.037896,0.960808,0.001296
smids/Abnormal_Sperm/Abnormal_Sperm (456).bmp,0,1,1,1,0.026207,0.973221,0.000571
smids/Abnormal_Sperm/Abnormal_Sperm (458).bmp,0,1,1,1,0.008041,0.973232,0.018727
smids/Abnormal_Sperm/Abnormal_Sperm (466).bmp,0,1,1,1,0.074518,0.920445,0.005037
smids/Abnormal_Sperm/Abnormal_Sperm (473).bmp,0,1,1,1,0.003734,0.986191,0.010075
smids/Abnormal_Sperm/Abnormal_Sperm (491).bmp,0,1,1,1,0.001288,0.985363,0.013349
smids/Abnormal_Sperm/Abnormal_Sperm (492).bmp,0,1,1,1,0.042873,0.938743,0.018385
smids/Abnormal_Sperm/Abnormal_Sperm (5).bmp,0,1,1,1,0.450321,0.516577,0.033102
smids/Abnormal_Sperm/Abnormal_Sperm (502).bmp,0,1,1,1,0.147259,0.827042,0.025699
smids/Abnormal_Sperm/Abnormal_Sperm (519).bmp,0,1,1,1,0.063640,0.925974,0.010386
smids/Abnormal_Sperm/Abnormal_Sperm (520).bmp,0,1,1,1,0.229602,0.769891,0.000507
smids/Abnormal_Sperm/Abnormal_Sperm (524).bmp,0,1,1,2,0.000164,0.461428,0.538408
smids/Abnormal_Sperm/Abnormal_Sperm (526).bmp,0,1,1,1,0.036635,0.955659,0.007706
smids/Abnormal_Sperm/Abnormal_Sperm (536).bmp,0,1,1,1,0.004541,0.936827,0.058632
smids/Abnormal_Sperm/Abnormal_Sperm (54).bmp,0,1,1,1,0.131372,0.863340,0.005288
smids/Abnormal_Sperm/Abnormal_Sperm (540).bmp,0,1,1,1,0.003439,0.984126,0.012435
smids/Abnormal_Sperm/Abnormal_Sperm (542).bmp,0,1,1,1,0.252478,0.746806,0.000716
smids/Abnormal_Sperm/Abnormal_Sperm (543).bmp,0,1,1,1,0.008989,0.988250,0.002762
smids/Abnormal_Sperm/Abnormal_Sperm (556).bmp,0,1,1,1,0.125863,0.873499,0.000638
smids/Abnormal_Sperm/Abnormal_Sperm (56).bmp,0,1,1,1,0.025355,0.953961,0.020684
smids/Abnormal_Sperm/Abnormal_Sperm (563).bmp,0,1,1,1,0.057828,0.933792,0.008380
smids/Abnormal_Sperm/Abnormal_Sperm (566).bmp,0,1,1,1,0.031731,0.948763,0.019506
smids/Abnormal_Sperm/Abnormal_Sperm (571).bmp,0,1,1,1,0.048851,0.576107,0.375042
smids/Abnormal_Sperm/Abnormal_Sperm (572).bmp,0,1,1,2,0.072100,0.448968,0.478931
smids/Abnormal_Sperm/Abnormal_Sperm (58).bmp,0,1,1,1,0.001034,0.984556,0.014410
smids/Abnormal_Sperm/Abnormal_Sperm (583).bmp,0,1,1,1,0.094537,0.902304,0.003159
smids/Abnormal_Sperm/Abnormal_Sperm (584).bmp,0,1,1,1,0.084060,0.877901,0.038039
smids/Abnormal_Sperm/Abnormal_Sperm (588).bmp,0,1,1,0,0.758887,0.102004,0.139109
smids/Abnormal_Sperm/Abnormal_Sperm (589).bmp,0,1,1,1,0.220719,0.759770,0.019511
smids/Abnormal_Sperm/Abnormal_Sperm (59).bmp,0,1,1,1,0.002348,0.972552,0.025100
smids/Abnormal_Sperm/Abnormal_Sperm (594).bmp,0,1,1,0,0.893179,0.104954,0.001867
smids/Abnormal_Sperm/Abnormal_Sperm (595).bmp,0,1,1,2,0.283051,0.177132,0.539817
smids/Abnormal_Sperm/Abnormal_Sperm (604).bmp,0,1,1,1,0.244885,0.704636,0.050479
smids/Abnormal_Sperm/Abnormal_Sperm (608).bmp,0,1,1,1,0.171263,0.778285,0.050453
smids/Abnormal_Sperm/Abnormal_Sperm (612).bmp,0,1,1,0,0.503665,0.495953,0.000382
smids/Abnormal_Sperm/Abnormal_Sperm (614).bmp,0,1,1,0,0.746751,0.249756,0.003494
smids/Abnormal_Sperm/Abnormal_Sperm (615).bmp,0,1,1,1,0.024926,0.973441,0.001633
smids/Abnormal_Sperm/Abnormal_Sperm (621).bmp,0,1,1,1,0.143937,0.798441,0.057622
smids/Abnormal_Sperm/Abnormal_Sperm (626).bmp,0,1,1,1,0.016049,0.950943,0.033008
smids/Abnormal_Sperm/Abnormal_Sperm (640).bmp,0,1,1,0,0.748907,0.241674,0.009419
smids/Abnormal_Sperm/Abnormal_Sperm (653).bmp,0,1,1,0,0.911854,0.088054,0.000092
smids/Abnormal_Sperm/Abnormal_Sperm (657).bmp,0,1,1,2,0.014560,0.473105,0.512335
smids/Abnormal_Sperm/Abnormal_Sperm (658).bmp,0,1,1,1,0.131581,0.831532,0.036888
smids/Abnormal_Sperm/Abnormal_Sperm (659).bmp,0,1,1,1,0.102967,0.726490,0.170543
smids/Abnormal_Sperm/Abnormal_Sperm (660).bmp,0,1,1,0,0.819053,0.174319,0.006628
smids/Abnormal_Sperm/Abnormal_Sperm (663).bmp,0,1,1,1,0.037610,0.961193,0.001197
smids/Abnormal_Sperm/Abnormal_Sperm (667).bmp,0,1,1,1,0.161773,0.832855,0.005372
smids/Abnormal_Sperm/Abnormal_Sperm (672).bmp,0,1,1,0,0.585333,0.402458,0.012210
smids/Abnormal_Sperm/Abnormal_Sperm (675).bmp,0,1,1,1,0.175609,0.820965,0.003426
smids/Abnormal_Sperm/Abnormal_Sperm (676).bmp,0,1,1,1,0.098231,0.899270,0.002499
smids/Abnormal_Sperm/Abnormal_Sperm (677).bmp,0,1,1,1,0.008354,0.961140,0.030506
smids/Abnormal_Sperm/Abnormal_Sperm (68).bmp,0,1,1,1,0.000722,0.805282,0.193996
smids/Abnormal_Sperm/Abnormal_Sperm (687).bmp,0,1,1,1,0.027403,0.865002,0.107595
smids/Abnormal_Sperm/Abnormal_Sperm (689).bmp,0,1,1,1,0.031631,0.965093,0.003276
smids/Abnormal_Sperm/Abnormal_Sperm (692).bmp,0,1,1,1,0.061763,0.926485,0.011753
smids/Abnormal_Sperm/Abnormal_Sperm (694).bmp,0,1,1,1,0.065059,0.820817,0.114123
smids/Abnormal_Sperm/Abnormal_Sperm (70).bmp,0,1,1,1,0.000972,0.987487,0.011540
smids/Abnormal_Sperm/Abnormal_Sperm (700).bmp,0,1,1,1,0.136354,0.862437,0.001209
smids/Abnormal_Sperm/Abnormal_Sperm (704).bmp,0,1,1,1,0.030729,0.960061,0.009211
smids/Abnormal_Sperm/Abnormal_Sperm (712).bmp,0,1,1,1,0.095121,0.903844,0.001035
smids/Abnormal_Sperm/Abnormal_Sperm (718).bmp,0,1,1,1,0.013521,0.884291,0.102188
smids/Abnormal_Sperm/Abnormal_Sperm (723).bmp,0,1,1,1,0.388091,0.610115,0.001793
smids/Abnormal_Sperm/Abnormal_Sperm (724).bmp,0,1,1,1,0.155503,0.786699,0.057798
smids/Abnormal_Sperm/Abnormal_Sperm (726).bmp,0,1,1,0,0.980548,0.019139,0.000313
smids/Abnormal_Sperm/Abnormal_Sperm (728).bmp,0,1,1,1,0.020631,0.676108,0.303261
smids/Abnormal_Sperm/Abnormal_Sperm (73).bmp,0,1,1,1,0.067530,0.920626,0.011844
smids/Abnormal_Sperm/Abnormal_Sperm (732).bmp,0,1,1,1,0.484175,0.489794,0.026031
smids/Abnormal_Sperm/Abnormal_Sperm (735).bmp,0,1,1,0,0.923408,0.056471,0.020120
smids/Abnormal_Sperm/Abnormal_Sperm (746).bmp,0,1,1,1,0.303648,0.674739,0.021614
smids/Abnormal_Sperm/Abnormal_Sperm (749).bmp,0,1,1,1,0.040944,0.826662,0.132394
smids/Abnormal_Sperm/Abnormal_Sperm (753).bmp,0,1,1,1,0.082617,0.906447,0.010935
smids/Abnormal_Sperm/Abnormal_Sperm (761).bmp,0,1,1,0,0.979884,0.008771,0.011345
smids/Abnormal_Sperm/Abnormal_Sperm (762).bmp,0,1,1,0,0.681633,0.313324,0.005043
smids/Abnormal_Sperm/Abnormal_Sperm (766).bmp,0,1,1,0,0.760354,0.238593,0.001054
smids/Abnormal_Sperm/Abnormal_Sperm (771).bmp,0,1,1,1,0.005191,0.832082,0.162728
smids/Abnormal_Sperm/Abnormal_Sperm (772).bmp,0,1,1,1,0.076965,0.918428,0.004607
smids/Abnormal_Sperm/Abnormal_Sperm (776).bmp,0,1,1,1,0.019784,0.972909,0.007307
smids/Abnormal_Sperm/Abnormal_Sperm (78).bmp,0,1,1,1,0.065649,0.903747,0.030605
smids/Abnormal_Sperm/Abnormal_Sperm (781).bmp,0,1,1,1,0.441875,0.556373,0.001751
smids/Abnormal_Sperm/Abnormal_Sperm (786).bmp,0,1,1,0,0.770105,0.216761,0.013133
smids/Abnormal_Sperm/Abnormal_Sperm (795).bmp,0,1,1,0,0.958884,0.040902,0.000214
smids/Abnormal_Sperm/Abnormal_Sperm (796).bmp,0,1,1,1,0.076351,0.923303,0.000346
smids/Abnormal_Sperm/Abnormal_Sperm (799).bmp,0,1,1,1,0.092790,0.905422,0.001788
smids/Abnormal_Sperm/Abnormal_Sperm (804).bmp,0,1,1,1,0.023677,0.974088,0.002235
smids/Abnormal_Sperm/Abnormal_Sperm (807).bmp,0,1,1,1,0.263121,0.736687,0.000192
smids/Abnormal_Sperm/Abnormal_Sperm (81).bmp,0,1,1,1,0.137870,0.854684,0.007445
smids/Abnormal_Sperm/Abnormal_Sperm (813).bmp,0,1,1,0,0.826829,0.168702,0.004469
smids/Abnormal_Sperm/Abnormal_Sperm (824).bmp,0,1,1,1,0.186669,0.785682,0.027649
smids/Abnormal_Sperm/Abnormal_Sperm (825).bmp,0,1,1,0,0.578932,0.417659,0.003409
smids/Abnormal_Sperm/Abnormal_Sperm (827).bmp,0,1,1,1,0.126056,0.868608,0.005336
smids/Abnormal_Sperm/Abnormal_Sperm (829).bmp,0,1,1,1,0.004434,0.973650,0.021916
smids/Abnormal_Sperm/Abnormal_Sperm (845).bmp,0,1,1,1,0.085205,0.912968,0.001827
smids/Abnormal_Sperm/Abnormal_Sperm (861).bmp,0,1,1,0,0.851986,0.147533,0.000481
smids/Abnormal_Sperm/Abnormal_Sperm (866).bmp,0,1,1,1,0.410870,0.588955,0.000175
smids/Abnormal_Sperm/Abnormal_Sperm (87).bmp,0,1,1,1,0.001708,0.992455,0.005837
smids/Abnormal_Sperm/Abnormal_Sperm (871).bmp,0,1,1,1,0.055885,0.931192,0.012922
smids/Abnormal_Sperm/Abnormal_Sperm (880).bmp,0,1,1,1,0.257017,0.739512,0.003470
smids/Abnormal_Sperm/Abnormal_Sperm (882).bmp,0,1,1,1,0.369357,0.630200,0.000443
smids/Abnormal_Sperm/Abnormal_Sperm (896).bmp,0,1,1,0,0.900590,0.097074,0.002337
smids/Abnormal_Sperm/Abnormal_Sperm (897).bmp,0,1,1,0,0.579211,0.407810,0.012979
smids/Abnormal_Sperm/Abnormal_Sperm (899).bmp,0,1,1,0,0.922113,0.077472,0.000414
smids/Abnormal_Sperm/Abnormal_Sperm (910).bmp,0,1,1,2,0.388835,0.150614,0.460551
smids/Abnormal_Sperm/Abnormal_Sperm (912).bmp,0,1,1,1,0.037996,0.956047,0.005958
smids/Abnormal_Sperm/Abnormal_Sperm (914).bmp,0,1,1,1,0.256610,0.742365,0.001025
smids/Abnormal_Sperm/Abnormal_Sperm (92).bmp,0,1,1,1,0.000705,0.950693,0.048602
smids/Abnormal_Sperm/Abnormal_Sperm (927).bmp,0,1,1,1,0.108950,0.878475,0.012575
smids/Abnormal_Sperm/Abnormal_Sperm (928).bmp,0,1,1,1,0.261203,0.737045,0.001752
smids/Abnormal_Sperm/Abnormal_Sperm (932).bmp,0,1,1,1,0.049495,0.921905,0.028600
smids/Abnormal_Sperm/Abnormal_Sperm (933).bmp,0,1,1,0,0.937184,0.062803,0.000013
smids/Abnormal_Sperm/Abnormal_Sperm (938).bmp,0,1,1,1,0.026916,0.836845,0.136239
smids/Abnormal_Sperm/Abnormal_Sperm (939).bmp,0,1,1,0,0.393313,0.303490,0.303197
smids/Abnormal_Sperm/Abnormal_Sperm (941).bmp,0,1,1,1,0.128172,0.864317,0.007511
smids/Abnormal_Sperm/Abnormal_Sperm (949).bmp,0,1,1,1,0.012618,0.974490,0.012891
smids/Abnormal_Sperm/Abnormal_Sperm (952).bmp,0,1,1,1,0.199906,0.798648,0.001446
smids/Abnormal_Sperm/Abnormal_Sperm (959).bmp,0,1,1,0,0.686513,0.309910,0.003577
smids/Abnormal_Sperm/Abnormal_Sperm (963).bmp,0,1,1,1,0.010221,0.975966,0.013813
smids/Abnormal_Sperm/Abnormal_Sperm (966).bmp,0,1,1,1,0.001889,0.531629,0.466481
smids/Abnormal_Sperm/Abnormal_Sperm (968).bmp,0,1,1,1,0.024190,0.972064,0.003746
smids/Abnormal_Sperm/Abnormal_Sperm (970).bmp,0,1,1,1,0.022843,0.969042,0.008115
smids/Abnormal_Sperm/Abnormal_Sperm (972).bmp,0,1,1,1,0.005720,0.836035,0.158245
smids/Abnormal_Sperm/Abnormal_Sperm (977).bmp,0,1,1,1,0.180637,0.814804,0.004559
smids/Abnormal_Sperm/Abnormal_Sperm (984).bmp,0,1,1,1,0.042087,0.938100,0.019813
smids/Abnormal_Sperm/Abnormal_Sperm (986).bmp,0,1,1,1,0.001934,0.815454,0.182612
smids/Abnormal_Sperm/Abnormal_Sperm (988).bmp,0,1,1,1,0.014512,0.962003,0.023485
smids/Abnormal_Sperm/Abnormal_Sperm (996).bmp,0,1,1,1,0.000352,0.683942,0.315706
smids/Non-Sperm/Non-Sperm (1).bmp,0,1,2,2,0.000085,0.225644,0.774270
smids/Non-Sperm/Non-Sperm (100).bmp,0,1,2,2,0.000151,0.000348,0.999501
smids/Non-Sperm/Non-Sperm (102).bmp,0,1,2,2,0.000075,0.002575,0.997350
smids/Non-Sperm/Non-Sperm (103).bmp,0,1,2,2,0.000006,0.000094,0.999900
smids/Non-Sperm/Non-Sperm (112).bmp,0,1,2,2,0.000454,0.001491,0.998055
smids/Non-Sperm/Non-Sperm (124).bmp,0,1,2,2,0.000048,0.000069,0.999883
smids/Non-Sperm/Non-Sperm (125).bmp,0,1,2,2,0.000116,0.001971,0.997913
smids/Non-Sperm/Non-Sperm (126).bmp,0,1,2,2,0.000576,0.000743,0.998681
smids/Non-Sperm/Non-Sperm (129).bmp,0,1,2,2,0.098676,0.067849,0.833475
smids/Non-Sperm/Non-Sperm (136).bmp,0,1,2,2,0.000029,0.000079,0.999891
smids/Non-Sperm/Non-Sperm (142).bmp,0,1,2,2,0.000076,0.000095,0.999829
smids/Non-Sperm/Non-Sperm (146).bmp,0,1,2,2,0.000032,0.000266,0.999702
smids/Non-Sperm/Non-Sperm (147).bmp,0,1,2,2,0.000064,0.000069,0.999867
smids/Non-Sperm/Non-Sperm (15).bmp,0,1,2,2,0.002544,0.002576,0.994881
smids/Non-Sperm/Non-Sperm (165).bmp,0,1,2,2,0.000049,0.002735,0.997216
smids/Non-Sperm/Non-Sperm (169).bmp,0,1,2,2,0.000046,0.000219,0.999735
smids/Non-Sperm/Non-Sperm (182).bmp,0,1,2,2,0.000061,0.003316,0.996622
smids/Non-Sperm/Non-Sperm (19).bmp,0,1,2,2,0.034341,0.007375,0.958284
smids/Non-Sperm/Non-Sperm (191).bmp,0,1,2,1,0.016955,0.754696,0.228349
smids/Non-Sperm/Non-Sperm (192).bmp,0,1,2,2,0.016896,0.070628,0.912476
smids/Non-Sperm/Non-Sperm (198).bmp,0,1,2,2,0.000164,0.000284,0.999552
smids/Non-Sperm/Non-Sperm (199).bmp,0,1,2,2,0.000155,0.000265,0.999580
smids/Non-Sperm/Non-Sperm (202).bmp,0,1,2,2,0.000028,0.000051,0.999921
smids/Non-Sperm/Non-Sperm (208).bmp,0,1,2,2,0.000401,0.056794,0.942805
smids/Non-Sperm/Non-Sperm (210).bmp,0,1,2,2,0.000001,0.000007,0.999992
smids/Non-Sperm/Non-Sperm (211).bmp,0,1,2,2,0.000000,0.000004,0.999995
smids/Non-Sperm/Non-Sperm (214).bmp,0,1,2,2,0.000006,0.001551,0.998444
smids/Non-Sperm/Non-Sperm (215).bmp,0,1,2,2,0.000199,0.000739,0.999062
smids/Non-Sperm/Non-Sperm (216).bmp,0,1,2,2,0.000583,0.000167,0.999250
smids/Non-Sperm/Non-Sperm (228).bmp,0,1,2,2,0.000481,0.000698,0.998821
smids/Non-Sperm/Non-Sperm (234).bmp,0,1,2,2,0.000012,0.000029,0.999958
smids/Non-Sperm/Non-Sperm (237).bmp,0,1,2,2,0.006525,0.002294,0.991181
smids/Non-Sperm/Non-Sperm (240).bmp,0,1,2,2,0.000068,0.000505,0.999428
smids/Non-Sperm/Non-Sperm (247).bmp,0,1,2,2,0.000008,0.000037,0.999955
smids/Non-Sperm/Non-Sperm (254).bmp,0,1,2,2,0.001616,0.010056,0.988327
smids/Non-Sperm/Non-Sperm (259).bmp,0,1,2,2,0.000052,0.000205,0.999742
smids/Non-Sperm/Non-Sperm (264).bmp,0,1,2,2,0.000171,0.001114,0.998715
smids/Non-Sperm/Non-Sperm (268).bmp,0,1,2,2,0.000047,0.000711,0.999242
smids/Non-Sperm/Non-Sperm (27).bmp,0,1,2,2,0.040363,0.012168,0.947469
smids/Non-Sperm/Non-Sperm (274).bmp,0,1,2,2,0.000557,0.029945,0.969498
smids/Non-Sperm/Non-Sperm (277).bmp,0,1,2,2,0.000025,0.000170,0.999805
smids/Non-Sperm/Non-Sperm (28).bmp,0,1,2,1,0.000243,0.924174,0.075584
smids/Non-Sperm/Non-Sperm (287).bmp,0,1,2,2,0.003794,0.005128,0.991079
smids/Non-Sperm/Non-Sperm (29).bmp,0,1,2,2,0.000279,0.015091,0.984630
smids/Non-Sperm/Non-Sperm (291).bmp,0,1,2,2,0.001549,0.011083,0.987367
smids/Non-Sperm/Non-Sperm (298).bmp,0,1,2,2,0.000627,0.003525,0.995847
smids/Non-Sperm/Non-Sperm (321).bmp,0,1,2,2,0.001127,0.001122,0.997750
smids/Non-Sperm/Non-Sperm (323).bmp,0,1,2,2,0.022116,0.063577,0.914307
smids/Non-Sperm/Non-Sperm (326).bmp,0,1,2,0,0.570440,0.059092,0.370468
smids/Non-Sperm/Non-Sperm (332).bmp,0,1,2,2,0.010438,0.020804,0.968758
smids/Non-Sperm/Non-Sperm (336).bmp,0,1,2,2,0.003314,0.001857,0.994829
smids/Non-Sperm/Non-Sperm (340).bmp,0,1,2,2,0.021981,0.015754,0.962266
smids/Non-Sperm/Non-Sperm (353).bmp,0,1,2,2,0.279811,0.121877,0.598312
smids/Non-Sperm/Non-Sperm (355).bmp,0,1,2,1,0.028762,0.762114,0.209123
smids/Non-Sperm/Non-Sperm (359).bmp,0,1,2,2,0.000020,0.000202,0.999778
smids/Non-Sperm/Non-Sperm (361).bmp,0,1,2,2,0.001666,0.102985,0.895349
smids/Non-Sperm/Non-Sperm (362).bmp,0,1,2,2,0.000010,0.000074,0.999916
smids/Non-Sperm/Non-Sperm (364).bmp,0,1,2,2,0.000154,0.000430,0.999415
smids/Non-Sperm/Non-Sperm (366).bmp,0,1,2,2,0.000564,0.007678,0.991757
smids/Non-Sperm/Non-Sperm (367).bmp,0,1,2,2,0.009566,0.004359,0.986075
smids/Non-Sperm/Non-Sperm (369).bmp,0,1,2,2,0.026962,0.010493,0.962545
smids/Non-Sperm/Non-Sperm (370).bmp,0,1,2,2,0.000609,0.085445,0.913946
smids/Non-Sperm/Non-Sperm (371).bmp,0,1,2,2,0.000057,0.000141,0.999802
smids/Non-Sperm/Non-Sperm (374).bmp,0,1,2,2,0.000497,0.075923,0.923579
smids/Non-Sperm/Non-Sperm (378).bmp,0,1,2,2,0.004904,0.002957,0.992138
smids/Non-Sperm/Non-Sperm (380).bmp,0,1,2,2,0.001748,0.010852,0.987399
smids/Non-Sperm/Non-Sperm (385).bmp,0,1,2,2,0.000250,0.028010,0.971740
smids/Non-Sperm/Non-Sperm (39).bmp,0,1,2,2,0.003119,0.108699,0.888183
smids/Non-Sperm/Non-Sperm (391).bmp,0,1,2,1,0.069055,0.482584,0.448362
smids/Non-Sperm/Non-Sperm (398).bmp,0,1,2,0,0.702898,0.175714,0.121389
smids/Non-Sperm/Non-Sperm (401).bmp,0,1,2,2,0.017456,0.002989,0.979555
smids/Non-Sperm/Non-Sperm (403).bmp,0,1,2,2,0.481871,0.026119,0.492010
smids/Non-Sperm/Non-Sperm (412).bmp,0,1,2,0,0.728716,0.136299,0.134985
smids/Non-Sperm/Non-Sperm (426).bmp,0,1,2,2,0.003224,0.109297,0.887479
smids/Non-Sperm/Non-Sperm (434).bmp,0,1,2,2,0.000710,0.075322,0.923968
smids/Non-Sperm/Non-Sperm (438).bmp,0,1,2,2,0.002705,0.001828,0.995467
smids/Non-Sperm/Non-Sperm (439).bmp,0,1,2,2,0.000082,0.000393,0.999526
smids/Non-Sperm/Non-Sperm (448).bmp,0,1,2,2,0.000041,0.000196,0.999763
smids/Non-Sperm/Non-Sperm (453).bmp,0,1,2,2,0.008598,0.005493,0.985909
smids/Non-Sperm/Non-Sperm (454).bmp,0,1,2,2,0.000012,0.000200,0.999788
smids/Non-Sperm/Non-Sperm (459).bmp,0,1,2,2,0.000507,0.010697,0.988796
smids/Non-Sperm/Non-Sperm (470).bmp,0,1,2,2,0.000008,0.001086,0.998906
smids/Non-Sperm/Non-Sperm (472).bmp,0,1,2,2,0.038926,0.439366,0.521708
smids/Non-Sperm/Non-Sperm (474).bmp,0,1,2,2,0.000260,0.000316,0.999424
smids/Non-Sperm/Non-Sperm (48).bmp,0,1,2,2,0.000462,0.162765,0.836773
smids/Non-Sperm/Non-Sperm (480).bmp,0,1,2,2,0.000264,0.000277,0.999459
smids/Non-Sperm/Non-Sperm (484).bmp,0,1,2,2,0.000151,0.000599,0.999249
smids/Non-Sperm/Non-Sperm (485).bmp,0,1,2,2,0.026858,0.012073,0.961068
smids/Non-Sperm/Non-Sperm (493).bmp,0,1,2,2,0.000078,0.014775,0.985148
smids/Non-Sperm/Non-Sperm (497).bmp,0,1,2,2,0.005802,0.017417,0.976781
smids/Non-Sperm/Non-Sperm (50).bmp,0,1,2,2,0.000003,0.003514,0.996483
smids/Non-Sperm/Non-Sperm (502).bmp,0,1,2,2,0.007750,0.001365,0.990886
smids/Non-Sperm/Non-Sperm (507).bmp,0,1,2,2,0.042021,0.004559,0.953420
smids/Non-Sperm/Non-Sperm (512).bmp,0,1,2,2,0.000090,0.000128,0.999782
smids/Non-Sperm/Non-Sperm (524).bmp,0,1,2,2,0.003755,0.068383,0.927861
smids/Non-Sperm/Non-Sperm (527).bmp,0,1,2,2,0.004123,0.006748,0.989130
smids/Non-Sperm/Non-Sperm (534).bmp,0,1,2,2,0.042064,0.004242,0.953694
smids/Non-Sperm/Non-Sperm (536).bmp,0,1,2,2,0.029469,0.013319,0.957213
smids/Non-Sperm/Non-Sperm (537).bmp,0,1,2,2,0.000023,0.000223,0.999754
smids/Non-Sperm/Non-Sperm (539).bmp,0,1,2,2,0.054048,0.020851,0.925100
smids/Non-Sperm/Non-Sperm (540).bmp,0,1,2,2,0.002379,0.003408,0.994213
smids/Non-Sperm/Non-Sperm (543).bmp,0,1,2,0,0.408462,0.372286,0.219252
smids/Non-Sperm/Non-Sperm (546).bmp,0,1,2,2,0.000270,0.000573,0.999157
smids/Non-Sperm/Non-Sperm (551).bmp,0,1,2,2,0.000006,0.000215,0.999779
smids/Non-Sperm/Non-Sperm (56).bmp,0,1,2,1,0.002696,0.662300,0.335004
smids/Non-Sperm/Non-Sperm (560).bmp,0,1,2,2,0.000020,0.000060,0.999920
smids/Non-Sperm/Non-Sperm (561).bmp,0,1,2,2,0.000020,0.000039,0.999941
smids/Non-Sperm/Non-Sperm (582).bmp,0,1,2,2,0.000062,0.000429,0.999510
smids/Non-Sperm/Non-Sperm (583).bmp,0,1,2,1,0.000715,0.520779,0.478507
smids/Non-Sperm/Non-Sperm (589).bmp,0,1,2,2,0.000073,0.041589,0.958338
smids/Non-Sperm/Non-Sperm (590).bmp,0,1,2,2,0.000128,0.002066,0.997806
smids/Non-Sperm/Non-Sperm (599).bmp,0,1,2,2,0.000011,0.001346,0.998642
smids/Non-Sperm/Non-Sperm (604).bmp,0,1,2,2,0.000584,0.007724,0.991692
smids/Non-Sperm/Non-Sperm (605).bmp,0,1,2,2,0.000032,0.000943,0.999024
smids/Non-Sperm/Non-Sperm (608).bmp,0,1,2,2,0.000289,0.000931,0.998780
smids/Non-Sperm/Non-Sperm (613).bmp,0,1,2,2,0.000437,0.006618,0.992945
smids/Non-Sperm/Non-Sperm (615).bmp,0,1,2,2,0.000192,0.021856,0.977951
smids/Non-Sperm/Non-Sperm (623).bmp,0,1,2,2,0.000864,0.002264,0.996872
smids/Non-Sperm/Non-Sperm (628).bmp,0,1,2,2,0.005820,0.001815,0.992364
smids/Non-Sperm/Non-Sperm (632).bmp,0,1,2,2,0.006961,0.340855,0.652184
smids/Non-Sperm/Non-Sperm (636).bmp,0,1,2,2,0.002081,0.000829,0.997090
smids/Non-Sperm/Non-Sperm (642).bmp,0,1,2,2,0.000207,0.000174,0.999619
smids/Non-Sperm/Non-Sperm (643).bmp,0,1,2,2,0.000226,0.000316,0.999458
smids/Non-Sperm/Non-Sperm (658).bmp,0,1,2,2,0.000005,0.000716,0.999278
smids/Non-Sperm/Non-Sperm (669).bmp,0,1,2,2,0.004656,0.036014,0.959330
smids/Non-Sperm/Non-Sperm (670).bmp,0,1,2,2,0.085005,0.032573,0.882421
smids/Non-Sperm/Non-Sperm (68).bmp,0,1,2,2,0.001113,0.001518,0.997369
smids/Non-Sperm/Non-Sperm (684).bmp,0,1,2,2,0.000135,0.016819,0.983046
smids/Non-Sperm/Non-Sperm (689).bmp,0,1,2,2,0.028338,0.092334,0.879328
smids/Non-Sperm/Non-Sperm (692).bmp,0,1,2,2,0.001032,0.029803,0.969165
smids/Non-Sperm/Non-Sperm (696).bmp,0,1,2,2,0.003520,0.009583,0.986897
smids/Non-Sperm/Non-Sperm (698).bmp,0,1,2,2,0.000159,0.001153,0.998687
smids/Non-Sperm/Non-Sperm (699).bmp,0,1,2,2,0.000235,0.000651,0.999114
smids/Non-Sperm/Non-Sperm (704).bmp,0,1,2,2,0.003367,0.005046,0.991586
smids/Non-Sperm/Non-Sperm (709).bmp,0,1,2,2,0.000410,0.050935,0.948655
smids/Non-Sperm/Non-Sperm (71).bmp,0,1,2,1,0.082019,0.472608,0.445373
smids/Non-Sperm/Non-Sperm (715).bmp,0,1,2,2,0.000024,0.000286,0.999690
smids/Non-Sperm/Non-Sperm (717).bmp,0,1,2,2,0.000513,0.000429,0.999058
smids/Non-Sperm/Non-Sperm (722).bmp,0,1,2,2,0.003228,0.009177,0.987596
smids/Non-Sperm/Non-Sperm (734).bmp,0,1,2,2,0.000084,0.000133,0.999783
smids/Non-Sperm/Non-Sperm (737).bmp,0,1,2,2,0.006057,0.009543,0.984400
smids/Non-Sperm/Non-Sperm (751).bmp,0,1,2,2,0.000034,0.000530,0.999436
smids/Non-Sperm/Non-Sperm (753).bmp,0,1,2,1,0.312567,0.542873,0.144560
smids/Non-Sperm/Non-Sperm (755).bmp,0,1,2,2,0.000813,0.283597,0.715590
smids/Non-Sperm/Non-Sperm (759).bmp,0,1,2,2,0.000014,0.000026,0.999960
smids/Non-Sperm/Non-Sperm (761).bmp,0,1,2,2,0.002985,0.056503,0.940512
smids/Non-Sperm/Non-Sperm (763).bmp,0,1,2,2,0.000067,0.000196,0.999737
smids/Non-Sperm/Non-Sperm (766).bmp,0,1,2,2,0.007411,0.013017,0.979572
smids/Non-Sperm/Non-Sperm (774).bmp,0,1,2,2,0.000265,0.000609,0.999126
smids/Non-Sperm/Non-Sperm (78).bmp,0,1,2,2,0.005045,0.004858,0.990097
smids/Non-Sperm/Non-Sperm (786).bmp,0,1,2,2,0.010088,0.003229,0.986683
smids/Non-Sperm/Non-Sperm (788).bmp,0,1,2,2,0.001143,0.000427,0.998430
smids/Non-Sperm/Non-Sperm (789).bmp,0,1,2,2,0.000489,0.001030,0.998480
smids/Non-Sperm/Non-Sperm (790).bmp,0,1,2,2,0.002229,0.001259,0.996512
smids/Non-Sperm/Non-Sperm (793).bmp,0,1,2,2,0.000141,0.001291,0.998567
smids/Non-Sperm/Non-Sperm (794).bmp,0,1,2,2,0.000071,0.004224,0.995705
smids/Non-Sperm/Non-Sperm (796).bmp,0,1,2,2,0.020777,0.067552,0.911671
smids/Non-Sperm/Non-Sperm (797).bmp,0,1,2,2,0.002735,0.007410,0.989855
smids/Non-Sperm/Non-Sperm (8).bmp,0,1,2,2,0.000597,0.032837,0.966566
smids/Non-Sperm/Non-Sperm (800).bmp,0,1,2,2,0.002823,0.000877,0.996300
smids/Non-Sperm/Non-Sperm (803).bmp,0,1,2,2,0.006836,0.058195,0.934968
smids/Non-Sperm/Non-Sperm (816).bmp,0,1,2,2,0.002362,0.012891,0.984746
smids/Non-Sperm/Non-Sperm (818).bmp,0,1,2,2,0.000039,0.000166,0.999795
smids/Non-Sperm/Non-Sperm (82).bmp,0,1,2,2,0.000396,0.000446,0.999159
smids/Non-Sperm/Non-Sperm (820).bmp,0,1,2,2,0.001013,0.001100,0.997888
smids/Non-Sperm/Non-Sperm (824).bmp,0,1,2,2,0.002422,0.003853,0.993725
smids/Non-Sperm/Non-Sperm (825).bmp,0,1,2,2,0.167094,0.136804,0.696102
smids/Non-Sperm/Non-Sperm (827).bmp,0,1,2,2,0.000175,0.016773,0.983052
smids/Non-Sperm/Non-Sperm (831).bmp,0,1,2,2,0.000056,0.004928,0.995016
smids/Non-Sperm/Non-Sperm (832).bmp,0,1,2,2,0.000135,0.004180,0.995685
smids/Non-Sperm/Non-Sperm (85).bmp,0,1,2,2,0.064413,0.012184,0.923403
smids/Non-Sperm/Non-Sperm (850).bmp,0,1,2,2,0.004351,0.019696,0.975954
smids/Non-Sperm/Non-Sperm (871).bmp,0,1,2,2,0.001432,0.002752,0.995816
smids/Non-Sperm/Non-Sperm (872).bmp,0,1,2,2,0.121099,0.065145,0.813756
smids/Non-Sperm/Non-Sperm (873).bmp,0,1,2,2,0.067571,0.007597,0.924833
smids/Non-Sperm/Non-Sperm (877).bmp,0,1,2,2,0.000246,0.005651,0.994104
smids/Non-Sperm/Non-Sperm (889).bmp,0,1,2,2,0.000029,0.000118,0.999853
smids/Non-Sperm/Non-Sperm (893).bmp,0,1,2,2,0.001348,0.036588,0.962065
smids/Non-Sperm/Non-Sperm (895).bmp,0,1,2,2,0.003751,0.447425,0.548824
smids/Non-Sperm/Non-Sperm (897).bmp,0,1,2,2,0.004486,0.214426,0.781088
smids/Non-Sperm/Non-Sperm (899).bmp,0,1,2,2,0.004486,0.234044,0.761470
smids/Non-Sperm/Non-Sperm (907).bmp,0,1,2,1,0.009151,0.673554,0.317295
smids/Non-Sperm/Non-Sperm (917).bmp,0,1,2,2,0.007889,0.008528,0.983583
smids/Non-Sperm/Non-Sperm (919).bmp,0,1,2,2,0.005890,0.004137,0.989974
smids/Non-Sperm/Non-Sperm (92).bmp,0,1,2,2,0.000372,0.004037,0.995591
smids/Non-Sperm/Non-Sperm (921).bmp,0,1,2,2,0.001433,0.006117,0.992450
smids/Non-Sperm/Non-Sperm (927).bmp,0,1,2,2,0.003106,0.002930,0.993964
smids/Non-Sperm/Non-Sperm (936).bmp,0,1,2,2,0.013934,0.001098,0.984968
smids/Non-Sperm/Non-Sperm (939).bmp,0,1,2,2,0.011268,0.004610,0.984122
smids/Non-Sperm/Non-Sperm (94).bmp,0,1,2,2,0.000043,0.002217,0.997740
smids/Non-Sperm/Non-Sperm (950).bmp,0,1,2,1,0.092289,0.829949,0.077762
smids/Non-Sperm/Non-Sperm (958).bmp,0,1,2,2,0.000038,0.002968,0.996994
smids/Non-Sperm/Non-Sperm (96).bmp,0,1,2,2,0.000005,0.000752,0.999243
smids/Non-Sperm/Non-Sperm (968).bmp,0,1,2,2,0.000313,0.000420,0.999266
smids/Non-Sperm/Non-Sperm (973).bmp,0,1,2,2,0.001301,0.051163,0.947536
smids/Normal_Sperm/Normal_Sperm (1010).bmp,0,1,0,0,0.988822,0.010686,0.000492
smids/Normal_Sperm/Normal_Sperm (1012).bmp,0,1,0,0,0.797046,0.198768,0.004186
smids/Normal_Sperm/Normal_Sperm (1013).bmp,0,1,0,1,0.145034,0.794820,0.060146
smids/Normal_Sperm/Normal_Sperm (1014).bmp,0,1,0,1,0.120822,0.868163,0.011014
smids/Normal_Sperm/Normal_Sperm (1015).bmp,0,1,0,0,0.928260,0.071484,0.000257
smids/Normal_Sperm/Normal_Sperm (1021).bmp,0,1,0,0,0.897101,0.100634,0.002265
smids/Normal_Sperm/Normal_Sperm (110).bmp,0,1,0,2,0.369687,0.255169,0.375144
smids/Normal_Sperm/Normal_Sperm (111).bmp,0,1,0,0,0.533817,0.400158,0.066025
smids/Normal_Sperm/Normal_Sperm (112).bmp,0,1,0,0,0.928459,0.070929,0.000612
smids/Normal_Sperm/Normal_Sperm (117).bmp,0,1,0,0,0.890853,0.108298,0.000849
smids/Normal_Sperm/Normal_Sperm (121).bmp,0,1,0,0,0.952844,0.046999,0.000157
smids/Normal_Sperm/Normal_Sperm (122).bmp,0,1,0,1,0.050798,0.851277,0.097926
smids/Normal_Sperm/Normal_Sperm (128).bmp,0,1,0,0,0.959950,0.038606,0.001444
smids/Normal_Sperm/Normal_Sperm (131).bmp,0,1,0,0,0.556767,0.202547,0.240687
smids/Normal_Sperm/Normal_Sperm (133).bmp,0,1,0,2,0.009645,0.271819,0.718536
smids/Normal_Sperm/Normal_Sperm (137).bmp,0,1,0,1,0.338041,0.656970,0.004989
smids/Normal_Sperm/Normal_Sperm (139).bmp,0,1,0,0,0.706037,0.290563,0.003400
smids/Normal_Sperm/Normal_Sperm (141).bmp,0,1,0,0,0.510322,0.453239,0.036439
smids/Normal_Sperm/Normal_Sperm (148).bmp,0,1,0,1,0.478073,0.520547,0.001380
smids/Normal_Sperm/Normal_Sperm (149).bmp,0,1,0,0,0.964690,0.034692,0.000618
smids/Normal_Sperm/Normal_Sperm (153).bmp,0,1,0,0,0.562411,0.387649,0.049940
smids/Normal_Sperm/Normal_Sperm (154).bmp,0,1,0,0,0.944599,0.052315,0.003087
smids/Normal_Sperm/Normal_Sperm (164).bmp,0,1,0,0,0.960482,0.038968,0.000550
smids/Normal_Sperm/Normal_Sperm (180).bmp,0,1,0,0,0.952966,0.046783,0.000251
smids/Normal_Sperm/Normal_Sperm (181).bmp,0,1,0,0,0.770985,0.228792,0.000223
smids/Normal_Sperm/Normal_Sperm (183).bmp,0,1,0,0,0.846196,0.153024,0.000780
smids/Normal_Sperm/Normal_Sperm (187).bmp,0,1,0,0,0.868687,0.128830,0.002482
smids/Normal_Sperm/Normal_Sperm (188).bmp,0,1,0,2,0.164113,0.044068,0.791818
smids/Normal_Sperm/Normal_Sperm (189).bmp,0,1,0,0,0.952450,0.037629,0.009921
smids/Normal_Sperm/Normal_Sperm (190).bmp,0,1,0,0,0.891665,0.108217,0.000118
smids/Normal_Sperm/Normal_Sperm (192).bmp,0,1,0,0,0.698971,0.298238,0.002790
smids/Normal_Sperm/Normal_Sperm (196).bmp,0,1,0,0,0.746483,0.253344,0.000172
smids/Normal_Sperm/Normal_Sperm (197).bmp,0,1,0,0,0.985662,0.014303,0.000035
smids/Normal_Sperm/Normal_Sperm (199).bmp,0,1,0,0,0.988437,0.011152,0.000412
smids/Normal_Sperm/Normal_Sperm (20).bmp,0,1,0,0,0.798613,0.050505,0.150882
smids/Normal_Sperm/Normal_Sperm (210).bmp,0,1,0,0,0.990147,0.007487,0.002366
smids/Normal_Sperm/Normal_Sperm (215).bmp,0,1,0,1,0.297920,0.687293,0.014788
smids/Normal_Sperm/Normal_Sperm (218).bmp,0,1,0,0,0.986716,0.012214,0.001070
smids/Normal_Sperm/Normal_Sperm (22).bmp,0,1,0,0,0.881818,0.112494,0.005688
smids/Normal_Sperm/Normal_Sperm (222).bmp,0,1,0,0,0.750830,0.213042,0.036128
smids/Normal_Sperm/Normal_Sperm (227).bmp,0,1,0,0,0.970913,0.028139,0.000948
smids/Normal_Sperm/Normal_Sperm (231).bmp,0,1,0,0,0.745832,0.253732,0.000437
smids/Normal_Sperm/Normal_Sperm (243).bmp,0,1,0,0,0.962080,0.037884,0.000036
smids/Normal_Sperm/Normal_Sperm (246).bmp,0,1,0,0,0.910558,0.088089,0.001353
smids/Normal_Sperm/Normal_Sperm (247).bmp,0,1,0,0,0.799595,0.193242,0.007164
smids/Normal_Sperm/Normal_Sperm (248).bmp,0,1,0,0,0.944343,0.053175,0.002481
smids/Normal_Sperm/Normal_Sperm (253).bmp,0,1,0,0,0.981997,0.017915,0.000088
smids/Normal_Sperm/Normal_Sperm (254).bmp,0,1,0,0,0.997050,0.002637,0.000312
smids/Normal_Sperm/Normal_Sperm (256).bmp,0,1,0,0,0.905650,0.093952,0.000398
smids/Normal_Sperm/Normal_Sperm (258).bmp,0,1,0,0,0.929033,0.070870,0.000097
smids/Normal_Sperm/Normal_Sperm (26).bmp,0,1,0,0,0.983902,0.015341,0.000758
smids/Normal_Sperm/Normal_Sperm (262).bmp,0,1,0,0,0.904072,0.095710,0.000218
smids/Normal_Sperm/Normal_Sperm (267).bmp,0,1,0,0,0.909339,0.088295,0.002366
smids/Normal_Sperm/Normal_Sperm (276).bmp,0,1,0,0,0.967230,0.032580,0.000190
smids/Normal_Sperm/Normal_Sperm (278).bmp,0,1,0,0,0.917830,0.081830,0.000340
smids/Normal_Sperm/Normal_Sperm (279).bmp,0,1,0,0,0.854622,0.139705,0.005673
smids/Normal_Sperm/Normal_Sperm (283).bmp,0,1,0,0,0.947784,0.052138,0.000077
smids/Normal_Sperm/Normal_Sperm (286).bmp,0,1,0,1,0.463877,0.521911,0.014212
smids/Normal_Sperm/Normal_Sperm (290).bmp,0,1,0,0,0.981892,0.018005,0.000103
smids/Normal_Sperm/Normal_Sperm (292).bmp,0,1,0,0,0.798008,0.194259,0.007733
smids/Normal_Sperm/Normal_Sperm (30).bmp,0,1,0,0,0.974628,0.024943,0.000429
smids/Normal_Sperm/Normal_Sperm (304).bmp,0,1,0,0,0.958628,0.041001,0.000371
smids/Normal_Sperm/Normal_Sperm (306).bmp,0,1,0,0,0.960197,0.039762,0.000040
smids/Normal_Sperm/Normal_Sperm (307).bmp,0,1,0,0,0.961125,0.038686,0.000190
smids/Normal_Sperm/Normal_Sperm (308).bmp,0,1,0,0,0.897964,0.095651,0.006385
smids/Normal_Sperm/Normal_Sperm (311).bmp,0,1,0,0,0.987485,0.012351,0.000164
smids/Normal_Sperm/Normal_Sperm (32).bmp,0,1,0,0,0.986592,0.011077,0.002331
smids/Normal_Sperm/Normal_Sperm (328).bmp,0,1,0,0,0.740393,0.258907,0.000700
smids/Normal_Sperm/Normal_Sperm (330).bmp,0,1,0,0,0.872492,0.127031,0.000476
smids/Normal_Sperm/Normal_Sperm (332).bmp,0,1,0,0,0.969773,0.029930,0.000297
smids/Normal_Sperm/Normal_Sperm (34).bmp,0,1,0,0,0.867221,0.047435,0.085344
smids/Normal_Sperm/Normal_Sperm (340).bmp,0,1,0,0,0.992878,0.007049,0.000072
smids/Normal_Sperm/Normal_Sperm (35).bmp,0,1,0,0,0.811815,0.040892,0.147293
smids/Normal_Sperm/Normal_Sperm (351).bmp,0,1,0,0,0.387985,0.233711,0.378304
smids/Normal_Sperm/Normal_Sperm (352).bmp,0,1,0,0,0.797402,0.185032,0.017566
smids/Normal_Sperm/Normal_Sperm (353).bmp,0,1,0,0,0.847824,0.152074,0.000102
smids/Normal_Sperm/Normal_Sperm (361).bmp,0,1,0,0,0.991032,0.008930,0.000039
smids/Normal_Sperm/Normal_Sperm (363).bmp,0,1,0,0,0.942257,0.050347,0.007396
smids/Normal_Sperm/Normal_Sperm (366).bmp,0,1,0,0,0.987423,0.012456,0.000121
smids/Normal_Sperm/Normal_Sperm (374).bmp,0,1,0,0,0.959025,0.040969,0.000006
smids/Normal_Sperm/Normal_Sperm (375).bmp,0,1,0,0,0.991342,0.008604,0.000054
smids/Normal_Sperm/Normal_Sperm (377).bmp,0,1,0,0,0.920344,0.026597,0.053058
smids/Normal_Sperm/Normal_Sperm (386).bmp,0,1,0,0,0.986429,0.013399,0.000171
smids/Normal_Sperm/Normal_Sperm (387).bmp,0,1,0,0,0.893247,0.103479,0.003274
smids/Normal_Sperm/Normal_Sperm (393).bmp,0,1,0,0,0.951289,0.048197,0.000514
smids/Normal_Sperm/Normal_Sperm (400).bmp,0,1,0,0,0.957937,0.041807,0.000256
smids/Normal_Sperm/Normal_Sperm (410).bmp,0,1,0,0,0.988226,0.011654,0.000120
smids/Normal_Sperm/Normal_Sperm (413).bmp,0,1,0,0,0.801919,0.197333,0.000749
smids/Normal_Sperm/Normal_Sperm (422).bmp,0,1,0,0,0.958115,0.041837,0.000048
smids/Normal_Sperm/Normal_Sperm (425).bmp,0,1,0,0,0.980729,0.019257,0.000014
smids/Normal_Sperm/Normal_Sperm (434).bmp,0,1,0,0,0.990017,0.005300,0.004682
smids/Normal_Sperm/Normal_Sperm (437).bmp,0,1,0,0,0.921131,0.078073,0.000796
smids/Normal_Sperm/Normal_Sperm (444).bmp,0,1,0,0,0.938599,0.060977,0.000424
smids/Normal_Sperm/Normal_Sperm (445).bmp,0,1,0,0,0.930021,0.069584,0.000395
smids/Normal_Sperm/Normal_Sperm (458).bmp,0,1,0,0,0.904841,0.093441,0.001718
smids/Normal_Sperm/Normal_Sperm (459).bmp,0,1,0,0,0.976459,0.021673,0.001868
smids/Normal_Sperm/Normal_Sperm (466).bmp,0,1,0,0,0.925704,0.073518,0.000778
smids/Normal_Sperm/Normal_Sperm (478).bmp,0,1,0,0,0.904559,0.094538,0.000904
smids/Normal_Sperm/Normal_Sperm (479).bmp,0,1,0,0,0.907374,0.092230,0.000396
smids/Normal_Sperm/Normal_Sperm (488).bmp,0,1,0,1,0.399989,0.595415,0.004596
smids/Normal_Sperm/Normal_Sperm (499).bmp,0,1,0,0,0.977663,0.021668,0.000669
smids/Normal_Sperm/Normal_Sperm (505).bmp,0,1,0,0,0.992332,0.007659,0.000009
smids/Normal_Sperm/Normal_Sperm (507).bmp,0,1,0,0,0.948436,0.051479,0.000085
smids/Normal_Sperm/Normal_Sperm (515).bmp,0,1,0,0,0.930840,0.069023,0.000137
smids/Normal_Sperm/Normal_Sperm (52).bmp,0,1,0,0,0.504800,0.461176,0.034025
smids/Normal_Sperm/Normal_Sperm (520).bmp,0,1,0,0,0.983498,0.016477,0.000025
smids/Normal_Sperm/Normal_Sperm (527).bmp,0,1,0,0,0.961257,0.038733,0.000010
smids/Normal_Sperm/Normal_Sperm (532).bmp,0,1,0,0,0.722069,0.275179,0.002752
smids/Normal_Sperm/Normal_Sperm (543).bmp,0,1,0,0,0.801738,0.197456,0.000806
smids/Normal_Sperm/Normal_Sperm (544).bmp,0,1,0,0,0.970901,0.028979,0.000120
smids/Normal_Sperm/Normal_Sperm (548).bmp,0,1,0,0,0.963694,0.035326,0.000980
smids/Normal_Sperm/Normal_Sperm (550).bmp,0,1,0,0,0.970166,0.029588,0.000246
smids/Normal_Sperm/Normal_Sperm (557).bmp,0,1,0,0,0.952794,0.046661,0.000545
smids/Normal_Sperm/Normal_Sperm (560).bmp,0,1,0,0,0.989967,0.009981,0.000052
smids/Normal_Sperm/Normal_Sperm (564).bmp,0,1,0,0,0.976161,0.023812,0.000026
smids/Normal_Sperm/Normal_Sperm (565).bmp,0,1,0,0,0.912255,0.087278,0.000467
smids/Normal_Sperm/Normal_Sperm (566).bmp,0,1,0,0,0.991054,0.008940,0.000005
smids/Normal_Sperm/Normal_Sperm (57).bmp,0,1,0,0,0.997991,0.002008,0.000001
smids/Normal_Sperm/Normal_Sperm (573).bmp,0,1,0,0,0.847888,0.151256,0.000856
smids/Normal_Sperm/Normal_Sperm (575).bmp,0,1,0,0,0.977514,0.022451,0.000035
smids/Normal_Sperm/Normal_Sperm (58).bmp,0,1,0,1,0.289395,0.489624,0.220981
smids/Normal_Sperm/Normal_Sperm (591).bmp,0,1,0,0,0.987580,0.012400,0.000020
smids/Normal_Sperm/Normal_Sperm (595).bmp,0,1,0,0,0.971121,0.028586,0.000293
smids/Normal_Sperm/Normal_Sperm (60).bmp,0,1,0,0,0.960265,0.012848,0.026887
smids/Normal_Sperm/Normal_Sperm (604).bmp,0,1,0,1,0.231313,0.757042,0.011645
smids/Normal_Sperm/Normal_Sperm (630).bmp,0,1,0,0,0.952040,0.047945,0.000015
smids/Normal_Sperm/Normal_Sperm (636).bmp,0,1,0,0,0.962731,0.036857,0.000412
smids/Normal_Sperm/Normal_Sperm (637).bmp,0,1,0,0,0.929589,0.069449,0.000961
smids/Normal_Sperm/Normal_Sperm (648).bmp,0,1,0,0,0.986584,0.013319,0.000098
smids/Normal_Sperm/Normal_Sperm (660).bmp,0,1,0,0,0.840541,0.158737,0.000722
smids/Normal_Sperm/Normal_Sperm (662).bmp,0,1,0,0,0.951278,0.038367,0.010355
smids/Normal_Sperm/Normal_Sperm (669).bmp,0,1,0,0,0.991457,0.008527,0.000017
smids/Normal_Sperm/Normal_Sperm (678).bmp,0,1,0,0,0.976113,0.023469,0.000418
smids/Normal_Sperm/Normal_Sperm (686).bmp,0,1,0,0,0.962129,0.037754,0.000117
smids/Normal_Sperm/Normal_Sperm (69).bmp,0,1,0,1,0.033846,0.966093,0.000061
smids/Normal_Sperm/Normal_Sperm (692).bmp,0,1,0,0,0.985641,0.014357,0.000002
smids/Normal_Sperm/Normal_Sperm (7).bmp,0,1,0,0,0.979497,0.020466,0.000036
smids/Normal_Sperm/Normal_Sperm (704).bmp,0,1,0,0,0.983716,0.014524,0.001760
smids/Normal_Sperm/Normal_Sperm (712).bmp,0,1,0,0,0.978939,0.020994,0.000067
smids/Normal_Sperm/Normal_Sperm (718).bmp,0,1,0,0,0.958959,0.040021,0.001020
smids/Normal_Sperm/Normal_Sperm (719).bmp,0,1,0,0,0.993334,0.006279,0.000387
smids/Normal_Sperm/Normal_Sperm (721).bmp,0,1,0,0,0.972777,0.027080,0.000143
smids/Normal_Sperm/Normal_Sperm (722).bmp,0,1,0,0,0.989218,0.010746,0.000036
smids/Normal_Sperm/Normal_Sperm (738).bmp,0,1,0,0,0.985755,0.013886,0.000359
smids/Normal_Sperm/Normal_Sperm (749).bmp,0,1,0,0,0.995979,0.003759,0.000262
smids/Normal_Sperm/Normal_Sperm (750).bmp,0,1,0,0,0.855789,0.079193,0.065017
smids/Normal_Sperm/Normal_Sperm (757).bmp,0,1,0,0,0.991529,0.008142,0.000329
smids/Normal_Sperm/Normal_Sperm (759).bmp,0,1,0,0,0.986439,0.013199,0.000362
smids/Normal_Sperm/Normal_Sperm (771).bmp,0,1,0,2,0.105080,0.041384,0.853537
smids/Normal_Sperm/Normal_Sperm (772).bmp,0,1,0,0,0.993289,0.006504,0.000207
smids/Normal_Sperm/Normal_Sperm (775).bmp,0,1,0,0,0.982545,0.017269,0.000186
smids/Normal_Sperm/Normal_Sperm (786).bmp,0,1,0,0,0.960350,0.039531,0.000119
smids/Normal_Sperm/Normal_Sperm (788).bmp,0,1,0,0,0.889592,0.101335,0.009073
smids/Normal_Sperm/Normal_Sperm (792).bmp,0,1,0,0,0.921233,0.078295,0.000472
smids/Normal_Sperm/Normal_Sperm (793).bmp,0,1,0,0,0.885076,0.105985,0.008939
smids/Normal_Sperm/Normal_Sperm (800).bmp,0,1,0,0,0.955165,0.043708,0.001128
smids/Normal_Sperm/Normal_Sperm (820).bmp,0,1,0,0,0.986509,0.013344,0.000146
smids/Normal_Sperm/Normal_Sperm (822).bmp,0,1,0,0,0.958772,0.028604,0.012624
smids/Normal_Sperm/Normal_Sperm (823).bmp,0,1,0,0,0.897180,0.052818,0.050002
smids/Normal_Sperm/Normal_Sperm (827).bmp,0,1,0,0,0.965780,0.028679,0.005541
smids/Normal_Sperm/Normal_Sperm (829).bmp,0,1,0,0,0.992322,0.007669,0.000009
smids/Normal_Sperm/Normal_Sperm (840).bmp,0,1,0,0,0.771712,0.225857,0.002431
smids/Normal_Sperm/Normal_Sperm (841).bmp,0,1,0,0,0.996789,0.003197,0.000014
smids/Normal_Sperm/Normal_Sperm (842).bmp,0,1,0,0,0.953974,0.045987,0.000039
smids/Normal_Sperm/Normal_Sperm (847).bmp,0,1,0,0,0.941908,0.057596,0.000497
smids/Normal_Sperm/Normal_Sperm (849).bmp,0,1,0,0,0.981608,0.018373,0.000019
smids/Normal_Sperm/Normal_Sperm (858).bmp,0,1,0,0,0.903534,0.094597,0.001869
smids/Normal_Sperm/Normal_Sperm (862).bmp,0,1,0,0,0.969191,0.030779,0.000031
smids/Normal_Sperm/Normal_Sperm (864).bmp,0,1,0,0,0.937013,0.058014,0.004974
smids/Normal_Sperm/Normal_Sperm (865).bmp,0,1,0,0,0.961232,0.037770,0.000998
smids/Normal_Sperm/Normal_Sperm (874).bmp,0,1,0,2,0.379112,0.113858,0.507030
smids/Normal_Sperm/Normal_Sperm (886).bmp,0,1,0,1,0.108519,0.887301,0.004180
smids/Normal_Sperm/Normal_Sperm (887).bmp,0,1,0,0,0.961746,0.038229,0.000025
smids/Normal_Sperm/Normal_Sperm (888).bmp,0,1,0,0,0.960213,0.039741,0.000046
smids/Normal_Sperm/Normal_Sperm (890).bmp,0,1,0,1,0.066976,0.932091,0.000933
smids/Normal_Sperm/Normal_Sperm (891).bmp,0,1,0,0,0.963288,0.035161,0.001551
smids/Normal_Sperm/Normal_Sperm (893).bmp,0,1,0,1,0.003016,0.989039,0.007946
smids/Normal_Sperm/Normal_Sperm (898).bmp,0,1,0,0,0.953927,0.046067,0.000006
smids/Normal_Sperm/Normal_Sperm (9).bmp,0,1,0,2,0.348965,0.044351,0.606685
smids/Normal_Sperm/Normal_Sperm (902).bmp,0,1,0,0,0.996740,0.003229,0.000030
smids/Normal_Sperm/Normal_Sperm (910).bmp,0,1,0,1,0.393926,0.605947,0.000126
smids/Normal_Sperm/Normal_Sperm (911).bmp,0,1,0,0,0.940628,0.059033,0.000339
smids/Normal_Sperm/Normal_Sperm (919).bmp,0,1,0,1,0.157013,0.811834,0.031153
smids/Normal_Sperm/Normal_Sperm (923).bmp,0,1,0,1,0.410935,0.589019,0.000046
smids/Normal_Sperm/Normal_Sperm (926).bmp,0,1,0,1,0.118524,0.881339,0.000137
smids/Normal_Sperm/Normal_Sperm (934).bmp,0,1,0,1,0.094143,0.905649,0.000209
smids/Normal_Sperm/Normal_Sperm (947).bmp,0,1,0,1,0.151645,0.838591,0.009764
smids/Normal_Sperm/Normal_Sperm (95).bmp,0,1,0,0,0.901344,0.094891,0.003765
smids/Normal_Sperm/Normal_Sperm (951).bmp,0,1,0,0,0.779004,0.220982,0.000014
smids/Normal_Sperm/Normal_Sperm (953).bmp,0,1,0,0,0.601662,0.393881,0.004456
smids/Normal_Sperm/Normal_Sperm (966).bmp,0,1,0,0,0.991577,0.008421,0.000001
smids/Normal_Sperm/Normal_Sperm (968).bmp,0,1,0,1,0.122378,0.874739,0.002884
smids/Normal_Sperm/Normal_Sperm (969).bmp,0,1,0,1,0.004094,0.796548,0.199358
smids/Normal_Sperm/Normal_Sperm (97).bmp,0,1,0,0,0.960763,0.037229,0.002008
smids/Normal_Sperm/Normal_Sperm (970).bmp,0,1,0,0,0.808421,0.191280,0.000300
smids/Normal_Sperm/Normal_Sperm (984).bmp,0,1,0,0,0.760505,0.107543,0.131953
smids/Normal_Sperm/Normal_Sperm (986).bmp,0,1,0,0,0.546153,0.427540,0.026307
smids/Normal_Sperm/Normal_Sperm (987).bmp,0,1,0,0,0.841502,0.157764,0.000734
smids/Normal_Sperm/Normal_Sperm (990).bmp,0,1,0,0,0.977306,0.022682,0.000011
smids/Normal_Sperm/Normal_Sperm (994).bmp,0,1,0,2,0.024111,0.257078,0.718811
smids/Normal_Sperm/Normal_Sperm (996).bmp,0,1,0,0,0.974279,0.025696,0.000025
smids/Abnormal_Sperm/Abnormal_Sperm (1005).bmp,0,2,1,1,0.017257,0.956109,0.026634
smids/Abnormal_Sperm/Abnormal_Sperm (108).bmp,0,2,1,1,0.102272,0.895676,0.002053
smids/Abnormal_Sperm/Abnormal_Sperm (114).bmp,0,2,1,1,0.006785,0.984603,0.008611
smids/Abnormal_Sperm/Abnormal_Sperm (117).bmp,0,2,1,1,0.034196,0.940471,0.025334
smids/Abnormal_Sperm/Abnormal_Sperm (122).bmp,0,2,1,1,0.258103,0.741759,0.000138
smids/Abnormal_Sperm/Abnormal_Sperm (126).bmp,0,2,1,1,0.023883,0.970871,0.005245
smids/Abnormal_Sperm/Abnormal_Sperm (129).bmp,0,2,1,1,0.044275,0.951331,0.004393
smids/Abnormal_Sperm/Abnormal_Sperm (131).bmp,0,2,1,1,0.011490,0.970059,0.018451
smids/Abnormal_Sperm/Abnormal_Sperm (134).bmp,0,2,1,1,0.017552,0.970093,0.012355
smids/Abnormal_Sperm/Abnormal_Sperm (137).bmp,0,2,1,1,0.024411,0.971250,0.004339
smids/Abnormal_Sperm/Abnormal_Sperm (15).bmp,0,2,1,1,0.434616,0.560512,0.004872
smids/Abnormal_Sperm/Abnormal_Sperm (155).bmp,0,2,1,1,0.077036,0.917360,0.005605
smids/Abnormal_Sperm/Abnormal_Sperm (156).bmp,0,2,1,1,0.023130,0.950376,0.026494
smids/Abnormal_Sperm/Abnormal_Sperm (157).bmp,0,2,1,1,0.011027,0.947216,0.041757
smids/Abnormal_Sperm/Abnormal_Sperm (16).bmp,0,2,1,1,0.117444,0.881860,0.000696
smids/Abnormal_Sperm/Abnormal_Sperm (160).bmp,0,2,1,1,0.004703,0.937996,0.057302
smids/Abnormal_Sperm/Abnormal_Sperm (161).bmp,0,2,1,1,0.026053,0.956875,0.017072
smids/Abnormal_Sperm/Abnormal_Sperm (169).bmp,0,2,1,1,0.051292,0.946871,0.001837
smids/Abnormal_Sperm/Abnormal_Sperm (177).bmp,0,2,1,1,0.003419,0.551561,0.445020
smids/Abnormal_Sperm/Abnormal_Sperm (180).bmp,0,2,1,1,0.034205,0.858188,0.107606
smids/Abnormal_Sperm/Abnormal_Sperm (181).bmp,0,2,1,1,0.003702,0.916434,0.079864
smids/Abnormal_Sperm/Abnormal_Sperm (183).bmp,0,2,1,1,0.161288,0.837263,0.001449
smids/Abnormal_Sperm/Abnormal_Sperm (190).bmp,0,2,1,1,0.004607,0.975682,0.019712
smids/Abnormal_Sperm/Abnormal_Sperm (191).bmp,0,2,1,1,0.363066,0.633929,0.003005
smids/Abnormal_Sperm/Abnormal_Sperm (196).bmp,0,2,1,1,0.019872,0.856833,0.123294
smids/Abnormal_Sperm/Abnormal_Sperm (198).bmp,0,2,1,1,0.089107,0.907490,0.003403
smids/Abnormal_Sperm/Abnormal_Sperm (202).bmp,0,2,1,1,0.010767,0.981698,0.007535
smids/Abnormal_Sperm/Abnormal_Sperm (215).bmp,0,2,1,1,0.016084,0.973518,0.010398
smids/Abnormal_Sperm/Abnormal_Sperm (219).bmp,0,2,1,1,0.115115,0.863242,0.021643
smids/Abnormal_Sperm/Abnormal_Sperm (220).bmp,0,2,1,1,0.113670,0.884642,0.001688
smids/Abnormal_Sperm/Abnormal_Sperm (223).bmp,0,2,1,2,0.005661,0.289058,0.705281
smids/Abnormal_Sperm/Abnormal_Sperm (225).bmp,0,2,1,1,0.069465,0.929841,0.000694
smids/Abnormal_Sperm/Abnormal_Sperm (238).bmp,0,2,1,1,0.017226,0.961974,0.020801
smids/Abnormal_Sperm/Abnormal_Sperm (245).bmp,0,2,1,1,0.009588,0.507907,0.482505
smids/Abnormal_Sperm/Abnormal_Sperm (247).bmp,0,2,1,2,0.009815,0.463572,0.526614
smids/Abnormal_Sperm/Abnormal_Sperm (249).bmp,0,2,1,2,0.006998,0.415063,0.577939
smids/Abnormal_Sperm/Abnormal_Sperm (251).bmp,0,2,1,1,0.049816,0.949661,0.000523
smids/Abnormal_Sperm/Abnormal_Sperm (263).bmp,0,2,1,1,0.010636,0.965554,0.023811
smids/Abnormal_Sperm/Abnormal_Sperm (267).bmp,0,2,1,1,0.125709,0.869942,0.004349
smids/Abnormal_Sperm/Abnormal_Sperm (269).bmp,0,2,1,1,0.074455,0.856184,0.069361
smids/Abnormal_Sperm/Abnormal_Sperm (277).bmp,0,2,1,1,0.022982,0.965461,0.011557
smids/Abnormal_Sperm/Abnormal_Sperm (282).bmp,0,2,1,1,0.020346,0.939450,0.040204
smids/Abnormal_Sperm/Abnormal_Sperm (284).bmp,0,2,1,1,0.012307,0.848341,0.139353
smids/Abnormal_Sperm/Abnormal_Sperm (287).bmp,0,2,1,1,0.029951,0.968550,0.001499
smids/Abnormal_Sperm/Abnormal_Sperm (296).bmp,0,2,1,1,0.010412,0.957392,0.032196
smids/Abnormal_Sperm/Abnormal_Sperm (301).bmp,0,2,1,1,0.129848,0.864448,0.005704
smids/Abnormal_Sperm/Abnormal_Sperm (302).bmp,0,2,1,1,0.025832,0.754029,0.220139
smids/Abnormal_Sperm/Abnormal_Sperm (308).bmp,0,2,1,1,0.321649,0.676062,0.002290
smids/Abnormal_Sperm/Abnormal_Sperm (312).bmp,0,2,1,2,0.024936,0.099406,0.875658
smids/Abnormal_Sperm/Abnormal_Sperm (317).bmp,0,2,1,1,0.033081,0.759004,0.207914
smids/Abnormal_Sperm/Abnormal_Sperm (323).bmp,0,2,1,1,0.014877,0.777906,0.207217
smids/Abnormal_Sperm/Abnormal_Sperm (327).bmp,0,2,1,1,0.003932,0.603363,0.392704
smids/Abnormal_Sperm/Abnormal_Sperm (328).bmp,0,2,1,1,0.009157,0.904735,0.086108
smids/Abnormal_Sperm/Abnormal_Sperm (331).bmp,0,2,1,1,0.007991,0.941292,0.050716
smids/Abnormal_Sperm/Abnormal_Sperm (336).bmp,0,2,1,1,0.036592,0.950420,0.012988
smids/Abnormal_Sperm/Abnormal_Sperm (339).bmp,0,2,1,1,0.251657,0.747232,0.001111
smids/Abnormal_Sperm/Abnormal_Sperm (353).bmp,0,2,1,1,0.034611,0.842816,0.122573
smids/Abnormal_Sperm/Abnormal_Sperm (355).bmp,0,2,1,1,0.081809,0.908251,0.009940
smids/Abnormal_Sperm/Abnormal_Sperm (363).bmp,0,2,1,1,0.012448,0.984096,0.003456
smids/Abnormal_Sperm/Abnormal_Sperm (366).bmp,0,2,1,1,0.219862,0.779643,0.000495
smids/Abnormal_Sperm/Abnormal_Sperm (369).bmp,0,2,1,1,0.040564,0.943152,0.016284
smids/Abnormal_Sperm/Abnormal_Sperm (372).bmp,0,2,1,1,0.012920,0.963535,0.023545
smids/Abnormal_Sperm/Abnormal_Sperm (374).bmp,0,2,1,1,0.013134,0.982923,0.003943
smids/Abnormal_Sperm/Abnormal_Sperm (375).bmp,0,2,1,0,0.763047,0.235576,0.001378
smids/Abnormal_Sperm/Abnormal_Sperm (381).bmp,0,2,1,1,0.020321,0.974841,0.004838
smids/Abnormal_Sperm/Abnormal_Sperm (384).bmp,0,2,1,1,0.075024,0.907157,0.017820
smids/Abnormal_Sperm/Abnormal_Sperm (389).bmp,0,2,1,1,0.208324,0.787689,0.003988
smids/Abnormal_Sperm/Abnormal_Sperm (39).bmp,0,2,1,1,0.007426,0.989245,0.003329
smids/Abnormal_Sperm/Abnormal_Sperm (390).bmp,0,2,1,1,0.181582,0.805808,0.012610
smids/Abnormal_Sperm/Abnormal_Sperm (392).bmp,0,2,1,1,0.039983,0.960006,0.000011
smids/Abnormal_Sperm/Abnormal_Sperm (393).bmp,0,2,1,1,0.005677,0.970448,0.023875
smids/Abnormal_Sperm/Abnormal_Sperm (395).bmp,0,2,1,1,0.013867,0.959097,0.027036
smids/Abnormal_Sperm/Abnormal_Sperm (398).bmp,0,2,1,1,0.054625,0.939815,0.005561
smids/Abnormal_Sperm/Abnormal_Sperm (402).bmp,0,2,1,1,0.004530,0.969308,0.026161
smids/Abnormal_Sperm/Abnormal_Sperm (404).bmp,0,2,1,1,0.048315,0.787318,0.164367
smids/Abnormal_Sperm/Abnormal_Sperm (409).bmp,0,2,1,1,0.174158,0.820978,0.004864
smids/Abnormal_Sperm/Abnormal_Sperm (410).bmp,0,2,1,1,0.062170,0.929519,0.008311
smids/Abnormal_Sperm/Abnormal_Sperm (412).bmp,0,2,1,1,0.117994,0.861822,0.020185
smids/Abnormal_Sperm/Abnormal_Sperm (413).bmp,0,2,1,1,0.014502,0.876778,0.108720
smids/Abnormal_Sperm/Abnormal_Sperm (414).bmp,0,2,1,1,0.127749,0.871278,0.000973
smids/Abnormal_Sperm/Abnormal_Sperm (415).bmp,0,2,1,1,0.094159,0.900181,0.005661
smids/Abnormal_Sperm/Abnormal_Sperm (418).bmp,0,2,1,1,0.002747,0.975581,0.021672
smids/Abnormal_Sperm/Abnormal_Sperm (425).bmp,0,2,1,1,0.462586,0.522088,0.015326
smids/Abnormal_Sperm/Abnormal_Sperm (428).bmp,0,2,1,2,0.001469,0.033968,0.964563
smids/Abnormal_Sperm/Abnormal_Sperm (434).bmp,0,2,1,1,0.111890,0.884013,0.004098
smids/Abnormal_Sperm/Abnormal_Sperm (439).bmp,0,2,1,1,0.103012,0.881028,0.015960
smids/Abnormal_Sperm/Abnormal_Sperm (446).bmp,0,2,1,1,0.027478,0.972040,0.000482
smids/Abnormal_Sperm/Abnormal_Sperm (449).bmp,0,2,1,1,0.012222,0.945412,0.042366
smids/Abnormal_Sperm/Abnormal_Sperm (455).bmp,0,2,1,1,0.056761,0.923623,0.019616
smids/Abnormal_Sperm/Abnormal_Sperm (461).bmp,0,2,1,1,0.004460,0.822277,0.173262
smids/Abnormal_Sperm/Abnormal_Sperm (472).bmp,0,2,1,1,0.009934,0.909065,0.081002
smids/Abnormal_Sperm/Abnormal_Sperm (475).bmp,0,2,1,1,0.004264,0.832413,0.163324
smids/Abnormal_Sperm/Abnormal_Sperm (480).bmp,0,2,1,0,0.534057,0.465406,0.000537
smids/Abnormal_Sperm/Abnormal_Sperm (489).bmp,0,2,1,2,0.260697,0.181416,0.557888
smids/Abnormal_Sperm/Abnormal_Sperm (494).bmp,0,2,1,2,0.024898,0.481940,0.493162
smids/Abnormal_Sperm/Abnormal_Sperm (503).bmp,0,2,1,2,0.003710,0.496969,0.499321
smids/Abnormal_Sperm/Abnormal_Sperm (504).bmp,0,2,1,1,0.037332,0.864014,0.098654
smids/Abnormal_Sperm/Abnormal_Sperm (507).bmp,0,2,1,1,0.010950,0.814547,0.174503
smids/Abnormal_Sperm/Abnormal_Sperm (509).bmp,0,2,1,2,0.011184,0.020086,0.968731
smids/Abnormal_Sperm/Abnormal_Sperm (515).bmp,0,2,1,1,0.049390,0.933390,0.017220
smids/Abnormal_Sperm/Abnormal_Sperm (517).bmp,0,2,1,1,0.146900,0.850174,0.002927
smids/Abnormal_Sperm/Abnormal_Sperm (528).bmp,0,2,1,1,0.065306,0.568691,0.366003
smids/Abnormal_Sperm/Abnormal_Sperm (534).bmp,0,2,1,1,0.046375,0.890756,0.062869
smids/Abnormal_Sperm/Abnormal_Sperm (539).bmp,0,2,1,1,0.101394,0.895186,0.003420
smids/Abnormal_Sperm/Abnormal_Sperm (541).bmp,0,2,1,1,0.013990,0.958989,0.027021
smids/Abnormal_Sperm/Abnormal_Sperm (547).bmp,0,2,1,1,0.354879,0.639085,0.006036
smids/Abnormal_Sperm/Abnormal_Sperm (550).bmp,0,2,1,1,0.030944,0.963332,0.005724
smids/Abnormal_Sperm/Abnormal_Sperm (553).bmp,0,2,1,0,0.796067,0.192771,0.011162
smids/Abnormal_Sperm/Abnormal_Sperm (560).bmp,0,2,1,0,0.678885,0.315303,0.005812
smids/Abnormal_Sperm/Abnormal_Sperm (564).bmp,0,2,1,2,0.175129,0.383836,0.441035
smids/Abnormal_Sperm/Abnormal_Sperm (567).bmp,0,2,1,1,0.057118,0.827393,0.115489
smids/Abnormal_Sperm/Abnormal_Sperm (573).bmp,0,2,1,2,0.290715,0.138964,0.570322
smids/Abnormal_Sperm/Abnormal_Sperm (576).bmp,0,2,1,2,0.003640,0.278649,0.717711
smids/Abnormal_Sperm/Abnormal_Sperm (579).bmp,0,2,1,1,0.015135,0.950208,0.034657
smids/Abnormal_Sperm/Abnormal_Sperm (582).bmp,0,2,1,1,0.012121,0.839976,0.147903
smids/Abnormal_Sperm/Abnormal_Sperm (587).bmp,0,2,1,2,0.049908,0.102631,0.847460
smids/Abnormal_Sperm/Abnormal_Sperm (596).bmp,0,2,1,1,0.074761,0.914808,0.010431
smids/Abnormal_Sperm/Abnormal_Sperm (6).bmp,0,2,1,1,0.160986,0.821512,0.017503
smids/Abnormal_Sperm/Abnormal_Sperm (607).bmp,0,2,1,1,0.202594,0.762671,0.034735
smids/Abnormal_Sperm/Abnormal_Sperm (61).bmp,0,2,1,1,0.002900,0.643943,0.353157
smids/Abnormal_Sperm/Abnormal_Sperm (62).bmp,0,2,1,1,0.296641,0.698920,0.004439
smids/Abnormal_Sperm/Abnormal_Sperm (625).bmp,0,2,1,0,0.738182,0.253287,0.008531
smids/Abnormal_Sperm/Abnormal_Sperm (628).bmp,0,2,1,1,0.088246,0.886694,0.025060
smids/Abnormal_Sperm/Abnormal_Sperm (629).bmp,0,2,1,1,0.083661,0.553225,0.363114
smids/Abnormal_Sperm/Abnormal_Sperm (63).bmp,0,2,1,1,0.077206,0.899924,0.022870
smids/Abnormal_Sperm/Abnormal_Sperm (649).bmp,0,2,1,1,0.209101,0.789559,0.001340
smids/Abnormal_Sperm/Abnormal_Sperm (651).bmp,0,2,1,1,0.490544,0.507912,0.001544
smids/Abnormal_Sperm/Abnormal_Sperm (66).bmp,0,2,1,1,0.013913,0.777408,0.208679
smids/Abnormal_Sperm/Abnormal_Sperm (661).bmp,0,2,1,1,0.084167,0.900192,0.015642
smids/Abnormal_Sperm/Abnormal_Sperm (668).bmp,0,2,1,1,0.071412,0.808756,0.119832
smids/Abnormal_Sperm/Abnormal_Sperm (671).bmp,0,2,1,1,0.275796,0.718401,0.005803
smids/Abnormal_Sperm/Abnormal_Sperm (683).bmp,0,2,1,0,0.846357,0.114007,0.039637
smids/Abnormal_Sperm/Abnormal_Sperm (691).bmp,0,2,1,1,0.157699,0.819476,0.022824
smids/Abnormal_Sperm/Abnormal_Sperm (695).bmp,0,2,1,1,0.119578,0.874191,0.006231
smids/Abnormal_Sperm/Abnormal_Sperm (717).bmp,0,2,1,0,0.746378,0.253362,0.000260
smids/Abnormal_Sperm/Abnormal_Sperm (719).bmp,0,2,1,1,0.333238,0.609304,0.057457
smids/Abnormal_Sperm/Abnormal_Sperm (733).bmp,0,2,1,1,0.252463,0.695704,0.051833
smids/Abnormal_Sperm/Abnormal_Sperm (736).bmp,0,2,1,1,0.166460,0.833153,0.000387
smids/Abnormal_Sperm/Abnormal_Sperm (742).bmp,0,2,1,0,0.715013,0.284393,0.000594
smids/Abnormal_Sperm/Abnormal_Sperm (748).bmp,0,2,1,1,0.192835,0.806281,0.000885
smids/Abnormal_Sperm/Abnormal_Sperm (754).bmp,0,2,1,1,0.450377,0.549465,0.000158
smids/Abnormal_Sperm/Abnormal_Sperm (76).bmp,0,2,1,2,0.063216,0.082483,0.854301
smids/Abnormal_Sperm/Abnormal_Sperm (764).bmp,0,2,1,0,0.620392,0.372196,0.007413
smids/Abnormal_Sperm/Abnormal_Sperm (765).bmp,0,2,1,1,0.068794,0.930883,0.000323
smids/Abnormal_Sperm/Abnormal_Sperm (767).bmp,0,2,1,1,0.155018,0.844330,0.000653
smids/Abnormal_Sperm/Abnormal_Sperm (77).bmp,0,2,1,1,0.017149,0.910054,0.072797
smids/Abnormal_Sperm/Abnormal_Sperm (770).bmp,0,2,1,0,0.698940,0.300070,0.000990
smids/Abnormal_Sperm/Abnormal_Sperm (775).bmp,0,2,1,1,0.174236,0.821516,0.004247
smids/Abnormal_Sperm/Abnormal_Sperm (785).bmp,0,2,1,1,0.406120,0.593031,0.000849
smids/Abnormal_Sperm/Abnormal_Sperm (789).bmp,0,2,1,1,0.069097,0.813165,0.117738
smids/Abnormal_Sperm/Abnormal_Sperm (793).bmp,0,2,1,0,0.522588,0.432206,0.045206
smids/Abnormal_Sperm/Abnormal_Sperm (794).bmp,0,2,1,1,0.110259,0.868094,0.021646
smids/Abnormal_Sperm/Abnormal_Sperm (801).bmp,0,2,1,1,0.302561,0.696806,0.000633
smids/Abnormal_Sperm/Abnormal_Sperm (802).bmp,0,2,1,1,0.115951,0.863978,0.020071
smids/Abnormal_Sperm/Abnormal_Sperm (803).bmp,0,2,1,0,0.821572,0.178215,0.000212
smids/Abnormal_Sperm/Abnormal_Sperm (812).bmp,0,2,1,0,0.758915,0.241047,0.000038
smids/Abnormal_Sperm/Abnormal_Sperm (823).bmp,0,2,1,1,0.257790,0.739018,0.003193
smids/Abnormal_Sperm/Abnormal_Sperm (830).bmp,0,2,1,0,0.704369,0.294809,0.000822
smids/Abnormal_Sperm/Abnormal_Sperm (831).bmp,0,2,1,0,0.719212,0.278768,0.002020
smids/Abnormal_Sperm/Abnormal_Sperm (834).bmp,0,2,1,0,0.939356,0.060533,0.000112
smids/Abnormal_Sperm/Abnormal_Sperm (839).bmp,0,2,1,0,0.966505,0.033403,0.000092
smids/Abnormal_Sperm/Abnormal_Sperm (84).bmp,0,2,1,1,0.012446,0.967161,0.020393
smids/Abnormal_Sperm/Abnormal_Sperm (840).bmp,0,2,1,1,0.034055,0.964817,0.001128
smids/Abnormal_Sperm/Abnormal_Sperm (843).bmp,0,2,1,1,0.463082,0.536738,0.000181
smids/Abnormal_Sperm/Abnormal_Sperm (847).bmp,0,2,1,1,0.441774,0.558180,0.000045
smids/Abnormal_Sperm/Abnormal_Sperm (852).bmp,0,2,1,0,0.945642,0.054209,0.000150
smids/Abnormal_Sperm/Abnormal_Sperm (855).bmp,0,2,1,1,0.192900,0.806130,0.000970
smids/Abnormal_Sperm/Abnormal_Sperm (858).bmp,0,2,1,0,0.809150,0.190650,0.000200
smids/Abnormal_Sperm/Abnormal_Sperm (865).bmp,0,2,1,0,0.511500,0.488428,0.000072
smids/Abnormal_Sperm/Abnormal_Sperm (873).bmp,0,2,1,1,0.170386,0.828557,0.001057
smids/Abnormal_Sperm/Abnormal_Sperm (874).bmp,0,2,1,1,0.169300,0.829912,0.000788
smids/Abnormal_Sperm/Abnormal_Sperm (876).bmp,0,2,1,1,0.351298,0.647824,0.000878
smids/Abnormal_Sperm/Abnormal_Sperm (877).bmp,0,2,1,1,0.170414,0.777815,0.051771
smids/Abnormal_Sperm/Abnormal_Sperm (88).bmp,0,2,1,1,0.004111,0.988538,0.007351
smids/Abnormal_Sperm/Abnormal_Sperm (883).bmp,0,2,1,1,0.215449,0.783774,0.000777
smids/Abnormal_Sperm/Abnormal_Sperm (884).bmp,0,2,1,1,0.304870,0.694833,0.000297
smids/Abnormal_Sperm/Abnormal_Sperm (885).bmp,0,2,1,1,0.224696,0.771713,0.003591
smids/Abnormal_Sperm/Abnormal_Sperm (888).bmp,0,2,1,0,0.943803,0.056170,0.000028
smids/Abnormal_Sperm/Abnormal_Sperm (894).bmp,0,2,1,1,0.287211,0.712405,0.000383
smids/Abnormal_Sperm/Abnormal_Sperm (904).bmp,0,2,1,1,0.010208,0.814847,0.174946
smids/Abnormal_Sperm/Abnormal_Sperm (906).bmp,0,2,1,0,0.771332,0.227627,0.001041
smids/Abnormal_Sperm/Abnormal_Sperm (913).bmp,0,2,1,1,0.044774,0.570658,0.384567
smids/Abnormal_Sperm/Abnormal_Sperm (915).bmp,0,2,1,0,0.498610,0.275116,0.226274
smids/Abnormal_Sperm/Abnormal_Sperm (922).bmp,0,2,1,0,0.552667,0.404470,0.042862
smids/Abnormal_Sperm/Abnormal_Sperm (929).bmp,0,2,1,1,0.081370,0.903801,0.014828
smids/Abnormal_Sperm/Abnormal_Sperm (94).bmp,0,2,1,2,0.006314,0.426033,0.567653
smids/Abnormal_Sperm/Abnormal_Sperm (943).bmp,0,2,1,1,0.389872,0.601091,0.009037
smids/Abnormal_Sperm/Abnormal_Sperm (946).bmp,0,2,1,1,0.341637,0.657206,0.001157
smids/Abnormal_Sperm/Abnormal_Sperm (947).bmp,0,2,1,1,0.245618,0.753984,0.000398
smids/Abnormal_Sperm/Abnormal_Sperm (950).bmp,0,2,1,0,0.887049,0.105685,0.007266
smids/Abnormal_Sperm/Abnormal_Sperm (96).bmp,0,2,1,1,0.003682,0.586225,0.410093
smids/Abnormal_Sperm/Abnormal_Sperm (978).bmp,0,2,1,1,0.009592,0.985137,0.005271
smids/Abnormal_Sperm/Abnormal_Sperm (979).bmp,0,2,1,1,0.055790,0.915783,0.028427
smids/Abnormal_Sperm/Abnormal_Sperm (991).bmp,0,2,1,1,0.030647,0.967505,0.001848
smids/Abnormal_Sperm/Abnormal_Sperm (997).bmp,0,2,1,1,0.012056,0.781396,0.206549
smids/Non-Sperm/Non-Sperm (10).bmp,0,2,2,2,0.000082,0.000774,0.999144
smids/Non-Sperm/Non-Sperm (107).bmp,0,2,2,2,0.000201,0.000803,0.998996
smids/Non-Sperm/Non-Sperm (122).bmp,0,2,2,2,0.000100,0.000010,0.999890
smids/Non-Sperm/Non-Sperm (130).bmp,0,2,2,2,0.000359,0.001497,0.998144
smids/Non-Sperm/Non-Sperm (134).bmp,0,2,2,2,0.000288,0.000087,0.999625
smids/Non-Sperm/Non-Sperm (14).bmp,0,2,2,2,0.003140,0.051394,0.945466
smids/Non-Sperm/Non-Sperm (140).bmp,0,2,2,2,0.000233,0.000565,0.999202
smids/Non-Sperm/Non-Sperm (141).bmp,0,2,2,2,0.000104,0.000183,0.999713
smids/Non-Sperm/Non-Sperm (143).bmp,0,2,2,2,0.004863,0.018265,0.976872
smids/Non-Sperm/Non-Sperm (150).bmp,0,2,2,2,0.000032,0.000223,0.999744
smids/Non-Sperm/Non-Sperm (159).bmp,0,2,2,2,0.000331,0.000119,0.999550
smids/Non-Sperm/Non-Sperm (16).bmp,0,2,2,2,0.000208,0.004478,0.995314
smids/Non-Sperm/Non-Sperm (160).bmp,0,2,2,2,0.013883,0.002844,0.983273
smids/Non-Sperm/Non-Sperm (168).bmp,0,2,2,2,0.000105,0.000898,0.998997
smids/Non-Sperm/Non-Sperm (171).bmp,0,2,2,2,0.035868,0.017438,0.946693
smids/Non-Sperm/Non-Sperm (172).bmp,0,2,2,2,0.000111,0.001960,0.997929
smids/Non-Sperm/Non-Sperm (183).bmp,0,2,2,2,0.000074,0.001759,0.998167
smids/Non-Sperm/Non-Sperm (184).bmp,0,2,2,2,0.042526,0.011094,0.946380
smids/Non-Sperm/Non-Sperm (188).bmp,0,2,2,2,0.000133,0.000851,0.999016
smids/Non-Sperm/Non-Sperm (207).bmp,0,2,2,2,0.000055,0.000580,0.999366
smids/Non-Sperm/Non-Sperm (219).bmp,0,2,2,2,0.000429,0.000118,0.999453
smids/Non-Sperm/Non-Sperm (223).bmp,0,2,2,2,0.000637,0.000230,0.999133
smids/Non-Sperm/Non-Sperm (225).bmp,0,2,2,2,0.006968,0.002921,0.990112
smids/Non-Sperm/Non-Sperm (227).bmp,0,2,2,2,0.001075,0.000835,0.998090
smids/Non-Sperm/Non-Sperm (229).bmp,0,2,2,2,0.000114,0.002363,0.997523
smids/Non-Sperm/Non-Sperm (230).bmp,0,2,2,2,0.000877,0.006509,0.992615
smids/Non-Sperm/Non-Sperm (238).bmp,0,2,2,2,0.000996,0.001918,0.997086
smids/Non-Sperm/Non-Sperm (239).bmp,0,2,2,2,0.002581,0.000561,0.996858
smids/Non-Sperm/Non-Sperm (24).bmp,0,2,2,1,0.005366,0.695856,0.298778
smids/Non-Sperm/Non-Sperm (242).bmp,0,2,2,2,0.000280,0.002542,0.997178
smids/Non-Sperm/Non-Sperm (244).bmp,0,2,2,2,0.000201,0.000870,0.998929
smids/Non-Sperm/Non-Sperm (249).bmp,0,2,2,2,0.001031,0.000437,0.998531
smids/Non-Sperm/Non-Sperm (25).bmp,0,2,2,2,0.023250,0.360125,0.616626
smids/Non-Sperm/Non-Sperm (252).bmp,0,2,2,2,0.000415,0.000483,0.999102
smids/Non-Sperm/Non-Sperm (255).bmp,0,2,2,2,0.000282,0.000621,0.999097
smids/Non-Sperm/Non-Sperm (258).bmp,0,2,2,2,0.000337,0.001529,0.998135
smids/Non-Sperm/Non-Sperm (260).bmp,0,2,2,2,0.000301,0.001327,0.998372
smids/Non-Sperm/Non-Sperm (263).bmp,0,2,2,2,0.001633,0.027317,0.971050
smids/Non-Sperm/Non-Sperm (265).bmp,0,2,2,2,0.003765,0.003976,0.992259
smids/Non-Sperm/Non-Sperm (266).bmp,0,2,2,2,0.000019,0.000159,0.999822
smids/Non-Sperm/Non-Sperm (270).bmp,0,2,2,2,0.000637,0.000132,0.999231
smids/Non-Sperm/Non-Sperm (272).bmp,0,2,2,2,0.008523,0.030938,0.960539
smids/Non-Sperm/Non-Sperm (275).bmp,0,2,2,2,0.000307,0.003214,0.996479
smids/Non-Sperm/Non-Sperm (279).bmp,0,2,2,2,0.000027,0.000164,0.999809
smids/Non-Sperm/Non-Sperm (280).bmp,0,2,2,2,0.000016,0.000090,0.999894
smids/Non-Sperm/Non-Sperm (285).bmp,0,2,2,2,0.000097,0.000147,0.999756
smids/Non-Sperm/Non-Sperm (288).bmp,0,2,2,2,0.005805,0.001361,0.992834
smids/Non-Sperm/Non-Sperm (300).bmp,0,2,2,2,0.000565,0.000188,0.999247
smids/Non-Sperm/Non-Sperm (301).bmp,0,2,2,2,0.000294,0.001337,0.998369
smids/Non-Sperm/Non-Sperm (305).bmp,0,2,2,2,0.001198,0.000295,0.998507
smids/Non-Sperm/Non-Sperm (31).bmp,0,2,2,2,0.000151,0.002434,0.997416
smids/Non-Sperm/Non-Sperm (310).bmp,0,2,2,2,0.000086,0.000481,0.999432
smids/Non-Sperm/Non-Sperm (313).bmp,0,2,2,2,0.233928,0.054324,0.711748
smids/Non-Sperm/Non-Sperm (316).bmp,0,2,2,2,0.000460,0.001110,0.998430
smids/Non-Sperm/Non-Sperm (32).bmp,0,2,2,2,0.000630,0.012278,0.987092
smids/Non-Sperm/Non-Sperm (320).bmp,0,2,2,2,0.004010,0.009061,0.986929
smids/Non-Sperm/Non-Sperm (325).bmp,0,2,2,2,0.000049,0.000215,0.999736
smids/Non-Sperm/Non-Sperm (327).bmp,0,2,2,0,0.550902,0.238185,0.210913
smids/Non-Sperm/Non-Sperm (328).bmp,0,2,2,2,0.000552,0.001593,0.997856
smids/Non-Sperm/Non-Sperm (331).bmp,0,2,2,2,0.000503,0.001470,0.998027
smids/Non-Sperm/Non-Sperm (335).bmp,0,2,2,2,0.378606,0.082800,0.538593
smids/Non-Sperm/Non-Sperm (339).bmp,0,2,2,2,0.001792,0.032050,0.966158
smids/Non-Sperm/Non-Sperm (34).bmp,0,2,2,2,0.005780,0.065416,0.928804
smids/Non-Sperm/Non-Sperm (342).bmp,0,2,2,2,0.039580,0.019057,0.941363
smids/Non-Sperm/Non-Sperm (346).bmp,0,2,2,2,0.000517,0.000294,0.999189
smids/Non-Sperm/Non-Sperm (349).bmp,0,2,2,2,0.000405,0.011658,0.987937
smids/Non-Sperm/Non-Sperm (357).bmp,0,2,2,2,0.202875,0.254421,0.542704
smids/Non-Sperm/Non-Sperm (37).bmp,0,2,2,2,0.000781,0.061175,0.938044
smids/Non-Sperm/Non-Sperm (373).bmp,0,2,2,2,0.000127,0.000152,0.999721
smids/Non-Sperm/Non-Sperm (375).bmp,0,2,2,2,0.004310,0.002234,0.993456
smids/Non-Sperm/Non-Sperm (376).bmp,0,2,2,2,0.024947,0.326333,0.648720
smids/Non-Sperm/Non-Sperm (382).bmp,0,2,2,2,0.008827,0.027972,0.963202
smids/Non-Sperm/Non-Sperm (387).bmp,0,2,2,2,0.000513,0.001701,0.997786
smids/Non-Sperm/Non-Sperm (390).bmp,0,2,2,2,0.000480,0.003630,0.995890
smids/Non-Sperm/Non-Sperm (4).bmp,0,2,2,2,0.000499,0.296296,0.703206
smids/Non-Sperm/Non-Sperm (407).bmp,0,2,2,2,0.000948,0.007997,0.991055
smids/Non-Sperm/Non-Sperm (41).bmp,0,2,2,2,0.000833,0.035357,0.963810
smids/Non-Sperm/Non-Sperm (414).bmp,0,2,2,2,0.069679,0.002012,0.928309
smids/Non-Sperm/Non-Sperm (415).bmp,0,2,2,0,0.622027,0.151654,0.226320
smids/Non-Sperm/Non-Sperm (421).bmp,0,2,2,2,0.001348,0.000871,0.997781
smids/Non-Sperm/Non-Sperm (429).bmp,0,2,2,2,0.000173,0.000021,0.999805
smids/Non-Sperm/Non-Sperm (43).bmp,0,2,2,2,0.002543,0.079721,0.917736
smids/Non-Sperm/Non-Sperm (432).bmp,0,2,2,2,0.003000,0.000759,0.996241
smids/Non-Sperm/Non-Sperm (436).bmp,0,2,2,2,0.000769,0.000193,0.999038
smids/Non-Sperm/Non-Sperm (440).bmp,0,2,2,2,0.040927,0.028104,0.930969
smids/Non-Sperm/Non-Sperm (441).bmp,0,2,2,2,0.000307,0.001710,0.997982
smids/Non-Sperm/Non-Sperm (442).bmp,0,2,2,2,0.000040,0.000022,0.999938
smids/Non-Sperm/Non-Sperm (45).bmp,0,2,2,2,0.002471,0.000305,0.997224
smids/Non-Sperm/Non-Sperm (463).bmp,0,2,2,2,0.018731,0.327329,0.653940
smids/Non-Sperm/Non-Sperm (464).bmp,0,2,2,2,0.000780,0.008525,0.990695
smids/Non-Sperm/Non-Sperm (465).bmp,0,2,2,2,0.001790,0.001337,0.996873
smids/Non-Sperm/Non-Sperm (466).bmp,0,2,2,2,0.007032,0.002412,0.990555
smids/Non-Sperm/Non-Sperm (467).bmp,0,2,2,2,0.000019,0.000075,0.999906
smids/Non-Sperm/Non-Sperm (473).bmp,0,2,2,2,0.000312,0.004935,0.994753
smids/Non-Sperm/Non-Sperm (475).bmp,0,2,2,2,0.001145,0.000129,0.998726
smids/Non-Sperm/Non-Sperm (477).bmp,0,2,2,2,0.000427,0.002094,0.997479
smids/Non-Sperm/Non-Sperm (479).bmp,0,2,2,2,0.001025,0.015358,0.983617
smids/Non-Sperm/Non-Sperm (482).bmp,0,2,2,2,0.000297,0.005482,0.994221
smids/Non-Sperm/Non-Sperm (489).bmp,0,2,2,2,0.000386,0.000848,0.998766
smids/Non-Sperm/Non-Sperm (491).bmp,0,2,2,2,0.001376,0.017219,0.981405
smids/Non-Sperm/Non-Sperm (495).bmp,0,2,2,2,0.000393,0.004647,0.994960
smids/Non-Sperm/Non-Sperm (503).bmp,0,2,2,2,0.005366,0.003516,0.991118
smids/Non-Sperm/Non-Sperm (506).bmp,0,2,2,2,0.000286,0.003291,0.996423
smids/Non-Sperm/Non-Sperm (510).bmp,0,2,2,2,0.000088,0.000827,0.999085
smids/Non-Sperm/Non-Sperm (513).bmp,0,2,2,2,0.249562,0.180433,0.570005
smids/Non-Sperm/Non-Sperm (514).bmp,0,2,2,2,0.000095,0.000328,0.999577
smids/Non-Sperm/Non-Sperm (515).bmp,0,2,2,2,0.000141,0.001157,0.998702
smids/Non-Sperm/Non-Sperm (519).bmp,0,2,2,2,0.004356,0.053394,0.942250
smids/Non-Sperm/Non-Sperm (52).bmp,0,2,2,2,0.000134,0.002224,0.997642
smids/Non-Sperm/Non-Sperm (520).bmp,0,2,2,2,0.000697,0.013203,0.986100
smids/Non-Sperm/Non-Sperm (526).bmp,0,2,2,2,0.054461,0.021813,0.923726
smids/Non-Sperm/Non-Sperm (528).bmp,0,2,2,2,0.006708,0.455705,0.537587
smids/Non-Sperm/Non-Sperm (531).bmp,0,2,2,0,0.430523,0.186449,0.383028
smids/Non-Sperm/Non-Sperm (535).bmp,0,2,2,1,0.148843,0.526281,0.324876
smids/Non-Sperm/Non-Sperm (549).bmp,0,2,2,2,0.000080,0.000439,0.999481
smids/Non-Sperm/Non-Sperm (554).bmp,0,2,2,2,0.000461,0.012719,0.986820
smids/Non-Sperm/Non-Sperm (555).bmp,0,2,2,2,0.004949,0.001332,0.993720
smids/Non-Sperm/Non-Sperm (558).bmp,0,2,2,2,0.000685,0.002251,0.997064
smids/Non-Sperm/Non-Sperm (559).bmp,0,2,2,2,0.000162,0.000535,0.999303
smids/Non-Sperm/Non-Sperm (567).bmp,0,2,2,2,0.021996,0.015683,0.962321
smids/Non-Sperm/Non-Sperm (577).bmp,0,2,2,2,0.000437,0.009274,0.990289
smids/Non-Sperm/Non-Sperm (578).bmp,0,2,2,2,0.133694,0.019455,0.846851
smids/Non-Sperm/Non-Sperm (584).bmp,0,2,2,2,0.015513,0.353371,0.631116
smids/Non-Sperm/Non-Sperm (606).bmp,0,2,2,2,0.000168,0.000885,0.998947
smids/Non-Sperm/Non-Sperm (617).bmp,0,2,2,2,0.002249,0.010283,0.987468
smids/Non-Sperm/Non-Sperm (619).bmp,0,2,2,2,0.003934,0.197845,0.798221
smids/Non-Sperm/Non-Sperm (631).bmp,0,2,2,2,0.000166,0.000520,0.999313
smids/Non-Sperm/Non-Sperm (649).bmp,0,2,2,2,0.000120,0.000034,0.999845
smids/Non-Sperm/Non-Sperm (653).bmp,0,2,2,2,0.016564,0.004867,0.978569
smids/Non-Sperm/Non-Sperm (659).bmp,0,2,2,2,0.000012,0.000116,0.999872
smids/Non-Sperm/Non-Sperm (662).bmp,0,2,2,2,0.000993,0.007020,0.991987
smids/Non-Sperm/Non-Sperm (665).bmp,0,2,2,2,0.000048,0.000476,0.999476
smids/Non-Sperm/Non-Sperm (672).bmp,0,2,2,2,0.000082,0.000236,0.999682
smids/Non-Sperm/Non-Sperm (673).bmp,0,2,2,2,0.000403,0.000156,0.999441
smids/Non-Sperm/Non-Sperm (675).bmp,0,2,2,2,0.001309,0.006802,0.991889
smids/Non-Sperm/Non-Sperm (679).bmp,0,2,2,2,0.007507,0.140347,0.852146
smids/Non-Sperm/Non-Sperm (688).bmp,0,2,2,2,0.004422,0.002710,0.992868
smids/Non-Sperm/Non-Sperm (691).bmp,0,2,2,2,0.047625,0.025172,0.927203
smids/Non-Sperm/Non-Sperm (695).bmp,0,2,2,2,0.045052,0.190121,0.764827
smids/Non-Sperm/Non-Sperm (700).bmp,0,2,2,2,0.000528,0.000919,0.998554
smids/Non-Sperm/Non-Sperm (721).bmp,0,2,2,2,0.001404,0.003069,0.995527
smids/Non-Sperm/Non-Sperm (739).bmp,0,2,2,2,0.000621,0.002931,0.996448
smids/Non-Sperm/Non-Sperm (74).bmp,0,2,2,2,0.001955,0.015029,0.983017
smids/Non-Sperm/Non-Sperm (743).bmp,0,2,2,2,0.000577,0.001473,0.997950
smids/Non-Sperm/Non-Sperm (744).bmp,0,2,2,2,0.000108,0.001497,0.998395
smids/Non-Sperm/Non-Sperm (773).bmp,0,2,2,2,0.000278,0.001712,0.998010
smids/Non-Sperm/Non-Sperm (775).bmp,0,2,2,2,0.002409,0.000958,0.996633
smids/Non-Sperm/Non-Sperm (778).bmp,0,2,2,2,0.030919,0.014319,0.954762
smids/Non-Sperm/Non-Sperm (779).bmp,0,2,2,2,0.002099,0.023935,0.973966
smids/Non-Sperm/Non-Sperm (780).bmp,0,2,2,2,0.000236,0.000796,0.998968
smids/Non-Sperm/Non-Sperm (791).bmp,0,2,2,2,0.000078,0.000354,0.999568
smids/Non-Sperm/Non-Sperm (795).bmp,0,2,2,2,0.128752,0.014686,0.856562
smids/Non-Sperm/Non-Sperm (798).bmp,0,2,2,2,0.010824,0.037485,0.951691
smids/Non-Sperm/Non-Sperm (799).bmp,0,2,2,2,0.001066,0.010053,0.988881
smids/Non-Sperm/Non-Sperm (80).bmp,0,2,2,2,0.002154,0.006758,0.991088
smids/Non-Sperm/Non-Sperm (806).bmp,0,2,2,2,0.000160,0.001312,0.998529
smids/Non-Sperm/Non-Sperm (810).bmp,0,2,2,2,0.000294,0.019628,0.980078
smids/Non-Sperm/Non-Sperm (812).bmp,0,2,2,2,0.002276,0.001182,0.996542
smids/Non-Sperm/Non-Sperm (821).bmp,0,2,2,2,0.000960,0.011512,0.987527
smids/Non-Sperm/Non-Sperm (829).bmp,0,2,2,2,0.000060,0.003472,0.996468
smids/Non-Sperm/Non-Sperm (833).bmp,0,2,2,2,0.005398,0.013880,0.980722
smids/Non-Sperm/Non-Sperm (837).bmp,0,2,2,2,0.000095,0.000786,0.999119
smids/Non-Sperm/Non-Sperm (839).bmp,0,2,2,2,0.003108,0.000173,0.996719
smids/Non-Sperm/Non-Sperm (841).bmp,0,2,2,2,0.278771,0.055803,0.665427
smids/Non-Sperm/Non-Sperm (842).bmp,0,2,2,2,0.000016,0.000050,0.999935
smids/Non-Sperm/Non-Sperm (843).bmp,0,2,2,2,0.000204,0.000209,0.999587
smids/Non-Sperm/Non-Sperm (846).bmp,0,2,2,2,0.087721,0.005724,0.906555
smids/Non-Sperm/Non-Sperm (851).bmp,0,2,2,2,0.004038,0.015032,0.980931
smids/Non-Sperm/Non-Sperm (853).bmp,0,2,2,2,0.001524,0.013494,0.984982
smids/Non-Sperm/Non-Sperm (857).bmp,0,2,2,2,0.001511,0.015111,0.983379
smids/Non-Sperm/Non-Sperm (865).bmp,0,2,2,2,0.027760,0.009526,0.962715
smids/Non-Sperm/Non-Sperm (869).bmp,0,2,2,2,0.000441,0.002513,0.997046
smids/Non-Sperm/Non-Sperm (87).bmp,0,2,2,2,0.073667,0.043863,0.882469
smids/Non-Sperm/Non-Sperm (874).bmp,0,2,2,2,0.000869,0.009769,0.989362
smids/Non-Sperm/Non-Sperm (89).bmp,0,2,2,2,0.000657,0.000158,0.999185
smids/Non-Sperm/Non-Sperm (896).bmp,0,2,2,2,0.007251,0.186844,0.805905
smids/Non-Sperm/Non-Sperm (9).bmp,0,2,2,2,0.000167,0.009730,0.990103
smids/Non-Sperm/Non-Sperm (901).bmp,0,2,2,2,0.017015,0.453902,0.529083
smids/Non-Sperm/Non-Sperm (906).bmp,0,2,2,0,0.602164,0.105775,0.292061
smids/Non-Sperm/Non-Sperm (912).bmp,0,2,2,1,0.011790,0.761375,0.226834
smids/Non-Sperm/Non-Sperm (913).bmp,0,2,2,2,0.000186,0.001747,0.998067
smids/Non-Sperm/Non-Sperm (914).bmp,0,2,2,2,0.000168,0.001952,0.997880
smids/Non-Sperm/Non-Sperm (923).bmp,0,2,2,2,0.002808,0.061949,0.935243
smids/Non-Sperm/Non-Sperm (925).bmp,0,2,2,2,0.000414,0.000414,0.999173
smids/Non-Sperm/Non-Sperm (929).bmp,0,2,2,2,0.307784,0.331945,0.360271
smids/Non-Sperm/Non-Sperm (933).bmp,0,2,2,0,0.512098,0.258289,0.229613
smids/Non-Sperm/Non-Sperm (934).bmp,0,2,2,2,0.001332,0.044310,0.954358
smids/Non-Sperm/Non-Sperm (941).bmp,0,2,2,2,0.003466,0.096965,0.899569
smids/Non-Sperm/Non-Sperm (944).bmp,0,2,2,0,0.511866,0.083447,0.404687
smids/Non-Sperm/Non-Sperm (947).bmp,0,2,2,2,0.004011,0.004621,0.991367
smids/Non-Sperm/Non-Sperm (951).bmp,0,2,2,1,0.130414,0.744554,0.125032
smids/Non-Sperm/Non-Sperm (953).bmp,0,2,2,1,0.061567,0.749118,0.189315
smids/Non-Sperm/Non-Sperm (956).bmp,0,2,2,2,0.000422,0.002055,0.997523
smids/Non-Sperm/Non-Sperm (99).bmp,0,2,2,2,0.000142,0.000586,0.999272
smids/Normal_Sperm/Normal_Sperm (100).bmp,0,2,0,0,0.987364,0.012110,0.000525
smids/Normal_Sperm/Normal_Sperm (1003).bmp,0,2,0,0,0.745893,0.067085,0.187023
smids/Normal_Sperm/Normal_Sperm (1006).bmp,0,2,0,0,0.794162,0.205434,0.000405
smids/Normal_Sperm/Normal_Sperm (1007).bmp,0,2,0,0,0.692460,0.305315,0.002226
smids/Normal_Sperm/Normal_Sperm (1009).bmp,0,2,0,0,0.711036,0.277584,0.011380
smids/Normal_Sperm/Normal_Sperm (1016).bmp,0,2,0,0,0.905887,0.089023,0.005090
smids/Normal_Sperm/Normal_Sperm (1017).bmp,0,2,0,0,0.989788,0.008690,0.001522
smids/Normal_Sperm/Normal_Sperm (103).bmp,0,2,0,0,0.982660,0.012993,0.004348
smids/Normal_Sperm/Normal_Sperm (105).bmp,0,2,0,0,0.972005,0.007435,0.020560
smids/Normal_Sperm/Normal_Sperm (107).bmp,0,2,0,2,0.363246,0.100669,0.536085
smids/Normal_Sperm/Normal_Sperm (108).bmp,0,2,0,0,0.933314,0.062176,0.004510
smids/Normal_Sperm/Normal_Sperm (113).bmp,0,2,0,0,0.970660,0.029314,0.000026
smids/Normal_Sperm/Normal_Sperm (115).bmp,0,2,0,0,0.707666,0.282932,0.009403
smids/Normal_Sperm/Normal_Sperm (12).bmp,0,2,0,0,0.906882,0.093046,0.000072
smids/Normal_Sperm/Normal_Sperm (123).bmp,0,2,0,0,0.741442,0.245305,0.013253
smids/Normal_Sperm/Normal_Sperm (125).bmp,0,2,0,0,0.919295,0.058185,0.022520
smids/Normal_Sperm/Normal_Sperm (132).bmp,0,2,0,0,0.633315,0.351653,0.015032
smids/Normal_Sperm/Normal_Sperm (135).bmp,0,2,0,1,0.061934,0.904173,0.033893
smids/Normal_Sperm/Normal_Sperm (138).bmp,0,2,0,0,0.674857,0.319758,0.005386
smids/Normal_Sperm/Normal_Sperm (140).bmp,0,2,0,1,0.126324,0.867468,0.006208
smids/Normal_Sperm/Normal_Sperm (142).bmp,0,2,0,0,0.495519,0.345243,0.159239
smids/Normal_Sperm/Normal_Sperm (144).bmp,0,2,0,0,0.981319,0.018675,0.000007
smids/Normal_Sperm/Normal_Sperm (147).bmp,0,2,0,0,0.832956,0.143252,0.023792
smids/Normal_Sperm/Normal_Sperm (157).bmp,0,2,0,0,0.925276,0.074475,0.000249
smids/Normal_Sperm/Normal_Sperm (16).bmp,0,2,0,1,0.098565,0.692804,0.208632
smids/Normal_Sperm/Normal_Sperm (162).bmp,0,2,0,0,0.953483,0.046463,0.000054
smids/Normal_Sperm/Normal_Sperm (169).bmp,0,2,0,0,0.965763,0.033239,0.000997
smids/Normal_Sperm/Normal_Sperm (17).bmp,0,2,0,0,0.959364,0.039850,0.000786
smids/Normal_Sperm/Normal_Sperm (172).bmp,0,2,0,0,0.965121,0.034650,0.000229
smids/Normal_Sperm/Normal_Sperm (177).bmp,0,2,0,0,0.941758,0.056235,0.002007
smids/Normal_Sperm/Normal_Sperm (194).bmp,0,2,0,0,0.983599,0.016395,0.000006
smids/Normal_Sperm/Normal_Sperm (200).bmp,0,2,0,1,0.461004,0.538602,0.000394
smids/Normal_Sperm/Normal_Sperm (205).bmp,0,2,0,0,0.976486,0.023481,0.000033
smids/Normal_Sperm/Normal_Sperm (208).bmp,0,2,0,0,0.680682,0.307434,0.011884
smids/Normal_Sperm/Normal_Sperm (21).bmp,0,2,0,0,0.955407,0.042429,0.002164
smids/Normal_Sperm/Normal_Sperm (211).bmp,0,2,0,0,0.697929,0.289992,0.012079
smids/Normal_Sperm/Normal_Sperm (213).bmp,0,2,0,0,0.919805,0.079152,0.001044
smids/Normal_Sperm/Normal_Sperm (214).bmp,0,2,0,0,0.915197,0.084747,0.000056
smids/Normal_Sperm/Normal_Sperm (216).bmp,0,2,0,0,0.870912,0.125598,0.003489
smids/Normal_Sperm/Normal_Sperm (219).bmp,0,2,0,0,0.789194,0.209053,0.001753
smids/Normal_Sperm/Normal_Sperm (220).bmp,0,2,0,0,0.860080,0.139395,0.000525
smids/Normal_Sperm/Normal_Sperm (221).bmp,0,2,0,0,0.952711,0.029579,0.017710
smids/Normal_Sperm/Normal_Sperm (223).bmp,0,2,0,0,0.795224,0.201351,0.003426
smids/Normal_Sperm/Normal_Sperm (238).bmp,0,2,0,0,0.622637,0.375724,0.001638
smids/Normal_Sperm/Normal_Sperm (239).bmp,0,2,0,0,0.981477,0.018456,0.000067
smids/Normal_Sperm/Normal_Sperm (241).bmp,0,2,0,0,0.903484,0.094774,0.001743
smids/Normal_Sperm/Normal_Sperm (27).bmp,0,2,0,0,0.995616,0.004050,0.000334
smids/Normal_Sperm/Normal_Sperm (271).bmp,0,2,0,0,0.934142,0.041108,0.024750
smids/Normal_Sperm/Normal_Sperm (273).bmp,0,2,0,0,0.958338,0.041610,0.000052
smids/Normal_Sperm/Normal_Sperm (275).bmp,0,2,0,0,0.937776,0.061849,0.000375
smids/Normal_Sperm/Normal_Sperm (281).bmp,0,2,0,0,0.979603,0.020306,0.000090
smids/Normal_Sperm/Normal_Sperm (291).bmp,0,2,0,1,0.045565,0.932119,0.022316
smids/Normal_Sperm/Normal_Sperm (294).bmp,0,2,0,0,0.980923,0.018874,0.000203
smids/Normal_Sperm/Normal_Sperm (297).bmp,0,2,0,0,0.826630,0.170881,0.002489
smids/Normal_Sperm/Normal_Sperm (300).bmp,0,2,0,0,0.721039,0.237906,0.041055
smids/Normal_Sperm/Normal_Sperm (314).bmp,0,2,0,1,0.225316,0.733566,0.041118
smids/Normal_Sperm/Normal_Sperm (320).bmp,0,2,0,0,0.615626,0.349445,0.034929
smids/Normal_Sperm/Normal_Sperm (325).bmp,0,2,0,0,0.839783,0.153084,0.007133
smids/Normal_Sperm/Normal_Sperm (337).bmp,0,2,0,0,0.681149,0.316797,0.002054
smids/Normal_Sperm/Normal_Sperm (339).bmp,0,2,0,0,0.729771,0.262949,0.007280
smids/Normal_Sperm/Normal_Sperm (349).bmp,0,2,0,0,0.734277,0.231191,0.034532
smids/Normal_Sperm/Normal_Sperm (350).bmp,0,2,0,0,0.615104,0.383948,0.000948
smids/Normal_Sperm/Normal_Sperm (356).bmp,0,2,0,0,0.978750,0.021207,0.000044
smids/Normal_Sperm/Normal_Sperm (365).bmp,0,2,0,0,0.668530,0.328056,0.003414
smids/Normal_Sperm/Normal_Sperm (371).bmp,0,2,0,0,0.970322,0.029638,0.000040
smids/Normal_Sperm/Normal_Sperm (378).bmp,0,2,0,0,0.796139,0.203752,0.000109
smids/Normal_Sperm/Normal_Sperm (38).bmp,0,2,0,2,0.346446,0.032300,0.621254
smids/Normal_Sperm/Normal_Sperm (383).bmp,0,2,0,0,0.589409,0.407977,0.002614
smids/Normal_Sperm/Normal_Sperm (385).bmp,0,2,0,0,0.805345,0.194632,0.000023
smids/Normal_Sperm/Normal_Sperm (394).bmp,0,2,0,0,0.916727,0.082947,0.000326
smids/Normal_Sperm/Normal_Sperm (40).bmp,0,2,0,0,0.950051,0.035655,0.014294
smids/Normal_Sperm/Normal_Sperm (403).bmp,0,2,0,0,0.739623,0.246354,0.014023
smids/Normal_Sperm/Normal_Sperm (405).bmp,0,2,0,0,0.982653,0.015867,0.001480
smids/Normal_Sperm/Normal_Sperm (406).bmp,0,2,0,0,0.650306,0.344631,0.005063
smids/Normal_Sperm/Normal_Sperm (414).bmp,0,2,0,0,0.935283,0.064081,0.000636
smids/Normal_Sperm/Normal_Sperm (418).bmp,0,2,0,0,0.913207,0.086558,0.000235
smids/Normal_Sperm/Normal_Sperm (421).bmp,0,2,0,0,0.474425,0.464136,0.061439
smids/Normal_Sperm/Normal_Sperm (429).bmp,0,2,0,0,0.810079,0.136259,0.053662
smids/Normal_Sperm/Normal_Sperm (430).bmp,0,2,0,0,0.875269,0.124201,0.000530
smids/Normal_Sperm/Normal_Sperm (438).bmp,0,2,0,0,0.929721,0.069286,0.000993
smids/Normal_Sperm/Normal_Sperm (443).bmp,0,2,0,0,0.993363,0.006124,0.000512
smids/Normal_Sperm/Normal_Sperm (449).bmp,0,2,0,0,0.926149,0.073549,0.000302
smids/Normal_Sperm/Normal_Sperm (45).bmp,0,2,0,0,0.981334,0.011326,0.007340
smids/Normal_Sperm/Normal_Sperm (452).bmp,0,2,0,0,0.978798,0.021184,0.000019
smids/Normal_Sperm/Normal_Sperm (457).bmp,0,2,0,0,0.972313,0.027330,0.000357
smids/Normal_Sperm/Normal_Sperm (46).bmp,0,2,0,0,0.742012,0.256740,0.001248
smids/Normal_Sperm/Normal_Sperm (462).bmp,0,2,0,0,0.859577,0.138235,0.002188
smids/Normal_Sperm/Normal_Sperm (469).bmp,0,2,0,1,0.231990,0.764236,0.003774
smids/Normal_Sperm/Normal_Sperm (474).bmp,0,2,0,0,0.950901,0.048925,0.000174
smids/Normal_Sperm/Normal_Sperm (476).bmp,0,2,0,1,0.289412,0.710333,0.000255
smids/Normal_Sperm/Normal_Sperm (482).bmp,0,2,0,0,0.840505,0.156889,0.002606
smids/Normal_Sperm/Normal_Sperm (492).bmp,0,2,0,0,0.985563,0.014400,0.000037
smids/Normal_Sperm/Normal_Sperm (497).bmp,0,2,0,0,0.973369,0.017361,0.009270
smids/Normal_Sperm/Normal_Sperm (50).bmp,0,2,0,0,0.834236,0.163922,0.001842
smids/Normal_Sperm/Normal_Sperm (500).bmp,0,2,0,0,0.939617,0.060263,0.000120
smids/Normal_Sperm/Normal_Sperm (502).bmp,0,2,0,0,0.983063,0.015597,0.001340
smids/Normal_Sperm/Normal_Sperm (511).bmp,0,2,0,0,0.766463,0.232345,0.001192
smids/Normal_Sperm/Normal_Sperm (523).bmp,0,2,0,0,0.854752,0.127979,0.017270
smids/Normal_Sperm/Normal_Sperm (525).bmp,0,2,0,0,0.952160,0.047120,0.000720
smids/Normal_Sperm/Normal_Sperm (529).bmp,0,2,0,0,0.957767,0.041799,0.000433
smids/Normal_Sperm/Normal_Sperm (53).bmp,0,2,0,0,0.969940,0.029684,0.000376
smids/Normal_Sperm/Normal_Sperm (546).bmp,0,2,0,0,0.979994,0.015365,0.004640
smids/Normal_Sperm/Normal_Sperm (547).bmp,0,2,0,0,0.938603,0.061335,0.000062
smids/Normal_Sperm/Normal_Sperm (55).bmp,0,2,0,0,0.748732,0.166179,0.085088
smids/Normal_Sperm/Normal_Sperm (551).bmp,0,2,0,0,0.885414,0.114451,0.000135
smids/Normal_Sperm/Normal_Sperm (559).bmp,0,2,0,0,0.965715,0.029753,0.004532
smids/Normal_Sperm/Normal_Sperm (56).bmp,0,2,0,1,0.450675,0.549239,0.000086
smids/Normal_Sperm/Normal_Sperm (562).bmp,0,2,0,0,0.994379,0.005617,0.000004
smids/Normal_Sperm/Normal_Sperm (570).bmp,0,2,0,0,0.929812,0.070112,0.000076
smids/Normal_Sperm/Normal_Sperm (577).bmp,0,2,0,0,0.674930,0.323084,0.001987
smids/Normal_Sperm/Normal_Sperm (579).bmp,0,2,0,0,0.753186,0.245369,0.001444
smids/Normal_Sperm/Normal_Sperm (581).bmp,0,2,0,0,0.915412,0.084505,0.000083
smids/Normal_Sperm/Normal_Sperm (583).bmp,0,2,0,0,0.946523,0.053301,0.000176
smids/Normal_Sperm/Normal_Sperm (585).bmp,0,2,0,0,0.920573,0.078910,0.000517
smids/Normal_Sperm/Normal_Sperm (586).bmp,0,2,0,0,0.906688,0.093042,0.000270
smids/Normal_Sperm/Normal_Sperm (589).bmp,0,2,0,0,0.601711,0.397838,0.000451
smids/Normal_Sperm/Normal_Sperm (597).bmp,0,2,0,0,0.937172,0.062648,0.000180
smids/Normal_Sperm/Normal_Sperm (6).bmp,0,2,0,0,0.562237,0.315752,0.122011
smids/Normal_Sperm/Normal_Sperm (601).bmp,0,2,0,0,0.961534,0.038141,0.000324
smids/Normal_Sperm/Normal_Sperm (606).bmp,0,2,0,0,0.919392,0.080472,0.000136
smids/Normal_Sperm/Normal_Sperm (609).bmp,0,2,0,0,0.604056,0.389083,0.006861
smids/Normal_Sperm/Normal_Sperm (61).bmp,0,2,0,0,0.971285,0.028347,0.000368
smids/Normal_Sperm/Normal_Sperm (612).bmp,0,2,0,0,0.985708,0.014283,0.000008
smids/Normal_Sperm/Normal_Sperm (617).bmp,0,2,0,0,0.969745,0.030236,0.000019
smids/Normal_Sperm/Normal_Sperm (626).bmp,0,2,0,0,0.919596,0.080386,0.000019
smids/Normal_Sperm/Normal_Sperm (631).bmp,0,2,0,0,0.869100,0.130857,0.000043
smids/Normal_Sperm/Normal_Sperm (632).bmp,0,2,0,0,0.965185,0.034567,0.000247
smids/Normal_Sperm/Normal_Sperm (656).bmp,0,2,0,0,0.904893,0.094837,0.000270
smids/Normal_Sperm/Normal_Sperm (657).bmp,0,2,0,0,0.550815,0.437034,0.012151
smids/Normal_Sperm/Normal_Sperm (664).bmp,0,2,0,0,0.986062,0.013622,0.000316
smids/Normal_Sperm/Normal_Sperm (665).bmp,0,2,0,0,0.946858,0.052404,0.000738
smids/Normal_Sperm/Normal_Sperm (672).bmp,0,2,0,0,0.975802,0.024177,0.000021
smids/Normal_Sperm/Normal_Sperm (675).bmp,0,2,0,0,0.921273,0.078488,0.000239
smids/Normal_Sperm/Normal_Sperm (677).bmp,0,2,0,0,0.892169,0.107715,0.000115
smids/Normal_Sperm/Normal_Sperm (680).bmp,0,2,0,0,0.957013,0.042864,0.000123
smids/Normal_Sperm/Normal_Sperm (681).bmp,0,2,0,0,0.879345,0.120465,0.000190
smids/Normal_Sperm/Normal_Sperm (685).bmp,0,2,0,0,0.963122,0.036858,0.000020
smids/Normal_Sperm/Normal_Sperm (688).bmp,0,2,0,0,0.978065,0.021932,0.000003
smids/Normal_Sperm/Normal_Sperm (691).bmp,0,2,0,0,0.921979,0.076919,0.001102
smids/Normal_Sperm/Normal_Sperm (693).bmp,0,2,0,0,0.980911,0.018695,0.000394
smids/Normal_Sperm/Normal_Sperm (695).bmp,0,2,0,0,0.985523,0.014475,0.000002
smids/Normal_Sperm/Normal_Sperm (697).bmp,0,2,0,0,0.789033,0.192776,0.018191
smids/Normal_Sperm/Normal_Sperm (703).bmp,0,2,0,0,0.919824,0.078787,0.001389
smids/Normal_Sperm/Normal_Sperm (710).bmp,0,2,0,1,0.454387,0.545512,0.000101
smids/Normal_Sperm/Normal_Sperm (714).bmp,0,2,0,0,0.848346,0.142708,0.008946
smids/Normal_Sperm/Normal_Sperm (720).bmp,0,2,0,0,0.965014,0.034731,0.000256
smids/Normal_Sperm/Normal_Sperm (726).bmp,0,2,0,0,0.858561,0.086541,0.054898
smids/Normal_Sperm/Normal_Sperm (739).bmp,0,2,0,0,0.979113,0.018401,0.002486
smids/Normal_Sperm/Normal_Sperm (740).bmp,0,2,0,0,0.994377,0.005617,0.000006
smids/Normal_Sperm/Normal_Sperm (743).bmp,0,2,0,0,0.933487,0.065574,0.000939
smids/Normal_Sperm/Normal_Sperm (744).bmp,0,2,0,0,0.906418,0.090608,0.002974
smids/Normal_Sperm/Normal_Sperm (748).bmp,0,2,0,0,0.948778,0.050681,0.000541
smids/Normal_Sperm/Normal_Sperm (754).bmp,0,2,0,0,0.945657,0.053437,0.000907
smids/Normal_Sperm/Normal_Sperm (762).bmp,0,2,0,0,0.991384,0.006377,0.002239
smids/Normal_Sperm/Normal_Sperm (763).bmp,0,2,0,0,0.970548,0.028600,0.000852
smids/Normal_Sperm/Normal_Sperm (766).bmp,0,2,0,0,0.918779,0.081063,0.000159
smids/Normal_Sperm/Normal_Sperm (774).bmp,0,2,0,0,0.985793,0.014203,0.000004
smids/Normal_Sperm/Normal_Sperm (781).bmp,0,2,0,0,0.943183,0.056651,0.000167
smids/Normal_Sperm/Normal_Sperm (785).bmp,0,2,0,0,0.988551,0.011401,0.000048
smids/Normal_Sperm/Normal_Sperm (796).bmp,0,2,0,0,0.908144,0.090213,0.001643
smids/Normal_Sperm/Normal_Sperm (806).bmp,0,2,0,0,0.879513,0.089335,0.031152
smids/Normal_Sperm/Normal_Sperm (810).bmp,0,2,0,0,0.965735,0.034232,0.000033
smids/Normal_Sperm/Normal_Sperm (812).bmp,0,2,0,0,0.734253,0.179344,0.086403
smids/Normal_Sperm/Normal_Sperm (813).bmp,0,2,0,0,0.910612,0.088885,0.000503
smids/Normal_Sperm/Normal_Sperm (814).bmp,0,2,0,0,0.987992,0.011890,0.000118
smids/Normal_Sperm/Normal_Sperm (828).bmp,0,2,0,0,0.945450,0.018335,0.036215
smids/Normal_Sperm/Normal_Sperm (835).bmp,0,2,0,0,0.816730,0.182367,0.000903
smids/Normal_Sperm/Normal_Sperm (836).bmp,0,2,0,1,0.489385,0.506370,0.004245
smids/Normal_Sperm/Normal_Sperm (84).bmp,0,2,0,1,0.197507,0.792388,0.010105
smids/Normal_Sperm/Normal_Sperm (843).bmp,0,2,0,0,0.915106,0.084090,0.000804
smids/Normal_Sperm/Normal_Sperm (844).bmp,0,2,0,0,0.928832,0.070874,0.000294
smids/Normal_Sperm/Normal_Sperm (845).bmp,0,2,0,0,0.858120,0.141366,0.000514
smids/Normal_Sperm/Normal_Sperm (855).bmp,0,2,0,0,0.876489,0.117351,0.006160
smids/Normal_Sperm/Normal_Sperm (86).bmp,0,2,0,1,0.460056,0.538076,0.001868
smids/Normal_Sperm/Normal_Sperm (860).bmp,0,2,0,0,0.733629,0.264581,0.001790
smids/Normal_Sperm/Normal_Sperm (863).bmp,0,2,0,0,0.906591,0.045760,0.047649
smids/Normal_Sperm/Normal_Sperm (866).bmp,0,2,0,1,0.460886,0.487018,0.052095
smids/Normal_Sperm/Normal_Sperm (868).bmp,0,2,0,0,0.949663,0.049018,0.001319
smids/Normal_Sperm/Normal_Sperm (872).bmp,0,2,0,0,0.983147,0.015594,0.001259
smids/Normal_Sperm/Normal_Sperm (884).bmp,0,2,0,0,0.867788,0.131923,0.000289
smids/Normal_Sperm/Normal_Sperm (897).bmp,0,2,0,0,0.909515,0.090308,0.000176
smids/Normal_Sperm/Normal_Sperm (899).bmp,0,2,0,1,0.153274,0.842886,0.003840
smids/Normal_Sperm/Normal_Sperm (900).bmp,0,2,0,0,0.972216,0.027605,0.000179
smids/Normal_Sperm/Normal_Sperm (904).bmp,0,2,0,0,0.979266,0.020661,0.000073
smids/Normal_Sperm/Normal_Sperm (906).bmp,0,2,0,0,0.887218,0.112587,0.000195
smids/Normal_Sperm/Normal_Sperm (912).bmp,0,2,0,0,0.917560,0.082328,0.000113
smids/Normal_Sperm/Normal_Sperm (915).bmp,0,2,0,0,0.658118,0.334974,0.006908
smids/Normal_Sperm/Normal_Sperm (928).bmp,0,2,0,0,0.882772,0.117008,0.000219
smids/Normal_Sperm/Normal_Sperm (948).bmp,0,2,0,0,0.759539,0.240059,0.000402
smids/Normal_Sperm/Normal_Sperm (961).bmp,0,2,0,1,0.303184,0.696743,0.000073
smids/Normal_Sperm/Normal_Sperm (963).bmp,0,2,0,0,0.783567,0.216002,0.000431
smids/Normal_Sperm/Normal_Sperm (964).bmp,0,2,0,0,0.910864,0.088866,0.000270
smids/Normal_Sperm/Normal_Sperm (967).bmp,0,2,0,0,0.661120,0.338784,0.000096
smids/Normal_Sperm/Normal_Sperm (976).bmp,0,2,0,0,0.988090,0.010103,0.001807
smids/Normal_Sperm/Normal_Sperm (98).bmp,0,2,0,0,0.939892,0.058467,0.001641
smids/Normal_Sperm/Normal_Sperm (985).bmp,0,2,0,0,0.897016,0.086889,0.016095
smids/Normal_Sperm/Normal_Sperm (991).bmp,0,2,0,0,0.980524,0.018817,0.000658
smids/Normal_Sperm/Normal_Sperm (992).bmp,0,2,0,0,0.975257,0.009628,0.015115
smids/Normal_Sperm/Normal_Sperm (997).bmp,0,2,0,0,0.926549,0.071086,0.002365
smids/Normal_Sperm/Normal_Sperm (998).bmp,0,2,0,0,0.859898,0.133670,0.006432
smids/Abnormal_Sperm/Abnormal_Sperm (1001).bmp,0,3,1,1,0.101654,0.888204,0.010142
smids/Abnormal_Sperm/Abnormal_Sperm (1004).bmp,0,3,1,1,0.021819,0.968419,0.009762
smids/Abnormal_Sperm/Abnormal_Sperm (103).bmp,0,3,1,1,0.028423,0.887826,0.083752
smids/Abnormal_Sperm/Abnormal_Sperm (115).bmp,0,3,1,1,0.047763,0.947945,0.004292
smids/Abnormal_Sperm/Abnormal_Sperm (124).bmp,0,3,1,1,0.009368,0.881420,0.109212
smids/Abnormal_Sperm/Abnormal_Sperm (136).bmp,0,3,1,1,0.071578,0.927508,0.000915
smids/Abnormal_Sperm/Abnormal_Sperm (139).bmp,0,3,1,1,0.001816,0.995486,0.002698
smids/Abnormal_Sperm/Abnormal_Sperm (146).bmp,0,3,1,1,0.049045,0.937004,0.013951
smids/Abnormal_Sperm/Abnormal_Sperm (148).bmp,0,3,1,1,0.028349,0.956034,0.015617
smids/Abnormal_Sperm/Abnormal_Sperm (150).bmp,0,3,1,1,0.048348,0.951473,0.000179
smids/Abnormal_Sperm/Abnormal_Sperm (154).bmp,0,3,1,1,0.040141,0.886616,0.073243
smids/Abnormal_Sperm/Abnormal_Sperm (159).bmp,0,3,1,1,0.050106,0.944287,0.005607
smids/Abnormal_Sperm/Abnormal_Sperm (166).bmp,0,3,1,1,0.009171,0.969336,0.021492
smids/Abnormal_Sperm/Abnormal_Sperm (17).bmp,0,3,1,1,0.038044,0.956104,0.005852
smids/Abnormal_Sperm/Abnormal_Sperm (171).bmp,0,3,1,1,0.015743,0.956573,0.027684
smids/Abnormal_Sperm/Abnormal_Sperm (185).bmp,0,3,1,1,0.435480,0.563825,0.000695
smids/Abnormal_Sperm/Abnormal_Sperm (19).bmp,0,3,1,1,0.007483,0.871359,0.121159
smids/Abnormal_Sperm/Abnormal_Sperm (2).bmp,0,3,1,1,0.024421,0.952035,0.023543
smids/Abnormal_Sperm/Abnormal_Sperm (204).bmp,0,3,1,1,0.002867,0.891361,0.105772
smids/Abnormal_Sperm/Abnormal_Sperm (206).bmp,0,3,1,1,0.016461,0.930444,0.053095
smids/Abnormal_Sperm/Abnormal_Sperm (213).bmp,0,3,1,1,0.022258,0.972801,0.004941
smids/Abnormal_Sperm/Abnormal_Sperm (217).bmp,0,3,1,1,0.054956,0.943748,0.001297
smids/Abnormal_Sperm/Abnormal_Sperm (231).bmp,0,3,1,1,0.151928,0.847989,0.000083
smids/Abnormal_Sperm/Abnormal_Sperm (239).bmp,0,3,1,1,0.011734,0.987414,0.000852
smids/Abnormal_Sperm/Abnormal_Sperm (24).bmp,0,3,1,1,0.002588,0.986679,0.010733
smids/Abnormal_Sperm/Abnormal_Sperm (240).bmp,0,3,1,1,0.000819,0.562686,0.436495
smids/Abnormal_Sperm/Abnormal_Sperm (242).bmp,0,3,1,1,0.381733,0.618108,0.000159
smids/Abnormal_Sperm/Abnormal_Sperm (243).bmp,0,3,1,2,0.000249,0.434936,0.564815
smids/Abnormal_Sperm/Abnormal_Sperm (261).bmp,0,3,1,0,0.820883,0.131163,0.047954
smids/Abnormal_Sperm/Abnormal_Sperm (271).bmp,0,3,1,1,0.023439,0.974063,0.002498
smids/Abnormal_Sperm/Abnormal_Sperm (272).bmp,0,3,1,1,0.177592,0.822294,0.000115
smids/Abnormal_Sperm/Abnormal_Sperm (278).bmp,0,3,1,1,0.036645,0.962973,0.000382
smids/Abnormal_Sperm/Abnormal_Sperm (280).bmp,0,3,1,1,0.359742,0.640173,0.000085
smids/Abnormal_Sperm/Abnormal_Sperm (281).bmp,0,3,1,1,0.003872,0.983419,0.012709
smids/Abnormal_Sperm/Abnormal_Sperm (286).bmp,0,3,1,1,0.178906,0.818715,0.002379
smids/Abnormal_Sperm/Abnormal_Sperm (288).bmp,0,3,1,1,0.019901,0.756234,0.223866
smids/Abnormal_Sperm/Abnormal_Sperm (293).bmp,0,3,1,1,0.017552,0.982307,0.000141
smids/Abnormal_Sperm/Abnormal_Sperm (295).bmp,0,3,1,1,0.064162,0.916306,0.019531
smids/Abnormal_Sperm/Abnormal_Sperm (306).bmp,0,3,1,1,0.132358,0.867153,0.000489
smids/Abnormal_Sperm/Abnormal_Sperm (314).bmp,0,3,1,1,0.002682,0.898030,0.099288
smids/Abnormal_Sperm/Abnormal_Sperm (324).bmp,0,3,1,1,0.006552,0.981198,0.012251
smids/Abnormal_Sperm/Abnormal_Sperm (325).bmp,0,3,1,1,0.005812,0.984035,0.010154
smids/Abnormal_Sperm/Abnormal_Sperm (33).bmp,0,3,1,0,0.820883,0.131163,0.047954
smids/Abnormal_Sperm/Abnormal_Sperm (332).bmp,0,3,1,1,0.007449,0.732819,0.259732
smids/Abnormal_Sperm/Abnormal_Sperm (337).bmp,0,3,1,1,0.205101,0.794101,0.000798
smids/Abnormal_Sperm/Abnormal_Sperm (34).bmp,0,3,1,2,0.001123,0.390973,0.607903
smids/Abnormal_Sperm/Abnormal_Sperm (341).bmp,0,3,1,1,0.020507,0.977722,0.001771
smids/Abnormal_Sperm/Abnormal_Sperm (347).bmp,0,3,1,1,0.004864,0.969306,0.025829
smids/Abnormal_Sperm/Abnormal_Sperm (349).bmp,0,3,1,1,0.125517,0.865787,0.008696
smids/Abnormal_Sperm/Abnormal_Sperm (352).bmp,0,3,1,1,0.001836,0.995367,0.002797
smids/Abnormal_Sperm/Abnormal_Sperm (358).bmp,0,3,1,1,0.014083,0.982017,0.003899
smids/Abnormal_Sperm/Abnormal_Sperm (377).bmp,0,3,1,1,0.113471,0.805094,0.081435
smids/Abnormal_Sperm/Abnormal_Sperm (379).bmp,0,3,1,1,0.058470,0.929529,0.012001
smids/Abnormal_Sperm/Abnormal_Sperm (385).bmp,0,3,1,1,0.045484,0.945154,0.009361
smids/Abnormal_Sperm/Abnormal_Sperm (399).bmp,0,3,1,1,0.002617,0.990992,0.006392
smids/Abnormal_Sperm/Abnormal_Sperm (405).bmp,0,3,1,1,0.007632,0.932046,0.060322
smids/Abnormal_Sperm/Abnormal_Sperm (408).bmp,0,3,1,1,0.029184,0.843727,0.127089
smids/Abnormal_Sperm/Abnormal_Sperm (417).bmp,0,3,1,1,0.201922,0.796981,0.001097
smids/Abnormal_Sperm/Abnormal_Sperm (419).bmp,0,3,1,1,0.037618,0.869586,0.092796
smids/Abnormal_Sperm/Abnormal_Sperm (423).bmp,0,3,1,1,0.111187,0.887798,0.001015
smids/Abnormal_Sperm/Abnormal_Sperm (426).bmp,0,3,1,1,0.001721,0.959689,0.038590
smids/Abnormal_Sperm/Abnormal_Sperm (431).bmp,0,3,1,1,0.013528,0.975529,0.010943
smids/Abnormal_Sperm/Abnormal_Sperm (433).bmp,0,3,1,1,0.011327,0.980899,0.007775
smids/Abnormal_Sperm/Abnormal_Sperm (436).bmp,0,3,1,1,0.035448,0.963278,0.001274
smids/Abnormal_Sperm/Abnormal_Sperm (437).bmp,0,3,1,1,0.004247,0.827130,0.168623
smids/Abnormal_Sperm/Abnormal_Sperm (443).bmp,0,3,1,1,0.002601,0.932475,0.064923
smids/Abnormal_Sperm/Abnormal_Sperm (447).bmp,0,3,1,1,0.000559,0.829346,0.170095
smids/Abnormal_Sperm/Abnormal_Sperm (448).bmp,0,3,1,1,0.003900,0.959931,0.036168
smids/Abnormal_Sperm/Abnormal_Sperm (450).bmp,0,3,1,1,0.069163,0.930655,0.000182
smids/Abnormal_Sperm/Abnormal_Sperm (453).bmp,0,3,1,1,0.060105,0.939153,0.000742
smids/Abnormal_Sperm/Abnormal_Sperm (459).bmp,0,3,1,1,0.008292,0.988345,0.003363
smids/Abnormal_Sperm/Abnormal_Sperm (460).bmp,0,3,1,1,0.000934,0.998391,0.000674
smids/Abnormal_Sperm/Abnormal_Sperm (462).bmp,0,3,1,1,0.061748,0.934882,0.003369
smids/Abnormal_Sperm/Abnormal_Sperm (463).bmp,0,3,1,1,0.001819,0.912572,0.085609
smids/Abnormal_Sperm/Abnormal_Sperm (465).bmp,0,3,1,2,0.002738,0.444507,0.552755
smids/Abnormal_Sperm/Abnormal_Sperm (474).bmp,0,3,1,1,0.006015,0.568552,0.425432
smids/Abnormal_Sperm/Abnormal_Sperm (483).bmp,0,3,1,1,0.018459,0.911660,0.069881
smids/Abnormal_Sperm/Abnormal_Sperm (495).bmp,0,3,1,1,0.004313,0.985788,0.009900
smids/Abnormal_Sperm/Abnormal_Sperm (498).bmp,0,3,1,2,0.200215,0.016419,0.783367
smids/Abnormal_Sperm/Abnormal_Sperm (499).bmp,0,3,1,2,0.437945,0.036509,0.525546
smids/Abnormal_Sperm/Abnormal_Sperm (505).bmp,0,3,1,1,0.001355,0.762916,0.235729
smids/Abnormal_Sperm/Abnormal_Sperm (516).bmp,0,3,1,1,0.001754,0.977874,0.020372
smids/Abnormal_Sperm/Abnormal_Sperm (523).bmp,0,3,1,1,0.002696,0.931955,0.065348
smids/Abnormal_Sperm/Abnormal_Sperm (529).bmp,0,3,1,1,0.006947,0.984219,0.008834
smids/Abnormal_Sperm/Abnormal_Sperm (531).bmp,0,3,1,0,0.483078,0.241401,0.275521
smids/Abnormal_Sperm/Abnormal_Sperm (535).bmp,0,3,1,1,0.015050,0.885281,0.099669
smids/Abnormal_Sperm/Abnormal_Sperm (537).bmp,0,3,1,1,0.464939,0.533896,0.001165
smids/Abnormal_Sperm/Abnormal_Sperm (544).bmp,0,3,1,1,0.004702,0.875821,0.119477
smids/Abnormal_Sperm/Abnormal_Sperm (545).bmp,0,3,1,1,0.147423,0.846910,0.005668
smids/Abnormal_Sperm/Abnormal_Sperm (551).bmp,0,3,1,2,0.102194,0.120775,0.777030
smids/Abnormal_Sperm/Abnormal_Sperm (552).bmp,0,3,1,0,0.814652,0.170149,0.015199
smids/Abnormal_Sperm/Abnormal_Sperm (559).bmp,0,3,1,1,0.008804,0.877626,0.113570
smids/Abnormal_Sperm/Abnormal_Sperm (561).bmp,0,3,1,1,0.341959,0.648966,0.009075
smids/Abnormal_Sperm/Abnormal_Sperm (57).bmp,0,3,1,1,0.038936,0.949228,0.011837
smids/Abnormal_Sperm/Abnormal_Sperm (570).bmp,0,3,1,1,0.004501,0.744085,0.251413
smids/Abnormal_Sperm/Abnormal_Sperm (574).bmp,0,3,1,1,0.085161,0.869767,0.045072
smids/Abnormal_Sperm/Abnormal_Sperm (575).bmp,0,3,1,1,0.046029,0.946960,0.007011
smids/Abnormal_Sperm/Abnormal_Sperm (580).bmp,0,3,1,0,0.922756,0.077097,0.000147
smids/Abnormal_Sperm/Abnormal_Sperm (586).bmp,0,3,1,1,0.162767,0.824872,0.012361
smids/Abnormal_Sperm/Abnormal_Sperm (590).bmp,0,3,1,1,0.197340,0.788937,0.013723
smids/Abnormal_Sperm/Abnormal_Sperm (592).bmp,0,3,1,1,0.008438,0.647658,0.343904
smids/Abnormal_Sperm/Abnormal_Sperm (60).bmp,0,3,1,1,0.001629,0.971761,0.026610
smids/Abnormal_Sperm/Abnormal_Sperm (602).bmp,0,3,1,2,0.000592,0.269710,0.729698
smids/Abnormal_Sperm/Abnormal_Sperm (616).bmp,0,3,1,1,0.275705,0.717885,0.006410
smids/Abnormal_Sperm/Abnormal_Sperm (622).bmp,0,3,1,1,0.363179,0.635557,0.001265
smids/Abnormal_Sperm/Abnormal_Sperm (632).bmp,0,3,1,0,0.657802,0.294145,0.048053
smids/Abnormal_Sperm/Abnormal_Sperm (636).bmp,0,3,1,1,0.005795,0.793823,0.200382
smids/Abnormal_Sperm/Abnormal_Sperm (637).bmp,0,3,1,0,0.513767,0.478836,0.007397
smids/Abnormal_Sperm/Abnormal_Sperm (64).bmp,0,3,1,1,0.001607,0.819870,0.178524
smids/Abnormal_Sperm/Abnormal_Sperm (641).bmp,0,3,1,1,0.138689,0.859461,0.001850
smids/Abnormal_Sperm/Abnormal_Sperm (643).bmp,0,3,1,1,0.120456,0.861468,0.018076
smids/Abnormal_Sperm/Abnormal_Sperm (644).bmp,0,3,1,1,0.010513,0.904774,0.084713
smids/Abnormal_Sperm/Abnormal_Sperm (646).bmp,0,3,1,1,0.101045,0.896826,0.002130
smids/Abnormal_Sperm/Abnormal_Sperm (65).bmp,0,3,1,1,0.068800,0.930164,0.001035
smids/Abnormal_Sperm/Abnormal_Sperm (650).bmp,0,3,1,1,0.285478,0.714333,0.000189
smids/Abnormal_Sperm/Abnormal_Sperm (654).bmp,0,3,1,1,0.297771,0.682241,0.019988
smids/Abnormal_Sperm/Abnormal_Sperm (656).bmp,0,3,1,1,0.165000,0.821428,0.013572
smids/Abnormal_Sperm/Abnormal_Sperm (664).bmp,0,3,1,1,0.257764,0.739432,0.002803
smids/Abnormal_Sperm/Abnormal_Sperm (665).bmp,0,3,1,0,0.767661,0.220830,0.011509
smids/Abnormal_Sperm/Abnormal_Sperm (67).bmp,0,3,1,1,0.000791,0.738007,0.261202
smids/Abnormal_Sperm/Abnormal_Sperm (674).bmp,0,3,1,1,0.006335,0.987744,0.005921
smids/Abnormal_Sperm/Abnormal_Sperm (678).bmp,0,3,1,1,0.040098,0.893101,0.066800
smids/Abnormal_Sperm/Abnormal_Sperm (682).bmp,0,3,1,1,0.020417,0.833618,0.145965
smids/Abnormal_Sperm/Abnormal_Sperm (690).bmp,0,3,1,1,0.143287,0.856051,0.000663
smids/Abnormal_Sperm/Abnormal_Sperm (697).bmp,0,3,1,1,0.049446,0.877216,0.073338
smids/Abnormal_Sperm/Abnormal_Sperm (703).bmp,0,3,1,1,0.255568,0.740725,0.003707
smids/Abnormal_Sperm/Abnormal_Sperm (706).bmp,0,3,1,1,0.054814,0.762262,0.182923
smids/Abnormal_Sperm/Abnormal_Sperm (708).bmp,0,3,1,1,0.198917,0.799547,0.001537
smids/Abnormal_Sperm/Abnormal_Sperm (710).bmp,0,3,1,1,0.208648,0.790739,0.000612
smids/Abnormal_Sperm/Abnormal_Sperm (714).bmp,0,3,1,1,0.370638,0.625804,0.003559
smids/Abnormal_Sperm/Abnormal_Sperm (725).bmp,0,3,1,0,0.873152,0.125086,0.001762
smids/Abnormal_Sperm/Abnormal_Sperm (727).bmp,0,3,1,1,0.054057,0.938743,0.007199
smids/Abnormal_Sperm/Abnormal_Sperm (729).bmp,0,3,1,1,0.003518,0.890272,0.106210
smids/Abnormal_Sperm/Abnormal_Sperm (734).bmp,0,3,1,1,0.123608,0.874419,0.001974
smids/Abnormal_Sperm/Abnormal_Sperm (737).bmp,0,3,1,0,0.773287,0.219891,0.006822
smids/Abnormal_Sperm/Abnormal_Sperm (74).bmp,0,3,1,1,0.079445,0.920411,0.000144
smids/Abnormal_Sperm/Abnormal_Sperm (743).bmp,0,3,1,1,0.207041,0.792318,0.000641
smids/Abnormal_Sperm/Abnormal_Sperm (744).bmp,0,3,1,1,0.237134,0.762088,0.000778
smids/Abnormal_Sperm/Abnormal_Sperm (75).bmp,0,3,1,1,0.045932,0.950452,0.003616
smids/Abnormal_Sperm/Abnormal_Sperm (750).bmp,0,3,1,1,0.237694,0.761314,0.000992
smids/Abnormal_Sperm/Abnormal_Sperm (760).bmp,0,3,1,0,0.729866,0.266770,0.003364
smids/Abnormal_Sperm/Abnormal_Sperm (763).bmp,0,3,1,1,0.226403,0.770807,0.002789
smids/Abnormal_Sperm/Abnormal_Sperm (768).bmp,0,3,1,0,0.790047,0.209204,0.000749
smids/Abnormal_Sperm/Abnormal_Sperm (769).bmp,0,3,1,1,0.001033,0.788378,0.210589
smids/Abnormal_Sperm/Abnormal_Sperm (779).bmp,0,3,1,1,0.261342,0.738635,0.000024
smids/Abnormal_Sperm/Abnormal_Sperm (782).bmp,0,3,1,1,0.055702,0.896794,0.047504
smids/Abnormal_Sperm/Abnormal_Sperm (783).bmp,0,3,1,1,0.078937,0.844849,0.076214
smids/Abnormal_Sperm/Abnormal_Sperm (784).bmp,0,3,1,1,0.199707,0.793643,0.006650
smids/Abnormal_Sperm/Abnormal_Sperm (788).bmp,0,3,1,0,0.554857,0.414646,0.030497
smids/Abnormal_Sperm/Abnormal_Sperm (792).bmp,0,3,1,1,0.303761,0.694531,0.001707
smids/Abnormal_Sperm/Abnormal_Sperm (806).bmp,0,3,1,1,0.011365,0.955588,0.033046
smids/Abnormal_Sperm/Abnormal_Sperm (808).bmp,0,3,1,1,0.079370,0.918072,0.002558
smids/Abnormal_Sperm/Abnormal_Sperm (810).bmp,0,3,1,0,0.962296,0.037700,0.000004
smids/Abnormal_Sperm/Abnormal_Sperm (815).bmp,0,3,1,1,0.399176,0.600667,0.000157
smids/Abnormal_Sperm/Abnormal_Sperm (818).bmp,0,3,1,0,0.666779,0.333213,0.000009
smids/Abnormal_Sperm/Abnormal_Sperm (82).bmp,0,3,1,1,0.127493,0.871614,0.000893
smids/Abnormal_Sperm/Abnormal_Sperm (821).bmp,0,3,1,1,0.186834,0.813107,0.000059
smids/Abnormal_Sperm/Abnormal_Sperm (835).bmp,0,3,1,1,0.134170,0.864409,0.001422
smids/Abnormal_Sperm/Abnormal_Sperm (846).bmp,0,3,1,1,0.296346,0.703425,0.000229
smids/Abnormal_Sperm/Abnormal_Sperm (85).bmp,0,3,1,1,0.003667,0.992412,0.003922
smids/Abnormal_Sperm/Abnormal_Sperm (856).bmp,0,3,1,1,0.119584,0.878350,0.002066
smids/Abnormal_Sperm/Abnormal_Sperm (859).bmp,0,3,1,1,0.173785,0.826003,0.000211
smids/Abnormal_Sperm/Abnormal_Sperm (86).bmp,0,3,1,1,0.012239,0.982140,0.005620
smids/Abnormal_Sperm/Abnormal_Sperm (862).bmp,0,3,1,1,0.133873,0.861907,0.004219
smids/Abnormal_Sperm/Abnormal_Sperm (864).bmp,0,3,1,0,0.641348,0.346916,0.011736
smids/Abnormal_Sperm/Abnormal_Sperm (870).bmp,0,3,1,0,0.643122,0.211958,0.144921
smids/Abnormal_Sperm/Abnormal_Sperm (872).bmp,0,3,1,1,0.198323,0.798837,0.002840
smids/Abnormal_Sperm/Abnormal_Sperm (879).bmp,0,3,1,1,0.174076,0.824926,0.000998
smids/Abnormal_Sperm/Abnormal_Sperm (89).bmp,0,3,1,1,0.012797,0.909044,0.078160
smids/Abnormal_Sperm/Abnormal_Sperm (890).bmp,0,3,1,1,0.310294,0.689673,0.000033
smids/Abnormal_Sperm/Abnormal_Sperm (891).bmp,0,3,1,0,0.708160,0.291771,0.000068
smids/Abnormal_Sperm/Abnormal_Sperm (902).bmp,0,3,1,1,0.062808,0.841913,0.095279
smids/Abnormal_Sperm/Abnormal_Sperm (905).bmp,0,3,1,1,0.160984,0.834835,0.004181
smids/Abnormal_Sperm/Abnormal_Sperm (916).bmp,0,3,1,1,0.002274,0.718605,0.279121
smids/Abnormal_Sperm/Abnormal_Sperm (921).bmp,0,3,1,0,0.580044,0.147481,0.272476
smids/Abnormal_Sperm/Abnormal_Sperm (923).bmp,0,3,1,1,0.340948,0.649415,0.009637
smids/Abnormal_Sperm/Abnormal_Sperm (926).bmp,0,3,1,1,0.059744,0.923659,0.016597
smids/Abnormal_Sperm/Abnormal_Sperm (937).bmp,0,3,1,1,0.008958,0.516651,0.474391
smids/Abnormal_Sperm/Abnormal_Sperm (940).bmp,0,3,1,2,0.001218,0.146956,0.851827
smids/Abnormal_Sperm/Abnormal_Sperm (942).bmp,0,3,1,1,0.292054,0.564131,0.143815
smids/Abnormal_Sperm/Abnormal_Sperm (951).bmp,0,3,1,1,0.177271,0.682977,0.139752
smids/Abnormal_Sperm/Abnormal_Sperm (960).bmp,0,3,1,1,0.124624,0.872296,0.003079
smids/Abnormal_Sperm/Abnormal_Sperm (964).bmp,0,3,1,1,0.128621,0.867020,0.004359
smids/Abnormal_Sperm/Abnormal_Sperm (969).bmp,0,3,1,1,0.001721,0.932953,0.065326
smids/Abnormal_Sperm/Abnormal_Sperm (97).bmp,0,3,1,1,0.026830,0.969826,0.003343
smids/Abnormal_Sperm/Abnormal_Sperm (973).bmp,0,3,1,1,0.126829,0.871410,0.001762
smids/Abnormal_Sperm/Abnormal_Sperm (98).bmp,0,3,1,1,0.031469,0.966684,0.001847
smids/Abnormal_Sperm/Abnormal_Sperm (983).bmp,0,3,1,1,0.007694,0.920121,0.072186
smids/Abnormal_Sperm/Abnormal_Sperm (985).bmp,0,3,1,2,0.057814,0.428957,0.513228
smids/Abnormal_Sperm/Abnormal_Sperm (987).bmp,0,3,1,1,0.044482,0.953926,0.001592
smids/Abnormal_Sperm/Abnormal_Sperm (992).bmp,0,3,1,1,0.005406,0.514497,0.480097
smids/Abnormal_Sperm/Abnormal_Sperm (993).bmp,0,3,1,1,0.183974,0.815370,0.000656
smids/Abnormal_Sperm/Abnormal_Sperm (995).bmp,0,3,1,1,0.004416,0.960421,0.035163
smids/Abnormal_Sperm/Abnormal_Sperm (998).bmp,0,3,1,1,0.021705,0.866928,0.111367
smids/Non-Sperm/Non-Sperm (101).bmp,0,3,2,2,0.000026,0.000189,0.999785
smids/Non-Sperm/Non-Sperm (104).bmp,0,3,2,2,0.000018,0.000071,0.999911
smids/Non-Sperm/Non-Sperm (108).bmp,0,3,2,2,0.000026,0.002989,0.996985
smids/Non-Sperm/Non-Sperm (109).bmp,0,3,2,2,0.000023,0.002026,0.997951
smids/Non-Sperm/Non-Sperm (11).bmp,0,3,2,2,0.001617,0.496785,0.501598
smids/Non-Sperm/Non-Sperm (110).bmp,0,3,2,2,0.000011,0.003137,0.996852
smids/Non-Sperm/Non-Sperm (111).bmp,0,3,2,2,0.000514,0.000833,0.998653
smids/Non-Sperm/Non-Sperm (114).bmp,0,3,2,2,0.014406,0.004887,0.980706
smids/Non-Sperm/Non-Sperm (115).bmp,0,3,2,2,0.000025,0.002326,0.997649
smids/Non-Sperm/Non-Sperm (118).bmp,0,3,2,2,0.000075,0.001854,0.998071
smids/Non-Sperm/Non-Sperm (119).bmp,0,3,2,2,0.000057,0.003010,0.996932
smids/Non-Sperm/Non-Sperm (121).bmp,0,3,2,2,0.000003,0.000699,0.999298
smids/Non-Sperm/Non-Sperm (123).bmp,0,3,2,2,0.000221,0.010861,0.988918
smids/Non-Sperm/Non-Sperm (13).bmp,0,3,2,2,0.000088,0.007741,0.992171
smids/Non-Sperm/Non-Sperm (144).bmp,0,3,2,2,0.000237,0.000294,0.999469
smids/Non-Sperm/Non-Sperm (151).bmp,0,3,2,2,0.000038,0.003679,0.996283
smids/Non-Sperm/Non-Sperm (156).bmp,0,3,2,2,0.000009,0.001318,0.998673
smids/Non-Sperm/Non-Sperm (158).bmp,0,3,2,2,0.000002,0.000019,0.999979
smids/Non-Sperm/Non-Sperm (164).bmp,0,3,2,2,0.000024,0.001683,0.998293
smids/Non-Sperm/Non-Sperm (166).bmp,0,3,2,2,0.000277,0.018037,0.981687
smids/Non-Sperm/Non-Sperm (167).bmp,0,3,2,2,0.000020,0.005519,0.994461
smids/Non-Sperm/Non-Sperm (17).bmp,0,3,2,2,0.000036,0.001587,0.998377
smids/Non-Sperm/Non-Sperm (170).bmp,0,3,2,2,0.000253,0.001366,0.998381
smids/Non-Sperm/Non-Sperm (173).bmp,0,3,2,2,0.000002,0.000637,0.999361
smids/Non-Sperm/Non-Sperm (179).bmp,0,3,2,2,0.000103,0.002059,0.997838
smids/Non-Sperm/Non-Sperm (18).bmp,0,3,2,2,0.013335,0.002883,0.983782
smids/Non-Sperm/Non-Sperm (186).bmp,0,3,2,2,0.000054,0.006291,0.993655
smids/Non-Sperm/Non-Sperm (189).bmp,0,3,2,2,0.000015,0.000612,0.999373
smids/Non-Sperm/Non-Sperm (193).bmp,0,3,2,2,0.000037,0.001274,0.998689
smids/Non-Sperm/Non-Sperm (196).bmp,0,3,2,2,0.017701,0.006743,0.975556
smids/Non-Sperm/Non-Sperm (2).bmp,0,3,2,1,0.022050,0.924838,0.053112
smids/Non-Sperm/Non-Sperm (200).bmp,0,3,2,2,0.000121,0.000415,0.999464
smids/Non-Sperm/Non-Sperm (201).bmp,0,3,2,2,0.000064,0.004648,0.995288
smids/Non-Sperm/Non-Sperm (204).bmp,0,3,2,2,0.001623,0.001976,0.996401
smids/Non-Sperm/Non-Sperm (206).bmp,0,3,2,2,0.000015,0.001268,0.998716
smids/Non-Sperm/Non-Sperm (21).bmp,0,3,2,2,0.000109,0.097020,0.902871
smids/Non-Sperm/Non-Sperm (212).bmp,0,3,2,2,0.000000,0.000083,0.999917
smids/Non-Sperm/Non-Sperm (218).bmp,0,3,2,2,0.000594,0.034913,0.964494
smids/Non-Sperm/Non-Sperm (22).bmp,0,3,2,2,0.001143,0.238247,0.760610
smids/Non-Sperm/Non-Sperm (221).bmp,0,3,2,2,0.000722,0.032660,0.966618
smids/Non-Sperm/Non-Sperm (233).bmp,0,3,2,2,0.002287,0.003006,0.994707
smids/Non-Sperm/Non-Sperm (243).bmp,0,3,2,2,0.000109,0.005303,0.994588
smids/Non-Sperm/Non-Sperm (245).bmp,0,3,2,2,0.000129,0.000939,0.998932
smids/Non-Sperm/Non-Sperm (253).bmp,0,3,2,2,0.001941,0.003319,0.994740
smids/Non-Sperm/Non-Sperm (26).bmp,0,3,2,1,0.000193,0.692138,0.307668
smids/Non-Sperm/Non-Sperm (261).bmp,0,3,2,2,0.000274,0.000621,0.999105
smids/Non-Sperm/Non-Sperm (276).bmp,0,3,2,2,0.000037,0.001850,0.998112
smids/Non-Sperm/Non-Sperm (282).bmp,0,3,2,2,0.000007,0.000547,0.999446
smids/Non-Sperm/Non-Sperm (289).bmp,0,3,2,2,0.001660,0.020737,0.977602
smids/Non-Sperm/Non-Sperm (296).bmp,0,3,2,2,0.000011,0.001005,0.998984
smids/Non-Sperm/Non-Sperm (299).bmp,0,3,2,2,0.000034,0.008516,0.991450
smids/Non-Sperm/Non-Sperm (30).bmp,0,3,2,2,0.000376,0.380695,0.618930
smids/Non-Sperm/Non-Sperm (304).bmp,0,3,2,2,0.000006,0.001229,0.998765
smids/Non-Sperm/Non-Sperm (306).bmp,0,3,2,2,0.001777,0.002341,0.995882
smids/Non-Sperm/Non-Sperm (311).bmp,0,3,2,2,0.000277,0.020502,0.979221
smids/Non-Sperm/Non-Sperm (314).bmp,0,3,2,2,0.016938,0.005973,0.977089
smids/Non-Sperm/Non-Sperm (315).bmp,0,3,2,2,0.000449,0.008131,0.991419
smids/Non-Sperm/Non-Sperm (318).bmp,0,3,2,2,0.000037,0.000274,0.999689
smids/Non-Sperm/Non-Sperm (322).bmp,0,3,2,2,0.000027,0.002502,0.997472
smids/Non-Sperm/Non-Sperm (330).bmp,0,3,2,2,0.001525,0.496257,0.502217
smids/Non-Sperm/Non-Sperm (333).bmp,0,3,2,2,0.035116,0.240832,0.724052
smids/Non-Sperm/Non-Sperm (334).bmp,0,3,2,2,0.000004,0.000430,0.999565
smids/Non-Sperm/Non-Sperm (341).bmp,0,3,2,2,0.002132,0.382797,0.615071
smids/Non-Sperm/Non-Sperm (344).bmp,0,3,2,2,0.002252,0.003015,0.994733
smids/Non-Sperm/Non-Sperm (345).bmp,0,3,2,2,0.000135,0.006340,0.993525
smids/Non-Sperm/Non-Sperm (35).bmp,0,3,2,2,0.007506,0.454703,0.537791
smids/Non-Sperm/Non-Sperm (358).bmp,0,3,2,2,0.013157,0.008167,0.978676
smids/Non-Sperm/Non-Sperm (360).bmp,0,3,2,2,0.000989,0.064978,0.934033
smids/Non-Sperm/Non-Sperm (377).bmp,0,3,2,2,0.005370,0.054136,0.940494
smids/Non-Sperm/Non-Sperm (38).bmp,0,3,2,2,0.006977,0.254171,0.738852
smids/Non-Sperm/Non-Sperm (381).bmp,0,3,2,2,0.011012,0.268961,0.720026
smids/Non-Sperm/Non-Sperm (395).bmp,0,3,2,2,0.004421,0.161483,0.834097
smids/Non-Sperm/Non-Sperm (396).bmp,0,3,2,2,0.028274,0.434955,0.536771
smids/Non-Sperm/Non-Sperm (399).bmp,0,3,2,2,0.000623,0.024568,0.974809
smids/Non-Sperm/Non-Sperm (40).bmp,0,3,2,2,0.001045,0.163983,0.834972
smids/Non-Sperm/Non-Sperm (405).bmp,0,3,2,2,0.083079,0.026587,0.890334
smids/Non-Sperm/Non-Sperm (408).bmp,0,3,2,2,0.000919,0.000833,0.998248
smids/Non-Sperm/Non-Sperm (409).bmp,0,3,2,2,0.058777,0.014448,0.926775
smids/Non-Sperm/Non-Sperm (410).bmp,0,3,2,2,0.000509,0.013374,0.986117
smids/Non-Sperm/Non-Sperm (411).bmp,0,3,2,2,0.000535,0.001613,0.997852
smids/Non-Sperm/Non-Sperm (418).bmp,0,3,2,2,0.000107,0.006603,0.993289
smids/Non-Sperm/Non-Sperm (422).bmp,0,3,2,2,0.000036,0.005469,0.994495
smids/Non-Sperm/Non-Sperm (424).bmp,0,3,2,2,0.000006,0.000697,0.999296
smids/Non-Sperm/Non-Sperm (428).bmp,0,3,2,2,0.000029,0.003230,0.996741
smids/Non-Sperm/Non-Sperm (433).bmp,0,3,2,2,0.000039,0.000199,0.999762
smids/Non-Sperm/Non-Sperm (449).bmp,0,3,2,0,0.508536,0.144873,0.346590
smids/Non-Sperm/Non-Sperm (450).bmp,0,3,2,2,0.004091,0.057292,0.938618
smids/Non-Sperm/Non-Sperm (452).bmp,0,3,2,2,0.001039,0.074204,0.924757
smids/Non-Sperm/Non-Sperm (456).bmp,0,3,2,2,0.000045,0.061483,0.938472
smids/Non-Sperm/Non-Sperm (468).bmp,0,3,2,2,0.000001,0.000359,0.999640
smids/Non-Sperm/Non-Sperm (481).bmp,0,3,2,2,0.000120,0.000667,0.999213
smids/Non-Sperm/Non-Sperm (486).bmp,0,3,2,2,0.000098,0.000392,0.999510
smids/Non-Sperm/Non-Sperm (487).bmp,0,3,2,2,0.000026,0.000665,0.999309
smids/Non-Sperm/Non-Sperm (500).bmp,0,3,2,2,0.009623,0.010466,0.979911
smids/Non-Sperm/Non-Sperm (504).bmp,0,3,2,2,0.000109,0.002124,0.997766
smids/Non-Sperm/Non-Sperm (521).bmp,0,3,2,2,0.013852,0.096391,0.889757
smids/Non-Sperm/Non-Sperm (525).bmp,0,3,2,2,0.000311,0.000928,0.998761
smids/Non-Sperm/Non-Sperm (530).bmp,0,3,2,2,0.000552,0.010494,0.988954
smids/Non-Sperm/Non-Sperm (532).bmp,0,3,2,2,0.000009,0.001276,0.998715
smids/Non-Sperm/Non-Sperm (55).bmp,0,3,2,1,0.007844,0.525251,0.466905
smids/Non-Sperm/Non-Sperm (553).bmp,0,3,2,2,0.073139,0.037739,0.889122
smids/Non-Sperm/Non-Sperm (556).bmp,0,3,2,2,0.000965,0.014494,0.984540
smids/Non-Sperm/Non-Sperm (562).bmp,0,3,2,2,0.003102,0.002621,0.994277
smids/Non-Sperm/Non-Sperm (564).bmp,0,3,2,2,0.000470,0.050040,0.949490
smids/Non-Sperm/Non-Sperm (565).bmp,0,3,2,2,0.000046,0.049115,0.950840
smids/Non-Sperm/Non-Sperm (57).bmp,0,3,2,2,0.000396,0.138580,0.861023
smids/Non-Sperm/Non-Sperm (573).bmp,0,3,2,2,0.044680,0.011060,0.944260
smids/Non-Sperm/Non-Sperm (58).bmp,0,3,2,2,0.000137,0.123804,0.876059
smids/Non-Sperm/Non-Sperm (586).bmp,0,3,2,2,0.001555,0.049563,0.948883
smids/Non-Sperm/Non-Sperm (587).bmp,0,3,2,2,0.000170,0.011940,0.987890
smids/Non-Sperm/Non-Sperm (594).bmp,0,3,2,2,0.000050,0.000265,0.999685
smids/Non-Sperm/Non-Sperm (598).bmp,0,3,2,2,0.000002,0.000347,0.999651
smids/Non-Sperm/Non-Sperm (600).bmp,0,3,2,2,0.000012,0.001142,0.998846
smids/Non-Sperm/Non-Sperm (601).bmp,0,3,2,2,0.000107,0.004457,0.995436
smids/Non-Sperm/Non-Sperm (602).bmp,0,3,2,2,0.000666,0.000534,0.998800
smids/Non-Sperm/Non-Sperm (609).bmp,0,3,2,2,0.055991,0.010973,0.933037
smids/Non-Sperm/Non-Sperm (610).bmp,0,3,2,2,0.052542,0.009675,0.937783
smids/Non-Sperm/Non-Sperm (618).bmp,0,3,2,2,0.000421,0.029451,0.970128
smids/Non-Sperm/Non-Sperm (620).bmp,0,3,2,2,0.000036,0.000184,0.999780
smids/Non-Sperm/Non-Sperm (622).bmp,0,3,2,2,0.000003,0.000352,0.999646
smids/Non-Sperm/Non-Sperm (625).bmp,0,3,2,2,0.000361,0.002394,0.997245
smids/Non-Sperm/Non-Sperm (627).bmp,0,3,2,2,0.000031,0.000187,0.999782
smids/Non-Sperm/Non-Sperm (63).bmp,0,3,2,2,0.006848,0.080389,0.912762
smids/Non-Sperm/Non-Sperm (638).bmp,0,3,2,2,0.001914,0.040826,0.957259
smids/Non-Sperm/Non-Sperm (639).bmp,0,3,2,2,0.000838,0.002427,0.996735
smids/Non-Sperm/Non-Sperm (646).bmp,0,3,2,2,0.001588,0.374122,0.624290
smids/Non-Sperm/Non-Sperm (647).bmp,0,3,2,2,0.000069,0.003890,0.996041
smids/Non-Sperm/Non-Sperm (65).bmp,0,3,2,2,0.000687,0.143671,0.855642
smids/Non-Sperm/Non-Sperm (651).bmp,0,3,2,2,0.000032,0.001180,0.998788
smids/Non-Sperm/Non-Sperm (666).bmp,0,3,2,2,0.000180,0.000561,0.999259
smids/Non-Sperm/Non-Sperm (67).bmp,0,3,2,2,0.003520,0.103810,0.892670
smids/Non-Sperm/Non-Sperm (671).bmp,0,3,2,2,0.000028,0.000936,0.999036
smids/Non-Sperm/Non-Sperm (674).bmp,0,3,2,2,0.000523,0.015312,0.984165
smids/Non-Sperm/Non-Sperm (676).bmp,0,3,2,2,0.000297,0.436649,0.563054
smids/Non-Sperm/Non-Sperm (677).bmp,0,3,2,2,0.000031,0.017368,0.982601
smids/Non-Sperm/Non-Sperm (680).bmp,0,3,2,2,0.000064,0.000202,0.999735
smids/Non-Sperm/Non-Sperm (686).bmp,0,3,2,2,0.000017,0.003390,0.996594
smids/Non-Sperm/Non-Sperm (687).bmp,0,3,2,2,0.000953,0.012222,0.986825
smids/Non-Sperm/Non-Sperm (697).bmp,0,3,2,2,0.000012,0.001141,0.998847
smids/Non-Sperm/Non-Sperm (70).bmp,0,3,2,2,0.000602,0.066580,0.932819
smids/Non-Sperm/Non-Sperm (703).bmp,0,3,2,2,0.000023,0.003468,0.996509
smids/Non-Sperm/Non-Sperm (705).bmp,0,3,2,2,0.235709,0.109282,0.655009
smids/Non-Sperm/Non-Sperm (706).bmp,0,3,2,2,0.000007,0.000523,0.999471
smids/Non-Sperm/Non-Sperm (711).bmp,0,3,2,2,0.001948,0.071850,0.926202
smids/Non-Sperm/Non-Sperm (712).bmp,0,3,2,2,0.000075,0.000241,0.999685
smids/Non-Sperm/Non-Sperm (713).bmp,0,3,2,2,0.000094,0.003671,0.996234
smids/Non-Sperm/Non-Sperm (714).bmp,0,3,2,2,0.000618,0.013326,0.986056
smids/Non-Sperm/Non-Sperm (72).bmp,0,3,2,2,0.006768,0.023307,0.969924
smids/Non-Sperm/Non-Sperm (723).bmp,0,3,2,2,0.000078,0.014296,0.985627
smids/Non-Sperm/Non-Sperm (726).bmp,0,3,2,2,0.000047,0.001481,0.998472
smids/Non-Sperm/Non-Sperm (727).bmp,0,3,2,2,0.001148,0.002710,0.996142
smids/Non-Sperm/Non-Sperm (740).bmp,0,3,2,2,0.000151,0.008582,0.991267
smids/Non-Sperm/Non-Sperm (745).bmp,0,3,2,2,0.000369,0.000628,0.999004
smids/Non-Sperm/Non-Sperm (747).bmp,0,3,2,2,0.039474,0.039029,0.921497
smids/Non-Sperm/Non-Sperm (748).bmp,0,3,2,2,0.096843,0.082177,0.820980
smids/Non-Sperm/Non-Sperm (752).bmp,0,3,2,2,0.064364,0.033701,0.901935
smids/Non-Sperm/Non-Sperm (768).bmp,0,3,2,2,0.001516,0.012432,0.986051
smids/Non-Sperm/Non-Sperm (77).bmp,0,3,2,2,0.000281,0.150734,0.848985
smids/Non-Sperm/Non-Sperm (771).bmp,0,3,2,2,0.003837,0.043803,0.952359
smids/Non-Sperm/Non-Sperm (781).bmp,0,3,2,2,0.004589,0.002372,0.993039
smids/Non-Sperm/Non-Sperm (783).bmp,0,3,2,2,0.000007,0.000042,0.999951
smids/Non-Sperm/Non-Sperm (784).bmp,0,3,2,2,0.002417,0.005557,0.992026
smids/Non-Sperm/Non-Sperm (787).bmp,0,3,2,2,0.000064,0.000380,0.999556
smids/Non-Sperm/Non-Sperm (79).bmp,0,3,2,2,0.004433,0.165458,0.830109
smids/Non-Sperm/Non-Sperm (808).bmp,0,3,2,2,0.000030,0.000206,0.999764
smids/Non-Sperm/Non-Sperm (81).bmp,0,3,2,2,0.000711,0.001437,0.997852
smids/Non-Sperm/Non-Sperm (813).bmp,0,3,2,2,0.000058,0.002462,0.997481
smids/Non-Sperm/Non-Sperm (815).bmp,0,3,2,2,0.010714,0.006423,0.982863
smids/Non-Sperm/Non-Sperm (823).bmp,0,3,2,2,0.001192,0.266435,0.732373
smids/Non-Sperm/Non-Sperm (826).bmp,0,3,2,2,0.004318,0.141349,0.854333
smids/Non-Sperm/Non-Sperm (835).bmp,0,3,2,2,0.000203,0.007010,0.992787
smids/Non-Sperm/Non-Sperm (84).bmp,0,3,2,2,0.000227,0.000604,0.999169
smids/Non-Sperm/Non-Sperm (848).bmp,0,3,2,2,0.000090,0.000235,0.999674
smids/Non-Sperm/Non-Sperm (854).bmp,0,3,2,2,0.014694,0.455053,0.530252
smids/Non-Sperm/Non-Sperm (855).bmp,0,3,2,2,0.000974,0.001908,0.997117
smids/Non-Sperm/Non-Sperm (861).bmp,0,3,2,2,0.000169,0.008477,0.991354
smids/Non-Sperm/Non-Sperm (875).bmp,0,3,2,2,0.000591,0.001089,0.998320
smids/Non-Sperm/Non-Sperm (878).bmp,0,3,2,2,0.003798,0.280073,0.716129
smids/Non-Sperm/Non-Sperm (880).bmp,0,3,2,2,0.000147,0.003754,0.996099
smids/Non-Sperm/Non-Sperm (885).bmp,0,3,2,2,0.000028,0.009079,0.990893
smids/Non-Sperm/Non-Sperm (890).bmp,0,3,2,2,0.000002,0.000319,0.999679
smids/Non-Sperm/Non-Sperm (894).bmp,0,3,2,2,0.005072,0.440889,0.554040
smids/Non-Sperm/Non-Sperm (909).bmp,0,3,2,1,0.273623,0.384562,0.341815
smids/Non-Sperm/Non-Sperm (91).bmp,0,3,2,2,0.000690,0.013426,0.985884
smids/Non-Sperm/Non-Sperm (911).bmp,0,3,2,1,0.000774,0.683762,0.315464
smids/Non-Sperm/Non-Sperm (922).bmp,0,3,2,2,0.000087,0.031609,0.968304
smids/Non-Sperm/Non-Sperm (93).bmp,0,3,2,2,0.000325,0.000679,0.998996
smids/Non-Sperm/Non-Sperm (931).bmp,0,3,2,2,0.014077,0.331282,0.654641
smids/Non-Sperm/Non-Sperm (938).bmp,0,3,2,2,0.040143,0.019569,0.940287
smids/Non-Sperm/Non-Sperm (945).bmp,0,3,2,0,0.615645,0.024164,0.360191
smids/Non-Sperm/Non-Sperm (955).bmp,0,3,2,2,0.001267,0.026907,0.971826
smids/Non-Sperm/Non-Sperm (957).bmp,0,3,2,2,0.109915,0.157064,0.733021
smids/Non-Sperm/Non-Sperm (961).bmp,0,3,2,2,0.042915,0.346069,0.611016
smids/Non-Sperm/Non-Sperm (966).bmp,0,3,2,2,0.111419,0.044357,0.844225
smids/Non-Sperm/Non-Sperm (967).bmp,0,3,2,2,0.007273,0.091617,0.901110
smids/Normal_Sperm/Normal_Sperm (1000).bmp,0,3,0,0,0.832893,0.158922,0.008185
smids/Normal_Sperm/Normal_Sperm (1005).bmp,0,3,0,1,0.086820,0.911741,0.001439
smids/Normal_Sperm/Normal_Sperm (1008).bmp,0,3,0,0,0.950751,0.048362,0.000887
smids/Normal_Sperm/Normal_Sperm (101).bmp,0,3,0,0,0.986690,0.010581,0.002729
smids/Normal_Sperm/Normal_Sperm (102).bmp,0,3,0,0,0.817783,0.027677,0.154539
smids/Normal_Sperm/Normal_Sperm (104).bmp,0,3,0,0,0.881719,0.116977,0.001304
smids/Normal_Sperm/Normal_Sperm (109).bmp,0,3,0,0,0.974304,0.024282,0.001414
smids/Normal_Sperm/Normal_Sperm (118).bmp,0,3,0,1,0.138679,0.858809,0.002512
smids/Normal_Sperm/Normal_Sperm (119).bmp,0,3,0,0,0.527322,0.471778,0.000900
smids/Normal_Sperm/Normal_Sperm (120).bmp,0,3,0,0,0.856274,0.143506,0.000220
smids/Normal_Sperm/Normal_Sperm (134).bmp,0,3,0,0,0.758448,0.237674,0.003877
smids/Normal_Sperm/Normal_Sperm (14).bmp,0,3,0,1,0.051742,0.774375,0.173883
smids/Normal_Sperm/Normal_Sperm (146).bmp,0,3,0,0,0.949913,0.050050,0.000037
smids/Normal_Sperm/Normal_Sperm (151).bmp,0,3,0,1,0.214273,0.771850,0.013878
smids/Normal_Sperm/Normal_Sperm (155).bmp,0,3,0,0,0.819880,0.163797,0.016323
smids/Normal_Sperm/Normal_Sperm (160).bmp,0,3,0,0,0.860312,0.134308,0.005381
smids/Normal_Sperm/Normal_Sperm (163).bmp,0,3,0,0,0.962198,0.037753,0.000050
smids/Normal_Sperm/Normal_Sperm (171).bmp,0,3,0,0,0.942185,0.056103,0.001712
smids/Normal_Sperm/Normal_Sperm (175).bmp,0,3,0,0,0.994875,0.004815,0.000309
smids/Normal_Sperm/Normal_Sperm (179).bmp,0,3,0,0,0.832453,0.141221,0.026326
smids/Normal_Sperm/Normal_Sperm (18).bmp,0,3,0,0,0.953526,0.045542,0.000932
smids/Normal_Sperm/Normal_Sperm (184).bmp,0,3,0,0,0.922156,0.072165,0.005679
smids/Normal_Sperm/Normal_Sperm (191).bmp,0,3,0,0,0.638510,0.357322,0.004168
smids/Normal_Sperm/Normal_Sperm (193).bmp,0,3,0,0,0.400443,0.303079,0.296478
smids/Normal_Sperm/Normal_Sperm (195).bmp,0,3,0,0,0.972022,0.027214,0.000764
smids/Normal_Sperm/Normal_Sperm (203).bmp,0,3,0,0,0.610950,0.363666,0.025384
smids/Normal_Sperm/Normal_Sperm (204).bmp,0,3,0,0,0.889469,0.107066,0.003466
smids/Normal_Sperm/Normal_Sperm (207).bmp,0,3,0,0,0.692430,0.302020,0.005550
smids/Normal_Sperm/Normal_Sperm (217).bmp,0,3,0,0,0.980157,0.019789,0.000054
smids/Normal_Sperm/Normal_Sperm (225).bmp,0,3,0,0,0.807227,0.176126,0.016646
smids/Normal_Sperm/Normal_Sperm (226).bmp,0,3,0,0,0.672917,0.322879,0.004205
smids/Normal_Sperm/Normal_Sperm (229).bmp,0,3,0,0,0.930715,0.068510,0.000774
smids/Normal_Sperm/Normal_Sperm (230).bmp,0,3,0,0,0.797058,0.199551,0.003391
smids/Normal_Sperm/Normal_Sperm (235).bmp,0,3,0,0,0.939223,0.058143,0.002634
smids/Normal_Sperm/Normal_Sperm (236).bmp,0,3,0,2,0.015440,0.214907,0.769654
smids/Normal_Sperm/Normal_Sperm (237).bmp,0,3,0,0,0.914595,0.085349,0.000056
smids/Normal_Sperm/Normal_Sperm (242).bmp,0,3,0,0,0.853662,0.145137,0.001201
smids/Normal_Sperm/Normal_Sperm (245).bmp,0,3,0,0,0.925771,0.068724,0.005505
smids/Normal_Sperm/Normal_Sperm (249).bmp,0,3,0,0,0.928563,0.070301,0.001136
smids/Normal_Sperm/Normal_Sperm (251).bmp,0,3,0,0,0.977710,0.022227,0.000062
smids/Normal_Sperm/Normal_Sperm (252).bmp,0,3,0,0,0.892155,0.107094,0.000751
smids/Normal_Sperm/Normal_Sperm (257).bmp,0,3,0,0,0.890384,0.109395,0.000221
smids/Normal_Sperm/Normal_Sperm (261).bmp,0,3,0,0,0.536047,0.460370,0.003583
smids/Normal_Sperm/Normal_Sperm (263).bmp,0,3,0,0,0.925995,0.072203,0.001802
smids/Normal_Sperm/Normal_Sperm (266).bmp,0,3,0,0,0.836719,0.163020,0.000261
smids/Normal_Sperm/Normal_Sperm (274).bmp,0,3,0,0,0.823780,0.145270,0.030950
smids/Normal_Sperm/Normal_Sperm (288).bmp,0,3,0,0,0.984195,0.015783,0.000022
smids/Normal_Sperm/Normal_Sperm (295).bmp,0,3,0,0,0.806223,0.191537,0.002239
smids/Normal_Sperm/Normal_Sperm (296).bmp,0,3,0,0,0.864439,0.132183,0.003379
smids/Normal_Sperm/Normal_Sperm (299).bmp,0,3,0,0,0.863109,0.136630,0.000261
smids/Normal_Sperm/Normal_Sperm (301).bmp,0,3,0,0,0.953481,0.023734,0.022785
smids/Normal_Sperm/Normal_Sperm (302).bmp,0,3,0,1,0.056313,0.879253,0.064434
smids/Normal_Sperm/Normal_Sperm (309).bmp,0,3,0,1,0.470445,0.518368,0.011187
smids/Normal_Sperm/Normal_Sperm (315).bmp,0,3,0,0,0.798271,0.199580,0.002149
smids/Normal_Sperm/Normal_Sperm (316).bmp,0,3,0,0,0.894996,0.101071,0.003933
smids/Normal_Sperm/Normal_Sperm (322).bmp,0,3,0,0,0.862173,0.137531,0.000296
smids/Normal_Sperm/Normal_Sperm (327).bmp,0,3,0,0,0.975840,0.024072,0.000089
smids/Normal_Sperm/Normal_Sperm (33).bmp,0,3,0,0,0.782865,0.192959,0.024176
smids/Normal_Sperm/Normal_Sperm (331).bmp,0,3,0,0,0.985129,0.012851,0.002021
smids/Normal_Sperm/Normal_Sperm (333).bmp,0,3,0,0,0.976834,0.023037,0.000129
smids/Normal_Sperm/Normal_Sperm (338).bmp,0,3,0,0,0.681308,0.208295,0.110397
smids/Normal_Sperm/Normal_Sperm (341).bmp,0,3,0,0,0.980847,0.019120,0.000033
smids/Normal_Sperm/Normal_Sperm (355).bmp,0,3,0,0,0.933881,0.066057,0.000062
smids/Normal_Sperm/Normal_Sperm (360).bmp,0,3,0,0,0.922808,0.076967,0.000225
smids/Normal_Sperm/Normal_Sperm (362).bmp,0,3,0,0,0.865687,0.133144,0.001169
smids/Normal_Sperm/Normal_Sperm (364).bmp,0,3,0,0,0.835810,0.160354,0.003836
smids/Normal_Sperm/Normal_Sperm (369).bmp,0,3,0,0,0.772991,0.008999,0.218010
smids/Normal_Sperm/Normal_Sperm (37).bmp,0,3,0,2,0.175999,0.142165,0.681836
smids/Normal_Sperm/Normal_Sperm (373).bmp,0,3,0,0,0.928405,0.071299,0.000296
smids/Normal_Sperm/Normal_Sperm (376).bmp,0,3,0,0,0.924647,0.075216,0.000137
smids/Normal_Sperm/Normal_Sperm (379).bmp,0,3,0,0,0.852926,0.146856,0.000218
smids/Normal_Sperm/Normal_Sperm (380).bmp,0,3,0,0,0.890298,0.106193,0.003509
smids/Normal_Sperm/Normal_Sperm (382).bmp,0,3,0,0,0.946611,0.018321,0.035069
smids/Normal_Sperm/Normal_Sperm (388).bmp,0,3,0,0,0.736397,0.260339,0.003263
smids/Normal_Sperm/Normal_Sperm (389).bmp,0,3,0,0,0.914455,0.085388,0.000157
smids/Normal_Sperm/Normal_Sperm (390).bmp,0,3,0,0,0.908105,0.091719,0.000175
smids/Normal_Sperm/Normal_Sperm (391).bmp,0,3,0,0,0.496564,0.458199,0.045237
smids/Normal_Sperm/Normal_Sperm (398).bmp,0,3,0,0,0.695391,0.303807,0.000803
smids/Normal_Sperm/Normal_Sperm (401).bmp,0,3,0,0,0.969037,0.030920,0.000044
smids/Normal_Sperm/Normal_Sperm (419).bmp,0,3,0,0,0.764908,0.230339,0.004753
smids/Normal_Sperm/Normal_Sperm (427).bmp,0,3,0,0,0.936393,0.063019,0.000589
smids/Normal_Sperm/Normal_Sperm (43).bmp,0,3,0,0,0.617151,0.354257,0.028591
smids/Normal_Sperm/Normal_Sperm (435).bmp,0,3,0,0,0.985150,0.014781,0.000069
smids/Normal_Sperm/Normal_Sperm (440).bmp,0,3,0,0,0.943321,0.044295,0.012385
smids/Normal_Sperm/Normal_Sperm (441).bmp,0,3,0,0,0.866389,0.133566,0.000045
smids/Normal_Sperm/Normal_Sperm (442).bmp,0,3,0,0,0.998769,0.001210,0.000021
smids/Normal_Sperm/Normal_Sperm (448).bmp,0,3,0,0,0.953510,0.045818,0.000672
smids/Normal_Sperm/Normal_Sperm (453).bmp,0,3,0,0,0.873834,0.120997,0.005169
smids/Normal_Sperm/Normal_Sperm (456).bmp,0,3,0,0,0.884474,0.115498,0.000028
smids/Normal_Sperm/Normal_Sperm (460).bmp,0,3,0,0,0.508621,0.467572,0.023807
smids/Normal_Sperm/Normal_Sperm (461).bmp,0,3,0,0,0.905794,0.094056,0.000149
smids/Normal_Sperm/Normal_Sperm (471).bmp,0,3,0,0,0.961728,0.038200,0.000072
smids/Normal_Sperm/Normal_Sperm (475).bmp,0,3,0,0,0.985925,0.014024,0.000051
smids/Normal_Sperm/Normal_Sperm (48).bmp,0,3,0,0,0.964696,0.035034,0.000271
smids/Normal_Sperm/Normal_Sperm (481).bmp,0,3,0,0,0.820726,0.167071,0.012203
smids/Normal_Sperm/Normal_Sperm (486).bmp,0,3,0,0,0.646603,0.346796,0.006601
smids/Normal_Sperm/Normal_Sperm (489).bmp,0,3,0,0,0.871727,0.127369,0.000904
smids/Normal_Sperm/Normal_Sperm (490).bmp,0,3,0,0,0.970838,0.028909,0.000253
smids/Normal_Sperm/Normal_Sperm (491).bmp,0,3,0,0,0.948193,0.051789,0.000018
smids/Normal_Sperm/Normal_Sperm (496).bmp,0,3,0,0,0.959289,0.027995,0.012716
smids/Normal_Sperm/Normal_Sperm (5).bmp,0,3,0,0,0.931501,0.053348,0.015151
smids/Normal_Sperm/Normal_Sperm (501).bmp,0,3,0,0,0.939378,0.060477,0.000145
smids/Normal_Sperm/Normal_Sperm (504).bmp,0,3,0,0,0.982343,0.017585,0.000071
smids/Normal_Sperm/Normal_Sperm (508).bmp,0,3,0,0,0.891174,0.107544,0.001282
smids/Normal_Sperm/Normal_Sperm (509).bmp,0,3,0,0,0.502818,0.476500,0.020683
smids/Normal_Sperm/Normal_Sperm (51).bmp,0,3,0,0,0.932506,0.067303,0.000191
smids/Normal_Sperm/Normal_Sperm (510).bmp,0,3,0,0,0.950426,0.049342,0.000232
smids/Normal_Sperm/Normal_Sperm (524).bmp,0,3,0,0,0.942660,0.057181,0.000159
smids/Normal_Sperm/Normal_Sperm (526).bmp,0,3,0,0,0.726734,0.273175,0.000092
smids/Normal_Sperm/Normal_Sperm (528).bmp,0,3,0,0,0.950308,0.049114,0.000578
smids/Normal_Sperm/Normal_Sperm (533).bmp,0,3,0,0,0.864619,0.134822,0.000559
smids/Normal_Sperm/Normal_Sperm (537).bmp,0,3,0,0,0.958653,0.041194,0.000154
smids/Normal_Sperm/Normal_Sperm (545).bmp,0,3,0,0,0.981464,0.018090,0.000446
smids/Normal_Sperm/Normal_Sperm (553).bmp,0,3,0,0,0.944230,0.055663,0.000107
smids/Normal_Sperm/Normal_Sperm (576).bmp,0,3,0,0,0.902169,0.097808,0.000024
smids/Normal_Sperm/Normal_Sperm (580).bmp,0,3,0,0,0.970287,0.029346,0.000366
smids/Normal_Sperm/Normal_Sperm (587).bmp,0,3,0,0,0.927442,0.072416,0.000142
smids/Normal_Sperm/Normal_Sperm (598).bmp,0,3,0,0,0.594716,0.394329,0.010954
smids/Normal_Sperm/Normal_Sperm (605).bmp,0,3,0,0,0.957298,0.042698,0.000004
smids/Normal_Sperm/Normal_Sperm (608).bmp,0,3,0,0,0.956699,0.043267,0.000033
smids/Normal_Sperm/Normal_Sperm (610).bmp,0,3,0,0,0.985114,0.014876,0.000010
smids/Normal_Sperm/Normal_Sperm (615).bmp,0,3,0,0,0.922356,0.072504,0.005139
smids/Normal_Sperm/Normal_Sperm (618).bmp,0,3,0,0,0.928801,0.071077,0.000122
smids/Normal_Sperm/Normal_Sperm (62).bmp,0,3,0,0,0.799262,0.184146,0.016592
smids/Normal_Sperm/Normal_Sperm (624).bmp,0,3,0,0,0.918542,0.081340,0.000118
smids/Normal_Sperm/Normal_Sperm (629).bmp,0,3,0,0,0.989562,0.010436,0.000002
smids/Normal_Sperm/Normal_Sperm (633).bmp,0,3,0,0,0.564898,0.432494,0.002609
smids/Normal_Sperm/Normal_Sperm (635).bmp,0,3,0,0,0.942891,0.057063,0.000046
smids/Normal_Sperm/Normal_Sperm (639).bmp,0,3,0,0,0.955848,0.041117,0.003035
smids/Normal_Sperm/Normal_Sperm (640).bmp,0,3,0,0,0.981006,0.014568,0.004426
smids/Normal_Sperm/Normal_Sperm (642).bmp,0,3,0,0,0.914524,0.084775,0.000701
smids/Normal_Sperm/Normal_Sperm (646).bmp,0,3,0,0,0.965011,0.034970,0.000019
smids/Normal_Sperm/Normal_Sperm (65).bmp,0,3,0,0,0.884132,0.104984,0.010885
smids/Normal_Sperm/Normal_Sperm (658).bmp,0,3,0,0,0.978797,0.021191,0.000012
smids/Normal_Sperm/Normal_Sperm (659).bmp,0,3,0,0,0.944909,0.055020,0.000071
smids/Normal_Sperm/Normal_Sperm (667).bmp,0,3,0,0,0.967857,0.031904,0.000240
smids/Normal_Sperm/Normal_Sperm (67).bmp,0,3,0,0,0.788553,0.164260,0.047188
smids/Normal_Sperm/Normal_Sperm (670).bmp,0,3,0,0,0.976617,0.012824,0.010559
smids/Normal_Sperm/Normal_Sperm (673).bmp,0,3,0,0,0.930816,0.069162,0.000022
smids/Normal_Sperm/Normal_Sperm (674).bmp,0,3,0,0,0.977316,0.013558,0.009127
smids/Normal_Sperm/Normal_Sperm (694).bmp,0,3,0,0,0.950080,0.045869,0.004050
smids/Normal_Sperm/Normal_Sperm (701).bmp,0,3,0,0,0.925273,0.074699,0.000027
smids/Normal_Sperm/Normal_Sperm (706).bmp,0,3,0,0,0.927478,0.072375,0.000147
smids/Normal_Sperm/Normal_Sperm (716).bmp,0,3,0,0,0.621146,0.377947,0.000907
smids/Normal_Sperm/Normal_Sperm (717).bmp,0,3,0,0,0.976800,0.020524,0.002676
smids/Normal_Sperm/Normal_Sperm (72).bmp,0,3,0,0,0.936453,0.062538,0.001009
smids/Normal_Sperm/Normal_Sperm (729).bmp,0,3,0,0,0.992950,0.005955,0.001095
smids/Normal_Sperm/Normal_Sperm (730).bmp,0,3,0,0,0.894128,0.087405,0.018467
smids/Normal_Sperm/Normal_Sperm (731).bmp,0,3,0,0,0.873072,0.125630,0.001299
smids/Normal_Sperm/Normal_Sperm (732).bmp,0,3,0,0,0.994715,0.005279,0.000006
smids/Normal_Sperm/Normal_Sperm (737).bmp,0,3,0,0,0.992935,0.006838,0.000228
smids/Normal_Sperm/Normal_Sperm (741).bmp,0,3,0,0,0.934750,0.057117,0.008133
smids/Normal_Sperm/Normal_Sperm (746).bmp,0,3,0,0,0.932216,0.067368,0.000417
smids/Normal_Sperm/Normal_Sperm (751).bmp,0,3,0,0,0.969659,0.029715,0.000626
smids/Normal_Sperm/Normal_Sperm (756).bmp,0,3,0,0,0.954321,0.044653,0.001026
smids/Normal_Sperm/Normal_Sperm (761).bmp,0,3,0,0,0.960464,0.039422,0.000113
smids/Normal_Sperm/Normal_Sperm (768).bmp,0,3,0,0,0.858489,0.105903,0.035609
smids/Normal_Sperm/Normal_Sperm (773).bmp,0,3,0,0,0.969671,0.030226,0.000103
smids/Normal_Sperm/Normal_Sperm (776).bmp,0,3,0,0,0.981566,0.018386,0.000048
smids/Normal_Sperm/Normal_Sperm (778).bmp,0,3,0,0,0.837342,0.117246,0.045412
smids/Normal_Sperm/Normal_Sperm (798).bmp,0,3,0,0,0.925474,0.073833,0.000692
smids/Normal_Sperm/Normal_Sperm (8).bmp,0,3,0,2,0.323353,0.332782,0.343864
smids/Normal_Sperm/Normal_Sperm (802).bmp,0,3,0,0,0.715072,0.141826,0.143103
smids/Normal_Sperm/Normal_Sperm (805).bmp,0,3,0,0,0.875436,0.046844,0.077721
smids/Normal_Sperm/Normal_Sperm (809).bmp,0,3,0,0,0.986989,0.013004,0.000008
smids/Normal_Sperm/Normal_Sperm (81).bmp,0,3,0,0,0.877743,0.112103,0.010154
smids/Normal_Sperm/Normal_Sperm (816).bmp,0,3,0,0,0.535401,0.400377,0.064221
smids/Normal_Sperm/Normal_Sperm (817).bmp,0,3,0,0,0.821380,0.171168,0.007452
smids/Normal_Sperm/Normal_Sperm (819).bmp,0,3,0,0,0.917820,0.081679,0.000501
smids/Normal_Sperm/Normal_Sperm (824).bmp,0,3,0,0,0.994902,0.004161,0.000937
smids/Normal_Sperm/Normal_Sperm (825).bmp,0,3,0,0,0.714394,0.269113,0.016493
smids/Normal_Sperm/Normal_Sperm (834).bmp,0,3,0,0,0.951122,0.048876,0.000002
smids/Normal_Sperm/Normal_Sperm (837).bmp,0,3,0,1,0.380798,0.616956,0.002246
smids/Normal_Sperm/Normal_Sperm (846).bmp,0,3,0,0,0.986461,0.013358,0.000181
smids/Normal_Sperm/Normal_Sperm (848).bmp,0,3,0,0,0.970695,0.029021,0.000284
smids/Normal_Sperm/Normal_Sperm (852).bmp,0,3,0,0,0.932140,0.067688,0.000172
smids/Normal_Sperm/Normal_Sperm (854).bmp,0,3,0,0,0.945806,0.054142,0.000052
smids/Normal_Sperm/Normal_Sperm (869).bmp,0,3,0,0,0.940103,0.059720,0.000177
smids/Normal_Sperm/Normal_Sperm (870).bmp,0,3,0,0,0.959630,0.040195,0.000174
smids/Normal_Sperm/Normal_Sperm (875).bmp,0,3,0,1,0.139675,0.836914,0.023411
smids/Normal_Sperm/Normal_Sperm (877).bmp,0,3,0,0,0.974626,0.025343,0.000031
smids/Normal_Sperm/Normal_Sperm (88).bmp,0,3,0,0,0.618733,0.188667,0.192600
smids/Normal_Sperm/Normal_Sperm (889).bmp,0,3,0,1,0.147727,0.852060,0.000214
smids/Normal_Sperm/Normal_Sperm (895).bmp,0,3,0,0,0.851418,0.148145,0.000437
smids/Normal_Sperm/Normal_Sperm (896).bmp,0,3,0,0,0.965588,0.034370,0.000042
smids/Normal_Sperm/Normal_Sperm (903).bmp,0,3,0,1,0.086852,0.789550,0.123598
smids/Normal_Sperm/Normal_Sperm (907).bmp,0,3,0,1,0.038908,0.958620,0.002472
smids/Normal_Sperm/Normal_Sperm (908).bmp,0,3,0,0,0.815116,0.184879,0.000005
smids/Normal_Sperm/Normal_Sperm (922).bmp,0,3,0,0,0.711043,0.288951,0.000006
smids/Normal_Sperm/Normal_Sperm (925).bmp,0,3,0,1,0.321330,0.677668,0.001002
smids/Normal_Sperm/Normal_Sperm (93).bmp,0,3,0,0,0.965999,0.028424,0.005577
smids/Normal_Sperm/Normal_Sperm (936).bmp,0,3,0,0,0.850915,0.148741,0.000343
smids/Normal_Sperm/Normal_Sperm (937).bmp,0,3,0,0,0.850086,0.132159,0.017755
smids/Normal_Sperm/Normal_Sperm (941).bmp,0,3,0,1,0.172157,0.827747,0.000096
smids/Normal_Sperm/Normal_Sperm (945).bmp,0,3,0,1,0.442152,0.557044,0.000804
smids/Normal_Sperm/Normal_Sperm (946).bmp,0,3,0,1,0.039525,0.947887,0.012588
smids/Normal_Sperm/Normal_Sperm (960).bmp,0,3,0,0,0.941295,0.058475,0.000231
smids/Normal_Sperm/Normal_Sperm (965).bmp,0,3,0,0,0.774894,0.219820,0.005285
smids/Normal_Sperm/Normal_Sperm (981).bmp,0,3,0,0,0.501938,0.498010,0.000052
smids/Normal_Sperm/Normal_Sperm (989).bmp,0,3,0,1,0.119548,0.681858,0.198595
smids/Abnormal_Sperm/Abnormal_Sperm (100).bmp,0,4,1,1,0.033027,0.966788,0.000184
smids/Abnormal_Sperm/Abnormal_Sperm (1000).bmp,0,4,1,1,0.006331,0.986930,0.006739
smids/Abnormal_Sperm/Abnormal_Sperm (106).bmp,0,4,1,1,0.001205,0.794024,0.204771
smids/Abnormal_Sperm/Abnormal_Sperm (113).bmp,0,4,1,1,0.006221,0.944061,0.049717
smids/Abnormal_Sperm/Abnormal_Sperm (118).bmp,0,4,1,1,0.032856,0.965757,0.001387
smids/Abnormal_Sperm/Abnormal_Sperm (121).bmp,0,4,1,1,0.033302,0.934554,0.032144
smids/Abnormal_Sperm/Abnormal_Sperm (130).bmp,0,4,1,1,0.003002,0.913554,0.083444
smids/Abnormal_Sperm/Abnormal_Sperm (135).bmp,0,4,1,1,0.004441,0.975382,0.020177
smids/Abnormal_Sperm/Abnormal_Sperm (138).bmp,0,4,1,1,0.022759,0.970662,0.006579
smids/Abnormal_Sperm/Abnormal_Sperm (140).bmp,0,4,1,1,0.111802,0.888043,0.000155
smids/Abnormal_Sperm/Abnormal_Sperm (142).bmp,0,4,1,1,0.092296,0.907043,0.000661
smids/Abnormal_Sperm/Abnormal_Sperm (143).bmp,0,4,1,1,0.039253,0.960722,0.000025
smids/Abnormal_Sperm/Abnormal_Sperm (145).bmp,0,4,1,1,0.058954,0.940580,0.000466
smids/Abnormal_Sperm/Abnormal_Sperm (149).bmp,0,4,1,1,0.059197,0.940701,0.000102
smids/Abnormal_Sperm/Abnormal_Sperm (151).bmp,0,4,1,1,0.014285,0.728839,0.256875
smids/Abnormal_Sperm/Abnormal_Sperm (153).bmp,0,4,1,1,0.057917,0.941523,0.000560
smids/Abnormal_Sperm/Abnormal_Sperm (162).bmp,0,4,1,1,0.021687,0.967411,0.010902
smids/Abnormal_Sperm/Abnormal_Sperm (163).bmp,0,4,1,1,0.007551,0.992076,0.000373
smids/Abnormal_Sperm/Abnormal_Sperm (170).bmp,0,4,1,1,0.004113,0.985668,0.010219
smids/Abnormal_Sperm/Abnormal_Sperm (178).bmp,0,4,1,1,0.013634,0.974103,0.012263
smids/Abnormal_Sperm/Abnormal_Sperm (179).bmp,0,4,1,0,0.540996,0.459003,0.000001
smids/Abnormal_Sperm/Abnormal_Sperm (186).bmp,0,4,1,1,0.017290,0.982463,0.000248
smids/Abnormal_Sperm/Abnormal_Sperm (188).bmp,0,4,1,1,0.008953,0.978868,0.012179
smids/Abnormal_Sperm/Abnormal_Sperm (189).bmp,0,4,1,1,0.004568,0.945415,0.050017
smids/Abnormal_Sperm/Abnormal_Sperm (192).bmp,0,4,1,1,0.017765,0.981977,0.000259
smids/Abnormal_Sperm/Abnormal_Sperm (195).bmp,0,4,1,1,0.025507,0.973079,0.001414
smids/Abnormal_Sperm/Abnormal_Sperm (197).bmp,0,4,1,1,0.012816,0.985190,0.001994
smids/Abnormal_Sperm/Abnormal_Sperm (199).bmp,0,4,1,1,0.018889,0.976213,0.004898
smids/Abnormal_Sperm/Abnormal_Sperm (205).bmp,0,4,1,1,0.007899,0.983512,0.008589
smids/Abnormal_Sperm/Abnormal_Sperm (21).bmp,0,4,1,1,0.000770,0.838981,0.160249
smids/Abnormal_Sperm/Abnormal_Sperm (214).bmp,0,4,1,1,0.005950,0.974417,0.019634
smids/Abnormal_Sperm/Abnormal_Sperm (226).bmp,0,4,1,1,0.035096,0.925193,0.039711
smids/Abnormal_Sperm/Abnormal_Sperm (228).bmp,0,4,1,1,0.078099,0.917094,0.004807
smids/Abnormal_Sperm/Abnormal_Sperm (229).bmp,0,4,1,1,0.034141,0.965756,0.000103
smids/Abnormal_Sperm/Abnormal_Sperm (230).bmp,0,4,1,1,0.246080,0.753600,0.000320
smids/Abnormal_Sperm/Abnormal_Sperm (237).bmp,0,4,1,1,0.005086,0.987537,0.007377
smids/Abnormal_Sperm/Abnormal_Sperm (244).bmp,0,4,1,2,0.003088,0.450450,0.546462
smids/Abnormal_Sperm/Abnormal_Sperm (248).bmp,0,4,1,1,0.040568,0.958963,0.000469
smids/Abnormal_Sperm/Abnormal_Sperm (259).bmp,0,4,1,1,0.048552,0.947949,0.003500
smids/Abnormal_Sperm/Abnormal_Sperm (262).bmp,0,4,1,1,0.018941,0.965367,0.015692
smids/Abnormal_Sperm/Abnormal_Sperm (264).bmp,0,4,1,1,0.105020,0.763142,0.131838
smids/Abnormal_Sperm/Abnormal_Sperm (265).bmp,0,4,1,1,0.083290,0.906796,0.009914
smids/Abnormal_Sperm/Abnormal_Sperm (270).bmp,0,4,1,1,0.009021,0.980597,0.010382
smids/Abnormal_Sperm/Abnormal_Sperm (273).bmp,0,4,1,1,0.007625,0.990442,0.001933
smids/Abnormal_Sperm/Abnormal_Sperm (274).bmp,0,4,1,1,0.001851,0.802421,0.195728
smids/Abnormal_Sperm/Abnormal_Sperm (279).bmp,0,4,1,1,0.038598,0.959523,0.001879
smids/Abnormal_Sperm/Abnormal_Sperm (283).bmp,0,4,1,1,0.064434,0.934641,0.000925
smids/Abnormal_Sperm/Abnormal_Sperm (297).bmp,0,4,1,1,0.024816,0.973988,0.001196
smids/Abnormal_Sperm/Abnormal_Sperm (299).bmp,0,4,1,1,0.023797,0.974570,0.001633
smids/Abnormal_Sperm/Abnormal_Sperm (3).bmp,0,4,1,2,0.003308,0.310062,0.686630
smids/Abnormal_Sperm/Abnormal_Sperm (305).bmp,0,4,1,1,0.004035,0.731234,0.264731
smids/Abnormal_Sperm/Abnormal_Sperm (307).bmp,0,4,1,1,0.008773,0.890107,0.101121
smids/Abnormal_Sperm/Abnormal_Sperm (315).bmp,0,4,1,1,0.011205,0.987414,0.001381
smids/Abnormal_Sperm/Abnormal_Sperm (316).bmp,0,4,1,1,0.063848,0.935345,0.000807
smids/Abnormal_Sperm/Abnormal_Sperm (318).bmp,0,4,1,1,0.219290,0.779862,0.000849
smids/Abnormal_Sperm/Abnormal_Sperm (329).bmp,0,4,1,1,0.040239,0.953229,0.006532
smids/Abnormal_Sperm/Abnormal_Sperm (330).bmp,0,4,1,1,0.078271,0.921651,0.000078
smids/Abnormal_Sperm/Abnormal_Sperm (334).bmp,0,4,1,1,0.055831,0.944012,0.000156
smids/Abnormal_Sperm/Abnormal_Sperm (344).bmp,0,4,1,1,0.002149,0.992956,0.004895
smids/Abnormal_Sperm/Abnormal_Sperm (346).bmp,0,4,1,1,0.007352,0.984095,0.008553
smids/Abnormal_Sperm/Abnormal_Sperm (350).bmp,0,4,1,1,0.010028,0.989003,0.000969
smids/Abnormal_Sperm/Abnormal_Sperm (357).bmp,0,4,1,1,0.032530,0.946695,0.020775
smids/Abnormal_Sperm/Abnormal_Sperm (360).bmp,0,4,1,1,0.170443,0.829036,0.000521
smids/Abnormal_Sperm/Abnormal_Sperm (364).bmp,0,4,1,1,0.007162,0.895143,0.097695
smids/Abnormal_Sperm/Abnormal_Sperm (367).bmp,0,4,1,1,0.158287,0.841171,0.000542
smids/Abnormal_Sperm/Abnormal_Sperm (368).bmp,0,4,1,2,0.001271,0.064650,0.934080
smids/Abnormal_Sperm/Abnormal_Sperm (382).bmp,0,4,1,1,0.036828,0.963058,0.000114
smids/Abnormal_Sperm/Abnormal_Sperm (383).bmp,0,4,1,1,0.136169,0.862643,0.001188
smids/Abnormal_Sperm/Abnormal_Sperm (396).bmp,0,4,1,1,0.022121,0.977822,0.000057
smids/Abnormal_Sperm/Abnormal_Sperm (400).bmp,0,4,1,1,0.002619,0.986021,0.011360
smids/Abnormal_Sperm/Abnormal_Sperm (401).bmp,0,4,1,1,0.107630,0.892229,0.000141
smids/Abnormal_Sperm/Abnormal_Sperm (403).bmp,0,4,1,1,0.185735,0.814106,0.000159
smids/Abnormal_Sperm/Abnormal_Sperm (421).bmp,0,4,1,1,0.059543,0.940133,0.000324
smids/Abnormal_Sperm/Abnormal_Sperm (429).bmp,0,4,1,1,0.003171,0.947880,0.048948
smids/Abnormal_Sperm/Abnormal_Sperm (43).bmp,0,4,1,1,0.073370,0.909723,0.016906
smids/Abnormal_Sperm/Abnormal_Sperm (469).bmp,0,4,1,1,0.006781,0.930196,0.063023
smids/Abnormal_Sperm/Abnormal_Sperm (477).bmp,0,4,1,1,0.007922,0.982022,0.010056
smids/Abnormal_Sperm/Abnormal_Sperm (478).bmp,0,4,1,1,0.023033,0.814553,0.162414
smids/Abnormal_Sperm/Abnormal_Sperm (485).bmp,0,4,1,1,0.008938,0.985943,0.005119
smids/Abnormal_Sperm/Abnormal_Sperm (486).bmp,0,4,1,1,0.002426,0.793145,0.204429
smids/Abnormal_Sperm/Abnormal_Sperm (487).bmp,0,4,1,0,0.834761,0.162310,0.002929
smids/Abnormal_Sperm/Abnormal_Sperm (490).bmp,0,4,1,1,0.113730,0.883448,0.002822
smids/Abnormal_Sperm/Abnormal_Sperm (493).bmp,0,4,1,1,0.014589,0.798413,0.186998
smids/Abnormal_Sperm/Abnormal_Sperm (496).bmp,0,4,1,1,0.117326,0.878595,0.004079
smids/Abnormal_Sperm/Abnormal_Sperm (497).bmp,0,4,1,1,0.117629,0.777412,0.104959
smids/Abnormal_Sperm/Abnormal_Sperm (500).bmp,0,4,1,2,0.384976,0.178101,0.436923
smids/Abnormal_Sperm/Abnormal_Sperm (506).bmp,0,4,1,1,0.074245,0.919954,0.005801
smids/Abnormal_Sperm/Abnormal_Sperm (508).bmp,0,4,1,2,0.020255,0.351228,0.628517
smids/Abnormal_Sperm/Abnormal_Sperm (510).bmp,0,4,1,1,0.053518,0.793759,0.152723
smids/Abnormal_Sperm/Abnormal_Sperm (511).bmp,0,4,1,1,0.010011,0.972868,0.017121
smids/Abnormal_Sperm/Abnormal_Sperm (518).bmp,0,4,1,1,0.021253,0.976298,0.002449
smids/Abnormal_Sperm/Abnormal_Sperm (521).bmp,0,4,1,1,0.021135,0.959345,0.019520
smids/Abnormal_Sperm/Abnormal_Sperm (522).bmp,0,4,1,1,0.009694,0.692400,0.297906
smids/Abnormal_Sperm/Abnormal_Sperm (525).bmp,0,4,1,1,0.024831,0.966600,0.008569
smids/Abnormal_Sperm/Abnormal_Sperm (532).bmp,0,4,1,1,0.020750,0.918257,0.060993
smids/Abnormal_Sperm/Abnormal_Sperm (548).bmp,0,4,1,1,0.019472,0.871369,0.109159
smids/Abnormal_Sperm/Abnormal_Sperm (549).bmp,0,4,1,1,0.141250,0.836598,0.022152
smids/Abnormal_Sperm/Abnormal_Sperm (55).bmp,0,4,1,1,0.013854,0.718395,0.267752
smids/Abnormal_Sperm/Abnormal_Sperm (554).bmp,0,4,1,0,0.441534,0.368265,0.190202
smids/Abnormal_Sperm/Abnormal_Sperm (555).bmp,0,4,1,1,0.436869,0.562417,0.000714
smids/Abnormal_Sperm/Abnormal_Sperm (558).bmp,0,4,1,1,0.172272,0.823163,0.004564
smids/Abnormal_Sperm/Abnormal_Sperm (568).bmp,0,4,1,2,0.002591,0.484405,0.513004
smids/Abnormal_Sperm/Abnormal_Sperm (577).bmp,0,4,1,1,0.023206,0.954576,0.022218
smids/Abnormal_Sperm/Abnormal_Sperm (578).bmp,0,4,1,0,0.875618,0.119914,0.004468
smids/Abnormal_Sperm/Abnormal_Sperm (601).bmp,0,4,1,2,0.343306,0.255029,0.401665
smids/Abnormal_Sperm/Abnormal_Sperm (605).bmp,0,4,1,1,0.037152,0.932969,0.029879
smids/Abnormal_Sperm/Abnormal_Sperm (606).bmp,0,4,1,0,0.865102,0.132746,0.002151
smids/Abnormal_Sperm/Abnormal_Sperm (611).bmp,0,4,1,1,0.126855,0.854686,0.018459
smids/Abnormal_Sperm/Abnormal_Sperm (613).bmp,0,4,1,1,0.095082,0.904744,0.000174
smids/Abnormal_Sperm/Abnormal_Sperm (617).bmp,0,4,1,1,0.194354,0.798039,0.007608
smids/Abnormal_Sperm/Abnormal_Sperm (619).bmp,0,4,1,1,0.249205,0.748188,0.002607
smids/Abnormal_Sperm/Abnormal_Sperm (623).bmp,0,4,1,0,0.590783,0.409196,0.000021
smids/Abnormal_Sperm/Abnormal_Sperm (630).bmp,0,4,1,1,0.030870,0.677306,0.291823
smids/Abnormal_Sperm/Abnormal_Sperm (631).bmp,0,4,1,1,0.249802,0.749273,0.000925
smids/Abnormal_Sperm/Abnormal_Sperm (633).bmp,0,4,1,1,0.063905,0.762540,0.173556
smids/Abnormal_Sperm/Abnormal_Sperm (635).bmp,0,4,1,1,0.206996,0.788398,0.004606
smids/Abnormal_Sperm/Abnormal_Sperm (638).bmp,0,4,1,0,0.596805,0.396815,0.006379
smids/Abnormal_Sperm/Abnormal_Sperm (642).bmp,0,4,1,1,0.348820,0.651112,0.000069
smids/Abnormal_Sperm/Abnormal_Sperm (652).bmp,0,4,1,1,0.397482,0.602030,0.000489
smids/Abnormal_Sperm/Abnormal_Sperm (669).bmp,0,4,1,1,0.211900,0.783631,0.004469
smids/Abnormal_Sperm/Abnormal_Sperm (673).bmp,0,4,1,1,0.028342,0.888734,0.082925
smids/Abnormal_Sperm/Abnormal_Sperm (680).bmp,0,4,1,1,0.318207,0.600689,0.081105
smids/Abnormal_Sperm/Abnormal_Sperm (681).bmp,0,4,1,1,0.083330,0.914281,0.002389
smids/Abnormal_Sperm/Abnormal_Sperm (688).bmp,0,4,1,1,0.125565,0.855283,0.019152
smids/Abnormal_Sperm/Abnormal_Sperm (698).bmp,0,4,1,1,0.459092,0.540771,0.000137
smids/Abnormal_Sperm/Abnormal_Sperm (699).bmp,0,4,1,1,0.100704,0.898958,0.000339
smids/Abnormal_Sperm/Abnormal_Sperm (7).bmp,0,4,1,1,0.058330,0.936438,0.005232
smids/Abnormal_Sperm/Abnormal_Sperm (701).bmp,0,4,1,1,0.070484,0.801167,0.128349
smids/Abnormal_Sperm/Abnormal_Sperm (702).bmp,0,4,1,1,0.168424,0.830625,0.000951
smids/Abnormal_Sperm/Abnormal_Sperm (709).bmp,0,4,1,1,0.046031,0.953470,0.000499
smids/Abnormal_Sperm/Abnormal_Sperm (71).bmp,0,4,1,1,0.014960,0.926153,0.058887
smids/Abnormal_Sperm/Abnormal_Sperm (711).bmp,0,4,1,1,0.116108,0.876767,0.007125
smids/Abnormal_Sperm/Abnormal_Sperm (716).bmp,0,4,1,1,0.185150,0.814444,0.000406
smids/Abnormal_Sperm/Abnormal_Sperm (72).bmp,0,4,1,1,0.011170,0.969663,0.019168
smids/Abnormal_Sperm/Abnormal_Sperm (721).bmp,0,4,1,1,0.131051,0.867437,0.001512
smids/Abnormal_Sperm/Abnormal_Sperm (722).bmp,0,4,1,1,0.139546,0.856177,0.004277
smids/Abnormal_Sperm/Abnormal_Sperm (730).bmp,0,4,1,1,0.237014,0.761828,0.001158
smids/Abnormal_Sperm/Abnormal_Sperm (731).bmp,0,4,1,1,0.112057,0.879755,0.008188
smids/Abnormal_Sperm/Abnormal_Sperm (739).bmp,0,4,1,1,0.100530,0.896733,0.002737
smids/Abnormal_Sperm/Abnormal_Sperm (741).bmp,0,4,1,1,0.049140,0.950344,0.000517
smids/Abnormal_Sperm/Abnormal_Sperm (745).bmp,0,4,1,1,0.234492,0.765479,0.000029
smids/Abnormal_Sperm/Abnormal_Sperm (747).bmp,0,4,1,1,0.300355,0.698706,0.000939
smids/Abnormal_Sperm/Abnormal_Sperm (751).bmp,0,4,1,1,0.305963,0.689444,0.004593
smids/Abnormal_Sperm/Abnormal_Sperm (755).bmp,0,4,1,0,0.813028,0.186783,0.000189
smids/Abnormal_Sperm/Abnormal_Sperm (757).bmp,0,4,1,1,0.024751,0.974108,0.001141
smids/Abnormal_Sperm/Abnormal_Sperm (758).bmp,0,4,1,0,0.639621,0.360080,0.000299
smids/Abnormal_Sperm/Abnormal_Sperm (759).bmp,0,4,1,1,0.142044,0.857061,0.000895
smids/Abnormal_Sperm/Abnormal_Sperm (773).bmp,0,4,1,1,0.001648,0.972471,0.025881
smids/Abnormal_Sperm/Abnormal_Sperm (774).bmp,0,4,1,0,0.990694,0.009287,0.000018
smids/Abnormal_Sperm/Abnormal_Sperm (778).bmp,0,4,1,1,0.121606,0.877937,0.000457
smids/Abnormal_Sperm/Abnormal_Sperm (79).bmp,0,4,1,1,0.016649,0.929407,0.053944
smids/Abnormal_Sperm/Abnormal_Sperm (791).bmp,0,4,1,1,0.397068,0.602672,0.000260
smids/Abnormal_Sperm/Abnormal_Sperm (798).bmp,0,4,1,1,0.082764,0.910261,0.006975
smids/Abnormal_Sperm/Abnormal_Sperm (800).bmp,0,4,1,1,0.148365,0.851447,0.000187
smids/Abnormal_Sperm/Abnormal_Sperm (809).bmp,0,4,1,1,0.415276,0.583408,0.001316
smids/Abnormal_Sperm/Abnormal_Sperm (814).bmp,0,4,1,0,0.961970,0.038029,0.000001
smids/Abnormal_Sperm/Abnormal_Sperm (817).bmp,0,4,1,1,0.129681,0.870144,0.000175
smids/Abnormal_Sperm/Abnormal_Sperm (820).bmp,0,4,1,0,0.916515,0.083469,0.000016
smids/Abnormal_Sperm/Abnormal_Sperm (826).bmp,0,4,1,0,0.708748,0.290495,0.000757
smids/Abnormal_Sperm/Abnormal_Sperm (833).bmp,0,4,1,1,0.082920,0.915855,0.001226
smids/Abnormal_Sperm/Abnormal_Sperm (836).bmp,0,4,1,0,0.768424,0.231567,0.000008
smids/Abnormal_Sperm/Abnormal_Sperm (838).bmp,0,4,1,0,0.632101,0.367778,0.000121
smids/Abnormal_Sperm/Abnormal_Sperm (841).bmp,0,4,1,0,0.576362,0.422710,0.000928
smids/Abnormal_Sperm/Abnormal_Sperm (849).bmp,0,4,1,1,0.312702,0.686881,0.000417
smids/Abnormal_Sperm/Abnormal_Sperm (850).bmp,0,4,1,1,0.020204,0.970633,0.009163
smids/Abnormal_Sperm/Abnormal_Sperm (851).bmp,0,4,1,1,0.258989,0.739917,0.001094
smids/Abnormal_Sperm/Abnormal_Sperm (860).bmp,0,4,1,0,0.909631,0.090354,0.000015
smids/Abnormal_Sperm/Abnormal_Sperm (867).bmp,0,4,1,0,0.649516,0.321020,0.029463
smids/Abnormal_Sperm/Abnormal_Sperm (868).bmp,0,4,1,1,0.428080,0.571596,0.000324
smids/Abnormal_Sperm/Abnormal_Sperm (875).bmp,0,4,1,1,0.116951,0.882669,0.000380
smids/Abnormal_Sperm/Abnormal_Sperm (881).bmp,0,4,1,1,0.226809,0.773155,0.000036
smids/Abnormal_Sperm/Abnormal_Sperm (886).bmp,0,4,1,0,0.693874,0.303182,0.002945
smids/Abnormal_Sperm/Abnormal_Sperm (887).bmp,0,4,1,0,0.606273,0.391443,0.002284
smids/Abnormal_Sperm/Abnormal_Sperm (893).bmp,0,4,1,1,0.082376,0.917406,0.000218
smids/Abnormal_Sperm/Abnormal_Sperm (898).bmp,0,4,1,1,0.209161,0.790793,0.000046
smids/Abnormal_Sperm/Abnormal_Sperm (90).bmp,0,4,1,1,0.117931,0.881932,0.000136
smids/Abnormal_Sperm/Abnormal_Sperm (91).bmp,0,4,1,1,0.295542,0.704070,0.000388
smids/Abnormal_Sperm/Abnormal_Sperm (917).bmp,0,4,1,1,0.113785,0.865731,0.020484
smids/Abnormal_Sperm/Abnormal_Sperm (918).bmp,0,4,1,0,0.817967,0.147990,0.034043
smids/Abnormal_Sperm/Abnormal_Sperm (924).bmp,0,4,1,1,0.008708,0.653107,0.338184
smids/Abnormal_Sperm/Abnormal_Sperm (93).bmp,0,4,1,1,0.014440,0.920257,0.065303
smids/Abnormal_Sperm/Abnormal_Sperm (934).bmp,0,4,1,0,0.631614,0.367601,0.000785
smids/Abnormal_Sperm/Abnormal_Sperm (95).bmp,0,4,1,1,0.005409,0.968766,0.025825
smids/Abnormal_Sperm/Abnormal_Sperm (953).bmp,0,4,1,1,0.145173,0.854821,0.000007
smids/Abnormal_Sperm/Abnormal_Sperm (954).bmp,0,4,1,1,0.179917,0.819020,0.001064
smids/Abnormal_Sperm/Abnormal_Sperm (956).bmp,0,4,1,1,0.017777,0.913322,0.068901
smids/Abnormal_Sperm/Abnormal_Sperm (958).bmp,0,4,1,1,0.004898,0.594405,0.400697
smids/Abnormal_Sperm/Abnormal_Sperm (961).bmp,0,4,1,1,0.135771,0.853458,0.010771
smids/Abnormal_Sperm/Abnormal_Sperm (965).bmp,0,4,1,1,0.027646,0.953757,0.018597
smids/Abnormal_Sperm/Abnormal_Sperm (971).bmp,0,4,1,1,0.037277,0.959421,0.003302
smids/Abnormal_Sperm/Abnormal_Sperm (980).bmp,0,4,1,1,0.023292,0.965422,0.011286
smids/Abnormal_Sperm/Abnormal_Sperm (981).bmp,0,4,1,1,0.032693,0.957756,0.009550
smids/Abnormal_Sperm/Abnormal_Sperm (990).bmp,0,4,1,1,0.013829,0.980763,0.005408
smids/Abnormal_Sperm/Abnormal_Sperm (999).bmp,0,4,1,1,0.009132,0.649236,0.341631
smids/Non-Sperm/Non-Sperm (105).bmp,0,4,2,2,0.000028,0.000361,0.999611
smids/Non-Sperm/Non-Sperm (117).bmp,0,4,2,2,0.000771,0.005455,0.993775
smids/Non-Sperm/Non-Sperm (12).bmp,0,4,2,2,0.000032,0.001869,0.998100
smids/Non-Sperm/Non-Sperm (127).bmp,0,4,2,2,0.000273,0.010944,0.988783
smids/Non-Sperm/Non-Sperm (133).bmp,0,4,2,2,0.000005,0.000165,0.999830
smids/Non-Sperm/Non-Sperm (135).bmp,0,4,2,2,0.000102,0.000665,0.999233
smids/Non-Sperm/Non-Sperm (137).bmp,0,4,2,2,0.015953,0.013184,0.970862
smids/Non-Sperm/Non-Sperm (138).bmp,0,4,2,2,0.003692,0.053508,0.942799
smids/Non-Sperm/Non-Sperm (152).bmp,0,4,2,2,0.014299,0.043951,0.941750
smids/Non-Sperm/Non-Sperm (153).bmp,0,4,2,2,0.000408,0.005144,0.994448
smids/Non-Sperm/Non-Sperm (157).bmp,0,4,2,2,0.000040,0.000779,0.999181
smids/Non-Sperm/Non-Sperm (161).bmp,0,4,2,0,0.947309,0.039586,0.013104
smids/Non-Sperm/Non-Sperm (174).bmp,0,4,2,2,0.000050,0.000463,0.999488
smids/Non-Sperm/Non-Sperm (177).bmp,0,4,2,2,0.000082,0.001385,0.998533
smids/Non-Sperm/Non-Sperm (180).bmp,0,4,2,2,0.000037,0.000600,0.999363
smids/Non-Sperm/Non-Sperm (181).bmp,0,4,2,2,0.000113,0.002165,0.997723
smids/Non-Sperm/Non-Sperm (185).bmp,0,4,2,2,0.001958,0.004881,0.993161
smids/Non-Sperm/Non-Sperm (187).bmp,0,4,2,2,0.000011,0.000746,0.999242
smids/Non-Sperm/Non-Sperm (190).bmp,0,4,2,2,0.000153,0.011718,0.988129
smids/Non-Sperm/Non-Sperm (194).bmp,0,4,2,2,0.002177,0.002326,0.995497
smids/Non-Sperm/Non-Sperm (20).bmp,0,4,2,2,0.007757,0.108771,0.883472
smids/Non-Sperm/Non-Sperm (205).bmp,0,4,2,2,0.009347,0.006035,0.984618
smids/Non-Sperm/Non-Sperm (213).bmp,0,4,2,2,0.000007,0.000015,0.999978
smids/Non-Sperm/Non-Sperm (222).bmp,0,4,2,2,0.000090,0.000067,0.999843
smids/Non-Sperm/Non-Sperm (226).bmp,0,4,2,2,0.000007,0.000130,0.999863
smids/Non-Sperm/Non-Sperm (23).bmp,0,4,2,1,0.218629,0.604538,0.176833
smids/Non-Sperm/Non-Sperm (235).bmp,0,4,2,2,0.002194,0.002309,0.995497
smids/Non-Sperm/Non-Sperm (241).bmp,0,4,2,2,0.000318,0.003322,0.996360
smids/Non-Sperm/Non-Sperm (248).bmp,0,4,2,2,0.000035,0.000723,0.999242
smids/Non-Sperm/Non-Sperm (250).bmp,0,4,2,2,0.000165,0.004066,0.995769
smids/Non-Sperm/Non-Sperm (256).bmp,0,4,2,2,0.200362,0.019379,0.780259
smids/Non-Sperm/Non-Sperm (267).bmp,0,4,2,2,0.000052,0.001614,0.998334
smids/Non-Sperm/Non-Sperm (269).bmp,0,4,2,2,0.015838,0.006403,0.977759
smids/Non-Sperm/Non-Sperm (284).bmp,0,4,2,2,0.000688,0.000476,0.998835
smids/Non-Sperm/Non-Sperm (286).bmp,0,4,2,2,0.000573,0.006834,0.992593
smids/Non-Sperm/Non-Sperm (290).bmp,0,4,2,2,0.000182,0.002650,0.997168
smids/Non-Sperm/Non-Sperm (293).bmp,0,4,2,2,0.000204,0.001174,0.998623
smids/Non-Sperm/Non-Sperm (294).bmp,0,4,2,2,0.000242,0.003938,0.995820
smids/Non-Sperm/Non-Sperm (297).bmp,0,4,2,2,0.000830,0.011601,0.987568
smids/Non-Sperm/Non-Sperm (3).bmp,0,4,2,2,0.000292,0.136582,0.863126
smids/Non-Sperm/Non-Sperm (303).bmp,0,4,2,2,0.000027,0.000342,0.999631
smids/Non-Sperm/Non-Sperm (307).bmp,0,4,2,2,0.000241,0.001655,0.998105
smids/Non-Sperm/Non-Sperm (309).bmp,0,4,2,2,0.343046,0.180752,0.476202
smids/Non-Sperm/Non-Sperm (312).bmp,0,4,2,2,0.002000,0.015821,0.982179
smids/Non-Sperm/Non-Sperm (33).bmp,0,4,2,2,0.002296,0.087907,0.909796
smids/Non-Sperm/Non-Sperm (338).bmp,0,4,2,2,0.000646,0.105937,0.893417
smids/Non-Sperm/Non-Sperm (347).bmp,0,4,2,2,0.000126,0.001014,0.998860
smids/Non-Sperm/Non-Sperm (350).bmp,0,4,2,2,0.001684,0.045500,0.952816
smids/Non-Sperm/Non-Sperm (354).bmp,0,4,2,2,0.002160,0.032778,0.965062
smids/Non-Sperm/Non-Sperm (36).bmp,0,4,2,1,0.018906,0.831801,0.149294
smids/Non-Sperm/Non-Sperm (363).bmp,0,4,2,2,0.002337,0.126028,0.871634
smids/Non-Sperm/Non-Sperm (379).bmp,0,4,2,2,0.000375,0.000862,0.998763
smids/Non-Sperm/Non-Sperm (384).bmp,0,4,2,2,0.000228,0.007007,0.992765
smids/Non-Sperm/Non-Sperm (386).bmp,0,4,2,2,0.003108,0.044993,0.951899
smids/Non-Sperm/Non-Sperm (389).bmp,0,4,2,2,0.000035,0.000429,0.999536
smids/Non-Sperm/Non-Sperm (393).bmp,0,4,2,2,0.000624,0.005140,0.994236
smids/Non-Sperm/Non-Sperm (400).bmp,0,4,2,2,0.008759,0.092443,0.898798
smids/Non-Sperm/Non-Sperm (404).bmp,0,4,2,2,0.001665,0.001660,0.996676
smids/Non-Sperm/Non-Sperm (413).bmp,0,4,2,2,0.001727,0.042532,0.955741
smids/Non-Sperm/Non-Sperm (42).bmp,0,4,2,2,0.001864,0.227771,0.770365
smids/Non-Sperm/Non-Sperm (420).bmp,0,4,2,2,0.015708,0.045952,0.938340
smids/Non-Sperm/Non-Sperm (423).bmp,0,4,2,2,0.000071,0.000148,0.999780
smids/Non-Sperm/Non-Sperm (425).bmp,0,4,2,1,0.012559,0.981732,0.005709
smids/Non-Sperm/Non-Sperm (430).bmp,0,4,2,2,0.000197,0.000201,0.999601
smids/Non-Sperm/Non-Sperm (435).bmp,0,4,2,2,0.000670,0.011685,0.987645
smids/Non-Sperm/Non-Sperm (437).bmp,0,4,2,2,0.000213,0.003042,0.996744
smids/Non-Sperm/Non-Sperm (444).bmp,0,4,2,2,0.000891,0.002322,0.996787
smids/Non-Sperm/Non-Sperm (445).bmp,0,4,2,2,0.000141,0.000211,0.999648
smids/Non-Sperm/Non-Sperm (446).bmp,0,4,2,2,0.000046,0.001032,0.998922
smids/Non-Sperm/Non-Sperm (447).bmp,0,4,2,2,0.000466,0.007684,0.991850
smids/Non-Sperm/Non-Sperm (455).bmp,0,4,2,2,0.008693,0.053206,0.938101
smids/Non-Sperm/Non-Sperm (457).bmp,0,4,2,2,0.000023,0.000745,0.999232
smids/Non-Sperm/Non-Sperm (46).bmp,0,4,2,2,0.005858,0.120749,0.873393
smids/Non-Sperm/Non-Sperm (460).bmp,0,4,2,2,0.000017,0.000174,0.999809
smids/Non-Sperm/Non-Sperm (461).bmp,0,4,2,2,0.002779,0.015134,0.982087
smids/Non-Sperm/Non-Sperm (462).bmp,0,4,2,2,0.000122,0.001348,0.998530
smids/Non-Sperm/Non-Sperm (469).bmp,0,4,2,2,0.002739,0.005263,0.991998
smids/Non-Sperm/Non-Sperm (47).bmp,0,4,2,2,0.005414,0.090694,0.903893
smids/Non-Sperm/Non-Sperm (478).bmp,0,4,2,2,0.001629,0.009294,0.989078
smids/Non-Sperm/Non-Sperm (496).bmp,0,4,2,2,0.000445,0.006286,0.993269
smids/Non-Sperm/Non-Sperm (498).bmp,0,4,2,2,0.000819,0.000534,0.998647
smids/Non-Sperm/Non-Sperm (499).bmp,0,4,2,2,0.001211,0.005956,0.992832
smids/Non-Sperm/Non-Sperm (5).bmp,0,4,2,2,0.000668,0.195041,0.804291
smids/Non-Sperm/Non-Sperm (501).bmp,0,4,2,2,0.002836,0.000897,0.996267
smids/Non-Sperm/Non-Sperm (508).bmp,0,4,2,2,0.000260,0.002731,0.997008
smids/Non-Sperm/Non-Sperm (509).bmp,0,4,2,2,0.001146,0.055877,0.942977
smids/Non-Sperm/Non-Sperm (511).bmp,0,4,2,2,0.000201,0.002361,0.997437
smids/Non-Sperm/Non-Sperm (516).bmp,0,4,2,2,0.005137,0.256717,0.738146
smids/Non-Sperm/Non-Sperm (518).bmp,0,4,2,2,0.000441,0.002100,0.997459
smids/Non-Sperm/Non-Sperm (522).bmp,0,4,2,2,0.003020,0.057297,0.939683
smids/Non-Sperm/Non-Sperm (53).bmp,0,4,2,2,0.003081,0.360020,0.636900
smids/Non-Sperm/Non-Sperm (533).bmp,0,4,2,2,0.014434,0.009579,0.975986
smids/Non-Sperm/Non-Sperm (54).bmp,0,4,2,1,0.010853,0.778836,0.210311
smids/Non-Sperm/Non-Sperm (541).bmp,0,4,2,2,0.000381,0.000175,0.999443
smids/Non-Sperm/Non-Sperm (544).bmp,0,4,2,2,0.000035,0.000753,0.999212
smids/Non-Sperm/Non-Sperm (547).bmp,0,4,2,2,0.001438,0.006912,0.991650
smids/Non-Sperm/Non-Sperm (563).bmp,0,4,2,2,0.000647,0.007682,0.991671
smids/Non-Sperm/Non-Sperm (571).bmp,0,4,2,1,0.036983,0.914266,0.048750
smids/Non-Sperm/Non-Sperm (572).bmp,0,4,2,2,0.007378,0.125004,0.867618
smids/Non-Sperm/Non-Sperm (574).bmp,0,4,2,2,0.001942,0.002300,0.995758
smids/Non-Sperm/Non-Sperm (575).bmp,0,4,2,2,0.000643,0.001232,0.998125
smids/Non-Sperm/Non-Sperm (576).bmp,0,4,2,2,0.000194,0.051351,0.948456
smids/Non-Sperm/Non-Sperm (581).bmp,0,4,2,2,0.000341,0.000462,0.999198
smids/Non-Sperm/Non-Sperm (588).bmp,0,4,2,2,0.000111,0.000271,0.999617
smids/Non-Sperm/Non-Sperm (59).bmp,0,4,2,1,0.002483,0.985498,0.012019
smids/Non-Sperm/Non-Sperm (591).bmp,0,4,2,2,0.000014,0.000177,0.999809
smids/Non-Sperm/Non-Sperm (593).bmp,0,4,2,2,0.001319,0.006778,0.991903
smids/Non-Sperm/Non-Sperm (597).bmp,0,4,2,2,0.000175,0.002002,0.997823
smids/Non-Sperm/Non-Sperm (6).bmp,0,4,2,1,0.002506,0.905493,0.092001
smids/Non-Sperm/Non-Sperm (60).bmp,0,4,2,1,0.025032,0.969354,0.005613
smids/Non-Sperm/Non-Sperm (603).bmp,0,4,2,2,0.001143,0.011882,0.986975
smids/Non-Sperm/Non-Sperm (607).bmp,0,4,2,2,0.001115,0.015910,0.982976
smids/Non-Sperm/Non-Sperm (61).bmp,0,4,2,1,0.011325,0.986937,0.001738
smids/Non-Sperm/Non-Sperm (611).bmp,0,4,2,2,0.000257,0.003930,0.995813
smids/Non-Sperm/Non-Sperm (612).bmp,0,4,2,2,0.000423,0.002215,0.997362
smids/Non-Sperm/Non-Sperm (62).bmp,0,4,2,1,0.001157,0.500398,0.498444
smids/Non-Sperm/Non-Sperm (621).bmp,0,4,2,2,0.001192,0.000298,0.998510
smids/Non-Sperm/Non-Sperm (633).bmp,0,4,2,2,0.000044,0.002110,0.997846
smids/Non-Sperm/Non-Sperm (634).bmp,0,4,2,2,0.010255,0.059349,0.930395
smids/Non-Sperm/Non-Sperm (644).bmp,0,4,2,2,0.000487,0.000518,0.998995
smids/Non-Sperm/Non-Sperm (650).bmp,0,4,2,2,0.006337,0.212442,0.781221
smids/Non-Sperm/Non-Sperm (657).bmp,0,4,2,2,0.000053,0.001146,0.998801
smids/Non-Sperm/Non-Sperm (66).bmp,0,4,2,2,0.024317,0.016868,0.958815
smids/Non-Sperm/Non-Sperm (660).bmp,0,4,2,2,0.000840,0.023167,0.975993
smids/Non-Sperm/Non-Sperm (663).bmp,0,4,2,2,0.000278,0.002902,0.996821
smids/Non-Sperm/Non-Sperm (664).bmp,0,4,2,2,0.000753,0.003073,0.996174
smids/Non-Sperm/Non-Sperm (678).bmp,0,4,2,2,0.000299,0.003838,0.995863
smids/Non-Sperm/Non-Sperm (681).bmp,0,4,2,2,0.000482,0.018571,0.980948
smids/Non-Sperm/Non-Sperm (683).bmp,0,4,2,2,0.000047,0.001551,0.998402
smids/Non-Sperm/Non-Sperm (685).bmp,0,4,2,2,0.001391,0.011585,0.987025
smids/Non-Sperm/Non-Sperm (69).bmp,0,4,2,2,0.028315,0.448264,0.523421
smids/Non-Sperm/Non-Sperm (693).bmp,0,4,2,2,0.001073,0.100360,0.898566
smids/Non-Sperm/Non-Sperm (7).bmp,0,4,2,2,0.000040,0.011613,0.988347
smids/Non-Sperm/Non-Sperm (701).bmp,0,4,2,2,0.000016,0.000084,0.999900
smids/Non-Sperm/Non-Sperm (707).bmp,0,4,2,2,0.000797,0.005195,0.994008
smids/Non-Sperm/Non-Sperm (720).bmp,0,4,2,2,0.002815,0.037916,0.959269
smids/Non-Sperm/Non-Sperm (724).bmp,0,4,2,2,0.014451,0.005884,0.979665
smids/Non-Sperm/Non-Sperm (728).bmp,0,4,2,2,0.000054,0.001215,0.998731
smids/Non-Sperm/Non-Sperm (729).bmp,0,4,2,2,0.001753,0.001393,0.996854
smids/Non-Sperm/Non-Sperm (73).bmp,0,4,2,2,0.006107,0.125565,0.868329
smids/Non-Sperm/Non-Sperm (736).bmp,0,4,2,2,0.000052,0.000932,0.999017
smids/Non-Sperm/Non-Sperm (746).bmp,0,4,2,2,0.000142,0.000729,0.999129
smids/Non-Sperm/Non-Sperm (754).bmp,0,4,2,2,0.000127,0.001731,0.998141
smids/Non-Sperm/Non-Sperm (756).bmp,0,4,2,2,0.005883,0.048939,0.945178
smids/Non-Sperm/Non-Sperm (757).bmp,0,4,2,2,0.032504,0.026822,0.940674
smids/Non-Sperm/Non-Sperm (758).bmp,0,4,2,2,0.000451,0.000369,0.999180
smids/Non-Sperm/Non-Sperm (760).bmp,0,4,2,2,0.000087,0.001109,0.998803
smids/Non-Sperm/Non-Sperm (762).bmp,0,4,2,2,0.000474,0.002794,0.996732
smids/Non-Sperm/Non-Sperm (764).bmp,0,4,2,2,0.027724,0.030082,0.942195
smids/Non-Sperm/Non-Sperm (776).bmp,0,4,2,2,0.000185,0.002972,0.996843
smids/Non-Sperm/Non-Sperm (777).bmp,0,4,2,2,0.011997,0.005102,0.982901
smids/Non-Sperm/Non-Sperm (801).bmp,0,4,2,2,0.000181,0.003074,0.996744
smids/Non-Sperm/Non-Sperm (804).bmp,0,4,2,2,0.000363,0.001725,0.997912
smids/Non-Sperm/Non-Sperm (809).bmp,0,4,2,2,0.070692,0.348523,0.580785
smids/Non-Sperm/Non-Sperm (811).bmp,0,4,2,2,0.000376,0.003114,0.996510
smids/Non-Sperm/Non-Sperm (819).bmp,0,4,2,0,0.532309,0.029828,0.437863
smids/Non-Sperm/Non-Sperm (822).bmp,0,4,2,2,0.000048,0.000348,0.999604
smids/Non-Sperm/Non-Sperm (83).bmp,0,4,2,2,0.000100,0.002628,0.997272
smids/Non-Sperm/Non-Sperm (834).bmp,0,4,2,0,0.543185,0.232762,0.224054
smids/Non-Sperm/Non-Sperm (836).bmp,0,4,2,2,0.002122,0.049939,0.947938
smids/Non-Sperm/Non-Sperm (840).bmp,0,4,2,2,0.002679,0.224053,0.773267
smids/Non-Sperm/Non-Sperm (844).bmp,0,4,2,2,0.023688,0.040374,0.935938
smids/Non-Sperm/Non-Sperm (845).bmp,0,4,2,2,0.312701,0.074863,0.612436
smids/Non-Sperm/Non-Sperm (847).bmp,0,4,2,2,0.000062,0.000948,0.998991
smids/Non-Sperm/Non-Sperm (852).bmp,0,4,2,2,0.000168,0.004029,0.995804
smids/Non-Sperm/Non-Sperm (856).bmp,0,4,2,2,0.153394,0.219198,0.627408
smids/Non-Sperm/Non-Sperm (859).bmp,0,4,2,2,0.001340,0.009491,0.989169
smids/Non-Sperm/Non-Sperm (86).bmp,0,4,2,2,0.000056,0.004000,0.995944
smids/Non-Sperm/Non-Sperm (863).bmp,0,4,2,2,0.001662,0.013876,0.984462
smids/Non-Sperm/Non-Sperm (864).bmp,0,4,2,2,0.001971,0.021464,0.976565
smids/Non-Sperm/Non-Sperm (866).bmp,0,4,2,2,0.297192,0.034594,0.668214
smids/Non-Sperm/Non-Sperm (870).bmp,0,4,2,2,0.031055,0.344367,0.624578
smids/Non-Sperm/Non-Sperm (881).bmp,0,4,2,2,0.001606,0.025139,0.973256
smids/Non-Sperm/Non-Sperm (884).bmp,0,4,2,2,0.005543,0.138426,0.856031
smids/Non-Sperm/Non-Sperm (886).bmp,0,4,2,2,0.000488,0.011249,0.988263
smids/Non-Sperm/Non-Sperm (888).bmp,0,4,2,2,0.000142,0.000120,0.999737
smids/Non-Sperm/Non-Sperm (892).bmp,0,4,2,1,0.322862,0.376462,0.300676
smids/Non-Sperm/Non-Sperm (898).bmp,0,4,2,2,0.004750,0.009737,0.985514
smids/Non-Sperm/Non-Sperm (902).bmp,0,4,2,0,0.809861,0.068291,0.121848
smids/Non-Sperm/Non-Sperm (904).bmp,0,4,2,0,0.503296,0.250897,0.245807
smids/Non-Sperm/Non-Sperm (915).bmp,0,4,2,0,0.587513,0.216185,0.196302
smids/Non-Sperm/Non-Sperm (916).bmp,0,4,2,2,0.015016,0.244644,0.740340
smids/Non-Sperm/Non-Sperm (924).bmp,0,4,2,2,0.019101,0.004158,0.976742
smids/Non-Sperm/Non-Sperm (937).bmp,0,4,2,2,0.000124,0.015337,0.984539
smids/Non-Sperm/Non-Sperm (943).bmp,0,4,2,2,0.000292,0.012807,0.986901
smids/Non-Sperm/Non-Sperm (948).bmp,0,4,2,2,0.200032,0.302322,0.497647
smids/Non-Sperm/Non-Sperm (95).bmp,0,4,2,2,0.019488,0.081899,0.898613
smids/Non-Sperm/Non-Sperm (959).bmp,0,4,2,2,0.006004,0.348711,0.645285
smids/Non-Sperm/Non-Sperm (960).bmp,0,4,2,1,0.014591,0.620507,0.364902
smids/Non-Sperm/Non-Sperm (962).bmp,0,4,2,2,0.050154,0.166383,0.783463
smids/Non-Sperm/Non-Sperm (963).bmp,0,4,2,2,0.000989,0.103360,0.895651
smids/Non-Sperm/Non-Sperm (964).bmp,0,4,2,2,0.000973,0.039620,0.959407
smids/Non-Sperm/Non-Sperm (965).bmp,0,4,2,1,0.025225,0.846249,0.128526
smids/Non-Sperm/Non-Sperm (972).bmp,0,4,2,2,0.003634,0.247786,0.748579
smids/Normal_Sperm/Normal_Sperm (10).bmp,0,4,0,0,0.816569,0.161985,0.021446
smids/Normal_Sperm/Normal_Sperm (1011).bmp,0,4,0,0,0.584031,0.410910,0.005060
smids/Normal_Sperm/Normal_Sperm (1018).bmp,0,4,0,0,0.984141,0.015506,0.000352
smids/Normal_Sperm/Normal_Sperm (11).bmp,0,4,0,0,0.668666,0.203613,0.127720
smids/Normal_Sperm/Normal_Sperm (114).bmp,0,4,0,1,0.102119,0.855057,0.042824
smids/Normal_Sperm/Normal_Sperm (116).bmp,0,4,0,0,0.857122,0.129763,0.013116
smids/Normal_Sperm/Normal_Sperm (124).bmp,0,4,0,0,0.979128,0.020579,0.000294
smids/Normal_Sperm/Normal_Sperm (126).bmp,0,4,0,0,0.725425,0.274534,0.000040
smids/Normal_Sperm/Normal_Sperm (129).bmp,0,4,0,1,0.358600,0.639073,0.002327
smids/Normal_Sperm/Normal_Sperm (130).bmp,0,4,0,0,0.733818,0.262567,0.003615
smids/Normal_Sperm/Normal_Sperm (145).bmp,0,4,0,0,0.808496,0.190781,0.000722
smids/Normal_Sperm/Normal_Sperm (161).bmp,0,4,0,0,0.546238,0.444492,0.009270
smids/Normal_Sperm/Normal_Sperm (165).bmp,0,4,0,0,0.589025,0.363303,0.047672
smids/Normal_Sperm/Normal_Sperm (167).bmp,0,4,0,0,0.970943,0.029034,0.000023
smids/Normal_Sperm/Normal_Sperm (168).bmp,0,4,0,0,0.993674,0.006135,0.000191
smids/Normal_Sperm/Normal_Sperm (170).bmp,0,4,0,0,0.942457,0.057524,0.000019
smids/Normal_Sperm/Normal_Sperm (174).bmp,0,4,0,0,0.958995,0.040965,0.000040
smids/Normal_Sperm/Normal_Sperm (176).bmp,0,4,0,0,0.997163,0.002835,0.000002
smids/Normal_Sperm/Normal_Sperm (19).bmp,0,4,0,1,0.143356,0.808856,0.047788
smids/Normal_Sperm/Normal_Sperm (212).bmp,0,4,0,0,0.933016,0.066041,0.000942
smids/Normal_Sperm/Normal_Sperm (228).bmp,0,4,0,0,0.992486,0.007514,0.000000
smids/Normal_Sperm/Normal_Sperm (23).bmp,0,4,0,0,0.915879,0.072000,0.012121
smids/Normal_Sperm/Normal_Sperm (233).bmp,0,4,0,0,0.949267,0.050728,0.000005
smids/Normal_Sperm/Normal_Sperm (234).bmp,0,4,0,0,0.922262,0.075721,0.002017
smids/Normal_Sperm/Normal_Sperm (24).bmp,0,4,0,0,0.981530,0.018468,0.000003
smids/Normal_Sperm/Normal_Sperm (240).bmp,0,4,0,0,0.953667,0.045465,0.000868
smids/Normal_Sperm/Normal_Sperm (250).bmp,0,4,0,0,0.906372,0.093584,0.000045
smids/Normal_Sperm/Normal_Sperm (255).bmp,0,4,0,0,0.971410,0.028578,0.000013
smids/Normal_Sperm/Normal_Sperm (260).bmp,0,4,0,0,0.984098,0.015110,0.000792
smids/Normal_Sperm/Normal_Sperm (265).bmp,0,4,0,0,0.754246,0.244706,0.001048
smids/Normal_Sperm/Normal_Sperm (277).bmp,0,4,0,0,0.758479,0.216822,0.024699
smids/Normal_Sperm/Normal_Sperm (28).bmp,0,4,0,1,0.135031,0.725623,0.139346
smids/Normal_Sperm/Normal_Sperm (282).bmp,0,4,0,0,0.912847,0.087141,0.000013
smids/Normal_Sperm/Normal_Sperm (284).bmp,0,4,0,0,0.928257,0.071721,0.000022
smids/Normal_Sperm/Normal_Sperm (285).bmp,0,4,0,0,0.788654,0.202370,0.008976
smids/Normal_Sperm/Normal_Sperm (29).bmp,0,4,0,0,0.954285,0.045704,0.000011
smids/Normal_Sperm/Normal_Sperm (298).bmp,0,4,0,0,0.734075,0.265920,0.000005
smids/Normal_Sperm/Normal_Sperm (3).bmp,0,4,0,1,0.332048,0.663931,0.004021
smids/Normal_Sperm/Normal_Sperm (305).bmp,0,4,0,0,0.945223,0.054726,0.000051
smids/Normal_Sperm/Normal_Sperm (312).bmp,0,4,0,0,0.946966,0.052782,0.000252
smids/Normal_Sperm/Normal_Sperm (319).bmp,0,4,0,1,0.339458,0.660289,0.000253
smids/Normal_Sperm/Normal_Sperm (321).bmp,0,4,0,0,0.961437,0.032096,0.006467
smids/Normal_Sperm/Normal_Sperm (323).bmp,0,4,0,0,0.920000,0.079875,0.000126
smids/Normal_Sperm/Normal_Sperm (334).bmp,0,4,0,0,0.924547,0.065259,0.010194
smids/Normal_Sperm/Normal_Sperm (335).bmp,0,4,0,0,0.706675,0.289739,0.003586
smids/Normal_Sperm/Normal_Sperm (336).bmp,0,4,0,0,0.900804,0.098658,0.000538
smids/Normal_Sperm/Normal_Sperm (342).bmp,0,4,0,0,0.805010,0.154107,0.040882
smids/Normal_Sperm/Normal_Sperm (345).bmp,0,4,0,0,0.492791,0.381491,0.125718
smids/Normal_Sperm/Normal_Sperm (347).bmp,0,4,0,0,0.908952,0.089678,0.001370
smids/Normal_Sperm/Normal_Sperm (348).bmp,0,4,0,0,0.894622,0.103346,0.002032
smids/Normal_Sperm/Normal_Sperm (36).bmp,0,4,0,0,0.978822,0.017716,0.003462
smids/Normal_Sperm/Normal_Sperm (367).bmp,0,4,0,0,0.888010,0.111852,0.000138
smids/Normal_Sperm/Normal_Sperm (381).bmp,0,4,0,0,0.647976,0.350285,0.001739
smids/Normal_Sperm/Normal_Sperm (384).bmp,0,4,0,0,0.819054,0.180540,0.000406
smids/Normal_Sperm/Normal_Sperm (392).bmp,0,4,0,0,0.764091,0.235807,0.000102
smids/Normal_Sperm/Normal_Sperm (397).bmp,0,4,0,0,0.959169,0.039656,0.001174
smids/Normal_Sperm/Normal_Sperm (4).bmp,0,4,0,0,0.793859,0.205662,0.000479
smids/Normal_Sperm/Normal_Sperm (404).bmp,0,4,0,0,0.671108,0.315518,0.013374
smids/Normal_Sperm/Normal_Sperm (407).bmp,0,4,0,0,0.943909,0.055788,0.000304
smids/Normal_Sperm/Normal_Sperm (41).bmp,0,4,0,2,0.171538,0.020545,0.807917
smids/Normal_Sperm/Normal_Sperm (416).bmp,0,4,0,0,0.909998,0.089665,0.000337
smids/Normal_Sperm/Normal_Sperm (424).bmp,0,4,0,0,0.974341,0.025654,0.000006
smids/Normal_Sperm/Normal_Sperm (426).bmp,0,4,0,0,0.840325,0.158328,0.001347
smids/Normal_Sperm/Normal_Sperm (428).bmp,0,4,0,0,0.754569,0.228741,0.016690
smids/Normal_Sperm/Normal_Sperm (432).bmp,0,4,0,0,0.955193,0.044807,0.000001
smids/Normal_Sperm/Normal_Sperm (436).bmp,0,4,0,0,0.858195,0.141720,0.000085
smids/Normal_Sperm/Normal_Sperm (446).bmp,0,4,0,0,0.953033,0.031368,0.015600
smids/Normal_Sperm/Normal_Sperm (447).bmp,0,4,0,0,0.951132,0.047414,0.001454
smids/Normal_Sperm/Normal_Sperm (454).bmp,0,4,0,0,0.973091,0.026902,0.000006
smids/Normal_Sperm/Normal_Sperm (463).bmp,0,4,0,0,0.891543,0.108428,0.000028
smids/Normal_Sperm/Normal_Sperm (467).bmp,0,4,0,0,0.952896,0.047057,0.000047
smids/Normal_Sperm/Normal_Sperm (470).bmp,0,4,0,0,0.902717,0.097281,0.000001
smids/Normal_Sperm/Normal_Sperm (477).bmp,0,4,0,0,0.925406,0.074568,0.000026
smids/Normal_Sperm/Normal_Sperm (480).bmp,0,4,0,0,0.891934,0.107956,0.000110
smids/Normal_Sperm/Normal_Sperm (484).bmp,0,4,0,0,0.970598,0.029379,0.000022
smids/Normal_Sperm/Normal_Sperm (485).bmp,0,4,0,0,0.984840,0.015158,0.000001
smids/Normal_Sperm/Normal_Sperm (49).bmp,0,4,0,1,0.215308,0.781896,0.002795
smids/Normal_Sperm/Normal_Sperm (493).bmp,0,4,0,0,0.867224,0.132712,0.000065
smids/Normal_Sperm/Normal_Sperm (495).bmp,0,4,0,0,0.995953,0.004046,0.000001
smids/Normal_Sperm/Normal_Sperm (503).bmp,0,4,0,0,0.935931,0.064063,0.000007
smids/Normal_Sperm/Normal_Sperm (506).bmp,0,4,0,0,0.991777,0.008222,0.000000
smids/Normal_Sperm/Normal_Sperm (513).bmp,0,4,0,0,0.995480,0.004511,0.000009
smids/Normal_Sperm/Normal_Sperm (517).bmp,0,4,0,0,0.904716,0.095280,0.000004
smids/Normal_Sperm/Normal_Sperm (534).bmp,0,4,0,0,0.976061,0.019157,0.004782
smids/Normal_Sperm/Normal_Sperm (536).bmp,0,4,0,0,0.891673,0.108266,0.000061
smids/Normal_Sperm/Normal_Sperm (538).bmp,0,4,0,0,0.787609,0.211386,0.001005
smids/Normal_Sperm/Normal_Sperm (539).bmp,0,4,0,0,0.949247,0.050752,0.000001
smids/Normal_Sperm/Normal_Sperm (54).bmp,0,4,0,0,0.990701,0.009077,0.000223
smids/Normal_Sperm/Normal_Sperm (541).bmp,0,4,0,0,0.857109,0.142637,0.000254
smids/Normal_Sperm/Normal_Sperm (549).bmp,0,4,0,0,0.953925,0.046046,0.000029
smids/Normal_Sperm/Normal_Sperm (552).bmp,0,4,0,0,0.964480,0.035429,0.000090
smids/Normal_Sperm/Normal_Sperm (554).bmp,0,4,0,0,0.994418,0.005533,0.000049
smids/Normal_Sperm/Normal_Sperm (558).bmp,0,4,0,0,0.871753,0.128159,0.000088
smids/Normal_Sperm/Normal_Sperm (567).bmp,0,4,0,0,0.967188,0.032807,0.000005
smids/Normal_Sperm/Normal_Sperm (569).bmp,0,4,0,0,0.987635,0.012364,0.000001
smids/Normal_Sperm/Normal_Sperm (571).bmp,0,4,0,0,0.956419,0.025532,0.018049
smids/Normal_Sperm/Normal_Sperm (572).bmp,0,4,0,0,0.910215,0.089703,0.000082
smids/Normal_Sperm/Normal_Sperm (574).bmp,0,4,0,0,0.482818,0.455543,0.061640
smids/Normal_Sperm/Normal_Sperm (578).bmp,0,4,0,0,0.991487,0.008473,0.000041
smids/Normal_Sperm/Normal_Sperm (582).bmp,0,4,0,0,0.850178,0.149252,0.000570
smids/Normal_Sperm/Normal_Sperm (584).bmp,0,4,0,0,0.875069,0.124864,0.000067
smids/Normal_Sperm/Normal_Sperm (588).bmp,0,4,0,0,0.960639,0.039222,0.000139
smids/Normal_Sperm/Normal_Sperm (59).bmp,0,4,0,1,0.253336,0.745578,0.001085
smids/Normal_Sperm/Normal_Sperm (592).bmp,0,4,0,0,0.887276,0.112099,0.000625
smids/Normal_Sperm/Normal_Sperm (593).bmp,0,4,0,0,0.993288,0.006664,0.000048
smids/Normal_Sperm/Normal_Sperm (599).bmp,0,4,0,0,0.907899,0.092059,0.000042
smids/Normal_Sperm/Normal_Sperm (600).bmp,0,4,0,0,0.943664,0.056139,0.000198
smids/Normal_Sperm/Normal_Sperm (603).bmp,0,4,0,0,0.964366,0.035586,0.000049
smids/Normal_Sperm/Normal_Sperm (607).bmp,0,4,0,0,0.973872,0.026124,0.000004
smids/Normal_Sperm/Normal_Sperm (616).bmp,0,4,0,0,0.901235,0.098757,0.000008
smids/Normal_Sperm/Normal_Sperm (621).bmp,0,4,0,0,0.938729,0.061265,0.000006
smids/Normal_Sperm/Normal_Sperm (623).bmp,0,4,0,0,0.900046,0.099911,0.000043
smids/Normal_Sperm/Normal_Sperm (625).bmp,0,4,0,0,0.944137,0.055851,0.000012
smids/Normal_Sperm/Normal_Sperm (628).bmp,0,4,0,0,0.929289,0.070681,0.000029
smids/Normal_Sperm/Normal_Sperm (634).bmp,0,4,0,0,0.909554,0.089491,0.000955
smids/Normal_Sperm/Normal_Sperm (641).bmp,0,4,0,0,0.978946,0.021050,0.000004
smids/Normal_Sperm/Normal_Sperm (647).bmp,0,4,0,0,0.921888,0.077986,0.000127
smids/Normal_Sperm/Normal_Sperm (651).bmp,0,4,0,0,0.984574,0.015407,0.000019
smids/Normal_Sperm/Normal_Sperm (652).bmp,0,4,0,0,0.905696,0.094274,0.000030
smids/Normal_Sperm/Normal_Sperm (654).bmp,0,4,0,0,0.988422,0.011486,0.000091
smids/Normal_Sperm/Normal_Sperm (655).bmp,0,4,0,0,0.884373,0.114782,0.000845
smids/Normal_Sperm/Normal_Sperm (66).bmp,0,4,0,0,0.853292,0.146662,0.000046
smids/Normal_Sperm/Normal_Sperm (663).bmp,0,4,0,0,0.980116,0.019884,0.000000
smids/Normal_Sperm/Normal_Sperm (666).bmp,0,4,0,0,0.978795,0.021197,0.000008
smids/Normal_Sperm/Normal_Sperm (671).bmp,0,4,0,0,0.994441,0.005553,0.000006
smids/Normal_Sperm/Normal_Sperm (683).bmp,0,4,0,0,0.974690,0.025309,0.000001
smids/Normal_Sperm/Normal_Sperm (687).bmp,0,4,0,0,0.917717,0.082162,0.000121
smids/Normal_Sperm/Normal_Sperm (689).bmp,0,4,0,0,0.988629,0.011257,0.000114
smids/Normal_Sperm/Normal_Sperm (690).bmp,0,4,0,0,0.984158,0.015841,0.000001
smids/Normal_Sperm/Normal_Sperm (696).bmp,0,4,0,0,0.916316,0.083572,0.000112
smids/Normal_Sperm/Normal_Sperm (698).bmp,0,4,0,0,0.971833,0.028157,0.000010
smids/Normal_Sperm/Normal_Sperm (699).bmp,0,4,0,0,0.683679,0.314465,0.001856
smids/Normal_Sperm/Normal_Sperm (70).bmp,0,4,0,0,0.886168,0.113728,0.000104
smids/Normal_Sperm/Normal_Sperm (700).bmp,0,4,0,0,0.657977,0.341991,0.000032
smids/Normal_Sperm/Normal_Sperm (708).bmp,0,4,0,0,0.928169,0.071774,0.000057
smids/Normal_Sperm/Normal_Sperm (709).bmp,0,4,0,0,0.975540,0.024452,0.000007
smids/Normal_Sperm/Normal_Sperm (71).bmp,0,4,0,0,0.929074,0.070919,0.000007
smids/Normal_Sperm/Normal_Sperm (713).bmp,0,4,0,1,0.252599,0.735183,0.012218
smids/Normal_Sperm/Normal_Sperm (715).bmp,0,4,0,0,0.521338,0.362607,0.116056
smids/Normal_Sperm/Normal_Sperm (723).bmp,0,4,0,0,0.934217,0.065745,0.000038
smids/Normal_Sperm/Normal_Sperm (724).bmp,0,4,0,0,0.986891,0.012693,0.000416
smids/Normal_Sperm/Normal_Sperm (73).bmp,0,4,0,0,0.735171,0.264819,0.000010
smids/Normal_Sperm/Normal_Sperm (733).bmp,0,4,0,0,0.943138,0.056761,0.000101
smids/Normal_Sperm/Normal_Sperm (735).bmp,0,4,0,0,0.984675,0.012921,0.002404
smids/Normal_Sperm/Normal_Sperm (74).bmp,0,4,0,0,0.866050,0.133867,0.000083
smids/Normal_Sperm/Normal_Sperm (742).bmp,0,4,0,0,0.955743,0.044256,0.000001
smids/Normal_Sperm/Normal_Sperm (747).bmp,0,4,0,0,0.979687,0.020280,0.000033
smids/Normal_Sperm/Normal_Sperm (752).bmp,0,4,0,0,0.963406,0.036487,0.000107
smids/Normal_Sperm/Normal_Sperm (758).bmp,0,4,0,0,0.980655,0.019242,0.000103
smids/Normal_Sperm/Normal_Sperm (760).bmp,0,4,0,0,0.962899,0.037096,0.000005
smids/Normal_Sperm/Normal_Sperm (765).bmp,0,4,0,0,0.945800,0.054189,0.000011
smids/Normal_Sperm/Normal_Sperm (769).bmp,0,4,0,0,0.852351,0.147004,0.000646
smids/Normal_Sperm/Normal_Sperm (770).bmp,0,4,0,1,0.287654,0.600658,0.111688
smids/Normal_Sperm/Normal_Sperm (777).bmp,0,4,0,0,0.963878,0.036077,0.000045
smids/Normal_Sperm/Normal_Sperm (779).bmp,0,4,0,0,0.935004,0.064921,0.000075
smids/Normal_Sperm/Normal_Sperm (780).bmp,0,4,0,0,0.986189,0.013451,0.000359
smids/Normal_Sperm/Normal_Sperm (783).bmp,0,4,0,0,0.941440,0.033927,0.024633
smids/Normal_Sperm/Normal_Sperm (784).bmp,0,4,0,0,0.991558,0.008422,0.000021
smids/Normal_Sperm/Normal_Sperm (789).bmp,0,4,0,0,0.971099,0.028732,0.000170
smids/Normal_Sperm/Normal_Sperm (790).bmp,0,4,0,0,0.971054,0.028139,0.000807
smids/Normal_Sperm/Normal_Sperm (794).bmp,0,4,0,0,0.951529,0.044691,0.003781
smids/Normal_Sperm/Normal_Sperm (803).bmp,0,4,0,0,0.867317,0.126141,0.006542
smids/Normal_Sperm/Normal_Sperm (804).bmp,0,4,0,0,0.929985,0.069750,0.000265
smids/Normal_Sperm/Normal_Sperm (807).bmp,0,4,0,0,0.907229,0.092567,0.000204
smids/Normal_Sperm/Normal_Sperm (811).bmp,0,4,0,0,0.951219,0.048696,0.000085
smids/Normal_Sperm/Normal_Sperm (821).bmp,0,4,0,0,0.974589,0.025405,0.000006
smids/Normal_Sperm/Normal_Sperm (826).bmp,0,4,0,0,0.810815,0.188929,0.000256
smids/Normal_Sperm/Normal_Sperm (83).bmp,0,4,0,0,0.932551,0.065418,0.002032
smids/Normal_Sperm/Normal_Sperm (833).bmp,0,4,0,0,0.579870,0.415192,0.004938
smids/Normal_Sperm/Normal_Sperm (85).bmp,0,4,0,0,0.789877,0.209628,0.000495
smids/Normal_Sperm/Normal_Sperm (856).bmp,0,4,0,0,0.974072,0.023398,0.002530
smids/Normal_Sperm/Normal_Sperm (857).bmp,0,4,0,1,0.242763,0.756293,0.000944
smids/Normal_Sperm/Normal_Sperm (859).bmp,0,4,0,0,0.872233,0.127763,0.000004
smids/Normal_Sperm/Normal_Sperm (861).bmp,0,4,0,0,0.989986,0.010013,0.000001
smids/Normal_Sperm/Normal_Sperm (873).bmp,0,4,0,1,0.169163,0.828557,0.002281
smids/Normal_Sperm/Normal_Sperm (876).bmp,0,4,0,0,0.928109,0.071876,0.000015
smids/Normal_Sperm/Normal_Sperm (882).bmp,0,4,0,1,0.357821,0.642168,0.000011
smids/Normal_Sperm/Normal_Sperm (883).bmp,0,4,0,0,0.932117,0.067832,0.000051
smids/Normal_Sperm/Normal_Sperm (892).bmp,0,4,0,1,0.245862,0.753129,0.001008
smids/Normal_Sperm/Normal_Sperm (90).bmp,0,4,0,0,0.867655,0.129952,0.002392
smids/Normal_Sperm/Normal_Sperm (905).bmp,0,4,0,0,0.665334,0.325896,0.008771
smids/Normal_Sperm/Normal_Sperm (909).bmp,0,4,0,1,0.293277,0.706722,0.000000
smids/Normal_Sperm/Normal_Sperm (914).bmp,0,4,0,0,0.894598,0.105400,0.000003
smids/Normal_Sperm/Normal_Sperm (916).bmp,0,4,0,1,0.240157,0.759788,0.000055
smids/Normal_Sperm/Normal_Sperm (92).bmp,0,4,0,0,0.965652,0.026332,0.008016
smids/Normal_Sperm/Normal_Sperm (920).bmp,0,4,0,0,0.846870,0.153113,0.000017
smids/Normal_Sperm/Normal_Sperm (924).bmp,0,4,0,0,0.665213,0.334787,0.000000
smids/Normal_Sperm/Normal_Sperm (931).bmp,0,4,0,1,0.334128,0.665779,0.000094
smids/Normal_Sperm/Normal_Sperm (932).bmp,0,4,0,1,0.424382,0.575572,0.000047
smids/Normal_Sperm/Normal_Sperm (938).bmp,0,4,0,0,0.646061,0.353609,0.000329
smids/Normal_Sperm/Normal_Sperm (94).bmp,0,4,0,0,0.811855,0.186490,0.001655
smids/Normal_Sperm/Normal_Sperm (943).bmp,0,4,0,0,0.515760,0.484228,0.000012
smids/Normal_Sperm/Normal_Sperm (944).bmp,0,4,0,0,0.950365,0.049635,0.000000
smids/Normal_Sperm/Normal_Sperm (950).bmp,0,4,0,1,0.184295,0.815376,0.000330
smids/Normal_Sperm/Normal_Sperm (955).bmp,0,4,0,1,0.152436,0.842572,0.004992
smids/Normal_Sperm/Normal_Sperm (958).bmp,0,4,0,0,0.941273,0.058724,0.000003
smids/Normal_Sperm/Normal_Sperm (96).bmp,0,4,0,0,0.874762,0.119910,0.005328
smids/Normal_Sperm/Normal_Sperm (980).bmp,0,4,0,0,0.748920,0.212211,0.038869
smids/Normal_Sperm/Normal_Sperm (988).bmp,0,4,0,0,0.502571,0.497421,0.000009
smids/Normal_Sperm/Normal_Sperm (993).bmp,0,4,0,0,0.817966,0.180692,0.001342
smids/Normal_Sperm/Normal_Sperm (999).bmp,0,4,0,0,0.845193,0.099634,0.055173
