image_id,repeat,fold,label_idx,pred,prob_0,prob_1,prob_2
smids/Abnormal_Sperm/Abnormal_Sperm (1002).bmp,0,0,1,1,0.220082,0.773779,0.006139
smids/Abnormal_Sperm/Abnormal_Sperm (105).bmp,0,0,1,1,0.205558,0.790982,0.003460
smids/Abnormal_Sperm/Abnormal_Sperm (107).bmp,0,0,1,1,0.057365,0.888514,0.054121
smids/Abnormal_Sperm/Abnormal_Sperm (11).bmp,0,0,1,1,0.343879,0.573889,0.082233
smids/Abnormal_Sperm/Abnormal_Sperm (111).bmp,0,0,1,1,0.205870,0.533950,0.260180
smids/Abnormal_Sperm/Abnormal_Sperm (112).bmp,0,0,1,1,0.193695,0.596223,0.210081
smids/Abnormal_Sperm/Abnormal_Sperm (119).bmp,0,0,1,1,0.055578,0.936278,0.008144
smids/Abnormal_Sperm/Abnormal_Sperm (120).bmp,0,0,1,1,0.089758,0.866092,0.044150
smids/Abnormal_Sperm/Abnormal_Sperm (123).bmp,0,0,1,1,0.014209,0.984441,0.001349
smids/Abnormal_Sperm/Abnormal_Sperm (125).bmp,0,0,1,1,0.058235,0.906565,0.035200
smids/Abnormal_Sperm/Abnormal_Sperm (13).bmp,0,0,1,2,0.090365,0.159568,0.750067
smids/Abnormal_Sperm/Abnormal_Sperm (132).bmp,0,0,1,1,0.212051,0.783475,0.004474
smids/Abnormal_Sperm/Abnormal_Sperm (133).bmp,0,0,1,1,0.047286,0.899885,0.052830
smids/Abnormal_Sperm/Abnormal_Sperm (141).bmp,0,0,1,1,0.025428,0.972137,0.002435
smids/Abnormal_Sperm/Abnormal_Sperm (147).bmp,0,0,1,1,0.007797,0.963330,0.028873
smids/Abnormal_Sperm/Abnormal_Sperm (152).bmp,0,0,1,1,0.026630,0.969746,0.003624
smids/Abnormal_Sperm/Abnormal_Sperm (167).bmp,0,0,1,1,0.096785,0.869144,0.034071
smids/Abnormal_Sperm/Abnormal_Sperm (168).bmp,0,0,1,1,0.054159,0.854348,0.091492
smids/Abnormal_Sperm/Abnormal_Sperm (172).bmp,0,0,1,0,0.944084,0.053155,0.002762
smids/Abnormal_Sperm/Abnormal_Sperm (173).bmp,0,0,1,1,0.020593,0.949822,0.029585
smids/Abnormal_Sperm/Abnormal_Sperm (175).bmp,0,0,1,1,0.059544,0.930692,0.009764
smids/Abnormal_Sperm/Abnormal_Sperm (176).bmp,0,0,1,1,0.197588,0.800657,0.001755
smids/Abnormal_Sperm/Abnormal_Sperm (187).bmp,0,0,1,1,0.157443,0.835232,0.007325
smids/Abnormal_Sperm/Abnormal_Sperm (193).bmp,0,0,1,1,0.303187,0.682905,0.013908
smids/Abnormal_Sperm/Abnormal_Sperm (194).bmp,0,0,1,1,0.279227,0.507492,0.213281
smids/Abnormal_Sperm/Abnormal_Sperm (20).bmp,0,0,1,2,0.001465,0.039045,0.959490
smids/Abnormal_Sperm/Abnormal_Sperm (203).bmp,0,0,1,0,0.714046,0.282405,0.003548
smids/Abnormal_Sperm/Abnormal_Sperm (208).bmp,0,0,1,1,0.311170,0.678109,0.010721
smids/Abnormal_Sperm/Abnormal_Sperm (212).bmp,0,0,1,0,0.660418,0.335275,0.004307
smids/Abnormal_Sperm/Abnormal_Sperm (218).bmp,0,0,1,0,0.660547,0.337399,0.002055
smids/Abnormal_Sperm/Abnormal_Sperm (221).bmp,0,0,1,1,0.008892,0.990025,0.001083
smids/Abnormal_Sperm/Abnormal_Sperm (222).bmp,0,0,1,1,0.097012,0.838088,0.064900
smids/Abnormal_Sperm/Abnormal_Sperm (224).bmp,0,0,1,1,0.052370,0.947428,0.000202
smids/Abnormal_Sperm/Abnormal_Sperm (23).bmp,0,0,1,1,0.352210,0.641164,0.006626
smids/Abnormal_Sperm/Abnormal_Sperm (234).bmp,0,0,1,1,0.001147,0.996155,0.002698
smids/Abnormal_Sperm/Abnormal_Sperm (241).bmp,0,0,1,1,0.253774,0.717437,0.028789
smids/Abnormal_Sperm/Abnormal_Sperm (246).bmp,0,0,1,1,0.151585,0.813884,0.034531
smids/Abnormal_Sperm/Abnormal_Sperm (26).bmp,0,0,1,1,0.157451,0.838056,0.004493
smids/Abnormal_Sperm/Abnormal_Sperm (268).bmp,0,0,1,1,0.070040,0.913633,0.016326
smids/Abnormal_Sperm/Abnormal_Sperm (275).bmp,0,0,1,1,0.015699,0.982387,0.001914
smids/Abnormal_Sperm/Abnormal_Sperm (276).bmp,0,0,1,1,0.029366,0.970346,0.000288
smids/Abnormal_Sperm/Abnormal_Sperm (28).bmp,0,0,1,0,0.877011,0.059183,0.063806
smids/Abnormal_Sperm/Abnormal_Sperm (31).bmp,0,0,1,1,0.094802,0.899099,0.006099
smids/Abnormal_Sperm/Abnormal_Sperm (320).bmp,0,0,1,1,0.035565,0.963308,0.001127
smids/Abnormal_Sperm/Abnormal_Sperm (321).bmp,0,0,1,1,0.479185,0.517971,0.002844
smids/Abnormal_Sperm/Abnormal_Sperm (333).bmp,0,0,1,1,0.176340,0.804621,0.019039
smids/Abnormal_Sperm/Abnormal_Sperm (335).bmp,0,0,1,1,0.315192,0.634294,0.050513
smids/Abnormal_Sperm/Abnormal_Sperm (342).bmp,0,0,1,1,0.088325,0.814475,0.097200
smids/Abnormal_Sperm/Abnormal_Sperm (343).bmp,0,0,1,1,0.146988,0.710440,0.142572
smids/Abnormal_Sperm/Abnormal_Sperm (345).bmp,0,0,1,1,0.435631,0.548390,0.015979
smids/Abnormal_Sperm/Abnormal_Sperm (35).bmp,0,0,1,1,0.097282,0.862687,0.040032
smids/Abnormal_Sperm/Abnormal_Sperm (351).bmp,0,0,1,1,0.209102,0.764491,0.026407
smids/Abnormal_Sperm/Abnormal_Sperm (356).bmp,0,0,1,1,0.069343,0.901880,0.028776
smids/Abnormal_Sperm/Abnormal_Sperm (359).bmp,0,0,1,1,0.037147,0.922378,0.040475
smids/Abnormal_Sperm/Abnormal_Sperm (361).bmp,0,0,1,1,0.372032,0.570800,0.057169
smids/Abnormal_Sperm/Abnormal_Sperm (365).bmp,0,0,1,1,0.028218,0.963749,0.008033
smids/Abnormal_Sperm/Abnormal_Sperm (371).bmp,0,0,1,1,0.312009,0.683062,0.004929
smids/Abnormal_Sperm/Abnormal_Sperm (373).bmp,0,0,1,1,0.237547,0.745804,0.016649
smids/Abnormal_Sperm/Abnormal_Sperm (378).bmp,0,0,1,0,0.638498,0.350273,0.011229
smids/Abnormal_Sperm/Abnormal_Sperm (380).bmp,0,0,1,1,0.011600,0.955857,0.032543
smids/Abnormal_Sperm/Abnormal_Sperm (388).bmp,0,0,1,1,0.001453,0.953433,0.045113
smids/Abnormal_Sperm/Abnormal_Sperm (394).bmp,0,0,1,1,0.012919,0.948904,0.038177
smids/Abnormal_Sperm/Abnormal_Sperm (406).bmp,0,0,1,1,0.210788,0.762734,0.026478
smids/Abnormal_Sperm/Abnormal_Sperm (407).bmp,0,0,1,0,0.612869,0.384397,0.002734
smids/Abnormal_Sperm/Abnormal_Sperm (42).bmp,0,0,1,0,0.914185,0.085166,0.000648
smids/Abnormal_Sperm/Abnormal_Sperm (422).bmp,0,0,1,1,0.057657,0.853266,0.089077
smids/Abnormal_Sperm/Abnormal_Sperm (424).bmp,0,0,1,2,0.013292,0.153009,0.833699
smids/Abnormal_Sperm/Abnormal_Sperm (427).bmp,0,0,1,1,0.128559,0.634275,0.237166
smids/Abnormal_Sperm/Abnormal_Sperm (430).bmp,0,0,1,1,0.110138,0.887109,0.002753
smids/Abnormal_Sperm/Abnormal_Sperm (438).bmp,0,0,1,1,0.021864,0.973581,0.004554
smids/Abnormal_Sperm/Abnormal_Sperm (440).bmp,0,0,1,1,0.227585,0.762697,0.009719
smids/Abnormal_Sperm/Abnormal_Sperm (441).bmp,0,0,1,1,0.056754,0.937400,0.005846
smids/Abnormal_Sperm/Abnormal_Sperm (444).bmp,0,0,1,1,0.188161,0.811341,0.000499
smids/Abnormal_Sperm/Abnormal_Sperm (452).bmp,0,0,1,1,0.055583,0.865971,0.078447
smids/Abnormal_Sperm/Abnormal_Sperm (454).bmp,0,0,1,1,0.025106,0.971996,0.002898
smids/Abnormal_Sperm/Abnormal_Sperm (457).bmp,0,0,1,1,0.058435,0.937323,0.004242
smids/Abnormal_Sperm/Abnormal_Sperm (464).bmp,0,0,1,1,0.101188,0.897861,0.000950
smids/Abnormal_Sperm/Abnormal_Sperm (467).bmp,0,0,1,1,0.008224,0.961632,0.030145
smids/Abnormal_Sperm/Abnormal_Sperm (468).bmp,0,0,1,1,0.034524,0.810894,0.154582
smids/Abnormal_Sperm/Abnormal_Sperm (470).bmp,0,0,1,1,0.018773,0.975522,0.005705
smids/Abnormal_Sperm/Abnormal_Sperm (471).bmp,0,0,1,1,0.025078,0.974411,0.000511
smids/Abnormal_Sperm/Abnormal_Sperm (476).bmp,0,0,1,1,0.200515,0.793223,0.006262
smids/Abnormal_Sperm/Abnormal_Sperm (479).bmp,0,0,1,2,0.141829,0.154542,0.703629
smids/Abnormal_Sperm/Abnormal_Sperm (48).bmp,0,0,1,1,0.020311,0.732651,0.247038
smids/Abnormal_Sperm/Abnormal_Sperm (481).bmp,0,0,1,1,0.065258,0.598216,0.336526
smids/Abnormal_Sperm/Abnormal_Sperm (482).bmp,0,0,1,1,0.056043,0.524054,0.419903
smids/Abnormal_Sperm/Abnormal_Sperm (484).bmp,0,0,1,1,0.068102,0.924957,0.006941
smids/Abnormal_Sperm/Abnormal_Sperm (488).bmp,0,0,1,2,0.003723,0.024401,0.971876
smids/Abnormal_Sperm/Abnormal_Sperm (501).bmp,0,0,1,0,0.570377,0.300221,0.129402
smids/Abnormal_Sperm/Abnormal_Sperm (512).bmp,0,0,1,0,0.397240,0.213485,0.389275
smids/Abnormal_Sperm/Abnormal_Sperm (513).bmp,0,0,1,1,0.102578,0.810865,0.086557
smids/Abnormal_Sperm/Abnormal_Sperm (514).bmp,0,0,1,1,0.304535,0.651866,0.043599
smids/Abnormal_Sperm/Abnormal_Sperm (527).bmp,0,0,1,2,0.170724,0.345104,0.484173
smids/Abnormal_Sperm/Abnormal_Sperm (53).bmp,0,0,1,1,0.032215,0.915960,0.051825
smids/Abnormal_Sperm/Abnormal_Sperm (530).bmp,0,0,1,1,0.267855,0.671530,0.060614
smids/Abnormal_Sperm/Abnormal_Sperm (533).bmp,0,0,1,0,0.929120,0.070639,0.000241
smids/Abnormal_Sperm/Abnormal_Sperm (538).bmp,0,0,1,1,0.058081,0.905052,0.036867
smids/Abnormal_Sperm/Abnormal_Sperm (546).bmp,0,0,1,0,0.670561,0.328318,0.001121
smids/Abnormal_Sperm/Abnormal_Sperm (557).bmp,0,0,1,0,0.850001,0.089808,0.060190
smids/Abnormal_Sperm/Abnormal_Sperm (562).bmp,0,0,1,2,0.205070,0.244849,0.550081
smids/Abnormal_Sperm/Abnormal_Sperm (565).bmp,0,0,1,1,0.454978,0.467822,0.077200
smids/Abnormal_Sperm/Abnormal_Sperm (569).bmp,0,0,1,1,0.268979,0.580413,0.150609
smids/Abnormal_Sperm/Abnormal_Sperm (581).bmp,0,0,1,0,0.566260,0.363161,0.070579
smids/Abnormal_Sperm/Abnormal_Sperm (585).bmp,0,0,1,1,0.144066,0.616882,0.239053
smids/Abnormal_Sperm/Abnormal_Sperm (591).bmp,0,0,1,2,0.029632,0.279894,0.690475
smids/Abnormal_Sperm/Abnormal_Sperm (593).bmp,0,0,1,1,0.132383,0.856691,0.010926
smids/Abnormal_Sperm/Abnormal_Sperm (597).bmp,0,0,1,1,0.162872,0.620633,0.216496
smids/Abnormal_Sperm/Abnormal_Sperm (598).bmp,0,0,1,1,0.329356,0.666171,0.004472
smids/Abnormal_Sperm/Abnormal_Sperm (599).bmp,0,0,1,1,0.244680,0.646620,0.108700
smids/Abnormal_Sperm/Abnormal_Sperm (600).bmp,0,0,1,0,0.710864,0.264115,0.025021
smids/Abnormal_Sperm/Abnormal_Sperm (603).bmp,0,0,1,1,0.365360,0.622219,0.012421
smids/Abnormal_Sperm/Abnormal_Sperm (609).bmp,0,0,1,1,0.395391,0.554740,0.049869
smids/Abnormal_Sperm/Abnormal_Sperm (610).bmp,0,0,1,1,0.307037,0.681596,0.011367
smids/Abnormal_Sperm/Abnormal_Sperm (618).bmp,0,0,1,1,0.250183,0.735300,0.014518
smids/Abnormal_Sperm/Abnormal_Sperm (620).bmp,0,0,1,1,0.240115,0.535967,0.223918
smids/Abnormal_Sperm/Abnormal_Sperm (624).bmp,0,0,1,1,0.010236,0.960950,0.028814
smids/Abnormal_Sperm/Abnormal_Sperm (627).bmp,0,0,1,2,0.009101,0.016474,0.974424
smids/Abnormal_Sperm/Abnormal_Sperm (634).bmp,0,0,1,1,0.339353,0.626754,0.033893
smids/Abnormal_Sperm/Abnormal_Sperm (639).bmp,0,0,1,1,0.022398,0.924648,0.052954
smids/Abnormal_Sperm/Abnormal_Sperm (645).bmp,0,0,1,1,0.031719,0.946335,0.021946
smids/Abnormal_Sperm/Abnormal_Sperm (647).bmp,0,0,1,0,0.774646,0.193799,0.031554
smids/Abnormal_Sperm/Abnormal_Sperm (648).bmp,0,0,1,1,0.280219,0.543996,0.175785
smids/Abnormal_Sperm/Abnormal_Sperm (655).bmp,0,0,1,1,0.215306,0.778136,0.006558
smids/Abnormal_Sperm/Abnormal_Sperm (662).bmp,0,0,1,1,0.052582,0.758856,0.188562
smids/Abnormal_Sperm/Abnormal_Sperm (666).bmp,0,0,1,1,0.172342,0.454963,0.372694
smids/Abnormal_Sperm/Abnormal_Sperm (670).bmp,0,0,1,0,0.634876,0.322482,0.042641
smids/Abnormal_Sperm/Abnormal_Sperm (679).bmp,0,0,1,1,0.168802,0.743610,0.087588
smids/Abnormal_Sperm/Abnormal_Sperm (684).bmp,0,0,1,1,0.319065,0.594999,0.085935
smids/Abnormal_Sperm/Abnormal_Sperm (685).bmp,0,0,1,1,0.231255,0.668902,0.099844
smids/Abnormal_Sperm/Abnormal_Sperm (686).bmp,0,0,1,1,0.128738,0.849046,0.022216
smids/Abnormal_Sperm/Abnormal_Sperm (69).bmp,0,0,1,1,0.168631,0.830375,0.000994
smids/Abnormal_Sperm/Abnormal_Sperm (693).bmp,0,0,1,1,0.121394,0.517799,0.360807
smids/Abnormal_Sperm/Abnormal_Sperm (696).bmp,0,0,1,1,0.271682,0.651308,0.077010
smids/Abnormal_Sperm/Abnormal_Sperm (705).bmp,0,0,1,1,0.363865,0.591285,0.044850
smids/Abnormal_Sperm/Abnormal_Sperm (707).bmp,0,0,1,1,0.008676,0.982496,0.008828
smids/Abnormal_Sperm/Abnormal_Sperm (713).bmp,0,0,1,0,0.561269,0.434111,0.004620
smids/Abnormal_Sperm/Abnormal_Sperm (715).bmp,0,0,1,0,0.738633,0.222557,0.038810
smids/Abnormal_Sperm/Abnormal_Sperm (720).bmp,0,0,1,1,0.297090,0.617243,0.085667
smids/Abnormal_Sperm/Abnormal_Sperm (738).bmp,0,0,1,1,0.040155,0.951044,0.008801
smids/Abnormal_Sperm/Abnormal_Sperm (740).bmp,0,0,1,1,0.256469,0.740352,0.003178
smids/Abnormal_Sperm/Abnormal_Sperm (752).bmp,0,0,1,1,0.050911,0.929158,0.019931
smids/Abnormal_Sperm/Abnormal_Sperm (756).bmp,0,0,1,1,0.183187,0.779180,0.037632
smids/Abnormal_Sperm/Abnormal_Sperm (777).bmp,0,0,1,0,0.542668,0.456753,0.000579
smids/Abnormal_Sperm/Abnormal_Sperm (780).bmp,0,0,1,1,0.389326,0.472606,0.138068
smids/Abnormal_Sperm/Abnormal_Sperm (787).bmp,0,0,1,0,0.750538,0.230058,0.019404
smids/Abnormal_Sperm/Abnormal_Sperm (790).bmp,0,0,1,1,0.356441,0.635376,0.008182
smids/Abnormal_Sperm/Abnormal_Sperm (797).bmp,0,0,1,0,0.743651,0.235194,0.021155
smids/Abnormal_Sperm/Abnormal_Sperm (80).bmp,0,0,1,1,0.014479,0.954186,0.031335
smids/Abnormal_Sperm/Abnormal_Sperm (805).bmp,0,0,1,2,0.201414,0.346368,0.452218
smids/Abnormal_Sperm/Abnormal_Sperm (811).bmp,0,0,1,0,0.541810,0.435292,0.022898
smids/Abnormal_Sperm/Abnormal_Sperm (816).bmp,0,0,1,0,0.618084,0.361830,0.020085
smids/Abnormal_Sperm/Abnormal_Sperm (819).bmp,0,0,1,1,0.141199,0.850207,0.008594
smids/Abnormal_Sperm/Abnormal_Sperm (822).bmp,0,0,1,2,0.245263,0.362923,0.391814
smids/Abnormal_Sperm/Abnormal_Sperm (828).bmp,0,0,1,1,0.110853,0.857780,0.031367
smids/Abnormal_Sperm/Abnormal_Sperm (83).bmp,0,0,1,1,0.309668,0.656087,0.034245
smids/Abnormal_Sperm/Abnormal_Sperm (832).bmp,0,0,1,1,0.411420,0.585704,0.002876
smids/Abnormal_Sperm/Abnormal_Sperm (837).bmp,0,0,1,0,0.749495,0.171507,0.078997
smids/Abnormal_Sperm/Abnormal_Sperm (842).bmp,0,0,1,1,0.108456,0.891043,0.000501
smids/Abnormal_Sperm/Abnormal_Sperm (844).bmp,0,0,1,1,0.102224,0.849308,0.048467
smids/Abnormal_Sperm/Abnormal_Sperm (848).bmp,0,0,1,0,0.787888,0.206962,0.005150
smids/Abnormal_Sperm/Abnormal_Sperm (853).bmp,0,0,1,1,0.333832,0.594911,0.071257
smids/Abnormal_Sperm/Abnormal_Sperm (854).bmp,0,0,1,0,0.738473,0.259745,0.001782
smids/Abnormal_Sperm/Abnormal_Sperm (857).bmp,0,0,1,1,0.192958,0.783148,0.023894
smids/Abnormal_Sperm/Abnormal_Sperm (863).bmp,0,0,1,1,0.133546,0.861671,0.004783
smids/Abnormal_Sperm/Abnormal_Sperm (869).bmp,0,0,1,1,0.072275,0.926549,0.001177
smids/Abnormal_Sperm/Abnormal_Sperm (878).bmp,0,0,1,0,0.943732,0.056021,0.000247
smids/Abnormal_Sperm/Abnormal_Sperm (889).bmp,0,0,1,1,0.192926,0.796048,0.011026
smids/Abnormal_Sperm/Abnormal_Sperm (892).bmp,0,0,1,0,0.756635,0.241248,0.002117
smids/Abnormal_Sperm/Abnormal_Sperm (895).bmp,0,0,1,1,0.191779,0.807975,0.000246
smids/Abnormal_Sperm/Abnormal_Sperm (900).bmp,0,0,1,1,0.223058,0.770479,0.006463
smids/Abnormal_Sperm/Abnormal_Sperm (901).bmp,0,0,1,1,0.177578,0.814521,0.007902
smids/Abnormal_Sperm/Abnormal_Sperm (903).bmp,0,0,1,0,0.808490,0.175408,0.016102
smids/Abnormal_Sperm/Abnormal_Sperm (907).bmp,0,0,1,0,0.675830,0.230692,0.093478
smids/Abnormal_Sperm/Abnormal_Sperm (908).bmp,0,0,1,1,0.123999,0.863487,0.012514
smids/Abnormal_Sperm/Abnormal_Sperm (909).bmp,0,0,1,1,0.316836,0.674735,0.008429
smids/Abnormal_Sperm/Abnormal_Sperm (911).bmp,0,0,1,0,0.695955,0.302395,0.001650
smids/Abnormal_Sperm/Abnormal_Sperm (919).bmp,0,0,1,0,0.837692,0.073664,0.088644
smids/Abnormal_Sperm/Abnormal_Sperm (920).bmp,0,0,1,1,0.190507,0.748117,0.061375
smids/Abnormal_Sperm/Abnormal_Sperm (925).bmp,0,0,1,0,0.642539,0.351186,0.006275
smids/Abnormal_Sperm/Abnormal_Sperm (930).bmp,0,0,1,2,0.082405,0.017183,0.900412
smids/Abnormal_Sperm/Abnormal_Sperm (931).bmp,0,0,1,0,0.921351,0.067674,0.010974
smids/Abnormal_Sperm/Abnormal_Sperm (944).bmp,0,0,1,1,0.273950,0.716569,0.009481
smids/Abnormal_Sperm/Abnormal_Sperm (945).bmp,0,0,1,1,0.184752,0.736945,0.078304
smids/Abnormal_Sperm/Abnormal_Sperm (948).bmp,0,0,1,1,0.176728,0.814135,0.009137
smids/Abnormal_Sperm/Abnormal_Sperm (955).bmp,0,0,1,1,0.220675,0.777661,0.001665
smids/Abnormal_Sperm/Abnormal_Sperm (957).bmp,0,0,1,2,0.008421,0.049343,0.942236
smids/Abnormal_Sperm/Abnormal_Sperm (962).bmp,0,0,1,1,0.021261,0.822971,0.155768
smids/Abnormal_Sperm/Abnormal_Sperm (967).bmp,0,0,1,1,0.013062,0.926010,0.060927
smids/Abnormal_Sperm/Abnormal_Sperm (974).bmp,0,0,1,1,0.076177,0.909290,0.014533
smids/Abnormal_Sperm/Abnormal_Sperm (975).bmp,0,0,1,1,0.036495,0.959740,0.003765
smids/Abnormal_Sperm/Abnormal_Sperm (976).bmp,0,0,1,1,0.015555,0.683266,0.301179
smids/Abnormal_Sperm/Abnormal_Sperm (982).bmp,0,0,1,1,0.100429,0.895563,0.004008
smids/Abnormal_Sperm/Abnormal_Sperm (989).bmp,0,0,1,1,0.027374,0.930570,0.042056
smids/Abnormal_Sperm/Abnormal_Sperm (99).bmp,0,0,1,1,0.063049,0.930806,0.006145
smids/Abnormal_Sperm/Abnormal_Sperm (994).bmp,0,0,1,1,0.191243,0.803314,0.005444
smids/Non-Sperm/Non-Sperm (106).bmp,0,0,2,2,0.006724,0.005519,0.987757
smids/Non-Sperm/Non-Sperm (113).bmp,0,0,2,2,0.008737,0.004135,0.987128
smids/Non-Sperm/Non-Sperm (116).bmp,0,0,2,2,0.000324,0.000347,0.999328
smids/Non-Sperm/Non-Sperm (120).bmp,0,0,2,2,0.000532,0.000968,0.998500
smids/Non-Sperm/Non-Sperm (128).bmp,0,0,2,2,0.000491,0.001516,0.997993
smids/Non-Sperm/Non-Sperm (131).bmp,0,0,2,2,0.000541,0.000672,0.998787
smids/Non-Sperm/Non-Sperm (132).bmp,0,0,2,2,0.001337,0.002095,0.996568
smids/Non-Sperm/Non-Sperm (139).bmp,0,0,2,2,0.010998,0.026077,0.962925
smids/Non-Sperm/Non-Sperm (145).bmp,0,0,2,2,0.014503,0.038153,0.947344
smids/Non-Sperm/Non-Sperm (148).bmp,0,0,2,2,0.018630,0.003768,0.977602
smids/Non-Sperm/Non-Sperm (149).bmp,0,0,2,2,0.000157,0.000307,0.999537
smids/Non-Sperm/Non-Sperm (154).bmp,0,0,2,2,0.001917,0.006246,0.991837
smids/Non-Sperm/Non-Sperm (155).bmp,0,0,2,2,0.000173,0.000248,0.999578
smids/Non-Sperm/Non-Sperm (162).bmp,0,0,2,2,0.008051,0.001972,0.989977
smids/Non-Sperm/Non-Sperm (163).bmp,0,0,2,1,0.073476,0.593235,0.333290
smids/Non-Sperm/Non-Sperm (175).bmp,0,0,2,2,0.006634,0.002668,0.990698
smids/Non-Sperm/Non-Sperm (176).bmp,0,0,2,2,0.001273,0.053206,0.945522
smids/Non-Sperm/Non-Sperm (178).bmp,0,0,2,2,0.000492,0.004024,0.995484
smids/Non-Sperm/Non-Sperm (195).bmp,0,0,2,1,0.144085,0.815084,0.040831
smids/Non-Sperm/Non-Sperm (197).bmp,0,0,2,1,0.033852,0.789675,0.176473
smids/Non-Sperm/Non-Sperm (203).bmp,0,0,2,2,0.001447,0.000663,0.997889
smids/Non-Sperm/Non-Sperm (209).bmp,0,0,2,2,0.002293,0.000605,0.997102
smids/Non-Sperm/Non-Sperm (217).bmp,0,0,2,2,0.009636,0.002024,0.988341
smids/Non-Sperm/Non-Sperm (220).bmp,0,0,2,2,0.002898,0.003983,0.993119
smids/Non-Sperm/Non-Sperm (224).bmp,0,0,2,2,0.019050,0.022172,0.958778
smids/Non-Sperm/Non-Sperm (231).bmp,0,0,2,2,0.000735,0.001274,0.997991
smids/Non-Sperm/Non-Sperm (232).bmp,0,0,2,2,0.019176,0.012188,0.968636
smids/Non-Sperm/Non-Sperm (236).bmp,0,0,2,2,0.000577,0.002610,0.996812
smids/Non-Sperm/Non-Sperm (246).bmp,0,0,2,2,0.003744,0.001337,0.994919
smids/Non-Sperm/Non-Sperm (251).bmp,0,0,2,2,0.032056,0.011502,0.956442
smids/Non-Sperm/Non-Sperm (257).bmp,0,0,2,2,0.001949,0.001809,0.996242
smids/Non-Sperm/Non-Sperm (262).bmp,0,0,2,2,0.003488,0.000711,0.995800
smids/Non-Sperm/Non-Sperm (271).bmp,0,0,2,2,0.000733,0.001203,0.998064
smids/Non-Sperm/Non-Sperm (273).bmp,0,0,2,2,0.000939,0.000954,0.998107
smids/Non-Sperm/Non-Sperm (278).bmp,0,0,2,2,0.000334,0.003438,0.996228
smids/Non-Sperm/Non-Sperm (281).bmp,0,0,2,2,0.019966,0.005037,0.974997
smids/Non-Sperm/Non-Sperm (283).bmp,0,0,2,2,0.002248,0.018030,0.979722
smids/Non-Sperm/Non-Sperm (292).bmp,0,0,2,2,0.000758,0.001078,0.998164
smids/Non-Sperm/Non-Sperm (295).bmp,0,0,2,2,0.005008,0.003531,0.991461
smids/Non-Sperm/Non-Sperm (302).bmp,0,0,2,2,0.001447,0.000832,0.997721
smids/Non-Sperm/Non-Sperm (308).bmp,0,0,2,2,0.001844,0.000968,0.997188
smids/Non-Sperm/Non-Sperm (317).bmp,0,0,2,2,0.001003,0.000668,0.998329
smids/Non-Sperm/Non-Sperm (319).bmp,0,0,2,2,0.000418,0.001282,0.998300
smids/Non-Sperm/Non-Sperm (324).bmp,0,0,2,2,0.257315,0.056679,0.686006
smids/Non-Sperm/Non-Sperm (329).bmp,0,0,2,2,0.003885,0.002180,0.993936
smids/Non-Sperm/Non-Sperm (337).bmp,0,0,2,2,0.013215,0.005231,0.981555
smids/Non-Sperm/Non-Sperm (343).bmp,0,0,2,2,0.010872,0.005196,0.983932
smids/Non-Sperm/Non-Sperm (348).bmp,0,0,2,2,0.046854,0.027067,0.926079
smids/Non-Sperm/Non-Sperm (351).bmp,0,0,2,2,0.011403,0.040294,0.948303
smids/Non-Sperm/Non-Sperm (352).bmp,0,0,2,2,0.000338,0.000847,0.998816
smids/Non-Sperm/Non-Sperm (356).bmp,0,0,2,2,0.001010,0.002369,0.996621
smids/Non-Sperm/Non-Sperm (365).bmp,0,0,2,2,0.003964,0.008311,0.987725
smids/Non-Sperm/Non-Sperm (368).bmp,0,0,2,2,0.001460,0.159543,0.838998
smids/Non-Sperm/Non-Sperm (372).bmp,0,0,2,2,0.001093,0.001314,0.997593
smids/Non-Sperm/Non-Sperm (383).bmp,0,0,2,1,0.023691,0.545124,0.431185
smids/Non-Sperm/Non-Sperm (388).bmp,0,0,2,2,0.108933,0.167388,0.723679
smids/Non-Sperm/Non-Sperm (392).bmp,0,0,2,2,0.090130,0.146032,0.763838
smids/Non-Sperm/Non-Sperm (394).bmp,0,0,2,2,0.040355,0.048229,0.911416
smids/Non-Sperm/Non-Sperm (397).bmp,0,0,2,2,0.179665,0.027979,0.792356
smids/Non-Sperm/Non-Sperm (402).bmp,0,0,2,2,0.016785,0.035862,0.947353
smids/Non-Sperm/Non-Sperm (406).bmp,0,0,2,2,0.079004,0.069635,0.851361
smids/Non-Sperm/Non-Sperm (416).bmp,0,0,2,2,0.176410,0.315379,0.508210
smids/Non-Sperm/Non-Sperm (417).bmp,0,0,2,2,0.187297,0.046780,0.765923
smids/Non-Sperm/Non-Sperm (419).bmp,0,0,2,2,0.010574,0.011435,0.977991
smids/Non-Sperm/Non-Sperm (427).bmp,0,0,2,2,0.008821,0.023233,0.967946
smids/Non-Sperm/Non-Sperm (431).bmp,0,0,2,2,0.089052,0.030520,0.880428
smids/Non-Sperm/Non-Sperm (44).bmp,0,0,2,2,0.000179,0.025346,0.974476
smids/Non-Sperm/Non-Sperm (443).bmp,0,0,2,2,0.000378,0.002127,0.997495
smids/Non-Sperm/Non-Sperm (451).bmp,0,0,2,2,0.085440,0.330784,0.583776
smids/Non-Sperm/Non-Sperm (458).bmp,0,0,2,2,0.002625,0.011029,0.986347
smids/Non-Sperm/Non-Sperm (471).bmp,0,0,2,2,0.000269,0.002967,0.996764
smids/Non-Sperm/Non-Sperm (476).bmp,0,0,2,2,0.000315,0.002498,0.997187
smids/Non-Sperm/Non-Sperm (483).bmp,0,0,2,2,0.000901,0.007699,0.991400
smids/Non-Sperm/Non-Sperm (488).bmp,0,0,2,2,0.424906,0.130367,0.444727
smids/Non-Sperm/Non-Sperm (49).bmp,0,0,2,2,0.015851,0.488493,0.495656
smids/Non-Sperm/Non-Sperm (490).bmp,0,0,2,2,0.015667,0.042959,0.941374
smids/Non-Sperm/Non-Sperm (492).bmp,0,0,2,2,0.000595,0.004720,0.994685
smids/Non-Sperm/Non-Sperm (494).bmp,0,0,2,2,0.001387,0.027334,0.971279
smids/Non-Sperm/Non-Sperm (505).bmp,0,0,2,2,0.000208,0.001012,0.998780
smids/Non-Sperm/Non-Sperm (51).bmp,0,0,2,2,0.000587,0.115884,0.883529
smids/Non-Sperm/Non-Sperm (517).bmp,0,0,2,2,0.073683,0.219750,0.706567
smids/Non-Sperm/Non-Sperm (523).bmp,0,0,2,2,0.001635,0.020653,0.977712
smids/Non-Sperm/Non-Sperm (529).bmp,0,0,2,0,0.499497,0.104313,0.396191
smids/Non-Sperm/Non-Sperm (538).bmp,0,0,2,2,0.000860,0.001458,0.997682
smids/Non-Sperm/Non-Sperm (542).bmp,0,0,2,2,0.011418,0.010594,0.977988
smids/Non-Sperm/Non-Sperm (545).bmp,0,0,2,1,0.086017,0.621973,0.292010
smids/Non-Sperm/Non-Sperm (548).bmp,0,0,2,2,0.014224,0.028402,0.957374
smids/Non-Sperm/Non-Sperm (550).bmp,0,0,2,2,0.006048,0.001422,0.992530
smids/Non-Sperm/Non-Sperm (552).bmp,0,0,2,0,0.784349,0.029458,0.186193
smids/Non-Sperm/Non-Sperm (557).bmp,0,0,2,2,0.000283,0.002763,0.996954
smids/Non-Sperm/Non-Sperm (566).bmp,0,0,2,2,0.005033,0.083176,0.911791
smids/Non-Sperm/Non-Sperm (568).bmp,0,0,2,2,0.001160,0.004298,0.994542
smids/Non-Sperm/Non-Sperm (569).bmp,0,0,2,2,0.002704,0.026072,0.971224
smids/Non-Sperm/Non-Sperm (570).bmp,0,0,2,2,0.000244,0.006178,0.993577
smids/Non-Sperm/Non-Sperm (579).bmp,0,0,2,2,0.000932,0.003776,0.995292
smids/Non-Sperm/Non-Sperm (580).bmp,0,0,2,2,0.118922,0.034413,0.846666
smids/Non-Sperm/Non-Sperm (585).bmp,0,0,2,2,0.001090,0.021375,0.977535
smids/Non-Sperm/Non-Sperm (592).bmp,0,0,2,2,0.019179,0.056078,0.924743
smids/Non-Sperm/Non-Sperm (595).bmp,0,0,2,2,0.000107,0.013568,0.986325
smids/Non-Sperm/Non-Sperm (596).bmp,0,0,2,2,0.002658,0.007369,0.989973
smids/Non-Sperm/Non-Sperm (614).bmp,0,0,2,2,0.009708,0.013568,0.976724
smids/Non-Sperm/Non-Sperm (616).bmp,0,0,2,2,0.065691,0.015327,0.918982
smids/Non-Sperm/Non-Sperm (624).bmp,0,0,2,2,0.001925,0.001951,0.996124
smids/Non-Sperm/Non-Sperm (626).bmp,0,0,2,2,0.050562,0.004301,0.945137
smids/Non-Sperm/Non-Sperm (629).bmp,0,0,2,2,0.034812,0.041359,0.923829
smids/Non-Sperm/Non-Sperm (630).bmp,0,0,2,2,0.000122,0.002916,0.996963
smids/Non-Sperm/Non-Sperm (635).bmp,0,0,2,2,0.013248,0.006644,0.980109
smids/Non-Sperm/Non-Sperm (637).bmp,0,0,2,1,0.019218,0.846405,0.134377
smids/Non-Sperm/Non-Sperm (64).bmp,0,0,2,2,0.005438,0.359153,0.635409
smids/Non-Sperm/Non-Sperm (640).bmp,0,0,2,2,0.232507,0.128743,0.638750
smids/Non-Sperm/Non-Sperm (641).bmp,0,0,2,2,0.000495,0.002328,0.997176
smids/Non-Sperm/Non-Sperm (645).bmp,0,0,2,2,0.015250,0.323477,0.661272
smids/Non-Sperm/Non-Sperm (648).bmp,0,0,2,2,0.000334,0.003333,0.996333
smids/Non-Sperm/Non-Sperm (652).bmp,0,0,2,2,0.001571,0.002213,0.996216
smids/Non-Sperm/Non-Sperm (654).bmp,0,0,2,2,0.038844,0.008827,0.952329
smids/Non-Sperm/Non-Sperm (655).bmp,0,0,2,2,0.044608,0.068291,0.887101
smids/Non-Sperm/Non-Sperm (656).bmp,0,0,2,2,0.032133,0.066579,0.901288
smids/Non-Sperm/Non-Sperm (661).bmp,0,0,2,2,0.000368,0.005690,0.993941
smids/Non-Sperm/Non-Sperm (667).bmp,0,0,2,2,0.006839,0.020264,0.972897
smids/Non-Sperm/Non-Sperm (668).bmp,0,0,2,2,0.002951,0.007584,0.989465
smids/Non-Sperm/Non-Sperm (682).bmp,0,0,2,2,0.002044,0.003237,0.994719
smids/Non-Sperm/Non-Sperm (690).bmp,0,0,2,2,0.282707,0.044858,0.672435
smids/Non-Sperm/Non-Sperm (694).bmp,0,0,2,2,0.003482,0.001995,0.994523
smids/Non-Sperm/Non-Sperm (702).bmp,0,0,2,2,0.216792,0.038925,0.744282
smids/Non-Sperm/Non-Sperm (708).bmp,0,0,2,2,0.000851,0.001288,0.997861
smids/Non-Sperm/Non-Sperm (710).bmp,0,0,2,2,0.009028,0.013386,0.977587
smids/Non-Sperm/Non-Sperm (716).bmp,0,0,2,2,0.024106,0.263261,0.712633
smids/Non-Sperm/Non-Sperm (718).bmp,0,0,2,2,0.108436,0.074396,0.817168
smids/Non-Sperm/Non-Sperm (719).bmp,0,0,2,2,0.195227,0.236123,0.568650
smids/Non-Sperm/Non-Sperm (725).bmp,0,0,2,2,0.101535,0.160575,0.737890
smids/Non-Sperm/Non-Sperm (730).bmp,0,0,2,2,0.198816,0.179179,0.622004
smids/Non-Sperm/Non-Sperm (731).bmp,0,0,2,2,0.000991,0.001797,0.997212
smids/Non-Sperm/Non-Sperm (732).bmp,0,0,2,2,0.006636,0.068137,0.925227
smids/Non-Sperm/Non-Sperm (733).bmp,0,0,2,2,0.004560,0.131071,0.864369
smids/Non-Sperm/Non-Sperm (735).bmp,0,0,2,2,0.001348,0.008179,0.990472
smids/Non-Sperm/Non-Sperm (738).bmp,0,0,2,2,0.006893,0.008850,0.984257
smids/Non-Sperm/Non-Sperm (741).bmp,0,0,2,2,0.007884,0.005878,0.986238
smids/Non-Sperm/Non-Sperm (742).bmp,0,0,2,2,0.003752,0.001221,0.995027
smids/Non-Sperm/Non-Sperm (749).bmp,0,0,2,2,0.060128,0.047628,0.892244
smids/Non-Sperm/Non-Sperm (75).bmp,0,0,2,2,0.143442,0.206664,0.649895
smids/Non-Sperm/Non-Sperm (750).bmp,0,0,2,1,0.153494,0.461104,0.385402
smids/Non-Sperm/Non-Sperm (76).bmp,0,0,2,1,0.011028,0.932055,0.056917
smids/Non-Sperm/Non-Sperm (765).bmp,0,0,2,2,0.014129,0.142366,0.843505
smids/Non-Sperm/Non-Sperm (767).bmp,0,0,2,2,0.114731,0.010472,0.874797
smids/Non-Sperm/Non-Sperm (769).bmp,0,0,2,2,0.000632,0.001210,0.998159
smids/Non-Sperm/Non-Sperm (770).bmp,0,0,2,2,0.154643,0.038283,0.807074
smids/Non-Sperm/Non-Sperm (772).bmp,0,0,2,2,0.002062,0.002029,0.995910
smids/Non-Sperm/Non-Sperm (782).bmp,0,0,2,2,0.030150,0.007657,0.962193
smids/Non-Sperm/Non-Sperm (785).bmp,0,0,2,2,0.015326,0.001914,0.982760
smids/Non-Sperm/Non-Sperm (792).bmp,0,0,2,2,0.002096,0.002049,0.995855
smids/Non-Sperm/Non-Sperm (802).bmp,0,0,2,2,0.174565,0.148796,0.676639
smids/Non-Sperm/Non-Sperm (805).bmp,0,0,2,2,0.001639,0.001030,0.997331
smids/Non-Sperm/Non-Sperm (807).bmp,0,0,2,2,0.000321,0.074053,0.925626
smids/Non-Sperm/Non-Sperm (814).bmp,0,0,2,2,0.020212,0.006716,0.973072
smids/Non-Sperm/Non-Sperm (817).bmp,0,0,2,2,0.103369,0.039207,0.857424
smids/Non-Sperm/Non-Sperm (828).bmp,0,0,2,2,0.000306,0.000990,0.998704
smids/Non-Sperm/Non-Sperm (830).bmp,0,0,2,2,0.002113,0.002373,0.995514
smids/Non-Sperm/Non-Sperm (838).bmp,0,0,2,2,0.007861,0.038718,0.953421
smids/Non-Sperm/Non-Sperm (849).bmp,0,0,2,2,0.000887,0.004269,0.994843
smids/Non-Sperm/Non-Sperm (858).bmp,0,0,2,2,0.000439,0.002069,0.997492
smids/Non-Sperm/Non-Sperm (860).bmp,0,0,2,2,0.001673,0.000870,0.997457
smids/Non-Sperm/Non-Sperm (862).bmp,0,0,2,2,0.000478,0.002521,0.997000
smids/Non-Sperm/Non-Sperm (867).bmp,0,0,2,2,0.083793,0.122955,0.793252
smids/Non-Sperm/Non-Sperm (868).bmp,0,0,2,2,0.019273,0.024602,0.956124
smids/Non-Sperm/Non-Sperm (876).bmp,0,0,2,0,0.464312,0.092813,0.442875
smids/Non-Sperm/Non-Sperm (879).bmp,0,0,2,2,0.005060,0.046206,0.948734
smids/Non-Sperm/Non-Sperm (88).bmp,0,0,2,2,0.107602,0.220784,0.671613
smids/Non-Sperm/Non-Sperm (882).bmp,0,0,2,2,0.016489,0.034121,0.949389
smids/Non-Sperm/Non-Sperm (883).bmp,0,0,2,2,0.001512,0.002858,0.995629
smids/Non-Sperm/Non-Sperm (887).bmp,0,0,2,2,0.056599,0.335410,0.607990
smids/Non-Sperm/Non-Sperm (891).bmp,0,0,2,0,0.635512,0.018961,0.345527
smids/Non-Sperm/Non-Sperm (90).bmp,0,0,2,2,0.000506,0.000824,0.998669
smids/Non-Sperm/Non-Sperm (900).bmp,0,0,2,0,0.713144,0.185839,0.101016
smids/Non-Sperm/Non-Sperm (903).bmp,0,0,2,1,0.213370,0.532767,0.253863
smids/Non-Sperm/Non-Sperm (905).bmp,0,0,2,1,0.156004,0.801092,0.042905
smids/Non-Sperm/Non-Sperm (908).bmp,0,0,2,1,0.008167,0.873202,0.118631
smids/Non-Sperm/Non-Sperm (910).bmp,0,0,2,1,0.024919,0.739024,0.236057
smids/Non-Sperm/Non-Sperm (918).bmp,0,0,2,1,0.114311,0.504773,0.380916
smids/Non-Sperm/Non-Sperm (920).bmp,0,0,2,2,0.019773,0.072631,0.907596
smids/Non-Sperm/Non-Sperm (926).bmp,0,0,2,2,0.019243,0.209510,0.771247
smids/Non-Sperm/Non-Sperm (928).bmp,0,0,2,1,0.077501,0.520216,0.402283
smids/Non-Sperm/Non-Sperm (930).bmp,0,0,2,2,0.034726,0.238409,0.726865
smids/Non-Sperm/Non-Sperm (932).bmp,0,0,2,2,0.257932,0.230272,0.511797
smids/Non-Sperm/Non-Sperm (935).bmp,0,0,2,2,0.129370,0.068463,0.802167
smids/Non-Sperm/Non-Sperm (940).bmp,0,0,2,0,0.481406,0.141872,0.376722
smids/Non-Sperm/Non-Sperm (942).bmp,0,0,2,2,0.222172,0.251317,0.526511
smids/Non-Sperm/Non-Sperm (946).bmp,0,0,2,2,0.030344,0.012447,0.957209
smids/Non-Sperm/Non-Sperm (949).bmp,0,0,2,2,0.003597,0.006282,0.990121
smids/Non-Sperm/Non-Sperm (954).bmp,0,0,2,2,0.016439,0.014694,0.968867
smids/Non-Sperm/Non-Sperm (969).bmp,0,0,2,2,0.097414,0.442491,0.460095
smids/Non-Sperm/Non-Sperm (97).bmp,0,0,2,2,0.009450,0.005717,0.984834
smids/Non-Sperm/Non-Sperm (970).bmp,0,0,2,1,0.012568,0.722119,0.265314
smids/Non-Sperm/Non-Sperm (971).bmp,0,0,2,2,0.029042,0.124439,0.846519
smids/Non-Sperm/Non-Sperm (974).bmp,0,0,2,1,0.049273,0.865763,0.084964
smids/Non-Sperm/Non-Sperm (98).bmp,0,0,2,2,0.001515,0.001860,0.996625
smids/Normal_Sperm/Normal_Sperm (1).bmp,0,0,0,0,0.911893,0.085717,0.002390
smids/Normal_Sperm/Normal_Sperm (1004).bmp,0,0,0,0,0.704483,0.245729,0.049788
smids/Normal_Sperm/Normal_Sperm (1019).bmp,0,0,0,1,0.131437,0.860560,0.008003
smids/Normal_Sperm/Normal_Sperm (1020).bmp,0,0,0,1,0.171724,0.754886,0.073390
smids/Normal_Sperm/Normal_Sperm (106).bmp,0,0,0,1,0.460523,0.535583,0.003894
smids/Normal_Sperm/Normal_Sperm (127).bmp,0,0,0,0,0.724202,0.274489,0.001309
smids/Normal_Sperm/Normal_Sperm (13).bmp,0,0,0,2,0.283388,0.094870,0.621742
smids/Normal_Sperm/Normal_Sperm (136).bmp,0,0,0,1,0.493587,0.505492,0.000921
smids/Normal_Sperm/Normal_Sperm (143).bmp,0,0,0,0,0.959309,0.039408,0.001283
smids/Normal_Sperm/Normal_Sperm (15).bmp,0,0,0,0,0.512469,0.478649,0.008882
smids/Normal_Sperm/Normal_Sperm (150).bmp,0,0,0,0,0.832979,0.165064,0.001957
smids/Normal_Sperm/Normal_Sperm (152).bmp,0,0,0,0,0.411831,0.266246,0.321923
smids/Normal_Sperm/Normal_Sperm (156).bmp,0,0,0,1,0.227130,0.762908,0.009962
smids/Normal_Sperm/Normal_Sperm (158).bmp,0,0,0,0,0.785002,0.195558,0.019440
smids/Normal_Sperm/Normal_Sperm (159).bmp,0,0,0,0,0.936885,0.062479,0.000636
smids/Normal_Sperm/Normal_Sperm (166).bmp,0,0,0,0,0.462870,0.432233,0.104897
smids/Normal_Sperm/Normal_Sperm (173).bmp,0,0,0,0,0.488428,0.418397,0.093175
smids/Normal_Sperm/Normal_Sperm (178).bmp,0,0,0,0,0.675946,0.306206,0.017849
smids/Normal_Sperm/Normal_Sperm (182).bmp,0,0,0,0,0.668467,0.315016,0.016517
smids/Normal_Sperm/Normal_Sperm (185).bmp,0,0,0,1,0.433100,0.470166,0.096733
smids/Normal_Sperm/Normal_Sperm (186).bmp,0,0,0,0,0.370504,0.343627,0.285869
smids/Normal_Sperm/Normal_Sperm (198).bmp,0,0,0,0,0.966916,0.032258,0.000825
smids/Normal_Sperm/Normal_Sperm (2).bmp,0,0,0,0,0.989233,0.009580,0.001188
smids/Normal_Sperm/Normal_Sperm (201).bmp,0,0,0,1,0.253117,0.709391,0.037492
smids/Normal_Sperm/Normal_Sperm (202).bmp,0,0,0,0,0.836413,0.144462,0.019125
smids/Normal_Sperm/Normal_Sperm (206).bmp,0,0,0,0,0.883812,0.109721,0.006467
smids/Normal_Sperm/Normal_Sperm (209).bmp,0,0,0,0,0.543890,0.436957,0.019154
smids/Normal_Sperm/Normal_Sperm (224).bmp,0,0,0,0,0.788594,0.142550,0.068856
smids/Normal_Sperm/Normal_Sperm (232).bmp,0,0,0,1,0.383055,0.609945,0.007000
smids/Normal_Sperm/Normal_Sperm (244).bmp,0,0,0,0,0.759962,0.216994,0.023044
smids/Normal_Sperm/Normal_Sperm (25).bmp,0,0,0,2,0.212741,0.053395,0.733864
smids/Normal_Sperm/Normal_Sperm (259).bmp,0,0,0,0,0.902958,0.092208,0.004834
smids/Normal_Sperm/Normal_Sperm (264).bmp,0,0,0,0,0.682771,0.265718,0.051511
smids/Normal_Sperm/Normal_Sperm (268).bmp,0,0,0,0,0.826225,0.075125,0.098651
smids/Normal_Sperm/Normal_Sperm (269).bmp,0,0,0,0,0.867851,0.131289,0.000860
smids/Normal_Sperm/Normal_Sperm (270).bmp,0,0,0,0,0.460044,0.345607,0.194350
smids/Normal_Sperm/Normal_Sperm (272).bmp,0,0,0,0,0.981901,0.017346,0.000753
smids/Normal_Sperm/Normal_Sperm (280).bmp,0,0,0,0,0.989263,0.008282,0.002456
smids/Normal_Sperm/Normal_Sperm (287).bmp,0,0,0,0,0.961553,0.034014,0.004433
smids/Normal_Sperm/Normal_Sperm (289).bmp,0,0,0,0,0.935299,0.063303,0.001398
smids/Normal_Sperm/Normal_Sperm (293).bmp,0,0,0,0,0.638090,0.340493,0.021417
smids/Normal_Sperm/Normal_Sperm (303).bmp,0,0,0,0,0.896489,0.100440,0.003071
smids/Normal_Sperm/Normal_Sperm (31).bmp,0,0,0,0,0.940818,0.016676,0.042506
smids/Normal_Sperm/Normal_Sperm (310).bmp,0,0,0,0,0.968695,0.028667,0.002638
smids/Normal_Sperm/Normal_Sperm (313).bmp,0,0,0,0,0.912235,0.084142,0.003623
smids/Normal_Sperm/Normal_Sperm (317).bmp,0,0,0,0,0.609473,0.306114,0.084413
smids/Normal_Sperm/Normal_Sperm (318).bmp,0,0,0,0,0.897771,0.096876,0.005353
smids/Normal_Sperm/Normal_Sperm (324).bmp,0,0,0,1,0.405395,0.590305,0.004299
smids/Normal_Sperm/Normal_Sperm (326).bmp,0,0,0,1,0.140583,0.559353,0.300064
smids/Normal_Sperm/Normal_Sperm (329).bmp,0,0,0,0,0.695307,0.302787,0.001906
smids/Normal_Sperm/Normal_Sperm (343).bmp,0,0,0,0,0.813128,0.074243,0.112629
smids/Normal_Sperm/Normal_Sperm (344).bmp,0,0,0,0,0.903559,0.088875,0.007566
smids/Normal_Sperm/Normal_Sperm (346).bmp,0,0,0,0,0.887657,0.103496,0.008847
smids/Normal_Sperm/Normal_Sperm (354).bmp,0,0,0,0,0.846951,0.150603,0.002446
smids/Normal_Sperm/Normal_Sperm (357).bmp,0,0,0,0,0.959854,0.039639,0.000506
smids/Normal_Sperm/Normal_Sperm (358).bmp,0,0,0,2,0.258203,0.264214,0.477583
smids/Normal_Sperm/Normal_Sperm (359).bmp,0,0,0,0,0.675191,0.322012,0.002796
smids/Normal_Sperm/Normal_Sperm (368).bmp,0,0,0,2,0.334507,0.314914,0.350579
smids/Normal_Sperm/Normal_Sperm (370).bmp,0,0,0,0,0.899768,0.099529,0.000702
smids/Normal_Sperm/Normal_Sperm (372).bmp,0,0,0,0,0.658165,0.244259,0.097576
smids/Normal_Sperm/Normal_Sperm (39).bmp,0,0,0,0,0.774524,0.167298,0.058178
smids/Normal_Sperm/Normal_Sperm (395).bmp,0,0,0,0,0.869356,0.116269,0.014376
smids/Normal_Sperm/Normal_Sperm (396).bmp,0,0,0,0,0.973877,0.024624,0.001499
smids/Normal_Sperm/Normal_Sperm (399).bmp,0,0,0,0,0.925553,0.074139,0.000309
smids/Normal_Sperm/Normal_Sperm (402).bmp,0,0,0,1,0.391018,0.607806,0.001177
smids/Normal_Sperm/Normal_Sperm (408).bmp,0,0,0,0,0.954702,0.044949,0.000349
smids/Normal_Sperm/Normal_Sperm (409).bmp,0,0,0,0,0.877539,0.121125,0.001336
smids/Normal_Sperm/Normal_Sperm (411).bmp,0,0,0,0,0.529581,0.457228,0.013190
smids/Normal_Sperm/Normal_Sperm (412).bmp,0,0,0,0,0.832919,0.155915,0.011166
smids/Normal_Sperm/Normal_Sperm (415).bmp,0,0,0,0,0.780077,0.210162,0.009761
smids/Normal_Sperm/Normal_Sperm (417).bmp,0,0,0,0,0.904115,0.085334,0.010551
smids/Normal_Sperm/Normal_Sperm (42).bmp,0,0,0,1,0.376496,0.443944,0.179560
smids/Normal_Sperm/Normal_Sperm (420).bmp,0,0,0,0,0.720338,0.279250,0.000412
smids/Normal_Sperm/Normal_Sperm (423).bmp,0,0,0,0,0.410380,0.335267,0.254354
smids/Normal_Sperm/Normal_Sperm (431).bmp,0,0,0,0,0.790594,0.209297,0.000109
smids/Normal_Sperm/Normal_Sperm (433).bmp,0,0,0,0,0.876747,0.121615,0.001638
smids/Normal_Sperm/Normal_Sperm (439).bmp,0,0,0,0,0.818885,0.178770,0.002345
smids/Normal_Sperm/Normal_Sperm (44).bmp,0,0,0,0,0.917791,0.079966,0.002243
smids/Normal_Sperm/Normal_Sperm (450).bmp,0,0,0,0,0.813746,0.139675,0.046579
smids/Normal_Sperm/Normal_Sperm (451).bmp,0,0,0,0,0.756819,0.220387,0.022794
smids/Normal_Sperm/Normal_Sperm (455).bmp,0,0,0,0,0.835023,0.164470,0.000507
smids/Normal_Sperm/Normal_Sperm (464).bmp,0,0,0,0,0.629903,0.365503,0.004594
smids/Normal_Sperm/Normal_Sperm (465).bmp,0,0,0,0,0.909158,0.090379,0.000463
smids/Normal_Sperm/Normal_Sperm (468).bmp,0,0,0,1,0.403846,0.593834,0.002320
smids/Normal_Sperm/Normal_Sperm (47).bmp,0,0,0,1,0.300605,0.405329,0.294066
smids/Normal_Sperm/Normal_Sperm (472).bmp,0,0,0,0,0.935402,0.063729,0.000869
smids/Normal_Sperm/Normal_Sperm (473).bmp,0,0,0,0,0.829459,0.170264,0.000277
smids/Normal_Sperm/Normal_Sperm (483).bmp,0,0,0,0,0.786214,0.212925,0.000860
smids/Normal_Sperm/Normal_Sperm (487).bmp,0,0,0,1,0.459585,0.508837,0.031578
smids/Normal_Sperm/Normal_Sperm (494).bmp,0,0,0,0,0.833482,0.157231,0.009287
smids/Normal_Sperm/Normal_Sperm (498).bmp,0,0,0,0,0.788310,0.207637,0.004053
smids/Normal_Sperm/Normal_Sperm (512).bmp,0,0,0,1,0.296472,0.663490,0.040037
smids/Normal_Sperm/Normal_Sperm (514).bmp,0,0,0,0,0.968207,0.031478,0.000316
smids/Normal_Sperm/Normal_Sperm (516).bmp,0,0,0,0,0.743075,0.202620,0.054305
smids/Normal_Sperm/Normal_Sperm (518).bmp,0,0,0,0,0.954581,0.043917,0.001502
smids/Normal_Sperm/Normal_Sperm (519).bmp,0,0,0,0,0.857223,0.115389,0.027388
smids/Normal_Sperm/Normal_Sperm (521).bmp,0,0,0,0,0.944808,0.054533,0.000658
smids/Normal_Sperm/Normal_Sperm (522).bmp,0,0,0,0,0.846295,0.144148,0.009557
smids/Normal_Sperm/Normal_Sperm (530).bmp,0,0,0,0,0.973375,0.026379,0.000246
smids/Normal_Sperm/Normal_Sperm (531).bmp,0,0,0,0,0.761393,0.231511,0.007096
smids/Normal_Sperm/Normal_Sperm (535).bmp,0,0,0,0,0.953760,0.043650,0.002590
smids/Normal_Sperm/Normal_Sperm (540).bmp,0,0,0,0,0.877470,0.058671,0.063859
smids/Normal_Sperm/Normal_Sperm (542).bmp,0,0,0,0,0.788255,0.190872,0.020873
smids/Normal_Sperm/Normal_Sperm (555).bmp,0,0,0,0,0.734886,0.181984,0.083130
smids/Normal_Sperm/Normal_Sperm (556).bmp,0,0,0,0,0.981286,0.017328,0.001386
smids/Normal_Sperm/Normal_Sperm (561).bmp,0,0,0,0,0.689018,0.224043,0.086939
smids/Normal_Sperm/Normal_Sperm (563).bmp,0,0,0,0,0.858369,0.140616,0.001014
smids/Normal_Sperm/Normal_Sperm (568).bmp,0,0,0,1,0.219707,0.775293,0.005000
smids/Normal_Sperm/Normal_Sperm (590).bmp,0,0,0,0,0.888760,0.109384,0.001855
smids/Normal_Sperm/Normal_Sperm (594).bmp,0,0,0,0,0.940092,0.057326,0.002582
smids/Normal_Sperm/Normal_Sperm (596).bmp,0,0,0,0,0.961310,0.037574,0.001117
smids/Normal_Sperm/Normal_Sperm (602).bmp,0,0,0,0,0.896126,0.103581,0.000293
smids/Normal_Sperm/Normal_Sperm (611).bmp,0,0,0,0,0.856487,0.141225,0.002289
smids/Normal_Sperm/Normal_Sperm (613).bmp,0,0,0,0,0.691579,0.304801,0.003620
smids/Normal_Sperm/Normal_Sperm (614).bmp,0,0,0,0,0.897653,0.049613,0.052734
smids/Normal_Sperm/Normal_Sperm (619).bmp,0,0,0,0,0.904016,0.092602,0.003382
smids/Normal_Sperm/Normal_Sperm (620).bmp,0,0,0,0,0.731601,0.266044,0.002356
smids/Normal_Sperm/Normal_Sperm (622).bmp,0,0,0,0,0.618013,0.366629,0.015358
smids/Normal_Sperm/Normal_Sperm (627).bmp,0,0,0,0,0.905438,0.093149,0.001413
smids/Normal_Sperm/Normal_Sperm (63).bmp,0,0,0,1,0.190093,0.807475,0.002432
smids/Normal_Sperm/Normal_Sperm (638).bmp,0,0,0,0,0.869482,0.126179,0.004340
smids/Normal_Sperm/Normal_Sperm (64).bmp,0,0,0,1,0.467114,0.525211,0.007675
smids/Normal_Sperm/Normal_Sperm (643).bmp,0,0,0,0,0.773385,0.223474,0.003141
smids/Normal_Sperm/Normal_Sperm (644).bmp,0,0,0,0,0.558219,0.420856,0.020925
smids/Normal_Sperm/Normal_Sperm (645).bmp,0,0,0,0,0.900262,0.098131,0.001608
smids/Normal_Sperm/Normal_Sperm (649).bmp,0,0,0,0,0.529406,0.469087,0.001506
smids/Normal_Sperm/Normal_Sperm (650).bmp,0,0,0,0,0.974737,0.024242,0.001021
smids/Normal_Sperm/Normal_Sperm (653).bmp,0,0,0,0,0.895435,0.097446,0.007119
smids/Normal_Sperm/Normal_Sperm (661).bmp,0,0,0,0,0.736240,0.259729,0.004031
smids/Normal_Sperm/Normal_Sperm (668).bmp,0,0,0,0,0.964502,0.035407,0.000092
smids/Normal_Sperm/Normal_Sperm (676).bmp,0,0,0,0,0.981778,0.018162,0.000060
smids/Normal_Sperm/Normal_Sperm (679).bmp,0,0,0,0,0.994952,0.004922,0.000126
smids/Normal_Sperm/Normal_Sperm (68).bmp,0,0,0,0,0.873189,0.123841,0.002970
smids/Normal_Sperm/Normal_Sperm (682).bmp,0,0,0,0,0.978599,0.013847,0.007554
smids/Normal_Sperm/Normal_Sperm (684).bmp,0,0,0,0,0.837584,0.094203,0.068213
smids/Normal_Sperm/Normal_Sperm (702).bmp,0,0,0,0,0.929686,0.060063,0.010251
smids/Normal_Sperm/Normal_Sperm (705).bmp,0,0,0,0,0.618278,0.367477,0.014245
smids/Normal_Sperm/Normal_Sperm (707).bmp,0,0,0,0,0.974516,0.009062,0.016422
smids/Normal_Sperm/Normal_Sperm (711).bmp,0,0,0,0,0.801060,0.197741,0.001199
smids/Normal_Sperm/Normal_Sperm (725).bmp,0,0,0,0,0.897745,0.039222,0.063033
smids/Normal_Sperm/Normal_Sperm (727).bmp,0,0,0,0,0.923247,0.043338,0.033415
smids/Normal_Sperm/Normal_Sperm (728).bmp,0,0,0,1,0.410836,0.567901,0.021263
smids/Normal_Sperm/Normal_Sperm (734).bmp,0,0,0,0,0.809004,0.109875,0.081121
smids/Normal_Sperm/Normal_Sperm (736).bmp,0,0,0,0,0.919439,0.078341,0.002220
smids/Normal_Sperm/Normal_Sperm (745).bmp,0,0,0,0,0.908294,0.090894,0.000812
smids/Normal_Sperm/Normal_Sperm (75).bmp,0,0,0,0,0.832327,0.022833,0.144840
smids/Normal_Sperm/Normal_Sperm (753).bmp,0,0,0,0,0.927720,0.067826,0.004454
smids/Normal_Sperm/Normal_Sperm (755).bmp,0,0,0,0,0.760142,0.212917,0.026941
smids/Normal_Sperm/Normal_Sperm (76).bmp,0,0,0,0,0.896417,0.021624,0.081959
smids/Normal_Sperm/Normal_Sperm (764).bmp,0,0,0,0,0.989708,0.004664,0.005628
smids/Normal_Sperm/Normal_Sperm (767).bmp,0,0,0,0,0.887722,0.066799,0.045479
smids/Normal_Sperm/Normal_Sperm (77).bmp,0,0,0,0,0.959216,0.017615,0.023169
smids/Normal_Sperm/Normal_Sperm (78).bmp,0,0,0,0,0.549619,0.073584,0.376797
smids/Normal_Sperm/Normal_Sperm (782).bmp,0,0,0,0,0.849146,0.143936,0.006918
smids/Normal_Sperm/Normal_Sperm (787).bmp,0,0,0,0,0.729838,0.090438,0.179725
smids/Normal_Sperm/Normal_Sperm (79).bmp,0,0,0,0,0.776783,0.155686,0.067531
smids/Normal_Sperm/Normal_Sperm (791).bmp,0,0,0,1,0.079181,0.835674,0.085145
smids/Normal_Sperm/Normal_Sperm (795).bmp,0,0,0,0,0.969552,0.029839,0.000609
smids/Normal_Sperm/Normal_Sperm (797).bmp,0,0,0,0,0.824132,0.153394,0.022474
smids/Normal_Sperm/Normal_Sperm (799).bmp,0,0,0,0,0.579043,0.023865,0.397091
smids/Normal_Sperm/Normal_Sperm (80).bmp,0,0,0,0,0.890848,0.052083,0.057069
smids/Normal_Sperm/Normal_Sperm (801).bmp,0,0,0,0,0.470095,0.069471,0.460434
smids/Normal_Sperm/Normal_Sperm (808).bmp,0,0,0,0,0.811736,0.020267,0.167996
smids/Normal_Sperm/Normal_Sperm (815).bmp,0,0,0,0,0.778105,0.130131,0.091764
smids/Normal_Sperm/Normal_Sperm (818).bmp,0,0,0,2,0.410267,0.104300,0.485433
smids/Normal_Sperm/Normal_Sperm (82).bmp,0,0,0,0,0.853173,0.136609,0.010218
smids/Normal_Sperm/Normal_Sperm (838).bmp,0,0,0,0,0.822260,0.177327,0.000413
smids/Normal_Sperm/Normal_Sperm (839).bmp,0,0,0,1,0.160143,0.839008,0.000848
smids/Normal_Sperm/Normal_Sperm (850).bmp,0,0,0,0,0.639023,0.347926,0.013051
smids/Normal_Sperm/Normal_Sperm (851).bmp,0,0,0,1,0.279755,0.715301,0.004943
smids/Normal_Sperm/Normal_Sperm (853).bmp,0,0,0,0,0.919725,0.079386,0.000889
smids/Normal_Sperm/Normal_Sperm (867).bmp,0,0,0,0,0.669711,0.310668,0.019622
smids/Normal_Sperm/Normal_Sperm (87).bmp,0,0,0,0,0.842425,0.140921,0.016654
smids/Normal_Sperm/Normal_Sperm (880).bmp,0,0,0,1,0.324356,0.674185,0.001459
smids/Normal_Sperm/Normal_Sperm (885).bmp,0,0,0,0,0.748342,0.247552,0.004106
smids/Normal_Sperm/Normal_Sperm (89).bmp,0,0,0,0,0.614311,0.216034,0.169655
smids/Normal_Sperm/Normal_Sperm (901).bmp,0,0,0,0,0.724586,0.275159,0.000256
smids/Normal_Sperm/Normal_Sperm (91).bmp,0,0,0,0,0.990716,0.005724,0.003560
smids/Normal_Sperm/Normal_Sperm (913).bmp,0,0,0,0,0.981923,0.017805,0.000272
smids/Normal_Sperm/Normal_Sperm (917).bmp,0,0,0,0,0.907815,0.085791,0.006394
smids/Normal_Sperm/Normal_Sperm (918).bmp,0,0,0,0,0.778223,0.221496,0.000281
smids/Normal_Sperm/Normal_Sperm (921).bmp,0,0,0,0,0.978704,0.021100,0.000196
smids/Normal_Sperm/Normal_Sperm (927).bmp,0,0,0,1,0.170177,0.829023,0.000801
smids/Normal_Sperm/Normal_Sperm (929).bmp,0,0,0,0,0.817636,0.179514,0.002851
smids/Normal_Sperm/Normal_Sperm (930).bmp,0,0,0,2,0.032038,0.297846,0.670116
smids/Normal_Sperm/Normal_Sperm (935).bmp,0,0,0,1,0.079872,0.904850,0.015278
smids/Normal_Sperm/Normal_Sperm (939).bmp,0,0,0,0,0.945481,0.051514,0.003005
smids/Normal_Sperm/Normal_Sperm (940).bmp,0,0,0,0,0.800798,0.199035,0.000167
smids/Normal_Sperm/Normal_Sperm (942).bmp,0,0,0,0,0.646531,0.352794,0.000676
smids/Normal_Sperm/Normal_Sperm (949).bmp,0,0,0,0,0.718874,0.278955,0.002171
smids/Normal_Sperm/Normal_Sperm (952).bmp,0,0,0,1,0.057111,0.919614,0.023275
smids/Normal_Sperm/Normal_Sperm (954).bmp,0,0,0,0,0.695364,0.302814,0.001822
smids/Normal_Sperm/Normal_Sperm (956).bmp,0,0,0,1,0.007948,0.983891,0.008161
smids/Normal_Sperm/Normal_Sperm (957).bmp,0,0,0,1,0.432972,0.553361,0.013667
smids/Normal_Sperm/Normal_Sperm (959).bmp,0,0,0,1,0.148661,0.751183,0.100156
smids/Normal_Sperm/Normal_Sperm (962).bmp,0,0,0,2,0.211630,0.236066,0.552305
smids/Normal_Sperm/Normal_Sperm (977).bmp,0,0,0,0,0.596800,0.399509,0.003691
smids/Normal_Sperm/Normal_Sperm (983).bmp,0,0,0,0,0.773459,0.201220,0.025321
smids/Normal_Sperm/Normal_Sperm (99).bmp,0,0,0,0,0.965334,0.033213,0.001452
smids/Normal_Sperm/Normal_Sperm (995).bmp,0,0,0,0,0.829813,0.136789,0.033398
smids/Abnormal_Sperm/Abnormal_Sperm (1).bmp,0,1,1,1,0.076840,0.913753,0.009407
smids/Abnormal_Sperm/Abnormal_Sperm (10).bmp,0,1,1,1,0.438264,0.560067,0.001669
smids/Abnormal_Sperm/Abnormal_Sperm (1003).bmp,0,1,1,1,0.127166,0.798878,0.073956
smids/Abnormal_Sperm/Abnormal_Sperm (101).bmp,0,1,1,1,0.173212,0.821129,0.005658
smids/Abnormal_Sperm/Abnormal_Sperm (102).bmp,0,1,1,1,0.167117,0.819429,0.013454
smids/Abnormal_Sperm/Abnormal_Sperm (104).bmp,0,1,1,0,0.831524,0.157774,0.010702
smids/Abnormal_Sperm/Abnormal_Sperm (109).bmp,0,1,1,2,0.078956,0.148934,0.772110
smids/Abnormal_Sperm/Abnormal_Sperm (110).bmp,0,1,1,1,0.097204,0.568423,0.334373
smids/Abnormal_Sperm/Abnormal_Sperm (12).bmp,0,1,1,0,0.486104,0.474174,0.039722
smids/Abnormal_Sperm/Abnormal_Sperm (127).bmp,0,1,1,1,0.028464,0.967200,0.004337
smids/Abnormal_Sperm/Abnormal_Sperm (128).bmp,0,1,1,0,0.646567,0.342360,0.011073
smids/Abnormal_Sperm/Abnormal_Sperm (14).bmp,0,1,1,1,0.344099,0.608628,0.047272
smids/Abnormal_Sperm/Abnormal_Sperm (158).bmp,0,1,1,1,0.111050,0.829168,0.059782
smids/Abnormal_Sperm/Abnormal_Sperm (164).bmp,0,1,1,1,0.022939,0.976426,0.000635
smids/Abnormal_Sperm/Abnormal_Sperm (165).bmp,0,1,1,1,0.071129,0.923420,0.005452
smids/Abnormal_Sperm/Abnormal_Sperm (174).bmp,0,1,1,1,0.347739,0.492975,0.159286
smids/Abnormal_Sperm/Abnormal_Sperm (18).bmp,0,1,1,0,0.764187,0.232982,0.002831
smids/Abnormal_Sperm/Abnormal_Sperm (182).bmp,0,1,1,1,0.243467,0.668237,0.088296
smids/Abnormal_Sperm/Abnormal_Sperm (184).bmp,0,1,1,1,0.016303,0.977757,0.005940
smids/Abnormal_Sperm/Abnormal_Sperm (207).bmp,0,1,1,1,0.014159,0.982419,0.003423
smids/Abnormal_Sperm/Abnormal_Sperm (209).bmp,0,1,1,0,0.490510,0.473181,0.036309
smids/Abnormal_Sperm/Abnormal_Sperm (216).bmp,0,1,1,0,0.804972,0.193777,0.001250
smids/Abnormal_Sperm/Abnormal_Sperm (22).bmp,0,1,1,2,0.012111,0.070862,0.917027
smids/Abnormal_Sperm/Abnormal_Sperm (227).bmp,0,1,1,1,0.122689,0.864838,0.012473
smids/Abnormal_Sperm/Abnormal_Sperm (232).bmp,0,1,1,1,0.052488,0.937991,0.009521
smids/Abnormal_Sperm/Abnormal_Sperm (233).bmp,0,1,1,1,0.080539,0.918390,0.001071
smids/Abnormal_Sperm/Abnormal_Sperm (235).bmp,0,1,1,1,0.078646,0.846603,0.074751
smids/Abnormal_Sperm/Abnormal_Sperm (236).bmp,0,1,1,0,0.703717,0.268664,0.027619
smids/Abnormal_Sperm/Abnormal_Sperm (25).bmp,0,1,1,0,0.506448,0.442908,0.050644
smids/Abnormal_Sperm/Abnormal_Sperm (250).bmp,0,1,1,1,0.010077,0.959908,0.030015
smids/Abnormal_Sperm/Abnormal_Sperm (256).bmp,0,1,1,1,0.077897,0.774111,0.147993
smids/Abnormal_Sperm/Abnormal_Sperm (257).bmp,0,1,1,1,0.043620,0.950581,0.005799
smids/Abnormal_Sperm/Abnormal_Sperm (258).bmp,0,1,1,1,0.055468,0.794914,0.149617
smids/Abnormal_Sperm/Abnormal_Sperm (260).bmp,0,1,1,1,0.029737,0.955723,0.014540
smids/Abnormal_Sperm/Abnormal_Sperm (266).bmp,0,1,1,1,0.065410,0.928606,0.005983
smids/Abnormal_Sperm/Abnormal_Sperm (285).bmp,0,1,1,1,0.238587,0.640529,0.120884
smids/Abnormal_Sperm/Abnormal_Sperm (289).bmp,0,1,1,1,0.044768,0.907812,0.047420
smids/Abnormal_Sperm/Abnormal_Sperm (291).bmp,0,1,1,0,0.663505,0.320100,0.016395
smids/Abnormal_Sperm/Abnormal_Sperm (298).bmp,0,1,1,1,0.076308,0.899671,0.024021
smids/Abnormal_Sperm/Abnormal_Sperm (300).bmp,0,1,1,1,0.167087,0.815123,0.017790
smids/Abnormal_Sperm/Abnormal_Sperm (303).bmp,0,1,1,1,0.350962,0.609842,0.039197
smids/Abnormal_Sperm/Abnormal_Sperm (304).bmp,0,1,1,1,0.015515,0.690914,0.293571
smids/Abnormal_Sperm/Abnormal_Sperm (309).bmp,0,1,1,1,0.242844,0.631149,0.126007
smids/Abnormal_Sperm/Abnormal_Sperm (310).bmp,0,1,1,2,0.017373,0.375281,0.607347
smids/Abnormal_Sperm/Abnormal_Sperm (311).bmp,0,1,1,1,0.054720,0.944472,0.000808
smids/Abnormal_Sperm/Abnormal_Sperm (313).bmp,0,1,1,2,0.042190,0.407339,0.550472
smids/Abnormal_Sperm/Abnormal_Sperm (319).bmp,0,1,1,1,0.049503,0.903670,0.046827
smids/Abnormal_Sperm/Abnormal_Sperm (322).bmp,0,1,1,2,0.097491,0.036077,0.866432
smids/Abnormal_Sperm/Abnormal_Sperm (326).bmp,0,1,1,1,0.066392,0.932253,0.001355
smids/Abnormal_Sperm/Abnormal_Sperm (338).bmp,0,1,1,1,0.048851,0.950151,0.000998
smids/Abnormal_Sperm/Abnormal_Sperm (340).bmp,0,1,1,1,0.010715,0.977475,0.011810
smids/Abnormal_Sperm/Abnormal_Sperm (348).bmp,0,1,1,1,0.126744,0.458471,0.414785
smids/Abnormal_Sperm/Abnormal_Sperm (354).bmp,0,1,1,1,0.020258,0.976248,0.003493
smids/Abnormal_Sperm/Abnormal_Sperm (362).bmp,0,1,1,1,0.085821,0.869770,0.044409
smids/Abnormal_Sperm/Abnormal_Sperm (370).bmp,0,1,1,0,0.489799,0.473456,0.036746
smids/Abnormal_Sperm/Abnormal_Sperm (376).bmp,0,1,1,1,0.046950,0.792271,0.160779
smids/Abnormal_Sperm/Abnormal_Sperm (386).bmp,0,1,1,2,0.034814,0.051450,0.913735
smids/Abnormal_Sperm/Abnormal_Sperm (387).bmp,0,1,1,1,0.038296,0.960760,0.000944
smids/Abnormal_Sperm/Abnormal_Sperm (391).bmp,0,1,1,1,0.105763,0.876698,0.017539
smids/Abnormal_Sperm/Abnormal_Sperm (397).bmp,0,1,1,2,0.096262,0.371260,0.532479
smids/Abnormal_Sperm/Abnormal_Sperm (4).bmp,0,1,1,0,0.564745,0.107165,0.328090
smids/Abnormal_Sperm/Abnormal_Sperm (41).bmp,0,1,1,0,0.470667,0.160909,0.368424
smids/Abnormal_Sperm/Abnormal_Sperm (411).bmp,0,1,1,1,0.179968,0.789688,0.030344
smids/Abnormal_Sperm/Abnormal_Sperm (416).bmp,0,1,1,1,0.073029,0.806838,0.120133
smids/Abnormal_Sperm/Abnormal_Sperm (420).bmp,0,1,1,1,0.018169,0.975204,0.006627
smids/Abnormal_Sperm/Abnormal_Sperm (432).bmp,0,1,1,1,0.187945,0.760472,0.051584
smids/Abnormal_Sperm/Abnormal_Sperm (435).bmp,0,1,1,1,0.180536,0.817873,0.001591
smids/Abnormal_Sperm/Abnormal_Sperm (442).bmp,0,1,1,1,0.071187,0.920748,0.008066
smids/Abnormal_Sperm/Abnormal_Sperm (445).bmp,0,1,1,1,0.016107,0.977281,0.006612
smids/Abnormal_Sperm/Abnormal_Sperm (451).bmp,0,1,1,1,0.248770,0.750327,0.000903
smids/Abnormal_Sperm/Abnormal_Sperm (456).bmp,0,1,1,1,0.196914,0.801771,0.001315
smids/Abnormal_Sperm/Abnormal_Sperm (458).bmp,0,1,1,1,0.018392,0.973025,0.008582
smids/Abnormal_Sperm/Abnormal_Sperm (466).bmp,0,1,1,1,0.195092,0.790498,0.014410
smids/Abnormal_Sperm/Abnormal_Sperm (473).bmp,0,1,1,1,0.046148,0.883940,0.069912
smids/Abnormal_Sperm/Abnormal_Sperm (491).bmp,0,1,1,1,0.015502,0.974918,0.009579
smids/Abnormal_Sperm/Abnormal_Sperm (492).bmp,0,1,1,0,0.540926,0.377258,0.081817
smids/Abnormal_Sperm/Abnormal_Sperm (5).bmp,0,1,1,1,0.358160,0.535601,0.106239
smids/Abnormal_Sperm/Abnormal_Sperm (502).bmp,0,1,1,0,0.868972,0.069844,0.061185
smids/Abnormal_Sperm/Abnormal_Sperm (519).bmp,0,1,1,1,0.476269,0.513991,0.009740
smids/Abnormal_Sperm/Abnormal_Sperm (520).bmp,0,1,1,0,0.608973,0.233734,0.157294
smids/Abnormal_Sperm/Abnormal_Sperm (524).bmp,0,1,1,2,0.010679,0.244511,0.744810
smids/Abnormal_Sperm/Abnormal_Sperm (526).bmp,0,1,1,1,0.243675,0.726107,0.030218
smids/Abnormal_Sperm/Abnormal_Sperm (536).bmp,0,1,1,1,0.035238,0.952614,0.012148
smids/Abnormal_Sperm/Abnormal_Sperm (54).bmp,0,1,1,1,0.080015,0.842221,0.077764
smids/Abnormal_Sperm/Abnormal_Sperm (540).bmp,0,1,1,1,0.073245,0.917734,0.009021
smids/Abnormal_Sperm/Abnormal_Sperm (542).bmp,0,1,1,0,0.544563,0.450556,0.004882
smids/Abnormal_Sperm/Abnormal_Sperm (543).bmp,0,1,1,1,0.072500,0.917175,0.010325
smids/Abnormal_Sperm/Abnormal_Sperm (556).bmp,0,1,1,1,0.076264,0.867520,0.056216
smids/Abnormal_Sperm/Abnormal_Sperm (56).bmp,0,1,1,1,0.089281,0.827381,0.083339
smids/Abnormal_Sperm/Abnormal_Sperm (563).bmp,0,1,1,0,0.519377,0.424971,0.055652
smids/Abnormal_Sperm/Abnormal_Sperm (566).bmp,0,1,1,0,0.815357,0.179594,0.005048
smids/Abnormal_Sperm/Abnormal_Sperm (571).bmp,0,1,1,1,0.134862,0.819051,0.046087
smids/Abnormal_Sperm/Abnormal_Sperm (572).bmp,0,1,1,0,0.575014,0.262570,0.162416
smids/Abnormal_Sperm/Abnormal_Sperm (58).bmp,0,1,1,1,0.086187,0.886707,0.027107
smids/Abnormal_Sperm/Abnormal_Sperm (583).bmp,0,1,1,1,0.006768,0.993104,0.000128
smids/Abnormal_Sperm/Abnormal_Sperm (584).bmp,0,1,1,1,0.063323,0.815963,0.120714
smids/Abnormal_Sperm/Abnormal_Sperm (588).bmp,0,1,1,0,0.525287,0.445845,0.028867
smids/Abnormal_Sperm/Abnormal_Sperm (589).bmp,0,1,1,0,0.622187,0.317732,0.060082
smids/Abnormal_Sperm/Abnormal_Sperm (59).bmp,0,1,1,2,0.140136,0.293303,0.566561
smids/Abnormal_Sperm/Abnormal_Sperm (594).bmp,0,1,1,0,0.751620,0.244527,0.003853
smids/Abnormal_Sperm/Abnormal_Sperm (595).bmp,0,1,1,1,0.403043,0.522368,0.074589
smids/Abnormal_Sperm/Abnormal_Sperm (604).bmp,0,1,1,1,0.465043,0.530631,0.004325
smids/Abnormal_Sperm/Abnormal_Sperm (608).bmp,0,1,1,1,0.335861,0.573561,0.090578
smids/Abnormal_Sperm/Abnormal_Sperm (612).bmp,0,1,1,1,0.251454,0.735874,0.012673
smids/Abnormal_Sperm/Abnormal_Sperm (614).bmp,0,1,1,0,0.569616,0.344916,0.085468
smids/Abnormal_Sperm/Abnormal_Sperm (615).bmp,0,1,1,1,0.185116,0.791108,0.023776
smids/Abnormal_Sperm/Abnormal_Sperm (621).bmp,0,1,1,1,0.182533,0.695934,0.121532
smids/Abnormal_Sperm/Abnormal_Sperm (626).bmp,0,1,1,1,0.096313,0.722990,0.180697
smids/Abnormal_Sperm/Abnormal_Sperm (640).bmp,0,1,1,0,0.798965,0.129471,0.071564
smids/Abnormal_Sperm/Abnormal_Sperm (653).bmp,0,1,1,0,0.838829,0.157263,0.003908
smids/Abnormal_Sperm/Abnormal_Sperm (657).bmp,0,1,1,1,0.265682,0.552595,0.181723
smids/Abnormal_Sperm/Abnormal_Sperm (658).bmp,0,1,1,1,0.014642,0.937755,0.047604
smids/Abnormal_Sperm/Abnormal_Sperm (659).bmp,0,1,1,1,0.043756,0.537349,0.418895
smids/Abnormal_Sperm/Abnormal_Sperm (660).bmp,0,1,1,1,0.461070,0.531397,0.007533
smids/Abnormal_Sperm/Abnormal_Sperm (663).bmp,0,1,1,1,0.456818,0.538714,0.004468
smids/Abnormal_Sperm/Abnormal_Sperm (667).bmp,0,1,1,0,0.505921,0.465933,0.028146
smids/Abnormal_Sperm/Abnormal_Sperm (672).bmp,0,1,1,1,0.213718,0.771214,0.015068
smids/Abnormal_Sperm/Abnormal_Sperm (675).bmp,0,1,1,1,0.123690,0.867816,0.008494
smids/Abnormal_Sperm/Abnormal_Sperm (676).bmp,0,1,1,1,0.018897,0.967031,0.014072
smids/Abnormal_Sperm/Abnormal_Sperm (677).bmp,0,1,1,1,0.108333,0.518142,0.373525
smids/Abnormal_Sperm/Abnormal_Sperm (68).bmp,0,1,1,1,0.010492,0.976902,0.012605
smids/Abnormal_Sperm/Abnormal_Sperm (687).bmp,0,1,1,1,0.074277,0.742247,0.183476
smids/Abnormal_Sperm/Abnormal_Sperm (689).bmp,0,1,1,1,0.064770,0.921119,0.014112
smids/Abnormal_Sperm/Abnormal_Sperm (692).bmp,0,1,1,1,0.024240,0.965839,0.009921
smids/Abnormal_Sperm/Abnormal_Sperm (694).bmp,0,1,1,1,0.217961,0.694705,0.087333
smids/Abnormal_Sperm/Abnormal_Sperm (70).bmp,0,1,1,1,0.010676,0.985581,0.003743
smids/Abnormal_Sperm/Abnormal_Sperm (700).bmp,0,1,1,1,0.271609,0.715657,0.012735
smids/Abnormal_Sperm/Abnormal_Sperm (704).bmp,0,1,1,2,0.062194,0.390325,0.547482
smids/Abnormal_Sperm/Abnormal_Sperm (712).bmp,0,1,1,1,0.209313,0.774646,0.016041
smids/Abnormal_Sperm/Abnormal_Sperm (718).bmp,0,1,1,2,0.194036,0.292678,0.513286
smids/Abnormal_Sperm/Abnormal_Sperm (723).bmp,0,1,1,1,0.149567,0.832264,0.018169
smids/Abnormal_Sperm/Abnormal_Sperm (724).bmp,0,1,1,1,0.060986,0.798014,0.141000
smids/Abnormal_Sperm/Abnormal_Sperm (726).bmp,0,1,1,0,0.902099,0.079011,0.018890
smids/Abnormal_Sperm/Abnormal_Sperm (728).bmp,0,1,1,2,0.159901,0.413994,0.426105
smids/Abnormal_Sperm/Abnormal_Sperm (73).bmp,0,1,1,1,0.202020,0.729369,0.068611
smids/Abnormal_Sperm/Abnormal_Sperm (732).bmp,0,1,1,1,0.285532,0.426669,0.287799
smids/Abnormal_Sperm/Abnormal_Sperm (735).bmp,0,1,1,0,0.887517,0.023917,0.088566
smids/Abnormal_Sperm/Abnormal_Sperm (746).bmp,0,1,1,1,0.034501,0.921790,0.043709
smids/Abnormal_Sperm/Abnormal_Sperm (749).bmp,0,1,1,1,0.072722,0.842727,0.084550
smids/Abnormal_Sperm/Abnormal_Sperm (753).bmp,0,1,1,1,0.075334,0.849193,0.075474
smids/Abnormal_Sperm/Abnormal_Sperm (761).bmp,0,1,1,0,0.843307,0.143990,0.012703
smids/Abnormal_Sperm/Abnormal_Sperm (762).bmp,0,1,1,1,0.259013,0.719029,0.021958
smids/Abnormal_Sperm/Abnormal_Sperm (766).bmp,0,1,1,1,0.049805,0.901087,0.049108
smids/Abnormal_Sperm/Abnormal_Sperm (771).bmp,0,1,1,1,0.168786,0.785031,0.046183
smids/Abnormal_Sperm/Abnormal_Sperm (772).bmp,0,1,1,1,0.281615,0.574366,0.144018
smids/Abnormal_Sperm/Abnormal_Sperm (776).bmp,0,1,1,1,0.263842,0.712739,0.023418
smids/Abnormal_Sperm/Abnormal_Sperm (78).bmp,0,1,1,1,0.293364,0.506121,0.200515
smids/Abnormal_Sperm/Abnormal_Sperm (781).bmp,0,1,1,2,0.102214,0.391041,0.506745
smids/Abnormal_Sperm/Abnormal_Sperm (786).bmp,0,1,1,1,0.432149,0.471074,0.096777
smids/Abnormal_Sperm/Abnormal_Sperm (795).bmp,0,1,1,1,0.413740,0.565521,0.020740
smids/Abnormal_Sperm/Abnormal_Sperm (796).bmp,0,1,1,1,0.104626,0.891696,0.003679
smids/Abnormal_Sperm/Abnormal_Sperm (799).bmp,0,1,1,1,0.225858,0.749528,0.024613
smids/Abnormal_Sperm/Abnormal_Sperm (804).bmp,0,1,1,1,0.012195,0.985684,0.002121
smids/Abnormal_Sperm/Abnormal_Sperm (807).bmp,0,1,1,0,0.727476,0.271529,0.000995
smids/Abnormal_Sperm/Abnormal_Sperm (81).bmp,0,1,1,0,0.348702,0.338552,0.312746
smids/Abnormal_Sperm/Abnormal_Sperm (813).bmp,0,1,1,2,0.293916,0.214036,0.492048
smids/Abnormal_Sperm/Abnormal_Sperm (824).bmp,0,1,1,1,0.109557,0.709953,0.180489
smids/Abnormal_Sperm/Abnormal_Sperm (825).bmp,0,1,1,1,0.406577,0.569484,0.023939
smids/Abnormal_Sperm/Abnormal_Sperm (827).bmp,0,1,1,1,0.122519,0.865763,0.011718
smids/Abnormal_Sperm/Abnormal_Sperm (829).bmp,0,1,1,1,0.035936,0.946866,0.017198
smids/Abnormal_Sperm/Abnormal_Sperm (845).bmp,0,1,1,1,0.178628,0.816843,0.004529
smids/Abnormal_Sperm/Abnormal_Sperm (861).bmp,0,1,1,0,0.805820,0.186921,0.007259
smids/Abnormal_Sperm/Abnormal_Sperm (866).bmp,0,1,1,1,0.223174,0.771398,0.005428
smids/Abnormal_Sperm/Abnormal_Sperm (87).bmp,0,1,1,1,0.050925,0.946241,0.002834
smids/Abnormal_Sperm/Abnormal_Sperm (871).bmp,0,1,1,1,0.073309,0.905828,0.020863
smids/Abnormal_Sperm/Abnormal_Sperm (880).bmp,0,1,1,0,0.513117,0.475289,0.011594
smids/Abnormal_Sperm/Abnormal_Sperm (882).bmp,0,1,1,1,0.398362,0.524639,0.077000
smids/Abnormal_Sperm/Abnormal_Sperm (896).bmp,0,1,1,1,0.194268,0.775341,0.030391
smids/Abnormal_Sperm/Abnormal_Sperm (897).bmp,0,1,1,0,0.716332,0.243066,0.040602
smids/Abnormal_Sperm/Abnormal_Sperm (899).bmp,0,1,1,0,0.779898,0.218538,0.001564
smids/Abnormal_Sperm/Abnormal_Sperm (910).bmp,0,1,1,0,0.546559,0.253443,0.199998
smids/Abnormal_Sperm/Abnormal_Sperm (912).bmp,0,1,1,1,0.341238,0.528431,0.130331
smids/Abnormal_Sperm/Abnormal_Sperm (914).bmp,0,1,1,1,0.281150,0.696578,0.022272
smids/Abnormal_Sperm/Abnormal_Sperm (92).bmp,0,1,1,2,0.099413,0.316887,0.583701
smids/Abnormal_Sperm/Abnormal_Sperm (927).bmp,0,1,1,1,0.187859,0.564876,0.247266
smids/Abnormal_Sperm/Abnormal_Sperm (928).bmp,0,1,1,1,0.324085,0.653338,0.022577
smids/Abnormal_Sperm/Abnormal_Sperm (932).bmp,0,1,1,0,0.523675,0.471276,0.005050
smids/Abnormal_Sperm/Abnormal_Sperm (933).bmp,0,1,1,1,0.298900,0.696761,0.004339
smids/Abnormal_Sperm/Abnormal_Sperm (938).bmp,0,1,1,2,0.123466,0.296552,0.579982
smids/Abnormal_Sperm/Abnormal_Sperm (939).bmp,0,1,1,2,0.447585,0.059581,0.492834
smids/Abnormal_Sperm/Abnormal_Sperm (941).bmp,0,1,1,1,0.211925,0.589655,0.198421
smids/Abnormal_Sperm/Abnormal_Sperm (949).bmp,0,1,1,1,0.249996,0.564482,0.185522
smids/Abnormal_Sperm/Abnormal_Sperm (952).bmp,0,1,1,0,0.717812,0.279119,0.003070
smids/Abnormal_Sperm/Abnormal_Sperm (959).bmp,0,1,1,1,0.424528,0.571668,0.003804
smids/Abnormal_Sperm/Abnormal_Sperm (963).bmp,0,1,1,1,0.019341,0.971685,0.008974
smids/Abnormal_Sperm/Abnormal_Sperm (966).bmp,0,1,1,1,0.054422,0.881294,0.064284
smids/Abnormal_Sperm/Abnormal_Sperm (968).bmp,0,1,1,1,0.048712,0.914430,0.036857
smids/Abnormal_Sperm/Abnormal_Sperm (970).bmp,0,1,1,1,0.046151,0.909624,0.044226
smids/Abnormal_Sperm/Abnormal_Sperm (972).bmp,0,1,1,1,0.036841,0.804732,0.158427
smids/Abnormal_Sperm/Abnormal_Sperm (977).bmp,0,1,1,1,0.118464,0.793544,0.087992
smids/Abnormal_Sperm/Abnormal_Sperm (984).bmp,0,1,1,1,0.028776,0.944633,0.026591
smids/Abnormal_Sperm/Abnormal_Sperm (986).bmp,0,1,1,1,0.192717,0.647478,0.159805
smids/Abnormal_Sperm/Abnormal_Sperm (988).bmp,0,1,1,1,0.036383,0.681424,0.282194
smids/Abnormal_Sperm/Abnormal_Sperm (996).bmp,0,1,1,2,0.011814,0.225123,0.763063
smids/Non-Sperm/Non-Sperm (1).bmp,0,1,2,2,0.003629,0.279532,0.716839
smids/Non-Sperm/Non-Sperm (100).bmp,0,1,2,2,0.002335,0.003986,0.993680
smids/Non-Sperm/Non-Sperm (102).bmp,0,1,2,2,0.009497,0.001009,0.989494
smids/Non-Sperm/Non-Sperm (103).bmp,0,1,2,2,0.000594,0.000509,0.998897
smids/Non-Sperm/Non-Sperm (112).bmp,0,1,2,2,0.001756,0.016946,0.981298
smids/Non-Sperm/Non-Sperm (124).bmp,0,1,2,2,0.002402,0.000469,0.997129
smids/Non-Sperm/Non-Sperm (125).bmp,0,1,2,2,0.008271,0.003799,0.987931
smids/Non-Sperm/Non-Sperm (126).bmp,0,1,2,2,0.004299,0.007195,0.988506
smids/Non-Sperm/Non-Sperm (129).bmp,0,1,2,2,0.019320,0.008682,0.971997
smids/Non-Sperm/Non-Sperm (136).bmp,0,1,2,2,0.001057,0.021829,0.977114
smids/Non-Sperm/Non-Sperm (142).bmp,0,1,2,2,0.003084,0.000902,0.996015
smids/Non-Sperm/Non-Sperm (146).bmp,0,1,2,2,0.000383,0.001079,0.998538
smids/Non-Sperm/Non-Sperm (147).bmp,0,1,2,2,0.000348,0.000210,0.999443
smids/Non-Sperm/Non-Sperm (15).bmp,0,1,2,2,0.000898,0.010874,0.988228
smids/Non-Sperm/Non-Sperm (165).bmp,0,1,2,2,0.002269,0.007202,0.990529
smids/Non-Sperm/Non-Sperm (169).bmp,0,1,2,2,0.001644,0.000926,0.997430
smids/Non-Sperm/Non-Sperm (182).bmp,0,1,2,2,0.015169,0.025148,0.959683
smids/Non-Sperm/Non-Sperm (19).bmp,0,1,2,2,0.040621,0.017920,0.941459
smids/Non-Sperm/Non-Sperm (191).bmp,0,1,2,2,0.022750,0.274719,0.702531
smids/Non-Sperm/Non-Sperm (192).bmp,0,1,2,2,0.177347,0.133344,0.689309
smids/Non-Sperm/Non-Sperm (198).bmp,0,1,2,2,0.046506,0.012796,0.940699
smids/Non-Sperm/Non-Sperm (199).bmp,0,1,2,2,0.012396,0.003448,0.984156
smids/Non-Sperm/Non-Sperm (202).bmp,0,1,2,2,0.002136,0.000458,0.997405
smids/Non-Sperm/Non-Sperm (208).bmp,0,1,2,2,0.018619,0.391943,0.589438
smids/Non-Sperm/Non-Sperm (210).bmp,0,1,2,2,0.000424,0.002400,0.997175
smids/Non-Sperm/Non-Sperm (211).bmp,0,1,2,2,0.000129,0.005902,0.993969
smids/Non-Sperm/Non-Sperm (214).bmp,0,1,2,2,0.009509,0.013652,0.976840
smids/Non-Sperm/Non-Sperm (215).bmp,0,1,2,2,0.000386,0.001268,0.998346
smids/Non-Sperm/Non-Sperm (216).bmp,0,1,2,2,0.003367,0.011084,0.985549
smids/Non-Sperm/Non-Sperm (228).bmp,0,1,2,2,0.003653,0.010043,0.986304
smids/Non-Sperm/Non-Sperm (234).bmp,0,1,2,2,0.000403,0.000281,0.999316
smids/Non-Sperm/Non-Sperm (237).bmp,0,1,2,2,0.003570,0.001408,0.995022
smids/Non-Sperm/Non-Sperm (240).bmp,0,1,2,2,0.000514,0.001089,0.998397
smids/Non-Sperm/Non-Sperm (247).bmp,0,1,2,2,0.001388,0.004731,0.993881
smids/Non-Sperm/Non-Sperm (254).bmp,0,1,2,2,0.003266,0.001850,0.994885
smids/Non-Sperm/Non-Sperm (259).bmp,0,1,2,2,0.001463,0.006570,0.991966
smids/Non-Sperm/Non-Sperm (264).bmp,0,1,2,2,0.001113,0.022112,0.976775
smids/Non-Sperm/Non-Sperm (268).bmp,0,1,2,2,0.003081,0.004355,0.992564
smids/Non-Sperm/Non-Sperm (27).bmp,0,1,2,2,0.045772,0.016642,0.937586
smids/Non-Sperm/Non-Sperm (274).bmp,0,1,2,2,0.015140,0.015050,0.969810
smids/Non-Sperm/Non-Sperm (277).bmp,0,1,2,2,0.004543,0.005067,0.990390
smids/Non-Sperm/Non-Sperm (28).bmp,0,1,2,1,0.011785,0.940754,0.047461
smids/Non-Sperm/Non-Sperm (287).bmp,0,1,2,2,0.043514,0.030537,0.925949
smids/Non-Sperm/Non-Sperm (29).bmp,0,1,2,2,0.005990,0.096010,0.897999
smids/Non-Sperm/Non-Sperm (291).bmp,0,1,2,2,0.048541,0.002242,0.949217
smids/Non-Sperm/Non-Sperm (298).bmp,0,1,2,2,0.001836,0.000368,0.997796
smids/Non-Sperm/Non-Sperm (321).bmp,0,1,2,2,0.000803,0.002927,0.996271
smids/Non-Sperm/Non-Sperm (323).bmp,0,1,2,2,0.034421,0.021110,0.944470
smids/Non-Sperm/Non-Sperm (326).bmp,0,1,2,0,0.809583,0.069254,0.121164
smids/Non-Sperm/Non-Sperm (332).bmp,0,1,2,2,0.145052,0.184909,0.670039
smids/Non-Sperm/Non-Sperm (336).bmp,0,1,2,2,0.034775,0.010533,0.954692
smids/Non-Sperm/Non-Sperm (340).bmp,0,1,2,2,0.008239,0.026553,0.965208
smids/Non-Sperm/Non-Sperm (353).bmp,0,1,2,0,0.542751,0.199400,0.257849
smids/Non-Sperm/Non-Sperm (355).bmp,0,1,2,2,0.051384,0.128301,0.820315
smids/Non-Sperm/Non-Sperm (359).bmp,0,1,2,2,0.001344,0.001394,0.997262
smids/Non-Sperm/Non-Sperm (361).bmp,0,1,2,1,0.116518,0.480581,0.402901
smids/Non-Sperm/Non-Sperm (362).bmp,0,1,2,2,0.002275,0.026818,0.970907
smids/Non-Sperm/Non-Sperm (364).bmp,0,1,2,2,0.002328,0.001496,0.996177
smids/Non-Sperm/Non-Sperm (366).bmp,0,1,2,2,0.150959,0.068113,0.780928
smids/Non-Sperm/Non-Sperm (367).bmp,0,1,2,2,0.324119,0.053574,0.622307
smids/Non-Sperm/Non-Sperm (369).bmp,0,1,2,2,0.156704,0.042112,0.801184
smids/Non-Sperm/Non-Sperm (370).bmp,0,1,2,2,0.071056,0.117671,0.811274
smids/Non-Sperm/Non-Sperm (371).bmp,0,1,2,2,0.000887,0.000155,0.998958
smids/Non-Sperm/Non-Sperm (374).bmp,0,1,2,2,0.027291,0.351692,0.621017
smids/Non-Sperm/Non-Sperm (378).bmp,0,1,2,2,0.044928,0.001276,0.953796
smids/Non-Sperm/Non-Sperm (380).bmp,0,1,2,1,0.095748,0.533124,0.371128
smids/Non-Sperm/Non-Sperm (385).bmp,0,1,2,2,0.031666,0.230497,0.737837
smids/Non-Sperm/Non-Sperm (39).bmp,0,1,2,2,0.016984,0.065433,0.917583
smids/Non-Sperm/Non-Sperm (391).bmp,0,1,2,2,0.047378,0.262655,0.689967
smids/Non-Sperm/Non-Sperm (398).bmp,0,1,2,0,0.915853,0.061602,0.022544
smids/Non-Sperm/Non-Sperm (401).bmp,0,1,2,2,0.044353,0.004789,0.950859
smids/Non-Sperm/Non-Sperm (403).bmp,0,1,2,0,0.607574,0.274970,0.117456
smids/Non-Sperm/Non-Sperm (412).bmp,0,1,2,0,0.719501,0.062239,0.218260
smids/Non-Sperm/Non-Sperm (426).bmp,0,1,2,2,0.078062,0.049293,0.872645
smids/Non-Sperm/Non-Sperm (434).bmp,0,1,2,2,0.026919,0.261674,0.711407
smids/Non-Sperm/Non-Sperm (438).bmp,0,1,2,2,0.019940,0.019658,0.960402
smids/Non-Sperm/Non-Sperm (439).bmp,0,1,2,2,0.005037,0.005006,0.989957
smids/Non-Sperm/Non-Sperm (448).bmp,0,1,2,2,0.001410,0.002408,0.996182
smids/Non-Sperm/Non-Sperm (453).bmp,0,1,2,2,0.010457,0.014387,0.975156
smids/Non-Sperm/Non-Sperm (454).bmp,0,1,2,2,0.009756,0.045568,0.944676
smids/Non-Sperm/Non-Sperm (459).bmp,0,1,2,2,0.001971,0.012340,0.985690
smids/Non-Sperm/Non-Sperm (470).bmp,0,1,2,2,0.000626,0.003666,0.995708
smids/Non-Sperm/Non-Sperm (472).bmp,0,1,2,0,0.649280,0.263208,0.087512
smids/Non-Sperm/Non-Sperm (474).bmp,0,1,2,2,0.001166,0.000437,0.998397
smids/Non-Sperm/Non-Sperm (48).bmp,0,1,2,1,0.004969,0.916567,0.078464
smids/Non-Sperm/Non-Sperm (480).bmp,0,1,2,2,0.000838,0.000647,0.998514
smids/Non-Sperm/Non-Sperm (484).bmp,0,1,2,2,0.002652,0.001137,0.996211
smids/Non-Sperm/Non-Sperm (485).bmp,0,1,2,2,0.034033,0.006057,0.959910
smids/Non-Sperm/Non-Sperm (493).bmp,0,1,2,2,0.007245,0.005236,0.987520
smids/Non-Sperm/Non-Sperm (497).bmp,0,1,2,2,0.001783,0.004330,0.993886
smids/Non-Sperm/Non-Sperm (50).bmp,0,1,2,2,0.001273,0.109411,0.889316
smids/Non-Sperm/Non-Sperm (502).bmp,0,1,2,2,0.020168,0.006003,0.973829
smids/Non-Sperm/Non-Sperm (507).bmp,0,1,2,2,0.076494,0.010084,0.913421
smids/Non-Sperm/Non-Sperm (512).bmp,0,1,2,2,0.000951,0.003031,0.996017
smids/Non-Sperm/Non-Sperm (524).bmp,0,1,2,2,0.095632,0.011396,0.892973
smids/Non-Sperm/Non-Sperm (527).bmp,0,1,2,2,0.042362,0.228189,0.729449
smids/Non-Sperm/Non-Sperm (534).bmp,0,1,2,2,0.047381,0.012108,0.940511
smids/Non-Sperm/Non-Sperm (536).bmp,0,1,2,2,0.004475,0.001267,0.994258
smids/Non-Sperm/Non-Sperm (537).bmp,0,1,2,2,0.000804,0.001147,0.998049
smids/Non-Sperm/Non-Sperm (539).bmp,0,1,2,2,0.008480,0.001593,0.989926
smids/Non-Sperm/Non-Sperm (540).bmp,0,1,2,2,0.096635,0.034510,0.868856
smids/Non-Sperm/Non-Sperm (543).bmp,0,1,2,2,0.107713,0.197883,0.694405
smids/Non-Sperm/Non-Sperm (546).bmp,0,1,2,2,0.006381,0.038314,0.955304
smids/Non-Sperm/Non-Sperm (551).bmp,0,1,2,2,0.002462,0.001527,0.996011
smids/Non-Sperm/Non-Sperm (56).bmp,0,1,2,1,0.052366,0.616060,0.331574
smids/Non-Sperm/Non-Sperm (560).bmp,0,1,2,2,0.000497,0.000355,0.999149
smids/Non-Sperm/Non-Sperm (561).bmp,0,1,2,2,0.000621,0.000960,0.998419
smids/Non-Sperm/Non-Sperm (582).bmp,0,1,2,2,0.004392,0.006875,0.988732
smids/Non-Sperm/Non-Sperm (583).bmp,0,1,2,1,0.060249,0.585658,0.354093
smids/Non-Sperm/Non-Sperm (589).bmp,0,1,2,2,0.002415,0.026577,0.971008
smids/Non-Sperm/Non-Sperm (590).bmp,0,1,2,2,0.002047,0.001202,0.996751
smids/Non-Sperm/Non-Sperm (599).bmp,0,1,2,2,0.001568,0.019020,0.979412
smids/Non-Sperm/Non-Sperm (604).bmp,0,1,2,2,0.011082,0.004783,0.984136
smids/Non-Sperm/Non-Sperm (605).bmp,0,1,2,2,0.026092,0.071074,0.902834
smids/Non-Sperm/Non-Sperm (608).bmp,0,1,2,2,0.005179,0.007888,0.986933
smids/Non-Sperm/Non-Sperm (613).bmp,0,1,2,2,0.014158,0.032564,0.953278
smids/Non-Sperm/Non-Sperm (615).bmp,0,1,2,2,0.015694,0.019181,0.965125
smids/Non-Sperm/Non-Sperm (623).bmp,0,1,2,2,0.007379,0.007392,0.985229
smids/Non-Sperm/Non-Sperm (628).bmp,0,1,2,2,0.099473,0.018400,0.882127
smids/Non-Sperm/Non-Sperm (632).bmp,0,1,2,2,0.279993,0.225139,0.494869
smids/Non-Sperm/Non-Sperm (636).bmp,0,1,2,2,0.013755,0.010370,0.975875
smids/Non-Sperm/Non-Sperm (642).bmp,0,1,2,2,0.003487,0.001152,0.995361
smids/Non-Sperm/Non-Sperm (643).bmp,0,1,2,2,0.002254,0.000447,0.997300
smids/Non-Sperm/Non-Sperm (658).bmp,0,1,2,2,0.003517,0.003173,0.993311
smids/Non-Sperm/Non-Sperm (669).bmp,0,1,2,1,0.001814,0.742581,0.255605
smids/Non-Sperm/Non-Sperm (670).bmp,0,1,2,2,0.175838,0.062687,0.761475
smids/Non-Sperm/Non-Sperm (68).bmp,0,1,2,2,0.001424,0.005221,0.993356
smids/Non-Sperm/Non-Sperm (684).bmp,0,1,2,2,0.007742,0.015141,0.977117
smids/Non-Sperm/Non-Sperm (689).bmp,0,1,2,2,0.006536,0.096516,0.896948
smids/Non-Sperm/Non-Sperm (692).bmp,0,1,2,2,0.018114,0.029877,0.952009
smids/Non-Sperm/Non-Sperm (696).bmp,0,1,2,2,0.016476,0.197091,0.786433
smids/Non-Sperm/Non-Sperm (698).bmp,0,1,2,2,0.001019,0.013342,0.985639
smids/Non-Sperm/Non-Sperm (699).bmp,0,1,2,1,0.144007,0.452915,0.403078
smids/Non-Sperm/Non-Sperm (704).bmp,0,1,2,2,0.021287,0.004323,0.974391
smids/Non-Sperm/Non-Sperm (709).bmp,0,1,2,2,0.282317,0.044720,0.672963
smids/Non-Sperm/Non-Sperm (71).bmp,0,1,2,0,0.602530,0.321938,0.075531
smids/Non-Sperm/Non-Sperm (715).bmp,0,1,2,2,0.005553,0.045840,0.948606
smids/Non-Sperm/Non-Sperm (717).bmp,0,1,2,2,0.001579,0.011615,0.986807
smids/Non-Sperm/Non-Sperm (722).bmp,0,1,2,2,0.013330,0.012506,0.974164
smids/Non-Sperm/Non-Sperm (734).bmp,0,1,2,2,0.015516,0.009766,0.974718
smids/Non-Sperm/Non-Sperm (737).bmp,0,1,2,2,0.083962,0.065994,0.850044
smids/Non-Sperm/Non-Sperm (751).bmp,0,1,2,2,0.001935,0.004075,0.993990
smids/Non-Sperm/Non-Sperm (753).bmp,0,1,2,0,0.737369,0.220705,0.041927
smids/Non-Sperm/Non-Sperm (755).bmp,0,1,2,1,0.058147,0.773354,0.168500
smids/Non-Sperm/Non-Sperm (759).bmp,0,1,2,2,0.000826,0.000372,0.998801
smids/Non-Sperm/Non-Sperm (761).bmp,0,1,2,2,0.296792,0.320074,0.383133
smids/Non-Sperm/Non-Sperm (763).bmp,0,1,2,2,0.005140,0.009787,0.985072
smids/Non-Sperm/Non-Sperm (766).bmp,0,1,2,2,0.004419,0.002957,0.992625
smids/Non-Sperm/Non-Sperm (774).bmp,0,1,2,2,0.001669,0.000724,0.997607
smids/Non-Sperm/Non-Sperm (78).bmp,0,1,2,2,0.139093,0.297109,0.563798
smids/Non-Sperm/Non-Sperm (786).bmp,0,1,2,2,0.111526,0.010529,0.877946
smids/Non-Sperm/Non-Sperm (788).bmp,0,1,2,2,0.001085,0.000070,0.998845
smids/Non-Sperm/Non-Sperm (789).bmp,0,1,2,2,0.018653,0.006566,0.974781
smids/Non-Sperm/Non-Sperm (790).bmp,0,1,2,2,0.007840,0.001595,0.990565
smids/Non-Sperm/Non-Sperm (793).bmp,0,1,2,2,0.001787,0.001075,0.997138
smids/Non-Sperm/Non-Sperm (794).bmp,0,1,2,2,0.001814,0.000931,0.997254
smids/Non-Sperm/Non-Sperm (796).bmp,0,1,2,2,0.038547,0.018909,0.942544
smids/Non-Sperm/Non-Sperm (797).bmp,0,1,2,2,0.009685,0.000830,0.989485
smids/Non-Sperm/Non-Sperm (8).bmp,0,1,2,2,0.016377,0.041444,0.942179
smids/Non-Sperm/Non-Sperm (800).bmp,0,1,2,2,0.014482,0.003450,0.982067
smids/Non-Sperm/Non-Sperm (803).bmp,0,1,2,2,0.162583,0.022282,0.815135
smids/Non-Sperm/Non-Sperm (816).bmp,0,1,2,2,0.003853,0.004543,0.991605
smids/Non-Sperm/Non-Sperm (818).bmp,0,1,2,2,0.003430,0.000802,0.995768
smids/Non-Sperm/Non-Sperm (82).bmp,0,1,2,2,0.008197,0.003054,0.988749
smids/Non-Sperm/Non-Sperm (820).bmp,0,1,2,2,0.028709,0.004272,0.967020
smids/Non-Sperm/Non-Sperm (824).bmp,0,1,2,2,0.003651,0.000314,0.996035
smids/Non-Sperm/Non-Sperm (825).bmp,0,1,2,1,0.375724,0.574049,0.050226
smids/Non-Sperm/Non-Sperm (827).bmp,0,1,2,2,0.013351,0.004660,0.981989
smids/Non-Sperm/Non-Sperm (831).bmp,0,1,2,2,0.008058,0.115949,0.875993
smids/Non-Sperm/Non-Sperm (832).bmp,0,1,2,2,0.008084,0.031677,0.960239
smids/Non-Sperm/Non-Sperm (85).bmp,0,1,2,2,0.006567,0.006987,0.986446
smids/Non-Sperm/Non-Sperm (850).bmp,0,1,2,2,0.010384,0.003903,0.985712
smids/Non-Sperm/Non-Sperm (871).bmp,0,1,2,2,0.013444,0.007222,0.979334
smids/Non-Sperm/Non-Sperm (872).bmp,0,1,2,2,0.152580,0.185575,0.661845
smids/Non-Sperm/Non-Sperm (873).bmp,0,1,2,2,0.075662,0.012363,0.911975
smids/Non-Sperm/Non-Sperm (877).bmp,0,1,2,2,0.008256,0.016049,0.975694
smids/Non-Sperm/Non-Sperm (889).bmp,0,1,2,2,0.002128,0.002050,0.995822
smids/Non-Sperm/Non-Sperm (893).bmp,0,1,2,2,0.015748,0.018537,0.965715
smids/Non-Sperm/Non-Sperm (895).bmp,0,1,2,2,0.032558,0.234255,0.733187
smids/Non-Sperm/Non-Sperm (897).bmp,0,1,2,2,0.018494,0.214914,0.766591
smids/Non-Sperm/Non-Sperm (899).bmp,0,1,2,2,0.054597,0.223580,0.721823
smids/Non-Sperm/Non-Sperm (907).bmp,0,1,2,2,0.012695,0.060202,0.927103
smids/Non-Sperm/Non-Sperm (917).bmp,0,1,2,2,0.118702,0.100358,0.780939
smids/Non-Sperm/Non-Sperm (919).bmp,0,1,2,2,0.008689,0.022703,0.968608
smids/Non-Sperm/Non-Sperm (92).bmp,0,1,2,2,0.004241,0.003834,0.991925
smids/Non-Sperm/Non-Sperm (921).bmp,0,1,2,2,0.029512,0.009221,0.961266
smids/Non-Sperm/Non-Sperm (927).bmp,0,1,2,2,0.184754,0.023197,0.792049
smids/Non-Sperm/Non-Sperm (936).bmp,0,1,2,2,0.117231,0.002333,0.880436
smids/Non-Sperm/Non-Sperm (939).bmp,0,1,2,2,0.233361,0.004896,0.761743
smids/Non-Sperm/Non-Sperm (94).bmp,0,1,2,2,0.001559,0.002329,0.996113
smids/Non-Sperm/Non-Sperm (950).bmp,0,1,2,1,0.341729,0.514823,0.143448
smids/Non-Sperm/Non-Sperm (958).bmp,0,1,2,2,0.016267,0.028980,0.954753
smids/Non-Sperm/Non-Sperm (96).bmp,0,1,2,2,0.000277,0.006295,0.993428
smids/Non-Sperm/Non-Sperm (968).bmp,0,1,2,2,0.003322,0.004874,0.991804
smids/Non-Sperm/Non-Sperm (973).bmp,0,1,2,2,0.018959,0.032132,0.948909
smids/Normal_Sperm/Normal_Sperm (1010).bmp,0,1,0,0,0.766480,0.027933,0.205587
smids/Normal_Sperm/Normal_Sperm (1012).bmp,0,1,0,0,0.641678,0.348075,0.010247
smids/Normal_Sperm/Normal_Sperm (1013).bmp,0,1,0,1,0.109703,0.711633,0.178664
smids/Normal_Sperm/Normal_Sperm (1014).bmp,0,1,0,0,0.871253,0.117073,0.011674
smids/Normal_Sperm/Normal_Sperm (1015).bmp,0,1,0,0,0.855983,0.135438,0.008579
smids/Normal_Sperm/Normal_Sperm (1021).bmp,0,1,0,0,0.707208,0.249087,0.043705
smids/Normal_Sperm/Normal_Sperm (110).bmp,0,1,0,2,0.363866,0.111774,0.524359
smids/Normal_Sperm/Normal_Sperm (111).bmp,0,1,0,0,0.849653,0.032722,0.117625
smids/Normal_Sperm/Normal_Sperm (112).bmp,0,1,0,0,0.667811,0.320686,0.011503
smids/Normal_Sperm/Normal_Sperm (117).bmp,0,1,0,1,0.433849,0.551277,0.014874
smids/Normal_Sperm/Normal_Sperm (121).bmp,0,1,0,0,0.504885,0.494804,0.000311
smids/Normal_Sperm/Normal_Sperm (122).bmp,0,1,0,1,0.052593,0.936096,0.011310
smids/Normal_Sperm/Normal_Sperm (128).bmp,0,1,0,0,0.670685,0.144026,0.185289
smids/Normal_Sperm/Normal_Sperm (131).bmp,0,1,0,1,0.459118,0.490299,0.050583
smids/Normal_Sperm/Normal_Sperm (133).bmp,0,1,0,1,0.332294,0.657421,0.010284
smids/Normal_Sperm/Normal_Sperm (137).bmp,0,1,0,0,0.822192,0.165461,0.012347
smids/Normal_Sperm/Normal_Sperm (139).bmp,0,1,0,1,0.193289,0.769384,0.037327
smids/Normal_Sperm/Normal_Sperm (141).bmp,0,1,0,0,0.551573,0.445166,0.003261
smids/Normal_Sperm/Normal_Sperm (148).bmp,0,1,0,0,0.627102,0.355025,0.017873
smids/Normal_Sperm/Normal_Sperm (149).bmp,0,1,0,0,0.660675,0.338654,0.000671
smids/Normal_Sperm/Normal_Sperm (153).bmp,0,1,0,2,0.125231,0.147948,0.726821
smids/Normal_Sperm/Normal_Sperm (154).bmp,0,1,0,0,0.636903,0.126398,0.236700
smids/Normal_Sperm/Normal_Sperm (164).bmp,0,1,0,0,0.918286,0.042420,0.039294
smids/Normal_Sperm/Normal_Sperm (180).bmp,0,1,0,0,0.901288,0.098335,0.000377
smids/Normal_Sperm/Normal_Sperm (181).bmp,0,1,0,1,0.394830,0.591034,0.014136
smids/Normal_Sperm/Normal_Sperm (183).bmp,0,1,0,1,0.268999,0.717331,0.013670
smids/Normal_Sperm/Normal_Sperm (187).bmp,0,1,0,0,0.748117,0.243980,0.007903
smids/Normal_Sperm/Normal_Sperm (188).bmp,0,1,0,2,0.100894,0.067514,0.831593
smids/Normal_Sperm/Normal_Sperm (189).bmp,0,1,0,0,0.872986,0.053484,0.073530
smids/Normal_Sperm/Normal_Sperm (190).bmp,0,1,0,0,0.642480,0.355716,0.001803
smids/Normal_Sperm/Normal_Sperm (192).bmp,0,1,0,1,0.153287,0.826721,0.019992
smids/Normal_Sperm/Normal_Sperm (196).bmp,0,1,0,1,0.454421,0.536415,0.009165
smids/Normal_Sperm/Normal_Sperm (197).bmp,0,1,0,0,0.995279,0.004567,0.000154
smids/Normal_Sperm/Normal_Sperm (199).bmp,0,1,0,0,0.970182,0.024402,0.005416
smids/Normal_Sperm/Normal_Sperm (20).bmp,0,1,0,2,0.249558,0.017215,0.733227
smids/Normal_Sperm/Normal_Sperm (210).bmp,0,1,0,0,0.903981,0.091974,0.004044
smids/Normal_Sperm/Normal_Sperm (215).bmp,0,1,0,1,0.061124,0.918172,0.020704
smids/Normal_Sperm/Normal_Sperm (218).bmp,0,1,0,0,0.765684,0.206518,0.027798
smids/Normal_Sperm/Normal_Sperm (22).bmp,0,1,0,0,0.899305,0.074578,0.026116
smids/Normal_Sperm/Normal_Sperm (222).bmp,0,1,0,0,0.640666,0.211334,0.148000
smids/Normal_Sperm/Normal_Sperm (227).bmp,0,1,0,0,0.956612,0.042724,0.000664
smids/Normal_Sperm/Normal_Sperm (231).bmp,0,1,0,1,0.453714,0.509602,0.036684
smids/Normal_Sperm/Normal_Sperm (243).bmp,0,1,0,0,0.950674,0.048539,0.000787
smids/Normal_Sperm/Normal_Sperm (246).bmp,0,1,0,1,0.397757,0.541796,0.060447
smids/Normal_Sperm/Normal_Sperm (247).bmp,0,1,0,1,0.369738,0.561408,0.068853
smids/Normal_Sperm/Normal_Sperm (248).bmp,0,1,0,0,0.791410,0.200117,0.008474
smids/Normal_Sperm/Normal_Sperm (253).bmp,0,1,0,0,0.842849,0.140087,0.017064
smids/Normal_Sperm/Normal_Sperm (254).bmp,0,1,0,0,0.903607,0.086203,0.010190
smids/Normal_Sperm/Normal_Sperm (256).bmp,0,1,0,0,0.799992,0.199666,0.000342
smids/Normal_Sperm/Normal_Sperm (258).bmp,0,1,0,0,0.584807,0.410077,0.005116
smids/Normal_Sperm/Normal_Sperm (26).bmp,0,1,0,0,0.988769,0.005281,0.005950
smids/Normal_Sperm/Normal_Sperm (262).bmp,0,1,0,0,0.744507,0.255236,0.000258
smids/Normal_Sperm/Normal_Sperm (267).bmp,0,1,0,1,0.380445,0.565507,0.054048
smids/Normal_Sperm/Normal_Sperm (276).bmp,0,1,0,0,0.848546,0.149378,0.002076
smids/Normal_Sperm/Normal_Sperm (278).bmp,0,1,0,0,0.508049,0.478567,0.013384
smids/Normal_Sperm/Normal_Sperm (279).bmp,0,1,0,0,0.596586,0.377200,0.026214
smids/Normal_Sperm/Normal_Sperm (283).bmp,0,1,0,0,0.962802,0.036283,0.000916
smids/Normal_Sperm/Normal_Sperm (286).bmp,0,1,0,1,0.187091,0.705745,0.107164
smids/Normal_Sperm/Normal_Sperm (290).bmp,0,1,0,0,0.918589,0.077887,0.003524
smids/Normal_Sperm/Normal_Sperm (292).bmp,0,1,0,1,0.291350,0.550596,0.158054
smids/Normal_Sperm/Normal_Sperm (30).bmp,0,1,0,0,0.945956,0.011293,0.042751
smids/Normal_Sperm/Normal_Sperm (304).bmp,0,1,0,0,0.890679,0.090931,0.018390
smids/Normal_Sperm/Normal_Sperm (306).bmp,0,1,0,0,0.927707,0.071409,0.000883
smids/Normal_Sperm/Normal_Sperm (307).bmp,0,1,0,0,0.751639,0.229119,0.019242
smids/Normal_Sperm/Normal_Sperm (308).bmp,0,1,0,0,0.646632,0.258433,0.094934
smids/Normal_Sperm/Normal_Sperm (311).bmp,0,1,0,0,0.886154,0.082174,0.031672
smids/Normal_Sperm/Normal_Sperm (32).bmp,0,1,0,0,0.977548,0.010491,0.011961
smids/Normal_Sperm/Normal_Sperm (328).bmp,0,1,0,1,0.205941,0.790154,0.003906
smids/Normal_Sperm/Normal_Sperm (330).bmp,0,1,0,0,0.698911,0.196580,0.104510
smids/Normal_Sperm/Normal_Sperm (332).bmp,0,1,0,0,0.928351,0.049796,0.021854
smids/Normal_Sperm/Normal_Sperm (34).bmp,0,1,0,0,0.879137,0.046077,0.074786
smids/Normal_Sperm/Normal_Sperm (340).bmp,0,1,0,0,0.996606,0.002855,0.000540
smids/Normal_Sperm/Normal_Sperm (35).bmp,0,1,0,2,0.485355,0.028396,0.486249
smids/Normal_Sperm/Normal_Sperm (351).bmp,0,1,0,2,0.275877,0.344029,0.380093
smids/Normal_Sperm/Normal_Sperm (352).bmp,0,1,0,1,0.062651,0.850189,0.087160
smids/Normal_Sperm/Normal_Sperm (353).bmp,0,1,0,0,0.654389,0.340994,0.004617
smids/Normal_Sperm/Normal_Sperm (361).bmp,0,1,0,0,0.946484,0.046511,0.007005
smids/Normal_Sperm/Normal_Sperm (363).bmp,0,1,0,0,0.790745,0.191635,0.017620
smids/Normal_Sperm/Normal_Sperm (366).bmp,0,1,0,0,0.902458,0.097129,0.000413
smids/Normal_Sperm/Normal_Sperm (374).bmp,0,1,0,0,0.903495,0.094576,0.001929
smids/Normal_Sperm/Normal_Sperm (375).bmp,0,1,0,0,0.964416,0.035147,0.000437
smids/Normal_Sperm/Normal_Sperm (377).bmp,0,1,0,0,0.950969,0.040589,0.008443
smids/Normal_Sperm/Normal_Sperm (386).bmp,0,1,0,0,0.572412,0.054836,0.372752
smids/Normal_Sperm/Normal_Sperm (387).bmp,0,1,0,0,0.717357,0.242218,0.040426
smids/Normal_Sperm/Normal_Sperm (393).bmp,0,1,0,0,0.609741,0.384183,0.006076
smids/Normal_Sperm/Normal_Sperm (400).bmp,0,1,0,0,0.849177,0.150338,0.000486
smids/Normal_Sperm/Normal_Sperm (410).bmp,0,1,0,0,0.739150,0.225558,0.035293
smids/Normal_Sperm/Normal_Sperm (413).bmp,0,1,0,0,0.961534,0.035616,0.002850
smids/Normal_Sperm/Normal_Sperm (422).bmp,0,1,0,0,0.869438,0.128598,0.001964
smids/Normal_Sperm/Normal_Sperm (425).bmp,0,1,0,0,0.831150,0.167117,0.001733
smids/Normal_Sperm/Normal_Sperm (434).bmp,0,1,0,0,0.968803,0.020731,0.010467
smids/Normal_Sperm/Normal_Sperm (437).bmp,0,1,0,0,0.540949,0.452100,0.006951
smids/Normal_Sperm/Normal_Sperm (444).bmp,0,1,0,0,0.730915,0.263518,0.005567
smids/Normal_Sperm/Normal_Sperm (445).bmp,0,1,0,1,0.386403,0.601010,0.012587
smids/Normal_Sperm/Normal_Sperm (458).bmp,0,1,0,0,0.876199,0.119078,0.004723
smids/Normal_Sperm/Normal_Sperm (459).bmp,0,1,0,0,0.940081,0.027517,0.032402
smids/Normal_Sperm/Normal_Sperm (466).bmp,0,1,0,0,0.858228,0.116330,0.025441
smids/Normal_Sperm/Normal_Sperm (478).bmp,0,1,0,0,0.940397,0.053019,0.006584
smids/Normal_Sperm/Normal_Sperm (479).bmp,0,1,0,0,0.669432,0.327852,0.002716
smids/Normal_Sperm/Normal_Sperm (488).bmp,0,1,0,1,0.203818,0.781654,0.014528
smids/Normal_Sperm/Normal_Sperm (499).bmp,0,1,0,0,0.695932,0.303898,0.000169
smids/Normal_Sperm/Normal_Sperm (505).bmp,0,1,0,0,0.981703,0.013426,0.004871
smids/Normal_Sperm/Normal_Sperm (507).bmp,0,1,0,0,0.867431,0.132346,0.000223
smids/Normal_Sperm/Normal_Sperm (515).bmp,0,1,0,0,0.945245,0.052899,0.001856
smids/Normal_Sperm/Normal_Sperm (52).bmp,0,1,0,0,0.676022,0.320139,0.003839
smids/Normal_Sperm/Normal_Sperm (520).bmp,0,1,0,0,0.847599,0.146942,0.005458
smids/Normal_Sperm/Normal_Sperm (527).bmp,0,1,0,0,0.795300,0.204278,0.000422
smids/Normal_Sperm/Normal_Sperm (532).bmp,0,1,0,1,0.177603,0.795145,0.027253
smids/Normal_Sperm/Normal_Sperm (543).bmp,0,1,0,1,0.186625,0.796384,0.016990
smids/Normal_Sperm/Normal_Sperm (544).bmp,0,1,0,0,0.639674,0.359467,0.000859
smids/Normal_Sperm/Normal_Sperm (548).bmp,0,1,0,0,0.562672,0.387920,0.049409
smids/Normal_Sperm/Normal_Sperm (550).bmp,0,1,0,0,0.751057,0.246636,0.002307
smids/Normal_Sperm/Normal_Sperm (557).bmp,0,1,0,0,0.969608,0.027501,0.002891
smids/Normal_Sperm/Normal_Sperm (560).bmp,0,1,0,0,0.984887,0.013232,0.001881
smids/Normal_Sperm/Normal_Sperm (564).bmp,0,1,0,0,0.987044,0.012405,0.000551
smids/Normal_Sperm/Normal_Sperm (565).bmp,0,1,0,0,0.716955,0.257269,0.025776
smids/Normal_Sperm/Normal_Sperm (566).bmp,0,1,0,0,0.901554,0.097998,0.000449
smids/Normal_Sperm/Normal_Sperm (57).bmp,0,1,0,0,0.995015,0.004966,0.000020
smids/Normal_Sperm/Normal_Sperm (573).bmp,0,1,0,0,0.848476,0.130906,0.020618
smids/Normal_Sperm/Normal_Sperm (575).bmp,0,1,0,0,0.858187,0.140570,0.001243
smids/Normal_Sperm/Normal_Sperm (58).bmp,0,1,0,0,0.653309,0.299966,0.046726
smids/Normal_Sperm/Normal_Sperm (591).bmp,0,1,0,0,0.931394,0.067695,0.000911
smids/Normal_Sperm/Normal_Sperm (595).bmp,0,1,0,0,0.947512,0.044460,0.008028
smids/Normal_Sperm/Normal_Sperm (60).bmp,0,1,0,0,0.806359,0.067657,0.125984
smids/Normal_Sperm/Normal_Sperm (604).bmp,0,1,0,1,0.144868,0.809836,0.045296
smids/Normal_Sperm/Normal_Sperm (630).bmp,0,1,0,0,0.894219,0.104605,0.001175
smids/Normal_Sperm/Normal_Sperm (636).bmp,0,1,0,0,0.920352,0.074224,0.005424
smids/Normal_Sperm/Normal_Sperm (637).bmp,0,1,0,0,0.861809,0.110685,0.027507
smids/Normal_Sperm/Normal_Sperm (648).bmp,0,1,0,0,0.765810,0.207907,0.026284
smids/Normal_Sperm/Normal_Sperm (660).bmp,0,1,0,0,0.893969,0.103852,0.002179
smids/Normal_Sperm/Normal_Sperm (662).bmp,0,1,0,0,0.780599,0.124975,0.094426
smids/Normal_Sperm/Normal_Sperm (669).bmp,0,1,0,0,0.928472,0.061706,0.009821
smids/Normal_Sperm/Normal_Sperm (678).bmp,0,1,0,0,0.886704,0.099471,0.013825
smids/Normal_Sperm/Normal_Sperm (686).bmp,0,1,0,0,0.679442,0.319239,0.001319
smids/Normal_Sperm/Normal_Sperm (69).bmp,0,1,0,1,0.048578,0.943590,0.007832
smids/Normal_Sperm/Normal_Sperm (692).bmp,0,1,0,0,0.935252,0.063269,0.001479
smids/Normal_Sperm/Normal_Sperm (7).bmp,0,1,0,0,0.981449,0.018383,0.000168
smids/Normal_Sperm/Normal_Sperm (704).bmp,0,1,0,0,0.975816,0.023933,0.000250
smids/Normal_Sperm/Normal_Sperm (712).bmp,0,1,0,0,0.867549,0.129693,0.002758
smids/Normal_Sperm/Normal_Sperm (718).bmp,0,1,0,0,0.916818,0.077831,0.005351
smids/Normal_Sperm/Normal_Sperm (719).bmp,0,1,0,0,0.990996,0.008030,0.000974
smids/Normal_Sperm/Normal_Sperm (721).bmp,0,1,0,0,0.752834,0.244930,0.002236
smids/Normal_Sperm/Normal_Sperm (722).bmp,0,1,0,0,0.922597,0.049000,0.028403
smids/Normal_Sperm/Normal_Sperm (738).bmp,0,1,0,0,0.964439,0.025130,0.010431
smids/Normal_Sperm/Normal_Sperm (749).bmp,0,1,0,0,0.970254,0.028220,0.001526
smids/Normal_Sperm/Normal_Sperm (750).bmp,0,1,0,0,0.671081,0.210323,0.118597
smids/Normal_Sperm/Normal_Sperm (757).bmp,0,1,0,0,0.881507,0.094926,0.023567
smids/Normal_Sperm/Normal_Sperm (759).bmp,0,1,0,0,0.840725,0.114243,0.045032
smids/Normal_Sperm/Normal_Sperm (771).bmp,0,1,0,0,0.628676,0.076592,0.294732
smids/Normal_Sperm/Normal_Sperm (772).bmp,0,1,0,0,0.957857,0.030427,0.011715
smids/Normal_Sperm/Normal_Sperm (775).bmp,0,1,0,0,0.974712,0.015944,0.009345
smids/Normal_Sperm/Normal_Sperm (786).bmp,0,1,0,0,0.778483,0.216158,0.005358
smids/Normal_Sperm/Normal_Sperm (788).bmp,0,1,0,0,0.631653,0.139453,0.228894
smids/Normal_Sperm/Normal_Sperm (792).bmp,0,1,0,0,0.906725,0.077745,0.015530
smids/Normal_Sperm/Normal_Sperm (793).bmp,0,1,0,0,0.442584,0.142183,0.415233
smids/Normal_Sperm/Normal_Sperm (800).bmp,0,1,0,0,0.624395,0.139765,0.235840
smids/Normal_Sperm/Normal_Sperm (820).bmp,0,1,0,0,0.989345,0.006786,0.003869
smids/Normal_Sperm/Normal_Sperm (822).bmp,0,1,0,0,0.940315,0.034003,0.025682
smids/Normal_Sperm/Normal_Sperm (823).bmp,0,1,0,0,0.962139,0.029713,0.008148
smids/Normal_Sperm/Normal_Sperm (827).bmp,0,1,0,0,0.785678,0.141238,0.073084
smids/Normal_Sperm/Normal_Sperm (829).bmp,0,1,0,0,0.948475,0.051035,0.000491
smids/Normal_Sperm/Normal_Sperm (840).bmp,0,1,0,0,0.768968,0.228250,0.002782
smids/Normal_Sperm/Normal_Sperm (841).bmp,0,1,0,0,0.993444,0.006426,0.000131
smids/Normal_Sperm/Normal_Sperm (842).bmp,0,1,0,0,0.885324,0.110609,0.004067
smids/Normal_Sperm/Normal_Sperm (847).bmp,0,1,0,0,0.517839,0.415721,0.066441
smids/Normal_Sperm/Normal_Sperm (849).bmp,0,1,0,0,0.911302,0.088216,0.000483
smids/Normal_Sperm/Normal_Sperm (858).bmp,0,1,0,0,0.788987,0.174531,0.036482
smids/Normal_Sperm/Normal_Sperm (862).bmp,0,1,0,0,0.776181,0.222898,0.000921
smids/Normal_Sperm/Normal_Sperm (864).bmp,0,1,0,0,0.928333,0.056091,0.015576
smids/Normal_Sperm/Normal_Sperm (865).bmp,0,1,0,0,0.647160,0.248248,0.104591
smids/Normal_Sperm/Normal_Sperm (874).bmp,0,1,0,0,0.951316,0.026761,0.021923
smids/Normal_Sperm/Normal_Sperm (886).bmp,0,1,0,0,0.820199,0.174127,0.005673
smids/Normal_Sperm/Normal_Sperm (887).bmp,0,1,0,0,0.901326,0.098531,0.000143
smids/Normal_Sperm/Normal_Sperm (888).bmp,0,1,0,0,0.840646,0.159076,0.000278
smids/Normal_Sperm/Normal_Sperm (890).bmp,0,1,0,1,0.145271,0.848087,0.006642
smids/Normal_Sperm/Normal_Sperm (891).bmp,0,1,0,0,0.816646,0.181418,0.001937
smids/Normal_Sperm/Normal_Sperm (893).bmp,0,1,0,1,0.072104,0.859536,0.068360
smids/Normal_Sperm/Normal_Sperm (898).bmp,0,1,0,0,0.741451,0.257596,0.000953
smids/Normal_Sperm/Normal_Sperm (9).bmp,0,1,0,0,0.658791,0.017122,0.324087
smids/Normal_Sperm/Normal_Sperm (902).bmp,0,1,0,0,0.920845,0.078744,0.000411
smids/Normal_Sperm/Normal_Sperm (910).bmp,0,1,0,1,0.386729,0.610757,0.002514
smids/Normal_Sperm/Normal_Sperm (911).bmp,0,1,0,1,0.258132,0.735659,0.006209
smids/Normal_Sperm/Normal_Sperm (919).bmp,0,1,0,1,0.340805,0.504811,0.154384
smids/Normal_Sperm/Normal_Sperm (923).bmp,0,1,0,0,0.576285,0.421625,0.002090
smids/Normal_Sperm/Normal_Sperm (926).bmp,0,1,0,0,0.671698,0.326465,0.001837
smids/Normal_Sperm/Normal_Sperm (934).bmp,0,1,0,1,0.445965,0.552541,0.001493
smids/Normal_Sperm/Normal_Sperm (947).bmp,0,1,0,1,0.240342,0.705215,0.054443
smids/Normal_Sperm/Normal_Sperm (95).bmp,0,1,0,0,0.886728,0.089642,0.023631
smids/Normal_Sperm/Normal_Sperm (951).bmp,0,1,0,0,0.791418,0.207462,0.001119
smids/Normal_Sperm/Normal_Sperm (953).bmp,0,1,0,1,0.246936,0.742517,0.010547
smids/Normal_Sperm/Normal_Sperm (966).bmp,0,1,0,0,0.903702,0.095838,0.000460
smids/Normal_Sperm/Normal_Sperm (968).bmp,0,1,0,1,0.155991,0.780365,0.063644
smids/Normal_Sperm/Normal_Sperm (969).bmp,0,1,0,1,0.185531,0.557094,0.257375
smids/Normal_Sperm/Normal_Sperm (97).bmp,0,1,0,0,0.812039,0.041001,0.146960
smids/Normal_Sperm/Normal_Sperm (970).bmp,0,1,0,0,0.675508,0.316386,0.008106
smids/Normal_Sperm/Normal_Sperm (984).bmp,0,1,0,2,0.184084,0.045762,0.770154
smids/Normal_Sperm/Normal_Sperm (986).bmp,0,1,0,2,0.367303,0.247768,0.384929
smids/Normal_Sperm/Normal_Sperm (987).bmp,0,1,0,0,0.887669,0.092909,0.019423
smids/Normal_Sperm/Normal_Sperm (990).bmp,0,1,0,0,0.944197,0.055678,0.000125
smids/Normal_Sperm/Normal_Sperm (994).bmp,0,1,0,2,0.034594,0.106245,0.859162
smids/Normal_Sperm/Normal_Sperm (996).bmp,0,1,0,0,0.743559,0.254964,0.001478
smids/Abnormal_Sperm/Abnormal_Sperm (1005).bmp,0,2,1,1,0.132808,0.848712,0.018481
smids/Abnormal_Sperm/Abnormal_Sperm (108).bmp,0,2,1,0,0.800071,0.198523,0.001406
smids/Abnormal_Sperm/Abnormal_Sperm (114).bmp,0,2,1,1,0.124485,0.671559,0.203956
smids/Abnormal_Sperm/Abnormal_Sperm (117).bmp,0,2,1,1,0.021603,0.919449,0.058948
smids/Abnormal_Sperm/Abnormal_Sperm (122).bmp,0,2,1,1,0.189152,0.808920,0.001928
smids/Abnormal_Sperm/Abnormal_Sperm (126).bmp,0,2,1,1,0.210517,0.760110,0.029373
smids/Abnormal_Sperm/Abnormal_Sperm (129).bmp,0,2,1,1,0.066855,0.920514,0.012631
smids/Abnormal_Sperm/Abnormal_Sperm (131).bmp,0,2,1,1,0.090377,0.906564,0.003058
smids/Abnormal_Sperm/Abnormal_Sperm (134).bmp,0,2,1,1,0.013055,0.983063,0.003881
smids/Abnormal_Sperm/Abnormal_Sperm (137).bmp,0,2,1,1,0.045801,0.953313,0.000887
smids/Abnormal_Sperm/Abnormal_Sperm (15).bmp,0,2,1,1,0.060738,0.863415,0.075846
smids/Abnormal_Sperm/Abnormal_Sperm (155).bmp,0,2,1,1,0.074399,0.915737,0.009864
smids/Abnormal_Sperm/Abnormal_Sperm (156).bmp,0,2,1,1,0.196041,0.777899,0.026059
smids/Abnormal_Sperm/Abnormal_Sperm (157).bmp,0,2,1,1,0.024748,0.949108,0.026144
smids/Abnormal_Sperm/Abnormal_Sperm (16).bmp,0,2,1,0,0.622784,0.376512,0.000703
smids/Abnormal_Sperm/Abnormal_Sperm (160).bmp,0,2,1,1,0.028242,0.935366,0.036393
smids/Abnormal_Sperm/Abnormal_Sperm (161).bmp,0,2,1,1,0.396870,0.519710,0.083420
smids/Abnormal_Sperm/Abnormal_Sperm (169).bmp,0,2,1,1,0.020728,0.977608,0.001664
smids/Abnormal_Sperm/Abnormal_Sperm (177).bmp,0,2,1,2,0.091848,0.224399,0.683753
smids/Abnormal_Sperm/Abnormal_Sperm (180).bmp,0,2,1,1,0.034262,0.941485,0.024252
smids/Abnormal_Sperm/Abnormal_Sperm (181).bmp,0,2,1,1,0.017098,0.850585,0.132317
smids/Abnormal_Sperm/Abnormal_Sperm (183).bmp,0,2,1,1,0.087828,0.910534,0.001638
smids/Abnormal_Sperm/Abnormal_Sperm (190).bmp,0,2,1,1,0.064848,0.925750,0.009402
smids/Abnormal_Sperm/Abnormal_Sperm (191).bmp,0,2,1,1,0.259031,0.475741,0.265228
smids/Abnormal_Sperm/Abnormal_Sperm (196).bmp,0,2,1,1,0.092027,0.900946,0.007028
smids/Abnormal_Sperm/Abnormal_Sperm (198).bmp,0,2,1,1,0.086350,0.907873,0.005777
smids/Abnormal_Sperm/Abnormal_Sperm (202).bmp,0,2,1,1,0.108708,0.869263,0.022030
smids/Abnormal_Sperm/Abnormal_Sperm (215).bmp,0,2,1,1,0.018558,0.974432,0.007010
smids/Abnormal_Sperm/Abnormal_Sperm (219).bmp,0,2,1,1,0.085242,0.795531,0.119227
smids/Abnormal_Sperm/Abnormal_Sperm (220).bmp,0,2,1,1,0.093965,0.905334,0.000701
smids/Abnormal_Sperm/Abnormal_Sperm (223).bmp,0,2,1,1,0.026428,0.568724,0.404847
smids/Abnormal_Sperm/Abnormal_Sperm (225).bmp,0,2,1,1,0.128233,0.863535,0.008232
smids/Abnormal_Sperm/Abnormal_Sperm (238).bmp,0,2,1,1,0.022101,0.780849,0.197050
smids/Abnormal_Sperm/Abnormal_Sperm (245).bmp,0,2,1,1,0.070776,0.718502,0.210722
smids/Abnormal_Sperm/Abnormal_Sperm (247).bmp,0,2,1,1,0.028869,0.856807,0.114324
smids/Abnormal_Sperm/Abnormal_Sperm (249).bmp,0,2,1,1,0.022192,0.934309,0.043499
smids/Abnormal_Sperm/Abnormal_Sperm (251).bmp,0,2,1,1,0.137889,0.546412,0.315699
smids/Abnormal_Sperm/Abnormal_Sperm (263).bmp,0,2,1,1,0.081785,0.892126,0.026089
smids/Abnormal_Sperm/Abnormal_Sperm (267).bmp,0,2,1,1,0.047141,0.927726,0.025133
smids/Abnormal_Sperm/Abnormal_Sperm (269).bmp,0,2,1,2,0.063688,0.142019,0.794293
smids/Abnormal_Sperm/Abnormal_Sperm (277).bmp,0,2,1,1,0.041159,0.932706,0.026135
smids/Abnormal_Sperm/Abnormal_Sperm (282).bmp,0,2,1,1,0.146593,0.567128,0.286279
smids/Abnormal_Sperm/Abnormal_Sperm (284).bmp,0,2,1,1,0.007217,0.977479,0.015304
smids/Abnormal_Sperm/Abnormal_Sperm (287).bmp,0,2,1,1,0.125745,0.867665,0.006590
smids/Abnormal_Sperm/Abnormal_Sperm (296).bmp,0,2,1,1,0.086222,0.848911,0.064867
smids/Abnormal_Sperm/Abnormal_Sperm (301).bmp,0,2,1,1,0.394887,0.591294,0.013820
smids/Abnormal_Sperm/Abnormal_Sperm (302).bmp,0,2,1,2,0.203985,0.290058,0.505957
smids/Abnormal_Sperm/Abnormal_Sperm (308).bmp,0,2,1,0,0.643939,0.347853,0.008208
smids/Abnormal_Sperm/Abnormal_Sperm (312).bmp,0,2,1,1,0.141338,0.486718,0.371944
smids/Abnormal_Sperm/Abnormal_Sperm (317).bmp,0,2,1,1,0.079833,0.715397,0.204770
smids/Abnormal_Sperm/Abnormal_Sperm (323).bmp,0,2,1,1,0.128296,0.504570,0.367134
smids/Abnormal_Sperm/Abnormal_Sperm (327).bmp,0,2,1,1,0.035214,0.786962,0.177824
smids/Abnormal_Sperm/Abnormal_Sperm (328).bmp,0,2,1,1,0.012039,0.800496,0.187465
smids/Abnormal_Sperm/Abnormal_Sperm (331).bmp,0,2,1,1,0.039099,0.875117,0.085784
smids/Abnormal_Sperm/Abnormal_Sperm (336).bmp,0,2,1,1,0.025929,0.964793,0.009278
smids/Abnormal_Sperm/Abnormal_Sperm (339).bmp,0,2,1,1,0.266441,0.732659,0.000900
smids/Abnormal_Sperm/Abnormal_Sperm (353).bmp,0,2,1,1,0.018523,0.653273,0.328203
smids/Abnormal_Sperm/Abnormal_Sperm (355).bmp,0,2,1,1,0.058414,0.939897,0.001689
smids/Abnormal_Sperm/Abnormal_Sperm (363).bmp,0,2,1,1,0.122453,0.833938,0.043609
smids/Abnormal_Sperm/Abnormal_Sperm (366).bmp,0,2,1,1,0.226079,0.733402,0.040519
smids/Abnormal_Sperm/Abnormal_Sperm (369).bmp,0,2,1,1,0.294973,0.587214,0.117813
smids/Abnormal_Sperm/Abnormal_Sperm (372).bmp,0,2,1,1,0.062290,0.845572,0.092139
smids/Abnormal_Sperm/Abnormal_Sperm (374).bmp,0,2,1,1,0.009931,0.985267,0.004802
smids/Abnormal_Sperm/Abnormal_Sperm (375).bmp,0,2,1,1,0.121881,0.835370,0.042749
smids/Abnormal_Sperm/Abnormal_Sperm (381).bmp,0,2,1,0,0.502017,0.493071,0.004912
smids/Abnormal_Sperm/Abnormal_Sperm (384).bmp,0,2,1,1,0.212313,0.723035,0.064652
smids/Abnormal_Sperm/Abnormal_Sperm (389).bmp,0,2,1,1,0.425606,0.543681,0.030714
smids/Abnormal_Sperm/Abnormal_Sperm (39).bmp,0,2,1,1,0.004094,0.994822,0.001084
smids/Abnormal_Sperm/Abnormal_Sperm (390).bmp,0,2,1,1,0.157059,0.833532,0.009409
smids/Abnormal_Sperm/Abnormal_Sperm (392).bmp,0,2,1,1,0.149975,0.849865,0.000161
smids/Abnormal_Sperm/Abnormal_Sperm (393).bmp,0,2,1,1,0.033762,0.965232,0.001006
smids/Abnormal_Sperm/Abnormal_Sperm (395).bmp,0,2,1,1,0.256586,0.732594,0.010820
smids/Abnormal_Sperm/Abnormal_Sperm (398).bmp,0,2,1,1,0.125474,0.701056,0.173471
smids/Abnormal_Sperm/Abnormal_Sperm (402).bmp,0,2,1,1,0.004455,0.977560,0.017985
smids/Abnormal_Sperm/Abnormal_Sperm (404).bmp,0,2,1,1,0.229472,0.592112,0.178416
smids/Abnormal_Sperm/Abnormal_Sperm (409).bmp,0,2,1,0,0.588667,0.280991,0.130343
smids/Abnormal_Sperm/Abnormal_Sperm (410).bmp,0,2,1,1,0.031937,0.500627,0.467437
smids/Abnormal_Sperm/Abnormal_Sperm (412).bmp,0,2,1,1,0.243736,0.489025,0.267239
smids/Abnormal_Sperm/Abnormal_Sperm (413).bmp,0,2,1,1,0.062736,0.934711,0.002553
smids/Abnormal_Sperm/Abnormal_Sperm (414).bmp,0,2,1,0,0.783676,0.211190,0.005133
smids/Abnormal_Sperm/Abnormal_Sperm (415).bmp,0,2,1,1,0.263152,0.720297,0.016551
smids/Abnormal_Sperm/Abnormal_Sperm (418).bmp,0,2,1,1,0.018920,0.966500,0.014580
smids/Abnormal_Sperm/Abnormal_Sperm (425).bmp,0,2,1,0,0.515260,0.450031,0.034709
smids/Abnormal_Sperm/Abnormal_Sperm (428).bmp,0,2,1,1,0.161340,0.762592,0.076068
smids/Abnormal_Sperm/Abnormal_Sperm (434).bmp,0,2,1,1,0.430283,0.563444,0.006273
smids/Abnormal_Sperm/Abnormal_Sperm (439).bmp,0,2,1,1,0.169684,0.792701,0.037615
smids/Abnormal_Sperm/Abnormal_Sperm (446).bmp,0,2,1,0,0.740232,0.257306,0.002462
smids/Abnormal_Sperm/Abnormal_Sperm (449).bmp,0,2,1,1,0.006107,0.968138,0.025755
smids/Abnormal_Sperm/Abnormal_Sperm (455).bmp,0,2,1,1,0.056449,0.898865,0.044686
smids/Abnormal_Sperm/Abnormal_Sperm (461).bmp,0,2,1,1,0.022029,0.673701,0.304269
smids/Abnormal_Sperm/Abnormal_Sperm (472).bmp,0,2,1,1,0.076092,0.918478,0.005430
smids/Abnormal_Sperm/Abnormal_Sperm (475).bmp,0,2,1,1,0.025761,0.913960,0.060279
smids/Abnormal_Sperm/Abnormal_Sperm (480).bmp,0,2,1,0,0.522396,0.431520,0.046084
smids/Abnormal_Sperm/Abnormal_Sperm (489).bmp,0,2,1,1,0.116226,0.649788,0.233986
smids/Abnormal_Sperm/Abnormal_Sperm (494).bmp,0,2,1,1,0.236022,0.553529,0.210450
smids/Abnormal_Sperm/Abnormal_Sperm (503).bmp,0,2,1,2,0.009520,0.187807,0.802673
smids/Abnormal_Sperm/Abnormal_Sperm (504).bmp,0,2,1,1,0.200834,0.722550,0.076617
smids/Abnormal_Sperm/Abnormal_Sperm (507).bmp,0,2,1,2,0.015713,0.189287,0.794999
smids/Abnormal_Sperm/Abnormal_Sperm (509).bmp,0,2,1,2,0.039517,0.217767,0.742716
smids/Abnormal_Sperm/Abnormal_Sperm (515).bmp,0,2,1,1,0.039900,0.939665,0.020435
smids/Abnormal_Sperm/Abnormal_Sperm (517).bmp,0,2,1,1,0.180392,0.791179,0.028429
smids/Abnormal_Sperm/Abnormal_Sperm (528).bmp,0,2,1,2,0.014161,0.086489,0.899351
smids/Abnormal_Sperm/Abnormal_Sperm (534).bmp,0,2,1,2,0.009202,0.069690,0.921109
smids/Abnormal_Sperm/Abnormal_Sperm (539).bmp,0,2,1,1,0.290423,0.624482,0.085095
smids/Abnormal_Sperm/Abnormal_Sperm (541).bmp,0,2,1,1,0.242632,0.640305,0.117062
smids/Abnormal_Sperm/Abnormal_Sperm (547).bmp,0,2,1,1,0.312448,0.687031,0.000521
smids/Abnormal_Sperm/Abnormal_Sperm (550).bmp,0,2,1,1,0.125394,0.865205,0.009401
smids/Abnormal_Sperm/Abnormal_Sperm (553).bmp,0,2,1,1,0.364502,0.380693,0.254804
smids/Abnormal_Sperm/Abnormal_Sperm (560).bmp,0,2,1,0,0.933231,0.058818,0.007951
smids/Abnormal_Sperm/Abnormal_Sperm (564).bmp,0,2,1,1,0.069307,0.549606,0.381087
smids/Abnormal_Sperm/Abnormal_Sperm (567).bmp,0,2,1,1,0.284229,0.630170,0.085601
smids/Abnormal_Sperm/Abnormal_Sperm (573).bmp,0,2,1,1,0.333431,0.438990,0.227578
smids/Abnormal_Sperm/Abnormal_Sperm (576).bmp,0,2,1,2,0.016450,0.480531,0.503018
smids/Abnormal_Sperm/Abnormal_Sperm (579).bmp,0,2,1,1,0.290985,0.650062,0.058953
smids/Abnormal_Sperm/Abnormal_Sperm (582).bmp,0,2,1,1,0.034092,0.644262,0.321646
smids/Abnormal_Sperm/Abnormal_Sperm (587).bmp,0,2,1,2,0.016456,0.136396,0.847147
smids/Abnormal_Sperm/Abnormal_Sperm (596).bmp,0,2,1,1,0.103018,0.894646,0.002336
smids/Abnormal_Sperm/Abnormal_Sperm (6).bmp,0,2,1,2,0.096967,0.421019,0.482014
smids/Abnormal_Sperm/Abnormal_Sperm (607).bmp,0,2,1,0,0.540172,0.439758,0.020069
smids/Abnormal_Sperm/Abnormal_Sperm (61).bmp,0,2,1,1,0.019086,0.885645,0.095269
smids/Abnormal_Sperm/Abnormal_Sperm (62).bmp,0,2,1,1,0.158988,0.827939,0.013073
smids/Abnormal_Sperm/Abnormal_Sperm (625).bmp,0,2,1,1,0.310235,0.584433,0.105333
smids/Abnormal_Sperm/Abnormal_Sperm (628).bmp,0,2,1,1,0.093801,0.730462,0.175737
smids/Abnormal_Sperm/Abnormal_Sperm (629).bmp,0,2,1,2,0.112374,0.283981,0.603644
smids/Abnormal_Sperm/Abnormal_Sperm (63).bmp,0,2,1,0,0.497551,0.417823,0.084626
smids/Abnormal_Sperm/Abnormal_Sperm (649).bmp,0,2,1,1,0.089675,0.479891,0.430433
smids/Abnormal_Sperm/Abnormal_Sperm (651).bmp,0,2,1,1,0.409076,0.466155,0.124769
smids/Abnormal_Sperm/Abnormal_Sperm (66).bmp,0,2,1,1,0.070104,0.610440,0.319456
smids/Abnormal_Sperm/Abnormal_Sperm (661).bmp,0,2,1,0,0.618008,0.377569,0.004423
smids/Abnormal_Sperm/Abnormal_Sperm (668).bmp,0,2,1,1,0.035825,0.948269,0.015906
smids/Abnormal_Sperm/Abnormal_Sperm (671).bmp,0,2,1,1,0.228622,0.456221,0.315157
smids/Abnormal_Sperm/Abnormal_Sperm (683).bmp,0,2,1,0,0.573424,0.227116,0.199459
smids/Abnormal_Sperm/Abnormal_Sperm (691).bmp,0,2,1,1,0.112786,0.857063,0.030150
smids/Abnormal_Sperm/Abnormal_Sperm (695).bmp,0,2,1,1,0.138262,0.482960,0.378779
smids/Abnormal_Sperm/Abnormal_Sperm (717).bmp,0,2,1,0,0.920858,0.079055,0.000088
smids/Abnormal_Sperm/Abnormal_Sperm (719).bmp,0,2,1,1,0.167130,0.682940,0.149930
smids/Abnormal_Sperm/Abnormal_Sperm (733).bmp,0,2,1,1,0.074134,0.865675,0.060191
smids/Abnormal_Sperm/Abnormal_Sperm (736).bmp,0,2,1,1,0.019823,0.974690,0.005487
smids/Abnormal_Sperm/Abnormal_Sperm (742).bmp,0,2,1,0,0.623972,0.369377,0.006650
smids/Abnormal_Sperm/Abnormal_Sperm (748).bmp,0,2,1,1,0.344800,0.608734,0.046466
smids/Abnormal_Sperm/Abnormal_Sperm (754).bmp,0,2,1,1,0.245793,0.745743,0.008464
smids/Abnormal_Sperm/Abnormal_Sperm (76).bmp,0,2,1,1,0.137383,0.809179,0.053438
smids/Abnormal_Sperm/Abnormal_Sperm (764).bmp,0,2,1,0,0.809953,0.042464,0.147584
smids/Abnormal_Sperm/Abnormal_Sperm (765).bmp,0,2,1,1,0.042955,0.942586,0.014459
smids/Abnormal_Sperm/Abnormal_Sperm (767).bmp,0,2,1,1,0.413222,0.586383,0.000395
smids/Abnormal_Sperm/Abnormal_Sperm (77).bmp,0,2,1,1,0.140546,0.836998,0.022457
smids/Abnormal_Sperm/Abnormal_Sperm (770).bmp,0,2,1,0,0.605231,0.388963,0.005806
smids/Abnormal_Sperm/Abnormal_Sperm (775).bmp,0,2,1,1,0.335996,0.661954,0.002050
smids/Abnormal_Sperm/Abnormal_Sperm (785).bmp,0,2,1,1,0.478122,0.519626,0.002252
smids/Abnormal_Sperm/Abnormal_Sperm (789).bmp,0,2,1,2,0.047829,0.437773,0.514398
smids/Abnormal_Sperm/Abnormal_Sperm (793).bmp,0,2,1,1,0.225108,0.433668,0.341224
smids/Abnormal_Sperm/Abnormal_Sperm (794).bmp,0,2,1,1,0.150027,0.836112,0.013860
smids/Abnormal_Sperm/Abnormal_Sperm (801).bmp,0,2,1,1,0.125657,0.721993,0.152350
smids/Abnormal_Sperm/Abnormal_Sperm (802).bmp,0,2,1,1,0.119755,0.837366,0.042879
smids/Abnormal_Sperm/Abnormal_Sperm (803).bmp,0,2,1,1,0.322303,0.676048,0.001649
smids/Abnormal_Sperm/Abnormal_Sperm (812).bmp,0,2,1,0,0.634760,0.364347,0.000894
smids/Abnormal_Sperm/Abnormal_Sperm (823).bmp,0,2,1,0,0.683971,0.315154,0.000875
smids/Abnormal_Sperm/Abnormal_Sperm (830).bmp,0,2,1,0,0.772007,0.223361,0.004632
smids/Abnormal_Sperm/Abnormal_Sperm (831).bmp,0,2,1,1,0.463444,0.530276,0.006280
smids/Abnormal_Sperm/Abnormal_Sperm (834).bmp,0,2,1,0,0.978610,0.020134,0.001256
smids/Abnormal_Sperm/Abnormal_Sperm (839).bmp,0,2,1,0,0.970658,0.028351,0.000991
smids/Abnormal_Sperm/Abnormal_Sperm (84).bmp,0,2,1,1,0.021883,0.973887,0.004230
smids/Abnormal_Sperm/Abnormal_Sperm (840).bmp,0,2,1,1,0.241407,0.755708,0.002884
smids/Abnormal_Sperm/Abnormal_Sperm (843).bmp,0,2,1,0,0.947928,0.051895,0.000177
smids/Abnormal_Sperm/Abnormal_Sperm (847).bmp,0,2,1,1,0.161447,0.837852,0.000701
smids/Abnormal_Sperm/Abnormal_Sperm (852).bmp,0,2,1,0,0.943881,0.055421,0.000699
smids/Abnormal_Sperm/Abnormal_Sperm (855).bmp,0,2,1,1,0.120805,0.848551,0.030643
smids/Abnormal_Sperm/Abnormal_Sperm (858).bmp,0,2,1,1,0.219041,0.772977,0.007982
smids/Abnormal_Sperm/Abnormal_Sperm (865).bmp,0,2,1,0,0.743821,0.253886,0.002293
smids/Abnormal_Sperm/Abnormal_Sperm (873).bmp,0,2,1,1,0.343265,0.638977,0.017757
smids/Abnormal_Sperm/Abnormal_Sperm (874).bmp,0,2,1,1,0.381634,0.583016,0.035349
smids/Abnormal_Sperm/Abnormal_Sperm (876).bmp,0,2,1,1,0.359444,0.638494,0.002062
smids/Abnormal_Sperm/Abnormal_Sperm (877).bmp,0,2,1,1,0.275521,0.655211,0.069268
smids/Abnormal_Sperm/Abnormal_Sperm (88).bmp,0,2,1,1,0.015460,0.981063,0.003476
smids/Abnormal_Sperm/Abnormal_Sperm (883).bmp,0,2,1,0,0.615273,0.376211,0.008516
smids/Abnormal_Sperm/Abnormal_Sperm (884).bmp,0,2,1,0,0.703545,0.280847,0.015608
smids/Abnormal_Sperm/Abnormal_Sperm (885).bmp,0,2,1,1,0.110978,0.866632,0.022390
smids/Abnormal_Sperm/Abnormal_Sperm (888).bmp,0,2,1,0,0.918033,0.081491,0.000476
smids/Abnormal_Sperm/Abnormal_Sperm (894).bmp,0,2,1,1,0.130217,0.861246,0.008536
smids/Abnormal_Sperm/Abnormal_Sperm (904).bmp,0,2,1,1,0.047716,0.906907,0.045377
smids/Abnormal_Sperm/Abnormal_Sperm (906).bmp,0,2,1,1,0.477612,0.484072,0.038316
smids/Abnormal_Sperm/Abnormal_Sperm (913).bmp,0,2,1,2,0.092344,0.417106,0.490550
smids/Abnormal_Sperm/Abnormal_Sperm (915).bmp,0,2,1,2,0.130544,0.228091,0.641366
smids/Abnormal_Sperm/Abnormal_Sperm (922).bmp,0,2,1,1,0.015650,0.911946,0.072404
smids/Abnormal_Sperm/Abnormal_Sperm (929).bmp,0,2,1,1,0.255904,0.708692,0.035404
smids/Abnormal_Sperm/Abnormal_Sperm (94).bmp,0,2,1,1,0.006654,0.499335,0.494012
smids/Abnormal_Sperm/Abnormal_Sperm (943).bmp,0,2,1,1,0.397988,0.584396,0.017616
smids/Abnormal_Sperm/Abnormal_Sperm (946).bmp,0,2,1,1,0.379554,0.607799,0.012646
smids/Abnormal_Sperm/Abnormal_Sperm (947).bmp,0,2,1,1,0.366833,0.622608,0.010559
smids/Abnormal_Sperm/Abnormal_Sperm (950).bmp,0,2,1,1,0.124451,0.865036,0.010513
smids/Abnormal_Sperm/Abnormal_Sperm (96).bmp,0,2,1,1,0.084608,0.541869,0.373524
smids/Abnormal_Sperm/Abnormal_Sperm (978).bmp,0,2,1,1,0.014421,0.945776,0.039803
smids/Abnormal_Sperm/Abnormal_Sperm (979).bmp,0,2,1,1,0.037387,0.960747,0.001865
smids/Abnormal_Sperm/Abnormal_Sperm (991).bmp,0,2,1,1,0.016318,0.973546,0.010136
smids/Abnormal_Sperm/Abnormal_Sperm (997).bmp,0,2,1,1,0.213857,0.661280,0.124863
smids/Non-Sperm/Non-Sperm (10).bmp,0,2,2,2,0.004004,0.010412,0.985584
smids/Non-Sperm/Non-Sperm (107).bmp,0,2,2,2,0.000748,0.001487,0.997764
smids/Non-Sperm/Non-Sperm (122).bmp,0,2,2,2,0.002035,0.001828,0.996137
smids/Non-Sperm/Non-Sperm (130).bmp,0,2,2,2,0.000750,0.003948,0.995302
smids/Non-Sperm/Non-Sperm (134).bmp,0,2,2,2,0.000825,0.001025,0.998150
smids/Non-Sperm/Non-Sperm (14).bmp,0,2,2,2,0.006083,0.048950,0.944968
smids/Non-Sperm/Non-Sperm (140).bmp,0,2,2,2,0.000196,0.002768,0.997036
smids/Non-Sperm/Non-Sperm (141).bmp,0,2,2,2,0.000971,0.002632,0.996396
smids/Non-Sperm/Non-Sperm (143).bmp,0,2,2,2,0.003412,0.005322,0.991267
smids/Non-Sperm/Non-Sperm (150).bmp,0,2,2,2,0.003941,0.003094,0.992965
smids/Non-Sperm/Non-Sperm (159).bmp,0,2,2,2,0.002955,0.000863,0.996182
smids/Non-Sperm/Non-Sperm (16).bmp,0,2,2,2,0.003228,0.017402,0.979370
smids/Non-Sperm/Non-Sperm (160).bmp,0,2,2,2,0.014086,0.050124,0.935790
smids/Non-Sperm/Non-Sperm (168).bmp,0,2,2,2,0.001049,0.005299,0.993652
smids/Non-Sperm/Non-Sperm (171).bmp,0,2,2,2,0.013513,0.036535,0.949952
smids/Non-Sperm/Non-Sperm (172).bmp,0,2,2,2,0.002518,0.016869,0.980613
smids/Non-Sperm/Non-Sperm (183).bmp,0,2,2,2,0.000689,0.006684,0.992627
smids/Non-Sperm/Non-Sperm (184).bmp,0,2,2,2,0.188348,0.075585,0.736067
smids/Non-Sperm/Non-Sperm (188).bmp,0,2,2,2,0.000677,0.004002,0.995320
smids/Non-Sperm/Non-Sperm (207).bmp,0,2,2,2,0.001819,0.003527,0.994654
smids/Non-Sperm/Non-Sperm (219).bmp,0,2,2,2,0.007574,0.002823,0.989603
smids/Non-Sperm/Non-Sperm (223).bmp,0,2,2,2,0.000904,0.003418,0.995678
smids/Non-Sperm/Non-Sperm (225).bmp,0,2,2,2,0.010844,0.035062,0.954094
smids/Non-Sperm/Non-Sperm (227).bmp,0,2,2,2,0.010770,0.006684,0.982546
smids/Non-Sperm/Non-Sperm (229).bmp,0,2,2,2,0.001357,0.005690,0.992954
smids/Non-Sperm/Non-Sperm (230).bmp,0,2,2,2,0.009033,0.017658,0.973309
smids/Non-Sperm/Non-Sperm (238).bmp,0,2,2,2,0.006274,0.002716,0.991011
smids/Non-Sperm/Non-Sperm (239).bmp,0,2,2,2,0.010637,0.003391,0.985972
smids/Non-Sperm/Non-Sperm (24).bmp,0,2,2,1,0.027090,0.546402,0.426508
smids/Non-Sperm/Non-Sperm (242).bmp,0,2,2,2,0.004600,0.007168,0.988233
smids/Non-Sperm/Non-Sperm (244).bmp,0,2,2,2,0.001119,0.005618,0.993263
smids/Non-Sperm/Non-Sperm (249).bmp,0,2,2,2,0.002609,0.002158,0.995233
smids/Non-Sperm/Non-Sperm (25).bmp,0,2,2,0,0.553002,0.129333,0.317665
smids/Non-Sperm/Non-Sperm (252).bmp,0,2,2,2,0.001194,0.017231,0.981575
smids/Non-Sperm/Non-Sperm (255).bmp,0,2,2,2,0.001768,0.001532,0.996700
smids/Non-Sperm/Non-Sperm (258).bmp,0,2,2,2,0.002211,0.032679,0.965110
smids/Non-Sperm/Non-Sperm (260).bmp,0,2,2,2,0.007066,0.005552,0.987382
smids/Non-Sperm/Non-Sperm (263).bmp,0,2,2,2,0.042741,0.071741,0.885518
smids/Non-Sperm/Non-Sperm (265).bmp,0,2,2,2,0.002555,0.008563,0.988882
smids/Non-Sperm/Non-Sperm (266).bmp,0,2,2,2,0.001718,0.004736,0.993547
smids/Non-Sperm/Non-Sperm (270).bmp,0,2,2,2,0.001007,0.001958,0.997035
smids/Non-Sperm/Non-Sperm (272).bmp,0,2,2,2,0.027948,0.005484,0.966568
smids/Non-Sperm/Non-Sperm (275).bmp,0,2,2,2,0.000238,0.008415,0.991346
smids/Non-Sperm/Non-Sperm (279).bmp,0,2,2,2,0.000665,0.000822,0.998513
smids/Non-Sperm/Non-Sperm (280).bmp,0,2,2,2,0.001031,0.000443,0.998526
smids/Non-Sperm/Non-Sperm (285).bmp,0,2,2,2,0.027561,0.026910,0.945529
smids/Non-Sperm/Non-Sperm (288).bmp,0,2,2,2,0.000200,0.001926,0.997874
smids/Non-Sperm/Non-Sperm (300).bmp,0,2,2,2,0.001616,0.006679,0.991705
smids/Non-Sperm/Non-Sperm (301).bmp,0,2,2,2,0.001094,0.003640,0.995266
smids/Non-Sperm/Non-Sperm (305).bmp,0,2,2,2,0.004167,0.036518,0.959315
smids/Non-Sperm/Non-Sperm (31).bmp,0,2,2,2,0.008356,0.115800,0.875844
smids/Non-Sperm/Non-Sperm (310).bmp,0,2,2,2,0.015436,0.008016,0.976548
smids/Non-Sperm/Non-Sperm (313).bmp,0,2,2,2,0.179174,0.209696,0.611131
smids/Non-Sperm/Non-Sperm (316).bmp,0,2,2,2,0.001350,0.000861,0.997789
smids/Non-Sperm/Non-Sperm (32).bmp,0,2,2,2,0.003535,0.029352,0.967112
smids/Non-Sperm/Non-Sperm (320).bmp,0,2,2,2,0.011331,0.007906,0.980763
smids/Non-Sperm/Non-Sperm (325).bmp,0,2,2,2,0.002935,0.004657,0.992408
smids/Non-Sperm/Non-Sperm (327).bmp,0,2,2,2,0.327406,0.062467,0.610127
smids/Non-Sperm/Non-Sperm (328).bmp,0,2,2,2,0.000927,0.005339,0.993734
smids/Non-Sperm/Non-Sperm (331).bmp,0,2,2,2,0.001198,0.009042,0.989760
smids/Non-Sperm/Non-Sperm (335).bmp,0,2,2,2,0.189674,0.075576,0.734750
smids/Non-Sperm/Non-Sperm (339).bmp,0,2,2,2,0.051384,0.051772,0.896844
smids/Non-Sperm/Non-Sperm (34).bmp,0,2,2,1,0.048672,0.697023,0.254306
smids/Non-Sperm/Non-Sperm (342).bmp,0,2,2,2,0.015379,0.036276,0.948345
smids/Non-Sperm/Non-Sperm (346).bmp,0,2,2,2,0.000645,0.001234,0.998121
smids/Non-Sperm/Non-Sperm (349).bmp,0,2,2,2,0.006640,0.083391,0.909969
smids/Non-Sperm/Non-Sperm (357).bmp,0,2,2,2,0.023691,0.033319,0.942989
smids/Non-Sperm/Non-Sperm (37).bmp,0,2,2,2,0.139004,0.430352,0.430644
smids/Non-Sperm/Non-Sperm (373).bmp,0,2,2,2,0.001157,0.007749,0.991094
smids/Non-Sperm/Non-Sperm (375).bmp,0,2,2,2,0.015936,0.056431,0.927632
smids/Non-Sperm/Non-Sperm (376).bmp,0,2,2,2,0.018669,0.114470,0.866862
smids/Non-Sperm/Non-Sperm (382).bmp,0,2,2,2,0.004101,0.010842,0.985057
smids/Non-Sperm/Non-Sperm (387).bmp,0,2,2,2,0.007967,0.031906,0.960127
smids/Non-Sperm/Non-Sperm (390).bmp,0,2,2,2,0.009965,0.020215,0.969820
smids/Non-Sperm/Non-Sperm (4).bmp,0,2,2,1,0.013773,0.763495,0.222732
smids/Non-Sperm/Non-Sperm (407).bmp,0,2,2,2,0.007687,0.042013,0.950299
smids/Non-Sperm/Non-Sperm (41).bmp,0,2,2,2,0.006304,0.113015,0.880681
smids/Non-Sperm/Non-Sperm (414).bmp,0,2,2,2,0.143766,0.014151,0.842083
smids/Non-Sperm/Non-Sperm (415).bmp,0,2,2,0,0.475686,0.062789,0.461525
smids/Non-Sperm/Non-Sperm (421).bmp,0,2,2,2,0.000749,0.023991,0.975260
smids/Non-Sperm/Non-Sperm (429).bmp,0,2,2,2,0.001499,0.004407,0.994094
smids/Non-Sperm/Non-Sperm (43).bmp,0,2,2,2,0.017504,0.052864,0.929632
smids/Non-Sperm/Non-Sperm (432).bmp,0,2,2,2,0.002536,0.002560,0.994905
smids/Non-Sperm/Non-Sperm (436).bmp,0,2,2,2,0.001406,0.001355,0.997239
smids/Non-Sperm/Non-Sperm (440).bmp,0,2,2,2,0.113550,0.075450,0.810999
smids/Non-Sperm/Non-Sperm (441).bmp,0,2,2,2,0.002899,0.009190,0.987911
smids/Non-Sperm/Non-Sperm (442).bmp,0,2,2,2,0.001579,0.004065,0.994357
smids/Non-Sperm/Non-Sperm (45).bmp,0,2,2,2,0.107255,0.014275,0.878470
smids/Non-Sperm/Non-Sperm (463).bmp,0,2,2,2,0.061904,0.386322,0.551775
smids/Non-Sperm/Non-Sperm (464).bmp,0,2,2,2,0.000994,0.009690,0.989316
smids/Non-Sperm/Non-Sperm (465).bmp,0,2,2,2,0.000356,0.006526,0.993118
smids/Non-Sperm/Non-Sperm (466).bmp,0,2,2,2,0.020336,0.076737,0.902928
smids/Non-Sperm/Non-Sperm (467).bmp,0,2,2,2,0.000654,0.005256,0.994090
smids/Non-Sperm/Non-Sperm (473).bmp,0,2,2,2,0.007603,0.037244,0.955153
smids/Non-Sperm/Non-Sperm (475).bmp,0,2,2,2,0.002407,0.001144,0.996448
smids/Non-Sperm/Non-Sperm (477).bmp,0,2,2,2,0.001391,0.003759,0.994849
smids/Non-Sperm/Non-Sperm (479).bmp,0,2,2,2,0.005395,0.007622,0.986983
smids/Non-Sperm/Non-Sperm (482).bmp,0,2,2,2,0.002172,0.014882,0.982945
smids/Non-Sperm/Non-Sperm (489).bmp,0,2,2,2,0.010804,0.109188,0.880008
smids/Non-Sperm/Non-Sperm (491).bmp,0,2,2,2,0.032687,0.104038,0.863275
smids/Non-Sperm/Non-Sperm (495).bmp,0,2,2,2,0.007517,0.038443,0.954040
smids/Non-Sperm/Non-Sperm (503).bmp,0,2,2,2,0.011361,0.018925,0.969714
smids/Non-Sperm/Non-Sperm (506).bmp,0,2,2,2,0.003185,0.015933,0.980882
smids/Non-Sperm/Non-Sperm (510).bmp,0,2,2,2,0.003750,0.005463,0.990788
smids/Non-Sperm/Non-Sperm (513).bmp,0,2,2,2,0.026838,0.060141,0.913021
smids/Non-Sperm/Non-Sperm (514).bmp,0,2,2,2,0.001959,0.002007,0.996034
smids/Non-Sperm/Non-Sperm (515).bmp,0,2,2,2,0.001631,0.015697,0.982673
smids/Non-Sperm/Non-Sperm (519).bmp,0,2,2,2,0.008593,0.006818,0.984590
smids/Non-Sperm/Non-Sperm (52).bmp,0,2,2,2,0.039555,0.055643,0.904802
smids/Non-Sperm/Non-Sperm (520).bmp,0,2,2,2,0.003753,0.006919,0.989327
smids/Non-Sperm/Non-Sperm (526).bmp,0,2,2,2,0.322664,0.205998,0.471338
smids/Non-Sperm/Non-Sperm (528).bmp,0,2,2,1,0.166806,0.574717,0.258478
smids/Non-Sperm/Non-Sperm (531).bmp,0,2,2,0,0.629643,0.225232,0.145125
smids/Non-Sperm/Non-Sperm (535).bmp,0,2,2,2,0.002895,0.017918,0.979187
smids/Non-Sperm/Non-Sperm (549).bmp,0,2,2,2,0.000926,0.001093,0.997981
smids/Non-Sperm/Non-Sperm (554).bmp,0,2,2,2,0.021396,0.073734,0.904870
smids/Non-Sperm/Non-Sperm (555).bmp,0,2,2,2,0.013092,0.029972,0.956937
smids/Non-Sperm/Non-Sperm (558).bmp,0,2,2,2,0.005349,0.006069,0.988582
smids/Non-Sperm/Non-Sperm (559).bmp,0,2,2,2,0.000726,0.011360,0.987913
smids/Non-Sperm/Non-Sperm (567).bmp,0,2,2,2,0.220844,0.336465,0.442691
smids/Non-Sperm/Non-Sperm (577).bmp,0,2,2,2,0.002961,0.004122,0.992918
smids/Non-Sperm/Non-Sperm (578).bmp,0,2,2,0,0.548109,0.045461,0.406430
smids/Non-Sperm/Non-Sperm (584).bmp,0,2,2,2,0.077540,0.022831,0.899628
smids/Non-Sperm/Non-Sperm (606).bmp,0,2,2,2,0.000644,0.001216,0.998140
smids/Non-Sperm/Non-Sperm (617).bmp,0,2,2,2,0.014126,0.014766,0.971108
smids/Non-Sperm/Non-Sperm (619).bmp,0,2,2,2,0.007073,0.026851,0.966076
smids/Non-Sperm/Non-Sperm (631).bmp,0,2,2,2,0.008007,0.016866,0.975128
smids/Non-Sperm/Non-Sperm (649).bmp,0,2,2,2,0.000454,0.001881,0.997666
smids/Non-Sperm/Non-Sperm (653).bmp,0,2,2,2,0.021863,0.004681,0.973455
smids/Non-Sperm/Non-Sperm (659).bmp,0,2,2,2,0.000180,0.005167,0.994653
smids/Non-Sperm/Non-Sperm (662).bmp,0,2,2,2,0.002059,0.004572,0.993369
smids/Non-Sperm/Non-Sperm (665).bmp,0,2,2,2,0.001902,0.015279,0.982819
smids/Non-Sperm/Non-Sperm (672).bmp,0,2,2,2,0.002979,0.001021,0.996000
smids/Non-Sperm/Non-Sperm (673).bmp,0,2,2,2,0.000657,0.002914,0.996428
smids/Non-Sperm/Non-Sperm (675).bmp,0,2,2,2,0.002611,0.003590,0.993800
smids/Non-Sperm/Non-Sperm (679).bmp,0,2,2,2,0.022478,0.036447,0.941075
smids/Non-Sperm/Non-Sperm (688).bmp,0,2,2,2,0.004798,0.004731,0.990470
smids/Non-Sperm/Non-Sperm (691).bmp,0,2,2,2,0.040669,0.059258,0.900073
smids/Non-Sperm/Non-Sperm (695).bmp,0,2,2,2,0.036954,0.063159,0.899888
smids/Non-Sperm/Non-Sperm (700).bmp,0,2,2,2,0.000878,0.000835,0.998287
smids/Non-Sperm/Non-Sperm (721).bmp,0,2,2,2,0.011292,0.021939,0.966769
smids/Non-Sperm/Non-Sperm (739).bmp,0,2,2,2,0.007758,0.008238,0.984004
smids/Non-Sperm/Non-Sperm (74).bmp,0,2,2,2,0.007886,0.438138,0.553976
smids/Non-Sperm/Non-Sperm (743).bmp,0,2,2,2,0.006140,0.011062,0.982798
smids/Non-Sperm/Non-Sperm (744).bmp,0,2,2,2,0.000874,0.002086,0.997041
smids/Non-Sperm/Non-Sperm (773).bmp,0,2,2,2,0.001184,0.012499,0.986317
smids/Non-Sperm/Non-Sperm (775).bmp,0,2,2,2,0.006116,0.008544,0.985340
smids/Non-Sperm/Non-Sperm (778).bmp,0,2,2,2,0.025468,0.125723,0.848809
smids/Non-Sperm/Non-Sperm (779).bmp,0,2,2,2,0.006817,0.024755,0.968428
smids/Non-Sperm/Non-Sperm (780).bmp,0,2,2,2,0.002716,0.004053,0.993232
smids/Non-Sperm/Non-Sperm (791).bmp,0,2,2,2,0.000465,0.000790,0.998745
smids/Non-Sperm/Non-Sperm (795).bmp,0,2,2,2,0.067399,0.051179,0.881422
smids/Non-Sperm/Non-Sperm (798).bmp,0,2,2,2,0.002685,0.003116,0.994198
smids/Non-Sperm/Non-Sperm (799).bmp,0,2,2,2,0.007097,0.015575,0.977328
smids/Non-Sperm/Non-Sperm (80).bmp,0,2,2,2,0.004219,0.010943,0.984838
smids/Non-Sperm/Non-Sperm (806).bmp,0,2,2,2,0.001385,0.005256,0.993360
smids/Non-Sperm/Non-Sperm (810).bmp,0,2,2,2,0.012405,0.002345,0.985250
smids/Non-Sperm/Non-Sperm (812).bmp,0,2,2,2,0.000584,0.001477,0.997939
smids/Non-Sperm/Non-Sperm (821).bmp,0,2,2,2,0.014591,0.018159,0.967250
smids/Non-Sperm/Non-Sperm (829).bmp,0,2,2,2,0.001340,0.045031,0.953629
smids/Non-Sperm/Non-Sperm (833).bmp,0,2,2,2,0.022277,0.008612,0.969111
smids/Non-Sperm/Non-Sperm (837).bmp,0,2,2,2,0.002603,0.006299,0.991098
smids/Non-Sperm/Non-Sperm (839).bmp,0,2,2,2,0.003875,0.001614,0.994510
smids/Non-Sperm/Non-Sperm (841).bmp,0,2,2,0,0.652553,0.008132,0.339315
smids/Non-Sperm/Non-Sperm (842).bmp,0,2,2,2,0.003053,0.003413,0.993534
smids/Non-Sperm/Non-Sperm (843).bmp,0,2,2,2,0.015428,0.002422,0.982150
smids/Non-Sperm/Non-Sperm (846).bmp,0,2,2,2,0.082055,0.222580,0.695365
smids/Non-Sperm/Non-Sperm (851).bmp,0,2,2,2,0.008963,0.022640,0.968397
smids/Non-Sperm/Non-Sperm (853).bmp,0,2,2,2,0.005499,0.003698,0.990803
smids/Non-Sperm/Non-Sperm (857).bmp,0,2,2,2,0.001063,0.010127,0.988810
smids/Non-Sperm/Non-Sperm (865).bmp,0,2,2,2,0.084730,0.029318,0.885952
smids/Non-Sperm/Non-Sperm (869).bmp,0,2,2,2,0.001455,0.005618,0.992927
smids/Non-Sperm/Non-Sperm (87).bmp,0,2,2,2,0.023247,0.059517,0.917236
smids/Non-Sperm/Non-Sperm (874).bmp,0,2,2,2,0.006188,0.012179,0.981633
smids/Non-Sperm/Non-Sperm (89).bmp,0,2,2,2,0.002277,0.001951,0.995772
smids/Non-Sperm/Non-Sperm (896).bmp,0,2,2,2,0.070119,0.082341,0.847540
smids/Non-Sperm/Non-Sperm (9).bmp,0,2,2,2,0.000151,0.039590,0.960258
smids/Non-Sperm/Non-Sperm (901).bmp,0,2,2,1,0.019298,0.908234,0.072468
smids/Non-Sperm/Non-Sperm (906).bmp,0,2,2,0,0.530932,0.136092,0.332976
smids/Non-Sperm/Non-Sperm (912).bmp,0,2,2,1,0.084676,0.815623,0.099702
smids/Non-Sperm/Non-Sperm (913).bmp,0,2,2,2,0.000167,0.000550,0.999282
smids/Non-Sperm/Non-Sperm (914).bmp,0,2,2,2,0.001539,0.027105,0.971356
smids/Non-Sperm/Non-Sperm (923).bmp,0,2,2,2,0.018073,0.014217,0.967710
smids/Non-Sperm/Non-Sperm (925).bmp,0,2,2,2,0.000635,0.004049,0.995317
smids/Non-Sperm/Non-Sperm (929).bmp,0,2,2,2,0.063875,0.191182,0.744943
smids/Non-Sperm/Non-Sperm (933).bmp,0,2,2,2,0.268896,0.049010,0.682094
smids/Non-Sperm/Non-Sperm (934).bmp,0,2,2,2,0.002557,0.004965,0.992478
smids/Non-Sperm/Non-Sperm (941).bmp,0,2,2,2,0.004280,0.009497,0.986223
smids/Non-Sperm/Non-Sperm (944).bmp,0,2,2,0,0.568880,0.055388,0.375732
smids/Non-Sperm/Non-Sperm (947).bmp,0,2,2,2,0.037838,0.145033,0.817129
smids/Non-Sperm/Non-Sperm (951).bmp,0,2,2,2,0.405520,0.071027,0.523454
smids/Non-Sperm/Non-Sperm (953).bmp,0,2,2,2,0.065873,0.051276,0.882850
smids/Non-Sperm/Non-Sperm (956).bmp,0,2,2,2,0.001464,0.005997,0.992539
smids/Non-Sperm/Non-Sperm (99).bmp,0,2,2,2,0.001208,0.000927,0.997865
smids/Normal_Sperm/Normal_Sperm (100).bmp,0,2,0,0,0.996704,0.003009,0.000287
smids/Normal_Sperm/Normal_Sperm (1003).bmp,0,2,0,0,0.588703,0.287759,0.123537
smids/Normal_Sperm/Normal_Sperm (1006).bmp,0,2,0,1,0.224225,0.690675,0.085100
smids/Normal_Sperm/Normal_Sperm (1007).bmp,0,2,0,1,0.234031,0.755637,0.010332
smids/Normal_Sperm/Normal_Sperm (1009).bmp,0,2,0,0,0.719978,0.198572,0.081450
smids/Normal_Sperm/Normal_Sperm (1016).bmp,0,2,0,0,0.609245,0.337224,0.053531
smids/Normal_Sperm/Normal_Sperm (1017).bmp,0,2,0,0,0.975299,0.012693,0.012008
smids/Normal_Sperm/Normal_Sperm (103).bmp,0,2,0,0,0.938925,0.017843,0.043231
smids/Normal_Sperm/Normal_Sperm (105).bmp,0,2,0,0,0.976443,0.009331,0.014226
smids/Normal_Sperm/Normal_Sperm (107).bmp,0,2,0,0,0.448946,0.162207,0.388847
smids/Normal_Sperm/Normal_Sperm (108).bmp,0,2,0,0,0.956962,0.029106,0.013932
smids/Normal_Sperm/Normal_Sperm (113).bmp,0,2,0,0,0.842374,0.155559,0.002066
smids/Normal_Sperm/Normal_Sperm (115).bmp,0,2,0,0,0.800684,0.119569,0.079747
smids/Normal_Sperm/Normal_Sperm (12).bmp,0,2,0,0,0.909974,0.048725,0.041301
smids/Normal_Sperm/Normal_Sperm (123).bmp,0,2,0,0,0.658109,0.244884,0.097007
smids/Normal_Sperm/Normal_Sperm (125).bmp,0,2,0,0,0.911953,0.084117,0.003930
smids/Normal_Sperm/Normal_Sperm (132).bmp,0,2,0,1,0.178841,0.601759,0.219399
smids/Normal_Sperm/Normal_Sperm (135).bmp,0,2,0,1,0.283097,0.568615,0.148288
smids/Normal_Sperm/Normal_Sperm (138).bmp,0,2,0,0,0.468424,0.425320,0.106256
smids/Normal_Sperm/Normal_Sperm (140).bmp,0,2,0,1,0.354031,0.616892,0.029078
smids/Normal_Sperm/Normal_Sperm (142).bmp,0,2,0,1,0.357950,0.606627,0.035423
smids/Normal_Sperm/Normal_Sperm (144).bmp,0,2,0,0,0.985723,0.014203,0.000074
smids/Normal_Sperm/Normal_Sperm (147).bmp,0,2,0,0,0.836740,0.156065,0.007195
smids/Normal_Sperm/Normal_Sperm (157).bmp,0,2,0,0,0.853977,0.137227,0.008796
smids/Normal_Sperm/Normal_Sperm (16).bmp,0,2,0,2,0.423972,0.151414,0.424614
smids/Normal_Sperm/Normal_Sperm (162).bmp,0,2,0,0,0.822882,0.175797,0.001321
smids/Normal_Sperm/Normal_Sperm (169).bmp,0,2,0,0,0.807328,0.084971,0.107701
smids/Normal_Sperm/Normal_Sperm (17).bmp,0,2,0,0,0.833129,0.163099,0.003772
smids/Normal_Sperm/Normal_Sperm (172).bmp,0,2,0,0,0.918749,0.062454,0.018797
smids/Normal_Sperm/Normal_Sperm (177).bmp,0,2,0,0,0.670287,0.233370,0.096343
smids/Normal_Sperm/Normal_Sperm (194).bmp,0,2,0,0,0.901496,0.098189,0.000315
smids/Normal_Sperm/Normal_Sperm (200).bmp,0,2,0,0,0.548652,0.446018,0.005330
smids/Normal_Sperm/Normal_Sperm (205).bmp,0,2,0,0,0.846113,0.133991,0.019896
smids/Normal_Sperm/Normal_Sperm (208).bmp,0,2,0,0,0.555597,0.330716,0.113687
smids/Normal_Sperm/Normal_Sperm (21).bmp,0,2,0,0,0.856226,0.122385,0.021389
smids/Normal_Sperm/Normal_Sperm (211).bmp,0,2,0,1,0.220111,0.613155,0.166733
smids/Normal_Sperm/Normal_Sperm (213).bmp,0,2,0,0,0.856822,0.124273,0.018905
smids/Normal_Sperm/Normal_Sperm (214).bmp,0,2,0,0,0.833807,0.164885,0.001308
smids/Normal_Sperm/Normal_Sperm (216).bmp,0,2,0,0,0.826849,0.160571,0.012580
smids/Normal_Sperm/Normal_Sperm (219).bmp,0,2,0,1,0.109041,0.881051,0.009908
smids/Normal_Sperm/Normal_Sperm (220).bmp,0,2,0,0,0.908805,0.088578,0.002618
smids/Normal_Sperm/Normal_Sperm (221).bmp,0,2,0,0,0.733467,0.235866,0.030667
smids/Normal_Sperm/Normal_Sperm (223).bmp,0,2,0,0,0.465270,0.462006,0.072724
smids/Normal_Sperm/Normal_Sperm (238).bmp,0,2,0,1,0.132683,0.837136,0.030180
smids/Normal_Sperm/Normal_Sperm (239).bmp,0,2,0,0,0.951557,0.045231,0.003212
smids/Normal_Sperm/Normal_Sperm (241).bmp,0,2,0,0,0.849255,0.136795,0.013950
smids/Normal_Sperm/Normal_Sperm (27).bmp,0,2,0,0,0.972001,0.015100,0.012899
smids/Normal_Sperm/Normal_Sperm (271).bmp,0,2,0,0,0.839622,0.035773,0.124605
smids/Normal_Sperm/Normal_Sperm (273).bmp,0,2,0,0,0.953078,0.036091,0.010831
smids/Normal_Sperm/Normal_Sperm (275).bmp,0,2,0,0,0.650257,0.344464,0.005279
smids/Normal_Sperm/Normal_Sperm (281).bmp,0,2,0,0,0.896242,0.102137,0.001620
smids/Normal_Sperm/Normal_Sperm (291).bmp,0,2,0,1,0.437924,0.538280,0.023796
smids/Normal_Sperm/Normal_Sperm (294).bmp,0,2,0,0,0.902118,0.092804,0.005078
smids/Normal_Sperm/Normal_Sperm (297).bmp,0,2,0,0,0.648737,0.252217,0.099046
smids/Normal_Sperm/Normal_Sperm (300).bmp,0,2,0,1,0.287108,0.697455,0.015437
smids/Normal_Sperm/Normal_Sperm (314).bmp,0,2,0,1,0.472022,0.486872,0.041106
smids/Normal_Sperm/Normal_Sperm (320).bmp,0,2,0,1,0.281615,0.680478,0.037907
smids/Normal_Sperm/Normal_Sperm (325).bmp,0,2,0,0,0.895283,0.062887,0.041830
smids/Normal_Sperm/Normal_Sperm (337).bmp,0,2,0,1,0.289620,0.685416,0.024964
smids/Normal_Sperm/Normal_Sperm (339).bmp,0,2,0,0,0.806135,0.176467,0.017399
smids/Normal_Sperm/Normal_Sperm (349).bmp,0,2,0,0,0.440043,0.318626,0.241331
smids/Normal_Sperm/Normal_Sperm (350).bmp,0,2,0,1,0.194098,0.803891,0.002011
smids/Normal_Sperm/Normal_Sperm (356).bmp,0,2,0,0,0.894521,0.101106,0.004373
smids/Normal_Sperm/Normal_Sperm (365).bmp,0,2,0,0,0.650699,0.313161,0.036140
smids/Normal_Sperm/Normal_Sperm (371).bmp,0,2,0,0,0.940183,0.058660,0.001157
smids/Normal_Sperm/Normal_Sperm (378).bmp,0,2,0,0,0.956765,0.040203,0.003032
smids/Normal_Sperm/Normal_Sperm (38).bmp,0,2,0,2,0.106189,0.058802,0.835008
smids/Normal_Sperm/Normal_Sperm (383).bmp,0,2,0,1,0.303651,0.693795,0.002554
smids/Normal_Sperm/Normal_Sperm (385).bmp,0,2,0,0,0.921941,0.075946,0.002113
smids/Normal_Sperm/Normal_Sperm (394).bmp,0,2,0,0,0.827030,0.171342,0.001628
smids/Normal_Sperm/Normal_Sperm (40).bmp,0,2,0,2,0.413527,0.021207,0.565266
smids/Normal_Sperm/Normal_Sperm (403).bmp,0,2,0,1,0.237297,0.681661,0.081042
smids/Normal_Sperm/Normal_Sperm (405).bmp,0,2,0,0,0.870551,0.125846,0.003603
smids/Normal_Sperm/Normal_Sperm (406).bmp,0,2,0,0,0.536214,0.457736,0.006051
smids/Normal_Sperm/Normal_Sperm (414).bmp,0,2,0,0,0.781013,0.212974,0.006012
smids/Normal_Sperm/Normal_Sperm (418).bmp,0,2,0,1,0.391048,0.588254,0.020698
smids/Normal_Sperm/Normal_Sperm (421).bmp,0,2,0,1,0.369862,0.443154,0.186983
smids/Normal_Sperm/Normal_Sperm (429).bmp,0,2,0,0,0.544235,0.190409,0.265356
smids/Normal_Sperm/Normal_Sperm (430).bmp,0,2,0,0,0.942305,0.056546,0.001149
smids/Normal_Sperm/Normal_Sperm (438).bmp,0,2,0,0,0.925602,0.072363,0.002036
smids/Normal_Sperm/Normal_Sperm (443).bmp,0,2,0,0,0.986937,0.011469,0.001594
smids/Normal_Sperm/Normal_Sperm (449).bmp,0,2,0,0,0.839242,0.159397,0.001362
smids/Normal_Sperm/Normal_Sperm (45).bmp,0,2,0,0,0.874562,0.121825,0.003614
smids/Normal_Sperm/Normal_Sperm (452).bmp,0,2,0,0,0.888785,0.109965,0.001250
smids/Normal_Sperm/Normal_Sperm (457).bmp,0,2,0,0,0.961984,0.024392,0.013624
smids/Normal_Sperm/Normal_Sperm (46).bmp,0,2,0,0,0.563395,0.424507,0.012098
smids/Normal_Sperm/Normal_Sperm (462).bmp,0,2,0,0,0.784752,0.155292,0.059956
smids/Normal_Sperm/Normal_Sperm (469).bmp,0,2,0,0,0.737449,0.258930,0.003620
smids/Normal_Sperm/Normal_Sperm (474).bmp,0,2,0,1,0.439340,0.558579,0.002081
smids/Normal_Sperm/Normal_Sperm (476).bmp,0,2,0,0,0.607734,0.391010,0.001257
smids/Normal_Sperm/Normal_Sperm (482).bmp,0,2,0,0,0.895251,0.085442,0.019307
smids/Normal_Sperm/Normal_Sperm (492).bmp,0,2,0,0,0.970556,0.028508,0.000937
smids/Normal_Sperm/Normal_Sperm (497).bmp,0,2,0,0,0.879938,0.085161,0.034901
smids/Normal_Sperm/Normal_Sperm (50).bmp,0,2,0,1,0.290277,0.550706,0.159017
smids/Normal_Sperm/Normal_Sperm (500).bmp,0,2,0,0,0.845992,0.149460,0.004547
smids/Normal_Sperm/Normal_Sperm (502).bmp,0,2,0,0,0.971466,0.008115,0.020418
smids/Normal_Sperm/Normal_Sperm (511).bmp,0,2,0,0,0.853696,0.117504,0.028801
smids/Normal_Sperm/Normal_Sperm (523).bmp,0,2,0,1,0.379620,0.403530,0.216850
smids/Normal_Sperm/Normal_Sperm (525).bmp,0,2,0,0,0.683270,0.313006,0.003724
smids/Normal_Sperm/Normal_Sperm (529).bmp,0,2,0,0,0.949507,0.029976,0.020518
smids/Normal_Sperm/Normal_Sperm (53).bmp,0,2,0,0,0.771516,0.114672,0.113812
smids/Normal_Sperm/Normal_Sperm (546).bmp,0,2,0,0,0.919519,0.074455,0.006025
smids/Normal_Sperm/Normal_Sperm (547).bmp,0,2,0,0,0.924487,0.065467,0.010046
smids/Normal_Sperm/Normal_Sperm (55).bmp,0,2,0,2,0.167666,0.396215,0.436120
smids/Normal_Sperm/Normal_Sperm (551).bmp,0,2,0,0,0.979974,0.019149,0.000877
smids/Normal_Sperm/Normal_Sperm (559).bmp,0,2,0,0,0.715772,0.093811,0.190417
smids/Normal_Sperm/Normal_Sperm (56).bmp,0,2,0,0,0.645227,0.276151,0.078621
smids/Normal_Sperm/Normal_Sperm (562).bmp,0,2,0,0,0.982869,0.016530,0.000600
smids/Normal_Sperm/Normal_Sperm (570).bmp,0,2,0,0,0.980826,0.019062,0.000112
smids/Normal_Sperm/Normal_Sperm (577).bmp,0,2,0,0,0.566956,0.404716,0.028328
smids/Normal_Sperm/Normal_Sperm (579).bmp,0,2,0,1,0.428596,0.563205,0.008199
smids/Normal_Sperm/Normal_Sperm (581).bmp,0,2,0,0,0.862379,0.131547,0.006074
smids/Normal_Sperm/Normal_Sperm (583).bmp,0,2,0,0,0.747477,0.243400,0.009123
smids/Normal_Sperm/Normal_Sperm (585).bmp,0,2,0,0,0.903494,0.095493,0.001013
smids/Normal_Sperm/Normal_Sperm (586).bmp,0,2,0,0,0.829164,0.168667,0.002169
smids/Normal_Sperm/Normal_Sperm (589).bmp,0,2,0,1,0.215499,0.781806,0.002695
smids/Normal_Sperm/Normal_Sperm (597).bmp,0,2,0,0,0.873554,0.114205,0.012240
smids/Normal_Sperm/Normal_Sperm (6).bmp,0,2,0,2,0.046367,0.276947,0.676687
smids/Normal_Sperm/Normal_Sperm (601).bmp,0,2,0,0,0.932390,0.062695,0.004915
smids/Normal_Sperm/Normal_Sperm (606).bmp,0,2,0,0,0.962024,0.037597,0.000380
smids/Normal_Sperm/Normal_Sperm (609).bmp,0,2,0,0,0.542668,0.340608,0.116724
smids/Normal_Sperm/Normal_Sperm (61).bmp,0,2,0,0,0.836837,0.131487,0.031676
smids/Normal_Sperm/Normal_Sperm (612).bmp,0,2,0,0,0.871889,0.126522,0.001589
smids/Normal_Sperm/Normal_Sperm (617).bmp,0,2,0,0,0.956485,0.043449,0.000066
smids/Normal_Sperm/Normal_Sperm (626).bmp,0,2,0,0,0.550861,0.429834,0.019305
smids/Normal_Sperm/Normal_Sperm (631).bmp,0,2,0,0,0.805530,0.186368,0.008102
smids/Normal_Sperm/Normal_Sperm (632).bmp,0,2,0,0,0.979682,0.020049,0.000269
smids/Normal_Sperm/Normal_Sperm (656).bmp,0,2,0,0,0.622307,0.340259,0.037434
smids/Normal_Sperm/Normal_Sperm (657).bmp,0,2,0,1,0.393551,0.523099,0.083351
smids/Normal_Sperm/Normal_Sperm (664).bmp,0,2,0,0,0.956956,0.041528,0.001516
smids/Normal_Sperm/Normal_Sperm (665).bmp,0,2,0,0,0.934835,0.056626,0.008539
smids/Normal_Sperm/Normal_Sperm (672).bmp,0,2,0,0,0.866847,0.129352,0.003801
smids/Normal_Sperm/Normal_Sperm (675).bmp,0,2,0,0,0.707053,0.291022,0.001925
smids/Normal_Sperm/Normal_Sperm (677).bmp,0,2,0,0,0.932255,0.066998,0.000747
smids/Normal_Sperm/Normal_Sperm (680).bmp,0,2,0,0,0.887208,0.104009,0.008783
smids/Normal_Sperm/Normal_Sperm (681).bmp,0,2,0,0,0.766627,0.229178,0.004195
smids/Normal_Sperm/Normal_Sperm (685).bmp,0,2,0,0,0.937200,0.062636,0.000163
smids/Normal_Sperm/Normal_Sperm (688).bmp,0,2,0,0,0.979479,0.020434,0.000087
smids/Normal_Sperm/Normal_Sperm (691).bmp,0,2,0,0,0.895000,0.102059,0.002941
smids/Normal_Sperm/Normal_Sperm (693).bmp,0,2,0,0,0.983201,0.016508,0.000292
smids/Normal_Sperm/Normal_Sperm (695).bmp,0,2,0,0,0.930270,0.069697,0.000033
smids/Normal_Sperm/Normal_Sperm (697).bmp,0,2,0,0,0.896426,0.100207,0.003367
smids/Normal_Sperm/Normal_Sperm (703).bmp,0,2,0,0,0.856423,0.133623,0.009954
smids/Normal_Sperm/Normal_Sperm (710).bmp,0,2,0,0,0.794247,0.205628,0.000125
smids/Normal_Sperm/Normal_Sperm (714).bmp,0,2,0,1,0.056651,0.910743,0.032606
smids/Normal_Sperm/Normal_Sperm (720).bmp,0,2,0,0,0.967699,0.032039,0.000262
smids/Normal_Sperm/Normal_Sperm (726).bmp,0,2,0,0,0.758886,0.091377,0.149737
smids/Normal_Sperm/Normal_Sperm (739).bmp,0,2,0,0,0.920151,0.053600,0.026248
smids/Normal_Sperm/Normal_Sperm (740).bmp,0,2,0,0,0.930759,0.061548,0.007692
smids/Normal_Sperm/Normal_Sperm (743).bmp,0,2,0,0,0.823744,0.137801,0.038455
smids/Normal_Sperm/Normal_Sperm (744).bmp,0,2,0,0,0.633255,0.350468,0.016277
smids/Normal_Sperm/Normal_Sperm (748).bmp,0,2,0,0,0.798991,0.177519,0.023490
smids/Normal_Sperm/Normal_Sperm (754).bmp,0,2,0,1,0.453011,0.521114,0.025875
smids/Normal_Sperm/Normal_Sperm (762).bmp,0,2,0,0,0.980093,0.006692,0.013216
smids/Normal_Sperm/Normal_Sperm (763).bmp,0,2,0,0,0.925874,0.060740,0.013386
smids/Normal_Sperm/Normal_Sperm (766).bmp,0,2,0,0,0.969931,0.029027,0.001043
smids/Normal_Sperm/Normal_Sperm (774).bmp,0,2,0,0,0.977375,0.021885,0.000739
smids/Normal_Sperm/Normal_Sperm (781).bmp,0,2,0,0,0.901012,0.097396,0.001592
smids/Normal_Sperm/Normal_Sperm (785).bmp,0,2,0,0,0.987812,0.011351,0.000837
smids/Normal_Sperm/Normal_Sperm (796).bmp,0,2,0,0,0.689664,0.168800,0.141537
smids/Normal_Sperm/Normal_Sperm (806).bmp,0,2,0,0,0.492401,0.179019,0.328580
smids/Normal_Sperm/Normal_Sperm (810).bmp,0,2,0,0,0.930254,0.066971,0.002775
smids/Normal_Sperm/Normal_Sperm (812).bmp,0,2,0,0,0.626282,0.044803,0.328916
smids/Normal_Sperm/Normal_Sperm (813).bmp,0,2,0,0,0.571713,0.322675,0.105613
smids/Normal_Sperm/Normal_Sperm (814).bmp,0,2,0,0,0.981544,0.014077,0.004379
smids/Normal_Sperm/Normal_Sperm (828).bmp,0,2,0,0,0.856364,0.106529,0.037107
smids/Normal_Sperm/Normal_Sperm (835).bmp,0,2,0,0,0.897032,0.096623,0.006345
smids/Normal_Sperm/Normal_Sperm (836).bmp,0,2,0,1,0.242631,0.741393,0.015976
smids/Normal_Sperm/Normal_Sperm (84).bmp,0,2,0,0,0.510854,0.396196,0.092950
smids/Normal_Sperm/Normal_Sperm (843).bmp,0,2,0,0,0.704552,0.264708,0.030740
smids/Normal_Sperm/Normal_Sperm (844).bmp,0,2,0,0,0.907691,0.086805,0.005503
smids/Normal_Sperm/Normal_Sperm (845).bmp,0,2,0,0,0.911299,0.086785,0.001916
smids/Normal_Sperm/Normal_Sperm (855).bmp,0,2,0,0,0.794012,0.101587,0.104401
smids/Normal_Sperm/Normal_Sperm (86).bmp,0,2,0,0,0.806996,0.183616,0.009388
smids/Normal_Sperm/Normal_Sperm (860).bmp,0,2,0,1,0.263064,0.720460,0.016476
smids/Normal_Sperm/Normal_Sperm (863).bmp,0,2,0,0,0.619779,0.295131,0.085090
smids/Normal_Sperm/Normal_Sperm (866).bmp,0,2,0,1,0.044838,0.931113,0.024049
smids/Normal_Sperm/Normal_Sperm (868).bmp,0,2,0,0,0.911449,0.076552,0.012000
smids/Normal_Sperm/Normal_Sperm (872).bmp,0,2,0,0,0.863145,0.079060,0.057794
smids/Normal_Sperm/Normal_Sperm (884).bmp,0,2,0,0,0.532503,0.463474,0.004023
smids/Normal_Sperm/Normal_Sperm (897).bmp,0,2,0,1,0.337499,0.632926,0.029575
smids/Normal_Sperm/Normal_Sperm (899).bmp,0,2,0,2,0.062993,0.231475,0.705531
smids/Normal_Sperm/Normal_Sperm (900).bmp,0,2,0,0,0.957112,0.036557,0.006331
smids/Normal_Sperm/Normal_Sperm (904).bmp,0,2,0,0,0.945464,0.054494,0.000041
smids/Normal_Sperm/Normal_Sperm (906).bmp,0,2,0,1,0.394010,0.596799,0.009191
smids/Normal_Sperm/Normal_Sperm (912).bmp,0,2,0,0,0.804501,0.194001,0.001498
smids/Normal_Sperm/Normal_Sperm (915).bmp,0,2,0,0,0.773193,0.206521,0.020286
smids/Normal_Sperm/Normal_Sperm (928).bmp,0,2,0,0,0.955600,0.044290,0.000110
smids/Normal_Sperm/Normal_Sperm (948).bmp,0,2,0,1,0.058358,0.940485,0.001157
smids/Normal_Sperm/Normal_Sperm (961).bmp,0,2,0,0,0.562146,0.407293,0.030561
smids/Normal_Sperm/Normal_Sperm (963).bmp,0,2,0,0,0.862282,0.137156,0.000562
smids/Normal_Sperm/Normal_Sperm (964).bmp,0,2,0,0,0.910175,0.083848,0.005976
smids/Normal_Sperm/Normal_Sperm (967).bmp,0,2,0,0,0.874182,0.125300,0.000518
smids/Normal_Sperm/Normal_Sperm (976).bmp,0,2,0,0,0.979939,0.012376,0.007685
smids/Normal_Sperm/Normal_Sperm (98).bmp,0,2,0,0,0.985552,0.012722,0.001726
smids/Normal_Sperm/Normal_Sperm (985).bmp,0,2,0,0,0.645685,0.092684,0.261632
smids/Normal_Sperm/Normal_Sperm (991).bmp,0,2,0,0,0.947898,0.040880,0.011222
smids/Normal_Sperm/Normal_Sperm (992).bmp,0,2,0,0,0.979238,0.002645,0.018117
smids/Normal_Sperm/Normal_Sperm (997).bmp,0,2,0,0,0.971073,0.025275,0.003652
smids/Normal_Sperm/Normal_Sperm (998).bmp,0,2,0,0,0.948943,0.017950,0.033107
smids/Abnormal_Sperm/Abnormal_Sperm (1001).bmp,0,3,1,1,0.019372,0.923381,0.057247
smids/Abnormal_Sperm/Abnormal_Sperm (1004).bmp,0,3,1,1,0.017523,0.923093,0.059385
smids/Abnormal_Sperm/Abnormal_Sperm (103).bmp,0,3,1,1,0.037991,0.874089,0.087920
smids/Abnormal_Sperm/Abnormal_Sperm (115).bmp,0,3,1,0,0.589167,0.410040,0.000792
smids/Abnormal_Sperm/Abnormal_Sperm (124).bmp,0,3,1,1,0.004611,0.972898,0.022490
smids/Abnormal_Sperm/Abnormal_Sperm (136).bmp,0,3,1,1,0.091683,0.905687,0.002631
smids/Abnormal_Sperm/Abnormal_Sperm (139).bmp,0,3,1,1,0.182452,0.804033,0.013516
smids/Abnormal_Sperm/Abnormal_Sperm (146).bmp,0,3,1,1,0.114658,0.823176,0.062165
smids/Abnormal_Sperm/Abnormal_Sperm (148).bmp,0,3,1,1,0.053573,0.875482,0.070945
smids/Abnormal_Sperm/Abnormal_Sperm (150).bmp,0,3,1,0,0.551127,0.445494,0.003379
smids/Abnormal_Sperm/Abnormal_Sperm (154).bmp,0,3,1,1,0.127078,0.771685,0.101236
smids/Abnormal_Sperm/Abnormal_Sperm (159).bmp,0,3,1,1,0.051440,0.946969,0.001592
smids/Abnormal_Sperm/Abnormal_Sperm (166).bmp,0,3,1,1,0.051081,0.809628,0.139292
smids/Abnormal_Sperm/Abnormal_Sperm (17).bmp,0,3,1,1,0.294600,0.537712,0.167688
smids/Abnormal_Sperm/Abnormal_Sperm (171).bmp,0,3,1,1,0.143357,0.781822,0.074821
smids/Abnormal_Sperm/Abnormal_Sperm (185).bmp,0,3,1,1,0.310970,0.591232,0.097799
smids/Abnormal_Sperm/Abnormal_Sperm (19).bmp,0,3,1,1,0.044693,0.939018,0.016289
smids/Abnormal_Sperm/Abnormal_Sperm (2).bmp,0,3,1,1,0.094892,0.770240,0.134868
smids/Abnormal_Sperm/Abnormal_Sperm (204).bmp,0,3,1,1,0.171370,0.773815,0.054815
smids/Abnormal_Sperm/Abnormal_Sperm (206).bmp,0,3,1,1,0.050856,0.859045,0.090099
smids/Abnormal_Sperm/Abnormal_Sperm (213).bmp,0,3,1,1,0.022550,0.976024,0.001427
smids/Abnormal_Sperm/Abnormal_Sperm (217).bmp,0,3,1,1,0.062163,0.937353,0.000483
smids/Abnormal_Sperm/Abnormal_Sperm (231).bmp,0,3,1,1,0.192224,0.798407,0.009369
smids/Abnormal_Sperm/Abnormal_Sperm (239).bmp,0,3,1,1,0.102424,0.891147,0.006428
smids/Abnormal_Sperm/Abnormal_Sperm (24).bmp,0,3,1,1,0.031198,0.964590,0.004212
smids/Abnormal_Sperm/Abnormal_Sperm (240).bmp,0,3,1,1,0.005428,0.948736,0.045835
smids/Abnormal_Sperm/Abnormal_Sperm (242).bmp,0,3,1,1,0.149589,0.846544,0.003867
smids/Abnormal_Sperm/Abnormal_Sperm (243).bmp,0,3,1,1,0.003712,0.863925,0.132364
smids/Abnormal_Sperm/Abnormal_Sperm (261).bmp,0,3,1,0,0.896922,0.098672,0.004406
smids/Abnormal_Sperm/Abnormal_Sperm (271).bmp,0,3,1,1,0.019094,0.980422,0.000484
smids/Abnormal_Sperm/Abnormal_Sperm (272).bmp,0,3,1,1,0.222169,0.777282,0.000549
smids/Abnormal_Sperm/Abnormal_Sperm (278).bmp,0,3,1,1,0.075783,0.911505,0.012712
smids/Abnormal_Sperm/Abnormal_Sperm (280).bmp,0,3,1,1,0.102160,0.895028,0.002812
smids/Abnormal_Sperm/Abnormal_Sperm (281).bmp,0,3,1,1,0.030519,0.952007,0.017474
smids/Abnormal_Sperm/Abnormal_Sperm (286).bmp,0,3,1,0,0.567568,0.216893,0.215539
smids/Abnormal_Sperm/Abnormal_Sperm (288).bmp,0,3,1,1,0.080169,0.864824,0.055007
smids/Abnormal_Sperm/Abnormal_Sperm (293).bmp,0,3,1,1,0.112931,0.884209,0.002860
smids/Abnormal_Sperm/Abnormal_Sperm (295).bmp,0,3,1,1,0.067264,0.931939,0.000797
smids/Abnormal_Sperm/Abnormal_Sperm (306).bmp,0,3,1,1,0.018944,0.966838,0.014218
smids/Abnormal_Sperm/Abnormal_Sperm (314).bmp,0,3,1,1,0.008330,0.986120,0.005550
smids/Abnormal_Sperm/Abnormal_Sperm (324).bmp,0,3,1,1,0.193420,0.803469,0.003111
smids/Abnormal_Sperm/Abnormal_Sperm (325).bmp,0,3,1,1,0.066869,0.925718,0.007413
smids/Abnormal_Sperm/Abnormal_Sperm (33).bmp,0,3,1,0,0.865689,0.131395,0.002916
smids/Abnormal_Sperm/Abnormal_Sperm (332).bmp,0,3,1,1,0.009347,0.964809,0.025844
smids/Abnormal_Sperm/Abnormal_Sperm (337).bmp,0,3,1,1,0.036895,0.955982,0.007123
smids/Abnormal_Sperm/Abnormal_Sperm (34).bmp,0,3,1,2,0.027374,0.441966,0.530660
smids/Abnormal_Sperm/Abnormal_Sperm (341).bmp,0,3,1,1,0.111866,0.878166,0.009968
smids/Abnormal_Sperm/Abnormal_Sperm (347).bmp,0,3,1,1,0.074746,0.887941,0.037313
smids/Abnormal_Sperm/Abnormal_Sperm (349).bmp,0,3,1,1,0.037873,0.949563,0.012564
smids/Abnormal_Sperm/Abnormal_Sperm (352).bmp,0,3,1,1,0.102332,0.892092,0.005576
smids/Abnormal_Sperm/Abnormal_Sperm (358).bmp,0,3,1,1,0.181628,0.594356,0.224015
smids/Abnormal_Sperm/Abnormal_Sperm (377).bmp,0,3,1,1,0.016727,0.854676,0.128596
smids/Abnormal_Sperm/Abnormal_Sperm (379).bmp,0,3,1,1,0.029495,0.841047,0.129458
smids/Abnormal_Sperm/Abnormal_Sperm (385).bmp,0,3,1,1,0.113559,0.803850,0.082591
smids/Abnormal_Sperm/Abnormal_Sperm (399).bmp,0,3,1,1,0.007793,0.987678,0.004530
smids/Abnormal_Sperm/Abnormal_Sperm (405).bmp,0,3,1,1,0.153305,0.508685,0.338010
smids/Abnormal_Sperm/Abnormal_Sperm (408).bmp,0,3,1,2,0.024474,0.159437,0.816089
smids/Abnormal_Sperm/Abnormal_Sperm (417).bmp,0,3,1,1,0.054222,0.920433,0.025345
smids/Abnormal_Sperm/Abnormal_Sperm (419).bmp,0,3,1,1,0.264715,0.685942,0.049342
smids/Abnormal_Sperm/Abnormal_Sperm (423).bmp,0,3,1,1,0.285150,0.698301,0.016549
smids/Abnormal_Sperm/Abnormal_Sperm (426).bmp,0,3,1,1,0.169110,0.808770,0.022120
smids/Abnormal_Sperm/Abnormal_Sperm (431).bmp,0,3,1,1,0.047208,0.891481,0.061310
smids/Abnormal_Sperm/Abnormal_Sperm (433).bmp,0,3,1,1,0.062399,0.913124,0.024477
smids/Abnormal_Sperm/Abnormal_Sperm (436).bmp,0,3,1,1,0.135605,0.863001,0.001394
smids/Abnormal_Sperm/Abnormal_Sperm (437).bmp,0,3,1,1,0.011002,0.701017,0.287981
smids/Abnormal_Sperm/Abnormal_Sperm (443).bmp,0,3,1,1,0.002364,0.950007,0.047629
smids/Abnormal_Sperm/Abnormal_Sperm (447).bmp,0,3,1,1,0.007372,0.971199,0.021429
smids/Abnormal_Sperm/Abnormal_Sperm (448).bmp,0,3,1,1,0.080161,0.892846,0.026993
smids/Abnormal_Sperm/Abnormal_Sperm (450).bmp,0,3,1,1,0.005804,0.994089,0.000107
smids/Abnormal_Sperm/Abnormal_Sperm (453).bmp,0,3,1,1,0.084536,0.914562,0.000902
smids/Abnormal_Sperm/Abnormal_Sperm (459).bmp,0,3,1,1,0.025535,0.972941,0.001524
smids/Abnormal_Sperm/Abnormal_Sperm (460).bmp,0,3,1,1,0.007252,0.986990,0.005758
smids/Abnormal_Sperm/Abnormal_Sperm (462).bmp,0,3,1,1,0.330863,0.666582,0.002555
smids/Abnormal_Sperm/Abnormal_Sperm (463).bmp,0,3,1,1,0.042233,0.929056,0.028711
smids/Abnormal_Sperm/Abnormal_Sperm (465).bmp,0,3,1,1,0.163654,0.431797,0.404549
smids/Abnormal_Sperm/Abnormal_Sperm (474).bmp,0,3,1,1,0.029181,0.502562,0.468257
smids/Abnormal_Sperm/Abnormal_Sperm (483).bmp,0,3,1,1,0.003605,0.733202,0.263194
smids/Abnormal_Sperm/Abnormal_Sperm (495).bmp,0,3,1,0,0.647537,0.349868,0.002595
smids/Abnormal_Sperm/Abnormal_Sperm (498).bmp,0,3,1,2,0.246024,0.044434,0.709542
smids/Abnormal_Sperm/Abnormal_Sperm (499).bmp,0,3,1,2,0.045130,0.046107,0.908764
smids/Abnormal_Sperm/Abnormal_Sperm (505).bmp,0,3,1,1,0.051096,0.834354,0.114550
smids/Abnormal_Sperm/Abnormal_Sperm (516).bmp,0,3,1,1,0.006482,0.982188,0.011330
smids/Abnormal_Sperm/Abnormal_Sperm (523).bmp,0,3,1,1,0.141042,0.821157,0.037801
smids/Abnormal_Sperm/Abnormal_Sperm (529).bmp,0,3,1,1,0.050680,0.908280,0.041040
smids/Abnormal_Sperm/Abnormal_Sperm (531).bmp,0,3,1,0,0.602191,0.094977,0.302832
smids/Abnormal_Sperm/Abnormal_Sperm (535).bmp,0,3,1,1,0.094578,0.887794,0.017629
smids/Abnormal_Sperm/Abnormal_Sperm (537).bmp,0,3,1,0,0.504895,0.493002,0.002103
smids/Abnormal_Sperm/Abnormal_Sperm (544).bmp,0,3,1,1,0.122148,0.852968,0.024884
smids/Abnormal_Sperm/Abnormal_Sperm (545).bmp,0,3,1,1,0.200201,0.792790,0.007008
smids/Abnormal_Sperm/Abnormal_Sperm (551).bmp,0,3,1,1,0.168399,0.659744,0.171857
smids/Abnormal_Sperm/Abnormal_Sperm (552).bmp,0,3,1,0,0.865624,0.132715,0.001661
smids/Abnormal_Sperm/Abnormal_Sperm (559).bmp,0,3,1,1,0.031836,0.891592,0.076573
smids/Abnormal_Sperm/Abnormal_Sperm (561).bmp,0,3,1,0,0.815691,0.136347,0.047962
smids/Abnormal_Sperm/Abnormal_Sperm (57).bmp,0,3,1,1,0.101658,0.889626,0.008716
smids/Abnormal_Sperm/Abnormal_Sperm (570).bmp,0,3,1,1,0.021773,0.931704,0.046523
smids/Abnormal_Sperm/Abnormal_Sperm (574).bmp,0,3,1,0,0.415614,0.390588,0.193798
smids/Abnormal_Sperm/Abnormal_Sperm (575).bmp,0,3,1,1,0.169460,0.827036,0.003504
smids/Abnormal_Sperm/Abnormal_Sperm (580).bmp,0,3,1,0,0.582783,0.361487,0.055729
smids/Abnormal_Sperm/Abnormal_Sperm (586).bmp,0,3,1,1,0.179645,0.756256,0.064099
smids/Abnormal_Sperm/Abnormal_Sperm (590).bmp,0,3,1,0,0.554320,0.421639,0.024041
smids/Abnormal_Sperm/Abnormal_Sperm (592).bmp,0,3,1,1,0.082710,0.867747,0.049542
smids/Abnormal_Sperm/Abnormal_Sperm (60).bmp,0,3,1,1,0.030607,0.952670,0.016723
smids/Abnormal_Sperm/Abnormal_Sperm (602).bmp,0,3,1,1,0.016020,0.512026,0.471954
smids/Abnormal_Sperm/Abnormal_Sperm (616).bmp,0,3,1,1,0.128501,0.771568,0.099931
smids/Abnormal_Sperm/Abnormal_Sperm (622).bmp,0,3,1,0,0.836390,0.160770,0.002840
smids/Abnormal_Sperm/Abnormal_Sperm (632).bmp,0,3,1,1,0.143569,0.774481,0.081951
smids/Abnormal_Sperm/Abnormal_Sperm (636).bmp,0,3,1,1,0.075126,0.869165,0.055708
smids/Abnormal_Sperm/Abnormal_Sperm (637).bmp,0,3,1,1,0.430062,0.466988,0.102950
smids/Abnormal_Sperm/Abnormal_Sperm (64).bmp,0,3,1,1,0.009790,0.963062,0.027148
smids/Abnormal_Sperm/Abnormal_Sperm (641).bmp,0,3,1,1,0.069170,0.920575,0.010255
smids/Abnormal_Sperm/Abnormal_Sperm (643).bmp,0,3,1,1,0.213278,0.738839,0.047883
smids/Abnormal_Sperm/Abnormal_Sperm (644).bmp,0,3,1,1,0.192366,0.710687,0.096947
smids/Abnormal_Sperm/Abnormal_Sperm (646).bmp,0,3,1,0,0.489873,0.481934,0.028193
smids/Abnormal_Sperm/Abnormal_Sperm (65).bmp,0,3,1,1,0.316154,0.588444,0.095402
smids/Abnormal_Sperm/Abnormal_Sperm (650).bmp,0,3,1,1,0.285564,0.693116,0.021320
smids/Abnormal_Sperm/Abnormal_Sperm (654).bmp,0,3,1,1,0.103296,0.775964,0.120740
smids/Abnormal_Sperm/Abnormal_Sperm (656).bmp,0,3,1,1,0.370655,0.550117,0.079228
smids/Abnormal_Sperm/Abnormal_Sperm (664).bmp,0,3,1,1,0.278593,0.676248,0.045159
smids/Abnormal_Sperm/Abnormal_Sperm (665).bmp,0,3,1,1,0.270028,0.647059,0.082913
smids/Abnormal_Sperm/Abnormal_Sperm (67).bmp,0,3,1,1,0.009396,0.495868,0.494736
smids/Abnormal_Sperm/Abnormal_Sperm (674).bmp,0,3,1,1,0.071837,0.915676,0.012488
smids/Abnormal_Sperm/Abnormal_Sperm (678).bmp,0,3,1,1,0.042713,0.751759,0.205528
smids/Abnormal_Sperm/Abnormal_Sperm (682).bmp,0,3,1,1,0.083752,0.672196,0.244052
smids/Abnormal_Sperm/Abnormal_Sperm (690).bmp,0,3,1,1,0.279535,0.706640,0.013825
smids/Abnormal_Sperm/Abnormal_Sperm (697).bmp,0,3,1,1,0.231195,0.763221,0.005585
smids/Abnormal_Sperm/Abnormal_Sperm (703).bmp,0,3,1,0,0.620464,0.359895,0.019641
smids/Abnormal_Sperm/Abnormal_Sperm (706).bmp,0,3,1,2,0.020610,0.151320,0.828071
smids/Abnormal_Sperm/Abnormal_Sperm (708).bmp,0,3,1,1,0.227468,0.762703,0.009829
smids/Abnormal_Sperm/Abnormal_Sperm (710).bmp,0,3,1,1,0.263426,0.717794,0.018780
smids/Abnormal_Sperm/Abnormal_Sperm (714).bmp,0,3,1,1,0.314364,0.682375,0.003260
smids/Abnormal_Sperm/Abnormal_Sperm (725).bmp,0,3,1,1,0.318978,0.572382,0.108640
smids/Abnormal_Sperm/Abnormal_Sperm (727).bmp,0,3,1,1,0.130396,0.624496,0.245108
smids/Abnormal_Sperm/Abnormal_Sperm (729).bmp,0,3,1,1,0.199044,0.715632,0.085324
smids/Abnormal_Sperm/Abnormal_Sperm (734).bmp,0,3,1,1,0.270918,0.723836,0.005246
smids/Abnormal_Sperm/Abnormal_Sperm (737).bmp,0,3,1,0,0.882821,0.092255,0.024924
smids/Abnormal_Sperm/Abnormal_Sperm (74).bmp,0,3,1,1,0.201703,0.791916,0.006381
smids/Abnormal_Sperm/Abnormal_Sperm (743).bmp,0,3,1,1,0.238620,0.751744,0.009636
smids/Abnormal_Sperm/Abnormal_Sperm (744).bmp,0,3,1,0,0.865995,0.131846,0.002159
smids/Abnormal_Sperm/Abnormal_Sperm (75).bmp,0,3,1,1,0.457483,0.530603,0.011914
smids/Abnormal_Sperm/Abnormal_Sperm (750).bmp,0,3,1,0,0.599281,0.396811,0.003908
smids/Abnormal_Sperm/Abnormal_Sperm (760).bmp,0,3,1,1,0.416957,0.560566,0.022477
smids/Abnormal_Sperm/Abnormal_Sperm (763).bmp,0,3,1,0,0.397250,0.256381,0.346369
smids/Abnormal_Sperm/Abnormal_Sperm (768).bmp,0,3,1,0,0.487515,0.397169,0.115316
smids/Abnormal_Sperm/Abnormal_Sperm (769).bmp,0,3,1,1,0.026134,0.955864,0.018002
smids/Abnormal_Sperm/Abnormal_Sperm (779).bmp,0,3,1,0,0.530083,0.468070,0.001848
smids/Abnormal_Sperm/Abnormal_Sperm (782).bmp,0,3,1,1,0.120325,0.816460,0.063216
smids/Abnormal_Sperm/Abnormal_Sperm (783).bmp,0,3,1,1,0.464429,0.477545,0.058025
smids/Abnormal_Sperm/Abnormal_Sperm (784).bmp,0,3,1,1,0.323339,0.551940,0.124721
smids/Abnormal_Sperm/Abnormal_Sperm (788).bmp,0,3,1,1,0.022103,0.875476,0.102421
smids/Abnormal_Sperm/Abnormal_Sperm (792).bmp,0,3,1,1,0.205320,0.720316,0.074364
smids/Abnormal_Sperm/Abnormal_Sperm (806).bmp,0,3,1,1,0.009482,0.966140,0.024378
smids/Abnormal_Sperm/Abnormal_Sperm (808).bmp,0,3,1,1,0.181736,0.813047,0.005217
smids/Abnormal_Sperm/Abnormal_Sperm (810).bmp,0,3,1,0,0.940454,0.058271,0.001275
smids/Abnormal_Sperm/Abnormal_Sperm (815).bmp,0,3,1,0,0.712170,0.286469,0.001361
smids/Abnormal_Sperm/Abnormal_Sperm (818).bmp,0,3,1,0,0.583136,0.416258,0.000606
smids/Abnormal_Sperm/Abnormal_Sperm (82).bmp,0,3,1,1,0.165553,0.833418,0.001029
smids/Abnormal_Sperm/Abnormal_Sperm (821).bmp,0,3,1,0,0.520063,0.468857,0.011080
smids/Abnormal_Sperm/Abnormal_Sperm (835).bmp,0,3,1,1,0.126906,0.870196,0.002898
smids/Abnormal_Sperm/Abnormal_Sperm (846).bmp,0,3,1,1,0.389777,0.607400,0.002822
smids/Abnormal_Sperm/Abnormal_Sperm (85).bmp,0,3,1,1,0.011127,0.944830,0.044042
smids/Abnormal_Sperm/Abnormal_Sperm (856).bmp,0,3,1,1,0.427333,0.562123,0.010544
smids/Abnormal_Sperm/Abnormal_Sperm (859).bmp,0,3,1,1,0.384398,0.612239,0.003362
smids/Abnormal_Sperm/Abnormal_Sperm (86).bmp,0,3,1,1,0.151134,0.841215,0.007651
smids/Abnormal_Sperm/Abnormal_Sperm (862).bmp,0,3,1,0,0.491204,0.470095,0.038701
smids/Abnormal_Sperm/Abnormal_Sperm (864).bmp,0,3,1,0,0.898749,0.084219,0.017032
smids/Abnormal_Sperm/Abnormal_Sperm (870).bmp,0,3,1,0,0.421825,0.407017,0.171158
smids/Abnormal_Sperm/Abnormal_Sperm (872).bmp,0,3,1,1,0.144924,0.800124,0.054952
smids/Abnormal_Sperm/Abnormal_Sperm (879).bmp,0,3,1,1,0.169226,0.827600,0.003174
smids/Abnormal_Sperm/Abnormal_Sperm (89).bmp,0,3,1,1,0.129072,0.839115,0.031813
smids/Abnormal_Sperm/Abnormal_Sperm (890).bmp,0,3,1,0,0.668646,0.319883,0.011472
smids/Abnormal_Sperm/Abnormal_Sperm (891).bmp,0,3,1,0,0.691466,0.306312,0.002221
smids/Abnormal_Sperm/Abnormal_Sperm (902).bmp,0,3,1,1,0.052475,0.717891,0.229634
smids/Abnormal_Sperm/Abnormal_Sperm (905).bmp,0,3,1,1,0.368769,0.624277,0.006954
smids/Abnormal_Sperm/Abnormal_Sperm (916).bmp,0,3,1,1,0.079720,0.559216,0.361064
smids/Abnormal_Sperm/Abnormal_Sperm (921).bmp,0,3,1,1,0.225750,0.753366,0.020884
smids/Abnormal_Sperm/Abnormal_Sperm (923).bmp,0,3,1,0,0.731099,0.264481,0.004420
smids/Abnormal_Sperm/Abnormal_Sperm (926).bmp,0,3,1,1,0.029749,0.949721,0.020530
smids/Abnormal_Sperm/Abnormal_Sperm (937).bmp,0,3,1,2,0.157888,0.357215,0.484897
smids/Abnormal_Sperm/Abnormal_Sperm (940).bmp,0,3,1,1,0.017142,0.886792,0.096066
smids/Abnormal_Sperm/Abnormal_Sperm (942).bmp,0,3,1,1,0.320312,0.465399,0.214289
smids/Abnormal_Sperm/Abnormal_Sperm (951).bmp,0,3,1,0,0.559896,0.383082,0.057022
smids/Abnormal_Sperm/Abnormal_Sperm (960).bmp,0,3,1,1,0.032612,0.871318,0.096071
smids/Abnormal_Sperm/Abnormal_Sperm (964).bmp,0,3,1,1,0.140917,0.849930,0.009152
smids/Abnormal_Sperm/Abnormal_Sperm (969).bmp,0,3,1,1,0.017700,0.946993,0.035307
smids/Abnormal_Sperm/Abnormal_Sperm (97).bmp,0,3,1,1,0.074045,0.912857,0.013098
smids/Abnormal_Sperm/Abnormal_Sperm (973).bmp,0,3,1,1,0.199034,0.795682,0.005284
smids/Abnormal_Sperm/Abnormal_Sperm (98).bmp,0,3,1,0,0.501287,0.497111,0.001602
smids/Abnormal_Sperm/Abnormal_Sperm (983).bmp,0,3,1,1,0.066033,0.855208,0.078759
smids/Abnormal_Sperm/Abnormal_Sperm (985).bmp,0,3,1,1,0.185772,0.780008,0.034220
smids/Abnormal_Sperm/Abnormal_Sperm (987).bmp,0,3,1,1,0.446744,0.547965,0.005291
smids/Abnormal_Sperm/Abnormal_Sperm (992).bmp,0,3,1,1,0.353727,0.587607,0.058666
smids/Abnormal_Sperm/Abnormal_Sperm (993).bmp,0,3,1,1,0.465841,0.518618,0.015541
smids/Abnormal_Sperm/Abnormal_Sperm (995).bmp,0,3,1,1,0.033277,0.859261,0.107462
smids/Abnormal_Sperm/Abnormal_Sperm (998).bmp,0,3,1,1,0.059159,0.920549,0.020292
smids/Non-Sperm/Non-Sperm (101).bmp,0,3,2,2,0.000969,0.000948,0.998083
smids/Non-Sperm/Non-Sperm (104).bmp,0,3,2,2,0.017564,0.002383,0.980054
smids/Non-Sperm/Non-Sperm (108).bmp,0,3,2,2,0.001586,0.007564,0.990850
smids/Non-Sperm/Non-Sperm (109).bmp,0,3,2,2,0.007583,0.016898,0.975519
smids/Non-Sperm/Non-Sperm (11).bmp,0,3,2,2,0.015603,0.138597,0.845800
smids/Non-Sperm/Non-Sperm (110).bmp,0,3,2,2,0.035886,0.055697,0.908417
smids/Non-Sperm/Non-Sperm (111).bmp,0,3,2,2,0.004551,0.002150,0.993299
smids/Non-Sperm/Non-Sperm (114).bmp,0,3,2,2,0.001599,0.001342,0.997059
smids/Non-Sperm/Non-Sperm (115).bmp,0,3,2,2,0.025302,0.001134,0.973564
smids/Non-Sperm/Non-Sperm (118).bmp,0,3,2,2,0.003272,0.001083,0.995645
smids/Non-Sperm/Non-Sperm (119).bmp,0,3,2,2,0.003900,0.017073,0.979027
smids/Non-Sperm/Non-Sperm (121).bmp,0,3,2,2,0.000679,0.000982,0.998339
smids/Non-Sperm/Non-Sperm (123).bmp,0,3,2,2,0.001364,0.026743,0.971893
smids/Non-Sperm/Non-Sperm (13).bmp,0,3,2,2,0.000744,0.001203,0.998052
smids/Non-Sperm/Non-Sperm (144).bmp,0,3,2,2,0.001103,0.000672,0.998225
smids/Non-Sperm/Non-Sperm (151).bmp,0,3,2,2,0.003287,0.006115,0.990598
smids/Non-Sperm/Non-Sperm (156).bmp,0,3,2,2,0.004990,0.003123,0.991887
smids/Non-Sperm/Non-Sperm (158).bmp,0,3,2,2,0.003381,0.000398,0.996221
smids/Non-Sperm/Non-Sperm (164).bmp,0,3,2,2,0.000539,0.003134,0.996327
smids/Non-Sperm/Non-Sperm (166).bmp,0,3,2,2,0.019551,0.015712,0.964737
smids/Non-Sperm/Non-Sperm (167).bmp,0,3,2,2,0.001207,0.002360,0.996433
smids/Non-Sperm/Non-Sperm (17).bmp,0,3,2,2,0.002843,0.010556,0.986600
smids/Non-Sperm/Non-Sperm (170).bmp,0,3,2,2,0.000172,0.003617,0.996212
smids/Non-Sperm/Non-Sperm (173).bmp,0,3,2,2,0.000142,0.000739,0.999120
smids/Non-Sperm/Non-Sperm (179).bmp,0,3,2,2,0.000248,0.000262,0.999490
smids/Non-Sperm/Non-Sperm (18).bmp,0,3,2,2,0.002816,0.035756,0.961428
smids/Non-Sperm/Non-Sperm (186).bmp,0,3,2,2,0.004911,0.009759,0.985330
smids/Non-Sperm/Non-Sperm (189).bmp,0,3,2,2,0.006526,0.002250,0.991224
smids/Non-Sperm/Non-Sperm (193).bmp,0,3,2,2,0.000364,0.001473,0.998163
smids/Non-Sperm/Non-Sperm (196).bmp,0,3,2,2,0.419528,0.128333,0.452138
smids/Non-Sperm/Non-Sperm (2).bmp,0,3,2,1,0.056077,0.685400,0.258523
smids/Non-Sperm/Non-Sperm (200).bmp,0,3,2,2,0.000857,0.001285,0.997857
smids/Non-Sperm/Non-Sperm (201).bmp,0,3,2,2,0.005747,0.001835,0.992418
smids/Non-Sperm/Non-Sperm (204).bmp,0,3,2,2,0.023826,0.428645,0.547529
smids/Non-Sperm/Non-Sperm (206).bmp,0,3,2,2,0.001158,0.000334,0.998508
smids/Non-Sperm/Non-Sperm (21).bmp,0,3,2,2,0.004487,0.143683,0.851830
smids/Non-Sperm/Non-Sperm (212).bmp,0,3,2,2,0.000544,0.005893,0.993562
smids/Non-Sperm/Non-Sperm (218).bmp,0,3,2,2,0.002700,0.021457,0.975843
smids/Non-Sperm/Non-Sperm (22).bmp,0,3,2,2,0.003839,0.092605,0.903556
smids/Non-Sperm/Non-Sperm (221).bmp,0,3,2,2,0.006326,0.124761,0.868913
smids/Non-Sperm/Non-Sperm (233).bmp,0,3,2,2,0.002737,0.005785,0.991478
smids/Non-Sperm/Non-Sperm (243).bmp,0,3,2,2,0.015457,0.013021,0.971522
smids/Non-Sperm/Non-Sperm (245).bmp,0,3,2,2,0.000735,0.009436,0.989828
smids/Non-Sperm/Non-Sperm (253).bmp,0,3,2,2,0.002925,0.001561,0.995514
smids/Non-Sperm/Non-Sperm (26).bmp,0,3,2,1,0.001506,0.935001,0.063493
smids/Non-Sperm/Non-Sperm (261).bmp,0,3,2,2,0.003015,0.002209,0.994776
smids/Non-Sperm/Non-Sperm (276).bmp,0,3,2,2,0.000287,0.000808,0.998904
smids/Non-Sperm/Non-Sperm (282).bmp,0,3,2,2,0.000795,0.001064,0.998140
smids/Non-Sperm/Non-Sperm (289).bmp,0,3,2,2,0.001175,0.003422,0.995404
smids/Non-Sperm/Non-Sperm (296).bmp,0,3,2,2,0.001354,0.000403,0.998244
smids/Non-Sperm/Non-Sperm (299).bmp,0,3,2,2,0.001274,0.006873,0.991853
smids/Non-Sperm/Non-Sperm (30).bmp,0,3,2,1,0.004898,0.824698,0.170404
smids/Non-Sperm/Non-Sperm (304).bmp,0,3,2,2,0.003007,0.001329,0.995664
smids/Non-Sperm/Non-Sperm (306).bmp,0,3,2,2,0.013344,0.042896,0.943760
smids/Non-Sperm/Non-Sperm (311).bmp,0,3,2,2,0.005892,0.007067,0.987041
smids/Non-Sperm/Non-Sperm (314).bmp,0,3,2,2,0.030317,0.041777,0.927906
smids/Non-Sperm/Non-Sperm (315).bmp,0,3,2,2,0.001124,0.000134,0.998741
smids/Non-Sperm/Non-Sperm (318).bmp,0,3,2,2,0.007791,0.009467,0.982742
smids/Non-Sperm/Non-Sperm (322).bmp,0,3,2,2,0.005240,0.003555,0.991205
smids/Non-Sperm/Non-Sperm (330).bmp,0,3,2,2,0.035234,0.263138,0.701629
smids/Non-Sperm/Non-Sperm (333).bmp,0,3,2,2,0.063899,0.134480,0.801621
smids/Non-Sperm/Non-Sperm (334).bmp,0,3,2,2,0.004337,0.019192,0.976472
smids/Non-Sperm/Non-Sperm (341).bmp,0,3,2,2,0.031807,0.231749,0.736444
smids/Non-Sperm/Non-Sperm (344).bmp,0,3,2,2,0.113229,0.077449,0.809322
smids/Non-Sperm/Non-Sperm (345).bmp,0,3,2,2,0.030007,0.027752,0.942240
smids/Non-Sperm/Non-Sperm (35).bmp,0,3,2,1,0.056814,0.610484,0.332701
smids/Non-Sperm/Non-Sperm (358).bmp,0,3,2,2,0.006094,0.012115,0.981791
smids/Non-Sperm/Non-Sperm (360).bmp,0,3,2,2,0.005015,0.007115,0.987870
smids/Non-Sperm/Non-Sperm (377).bmp,0,3,2,2,0.048685,0.020947,0.930368
smids/Non-Sperm/Non-Sperm (38).bmp,0,3,2,2,0.047052,0.397281,0.555666
smids/Non-Sperm/Non-Sperm (381).bmp,0,3,2,2,0.134905,0.295375,0.569720
smids/Non-Sperm/Non-Sperm (395).bmp,0,3,2,0,0.792605,0.182995,0.024400
smids/Non-Sperm/Non-Sperm (396).bmp,0,3,2,0,0.538561,0.333186,0.128253
smids/Non-Sperm/Non-Sperm (399).bmp,0,3,2,2,0.008432,0.036603,0.954966
smids/Non-Sperm/Non-Sperm (40).bmp,0,3,2,2,0.011605,0.091665,0.896730
smids/Non-Sperm/Non-Sperm (405).bmp,0,3,2,2,0.091726,0.139300,0.768974
smids/Non-Sperm/Non-Sperm (408).bmp,0,3,2,2,0.007664,0.006768,0.985567
smids/Non-Sperm/Non-Sperm (409).bmp,0,3,2,2,0.316605,0.278673,0.404722
smids/Non-Sperm/Non-Sperm (410).bmp,0,3,2,2,0.008397,0.088245,0.903358
smids/Non-Sperm/Non-Sperm (411).bmp,0,3,2,2,0.002338,0.003777,0.993885
smids/Non-Sperm/Non-Sperm (418).bmp,0,3,2,2,0.015407,0.034257,0.950337
smids/Non-Sperm/Non-Sperm (422).bmp,0,3,2,2,0.002666,0.013245,0.984089
smids/Non-Sperm/Non-Sperm (424).bmp,0,3,2,2,0.000428,0.000283,0.999289
smids/Non-Sperm/Non-Sperm (428).bmp,0,3,2,2,0.004980,0.003534,0.991486
smids/Non-Sperm/Non-Sperm (433).bmp,0,3,2,2,0.000484,0.010070,0.989446
smids/Non-Sperm/Non-Sperm (449).bmp,0,3,2,1,0.320319,0.514460,0.165221
smids/Non-Sperm/Non-Sperm (450).bmp,0,3,2,2,0.086080,0.344165,0.569755
smids/Non-Sperm/Non-Sperm (452).bmp,0,3,2,2,0.017217,0.178317,0.804466
smids/Non-Sperm/Non-Sperm (456).bmp,0,3,2,2,0.013668,0.084005,0.902327
smids/Non-Sperm/Non-Sperm (468).bmp,0,3,2,2,0.000969,0.002252,0.996780
smids/Non-Sperm/Non-Sperm (481).bmp,0,3,2,2,0.001697,0.001188,0.997115
smids/Non-Sperm/Non-Sperm (486).bmp,0,3,2,2,0.000776,0.023666,0.975557
smids/Non-Sperm/Non-Sperm (487).bmp,0,3,2,2,0.051827,0.010409,0.937764
smids/Non-Sperm/Non-Sperm (500).bmp,0,3,2,2,0.236341,0.056757,0.706902
smids/Non-Sperm/Non-Sperm (504).bmp,0,3,2,2,0.000417,0.007045,0.992538
smids/Non-Sperm/Non-Sperm (521).bmp,0,3,2,2,0.366054,0.070524,0.563422
smids/Non-Sperm/Non-Sperm (525).bmp,0,3,2,2,0.009461,0.003551,0.986988
smids/Non-Sperm/Non-Sperm (530).bmp,0,3,2,2,0.003512,0.004886,0.991602
smids/Non-Sperm/Non-Sperm (532).bmp,0,3,2,2,0.000778,0.002843,0.996379
smids/Non-Sperm/Non-Sperm (55).bmp,0,3,2,2,0.100580,0.322584,0.576836
smids/Non-Sperm/Non-Sperm (553).bmp,0,3,2,2,0.026460,0.262386,0.711154
smids/Non-Sperm/Non-Sperm (556).bmp,0,3,2,2,0.017203,0.090964,0.891833
smids/Non-Sperm/Non-Sperm (562).bmp,0,3,2,2,0.025135,0.023888,0.950977
smids/Non-Sperm/Non-Sperm (564).bmp,0,3,2,2,0.002206,0.019737,0.978057
smids/Non-Sperm/Non-Sperm (565).bmp,0,3,2,2,0.012899,0.147248,0.839853
smids/Non-Sperm/Non-Sperm (57).bmp,0,3,2,2,0.003708,0.167484,0.828807
smids/Non-Sperm/Non-Sperm (573).bmp,0,3,2,2,0.130016,0.066711,0.803273
smids/Non-Sperm/Non-Sperm (58).bmp,0,3,2,2,0.017638,0.478519,0.503842
smids/Non-Sperm/Non-Sperm (586).bmp,0,3,2,2,0.005032,0.017831,0.977137
smids/Non-Sperm/Non-Sperm (587).bmp,0,3,2,2,0.005066,0.082156,0.912778
smids/Non-Sperm/Non-Sperm (594).bmp,0,3,2,2,0.002885,0.005894,0.991221
smids/Non-Sperm/Non-Sperm (598).bmp,0,3,2,2,0.001301,0.004517,0.994182
smids/Non-Sperm/Non-Sperm (600).bmp,0,3,2,2,0.000537,0.005827,0.993636
smids/Non-Sperm/Non-Sperm (601).bmp,0,3,2,2,0.000720,0.002852,0.996427
smids/Non-Sperm/Non-Sperm (602).bmp,0,3,2,2,0.002500,0.000643,0.996857
smids/Non-Sperm/Non-Sperm (609).bmp,0,3,2,2,0.026360,0.035463,0.938177
smids/Non-Sperm/Non-Sperm (610).bmp,0,3,2,2,0.020449,0.062399,0.917152
smids/Non-Sperm/Non-Sperm (618).bmp,0,3,2,2,0.005428,0.004181,0.990391
smids/Non-Sperm/Non-Sperm (620).bmp,0,3,2,2,0.003393,0.001084,0.995523
smids/Non-Sperm/Non-Sperm (622).bmp,0,3,2,2,0.000523,0.001449,0.998028
smids/Non-Sperm/Non-Sperm (625).bmp,0,3,2,2,0.000697,0.002410,0.996893
smids/Non-Sperm/Non-Sperm (627).bmp,0,3,2,2,0.002511,0.002241,0.995248
smids/Non-Sperm/Non-Sperm (63).bmp,0,3,2,2,0.091141,0.122173,0.786686
smids/Non-Sperm/Non-Sperm (638).bmp,0,3,2,2,0.078972,0.143841,0.777187
smids/Non-Sperm/Non-Sperm (639).bmp,0,3,2,2,0.127881,0.057736,0.814383
smids/Non-Sperm/Non-Sperm (646).bmp,0,3,2,2,0.010819,0.063112,0.926069
smids/Non-Sperm/Non-Sperm (647).bmp,0,3,2,2,0.000839,0.002287,0.996874
smids/Non-Sperm/Non-Sperm (65).bmp,0,3,2,2,0.037593,0.249822,0.712585
smids/Non-Sperm/Non-Sperm (651).bmp,0,3,2,2,0.004841,0.000393,0.994766
smids/Non-Sperm/Non-Sperm (666).bmp,0,3,2,2,0.022286,0.001316,0.976398
smids/Non-Sperm/Non-Sperm (67).bmp,0,3,2,1,0.047174,0.653738,0.299088
smids/Non-Sperm/Non-Sperm (671).bmp,0,3,2,2,0.002973,0.008191,0.988836
smids/Non-Sperm/Non-Sperm (674).bmp,0,3,2,2,0.039214,0.048282,0.912504
smids/Non-Sperm/Non-Sperm (676).bmp,0,3,2,1,0.010805,0.743684,0.245512
smids/Non-Sperm/Non-Sperm (677).bmp,0,3,2,2,0.000761,0.023292,0.975947
smids/Non-Sperm/Non-Sperm (680).bmp,0,3,2,2,0.001263,0.002304,0.996433
smids/Non-Sperm/Non-Sperm (686).bmp,0,3,2,2,0.004371,0.003146,0.992483
smids/Non-Sperm/Non-Sperm (687).bmp,0,3,2,2,0.011661,0.010395,0.977944
smids/Non-Sperm/Non-Sperm (697).bmp,0,3,2,2,0.003833,0.003377,0.992791
smids/Non-Sperm/Non-Sperm (70).bmp,0,3,2,2,0.122401,0.358796,0.518803
smids/Non-Sperm/Non-Sperm (703).bmp,0,3,2,2,0.002353,0.004680,0.992967
smids/Non-Sperm/Non-Sperm (705).bmp,0,3,2,2,0.152444,0.181190,0.666367
smids/Non-Sperm/Non-Sperm (706).bmp,0,3,2,2,0.003181,0.003651,0.993168
smids/Non-Sperm/Non-Sperm (711).bmp,0,3,2,2,0.006553,0.039400,0.954047
smids/Non-Sperm/Non-Sperm (712).bmp,0,3,2,2,0.285521,0.024212,0.690266
smids/Non-Sperm/Non-Sperm (713).bmp,0,3,2,2,0.024281,0.013599,0.962120
smids/Non-Sperm/Non-Sperm (714).bmp,0,3,2,2,0.004446,0.017687,0.977867
smids/Non-Sperm/Non-Sperm (72).bmp,0,3,2,2,0.079772,0.415333,0.504895
smids/Non-Sperm/Non-Sperm (723).bmp,0,3,2,2,0.007553,0.081765,0.910681
smids/Non-Sperm/Non-Sperm (726).bmp,0,3,2,2,0.014578,0.014419,0.971002
smids/Non-Sperm/Non-Sperm (727).bmp,0,3,2,2,0.005784,0.010000,0.984216
smids/Non-Sperm/Non-Sperm (740).bmp,0,3,2,2,0.001845,0.004610,0.993545
smids/Non-Sperm/Non-Sperm (745).bmp,0,3,2,2,0.000877,0.000718,0.998405
smids/Non-Sperm/Non-Sperm (747).bmp,0,3,2,2,0.098043,0.440267,0.461690
smids/Non-Sperm/Non-Sperm (748).bmp,0,3,2,1,0.113913,0.664742,0.221346
smids/Non-Sperm/Non-Sperm (752).bmp,0,3,2,0,0.389444,0.260384,0.350173
smids/Non-Sperm/Non-Sperm (768).bmp,0,3,2,2,0.010253,0.003614,0.986133
smids/Non-Sperm/Non-Sperm (77).bmp,0,3,2,1,0.006848,0.549272,0.443879
smids/Non-Sperm/Non-Sperm (771).bmp,0,3,2,2,0.005332,0.012971,0.981697
smids/Non-Sperm/Non-Sperm (781).bmp,0,3,2,2,0.165225,0.002712,0.832063
smids/Non-Sperm/Non-Sperm (783).bmp,0,3,2,2,0.004383,0.000774,0.994843
smids/Non-Sperm/Non-Sperm (784).bmp,0,3,2,2,0.004154,0.002327,0.993518
smids/Non-Sperm/Non-Sperm (787).bmp,0,3,2,2,0.006517,0.004956,0.988528
smids/Non-Sperm/Non-Sperm (79).bmp,0,3,2,1,0.024788,0.555225,0.419986
smids/Non-Sperm/Non-Sperm (808).bmp,0,3,2,2,0.000397,0.003258,0.996345
smids/Non-Sperm/Non-Sperm (81).bmp,0,3,2,2,0.006831,0.002708,0.990462
smids/Non-Sperm/Non-Sperm (813).bmp,0,3,2,2,0.000258,0.002183,0.997559
smids/Non-Sperm/Non-Sperm (815).bmp,0,3,2,2,0.100863,0.039954,0.859183
smids/Non-Sperm/Non-Sperm (823).bmp,0,3,2,2,0.010568,0.083574,0.905857
smids/Non-Sperm/Non-Sperm (826).bmp,0,3,2,1,0.045110,0.540991,0.413899
smids/Non-Sperm/Non-Sperm (835).bmp,0,3,2,2,0.001070,0.001979,0.996951
smids/Non-Sperm/Non-Sperm (84).bmp,0,3,2,2,0.001897,0.000731,0.997372
smids/Non-Sperm/Non-Sperm (848).bmp,0,3,2,2,0.000651,0.000355,0.998994
smids/Non-Sperm/Non-Sperm (854).bmp,0,3,2,1,0.162773,0.721725,0.115502
smids/Non-Sperm/Non-Sperm (855).bmp,0,3,2,2,0.004243,0.002378,0.993379
smids/Non-Sperm/Non-Sperm (861).bmp,0,3,2,2,0.035071,0.204840,0.760089
smids/Non-Sperm/Non-Sperm (875).bmp,0,3,2,2,0.001556,0.002654,0.995790
smids/Non-Sperm/Non-Sperm (878).bmp,0,3,2,1,0.023808,0.603881,0.372311
smids/Non-Sperm/Non-Sperm (880).bmp,0,3,2,2,0.003198,0.001304,0.995497
smids/Non-Sperm/Non-Sperm (885).bmp,0,3,2,2,0.001473,0.001940,0.996587
smids/Non-Sperm/Non-Sperm (890).bmp,0,3,2,2,0.020030,0.114916,0.865054
smids/Non-Sperm/Non-Sperm (894).bmp,0,3,2,1,0.314506,0.350470,0.335024
smids/Non-Sperm/Non-Sperm (909).bmp,0,3,2,1,0.371854,0.428305,0.199841
smids/Non-Sperm/Non-Sperm (91).bmp,0,3,2,2,0.040615,0.035690,0.923694
smids/Non-Sperm/Non-Sperm (911).bmp,0,3,2,1,0.003396,0.839056,0.157548
smids/Non-Sperm/Non-Sperm (922).bmp,0,3,2,2,0.004760,0.310032,0.685208
smids/Non-Sperm/Non-Sperm (93).bmp,0,3,2,2,0.085654,0.013088,0.901257
smids/Non-Sperm/Non-Sperm (931).bmp,0,3,2,2,0.093972,0.252251,0.653777
smids/Non-Sperm/Non-Sperm (938).bmp,0,3,2,2,0.148917,0.204678,0.646405
smids/Non-Sperm/Non-Sperm (945).bmp,0,3,2,0,0.662644,0.049109,0.288247
smids/Non-Sperm/Non-Sperm (955).bmp,0,3,2,2,0.004304,0.014674,0.981022
smids/Non-Sperm/Non-Sperm (957).bmp,0,3,2,2,0.051778,0.030561,0.917661
smids/Non-Sperm/Non-Sperm (961).bmp,0,3,2,2,0.026131,0.378673,0.595196
smids/Non-Sperm/Non-Sperm (966).bmp,0,3,2,0,0.536824,0.387562,0.075615
smids/Non-Sperm/Non-Sperm (967).bmp,0,3,2,2,0.001205,0.001304,0.997490
smids/Normal_Sperm/Normal_Sperm (1000).bmp,0,3,0,0,0.693662,0.270973,0.035366
smids/Normal_Sperm/Normal_Sperm (1005).bmp,0,3,0,1,0.120729,0.868540,0.010731
smids/Normal_Sperm/Normal_Sperm (1008).bmp,0,3,0,0,0.961031,0.008564,0.030405
smids/Normal_Sperm/Normal_Sperm (101).bmp,0,3,0,0,0.995238,0.002714,0.002049
smids/Normal_Sperm/Normal_Sperm (102).bmp,0,3,0,0,0.548226,0.118644,0.333130
smids/Normal_Sperm/Normal_Sperm (104).bmp,0,3,0,0,0.745512,0.244296,0.010192
smids/Normal_Sperm/Normal_Sperm (109).bmp,0,3,0,0,0.965633,0.022031,0.012336
smids/Normal_Sperm/Normal_Sperm (118).bmp,0,3,0,1,0.339533,0.435215,0.225252
smids/Normal_Sperm/Normal_Sperm (119).bmp,0,3,0,1,0.329336,0.665516,0.005148
smids/Normal_Sperm/Normal_Sperm (120).bmp,0,3,0,0,0.708522,0.290275,0.001203
smids/Normal_Sperm/Normal_Sperm (134).bmp,0,3,0,0,0.581337,0.410171,0.008491
smids/Normal_Sperm/Normal_Sperm (14).bmp,0,3,0,0,0.619885,0.309613,0.070502
smids/Normal_Sperm/Normal_Sperm (146).bmp,0,3,0,0,0.985889,0.013950,0.000161
smids/Normal_Sperm/Normal_Sperm (151).bmp,0,3,0,1,0.255602,0.494543,0.249855
smids/Normal_Sperm/Normal_Sperm (155).bmp,0,3,0,1,0.266815,0.689666,0.043519
smids/Normal_Sperm/Normal_Sperm (160).bmp,0,3,0,1,0.359080,0.612072,0.028848
smids/Normal_Sperm/Normal_Sperm (163).bmp,0,3,0,0,0.929529,0.061558,0.008913
smids/Normal_Sperm/Normal_Sperm (171).bmp,0,3,0,0,0.936645,0.045840,0.017514
smids/Normal_Sperm/Normal_Sperm (175).bmp,0,3,0,0,0.847488,0.123534,0.028978
smids/Normal_Sperm/Normal_Sperm (179).bmp,0,3,0,0,0.716963,0.252026,0.031011
smids/Normal_Sperm/Normal_Sperm (18).bmp,0,3,0,0,0.962157,0.024250,0.013593
smids/Normal_Sperm/Normal_Sperm (184).bmp,0,3,0,0,0.818446,0.155316,0.026238
smids/Normal_Sperm/Normal_Sperm (191).bmp,0,3,0,0,0.623606,0.236622,0.139772
smids/Normal_Sperm/Normal_Sperm (193).bmp,0,3,0,1,0.286487,0.414838,0.298675
smids/Normal_Sperm/Normal_Sperm (195).bmp,0,3,0,1,0.368270,0.475683,0.156048
smids/Normal_Sperm/Normal_Sperm (203).bmp,0,3,0,0,0.583477,0.302753,0.113770
smids/Normal_Sperm/Normal_Sperm (204).bmp,0,3,0,0,0.888877,0.093711,0.017413
smids/Normal_Sperm/Normal_Sperm (207).bmp,0,3,0,0,0.681080,0.301799,0.017122
smids/Normal_Sperm/Normal_Sperm (217).bmp,0,3,0,0,0.872999,0.056320,0.070681
smids/Normal_Sperm/Normal_Sperm (225).bmp,0,3,0,0,0.523638,0.456184,0.020178
smids/Normal_Sperm/Normal_Sperm (226).bmp,0,3,0,1,0.464372,0.498668,0.036960
smids/Normal_Sperm/Normal_Sperm (229).bmp,0,3,0,0,0.881541,0.115467,0.002991
smids/Normal_Sperm/Normal_Sperm (230).bmp,0,3,0,1,0.327101,0.630571,0.042327
smids/Normal_Sperm/Normal_Sperm (235).bmp,0,3,0,0,0.934468,0.056590,0.008941
smids/Normal_Sperm/Normal_Sperm (236).bmp,0,3,0,2,0.081795,0.201260,0.716946
smids/Normal_Sperm/Normal_Sperm (237).bmp,0,3,0,1,0.247738,0.538755,0.213507
smids/Normal_Sperm/Normal_Sperm (242).bmp,0,3,0,0,0.844096,0.142526,0.013378
smids/Normal_Sperm/Normal_Sperm (245).bmp,0,3,0,0,0.757724,0.209727,0.032549
smids/Normal_Sperm/Normal_Sperm (249).bmp,0,3,0,0,0.606440,0.222242,0.171318
smids/Normal_Sperm/Normal_Sperm (251).bmp,0,3,0,0,0.944738,0.053099,0.002163
smids/Normal_Sperm/Normal_Sperm (252).bmp,0,3,0,0,0.548958,0.438294,0.012747
smids/Normal_Sperm/Normal_Sperm (257).bmp,0,3,0,0,0.541748,0.315849,0.142403
smids/Normal_Sperm/Normal_Sperm (261).bmp,0,3,0,0,0.898473,0.093356,0.008171
smids/Normal_Sperm/Normal_Sperm (263).bmp,0,3,0,0,0.922022,0.058357,0.019621
smids/Normal_Sperm/Normal_Sperm (266).bmp,0,3,0,0,0.642141,0.339278,0.018581
smids/Normal_Sperm/Normal_Sperm (274).bmp,0,3,0,0,0.826923,0.121178,0.051899
smids/Normal_Sperm/Normal_Sperm (288).bmp,0,3,0,0,0.905388,0.089554,0.005059
smids/Normal_Sperm/Normal_Sperm (295).bmp,0,3,0,0,0.691932,0.287949,0.020119
smids/Normal_Sperm/Normal_Sperm (296).bmp,0,3,0,0,0.929840,0.065819,0.004341
smids/Normal_Sperm/Normal_Sperm (299).bmp,0,3,0,0,0.459088,0.324496,0.216416
smids/Normal_Sperm/Normal_Sperm (301).bmp,0,3,0,0,0.697683,0.267404,0.034913
smids/Normal_Sperm/Normal_Sperm (302).bmp,0,3,0,1,0.099925,0.876837,0.023238
smids/Normal_Sperm/Normal_Sperm (309).bmp,0,3,0,1,0.289410,0.650588,0.060002
smids/Normal_Sperm/Normal_Sperm (315).bmp,0,3,0,1,0.369186,0.584210,0.046604
smids/Normal_Sperm/Normal_Sperm (316).bmp,0,3,0,0,0.699521,0.282471,0.018008
smids/Normal_Sperm/Normal_Sperm (322).bmp,0,3,0,0,0.869909,0.115358,0.014734
smids/Normal_Sperm/Normal_Sperm (327).bmp,0,3,0,0,0.866162,0.120683,0.013155
smids/Normal_Sperm/Normal_Sperm (33).bmp,0,3,0,0,0.438401,0.194195,0.367403
smids/Normal_Sperm/Normal_Sperm (331).bmp,0,3,0,0,0.958949,0.036068,0.004982
smids/Normal_Sperm/Normal_Sperm (333).bmp,0,3,0,0,0.874171,0.121366,0.004463
smids/Normal_Sperm/Normal_Sperm (338).bmp,0,3,0,1,0.044917,0.868055,0.087028
smids/Normal_Sperm/Normal_Sperm (341).bmp,0,3,0,0,0.927629,0.066812,0.005559
smids/Normal_Sperm/Normal_Sperm (355).bmp,0,3,0,0,0.824058,0.164705,0.011237
smids/Normal_Sperm/Normal_Sperm (360).bmp,0,3,0,0,0.895416,0.102797,0.001787
smids/Normal_Sperm/Normal_Sperm (362).bmp,0,3,0,0,0.726978,0.258583,0.014439
smids/Normal_Sperm/Normal_Sperm (364).bmp,0,3,0,1,0.304199,0.607417,0.088384
smids/Normal_Sperm/Normal_Sperm (369).bmp,0,3,0,0,0.664434,0.038499,0.297067
smids/Normal_Sperm/Normal_Sperm (37).bmp,0,3,0,2,0.192611,0.029705,0.777684
smids/Normal_Sperm/Normal_Sperm (373).bmp,0,3,0,0,0.837110,0.152472,0.010418
smids/Normal_Sperm/Normal_Sperm (376).bmp,0,3,0,0,0.657136,0.299115,0.043749
smids/Normal_Sperm/Normal_Sperm (379).bmp,0,3,0,0,0.816050,0.170635,0.013314
smids/Normal_Sperm/Normal_Sperm (380).bmp,0,3,0,0,0.623703,0.213906,0.162391
smids/Normal_Sperm/Normal_Sperm (382).bmp,0,3,0,0,0.969572,0.029125,0.001303
smids/Normal_Sperm/Normal_Sperm (388).bmp,0,3,0,1,0.487766,0.500394,0.011840
smids/Normal_Sperm/Normal_Sperm (389).bmp,0,3,0,0,0.812800,0.185356,0.001844
smids/Normal_Sperm/Normal_Sperm (390).bmp,0,3,0,0,0.531732,0.456996,0.011272
smids/Normal_Sperm/Normal_Sperm (391).bmp,0,3,0,1,0.464183,0.486109,0.049707
smids/Normal_Sperm/Normal_Sperm (398).bmp,0,3,0,0,0.813284,0.178443,0.008272
smids/Normal_Sperm/Normal_Sperm (401).bmp,0,3,0,0,0.936298,0.062282,0.001420
smids/Normal_Sperm/Normal_Sperm (419).bmp,0,3,0,0,0.956645,0.038748,0.004608
smids/Normal_Sperm/Normal_Sperm (427).bmp,0,3,0,0,0.923449,0.057298,0.019253
smids/Normal_Sperm/Normal_Sperm (43).bmp,0,3,0,1,0.342418,0.445687,0.211895
smids/Normal_Sperm/Normal_Sperm (435).bmp,0,3,0,0,0.995905,0.002236,0.001858
smids/Normal_Sperm/Normal_Sperm (440).bmp,0,3,0,0,0.842246,0.150171,0.007583
smids/Normal_Sperm/Normal_Sperm (441).bmp,0,3,0,1,0.162051,0.833084,0.004865
smids/Normal_Sperm/Normal_Sperm (442).bmp,0,3,0,0,0.997500,0.002080,0.000420
smids/Normal_Sperm/Normal_Sperm (448).bmp,0,3,0,0,0.609883,0.379162,0.010954
smids/Normal_Sperm/Normal_Sperm (453).bmp,0,3,0,0,0.644004,0.264370,0.091626
smids/Normal_Sperm/Normal_Sperm (456).bmp,0,3,0,0,0.751414,0.242683,0.005902
smids/Normal_Sperm/Normal_Sperm (460).bmp,0,3,0,0,0.679600,0.242669,0.077731
smids/Normal_Sperm/Normal_Sperm (461).bmp,0,3,0,0,0.558041,0.341734,0.100225
smids/Normal_Sperm/Normal_Sperm (471).bmp,0,3,0,0,0.949258,0.049313,0.001429
smids/Normal_Sperm/Normal_Sperm (475).bmp,0,3,0,0,0.967220,0.020104,0.012675
smids/Normal_Sperm/Normal_Sperm (48).bmp,0,3,0,0,0.475236,0.446078,0.078685
smids/Normal_Sperm/Normal_Sperm (481).bmp,0,3,0,0,0.507715,0.284584,0.207702
smids/Normal_Sperm/Normal_Sperm (486).bmp,0,3,0,0,0.554854,0.389992,0.055154
smids/Normal_Sperm/Normal_Sperm (489).bmp,0,3,0,0,0.845518,0.131806,0.022676
smids/Normal_Sperm/Normal_Sperm (490).bmp,0,3,0,0,0.883446,0.102023,0.014531
smids/Normal_Sperm/Normal_Sperm (491).bmp,0,3,0,0,0.703299,0.287409,0.009293
smids/Normal_Sperm/Normal_Sperm (496).bmp,0,3,0,0,0.853481,0.109700,0.036819
smids/Normal_Sperm/Normal_Sperm (5).bmp,0,3,0,0,0.803679,0.189309,0.007012
smids/Normal_Sperm/Normal_Sperm (501).bmp,0,3,0,0,0.819338,0.170264,0.010398
smids/Normal_Sperm/Normal_Sperm (504).bmp,0,3,0,0,0.997636,0.001306,0.001058
smids/Normal_Sperm/Normal_Sperm (508).bmp,0,3,0,0,0.797201,0.195937,0.006863
smids/Normal_Sperm/Normal_Sperm (509).bmp,0,3,0,0,0.624322,0.289142,0.086537
smids/Normal_Sperm/Normal_Sperm (51).bmp,0,3,0,0,0.946160,0.052215,0.001625
smids/Normal_Sperm/Normal_Sperm (510).bmp,0,3,0,0,0.868581,0.130715,0.000703
smids/Normal_Sperm/Normal_Sperm (524).bmp,0,3,0,0,0.922296,0.074916,0.002788
smids/Normal_Sperm/Normal_Sperm (526).bmp,0,3,0,0,0.772330,0.222958,0.004712
smids/Normal_Sperm/Normal_Sperm (528).bmp,0,3,0,0,0.778132,0.203714,0.018153
smids/Normal_Sperm/Normal_Sperm (533).bmp,0,3,0,1,0.313434,0.679713,0.006853
smids/Normal_Sperm/Normal_Sperm (537).bmp,0,3,0,0,0.863107,0.131367,0.005525
smids/Normal_Sperm/Normal_Sperm (545).bmp,0,3,0,0,0.879352,0.089144,0.031504
smids/Normal_Sperm/Normal_Sperm (553).bmp,0,3,0,0,0.890307,0.108921,0.000773
smids/Normal_Sperm/Normal_Sperm (576).bmp,0,3,0,0,0.712967,0.264540,0.022493
smids/Normal_Sperm/Normal_Sperm (580).bmp,0,3,0,0,0.892803,0.094800,0.012397
smids/Normal_Sperm/Normal_Sperm (587).bmp,0,3,0,0,0.669548,0.317990,0.012462
smids/Normal_Sperm/Normal_Sperm (598).bmp,0,3,0,1,0.364135,0.622896,0.012969
smids/Normal_Sperm/Normal_Sperm (605).bmp,0,3,0,0,0.949921,0.049810,0.000269
smids/Normal_Sperm/Normal_Sperm (608).bmp,0,3,0,0,0.958953,0.038590,0.002457
smids/Normal_Sperm/Normal_Sperm (610).bmp,0,3,0,0,0.748810,0.246916,0.004274
smids/Normal_Sperm/Normal_Sperm (615).bmp,0,3,0,0,0.820511,0.125263,0.054225
smids/Normal_Sperm/Normal_Sperm (618).bmp,0,3,0,0,0.863889,0.133024,0.003087
smids/Normal_Sperm/Normal_Sperm (62).bmp,0,3,0,1,0.488896,0.505097,0.006007
smids/Normal_Sperm/Normal_Sperm (624).bmp,0,3,0,0,0.845780,0.152013,0.002207
smids/Normal_Sperm/Normal_Sperm (629).bmp,0,3,0,0,0.956288,0.042422,0.001290
smids/Normal_Sperm/Normal_Sperm (633).bmp,0,3,0,1,0.132375,0.864459,0.003166
smids/Normal_Sperm/Normal_Sperm (635).bmp,0,3,0,0,0.985918,0.013963,0.000118
smids/Normal_Sperm/Normal_Sperm (639).bmp,0,3,0,0,0.958739,0.040079,0.001182
smids/Normal_Sperm/Normal_Sperm (640).bmp,0,3,0,0,0.961911,0.018392,0.019697
smids/Normal_Sperm/Normal_Sperm (642).bmp,0,3,0,0,0.759963,0.223033,0.017003
smids/Normal_Sperm/Normal_Sperm (646).bmp,0,3,0,0,0.814767,0.152851,0.032382
smids/Normal_Sperm/Normal_Sperm (65).bmp,0,3,0,0,0.471776,0.298991,0.229233
smids/Normal_Sperm/Normal_Sperm (658).bmp,0,3,0,0,0.648969,0.273397,0.077634
smids/Normal_Sperm/Normal_Sperm (659).bmp,0,3,0,0,0.764763,0.234046,0.001191
smids/Normal_Sperm/Normal_Sperm (667).bmp,0,3,0,0,0.935284,0.054772,0.009943
smids/Normal_Sperm/Normal_Sperm (67).bmp,0,3,0,0,0.856972,0.109924,0.033104
smids/Normal_Sperm/Normal_Sperm (670).bmp,0,3,0,0,0.745662,0.115248,0.139090
smids/Normal_Sperm/Normal_Sperm (673).bmp,0,3,0,0,0.849001,0.150835,0.000164
smids/Normal_Sperm/Normal_Sperm (674).bmp,0,3,0,0,0.887669,0.092491,0.019841
smids/Normal_Sperm/Normal_Sperm (694).bmp,0,3,0,0,0.886955,0.089349,0.023696
smids/Normal_Sperm/Normal_Sperm (701).bmp,0,3,0,0,0.880071,0.112765,0.007164
smids/Normal_Sperm/Normal_Sperm (706).bmp,0,3,0,0,0.881281,0.116618,0.002102
smids/Normal_Sperm/Normal_Sperm (716).bmp,0,3,0,1,0.167545,0.829691,0.002764
smids/Normal_Sperm/Normal_Sperm (717).bmp,0,3,0,0,0.945003,0.052845,0.002152
smids/Normal_Sperm/Normal_Sperm (72).bmp,0,3,0,0,0.792208,0.124727,0.083065
smids/Normal_Sperm/Normal_Sperm (729).bmp,0,3,0,0,0.996431,0.001376,0.002194
smids/Normal_Sperm/Normal_Sperm (730).bmp,0,3,0,0,0.858599,0.089477,0.051924
smids/Normal_Sperm/Normal_Sperm (731).bmp,0,3,0,0,0.875337,0.072762,0.051902
smids/Normal_Sperm/Normal_Sperm (732).bmp,0,3,0,0,0.934718,0.063420,0.001862
smids/Normal_Sperm/Normal_Sperm (737).bmp,0,3,0,0,0.974660,0.024112,0.001228
smids/Normal_Sperm/Normal_Sperm (741).bmp,0,3,0,0,0.466254,0.440081,0.093665
smids/Normal_Sperm/Normal_Sperm (746).bmp,0,3,0,0,0.836919,0.154568,0.008513
smids/Normal_Sperm/Normal_Sperm (751).bmp,0,3,0,0,0.963131,0.030180,0.006689
smids/Normal_Sperm/Normal_Sperm (756).bmp,0,3,0,0,0.982722,0.005718,0.011560
smids/Normal_Sperm/Normal_Sperm (761).bmp,0,3,0,0,0.962119,0.033899,0.003982
smids/Normal_Sperm/Normal_Sperm (768).bmp,0,3,0,0,0.647150,0.124268,0.228582
smids/Normal_Sperm/Normal_Sperm (773).bmp,0,3,0,0,0.964077,0.032830,0.003093
smids/Normal_Sperm/Normal_Sperm (776).bmp,0,3,0,0,0.976284,0.020875,0.002840
smids/Normal_Sperm/Normal_Sperm (778).bmp,0,3,0,0,0.664846,0.091567,0.243588
smids/Normal_Sperm/Normal_Sperm (798).bmp,0,3,0,1,0.436305,0.451595,0.112099
smids/Normal_Sperm/Normal_Sperm (8).bmp,0,3,0,2,0.185553,0.042110,0.772337
smids/Normal_Sperm/Normal_Sperm (802).bmp,0,3,0,0,0.797639,0.074445,0.127916
smids/Normal_Sperm/Normal_Sperm (805).bmp,0,3,0,0,0.714361,0.061574,0.224066
smids/Normal_Sperm/Normal_Sperm (809).bmp,0,3,0,0,0.864643,0.132383,0.002974
smids/Normal_Sperm/Normal_Sperm (81).bmp,0,3,0,0,0.731591,0.137235,0.131174
smids/Normal_Sperm/Normal_Sperm (816).bmp,0,3,0,1,0.373425,0.618515,0.008061
smids/Normal_Sperm/Normal_Sperm (817).bmp,0,3,0,2,0.261383,0.320477,0.418140
smids/Normal_Sperm/Normal_Sperm (819).bmp,0,3,0,0,0.954402,0.035741,0.009857
smids/Normal_Sperm/Normal_Sperm (824).bmp,0,3,0,0,0.998246,0.001554,0.000200
smids/Normal_Sperm/Normal_Sperm (825).bmp,0,3,0,0,0.809989,0.080200,0.109811
smids/Normal_Sperm/Normal_Sperm (834).bmp,0,3,0,0,0.916861,0.082920,0.000219
smids/Normal_Sperm/Normal_Sperm (837).bmp,0,3,0,1,0.400568,0.583496,0.015936
smids/Normal_Sperm/Normal_Sperm (846).bmp,0,3,0,0,0.689388,0.302548,0.008064
smids/Normal_Sperm/Normal_Sperm (848).bmp,0,3,0,0,0.938608,0.058921,0.002471
smids/Normal_Sperm/Normal_Sperm (852).bmp,0,3,0,0,0.586048,0.399672,0.014281
smids/Normal_Sperm/Normal_Sperm (854).bmp,0,3,0,0,0.683669,0.315802,0.000529
smids/Normal_Sperm/Normal_Sperm (869).bmp,0,3,0,0,0.945473,0.054181,0.000346
smids/Normal_Sperm/Normal_Sperm (870).bmp,0,3,0,0,0.783763,0.205322,0.010916
smids/Normal_Sperm/Normal_Sperm (875).bmp,0,3,0,0,0.946263,0.051714,0.002023
smids/Normal_Sperm/Normal_Sperm (877).bmp,0,3,0,0,0.943068,0.024897,0.032036
smids/Normal_Sperm/Normal_Sperm (88).bmp,0,3,0,1,0.417839,0.449076,0.133085
smids/Normal_Sperm/Normal_Sperm (889).bmp,0,3,0,1,0.259886,0.734708,0.005406
smids/Normal_Sperm/Normal_Sperm (895).bmp,0,3,0,0,0.750737,0.244793,0.004470
smids/Normal_Sperm/Normal_Sperm (896).bmp,0,3,0,0,0.797790,0.182412,0.019798
smids/Normal_Sperm/Normal_Sperm (903).bmp,0,3,0,1,0.053478,0.888869,0.057654
smids/Normal_Sperm/Normal_Sperm (907).bmp,0,3,0,1,0.154413,0.844832,0.000755
smids/Normal_Sperm/Normal_Sperm (908).bmp,0,3,0,0,0.529580,0.466753,0.003667
smids/Normal_Sperm/Normal_Sperm (922).bmp,0,3,0,0,0.792366,0.203702,0.003933
smids/Normal_Sperm/Normal_Sperm (925).bmp,0,3,0,1,0.381772,0.616248,0.001980
smids/Normal_Sperm/Normal_Sperm (93).bmp,0,3,0,0,0.927137,0.042778,0.030085
smids/Normal_Sperm/Normal_Sperm (936).bmp,0,3,0,0,0.599266,0.392803,0.007932
smids/Normal_Sperm/Normal_Sperm (937).bmp,0,3,0,0,0.962261,0.033434,0.004305
smids/Normal_Sperm/Normal_Sperm (941).bmp,0,3,0,1,0.067022,0.931008,0.001970
smids/Normal_Sperm/Normal_Sperm (945).bmp,0,3,0,0,0.761579,0.237702,0.000719
smids/Normal_Sperm/Normal_Sperm (946).bmp,0,3,0,1,0.065825,0.927838,0.006337
smids/Normal_Sperm/Normal_Sperm (960).bmp,0,3,0,0,0.883609,0.110625,0.005766
smids/Normal_Sperm/Normal_Sperm (965).bmp,0,3,0,0,0.616116,0.378200,0.005684
smids/Normal_Sperm/Normal_Sperm (981).bmp,0,3,0,0,0.673783,0.324084,0.002133
smids/Normal_Sperm/Normal_Sperm (989).bmp,0,3,0,2,0.297533,0.330684,0.371783
smids/Abnormal_Sperm/Abnormal_Sperm (100).bmp,0,4,1,1,0.294103,0.694587,0.011310
smids/Abnormal_Sperm/Abnormal_Sperm (1000).bmp,0,4,1,1,0.179613,0.742370,0.078017
smids/Abnormal_Sperm/Abnormal_Sperm (106).bmp,0,4,1,2,0.090444,0.108564,0.800992
smids/Abnormal_Sperm/Abnormal_Sperm (113).bmp,0,4,1,1,0.006600,0.852220,0.141179
smids/Abnormal_Sperm/Abnormal_Sperm (118).bmp,0,4,1,1,0.083841,0.915417,0.000743
smids/Abnormal_Sperm/Abnormal_Sperm (121).bmp,0,4,1,1,0.342257,0.605161,0.052582
smids/Abnormal_Sperm/Abnormal_Sperm (130).bmp,0,4,1,1,0.000641,0.998455,0.000904
smids/Abnormal_Sperm/Abnormal_Sperm (135).bmp,0,4,1,1,0.014317,0.980378,0.005305
smids/Abnormal_Sperm/Abnormal_Sperm (138).bmp,0,4,1,1,0.027428,0.932020,0.040552
smids/Abnormal_Sperm/Abnormal_Sperm (140).bmp,0,4,1,1,0.094166,0.897846,0.007988
smids/Abnormal_Sperm/Abnormal_Sperm (142).bmp,0,4,1,0,0.526123,0.467899,0.005978
smids/Abnormal_Sperm/Abnormal_Sperm (143).bmp,0,4,1,1,0.062437,0.937393,0.000170
smids/Abnormal_Sperm/Abnormal_Sperm (145).bmp,0,4,1,1,0.048086,0.943582,0.008331
smids/Abnormal_Sperm/Abnormal_Sperm (149).bmp,0,4,1,1,0.104138,0.882146,0.013716
smids/Abnormal_Sperm/Abnormal_Sperm (151).bmp,0,4,1,1,0.007920,0.501003,0.491077
smids/Abnormal_Sperm/Abnormal_Sperm (153).bmp,0,4,1,1,0.123768,0.800625,0.075607
smids/Abnormal_Sperm/Abnormal_Sperm (162).bmp,0,4,1,1,0.102540,0.512190,0.385271
smids/Abnormal_Sperm/Abnormal_Sperm (163).bmp,0,4,1,1,0.030444,0.959283,0.010273
smids/Abnormal_Sperm/Abnormal_Sperm (170).bmp,0,4,1,1,0.009282,0.927538,0.063181
smids/Abnormal_Sperm/Abnormal_Sperm (178).bmp,0,4,1,1,0.097223,0.888892,0.013886
smids/Abnormal_Sperm/Abnormal_Sperm (179).bmp,0,4,1,1,0.109110,0.889595,0.001295
smids/Abnormal_Sperm/Abnormal_Sperm (186).bmp,0,4,1,1,0.185717,0.807177,0.007107
smids/Abnormal_Sperm/Abnormal_Sperm (188).bmp,0,4,1,1,0.047155,0.794394,0.158451
smids/Abnormal_Sperm/Abnormal_Sperm (189).bmp,0,4,1,1,0.031133,0.855379,0.113489
smids/Abnormal_Sperm/Abnormal_Sperm (192).bmp,0,4,1,1,0.125278,0.862454,0.012268
smids/Abnormal_Sperm/Abnormal_Sperm (195).bmp,0,4,1,1,0.380462,0.607707,0.011832
smids/Abnormal_Sperm/Abnormal_Sperm (197).bmp,0,4,1,1,0.055096,0.942149,0.002755
smids/Abnormal_Sperm/Abnormal_Sperm (199).bmp,0,4,1,1,0.100513,0.892909,0.006578
smids/Abnormal_Sperm/Abnormal_Sperm (205).bmp,0,4,1,1,0.064721,0.911024,0.024255
smids/Abnormal_Sperm/Abnormal_Sperm (21).bmp,0,4,1,1,0.012029,0.634325,0.353646
smids/Abnormal_Sperm/Abnormal_Sperm (214).bmp,0,4,1,1,0.008138,0.969314,0.022547
smids/Abnormal_Sperm/Abnormal_Sperm (226).bmp,0,4,1,0,0.540400,0.414819,0.044781
smids/Abnormal_Sperm/Abnormal_Sperm (228).bmp,0,4,1,0,0.676968,0.168537,0.154495
smids/Abnormal_Sperm/Abnormal_Sperm (229).bmp,0,4,1,1,0.187365,0.801076,0.011559
smids/Abnormal_Sperm/Abnormal_Sperm (230).bmp,0,4,1,1,0.154571,0.841176,0.004253
smids/Abnormal_Sperm/Abnormal_Sperm (237).bmp,0,4,1,1,0.046905,0.907564,0.045530
smids/Abnormal_Sperm/Abnormal_Sperm (244).bmp,0,4,1,1,0.015996,0.927236,0.056768
smids/Abnormal_Sperm/Abnormal_Sperm (248).bmp,0,4,1,1,0.113173,0.875857,0.010970
smids/Abnormal_Sperm/Abnormal_Sperm (259).bmp,0,4,1,1,0.194355,0.793569,0.012075
smids/Abnormal_Sperm/Abnormal_Sperm (262).bmp,0,4,1,1,0.199026,0.623631,0.177343
smids/Abnormal_Sperm/Abnormal_Sperm (264).bmp,0,4,1,1,0.022720,0.971860,0.005420
smids/Abnormal_Sperm/Abnormal_Sperm (265).bmp,0,4,1,1,0.303526,0.678391,0.018083
smids/Abnormal_Sperm/Abnormal_Sperm (270).bmp,0,4,1,1,0.166456,0.819174,0.014370
smids/Abnormal_Sperm/Abnormal_Sperm (273).bmp,0,4,1,1,0.019899,0.978993,0.001108
smids/Abnormal_Sperm/Abnormal_Sperm (274).bmp,0,4,1,1,0.072734,0.803719,0.123547
smids/Abnormal_Sperm/Abnormal_Sperm (279).bmp,0,4,1,0,0.535947,0.442142,0.021911
smids/Abnormal_Sperm/Abnormal_Sperm (283).bmp,0,4,1,1,0.287707,0.696125,0.016168
smids/Abnormal_Sperm/Abnormal_Sperm (297).bmp,0,4,1,1,0.305468,0.689799,0.004733
smids/Abnormal_Sperm/Abnormal_Sperm (299).bmp,0,4,1,1,0.411664,0.573668,0.014667
smids/Abnormal_Sperm/Abnormal_Sperm (3).bmp,0,4,1,2,0.094883,0.389694,0.515423
smids/Abnormal_Sperm/Abnormal_Sperm (305).bmp,0,4,1,1,0.004741,0.871994,0.123265
smids/Abnormal_Sperm/Abnormal_Sperm (307).bmp,0,4,1,1,0.072789,0.827027,0.100184
smids/Abnormal_Sperm/Abnormal_Sperm (315).bmp,0,4,1,1,0.016174,0.962869,0.020957
smids/Abnormal_Sperm/Abnormal_Sperm (316).bmp,0,4,1,1,0.174761,0.804796,0.020443
smids/Abnormal_Sperm/Abnormal_Sperm (318).bmp,0,4,1,1,0.173571,0.818329,0.008100
smids/Abnormal_Sperm/Abnormal_Sperm (329).bmp,0,4,1,1,0.084254,0.894203,0.021543
smids/Abnormal_Sperm/Abnormal_Sperm (330).bmp,0,4,1,1,0.244258,0.753955,0.001787
smids/Abnormal_Sperm/Abnormal_Sperm (334).bmp,0,4,1,1,0.225926,0.773006,0.001068
smids/Abnormal_Sperm/Abnormal_Sperm (344).bmp,0,4,1,1,0.026038,0.972951,0.001011
smids/Abnormal_Sperm/Abnormal_Sperm (346).bmp,0,4,1,1,0.021740,0.955119,0.023141
smids/Abnormal_Sperm/Abnormal_Sperm (350).bmp,0,4,1,1,0.066422,0.914614,0.018963
smids/Abnormal_Sperm/Abnormal_Sperm (357).bmp,0,4,1,1,0.074604,0.854809,0.070587
smids/Abnormal_Sperm/Abnormal_Sperm (360).bmp,0,4,1,1,0.112950,0.816001,0.071048
smids/Abnormal_Sperm/Abnormal_Sperm (364).bmp,0,4,1,1,0.070263,0.875795,0.053942
smids/Abnormal_Sperm/Abnormal_Sperm (367).bmp,0,4,1,0,0.760620,0.225144,0.014236
smids/Abnormal_Sperm/Abnormal_Sperm (368).bmp,0,4,1,1,0.028884,0.727042,0.244075
smids/Abnormal_Sperm/Abnormal_Sperm (382).bmp,0,4,1,1,0.086080,0.890571,0.023349
smids/Abnormal_Sperm/Abnormal_Sperm (383).bmp,0,4,1,1,0.060266,0.926239,0.013495
smids/Abnormal_Sperm/Abnormal_Sperm (396).bmp,0,4,1,1,0.302173,0.688239,0.009588
smids/Abnormal_Sperm/Abnormal_Sperm (400).bmp,0,4,1,1,0.099573,0.764981,0.135446
smids/Abnormal_Sperm/Abnormal_Sperm (401).bmp,0,4,1,1,0.391617,0.607038,0.001345
smids/Abnormal_Sperm/Abnormal_Sperm (403).bmp,0,4,1,1,0.353752,0.641459,0.004789
smids/Abnormal_Sperm/Abnormal_Sperm (421).bmp,0,4,1,1,0.250665,0.747639,0.001696
smids/Abnormal_Sperm/Abnormal_Sperm (429).bmp,0,4,1,1,0.079062,0.835804,0.085133
smids/Abnormal_Sperm/Abnormal_Sperm (43).bmp,0,4,1,1,0.080708,0.908894,0.010398
smids/Abnormal_Sperm/Abnormal_Sperm (469).bmp,0,4,1,1,0.025691,0.958177,0.016132
smids/Abnormal_Sperm/Abnormal_Sperm (477).bmp,0,4,1,1,0.114821,0.862239,0.022939
smids/Abnormal_Sperm/Abnormal_Sperm (478).bmp,0,4,1,1,0.131421,0.438197,0.430382
smids/Abnormal_Sperm/Abnormal_Sperm (485).bmp,0,4,1,1,0.009061,0.989213,0.001726
smids/Abnormal_Sperm/Abnormal_Sperm (486).bmp,0,4,1,2,0.005743,0.407155,0.587102
smids/Abnormal_Sperm/Abnormal_Sperm (487).bmp,0,4,1,0,0.835934,0.158590,0.005476
smids/Abnormal_Sperm/Abnormal_Sperm (490).bmp,0,4,1,1,0.223625,0.771829,0.004546
smids/Abnormal_Sperm/Abnormal_Sperm (493).bmp,0,4,1,1,0.098314,0.884335,0.017351
smids/Abnormal_Sperm/Abnormal_Sperm (496).bmp,0,4,1,1,0.091805,0.895002,0.013193
smids/Abnormal_Sperm/Abnormal_Sperm (497).bmp,0,4,1,2,0.370807,0.149631,0.479562
smids/Abnormal_Sperm/Abnormal_Sperm (500).bmp,0,4,1,2,0.248995,0.248402,0.502604
smids/Abnormal_Sperm/Abnormal_Sperm (506).bmp,0,4,1,1,0.304695,0.675631,0.019674
smids/Abnormal_Sperm/Abnormal_Sperm (508).bmp,0,4,1,2,0.320863,0.097794,0.581343
smids/Abnormal_Sperm/Abnormal_Sperm (510).bmp,0,4,1,1,0.059918,0.854632,0.085449
smids/Abnormal_Sperm/Abnormal_Sperm (511).bmp,0,4,1,1,0.149466,0.478040,0.372494
smids/Abnormal_Sperm/Abnormal_Sperm (518).bmp,0,4,1,1,0.160604,0.834873,0.004524
smids/Abnormal_Sperm/Abnormal_Sperm (521).bmp,0,4,1,1,0.057288,0.935146,0.007566
smids/Abnormal_Sperm/Abnormal_Sperm (522).bmp,0,4,1,1,0.143335,0.582114,0.274551
smids/Abnormal_Sperm/Abnormal_Sperm (525).bmp,0,4,1,1,0.056193,0.825914,0.117892
smids/Abnormal_Sperm/Abnormal_Sperm (532).bmp,0,4,1,1,0.054164,0.843744,0.102092
smids/Abnormal_Sperm/Abnormal_Sperm (548).bmp,0,4,1,1,0.056005,0.913343,0.030652
smids/Abnormal_Sperm/Abnormal_Sperm (549).bmp,0,4,1,0,0.543487,0.258175,0.198338
smids/Abnormal_Sperm/Abnormal_Sperm (55).bmp,0,4,1,1,0.040596,0.842598,0.116806
smids/Abnormal_Sperm/Abnormal_Sperm (554).bmp,0,4,1,2,0.212175,0.243835,0.543990
smids/Abnormal_Sperm/Abnormal_Sperm (555).bmp,0,4,1,1,0.286760,0.487630,0.225610
smids/Abnormal_Sperm/Abnormal_Sperm (558).bmp,0,4,1,1,0.375923,0.476586,0.147491
smids/Abnormal_Sperm/Abnormal_Sperm (568).bmp,0,4,1,1,0.083748,0.879524,0.036729
smids/Abnormal_Sperm/Abnormal_Sperm (577).bmp,0,4,1,1,0.316576,0.643126,0.040298
smids/Abnormal_Sperm/Abnormal_Sperm (578).bmp,0,4,1,0,0.687028,0.295069,0.017903
smids/Abnormal_Sperm/Abnormal_Sperm (601).bmp,0,4,1,1,0.345919,0.357983,0.296098
smids/Abnormal_Sperm/Abnormal_Sperm (605).bmp,0,4,1,1,0.146854,0.475071,0.378075
smids/Abnormal_Sperm/Abnormal_Sperm (606).bmp,0,4,1,0,0.645184,0.322446,0.032370
smids/Abnormal_Sperm/Abnormal_Sperm (611).bmp,0,4,1,0,0.627510,0.340148,0.032342
smids/Abnormal_Sperm/Abnormal_Sperm (613).bmp,0,4,1,1,0.112487,0.876981,0.010532
smids/Abnormal_Sperm/Abnormal_Sperm (617).bmp,0,4,1,0,0.581097,0.401937,0.016967
smids/Abnormal_Sperm/Abnormal_Sperm (619).bmp,0,4,1,0,0.623775,0.342216,0.034009
smids/Abnormal_Sperm/Abnormal_Sperm (623).bmp,0,4,1,1,0.452668,0.540527,0.006805
smids/Abnormal_Sperm/Abnormal_Sperm (630).bmp,0,4,1,1,0.052915,0.484729,0.462357
smids/Abnormal_Sperm/Abnormal_Sperm (631).bmp,0,4,1,0,0.497042,0.486842,0.016116
smids/Abnormal_Sperm/Abnormal_Sperm (633).bmp,0,4,1,1,0.114342,0.692441,0.193217
smids/Abnormal_Sperm/Abnormal_Sperm (635).bmp,0,4,1,1,0.164379,0.819036,0.016586
smids/Abnormal_Sperm/Abnormal_Sperm (638).bmp,0,4,1,1,0.417618,0.521883,0.060499
smids/Abnormal_Sperm/Abnormal_Sperm (642).bmp,0,4,1,0,0.642143,0.354353,0.003504
smids/Abnormal_Sperm/Abnormal_Sperm (652).bmp,0,4,1,1,0.269635,0.729751,0.000614
smids/Abnormal_Sperm/Abnormal_Sperm (669).bmp,0,4,1,1,0.168323,0.458364,0.373312
smids/Abnormal_Sperm/Abnormal_Sperm (673).bmp,0,4,1,1,0.117496,0.819375,0.063129
smids/Abnormal_Sperm/Abnormal_Sperm (680).bmp,0,4,1,1,0.120304,0.841572,0.038124
smids/Abnormal_Sperm/Abnormal_Sperm (681).bmp,0,4,1,1,0.276164,0.721016,0.002820
smids/Abnormal_Sperm/Abnormal_Sperm (688).bmp,0,4,1,1,0.235190,0.582434,0.182376
smids/Abnormal_Sperm/Abnormal_Sperm (698).bmp,0,4,1,1,0.397326,0.589144,0.013530
smids/Abnormal_Sperm/Abnormal_Sperm (699).bmp,0,4,1,1,0.088801,0.907863,0.003335
smids/Abnormal_Sperm/Abnormal_Sperm (7).bmp,0,4,1,0,0.486941,0.463393,0.049666
smids/Abnormal_Sperm/Abnormal_Sperm (701).bmp,0,4,1,1,0.184322,0.757186,0.058492
smids/Abnormal_Sperm/Abnormal_Sperm (702).bmp,0,4,1,1,0.086827,0.906979,0.006194
smids/Abnormal_Sperm/Abnormal_Sperm (709).bmp,0,4,1,1,0.077509,0.905060,0.017431
smids/Abnormal_Sperm/Abnormal_Sperm (71).bmp,0,4,1,1,0.068130,0.493622,0.438248
smids/Abnormal_Sperm/Abnormal_Sperm (711).bmp,0,4,1,1,0.144938,0.750961,0.104101
smids/Abnormal_Sperm/Abnormal_Sperm (716).bmp,0,4,1,1,0.183969,0.810116,0.005915
smids/Abnormal_Sperm/Abnormal_Sperm (72).bmp,0,4,1,1,0.209393,0.615190,0.175416
smids/Abnormal_Sperm/Abnormal_Sperm (721).bmp,0,4,1,1,0.137087,0.704668,0.158245
smids/Abnormal_Sperm/Abnormal_Sperm (722).bmp,0,4,1,1,0.047202,0.940996,0.011802
smids/Abnormal_Sperm/Abnormal_Sperm (730).bmp,0,4,1,1,0.135838,0.796154,0.068007
smids/Abnormal_Sperm/Abnormal_Sperm (731).bmp,0,4,1,0,0.418150,0.336618,0.245232
smids/Abnormal_Sperm/Abnormal_Sperm (739).bmp,0,4,1,1,0.029265,0.960699,0.010036
smids/Abnormal_Sperm/Abnormal_Sperm (741).bmp,0,4,1,1,0.470090,0.523037,0.006874
smids/Abnormal_Sperm/Abnormal_Sperm (745).bmp,0,4,1,1,0.422330,0.574974,0.002696
smids/Abnormal_Sperm/Abnormal_Sperm (747).bmp,0,4,1,0,0.522457,0.299032,0.178510
smids/Abnormal_Sperm/Abnormal_Sperm (751).bmp,0,4,1,1,0.415065,0.573499,0.011435
smids/Abnormal_Sperm/Abnormal_Sperm (755).bmp,0,4,1,0,0.704144,0.277502,0.018353
smids/Abnormal_Sperm/Abnormal_Sperm (757).bmp,0,4,1,1,0.008933,0.989022,0.002045
smids/Abnormal_Sperm/Abnormal_Sperm (758).bmp,0,4,1,1,0.107366,0.889018,0.003616
smids/Abnormal_Sperm/Abnormal_Sperm (759).bmp,0,4,1,1,0.278487,0.707080,0.014433
smids/Abnormal_Sperm/Abnormal_Sperm (773).bmp,0,4,1,1,0.065087,0.921283,0.013630
smids/Abnormal_Sperm/Abnormal_Sperm (774).bmp,0,4,1,0,0.961772,0.026055,0.012173
smids/Abnormal_Sperm/Abnormal_Sperm (778).bmp,0,4,1,1,0.131566,0.769409,0.099025
smids/Abnormal_Sperm/Abnormal_Sperm (79).bmp,0,4,1,1,0.122017,0.757747,0.120236
smids/Abnormal_Sperm/Abnormal_Sperm (791).bmp,0,4,1,1,0.286009,0.641391,0.072600
smids/Abnormal_Sperm/Abnormal_Sperm (798).bmp,0,4,1,1,0.079293,0.914935,0.005772
smids/Abnormal_Sperm/Abnormal_Sperm (800).bmp,0,4,1,1,0.168596,0.824195,0.007209
smids/Abnormal_Sperm/Abnormal_Sperm (809).bmp,0,4,1,1,0.136852,0.851041,0.012107
smids/Abnormal_Sperm/Abnormal_Sperm (814).bmp,0,4,1,0,0.516193,0.482636,0.001171
smids/Abnormal_Sperm/Abnormal_Sperm (817).bmp,0,4,1,1,0.100852,0.898556,0.000592
smids/Abnormal_Sperm/Abnormal_Sperm (820).bmp,0,4,1,0,0.854044,0.144460,0.001496
smids/Abnormal_Sperm/Abnormal_Sperm (826).bmp,0,4,1,1,0.210026,0.785825,0.004149
smids/Abnormal_Sperm/Abnormal_Sperm (833).bmp,0,4,1,1,0.055722,0.943405,0.000873
smids/Abnormal_Sperm/Abnormal_Sperm (836).bmp,0,4,1,0,0.780676,0.215686,0.003638
smids/Abnormal_Sperm/Abnormal_Sperm (838).bmp,0,4,1,0,0.731024,0.264444,0.004532
smids/Abnormal_Sperm/Abnormal_Sperm (841).bmp,0,4,1,1,0.288950,0.690285,0.020765
smids/Abnormal_Sperm/Abnormal_Sperm (849).bmp,0,4,1,0,0.708347,0.270310,0.021344
smids/Abnormal_Sperm/Abnormal_Sperm (850).bmp,0,4,1,1,0.111513,0.864122,0.024365
smids/Abnormal_Sperm/Abnormal_Sperm (851).bmp,0,4,1,0,0.693347,0.288853,0.017800
smids/Abnormal_Sperm/Abnormal_Sperm (860).bmp,0,4,1,0,0.822041,0.172142,0.005817
smids/Abnormal_Sperm/Abnormal_Sperm (867).bmp,0,4,1,0,0.705592,0.187942,0.106466
smids/Abnormal_Sperm/Abnormal_Sperm (868).bmp,0,4,1,1,0.313966,0.606930,0.079104
smids/Abnormal_Sperm/Abnormal_Sperm (875).bmp,0,4,1,1,0.365660,0.625732,0.008608
smids/Abnormal_Sperm/Abnormal_Sperm (881).bmp,0,4,1,1,0.063640,0.935666,0.000694
smids/Abnormal_Sperm/Abnormal_Sperm (886).bmp,0,4,1,1,0.306721,0.666303,0.026976
smids/Abnormal_Sperm/Abnormal_Sperm (887).bmp,0,4,1,0,0.535935,0.445057,0.019007
smids/Abnormal_Sperm/Abnormal_Sperm (893).bmp,0,4,1,1,0.159628,0.830293,0.010079
smids/Abnormal_Sperm/Abnormal_Sperm (898).bmp,0,4,1,1,0.120882,0.878186,0.000932
smids/Abnormal_Sperm/Abnormal_Sperm (90).bmp,0,4,1,0,0.662630,0.314019,0.023351
smids/Abnormal_Sperm/Abnormal_Sperm (91).bmp,0,4,1,1,0.186489,0.808984,0.004527
smids/Abnormal_Sperm/Abnormal_Sperm (917).bmp,0,4,1,2,0.021662,0.042833,0.935505
smids/Abnormal_Sperm/Abnormal_Sperm (918).bmp,0,4,1,1,0.325775,0.566547,0.107678
smids/Abnormal_Sperm/Abnormal_Sperm (924).bmp,0,4,1,1,0.040883,0.641226,0.317891
smids/Abnormal_Sperm/Abnormal_Sperm (93).bmp,0,4,1,1,0.179478,0.794384,0.026138
smids/Abnormal_Sperm/Abnormal_Sperm (934).bmp,0,4,1,0,0.838002,0.105052,0.056946
smids/Abnormal_Sperm/Abnormal_Sperm (95).bmp,0,4,1,1,0.022777,0.912088,0.065135
smids/Abnormal_Sperm/Abnormal_Sperm (953).bmp,0,4,1,1,0.184666,0.814102,0.001232
smids/Abnormal_Sperm/Abnormal_Sperm (954).bmp,0,4,1,1,0.151924,0.844945,0.003131
smids/Abnormal_Sperm/Abnormal_Sperm (956).bmp,0,4,1,1,0.202105,0.773583,0.024312
smids/Abnormal_Sperm/Abnormal_Sperm (958).bmp,0,4,1,1,0.046614,0.856413,0.096973
smids/Abnormal_Sperm/Abnormal_Sperm (961).bmp,0,4,1,1,0.376886,0.611296,0.011818
smids/Abnormal_Sperm/Abnormal_Sperm (965).bmp,0,4,1,0,0.524121,0.388237,0.087642
smids/Abnormal_Sperm/Abnormal_Sperm (971).bmp,0,4,1,1,0.091294,0.887884,0.020822
smids/Abnormal_Sperm/Abnormal_Sperm (980).bmp,0,4,1,1,0.021236,0.833067,0.145697
smids/Abnormal_Sperm/Abnormal_Sperm (981).bmp,0,4,1,1,0.081962,0.912289,0.005749
smids/Abnormal_Sperm/Abnormal_Sperm (990).bmp,0,4,1,1,0.087541,0.902378,0.010081
smids/Abnormal_Sperm/Abnormal_Sperm (999).bmp,0,4,1,1,0.064429,0.862883,0.072688
smids/Non-Sperm/Non-Sperm (105).bmp,0,4,2,2,0.004055,0.001363,0.994582
smids/Non-Sperm/Non-Sperm (117).bmp,0,4,2,2,0.005941,0.002910,0.991148
smids/Non-Sperm/Non-Sperm (12).bmp,0,4,2,2,0.001008,0.016516,0.982475
smids/Non-Sperm/Non-Sperm (127).bmp,0,4,2,2,0.004119,0.017473,0.978408
smids/Non-Sperm/Non-Sperm (133).bmp,0,4,2,2,0.000794,0.004395,0.994811
smids/Non-Sperm/Non-Sperm (135).bmp,0,4,2,2,0.001435,0.000453,0.998113
smids/Non-Sperm/Non-Sperm (137).bmp,0,4,2,2,0.006018,0.013741,0.980241
smids/Non-Sperm/Non-Sperm (138).bmp,0,4,2,2,0.002469,0.001506,0.996026
smids/Non-Sperm/Non-Sperm (152).bmp,0,4,2,2,0.000534,0.002287,0.997180
smids/Non-Sperm/Non-Sperm (153).bmp,0,4,2,2,0.000085,0.003126,0.996788
smids/Non-Sperm/Non-Sperm (157).bmp,0,4,2,2,0.003670,0.003302,0.993028
smids/Non-Sperm/Non-Sperm (161).bmp,0,4,2,0,0.620359,0.365012,0.014629
smids/Non-Sperm/Non-Sperm (174).bmp,0,4,2,2,0.001553,0.001461,0.996985
smids/Non-Sperm/Non-Sperm (177).bmp,0,4,2,2,0.000102,0.004189,0.995709
smids/Non-Sperm/Non-Sperm (180).bmp,0,4,2,2,0.000988,0.000700,0.998312
smids/Non-Sperm/Non-Sperm (181).bmp,0,4,2,2,0.001050,0.003300,0.995651
smids/Non-Sperm/Non-Sperm (185).bmp,0,4,2,2,0.052359,0.132728,0.814913
smids/Non-Sperm/Non-Sperm (187).bmp,0,4,2,2,0.001047,0.001554,0.997399
smids/Non-Sperm/Non-Sperm (190).bmp,0,4,2,2,0.036323,0.015397,0.948280
smids/Non-Sperm/Non-Sperm (194).bmp,0,4,2,2,0.032939,0.021416,0.945645
smids/Non-Sperm/Non-Sperm (20).bmp,0,4,2,2,0.303818,0.075002,0.621180
smids/Non-Sperm/Non-Sperm (205).bmp,0,4,2,2,0.056861,0.101208,0.841930
smids/Non-Sperm/Non-Sperm (213).bmp,0,4,2,2,0.000239,0.000517,0.999245
smids/Non-Sperm/Non-Sperm (222).bmp,0,4,2,2,0.001780,0.000351,0.997869
smids/Non-Sperm/Non-Sperm (226).bmp,0,4,2,2,0.001978,0.002226,0.995797
smids/Non-Sperm/Non-Sperm (23).bmp,0,4,2,1,0.042633,0.859500,0.097867
smids/Non-Sperm/Non-Sperm (235).bmp,0,4,2,2,0.154349,0.014769,0.830881
smids/Non-Sperm/Non-Sperm (241).bmp,0,4,2,2,0.007950,0.002101,0.989949
smids/Non-Sperm/Non-Sperm (248).bmp,0,4,2,2,0.001926,0.001307,0.996768
smids/Non-Sperm/Non-Sperm (250).bmp,0,4,2,2,0.006426,0.005019,0.988555
smids/Non-Sperm/Non-Sperm (256).bmp,0,4,2,2,0.464337,0.013809,0.521854
smids/Non-Sperm/Non-Sperm (267).bmp,0,4,2,2,0.004426,0.008986,0.986588
smids/Non-Sperm/Non-Sperm (269).bmp,0,4,2,2,0.032182,0.003718,0.964099
smids/Non-Sperm/Non-Sperm (284).bmp,0,4,2,2,0.020080,0.001614,0.978306
smids/Non-Sperm/Non-Sperm (286).bmp,0,4,2,2,0.016581,0.005485,0.977934
smids/Non-Sperm/Non-Sperm (290).bmp,0,4,2,2,0.001302,0.002702,0.995996
smids/Non-Sperm/Non-Sperm (293).bmp,0,4,2,2,0.001848,0.000369,0.997784
smids/Non-Sperm/Non-Sperm (294).bmp,0,4,2,2,0.002013,0.000985,0.997001
smids/Non-Sperm/Non-Sperm (297).bmp,0,4,2,2,0.021317,0.024003,0.954681
smids/Non-Sperm/Non-Sperm (3).bmp,0,4,2,1,0.004705,0.697204,0.298091
smids/Non-Sperm/Non-Sperm (303).bmp,0,4,2,2,0.000493,0.000522,0.998985
smids/Non-Sperm/Non-Sperm (307).bmp,0,4,2,2,0.000195,0.000032,0.999773
smids/Non-Sperm/Non-Sperm (309).bmp,0,4,2,2,0.025574,0.003498,0.970928
smids/Non-Sperm/Non-Sperm (312).bmp,0,4,2,2,0.001046,0.000781,0.998173
smids/Non-Sperm/Non-Sperm (33).bmp,0,4,2,1,0.013454,0.906716,0.079830
smids/Non-Sperm/Non-Sperm (338).bmp,0,4,2,2,0.028959,0.408932,0.562108
smids/Non-Sperm/Non-Sperm (347).bmp,0,4,2,2,0.002875,0.001602,0.995523
smids/Non-Sperm/Non-Sperm (350).bmp,0,4,2,2,0.018899,0.065113,0.915988
smids/Non-Sperm/Non-Sperm (354).bmp,0,4,2,2,0.034659,0.007278,0.958063
smids/Non-Sperm/Non-Sperm (36).bmp,0,4,2,1,0.036008,0.961545,0.002447
smids/Non-Sperm/Non-Sperm (363).bmp,0,4,2,2,0.010174,0.077408,0.912418
smids/Non-Sperm/Non-Sperm (379).bmp,0,4,2,2,0.002666,0.005718,0.991617
smids/Non-Sperm/Non-Sperm (384).bmp,0,4,2,2,0.015307,0.144229,0.840463
smids/Non-Sperm/Non-Sperm (386).bmp,0,4,2,1,0.137475,0.495552,0.366974
smids/Non-Sperm/Non-Sperm (389).bmp,0,4,2,2,0.067325,0.003575,0.929100
smids/Non-Sperm/Non-Sperm (393).bmp,0,4,2,2,0.023075,0.025677,0.951248
smids/Non-Sperm/Non-Sperm (400).bmp,0,4,2,2,0.189925,0.204019,0.606057
smids/Non-Sperm/Non-Sperm (404).bmp,0,4,2,2,0.106657,0.015302,0.878041
smids/Non-Sperm/Non-Sperm (413).bmp,0,4,2,2,0.027556,0.065404,0.907040
smids/Non-Sperm/Non-Sperm (42).bmp,0,4,2,2,0.064434,0.066527,0.869039
smids/Non-Sperm/Non-Sperm (420).bmp,0,4,2,0,0.558596,0.013701,0.427703
smids/Non-Sperm/Non-Sperm (423).bmp,0,4,2,2,0.021569,0.004859,0.973572
smids/Non-Sperm/Non-Sperm (425).bmp,0,4,2,1,0.092797,0.757850,0.149353
smids/Non-Sperm/Non-Sperm (430).bmp,0,4,2,2,0.018363,0.001761,0.979876
smids/Non-Sperm/Non-Sperm (435).bmp,0,4,2,2,0.006866,0.012180,0.980954
smids/Non-Sperm/Non-Sperm (437).bmp,0,4,2,2,0.010125,0.010853,0.979022
smids/Non-Sperm/Non-Sperm (444).bmp,0,4,2,2,0.002128,0.000534,0.997338
smids/Non-Sperm/Non-Sperm (445).bmp,0,4,2,2,0.003514,0.001111,0.995375
smids/Non-Sperm/Non-Sperm (446).bmp,0,4,2,2,0.001088,0.000433,0.998479
smids/Non-Sperm/Non-Sperm (447).bmp,0,4,2,2,0.005988,0.001077,0.992935
smids/Non-Sperm/Non-Sperm (455).bmp,0,4,2,2,0.016687,0.174069,0.809244
smids/Non-Sperm/Non-Sperm (457).bmp,0,4,2,2,0.005615,0.017987,0.976398
smids/Non-Sperm/Non-Sperm (46).bmp,0,4,2,1,0.020971,0.749729,0.229299
smids/Non-Sperm/Non-Sperm (460).bmp,0,4,2,2,0.000360,0.000510,0.999129
smids/Non-Sperm/Non-Sperm (461).bmp,0,4,2,2,0.012361,0.007753,0.979886
smids/Non-Sperm/Non-Sperm (462).bmp,0,4,2,2,0.000766,0.005450,0.993784
smids/Non-Sperm/Non-Sperm (469).bmp,0,4,2,2,0.001783,0.016163,0.982054
smids/Non-Sperm/Non-Sperm (47).bmp,0,4,2,1,0.021496,0.719887,0.258616
smids/Non-Sperm/Non-Sperm (478).bmp,0,4,2,2,0.003664,0.021135,0.975201
smids/Non-Sperm/Non-Sperm (496).bmp,0,4,2,2,0.063605,0.020956,0.915438
smids/Non-Sperm/Non-Sperm (498).bmp,0,4,2,2,0.014922,0.005712,0.979366
smids/Non-Sperm/Non-Sperm (499).bmp,0,4,2,2,0.001136,0.000210,0.998654
smids/Non-Sperm/Non-Sperm (5).bmp,0,4,2,2,0.002829,0.168836,0.828335
smids/Non-Sperm/Non-Sperm (501).bmp,0,4,2,2,0.002405,0.002728,0.994867
smids/Non-Sperm/Non-Sperm (508).bmp,0,4,2,2,0.050550,0.008085,0.941365
smids/Non-Sperm/Non-Sperm (509).bmp,0,4,2,2,0.015108,0.089310,0.895582
smids/Non-Sperm/Non-Sperm (511).bmp,0,4,2,2,0.004139,0.031509,0.964353
smids/Non-Sperm/Non-Sperm (516).bmp,0,4,2,2,0.141018,0.283050,0.575931
smids/Non-Sperm/Non-Sperm (518).bmp,0,4,2,2,0.006335,0.001586,0.992078
smids/Non-Sperm/Non-Sperm (522).bmp,0,4,2,2,0.097094,0.113198,0.789708
smids/Non-Sperm/Non-Sperm (53).bmp,0,4,2,2,0.058107,0.310020,0.631873
smids/Non-Sperm/Non-Sperm (533).bmp,0,4,2,2,0.074800,0.035140,0.890060
smids/Non-Sperm/Non-Sperm (54).bmp,0,4,2,1,0.155838,0.543096,0.301067
smids/Non-Sperm/Non-Sperm (541).bmp,0,4,2,2,0.002414,0.000793,0.996793
smids/Non-Sperm/Non-Sperm (544).bmp,0,4,2,2,0.002917,0.002462,0.994621
smids/Non-Sperm/Non-Sperm (547).bmp,0,4,2,2,0.006790,0.024071,0.969139
smids/Non-Sperm/Non-Sperm (563).bmp,0,4,2,2,0.051521,0.057851,0.890629
smids/Non-Sperm/Non-Sperm (571).bmp,0,4,2,1,0.111598,0.768281,0.120121
smids/Non-Sperm/Non-Sperm (572).bmp,0,4,2,2,0.112450,0.218292,0.669258
smids/Non-Sperm/Non-Sperm (574).bmp,0,4,2,2,0.006345,0.081473,0.912182
smids/Non-Sperm/Non-Sperm (575).bmp,0,4,2,2,0.003395,0.037162,0.959442
smids/Non-Sperm/Non-Sperm (576).bmp,0,4,2,1,0.024837,0.640689,0.334474
smids/Non-Sperm/Non-Sperm (581).bmp,0,4,2,2,0.013926,0.005709,0.980365
smids/Non-Sperm/Non-Sperm (588).bmp,0,4,2,2,0.044060,0.015560,0.940380
smids/Non-Sperm/Non-Sperm (59).bmp,0,4,2,1,0.007865,0.979808,0.012327
smids/Non-Sperm/Non-Sperm (591).bmp,0,4,2,2,0.001379,0.000937,0.997684
smids/Non-Sperm/Non-Sperm (593).bmp,0,4,2,2,0.001112,0.060415,0.938473
smids/Non-Sperm/Non-Sperm (597).bmp,0,4,2,2,0.003835,0.001370,0.994795
smids/Non-Sperm/Non-Sperm (6).bmp,0,4,2,1,0.032039,0.777008,0.190953
smids/Non-Sperm/Non-Sperm (60).bmp,0,4,2,1,0.001772,0.994737,0.003491
smids/Non-Sperm/Non-Sperm (603).bmp,0,4,2,2,0.096432,0.289809,0.613759
smids/Non-Sperm/Non-Sperm (607).bmp,0,4,2,2,0.012131,0.082436,0.905434
smids/Non-Sperm/Non-Sperm (61).bmp,0,4,2,1,0.114793,0.873359,0.011848
smids/Non-Sperm/Non-Sperm (611).bmp,0,4,2,2,0.005778,0.021597,0.972624
smids/Non-Sperm/Non-Sperm (612).bmp,0,4,2,2,0.003690,0.001052,0.995258
smids/Non-Sperm/Non-Sperm (62).bmp,0,4,2,1,0.013112,0.549283,0.437605
smids/Non-Sperm/Non-Sperm (621).bmp,0,4,2,2,0.010734,0.001159,0.988107
smids/Non-Sperm/Non-Sperm (633).bmp,0,4,2,2,0.003507,0.003120,0.993373
smids/Non-Sperm/Non-Sperm (634).bmp,0,4,2,2,0.001802,0.002774,0.995423
smids/Non-Sperm/Non-Sperm (644).bmp,0,4,2,2,0.037919,0.025261,0.936819
smids/Non-Sperm/Non-Sperm (650).bmp,0,4,2,2,0.042410,0.342432,0.615158
smids/Non-Sperm/Non-Sperm (657).bmp,0,4,2,2,0.003964,0.004631,0.991405
smids/Non-Sperm/Non-Sperm (66).bmp,0,4,2,2,0.011536,0.321633,0.666830
smids/Non-Sperm/Non-Sperm (660).bmp,0,4,2,2,0.011849,0.471559,0.516592
smids/Non-Sperm/Non-Sperm (663).bmp,0,4,2,2,0.004818,0.020613,0.974569
smids/Non-Sperm/Non-Sperm (664).bmp,0,4,2,2,0.008849,0.032820,0.958331
smids/Non-Sperm/Non-Sperm (678).bmp,0,4,2,2,0.016882,0.010677,0.972441
smids/Non-Sperm/Non-Sperm (681).bmp,0,4,2,2,0.032561,0.012179,0.955260
smids/Non-Sperm/Non-Sperm (683).bmp,0,4,2,2,0.000892,0.003069,0.996039
smids/Non-Sperm/Non-Sperm (685).bmp,0,4,2,2,0.000521,0.006667,0.992812
smids/Non-Sperm/Non-Sperm (69).bmp,0,4,2,1,0.013479,0.551734,0.434787
smids/Non-Sperm/Non-Sperm (693).bmp,0,4,2,2,0.010966,0.045780,0.943254
smids/Non-Sperm/Non-Sperm (7).bmp,0,4,2,2,0.021411,0.443581,0.535009
smids/Non-Sperm/Non-Sperm (701).bmp,0,4,2,2,0.001190,0.001146,0.997664
smids/Non-Sperm/Non-Sperm (707).bmp,0,4,2,2,0.000798,0.000357,0.998845
smids/Non-Sperm/Non-Sperm (720).bmp,0,4,2,2,0.175870,0.020268,0.803862
smids/Non-Sperm/Non-Sperm (724).bmp,0,4,2,2,0.166841,0.120757,0.712402
smids/Non-Sperm/Non-Sperm (728).bmp,0,4,2,2,0.009831,0.009317,0.980853
smids/Non-Sperm/Non-Sperm (729).bmp,0,4,2,2,0.004961,0.002533,0.992506
smids/Non-Sperm/Non-Sperm (73).bmp,0,4,2,1,0.011129,0.813125,0.175745
smids/Non-Sperm/Non-Sperm (736).bmp,0,4,2,2,0.002534,0.004056,0.993410
smids/Non-Sperm/Non-Sperm (746).bmp,0,4,2,2,0.001288,0.000257,0.998455
smids/Non-Sperm/Non-Sperm (754).bmp,0,4,2,2,0.000849,0.000751,0.998400
smids/Non-Sperm/Non-Sperm (756).bmp,0,4,2,2,0.140727,0.062232,0.797041
smids/Non-Sperm/Non-Sperm (757).bmp,0,4,2,1,0.222416,0.518838,0.258746
smids/Non-Sperm/Non-Sperm (758).bmp,0,4,2,2,0.213809,0.043748,0.742443
smids/Non-Sperm/Non-Sperm (760).bmp,0,4,2,2,0.000318,0.004595,0.995087
smids/Non-Sperm/Non-Sperm (762).bmp,0,4,2,2,0.002251,0.001169,0.996580
smids/Non-Sperm/Non-Sperm (764).bmp,0,4,2,2,0.006375,0.020961,0.972664
smids/Non-Sperm/Non-Sperm (776).bmp,0,4,2,2,0.000573,0.000313,0.999114
smids/Non-Sperm/Non-Sperm (777).bmp,0,4,2,2,0.088266,0.003753,0.907980
smids/Non-Sperm/Non-Sperm (801).bmp,0,4,2,2,0.003045,0.001540,0.995416
smids/Non-Sperm/Non-Sperm (804).bmp,0,4,2,2,0.003387,0.001918,0.994695
smids/Non-Sperm/Non-Sperm (809).bmp,0,4,2,2,0.075108,0.002568,0.922325
smids/Non-Sperm/Non-Sperm (811).bmp,0,4,2,2,0.000772,0.000142,0.999087
smids/Non-Sperm/Non-Sperm (819).bmp,0,4,2,0,0.523293,0.077650,0.399057
smids/Non-Sperm/Non-Sperm (822).bmp,0,4,2,2,0.003347,0.030880,0.965773
smids/Non-Sperm/Non-Sperm (83).bmp,0,4,2,2,0.019114,0.003119,0.977768
smids/Non-Sperm/Non-Sperm (834).bmp,0,4,2,0,0.646810,0.295589,0.057600
smids/Non-Sperm/Non-Sperm (836).bmp,0,4,2,1,0.129431,0.473276,0.397293
smids/Non-Sperm/Non-Sperm (840).bmp,0,4,2,2,0.015889,0.428372,0.555740
smids/Non-Sperm/Non-Sperm (844).bmp,0,4,2,1,0.220609,0.405197,0.374194
smids/Non-Sperm/Non-Sperm (845).bmp,0,4,2,0,0.762979,0.075464,0.161557
smids/Non-Sperm/Non-Sperm (847).bmp,0,4,2,2,0.001083,0.000518,0.998399
smids/Non-Sperm/Non-Sperm (852).bmp,0,4,2,2,0.000912,0.000494,0.998594
smids/Non-Sperm/Non-Sperm (856).bmp,0,4,2,1,0.274167,0.409656,0.316177
smids/Non-Sperm/Non-Sperm (859).bmp,0,4,2,2,0.026062,0.022229,0.951709
smids/Non-Sperm/Non-Sperm (86).bmp,0,4,2,2,0.004759,0.117374,0.877866
smids/Non-Sperm/Non-Sperm (863).bmp,0,4,2,2,0.003500,0.004619,0.991881
smids/Non-Sperm/Non-Sperm (864).bmp,0,4,2,2,0.002002,0.301567,0.696431
smids/Non-Sperm/Non-Sperm (866).bmp,0,4,2,2,0.418112,0.144243,0.437645
smids/Non-Sperm/Non-Sperm (870).bmp,0,4,2,2,0.289524,0.281780,0.428696
smids/Non-Sperm/Non-Sperm (881).bmp,0,4,2,2,0.009980,0.005505,0.984515
smids/Non-Sperm/Non-Sperm (884).bmp,0,4,2,2,0.131465,0.106108,0.762426
smids/Non-Sperm/Non-Sperm (886).bmp,0,4,2,2,0.006263,0.008439,0.985298
smids/Non-Sperm/Non-Sperm (888).bmp,0,4,2,2,0.001241,0.000277,0.998482
smids/Non-Sperm/Non-Sperm (892).bmp,0,4,2,2,0.153550,0.078165,0.768285
smids/Non-Sperm/Non-Sperm (898).bmp,0,4,2,1,0.060022,0.699723,0.240255
smids/Non-Sperm/Non-Sperm (902).bmp,0,4,2,0,0.810376,0.092128,0.097496
smids/Non-Sperm/Non-Sperm (904).bmp,0,4,2,1,0.311536,0.462177,0.226287
smids/Non-Sperm/Non-Sperm (915).bmp,0,4,2,2,0.047849,0.159392,0.792759
smids/Non-Sperm/Non-Sperm (916).bmp,0,4,2,2,0.106651,0.239363,0.653985
smids/Non-Sperm/Non-Sperm (924).bmp,0,4,2,2,0.152997,0.033679,0.813325
smids/Non-Sperm/Non-Sperm (937).bmp,0,4,2,2,0.006009,0.111179,0.882812
smids/Non-Sperm/Non-Sperm (943).bmp,0,4,2,2,0.004176,0.001655,0.994169
smids/Non-Sperm/Non-Sperm (948).bmp,0,4,2,1,0.262446,0.415488,0.322066
smids/Non-Sperm/Non-Sperm (95).bmp,0,4,2,2,0.003320,0.001105,0.995575
smids/Non-Sperm/Non-Sperm (959).bmp,0,4,2,2,0.019821,0.118767,0.861412
smids/Non-Sperm/Non-Sperm (960).bmp,0,4,2,1,0.028782,0.823009,0.148209
smids/Non-Sperm/Non-Sperm (962).bmp,0,4,2,1,0.235004,0.431425,0.333571
smids/Non-Sperm/Non-Sperm (963).bmp,0,4,2,2,0.013964,0.143602,0.842435
smids/Non-Sperm/Non-Sperm (964).bmp,0,4,2,2,0.004487,0.056255,0.939258
smids/Non-Sperm/Non-Sperm (965).bmp,0,4,2,2,0.125394,0.276788,0.597817
smids/Non-Sperm/Non-Sperm (972).bmp,0,4,2,2,0.023729,0.099715,0.876556
smids/Normal_Sperm/Normal_Sperm (10).bmp,0,4,0,0,0.554984,0.077515,0.367501
smids/Normal_Sperm/Normal_Sperm (1011).bmp,0,4,0,0,0.685583,0.277885,0.036532
smids/Normal_Sperm/Normal_Sperm (1018).bmp,0,4,0,0,0.802392,0.182853,0.014755
smids/Normal_Sperm/Normal_Sperm (11).bmp,0,4,0,2,0.096340,0.026921,0.876740
smids/Normal_Sperm/Normal_Sperm (114).bmp,0,4,0,1,0.312336,0.645648,0.042016
smids/Normal_Sperm/Normal_Sperm (116).bmp,0,4,0,0,0.603527,0.351076,0.045397
smids/Normal_Sperm/Normal_Sperm (124).bmp,0,4,0,0,0.590057,0.409320,0.000623
smids/Normal_Sperm/Normal_Sperm (126).bmp,0,4,0,0,0.665433,0.332536,0.002031
smids/Normal_Sperm/Normal_Sperm (129).bmp,0,4,0,1,0.447458,0.540721,0.011822
smids/Normal_Sperm/Normal_Sperm (130).bmp,0,4,0,1,0.397636,0.593544,0.008820
smids/Normal_Sperm/Normal_Sperm (145).bmp,0,4,0,1,0.479193,0.509809,0.010998
smids/Normal_Sperm/Normal_Sperm (161).bmp,0,4,0,0,0.533604,0.450308,0.016088
smids/Normal_Sperm/Normal_Sperm (165).bmp,0,4,0,1,0.316706,0.659648,0.023646
smids/Normal_Sperm/Normal_Sperm (167).bmp,0,4,0,0,0.876329,0.112132,0.011539
smids/Normal_Sperm/Normal_Sperm (168).bmp,0,4,0,0,0.690527,0.282704,0.026769
smids/Normal_Sperm/Normal_Sperm (170).bmp,0,4,0,0,0.831470,0.163837,0.004694
smids/Normal_Sperm/Normal_Sperm (174).bmp,0,4,0,0,0.789326,0.196363,0.014312
smids/Normal_Sperm/Normal_Sperm (176).bmp,0,4,0,0,0.873885,0.123864,0.002252
smids/Normal_Sperm/Normal_Sperm (19).bmp,0,4,0,0,0.751028,0.188769,0.060203
smids/Normal_Sperm/Normal_Sperm (212).bmp,0,4,0,0,0.729595,0.232260,0.038145
smids/Normal_Sperm/Normal_Sperm (228).bmp,0,4,0,0,0.990617,0.008937,0.000446
smids/Normal_Sperm/Normal_Sperm (23).bmp,0,4,0,0,0.959880,0.025427,0.014692
smids/Normal_Sperm/Normal_Sperm (233).bmp,0,4,0,0,0.532672,0.461272,0.006056
smids/Normal_Sperm/Normal_Sperm (234).bmp,0,4,0,0,0.824173,0.101035,0.074792
smids/Normal_Sperm/Normal_Sperm (24).bmp,0,4,0,0,0.937741,0.057969,0.004290
smids/Normal_Sperm/Normal_Sperm (240).bmp,0,4,0,0,0.892758,0.076376,0.030866
smids/Normal_Sperm/Normal_Sperm (250).bmp,0,4,0,0,0.906631,0.085838,0.007530
smids/Normal_Sperm/Normal_Sperm (255).bmp,0,4,0,0,0.605087,0.381686,0.013227
smids/Normal_Sperm/Normal_Sperm (260).bmp,0,4,0,0,0.752388,0.238233,0.009379
smids/Normal_Sperm/Normal_Sperm (265).bmp,0,4,0,0,0.766447,0.228278,0.005275
smids/Normal_Sperm/Normal_Sperm (277).bmp,0,4,0,0,0.928403,0.064844,0.006753
smids/Normal_Sperm/Normal_Sperm (28).bmp,0,4,0,0,0.485888,0.122275,0.391837
smids/Normal_Sperm/Normal_Sperm (282).bmp,0,4,0,0,0.635440,0.335279,0.029280
smids/Normal_Sperm/Normal_Sperm (284).bmp,0,4,0,0,0.816288,0.179193,0.004519
smids/Normal_Sperm/Normal_Sperm (285).bmp,0,4,0,0,0.615348,0.235989,0.148663
smids/Normal_Sperm/Normal_Sperm (29).bmp,0,4,0,0,0.948769,0.047241,0.003990
smids/Normal_Sperm/Normal_Sperm (298).bmp,0,4,0,0,0.617947,0.380604,0.001449
smids/Normal_Sperm/Normal_Sperm (3).bmp,0,4,0,0,0.505000,0.484051,0.010950
smids/Normal_Sperm/Normal_Sperm (305).bmp,0,4,0,0,0.816452,0.182316,0.001232
smids/Normal_Sperm/Normal_Sperm (312).bmp,0,4,0,0,0.891111,0.107918,0.000971
smids/Normal_Sperm/Normal_Sperm (319).bmp,0,4,0,0,0.937280,0.061354,0.001366
smids/Normal_Sperm/Normal_Sperm (321).bmp,0,4,0,0,0.720560,0.256158,0.023282
smids/Normal_Sperm/Normal_Sperm (323).bmp,0,4,0,0,0.847604,0.134575,0.017821
smids/Normal_Sperm/Normal_Sperm (334).bmp,0,4,0,0,0.841234,0.114354,0.044412
smids/Normal_Sperm/Normal_Sperm (335).bmp,0,4,0,0,0.525607,0.290725,0.183668
smids/Normal_Sperm/Normal_Sperm (336).bmp,0,4,0,1,0.332383,0.664124,0.003492
smids/Normal_Sperm/Normal_Sperm (342).bmp,0,4,0,0,0.532548,0.200365,0.267086
smids/Normal_Sperm/Normal_Sperm (345).bmp,0,4,0,0,0.706699,0.221510,0.071790
smids/Normal_Sperm/Normal_Sperm (347).bmp,0,4,0,0,0.757898,0.232325,0.009778
smids/Normal_Sperm/Normal_Sperm (348).bmp,0,4,0,0,0.877694,0.111169,0.011138
smids/Normal_Sperm/Normal_Sperm (36).bmp,0,4,0,0,0.652268,0.095080,0.252653
smids/Normal_Sperm/Normal_Sperm (367).bmp,0,4,0,0,0.662441,0.332099,0.005460
smids/Normal_Sperm/Normal_Sperm (381).bmp,0,4,0,1,0.066773,0.829987,0.103240
smids/Normal_Sperm/Normal_Sperm (384).bmp,0,4,0,1,0.184985,0.810851,0.004164
smids/Normal_Sperm/Normal_Sperm (392).bmp,0,4,0,1,0.426849,0.563771,0.009380
smids/Normal_Sperm/Normal_Sperm (397).bmp,0,4,0,0,0.560011,0.277600,0.162389
smids/Normal_Sperm/Normal_Sperm (4).bmp,0,4,0,0,0.607483,0.371596,0.020921
smids/Normal_Sperm/Normal_Sperm (404).bmp,0,4,0,0,0.709273,0.234056,0.056672
smids/Normal_Sperm/Normal_Sperm (407).bmp,0,4,0,0,0.775034,0.080567,0.144399
smids/Normal_Sperm/Normal_Sperm (41).bmp,0,4,0,2,0.483167,0.027801,0.489033
smids/Normal_Sperm/Normal_Sperm (416).bmp,0,4,0,0,0.834584,0.161827,0.003589
smids/Normal_Sperm/Normal_Sperm (424).bmp,0,4,0,0,0.884982,0.113177,0.001840
smids/Normal_Sperm/Normal_Sperm (426).bmp,0,4,0,0,0.857863,0.131915,0.010222
smids/Normal_Sperm/Normal_Sperm (428).bmp,0,4,0,0,0.926211,0.046125,0.027665
smids/Normal_Sperm/Normal_Sperm (432).bmp,0,4,0,0,0.936685,0.062404,0.000910
smids/Normal_Sperm/Normal_Sperm (436).bmp,0,4,0,1,0.430713,0.564223,0.005065
smids/Normal_Sperm/Normal_Sperm (446).bmp,0,4,0,0,0.599856,0.390390,0.009753
smids/Normal_Sperm/Normal_Sperm (447).bmp,0,4,0,0,0.804816,0.182568,0.012617
smids/Normal_Sperm/Normal_Sperm (454).bmp,0,4,0,0,0.654479,0.270229,0.075291
smids/Normal_Sperm/Normal_Sperm (463).bmp,0,4,0,0,0.591791,0.382568,0.025641
smids/Normal_Sperm/Normal_Sperm (467).bmp,0,4,0,0,0.662415,0.318776,0.018809
smids/Normal_Sperm/Normal_Sperm (470).bmp,0,4,0,0,0.539079,0.459040,0.001881
smids/Normal_Sperm/Normal_Sperm (477).bmp,0,4,0,1,0.455542,0.463981,0.080477
smids/Normal_Sperm/Normal_Sperm (480).bmp,0,4,0,0,0.764285,0.234778,0.000937
smids/Normal_Sperm/Normal_Sperm (484).bmp,0,4,0,0,0.584549,0.392754,0.022696
smids/Normal_Sperm/Normal_Sperm (485).bmp,0,4,0,1,0.298370,0.694635,0.006995
smids/Normal_Sperm/Normal_Sperm (49).bmp,0,4,0,1,0.336160,0.634937,0.028903
smids/Normal_Sperm/Normal_Sperm (493).bmp,0,4,0,1,0.287726,0.692754,0.019520
smids/Normal_Sperm/Normal_Sperm (495).bmp,0,4,0,0,0.888304,0.111292,0.000404
smids/Normal_Sperm/Normal_Sperm (503).bmp,0,4,0,0,0.653533,0.346146,0.000321
smids/Normal_Sperm/Normal_Sperm (506).bmp,0,4,0,0,0.946645,0.052591,0.000764
smids/Normal_Sperm/Normal_Sperm (513).bmp,0,4,0,0,0.720644,0.271100,0.008255
smids/Normal_Sperm/Normal_Sperm (517).bmp,0,4,0,0,0.738934,0.259508,0.001558
smids/Normal_Sperm/Normal_Sperm (534).bmp,0,4,0,0,0.491911,0.424824,0.083265
smids/Normal_Sperm/Normal_Sperm (536).bmp,0,4,0,0,0.539636,0.443002,0.017362
smids/Normal_Sperm/Normal_Sperm (538).bmp,0,4,0,0,0.607289,0.353477,0.039234
smids/Normal_Sperm/Normal_Sperm (539).bmp,0,4,0,0,0.732179,0.267601,0.000220
smids/Normal_Sperm/Normal_Sperm (54).bmp,0,4,0,0,0.990799,0.004188,0.005014
smids/Normal_Sperm/Normal_Sperm (541).bmp,0,4,0,0,0.759921,0.225182,0.014897
smids/Normal_Sperm/Normal_Sperm (549).bmp,0,4,0,0,0.775331,0.222981,0.001688
smids/Normal_Sperm/Normal_Sperm (552).bmp,0,4,0,0,0.950951,0.044432,0.004616
smids/Normal_Sperm/Normal_Sperm (554).bmp,0,4,0,0,0.961816,0.033861,0.004324
smids/Normal_Sperm/Normal_Sperm (558).bmp,0,4,0,0,0.623355,0.367810,0.008835
smids/Normal_Sperm/Normal_Sperm (567).bmp,0,4,0,0,0.882235,0.111513,0.006252
smids/Normal_Sperm/Normal_Sperm (569).bmp,0,4,0,0,0.873737,0.124527,0.001736
smids/Normal_Sperm/Normal_Sperm (571).bmp,0,4,0,0,0.841996,0.140993,0.017011
smids/Normal_Sperm/Normal_Sperm (572).bmp,0,4,0,0,0.845208,0.152727,0.002065
smids/Normal_Sperm/Normal_Sperm (574).bmp,0,4,0,0,0.357833,0.323567,0.318601
smids/Normal_Sperm/Normal_Sperm (578).bmp,0,4,0,0,0.947151,0.052000,0.000849
smids/Normal_Sperm/Normal_Sperm (582).bmp,0,4,0,0,0.853805,0.141622,0.004572
smids/Normal_Sperm/Normal_Sperm (584).bmp,0,4,0,0,0.932582,0.062955,0.004463
smids/Normal_Sperm/Normal_Sperm (588).bmp,0,4,0,0,0.986096,0.013288,0.000615
smids/Normal_Sperm/Normal_Sperm (59).bmp,0,4,0,1,0.408403,0.589854,0.001742
smids/Normal_Sperm/Normal_Sperm (592).bmp,0,4,0,0,0.835550,0.159696,0.004754
smids/Normal_Sperm/Normal_Sperm (593).bmp,0,4,0,0,0.936494,0.061236,0.002271
smids/Normal_Sperm/Normal_Sperm (599).bmp,0,4,0,0,0.559373,0.423717,0.016910
smids/Normal_Sperm/Normal_Sperm (600).bmp,0,4,0,0,0.567189,0.403598,0.029213
smids/Normal_Sperm/Normal_Sperm (603).bmp,0,4,0,0,0.671462,0.321929,0.006609
smids/Normal_Sperm/Normal_Sperm (607).bmp,0,4,0,0,0.981744,0.017475,0.000781
smids/Normal_Sperm/Normal_Sperm (616).bmp,0,4,0,0,0.971123,0.028556,0.000321
smids/Normal_Sperm/Normal_Sperm (621).bmp,0,4,0,0,0.889529,0.108887,0.001584
smids/Normal_Sperm/Normal_Sperm (623).bmp,0,4,0,0,0.927612,0.068375,0.004012
smids/Normal_Sperm/Normal_Sperm (625).bmp,0,4,0,0,0.957622,0.039718,0.002659
smids/Normal_Sperm/Normal_Sperm (628).bmp,0,4,0,0,0.873858,0.072718,0.053425
smids/Normal_Sperm/Normal_Sperm (634).bmp,0,4,0,0,0.802182,0.161256,0.036563
smids/Normal_Sperm/Normal_Sperm (641).bmp,0,4,0,0,0.931760,0.067873,0.000367
smids/Normal_Sperm/Normal_Sperm (647).bmp,0,4,0,0,0.913239,0.080762,0.006000
smids/Normal_Sperm/Normal_Sperm (651).bmp,0,4,0,0,0.877659,0.119269,0.003072
smids/Normal_Sperm/Normal_Sperm (652).bmp,0,4,0,1,0.433736,0.563803,0.002461
smids/Normal_Sperm/Normal_Sperm (654).bmp,0,4,0,0,0.708402,0.290118,0.001480
smids/Normal_Sperm/Normal_Sperm (655).bmp,0,4,0,0,0.889359,0.088909,0.021732
smids/Normal_Sperm/Normal_Sperm (66).bmp,0,4,0,1,0.310936,0.685001,0.004063
smids/Normal_Sperm/Normal_Sperm (663).bmp,0,4,0,0,0.782992,0.215925,0.001084
smids/Normal_Sperm/Normal_Sperm (666).bmp,0,4,0,0,0.885509,0.109073,0.005418
smids/Normal_Sperm/Normal_Sperm (671).bmp,0,4,0,0,0.943251,0.056390,0.000359
smids/Normal_Sperm/Normal_Sperm (683).bmp,0,4,0,0,0.886704,0.112998,0.000298
smids/Normal_Sperm/Normal_Sperm (687).bmp,0,4,0,0,0.946661,0.047451,0.005888
smids/Normal_Sperm/Normal_Sperm (689).bmp,0,4,0,0,0.915528,0.083296,0.001176
smids/Normal_Sperm/Normal_Sperm (690).bmp,0,4,0,0,0.927113,0.072666,0.000221
smids/Normal_Sperm/Normal_Sperm (696).bmp,0,4,0,0,0.891586,0.097177,0.011238
smids/Normal_Sperm/Normal_Sperm (698).bmp,0,4,0,0,0.962610,0.036404,0.000986
smids/Normal_Sperm/Normal_Sperm (699).bmp,0,4,0,0,0.908912,0.089633,0.001455
smids/Normal_Sperm/Normal_Sperm (70).bmp,0,4,0,0,0.728171,0.252891,0.018939
smids/Normal_Sperm/Normal_Sperm (700).bmp,0,4,0,1,0.470541,0.511200,0.018259
smids/Normal_Sperm/Normal_Sperm (708).bmp,0,4,0,0,0.870328,0.112774,0.016899
smids/Normal_Sperm/Normal_Sperm (709).bmp,0,4,0,0,0.699631,0.269710,0.030659
smids/Normal_Sperm/Normal_Sperm (71).bmp,0,4,0,0,0.926903,0.072019,0.001078
smids/Normal_Sperm/Normal_Sperm (713).bmp,0,4,0,1,0.304662,0.687575,0.007764
smids/Normal_Sperm/Normal_Sperm (715).bmp,0,4,0,2,0.164794,0.339428,0.495778
smids/Normal_Sperm/Normal_Sperm (723).bmp,0,4,0,0,0.907157,0.091914,0.000929
smids/Normal_Sperm/Normal_Sperm (724).bmp,0,4,0,0,0.749215,0.197607,0.053178
smids/Normal_Sperm/Normal_Sperm (73).bmp,0,4,0,0,0.606790,0.389192,0.004018
smids/Normal_Sperm/Normal_Sperm (733).bmp,0,4,0,0,0.795185,0.198460,0.006354
smids/Normal_Sperm/Normal_Sperm (735).bmp,0,4,0,0,0.871581,0.103448,0.024972
smids/Normal_Sperm/Normal_Sperm (74).bmp,0,4,0,0,0.852026,0.145419,0.002555
smids/Normal_Sperm/Normal_Sperm (742).bmp,0,4,0,0,0.902892,0.096482,0.000626
smids/Normal_Sperm/Normal_Sperm (747).bmp,0,4,0,0,0.883863,0.055562,0.060575
smids/Normal_Sperm/Normal_Sperm (752).bmp,0,4,0,0,0.888351,0.099749,0.011900
smids/Normal_Sperm/Normal_Sperm (758).bmp,0,4,0,0,0.951175,0.048289,0.000536
smids/Normal_Sperm/Normal_Sperm (760).bmp,0,4,0,0,0.945461,0.053335,0.001204
smids/Normal_Sperm/Normal_Sperm (765).bmp,0,4,0,0,0.810516,0.186930,0.002554
smids/Normal_Sperm/Normal_Sperm (769).bmp,0,4,0,0,0.956261,0.028081,0.015658
smids/Normal_Sperm/Normal_Sperm (770).bmp,0,4,0,0,0.924578,0.069000,0.006421
smids/Normal_Sperm/Normal_Sperm (777).bmp,0,4,0,0,0.803515,0.185892,0.010592
smids/Normal_Sperm/Normal_Sperm (779).bmp,0,4,0,0,0.628523,0.338570,0.032906
smids/Normal_Sperm/Normal_Sperm (780).bmp,0,4,0,0,0.732536,0.145398,0.122066
smids/Normal_Sperm/Normal_Sperm (783).bmp,0,4,0,0,0.916042,0.062839,0.021119
smids/Normal_Sperm/Normal_Sperm (784).bmp,0,4,0,0,0.961088,0.037938,0.000974
smids/Normal_Sperm/Normal_Sperm (789).bmp,0,4,0,0,0.973627,0.018043,0.008330
smids/Normal_Sperm/Normal_Sperm (790).bmp,0,4,0,0,0.771924,0.135524,0.092552
smids/Normal_Sperm/Normal_Sperm (794).bmp,0,4,0,0,0.935550,0.043237,0.021213
smids/Normal_Sperm/Normal_Sperm (803).bmp,0,4,0,0,0.756723,0.128156,0.115121
smids/Normal_Sperm/Normal_Sperm (804).bmp,0,4,0,0,0.670333,0.327504,0.002162
smids/Normal_Sperm/Normal_Sperm (807).bmp,0,4,0,0,0.883297,0.035209,0.081494
smids/Normal_Sperm/Normal_Sperm (811).bmp,0,4,0,0,0.948256,0.050077,0.001666
smids/Normal_Sperm/Normal_Sperm (821).bmp,0,4,0,0,0.911614,0.086407,0.001978
smids/Normal_Sperm/Normal_Sperm (826).bmp,0,4,0,1,0.458901,0.531344,0.009755
smids/Normal_Sperm/Normal_Sperm (83).bmp,0,4,0,0,0.834874,0.160278,0.004848
smids/Normal_Sperm/Normal_Sperm (833).bmp,0,4,0,0,0.631161,0.307010,0.061829
smids/Normal_Sperm/Normal_Sperm (85).bmp,0,4,0,0,0.712961,0.268083,0.018956
smids/Normal_Sperm/Normal_Sperm (856).bmp,0,4,0,0,0.962633,0.033569,0.003798
smids/Normal_Sperm/Normal_Sperm (857).bmp,0,4,0,1,0.217872,0.751435,0.030693
smids/Normal_Sperm/Normal_Sperm (859).bmp,0,4,0,0,0.703609,0.296101,0.000290
smids/Normal_Sperm/Normal_Sperm (861).bmp,0,4,0,0,0.975048,0.024528,0.000424
smids/Normal_Sperm/Normal_Sperm (873).bmp,0,4,0,0,0.853163,0.142158,0.004679
smids/Normal_Sperm/Normal_Sperm (876).bmp,0,4,0,0,0.767145,0.232016,0.000839
smids/Normal_Sperm/Normal_Sperm (882).bmp,0,4,0,0,0.776886,0.221996,0.001118
smids/Normal_Sperm/Normal_Sperm (883).bmp,0,4,0,0,0.809345,0.188279,0.002376
smids/Normal_Sperm/Normal_Sperm (892).bmp,0,4,0,1,0.370982,0.612918,0.016100
smids/Normal_Sperm/Normal_Sperm (90).bmp,0,4,0,0,0.872402,0.109109,0.018490
smids/Normal_Sperm/Normal_Sperm (905).bmp,0,4,0,1,0.403303,0.511287,0.085410
smids/Normal_Sperm/Normal_Sperm (909).bmp,0,4,0,0,0.529388,0.470428,0.000185
smids/Normal_Sperm/Normal_Sperm (914).bmp,0,4,0,0,0.823029,0.176499,0.000473
smids/Normal_Sperm/Normal_Sperm (916).bmp,0,4,0,1,0.314532,0.683303,0.002165
smids/Normal_Sperm/Normal_Sperm (92).bmp,0,4,0,0,0.892310,0.077178,0.030513
smids/Normal_Sperm/Normal_Sperm (920).bmp,0,4,0,1,0.255792,0.726008,0.018200
smids/Normal_Sperm/Normal_Sperm (924).bmp,0,4,0,1,0.491823,0.507740,0.000437
smids/Normal_Sperm/Normal_Sperm (931).bmp,0,4,0,0,0.642449,0.355955,0.001596
smids/Normal_Sperm/Normal_Sperm (932).bmp,0,4,0,0,0.737987,0.259968,0.002045
smids/Normal_Sperm/Normal_Sperm (938).bmp,0,4,0,0,0.661092,0.325595,0.013313
smids/Normal_Sperm/Normal_Sperm (94).bmp,0,4,0,0,0.723758,0.262159,0.014083
smids/Normal_Sperm/Normal_Sperm (943).bmp,0,4,0,1,0.368854,0.624517,0.006629
smids/Normal_Sperm/Normal_Sperm (944).bmp,0,4,0,0,0.847442,0.151733,0.000825
smids/Normal_Sperm/Normal_Sperm (950).bmp,0,4,0,1,0.132760,0.860698,0.006542
smids/Normal_Sperm/Normal_Sperm (955).bmp,0,4,0,0,0.500232,0.490319,0.009449
smids/Normal_Sperm/Normal_Sperm (958).bmp,0,4,0,0,0.846092,0.152512,0.001396
smids/Normal_Sperm/Normal_Sperm (96).bmp,0,4,0,0,0.785336,0.089231,0.125433
smids/Normal_Sperm/Normal_Sperm (980).bmp,0,4,0,1,0.337203,0.654113,0.008684
smids/Normal_Sperm/Normal_Sperm (988).bmp,0,4,0,1,0.337241,0.640176,0.022583
smids/Normal_Sperm/Normal_Sperm (993).bmp,0,4,0,0,0.881403,0.100863,0.017734
smids/Normal_Sperm/Normal_Sperm (999).bmp,0,4,0,0,0.791093,0.177214,0.031693
