image_id,repeat,fold,label_idx,pred,prob_0,prob_1,prob_2
smids/Abnormal_Sperm/Abnormal_Sperm (1002).bmp,0,0,1,1,0.117260,0.881543,0.001197
smids/Abnormal_Sperm/Abnormal_Sperm (105).bmp,0,0,1,1,0.334844,0.663234,0.001923
smids/Abnormal_Sperm/Abnormal_Sperm (107).bmp,0,0,1,1,0.079732,0.857595,0.062674
smids/Abnormal_Sperm/Abnormal_Sperm (11).bmp,0,0,1,1,0.041267,0.946760,0.011972
smids/Abnormal_Sperm/Abnormal_Sperm (111).bmp,0,0,1,1,0.174771,0.711736,0.113493
smids/Abnormal_Sperm/Abnormal_Sperm (112).bmp,0,0,1,1,0.176124,0.681270,0.142606
smids/Abnormal_Sperm/Abnormal_Sperm (119).bmp,0,0,1,1,0.012288,0.986417,0.001296
smids/Abnormal_Sperm/Abnormal_Sperm (120).bmp,0,0,1,1,0.100917,0.892863,0.006220
smids/Abnormal_Sperm/Abnormal_Sperm (123).bmp,0,0,1,1,0.034125,0.963780,0.002095
smids/Abnormal_Sperm/Abnormal_Sperm (125).bmp,0,0,1,1,0.030649,0.934322,0.035029
smids/Abnormal_Sperm/Abnormal_Sperm (13).bmp,0,0,1,2,0.033561,0.185471,0.780968
smids/Abnormal_Sperm/Abnormal_Sperm (132).bmp,0,0,1,1,0.249646,0.749109,0.001245
smids/Abnormal_Sperm/Abnormal_Sperm (133).bmp,0,0,1,1,0.207801,0.733782,0.058417
smids/Abnormal_Sperm/Abnormal_Sperm (141).bmp,0,0,1,1,0.013895,0.984770,0.001335
smids/Abnormal_Sperm/Abnormal_Sperm (147).bmp,0,0,1,1,0.024113,0.919508,0.056379
smids/Abnormal_Sperm/Abnormal_Sperm (152).bmp,0,0,1,1,0.010419,0.983835,0.005746
smids/Abnormal_Sperm/Abnormal_Sperm (167).bmp,0,0,1,1,0.176470,0.802399,0.021131
smids/Abnormal_Sperm/Abnormal_Sperm (168).bmp,0,0,1,1,0.196721,0.507105,0.296174
smids/Abnormal_Sperm/Abnormal_Sperm (172).bmp,0,0,1,0,0.763672,0.235888,0.000440
smids/Abnormal_Sperm/Abnormal_Sperm (173).bmp,0,0,1,1,0.006951,0.988792,0.004257
smids/Abnormal_Sperm/Abnormal_Sperm (175).bmp,0,0,1,1,0.032696,0.964103,0.003201
smids/Abnormal_Sperm/Abnormal_Sperm (176).bmp,0,0,1,1,0.227974,0.771700,0.000325
smids/Abnormal_Sperm/Abnormal_Sperm (187).bmp,0,0,1,1,0.408322,0.582768,0.008910
smids/Abnormal_Sperm/Abnormal_Sperm (193).bmp,0,0,1,1,0.329024,0.660401,0.010575
smids/Abnormal_Sperm/Abnormal_Sperm (194).bmp,0,0,1,1,0.092437,0.865223,0.042340
smids/Abnormal_Sperm/Abnormal_Sperm (20).bmp,0,0,1,2,0.000490,0.007809,0.991701
smids/Abnormal_Sperm/Abnormal_Sperm (203).bmp,0,0,1,0,0.849121,0.150652,0.000226
smids/Abnormal_Sperm/Abnormal_Sperm (208).bmp,0,0,1,1,0.260836,0.733263,0.005901
smids/Abnormal_Sperm/Abnormal_Sperm (212).bmp,0,0,1,1,0.425909,0.572959,0.001132
smids/Abnormal_Sperm/Abnormal_Sperm (218).bmp,0,0,1,1,0.347656,0.650822,0.001522
smids/Abnormal_Sperm/Abnormal_Sperm (221).bmp,0,0,1,1,0.010622,0.988154,0.001224
smids/Abnormal_Sperm/Abnormal_Sperm (222).bmp,0,0,1,1,0.041789,0.936360,0.021851
smids/Abnormal_Sperm/Abnormal_Sperm (224).bmp,0,0,1,1,0.056074,0.943772,0.000154
smids/Abnormal_Sperm/Abnormal_Sperm (23).bmp,0,0,1,1,0.263260,0.732905,0.003835
smids/Abnormal_Sperm/Abnormal_Sperm (234).bmp,0,0,1,1,0.000447,0.995390,0.004163
smids/Abnormal_Sperm/Abnormal_Sperm (241).bmp,0,0,1,1,0.110387,0.879811,0.009802
smids/Abnormal_Sperm/Abnormal_Sperm (246).bmp,0,0,1,1,0.082754,0.901746,0.015500
smids/Abnormal_Sperm/Abnormal_Sperm (26).bmp,0,0,1,1,0.056336,0.942337,0.001327
smids/Abnormal_Sperm/Abnormal_Sperm (268).bmp,0,0,1,1,0.056764,0.926077,0.017158
smids/Abnormal_Sperm/Abnormal_Sperm (275).bmp,0,0,1,1,0.009627,0.989353,0.001020
smids/Abnormal_Sperm/Abnormal_Sperm (276).bmp,0,0,1,1,0.028427,0.971478,0.000095
smids/Abnormal_Sperm/Abnormal_Sperm (28).bmp,0,0,1,0,0.708635,0.154761,0.136604
smids/Abnormal_Sperm/Abnormal_Sperm (31).bmp,0,0,1,1,0.024712,0.973321,0.001967
smids/Abnormal_Sperm/Abnormal_Sperm (320).bmp,0,0,1,1,0.009702,0.989709,0.000588
smids/Abnormal_Sperm/Abnormal_Sperm (321).bmp,0,0,1,1,0.088585,0.911261,0.000153
smids/Abnormal_Sperm/Abnormal_Sperm (333).bmp,0,0,1,1,0.235436,0.757248,0.007316
smids/Abnormal_Sperm/Abnormal_Sperm (335).bmp,0,0,1,1,0.291242,0.667861,0.040897
smids/Abnormal_Sperm/Abnormal_Sperm (342).bmp,0,0,1,1,0.028998,0.906560,0.064442
smids/Abnormal_Sperm/Abnormal_Sperm (343).bmp,0,0,1,1,0.099231,0.706523,0.194246
smids/Abnormal_Sperm/Abnormal_Sperm (345).bmp,0,0,1,0,0.550615,0.446308,0.003078
smids/Abnormal_Sperm/Abnormal_Sperm (35).bmp,0,0,1,1,0.051271,0.923570,0.025159
smids/Abnormal_Sperm/Abnormal_Sperm (351).bmp,0,0,1,1,0.113351,0.877007,0.009642
smids/Abnormal_Sperm/Abnormal_Sperm (356).bmp,0,0,1,1,0.019256,0.974412,0.006332
smids/Abnormal_Sperm/Abnormal_Sperm (359).bmp,0,0,1,1,0.027902,0.938294,0.033804
smids/Abnormal_Sperm/Abnormal_Sperm (361).bmp,0,0,1,1,0.368832,0.621324,0.009844
smids/Abnormal_Sperm/Abnormal_Sperm (365).bmp,0,0,1,1,0.036427,0.957087,0.006486
smids/Abnormal_Sperm/Abnormal_Sperm (371).bmp,0,0,1,1,0.163985,0.832386,0.003629
smids/Abnormal_Sperm/Abnormal_Sperm (373).bmp,0,0,1,1,0.104710,0.892680,0.002611
smids/Abnormal_Sperm/Abnormal_Sperm (378).bmp,0,0,1,0,0.636156,0.359961,0.003883
smids/Abnormal_Sperm/Abnormal_Sperm (380).bmp,0,0,1,1,0.001638,0.993124,0.005238
smids/Abnormal_Sperm/Abnormal_Sperm (388).bmp,0,0,1,1,0.001082,0.955627,0.043291
smids/Abnormal_Sperm/Abnormal_Sperm (394).bmp,0,0,1,1,0.005542,0.967480,0.026978
smids/Abnormal_Sperm/Abnormal_Sperm (406).bmp,0,0,1,1,0.304496,0.666054,0.029450
smids/Abnormal_Sperm/Abnormal_Sperm (407).bmp,0,0,1,0,0.739070,0.258777,0.002153
smids/Abnormal_Sperm/Abnormal_Sperm (42).bmp,0,0,1,0,0.858067,0.141451,0.000482
smids/Abnormal_Sperm/Abnormal_Sperm (422).bmp,0,0,1,1,0.030337,0.895817,0.073846
smids/Abnormal_Sperm/Abnormal_Sperm (424).bmp,0,0,1,2,0.004016,0.283787,0.712198
smids/Abnormal_Sperm/Abnormal_Sperm (427).bmp,0,0,1,1,0.123198,0.666775,0.210027
smids/Abnormal_Sperm/Abnormal_Sperm (430).bmp,0,0,1,1,0.026391,0.972771,0.000838
smids/Abnormal_Sperm/Abnormal_Sperm (438).bmp,0,0,1,1,0.041483,0.939047,0.019469
smids/Abnormal_Sperm/Abnormal_Sperm (440).bmp,0,0,1,1,0.070997,0.920807,0.008195
smids/Abnormal_Sperm/Abnormal_Sperm (441).bmp,0,0,1,1,0.035067,0.955656,0.009277
smids/Abnormal_Sperm/Abnormal_Sperm (444).bmp,0,0,1,1,0.101216,0.898714,0.000070
smids/Abnormal_Sperm/Abnormal_Sperm (452).bmp,0,0,1,1,0.025855,0.943833,0.030312
smids/Abnormal_Sperm/Abnormal_Sperm (454).bmp,0,0,1,1,0.013958,0.983618,0.002424
smids/Abnormal_Sperm/Abnormal_Sperm (457).bmp,0,0,1,1,0.036791,0.961745,0.001464
smids/Abnormal_Sperm/Abnormal_Sperm (464).bmp,0,0,1,1,0.057290,0.942121,0.000588
smids/Abnormal_Sperm/Abnormal_Sperm (467).bmp,0,0,1,1,0.003133,0.939032,0.057835
smids/Abnormal_Sperm/Abnormal_Sperm (468).bmp,0,0,1,1,0.017788,0.713672,0.268540
smids/Abnormal_Sperm/Abnormal_Sperm (470).bmp,0,0,1,1,0.014401,0.982664,0.002935
smids/Abnormal_Sperm/Abnormal_Sperm (471).bmp,0,0,1,1,0.003697,0.996184,0.000119
smids/Abnormal_Sperm/Abnormal_Sperm (476).bmp,0,0,1,1,0.319223,0.672107,0.008671
smids/Abnormal_Sperm/Abnormal_Sperm (479).bmp,0,0,1,2,0.103710,0.185455,0.710835
smids/Abnormal_Sperm/Abnormal_Sperm (48).bmp,0,0,1,2,0.025072,0.357482,0.617446
smids/Abnormal_Sperm/Abnormal_Sperm (481).bmp,0,0,1,2,0.017191,0.431152,0.551656
smids/Abnormal_Sperm/Abnormal_Sperm (482).bmp,0,0,1,1,0.093830,0.687518,0.218652
smids/Abnormal_Sperm/Abnormal_Sperm (484).bmp,0,0,1,1,0.012753,0.983342,0.003905
smids/Abnormal_Sperm/Abnormal_Sperm (488).bmp,0,0,1,2,0.002822,0.044237,0.952941
smids/Abnormal_Sperm/Abnormal_Sperm (501).bmp,0,0,1,0,0.553527,0.189007,0.257465
smids/Abnormal_Sperm/Abnormal_Sperm (512).bmp,0,0,1,1,0.290936,0.551971,0.157092
smids/Abnormal_Sperm/Abnormal_Sperm (513).bmp,0,0,1,1,0.232393,0.737820,0.029787
smids/Abnormal_Sperm/Abnormal_Sperm (514).bmp,0,0,1,1,0.301253,0.676215,0.022532
smids/Abnormal_Sperm/Abnormal_Sperm (527).bmp,0,0,1,1,0.183285,0.760252,0.056462
smids/Abnormal_Sperm/Abnormal_Sperm (53).bmp,0,0,1,1,0.235622,0.643059,0.121319
smids/Abnormal_Sperm/Abnormal_Sperm (530).bmp,0,0,1,1,0.073361,0.908725,0.017914
smids/Abnormal_Sperm/Abnormal_Sperm (533).bmp,0,0,1,0,0.663612,0.336172,0.000216
smids/Abnormal_Sperm/Abnormal_Sperm (538).bmp,0,0,1,1,0.085640,0.774139,0.140221
smids/Abnormal_Sperm/Abnormal_Sperm (546).bmp,0,0,1,1,0.254149,0.745086,0.000765
smids/Abnormal_Sperm/Abnormal_Sperm (557).bmp,0,0,1,0,0.913177,0.048833,0.037990
smids/Abnormal_Sperm/Abnormal_Sperm (562).bmp,0,0,1,2,0.151238,0.269268,0.579493
smids/Abnormal_Sperm/Abnormal_Sperm (565).bmp,0,0,1,0,0.687146,0.276276,0.036578
smids/Abnormal_Sperm/Abnormal_Sperm (569).bmp,0,0,1,1,0.184907,0.449719,0.365374
smids/Abnormal_Sperm/Abnormal_Sperm (581).bmp,0,0,1,0,0.652541,0.258297,0.089162
smids/Abnormal_Sperm/Abnormal_Sperm (585).bmp,0,0,1,0,0.375269,0.303141,0.321591
smids/Abnormal_Sperm/Abnormal_Sperm (591).bmp,0,0,1,2,0.032995,0.120083,0.846922
smids/Abnormal_Sperm/Abnormal_Sperm (593).bmp,0,0,1,1,0.324705,0.668761,0.006534
smids/Abnormal_Sperm/Abnormal_Sperm (597).bmp,0,0,1,1,0.130210,0.522392,0.347397
smids/Abnormal_Sperm/Abnormal_Sperm (598).bmp,0,0,1,1,0.120970,0.877905,0.001125
smids/Abnormal_Sperm/Abnormal_Sperm (599).bmp,0,0,1,1,0.432114,0.481713,0.086173
smids/Abnormal_Sperm/Abnormal_Sperm (600).bmp,0,0,1,0,0.963978,0.029341,0.006681
smids/Abnormal_Sperm/Abnormal_Sperm (603).bmp,0,0,1,0,0.581570,0.405125,0.013305
smids/Abnormal_Sperm/Abnormal_Sperm (609).bmp,0,0,1,1,0.344149,0.645668,0.010183
smids/Abnormal_Sperm/Abnormal_Sperm (610).bmp,0,0,1,1,0.327291,0.667586,0.005124
smids/Abnormal_Sperm/Abnormal_Sperm (618).bmp,0,0,1,1,0.319633,0.672107,0.008259
smids/Abnormal_Sperm/Abnormal_Sperm (620).bmp,0,0,1,1,0.092259,0.674424,0.233317
smids/Abnormal_Sperm/Abnormal_Sperm (624).bmp,0,0,1,1,0.005487,0.989822,0.004691
smids/Abnormal_Sperm/Abnormal_Sperm (627).bmp,0,0,1,2,0.011788,0.055263,0.932949
smids/Abnormal_Sperm/Abnormal_Sperm (634).bmp,0,0,1,1,0.327831,0.618382,0.053787
smids/Abnormal_Sperm/Abnormal_Sperm (639).bmp,0,0,1,1,0.014829,0.947613,0.037558
smids/Abnormal_Sperm/Abnormal_Sperm (645).bmp,0,0,1,1,0.043244,0.926757,0.029999
smids/Abnormal_Sperm/Abnormal_Sperm (647).bmp,0,0,1,0,0.638965,0.303148,0.057887
smids/Abnormal_Sperm/Abnormal_Sperm (648).bmp,0,0,1,1,0.182373,0.662395,0.155232
smids/Abnormal_Sperm/Abnormal_Sperm (655).bmp,0,0,1,1,0.170974,0.826687,0.002340
smids/Abnormal_Sperm/Abnormal_Sperm (662).bmp,0,0,1,1,0.045942,0.732319,0.221739
smids/Abnormal_Sperm/Abnormal_Sperm (666).bmp,0,0,1,1,0.135972,0.506317,0.357710
smids/Abnormal_Sperm/Abnormal_Sperm (670).bmp,0,0,1,0,0.752732,0.199443,0.047825
smids/Abnormal_Sperm/Abnormal_Sperm (679).bmp,0,0,1,1,0.100743,0.825089,0.074168
smids/Abnormal_Sperm/Abnormal_Sperm (684).bmp,0,0,1,1,0.240466,0.685343,0.074191
smids/Abnormal_Sperm/Abnormal_Sperm (685).bmp,0,0,1,1,0.203276,0.694470,0.102255
smids/Abnormal_Sperm/Abnormal_Sperm (686).bmp,0,0,1,1,0.376829,0.604578,0.018592
smids/Abnormal_Sperm/Abnormal_Sperm (69).bmp,0,0,1,1,0.078360,0.921084,0.000556
smids/Abnormal_Sperm/Abnormal_Sperm (693).bmp,0,0,1,1,0.390017,0.422788,0.187194
smids/Abnormal_Sperm/Abnormal_Sperm (696).bmp,0,0,1,1,0.166284,0.765753,0.067963
smids/Abnormal_Sperm/Abnormal_Sperm (705).bmp,0,0,1,1,0.247787,0.716044,0.036170
smids/Abnormal_Sperm/Abnormal_Sperm (707).bmp,0,0,1,1,0.104781,0.878369,0.016850
smids/Abnormal_Sperm/Abnormal_Sperm (713).bmp,0,0,1,1,0.313780,0.683594,0.002626
smids/Abnormal_Sperm/Abnormal_Sperm (715).bmp,0,0,1,0,0.546936,0.422973,0.030091
smids/Abnormal_Sperm/Abnormal_Sperm (720).bmp,0,0,1,1,0.437353,0.482699,0.079948
smids/Abnormal_Sperm/Abnormal_Sperm (738).bmp,0,0,1,1,0.030267,0.962264,0.007469
smids/Abnormal_Sperm/Abnormal_Sperm (740).bmp,0,0,1,1,0.082156,0.917014,0.000830
smids/Abnormal_Sperm/Abnormal_Sperm (752).bmp,0,0,1,1,0.034007,0.953396,0.012597
smids/Abnormal_Sperm/Abnormal_Sperm (756).bmp,0,0,1,1,0.092566,0.879217,0.028217
smids/Abnormal_Sperm/Abnormal_Sperm (777).bmp,0,0,1,1,0.459430,0.540355,0.000214
smids/Abnormal_Sperm/Abnormal_Sperm (780).bmp,0,0,1,1,0.312808,0.436001,0.251191
smids/Abnormal_Sperm/Abnormal_Sperm (787).bmp,0,0,1,0,0.826905,0.164787,0.008308
smids/Abnormal_Sperm/Abnormal_Sperm (790).bmp,0,0,1,1,0.054690,0.943726,0.001584
smids/Abnormal_Sperm/Abnormal_Sperm (797).bmp,0,0,1,0,0.638559,0.348810,0.012631
smids/Abnormal_Sperm/Abnormal_Sperm (80).bmp,0,0,1,1,0.011957,0.960246,0.027797
smids/Abnormal_Sperm/Abnormal_Sperm (805).bmp,0,0,1,1,0.167432,0.771513,0.061055
smids/Abnormal_Sperm/Abnormal_Sperm (811).bmp,0,0,1,1,0.441794,0.547580,0.010627
smids/Abnormal_Sperm/Abnormal_Sperm (816).bmp,0,0,1,1,0.392999,0.588015,0.018986
smids/Abnormal_Sperm/Abnormal_Sperm (819).bmp,0,0,1,1,0.048254,0.948382,0.003364
smids/Abnormal_Sperm/Abnormal_Sperm (822).bmp,0,0,1,0,0.553033,0.366823,0.080144
smids/Abnormal_Sperm/Abnormal_Sperm (828).bmp,0,0,1,1,0.027537,0.958502,0.013962
smids/Abnormal_Sperm/Abnormal_Sperm (83).bmp,0,0,1,1,0.310485,0.665643,0.023872
smids/Abnormal_Sperm/Abnormal_Sperm (832).bmp,0,0,1,1,0.269579,0.727811,0.002610
smids/Abnormal_Sperm/Abnormal_Sperm (837).bmp,0,0,1,0,0.846972,0.136456,0.016573
smids/Abnormal_Sperm/Abnormal_Sperm (842).bmp,0,0,1,1,0.205002,0.794825,0.000172
smids/Abnormal_Sperm/Abnormal_Sperm (844).bmp,0,0,1,1,0.090832,0.895373,0.013796
smids/Abnormal_Sperm/Abnormal_Sperm (848).bmp,0,0,1,0,0.627611,0.369549,0.002840
smids/Abnormal_Sperm/Abnormal_Sperm (853).bmp,0,0,1,1,0.287468,0.683904,0.028629
smids/Abnormal_Sperm/Abnormal_Sperm (854).bmp,0,0,1,0,0.790921,0.207885,0.001194
smids/Abnormal_Sperm/Abnormal_Sperm (857).bmp,0,0,1,1,0.183702,0.798829,0.017469
smids/Abnormal_Sperm/Abnormal_Sperm (863).bmp,0,0,1,1,0.032241,0.967299,0.000460
smids/Abnormal_Sperm/Abnormal_Sperm (869).bmp,0,0,1,1,0.405651,0.592485,0.001864
smids/Abnormal_Sperm/Abnormal_Sperm (878).bmp,0,0,1,0,0.613625,0.386192,0.000183
smids/Abnormal_Sperm/Abnormal_Sperm (889).bmp,0,0,1,1,0.115484,0.880119,0.004397
smids/Abnormal_Sperm/Abnormal_Sperm (892).bmp,0,0,1,0,0.819201,0.179769,0.001030
smids/Abnormal_Sperm/Abnormal_Sperm (895).bmp,0,0,1,1,0.390665,0.609172,0.000163
smids/Abnormal_Sperm/Abnormal_Sperm (900).bmp,0,0,1,0,0.589130,0.400093,0.010777
smids/Abnormal_Sperm/Abnormal_Sperm (901).bmp,0,0,1,1,0.037269,0.961242,0.001489
smids/Abnormal_Sperm/Abnormal_Sperm (903).bmp,0,0,1,0,0.930973,0.061778,0.007249
smids/Abnormal_Sperm/Abnormal_Sperm (907).bmp,0,0,1,0,0.546195,0.283321,0.170484
smids/Abnormal_Sperm/Abnormal_Sperm (908).bmp,0,0,1,1,0.063646,0.931661,0.004694
smids/Abnormal_Sperm/Abnormal_Sperm (909).bmp,0,0,1,1,0.154681,0.842963,0.002356
smids/Abnormal_Sperm/Abnormal_Sperm (911).bmp,0,0,1,0,0.743138,0.256128,0.000733
smids/Abnormal_Sperm/Abnormal_Sperm (919).bmp,0,0,1,0,0.731783,0.154409,0.113808
smids/Abnormal_Sperm/Abnormal_Sperm (920).bmp,0,0,1,1,0.356207,0.588413,0.055380
smids/Abnormal_Sperm/Abnormal_Sperm (925).bmp,0,0,1,0,0.676275,0.321048,0.002676
smids/Abnormal_Sperm/Abnormal_Sperm (930).bmp,0,0,1,2,0.270115,0.140935,0.588950
smids/Abnormal_Sperm/Abnormal_Sperm (931).bmp,0,0,1,0,0.967884,0.027172,0.004945
smids/Abnormal_Sperm/Abnormal_Sperm (944).bmp,0,0,1,1,0.404708,0.592239,0.003053
smids/Abnormal_Sperm/Abnormal_Sperm (945).bmp,0,0,1,1,0.073264,0.917728,0.009007
smids/Abnormal_Sperm/Abnormal_Sperm (948).bmp,0,0,1,1,0.169996,0.817185,0.012819
smids/Abnormal_Sperm/Abnormal_Sperm (955).bmp,0,0,1,1,0.120814,0.878476,0.000710
smids/Abnormal_Sperm/Abnormal_Sperm (957).bmp,0,0,1,2,0.020113,0.047349,0.932537
smids/Abnormal_Sperm/Abnormal_Sperm (962).bmp,0,0,1,1,0.006145,0.863407,0.130448
smids/Abnormal_Sperm/Abnormal_Sperm (967).bmp,0,0,1,1,0.030312,0.954026,0.015663
smids/Abnormal_Sperm/Abnormal_Sperm (974).bmp,0,0,1,1,0.034078,0.949947,0.015975
smids/Abnormal_Sperm/Abnormal_Sperm (975).bmp,0,0,1,1,0.011914,0.981410,0.006676
smids/Abnormal_Sperm/Abnormal_Sperm (976).bmp,0,0,1,1,0.008938,0.780322,0.210740
smids/Abnormal_Sperm/Abnormal_Sperm (982).bmp,0,0,1,1,0.184989,0.811777,0.003234
smids/Abnormal_Sperm/Abnormal_Sperm (989).bmp,0,0,1,1,0.025711,0.954123,0.020166
smids/Abnormal_Sperm/Abnormal_Sperm (99).bmp,0,0,1,1,0.018993,0.977744,0.003263
smids/Abnormal_Sperm/Abnormal_Sperm (994).bmp,0,0,1,1,0.045250,0.953023,0.001728
smids/Non-Sperm/Non-Sperm (106).bmp,0,0,2,2,0.002305,0.001369,0.996327
smids/Non-Sperm/Non-Sperm (113).bmp,0,0,2,2,0.003378,0.003101,0.993521
smids/Non-Sperm/Non-Sperm (116).bmp,0,0,2,2,0.000511,0.000191,0.999298
smids/Non-Sperm/Non-Sperm (120).bmp,0,0,2,2,0.003801,0.001657,0.994542
smids/Non-Sperm/Non-Sperm (128).bmp,0,0,2,2,0.000297,0.000430,0.999272
smids/Non-Sperm/Non-Sperm (131).bmp,0,0,2,2,0.000341,0.000184,0.999474
smids/Non-Sperm/Non-Sperm (132).bmp,0,0,2,2,0.000465,0.000298,0.999237
smids/Non-Sperm/Non-Sperm (139).bmp,0,0,2,2,0.003860,0.010330,0.985810
smids/Non-Sperm/Non-Sperm (145).bmp,0,0,2,2,0.003809,0.005025,0.991166
smids/Non-Sperm/Non-Sperm (148).bmp,0,0,2,2,0.001930,0.000688,0.997382
smids/Non-Sperm/Non-Sperm (149).bmp,0,0,2,2,0.000373,0.000223,0.999404
smids/Non-Sperm/Non-Sperm (154).bmp,0,0,2,2,0.000953,0.001071,0.997976
smids/Non-Sperm/Non-Sperm (155).bmp,0,0,2,2,0.000295,0.000121,0.999584
smids/Non-Sperm/Non-Sperm (162).bmp,0,0,2,2,0.001259,0.000336,0.998404
smids/Non-Sperm/Non-Sperm (163).bmp,0,0,2,1,0.051929,0.554939,0.393131
smids/Non-Sperm/Non-Sperm (175).bmp,0,0,2,2,0.003157,0.001871,0.994972
smids/Non-Sperm/Non-Sperm (176).bmp,0,0,2,2,0.002421,0.080048,0.917531
smids/Non-Sperm/Non-Sperm (178).bmp,0,0,2,2,0.001852,0.003671,0.994478
smids/Non-Sperm/Non-Sperm (195).bmp,0,0,2,0,0.526307,0.400229,0.073464
smids/Non-Sperm/Non-Sperm (197).bmp,0,0,2,2,0.060797,0.325485,0.613718
smids/Non-Sperm/Non-Sperm (203).bmp,0,0,2,2,0.001463,0.000732,0.997805
smids/Non-Sperm/Non-Sperm (209).bmp,0,0,2,2,0.001404,0.000238,0.998358
smids/Non-Sperm/Non-Sperm (217).bmp,0,0,2,2,0.018644,0.004062,0.977294
smids/Non-Sperm/Non-Sperm (220).bmp,0,0,2,2,0.001268,0.001447,0.997285
smids/Non-Sperm/Non-Sperm (224).bmp,0,0,2,2,0.005723,0.003981,0.990296
smids/Non-Sperm/Non-Sperm (231).bmp,0,0,2,2,0.001063,0.000882,0.998055
smids/Non-Sperm/Non-Sperm (232).bmp,0,0,2,2,0.010636,0.009680,0.979684
smids/Non-Sperm/Non-Sperm (236).bmp,0,0,2,2,0.000192,0.001909,0.997899
smids/Non-Sperm/Non-Sperm (246).bmp,0,0,2,2,0.007046,0.001378,0.991575
smids/Non-Sperm/Non-Sperm (251).bmp,0,0,2,2,0.003653,0.015748,0.980600
smids/Non-Sperm/Non-Sperm (257).bmp,0,0,2,2,0.001589,0.001023,0.997387
smids/Non-Sperm/Non-Sperm (262).bmp,0,0,2,2,0.001705,0.000553,0.997742
smids/Non-Sperm/Non-Sperm (271).bmp,0,0,2,2,0.001767,0.000434,0.997799
smids/Non-Sperm/Non-Sperm (273).bmp,0,0,2,2,0.001878,0.000235,0.997887
smids/Non-Sperm/Non-Sperm (278).bmp,0,0,2,2,0.000251,0.000287,0.999461
smids/Non-Sperm/Non-Sperm (281).bmp,0,0,2,2,0.005316,0.002313,0.992371
smids/Non-Sperm/Non-Sperm (283).bmp,0,0,2,2,0.054030,0.021344,0.924626
smids/Non-Sperm/Non-Sperm (292).bmp,0,0,2,2,0.000509,0.000250,0.999241
smids/Non-Sperm/Non-Sperm (295).bmp,0,0,2,2,0.001940,0.001160,0.996900
smids/Non-Sperm/Non-Sperm (302).bmp,0,0,2,2,0.002284,0.000585,0.997131
smids/Non-Sperm/Non-Sperm (308).bmp,0,0,2,2,0.001477,0.000208,0.998315
smids/Non-Sperm/Non-Sperm (317).bmp,0,0,2,2,0.000370,0.000256,0.999374
smids/Non-Sperm/Non-Sperm (319).bmp,0,0,2,2,0.003364,0.000322,0.996314
smids/Non-Sperm/Non-Sperm (324).bmp,0,0,2,2,0.214907,0.014095,0.770999
smids/Non-Sperm/Non-Sperm (329).bmp,0,0,2,2,0.001218,0.000915,0.997866
smids/Non-Sperm/Non-Sperm (337).bmp,0,0,2,2,0.004050,0.002085,0.993865
smids/Non-Sperm/Non-Sperm (343).bmp,0,0,2,2,0.001075,0.000491,0.998433
smids/Non-Sperm/Non-Sperm (348).bmp,0,0,2,2,0.006948,0.015232,0.977820
smids/Non-Sperm/Non-Sperm (351).bmp,0,0,2,2,0.024254,0.017224,0.958522
smids/Non-Sperm/Non-Sperm (352).bmp,0,0,2,2,0.000564,0.000521,0.998915
smids/Non-Sperm/Non-Sperm (356).bmp,0,0,2,2,0.000142,0.000786,0.999072
smids/Non-Sperm/Non-Sperm (365).bmp,0,0,2,2,0.009496,0.002581,0.987923
smids/Non-Sperm/Non-Sperm (368).bmp,0,0,2,2,0.000345,0.122598,0.877057
smids/Non-Sperm/Non-Sperm (372).bmp,0,0,2,2,0.000387,0.000352,0.999261
smids/Non-Sperm/Non-Sperm (383).bmp,0,0,2,2,0.023951,0.469193,0.506856
smids/Non-Sperm/Non-Sperm (388).bmp,0,0,2,2,0.027382,0.146862,0.825756
smids/Non-Sperm/Non-Sperm (392).bmp,0,0,2,2,0.050712,0.125740,0.823548
smids/Non-Sperm/Non-Sperm (394).bmp,0,0,2,2,0.022723,0.037591,0.939686
smids/Non-Sperm/Non-Sperm (397).bmp,0,0,2,2,0.043032,0.017777,0.939192
smids/Non-Sperm/Non-Sperm (402).bmp,0,0,2,2,0.030289,0.060707,0.909004
smids/Non-Sperm/Non-Sperm (406).bmp,0,0,2,2,0.066082,0.052072,0.881846
smids/Non-Sperm/Non-Sperm (416).bmp,0,0,2,2,0.138892,0.238195,0.622912
smids/Non-Sperm/Non-Sperm (417).bmp,0,0,2,2,0.048007,0.069688,0.882305
smids/Non-Sperm/Non-Sperm (419).bmp,0,0,2,2,0.002068,0.004019,0.993912
smids/Non-Sperm/Non-Sperm (427).bmp,0,0,2,2,0.004955,0.008108,0.986937
smids/Non-Sperm/Non-Sperm (431).bmp,0,0,2,2,0.033778,0.029770,0.936452
smids/Non-Sperm/Non-Sperm (44).bmp,0,0,2,2,0.000057,0.005472,0.994471
smids/Non-Sperm/Non-Sperm (443).bmp,0,0,2,2,0.000411,0.000844,0.998745
smids/Non-Sperm/Non-Sperm (451).bmp,0,0,2,1,0.047645,0.499439,0.452915
smids/Non-Sperm/Non-Sperm (458).bmp,0,0,2,2,0.002862,0.008676,0.988462
smids/Non-Sperm/Non-Sperm (471).bmp,0,0,2,2,0.000083,0.000344,0.999573
smids/Non-Sperm/Non-Sperm (476).bmp,0,0,2,2,0.000114,0.000112,0.999774
smids/Non-Sperm/Non-Sperm (483).bmp,0,0,2,2,0.001458,0.001957,0.996585
smids/Non-Sperm/Non-Sperm (488).bmp,0,0,2,0,0.458231,0.267315,0.274454
smids/Non-Sperm/Non-Sperm (49).bmp,0,0,2,2,0.008816,0.326555,0.664630
smids/Non-Sperm/Non-Sperm (490).bmp,0,0,2,2,0.001453,0.010532,0.988015
smids/Non-Sperm/Non-Sperm (492).bmp,0,0,2,2,0.013824,0.009376,0.976800
smids/Non-Sperm/Non-Sperm (494).bmp,0,0,2,2,0.000916,0.013868,0.985216
smids/Non-Sperm/Non-Sperm (505).bmp,0,0,2,2,0.000192,0.000153,0.999655
smids/Non-Sperm/Non-Sperm (51).bmp,0,0,2,2,0.000259,0.078628,0.921113
smids/Non-Sperm/Non-Sperm (517).bmp,0,0,2,2,0.036738,0.193191,0.770072
smids/Non-Sperm/Non-Sperm (523).bmp,0,0,2,2,0.001709,0.002937,0.995354
smids/Non-Sperm/Non-Sperm (529).bmp,0,0,2,0,0.728980,0.135782,0.135238
smids/Non-Sperm/Non-Sperm (538).bmp,0,0,2,2,0.001709,0.001030,0.997260
smids/Non-Sperm/Non-Sperm (542).bmp,0,0,2,2,0.004258,0.012448,0.983294
smids/Non-Sperm/Non-Sperm (545).bmp,0,0,2,1,0.366078,0.379419,0.254502
smids/Non-Sperm/Non-Sperm (548).bmp,0,0,2,2,0.013795,0.004186,0.982019
smids/Non-Sperm/Non-Sperm (550).bmp,0,0,2,2,0.001075,0.000268,0.998658
smids/Non-Sperm/Non-Sperm (552).bmp,0,0,2,0,0.635992,0.043807,0.320201
smids/Non-Sperm/Non-Sperm (557).bmp,0,0,2,2,0.000740,0.000433,0.998827
smids/Non-Sperm/Non-Sperm (566).bmp,0,0,2,2,0.003208,0.041370,0.955422
smids/Non-Sperm/Non-Sperm (568).bmp,0,0,2,2,0.002878,0.001130,0.995992
smids/Non-Sperm/Non-Sperm (569).bmp,0,0,2,2,0.002002,0.013022,0.984976
smids/Non-Sperm/Non-Sperm (570).bmp,0,0,2,2,0.000671,0.000902,0.998427
smids/Non-Sperm/Non-Sperm (579).bmp,0,0,2,2,0.000965,0.000554,0.998481
smids/Non-Sperm/Non-Sperm (580).bmp,0,0,2,2,0.044452,0.016770,0.938779
smids/Non-Sperm/Non-Sperm (585).bmp,0,0,2,2,0.002985,0.006842,0.990174
smids/Non-Sperm/Non-Sperm (592).bmp,0,0,2,2,0.006252,0.043472,0.950277
smids/Non-Sperm/Non-Sperm (595).bmp,0,0,2,2,0.000235,0.000411,0.999354
smids/Non-Sperm/Non-Sperm (596).bmp,0,0,2,2,0.004853,0.023034,0.972113
smids/Non-Sperm/Non-Sperm (614).bmp,0,0,2,2,0.001656,0.006594,0.991750
smids/Non-Sperm/Non-Sperm (616).bmp,0,0,2,2,0.006058,0.005153,0.988789
smids/Non-Sperm/Non-Sperm (624).bmp,0,0,2,2,0.000815,0.001157,0.998028
smids/Non-Sperm/Non-Sperm (626).bmp,0,0,2,2,0.016015,0.002278,0.981708
smids/Non-Sperm/Non-Sperm (629).bmp,0,0,2,2,0.015726,0.017422,0.966852
smids/Non-Sperm/Non-Sperm (630).bmp,0,0,2,2,0.001640,0.002343,0.996017
smids/Non-Sperm/Non-Sperm (635).bmp,0,0,2,2,0.003681,0.001100,0.995219
smids/Non-Sperm/Non-Sperm (637).bmp,0,0,2,1,0.008807,0.578495,0.412698
smids/Non-Sperm/Non-Sperm (64).bmp,0,0,2,2,0.005705,0.245516,0.748779
smids/Non-Sperm/Non-Sperm (640).bmp,0,0,2,2,0.064793,0.071950,0.863257
smids/Non-Sperm/Non-Sperm (641).bmp,0,0,2,2,0.003285,0.004864,0.991851
smids/Non-Sperm/Non-Sperm (645).bmp,0,0,2,2,0.028700,0.015134,0.956166
smids/Non-Sperm/Non-Sperm (648).bmp,0,0,2,2,0.001143,0.006324,0.992534
smids/Non-Sperm/Non-Sperm (652).bmp,0,0,2,2,0.004086,0.000308,0.995606
smids/Non-Sperm/Non-Sperm (654).bmp,0,0,2,2,0.044488,0.004436,0.951076
smids/Non-Sperm/Non-Sperm (655).bmp,0,0,2,2,0.067642,0.237820,0.694538
smids/Non-Sperm/Non-Sperm (656).bmp,0,0,2,2,0.018546,0.033731,0.947722
smids/Non-Sperm/Non-Sperm (661).bmp,0,0,2,2,0.011743,0.020309,0.967948
smids/Non-Sperm/Non-Sperm (667).bmp,0,0,2,2,0.005795,0.016916,0.977289
smids/Non-Sperm/Non-Sperm (668).bmp,0,0,2,2,0.002808,0.008232,0.988960
smids/Non-Sperm/Non-Sperm (682).bmp,0,0,2,2,0.012685,0.000785,0.986530
smids/Non-Sperm/Non-Sperm (690).bmp,0,0,2,2,0.255917,0.044560,0.699523
smids/Non-Sperm/Non-Sperm (694).bmp,0,0,2,2,0.002088,0.000776,0.997136
smids/Non-Sperm/Non-Sperm (702).bmp,0,0,2,2,0.090044,0.047553,0.862404
smids/Non-Sperm/Non-Sperm (708).bmp,0,0,2,2,0.000393,0.000409,0.999198
smids/Non-Sperm/Non-Sperm (710).bmp,0,0,2,2,0.003099,0.009370,0.987530
smids/Non-Sperm/Non-Sperm (716).bmp,0,0,2,2,0.026600,0.239584,0.733816
smids/Non-Sperm/Non-Sperm (718).bmp,0,0,2,2,0.088441,0.073833,0.837726
smids/Non-Sperm/Non-Sperm (719).bmp,0,0,2,2,0.078132,0.245382,0.676486
smids/Non-Sperm/Non-Sperm (725).bmp,0,0,2,2,0.019827,0.136792,0.843381
smids/Non-Sperm/Non-Sperm (730).bmp,0,0,2,2,0.074681,0.146394,0.778925
smids/Non-Sperm/Non-Sperm (731).bmp,0,0,2,2,0.001176,0.000967,0.997857
smids/Non-Sperm/Non-Sperm (732).bmp,0,0,2,2,0.006386,0.004006,0.989607
smids/Non-Sperm/Non-Sperm (733).bmp,0,0,2,2,0.004716,0.022811,0.972474
smids/Non-Sperm/Non-Sperm (735).bmp,0,0,2,2,0.002454,0.003257,0.994290
smids/Non-Sperm/Non-Sperm (738).bmp,0,0,2,2,0.000871,0.001665,0.997465
smids/Non-Sperm/Non-Sperm (741).bmp,0,0,2,2,0.003106,0.002711,0.994183
smids/Non-Sperm/Non-Sperm (742).bmp,0,0,2,2,0.001219,0.000868,0.997913
smids/Non-Sperm/Non-Sperm (749).bmp,0,0,2,2,0.044063,0.093512,0.862425
smids/Non-Sperm/Non-Sperm (75).bmp,0,0,2,2,0.117411,0.391256,0.491334
smids/Non-Sperm/Non-Sperm (750).bmp,0,0,2,2,0.083502,0.350155,0.566344
smids/Non-Sperm/Non-Sperm (76).bmp,0,0,2,1,0.005337,0.860661,0.134002
smids/Non-Sperm/Non-Sperm (765).bmp,0,0,2,2,0.009395,0.016207,0.974398
smids/Non-Sperm/Non-Sperm (767).bmp,0,0,2,2,0.049068,0.007210,0.943723
smids/Non-Sperm/Non-Sperm (769).bmp,0,0,2,2,0.000337,0.000357,0.999306
smids/Non-Sperm/Non-Sperm (770).bmp,0,0,2,2,0.179873,0.057578,0.762549
smids/Non-Sperm/Non-Sperm (772).bmp,0,0,2,2,0.000778,0.000435,0.998787
smids/Non-Sperm/Non-Sperm (782).bmp,0,0,2,2,0.009852,0.000758,0.989390
smids/Non-Sperm/Non-Sperm (785).bmp,0,0,2,2,0.004362,0.000461,0.995176
smids/Non-Sperm/Non-Sperm (792).bmp,0,0,2,2,0.007319,0.000546,0.992135
smids/Non-Sperm/Non-Sperm (802).bmp,0,0,2,2,0.092826,0.158671,0.748503
smids/Non-Sperm/Non-Sperm (805).bmp,0,0,2,2,0.000687,0.000930,0.998383
smids/Non-Sperm/Non-Sperm (807).bmp,0,0,2,2,0.000793,0.047351,0.951856
smids/Non-Sperm/Non-Sperm (814).bmp,0,0,2,2,0.015589,0.003978,0.980434
smids/Non-Sperm/Non-Sperm (817).bmp,0,0,2,2,0.013816,0.007077,0.979107
smids/Non-Sperm/Non-Sperm (828).bmp,0,0,2,2,0.000039,0.000492,0.999469
smids/Non-Sperm/Non-Sperm (830).bmp,0,0,2,2,0.001001,0.002183,0.996816
smids/Non-Sperm/Non-Sperm (838).bmp,0,0,2,2,0.008123,0.005556,0.986321
smids/Non-Sperm/Non-Sperm (849).bmp,0,0,2,2,0.004142,0.000494,0.995364
smids/Non-Sperm/Non-Sperm (858).bmp,0,0,2,2,0.000704,0.000257,0.999039
smids/Non-Sperm/Non-Sperm (860).bmp,0,0,2,2,0.000300,0.000057,0.999643
smids/Non-Sperm/Non-Sperm (862).bmp,0,0,2,2,0.000061,0.000064,0.999875
smids/Non-Sperm/Non-Sperm (867).bmp,0,0,2,2,0.029118,0.030617,0.940265
smids/Non-Sperm/Non-Sperm (868).bmp,0,0,2,2,0.009762,0.004581,0.985657
smids/Non-Sperm/Non-Sperm (876).bmp,0,0,2,2,0.433948,0.048867,0.517185
smids/Non-Sperm/Non-Sperm (879).bmp,0,0,2,2,0.015026,0.014749,0.970225
smids/Non-Sperm/Non-Sperm (88).bmp,0,0,2,2,0.063499,0.284002,0.652500
smids/Non-Sperm/Non-Sperm (882).bmp,0,0,2,2,0.012078,0.030822,0.957100
smids/Non-Sperm/Non-Sperm (883).bmp,0,0,2,2,0.002673,0.001305,0.996022
smids/Non-Sperm/Non-Sperm (887).bmp,0,0,2,2,0.009464,0.054474,0.936063
smids/Non-Sperm/Non-Sperm (891).bmp,0,0,2,2,0.348829,0.017791,0.633380
smids/Non-Sperm/Non-Sperm (90).bmp,0,0,2,2,0.000328,0.000238,0.999434
smids/Non-Sperm/Non-Sperm (900).bmp,0,0,2,0,0.773412,0.112721,0.113867
smids/Non-Sperm/Non-Sperm (903).bmp,0,0,2,1,0.065581,0.562339,0.372080
smids/Non-Sperm/Non-Sperm (905).bmp,0,0,2,1,0.122948,0.826784,0.050268
smids/Non-Sperm/Non-Sperm (908).bmp,0,0,2,1,0.009930,0.727641,0.262429
smids/Non-Sperm/Non-Sperm (910).bmp,0,0,2,1,0.016074,0.597260,0.386667
smids/Non-Sperm/Non-Sperm (918).bmp,0,0,2,1,0.141108,0.479489,0.379402
smids/Non-Sperm/Non-Sperm (920).bmp,0,0,2,2,0.007440,0.037218,0.955342
smids/Non-Sperm/Non-Sperm (926).bmp,0,0,2,2,0.009374,0.267793,0.722833
smids/Non-Sperm/Non-Sperm (928).bmp,0,0,2,2,0.032011,0.257233,0.710756
smids/Non-Sperm/Non-Sperm (930).bmp,0,0,2,2,0.047664,0.140428,0.811908
smids/Non-Sperm/Non-Sperm (932).bmp,0,0,2,2,0.111111,0.087242,0.801647
smids/Non-Sperm/Non-Sperm (935).bmp,0,0,2,2,0.115045,0.026236,0.858719
smids/Non-Sperm/Non-Sperm (940).bmp,0,0,2,0,0.654316,0.077008,0.268675
smids/Non-Sperm/Non-Sperm (942).bmp,0,0,2,2,0.172883,0.313770,0.513347
smids/Non-Sperm/Non-Sperm (946).bmp,0,0,2,2,0.019923,0.007287,0.972790
smids/Non-Sperm/Non-Sperm (949).bmp,0,0,2,2,0.005836,0.004039,0.990126
smids/Non-Sperm/Non-Sperm (954).bmp,0,0,2,2,0.006764,0.004365,0.988870
smids/Non-Sperm/Non-Sperm (969).bmp,0,0,2,2,0.034942,0.475560,0.489498
smids/Non-Sperm/Non-Sperm (97).bmp,0,0,2,2,0.003047,0.000370,0.996583
smids/Non-Sperm/Non-Sperm (970).bmp,0,0,2,2,0.029536,0.154791,0.815673
smids/Non-Sperm/Non-Sperm (971).bmp,0,0,2,2,0.007450,0.011212,0.981339
smids/Non-Sperm/Non-Sperm (974).bmp,0,0,2,0,0.570233,0.275732,0.154036
smids/Non-Sperm/Non-Sperm (98).bmp,0,0,2,2,0.000478,0.000375,0.999147
smids/Normal_Sperm/Normal_Sperm (1).bmp,0,0,0,0,0.961629,0.037922,0.000449
smids/Normal_Sperm/Normal_Sperm (1004).bmp,0,0,0,0,0.824863,0.054525,0.120612
smids/Normal_Sperm/Normal_Sperm (1019).bmp,0,0,0,1,0.225677,0.767292,0.007031
smids/Normal_Sperm/Normal_Sperm (1020).bmp,0,0,0,1,0.208742,0.730247,0.061010
smids/Normal_Sperm/Normal_Sperm (106).bmp,0,0,0,1,0.378306,0.620942,0.000753
smids/Normal_Sperm/Normal_Sperm (127).bmp,0,0,0,0,0.656631,0.342667,0.000701
smids/Normal_Sperm/Normal_Sperm (13).bmp,0,0,0,0,0.642658,0.096805,0.260537
smids/Normal_Sperm/Normal_Sperm (136).bmp,0,0,0,0,0.669171,0.330285,0.000544
smids/Normal_Sperm/Normal_Sperm (143).bmp,0,0,0,0,0.958022,0.041425,0.000554
smids/Normal_Sperm/Normal_Sperm (15).bmp,0,0,0,1,0.395430,0.597030,0.007540
smids/Normal_Sperm/Normal_Sperm (150).bmp,0,0,0,0,0.790631,0.207307,0.002062
smids/Normal_Sperm/Normal_Sperm (152).bmp,0,0,0,0,0.555961,0.171889,0.272150
smids/Normal_Sperm/Normal_Sperm (156).bmp,0,0,0,1,0.282938,0.703747,0.013315
smids/Normal_Sperm/Normal_Sperm (158).bmp,0,0,0,0,0.793613,0.161680,0.044707
smids/Normal_Sperm/Normal_Sperm (159).bmp,0,0,0,0,0.982687,0.017168,0.000145
smids/Normal_Sperm/Normal_Sperm (166).bmp,0,0,0,0,0.616782,0.293181,0.090037
smids/Normal_Sperm/Normal_Sperm (173).bmp,0,0,0,0,0.616612,0.319876,0.063512
smids/Normal_Sperm/Normal_Sperm (178).bmp,0,0,0,0,0.864836,0.133192,0.001972
smids/Normal_Sperm/Normal_Sperm (182).bmp,0,0,0,0,0.780481,0.207520,0.012000
smids/Normal_Sperm/Normal_Sperm (185).bmp,0,0,0,1,0.362430,0.529464,0.108106
smids/Normal_Sperm/Normal_Sperm (186).bmp,0,0,0,0,0.787877,0.167393,0.044730
smids/Normal_Sperm/Normal_Sperm (198).bmp,0,0,0,0,0.972927,0.026508,0.000565
smids/Normal_Sperm/Normal_Sperm (2).bmp,0,0,0,0,0.996670,0.003257,0.000072
smids/Normal_Sperm/Normal_Sperm (201).bmp,0,0,0,1,0.427913,0.561221,0.010865
smids/Normal_Sperm/Normal_Sperm (202).bmp,0,0,0,0,0.844511,0.150291,0.005197
smids/Normal_Sperm/Normal_Sperm (206).bmp,0,0,0,0,0.670436,0.326598,0.002966
smids/Normal_Sperm/Normal_Sperm (209).bmp,0,0,0,1,0.317319,0.668198,0.014483
smids/Normal_Sperm/Normal_Sperm (224).bmp,0,0,0,0,0.857148,0.073953,0.068899
smids/Normal_Sperm/Normal_Sperm (232).bmp,0,0,0,1,0.342272,0.653664,0.004063
smids/Normal_Sperm/Normal_Sperm (244).bmp,0,0,0,0,0.721488,0.264730,0.013783
smids/Normal_Sperm/Normal_Sperm (25).bmp,0,0,0,0,0.794494,0.010291,0.195215
smids/Normal_Sperm/Normal_Sperm (259).bmp,0,0,0,0,0.816344,0.171846,0.011811
smids/Normal_Sperm/Normal_Sperm (264).bmp,0,0,0,0,0.711146,0.246859,0.041995
smids/Normal_Sperm/Normal_Sperm (268).bmp,0,0,0,0,0.919768,0.058679,0.021553
smids/Normal_Sperm/Normal_Sperm (269).bmp,0,0,0,0,0.846859,0.152563,0.000578
smids/Normal_Sperm/Normal_Sperm (270).bmp,0,0,0,0,0.499146,0.388183,0.112671
smids/Normal_Sperm/Normal_Sperm (272).bmp,0,0,0,0,0.980220,0.019666,0.000113
smids/Normal_Sperm/Normal_Sperm (280).bmp,0,0,0,0,0.976104,0.023023,0.000872
smids/Normal_Sperm/Normal_Sperm (287).bmp,0,0,0,0,0.888496,0.106220,0.005284
smids/Normal_Sperm/Normal_Sperm (289).bmp,0,0,0,0,0.923955,0.075596,0.000449
smids/Normal_Sperm/Normal_Sperm (293).bmp,0,0,0,0,0.890187,0.107735,0.002078
smids/Normal_Sperm/Normal_Sperm (303).bmp,0,0,0,0,0.835294,0.163893,0.000813
smids/Normal_Sperm/Normal_Sperm (31).bmp,0,0,0,0,0.898333,0.004987,0.096680
smids/Normal_Sperm/Normal_Sperm (310).bmp,0,0,0,0,0.951803,0.045507,0.002690
smids/Normal_Sperm/Normal_Sperm (313).bmp,0,0,0,0,0.980429,0.017991,0.001581
smids/Normal_Sperm/Normal_Sperm (317).bmp,0,0,0,0,0.630345,0.260627,0.109027
smids/Normal_Sperm/Normal_Sperm (318).bmp,0,0,0,0,0.932699,0.063484,0.003817
smids/Normal_Sperm/Normal_Sperm (324).bmp,0,0,0,1,0.366548,0.630460,0.002992
smids/Normal_Sperm/Normal_Sperm (326).bmp,0,0,0,1,0.157866,0.514417,0.327718
smids/Normal_Sperm/Normal_Sperm (329).bmp,0,0,0,0,0.850849,0.148878,0.000274
smids/Normal_Sperm/Normal_Sperm (343).bmp,0,0,0,0,0.691629,0.240975,0.067395
smids/Normal_Sperm/Normal_Sperm (344).bmp,0,0,0,0,0.829141,0.167116,0.003743
smids/Normal_Sperm/Normal_Sperm (346).bmp,0,0,0,0,0.935306,0.058452,0.006243
smids/Normal_Sperm/Normal_Sperm (354).bmp,0,0,0,0,0.895803,0.103717,0.000480
smids/Normal_Sperm/Normal_Sperm (357).bmp,0,0,0,0,0.986487,0.013298,0.000215
smids/Normal_Sperm/Normal_Sperm (358).bmp,0,0,0,0,0.918646,0.041091,0.040263
smids/Normal_Sperm/Normal_Sperm (359).bmp,0,0,0,0,0.850903,0.148005,0.001092
smids/Normal_Sperm/Normal_Sperm (368).bmp,0,0,0,2,0.385270,0.173325,0.441406
smids/Normal_Sperm/Normal_Sperm (370).bmp,0,0,0,1,0.481517,0.518167,0.000316
smids/Normal_Sperm/Normal_Sperm (372).bmp,0,0,0,1,0.371578,0.586374,0.042048
smids/Normal_Sperm/Normal_Sperm (39).bmp,0,0,0,0,0.883345,0.082658,0.033997
smids/Normal_Sperm/Normal_Sperm (395).bmp,0,0,0,0,0.848614,0.134445,0.016941
smids/Normal_Sperm/Normal_Sperm (396).bmp,0,0,0,0,0.991314,0.008046,0.000639
smids/Normal_Sperm/Normal_Sperm (399).bmp,0,0,0,0,0.936661,0.063277,0.000062
smids/Normal_Sperm/Normal_Sperm (402).bmp,0,0,0,1,0.400957,0.597605,0.001438
smids/Normal_Sperm/Normal_Sperm (408).bmp,0,0,0,0,0.947408,0.052422,0.000170
smids/Normal_Sperm/Normal_Sperm (409).bmp,0,0,0,0,0.810747,0.187935,0.001318
smids/Normal_Sperm/Normal_Sperm (411).bmp,0,0,0,1,0.482402,0.498386,0.019212
smids/Normal_Sperm/Normal_Sperm (412).bmp,0,0,0,0,0.795381,0.198452,0.006167
smids/Normal_Sperm/Normal_Sperm (415).bmp,0,0,0,0,0.815632,0.179240,0.005128
smids/Normal_Sperm/Normal_Sperm (417).bmp,0,0,0,0,0.899896,0.087000,0.013104
smids/Normal_Sperm/Normal_Sperm (42).bmp,0,0,0,1,0.388061,0.461134,0.150805
smids/Normal_Sperm/Normal_Sperm (420).bmp,0,0,0,0,0.832010,0.167836,0.000155
smids/Normal_Sperm/Normal_Sperm (423).bmp,0,0,0,0,0.890187,0.028300,0.081513
smids/Normal_Sperm/Normal_Sperm (431).bmp,0,0,0,0,0.906522,0.093452,0.000027
smids/Normal_Sperm/Normal_Sperm (433).bmp,0,0,0,0,0.943013,0.056321,0.000666
smids/Normal_Sperm/Normal_Sperm (439).bmp,0,0,0,0,0.845551,0.152745,0.001703
smids/Normal_Sperm/Normal_Sperm (44).bmp,0,0,0,0,0.984624,0.014479,0.000897
smids/Normal_Sperm/Normal_Sperm (450).bmp,0,0,0,0,0.858430,0.128846,0.012724
smids/Normal_Sperm/Normal_Sperm (451).bmp,0,0,0,0,0.828282,0.153998,0.017720
smids/Normal_Sperm/Normal_Sperm (455).bmp,0,0,0,0,0.902800,0.096749,0.000451
smids/Normal_Sperm/Normal_Sperm (464).bmp,0,0,0,0,0.637398,0.359761,0.002841
smids/Normal_Sperm/Normal_Sperm (465).bmp,0,0,0,0,0.913944,0.085802,0.000255
smids/Normal_Sperm/Normal_Sperm (468).bmp,0,0,0,0,0.620452,0.377041,0.002507
smids/Normal_Sperm/Normal_Sperm (47).bmp,0,0,0,1,0.452613,0.466796,0.080591
smids/Normal_Sperm/Normal_Sperm (472).bmp,0,0,0,0,0.989974,0.009913,0.000113
smids/Normal_Sperm/Normal_Sperm (473).bmp,0,0,0,0,0.831509,0.168353,0.000138
smids/Normal_Sperm/Normal_Sperm (483).bmp,0,0,0,0,0.718688,0.280908,0.000404
smids/Normal_Sperm/Normal_Sperm (487).bmp,0,0,0,0,0.496926,0.476417,0.026657
smids/Normal_Sperm/Normal_Sperm (494).bmp,0,0,0,0,0.914786,0.073155,0.012059
smids/Normal_Sperm/Normal_Sperm (498).bmp,0,0,0,0,0.916436,0.082292,0.001272
smids/Normal_Sperm/Normal_Sperm (512).bmp,0,0,0,1,0.390459,0.589512,0.020029
smids/Normal_Sperm/Normal_Sperm (514).bmp,0,0,0,0,0.968630,0.031171,0.000200
smids/Normal_Sperm/Normal_Sperm (516).bmp,0,0,0,0,0.891087,0.097174,0.011739
smids/Normal_Sperm/Normal_Sperm (518).bmp,0,0,0,0,0.947811,0.050737,0.001452
smids/Normal_Sperm/Normal_Sperm (519).bmp,0,0,0,0,0.698849,0.264884,0.036267
smids/Normal_Sperm/Normal_Sperm (521).bmp,0,0,0,0,0.949211,0.050697,0.000092
smids/Normal_Sperm/Normal_Sperm (522).bmp,0,0,0,0,0.812736,0.184550,0.002715
smids/Normal_Sperm/Normal_Sperm (530).bmp,0,0,0,0,0.979904,0.019995,0.000101
smids/Normal_Sperm/Normal_Sperm (531).bmp,0,0,0,0,0.819798,0.173634,0.006569
smids/Normal_Sperm/Normal_Sperm (535).bmp,0,0,0,0,0.977539,0.021290,0.001170
smids/Normal_Sperm/Normal_Sperm (540).bmp,0,0,0,0,0.981316,0.013333,0.005350
smids/Normal_Sperm/Normal_Sperm (542).bmp,0,0,0,0,0.903859,0.084191,0.011950
smids/Normal_Sperm/Normal_Sperm (555).bmp,0,0,0,0,0.887088,0.103460,0.009452
smids/Normal_Sperm/Normal_Sperm (556).bmp,0,0,0,0,0.998678,0.001291,0.000032
smids/Normal_Sperm/Normal_Sperm (561).bmp,0,0,0,0,0.767033,0.186641,0.046326
smids/Normal_Sperm/Normal_Sperm (563).bmp,0,0,0,0,0.957063,0.042354,0.000583
smids/Normal_Sperm/Normal_Sperm (568).bmp,0,0,0,1,0.295015,0.698314,0.006671
smids/Normal_Sperm/Normal_Sperm (590).bmp,0,0,0,0,0.970040,0.029443,0.000517
smids/Normal_Sperm/Normal_Sperm (594).bmp,0,0,0,0,0.969628,0.029434,0.000938
smids/Normal_Sperm/Normal_Sperm (596).bmp,0,0,0,0,0.969516,0.030167,0.000317
smids/Normal_Sperm/Normal_Sperm (602).bmp,0,0,0,0,0.944347,0.055583,0.000070
smids/Normal_Sperm/Normal_Sperm (611).bmp,0,0,0,0,0.938089,0.061100,0.000811
smids/Normal_Sperm/Normal_Sperm (613).bmp,0,0,0,0,0.962186,0.037597,0.000217
smids/Normal_Sperm/Normal_Sperm (614).bmp,0,0,0,0,0.973864,0.019874,0.006262
smids/Normal_Sperm/Normal_Sperm (619).bmp,0,0,0,0,0.953725,0.045031,0.001244
smids/Normal_Sperm/Normal_Sperm (620).bmp,0,0,0,0,0.761982,0.237464,0.000554
smids/Normal_Sperm/Normal_Sperm (622).bmp,0,0,0,1,0.329110,0.644157,0.026733
smids/Normal_Sperm/Normal_Sperm (627).bmp,0,0,0,0,0.905275,0.092874,0.001850
smids/Normal_Sperm/Normal_Sperm (63).bmp,0,0,0,1,0.249673,0.749834,0.000493
smids/Normal_Sperm/Normal_Sperm (638).bmp,0,0,0,0,0.777888,0.220983,0.001129
smids/Normal_Sperm/Normal_Sperm (64).bmp,0,0,0,1,0.385639,0.607092,0.007269
smids/Normal_Sperm/Normal_Sperm (643).bmp,0,0,0,0,0.895997,0.102056,0.001948
smids/Normal_Sperm/Normal_Sperm (644).bmp,0,0,0,1,0.399334,0.581043,0.019623
smids/Normal_Sperm/Normal_Sperm (645).bmp,0,0,0,0,0.934139,0.065246,0.000615
smids/Normal_Sperm/Normal_Sperm (649).bmp,0,0,0,0,0.863331,0.136233,0.000436
smids/Normal_Sperm/Normal_Sperm (650).bmp,0,0,0,0,0.972889,0.026835,0.000276
smids/Normal_Sperm/Normal_Sperm (653).bmp,0,0,0,0,0.922705,0.072471,0.004824
smids/Normal_Sperm/Normal_Sperm (661).bmp,0,0,0,0,0.779971,0.213693,0.006335
smids/Normal_Sperm/Normal_Sperm (668).bmp,0,0,0,0,0.997801,0.002193,0.000006
smids/Normal_Sperm/Normal_Sperm (676).bmp,0,0,0,0,0.992545,0.007446,0.000009
smids/Normal_Sperm/Normal_Sperm (679).bmp,0,0,0,0,0.972200,0.027711,0.000090
smids/Normal_Sperm/Normal_Sperm (68).bmp,0,0,0,0,0.892621,0.106571,0.000808
smids/Normal_Sperm/Normal_Sperm (682).bmp,0,0,0,0,0.947024,0.044767,0.008209
smids/Normal_Sperm/Normal_Sperm (684).bmp,0,0,0,0,0.749408,0.175187,0.075404
smids/Normal_Sperm/Normal_Sperm (702).bmp,0,0,0,0,0.886647,0.109481,0.003872
smids/Normal_Sperm/Normal_Sperm (705).bmp,0,0,0,0,0.774489,0.217055,0.008456
smids/Normal_Sperm/Normal_Sperm (707).bmp,0,0,0,0,0.992085,0.006437,0.001478
smids/Normal_Sperm/Normal_Sperm (711).bmp,0,0,0,0,0.900006,0.099858,0.000136
smids/Normal_Sperm/Normal_Sperm (725).bmp,0,0,0,0,0.909918,0.053439,0.036643
smids/Normal_Sperm/Normal_Sperm (727).bmp,0,0,0,0,0.986324,0.010650,0.003026
smids/Normal_Sperm/Normal_Sperm (728).bmp,0,0,0,0,0.568737,0.421621,0.009642
smids/Normal_Sperm/Normal_Sperm (734).bmp,0,0,0,0,0.981882,0.011773,0.006345
smids/Normal_Sperm/Normal_Sperm (736).bmp,0,0,0,0,0.972134,0.027701,0.000165
smids/Normal_Sperm/Normal_Sperm (745).bmp,0,0,0,0,0.936940,0.062797,0.000262
smids/Normal_Sperm/Normal_Sperm (75).bmp,0,0,0,0,0.931514,0.009862,0.058624
smids/Normal_Sperm/Normal_Sperm (753).bmp,0,0,0,0,0.943889,0.055489,0.000622
smids/Normal_Sperm/Normal_Sperm (755).bmp,0,0,0,0,0.947370,0.050122,0.002508
smids/Normal_Sperm/Normal_Sperm (76).bmp,0,0,0,0,0.974880,0.003877,0.021243
smids/Normal_Sperm/Normal_Sperm (764).bmp,0,0,0,0,0.994949,0.002557,0.002494
smids/Normal_Sperm/Normal_Sperm (767).bmp,0,0,0,0,0.949243,0.046946,0.003811
smids/Normal_Sperm/Normal_Sperm (77).bmp,0,0,0,0,0.914218,0.066478,0.019303
smids/Normal_Sperm/Normal_Sperm (78).bmp,0,0,0,0,0.651736,0.081734,0.266530
smids/Normal_Sperm/Normal_Sperm (782).bmp,0,0,0,0,0.920568,0.078535,0.000896
smids/Normal_Sperm/Normal_Sperm (787).bmp,0,0,0,0,0.955688,0.013517,0.030795
smids/Normal_Sperm/Normal_Sperm (79).bmp,0,0,0,0,0.827347,0.161628,0.011025
smids/Normal_Sperm/Normal_Sperm (791).bmp,0,0,0,1,0.424358,0.559107,0.016535
smids/Normal_Sperm/Normal_Sperm (795).bmp,0,0,0,0,0.978489,0.021367,0.000144
smids/Normal_Sperm/Normal_Sperm (797).bmp,0,0,0,0,0.896271,0.088122,0.015607
smids/Normal_Sperm/Normal_Sperm (799).bmp,0,0,0,0,0.599231,0.027994,0.372775
smids/Normal_Sperm/Normal_Sperm (80).bmp,0,0,0,0,0.861351,0.103984,0.034665
smids/Normal_Sperm/Normal_Sperm (801).bmp,0,0,0,0,0.597985,0.065703,0.336312
smids/Normal_Sperm/Normal_Sperm (808).bmp,0,0,0,0,0.978587,0.010467,0.010947
smids/Normal_Sperm/Normal_Sperm (815).bmp,0,0,0,0,0.879707,0.086482,0.033811
smids/Normal_Sperm/Normal_Sperm (818).bmp,0,0,0,0,0.465546,0.161859,0.372596
smids/Normal_Sperm/Normal_Sperm (82).bmp,0,0,0,0,0.858060,0.134776,0.007164
smids/Normal_Sperm/Normal_Sperm (838).bmp,0,0,0,0,0.933808,0.066048,0.000144
smids/Normal_Sperm/Normal_Sperm (839).bmp,0,0,0,1,0.165083,0.834236,0.000681
smids/Normal_Sperm/Normal_Sperm (850).bmp,0,0,0,0,0.742630,0.249329,0.008041
smids/Normal_Sperm/Normal_Sperm (851).bmp,0,0,0,1,0.422293,0.575081,0.002626
smids/Normal_Sperm/Normal_Sperm (853).bmp,0,0,0,0,0.921965,0.077877,0.000157
smids/Normal_Sperm/Normal_Sperm (867).bmp,0,0,0,1,0.276659,0.715463,0.007878
smids/Normal_Sperm/Normal_Sperm (87).bmp,0,0,0,0,0.760416,0.231366,0.008218
smids/Normal_Sperm/Normal_Sperm (880).bmp,0,0,0,1,0.347368,0.652249,0.000383
smids/Normal_Sperm/Normal_Sperm (885).bmp,0,0,0,0,0.711668,0.285956,0.002376
smids/Normal_Sperm/Normal_Sperm (89).bmp,0,0,0,0,0.783159,0.121423,0.095418
smids/Normal_Sperm/Normal_Sperm (901).bmp,0,0,0,0,0.899498,0.100463,0.000039
smids/Normal_Sperm/Normal_Sperm (91).bmp,0,0,0,0,0.995934,0.003642,0.000424
smids/Normal_Sperm/Normal_Sperm (913).bmp,0,0,0,0,0.991789,0.008188,0.000023
smids/Normal_Sperm/Normal_Sperm (917).bmp,0,0,0,0,0.825814,0.172359,0.001828
smids/Normal_Sperm/Normal_Sperm (918).bmp,0,0,0,0,0.654770,0.345169,0.000061
smids/Normal_Sperm/Normal_Sperm (921).bmp,0,0,0,0,0.988013,0.011953,0.000034
smids/Normal_Sperm/Normal_Sperm (927).bmp,0,0,0,1,0.405895,0.593968,0.000137
smids/Normal_Sperm/Normal_Sperm (929).bmp,0,0,0,0,0.928336,0.069510,0.002155
smids/Normal_Sperm/Normal_Sperm (930).bmp,0,0,0,2,0.037339,0.216894,0.745767
smids/Normal_Sperm/Normal_Sperm (935).bmp,0,0,0,1,0.136248,0.854190,0.009562
smids/Normal_Sperm/Normal_Sperm (939).bmp,0,0,0,0,0.951440,0.047635,0.000925
smids/Normal_Sperm/Normal_Sperm (940).bmp,0,0,0,0,0.841440,0.158464,0.000096
smids/Normal_Sperm/Normal_Sperm (942).bmp,0,0,0,0,0.731193,0.268675,0.000132
smids/Normal_Sperm/Normal_Sperm (949).bmp,0,0,0,0,0.605076,0.393535,0.001389
smids/Normal_Sperm/Normal_Sperm (952).bmp,0,0,0,1,0.109289,0.871142,0.019569
smids/Normal_Sperm/Normal_Sperm (954).bmp,0,0,0,0,0.725340,0.274016,0.000644
smids/Normal_Sperm/Normal_Sperm (956).bmp,0,0,0,1,0.002202,0.991506,0.006292
smids/Normal_Sperm/Normal_Sperm (957).bmp,0,0,0,0,0.521022,0.460266,0.018712
smids/Normal_Sperm/Normal_Sperm (959).bmp,0,0,0,1,0.060133,0.924209,0.015658
smids/Normal_Sperm/Normal_Sperm (962).bmp,0,0,0,2,0.194256,0.398363,0.407381
smids/Normal_Sperm/Normal_Sperm (977).bmp,0,0,0,0,0.848152,0.151096,0.000752
smids/Normal_Sperm/Normal_Sperm (983).bmp,0,0,0,1,0.350118,0.635329,0.014553
smids/Normal_Sperm/Normal_Sperm (99).bmp,0,0,0,0,0.954800,0.045062,0.000138
smids/Normal_Sperm/Normal_Sperm (995).bmp,0,0,0,0,0.711543,0.256227,0.032230
smids/Abnormal_Sperm/Abnormal_Sperm (1).bmp,0,1,1,1,0.033217,0.964334,0.002449
smids/Abnormal_Sperm/Abnormal_Sperm (10).bmp,0,1,1,1,0.160596,0.838743,0.000661
smids/Abnormal_Sperm/Abnormal_Sperm (1003).bmp,0,1,1,1,0.059972,0.865024,0.075004
smids/Abnormal_Sperm/Abnormal_Sperm (101).bmp,0,1,1,1,0.121682,0.874812,0.003505
smids/Abnormal_Sperm/Abnormal_Sperm (102).bmp,0,1,1,1,0.230837,0.755248,0.013915
smids/Abnormal_Sperm/Abnormal_Sperm (104).bmp,0,1,1,0,0.890346,0.102302,0.007352
smids/Abnormal_Sperm/Abnormal_Sperm (109).bmp,0,1,1,2,0.029373,0.298711,0.671916
smids/Abnormal_Sperm/Abnormal_Sperm (110).bmp,0,1,1,1,0.013322,0.823581,0.163097
smids/Abnormal_Sperm/Abnormal_Sperm (12).bmp,0,1,1,1,0.249767,0.737755,0.012478
smids/Abnormal_Sperm/Abnormal_Sperm (127).bmp,0,1,1,1,0.006127,0.992028,0.001846
smids/Abnormal_Sperm/Abnormal_Sperm (128).bmp,0,1,1,0,0.664577,0.329112,0.006311
smids/Abnormal_Sperm/Abnormal_Sperm (14).bmp,0,1,1,1,0.266215,0.683344,0.050441
smids/Abnormal_Sperm/Abnormal_Sperm (158).bmp,0,1,1,1,0.037467,0.901413,0.061121
smids/Abnormal_Sperm/Abnormal_Sperm (164).bmp,0,1,1,1,0.007771,0.992120,0.000108
smids/Abnormal_Sperm/Abnormal_Sperm (165).bmp,0,1,1,1,0.007573,0.990648,0.001779
smids/Abnormal_Sperm/Abnormal_Sperm (174).bmp,0,1,1,1,0.123787,0.841287,0.034926
smids/Abnormal_Sperm/Abnormal_Sperm (18).bmp,0,1,1,0,0.687907,0.310145,0.001948
smids/Abnormal_Sperm/Abnormal_Sperm (182).bmp,0,1,1,1,0.212984,0.753549,0.033468
smids/Abnormal_Sperm/Abnormal_Sperm (184).bmp,0,1,1,1,0.006420,0.987949,0.005631
smids/Abnormal_Sperm/Abnormal_Sperm (207).bmp,0,1,1,1,0.004723,0.993190,0.002086
smids/Abnormal_Sperm/Abnormal_Sperm (209).bmp,0,1,1,1,0.183347,0.793166,0.023487
smids/Abnormal_Sperm/Abnormal_Sperm (216).bmp,0,1,1,1,0.455291,0.542876,0.001834
smids/Abnormal_Sperm/Abnormal_Sperm (22).bmp,0,1,1,2,0.008031,0.392394,0.599575
smids/Abnormal_Sperm/Abnormal_Sperm (227).bmp,0,1,1,1,0.082307,0.911465,0.006228
smids/Abnormal_Sperm/Abnormal_Sperm (232).bmp,0,1,1,1,0.010850,0.980621,0.008528
smids/Abnormal_Sperm/Abnormal_Sperm (233).bmp,0,1,1,1,0.047221,0.951257,0.001522
smids/Abnormal_Sperm/Abnormal_Sperm (235).bmp,0,1,1,1,0.063861,0.843774,0.092365
smids/Abnormal_Sperm/Abnormal_Sperm (236).bmp,0,1,1,0,0.558865,0.420956,0.020179
smids/Abnormal_Sperm/Abnormal_Sperm (25).bmp,0,1,1,1,0.068267,0.927002,0.004732
smids/Abnormal_Sperm/Abnormal_Sperm (250).bmp,0,1,1,1,0.004077,0.947914,0.048009
smids/Abnormal_Sperm/Abnormal_Sperm (256).bmp,0,1,1,1,0.044528,0.934947,0.020525
smids/Abnormal_Sperm/Abnormal_Sperm (257).bmp,0,1,1,1,0.024483,0.972864,0.002653
smids/Abnormal_Sperm/Abnormal_Sperm (258).bmp,0,1,1,1,0.023144,0.820482,0.156374
smids/Abnormal_Sperm/Abnormal_Sperm (260).bmp,0,1,1,1,0.040464,0.950361,0.009175
smids/Abnormal_Sperm/Abnormal_Sperm (266).bmp,0,1,1,1,0.073779,0.921844,0.004377
smids/Abnormal_Sperm/Abnormal_Sperm (285).bmp,0,1,1,1,0.122180,0.838787,0.039034
smids/Abnormal_Sperm/Abnormal_Sperm (289).bmp,0,1,1,1,0.008839,0.973061,0.018100
smids/Abnormal_Sperm/Abnormal_Sperm (291).bmp,0,1,1,1,0.322655,0.669283,0.008063
smids/Abnormal_Sperm/Abnormal_Sperm (298).bmp,0,1,1,1,0.040998,0.935148,0.023854
smids/Abnormal_Sperm/Abnormal_Sperm (300).bmp,0,1,1,1,0.068214,0.928786,0.003000
smids/Abnormal_Sperm/Abnormal_Sperm (303).bmp,0,1,1,1,0.301926,0.675551,0.022522
smids/Abnormal_Sperm/Abnormal_Sperm (304).bmp,0,1,1,1,0.004354,0.715827,0.279819
smids/Abnormal_Sperm/Abnormal_Sperm (309).bmp,0,1,1,1,0.235951,0.669990,0.094059
smids/Abnormal_Sperm/Abnormal_Sperm (310).bmp,0,1,1,1,0.004707,0.554451,0.440842
smids/Abnormal_Sperm/Abnormal_Sperm (311).bmp,0,1,1,1,0.018987,0.980909,0.000104
smids/Abnormal_Sperm/Abnormal_Sperm (313).bmp,0,1,1,1,0.013216,0.773637,0.213146
smids/Abnormal_Sperm/Abnormal_Sperm (319).bmp,0,1,1,1,0.005936,0.978129,0.015935
smids/Abnormal_Sperm/Abnormal_Sperm (322).bmp,0,1,1,2,0.095432,0.098793,0.805775
smids/Abnormal_Sperm/Abnormal_Sperm (326).bmp,0,1,1,1,0.074126,0.925067,0.000806
smids/Abnormal_Sperm/Abnormal_Sperm (338).bmp,0,1,1,1,0.237209,0.762389,0.000402
smids/Abnormal_Sperm/Abnormal_Sperm (340).bmp,0,1,1,1,0.001929,0.992649,0.005422
smids/Abnormal_Sperm/Abnormal_Sperm (348).bmp,0,1,1,1,0.144871,0.517915,0.337215
smids/Abnormal_Sperm/Abnormal_Sperm (354).bmp,0,1,1,1,0.007482,0.991930,0.000588
smids/Abnormal_Sperm/Abnormal_Sperm (362).bmp,0,1,1,1,0.087682,0.851339,0.060978
smids/Abnormal_Sperm/Abnormal_Sperm (370).bmp,0,1,1,0,0.655614,0.308735,0.035651
smids/Abnormal_Sperm/Abnormal_Sperm (376).bmp,0,1,1,1,0.045056,0.755248,0.199696
smids/Abnormal_Sperm/Abnormal_Sperm (386).bmp,0,1,1,2,0.020996,0.157038,0.821966
smids/Abnormal_Sperm/Abnormal_Sperm (387).bmp,0,1,1,1,0.053601,0.946039,0.000361
smids/Abnormal_Sperm/Abnormal_Sperm (391).bmp,0,1,1,1,0.125034,0.867154,0.007812
smids/Abnormal_Sperm/Abnormal_Sperm (397).bmp,0,1,1,1,0.006941,0.841101,0.151959
smids/Abnormal_Sperm/Abnormal_Sperm (4).bmp,0,1,1,1,0.247991,0.407407,0.344602
smids/Abnormal_Sperm/Abnormal_Sperm (41).bmp,0,1,1,2,0.147138,0.217360,0.635503
smids/Abnormal_Sperm/Abnormal_Sperm (411).bmp,0,1,1,1,0.069983,0.917942,0.012075
smids/Abnormal_Sperm/Abnormal_Sperm (416).bmp,0,1,1,1,0.028756,0.820035,0.151209
smids/Abnormal_Sperm/Abnormal_Sperm (420).bmp,0,1,1,1,0.002993,0.995394,0.001613
smids/Abnormal_Sperm/Abnormal_Sperm (432).bmp,0,1,1,1,0.129158,0.844757,0.026085
smids/Abnormal_Sperm/Abnormal_Sperm (435).bmp,0,1,1,1,0.026695,0.972870,0.000435
smids/Abnormal_Sperm/Abnormal_Sperm (442).bmp,0,1,1,1,0.065869,0.926361,0.007769
smids/Abnormal_Sperm/Abnormal_Sperm (445).bmp,0,1,1,1,0.001423,0.997911,0.000666
smids/Abnormal_Sperm/Abnormal_Sperm (451).bmp,0,1,1,1,0.122963,0.876857,0.000180
smids/Abnormal_Sperm/Abnormal_Sperm (456).bmp,0,1,1,1,0.156468,0.843026,0.000506
smids/Abnormal_Sperm/Abnormal_Sperm (458).bmp,0,1,1,1,0.002041,0.994993,0.002966
smids/Abnormal_Sperm/Abnormal_Sperm (466).bmp,0,1,1,1,0.071828,0.923871,0.004301
smids/Abnormal_Sperm/Abnormal_Sperm (473).bmp,0,1,1,1,0.004371,0.975962,0.019667
smids/Abnormal_Sperm/Abnormal_Sperm (491).bmp,0,1,1,1,0.003120,0.993345,0.003535
smids/Abnormal_Sperm/Abnormal_Sperm (492).bmp,0,1,1,1,0.473482,0.484414,0.042104
smids/Abnormal_Sperm/Abnormal_Sperm (5).bmp,0,1,1,1,0.430448,0.493703,0.075849
smids/Abnormal_Sperm/Abnormal_Sperm (502).bmp,0,1,1,0,0.911363,0.050674,0.037963
smids/Abnormal_Sperm/Abnormal_Sperm (519).bmp,0,1,1,1,0.253168,0.745906,0.000926
smids/Abnormal_Sperm/Abnormal_Sperm (520).bmp,0,1,1,1,0.206980,0.775296,0.017724
smids/Abnormal_Sperm/Abnormal_Sperm (524).bmp,0,1,1,2,0.002200,0.432963,0.564837
smids/Abnormal_Sperm/Abnormal_Sperm (526).bmp,0,1,1,1,0.156967,0.825532,0.017501
smids/Abnormal_Sperm/Abnormal_Sperm (536).bmp,0,1,1,1,0.004488,0.992502,0.003009
smids/Abnormal_Sperm/Abnormal_Sperm (54).bmp,0,1,1,1,0.017107,0.959886,0.023007
smids/Abnormal_Sperm/Abnormal_Sperm (540).bmp,0,1,1,1,0.046522,0.949176,0.004302
smids/Abnormal_Sperm/Abnormal_Sperm (542).bmp,0,1,1,1,0.169001,0.829184,0.001815
smids/Abnormal_Sperm/Abnormal_Sperm (543).bmp,0,1,1,1,0.016182,0.981153,0.002665
smids/Abnormal_Sperm/Abnormal_Sperm (556).bmp,0,1,1,1,0.060970,0.910942,0.028088
smids/Abnormal_Sperm/Abnormal_Sperm (56).bmp,0,1,1,1,0.026747,0.910117,0.063136
smids/Abnormal_Sperm/Abnormal_Sperm (563).bmp,0,1,1,1,0.303690,0.684339,0.011971
smids/Abnormal_Sperm/Abnormal_Sperm (566).bmp,0,1,1,0,0.617503,0.379710,0.002787
smids/Abnormal_Sperm/Abnormal_Sperm (571).bmp,0,1,1,1,0.095103,0.875269,0.029627
smids/Abnormal_Sperm/Abnormal_Sperm (572).bmp,0,1,1,1,0.371198,0.532905,0.095897
smids/Abnormal_Sperm/Abnormal_Sperm (58).bmp,0,1,1,1,0.052744,0.920725,0.026532
smids/Abnormal_Sperm/Abnormal_Sperm (583).bmp,0,1,1,1,0.011819,0.988133,0.000048
smids/Abnormal_Sperm/Abnormal_Sperm (584).bmp,0,1,1,1,0.019861,0.883690,0.096449
smids/Abnormal_Sperm/Abnormal_Sperm (588).bmp,0,1,1,1,0.431342,0.548583,0.020075
smids/Abnormal_Sperm/Abnormal_Sperm (589).bmp,0,1,1,0,0.757492,0.193082,0.049426
smids/Abnormal_Sperm/Abnormal_Sperm (59).bmp,0,1,1,1,0.150955,0.514049,0.334996
smids/Abnormal_Sperm/Abnormal_Sperm (594).bmp,0,1,1,0,0.713088,0.284952,0.001960
smids/Abnormal_Sperm/Abnormal_Sperm (595).bmp,0,1,1,1,0.252366,0.709994,0.037640
smids/Abnormal_Sperm/Abnormal_Sperm (604).bmp,0,1,1,1,0.195890,0.803109,0.001001
smids/Abnormal_Sperm/Abnormal_Sperm (608).bmp,0,1,1,1,0.186723,0.716966,0.096311
smids/Abnormal_Sperm/Abnormal_Sperm (612).bmp,0,1,1,1,0.433995,0.561151,0.004854
smids/Abnormal_Sperm/Abnormal_Sperm (614).bmp,0,1,1,0,0.499311,0.480021,0.020668
smids/Abnormal_Sperm/Abnormal_Sperm (615).bmp,0,1,1,1,0.143050,0.845225,0.011725
smids/Abnormal_Sperm/Abnormal_Sperm (621).bmp,0,1,1,1,0.249286,0.543409,0.207305
smids/Abnormal_Sperm/Abnormal_Sperm (626).bmp,0,1,1,1,0.098593,0.608724,0.292683
smids/Abnormal_Sperm/Abnormal_Sperm (640).bmp,0,1,1,0,0.799150,0.147705,0.053145
smids/Abnormal_Sperm/Abnormal_Sperm (653).bmp,0,1,1,0,0.872225,0.125193,0.002582
smids/Abnormal_Sperm/Abnormal_Sperm (657).bmp,0,1,1,1,0.106684,0.598300,0.295016
smids/Abnormal_Sperm/Abnormal_Sperm (658).bmp,0,1,1,1,0.028860,0.849300,0.121840
smids/Abnormal_Sperm/Abnormal_Sperm (659).bmp,0,1,1,1,0.084650,0.686654,0.228696
smids/Abnormal_Sperm/Abnormal_Sperm (660).bmp,0,1,1,0,0.839069,0.157105,0.003826
smids/Abnormal_Sperm/Abnormal_Sperm (663).bmp,0,1,1,1,0.252706,0.740712,0.006582
smids/Abnormal_Sperm/Abnormal_Sperm (667).bmp,0,1,1,1,0.468406,0.510143,0.021451
smids/Abnormal_Sperm/Abnormal_Sperm (672).bmp,0,1,1,1,0.207356,0.788901,0.003743
smids/Abnormal_Sperm/Abnormal_Sperm (675).bmp,0,1,1,1,0.153421,0.834136,0.012443
smids/Abnormal_Sperm/Abnormal_Sperm (676).bmp,0,1,1,1,0.029061,0.950056,0.020883
smids/Abnormal_Sperm/Abnormal_Sperm (677).bmp,0,1,1,1,0.106881,0.448423,0.444696
smids/Abnormal_Sperm/Abnormal_Sperm (68).bmp,0,1,1,1,0.003185,0.991595,0.005220
smids/Abnormal_Sperm/Abnormal_Sperm (687).bmp,0,1,1,1,0.082067,0.760474,0.157459
smids/Abnormal_Sperm/Abnormal_Sperm (689).bmp,0,1,1,1,0.093067,0.889332,0.017601
smids/Abnormal_Sperm/Abnormal_Sperm (692).bmp,0,1,1,1,0.025287,0.962198,0.012515
smids/Abnormal_Sperm/Abnormal_Sperm (694).bmp,0,1,1,1,0.153643,0.668761,0.177596
smids/Abnormal_Sperm/Abnormal_Sperm (70).bmp,0,1,1,1,0.003409,0.994594,0.001997
smids/Abnormal_Sperm/Abnormal_Sperm (700).bmp,0,1,1,1,0.289328,0.703356,0.007316
smids/Abnormal_Sperm/Abnormal_Sperm (704).bmp,0,1,1,1,0.072741,0.709110,0.218148
smids/Abnormal_Sperm/Abnormal_Sperm (712).bmp,0,1,1,1,0.244235,0.752653,0.003112
smids/Abnormal_Sperm/Abnormal_Sperm (718).bmp,0,1,1,1,0.049175,0.605764,0.345061
smids/Abnormal_Sperm/Abnormal_Sperm (723).bmp,0,1,1,1,0.063330,0.931059,0.005611
smids/Abnormal_Sperm/Abnormal_Sperm (724).bmp,0,1,1,1,0.032725,0.893252,0.074022
smids/Abnormal_Sperm/Abnormal_Sperm (726).bmp,0,1,1,0,0.962915,0.033269,0.003816
smids/Abnormal_Sperm/Abnormal_Sperm (728).bmp,0,1,1,1,0.126567,0.472334,0.401099
smids/Abnormal_Sperm/Abnormal_Sperm (73).bmp,0,1,1,1,0.191251,0.790485,0.018264
smids/Abnormal_Sperm/Abnormal_Sperm (732).bmp,0,1,1,1,0.374034,0.490851,0.135115
smids/Abnormal_Sperm/Abnormal_Sperm (735).bmp,0,1,1,0,0.897044,0.033184,0.069772
smids/Abnormal_Sperm/Abnormal_Sperm (746).bmp,0,1,1,1,0.052396,0.836326,0.111278
smids/Abnormal_Sperm/Abnormal_Sperm (749).bmp,0,1,1,1,0.047456,0.839354,0.113190
smids/Abnormal_Sperm/Abnormal_Sperm (753).bmp,0,1,1,1,0.129137,0.797346,0.073517
smids/Abnormal_Sperm/Abnormal_Sperm (761).bmp,0,1,1,0,0.760914,0.213531,0.025556
smids/Abnormal_Sperm/Abnormal_Sperm (762).bmp,0,1,1,1,0.149623,0.812407,0.037970
smids/Abnormal_Sperm/Abnormal_Sperm (766).bmp,0,1,1,1,0.176289,0.781464,0.042247
smids/Abnormal_Sperm/Abnormal_Sperm (771).bmp,0,1,1,1,0.182367,0.739299,0.078334
smids/Abnormal_Sperm/Abnormal_Sperm (772).bmp,0,1,1,1,0.321128,0.512745,0.166127
smids/Abnormal_Sperm/Abnormal_Sperm (776).bmp,0,1,1,1,0.177821,0.809462,0.012717
smids/Abnormal_Sperm/Abnormal_Sperm (78).bmp,0,1,1,1,0.205130,0.610807,0.184062
smids/Abnormal_Sperm/Abnormal_Sperm (781).bmp,0,1,1,1,0.080627,0.493049,0.426324
smids/Abnormal_Sperm/Abnormal_Sperm (786).bmp,0,1,1,0,0.550710,0.409709,0.039581
smids/Abnormal_Sperm/Abnormal_Sperm (795).bmp,0,1,1,0,0.739100,0.257742,0.003158
smids/Abnormal_Sperm/Abnormal_Sperm (796).bmp,0,1,1,1,0.292666,0.704449,0.002884
smids/Abnormal_Sperm/Abnormal_Sperm (799).bmp,0,1,1,1,0.228728,0.756091,0.015181
smids/Abnormal_Sperm/Abnormal_Sperm (804).bmp,0,1,1,1,0.003549,0.994676,0.001775
smids/Abnormal_Sperm/Abnormal_Sperm (807).bmp,0,1,1,0,0.609592,0.390137,0.000271
smids/Abnormal_Sperm/Abnormal_Sperm (81).bmp,0,1,1,1,0.249508,0.460802,0.289690
smids/Abnormal_Sperm/Abnormal_Sperm (813).bmp,0,1,1,2,0.327967,0.237339,0.434693
smids/Abnormal_Sperm/Abnormal_Sperm (824).bmp,0,1,1,1,0.139404,0.756696,0.103900
smids/Abnormal_Sperm/Abnormal_Sperm (825).bmp,0,1,1,1,0.412335,0.572392,0.015273
smids/Abnormal_Sperm/Abnormal_Sperm (827).bmp,0,1,1,1,0.188403,0.796476,0.015120
smids/Abnormal_Sperm/Abnormal_Sperm (829).bmp,0,1,1,1,0.007669,0.976979,0.015352
smids/Abnormal_Sperm/Abnormal_Sperm (845).bmp,0,1,1,1,0.146840,0.851532,0.001628
smids/Abnormal_Sperm/Abnormal_Sperm (861).bmp,0,1,1,0,0.817213,0.180794,0.001993
smids/Abnormal_Sperm/Abnormal_Sperm (866).bmp,0,1,1,1,0.320472,0.676608,0.002921
smids/Abnormal_Sperm/Abnormal_Sperm (87).bmp,0,1,1,1,0.014007,0.983921,0.002073
smids/Abnormal_Sperm/Abnormal_Sperm (871).bmp,0,1,1,1,0.051539,0.929780,0.018681
smids/Abnormal_Sperm/Abnormal_Sperm (880).bmp,0,1,1,1,0.231070,0.758432,0.010498
smids/Abnormal_Sperm/Abnormal_Sperm (882).bmp,0,1,1,1,0.269330,0.701971,0.028699
smids/Abnormal_Sperm/Abnormal_Sperm (896).bmp,0,1,1,0,0.548386,0.438293,0.013320
smids/Abnormal_Sperm/Abnormal_Sperm (897).bmp,0,1,1,0,0.907347,0.085226,0.007428
smids/Abnormal_Sperm/Abnormal_Sperm (899).bmp,0,1,1,0,0.690495,0.307925,0.001580
smids/Abnormal_Sperm/Abnormal_Sperm (910).bmp,0,1,1,0,0.548276,0.339373,0.112351
smids/Abnormal_Sperm/Abnormal_Sperm (912).bmp,0,1,1,1,0.229836,0.693676,0.076488
smids/Abnormal_Sperm/Abnormal_Sperm (914).bmp,0,1,1,1,0.177520,0.809529,0.012951
smids/Abnormal_Sperm/Abnormal_Sperm (92).bmp,0,1,1,1,0.022999,0.790417,0.186584
smids/Abnormal_Sperm/Abnormal_Sperm (927).bmp,0,1,1,1,0.142475,0.677759,0.179765
smids/Abnormal_Sperm/Abnormal_Sperm (928).bmp,0,1,1,1,0.261300,0.725978,0.012722
smids/Abnormal_Sperm/Abnormal_Sperm (932).bmp,0,1,1,1,0.362866,0.635065,0.002069
smids/Abnormal_Sperm/Abnormal_Sperm (933).bmp,0,1,1,1,0.296965,0.701115,0.001920
smids/Abnormal_Sperm/Abnormal_Sperm (938).bmp,0,1,1,2,0.159215,0.130097,0.710688
smids/Abnormal_Sperm/Abnormal_Sperm (939).bmp,0,1,1,0,0.460474,0.160132,0.379394
smids/Abnormal_Sperm/Abnormal_Sperm (941).bmp,0,1,1,1,0.097799,0.815659,0.086542
smids/Abnormal_Sperm/Abnormal_Sperm (949).bmp,0,1,1,1,0.120390,0.787468,0.092142
smids/Abnormal_Sperm/Abnormal_Sperm (952).bmp,0,1,1,0,0.686617,0.312021,0.001362
smids/Abnormal_Sperm/Abnormal_Sperm (959).bmp,0,1,1,0,0.826640,0.170818,0.002541
smids/Abnormal_Sperm/Abnormal_Sperm (963).bmp,0,1,1,1,0.013876,0.982417,0.003707
smids/Abnormal_Sperm/Abnormal_Sperm (966).bmp,0,1,1,1,0.012217,0.914756,0.073026
smids/Abnormal_Sperm/Abnormal_Sperm (968).bmp,0,1,1,1,0.059280,0.925658,0.015062
smids/Abnormal_Sperm/Abnormal_Sperm (970).bmp,0,1,1,1,0.012232,0.937472,0.050296
smids/Abnormal_Sperm/Abnormal_Sperm (972).bmp,0,1,1,1,0.021162,0.839930,0.138909
smids/Abnormal_Sperm/Abnormal_Sperm (977).bmp,0,1,1,1,0.110220,0.833948,0.055832
smids/Abnormal_Sperm/Abnormal_Sperm (984).bmp,0,1,1,1,0.032921,0.933849,0.033230
smids/Abnormal_Sperm/Abnormal_Sperm (986).bmp,0,1,1,1,0.097795,0.828495,0.073710
smids/Abnormal_Sperm/Abnormal_Sperm (988).bmp,0,1,1,1,0.009961,0.838615,0.151424
smids/Abnormal_Sperm/Abnormal_Sperm (996).bmp,0,1,1,2,0.001337,0.360654,0.638009
smids/Non-Sperm/Non-Sperm (1).bmp,0,1,2,2,0.000224,0.180647,0.819129
smids/Non-Sperm/Non-Sperm (100).bmp,0,1,2,2,0.000220,0.001936,0.997844
smids/Non-Sperm/Non-Sperm (102).bmp,0,1,2,2,0.003855,0.000819,0.995326
smids/Non-Sperm/Non-Sperm (103).bmp,0,1,2,2,0.000096,0.000120,0.999784
smids/Non-Sperm/Non-Sperm (112).bmp,0,1,2,2,0.000217,0.003669,0.996114
smids/Non-Sperm/Non-Sperm (124).bmp,0,1,2,2,0.000648,0.000242,0.999110
smids/Non-Sperm/Non-Sperm (125).bmp,0,1,2,2,0.005710,0.003698,0.990592
smids/Non-Sperm/Non-Sperm (126).bmp,0,1,2,2,0.002872,0.002535,0.994593
smids/Non-Sperm/Non-Sperm (129).bmp,0,1,2,2,0.012815,0.013079,0.974107
smids/Non-Sperm/Non-Sperm (136).bmp,0,1,2,2,0.001067,0.002863,0.996070
smids/Non-Sperm/Non-Sperm (142).bmp,0,1,2,2,0.002218,0.000878,0.996904
smids/Non-Sperm/Non-Sperm (146).bmp,0,1,2,2,0.000186,0.000163,0.999651
smids/Non-Sperm/Non-Sperm (147).bmp,0,1,2,2,0.000610,0.000347,0.999043
smids/Non-Sperm/Non-Sperm (15).bmp,0,1,2,2,0.000525,0.011518,0.987958
smids/Non-Sperm/Non-Sperm (165).bmp,0,1,2,2,0.000890,0.003036,0.996074
smids/Non-Sperm/Non-Sperm (169).bmp,0,1,2,2,0.000552,0.000736,0.998712
smids/Non-Sperm/Non-Sperm (182).bmp,0,1,2,2,0.011925,0.052455,0.935619
smids/Non-Sperm/Non-Sperm (19).bmp,0,1,2,2,0.035959,0.007041,0.957000
smids/Non-Sperm/Non-Sperm (191).bmp,0,1,2,2,0.008954,0.410608,0.580438
smids/Non-Sperm/Non-Sperm (192).bmp,0,1,2,2,0.106713,0.140574,0.752713
smids/Non-Sperm/Non-Sperm (198).bmp,0,1,2,2,0.031385,0.024250,0.944365
smids/Non-Sperm/Non-Sperm (199).bmp,0,1,2,2,0.004820,0.003635,0.991545
smids/Non-Sperm/Non-Sperm (202).bmp,0,1,2,2,0.000937,0.000419,0.998644
smids/Non-Sperm/Non-Sperm (208).bmp,0,1,2,2,0.002686,0.227295,0.770019
smids/Non-Sperm/Non-Sperm (210).bmp,0,1,2,2,0.000403,0.004255,0.995342
smids/Non-Sperm/Non-Sperm (211).bmp,0,1,2,2,0.000277,0.004338,0.995384
smids/Non-Sperm/Non-Sperm (214).bmp,0,1,2,2,0.060180,0.007765,0.932055
smids/Non-Sperm/Non-Sperm (215).bmp,0,1,2,2,0.000951,0.001231,0.997818
smids/Non-Sperm/Non-Sperm (216).bmp,0,1,2,2,0.003581,0.014002,0.982417
smids/Non-Sperm/Non-Sperm (228).bmp,0,1,2,2,0.005132,0.004570,0.990298
smids/Non-Sperm/Non-Sperm (234).bmp,0,1,2,2,0.000376,0.000157,0.999466
smids/Non-Sperm/Non-Sperm (237).bmp,0,1,2,2,0.001370,0.000287,0.998342
smids/Non-Sperm/Non-Sperm (240).bmp,0,1,2,2,0.000337,0.001505,0.998158
smids/Non-Sperm/Non-Sperm (247).bmp,0,1,2,2,0.003377,0.002476,0.994146
smids/Non-Sperm/Non-Sperm (254).bmp,0,1,2,2,0.004890,0.000629,0.994482
smids/Non-Sperm/Non-Sperm (259).bmp,0,1,2,2,0.009490,0.012359,0.978150
smids/Non-Sperm/Non-Sperm (264).bmp,0,1,2,2,0.001344,0.004962,0.993694
smids/Non-Sperm/Non-Sperm (268).bmp,0,1,2,2,0.026376,0.015024,0.958600
smids/Non-Sperm/Non-Sperm (27).bmp,0,1,2,2,0.020325,0.025784,0.953891
smids/Non-Sperm/Non-Sperm (274).bmp,0,1,2,2,0.026789,0.059821,0.913390
smids/Non-Sperm/Non-Sperm (277).bmp,0,1,2,2,0.000641,0.001076,0.998283
smids/Non-Sperm/Non-Sperm (28).bmp,0,1,2,1,0.001747,0.986866,0.011387
smids/Non-Sperm/Non-Sperm (287).bmp,0,1,2,2,0.007038,0.011125,0.981837
smids/Non-Sperm/Non-Sperm (29).bmp,0,1,2,2,0.001787,0.079525,0.918688
smids/Non-Sperm/Non-Sperm (291).bmp,0,1,2,2,0.017789,0.001742,0.980470
smids/Non-Sperm/Non-Sperm (298).bmp,0,1,2,2,0.001012,0.000192,0.998796
smids/Non-Sperm/Non-Sperm (321).bmp,0,1,2,2,0.000484,0.001740,0.997776
smids/Non-Sperm/Non-Sperm (323).bmp,0,1,2,2,0.027982,0.026845,0.945173
smids/Non-Sperm/Non-Sperm (326).bmp,0,1,2,0,0.648068,0.184386,0.167546
smids/Non-Sperm/Non-Sperm (332).bmp,0,1,2,2,0.023747,0.264085,0.712167
smids/Non-Sperm/Non-Sperm (336).bmp,0,1,2,2,0.015338,0.007335,0.977328
smids/Non-Sperm/Non-Sperm (340).bmp,0,1,2,2,0.019938,0.203205,0.776857
smids/Non-Sperm/Non-Sperm (353).bmp,0,1,2,0,0.754993,0.108219,0.136787
smids/Non-Sperm/Non-Sperm (355).bmp,0,1,2,2,0.013270,0.051598,0.935132
smids/Non-Sperm/Non-Sperm (359).bmp,0,1,2,2,0.000430,0.000541,0.999029
smids/Non-Sperm/Non-Sperm (361).bmp,0,1,2,2,0.046828,0.130662,0.822510
smids/Non-Sperm/Non-Sperm (362).bmp,0,1,2,2,0.000847,0.004586,0.994568
smids/Non-Sperm/Non-Sperm (364).bmp,0,1,2,2,0.000973,0.001112,0.997916
smids/Non-Sperm/Non-Sperm (366).bmp,0,1,2,2,0.056855,0.031657,0.911488
smids/Non-Sperm/Non-Sperm (367).bmp,0,1,2,2,0.293894,0.021311,0.684795
smids/Non-Sperm/Non-Sperm (369).bmp,0,1,2,2,0.159370,0.038094,0.802536
smids/Non-Sperm/Non-Sperm (370).bmp,0,1,2,2,0.024056,0.052286,0.923658
smids/Non-Sperm/Non-Sperm (371).bmp,0,1,2,2,0.000400,0.000244,0.999356
smids/Non-Sperm/Non-Sperm (374).bmp,0,1,2,2,0.004274,0.344071,0.651655
smids/Non-Sperm/Non-Sperm (378).bmp,0,1,2,2,0.051347,0.000751,0.947902
smids/Non-Sperm/Non-Sperm (380).bmp,0,1,2,1,0.035459,0.628746,0.335794
smids/Non-Sperm/Non-Sperm (385).bmp,0,1,2,2,0.005210,0.314949,0.679841
smids/Non-Sperm/Non-Sperm (39).bmp,0,1,2,2,0.039743,0.033294,0.926962
smids/Non-Sperm/Non-Sperm (391).bmp,0,1,2,2,0.028690,0.340701,0.630609
smids/Non-Sperm/Non-Sperm (398).bmp,0,1,2,0,0.949168,0.032083,0.018749
smids/Non-Sperm/Non-Sperm (401).bmp,0,1,2,2,0.067372,0.005841,0.926788
smids/Non-Sperm/Non-Sperm (403).bmp,0,1,2,0,0.676294,0.206643,0.117063
smids/Non-Sperm/Non-Sperm (412).bmp,0,1,2,0,0.628646,0.072336,0.299018
smids/Non-Sperm/Non-Sperm (426).bmp,0,1,2,2,0.026989,0.053509,0.919502
smids/Non-Sperm/Non-Sperm (434).bmp,0,1,2,2,0.022903,0.320809,0.656288
smids/Non-Sperm/Non-Sperm (438).bmp,0,1,2,2,0.003214,0.008872,0.987914
smids/Non-Sperm/Non-Sperm (439).bmp,0,1,2,2,0.001229,0.002293,0.996478
smids/Non-Sperm/Non-Sperm (448).bmp,0,1,2,2,0.000644,0.002058,0.997298
smids/Non-Sperm/Non-Sperm (453).bmp,0,1,2,2,0.008897,0.056885,0.934218
smids/Non-Sperm/Non-Sperm (454).bmp,0,1,2,2,0.007875,0.236741,0.755384
smids/Non-Sperm/Non-Sperm (459).bmp,0,1,2,2,0.001470,0.025365,0.973165
smids/Non-Sperm/Non-Sperm (470).bmp,0,1,2,2,0.000422,0.001764,0.997814
smids/Non-Sperm/Non-Sperm (472).bmp,0,1,2,0,0.711637,0.231147,0.057216
smids/Non-Sperm/Non-Sperm (474).bmp,0,1,2,2,0.000563,0.000591,0.998845
smids/Non-Sperm/Non-Sperm (48).bmp,0,1,2,1,0.008591,0.850449,0.140960
smids/Non-Sperm/Non-Sperm (480).bmp,0,1,2,2,0.000628,0.000580,0.998793
smids/Non-Sperm/Non-Sperm (484).bmp,0,1,2,2,0.001561,0.000619,0.997820
smids/Non-Sperm/Non-Sperm (485).bmp,0,1,2,2,0.010321,0.003484,0.986194
smids/Non-Sperm/Non-Sperm (493).bmp,0,1,2,2,0.000899,0.003182,0.995919
smids/Non-Sperm/Non-Sperm (497).bmp,0,1,2,2,0.001959,0.006012,0.992029
smids/Non-Sperm/Non-Sperm (50).bmp,0,1,2,2,0.000048,0.021586,0.978366
smids/Non-Sperm/Non-Sperm (502).bmp,0,1,2,2,0.008547,0.003549,0.987904
smids/Non-Sperm/Non-Sperm (507).bmp,0,1,2,2,0.064047,0.011994,0.923959
smids/Non-Sperm/Non-Sperm (512).bmp,0,1,2,2,0.000261,0.000493,0.999246
smids/Non-Sperm/Non-Sperm (524).bmp,0,1,2,2,0.117266,0.029946,0.852788
smids/Non-Sperm/Non-Sperm (527).bmp,0,1,2,2,0.024068,0.211082,0.764850
smids/Non-Sperm/Non-Sperm (534).bmp,0,1,2,2,0.025354,0.006894,0.967752
smids/Non-Sperm/Non-Sperm (536).bmp,0,1,2,2,0.004353,0.001158,0.994489
smids/Non-Sperm/Non-Sperm (537).bmp,0,1,2,2,0.001100,0.001082,0.997818
smids/Non-Sperm/Non-Sperm (539).bmp,0,1,2,2,0.001150,0.000418,0.998432
smids/Non-Sperm/Non-Sperm (540).bmp,0,1,2,2,0.049983,0.045177,0.904840
smids/Non-Sperm/Non-Sperm (543).bmp,0,1,2,2,0.092745,0.091167,0.816088
smids/Non-Sperm/Non-Sperm (546).bmp,0,1,2,2,0.003803,0.022998,0.973199
smids/Non-Sperm/Non-Sperm (551).bmp,0,1,2,2,0.002769,0.002021,0.995210
smids/Non-Sperm/Non-Sperm (56).bmp,0,1,2,1,0.019187,0.809283,0.171530
smids/Non-Sperm/Non-Sperm (560).bmp,0,1,2,2,0.000243,0.000058,0.999698
smids/Non-Sperm/Non-Sperm (561).bmp,0,1,2,2,0.000231,0.000370,0.999400
smids/Non-Sperm/Non-Sperm (582).bmp,0,1,2,2,0.001096,0.001991,0.996912
smids/Non-Sperm/Non-Sperm (583).bmp,0,1,2,1,0.007545,0.648330,0.344124
smids/Non-Sperm/Non-Sperm (589).bmp,0,1,2,2,0.000642,0.024535,0.974822
smids/Non-Sperm/Non-Sperm (590).bmp,0,1,2,2,0.001882,0.001599,0.996519
smids/Non-Sperm/Non-Sperm (599).bmp,0,1,2,2,0.000546,0.012090,0.987364
smids/Non-Sperm/Non-Sperm (604).bmp,0,1,2,2,0.000483,0.002131,0.997386
smids/Non-Sperm/Non-Sperm (605).bmp,0,1,2,2,0.014231,0.048413,0.937357
smids/Non-Sperm/Non-Sperm (608).bmp,0,1,2,2,0.001680,0.007879,0.990441
smids/Non-Sperm/Non-Sperm (613).bmp,0,1,2,2,0.007724,0.023427,0.968850
smids/Non-Sperm/Non-Sperm (615).bmp,0,1,2,2,0.008736,0.012554,0.978710
smids/Non-Sperm/Non-Sperm (623).bmp,0,1,2,2,0.002247,0.002547,0.995206
smids/Non-Sperm/Non-Sperm (628).bmp,0,1,2,2,0.042145,0.005361,0.952493
smids/Non-Sperm/Non-Sperm (632).bmp,0,1,2,2,0.035120,0.248840,0.716041
smids/Non-Sperm/Non-Sperm (636).bmp,0,1,2,2,0.005158,0.002480,0.992362
smids/Non-Sperm/Non-Sperm (642).bmp,0,1,2,2,0.000471,0.000134,0.999395
smids/Non-Sperm/Non-Sperm (643).bmp,0,1,2,2,0.000806,0.000205,0.998989
smids/Non-Sperm/Non-Sperm (658).bmp,0,1,2,2,0.002543,0.002151,0.995306
smids/Non-Sperm/Non-Sperm (669).bmp,0,1,2,1,0.000755,0.569375,0.429870
smids/Non-Sperm/Non-Sperm (670).bmp,0,1,2,2,0.110284,0.065190,0.824525
smids/Non-Sperm/Non-Sperm (68).bmp,0,1,2,2,0.000072,0.008121,0.991806
smids/Non-Sperm/Non-Sperm (684).bmp,0,1,2,2,0.001798,0.018274,0.979928
smids/Non-Sperm/Non-Sperm (689).bmp,0,1,2,2,0.000800,0.029405,0.969795
smids/Non-Sperm/Non-Sperm (692).bmp,0,1,2,2,0.004361,0.019561,0.976078
smids/Non-Sperm/Non-Sperm (696).bmp,0,1,2,2,0.002691,0.087273,0.910036
smids/Non-Sperm/Non-Sperm (698).bmp,0,1,2,2,0.000894,0.004223,0.994883
smids/Non-Sperm/Non-Sperm (699).bmp,0,1,2,2,0.053596,0.410037,0.536367
smids/Non-Sperm/Non-Sperm (704).bmp,0,1,2,2,0.014376,0.006336,0.979289
smids/Non-Sperm/Non-Sperm (709).bmp,0,1,2,2,0.309023,0.045397,0.645580
smids/Non-Sperm/Non-Sperm (71).bmp,0,1,2,1,0.317657,0.621802,0.060541
smids/Non-Sperm/Non-Sperm (715).bmp,0,1,2,2,0.001713,0.033920,0.964367
smids/Non-Sperm/Non-Sperm (717).bmp,0,1,2,2,0.000287,0.005645,0.994069
smids/Non-Sperm/Non-Sperm (722).bmp,0,1,2,2,0.005159,0.010950,0.983891
smids/Non-Sperm/Non-Sperm (734).bmp,0,1,2,2,0.023351,0.037653,0.938996
smids/Non-Sperm/Non-Sperm (737).bmp,0,1,2,2,0.092789,0.117536,0.789675
smids/Non-Sperm/Non-Sperm (751).bmp,0,1,2,2,0.000704,0.000756,0.998540
smids/Non-Sperm/Non-Sperm (753).bmp,0,1,2,0,0.725092,0.232024,0.042884
smids/Non-Sperm/Non-Sperm (755).bmp,0,1,2,1,0.003479,0.878967,0.117554
smids/Non-Sperm/Non-Sperm (759).bmp,0,1,2,2,0.000157,0.000157,0.999686
smids/Non-Sperm/Non-Sperm (761).bmp,0,1,2,2,0.121739,0.390589,0.487672
smids/Non-Sperm/Non-Sperm (763).bmp,0,1,2,2,0.000262,0.001074,0.998664
smids/Non-Sperm/Non-Sperm (766).bmp,0,1,2,2,0.002491,0.002478,0.995031
smids/Non-Sperm/Non-Sperm (774).bmp,0,1,2,2,0.000396,0.000299,0.999305
smids/Non-Sperm/Non-Sperm (78).bmp,0,1,2,2,0.023743,0.193600,0.782657
smids/Non-Sperm/Non-Sperm (786).bmp,0,1,2,2,0.114494,0.007648,0.877859
smids/Non-Sperm/Non-Sperm (788).bmp,0,1,2,2,0.002830,0.001254,0.995916
smids/Non-Sperm/Non-Sperm (789).bmp,0,1,2,2,0.007779,0.001838,0.990383
smids/Non-Sperm/Non-Sperm (790).bmp,0,1,2,2,0.005326,0.001165,0.993509
smids/Non-Sperm/Non-Sperm (793).bmp,0,1,2,2,0.000499,0.000962,0.998539
smids/Non-Sperm/Non-Sperm (794).bmp,0,1,2,2,0.000416,0.000768,0.998816
smids/Non-Sperm/Non-Sperm (796).bmp,0,1,2,2,0.018114,0.013495,0.968391
smids/Non-Sperm/Non-Sperm (797).bmp,0,1,2,2,0.005566,0.000286,0.994148
smids/Non-Sperm/Non-Sperm (8).bmp,0,1,2,2,0.000944,0.020869,0.978187
smids/Non-Sperm/Non-Sperm (800).bmp,0,1,2,2,0.040895,0.024980,0.934126
smids/Non-Sperm/Non-Sperm (803).bmp,0,1,2,2,0.170153,0.020626,0.809221
smids/Non-Sperm/Non-Sperm (816).bmp,0,1,2,2,0.016114,0.030856,0.953030
smids/Non-Sperm/Non-Sperm (818).bmp,0,1,2,2,0.001376,0.000625,0.998000
smids/Non-Sperm/Non-Sperm (82).bmp,0,1,2,2,0.004229,0.003085,0.992686
smids/Non-Sperm/Non-Sperm (820).bmp,0,1,2,2,0.032239,0.004480,0.963281
smids/Non-Sperm/Non-Sperm (824).bmp,0,1,2,2,0.002942,0.000514,0.996544
smids/Non-Sperm/Non-Sperm (825).bmp,0,1,2,1,0.435754,0.520640,0.043606
smids/Non-Sperm/Non-Sperm (827).bmp,0,1,2,2,0.001200,0.005329,0.993471
smids/Non-Sperm/Non-Sperm (831).bmp,0,1,2,2,0.005207,0.023206,0.971587
smids/Non-Sperm/Non-Sperm (832).bmp,0,1,2,2,0.006750,0.011118,0.982132
smids/Non-Sperm/Non-Sperm (85).bmp,0,1,2,2,0.002006,0.004068,0.993927
smids/Non-Sperm/Non-Sperm (850).bmp,0,1,2,2,0.002997,0.001605,0.995399
smids/Non-Sperm/Non-Sperm (871).bmp,0,1,2,2,0.006488,0.002416,0.991096
smids/Non-Sperm/Non-Sperm (872).bmp,0,1,2,2,0.061200,0.187900,0.750900
smids/Non-Sperm/Non-Sperm (873).bmp,0,1,2,2,0.063118,0.002631,0.934252
smids/Non-Sperm/Non-Sperm (877).bmp,0,1,2,2,0.004736,0.017042,0.978222
smids/Non-Sperm/Non-Sperm (889).bmp,0,1,2,2,0.001499,0.000646,0.997855
smids/Non-Sperm/Non-Sperm (893).bmp,0,1,2,2,0.003884,0.023998,0.972118
smids/Non-Sperm/Non-Sperm (895).bmp,0,1,2,2,0.022263,0.111243,0.866494
smids/Non-Sperm/Non-Sperm (897).bmp,0,1,2,2,0.024008,0.338296,0.637696
smids/Non-Sperm/Non-Sperm (899).bmp,0,1,2,2,0.012772,0.137538,0.849691
smids/Non-Sperm/Non-Sperm (907).bmp,0,1,2,2,0.012556,0.126846,0.860598
smids/Non-Sperm/Non-Sperm (917).bmp,0,1,2,2,0.132323,0.088546,0.779131
smids/Non-Sperm/Non-Sperm (919).bmp,0,1,2,2,0.001609,0.006067,0.992324
smids/Non-Sperm/Non-Sperm (92).bmp,0,1,2,2,0.000861,0.001216,0.997922
smids/Non-Sperm/Non-Sperm (921).bmp,0,1,2,2,0.020505,0.003696,0.975799
smids/Non-Sperm/Non-Sperm (927).bmp,0,1,2,2,0.060714,0.015670,0.923617
smids/Non-Sperm/Non-Sperm (936).bmp,0,1,2,2,0.053455,0.002476,0.944069
smids/Non-Sperm/Non-Sperm (939).bmp,0,1,2,2,0.160655,0.002358,0.836987
smids/Non-Sperm/Non-Sperm (94).bmp,0,1,2,2,0.000852,0.000386,0.998762
smids/Non-Sperm/Non-Sperm (950).bmp,0,1,2,1,0.189919,0.667021,0.143060
smids/Non-Sperm/Non-Sperm (958).bmp,0,1,2,2,0.001013,0.018741,0.980246
smids/Non-Sperm/Non-Sperm (96).bmp,0,1,2,2,0.000010,0.000229,0.999761
smids/Non-Sperm/Non-Sperm (968).bmp,0,1,2,2,0.001919,0.005592,0.992489
smids/Non-Sperm/Non-Sperm (973).bmp,0,1,2,2,0.013904,0.018908,0.967188
smids/Normal_Sperm/Normal_Sperm (1010).bmp,0,1,0,0,0.958059,0.004805,0.037136
smids/Normal_Sperm/Normal_Sperm (1012).bmp,0,1,0,0,0.520428,0.476725,0.002847
smids/Normal_Sperm/Normal_Sperm (1013).bmp,0,1,0,1,0.027474,0.910310,0.062216
smids/Normal_Sperm/Normal_Sperm (1014).bmp,0,1,0,0,0.740490,0.254636,0.004874
smids/Normal_Sperm/Normal_Sperm (1015).bmp,0,1,0,0,0.891190,0.107078,0.001731
smids/Normal_Sperm/Normal_Sperm (1021).bmp,0,1,0,0,0.844981,0.140066,0.014953
smids/Normal_Sperm/Normal_Sperm (110).bmp,0,1,0,0,0.602860,0.102801,0.294339
smids/Normal_Sperm/Normal_Sperm (111).bmp,0,1,0,0,0.663414,0.301575,0.035011
smids/Normal_Sperm/Normal_Sperm (112).bmp,0,1,0,0,0.844784,0.152679,0.002537
smids/Normal_Sperm/Normal_Sperm (117).bmp,0,1,0,0,0.643724,0.351480,0.004796
smids/Normal_Sperm/Normal_Sperm (121).bmp,0,1,0,0,0.834209,0.165740,0.000051
smids/Normal_Sperm/Normal_Sperm (122).bmp,0,1,0,1,0.032471,0.966115,0.001414
smids/Normal_Sperm/Normal_Sperm (128).bmp,0,1,0,0,0.927693,0.038788,0.033519
smids/Normal_Sperm/Normal_Sperm (131).bmp,0,1,0,1,0.461838,0.485909,0.052253
smids/Normal_Sperm/Normal_Sperm (133).bmp,0,1,0,1,0.286598,0.705936,0.007467
smids/Normal_Sperm/Normal_Sperm (137).bmp,0,1,0,0,0.766760,0.231155,0.002085
smids/Normal_Sperm/Normal_Sperm (139).bmp,0,1,0,1,0.354702,0.609412,0.035886
smids/Normal_Sperm/Normal_Sperm (141).bmp,0,1,0,0,0.554047,0.445635,0.000318
smids/Normal_Sperm/Normal_Sperm (148).bmp,0,1,0,1,0.255763,0.738754,0.005483
smids/Normal_Sperm/Normal_Sperm (149).bmp,0,1,0,0,0.893338,0.106565,0.000097
smids/Normal_Sperm/Normal_Sperm (153).bmp,0,1,0,2,0.133186,0.428471,0.438343
smids/Normal_Sperm/Normal_Sperm (154).bmp,0,1,0,0,0.835433,0.077315,0.087252
smids/Normal_Sperm/Normal_Sperm (164).bmp,0,1,0,0,0.906140,0.075882,0.017977
smids/Normal_Sperm/Normal_Sperm (180).bmp,0,1,0,0,0.950461,0.049451,0.000088
smids/Normal_Sperm/Normal_Sperm (181).bmp,0,1,0,0,0.530566,0.467048,0.002386
smids/Normal_Sperm/Normal_Sperm (183).bmp,0,1,0,1,0.389608,0.582800,0.027592
smids/Normal_Sperm/Normal_Sperm (187).bmp,0,1,0,0,0.917327,0.079236,0.003436
smids/Normal_Sperm/Normal_Sperm (188).bmp,0,1,0,2,0.234417,0.066674,0.698910
smids/Normal_Sperm/Normal_Sperm (189).bmp,0,1,0,0,0.893401,0.047033,0.059566
smids/Normal_Sperm/Normal_Sperm (190).bmp,0,1,0,0,0.785610,0.213691,0.000699
smids/Normal_Sperm/Normal_Sperm (192).bmp,0,1,0,1,0.177668,0.798361,0.023971
smids/Normal_Sperm/Normal_Sperm (196).bmp,0,1,0,0,0.729671,0.269100,0.001229
smids/Normal_Sperm/Normal_Sperm (197).bmp,0,1,0,0,0.996023,0.003949,0.000028
smids/Normal_Sperm/Normal_Sperm (199).bmp,0,1,0,0,0.987638,0.011498,0.000863
smids/Normal_Sperm/Normal_Sperm (20).bmp,0,1,0,2,0.175076,0.021373,0.803551
smids/Normal_Sperm/Normal_Sperm (210).bmp,0,1,0,0,0.976329,0.023186,0.000485
smids/Normal_Sperm/Normal_Sperm (215).bmp,0,1,0,1,0.198311,0.779707,0.021982
smids/Normal_Sperm/Normal_Sperm (218).bmp,0,1,0,0,0.961670,0.034319,0.004011
smids/Normal_Sperm/Normal_Sperm (22).bmp,0,1,0,0,0.807468,0.167084,0.025448
smids/Normal_Sperm/Normal_Sperm (222).bmp,0,1,0,0,0.514324,0.313152,0.172524
smids/Normal_Sperm/Normal_Sperm (227).bmp,0,1,0,0,0.977906,0.021997,0.000097
smids/Normal_Sperm/Normal_Sperm (231).bmp,0,1,0,0,0.717145,0.272937,0.009918
smids/Normal_Sperm/Normal_Sperm (243).bmp,0,1,0,0,0.971884,0.027870,0.000246
smids/Normal_Sperm/Normal_Sperm (246).bmp,0,1,0,1,0.283653,0.696079,0.020268
smids/Normal_Sperm/Normal_Sperm (247).bmp,0,1,0,0,0.699475,0.269346,0.031179
smids/Normal_Sperm/Normal_Sperm (248).bmp,0,1,0,0,0.925229,0.073591,0.001180
smids/Normal_Sperm/Normal_Sperm (253).bmp,0,1,0,0,0.865457,0.120431,0.014112
smids/Normal_Sperm/Normal_Sperm (254).bmp,0,1,0,0,0.959189,0.039256,0.001555
smids/Normal_Sperm/Normal_Sperm (256).bmp,0,1,0,0,0.944569,0.055385,0.000046
smids/Normal_Sperm/Normal_Sperm (258).bmp,0,1,0,0,0.566736,0.430739,0.002524
smids/Normal_Sperm/Normal_Sperm (26).bmp,0,1,0,0,0.995794,0.003213,0.000993
smids/Normal_Sperm/Normal_Sperm (262).bmp,0,1,0,0,0.892043,0.107950,0.000007
smids/Normal_Sperm/Normal_Sperm (267).bmp,0,1,0,1,0.393399,0.550976,0.055626
smids/Normal_Sperm/Normal_Sperm (276).bmp,0,1,0,0,0.944686,0.054960,0.000354
smids/Normal_Sperm/Normal_Sperm (278).bmp,0,1,0,0,0.615450,0.377350,0.007200
smids/Normal_Sperm/Normal_Sperm (279).bmp,0,1,0,0,0.811363,0.172887,0.015750
smids/Normal_Sperm/Normal_Sperm (283).bmp,0,1,0,0,0.991560,0.008279,0.000161
smids/Normal_Sperm/Normal_Sperm (286).bmp,0,1,0,1,0.227595,0.695481,0.076924
smids/Normal_Sperm/Normal_Sperm (290).bmp,0,1,0,0,0.980325,0.019200,0.000475
smids/Normal_Sperm/Normal_Sperm (292).bmp,0,1,0,1,0.440500,0.518303,0.041197
smids/Normal_Sperm/Normal_Sperm (30).bmp,0,1,0,0,0.965685,0.011384,0.022931
smids/Normal_Sperm/Normal_Sperm (304).bmp,0,1,0,0,0.909113,0.066643,0.024243
smids/Normal_Sperm/Normal_Sperm (306).bmp,0,1,0,0,0.988789,0.011131,0.000080
smids/Normal_Sperm/Normal_Sperm (307).bmp,0,1,0,0,0.882179,0.114644,0.003177
smids/Normal_Sperm/Normal_Sperm (308).bmp,0,1,0,0,0.853478,0.088772,0.057750
smids/Normal_Sperm/Normal_Sperm (311).bmp,0,1,0,0,0.887019,0.104296,0.008685
smids/Normal_Sperm/Normal_Sperm (32).bmp,0,1,0,0,0.990133,0.007846,0.002021
smids/Normal_Sperm/Normal_Sperm (328).bmp,0,1,0,1,0.237758,0.759642,0.002600
smids/Normal_Sperm/Normal_Sperm (330).bmp,0,1,0,0,0.506866,0.450822,0.042312
smids/Normal_Sperm/Normal_Sperm (332).bmp,0,1,0,0,0.983439,0.013928,0.002634
smids/Normal_Sperm/Normal_Sperm (34).bmp,0,1,0,0,0.600957,0.117026,0.282017
smids/Normal_Sperm/Normal_Sperm (340).bmp,0,1,0,0,0.998004,0.001924,0.000071
smids/Normal_Sperm/Normal_Sperm (35).bmp,0,1,0,0,0.538134,0.056161,0.405705
smids/Normal_Sperm/Normal_Sperm (351).bmp,0,1,0,1,0.178430,0.498490,0.323080
smids/Normal_Sperm/Normal_Sperm (352).bmp,0,1,0,1,0.099586,0.823492,0.076922
smids/Normal_Sperm/Normal_Sperm (353).bmp,0,1,0,0,0.650871,0.346906,0.002222
smids/Normal_Sperm/Normal_Sperm (361).bmp,0,1,0,0,0.986687,0.012318,0.000995
smids/Normal_Sperm/Normal_Sperm (363).bmp,0,1,0,0,0.954829,0.039809,0.005362
smids/Normal_Sperm/Normal_Sperm (366).bmp,0,1,0,0,0.948002,0.051979,0.000019
smids/Normal_Sperm/Normal_Sperm (374).bmp,0,1,0,0,0.945159,0.054121,0.000719
smids/Normal_Sperm/Normal_Sperm (375).bmp,0,1,0,0,0.984325,0.015656,0.000019
smids/Normal_Sperm/Normal_Sperm (377).bmp,0,1,0,0,0.983145,0.016383,0.000472
smids/Normal_Sperm/Normal_Sperm (386).bmp,0,1,0,0,0.834719,0.024596,0.140685
smids/Normal_Sperm/Normal_Sperm (387).bmp,0,1,0,0,0.880881,0.112138,0.006981
smids/Normal_Sperm/Normal_Sperm (393).bmp,0,1,0,0,0.760137,0.238557,0.001307
smids/Normal_Sperm/Normal_Sperm (400).bmp,0,1,0,0,0.967198,0.032682,0.000120
smids/Normal_Sperm/Normal_Sperm (410).bmp,0,1,0,0,0.772834,0.203313,0.023853
smids/Normal_Sperm/Normal_Sperm (413).bmp,0,1,0,0,0.954508,0.044298,0.001194
smids/Normal_Sperm/Normal_Sperm (422).bmp,0,1,0,0,0.831880,0.167261,0.000859
smids/Normal_Sperm/Normal_Sperm (425).bmp,0,1,0,0,0.937820,0.061868,0.000312
smids/Normal_Sperm/Normal_Sperm (434).bmp,0,1,0,0,0.964612,0.029005,0.006384
smids/Normal_Sperm/Normal_Sperm (437).bmp,0,1,0,0,0.643062,0.353911,0.003026
smids/Normal_Sperm/Normal_Sperm (444).bmp,0,1,0,0,0.852953,0.143217,0.003830
smids/Normal_Sperm/Normal_Sperm (445).bmp,0,1,0,1,0.256636,0.711130,0.032234
smids/Normal_Sperm/Normal_Sperm (458).bmp,0,1,0,0,0.981392,0.018505,0.000103
smids/Normal_Sperm/Normal_Sperm (459).bmp,0,1,0,0,0.968022,0.017787,0.014190
smids/Normal_Sperm/Normal_Sperm (466).bmp,0,1,0,0,0.892035,0.087573,0.020393
smids/Normal_Sperm/Normal_Sperm (478).bmp,0,1,0,0,0.930930,0.062175,0.006896
smids/Normal_Sperm/Normal_Sperm (479).bmp,0,1,0,0,0.759627,0.239693,0.000680
smids/Normal_Sperm/Normal_Sperm (488).bmp,0,1,0,1,0.298041,0.684870,0.017089
smids/Normal_Sperm/Normal_Sperm (499).bmp,0,1,0,0,0.951193,0.048778,0.000029
smids/Normal_Sperm/Normal_Sperm (505).bmp,0,1,0,0,0.984050,0.014315,0.001634
smids/Normal_Sperm/Normal_Sperm (507).bmp,0,1,0,0,0.944985,0.054979,0.000037
smids/Normal_Sperm/Normal_Sperm (515).bmp,0,1,0,0,0.957074,0.042643,0.000283
smids/Normal_Sperm/Normal_Sperm (52).bmp,0,1,0,0,0.732444,0.265897,0.001659
smids/Normal_Sperm/Normal_Sperm (520).bmp,0,1,0,0,0.894923,0.104675,0.000402
smids/Normal_Sperm/Normal_Sperm (527).bmp,0,1,0,0,0.915869,0.084078,0.000053
smids/Normal_Sperm/Normal_Sperm (532).bmp,0,1,0,1,0.155660,0.817765,0.026575
smids/Normal_Sperm/Normal_Sperm (543).bmp,0,1,0,1,0.381323,0.612459,0.006218
smids/Normal_Sperm/Normal_Sperm (544).bmp,0,1,0,0,0.800308,0.199581,0.000111
smids/Normal_Sperm/Normal_Sperm (548).bmp,0,1,0,0,0.838362,0.133710,0.027928
smids/Normal_Sperm/Normal_Sperm (550).bmp,0,1,0,0,0.943208,0.056540,0.000251
smids/Normal_Sperm/Normal_Sperm (557).bmp,0,1,0,0,0.950977,0.047807,0.001216
smids/Normal_Sperm/Normal_Sperm (560).bmp,0,1,0,0,0.985892,0.013372,0.000737
smids/Normal_Sperm/Normal_Sperm (564).bmp,0,1,0,0,0.962497,0.037118,0.000385
smids/Normal_Sperm/Normal_Sperm (565).bmp,0,1,0,0,0.716996,0.261605,0.021399
smids/Normal_Sperm/Normal_Sperm (566).bmp,0,1,0,0,0.988801,0.011134,0.000066
smids/Normal_Sperm/Normal_Sperm (57).bmp,0,1,0,0,0.999230,0.000770,0.000001
smids/Normal_Sperm/Normal_Sperm (573).bmp,0,1,0,0,0.826326,0.161670,0.012004
smids/Normal_Sperm/Normal_Sperm (575).bmp,0,1,0,0,0.756774,0.241868,0.001358
smids/Normal_Sperm/Normal_Sperm (58).bmp,0,1,0,0,0.688104,0.284650,0.027246
smids/Normal_Sperm/Normal_Sperm (591).bmp,0,1,0,0,0.980679,0.019242,0.000079
smids/Normal_Sperm/Normal_Sperm (595).bmp,0,1,0,0,0.965944,0.030338,0.003718
smids/Normal_Sperm/Normal_Sperm (60).bmp,0,1,0,0,0.827356,0.063629,0.109015
smids/Normal_Sperm/Normal_Sperm (604).bmp,0,1,0,1,0.050960,0.894957,0.054083
smids/Normal_Sperm/Normal_Sperm (630).bmp,0,1,0,0,0.801408,0.198107,0.000485
smids/Normal_Sperm/Normal_Sperm (636).bmp,0,1,0,0,0.913144,0.082815,0.004041
smids/Normal_Sperm/Normal_Sperm (637).bmp,0,1,0,0,0.911757,0.078995,0.009248
smids/Normal_Sperm/Normal_Sperm (648).bmp,0,1,0,0,0.907154,0.089685,0.003161
smids/Normal_Sperm/Normal_Sperm (660).bmp,0,1,0,0,0.913415,0.086019,0.000566
smids/Normal_Sperm/Normal_Sperm (662).bmp,0,1,0,0,0.791450,0.094951,0.113599
smids/Normal_Sperm/Normal_Sperm (669).bmp,0,1,0,0,0.906657,0.091082,0.002261
smids/Normal_Sperm/Normal_Sperm (678).bmp,0,1,0,0,0.925991,0.068588,0.005421
smids/Normal_Sperm/Normal_Sperm (686).bmp,0,1,0,0,0.931858,0.067905,0.000238
smids/Normal_Sperm/Normal_Sperm (69).bmp,0,1,0,1,0.099468,0.889721,0.010811
smids/Normal_Sperm/Normal_Sperm (692).bmp,0,1,0,0,0.976490,0.023370,0.000140
smids/Normal_Sperm/Normal_Sperm (7).bmp,0,1,0,0,0.992087,0.007874,0.000039
smids/Normal_Sperm/Normal_Sperm (704).bmp,0,1,0,0,0.995965,0.003976,0.000058
smids/Normal_Sperm/Normal_Sperm (712).bmp,0,1,0,0,0.965287,0.034520,0.000193
smids/Normal_Sperm/Normal_Sperm (718).bmp,0,1,0,0,0.734526,0.261267,0.004208
smids/Normal_Sperm/Normal_Sperm (719).bmp,0,1,0,0,0.982938,0.016875,0.000187
smids/Normal_Sperm/Normal_Sperm (721).bmp,0,1,0,0,0.793035,0.206049,0.000916
smids/Normal_Sperm/Normal_Sperm (722).bmp,0,1,0,0,0.929506,0.060555,0.009940
smids/Normal_Sperm/Normal_Sperm (738).bmp,0,1,0,0,0.980584,0.017216,0.002200
smids/Normal_Sperm/Normal_Sperm (749).bmp,0,1,0,0,0.974079,0.025559,0.000362
smids/Normal_Sperm/Normal_Sperm (750).bmp,0,1,0,0,0.576504,0.340689,0.082807
smids/Normal_Sperm/Normal_Sperm (757).bmp,0,1,0,0,0.941670,0.050294,0.008036
smids/Normal_Sperm/Normal_Sperm (759).bmp,0,1,0,0,0.860850,0.132125,0.007025
smids/Normal_Sperm/Normal_Sperm (771).bmp,0,1,0,0,0.677812,0.055182,0.267006
smids/Normal_Sperm/Normal_Sperm (772).bmp,0,1,0,0,0.989967,0.007980,0.002053
smids/Normal_Sperm/Normal_Sperm (775).bmp,0,1,0,0,0.968362,0.026088,0.005550
smids/Normal_Sperm/Normal_Sperm (786).bmp,0,1,0,0,0.657032,0.341836,0.001132
smids/Normal_Sperm/Normal_Sperm (788).bmp,0,1,0,0,0.743791,0.164539,0.091669
smids/Normal_Sperm/Normal_Sperm (792).bmp,0,1,0,0,0.920510,0.071965,0.007526
smids/Normal_Sperm/Normal_Sperm (793).bmp,0,1,0,0,0.551250,0.249897,0.198853
smids/Normal_Sperm/Normal_Sperm (800).bmp,0,1,0,0,0.694828,0.173995,0.131176
smids/Normal_Sperm/Normal_Sperm (820).bmp,0,1,0,0,0.991492,0.007174,0.001334
smids/Normal_Sperm/Normal_Sperm (822).bmp,0,1,0,0,0.940480,0.047919,0.011601
smids/Normal_Sperm/Normal_Sperm (823).bmp,0,1,0,0,0.969211,0.028056,0.002734
smids/Normal_Sperm/Normal_Sperm (827).bmp,0,1,0,0,0.736722,0.214285,0.048993
smids/Normal_Sperm/Normal_Sperm (829).bmp,0,1,0,0,0.944739,0.055142,0.000120
smids/Normal_Sperm/Normal_Sperm (840).bmp,0,1,0,0,0.917612,0.082233,0.000155
smids/Normal_Sperm/Normal_Sperm (841).bmp,0,1,0,0,0.997402,0.002587,0.000011
smids/Normal_Sperm/Normal_Sperm (842).bmp,0,1,0,0,0.872952,0.126886,0.000161
smids/Normal_Sperm/Normal_Sperm (847).bmp,0,1,0,0,0.712703,0.250869,0.036428
smids/Normal_Sperm/Normal_Sperm (849).bmp,0,1,0,0,0.866453,0.133486,0.000061
smids/Normal_Sperm/Normal_Sperm (858).bmp,0,1,0,0,0.892096,0.097114,0.010790
smids/Normal_Sperm/Normal_Sperm (862).bmp,0,1,0,0,0.765612,0.234056,0.000331
smids/Normal_Sperm/Normal_Sperm (864).bmp,0,1,0,0,0.958308,0.030502,0.011190
smids/Normal_Sperm/Normal_Sperm (865).bmp,0,1,0,0,0.527210,0.427662,0.045128
smids/Normal_Sperm/Normal_Sperm (874).bmp,0,1,0,0,0.946510,0.038452,0.015039
smids/Normal_Sperm/Normal_Sperm (886).bmp,0,1,0,0,0.681369,0.316099,0.002532
smids/Normal_Sperm/Normal_Sperm (887).bmp,0,1,0,0,0.612747,0.387216,0.000036
smids/Normal_Sperm/Normal_Sperm (888).bmp,0,1,0,0,0.834849,0.165014,0.000137
smids/Normal_Sperm/Normal_Sperm (890).bmp,0,1,0,1,0.338421,0.658838,0.002742
smids/Normal_Sperm/Normal_Sperm (891).bmp,0,1,0,0,0.888614,0.110968,0.000419
smids/Normal_Sperm/Normal_Sperm (893).bmp,0,1,0,1,0.024046,0.959585,0.016369
smids/Normal_Sperm/Normal_Sperm (898).bmp,0,1,0,0,0.791134,0.208829,0.000037
smids/Normal_Sperm/Normal_Sperm (9).bmp,0,1,0,0,0.580315,0.031793,0.387892
smids/Normal_Sperm/Normal_Sperm (902).bmp,0,1,0,0,0.978844,0.021117,0.000039
smids/Normal_Sperm/Normal_Sperm (910).bmp,0,1,0,0,0.627627,0.371443,0.000930
smids/Normal_Sperm/Normal_Sperm (911).bmp,0,1,0,1,0.417649,0.579247,0.003104
smids/Normal_Sperm/Normal_Sperm (919).bmp,0,1,0,1,0.171830,0.738112,0.090058
smids/Normal_Sperm/Normal_Sperm (923).bmp,0,1,0,1,0.497794,0.501650,0.000556
smids/Normal_Sperm/Normal_Sperm (926).bmp,0,1,0,0,0.650183,0.349303,0.000515
smids/Normal_Sperm/Normal_Sperm (934).bmp,0,1,0,0,0.699274,0.300255,0.000471
smids/Normal_Sperm/Normal_Sperm (947).bmp,0,1,0,1,0.128296,0.843385,0.028319
smids/Normal_Sperm/Normal_Sperm (95).bmp,0,1,0,0,0.851346,0.140295,0.008359
smids/Normal_Sperm/Normal_Sperm (951).bmp,0,1,0,0,0.762790,0.237032,0.000177
smids/Normal_Sperm/Normal_Sperm (953).bmp,0,1,0,1,0.082175,0.910280,0.007544
smids/Normal_Sperm/Normal_Sperm (966).bmp,0,1,0,0,0.965866,0.034094,0.000040
smids/Normal_Sperm/Normal_Sperm (968).bmp,0,1,0,1,0.033931,0.955877,0.010192
smids/Normal_Sperm/Normal_Sperm (969).bmp,0,1,0,1,0.067700,0.870778,0.061522
smids/Normal_Sperm/Normal_Sperm (97).bmp,0,1,0,0,0.944736,0.012410,0.042854
smids/Normal_Sperm/Normal_Sperm (970).bmp,0,1,0,0,0.647344,0.349077,0.003579
smids/Normal_Sperm/Normal_Sperm (984).bmp,0,1,0,0,0.506742,0.033784,0.459474
smids/Normal_Sperm/Normal_Sperm (986).bmp,0,1,0,2,0.334380,0.306957,0.358663
smids/Normal_Sperm/Normal_Sperm (987).bmp,0,1,0,0,0.975799,0.022809,0.001392
smids/Normal_Sperm/Normal_Sperm (990).bmp,0,1,0,0,0.969394,0.030576,0.000030
smids/Normal_Sperm/Normal_Sperm (994).bmp,0,1,0,2,0.033162,0.208124,0.758714
smids/Normal_Sperm/Normal_Sperm (996).bmp,0,1,0,0,0.808300,0.191592,0.000108
smids/Abnormal_Sperm/Abnormal_Sperm (1005).bmp,0,2,1,1,0.014266,0.979878,0.005856
smids/Abnormal_Sperm/Abnormal_Sperm (108).bmp,0,2,1,0,0.733942,0.265683,0.000374
smids/Abnormal_Sperm/Abnormal_Sperm (114).bmp,0,2,1,1,0.094841,0.801358,0.103801
smids/Abnormal_Sperm/Abnormal_Sperm (117).bmp,0,2,1,1,0.010472,0.979451,0.010077
smids/Abnormal_Sperm/Abnormal_Sperm (122).bmp,0,2,1,1,0.206686,0.792630,0.000684
smids/Abnormal_Sperm/Abnormal_Sperm (126).bmp,0,2,1,1,0.293721,0.695442,0.010836
smids/Abnormal_Sperm/Abnormal_Sperm (129).bmp,0,2,1,1,0.065215,0.925175,0.009610
smids/Abnormal_Sperm/Abnormal_Sperm (131).bmp,0,2,1,1,0.014556,0.984390,0.001054
smids/Abnormal_Sperm/Abnormal_Sperm (134).bmp,0,2,1,1,0.011518,0.986655,0.001827
smids/Abnormal_Sperm/Abnormal_Sperm (137).bmp,0,2,1,1,0.031954,0.967283,0.000763
smids/Abnormal_Sperm/Abnormal_Sperm (15).bmp,0,2,1,1,0.168517,0.811637,0.019847
smids/Abnormal_Sperm/Abnormal_Sperm (155).bmp,0,2,1,1,0.033370,0.963655,0.002974
smids/Abnormal_Sperm/Abnormal_Sperm (156).bmp,0,2,1,1,0.167418,0.799611,0.032970
smids/Abnormal_Sperm/Abnormal_Sperm (157).bmp,0,2,1,1,0.025413,0.960242,0.014344
smids/Abnormal_Sperm/Abnormal_Sperm (16).bmp,0,2,1,0,0.611500,0.388432,0.000067
smids/Abnormal_Sperm/Abnormal_Sperm (160).bmp,0,2,1,1,0.007156,0.979302,0.013541
smids/Abnormal_Sperm/Abnormal_Sperm (161).bmp,0,2,1,1,0.401266,0.561754,0.036980
smids/Abnormal_Sperm/Abnormal_Sperm (169).bmp,0,2,1,1,0.024104,0.973655,0.002241
smids/Abnormal_Sperm/Abnormal_Sperm (177).bmp,0,2,1,1,0.101743,0.469659,0.428599
smids/Abnormal_Sperm/Abnormal_Sperm (180).bmp,0,2,1,1,0.024910,0.958707,0.016382
smids/Abnormal_Sperm/Abnormal_Sperm (181).bmp,0,2,1,1,0.017910,0.851234,0.130856
smids/Abnormal_Sperm/Abnormal_Sperm (183).bmp,0,2,1,1,0.212021,0.787462,0.000518
smids/Abnormal_Sperm/Abnormal_Sperm (190).bmp,0,2,1,1,0.045760,0.950890,0.003350
smids/Abnormal_Sperm/Abnormal_Sperm (191).bmp,0,2,1,0,0.632389,0.201615,0.165996
smids/Abnormal_Sperm/Abnormal_Sperm (196).bmp,0,2,1,1,0.043243,0.953703,0.003054
smids/Abnormal_Sperm/Abnormal_Sperm (198).bmp,0,2,1,1,0.037294,0.961306,0.001400
smids/Abnormal_Sperm/Abnormal_Sperm (202).bmp,0,2,1,1,0.139570,0.854449,0.005981
smids/Abnormal_Sperm/Abnormal_Sperm (215).bmp,0,2,1,1,0.025788,0.971245,0.002967
smids/Abnormal_Sperm/Abnormal_Sperm (219).bmp,0,2,1,1,0.169415,0.783652,0.046934
smids/Abnormal_Sperm/Abnormal_Sperm (220).bmp,0,2,1,1,0.150548,0.849248,0.000204
smids/Abnormal_Sperm/Abnormal_Sperm (223).bmp,0,2,1,1,0.012269,0.729972,0.257759
smids/Abnormal_Sperm/Abnormal_Sperm (225).bmp,0,2,1,1,0.248222,0.750667,0.001112
smids/Abnormal_Sperm/Abnormal_Sperm (238).bmp,0,2,1,1,0.080877,0.755103,0.164020
smids/Abnormal_Sperm/Abnormal_Sperm (245).bmp,0,2,1,1,0.034101,0.785056,0.180844
smids/Abnormal_Sperm/Abnormal_Sperm (247).bmp,0,2,1,1,0.021995,0.890422,0.087584
smids/Abnormal_Sperm/Abnormal_Sperm (249).bmp,0,2,1,1,0.015098,0.958254,0.026648
smids/Abnormal_Sperm/Abnormal_Sperm (251).bmp,0,2,1,1,0.199966,0.686432,0.113602
smids/Abnormal_Sperm/Abnormal_Sperm (263).bmp,0,2,1,1,0.057988,0.937975,0.004036
smids/Abnormal_Sperm/Abnormal_Sperm (267).bmp,0,2,1,1,0.051505,0.931738,0.016757
smids/Abnormal_Sperm/Abnormal_Sperm (269).bmp,0,2,1,2,0.092765,0.257912,0.649323
smids/Abnormal_Sperm/Abnormal_Sperm (277).bmp,0,2,1,1,0.041882,0.949967,0.008151
smids/Abnormal_Sperm/Abnormal_Sperm (282).bmp,0,2,1,1,0.055599,0.526353,0.418048
smids/Abnormal_Sperm/Abnormal_Sperm (284).bmp,0,2,1,1,0.002316,0.987412,0.010272
smids/Abnormal_Sperm/Abnormal_Sperm (287).bmp,0,2,1,1,0.215739,0.781241,0.003020
smids/Abnormal_Sperm/Abnormal_Sperm (296).bmp,0,2,1,1,0.043531,0.939256,0.017213
smids/Abnormal_Sperm/Abnormal_Sperm (301).bmp,0,2,1,1,0.085876,0.912647,0.001477
smids/Abnormal_Sperm/Abnormal_Sperm (302).bmp,0,2,1,1,0.024943,0.848990,0.126067
smids/Abnormal_Sperm/Abnormal_Sperm (308).bmp,0,2,1,1,0.228479,0.765653,0.005868
smids/Abnormal_Sperm/Abnormal_Sperm (312).bmp,0,2,1,2,0.055277,0.460945,0.483777
smids/Abnormal_Sperm/Abnormal_Sperm (317).bmp,0,2,1,1,0.131005,0.694439,0.174556
smids/Abnormal_Sperm/Abnormal_Sperm (323).bmp,0,2,1,1,0.058296,0.737810,0.203895
smids/Abnormal_Sperm/Abnormal_Sperm (327).bmp,0,2,1,1,0.029765,0.868575,0.101660
smids/Abnormal_Sperm/Abnormal_Sperm (328).bmp,0,2,1,1,0.001830,0.922980,0.075189
smids/Abnormal_Sperm/Abnormal_Sperm (331).bmp,0,2,1,1,0.020818,0.962824,0.016358
smids/Abnormal_Sperm/Abnormal_Sperm (336).bmp,0,2,1,1,0.002224,0.995738,0.002038
smids/Abnormal_Sperm/Abnormal_Sperm (339).bmp,0,2,1,1,0.148193,0.851656,0.000151
smids/Abnormal_Sperm/Abnormal_Sperm (353).bmp,0,2,1,1,0.005592,0.854264,0.140144
smids/Abnormal_Sperm/Abnormal_Sperm (355).bmp,0,2,1,1,0.020803,0.975764,0.003434
smids/Abnormal_Sperm/Abnormal_Sperm (363).bmp,0,2,1,1,0.118701,0.876202,0.005097
smids/Abnormal_Sperm/Abnormal_Sperm (366).bmp,0,2,1,1,0.298101,0.673141,0.028759
smids/Abnormal_Sperm/Abnormal_Sperm (369).bmp,0,2,1,1,0.177208,0.765254,0.057538
smids/Abnormal_Sperm/Abnormal_Sperm (372).bmp,0,2,1,1,0.018982,0.971518,0.009499
smids/Abnormal_Sperm/Abnormal_Sperm (374).bmp,0,2,1,1,0.001056,0.995733,0.003210
smids/Abnormal_Sperm/Abnormal_Sperm (375).bmp,0,2,1,1,0.059912,0.920865,0.019224
smids/Abnormal_Sperm/Abnormal_Sperm (381).bmp,0,2,1,1,0.108126,0.891193,0.000681
smids/Abnormal_Sperm/Abnormal_Sperm (384).bmp,0,2,1,1,0.037058,0.889869,0.073072
smids/Abnormal_Sperm/Abnormal_Sperm (389).bmp,0,2,1,1,0.305680,0.670828,0.023492
smids/Abnormal_Sperm/Abnormal_Sperm (39).bmp,0,2,1,1,0.003326,0.994105,0.002569
smids/Abnormal_Sperm/Abnormal_Sperm (390).bmp,0,2,1,1,0.096930,0.892947,0.010123
smids/Abnormal_Sperm/Abnormal_Sperm (392).bmp,0,2,1,1,0.126776,0.873127,0.000097
smids/Abnormal_Sperm/Abnormal_Sperm (393).bmp,0,2,1,1,0.018291,0.981565,0.000144
smids/Abnormal_Sperm/Abnormal_Sperm (395).bmp,0,2,1,1,0.060408,0.935247,0.004345
smids/Abnormal_Sperm/Abnormal_Sperm (398).bmp,0,2,1,1,0.014028,0.959620,0.026353
smids/Abnormal_Sperm/Abnormal_Sperm (402).bmp,0,2,1,1,0.001188,0.973168,0.025644
smids/Abnormal_Sperm/Abnormal_Sperm (404).bmp,0,2,1,1,0.108308,0.579317,0.312376
smids/Abnormal_Sperm/Abnormal_Sperm (409).bmp,0,2,1,1,0.256668,0.667713,0.075619
smids/Abnormal_Sperm/Abnormal_Sperm (410).bmp,0,2,1,1,0.015202,0.621536,0.363263
smids/Abnormal_Sperm/Abnormal_Sperm (412).bmp,0,2,1,1,0.044549,0.805310,0.150141
smids/Abnormal_Sperm/Abnormal_Sperm (413).bmp,0,2,1,1,0.025082,0.972741,0.002177
smids/Abnormal_Sperm/Abnormal_Sperm (414).bmp,0,2,1,0,0.558105,0.438046,0.003849
smids/Abnormal_Sperm/Abnormal_Sperm (415).bmp,0,2,1,1,0.167661,0.827716,0.004623
smids/Abnormal_Sperm/Abnormal_Sperm (418).bmp,0,2,1,1,0.002579,0.993846,0.003575
smids/Abnormal_Sperm/Abnormal_Sperm (425).bmp,0,2,1,1,0.271518,0.706392,0.022089
smids/Abnormal_Sperm/Abnormal_Sperm (428).bmp,0,2,1,1,0.003854,0.842113,0.154033
smids/Abnormal_Sperm/Abnormal_Sperm (434).bmp,0,2,1,1,0.323771,0.674884,0.001345
smids/Abnormal_Sperm/Abnormal_Sperm (439).bmp,0,2,1,1,0.034347,0.919144,0.046508
smids/Abnormal_Sperm/Abnormal_Sperm (446).bmp,0,2,1,1,0.377035,0.622560,0.000405
smids/Abnormal_Sperm/Abnormal_Sperm (449).bmp,0,2,1,1,0.003628,0.978535,0.017836
smids/Abnormal_Sperm/Abnormal_Sperm (455).bmp,0,2,1,1,0.026090,0.954569,0.019341
smids/Abnormal_Sperm/Abnormal_Sperm (461).bmp,0,2,1,1,0.013994,0.654796,0.331210
smids/Abnormal_Sperm/Abnormal_Sperm (472).bmp,0,2,1,1,0.069286,0.928358,0.002355
smids/Abnormal_Sperm/Abnormal_Sperm (475).bmp,0,2,1,1,0.009951,0.929903,0.060146
smids/Abnormal_Sperm/Abnormal_Sperm (480).bmp,0,2,1,0,0.654618,0.322380,0.023002
smids/Abnormal_Sperm/Abnormal_Sperm (489).bmp,0,2,1,1,0.190488,0.670746,0.138765
smids/Abnormal_Sperm/Abnormal_Sperm (494).bmp,0,2,1,1,0.037600,0.843337,0.119063
smids/Abnormal_Sperm/Abnormal_Sperm (503).bmp,0,2,1,2,0.015367,0.263792,0.720841
smids/Abnormal_Sperm/Abnormal_Sperm (504).bmp,0,2,1,1,0.058370,0.920809,0.020821
smids/Abnormal_Sperm/Abnormal_Sperm (507).bmp,0,2,1,2,0.024098,0.275305,0.700597
smids/Abnormal_Sperm/Abnormal_Sperm (509).bmp,0,2,1,2,0.003559,0.290361,0.706080
smids/Abnormal_Sperm/Abnormal_Sperm (515).bmp,0,2,1,1,0.058279,0.880059,0.061662
smids/Abnormal_Sperm/Abnormal_Sperm (517).bmp,0,2,1,1,0.243108,0.742178,0.014713
smids/Abnormal_Sperm/Abnormal_Sperm (528).bmp,0,2,1,2,0.028006,0.176268,0.795726
smids/Abnormal_Sperm/Abnormal_Sperm (534).bmp,0,2,1,2,0.020688,0.059779,0.919532
smids/Abnormal_Sperm/Abnormal_Sperm (539).bmp,0,2,1,0,0.654959,0.335723,0.009318
smids/Abnormal_Sperm/Abnormal_Sperm (541).bmp,0,2,1,1,0.190799,0.779538,0.029663
smids/Abnormal_Sperm/Abnormal_Sperm (547).bmp,0,2,1,1,0.202935,0.795549,0.001517
smids/Abnormal_Sperm/Abnormal_Sperm (550).bmp,0,2,1,1,0.117127,0.878714,0.004159
smids/Abnormal_Sperm/Abnormal_Sperm (553).bmp,0,2,1,0,0.546564,0.215569,0.237866
smids/Abnormal_Sperm/Abnormal_Sperm (560).bmp,0,2,1,0,0.914186,0.082676,0.003138
smids/Abnormal_Sperm/Abnormal_Sperm (564).bmp,0,2,1,1,0.089359,0.677900,0.232740
smids/Abnormal_Sperm/Abnormal_Sperm (567).bmp,0,2,1,1,0.308747,0.651182,0.040071
smids/Abnormal_Sperm/Abnormal_Sperm (573).bmp,0,2,1,0,0.825184,0.101966,0.072850
smids/Abnormal_Sperm/Abnormal_Sperm (576).bmp,0,2,1,1,0.011002,0.587505,0.401493
smids/Abnormal_Sperm/Abnormal_Sperm (579).bmp,0,2,1,1,0.067264,0.923771,0.008965
smids/Abnormal_Sperm/Abnormal_Sperm (582).bmp,0,2,1,1,0.074741,0.833413,0.091845
smids/Abnormal_Sperm/Abnormal_Sperm (587).bmp,0,2,1,2,0.038930,0.124248,0.836822
smids/Abnormal_Sperm/Abnormal_Sperm (596).bmp,0,2,1,1,0.119692,0.880044,0.000264
smids/Abnormal_Sperm/Abnormal_Sperm (6).bmp,0,2,1,2,0.031466,0.407290,0.561244
smids/Abnormal_Sperm/Abnormal_Sperm (607).bmp,0,2,1,1,0.211015,0.780715,0.008270
smids/Abnormal_Sperm/Abnormal_Sperm (61).bmp,0,2,1,1,0.019202,0.867335,0.113463
smids/Abnormal_Sperm/Abnormal_Sperm (62).bmp,0,2,1,1,0.185546,0.800426,0.014027
smids/Abnormal_Sperm/Abnormal_Sperm (625).bmp,0,2,1,1,0.453428,0.520817,0.025755
smids/Abnormal_Sperm/Abnormal_Sperm (628).bmp,0,2,1,1,0.042598,0.838073,0.119329
smids/Abnormal_Sperm/Abnormal_Sperm (629).bmp,0,2,1,2,0.071202,0.454274,0.474523
smids/Abnormal_Sperm/Abnormal_Sperm (63).bmp,0,2,1,1,0.376289,0.592476,0.031235
smids/Abnormal_Sperm/Abnormal_Sperm (649).bmp,0,2,1,1,0.093682,0.582257,0.324061
smids/Abnormal_Sperm/Abnormal_Sperm (651).bmp,0,2,1,1,0.451024,0.486437,0.062539
smids/Abnormal_Sperm/Abnormal_Sperm (66).bmp,0,2,1,1,0.051702,0.750015,0.198282
smids/Abnormal_Sperm/Abnormal_Sperm (661).bmp,0,2,1,0,0.531585,0.464676,0.003739
smids/Abnormal_Sperm/Abnormal_Sperm (668).bmp,0,2,1,1,0.029793,0.955190,0.015016
smids/Abnormal_Sperm/Abnormal_Sperm (671).bmp,0,2,1,1,0.122711,0.785292,0.091998
smids/Abnormal_Sperm/Abnormal_Sperm (683).bmp,0,2,1,0,0.652810,0.216376,0.130814
smids/Abnormal_Sperm/Abnormal_Sperm (691).bmp,0,2,1,1,0.076991,0.901379,0.021630
smids/Abnormal_Sperm/Abnormal_Sperm (695).bmp,0,2,1,1,0.123321,0.488781,0.387898
smids/Abnormal_Sperm/Abnormal_Sperm (717).bmp,0,2,1,0,0.812645,0.187263,0.000092
smids/Abnormal_Sperm/Abnormal_Sperm (719).bmp,0,2,1,1,0.115789,0.786049,0.098162
smids/Abnormal_Sperm/Abnormal_Sperm (733).bmp,0,2,1,1,0.040862,0.947717,0.011421
smids/Abnormal_Sperm/Abnormal_Sperm (736).bmp,0,2,1,1,0.012461,0.982168,0.005372
smids/Abnormal_Sperm/Abnormal_Sperm (742).bmp,0,2,1,0,0.795847,0.199541,0.004612
smids/Abnormal_Sperm/Abnormal_Sperm (748).bmp,0,2,1,1,0.415019,0.564737,0.020244
smids/Abnormal_Sperm/Abnormal_Sperm (754).bmp,0,2,1,0,0.499590,0.497849,0.002561
smids/Abnormal_Sperm/Abnormal_Sperm (76).bmp,0,2,1,1,0.214996,0.704561,0.080443
smids/Abnormal_Sperm/Abnormal_Sperm (764).bmp,0,2,1,0,0.733433,0.096140,0.170427
smids/Abnormal_Sperm/Abnormal_Sperm (765).bmp,0,2,1,1,0.014852,0.979210,0.005938
smids/Abnormal_Sperm/Abnormal_Sperm (767).bmp,0,2,1,1,0.284351,0.715267,0.000382
smids/Abnormal_Sperm/Abnormal_Sperm (77).bmp,0,2,1,1,0.047288,0.930848,0.021864
smids/Abnormal_Sperm/Abnormal_Sperm (770).bmp,0,2,1,0,0.727729,0.270496,0.001775
smids/Abnormal_Sperm/Abnormal_Sperm (775).bmp,0,2,1,0,0.744010,0.255734,0.000256
smids/Abnormal_Sperm/Abnormal_Sperm (785).bmp,0,2,1,0,0.633704,0.365771,0.000525
smids/Abnormal_Sperm/Abnormal_Sperm (789).bmp,0,2,1,1,0.058193,0.489096,0.452711
smids/Abnormal_Sperm/Abnormal_Sperm (793).bmp,0,2,1,1,0.219668,0.472557,0.307775
smids/Abnormal_Sperm/Abnormal_Sperm (794).bmp,0,2,1,1,0.064124,0.928556,0.007320
smids/Abnormal_Sperm/Abnormal_Sperm (801).bmp,0,2,1,1,0.088744,0.623421,0.287835
smids/Abnormal_Sperm/Abnormal_Sperm (802).bmp,0,2,1,1,0.054709,0.913759,0.031531
smids/Abnormal_Sperm/Abnormal_Sperm (803).bmp,0,2,1,0,0.707332,0.292438,0.000231
smids/Abnormal_Sperm/Abnormal_Sperm (812).bmp,0,2,1,0,0.632247,0.367479,0.000274
smids/Abnormal_Sperm/Abnormal_Sperm (823).bmp,0,2,1,1,0.467725,0.531541,0.000734
smids/Abnormal_Sperm/Abnormal_Sperm (830).bmp,0,2,1,0,0.657935,0.340463,0.001603
smids/Abnormal_Sperm/Abnormal_Sperm (831).bmp,0,2,1,0,0.575616,0.423150,0.001234
smids/Abnormal_Sperm/Abnormal_Sperm (834).bmp,0,2,1,0,0.967343,0.032247,0.000410
smids/Abnormal_Sperm/Abnormal_Sperm (839).bmp,0,2,1,0,0.928828,0.070704,0.000468
smids/Abnormal_Sperm/Abnormal_Sperm (84).bmp,0,2,1,1,0.010948,0.985929,0.003123
smids/Abnormal_Sperm/Abnormal_Sperm (840).bmp,0,2,1,1,0.046443,0.952580,0.000977
smids/Abnormal_Sperm/Abnormal_Sperm (843).bmp,0,2,1,0,0.867495,0.132371,0.000135
smids/Abnormal_Sperm/Abnormal_Sperm (847).bmp,0,2,1,1,0.487884,0.511930,0.000186
smids/Abnormal_Sperm/Abnormal_Sperm (852).bmp,0,2,1,0,0.936734,0.063063,0.000203
smids/Abnormal_Sperm/Abnormal_Sperm (855).bmp,0,2,1,1,0.273123,0.710809,0.016068
smids/Abnormal_Sperm/Abnormal_Sperm (858).bmp,0,2,1,1,0.271043,0.720423,0.008534
smids/Abnormal_Sperm/Abnormal_Sperm (865).bmp,0,2,1,0,0.740389,0.259264,0.000346
smids/Abnormal_Sperm/Abnormal_Sperm (873).bmp,0,2,1,1,0.326200,0.670851,0.002949
smids/Abnormal_Sperm/Abnormal_Sperm (874).bmp,0,2,1,1,0.375546,0.586473,0.037981
smids/Abnormal_Sperm/Abnormal_Sperm (876).bmp,0,2,1,1,0.353889,0.645040,0.001071
smids/Abnormal_Sperm/Abnormal_Sperm (877).bmp,0,2,1,1,0.238650,0.711986,0.049364
smids/Abnormal_Sperm/Abnormal_Sperm (88).bmp,0,2,1,1,0.008545,0.988598,0.002857
smids/Abnormal_Sperm/Abnormal_Sperm (883).bmp,0,2,1,0,0.580575,0.416331,0.003094
smids/Abnormal_Sperm/Abnormal_Sperm (884).bmp,0,2,1,0,0.741584,0.254828,0.003588
smids/Abnormal_Sperm/Abnormal_Sperm (885).bmp,0,2,1,1,0.324166,0.650009,0.025825
smids/Abnormal_Sperm/Abnormal_Sperm (888).bmp,0,2,1,0,0.926606,0.073347,0.000047
smids/Abnormal_Sperm/Abnormal_Sperm (894).bmp,0,2,1,1,0.183982,0.811957,0.004061
smids/Abnormal_Sperm/Abnormal_Sperm (904).bmp,0,2,1,1,0.207667,0.771570,0.020763
smids/Abnormal_Sperm/Abnormal_Sperm (906).bmp,0,2,1,0,0.683814,0.304704,0.011482
smids/Abnormal_Sperm/Abnormal_Sperm (913).bmp,0,2,1,2,0.117957,0.407122,0.474921
smids/Abnormal_Sperm/Abnormal_Sperm (915).bmp,0,2,1,2,0.301676,0.226038,0.472286
smids/Abnormal_Sperm/Abnormal_Sperm (922).bmp,0,2,1,1,0.040586,0.777193,0.182221
smids/Abnormal_Sperm/Abnormal_Sperm (929).bmp,0,2,1,1,0.103411,0.887516,0.009073
smids/Abnormal_Sperm/Abnormal_Sperm (94).bmp,0,2,1,1,0.002103,0.553889,0.444008
smids/Abnormal_Sperm/Abnormal_Sperm (943).bmp,0,2,1,1,0.091494,0.869583,0.038924
smids/Abnormal_Sperm/Abnormal_Sperm (946).bmp,0,2,1,0,0.503939,0.488652,0.007409
smids/Abnormal_Sperm/Abnormal_Sperm (947).bmp,0,2,1,1,0.257018,0.740442,0.002540
smids/Abnormal_Sperm/Abnormal_Sperm (950).bmp,0,2,1,1,0.334210,0.658561,0.007229
smids/Abnormal_Sperm/Abnormal_Sperm (96).bmp,0,2,1,1,0.040932,0.594183,0.364885
smids/Abnormal_Sperm/Abnormal_Sperm (978).bmp,0,2,1,1,0.014803,0.925037,0.060160
smids/Abnormal_Sperm/Abnormal_Sperm (979).bmp,0,2,1,1,0.061476,0.937709,0.000814
smids/Abnormal_Sperm/Abnormal_Sperm (991).bmp,0,2,1,1,0.014712,0.958690,0.026598
smids/Abnormal_Sperm/Abnormal_Sperm (997).bmp,0,2,1,1,0.287073,0.572563,0.140364
smids/Non-Sperm/Non-Sperm (10).bmp,0,2,2,2,0.001311,0.001377,0.997312
smids/Non-Sperm/Non-Sperm (107).bmp,0,2,2,2,0.001175,0.000745,0.998080
smids/Non-Sperm/Non-Sperm (122).bmp,0,2,2,2,0.000717,0.000275,0.999007
smids/Non-Sperm/Non-Sperm (130).bmp,0,2,2,2,0.000475,0.001957,0.997568
smids/Non-Sperm/Non-Sperm (134).bmp,0,2,2,2,0.000198,0.000142,0.999660
smids/Non-Sperm/Non-Sperm (14).bmp,0,2,2,2,0.006255,0.031888,0.961857
smids/Non-Sperm/Non-Sperm (140).bmp,0,2,2,2,0.000194,0.000551,0.999255
smids/Non-Sperm/Non-Sperm (141).bmp,0,2,2,2,0.001450,0.000352,0.998199
smids/Non-Sperm/Non-Sperm (143).bmp,0,2,2,2,0.007499,0.001149,0.991352
smids/Non-Sperm/Non-Sperm (150).bmp,0,2,2,2,0.000840,0.000382,0.998778
smids/Non-Sperm/Non-Sperm (159).bmp,0,2,2,2,0.001818,0.000921,0.997261
smids/Non-Sperm/Non-Sperm (16).bmp,0,2,2,2,0.000477,0.002749,0.996774
smids/Non-Sperm/Non-Sperm (160).bmp,0,2,2,2,0.027166,0.028075,0.944758
smids/Non-Sperm/Non-Sperm (168).bmp,0,2,2,2,0.001013,0.001044,0.997943
smids/Non-Sperm/Non-Sperm (171).bmp,0,2,2,2,0.000791,0.010093,0.989116
smids/Non-Sperm/Non-Sperm (172).bmp,0,2,2,2,0.000228,0.011661,0.988110
smids/Non-Sperm/Non-Sperm (183).bmp,0,2,2,2,0.000433,0.003673,0.995893
smids/Non-Sperm/Non-Sperm (184).bmp,0,2,2,2,0.072851,0.141027,0.786123
smids/Non-Sperm/Non-Sperm (188).bmp,0,2,2,2,0.001047,0.001724,0.997229
smids/Non-Sperm/Non-Sperm (207).bmp,0,2,2,2,0.000350,0.000865,0.998785
smids/Non-Sperm/Non-Sperm (219).bmp,0,2,2,2,0.003897,0.002922,0.993180
smids/Non-Sperm/Non-Sperm (223).bmp,0,2,2,2,0.001545,0.001787,0.996668
smids/Non-Sperm/Non-Sperm (225).bmp,0,2,2,2,0.004432,0.020211,0.975357
smids/Non-Sperm/Non-Sperm (227).bmp,0,2,2,2,0.000916,0.004158,0.994926
smids/Non-Sperm/Non-Sperm (229).bmp,0,2,2,2,0.000372,0.002172,0.997456
smids/Non-Sperm/Non-Sperm (230).bmp,0,2,2,2,0.011672,0.014567,0.973760
smids/Non-Sperm/Non-Sperm (238).bmp,0,2,2,2,0.002594,0.000552,0.996854
smids/Non-Sperm/Non-Sperm (239).bmp,0,2,2,2,0.002060,0.005423,0.992517
smids/Non-Sperm/Non-Sperm (24).bmp,0,2,2,2,0.043784,0.353072,0.603145
smids/Non-Sperm/Non-Sperm (242).bmp,0,2,2,2,0.000299,0.000712,0.998988
smids/Non-Sperm/Non-Sperm (244).bmp,0,2,2,2,0.000324,0.001688,0.997988
smids/Non-Sperm/Non-Sperm (249).bmp,0,2,2,2,0.003565,0.002458,0.993977
smids/Non-Sperm/Non-Sperm (25).bmp,0,2,2,1,0.314145,0.431071,0.254785
smids/Non-Sperm/Non-Sperm (252).bmp,0,2,2,2,0.001729,0.006809,0.991461
smids/Non-Sperm/Non-Sperm (255).bmp,0,2,2,2,0.000877,0.002267,0.996856
smids/Non-Sperm/Non-Sperm (258).bmp,0,2,2,2,0.000385,0.001476,0.998139
smids/Non-Sperm/Non-Sperm (260).bmp,0,2,2,2,0.001523,0.001109,0.997368
smids/Non-Sperm/Non-Sperm (263).bmp,0,2,2,2,0.000732,0.007134,0.992134
smids/Non-Sperm/Non-Sperm (265).bmp,0,2,2,2,0.000456,0.000752,0.998792
smids/Non-Sperm/Non-Sperm (266).bmp,0,2,2,2,0.001258,0.001034,0.997708
smids/Non-Sperm/Non-Sperm (270).bmp,0,2,2,2,0.001704,0.000315,0.997982
smids/Non-Sperm/Non-Sperm (272).bmp,0,2,2,2,0.034508,0.001207,0.964285
smids/Non-Sperm/Non-Sperm (275).bmp,0,2,2,2,0.000262,0.000256,0.999483
smids/Non-Sperm/Non-Sperm (279).bmp,0,2,2,2,0.001676,0.000372,0.997952
smids/Non-Sperm/Non-Sperm (280).bmp,0,2,2,2,0.001096,0.000222,0.998681
smids/Non-Sperm/Non-Sperm (285).bmp,0,2,2,2,0.003410,0.002491,0.994099
smids/Non-Sperm/Non-Sperm (288).bmp,0,2,2,2,0.000622,0.000409,0.998970
smids/Non-Sperm/Non-Sperm (300).bmp,0,2,2,2,0.000618,0.001071,0.998311
smids/Non-Sperm/Non-Sperm (301).bmp,0,2,2,2,0.001563,0.001417,0.997019
smids/Non-Sperm/Non-Sperm (305).bmp,0,2,2,2,0.004562,0.004142,0.991296
smids/Non-Sperm/Non-Sperm (31).bmp,0,2,2,2,0.012547,0.062180,0.925273
smids/Non-Sperm/Non-Sperm (310).bmp,0,2,2,2,0.020068,0.003530,0.976403
smids/Non-Sperm/Non-Sperm (313).bmp,0,2,2,2,0.389441,0.109829,0.500730
smids/Non-Sperm/Non-Sperm (316).bmp,0,2,2,2,0.000814,0.000174,0.999012
smids/Non-Sperm/Non-Sperm (32).bmp,0,2,2,2,0.001458,0.047147,0.951394
smids/Non-Sperm/Non-Sperm (320).bmp,0,2,2,2,0.003186,0.000817,0.995997
smids/Non-Sperm/Non-Sperm (325).bmp,0,2,2,2,0.007677,0.004128,0.988195
smids/Non-Sperm/Non-Sperm (327).bmp,0,2,2,2,0.380054,0.157931,0.462016
smids/Non-Sperm/Non-Sperm (328).bmp,0,2,2,2,0.000841,0.002761,0.996397
smids/Non-Sperm/Non-Sperm (331).bmp,0,2,2,2,0.000912,0.001094,0.997994
smids/Non-Sperm/Non-Sperm (335).bmp,0,2,2,2,0.210182,0.065290,0.724528
smids/Non-Sperm/Non-Sperm (339).bmp,0,2,2,2,0.009665,0.007062,0.983272
smids/Non-Sperm/Non-Sperm (34).bmp,0,2,2,1,0.067827,0.645999,0.286173
smids/Non-Sperm/Non-Sperm (342).bmp,0,2,2,2,0.004399,0.009489,0.986112
smids/Non-Sperm/Non-Sperm (346).bmp,0,2,2,2,0.000584,0.000361,0.999055
smids/Non-Sperm/Non-Sperm (349).bmp,0,2,2,2,0.012648,0.022316,0.965036
smids/Non-Sperm/Non-Sperm (357).bmp,0,2,2,2,0.010469,0.016131,0.973400
smids/Non-Sperm/Non-Sperm (37).bmp,0,2,2,1,0.031241,0.514219,0.454540
smids/Non-Sperm/Non-Sperm (373).bmp,0,2,2,2,0.003826,0.002209,0.993965
smids/Non-Sperm/Non-Sperm (375).bmp,0,2,2,2,0.020709,0.033215,0.946076
smids/Non-Sperm/Non-Sperm (376).bmp,0,2,2,2,0.010152,0.072503,0.917345
smids/Non-Sperm/Non-Sperm (382).bmp,0,2,2,2,0.002875,0.004915,0.992209
smids/Non-Sperm/Non-Sperm (387).bmp,0,2,2,2,0.008627,0.006402,0.984971
smids/Non-Sperm/Non-Sperm (390).bmp,0,2,2,2,0.004029,0.008931,0.987040
smids/Non-Sperm/Non-Sperm (4).bmp,0,2,2,1,0.000963,0.662175,0.336862
smids/Non-Sperm/Non-Sperm (407).bmp,0,2,2,2,0.004330,0.032444,0.963226
smids/Non-Sperm/Non-Sperm (41).bmp,0,2,2,2,0.003175,0.096618,0.900207
smids/Non-Sperm/Non-Sperm (414).bmp,0,2,2,2,0.071983,0.012019,0.915998
smids/Non-Sperm/Non-Sperm (415).bmp,0,2,2,0,0.439470,0.189328,0.371201
smids/Non-Sperm/Non-Sperm (421).bmp,0,2,2,2,0.002276,0.004538,0.993186
smids/Non-Sperm/Non-Sperm (429).bmp,0,2,2,2,0.000298,0.001584,0.998118
smids/Non-Sperm/Non-Sperm (43).bmp,0,2,2,2,0.003026,0.058950,0.938024
smids/Non-Sperm/Non-Sperm (432).bmp,0,2,2,2,0.002090,0.001576,0.996335
smids/Non-Sperm/Non-Sperm (436).bmp,0,2,2,2,0.001291,0.000355,0.998355
smids/Non-Sperm/Non-Sperm (440).bmp,0,2,2,2,0.189514,0.114727,0.695759
smids/Non-Sperm/Non-Sperm (441).bmp,0,2,2,2,0.005832,0.007681,0.986488
smids/Non-Sperm/Non-Sperm (442).bmp,0,2,2,2,0.000080,0.000078,0.999842
smids/Non-Sperm/Non-Sperm (45).bmp,0,2,2,2,0.092933,0.003875,0.903192
smids/Non-Sperm/Non-Sperm (463).bmp,0,2,2,2,0.084077,0.411824,0.504100
smids/Non-Sperm/Non-Sperm (464).bmp,0,2,2,2,0.000824,0.004359,0.994817
smids/Non-Sperm/Non-Sperm (465).bmp,0,2,2,2,0.000095,0.000196,0.999709
smids/Non-Sperm/Non-Sperm (466).bmp,0,2,2,2,0.008653,0.050936,0.940411
smids/Non-Sperm/Non-Sperm (467).bmp,0,2,2,2,0.000069,0.000239,0.999692
smids/Non-Sperm/Non-Sperm (473).bmp,0,2,2,2,0.003379,0.048244,0.948376
smids/Non-Sperm/Non-Sperm (475).bmp,0,2,2,2,0.000888,0.000374,0.998738
smids/Non-Sperm/Non-Sperm (477).bmp,0,2,2,2,0.005256,0.000976,0.993768
smids/Non-Sperm/Non-Sperm (479).bmp,0,2,2,2,0.003226,0.003188,0.993586
smids/Non-Sperm/Non-Sperm (482).bmp,0,2,2,2,0.005383,0.003945,0.990672
smids/Non-Sperm/Non-Sperm (489).bmp,0,2,2,2,0.007539,0.015759,0.976702
smids/Non-Sperm/Non-Sperm (491).bmp,0,2,2,2,0.042774,0.068180,0.889046
smids/Non-Sperm/Non-Sperm (495).bmp,0,2,2,2,0.061850,0.010010,0.928140
smids/Non-Sperm/Non-Sperm (503).bmp,0,2,2,2,0.002283,0.001764,0.995952
smids/Non-Sperm/Non-Sperm (506).bmp,0,2,2,2,0.003874,0.011200,0.984926
smids/Non-Sperm/Non-Sperm (510).bmp,0,2,2,2,0.000370,0.000494,0.999135
smids/Non-Sperm/Non-Sperm (513).bmp,0,2,2,2,0.020534,0.042776,0.936690
smids/Non-Sperm/Non-Sperm (514).bmp,0,2,2,2,0.000858,0.000367,0.998775
smids/Non-Sperm/Non-Sperm (515).bmp,0,2,2,2,0.005585,0.010023,0.984392
smids/Non-Sperm/Non-Sperm (519).bmp,0,2,2,2,0.002369,0.001560,0.996071
smids/Non-Sperm/Non-Sperm (52).bmp,0,2,2,2,0.067202,0.122190,0.810608
smids/Non-Sperm/Non-Sperm (520).bmp,0,2,2,2,0.001849,0.006741,0.991410
smids/Non-Sperm/Non-Sperm (526).bmp,0,2,2,2,0.333815,0.257673,0.408511
smids/Non-Sperm/Non-Sperm (528).bmp,0,2,2,1,0.161517,0.465134,0.373349
smids/Non-Sperm/Non-Sperm (531).bmp,0,2,2,0,0.752337,0.145322,0.102340
smids/Non-Sperm/Non-Sperm (535).bmp,0,2,2,2,0.000780,0.002968,0.996252
smids/Non-Sperm/Non-Sperm (549).bmp,0,2,2,2,0.000821,0.000478,0.998701
smids/Non-Sperm/Non-Sperm (554).bmp,0,2,2,2,0.006839,0.060300,0.932861
smids/Non-Sperm/Non-Sperm (555).bmp,0,2,2,2,0.008128,0.010780,0.981092
smids/Non-Sperm/Non-Sperm (558).bmp,0,2,2,2,0.009190,0.004434,0.986376
smids/Non-Sperm/Non-Sperm (559).bmp,0,2,2,2,0.000469,0.003665,0.995867
smids/Non-Sperm/Non-Sperm (567).bmp,0,2,2,1,0.185290,0.431308,0.383402
smids/Non-Sperm/Non-Sperm (577).bmp,0,2,2,2,0.002836,0.008734,0.988430
smids/Non-Sperm/Non-Sperm (578).bmp,0,2,2,2,0.163641,0.071821,0.764537
smids/Non-Sperm/Non-Sperm (584).bmp,0,2,2,2,0.016730,0.017540,0.965730
smids/Non-Sperm/Non-Sperm (606).bmp,0,2,2,2,0.000398,0.000404,0.999197
smids/Non-Sperm/Non-Sperm (617).bmp,0,2,2,2,0.003784,0.001820,0.994396
smids/Non-Sperm/Non-Sperm (619).bmp,0,2,2,2,0.012692,0.030154,0.957154
smids/Non-Sperm/Non-Sperm (631).bmp,0,2,2,2,0.001617,0.002145,0.996239
smids/Non-Sperm/Non-Sperm (649).bmp,0,2,2,2,0.000148,0.000437,0.999415
smids/Non-Sperm/Non-Sperm (653).bmp,0,2,2,2,0.017187,0.002973,0.979840
smids/Non-Sperm/Non-Sperm (659).bmp,0,2,2,2,0.001896,0.003168,0.994935
smids/Non-Sperm/Non-Sperm (662).bmp,0,2,2,2,0.001008,0.001896,0.997096
smids/Non-Sperm/Non-Sperm (665).bmp,0,2,2,2,0.000802,0.006117,0.993081
smids/Non-Sperm/Non-Sperm (672).bmp,0,2,2,2,0.000984,0.000727,0.998289
smids/Non-Sperm/Non-Sperm (673).bmp,0,2,2,2,0.000320,0.000509,0.999171
smids/Non-Sperm/Non-Sperm (675).bmp,0,2,2,2,0.004285,0.003137,0.992578
smids/Non-Sperm/Non-Sperm (679).bmp,0,2,2,2,0.011264,0.034743,0.953993
smids/Non-Sperm/Non-Sperm (688).bmp,0,2,2,2,0.003429,0.002009,0.994562
smids/Non-Sperm/Non-Sperm (691).bmp,0,2,2,2,0.026010,0.039727,0.934262
smids/Non-Sperm/Non-Sperm (695).bmp,0,2,2,2,0.009350,0.126230,0.864420
smids/Non-Sperm/Non-Sperm (700).bmp,0,2,2,2,0.000532,0.000192,0.999276
smids/Non-Sperm/Non-Sperm (721).bmp,0,2,2,2,0.018972,0.006801,0.974227
smids/Non-Sperm/Non-Sperm (739).bmp,0,2,2,2,0.008962,0.005686,0.985353
smids/Non-Sperm/Non-Sperm (74).bmp,0,2,2,2,0.013806,0.279528,0.706665
smids/Non-Sperm/Non-Sperm (743).bmp,0,2,2,2,0.013490,0.012176,0.974334
smids/Non-Sperm/Non-Sperm (744).bmp,0,2,2,2,0.000994,0.000938,0.998068
smids/Non-Sperm/Non-Sperm (773).bmp,0,2,2,2,0.000729,0.005772,0.993499
smids/Non-Sperm/Non-Sperm (775).bmp,0,2,2,2,0.013676,0.004973,0.981351
smids/Non-Sperm/Non-Sperm (778).bmp,0,2,2,2,0.022964,0.023833,0.953203
smids/Non-Sperm/Non-Sperm (779).bmp,0,2,2,2,0.004504,0.007306,0.988190
smids/Non-Sperm/Non-Sperm (780).bmp,0,2,2,2,0.000537,0.000359,0.999104
smids/Non-Sperm/Non-Sperm (791).bmp,0,2,2,2,0.000326,0.000089,0.999584
smids/Non-Sperm/Non-Sperm (795).bmp,0,2,2,2,0.137312,0.056837,0.805851
smids/Non-Sperm/Non-Sperm (798).bmp,0,2,2,2,0.000870,0.000443,0.998687
smids/Non-Sperm/Non-Sperm (799).bmp,0,2,2,2,0.003691,0.013083,0.983226
smids/Non-Sperm/Non-Sperm (80).bmp,0,2,2,2,0.003350,0.009338,0.987312
smids/Non-Sperm/Non-Sperm (806).bmp,0,2,2,2,0.001427,0.001051,0.997522
smids/Non-Sperm/Non-Sperm (810).bmp,0,2,2,2,0.003295,0.002213,0.994492
smids/Non-Sperm/Non-Sperm (812).bmp,0,2,2,2,0.000766,0.000266,0.998967
smids/Non-Sperm/Non-Sperm (821).bmp,0,2,2,2,0.002128,0.046058,0.951814
smids/Non-Sperm/Non-Sperm (829).bmp,0,2,2,2,0.000181,0.074720,0.925099
smids/Non-Sperm/Non-Sperm (833).bmp,0,2,2,2,0.024960,0.019061,0.955979
smids/Non-Sperm/Non-Sperm (837).bmp,0,2,2,2,0.000169,0.001914,0.997917
smids/Non-Sperm/Non-Sperm (839).bmp,0,2,2,2,0.005418,0.000919,0.993662
smids/Non-Sperm/Non-Sperm (841).bmp,0,2,2,0,0.578934,0.014049,0.407017
smids/Non-Sperm/Non-Sperm (842).bmp,0,2,2,2,0.000189,0.000273,0.999539
smids/Non-Sperm/Non-Sperm (843).bmp,0,2,2,2,0.007858,0.002512,0.989629
smids/Non-Sperm/Non-Sperm (846).bmp,0,2,2,2,0.045498,0.274485,0.680016
smids/Non-Sperm/Non-Sperm (851).bmp,0,2,2,2,0.005068,0.008715,0.986217
smids/Non-Sperm/Non-Sperm (853).bmp,0,2,2,2,0.002225,0.000889,0.996886
smids/Non-Sperm/Non-Sperm (857).bmp,0,2,2,2,0.000819,0.005002,0.994178
smids/Non-Sperm/Non-Sperm (865).bmp,0,2,2,2,0.046628,0.023555,0.929817
smids/Non-Sperm/Non-Sperm (869).bmp,0,2,2,2,0.000320,0.005089,0.994591
smids/Non-Sperm/Non-Sperm (87).bmp,0,2,2,2,0.031308,0.118665,0.850027
smids/Non-Sperm/Non-Sperm (874).bmp,0,2,2,2,0.000999,0.005321,0.993680
smids/Non-Sperm/Non-Sperm (89).bmp,0,2,2,2,0.001778,0.000684,0.997538
smids/Non-Sperm/Non-Sperm (896).bmp,0,2,2,2,0.050713,0.139096,0.810192
smids/Non-Sperm/Non-Sperm (9).bmp,0,2,2,2,0.000098,0.010300,0.989602
smids/Non-Sperm/Non-Sperm (901).bmp,0,2,2,1,0.017120,0.952095,0.030785
smids/Non-Sperm/Non-Sperm (906).bmp,0,2,2,2,0.220421,0.053294,0.726286
smids/Non-Sperm/Non-Sperm (912).bmp,0,2,2,1,0.029691,0.895818,0.074491
smids/Non-Sperm/Non-Sperm (913).bmp,0,2,2,2,0.000056,0.000185,0.999760
smids/Non-Sperm/Non-Sperm (914).bmp,0,2,2,2,0.000361,0.010611,0.989028
smids/Non-Sperm/Non-Sperm (923).bmp,0,2,2,2,0.021975,0.003098,0.974927
smids/Non-Sperm/Non-Sperm (925).bmp,0,2,2,2,0.001333,0.002086,0.996581
smids/Non-Sperm/Non-Sperm (929).bmp,0,2,2,2,0.063636,0.283080,0.653284
smids/Non-Sperm/Non-Sperm (933).bmp,0,2,2,2,0.151059,0.127711,0.721230
smids/Non-Sperm/Non-Sperm (934).bmp,0,2,2,2,0.001017,0.002647,0.996337
smids/Non-Sperm/Non-Sperm (941).bmp,0,2,2,2,0.001314,0.003767,0.994919
smids/Non-Sperm/Non-Sperm (944).bmp,0,2,2,2,0.380960,0.065967,0.553073
smids/Non-Sperm/Non-Sperm (947).bmp,0,2,2,2,0.008735,0.034060,0.957205
smids/Non-Sperm/Non-Sperm (951).bmp,0,2,2,2,0.060859,0.040974,0.898167
smids/Non-Sperm/Non-Sperm (953).bmp,0,2,2,2,0.016930,0.173232,0.809838
smids/Non-Sperm/Non-Sperm (956).bmp,0,2,2,2,0.007672,0.009733,0.982595
smids/Non-Sperm/Non-Sperm (99).bmp,0,2,2,2,0.001009,0.000300,0.998691
smids/Normal_Sperm/Normal_Sperm (100).bmp,0,2,0,0,0.969158,0.030442,0.000400
smids/Normal_Sperm/Normal_Sperm (1003).bmp,0,2,0,0,0.821625,0.104688,0.073686
smids/Normal_Sperm/Normal_Sperm (1006).bmp,0,2,0,1,0.323842,0.644092,0.032066
smids/Normal_Sperm/Normal_Sperm (1007).bmp,0,2,0,1,0.306922,0.684660,0.008419
smids/Normal_Sperm/Normal_Sperm (1009).bmp,0,2,0,0,0.904035,0.042466,0.053499
smids/Normal_Sperm/Normal_Sperm (1016).bmp,0,2,0,0,0.742007,0.239500,0.018492
smids/Normal_Sperm/Normal_Sperm (1017).bmp,0,2,0,0,0.957769,0.037104,0.005127
smids/Normal_Sperm/Normal_Sperm (103).bmp,0,2,0,0,0.927981,0.037373,0.034646
smids/Normal_Sperm/Normal_Sperm (105).bmp,0,2,0,0,0.934062,0.038210,0.027729
smids/Normal_Sperm/Normal_Sperm (107).bmp,0,2,0,0,0.622310,0.070044,0.307646
smids/Normal_Sperm/Normal_Sperm (108).bmp,0,2,0,0,0.854825,0.135737,0.009438
smids/Normal_Sperm/Normal_Sperm (113).bmp,0,2,0,0,0.943173,0.056337,0.000490
smids/Normal_Sperm/Normal_Sperm (115).bmp,0,2,0,0,0.679914,0.291247,0.028839
smids/Normal_Sperm/Normal_Sperm (12).bmp,0,2,0,0,0.966689,0.009356,0.023955
smids/Normal_Sperm/Normal_Sperm (123).bmp,0,2,0,0,0.683946,0.270993,0.045061
smids/Normal_Sperm/Normal_Sperm (125).bmp,0,2,0,0,0.929078,0.069333,0.001589
smids/Normal_Sperm/Normal_Sperm (132).bmp,0,2,0,1,0.133855,0.809831,0.056314
smids/Normal_Sperm/Normal_Sperm (135).bmp,0,2,0,0,0.664355,0.314261,0.021384
smids/Normal_Sperm/Normal_Sperm (138).bmp,0,2,0,0,0.712333,0.253157,0.034510
smids/Normal_Sperm/Normal_Sperm (140).bmp,0,2,0,0,0.609986,0.365299,0.024716
smids/Normal_Sperm/Normal_Sperm (142).bmp,0,2,0,1,0.143621,0.840958,0.015421
smids/Normal_Sperm/Normal_Sperm (144).bmp,0,2,0,0,0.992287,0.007697,0.000016
smids/Normal_Sperm/Normal_Sperm (147).bmp,0,2,0,0,0.977155,0.021811,0.001033
smids/Normal_Sperm/Normal_Sperm (157).bmp,0,2,0,0,0.881605,0.116228,0.002168
smids/Normal_Sperm/Normal_Sperm (16).bmp,0,2,0,0,0.699795,0.086978,0.213227
smids/Normal_Sperm/Normal_Sperm (162).bmp,0,2,0,0,0.929494,0.070338,0.000168
smids/Normal_Sperm/Normal_Sperm (169).bmp,0,2,0,0,0.843837,0.089258,0.066905
smids/Normal_Sperm/Normal_Sperm (17).bmp,0,2,0,0,0.640799,0.356795,0.002406
smids/Normal_Sperm/Normal_Sperm (172).bmp,0,2,0,0,0.921547,0.069037,0.009416
smids/Normal_Sperm/Normal_Sperm (177).bmp,0,2,0,0,0.755941,0.207471,0.036588
smids/Normal_Sperm/Normal_Sperm (194).bmp,0,2,0,0,0.936061,0.063895,0.000044
smids/Normal_Sperm/Normal_Sperm (200).bmp,0,2,0,0,0.565246,0.433058,0.001696
smids/Normal_Sperm/Normal_Sperm (205).bmp,0,2,0,0,0.849178,0.144190,0.006632
smids/Normal_Sperm/Normal_Sperm (208).bmp,0,2,0,0,0.665135,0.257793,0.077072
smids/Normal_Sperm/Normal_Sperm (21).bmp,0,2,0,0,0.815625,0.179026,0.005349
smids/Normal_Sperm/Normal_Sperm (211).bmp,0,2,0,1,0.273220,0.426393,0.300387
smids/Normal_Sperm/Normal_Sperm (213).bmp,0,2,0,0,0.887687,0.107962,0.004351
smids/Normal_Sperm/Normal_Sperm (214).bmp,0,2,0,0,0.834888,0.164901,0.000210
smids/Normal_Sperm/Normal_Sperm (216).bmp,0,2,0,0,0.867253,0.123618,0.009129
smids/Normal_Sperm/Normal_Sperm (219).bmp,0,2,0,1,0.361540,0.632332,0.006129
smids/Normal_Sperm/Normal_Sperm (220).bmp,0,2,0,0,0.851847,0.147595,0.000558
smids/Normal_Sperm/Normal_Sperm (221).bmp,0,2,0,0,0.821376,0.159301,0.019324
smids/Normal_Sperm/Normal_Sperm (223).bmp,0,2,0,0,0.559037,0.382771,0.058192
smids/Normal_Sperm/Normal_Sperm (238).bmp,0,2,0,1,0.123358,0.865862,0.010779
smids/Normal_Sperm/Normal_Sperm (239).bmp,0,2,0,0,0.941709,0.057140,0.001151
smids/Normal_Sperm/Normal_Sperm (241).bmp,0,2,0,0,0.766758,0.223180,0.010062
smids/Normal_Sperm/Normal_Sperm (27).bmp,0,2,0,0,0.992559,0.005563,0.001879
smids/Normal_Sperm/Normal_Sperm (271).bmp,0,2,0,0,0.886424,0.061985,0.051591
smids/Normal_Sperm/Normal_Sperm (273).bmp,0,2,0,0,0.951731,0.045059,0.003210
smids/Normal_Sperm/Normal_Sperm (275).bmp,0,2,0,0,0.836286,0.161889,0.001826
smids/Normal_Sperm/Normal_Sperm (281).bmp,0,2,0,0,0.842166,0.156905,0.000929
smids/Normal_Sperm/Normal_Sperm (291).bmp,0,2,0,0,0.832317,0.154154,0.013529
smids/Normal_Sperm/Normal_Sperm (294).bmp,0,2,0,0,0.942408,0.056736,0.000856
smids/Normal_Sperm/Normal_Sperm (297).bmp,0,2,0,0,0.721194,0.219511,0.059295
smids/Normal_Sperm/Normal_Sperm (300).bmp,0,2,0,1,0.294104,0.674049,0.031847
smids/Normal_Sperm/Normal_Sperm (314).bmp,0,2,0,0,0.874269,0.107548,0.018183
smids/Normal_Sperm/Normal_Sperm (320).bmp,0,2,0,1,0.257381,0.649568,0.093052
smids/Normal_Sperm/Normal_Sperm (325).bmp,0,2,0,0,0.852674,0.121068,0.026259
smids/Normal_Sperm/Normal_Sperm (337).bmp,0,2,0,0,0.502393,0.487589,0.010018
smids/Normal_Sperm/Normal_Sperm (339).bmp,0,2,0,0,0.835790,0.157773,0.006437
smids/Normal_Sperm/Normal_Sperm (349).bmp,0,2,0,0,0.447577,0.416425,0.135998
smids/Normal_Sperm/Normal_Sperm (350).bmp,0,2,0,1,0.496796,0.499173,0.004032
smids/Normal_Sperm/Normal_Sperm (356).bmp,0,2,0,0,0.657968,0.338473,0.003558
smids/Normal_Sperm/Normal_Sperm (365).bmp,0,2,0,0,0.858314,0.135519,0.006167
smids/Normal_Sperm/Normal_Sperm (371).bmp,0,2,0,0,0.890133,0.109499,0.000368
smids/Normal_Sperm/Normal_Sperm (378).bmp,0,2,0,0,0.829686,0.168679,0.001635
smids/Normal_Sperm/Normal_Sperm (38).bmp,0,2,0,2,0.019380,0.031379,0.949242
smids/Normal_Sperm/Normal_Sperm (383).bmp,0,2,0,0,0.565544,0.432180,0.002276
smids/Normal_Sperm/Normal_Sperm (385).bmp,0,2,0,0,0.795414,0.203188,0.001399
smids/Normal_Sperm/Normal_Sperm (394).bmp,0,2,0,0,0.843366,0.156188,0.000446
smids/Normal_Sperm/Normal_Sperm (40).bmp,0,2,0,0,0.612644,0.007277,0.380079
smids/Normal_Sperm/Normal_Sperm (403).bmp,0,2,0,1,0.254879,0.665765,0.079357
smids/Normal_Sperm/Normal_Sperm (405).bmp,0,2,0,0,0.954980,0.044178,0.000842
smids/Normal_Sperm/Normal_Sperm (406).bmp,0,2,0,1,0.428559,0.568979,0.002462
smids/Normal_Sperm/Normal_Sperm (414).bmp,0,2,0,0,0.902366,0.094784,0.002851
smids/Normal_Sperm/Normal_Sperm (418).bmp,0,2,0,0,0.555700,0.430487,0.013813
smids/Normal_Sperm/Normal_Sperm (421).bmp,0,2,0,0,0.487865,0.395119,0.117016
smids/Normal_Sperm/Normal_Sperm (429).bmp,0,2,0,0,0.814437,0.099423,0.086140
smids/Normal_Sperm/Normal_Sperm (430).bmp,0,2,0,0,0.947720,0.051718,0.000562
smids/Normal_Sperm/Normal_Sperm (438).bmp,0,2,0,0,0.932869,0.066159,0.000971
smids/Normal_Sperm/Normal_Sperm (443).bmp,0,2,0,0,0.979225,0.020047,0.000728
smids/Normal_Sperm/Normal_Sperm (449).bmp,0,2,0,0,0.948422,0.050730,0.000847
smids/Normal_Sperm/Normal_Sperm (45).bmp,0,2,0,0,0.989894,0.009374,0.000733
smids/Normal_Sperm/Normal_Sperm (452).bmp,0,2,0,0,0.888595,0.110766,0.000639
smids/Normal_Sperm/Normal_Sperm (457).bmp,0,2,0,0,0.901820,0.091579,0.006601
smids/Normal_Sperm/Normal_Sperm (46).bmp,0,2,0,1,0.367423,0.628127,0.004449
smids/Normal_Sperm/Normal_Sperm (462).bmp,0,2,0,0,0.661887,0.290968,0.047146
smids/Normal_Sperm/Normal_Sperm (469).bmp,0,2,0,0,0.682775,0.306413,0.010812
smids/Normal_Sperm/Normal_Sperm (474).bmp,0,2,0,0,0.758126,0.239990,0.001884
smids/Normal_Sperm/Normal_Sperm (476).bmp,0,2,0,1,0.392634,0.607235,0.000130
smids/Normal_Sperm/Normal_Sperm (482).bmp,0,2,0,0,0.955970,0.040852,0.003177
smids/Normal_Sperm/Normal_Sperm (492).bmp,0,2,0,0,0.985481,0.014347,0.000172
smids/Normal_Sperm/Normal_Sperm (497).bmp,0,2,0,0,0.980401,0.015697,0.003903
smids/Normal_Sperm/Normal_Sperm (50).bmp,0,2,0,1,0.381842,0.555281,0.062876
smids/Normal_Sperm/Normal_Sperm (500).bmp,0,2,0,0,0.862983,0.135331,0.001685
smids/Normal_Sperm/Normal_Sperm (502).bmp,0,2,0,0,0.891436,0.077112,0.031452
smids/Normal_Sperm/Normal_Sperm (511).bmp,0,2,0,0,0.839298,0.153813,0.006889
smids/Normal_Sperm/Normal_Sperm (523).bmp,0,2,0,0,0.686192,0.206731,0.107077
smids/Normal_Sperm/Normal_Sperm (525).bmp,0,2,0,0,0.852884,0.146094,0.001022
smids/Normal_Sperm/Normal_Sperm (529).bmp,0,2,0,0,0.923058,0.067218,0.009724
smids/Normal_Sperm/Normal_Sperm (53).bmp,0,2,0,0,0.832747,0.081717,0.085536
smids/Normal_Sperm/Normal_Sperm (546).bmp,0,2,0,0,0.947896,0.051376,0.000727
smids/Normal_Sperm/Normal_Sperm (547).bmp,0,2,0,0,0.930916,0.063560,0.005524
smids/Normal_Sperm/Normal_Sperm (55).bmp,0,2,0,2,0.149101,0.269913,0.580986
smids/Normal_Sperm/Normal_Sperm (551).bmp,0,2,0,0,0.886226,0.113130,0.000645
smids/Normal_Sperm/Normal_Sperm (559).bmp,0,2,0,0,0.850248,0.092818,0.056934
smids/Normal_Sperm/Normal_Sperm (56).bmp,0,2,0,0,0.820355,0.169621,0.010024
smids/Normal_Sperm/Normal_Sperm (562).bmp,0,2,0,0,0.985459,0.014434,0.000107
smids/Normal_Sperm/Normal_Sperm (570).bmp,0,2,0,0,0.979340,0.020625,0.000034
smids/Normal_Sperm/Normal_Sperm (577).bmp,0,2,0,0,0.650752,0.342374,0.006874
smids/Normal_Sperm/Normal_Sperm (579).bmp,0,2,0,0,0.771031,0.223339,0.005631
smids/Normal_Sperm/Normal_Sperm (581).bmp,0,2,0,0,0.827952,0.168998,0.003049
smids/Normal_Sperm/Normal_Sperm (583).bmp,0,2,0,0,0.784866,0.212239,0.002895
smids/Normal_Sperm/Normal_Sperm (585).bmp,0,2,0,0,0.914911,0.084765,0.000324
smids/Normal_Sperm/Normal_Sperm (586).bmp,0,2,0,0,0.900527,0.099233,0.000240
smids/Normal_Sperm/Normal_Sperm (589).bmp,0,2,0,0,0.798873,0.200892,0.000236
smids/Normal_Sperm/Normal_Sperm (597).bmp,0,2,0,0,0.720074,0.259120,0.020806
smids/Normal_Sperm/Normal_Sperm (6).bmp,0,2,0,2,0.325081,0.284162,0.390756
smids/Normal_Sperm/Normal_Sperm (601).bmp,0,2,0,0,0.897420,0.099221,0.003359
smids/Normal_Sperm/Normal_Sperm (606).bmp,0,2,0,0,0.963642,0.036214,0.000145
smids/Normal_Sperm/Normal_Sperm (609).bmp,0,2,0,0,0.649903,0.282820,0.067276
smids/Normal_Sperm/Normal_Sperm (61).bmp,0,2,0,0,0.844187,0.147728,0.008085
smids/Normal_Sperm/Normal_Sperm (612).bmp,0,2,0,0,0.955252,0.044638,0.000110
smids/Normal_Sperm/Normal_Sperm (617).bmp,0,2,0,0,0.960726,0.039256,0.000019
smids/Normal_Sperm/Normal_Sperm (626).bmp,0,2,0,0,0.577821,0.415349,0.006830
smids/Normal_Sperm/Normal_Sperm (631).bmp,0,2,0,0,0.809449,0.189183,0.001368
smids/Normal_Sperm/Normal_Sperm (632).bmp,0,2,0,0,0.936551,0.063359,0.000091
smids/Normal_Sperm/Normal_Sperm (656).bmp,0,2,0,0,0.751992,0.234800,0.013208
smids/Normal_Sperm/Normal_Sperm (657).bmp,0,2,0,1,0.452732,0.482544,0.064724
smids/Normal_Sperm/Normal_Sperm (664).bmp,0,2,0,0,0.985796,0.013879,0.000325
smids/Normal_Sperm/Normal_Sperm (665).bmp,0,2,0,0,0.960824,0.036064,0.003113
smids/Normal_Sperm/Normal_Sperm (672).bmp,0,2,0,0,0.964132,0.035033,0.000835
smids/Normal_Sperm/Normal_Sperm (675).bmp,0,2,0,0,0.845544,0.153897,0.000559
smids/Normal_Sperm/Normal_Sperm (677).bmp,0,2,0,0,0.933582,0.066105,0.000313
smids/Normal_Sperm/Normal_Sperm (680).bmp,0,2,0,0,0.904401,0.093489,0.002110
smids/Normal_Sperm/Normal_Sperm (681).bmp,0,2,0,0,0.759953,0.237851,0.002197
smids/Normal_Sperm/Normal_Sperm (685).bmp,0,2,0,0,0.949900,0.050035,0.000065
smids/Normal_Sperm/Normal_Sperm (688).bmp,0,2,0,0,0.966852,0.033109,0.000039
smids/Normal_Sperm/Normal_Sperm (691).bmp,0,2,0,0,0.978068,0.020443,0.001489
smids/Normal_Sperm/Normal_Sperm (693).bmp,0,2,0,0,0.996725,0.003159,0.000116
smids/Normal_Sperm/Normal_Sperm (695).bmp,0,2,0,0,0.858575,0.141323,0.000101
smids/Normal_Sperm/Normal_Sperm (697).bmp,0,2,0,0,0.702427,0.293717,0.003855
smids/Normal_Sperm/Normal_Sperm (703).bmp,0,2,0,0,0.574909,0.415171,0.009920
smids/Normal_Sperm/Normal_Sperm (710).bmp,0,2,0,0,0.703091,0.296851,0.000058
smids/Normal_Sperm/Normal_Sperm (714).bmp,0,2,0,1,0.194948,0.761076,0.043976
smids/Normal_Sperm/Normal_Sperm (720).bmp,0,2,0,0,0.974112,0.025730,0.000158
smids/Normal_Sperm/Normal_Sperm (726).bmp,0,2,0,0,0.854621,0.096432,0.048947
smids/Normal_Sperm/Normal_Sperm (739).bmp,0,2,0,0,0.937083,0.057461,0.005456
smids/Normal_Sperm/Normal_Sperm (740).bmp,0,2,0,0,0.945887,0.052868,0.001245
smids/Normal_Sperm/Normal_Sperm (743).bmp,0,2,0,0,0.898625,0.078978,0.022397
smids/Normal_Sperm/Normal_Sperm (744).bmp,0,2,0,0,0.929883,0.067076,0.003041
smids/Normal_Sperm/Normal_Sperm (748).bmp,0,2,0,0,0.808315,0.184402,0.007283
smids/Normal_Sperm/Normal_Sperm (754).bmp,0,2,0,0,0.731283,0.248848,0.019869
smids/Normal_Sperm/Normal_Sperm (762).bmp,0,2,0,0,0.955913,0.024191,0.019896
smids/Normal_Sperm/Normal_Sperm (763).bmp,0,2,0,0,0.908725,0.085666,0.005609
smids/Normal_Sperm/Normal_Sperm (766).bmp,0,2,0,0,0.974611,0.025060,0.000329
smids/Normal_Sperm/Normal_Sperm (774).bmp,0,2,0,0,0.994748,0.005040,0.000212
smids/Normal_Sperm/Normal_Sperm (781).bmp,0,2,0,0,0.939687,0.059950,0.000363
smids/Normal_Sperm/Normal_Sperm (785).bmp,0,2,0,0,0.972810,0.026812,0.000378
smids/Normal_Sperm/Normal_Sperm (796).bmp,0,2,0,0,0.778579,0.184263,0.037158
smids/Normal_Sperm/Normal_Sperm (806).bmp,0,2,0,0,0.713468,0.147192,0.139340
smids/Normal_Sperm/Normal_Sperm (810).bmp,0,2,0,0,0.923402,0.076071,0.000527
smids/Normal_Sperm/Normal_Sperm (812).bmp,0,2,0,0,0.812394,0.038499,0.149107
smids/Normal_Sperm/Normal_Sperm (813).bmp,0,2,0,0,0.649764,0.305576,0.044660
smids/Normal_Sperm/Normal_Sperm (814).bmp,0,2,0,0,0.909900,0.082751,0.007349
smids/Normal_Sperm/Normal_Sperm (828).bmp,0,2,0,0,0.885536,0.105130,0.009334
smids/Normal_Sperm/Normal_Sperm (835).bmp,0,2,0,0,0.926724,0.072372,0.000904
smids/Normal_Sperm/Normal_Sperm (836).bmp,0,2,0,0,0.498213,0.494277,0.007510
smids/Normal_Sperm/Normal_Sperm (84).bmp,0,2,0,0,0.585645,0.342192,0.072164
smids/Normal_Sperm/Normal_Sperm (843).bmp,0,2,0,0,0.765837,0.228800,0.005364
smids/Normal_Sperm/Normal_Sperm (844).bmp,0,2,0,0,0.730796,0.266049,0.003155
smids/Normal_Sperm/Normal_Sperm (845).bmp,0,2,0,0,0.835373,0.164047,0.000580
smids/Normal_Sperm/Normal_Sperm (855).bmp,0,2,0,0,0.762494,0.197644,0.039862
smids/Normal_Sperm/Normal_Sperm (86).bmp,0,2,0,0,0.613098,0.381029,0.005873
smids/Normal_Sperm/Normal_Sperm (860).bmp,0,2,0,1,0.155498,0.841354,0.003148
smids/Normal_Sperm/Normal_Sperm (863).bmp,0,2,0,0,0.714483,0.207301,0.078216
smids/Normal_Sperm/Normal_Sperm (866).bmp,0,2,0,1,0.021643,0.965284,0.013073
smids/Normal_Sperm/Normal_Sperm (868).bmp,0,2,0,0,0.971982,0.025870,0.002148
smids/Normal_Sperm/Normal_Sperm (872).bmp,0,2,0,0,0.902164,0.071671,0.026165
smids/Normal_Sperm/Normal_Sperm (884).bmp,0,2,0,0,0.727146,0.271599,0.001255
smids/Normal_Sperm/Normal_Sperm (897).bmp,0,2,0,1,0.324479,0.655134,0.020387
smids/Normal_Sperm/Normal_Sperm (899).bmp,0,2,0,2,0.080493,0.420581,0.498927
smids/Normal_Sperm/Normal_Sperm (900).bmp,0,2,0,0,0.972334,0.024448,0.003218
smids/Normal_Sperm/Normal_Sperm (904).bmp,0,2,0,0,0.930923,0.069063,0.000014
smids/Normal_Sperm/Normal_Sperm (906).bmp,0,2,0,0,0.766564,0.232123,0.001314
smids/Normal_Sperm/Normal_Sperm (912).bmp,0,2,0,0,0.916216,0.083626,0.000158
smids/Normal_Sperm/Normal_Sperm (915).bmp,0,2,0,0,0.501733,0.482002,0.016265
smids/Normal_Sperm/Normal_Sperm (928).bmp,0,2,0,0,0.915659,0.084248,0.000093
smids/Normal_Sperm/Normal_Sperm (948).bmp,0,2,0,1,0.393356,0.606191,0.000453
smids/Normal_Sperm/Normal_Sperm (961).bmp,0,2,0,0,0.527300,0.463726,0.008975
smids/Normal_Sperm/Normal_Sperm (963).bmp,0,2,0,0,0.712994,0.286567,0.000439
smids/Normal_Sperm/Normal_Sperm (964).bmp,0,2,0,0,0.938529,0.060845,0.000626
smids/Normal_Sperm/Normal_Sperm (967).bmp,0,2,0,0,0.784160,0.215582,0.000258
smids/Normal_Sperm/Normal_Sperm (976).bmp,0,2,0,0,0.955569,0.040485,0.003946
smids/Normal_Sperm/Normal_Sperm (98).bmp,0,2,0,0,0.964760,0.032658,0.002583
smids/Normal_Sperm/Normal_Sperm (985).bmp,0,2,0,2,0.305434,0.331217,0.363349
smids/Normal_Sperm/Normal_Sperm (991).bmp,0,2,0,0,0.921699,0.072864,0.005438
smids/Normal_Sperm/Normal_Sperm (992).bmp,0,2,0,0,0.969889,0.012924,0.017187
smids/Normal_Sperm/Normal_Sperm (997).bmp,0,2,0,0,0.832936,0.161737,0.005327
smids/Normal_Sperm/Normal_Sperm (998).bmp,0,2,0,0,0.943589,0.033622,0.022790
smids/Abnormal_Sperm/Abnormal_Sperm (1001).bmp,0,3,1,1,0.020492,0.880877,0.098631
smids/Abnormal_Sperm/Abnormal_Sperm (1004).bmp,0,3,1,1,0.058631,0.770640,0.170729
smids/Abnormal_Sperm/Abnormal_Sperm (103).bmp,0,3,1,1,0.025217,0.737040,0.237742
smids/Abnormal_Sperm/Abnormal_Sperm (115).bmp,0,3,1,0,0.621466,0.378070,0.000464
smids/Abnormal_Sperm/Abnormal_Sperm (124).bmp,0,3,1,1,0.011316,0.920836,0.067848
smids/Abnormal_Sperm/Abnormal_Sperm (136).bmp,0,3,1,1,0.215700,0.776154,0.008146
smids/Abnormal_Sperm/Abnormal_Sperm (139).bmp,0,3,1,1,0.164153,0.829430,0.006417
smids/Abnormal_Sperm/Abnormal_Sperm (146).bmp,0,3,1,1,0.100143,0.713706,0.186151
smids/Abnormal_Sperm/Abnormal_Sperm (148).bmp,0,3,1,1,0.065877,0.866531,0.067592
smids/Abnormal_Sperm/Abnormal_Sperm (150).bmp,0,3,1,0,0.748336,0.251236,0.000428
smids/Abnormal_Sperm/Abnormal_Sperm (154).bmp,0,3,1,1,0.102068,0.811741,0.086191
smids/Abnormal_Sperm/Abnormal_Sperm (159).bmp,0,3,1,1,0.035854,0.963349,0.000797
smids/Abnormal_Sperm/Abnormal_Sperm (166).bmp,0,3,1,1,0.053211,0.660567,0.286222
smids/Abnormal_Sperm/Abnormal_Sperm (17).bmp,0,3,1,1,0.220834,0.607254,0.171912
smids/Abnormal_Sperm/Abnormal_Sperm (171).bmp,0,3,1,1,0.142391,0.722584,0.135025
smids/Abnormal_Sperm/Abnormal_Sperm (185).bmp,0,3,1,0,0.664171,0.302085,0.033744
smids/Abnormal_Sperm/Abnormal_Sperm (19).bmp,0,3,1,1,0.009544,0.960572,0.029885
smids/Abnormal_Sperm/Abnormal_Sperm (2).bmp,0,3,1,1,0.085537,0.781113,0.133351
smids/Abnormal_Sperm/Abnormal_Sperm (204).bmp,0,3,1,1,0.110357,0.830868,0.058776
smids/Abnormal_Sperm/Abnormal_Sperm (206).bmp,0,3,1,1,0.054324,0.868551,0.077125
smids/Abnormal_Sperm/Abnormal_Sperm (213).bmp,0,3,1,1,0.004967,0.994506,0.000528
smids/Abnormal_Sperm/Abnormal_Sperm (217).bmp,0,3,1,1,0.067496,0.932249,0.000255
smids/Abnormal_Sperm/Abnormal_Sperm (231).bmp,0,3,1,1,0.111333,0.885136,0.003531
smids/Abnormal_Sperm/Abnormal_Sperm (239).bmp,0,3,1,1,0.145783,0.848904,0.005313
smids/Abnormal_Sperm/Abnormal_Sperm (24).bmp,0,3,1,1,0.013967,0.984850,0.001182
smids/Abnormal_Sperm/Abnormal_Sperm (240).bmp,0,3,1,1,0.004763,0.797682,0.197555
smids/Abnormal_Sperm/Abnormal_Sperm (242).bmp,0,3,1,1,0.184057,0.802938,0.013005
smids/Abnormal_Sperm/Abnormal_Sperm (243).bmp,0,3,1,1,0.001147,0.714920,0.283933
smids/Abnormal_Sperm/Abnormal_Sperm (261).bmp,0,3,1,0,0.949866,0.049509,0.000625
smids/Abnormal_Sperm/Abnormal_Sperm (271).bmp,0,3,1,1,0.018282,0.981277,0.000441
smids/Abnormal_Sperm/Abnormal_Sperm (272).bmp,0,3,1,1,0.225711,0.773941,0.000349
smids/Abnormal_Sperm/Abnormal_Sperm (278).bmp,0,3,1,1,0.025655,0.969273,0.005072
smids/Abnormal_Sperm/Abnormal_Sperm (280).bmp,0,3,1,1,0.105372,0.893148,0.001480
smids/Abnormal_Sperm/Abnormal_Sperm (281).bmp,0,3,1,1,0.038527,0.950747,0.010727
smids/Abnormal_Sperm/Abnormal_Sperm (286).bmp,0,3,1,0,0.498705,0.141159,0.360136
smids/Abnormal_Sperm/Abnormal_Sperm (288).bmp,0,3,1,1,0.090135,0.839453,0.070412
smids/Abnormal_Sperm/Abnormal_Sperm (293).bmp,0,3,1,1,0.104445,0.894924,0.000631
smids/Abnormal_Sperm/Abnormal_Sperm (295).bmp,0,3,1,1,0.039980,0.959671,0.000349
smids/Abnormal_Sperm/Abnormal_Sperm (306).bmp,0,3,1,1,0.037703,0.943376,0.018920
smids/Abnormal_Sperm/Abnormal_Sperm (314).bmp,0,3,1,1,0.006540,0.983800,0.009660
smids/Abnormal_Sperm/Abnormal_Sperm (324).bmp,0,3,1,1,0.052716,0.945036,0.002248
smids/Abnormal_Sperm/Abnormal_Sperm (325).bmp,0,3,1,1,0.039367,0.957477,0.003156
smids/Abnormal_Sperm/Abnormal_Sperm (33).bmp,0,3,1,0,0.934989,0.064632,0.000380
smids/Abnormal_Sperm/Abnormal_Sperm (332).bmp,0,3,1,1,0.004697,0.915787,0.079516
smids/Abnormal_Sperm/Abnormal_Sperm (337).bmp,0,3,1,1,0.042539,0.936832,0.020629
smids/Abnormal_Sperm/Abnormal_Sperm (34).bmp,0,3,1,2,0.024880,0.351982,0.623137
smids/Abnormal_Sperm/Abnormal_Sperm (341).bmp,0,3,1,1,0.089822,0.906835,0.003343
smids/Abnormal_Sperm/Abnormal_Sperm (347).bmp,0,3,1,1,0.026985,0.956649,0.016366
smids/Abnormal_Sperm/Abnormal_Sperm (349).bmp,0,3,1,1,0.029643,0.956294,0.014064
smids/Abnormal_Sperm/Abnormal_Sperm (352).bmp,0,3,1,1,0.031175,0.967240,0.001585
smids/Abnormal_Sperm/Abnormal_Sperm (358).bmp,0,3,1,1,0.070078,0.811482,0.118441
smids/Abnormal_Sperm/Abnormal_Sperm (377).bmp,0,3,1,1,0.020238,0.919313,0.060449
smids/Abnormal_Sperm/Abnormal_Sperm (379).bmp,0,3,1,1,0.018000,0.736151,0.245849
smids/Abnormal_Sperm/Abnormal_Sperm (385).bmp,0,3,1,1,0.274034,0.691739,0.034227
smids/Abnormal_Sperm/Abnormal_Sperm (399).bmp,0,3,1,1,0.002814,0.991552,0.005633
smids/Abnormal_Sperm/Abnormal_Sperm (405).bmp,0,3,1,1,0.061032,0.627109,0.311859
smids/Abnormal_Sperm/Abnormal_Sperm (408).bmp,0,3,1,2,0.035898,0.358566,0.605535
smids/Abnormal_Sperm/Abnormal_Sperm (417).bmp,0,3,1,1,0.123249,0.832454,0.044297
smids/Abnormal_Sperm/Abnormal_Sperm (419).bmp,0,3,1,1,0.104190,0.829169,0.066642
smids/Abnormal_Sperm/Abnormal_Sperm (423).bmp,0,3,1,1,0.048966,0.948029,0.003005
smids/Abnormal_Sperm/Abnormal_Sperm (426).bmp,0,3,1,1,0.044516,0.942254,0.013231
smids/Abnormal_Sperm/Abnormal_Sperm (431).bmp,0,3,1,1,0.033292,0.901253,0.065455
smids/Abnormal_Sperm/Abnormal_Sperm (433).bmp,0,3,1,1,0.048551,0.899114,0.052335
smids/Abnormal_Sperm/Abnormal_Sperm (436).bmp,0,3,1,1,0.091063,0.908480,0.000457
smids/Abnormal_Sperm/Abnormal_Sperm (437).bmp,0,3,1,1,0.018110,0.588881,0.393009
smids/Abnormal_Sperm/Abnormal_Sperm (443).bmp,0,3,1,1,0.002536,0.941337,0.056127
smids/Abnormal_Sperm/Abnormal_Sperm (447).bmp,0,3,1,1,0.001729,0.968133,0.030138
smids/Abnormal_Sperm/Abnormal_Sperm (448).bmp,0,3,1,1,0.032748,0.955770,0.011482
smids/Abnormal_Sperm/Abnormal_Sperm (450).bmp,0,3,1,1,0.007627,0.992316,0.000057
smids/Abnormal_Sperm/Abnormal_Sperm (453).bmp,0,3,1,1,0.048574,0.950875,0.000551
smids/Abnormal_Sperm/Abnormal_Sperm (459).bmp,0,3,1,1,0.018445,0.979955,0.001600
smids/Abnormal_Sperm/Abnormal_Sperm (460).bmp,0,3,1,1,0.001073,0.995168,0.003759
smids/Abnormal_Sperm/Abnormal_Sperm (462).bmp,0,3,1,0,0.504089,0.495012,0.000899
smids/Abnormal_Sperm/Abnormal_Sperm (463).bmp,0,3,1,1,0.010299,0.953729,0.035972
smids/Abnormal_Sperm/Abnormal_Sperm (465).bmp,0,3,1,1,0.068300,0.503109,0.428590
smids/Abnormal_Sperm/Abnormal_Sperm (474).bmp,0,3,1,2,0.028324,0.310986,0.660690
smids/Abnormal_Sperm/Abnormal_Sperm (483).bmp,0,3,1,1,0.003289,0.771975,0.224736
smids/Abnormal_Sperm/Abnormal_Sperm (495).bmp,0,3,1,1,0.423409,0.573186,0.003405
smids/Abnormal_Sperm/Abnormal_Sperm (498).bmp,0,3,1,2,0.326537,0.146520,0.526944
smids/Abnormal_Sperm/Abnormal_Sperm (499).bmp,0,3,1,2,0.205338,0.136637,0.658026
smids/Abnormal_Sperm/Abnormal_Sperm (505).bmp,0,3,1,1,0.027138,0.777883,0.194980
smids/Abnormal_Sperm/Abnormal_Sperm (516).bmp,0,3,1,1,0.002873,0.965142,0.031985
smids/Abnormal_Sperm/Abnormal_Sperm (523).bmp,0,3,1,1,0.089179,0.876025,0.034796
smids/Abnormal_Sperm/Abnormal_Sperm (529).bmp,0,3,1,1,0.037944,0.927132,0.034924
smids/Abnormal_Sperm/Abnormal_Sperm (531).bmp,0,3,1,2,0.425058,0.143454,0.431489
smids/Abnormal_Sperm/Abnormal_Sperm (535).bmp,0,3,1,1,0.075104,0.858924,0.065971
smids/Abnormal_Sperm/Abnormal_Sperm (537).bmp,0,3,1,0,0.604869,0.393281,0.001849
smids/Abnormal_Sperm/Abnormal_Sperm (544).bmp,0,3,1,1,0.074554,0.865998,0.059448
smids/Abnormal_Sperm/Abnormal_Sperm (545).bmp,0,3,1,1,0.106774,0.887702,0.005524
smids/Abnormal_Sperm/Abnormal_Sperm (551).bmp,0,3,1,1,0.143928,0.688637,0.167436
smids/Abnormal_Sperm/Abnormal_Sperm (552).bmp,0,3,1,0,0.890846,0.107990,0.001164
smids/Abnormal_Sperm/Abnormal_Sperm (559).bmp,0,3,1,1,0.010801,0.830604,0.158596
smids/Abnormal_Sperm/Abnormal_Sperm (561).bmp,0,3,1,0,0.856442,0.124970,0.018588
smids/Abnormal_Sperm/Abnormal_Sperm (57).bmp,0,3,1,1,0.103223,0.881426,0.015351
smids/Abnormal_Sperm/Abnormal_Sperm (570).bmp,0,3,1,1,0.036116,0.913188,0.050695
smids/Abnormal_Sperm/Abnormal_Sperm (574).bmp,0,3,1,2,0.242823,0.326071,0.431106
smids/Abnormal_Sperm/Abnormal_Sperm (575).bmp,0,3,1,1,0.298798,0.696995,0.004207
smids/Abnormal_Sperm/Abnormal_Sperm (580).bmp,0,3,1,0,0.617625,0.304463,0.077912
smids/Abnormal_Sperm/Abnormal_Sperm (586).bmp,0,3,1,1,0.131558,0.724956,0.143486
smids/Abnormal_Sperm/Abnormal_Sperm (590).bmp,0,3,1,1,0.196884,0.678534,0.124582
smids/Abnormal_Sperm/Abnormal_Sperm (592).bmp,0,3,1,1,0.015351,0.971540,0.013109
smids/Abnormal_Sperm/Abnormal_Sperm (60).bmp,0,3,1,1,0.016410,0.974409,0.009181
smids/Abnormal_Sperm/Abnormal_Sperm (602).bmp,0,3,1,2,0.012252,0.209288,0.778461
smids/Abnormal_Sperm/Abnormal_Sperm (616).bmp,0,3,1,1,0.302439,0.667771,0.029790
smids/Abnormal_Sperm/Abnormal_Sperm (622).bmp,0,3,1,0,0.845714,0.152640,0.001646
smids/Abnormal_Sperm/Abnormal_Sperm (632).bmp,0,3,1,1,0.215887,0.679242,0.104872
smids/Abnormal_Sperm/Abnormal_Sperm (636).bmp,0,3,1,1,0.036395,0.894718,0.068887
smids/Abnormal_Sperm/Abnormal_Sperm (637).bmp,0,3,1,1,0.409113,0.432131,0.158757
smids/Abnormal_Sperm/Abnormal_Sperm (64).bmp,0,3,1,1,0.006018,0.932648,0.061334
smids/Abnormal_Sperm/Abnormal_Sperm (641).bmp,0,3,1,1,0.027609,0.967879,0.004512
smids/Abnormal_Sperm/Abnormal_Sperm (643).bmp,0,3,1,1,0.309584,0.661924,0.028492
smids/Abnormal_Sperm/Abnormal_Sperm (644).bmp,0,3,1,1,0.107249,0.774067,0.118685
smids/Abnormal_Sperm/Abnormal_Sperm (646).bmp,0,3,1,1,0.374642,0.618187,0.007172
smids/Abnormal_Sperm/Abnormal_Sperm (65).bmp,0,3,1,1,0.176422,0.789194,0.034384
smids/Abnormal_Sperm/Abnormal_Sperm (650).bmp,0,3,1,1,0.201414,0.783842,0.014745
smids/Abnormal_Sperm/Abnormal_Sperm (654).bmp,0,3,1,1,0.220686,0.754506,0.024807
smids/Abnormal_Sperm/Abnormal_Sperm (656).bmp,0,3,1,1,0.176000,0.775617,0.048382
smids/Abnormal_Sperm/Abnormal_Sperm (664).bmp,0,3,1,1,0.223615,0.763354,0.013031
smids/Abnormal_Sperm/Abnormal_Sperm (665).bmp,0,3,1,1,0.171547,0.759880,0.068573
smids/Abnormal_Sperm/Abnormal_Sperm (67).bmp,0,3,1,2,0.001639,0.285196,0.713165
smids/Abnormal_Sperm/Abnormal_Sperm (674).bmp,0,3,1,1,0.102896,0.891044,0.006059
smids/Abnormal_Sperm/Abnormal_Sperm (678).bmp,0,3,1,1,0.062192,0.629410,0.308398
smids/Abnormal_Sperm/Abnormal_Sperm (682).bmp,0,3,1,1,0.051265,0.593756,0.354979
smids/Abnormal_Sperm/Abnormal_Sperm (690).bmp,0,3,1,1,0.302312,0.693660,0.004028
smids/Abnormal_Sperm/Abnormal_Sperm (697).bmp,0,3,1,0,0.632909,0.362390,0.004701
smids/Abnormal_Sperm/Abnormal_Sperm (703).bmp,0,3,1,1,0.417032,0.574103,0.008865
smids/Abnormal_Sperm/Abnormal_Sperm (706).bmp,0,3,1,2,0.105385,0.379448,0.515167
smids/Abnormal_Sperm/Abnormal_Sperm (708).bmp,0,3,1,1,0.260417,0.734044,0.005539
smids/Abnormal_Sperm/Abnormal_Sperm (710).bmp,0,3,1,1,0.219640,0.769634,0.010726
smids/Abnormal_Sperm/Abnormal_Sperm (714).bmp,0,3,1,1,0.317806,0.680795,0.001399
smids/Abnormal_Sperm/Abnormal_Sperm (725).bmp,0,3,1,1,0.414605,0.549703,0.035692
smids/Abnormal_Sperm/Abnormal_Sperm (727).bmp,0,3,1,1,0.095515,0.629491,0.274994
smids/Abnormal_Sperm/Abnormal_Sperm (729).bmp,0,3,1,1,0.075297,0.880962,0.043741
smids/Abnormal_Sperm/Abnormal_Sperm (734).bmp,0,3,1,1,0.247036,0.747870,0.005093
smids/Abnormal_Sperm/Abnormal_Sperm (737).bmp,0,3,1,0,0.735800,0.247260,0.016940
smids/Abnormal_Sperm/Abnormal_Sperm (74).bmp,0,3,1,1,0.178748,0.819257,0.001995
smids/Abnormal_Sperm/Abnormal_Sperm (743).bmp,0,3,1,1,0.428817,0.567872,0.003311
smids/Abnormal_Sperm/Abnormal_Sperm (744).bmp,0,3,1,0,0.639277,0.359672,0.001052
smids/Abnormal_Sperm/Abnormal_Sperm (75).bmp,0,3,1,0,0.567843,0.425158,0.006999
smids/Abnormal_Sperm/Abnormal_Sperm (750).bmp,0,3,1,1,0.298586,0.700211,0.001203
smids/Abnormal_Sperm/Abnormal_Sperm (760).bmp,0,3,1,1,0.484182,0.503300,0.012518
smids/Abnormal_Sperm/Abnormal_Sperm (763).bmp,0,3,1,0,0.446668,0.293987,0.259345
smids/Abnormal_Sperm/Abnormal_Sperm (768).bmp,0,3,1,1,0.416905,0.558172,0.024923
smids/Abnormal_Sperm/Abnormal_Sperm (769).bmp,0,3,1,1,0.044957,0.899354,0.055690
smids/Abnormal_Sperm/Abnormal_Sperm (779).bmp,0,3,1,1,0.343340,0.655083,0.001577
smids/Abnormal_Sperm/Abnormal_Sperm (782).bmp,0,3,1,1,0.155560,0.753057,0.091383
smids/Abnormal_Sperm/Abnormal_Sperm (783).bmp,0,3,1,1,0.288613,0.653292,0.058095
smids/Abnormal_Sperm/Abnormal_Sperm (784).bmp,0,3,1,1,0.348777,0.488211,0.163012
smids/Abnormal_Sperm/Abnormal_Sperm (788).bmp,0,3,1,1,0.097348,0.751687,0.150965
smids/Abnormal_Sperm/Abnormal_Sperm (792).bmp,0,3,1,1,0.309524,0.668643,0.021832
smids/Abnormal_Sperm/Abnormal_Sperm (806).bmp,0,3,1,1,0.008710,0.942733,0.048557
smids/Abnormal_Sperm/Abnormal_Sperm (808).bmp,0,3,1,1,0.077451,0.920485,0.002064
smids/Abnormal_Sperm/Abnormal_Sperm (810).bmp,0,3,1,0,0.939796,0.059681,0.000523
smids/Abnormal_Sperm/Abnormal_Sperm (815).bmp,0,3,1,1,0.444071,0.555390,0.000539
smids/Abnormal_Sperm/Abnormal_Sperm (818).bmp,0,3,1,0,0.576900,0.423013,0.000087
smids/Abnormal_Sperm/Abnormal_Sperm (82).bmp,0,3,1,1,0.423401,0.576318,0.000281
smids/Abnormal_Sperm/Abnormal_Sperm (821).bmp,0,3,1,1,0.134562,0.862193,0.003245
smids/Abnormal_Sperm/Abnormal_Sperm (835).bmp,0,3,1,1,0.199193,0.797684,0.003124
smids/Abnormal_Sperm/Abnormal_Sperm (846).bmp,0,3,1,1,0.436198,0.563267,0.000536
smids/Abnormal_Sperm/Abnormal_Sperm (85).bmp,0,3,1,1,0.012284,0.937709,0.050007
smids/Abnormal_Sperm/Abnormal_Sperm (856).bmp,0,3,1,1,0.170142,0.820610,0.009248
smids/Abnormal_Sperm/Abnormal_Sperm (859).bmp,0,3,1,1,0.332892,0.665107,0.002001
smids/Abnormal_Sperm/Abnormal_Sperm (86).bmp,0,3,1,1,0.173965,0.816662,0.009373
smids/Abnormal_Sperm/Abnormal_Sperm (862).bmp,0,3,1,1,0.306502,0.665199,0.028299
smids/Abnormal_Sperm/Abnormal_Sperm (864).bmp,0,3,1,0,0.689440,0.299257,0.011303
smids/Abnormal_Sperm/Abnormal_Sperm (870).bmp,0,3,1,1,0.389298,0.451400,0.159302
smids/Abnormal_Sperm/Abnormal_Sperm (872).bmp,0,3,1,1,0.253106,0.718081,0.028813
smids/Abnormal_Sperm/Abnormal_Sperm (879).bmp,0,3,1,1,0.080277,0.919300,0.000424
smids/Abnormal_Sperm/Abnormal_Sperm (89).bmp,0,3,1,1,0.068338,0.893845,0.037817
smids/Abnormal_Sperm/Abnormal_Sperm (890).bmp,0,3,1,0,0.684854,0.313832,0.001314
smids/Abnormal_Sperm/Abnormal_Sperm (891).bmp,0,3,1,0,0.577064,0.420809,0.002127
smids/Abnormal_Sperm/Abnormal_Sperm (902).bmp,0,3,1,1,0.045125,0.821054,0.133820
smids/Abnormal_Sperm/Abnormal_Sperm (905).bmp,0,3,1,0,0.589017,0.407206,0.003777
smids/Abnormal_Sperm/Abnormal_Sperm (916).bmp,0,3,1,1,0.047940,0.486057,0.466003
smids/Abnormal_Sperm/Abnormal_Sperm (921).bmp,0,3,1,1,0.182749,0.739038,0.078214
smids/Abnormal_Sperm/Abnormal_Sperm (923).bmp,0,3,1,0,0.649451,0.349063,0.001486
smids/Abnormal_Sperm/Abnormal_Sperm (926).bmp,0,3,1,1,0.018798,0.964986,0.016216
smids/Abnormal_Sperm/Abnormal_Sperm (937).bmp,0,3,1,2,0.284607,0.280879,0.434515
smids/Abnormal_Sperm/Abnormal_Sperm (940).bmp,0,3,1,1,0.011206,0.906874,0.081919
smids/Abnormal_Sperm/Abnormal_Sperm (942).bmp,0,3,1,1,0.091770,0.649333,0.258896
smids/Abnormal_Sperm/Abnormal_Sperm (951).bmp,0,3,1,1,0.418156,0.465712,0.116132
smids/Abnormal_Sperm/Abnormal_Sperm (960).bmp,0,3,1,1,0.088044,0.731496,0.180460
smids/Abnormal_Sperm/Abnormal_Sperm (964).bmp,0,3,1,1,0.166877,0.824336,0.008787
smids/Abnormal_Sperm/Abnormal_Sperm (969).bmp,0,3,1,1,0.006887,0.967931,0.025182
smids/Abnormal_Sperm/Abnormal_Sperm (97).bmp,0,3,1,1,0.092372,0.903546,0.004081
smids/Abnormal_Sperm/Abnormal_Sperm (973).bmp,0,3,1,1,0.186099,0.808429,0.005472
smids/Abnormal_Sperm/Abnormal_Sperm (98).bmp,0,3,1,1,0.102976,0.896958,0.000065
smids/Abnormal_Sperm/Abnormal_Sperm (983).bmp,0,3,1,1,0.025402,0.860061,0.114537
smids/Abnormal_Sperm/Abnormal_Sperm (985).bmp,0,3,1,1,0.096777,0.870817,0.032406
smids/Abnormal_Sperm/Abnormal_Sperm (987).bmp,0,3,1,1,0.177069,0.816979,0.005952
smids/Abnormal_Sperm/Abnormal_Sperm (992).bmp,0,3,1,1,0.044513,0.944673,0.010814
smids/Abnormal_Sperm/Abnormal_Sperm (993).bmp,0,3,1,1,0.076032,0.896740,0.027228
smids/Abnormal_Sperm/Abnormal_Sperm (995).bmp,0,3,1,1,0.018982,0.878974,0.102044
smids/Abnormal_Sperm/Abnormal_Sperm (998).bmp,0,3,1,1,0.037508,0.917688,0.044805
smids/Non-Sperm/Non-Sperm (101).bmp,0,3,2,2,0.002110,0.001316,0.996575
smids/Non-Sperm/Non-Sperm (104).bmp,0,3,2,2,0.001511,0.000649,0.997839
smids/Non-Sperm/Non-Sperm (108).bmp,0,3,2,2,0.000864,0.005928,0.993207
smids/Non-Sperm/Non-Sperm (109).bmp,0,3,2,2,0.000483,0.007492,0.992025
smids/Non-Sperm/Non-Sperm (11).bmp,0,3,2,2,0.011821,0.212830,0.775349
smids/Non-Sperm/Non-Sperm (110).bmp,0,3,2,2,0.002942,0.027326,0.969731
smids/Non-Sperm/Non-Sperm (111).bmp,0,3,2,2,0.011238,0.006687,0.982075
smids/Non-Sperm/Non-Sperm (114).bmp,0,3,2,2,0.000236,0.000562,0.999203
smids/Non-Sperm/Non-Sperm (115).bmp,0,3,2,2,0.002624,0.001623,0.995753
smids/Non-Sperm/Non-Sperm (118).bmp,0,3,2,2,0.000332,0.000246,0.999423
smids/Non-Sperm/Non-Sperm (119).bmp,0,3,2,2,0.001605,0.005308,0.993087
smids/Non-Sperm/Non-Sperm (121).bmp,0,3,2,2,0.000265,0.000464,0.999270
smids/Non-Sperm/Non-Sperm (123).bmp,0,3,2,2,0.000677,0.007341,0.991982
smids/Non-Sperm/Non-Sperm (13).bmp,0,3,2,2,0.000358,0.001488,0.998154
smids/Non-Sperm/Non-Sperm (144).bmp,0,3,2,2,0.000309,0.000342,0.999349
smids/Non-Sperm/Non-Sperm (151).bmp,0,3,2,2,0.001219,0.004112,0.994669
smids/Non-Sperm/Non-Sperm (156).bmp,0,3,2,2,0.002295,0.005791,0.991914
smids/Non-Sperm/Non-Sperm (158).bmp,0,3,2,2,0.000850,0.000797,0.998353
smids/Non-Sperm/Non-Sperm (164).bmp,0,3,2,2,0.000995,0.005307,0.993699
smids/Non-Sperm/Non-Sperm (166).bmp,0,3,2,2,0.015209,0.028686,0.956105
smids/Non-Sperm/Non-Sperm (167).bmp,0,3,2,2,0.000731,0.001983,0.997286
smids/Non-Sperm/Non-Sperm (17).bmp,0,3,2,2,0.001253,0.002445,0.996302
smids/Non-Sperm/Non-Sperm (170).bmp,0,3,2,2,0.000315,0.000693,0.998992
smids/Non-Sperm/Non-Sperm (173).bmp,0,3,2,2,0.000218,0.000420,0.999362
smids/Non-Sperm/Non-Sperm (179).bmp,0,3,2,2,0.000517,0.000557,0.998927
smids/Non-Sperm/Non-Sperm (18).bmp,0,3,2,2,0.008402,0.030992,0.960607
smids/Non-Sperm/Non-Sperm (186).bmp,0,3,2,2,0.000098,0.001933,0.997969
smids/Non-Sperm/Non-Sperm (189).bmp,0,3,2,2,0.005248,0.003747,0.991005
smids/Non-Sperm/Non-Sperm (193).bmp,0,3,2,2,0.000345,0.001256,0.998399
smids/Non-Sperm/Non-Sperm (196).bmp,0,3,2,2,0.410252,0.073721,0.516028
smids/Non-Sperm/Non-Sperm (2).bmp,0,3,2,2,0.070063,0.406242,0.523695
smids/Non-Sperm/Non-Sperm (200).bmp,0,3,2,2,0.000452,0.002165,0.997383
smids/Non-Sperm/Non-Sperm (201).bmp,0,3,2,2,0.001557,0.000846,0.997597
smids/Non-Sperm/Non-Sperm (204).bmp,0,3,2,2,0.006549,0.209254,0.784197
smids/Non-Sperm/Non-Sperm (206).bmp,0,3,2,2,0.000886,0.000439,0.998675
smids/Non-Sperm/Non-Sperm (21).bmp,0,3,2,2,0.000954,0.068253,0.930792
smids/Non-Sperm/Non-Sperm (212).bmp,0,3,2,2,0.001204,0.005248,0.993548
smids/Non-Sperm/Non-Sperm (218).bmp,0,3,2,2,0.002796,0.009496,0.987708
smids/Non-Sperm/Non-Sperm (22).bmp,0,3,2,2,0.000920,0.061338,0.937742
smids/Non-Sperm/Non-Sperm (221).bmp,0,3,2,2,0.003774,0.037843,0.958384
smids/Non-Sperm/Non-Sperm (233).bmp,0,3,2,2,0.009924,0.012695,0.977381
smids/Non-Sperm/Non-Sperm (243).bmp,0,3,2,2,0.031271,0.017924,0.950805
smids/Non-Sperm/Non-Sperm (245).bmp,0,3,2,2,0.000457,0.003118,0.996425
smids/Non-Sperm/Non-Sperm (253).bmp,0,3,2,2,0.012565,0.003226,0.984209
smids/Non-Sperm/Non-Sperm (26).bmp,0,3,2,1,0.000369,0.892635,0.106996
smids/Non-Sperm/Non-Sperm (261).bmp,0,3,2,2,0.005314,0.002149,0.992537
smids/Non-Sperm/Non-Sperm (276).bmp,0,3,2,2,0.000090,0.000166,0.999744
smids/Non-Sperm/Non-Sperm (282).bmp,0,3,2,2,0.002146,0.001130,0.996724
smids/Non-Sperm/Non-Sperm (289).bmp,0,3,2,2,0.000391,0.000981,0.998628
smids/Non-Sperm/Non-Sperm (296).bmp,0,3,2,2,0.000903,0.005152,0.993945
smids/Non-Sperm/Non-Sperm (299).bmp,0,3,2,2,0.000700,0.153128,0.846172
smids/Non-Sperm/Non-Sperm (30).bmp,0,3,2,2,0.003916,0.337049,0.659035
smids/Non-Sperm/Non-Sperm (304).bmp,0,3,2,2,0.000502,0.000474,0.999024
smids/Non-Sperm/Non-Sperm (306).bmp,0,3,2,2,0.021344,0.031355,0.947301
smids/Non-Sperm/Non-Sperm (311).bmp,0,3,2,2,0.000561,0.008020,0.991418
smids/Non-Sperm/Non-Sperm (314).bmp,0,3,2,2,0.076111,0.053092,0.870796
smids/Non-Sperm/Non-Sperm (315).bmp,0,3,2,2,0.000194,0.000023,0.999783
smids/Non-Sperm/Non-Sperm (318).bmp,0,3,2,2,0.000488,0.002137,0.997375
smids/Non-Sperm/Non-Sperm (322).bmp,0,3,2,2,0.001060,0.001525,0.997415
smids/Non-Sperm/Non-Sperm (330).bmp,0,3,2,2,0.013097,0.212216,0.774687
smids/Non-Sperm/Non-Sperm (333).bmp,0,3,2,2,0.028307,0.160217,0.811477
smids/Non-Sperm/Non-Sperm (334).bmp,0,3,2,2,0.000342,0.007232,0.992426
smids/Non-Sperm/Non-Sperm (341).bmp,0,3,2,1,0.041283,0.490280,0.468437
smids/Non-Sperm/Non-Sperm (344).bmp,0,3,2,2,0.023332,0.022037,0.954631
smids/Non-Sperm/Non-Sperm (345).bmp,0,3,2,2,0.005733,0.008696,0.985570
smids/Non-Sperm/Non-Sperm (35).bmp,0,3,2,1,0.020932,0.793880,0.185188
smids/Non-Sperm/Non-Sperm (358).bmp,0,3,2,2,0.033760,0.023943,0.942298
smids/Non-Sperm/Non-Sperm (360).bmp,0,3,2,2,0.003735,0.003785,0.992480
smids/Non-Sperm/Non-Sperm (377).bmp,0,3,2,2,0.026115,0.011730,0.962156
smids/Non-Sperm/Non-Sperm (38).bmp,0,3,2,1,0.006306,0.580495,0.413199
smids/Non-Sperm/Non-Sperm (381).bmp,0,3,2,2,0.017077,0.119224,0.863698
smids/Non-Sperm/Non-Sperm (395).bmp,0,3,2,1,0.322236,0.535319,0.142445
smids/Non-Sperm/Non-Sperm (396).bmp,0,3,2,1,0.413060,0.464372,0.122568
smids/Non-Sperm/Non-Sperm (399).bmp,0,3,2,2,0.002031,0.018477,0.979492
smids/Non-Sperm/Non-Sperm (40).bmp,0,3,2,2,0.005212,0.033980,0.960808
smids/Non-Sperm/Non-Sperm (405).bmp,0,3,2,2,0.099018,0.157670,0.743312
smids/Non-Sperm/Non-Sperm (408).bmp,0,3,2,2,0.000647,0.001497,0.997855
smids/Non-Sperm/Non-Sperm (409).bmp,0,3,2,1,0.112356,0.536481,0.351163
smids/Non-Sperm/Non-Sperm (410).bmp,0,3,2,2,0.003385,0.042310,0.954305
smids/Non-Sperm/Non-Sperm (411).bmp,0,3,2,2,0.000561,0.000961,0.998479
smids/Non-Sperm/Non-Sperm (418).bmp,0,3,2,2,0.009792,0.029429,0.960779
smids/Non-Sperm/Non-Sperm (422).bmp,0,3,2,2,0.000690,0.003583,0.995727
smids/Non-Sperm/Non-Sperm (424).bmp,0,3,2,2,0.001357,0.000278,0.998365
smids/Non-Sperm/Non-Sperm (428).bmp,0,3,2,2,0.001215,0.001790,0.996995
smids/Non-Sperm/Non-Sperm (433).bmp,0,3,2,2,0.000147,0.001804,0.998049
smids/Non-Sperm/Non-Sperm (449).bmp,0,3,2,1,0.326000,0.458071,0.215929
smids/Non-Sperm/Non-Sperm (450).bmp,0,3,2,2,0.022011,0.097879,0.880110
smids/Non-Sperm/Non-Sperm (452).bmp,0,3,2,2,0.018034,0.179225,0.802741
smids/Non-Sperm/Non-Sperm (456).bmp,0,3,2,2,0.045532,0.186906,0.767562
smids/Non-Sperm/Non-Sperm (468).bmp,0,3,2,2,0.000376,0.001875,0.997748
smids/Non-Sperm/Non-Sperm (481).bmp,0,3,2,2,0.000140,0.000437,0.999423
smids/Non-Sperm/Non-Sperm (486).bmp,0,3,2,2,0.000486,0.011683,0.987831
smids/Non-Sperm/Non-Sperm (487).bmp,0,3,2,2,0.003995,0.007923,0.988081
smids/Non-Sperm/Non-Sperm (500).bmp,0,3,2,2,0.050174,0.069657,0.880170
smids/Non-Sperm/Non-Sperm (504).bmp,0,3,2,2,0.000080,0.000417,0.999503
smids/Non-Sperm/Non-Sperm (521).bmp,0,3,2,2,0.221883,0.147808,0.630309
smids/Non-Sperm/Non-Sperm (525).bmp,0,3,2,2,0.003410,0.004864,0.991726
smids/Non-Sperm/Non-Sperm (530).bmp,0,3,2,2,0.000849,0.001513,0.997638
smids/Non-Sperm/Non-Sperm (532).bmp,0,3,2,2,0.000149,0.001214,0.998637
smids/Non-Sperm/Non-Sperm (55).bmp,0,3,2,2,0.049484,0.407720,0.542796
smids/Non-Sperm/Non-Sperm (553).bmp,0,3,2,2,0.071136,0.318510,0.610354
smids/Non-Sperm/Non-Sperm (556).bmp,0,3,2,2,0.016667,0.055483,0.927851
smids/Non-Sperm/Non-Sperm (562).bmp,0,3,2,2,0.005438,0.010241,0.984321
smids/Non-Sperm/Non-Sperm (564).bmp,0,3,2,2,0.000271,0.003004,0.996725
smids/Non-Sperm/Non-Sperm (565).bmp,0,3,2,2,0.001115,0.024858,0.974026
smids/Non-Sperm/Non-Sperm (57).bmp,0,3,2,2,0.001556,0.093750,0.904694
smids/Non-Sperm/Non-Sperm (573).bmp,0,3,2,2,0.125537,0.059347,0.815116
smids/Non-Sperm/Non-Sperm (58).bmp,0,3,2,2,0.002554,0.112254,0.885192
smids/Non-Sperm/Non-Sperm (586).bmp,0,3,2,2,0.001657,0.014362,0.983981
smids/Non-Sperm/Non-Sperm (587).bmp,0,3,2,2,0.001876,0.034816,0.963308
smids/Non-Sperm/Non-Sperm (594).bmp,0,3,2,2,0.004221,0.002061,0.993718
smids/Non-Sperm/Non-Sperm (598).bmp,0,3,2,2,0.001297,0.007141,0.991562
smids/Non-Sperm/Non-Sperm (600).bmp,0,3,2,2,0.000246,0.001063,0.998691
smids/Non-Sperm/Non-Sperm (601).bmp,0,3,2,2,0.000475,0.000701,0.998824
smids/Non-Sperm/Non-Sperm (602).bmp,0,3,2,2,0.001889,0.000574,0.997537
smids/Non-Sperm/Non-Sperm (609).bmp,0,3,2,2,0.052348,0.103984,0.843667
smids/Non-Sperm/Non-Sperm (610).bmp,0,3,2,2,0.086870,0.088625,0.824505
smids/Non-Sperm/Non-Sperm (618).bmp,0,3,2,2,0.017569,0.011831,0.970600
smids/Non-Sperm/Non-Sperm (620).bmp,0,3,2,2,0.000581,0.000699,0.998720
smids/Non-Sperm/Non-Sperm (622).bmp,0,3,2,2,0.000052,0.000173,0.999775
smids/Non-Sperm/Non-Sperm (625).bmp,0,3,2,2,0.000043,0.000539,0.999419
smids/Non-Sperm/Non-Sperm (627).bmp,0,3,2,2,0.000363,0.001183,0.998454
smids/Non-Sperm/Non-Sperm (63).bmp,0,3,2,2,0.036043,0.025520,0.938437
smids/Non-Sperm/Non-Sperm (638).bmp,0,3,2,2,0.068766,0.099258,0.831976
smids/Non-Sperm/Non-Sperm (639).bmp,0,3,2,2,0.027566,0.062364,0.910070
smids/Non-Sperm/Non-Sperm (646).bmp,0,3,2,2,0.001244,0.010932,0.987825
smids/Non-Sperm/Non-Sperm (647).bmp,0,3,2,2,0.000149,0.001017,0.998834
smids/Non-Sperm/Non-Sperm (65).bmp,0,3,2,2,0.007562,0.065104,0.927334
smids/Non-Sperm/Non-Sperm (651).bmp,0,3,2,2,0.001224,0.000133,0.998643
smids/Non-Sperm/Non-Sperm (666).bmp,0,3,2,2,0.004386,0.000910,0.994704
smids/Non-Sperm/Non-Sperm (67).bmp,0,3,2,2,0.004547,0.194691,0.800763
smids/Non-Sperm/Non-Sperm (671).bmp,0,3,2,2,0.003297,0.010599,0.986104
smids/Non-Sperm/Non-Sperm (674).bmp,0,3,2,2,0.009499,0.026542,0.963959
smids/Non-Sperm/Non-Sperm (676).bmp,0,3,2,2,0.004915,0.485131,0.509954
smids/Non-Sperm/Non-Sperm (677).bmp,0,3,2,2,0.000567,0.010441,0.988991
smids/Non-Sperm/Non-Sperm (680).bmp,0,3,2,2,0.001028,0.001763,0.997209
smids/Non-Sperm/Non-Sperm (686).bmp,0,3,2,2,0.004072,0.004379,0.991549
smids/Non-Sperm/Non-Sperm (687).bmp,0,3,2,2,0.004770,0.004393,0.990837
smids/Non-Sperm/Non-Sperm (697).bmp,0,3,2,2,0.001047,0.002113,0.996840
smids/Non-Sperm/Non-Sperm (70).bmp,0,3,2,2,0.022946,0.086045,0.891009
smids/Non-Sperm/Non-Sperm (703).bmp,0,3,2,2,0.000506,0.000935,0.998559
smids/Non-Sperm/Non-Sperm (705).bmp,0,3,2,0,0.463564,0.152063,0.384374
smids/Non-Sperm/Non-Sperm (706).bmp,0,3,2,2,0.001354,0.000711,0.997935
smids/Non-Sperm/Non-Sperm (711).bmp,0,3,2,2,0.004206,0.023596,0.972198
smids/Non-Sperm/Non-Sperm (712).bmp,0,3,2,2,0.093965,0.060457,0.845579
smids/Non-Sperm/Non-Sperm (713).bmp,0,3,2,2,0.002516,0.005736,0.991748
smids/Non-Sperm/Non-Sperm (714).bmp,0,3,2,2,0.004338,0.009256,0.986406
smids/Non-Sperm/Non-Sperm (72).bmp,0,3,2,2,0.026061,0.399475,0.574465
smids/Non-Sperm/Non-Sperm (723).bmp,0,3,2,2,0.010278,0.131934,0.857788
smids/Non-Sperm/Non-Sperm (726).bmp,0,3,2,2,0.002370,0.006199,0.991432
smids/Non-Sperm/Non-Sperm (727).bmp,0,3,2,2,0.008062,0.012129,0.979809
smids/Non-Sperm/Non-Sperm (740).bmp,0,3,2,2,0.000931,0.004668,0.994401
smids/Non-Sperm/Non-Sperm (745).bmp,0,3,2,2,0.001319,0.000474,0.998206
smids/Non-Sperm/Non-Sperm (747).bmp,0,3,2,2,0.009708,0.283858,0.706433
smids/Non-Sperm/Non-Sperm (748).bmp,0,3,2,2,0.032667,0.325140,0.642193
smids/Non-Sperm/Non-Sperm (752).bmp,0,3,2,2,0.213664,0.347009,0.439328
smids/Non-Sperm/Non-Sperm (768).bmp,0,3,2,2,0.004462,0.002530,0.993008
smids/Non-Sperm/Non-Sperm (77).bmp,0,3,2,2,0.002044,0.124630,0.873325
smids/Non-Sperm/Non-Sperm (771).bmp,0,3,2,2,0.004441,0.014869,0.980690
smids/Non-Sperm/Non-Sperm (781).bmp,0,3,2,2,0.023568,0.002392,0.974040
smids/Non-Sperm/Non-Sperm (783).bmp,0,3,2,2,0.000267,0.000062,0.999671
smids/Non-Sperm/Non-Sperm (784).bmp,0,3,2,2,0.000934,0.001825,0.997241
smids/Non-Sperm/Non-Sperm (787).bmp,0,3,2,2,0.001064,0.002791,0.996146
smids/Non-Sperm/Non-Sperm (79).bmp,0,3,2,2,0.011887,0.302345,0.685767
smids/Non-Sperm/Non-Sperm (808).bmp,0,3,2,2,0.001375,0.001713,0.996912
smids/Non-Sperm/Non-Sperm (81).bmp,0,3,2,2,0.006434,0.001792,0.991773
smids/Non-Sperm/Non-Sperm (813).bmp,0,3,2,2,0.000224,0.000791,0.998985
smids/Non-Sperm/Non-Sperm (815).bmp,0,3,2,2,0.043685,0.024581,0.931734
smids/Non-Sperm/Non-Sperm (823).bmp,0,3,2,2,0.000777,0.017991,0.981233
smids/Non-Sperm/Non-Sperm (826).bmp,0,3,2,2,0.007374,0.025948,0.966678
smids/Non-Sperm/Non-Sperm (835).bmp,0,3,2,2,0.001057,0.002085,0.996858
smids/Non-Sperm/Non-Sperm (84).bmp,0,3,2,2,0.000728,0.000634,0.998638
smids/Non-Sperm/Non-Sperm (848).bmp,0,3,2,2,0.001073,0.000456,0.998471
smids/Non-Sperm/Non-Sperm (854).bmp,0,3,2,1,0.052122,0.484371,0.463507
smids/Non-Sperm/Non-Sperm (855).bmp,0,3,2,2,0.002994,0.002816,0.994190
smids/Non-Sperm/Non-Sperm (861).bmp,0,3,2,2,0.021558,0.048652,0.929789
smids/Non-Sperm/Non-Sperm (875).bmp,0,3,2,2,0.002703,0.004595,0.992702
smids/Non-Sperm/Non-Sperm (878).bmp,0,3,2,2,0.012629,0.360607,0.626764
smids/Non-Sperm/Non-Sperm (880).bmp,0,3,2,2,0.000323,0.000938,0.998739
smids/Non-Sperm/Non-Sperm (885).bmp,0,3,2,2,0.000045,0.000742,0.999213
smids/Non-Sperm/Non-Sperm (890).bmp,0,3,2,2,0.001644,0.024704,0.973652
smids/Non-Sperm/Non-Sperm (894).bmp,0,3,2,2,0.072681,0.256884,0.670436
smids/Non-Sperm/Non-Sperm (909).bmp,0,3,2,1,0.265140,0.382493,0.352367
smids/Non-Sperm/Non-Sperm (91).bmp,0,3,2,2,0.006335,0.006513,0.987152
smids/Non-Sperm/Non-Sperm (911).bmp,0,3,2,1,0.004278,0.637348,0.358374
smids/Non-Sperm/Non-Sperm (922).bmp,0,3,2,2,0.000368,0.043370,0.956262
smids/Non-Sperm/Non-Sperm (93).bmp,0,3,2,2,0.003283,0.002380,0.994337
smids/Non-Sperm/Non-Sperm (931).bmp,0,3,2,2,0.025953,0.351426,0.622622
smids/Non-Sperm/Non-Sperm (938).bmp,0,3,2,2,0.023599,0.037166,0.939234
smids/Non-Sperm/Non-Sperm (945).bmp,0,3,2,0,0.567402,0.029113,0.403485
smids/Non-Sperm/Non-Sperm (955).bmp,0,3,2,2,0.002682,0.006843,0.990475
smids/Non-Sperm/Non-Sperm (957).bmp,0,3,2,2,0.017186,0.017322,0.965492
smids/Non-Sperm/Non-Sperm (961).bmp,0,3,2,2,0.022529,0.196791,0.780680
smids/Non-Sperm/Non-Sperm (966).bmp,0,3,2,0,0.511403,0.275685,0.212913
smids/Non-Sperm/Non-Sperm (967).bmp,0,3,2,2,0.001927,0.001453,0.996620
smids/Normal_Sperm/Normal_Sperm (1000).bmp,0,3,0,0,0.855360,0.131626,0.013013
smids/Normal_Sperm/Normal_Sperm (1005).bmp,0,3,0,1,0.123162,0.872161,0.004677
smids/Normal_Sperm/Normal_Sperm (1008).bmp,0,3,0,0,0.902956,0.048902,0.048141
smids/Normal_Sperm/Normal_Sperm (101).bmp,0,3,0,0,0.996083,0.003558,0.000360
smids/Normal_Sperm/Normal_Sperm (102).bmp,0,3,0,0,0.785964,0.065194,0.148842
smids/Normal_Sperm/Normal_Sperm (104).bmp,0,3,0,0,0.900249,0.097531,0.002220
smids/Normal_Sperm/Normal_Sperm (109).bmp,0,3,0,0,0.971242,0.025064,0.003693
smids/Normal_Sperm/Normal_Sperm (118).bmp,0,3,0,1,0.285695,0.565591,0.148714
smids/Normal_Sperm/Normal_Sperm (119).bmp,0,3,0,0,0.578910,0.414262,0.006828
smids/Normal_Sperm/Normal_Sperm (120).bmp,0,3,0,0,0.787283,0.212430,0.000288
smids/Normal_Sperm/Normal_Sperm (134).bmp,0,3,0,0,0.628099,0.364380,0.007521
smids/Normal_Sperm/Normal_Sperm (14).bmp,0,3,0,0,0.524078,0.340465,0.135457
smids/Normal_Sperm/Normal_Sperm (146).bmp,0,3,0,0,0.997886,0.002104,0.000010
smids/Normal_Sperm/Normal_Sperm (151).bmp,0,3,0,1,0.188030,0.442254,0.369716
smids/Normal_Sperm/Normal_Sperm (155).bmp,0,3,0,0,0.535732,0.409104,0.055164
smids/Normal_Sperm/Normal_Sperm (160).bmp,0,3,0,0,0.671488,0.326122,0.002390
smids/Normal_Sperm/Normal_Sperm (163).bmp,0,3,0,0,0.927841,0.064965,0.007194
smids/Normal_Sperm/Normal_Sperm (171).bmp,0,3,0,0,0.934122,0.055969,0.009909
smids/Normal_Sperm/Normal_Sperm (175).bmp,0,3,0,0,0.913107,0.081647,0.005246
smids/Normal_Sperm/Normal_Sperm (179).bmp,0,3,0,0,0.836909,0.138633,0.024458
smids/Normal_Sperm/Normal_Sperm (18).bmp,0,3,0,0,0.978080,0.015578,0.006342
smids/Normal_Sperm/Normal_Sperm (184).bmp,0,3,0,0,0.885299,0.107743,0.006959
smids/Normal_Sperm/Normal_Sperm (191).bmp,0,3,0,0,0.744014,0.126066,0.129920
smids/Normal_Sperm/Normal_Sperm (193).bmp,0,3,0,2,0.060537,0.292405,0.647058
smids/Normal_Sperm/Normal_Sperm (195).bmp,0,3,0,0,0.597633,0.280678,0.121689
smids/Normal_Sperm/Normal_Sperm (203).bmp,0,3,0,1,0.338580,0.532155,0.129265
smids/Normal_Sperm/Normal_Sperm (204).bmp,0,3,0,0,0.895324,0.100747,0.003929
smids/Normal_Sperm/Normal_Sperm (207).bmp,0,3,0,0,0.672666,0.319316,0.008018
smids/Normal_Sperm/Normal_Sperm (217).bmp,0,3,0,0,0.933918,0.048134,0.017948
smids/Normal_Sperm/Normal_Sperm (225).bmp,0,3,0,1,0.354358,0.607323,0.038319
smids/Normal_Sperm/Normal_Sperm (226).bmp,0,3,0,1,0.395118,0.583343,0.021540
smids/Normal_Sperm/Normal_Sperm (229).bmp,0,3,0,0,0.910078,0.088938,0.000984
smids/Normal_Sperm/Normal_Sperm (230).bmp,0,3,0,1,0.308818,0.617389,0.073793
smids/Normal_Sperm/Normal_Sperm (235).bmp,0,3,0,0,0.913398,0.081556,0.005046
smids/Normal_Sperm/Normal_Sperm (236).bmp,0,3,0,2,0.037498,0.173294,0.789207
smids/Normal_Sperm/Normal_Sperm (237).bmp,0,3,0,1,0.346457,0.574860,0.078683
smids/Normal_Sperm/Normal_Sperm (242).bmp,0,3,0,0,0.751017,0.243338,0.005645
smids/Normal_Sperm/Normal_Sperm (245).bmp,0,3,0,0,0.831238,0.163175,0.005587
smids/Normal_Sperm/Normal_Sperm (249).bmp,0,3,0,0,0.914967,0.072909,0.012124
smids/Normal_Sperm/Normal_Sperm (251).bmp,0,3,0,0,0.989081,0.010586,0.000333
smids/Normal_Sperm/Normal_Sperm (252).bmp,0,3,0,0,0.718772,0.278287,0.002941
smids/Normal_Sperm/Normal_Sperm (257).bmp,0,3,0,0,0.680187,0.291031,0.028783
smids/Normal_Sperm/Normal_Sperm (261).bmp,0,3,0,0,0.929268,0.069724,0.001008
smids/Normal_Sperm/Normal_Sperm (263).bmp,0,3,0,0,0.864309,0.126293,0.009397
smids/Normal_Sperm/Normal_Sperm (266).bmp,0,3,0,0,0.641692,0.351063,0.007245
smids/Normal_Sperm/Normal_Sperm (274).bmp,0,3,0,0,0.915242,0.074931,0.009828
smids/Normal_Sperm/Normal_Sperm (288).bmp,0,3,0,0,0.975690,0.024142,0.000168
smids/Normal_Sperm/Normal_Sperm (295).bmp,0,3,0,0,0.574541,0.412970,0.012488
smids/Normal_Sperm/Normal_Sperm (296).bmp,0,3,0,0,0.775606,0.222316,0.002079
smids/Normal_Sperm/Normal_Sperm (299).bmp,0,3,0,0,0.743624,0.168330,0.088046
smids/Normal_Sperm/Normal_Sperm (301).bmp,0,3,0,0,0.866252,0.123864,0.009884
smids/Normal_Sperm/Normal_Sperm (302).bmp,0,3,0,1,0.117724,0.879644,0.002632
smids/Normal_Sperm/Normal_Sperm (309).bmp,0,3,0,1,0.249178,0.662153,0.088670
smids/Normal_Sperm/Normal_Sperm (315).bmp,0,3,0,1,0.289195,0.697875,0.012930
smids/Normal_Sperm/Normal_Sperm (316).bmp,0,3,0,0,0.763209,0.228057,0.008733
smids/Normal_Sperm/Normal_Sperm (322).bmp,0,3,0,0,0.760872,0.235758,0.003370
smids/Normal_Sperm/Normal_Sperm (327).bmp,0,3,0,0,0.966841,0.032207,0.000952
smids/Normal_Sperm/Normal_Sperm (33).bmp,0,3,0,0,0.561258,0.077502,0.361240
smids/Normal_Sperm/Normal_Sperm (331).bmp,0,3,0,0,0.883896,0.111799,0.004305
smids/Normal_Sperm/Normal_Sperm (333).bmp,0,3,0,0,0.947372,0.052554,0.000073
smids/Normal_Sperm/Normal_Sperm (338).bmp,0,3,0,1,0.119440,0.820627,0.059933
smids/Normal_Sperm/Normal_Sperm (341).bmp,0,3,0,0,0.972729,0.027088,0.000183
smids/Normal_Sperm/Normal_Sperm (355).bmp,0,3,0,0,0.752489,0.246263,0.001248
smids/Normal_Sperm/Normal_Sperm (360).bmp,0,3,0,0,0.940062,0.059836,0.000103
smids/Normal_Sperm/Normal_Sperm (362).bmp,0,3,0,0,0.699654,0.294275,0.006071
smids/Normal_Sperm/Normal_Sperm (364).bmp,0,3,0,1,0.305908,0.668431,0.025662
smids/Normal_Sperm/Normal_Sperm (369).bmp,0,3,0,2,0.385136,0.018291,0.596574
smids/Normal_Sperm/Normal_Sperm (37).bmp,0,3,0,2,0.078745,0.059589,0.861666
smids/Normal_Sperm/Normal_Sperm (373).bmp,0,3,0,0,0.568141,0.428318,0.003541
smids/Normal_Sperm/Normal_Sperm (376).bmp,0,3,0,0,0.818266,0.151890,0.029845
smids/Normal_Sperm/Normal_Sperm (379).bmp,0,3,0,0,0.684637,0.292471,0.022891
smids/Normal_Sperm/Normal_Sperm (380).bmp,0,3,0,0,0.698735,0.201833,0.099432
smids/Normal_Sperm/Normal_Sperm (382).bmp,0,3,0,0,0.984232,0.015535,0.000233
smids/Normal_Sperm/Normal_Sperm (388).bmp,0,3,0,1,0.496958,0.501654,0.001388
smids/Normal_Sperm/Normal_Sperm (389).bmp,0,3,0,0,0.867640,0.132109,0.000251
smids/Normal_Sperm/Normal_Sperm (390).bmp,0,3,0,1,0.411640,0.584158,0.004202
smids/Normal_Sperm/Normal_Sperm (391).bmp,0,3,0,1,0.370671,0.589982,0.039347
smids/Normal_Sperm/Normal_Sperm (398).bmp,0,3,0,0,0.681831,0.316402,0.001767
smids/Normal_Sperm/Normal_Sperm (401).bmp,0,3,0,0,0.965744,0.033598,0.000659
smids/Normal_Sperm/Normal_Sperm (419).bmp,0,3,0,0,0.957230,0.041140,0.001630
smids/Normal_Sperm/Normal_Sperm (427).bmp,0,3,0,0,0.910583,0.085021,0.004396
smids/Normal_Sperm/Normal_Sperm (43).bmp,0,3,0,2,0.225525,0.294802,0.479673
smids/Normal_Sperm/Normal_Sperm (435).bmp,0,3,0,0,0.992284,0.007299,0.000417
smids/Normal_Sperm/Normal_Sperm (440).bmp,0,3,0,0,0.929033,0.067951,0.003015
smids/Normal_Sperm/Normal_Sperm (441).bmp,0,3,0,1,0.252519,0.745967,0.001514
smids/Normal_Sperm/Normal_Sperm (442).bmp,0,3,0,0,0.998734,0.001233,0.000033
smids/Normal_Sperm/Normal_Sperm (448).bmp,0,3,0,0,0.900949,0.092276,0.006775
smids/Normal_Sperm/Normal_Sperm (453).bmp,0,3,0,0,0.714615,0.114148,0.171237
smids/Normal_Sperm/Normal_Sperm (456).bmp,0,3,0,0,0.753199,0.245840,0.000961
smids/Normal_Sperm/Normal_Sperm (460).bmp,0,3,0,0,0.848438,0.127659,0.023904
smids/Normal_Sperm/Normal_Sperm (461).bmp,0,3,0,0,0.682862,0.305002,0.012136
smids/Normal_Sperm/Normal_Sperm (471).bmp,0,3,0,0,0.976824,0.023071,0.000105
smids/Normal_Sperm/Normal_Sperm (475).bmp,0,3,0,0,0.988839,0.009802,0.001359
smids/Normal_Sperm/Normal_Sperm (48).bmp,0,3,0,0,0.872212,0.110533,0.017255
smids/Normal_Sperm/Normal_Sperm (481).bmp,0,3,0,0,0.698617,0.198278,0.103105
smids/Normal_Sperm/Normal_Sperm (486).bmp,0,3,0,1,0.474495,0.493771,0.031734
smids/Normal_Sperm/Normal_Sperm (489).bmp,0,3,0,0,0.881577,0.103772,0.014651
smids/Normal_Sperm/Normal_Sperm (490).bmp,0,3,0,0,0.948225,0.048829,0.002945
smids/Normal_Sperm/Normal_Sperm (491).bmp,0,3,0,0,0.818937,0.180262,0.000801
smids/Normal_Sperm/Normal_Sperm (496).bmp,0,3,0,0,0.841488,0.120994,0.037518
smids/Normal_Sperm/Normal_Sperm (5).bmp,0,3,0,0,0.912392,0.085716,0.001891
smids/Normal_Sperm/Normal_Sperm (501).bmp,0,3,0,0,0.833033,0.165575,0.001392
smids/Normal_Sperm/Normal_Sperm (504).bmp,0,3,0,0,0.998547,0.001296,0.000157
smids/Normal_Sperm/Normal_Sperm (508).bmp,0,3,0,0,0.775111,0.221924,0.002964
smids/Normal_Sperm/Normal_Sperm (509).bmp,0,3,0,0,0.726605,0.248359,0.025036
smids/Normal_Sperm/Normal_Sperm (51).bmp,0,3,0,0,0.878752,0.119543,0.001705
smids/Normal_Sperm/Normal_Sperm (510).bmp,0,3,0,0,0.973000,0.026937,0.000063
smids/Normal_Sperm/Normal_Sperm (524).bmp,0,3,0,0,0.870638,0.127221,0.002142
smids/Normal_Sperm/Normal_Sperm (526).bmp,0,3,0,0,0.892145,0.107586,0.000269
smids/Normal_Sperm/Normal_Sperm (528).bmp,0,3,0,0,0.873219,0.120593,0.006189
smids/Normal_Sperm/Normal_Sperm (533).bmp,0,3,0,1,0.460671,0.536997,0.002331
smids/Normal_Sperm/Normal_Sperm (537).bmp,0,3,0,0,0.942862,0.055484,0.001654
smids/Normal_Sperm/Normal_Sperm (545).bmp,0,3,0,0,0.891997,0.087930,0.020073
smids/Normal_Sperm/Normal_Sperm (553).bmp,0,3,0,0,0.978617,0.021264,0.000119
smids/Normal_Sperm/Normal_Sperm (576).bmp,0,3,0,0,0.789392,0.198099,0.012510
smids/Normal_Sperm/Normal_Sperm (580).bmp,0,3,0,0,0.943655,0.053323,0.003022
smids/Normal_Sperm/Normal_Sperm (587).bmp,0,3,0,0,0.774036,0.223521,0.002443
smids/Normal_Sperm/Normal_Sperm (598).bmp,0,3,0,0,0.529296,0.461002,0.009702
smids/Normal_Sperm/Normal_Sperm (605).bmp,0,3,0,0,0.901739,0.098145,0.000116
smids/Normal_Sperm/Normal_Sperm (608).bmp,0,3,0,0,0.950707,0.048665,0.000628
smids/Normal_Sperm/Normal_Sperm (610).bmp,0,3,0,0,0.927276,0.072462,0.000262
smids/Normal_Sperm/Normal_Sperm (615).bmp,0,3,0,0,0.712391,0.227400,0.060209
smids/Normal_Sperm/Normal_Sperm (618).bmp,0,3,0,0,0.925482,0.073538,0.000980
smids/Normal_Sperm/Normal_Sperm (62).bmp,0,3,0,1,0.294326,0.697558,0.008116
smids/Normal_Sperm/Normal_Sperm (624).bmp,0,3,0,0,0.968733,0.030650,0.000617
smids/Normal_Sperm/Normal_Sperm (629).bmp,0,3,0,0,0.935527,0.063959,0.000514
smids/Normal_Sperm/Normal_Sperm (633).bmp,0,3,0,1,0.146364,0.852415,0.001220
smids/Normal_Sperm/Normal_Sperm (635).bmp,0,3,0,0,0.988842,0.011126,0.000031
smids/Normal_Sperm/Normal_Sperm (639).bmp,0,3,0,0,0.979065,0.020868,0.000067
smids/Normal_Sperm/Normal_Sperm (640).bmp,0,3,0,0,0.986886,0.007323,0.005791
smids/Normal_Sperm/Normal_Sperm (642).bmp,0,3,0,0,0.764739,0.177794,0.057467
smids/Normal_Sperm/Normal_Sperm (646).bmp,0,3,0,0,0.795849,0.196788,0.007363
smids/Normal_Sperm/Normal_Sperm (65).bmp,0,3,0,0,0.769969,0.162634,0.067398
smids/Normal_Sperm/Normal_Sperm (658).bmp,0,3,0,0,0.780758,0.189573,0.029669
smids/Normal_Sperm/Normal_Sperm (659).bmp,0,3,0,0,0.923610,0.076046,0.000345
smids/Normal_Sperm/Normal_Sperm (667).bmp,0,3,0,0,0.981186,0.013242,0.005572
smids/Normal_Sperm/Normal_Sperm (67).bmp,0,3,0,0,0.634565,0.129142,0.236294
smids/Normal_Sperm/Normal_Sperm (670).bmp,0,3,0,0,0.868861,0.059596,0.071542
smids/Normal_Sperm/Normal_Sperm (673).bmp,0,3,0,0,0.798119,0.201819,0.000062
smids/Normal_Sperm/Normal_Sperm (674).bmp,0,3,0,0,0.968561,0.022387,0.009052
smids/Normal_Sperm/Normal_Sperm (694).bmp,0,3,0,0,0.942502,0.050905,0.006592
smids/Normal_Sperm/Normal_Sperm (701).bmp,0,3,0,0,0.743181,0.247444,0.009375
smids/Normal_Sperm/Normal_Sperm (706).bmp,0,3,0,0,0.891943,0.107145,0.000912
smids/Normal_Sperm/Normal_Sperm (716).bmp,0,3,0,1,0.173616,0.824472,0.001912
smids/Normal_Sperm/Normal_Sperm (717).bmp,0,3,0,0,0.954402,0.044184,0.001413
smids/Normal_Sperm/Normal_Sperm (72).bmp,0,3,0,0,0.816320,0.132010,0.051670
smids/Normal_Sperm/Normal_Sperm (729).bmp,0,3,0,0,0.998077,0.001633,0.000290
smids/Normal_Sperm/Normal_Sperm (730).bmp,0,3,0,0,0.813083,0.142106,0.044811
smids/Normal_Sperm/Normal_Sperm (731).bmp,0,3,0,0,0.940830,0.038963,0.020207
smids/Normal_Sperm/Normal_Sperm (732).bmp,0,3,0,0,0.970286,0.029006,0.000708
smids/Normal_Sperm/Normal_Sperm (737).bmp,0,3,0,0,0.985310,0.014352,0.000338
smids/Normal_Sperm/Normal_Sperm (741).bmp,0,3,0,0,0.872593,0.112527,0.014880
smids/Normal_Sperm/Normal_Sperm (746).bmp,0,3,0,0,0.754660,0.238920,0.006420
smids/Normal_Sperm/Normal_Sperm (751).bmp,0,3,0,0,0.977001,0.021246,0.001753
smids/Normal_Sperm/Normal_Sperm (756).bmp,0,3,0,0,0.962044,0.028443,0.009512
smids/Normal_Sperm/Normal_Sperm (761).bmp,0,3,0,0,0.948730,0.050688,0.000582
smids/Normal_Sperm/Normal_Sperm (768).bmp,0,3,0,0,0.564198,0.108334,0.327468
smids/Normal_Sperm/Normal_Sperm (773).bmp,0,3,0,0,0.923336,0.075922,0.000742
smids/Normal_Sperm/Normal_Sperm (776).bmp,0,3,0,0,0.981128,0.018202,0.000670
smids/Normal_Sperm/Normal_Sperm (778).bmp,0,3,0,0,0.819556,0.084858,0.095586
smids/Normal_Sperm/Normal_Sperm (798).bmp,0,3,0,0,0.612351,0.350409,0.037240
smids/Normal_Sperm/Normal_Sperm (8).bmp,0,3,0,2,0.140048,0.047827,0.812125
smids/Normal_Sperm/Normal_Sperm (802).bmp,0,3,0,0,0.933897,0.028365,0.037738
smids/Normal_Sperm/Normal_Sperm (805).bmp,0,3,0,0,0.579336,0.389517,0.031147
smids/Normal_Sperm/Normal_Sperm (809).bmp,0,3,0,0,0.938161,0.061128,0.000711
smids/Normal_Sperm/Normal_Sperm (81).bmp,0,3,0,0,0.548449,0.241615,0.209936
smids/Normal_Sperm/Normal_Sperm (816).bmp,0,3,0,1,0.413849,0.579885,0.006266
smids/Normal_Sperm/Normal_Sperm (817).bmp,0,3,0,0,0.340118,0.322202,0.337680
smids/Normal_Sperm/Normal_Sperm (819).bmp,0,3,0,0,0.971180,0.025660,0.003160
smids/Normal_Sperm/Normal_Sperm (824).bmp,0,3,0,0,0.998745,0.001239,0.000016
smids/Normal_Sperm/Normal_Sperm (825).bmp,0,3,0,0,0.674376,0.282670,0.042954
smids/Normal_Sperm/Normal_Sperm (834).bmp,0,3,0,0,0.939757,0.060219,0.000024
smids/Normal_Sperm/Normal_Sperm (837).bmp,0,3,0,1,0.394128,0.567518,0.038354
smids/Normal_Sperm/Normal_Sperm (846).bmp,0,3,0,0,0.669033,0.328539,0.002429
smids/Normal_Sperm/Normal_Sperm (848).bmp,0,3,0,0,0.928733,0.070270,0.000997
smids/Normal_Sperm/Normal_Sperm (852).bmp,0,3,0,0,0.805315,0.192200,0.002485
smids/Normal_Sperm/Normal_Sperm (854).bmp,0,3,0,0,0.873129,0.126746,0.000125
smids/Normal_Sperm/Normal_Sperm (869).bmp,0,3,0,0,0.977396,0.022516,0.000088
smids/Normal_Sperm/Normal_Sperm (870).bmp,0,3,0,0,0.896062,0.102676,0.001262
smids/Normal_Sperm/Normal_Sperm (875).bmp,0,3,0,0,0.814846,0.181282,0.003872
smids/Normal_Sperm/Normal_Sperm (877).bmp,0,3,0,0,0.955152,0.019318,0.025531
smids/Normal_Sperm/Normal_Sperm (88).bmp,0,3,0,0,0.495729,0.441085,0.063186
smids/Normal_Sperm/Normal_Sperm (889).bmp,0,3,0,1,0.337164,0.662209,0.000627
smids/Normal_Sperm/Normal_Sperm (895).bmp,0,3,0,0,0.874868,0.123092,0.002041
smids/Normal_Sperm/Normal_Sperm (896).bmp,0,3,0,0,0.851867,0.141593,0.006541
smids/Normal_Sperm/Normal_Sperm (903).bmp,0,3,0,1,0.062690,0.850448,0.086862
smids/Normal_Sperm/Normal_Sperm (907).bmp,0,3,0,1,0.076541,0.922944,0.000516
smids/Normal_Sperm/Normal_Sperm (908).bmp,0,3,0,0,0.723660,0.275679,0.000662
smids/Normal_Sperm/Normal_Sperm (922).bmp,0,3,0,0,0.859876,0.138901,0.001223
smids/Normal_Sperm/Normal_Sperm (925).bmp,0,3,0,0,0.669337,0.327807,0.002857
smids/Normal_Sperm/Normal_Sperm (93).bmp,0,3,0,0,0.930789,0.046389,0.022822
smids/Normal_Sperm/Normal_Sperm (936).bmp,0,3,0,0,0.816847,0.179856,0.003297
smids/Normal_Sperm/Normal_Sperm (937).bmp,0,3,0,0,0.844277,0.154317,0.001405
smids/Normal_Sperm/Normal_Sperm (941).bmp,0,3,0,1,0.070216,0.928544,0.001240
smids/Normal_Sperm/Normal_Sperm (945).bmp,0,3,0,0,0.889288,0.110518,0.000194
smids/Normal_Sperm/Normal_Sperm (946).bmp,0,3,0,1,0.104997,0.883797,0.011206
smids/Normal_Sperm/Normal_Sperm (960).bmp,0,3,0,0,0.832316,0.163741,0.003944
smids/Normal_Sperm/Normal_Sperm (965).bmp,0,3,0,1,0.415761,0.582065,0.002174
smids/Normal_Sperm/Normal_Sperm (981).bmp,0,3,0,0,0.616162,0.382996,0.000843
smids/Normal_Sperm/Normal_Sperm (989).bmp,0,3,0,0,0.451814,0.267445,0.280741
smids/Abnormal_Sperm/Abnormal_Sperm (100).bmp,0,4,1,1,0.166911,0.826705,0.006384
smids/Abnormal_Sperm/Abnormal_Sperm (1000).bmp,0,4,1,1,0.138669,0.845553,0.015778
smids/Abnormal_Sperm/Abnormal_Sperm (106).bmp,0,4,1,2,0.008240,0.386099,0.605661
smids/Abnormal_Sperm/Abnormal_Sperm (113).bmp,0,4,1,1,0.005885,0.822014,0.172100
smids/Abnormal_Sperm/Abnormal_Sperm (118).bmp,0,4,1,1,0.061308,0.938527,0.000166
smids/Abnormal_Sperm/Abnormal_Sperm (121).bmp,0,4,1,1,0.389324,0.583784,0.026892
smids/Abnormal_Sperm/Abnormal_Sperm (130).bmp,0,4,1,1,0.001502,0.996540,0.001958
smids/Abnormal_Sperm/Abnormal_Sperm (135).bmp,0,4,1,1,0.005042,0.992493,0.002465
smids/Abnormal_Sperm/Abnormal_Sperm (138).bmp,0,4,1,1,0.031005,0.946208,0.022787
smids/Abnormal_Sperm/Abnormal_Sperm (140).bmp,0,4,1,1,0.050401,0.941307,0.008293
smids/Abnormal_Sperm/Abnormal_Sperm (142).bmp,0,4,1,0,0.658880,0.336471,0.004650
smids/Abnormal_Sperm/Abnormal_Sperm (143).bmp,0,4,1,1,0.063619,0.936277,0.000104
smids/Abnormal_Sperm/Abnormal_Sperm (145).bmp,0,4,1,1,0.016998,0.981756,0.001246
smids/Abnormal_Sperm/Abnormal_Sperm (149).bmp,0,4,1,1,0.096361,0.895996,0.007642
smids/Abnormal_Sperm/Abnormal_Sperm (151).bmp,0,4,1,2,0.025765,0.395931,0.578305
smids/Abnormal_Sperm/Abnormal_Sperm (153).bmp,0,4,1,1,0.265603,0.680710,0.053688
smids/Abnormal_Sperm/Abnormal_Sperm (162).bmp,0,4,1,1,0.122130,0.558855,0.319015
smids/Abnormal_Sperm/Abnormal_Sperm (163).bmp,0,4,1,1,0.023428,0.972954,0.003618
smids/Abnormal_Sperm/Abnormal_Sperm (170).bmp,0,4,1,1,0.006181,0.887686,0.106133
smids/Abnormal_Sperm/Abnormal_Sperm (178).bmp,0,4,1,1,0.051650,0.934797,0.013553
smids/Abnormal_Sperm/Abnormal_Sperm (179).bmp,0,4,1,1,0.173627,0.825767,0.000606
smids/Abnormal_Sperm/Abnormal_Sperm (186).bmp,0,4,1,1,0.138626,0.859225,0.002148
smids/Abnormal_Sperm/Abnormal_Sperm (188).bmp,0,4,1,1,0.055534,0.918785,0.025681
smids/Abnormal_Sperm/Abnormal_Sperm (189).bmp,0,4,1,1,0.023630,0.855119,0.121252
smids/Abnormal_Sperm/Abnormal_Sperm (192).bmp,0,4,1,1,0.095257,0.901568,0.003175
smids/Abnormal_Sperm/Abnormal_Sperm (195).bmp,0,4,1,1,0.071139,0.927215,0.001645
smids/Abnormal_Sperm/Abnormal_Sperm (197).bmp,0,4,1,1,0.038999,0.960546,0.000454
smids/Abnormal_Sperm/Abnormal_Sperm (199).bmp,0,4,1,1,0.027098,0.969618,0.003284
smids/Abnormal_Sperm/Abnormal_Sperm (205).bmp,0,4,1,1,0.061851,0.913985,0.024164
smids/Abnormal_Sperm/Abnormal_Sperm (21).bmp,0,4,1,1,0.005328,0.741950,0.252722
smids/Abnormal_Sperm/Abnormal_Sperm (214).bmp,0,4,1,1,0.002330,0.984324,0.013346
smids/Abnormal_Sperm/Abnormal_Sperm (226).bmp,0,4,1,1,0.289595,0.615994,0.094411
smids/Abnormal_Sperm/Abnormal_Sperm (228).bmp,0,4,1,0,0.729710,0.235687,0.034603
smids/Abnormal_Sperm/Abnormal_Sperm (229).bmp,0,4,1,1,0.116045,0.880621,0.003334
smids/Abnormal_Sperm/Abnormal_Sperm (230).bmp,0,4,1,1,0.090541,0.908480,0.000979
smids/Abnormal_Sperm/Abnormal_Sperm (237).bmp,0,4,1,1,0.015712,0.902857,0.081432
smids/Abnormal_Sperm/Abnormal_Sperm (244).bmp,0,4,1,1,0.003987,0.965859,0.030154
smids/Abnormal_Sperm/Abnormal_Sperm (248).bmp,0,4,1,1,0.063890,0.929333,0.006777
smids/Abnormal_Sperm/Abnormal_Sperm (259).bmp,0,4,1,1,0.081259,0.916477,0.002264
smids/Abnormal_Sperm/Abnormal_Sperm (262).bmp,0,4,1,1,0.087720,0.861393,0.050887
smids/Abnormal_Sperm/Abnormal_Sperm (264).bmp,0,4,1,1,0.030895,0.964588,0.004518
smids/Abnormal_Sperm/Abnormal_Sperm (265).bmp,0,4,1,1,0.278297,0.716508,0.005196
smids/Abnormal_Sperm/Abnormal_Sperm (270).bmp,0,4,1,1,0.096920,0.896748,0.006333
smids/Abnormal_Sperm/Abnormal_Sperm (273).bmp,0,4,1,1,0.006315,0.992913,0.000771
smids/Abnormal_Sperm/Abnormal_Sperm (274).bmp,0,4,1,1,0.012912,0.927595,0.059492
smids/Abnormal_Sperm/Abnormal_Sperm (279).bmp,0,4,1,0,0.540089,0.454079,0.005832
smids/Abnormal_Sperm/Abnormal_Sperm (283).bmp,0,4,1,1,0.285235,0.706135,0.008630
smids/Abnormal_Sperm/Abnormal_Sperm (297).bmp,0,4,1,1,0.224523,0.767645,0.007831
smids/Abnormal_Sperm/Abnormal_Sperm (299).bmp,0,4,1,0,0.539386,0.454957,0.005657
smids/Abnormal_Sperm/Abnormal_Sperm (3).bmp,0,4,1,1,0.082688,0.665251,0.252061
smids/Abnormal_Sperm/Abnormal_Sperm (305).bmp,0,4,1,1,0.002349,0.803825,0.193827
smids/Abnormal_Sperm/Abnormal_Sperm (307).bmp,0,4,1,1,0.067736,0.840981,0.091283
smids/Abnormal_Sperm/Abnormal_Sperm (315).bmp,0,4,1,1,0.003243,0.991545,0.005212
smids/Abnormal_Sperm/Abnormal_Sperm (316).bmp,0,4,1,1,0.107691,0.882834,0.009474
smids/Abnormal_Sperm/Abnormal_Sperm (318).bmp,0,4,1,1,0.170346,0.825842,0.003812
smids/Abnormal_Sperm/Abnormal_Sperm (329).bmp,0,4,1,1,0.109674,0.877493,0.012833
smids/Abnormal_Sperm/Abnormal_Sperm (330).bmp,0,4,1,1,0.044399,0.955413,0.000188
smids/Abnormal_Sperm/Abnormal_Sperm (334).bmp,0,4,1,1,0.113960,0.885041,0.000998
smids/Abnormal_Sperm/Abnormal_Sperm (344).bmp,0,4,1,1,0.002601,0.997293,0.000107
smids/Abnormal_Sperm/Abnormal_Sperm (346).bmp,0,4,1,1,0.006663,0.986670,0.006667
smids/Abnormal_Sperm/Abnormal_Sperm (350).bmp,0,4,1,1,0.101796,0.873557,0.024648
smids/Abnormal_Sperm/Abnormal_Sperm (357).bmp,0,4,1,1,0.038920,0.941386,0.019693
smids/Abnormal_Sperm/Abnormal_Sperm (360).bmp,0,4,1,1,0.142621,0.847098,0.010281
smids/Abnormal_Sperm/Abnormal_Sperm (364).bmp,0,4,1,1,0.124611,0.830916,0.044473
smids/Abnormal_Sperm/Abnormal_Sperm (367).bmp,0,4,1,0,0.503750,0.488611,0.007639
smids/Abnormal_Sperm/Abnormal_Sperm (368).bmp,0,4,1,1,0.022625,0.693037,0.284337
smids/Abnormal_Sperm/Abnormal_Sperm (382).bmp,0,4,1,1,0.017470,0.974071,0.008459
smids/Abnormal_Sperm/Abnormal_Sperm (383).bmp,0,4,1,1,0.026077,0.962111,0.011812
smids/Abnormal_Sperm/Abnormal_Sperm (396).bmp,0,4,1,1,0.160567,0.836135,0.003298
smids/Abnormal_Sperm/Abnormal_Sperm (400).bmp,0,4,1,1,0.051272,0.917277,0.031451
smids/Abnormal_Sperm/Abnormal_Sperm (401).bmp,0,4,1,1,0.390681,0.606972,0.002348
smids/Abnormal_Sperm/Abnormal_Sperm (403).bmp,0,4,1,1,0.450750,0.548113,0.001137
smids/Abnormal_Sperm/Abnormal_Sperm (421).bmp,0,4,1,1,0.243910,0.754061,0.002029
smids/Abnormal_Sperm/Abnormal_Sperm (429).bmp,0,4,1,1,0.019045,0.952742,0.028213
smids/Abnormal_Sperm/Abnormal_Sperm (43).bmp,0,4,1,0,0.517218,0.465441,0.017340
smids/Abnormal_Sperm/Abnormal_Sperm (469).bmp,0,4,1,1,0.023058,0.974000,0.002941
smids/Abnormal_Sperm/Abnormal_Sperm (477).bmp,0,4,1,1,0.198733,0.790012,0.011256
smids/Abnormal_Sperm/Abnormal_Sperm (478).bmp,0,4,1,1,0.104995,0.573873,0.321132
smids/Abnormal_Sperm/Abnormal_Sperm (485).bmp,0,4,1,1,0.005973,0.993224,0.000803
smids/Abnormal_Sperm/Abnormal_Sperm (486).bmp,0,4,1,1,0.001516,0.570021,0.428463
smids/Abnormal_Sperm/Abnormal_Sperm (487).bmp,0,4,1,0,0.848023,0.149065,0.002912
smids/Abnormal_Sperm/Abnormal_Sperm (490).bmp,0,4,1,1,0.299408,0.693311,0.007281
smids/Abnormal_Sperm/Abnormal_Sperm (493).bmp,0,4,1,1,0.022436,0.973177,0.004387
smids/Abnormal_Sperm/Abnormal_Sperm (496).bmp,0,4,1,1,0.185496,0.796514,0.017990
smids/Abnormal_Sperm/Abnormal_Sperm (497).bmp,0,4,1,2,0.152635,0.355980,0.491385
smids/Abnormal_Sperm/Abnormal_Sperm (500).bmp,0,4,1,0,0.529242,0.044617,0.426141
smids/Abnormal_Sperm/Abnormal_Sperm (506).bmp,0,4,1,1,0.076295,0.922027,0.001678
smids/Abnormal_Sperm/Abnormal_Sperm (508).bmp,0,4,1,2,0.155775,0.087822,0.756403
smids/Abnormal_Sperm/Abnormal_Sperm (510).bmp,0,4,1,1,0.059511,0.877384,0.063104
smids/Abnormal_Sperm/Abnormal_Sperm (511).bmp,0,4,1,1,0.081853,0.805554,0.112593
smids/Abnormal_Sperm/Abnormal_Sperm (518).bmp,0,4,1,1,0.132151,0.866448,0.001401
smids/Abnormal_Sperm/Abnormal_Sperm (521).bmp,0,4,1,1,0.018157,0.979508,0.002334
smids/Abnormal_Sperm/Abnormal_Sperm (522).bmp,0,4,1,1,0.241968,0.698801,0.059232
smids/Abnormal_Sperm/Abnormal_Sperm (525).bmp,0,4,1,1,0.089799,0.884772,0.025428
smids/Abnormal_Sperm/Abnormal_Sperm (532).bmp,0,4,1,1,0.121226,0.802793,0.075980
smids/Abnormal_Sperm/Abnormal_Sperm (548).bmp,0,4,1,1,0.008071,0.969131,0.022798
smids/Abnormal_Sperm/Abnormal_Sperm (549).bmp,0,4,1,0,0.642066,0.262567,0.095368
smids/Abnormal_Sperm/Abnormal_Sperm (55).bmp,0,4,1,1,0.036848,0.890202,0.072950
smids/Abnormal_Sperm/Abnormal_Sperm (554).bmp,0,4,1,1,0.159352,0.442785,0.397863
smids/Abnormal_Sperm/Abnormal_Sperm (555).bmp,0,4,1,0,0.467359,0.439518,0.093124
smids/Abnormal_Sperm/Abnormal_Sperm (558).bmp,0,4,1,1,0.275766,0.693981,0.030253
smids/Abnormal_Sperm/Abnormal_Sperm (568).bmp,0,4,1,1,0.049338,0.909364,0.041299
smids/Abnormal_Sperm/Abnormal_Sperm (577).bmp,0,4,1,1,0.254898,0.727801,0.017301
smids/Abnormal_Sperm/Abnormal_Sperm (578).bmp,0,4,1,0,0.637784,0.353776,0.008441
smids/Abnormal_Sperm/Abnormal_Sperm (601).bmp,0,4,1,1,0.299015,0.466838,0.234147
smids/Abnormal_Sperm/Abnormal_Sperm (605).bmp,0,4,1,0,0.393696,0.342142,0.264162
smids/Abnormal_Sperm/Abnormal_Sperm (606).bmp,0,4,1,0,0.908901,0.082541,0.008558
smids/Abnormal_Sperm/Abnormal_Sperm (611).bmp,0,4,1,0,0.634679,0.341084,0.024237
smids/Abnormal_Sperm/Abnormal_Sperm (613).bmp,0,4,1,1,0.195368,0.795947,0.008685
smids/Abnormal_Sperm/Abnormal_Sperm (617).bmp,0,4,1,1,0.476155,0.518008,0.005837
smids/Abnormal_Sperm/Abnormal_Sperm (619).bmp,0,4,1,1,0.320687,0.672631,0.006682
smids/Abnormal_Sperm/Abnormal_Sperm (623).bmp,0,4,1,0,0.530983,0.465195,0.003822
smids/Abnormal_Sperm/Abnormal_Sperm (630).bmp,0,4,1,1,0.034190,0.630230,0.335580
smids/Abnormal_Sperm/Abnormal_Sperm (631).bmp,0,4,1,1,0.328618,0.667692,0.003690
smids/Abnormal_Sperm/Abnormal_Sperm (633).bmp,0,4,1,2,0.100414,0.398035,0.501551
smids/Abnormal_Sperm/Abnormal_Sperm (635).bmp,0,4,1,1,0.326541,0.656079,0.017381
smids/Abnormal_Sperm/Abnormal_Sperm (638).bmp,0,4,1,1,0.477806,0.482860,0.039334
smids/Abnormal_Sperm/Abnormal_Sperm (642).bmp,0,4,1,0,0.512374,0.485313,0.002313
smids/Abnormal_Sperm/Abnormal_Sperm (652).bmp,0,4,1,1,0.375883,0.623936,0.000181
smids/Abnormal_Sperm/Abnormal_Sperm (669).bmp,0,4,1,1,0.101036,0.708189,0.190775
smids/Abnormal_Sperm/Abnormal_Sperm (673).bmp,0,4,1,1,0.107770,0.674073,0.218157
smids/Abnormal_Sperm/Abnormal_Sperm (680).bmp,0,4,1,1,0.039305,0.938331,0.022364
smids/Abnormal_Sperm/Abnormal_Sperm (681).bmp,0,4,1,1,0.208406,0.790937,0.000656
smids/Abnormal_Sperm/Abnormal_Sperm (688).bmp,0,4,1,1,0.106985,0.609607,0.283409
smids/Abnormal_Sperm/Abnormal_Sperm (698).bmp,0,4,1,1,0.185264,0.812492,0.002244
smids/Abnormal_Sperm/Abnormal_Sperm (699).bmp,0,4,1,1,0.102313,0.894840,0.002847
smids/Abnormal_Sperm/Abnormal_Sperm (7).bmp,0,4,1,1,0.471126,0.512030,0.016844
smids/Abnormal_Sperm/Abnormal_Sperm (701).bmp,0,4,1,1,0.375062,0.512971,0.111966
smids/Abnormal_Sperm/Abnormal_Sperm (702).bmp,0,4,1,1,0.158497,0.818531,0.022972
smids/Abnormal_Sperm/Abnormal_Sperm (709).bmp,0,4,1,1,0.057908,0.938298,0.003795
smids/Abnormal_Sperm/Abnormal_Sperm (71).bmp,0,4,1,1,0.068891,0.482651,0.448459
smids/Abnormal_Sperm/Abnormal_Sperm (711).bmp,0,4,1,1,0.239195,0.618312,0.142493
smids/Abnormal_Sperm/Abnormal_Sperm (716).bmp,0,4,1,0,0.669507,0.325583,0.004910
smids/Abnormal_Sperm/Abnormal_Sperm (72).bmp,0,4,1,1,0.204152,0.691803,0.104046
smids/Abnormal_Sperm/Abnormal_Sperm (721).bmp,0,4,1,1,0.157061,0.758825,0.084115
smids/Abnormal_Sperm/Abnormal_Sperm (722).bmp,0,4,1,1,0.153100,0.834269,0.012631
smids/Abnormal_Sperm/Abnormal_Sperm (730).bmp,0,4,1,1,0.092228,0.856199,0.051572
smids/Abnormal_Sperm/Abnormal_Sperm (731).bmp,0,4,1,1,0.324297,0.486160,0.189543
smids/Abnormal_Sperm/Abnormal_Sperm (739).bmp,0,4,1,1,0.096841,0.894922,0.008238
smids/Abnormal_Sperm/Abnormal_Sperm (741).bmp,0,4,1,0,0.519000,0.479785,0.001215
smids/Abnormal_Sperm/Abnormal_Sperm (745).bmp,0,4,1,0,0.567940,0.431511,0.000549
smids/Abnormal_Sperm/Abnormal_Sperm (747).bmp,0,4,1,0,0.579973,0.272865,0.147162
smids/Abnormal_Sperm/Abnormal_Sperm (751).bmp,0,4,1,1,0.320549,0.674001,0.005450
smids/Abnormal_Sperm/Abnormal_Sperm (755).bmp,0,4,1,0,0.853963,0.141867,0.004170
smids/Abnormal_Sperm/Abnormal_Sperm (757).bmp,0,4,1,1,0.004552,0.994850,0.000598
smids/Abnormal_Sperm/Abnormal_Sperm (758).bmp,0,4,1,1,0.173092,0.822146,0.004762
smids/Abnormal_Sperm/Abnormal_Sperm (759).bmp,0,4,1,1,0.141377,0.852438,0.006186
smids/Abnormal_Sperm/Abnormal_Sperm (773).bmp,0,4,1,1,0.008140,0.987426,0.004434
smids/Abnormal_Sperm/Abnormal_Sperm (774).bmp,0,4,1,0,0.955819,0.038317,0.005865
smids/Abnormal_Sperm/Abnormal_Sperm (778).bmp,0,4,1,1,0.036116,0.945476,0.018408
smids/Abnormal_Sperm/Abnormal_Sperm (79).bmp,0,4,1,1,0.165789,0.797020,0.037190
smids/Abnormal_Sperm/Abnormal_Sperm (791).bmp,0,4,1,0,0.515788,0.430460,0.053752
smids/Abnormal_Sperm/Abnormal_Sperm (798).bmp,0,4,1,1,0.071901,0.920223,0.007877
smids/Abnormal_Sperm/Abnormal_Sperm (800).bmp,0,4,1,1,0.277735,0.716664,0.005601
smids/Abnormal_Sperm/Abnormal_Sperm (809).bmp,0,4,1,1,0.095895,0.901677,0.002427
smids/Abnormal_Sperm/Abnormal_Sperm (814).bmp,0,4,1,0,0.728795,0.270675,0.000530
smids/Abnormal_Sperm/Abnormal_Sperm (817).bmp,0,4,1,1,0.473014,0.526077,0.000909
smids/Abnormal_Sperm/Abnormal_Sperm (820).bmp,0,4,1,0,0.934613,0.064939,0.000448
smids/Abnormal_Sperm/Abnormal_Sperm (826).bmp,0,4,1,1,0.312232,0.685454,0.002313
smids/Abnormal_Sperm/Abnormal_Sperm (833).bmp,0,4,1,1,0.094020,0.904593,0.001387
smids/Abnormal_Sperm/Abnormal_Sperm (836).bmp,0,4,1,0,0.881563,0.118011,0.000426
smids/Abnormal_Sperm/Abnormal_Sperm (838).bmp,0,4,1,0,0.620896,0.376551,0.002553
smids/Abnormal_Sperm/Abnormal_Sperm (841).bmp,0,4,1,1,0.233727,0.754037,0.012235
smids/Abnormal_Sperm/Abnormal_Sperm (849).bmp,0,4,1,0,0.596161,0.381091,0.022748
smids/Abnormal_Sperm/Abnormal_Sperm (850).bmp,0,4,1,1,0.045024,0.943876,0.011100
smids/Abnormal_Sperm/Abnormal_Sperm (851).bmp,0,4,1,0,0.501231,0.491918,0.006852
smids/Abnormal_Sperm/Abnormal_Sperm (860).bmp,0,4,1,0,0.833950,0.160907,0.005143
smids/Abnormal_Sperm/Abnormal_Sperm (867).bmp,0,4,1,0,0.492204,0.234054,0.273742
smids/Abnormal_Sperm/Abnormal_Sperm (868).bmp,0,4,1,1,0.395990,0.533472,0.070538
smids/Abnormal_Sperm/Abnormal_Sperm (875).bmp,0,4,1,0,0.535856,0.460985,0.003159
smids/Abnormal_Sperm/Abnormal_Sperm (881).bmp,0,4,1,1,0.113187,0.886181,0.000632
smids/Abnormal_Sperm/Abnormal_Sperm (886).bmp,0,4,1,1,0.274340,0.707009,0.018652
smids/Abnormal_Sperm/Abnormal_Sperm (887).bmp,0,4,1,0,0.746674,0.227708,0.025617
smids/Abnormal_Sperm/Abnormal_Sperm (893).bmp,0,4,1,1,0.068607,0.928871,0.002522
smids/Abnormal_Sperm/Abnormal_Sperm (898).bmp,0,4,1,1,0.088802,0.910479,0.000719
smids/Abnormal_Sperm/Abnormal_Sperm (90).bmp,0,4,1,1,0.330730,0.621905,0.047365
smids/Abnormal_Sperm/Abnormal_Sperm (91).bmp,0,4,1,1,0.356079,0.642418,0.001503
smids/Abnormal_Sperm/Abnormal_Sperm (917).bmp,0,4,1,2,0.047667,0.462018,0.490314
smids/Abnormal_Sperm/Abnormal_Sperm (918).bmp,0,4,1,1,0.412906,0.491268,0.095827
smids/Abnormal_Sperm/Abnormal_Sperm (924).bmp,0,4,1,1,0.032363,0.649949,0.317688
smids/Abnormal_Sperm/Abnormal_Sperm (93).bmp,0,4,1,1,0.110491,0.863577,0.025932
smids/Abnormal_Sperm/Abnormal_Sperm (934).bmp,0,4,1,0,0.878022,0.104777,0.017201
smids/Abnormal_Sperm/Abnormal_Sperm (95).bmp,0,4,1,1,0.014933,0.971100,0.013968
smids/Abnormal_Sperm/Abnormal_Sperm (953).bmp,0,4,1,1,0.318877,0.680253,0.000870
smids/Abnormal_Sperm/Abnormal_Sperm (954).bmp,0,4,1,1,0.308761,0.688807,0.002432
smids/Abnormal_Sperm/Abnormal_Sperm (956).bmp,0,4,1,1,0.283499,0.706005,0.010496
smids/Abnormal_Sperm/Abnormal_Sperm (958).bmp,0,4,1,1,0.016018,0.942297,0.041685
smids/Abnormal_Sperm/Abnormal_Sperm (961).bmp,0,4,1,0,0.535759,0.461504,0.002737
smids/Abnormal_Sperm/Abnormal_Sperm (965).bmp,0,4,1,1,0.266407,0.486692,0.246900
smids/Abnormal_Sperm/Abnormal_Sperm (971).bmp,0,4,1,1,0.051115,0.925976,0.022909
smids/Abnormal_Sperm/Abnormal_Sperm (980).bmp,0,4,1,1,0.016927,0.889851,0.093222
smids/Abnormal_Sperm/Abnormal_Sperm (981).bmp,0,4,1,1,0.121288,0.872419,0.006293
smids/Abnormal_Sperm/Abnormal_Sperm (990).bmp,0,4,1,1,0.204350,0.789973,0.005677
smids/Abnormal_Sperm/Abnormal_Sperm (999).bmp,0,4,1,1,0.015133,0.946950,0.037917
smids/Non-Sperm/Non-Sperm (105).bmp,0,4,2,2,0.001412,0.000268,0.998320
smids/Non-Sperm/Non-Sperm (117).bmp,0,4,2,2,0.001599,0.001119,0.997283
smids/Non-Sperm/Non-Sperm (12).bmp,0,4,2,2,0.000501,0.012484,0.987015
smids/Non-Sperm/Non-Sperm (127).bmp,0,4,2,2,0.000172,0.016199,0.983629
smids/Non-Sperm/Non-Sperm (133).bmp,0,4,2,2,0.000092,0.000089,0.999819
smids/Non-Sperm/Non-Sperm (135).bmp,0,4,2,2,0.000657,0.000371,0.998972
smids/Non-Sperm/Non-Sperm (137).bmp,0,4,2,2,0.009945,0.131252,0.858803
smids/Non-Sperm/Non-Sperm (138).bmp,0,4,2,2,0.003572,0.013371,0.983057
smids/Non-Sperm/Non-Sperm (152).bmp,0,4,2,2,0.000520,0.004530,0.994950
smids/Non-Sperm/Non-Sperm (153).bmp,0,4,2,2,0.000068,0.000722,0.999209
smids/Non-Sperm/Non-Sperm (157).bmp,0,4,2,2,0.001048,0.000212,0.998740
smids/Non-Sperm/Non-Sperm (161).bmp,0,4,2,0,0.597751,0.389519,0.012730
smids/Non-Sperm/Non-Sperm (174).bmp,0,4,2,2,0.001470,0.000558,0.997972
smids/Non-Sperm/Non-Sperm (177).bmp,0,4,2,2,0.000055,0.005871,0.994073
smids/Non-Sperm/Non-Sperm (180).bmp,0,4,2,2,0.000449,0.000374,0.999177
smids/Non-Sperm/Non-Sperm (181).bmp,0,4,2,2,0.001037,0.002083,0.996880
smids/Non-Sperm/Non-Sperm (185).bmp,0,4,2,2,0.012587,0.087304,0.900109
smids/Non-Sperm/Non-Sperm (187).bmp,0,4,2,2,0.000440,0.002733,0.996827
smids/Non-Sperm/Non-Sperm (190).bmp,0,4,2,2,0.004634,0.007244,0.988122
smids/Non-Sperm/Non-Sperm (194).bmp,0,4,2,2,0.006667,0.047647,0.945686
smids/Non-Sperm/Non-Sperm (20).bmp,0,4,2,2,0.183176,0.069025,0.747799
smids/Non-Sperm/Non-Sperm (205).bmp,0,4,2,1,0.026860,0.556063,0.417077
smids/Non-Sperm/Non-Sperm (213).bmp,0,4,2,2,0.000112,0.000713,0.999175
smids/Non-Sperm/Non-Sperm (222).bmp,0,4,2,2,0.000947,0.000179,0.998874
smids/Non-Sperm/Non-Sperm (226).bmp,0,4,2,2,0.001341,0.000903,0.997757
smids/Non-Sperm/Non-Sperm (23).bmp,0,4,2,1,0.036247,0.843772,0.119981
smids/Non-Sperm/Non-Sperm (235).bmp,0,4,2,2,0.018776,0.002370,0.978854
smids/Non-Sperm/Non-Sperm (241).bmp,0,4,2,2,0.001302,0.000475,0.998224
smids/Non-Sperm/Non-Sperm (248).bmp,0,4,2,2,0.001436,0.001538,0.997026
smids/Non-Sperm/Non-Sperm (250).bmp,0,4,2,2,0.003288,0.007720,0.988991
smids/Non-Sperm/Non-Sperm (256).bmp,0,4,2,2,0.336268,0.007330,0.656402
smids/Non-Sperm/Non-Sperm (267).bmp,0,4,2,2,0.001431,0.008650,0.989919
smids/Non-Sperm/Non-Sperm (269).bmp,0,4,2,2,0.002818,0.000977,0.996205
smids/Non-Sperm/Non-Sperm (284).bmp,0,4,2,2,0.004321,0.003536,0.992143
smids/Non-Sperm/Non-Sperm (286).bmp,0,4,2,2,0.058890,0.037744,0.903366
smids/Non-Sperm/Non-Sperm (290).bmp,0,4,2,2,0.000372,0.000255,0.999373
smids/Non-Sperm/Non-Sperm (293).bmp,0,4,2,2,0.002903,0.000280,0.996817
smids/Non-Sperm/Non-Sperm (294).bmp,0,4,2,2,0.001144,0.000524,0.998333
smids/Non-Sperm/Non-Sperm (297).bmp,0,4,2,2,0.034577,0.029690,0.935733
smids/Non-Sperm/Non-Sperm (3).bmp,0,4,2,1,0.002765,0.681678,0.315557
smids/Non-Sperm/Non-Sperm (303).bmp,0,4,2,2,0.000652,0.000579,0.998769
smids/Non-Sperm/Non-Sperm (307).bmp,0,4,2,2,0.000355,0.000037,0.999608
smids/Non-Sperm/Non-Sperm (309).bmp,0,4,2,2,0.166232,0.013094,0.820674
smids/Non-Sperm/Non-Sperm (312).bmp,0,4,2,2,0.000379,0.000142,0.999480
smids/Non-Sperm/Non-Sperm (33).bmp,0,4,2,1,0.013276,0.886586,0.100139
smids/Non-Sperm/Non-Sperm (338).bmp,0,4,2,1,0.019365,0.640110,0.340525
smids/Non-Sperm/Non-Sperm (347).bmp,0,4,2,2,0.001235,0.002141,0.996624
smids/Non-Sperm/Non-Sperm (350).bmp,0,4,2,2,0.010101,0.024328,0.965571
smids/Non-Sperm/Non-Sperm (354).bmp,0,4,2,2,0.024440,0.020884,0.954676
smids/Non-Sperm/Non-Sperm (36).bmp,0,4,2,1,0.113609,0.878762,0.007629
smids/Non-Sperm/Non-Sperm (363).bmp,0,4,2,2,0.011048,0.226242,0.762710
smids/Non-Sperm/Non-Sperm (379).bmp,0,4,2,2,0.004181,0.009343,0.986476
smids/Non-Sperm/Non-Sperm (384).bmp,0,4,2,2,0.001560,0.123759,0.874681
smids/Non-Sperm/Non-Sperm (386).bmp,0,4,2,2,0.038535,0.208028,0.753438
smids/Non-Sperm/Non-Sperm (389).bmp,0,4,2,2,0.061831,0.001735,0.936434
smids/Non-Sperm/Non-Sperm (393).bmp,0,4,2,2,0.015699,0.014417,0.969884
smids/Non-Sperm/Non-Sperm (400).bmp,0,4,2,2,0.104436,0.126156,0.769408
smids/Non-Sperm/Non-Sperm (404).bmp,0,4,2,2,0.011580,0.002637,0.985783
smids/Non-Sperm/Non-Sperm (413).bmp,0,4,2,2,0.004729,0.028298,0.966973
smids/Non-Sperm/Non-Sperm (42).bmp,0,4,2,2,0.027482,0.046498,0.926020
smids/Non-Sperm/Non-Sperm (420).bmp,0,4,2,0,0.624222,0.016705,0.359074
smids/Non-Sperm/Non-Sperm (423).bmp,0,4,2,2,0.028691,0.003900,0.967409
smids/Non-Sperm/Non-Sperm (425).bmp,0,4,2,1,0.043410,0.825742,0.130848
smids/Non-Sperm/Non-Sperm (430).bmp,0,4,2,2,0.004366,0.001498,0.994136
smids/Non-Sperm/Non-Sperm (435).bmp,0,4,2,2,0.007665,0.006311,0.986024
smids/Non-Sperm/Non-Sperm (437).bmp,0,4,2,2,0.004395,0.005986,0.989618
smids/Non-Sperm/Non-Sperm (444).bmp,0,4,2,2,0.000972,0.000377,0.998651
smids/Non-Sperm/Non-Sperm (445).bmp,0,4,2,2,0.002738,0.001036,0.996227
smids/Non-Sperm/Non-Sperm (446).bmp,0,4,2,2,0.000972,0.000363,0.998665
smids/Non-Sperm/Non-Sperm (447).bmp,0,4,2,2,0.001245,0.000360,0.998395
smids/Non-Sperm/Non-Sperm (455).bmp,0,4,2,2,0.029449,0.038014,0.932537
smids/Non-Sperm/Non-Sperm (457).bmp,0,4,2,2,0.024675,0.011037,0.964287
smids/Non-Sperm/Non-Sperm (46).bmp,0,4,2,2,0.049710,0.323410,0.626881
smids/Non-Sperm/Non-Sperm (460).bmp,0,4,2,2,0.000401,0.000955,0.998644
smids/Non-Sperm/Non-Sperm (461).bmp,0,4,2,2,0.019972,0.028017,0.952011
smids/Non-Sperm/Non-Sperm (462).bmp,0,4,2,2,0.001938,0.003415,0.994647
smids/Non-Sperm/Non-Sperm (469).bmp,0,4,2,2,0.001584,0.018566,0.979850
smids/Non-Sperm/Non-Sperm (47).bmp,0,4,2,2,0.049664,0.344541,0.605796
smids/Non-Sperm/Non-Sperm (478).bmp,0,4,2,2,0.006775,0.001374,0.991850
smids/Non-Sperm/Non-Sperm (496).bmp,0,4,2,2,0.014436,0.006675,0.978889
smids/Non-Sperm/Non-Sperm (498).bmp,0,4,2,2,0.021587,0.002564,0.975849
smids/Non-Sperm/Non-Sperm (499).bmp,0,4,2,2,0.000570,0.000128,0.999301
smids/Non-Sperm/Non-Sperm (5).bmp,0,4,2,2,0.001470,0.413936,0.584593
smids/Non-Sperm/Non-Sperm (501).bmp,0,4,2,2,0.002311,0.003465,0.994224
smids/Non-Sperm/Non-Sperm (508).bmp,0,4,2,2,0.013877,0.003251,0.982873
smids/Non-Sperm/Non-Sperm (509).bmp,0,4,2,2,0.004073,0.029446,0.966481
smids/Non-Sperm/Non-Sperm (511).bmp,0,4,2,2,0.001220,0.001464,0.997316
smids/Non-Sperm/Non-Sperm (516).bmp,0,4,2,1,0.116513,0.461805,0.421683
smids/Non-Sperm/Non-Sperm (518).bmp,0,4,2,2,0.001264,0.000619,0.998117
smids/Non-Sperm/Non-Sperm (522).bmp,0,4,2,2,0.042065,0.195387,0.762547
smids/Non-Sperm/Non-Sperm (53).bmp,0,4,2,1,0.033966,0.742008,0.224026
smids/Non-Sperm/Non-Sperm (533).bmp,0,4,2,2,0.039762,0.030540,0.929698
smids/Non-Sperm/Non-Sperm (54).bmp,0,4,2,1,0.027548,0.819243,0.153209
smids/Non-Sperm/Non-Sperm (541).bmp,0,4,2,2,0.001481,0.000428,0.998091
smids/Non-Sperm/Non-Sperm (544).bmp,0,4,2,2,0.000236,0.000162,0.999601
smids/Non-Sperm/Non-Sperm (547).bmp,0,4,2,2,0.012581,0.011131,0.976288
smids/Non-Sperm/Non-Sperm (563).bmp,0,4,2,2,0.033475,0.031346,0.935179
smids/Non-Sperm/Non-Sperm (571).bmp,0,4,2,1,0.036963,0.865143,0.097894
smids/Non-Sperm/Non-Sperm (572).bmp,0,4,2,2,0.031888,0.327600,0.640512
smids/Non-Sperm/Non-Sperm (574).bmp,0,4,2,2,0.001520,0.019492,0.978988
smids/Non-Sperm/Non-Sperm (575).bmp,0,4,2,2,0.000980,0.004196,0.994823
smids/Non-Sperm/Non-Sperm (576).bmp,0,4,2,1,0.005209,0.590925,0.403866
smids/Non-Sperm/Non-Sperm (581).bmp,0,4,2,2,0.008404,0.003414,0.988182
smids/Non-Sperm/Non-Sperm (588).bmp,0,4,2,2,0.002801,0.000404,0.996795
smids/Non-Sperm/Non-Sperm (59).bmp,0,4,2,1,0.007962,0.977634,0.014405
smids/Non-Sperm/Non-Sperm (591).bmp,0,4,2,2,0.001349,0.000087,0.998563
smids/Non-Sperm/Non-Sperm (593).bmp,0,4,2,2,0.000465,0.010192,0.989343
smids/Non-Sperm/Non-Sperm (597).bmp,0,4,2,2,0.002041,0.001578,0.996381
smids/Non-Sperm/Non-Sperm (6).bmp,0,4,2,1,0.009949,0.921346,0.068704
smids/Non-Sperm/Non-Sperm (60).bmp,0,4,2,1,0.006423,0.979513,0.014063
smids/Non-Sperm/Non-Sperm (603).bmp,0,4,2,2,0.037381,0.027932,0.934687
smids/Non-Sperm/Non-Sperm (607).bmp,0,4,2,2,0.013957,0.071597,0.914447
smids/Non-Sperm/Non-Sperm (61).bmp,0,4,2,1,0.151999,0.838195,0.009806
smids/Non-Sperm/Non-Sperm (611).bmp,0,4,2,2,0.006593,0.014715,0.978693
smids/Non-Sperm/Non-Sperm (612).bmp,0,4,2,2,0.001253,0.000543,0.998204
smids/Non-Sperm/Non-Sperm (62).bmp,0,4,2,1,0.004433,0.671948,0.323619
smids/Non-Sperm/Non-Sperm (621).bmp,0,4,2,2,0.002028,0.000334,0.997638
smids/Non-Sperm/Non-Sperm (633).bmp,0,4,2,2,0.001685,0.002382,0.995933
smids/Non-Sperm/Non-Sperm (634).bmp,0,4,2,2,0.027643,0.040966,0.931391
smids/Non-Sperm/Non-Sperm (644).bmp,0,4,2,2,0.004523,0.008913,0.986564
smids/Non-Sperm/Non-Sperm (650).bmp,0,4,2,1,0.011470,0.633209,0.355321
smids/Non-Sperm/Non-Sperm (657).bmp,0,4,2,2,0.001280,0.001300,0.997420
smids/Non-Sperm/Non-Sperm (66).bmp,0,4,2,2,0.030765,0.074125,0.895110
smids/Non-Sperm/Non-Sperm (660).bmp,0,4,2,2,0.005752,0.070678,0.923570
smids/Non-Sperm/Non-Sperm (663).bmp,0,4,2,2,0.000980,0.015062,0.983957
smids/Non-Sperm/Non-Sperm (664).bmp,0,4,2,2,0.001198,0.174822,0.823979
smids/Non-Sperm/Non-Sperm (678).bmp,0,4,2,2,0.003649,0.010951,0.985400
smids/Non-Sperm/Non-Sperm (681).bmp,0,4,2,2,0.022191,0.010974,0.966834
smids/Non-Sperm/Non-Sperm (683).bmp,0,4,2,2,0.000226,0.000657,0.999117
smids/Non-Sperm/Non-Sperm (685).bmp,0,4,2,2,0.001439,0.024233,0.974328
smids/Non-Sperm/Non-Sperm (69).bmp,0,4,2,2,0.011306,0.120410,0.868284
smids/Non-Sperm/Non-Sperm (693).bmp,0,4,2,2,0.002049,0.029810,0.968141
smids/Non-Sperm/Non-Sperm (7).bmp,0,4,2,2,0.004042,0.186790,0.809168
smids/Non-Sperm/Non-Sperm (701).bmp,0,4,2,2,0.000396,0.000826,0.998778
smids/Non-Sperm/Non-Sperm (707).bmp,0,4,2,2,0.000339,0.000141,0.999520
smids/Non-Sperm/Non-Sperm (720).bmp,0,4,2,2,0.063695,0.031272,0.905033
smids/Non-Sperm/Non-Sperm (724).bmp,0,4,2,2,0.228629,0.112288,0.659083
smids/Non-Sperm/Non-Sperm (728).bmp,0,4,2,2,0.001386,0.001225,0.997389
smids/Non-Sperm/Non-Sperm (729).bmp,0,4,2,2,0.004424,0.002357,0.993219
smids/Non-Sperm/Non-Sperm (73).bmp,0,4,2,1,0.032640,0.623619,0.343741
smids/Non-Sperm/Non-Sperm (736).bmp,0,4,2,2,0.003391,0.012539,0.984070
smids/Non-Sperm/Non-Sperm (746).bmp,0,4,2,2,0.000577,0.000112,0.999311
smids/Non-Sperm/Non-Sperm (754).bmp,0,4,2,2,0.000252,0.000306,0.999442
smids/Non-Sperm/Non-Sperm (756).bmp,0,4,2,2,0.041809,0.106885,0.851307
smids/Non-Sperm/Non-Sperm (757).bmp,0,4,2,2,0.132331,0.391043,0.476626
smids/Non-Sperm/Non-Sperm (758).bmp,0,4,2,2,0.064292,0.007000,0.928708
smids/Non-Sperm/Non-Sperm (760).bmp,0,4,2,2,0.000054,0.000103,0.999843
smids/Non-Sperm/Non-Sperm (762).bmp,0,4,2,2,0.003078,0.000309,0.996613
smids/Non-Sperm/Non-Sperm (764).bmp,0,4,2,2,0.012577,0.015278,0.972144
smids/Non-Sperm/Non-Sperm (776).bmp,0,4,2,2,0.001041,0.000274,0.998684
smids/Non-Sperm/Non-Sperm (777).bmp,0,4,2,2,0.091500,0.004970,0.903530
smids/Non-Sperm/Non-Sperm (801).bmp,0,4,2,2,0.001094,0.001365,0.997540
smids/Non-Sperm/Non-Sperm (804).bmp,0,4,2,2,0.000863,0.001389,0.997748
smids/Non-Sperm/Non-Sperm (809).bmp,0,4,2,2,0.300875,0.007037,0.692088
smids/Non-Sperm/Non-Sperm (811).bmp,0,4,2,2,0.000871,0.000132,0.998997
smids/Non-Sperm/Non-Sperm (819).bmp,0,4,2,0,0.608276,0.086328,0.305396
smids/Non-Sperm/Non-Sperm (822).bmp,0,4,2,2,0.000109,0.002248,0.997643
smids/Non-Sperm/Non-Sperm (83).bmp,0,4,2,2,0.002701,0.002902,0.994397
smids/Non-Sperm/Non-Sperm (834).bmp,0,4,2,0,0.504194,0.453802,0.042004
smids/Non-Sperm/Non-Sperm (836).bmp,0,4,2,1,0.172411,0.472906,0.354683
smids/Non-Sperm/Non-Sperm (840).bmp,0,4,2,1,0.002225,0.719229,0.278546
smids/Non-Sperm/Non-Sperm (844).bmp,0,4,2,1,0.113821,0.476607,0.409572
smids/Non-Sperm/Non-Sperm (845).bmp,0,4,2,0,0.760748,0.117745,0.121507
smids/Non-Sperm/Non-Sperm (847).bmp,0,4,2,2,0.000164,0.000314,0.999522
smids/Non-Sperm/Non-Sperm (852).bmp,0,4,2,2,0.000633,0.000228,0.999139
smids/Non-Sperm/Non-Sperm (856).bmp,0,4,2,1,0.124361,0.695688,0.179950
smids/Non-Sperm/Non-Sperm (859).bmp,0,4,2,2,0.010169,0.006820,0.983011
smids/Non-Sperm/Non-Sperm (86).bmp,0,4,2,2,0.002605,0.048914,0.948481
smids/Non-Sperm/Non-Sperm (863).bmp,0,4,2,2,0.002736,0.003274,0.993990
smids/Non-Sperm/Non-Sperm (864).bmp,0,4,2,2,0.000890,0.077770,0.921339
smids/Non-Sperm/Non-Sperm (866).bmp,0,4,2,2,0.188849,0.191332,0.619820
smids/Non-Sperm/Non-Sperm (870).bmp,0,4,2,2,0.375330,0.088491,0.536179
smids/Non-Sperm/Non-Sperm (881).bmp,0,4,2,2,0.004057,0.002252,0.993691
smids/Non-Sperm/Non-Sperm (884).bmp,0,4,2,2,0.051784,0.039031,0.909185
smids/Non-Sperm/Non-Sperm (886).bmp,0,4,2,2,0.004278,0.003281,0.992441
smids/Non-Sperm/Non-Sperm (888).bmp,0,4,2,2,0.000540,0.000105,0.999355
smids/Non-Sperm/Non-Sperm (892).bmp,0,4,2,2,0.184781,0.342578,0.472641
smids/Non-Sperm/Non-Sperm (898).bmp,0,4,2,1,0.035041,0.710329,0.254630
smids/Non-Sperm/Non-Sperm (902).bmp,0,4,2,0,0.737732,0.108766,0.153501
smids/Non-Sperm/Non-Sperm (904).bmp,0,4,2,0,0.355409,0.334593,0.309998
smids/Non-Sperm/Non-Sperm (915).bmp,0,4,2,2,0.009329,0.027070,0.963600
smids/Non-Sperm/Non-Sperm (916).bmp,0,4,2,2,0.017237,0.128831,0.853931
smids/Non-Sperm/Non-Sperm (924).bmp,0,4,2,2,0.115453,0.066101,0.818446
smids/Non-Sperm/Non-Sperm (937).bmp,0,4,2,2,0.002773,0.221766,0.775461
smids/Non-Sperm/Non-Sperm (943).bmp,0,4,2,2,0.019235,0.018521,0.962244
smids/Non-Sperm/Non-Sperm (948).bmp,0,4,2,1,0.105037,0.487495,0.407468
smids/Non-Sperm/Non-Sperm (95).bmp,0,4,2,2,0.003501,0.000834,0.995665
smids/Non-Sperm/Non-Sperm (959).bmp,0,4,2,2,0.005471,0.120913,0.873617
smids/Non-Sperm/Non-Sperm (960).bmp,0,4,2,1,0.010998,0.922678,0.066324
smids/Non-Sperm/Non-Sperm (962).bmp,0,4,2,2,0.106970,0.432568,0.460462
smids/Non-Sperm/Non-Sperm (963).bmp,0,4,2,2,0.002703,0.217213,0.780084
smids/Non-Sperm/Non-Sperm (964).bmp,0,4,2,2,0.003345,0.076693,0.919962
smids/Non-Sperm/Non-Sperm (965).bmp,0,4,2,1,0.048840,0.539562,0.411597
smids/Non-Sperm/Non-Sperm (972).bmp,0,4,2,2,0.033692,0.111640,0.854668
smids/Normal_Sperm/Normal_Sperm (10).bmp,0,4,0,0,0.577399,0.087039,0.335562
smids/Normal_Sperm/Normal_Sperm (1011).bmp,0,4,0,0,0.745034,0.212163,0.042803
smids/Normal_Sperm/Normal_Sperm (1018).bmp,0,4,0,0,0.904838,0.092523,0.002638
smids/Normal_Sperm/Normal_Sperm (11).bmp,0,4,0,2,0.122424,0.031247,0.846329
smids/Normal_Sperm/Normal_Sperm (114).bmp,0,4,0,1,0.460937,0.522180,0.016883
smids/Normal_Sperm/Normal_Sperm (116).bmp,0,4,0,0,0.753069,0.109863,0.137067
smids/Normal_Sperm/Normal_Sperm (124).bmp,0,4,0,0,0.857157,0.142596,0.000247
smids/Normal_Sperm/Normal_Sperm (126).bmp,0,4,0,0,0.696514,0.302437,0.001050
smids/Normal_Sperm/Normal_Sperm (129).bmp,0,4,0,1,0.448595,0.547485,0.003921
smids/Normal_Sperm/Normal_Sperm (130).bmp,0,4,0,1,0.496128,0.500394,0.003479
smids/Normal_Sperm/Normal_Sperm (145).bmp,0,4,0,0,0.804987,0.190998,0.004016
smids/Normal_Sperm/Normal_Sperm (161).bmp,0,4,0,0,0.713416,0.282309,0.004275
smids/Normal_Sperm/Normal_Sperm (165).bmp,0,4,0,1,0.353360,0.623541,0.023099
smids/Normal_Sperm/Normal_Sperm (167).bmp,0,4,0,0,0.872394,0.116669,0.010938
smids/Normal_Sperm/Normal_Sperm (168).bmp,0,4,0,0,0.791947,0.198331,0.009723
smids/Normal_Sperm/Normal_Sperm (170).bmp,0,4,0,0,0.918326,0.080277,0.001397
smids/Normal_Sperm/Normal_Sperm (174).bmp,0,4,0,0,0.818501,0.169737,0.011762
smids/Normal_Sperm/Normal_Sperm (176).bmp,0,4,0,0,0.942477,0.057238,0.000284
smids/Normal_Sperm/Normal_Sperm (19).bmp,0,4,0,0,0.662858,0.292782,0.044361
smids/Normal_Sperm/Normal_Sperm (212).bmp,0,4,0,0,0.750702,0.234777,0.014521
smids/Normal_Sperm/Normal_Sperm (228).bmp,0,4,0,0,0.988040,0.011900,0.000060
smids/Normal_Sperm/Normal_Sperm (23).bmp,0,4,0,0,0.962622,0.026004,0.011375
smids/Normal_Sperm/Normal_Sperm (233).bmp,0,4,0,0,0.792387,0.205515,0.002099
smids/Normal_Sperm/Normal_Sperm (234).bmp,0,4,0,0,0.818231,0.114172,0.067596
smids/Normal_Sperm/Normal_Sperm (24).bmp,0,4,0,0,0.952536,0.045473,0.001991
smids/Normal_Sperm/Normal_Sperm (240).bmp,0,4,0,0,0.904425,0.064509,0.031066
smids/Normal_Sperm/Normal_Sperm (250).bmp,0,4,0,0,0.981310,0.017999,0.000692
smids/Normal_Sperm/Normal_Sperm (255).bmp,0,4,0,0,0.880865,0.110736,0.008398
smids/Normal_Sperm/Normal_Sperm (260).bmp,0,4,0,0,0.943909,0.053708,0.002383
smids/Normal_Sperm/Normal_Sperm (265).bmp,0,4,0,0,0.776903,0.221006,0.002091
smids/Normal_Sperm/Normal_Sperm (277).bmp,0,4,0,0,0.878074,0.107096,0.014831
smids/Normal_Sperm/Normal_Sperm (28).bmp,0,4,0,0,0.618617,0.155752,0.225632
smids/Normal_Sperm/Normal_Sperm (282).bmp,0,4,0,0,0.790996,0.182733,0.026272
smids/Normal_Sperm/Normal_Sperm (284).bmp,0,4,0,0,0.774796,0.221933,0.003271
smids/Normal_Sperm/Normal_Sperm (285).bmp,0,4,0,0,0.681738,0.198560,0.119702
smids/Normal_Sperm/Normal_Sperm (29).bmp,0,4,0,0,0.952231,0.047527,0.000242
smids/Normal_Sperm/Normal_Sperm (298).bmp,0,4,0,1,0.447554,0.551559,0.000887
smids/Normal_Sperm/Normal_Sperm (3).bmp,0,4,0,0,0.753510,0.237701,0.008789
smids/Normal_Sperm/Normal_Sperm (305).bmp,0,4,0,0,0.917341,0.082066,0.000593
smids/Normal_Sperm/Normal_Sperm (312).bmp,0,4,0,0,0.866892,0.131854,0.001254
smids/Normal_Sperm/Normal_Sperm (319).bmp,0,4,0,0,0.909209,0.090098,0.000693
smids/Normal_Sperm/Normal_Sperm (321).bmp,0,4,0,0,0.829843,0.162196,0.007962
smids/Normal_Sperm/Normal_Sperm (323).bmp,0,4,0,0,0.832587,0.141425,0.025988
smids/Normal_Sperm/Normal_Sperm (334).bmp,0,4,0,0,0.890131,0.073154,0.036715
smids/Normal_Sperm/Normal_Sperm (335).bmp,0,4,0,1,0.407359,0.486760,0.105881
smids/Normal_Sperm/Normal_Sperm (336).bmp,0,4,0,0,0.677158,0.321053,0.001789
smids/Normal_Sperm/Normal_Sperm (342).bmp,0,4,0,0,0.713165,0.069818,0.217017
smids/Normal_Sperm/Normal_Sperm (345).bmp,0,4,0,0,0.645459,0.308701,0.045839
smids/Normal_Sperm/Normal_Sperm (347).bmp,0,4,0,0,0.889931,0.096198,0.013871
smids/Normal_Sperm/Normal_Sperm (348).bmp,0,4,0,0,0.869109,0.124968,0.005924
smids/Normal_Sperm/Normal_Sperm (36).bmp,0,4,0,0,0.663643,0.102709,0.233648
smids/Normal_Sperm/Normal_Sperm (367).bmp,0,4,0,0,0.646413,0.348464,0.005122
smids/Normal_Sperm/Normal_Sperm (381).bmp,0,4,0,1,0.056372,0.860192,0.083437
smids/Normal_Sperm/Normal_Sperm (384).bmp,0,4,0,1,0.274918,0.723734,0.001348
smids/Normal_Sperm/Normal_Sperm (392).bmp,0,4,0,0,0.846597,0.144803,0.008600
smids/Normal_Sperm/Normal_Sperm (397).bmp,0,4,0,0,0.781475,0.190122,0.028403
smids/Normal_Sperm/Normal_Sperm (4).bmp,0,4,0,0,0.825812,0.167257,0.006931
smids/Normal_Sperm/Normal_Sperm (404).bmp,0,4,0,0,0.689804,0.249756,0.060439
smids/Normal_Sperm/Normal_Sperm (407).bmp,0,4,0,0,0.891083,0.067283,0.041634
smids/Normal_Sperm/Normal_Sperm (41).bmp,0,4,0,2,0.457675,0.026277,0.516047
smids/Normal_Sperm/Normal_Sperm (416).bmp,0,4,0,0,0.874966,0.123844,0.001190
smids/Normal_Sperm/Normal_Sperm (424).bmp,0,4,0,0,0.965454,0.033827,0.000719
smids/Normal_Sperm/Normal_Sperm (426).bmp,0,4,0,0,0.933464,0.064533,0.002003
smids/Normal_Sperm/Normal_Sperm (428).bmp,0,4,0,0,0.948317,0.039756,0.011927
smids/Normal_Sperm/Normal_Sperm (432).bmp,0,4,0,0,0.962802,0.036855,0.000343
smids/Normal_Sperm/Normal_Sperm (436).bmp,0,4,0,0,0.607229,0.390768,0.002003
smids/Normal_Sperm/Normal_Sperm (446).bmp,0,4,0,0,0.933114,0.060347,0.006539
smids/Normal_Sperm/Normal_Sperm (447).bmp,0,4,0,0,0.782467,0.215251,0.002282
smids/Normal_Sperm/Normal_Sperm (454).bmp,0,4,0,0,0.633877,0.340798,0.025324
smids/Normal_Sperm/Normal_Sperm (463).bmp,0,4,0,0,0.735477,0.257452,0.007071
smids/Normal_Sperm/Normal_Sperm (467).bmp,0,4,0,0,0.807052,0.177322,0.015626
smids/Normal_Sperm/Normal_Sperm (470).bmp,0,4,0,0,0.789922,0.208956,0.001121
smids/Normal_Sperm/Normal_Sperm (477).bmp,0,4,0,0,0.738381,0.204633,0.056986
smids/Normal_Sperm/Normal_Sperm (480).bmp,0,4,0,0,0.835011,0.164700,0.000289
smids/Normal_Sperm/Normal_Sperm (484).bmp,0,4,0,0,0.881098,0.100692,0.018209
smids/Normal_Sperm/Normal_Sperm (485).bmp,0,4,0,0,0.786646,0.203004,0.010351
smids/Normal_Sperm/Normal_Sperm (49).bmp,0,4,0,1,0.282490,0.683244,0.034266
smids/Normal_Sperm/Normal_Sperm (493).bmp,0,4,0,1,0.378153,0.616850,0.004997
smids/Normal_Sperm/Normal_Sperm (495).bmp,0,4,0,0,0.949585,0.050286,0.000129
smids/Normal_Sperm/Normal_Sperm (503).bmp,0,4,0,0,0.873702,0.126115,0.000183
smids/Normal_Sperm/Normal_Sperm (506).bmp,0,4,0,0,0.981046,0.018681,0.000273
smids/Normal_Sperm/Normal_Sperm (513).bmp,0,4,0,0,0.902152,0.096793,0.001056
smids/Normal_Sperm/Normal_Sperm (517).bmp,0,4,0,0,0.870538,0.129161,0.000300
smids/Normal_Sperm/Normal_Sperm (534).bmp,0,4,0,0,0.706110,0.094312,0.199578
smids/Normal_Sperm/Normal_Sperm (536).bmp,0,4,0,0,0.806962,0.184837,0.008201
smids/Normal_Sperm/Normal_Sperm (538).bmp,0,4,0,0,0.686375,0.298695,0.014930
smids/Normal_Sperm/Normal_Sperm (539).bmp,0,4,0,0,0.856300,0.143613,0.000088
smids/Normal_Sperm/Normal_Sperm (54).bmp,0,4,0,0,0.989910,0.007418,0.002672
smids/Normal_Sperm/Normal_Sperm (541).bmp,0,4,0,0,0.659937,0.321439,0.018624
smids/Normal_Sperm/Normal_Sperm (549).bmp,0,4,0,0,0.715211,0.284110,0.000679
smids/Normal_Sperm/Normal_Sperm (552).bmp,0,4,0,0,0.988041,0.010095,0.001864
smids/Normal_Sperm/Normal_Sperm (554).bmp,0,4,0,0,0.972483,0.017858,0.009658
smids/Normal_Sperm/Normal_Sperm (558).bmp,0,4,0,0,0.745538,0.250603,0.003858
smids/Normal_Sperm/Normal_Sperm (567).bmp,0,4,0,0,0.936670,0.053941,0.009388
smids/Normal_Sperm/Normal_Sperm (569).bmp,0,4,0,0,0.968090,0.031083,0.000827
smids/Normal_Sperm/Normal_Sperm (571).bmp,0,4,0,0,0.891583,0.089351,0.019066
smids/Normal_Sperm/Normal_Sperm (572).bmp,0,4,0,0,0.938040,0.061086,0.000874
smids/Normal_Sperm/Normal_Sperm (574).bmp,0,4,0,0,0.482362,0.377279,0.140359
smids/Normal_Sperm/Normal_Sperm (578).bmp,0,4,0,0,0.981894,0.017486,0.000619
smids/Normal_Sperm/Normal_Sperm (582).bmp,0,4,0,0,0.746562,0.252115,0.001324
smids/Normal_Sperm/Normal_Sperm (584).bmp,0,4,0,0,0.815928,0.181445,0.002628
smids/Normal_Sperm/Normal_Sperm (588).bmp,0,4,0,0,0.938285,0.061247,0.000468
smids/Normal_Sperm/Normal_Sperm (59).bmp,0,4,0,0,0.507213,0.491776,0.001011
smids/Normal_Sperm/Normal_Sperm (592).bmp,0,4,0,0,0.878772,0.115685,0.005543
smids/Normal_Sperm/Normal_Sperm (593).bmp,0,4,0,0,0.936098,0.062595,0.001308
smids/Normal_Sperm/Normal_Sperm (599).bmp,0,4,0,0,0.705994,0.285011,0.008995
smids/Normal_Sperm/Normal_Sperm (600).bmp,0,4,0,0,0.630256,0.343176,0.026568
smids/Normal_Sperm/Normal_Sperm (603).bmp,0,4,0,0,0.718921,0.278659,0.002420
smids/Normal_Sperm/Normal_Sperm (607).bmp,0,4,0,0,0.988277,0.010686,0.001036
smids/Normal_Sperm/Normal_Sperm (616).bmp,0,4,0,0,0.970031,0.029729,0.000241
smids/Normal_Sperm/Normal_Sperm (621).bmp,0,4,0,0,0.904650,0.093712,0.001638
smids/Normal_Sperm/Normal_Sperm (623).bmp,0,4,0,0,0.935393,0.063300,0.001307
smids/Normal_Sperm/Normal_Sperm (625).bmp,0,4,0,0,0.932719,0.066640,0.000641
smids/Normal_Sperm/Normal_Sperm (628).bmp,0,4,0,0,0.858620,0.117408,0.023972
smids/Normal_Sperm/Normal_Sperm (634).bmp,0,4,0,0,0.755408,0.143971,0.100621
smids/Normal_Sperm/Normal_Sperm (641).bmp,0,4,0,0,0.978892,0.021053,0.000056
smids/Normal_Sperm/Normal_Sperm (647).bmp,0,4,0,0,0.940503,0.056473,0.003025
smids/Normal_Sperm/Normal_Sperm (651).bmp,0,4,0,0,0.940425,0.057955,0.001620
smids/Normal_Sperm/Normal_Sperm (652).bmp,0,4,0,0,0.718103,0.280196,0.001701
smids/Normal_Sperm/Normal_Sperm (654).bmp,0,4,0,0,0.938687,0.059891,0.001421
smids/Normal_Sperm/Normal_Sperm (655).bmp,0,4,0,0,0.694951,0.291948,0.013101
smids/Normal_Sperm/Normal_Sperm (66).bmp,0,4,0,0,0.670185,0.328645,0.001170
smids/Normal_Sperm/Normal_Sperm (663).bmp,0,4,0,0,0.961818,0.038072,0.000110
smids/Normal_Sperm/Normal_Sperm (666).bmp,0,4,0,0,0.942568,0.056470,0.000962
smids/Normal_Sperm/Normal_Sperm (671).bmp,0,4,0,0,0.977691,0.022256,0.000053
smids/Normal_Sperm/Normal_Sperm (683).bmp,0,4,0,0,0.958401,0.041474,0.000125
smids/Normal_Sperm/Normal_Sperm (687).bmp,0,4,0,0,0.969846,0.020300,0.009855
smids/Normal_Sperm/Normal_Sperm (689).bmp,0,4,0,0,0.976551,0.023129,0.000320
smids/Normal_Sperm/Normal_Sperm (690).bmp,0,4,0,0,0.981811,0.018111,0.000078
smids/Normal_Sperm/Normal_Sperm (696).bmp,0,4,0,0,0.952024,0.045681,0.002294
smids/Normal_Sperm/Normal_Sperm (698).bmp,0,4,0,0,0.945056,0.054522,0.000422
smids/Normal_Sperm/Normal_Sperm (699).bmp,0,4,0,0,0.844134,0.154633,0.001233
smids/Normal_Sperm/Normal_Sperm (70).bmp,0,4,0,0,0.608203,0.390261,0.001536
smids/Normal_Sperm/Normal_Sperm (700).bmp,0,4,0,1,0.251000,0.734421,0.014579
smids/Normal_Sperm/Normal_Sperm (708).bmp,0,4,0,0,0.894887,0.086956,0.018157
smids/Normal_Sperm/Normal_Sperm (709).bmp,0,4,0,0,0.888118,0.106821,0.005061
smids/Normal_Sperm/Normal_Sperm (71).bmp,0,4,0,0,0.895818,0.102057,0.002125
smids/Normal_Sperm/Normal_Sperm (713).bmp,0,4,0,1,0.476393,0.514659,0.008948
smids/Normal_Sperm/Normal_Sperm (715).bmp,0,4,0,2,0.186552,0.142085,0.671363
smids/Normal_Sperm/Normal_Sperm (723).bmp,0,4,0,0,0.963636,0.036232,0.000131
smids/Normal_Sperm/Normal_Sperm (724).bmp,0,4,0,0,0.886218,0.095260,0.018522
smids/Normal_Sperm/Normal_Sperm (73).bmp,0,4,0,0,0.728665,0.264998,0.006337
smids/Normal_Sperm/Normal_Sperm (733).bmp,0,4,0,0,0.918329,0.081130,0.000541
smids/Normal_Sperm/Normal_Sperm (735).bmp,0,4,0,0,0.904497,0.074780,0.020723
smids/Normal_Sperm/Normal_Sperm (74).bmp,0,4,0,0,0.824574,0.174086,0.001340
smids/Normal_Sperm/Normal_Sperm (742).bmp,0,4,0,0,0.878835,0.121000,0.000165
smids/Normal_Sperm/Normal_Sperm (747).bmp,0,4,0,0,0.924462,0.031291,0.044248
smids/Normal_Sperm/Normal_Sperm (752).bmp,0,4,0,0,0.923873,0.067916,0.008211
smids/Normal_Sperm/Normal_Sperm (758).bmp,0,4,0,0,0.996360,0.003354,0.000285
smids/Normal_Sperm/Normal_Sperm (760).bmp,0,4,0,0,0.918453,0.080459,0.001088
smids/Normal_Sperm/Normal_Sperm (765).bmp,0,4,0,0,0.943944,0.055632,0.000424
smids/Normal_Sperm/Normal_Sperm (769).bmp,0,4,0,0,0.841628,0.124928,0.033444
smids/Normal_Sperm/Normal_Sperm (770).bmp,0,4,0,0,0.840084,0.145981,0.013935
smids/Normal_Sperm/Normal_Sperm (777).bmp,0,4,0,0,0.844779,0.153387,0.001834
smids/Normal_Sperm/Normal_Sperm (779).bmp,0,4,0,0,0.897011,0.093698,0.009292
smids/Normal_Sperm/Normal_Sperm (780).bmp,0,4,0,0,0.769720,0.189470,0.040809
smids/Normal_Sperm/Normal_Sperm (783).bmp,0,4,0,0,0.887775,0.102432,0.009793
smids/Normal_Sperm/Normal_Sperm (784).bmp,0,4,0,0,0.843091,0.154741,0.002168
smids/Normal_Sperm/Normal_Sperm (789).bmp,0,4,0,0,0.979118,0.018572,0.002311
smids/Normal_Sperm/Normal_Sperm (790).bmp,0,4,0,0,0.826814,0.149620,0.023567
smids/Normal_Sperm/Normal_Sperm (794).bmp,0,4,0,0,0.925281,0.041751,0.032967
smids/Normal_Sperm/Normal_Sperm (803).bmp,0,4,0,0,0.724458,0.143386,0.132156
smids/Normal_Sperm/Normal_Sperm (804).bmp,0,4,0,0,0.793440,0.205495,0.001066
smids/Normal_Sperm/Normal_Sperm (807).bmp,0,4,0,0,0.953912,0.037140,0.008947
smids/Normal_Sperm/Normal_Sperm (811).bmp,0,4,0,0,0.933510,0.065610,0.000880
smids/Normal_Sperm/Normal_Sperm (821).bmp,0,4,0,0,0.949026,0.048986,0.001988
smids/Normal_Sperm/Normal_Sperm (826).bmp,0,4,0,0,0.593418,0.399336,0.007246
smids/Normal_Sperm/Normal_Sperm (83).bmp,0,4,0,0,0.978266,0.021511,0.000222
smids/Normal_Sperm/Normal_Sperm (833).bmp,0,4,0,0,0.699937,0.216479,0.083583
smids/Normal_Sperm/Normal_Sperm (85).bmp,0,4,0,0,0.638029,0.354144,0.007828
smids/Normal_Sperm/Normal_Sperm (856).bmp,0,4,0,0,0.899696,0.096720,0.003584
smids/Normal_Sperm/Normal_Sperm (857).bmp,0,4,0,1,0.239651,0.739062,0.021286
smids/Normal_Sperm/Normal_Sperm (859).bmp,0,4,0,0,0.800065,0.199842,0.000093
smids/Normal_Sperm/Normal_Sperm (861).bmp,0,4,0,0,0.971425,0.028223,0.000353
smids/Normal_Sperm/Normal_Sperm (873).bmp,0,4,0,0,0.841353,0.155384,0.003263
smids/Normal_Sperm/Normal_Sperm (876).bmp,0,4,0,0,0.799415,0.200360,0.000225
smids/Normal_Sperm/Normal_Sperm (882).bmp,0,4,0,0,0.872440,0.127263,0.000297
smids/Normal_Sperm/Normal_Sperm (883).bmp,0,4,0,0,0.825462,0.173828,0.000710
smids/Normal_Sperm/Normal_Sperm (892).bmp,0,4,0,1,0.164014,0.831480,0.004506
smids/Normal_Sperm/Normal_Sperm (90).bmp,0,4,0,0,0.935795,0.052360,0.011845
smids/Normal_Sperm/Normal_Sperm (905).bmp,0,4,0,0,0.684762,0.176598,0.138640
smids/Normal_Sperm/Normal_Sperm (909).bmp,0,4,0,0,0.760148,0.239815,0.000037
smids/Normal_Sperm/Normal_Sperm (914).bmp,0,4,0,0,0.781778,0.218105,0.000117
smids/Normal_Sperm/Normal_Sperm (916).bmp,0,4,0,1,0.106395,0.893126,0.000480
smids/Normal_Sperm/Normal_Sperm (92).bmp,0,4,0,0,0.943338,0.046037,0.010625
smids/Normal_Sperm/Normal_Sperm (920).bmp,0,4,0,1,0.439487,0.549682,0.010830
smids/Normal_Sperm/Normal_Sperm (924).bmp,0,4,0,0,0.771543,0.228328,0.000129
smids/Normal_Sperm/Normal_Sperm (931).bmp,0,4,0,1,0.459175,0.540057,0.000768
smids/Normal_Sperm/Normal_Sperm (932).bmp,0,4,0,0,0.673195,0.325920,0.000885
smids/Normal_Sperm/Normal_Sperm (938).bmp,0,4,0,1,0.490545,0.503795,0.005660
smids/Normal_Sperm/Normal_Sperm (94).bmp,0,4,0,0,0.844683,0.143711,0.011606
smids/Normal_Sperm/Normal_Sperm (943).bmp,0,4,0,1,0.361927,0.634412,0.003661
smids/Normal_Sperm/Normal_Sperm (944).bmp,0,4,0,0,0.701223,0.298068,0.000709
smids/Normal_Sperm/Normal_Sperm (950).bmp,0,4,0,1,0.126791,0.871661,0.001548
smids/Normal_Sperm/Normal_Sperm (955).bmp,0,4,0,0,0.768565,0.215185,0.016250
smids/Normal_Sperm/Normal_Sperm (958).bmp,0,4,0,0,0.886027,0.113589,0.000384
smids/Normal_Sperm/Normal_Sperm (96).bmp,0,4,0,0,0.886663,0.062760,0.050577
smids/Normal_Sperm/Normal_Sperm (980).bmp,0,4,0,1,0.350685,0.645721,0.003594
smids/Normal_Sperm/Normal_Sperm (988).bmp,0,4,0,0,0.554684,0.441274,0.004042
smids/Normal_Sperm/Normal_Sperm (993).bmp,0,4,0,0,0.908125,0.089684,0.002191
smids/Normal_Sperm/Normal_Sperm (999).bmp,0,4,0,0,0.663502,0.307943,0.028555
