image_id,repeat,fold,label_idx,pred,prob_0,prob_1,prob_2
smids/Abnormal_Sperm/Abnormal_Sperm (1002).bmp,0,0,1,1,0.298573,0.677582,0.023845
smids/Abnormal_Sperm/Abnormal_Sperm (105).bmp,0,0,1,1,0.227490,0.747215,0.025296
smids/Abnormal_Sperm/Abnormal_Sperm (107).bmp,0,0,1,1,0.230866,0.743421,0.025714
smids/Abnormal_Sperm/Abnormal_Sperm (11).bmp,0,0,1,1,0.248172,0.726471,0.025358
smids/Abnormal_Sperm/Abnormal_Sperm (111).bmp,0,0,1,1,0.053521,0.670980,0.275499
smids/Abnormal_Sperm/Abnormal_Sperm (112).bmp,0,0,1,1,0.040070,0.655939,0.303991
smids/Abnormal_Sperm/Abnormal_Sperm (119).bmp,0,0,1,1,0.226915,0.748355,0.024730
smids/Abnormal_Sperm/Abnormal_Sperm (120).bmp,0,0,1,1,0.231711,0.738662,0.029627
smids/Abnormal_Sperm/Abnormal_Sperm (123).bmp,0,0,1,1,0.042831,0.718084,0.239085
smids/Abnormal_Sperm/Abnormal_Sperm (125).bmp,0,0,1,1,0.253244,0.721737,0.025020
smids/Abnormal_Sperm/Abnormal_Sperm (13).bmp,0,0,1,2,0.201138,0.030178,0.768683
smids/Abnormal_Sperm/Abnormal_Sperm (132).bmp,0,0,1,1,0.279120,0.698758,0.022122
smids/Abnormal_Sperm/Abnormal_Sperm (133).bmp,0,0,1,1,0.292454,0.684359,0.023187
smids/Abnormal_Sperm/Abnormal_Sperm (141).bmp,0,0,1,1,0.044670,0.729133,0.226197
smids/Abnormal_Sperm/Abnormal_Sperm (147).bmp,0,0,1,1,0.045124,0.684895,0.269981
smids/Abnormal_Sperm/Abnormal_Sperm (152).bmp,0,0,1,1,0.244792,0.727849,0.027360
smids/Abnormal_Sperm/Abnormal_Sperm (167).bmp,0,0,1,1,0.243609,0.728276,0.028116
smids/Abnormal_Sperm/Abnormal_Sperm (168).bmp,0,0,1,1,0.048560,0.704349,0.247091
smids/Abnormal_Sperm/Abnormal_Sperm (172).bmp,0,0,1,1,0.294327,0.681995,0.023678
smids/Abnormal_Sperm/Abnormal_Sperm (173).bmp,0,0,1,1,0.222359,0.749189,0.028451
smids/Abnormal_Sperm/Abnormal_Sperm (175).bmp,0,0,1,1,0.224265,0.750346,0.025389
smids/Abnormal_Sperm/Abnormal_Sperm (176).bmp,0,0,1,1,0.265779,0.711163,0.023058
smids/Abnormal_Sperm/Abnormal_Sperm (187).bmp,0,0,1,1,0.232071,0.742532,0.025397
smids/Abnormal_Sperm/Abnormal_Sperm (193).bmp,0,0,1,1,0.260664,0.717286,0.022050
smids/Abnormal_Sperm/Abnormal_Sperm (194).bmp,0,0,1,1,0.213358,0.760910,0.025732
smids/Abnormal_Sperm/Abnormal_Sperm (20).bmp,0,0,1,2,0.041470,0.177705,0.780825
smids/Abnormal_Sperm/Abnormal_Sperm (203).bmp,0,0,1,0,0.706535,0.272622,0.020843
smids/Abnormal_Sperm/Abnormal_Sperm (208).bmp,0,0,1,1,0.249277,0.718881,0.031842
smids/Abnormal_Sperm/Abnormal_Sperm (212).bmp,0,0,1,1,0.281065,0.696431,0.022504
smids/Abnormal_Sperm/Abnormal_Sperm (218).bmp,0,0,1,0,0.707346,0.271585,0.021069
smids/Abnormal_Sperm/Abnormal_Sperm (221).bmp,0,0,1,1,0.274659,0.703285,0.022056
smids/Abnormal_Sperm/Abnormal_Sperm (222).bmp,0,0,1,1,0.045490,0.724572,0.229938
smids/Abnormal_Sperm/Abnormal_Sperm (224).bmp,0,0,1,1,0.235339,0.736736,0.027925
smids/Abnormal_Sperm/Abnormal_Sperm (23).bmp,0,0,1,1,0.276322,0.700550,0.023128
smids/Abnormal_Sperm/Abnormal_Sperm (234).bmp,0,0,1,1,0.215494,0.756729,0.027777
smids/Abnormal_Sperm/Abnormal_Sperm (241).bmp,0,0,1,1,0.249623,0.726738,0.023639
smids/Abnormal_Sperm/Abnormal_Sperm (246).bmp,0,0,1,1,0.300851,0.678025,0.021124
smids/Abnormal_Sperm/Abnormal_Sperm (26).bmp,0,0,1,1,0.209255,0.766567,0.024178
smids/Abnormal_Sperm/Abnormal_Sperm (268).bmp,0,0,1,1,0.216850,0.757558,0.025592
smids/Abnormal_Sperm/Abnormal_Sperm (275).bmp,0,0,1,1,0.214614,0.759896,0.025490
smids/Abnormal_Sperm/Abnormal_Sperm (276).bmp,0,0,1,1,0.273840,0.702540,0.023619
smids/Abnormal_Sperm/Abnormal_Sperm (28).bmp,0,0,1,0,0.731104,0.035143,0.233753
smids/Abnormal_Sperm/Abnormal_Sperm (31).bmp,0,0,1,1,0.047140,0.724518,0.228341
smids/Abnormal_Sperm/Abnormal_Sperm (320).bmp,0,0,1,1,0.215499,0.758659,0.025842
smids/Abnormal_Sperm/Abnormal_Sperm (321).bmp,0,0,1,1,0.235801,0.739228,0.024971
smids/Abnormal_Sperm/Abnormal_Sperm (333).bmp,0,0,1,1,0.212350,0.760621,0.027029
smids/Abnormal_Sperm/Abnormal_Sperm (335).bmp,0,0,1,0,0.708236,0.270922,0.020842
smids/Abnormal_Sperm/Abnormal_Sperm (342).bmp,0,0,1,1,0.215766,0.759212,0.025022
smids/Abnormal_Sperm/Abnormal_Sperm (343).bmp,0,0,1,1,0.045889,0.665441,0.288670
smids/Abnormal_Sperm/Abnormal_Sperm (345).bmp,0,0,1,1,0.278557,0.696471,0.024972
smids/Abnormal_Sperm/Abnormal_Sperm (35).bmp,0,0,1,1,0.277386,0.699620,0.022995
smids/Abnormal_Sperm/Abnormal_Sperm (351).bmp,0,0,1,0,0.693159,0.036325,0.270516
smids/Abnormal_Sperm/Abnormal_Sperm (356).bmp,0,0,1,1,0.240156,0.735172,0.024672
smids/Abnormal_Sperm/Abnormal_Sperm (359).bmp,0,0,1,1,0.208367,0.763859,0.027773
smids/Abnormal_Sperm/Abnormal_Sperm (361).bmp,0,0,1,1,0.272260,0.705232,0.022508
smids/Abnormal_Sperm/Abnormal_Sperm (365).bmp,0,0,1,1,0.216944,0.758802,0.024254
smids/Abnormal_Sperm/Abnormal_Sperm (371).bmp,0,0,1,1,0.245177,0.730911,0.023911
smids/Abnormal_Sperm/Abnormal_Sperm (373).bmp,0,0,1,1,0.214778,0.760291,0.024931
smids/Abnormal_Sperm/Abnormal_Sperm (378).bmp,0,0,1,1,0.306662,0.671806,0.021532
smids/Abnormal_Sperm/Abnormal_Sperm (380).bmp,0,0,1,1,0.208667,0.764162,0.027172
smids/Abnormal_Sperm/Abnormal_Sperm (388).bmp,0,0,1,1,0.043628,0.727221,0.229151
smids/Abnormal_Sperm/Abnormal_Sperm (394).bmp,0,0,1,2,0.038925,0.221572,0.739504
smids/Abnormal_Sperm/Abnormal_Sperm (406).bmp,0,0,1,1,0.226207,0.750548,0.023245
smids/Abnormal_Sperm/Abnormal_Sperm (407).bmp,0,0,1,0,0.711943,0.261348,0.026708
smids/Abnormal_Sperm/Abnormal_Sperm (42).bmp,0,0,1,0,0.713657,0.264613,0.021730
smids/Abnormal_Sperm/Abnormal_Sperm (422).bmp,0,0,1,1,0.044254,0.721079,0.234667
smids/Abnormal_Sperm/Abnormal_Sperm (424).bmp,0,0,1,1,0.216004,0.757109,0.026887
smids/Abnormal_Sperm/Abnormal_Sperm (427).bmp,0,0,1,1,0.281751,0.696054,0.022195
smids/Abnormal_Sperm/Abnormal_Sperm (430).bmp,0,0,1,1,0.268189,0.705893,0.025919
smids/Abnormal_Sperm/Abnormal_Sperm (438).bmp,0,0,1,1,0.229429,0.740735,0.029836
smids/Abnormal_Sperm/Abnormal_Sperm (440).bmp,0,0,1,1,0.241578,0.736129,0.022293
smids/Abnormal_Sperm/Abnormal_Sperm (441).bmp,0,0,1,1,0.211982,0.762976,0.025042
smids/Abnormal_Sperm/Abnormal_Sperm (444).bmp,0,0,1,1,0.289701,0.688394,0.021905
smids/Abnormal_Sperm/Abnormal_Sperm (452).bmp,0,0,1,1,0.216860,0.758861,0.024279
smids/Abnormal_Sperm/Abnormal_Sperm (454).bmp,0,0,1,1,0.252541,0.725046,0.022414
smids/Abnormal_Sperm/Abnormal_Sperm (457).bmp,0,0,1,1,0.212661,0.762030,0.025308
smids/Abnormal_Sperm/Abnormal_Sperm (464).bmp,0,0,1,1,0.300565,0.678951,0.020484
smids/Abnormal_Sperm/Abnormal_Sperm (467).bmp,0,0,1,1,0.039755,0.696629,0.263615
smids/Abnormal_Sperm/Abnormal_Sperm (468).bmp,0,0,1,1,0.039953,0.694935,0.265112
smids/Abnormal_Sperm/Abnormal_Sperm (470).bmp,0,0,1,1,0.279152,0.698354,0.022495
smids/Abnormal_Sperm/Abnormal_Sperm (471).bmp,0,0,1,1,0.244364,0.732646,0.022990
smids/Abnormal_Sperm/Abnormal_Sperm (476).bmp,0,0,1,1,0.045736,0.708002,0.246262
smids/Abnormal_Sperm/Abnormal_Sperm (479).bmp,0,0,1,1,0.265357,0.708840,0.025803
smids/Abnormal_Sperm/Abnormal_Sperm (48).bmp,0,0,1,1,0.257904,0.710496,0.031599
smids/Abnormal_Sperm/Abnormal_Sperm (481).bmp,0,0,1,1,0.047946,0.662715,0.289339
smids/Abnormal_Sperm/Abnormal_Sperm (482).bmp,0,0,1,1,0.286865,0.684113,0.029021
smids/Abnormal_Sperm/Abnormal_Sperm (484).bmp,0,0,1,1,0.231055,0.741287,0.027658
smids/Abnormal_Sperm/Abnormal_Sperm (488).bmp,0,0,1,2,0.034474,0.211974,0.753553
smids/Abnormal_Sperm/Abnormal_Sperm (501).bmp,0,0,1,0,0.693937,0.036196,0.269867
smids/Abnormal_Sperm/Abnormal_Sperm (512).bmp,0,0,1,0,0.734960,0.239356,0.025684
smids/Abnormal_Sperm/Abnormal_Sperm (513).bmp,0,0,1,1,0.237463,0.729453,0.033083
smids/Abnormal_Sperm/Abnormal_Sperm (514).bmp,0,0,1,1,0.278065,0.698984,0.022952
smids/Abnormal_Sperm/Abnormal_Sperm (527).bmp,0,0,1,1,0.305144,0.673036,0.021820
smids/Abnormal_Sperm/Abnormal_Sperm (53).bmp,0,0,1,1,0.235083,0.736997,0.027920
smids/Abnormal_Sperm/Abnormal_Sperm (530).bmp,0,0,1,1,0.047572,0.717290,0.235138
smids/Abnormal_Sperm/Abnormal_Sperm (533).bmp,0,0,1,0,0.740541,0.235032,0.024427
smids/Abnormal_Sperm/Abnormal_Sperm (538).bmp,0,0,1,2,0.039459,0.228630,0.731910
smids/Abnormal_Sperm/Abnormal_Sperm (546).bmp,0,0,1,1,0.278337,0.699323,0.022340
smids/Abnormal_Sperm/Abnormal_Sperm (557).bmp,0,0,1,0,0.664346,0.029373,0.306282
smids/Abnormal_Sperm/Abnormal_Sperm (562).bmp,0,0,1,2,0.237534,0.028854,0.733612
smids/Abnormal_Sperm/Abnormal_Sperm (565).bmp,0,0,1,1,0.289110,0.686218,0.024672
smids/Abnormal_Sperm/Abnormal_Sperm (569).bmp,0,0,1,1,0.046207,0.693223,0.260570
smids/Abnormal_Sperm/Abnormal_Sperm (581).bmp,0,0,1,0,0.733772,0.237190,0.029038
smids/Abnormal_Sperm/Abnormal_Sperm (585).bmp,0,0,1,2,0.039677,0.210459,0.749864
smids/Abnormal_Sperm/Abnormal_Sperm (591).bmp,0,0,1,2,0.040798,0.205101,0.754101
smids/Abnormal_Sperm/Abnormal_Sperm (593).bmp,0,0,1,1,0.286981,0.687098,0.025921
smids/Abnormal_Sperm/Abnormal_Sperm (597).bmp,0,0,1,1,0.045059,0.643966,0.310975
smids/Abnormal_Sperm/Abnormal_Sperm (598).bmp,0,0,1,1,0.051612,0.684151,0.264237
smids/Abnormal_Sperm/Abnormal_Sperm (599).bmp,0,0,1,0,0.722393,0.247455,0.030152
smids/Abnormal_Sperm/Abnormal_Sperm (600).bmp,0,0,1,1,0.282362,0.684208,0.033430
smids/Abnormal_Sperm/Abnormal_Sperm (603).bmp,0,0,1,1,0.247415,0.720163,0.032422
smids/Abnormal_Sperm/Abnormal_Sperm (609).bmp,0,0,1,0,0.754229,0.216898,0.028872
smids/Abnormal_Sperm/Abnormal_Sperm (610).bmp,0,0,1,0,0.744337,0.231777,0.023886
smids/Abnormal_Sperm/Abnormal_Sperm (618).bmp,0,0,1,1,0.270327,0.706471,0.023202
smids/Abnormal_Sperm/Abnormal_Sperm (620).bmp,0,0,1,1,0.041537,0.703862,0.254601
smids/Abnormal_Sperm/Abnormal_Sperm (624).bmp,0,0,1,1,0.292768,0.685669,0.021563
smids/Abnormal_Sperm/Abnormal_Sperm (627).bmp,0,0,1,2,0.202568,0.032689,0.764743
smids/Abnormal_Sperm/Abnormal_Sperm (634).bmp,0,0,1,1,0.256706,0.721179,0.022115
smids/Abnormal_Sperm/Abnormal_Sperm (639).bmp,0,0,1,1,0.219858,0.755293,0.024850
smids/Abnormal_Sperm/Abnormal_Sperm (645).bmp,0,0,1,1,0.281342,0.695369,0.023289
smids/Abnormal_Sperm/Abnormal_Sperm (647).bmp,0,0,1,0,0.718959,0.260094,0.020947
smids/Abnormal_Sperm/Abnormal_Sperm (648).bmp,0,0,1,1,0.251916,0.721119,0.026966
smids/Abnormal_Sperm/Abnormal_Sperm (655).bmp,0,0,1,0,0.717011,0.261976,0.021013
smids/Abnormal_Sperm/Abnormal_Sperm (662).bmp,0,0,1,1,0.040971,0.700867,0.258162
smids/Abnormal_Sperm/Abnormal_Sperm (666).bmp,0,0,1,1,0.043084,0.720504,0.236412
smids/Abnormal_Sperm/Abnormal_Sperm (670).bmp,0,0,1,0,0.750329,0.225505,0.024166
smids/Abnormal_Sperm/Abnormal_Sperm (679).bmp,0,0,1,1,0.293227,0.685435,0.021338
smids/Abnormal_Sperm/Abnormal_Sperm (684).bmp,0,0,1,1,0.293649,0.682015,0.024336
smids/Abnormal_Sperm/Abnormal_Sperm (685).bmp,0,0,1,1,0.291695,0.684672,0.023633
smids/Abnormal_Sperm/Abnormal_Sperm (686).bmp,0,0,1,1,0.225129,0.750005,0.024866
smids/Abnormal_Sperm/Abnormal_Sperm (69).bmp,0,0,1,1,0.244754,0.732036,0.023210
smids/Abnormal_Sperm/Abnormal_Sperm (693).bmp,0,0,1,1,0.289259,0.683143,0.027598
smids/Abnormal_Sperm/Abnormal_Sperm (696).bmp,0,0,1,1,0.235539,0.740855,0.023607
smids/Abnormal_Sperm/Abnormal_Sperm (705).bmp,0,0,1,0,0.718698,0.255469,0.025833
smids/Abnormal_Sperm/Abnormal_Sperm (707).bmp,0,0,1,1,0.290774,0.688359,0.020867
smids/Abnormal_Sperm/Abnormal_Sperm (713).bmp,0,0,1,1,0.298105,0.680799,0.021096
smids/Abnormal_Sperm/Abnormal_Sperm (715).bmp,0,0,1,0,0.708209,0.271853,0.019938
smids/Abnormal_Sperm/Abnormal_Sperm (720).bmp,0,0,1,1,0.282999,0.694309,0.022692
smids/Abnormal_Sperm/Abnormal_Sperm (738).bmp,0,0,1,1,0.224535,0.752042,0.023423
smids/Abnormal_Sperm/Abnormal_Sperm (740).bmp,0,0,1,1,0.250050,0.726512,0.023439
smids/Abnormal_Sperm/Abnormal_Sperm (752).bmp,0,0,1,1,0.230323,0.740270,0.029406
smids/Abnormal_Sperm/Abnormal_Sperm (756).bmp,0,0,1,1,0.278451,0.696316,0.025233
smids/Abnormal_Sperm/Abnormal_Sperm (777).bmp,0,0,1,1,0.297555,0.681634,0.020811
smids/Abnormal_Sperm/Abnormal_Sperm (780).bmp,0,0,1,1,0.047657,0.693895,0.258448
smids/Abnormal_Sperm/Abnormal_Sperm (787).bmp,0,0,1,1,0.293383,0.683065,0.023552
smids/Abnormal_Sperm/Abnormal_Sperm (790).bmp,0,0,1,1,0.262260,0.714042,0.023698
smids/Abnormal_Sperm/Abnormal_Sperm (797).bmp,0,0,1,0,0.726879,0.250886,0.022234
smids/Abnormal_Sperm/Abnormal_Sperm (80).bmp,0,0,1,1,0.221210,0.755157,0.023633
smids/Abnormal_Sperm/Abnormal_Sperm (805).bmp,0,0,1,1,0.291637,0.684072,0.024291
smids/Abnormal_Sperm/Abnormal_Sperm (811).bmp,0,0,1,0,0.773185,0.201887,0.024928
smids/Abnormal_Sperm/Abnormal_Sperm (816).bmp,0,0,1,1,0.295452,0.683064,0.021484
smids/Abnormal_Sperm/Abnormal_Sperm (819).bmp,0,0,1,1,0.231790,0.744034,0.024177
smids/Abnormal_Sperm/Abnormal_Sperm (822).bmp,0,0,1,0,0.717579,0.258720,0.023701
smids/Abnormal_Sperm/Abnormal_Sperm (828).bmp,0,0,1,1,0.272831,0.705063,0.022106
smids/Abnormal_Sperm/Abnormal_Sperm (83).bmp,0,0,1,1,0.266439,0.709751,0.023809
smids/Abnormal_Sperm/Abnormal_Sperm (832).bmp,0,0,1,1,0.267433,0.709147,0.023420
smids/Abnormal_Sperm/Abnormal_Sperm (837).bmp,0,0,1,0,0.766941,0.209582,0.023477
smids/Abnormal_Sperm/Abnormal_Sperm (842).bmp,0,0,1,0,0.709942,0.268040,0.022018
smids/Abnormal_Sperm/Abnormal_Sperm (844).bmp,0,0,1,2,0.042518,0.186936,0.770545
smids/Abnormal_Sperm/Abnormal_Sperm (848).bmp,0,0,1,0,0.741037,0.235373,0.023590
smids/Abnormal_Sperm/Abnormal_Sperm (853).bmp,0,0,1,0,0.710382,0.268456,0.021162
smids/Abnormal_Sperm/Abnormal_Sperm (854).bmp,0,0,1,0,0.719544,0.257975,0.022482
smids/Abnormal_Sperm/Abnormal_Sperm (857).bmp,0,0,1,1,0.215102,0.759446,0.025451
smids/Abnormal_Sperm/Abnormal_Sperm (863).bmp,0,0,1,1,0.213795,0.760376,0.025828
smids/Abnormal_Sperm/Abnormal_Sperm (869).bmp,0,0,1,1,0.276590,0.701646,0.021764
smids/Abnormal_Sperm/Abnormal_Sperm (878).bmp,0,0,1,1,0.300902,0.678053,0.021045
smids/Abnormal_Sperm/Abnormal_Sperm (889).bmp,0,0,1,1,0.228809,0.746081,0.025110
smids/Abnormal_Sperm/Abnormal_Sperm (892).bmp,0,0,1,0,0.717329,0.260527,0.022144
smids/Abnormal_Sperm/Abnormal_Sperm (895).bmp,0,0,1,0,0.712320,0.266921,0.020759
smids/Abnormal_Sperm/Abnormal_Sperm (900).bmp,0,0,1,1,0.043285,0.653021,0.303694
smids/Abnormal_Sperm/Abnormal_Sperm (901).bmp,0,0,1,1,0.046269,0.705706,0.248024
smids/Abnormal_Sperm/Abnormal_Sperm (903).bmp,0,0,1,0,0.730894,0.244588,0.024518
smids/Abnormal_Sperm/Abnormal_Sperm (907).bmp,0,0,1,1,0.290981,0.686640,0.022379
smids/Abnormal_Sperm/Abnormal_Sperm (908).bmp,0,0,1,1,0.213949,0.760782,0.025269
smids/Abnormal_Sperm/Abnormal_Sperm (909).bmp,0,0,1,1,0.221039,0.754629,0.024332
smids/Abnormal_Sperm/Abnormal_Sperm (911).bmp,0,0,1,1,0.229872,0.743215,0.026913
smids/Abnormal_Sperm/Abnormal_Sperm (919).bmp,0,0,1,0,0.731021,0.237221,0.031757
smids/Abnormal_Sperm/Abnormal_Sperm (920).bmp,0,0,1,2,0.240802,0.028639,0.730559
smids/Abnormal_Sperm/Abnormal_Sperm (925).bmp,0,0,1,1,0.297593,0.681066,0.021341
smids/Abnormal_Sperm/Abnormal_Sperm (930).bmp,0,0,1,0,0.739836,0.231258,0.028906
smids/Abnormal_Sperm/Abnormal_Sperm (931).bmp,0,0,1,0,0.736911,0.237451,0.025639
smids/Abnormal_Sperm/Abnormal_Sperm (944).bmp,0,0,1,1,0.262429,0.714675,0.022896
smids/Abnormal_Sperm/Abnormal_Sperm (945).bmp,0,0,1,1,0.240631,0.735042,0.024327
smids/Abnormal_Sperm/Abnormal_Sperm (948).bmp,0,0,1,1,0.264549,0.712779,0.022672
smids/Abnormal_Sperm/Abnormal_Sperm (955).bmp,0,0,1,1,0.248412,0.729015,0.022573
smids/Abnormal_Sperm/Abnormal_Sperm (957).bmp,0,0,1,1,0.232025,0.737186,0.030789
smids/Abnormal_Sperm/Abnormal_Sperm (962).bmp,0,0,1,1,0.039413,0.694398,0.266189
smids/Abnormal_Sperm/Abnormal_Sperm (967).bmp,0,0,1,1,0.210553,0.762002,0.027444
smids/Abnormal_Sperm/Abnormal_Sperm (974).bmp,0,0,1,1,0.231160,0.744636,0.024204
smids/Abnormal_Sperm/Abnormal_Sperm (975).bmp,0,0,1,1,0.205318,0.768811,0.025871
smids/Abnormal_Sperm/Abnormal_Sperm (976).bmp,0,0,1,1,0.230250,0.742392,0.027358
smids/Abnormal_Sperm/Abnormal_Sperm (982).bmp,0,0,1,1,0.044759,0.727844,0.227397
smids/Abnormal_Sperm/Abnormal_Sperm (989).bmp,0,0,1,1,0.045943,0.674517,0.279541
smids/Abnormal_Sperm/Abnormal_Sperm (99).bmp,0,0,1,1,0.236402,0.739751,0.023848
smids/Abnormal_Sperm/Abnormal_Sperm (994).bmp,0,0,1,1,0.295278,0.683439,0.021283
smids/Non-Sperm/Non-Sperm (106).bmp,0,0,2,2,0.181368,0.027948,0.790684
smids/Non-Sperm/Non-Sperm (113).bmp,0,0,2,2,0.168488,0.028101,0.803411
smids/Non-Sperm/Non-Sperm (116).bmp,0,0,2,2,0.169952,0.027601,0.802448
smids/Non-Sperm/Non-Sperm (120).bmp,0,0,2,2,0.037422,0.142134,0.820444
smids/Non-Sperm/Non-Sperm (128).bmp,0,0,2,2,0.033190,0.222795,0.744015
smids/Non-Sperm/Non-Sperm (131).bmp,0,0,2,2,0.190729,0.027044,0.782227
smids/Non-Sperm/Non-Sperm (132).bmp,0,0,2,2,0.191752,0.028980,0.779269
smids/Non-Sperm/Non-Sperm (139).bmp,0,0,2,2,0.040070,0.148301,0.811629
smids/Non-Sperm/Non-Sperm (145).bmp,0,0,2,2,0.040652,0.171838,0.787510
smids/Non-Sperm/Non-Sperm (148).bmp,0,0,2,2,0.037496,0.175408,0.787096
smids/Non-Sperm/Non-Sperm (149).bmp,0,0,2,2,0.182693,0.028211,0.789096
smids/Non-Sperm/Non-Sperm (154).bmp,0,0,2,2,0.172511,0.027947,0.799543
smids/Non-Sperm/Non-Sperm (155).bmp,0,0,2,2,0.176538,0.027751,0.795711
smids/Non-Sperm/Non-Sperm (162).bmp,0,0,2,2,0.178605,0.027790,0.793606
smids/Non-Sperm/Non-Sperm (163).bmp,0,0,2,2,0.037701,0.217796,0.744503
smids/Non-Sperm/Non-Sperm (175).bmp,0,0,2,2,0.039656,0.150035,0.810309
smids/Non-Sperm/Non-Sperm (176).bmp,0,0,2,1,0.041324,0.639556,0.319120
smids/Non-Sperm/Non-Sperm (178).bmp,0,0,2,2,0.182647,0.028960,0.788392
smids/Non-Sperm/Non-Sperm (195).bmp,0,0,2,2,0.042404,0.159212,0.798384
smids/Non-Sperm/Non-Sperm (197).bmp,0,0,2,2,0.033770,0.230608,0.735623
smids/Non-Sperm/Non-Sperm (203).bmp,0,0,2,2,0.182537,0.027188,0.790275
smids/Non-Sperm/Non-Sperm (209).bmp,0,0,2,2,0.037454,0.144704,0.817842
smids/Non-Sperm/Non-Sperm (217).bmp,0,0,2,2,0.181229,0.028870,0.789901
smids/Non-Sperm/Non-Sperm (220).bmp,0,0,2,2,0.176352,0.029300,0.794349
smids/Non-Sperm/Non-Sperm (224).bmp,0,0,2,2,0.189261,0.029012,0.781727
smids/Non-Sperm/Non-Sperm (231).bmp,0,0,2,2,0.039741,0.154086,0.806173
smids/Non-Sperm/Non-Sperm (232).bmp,0,0,2,2,0.039239,0.152698,0.808063
smids/Non-Sperm/Non-Sperm (236).bmp,0,0,2,2,0.041317,0.163486,0.795198
smids/Non-Sperm/Non-Sperm (246).bmp,0,0,2,2,0.177458,0.028165,0.794377
smids/Non-Sperm/Non-Sperm (251).bmp,0,0,2,2,0.039746,0.153033,0.807221
smids/Non-Sperm/Non-Sperm (257).bmp,0,0,2,2,0.038288,0.153992,0.807720
smids/Non-Sperm/Non-Sperm (262).bmp,0,0,2,2,0.038865,0.151882,0.809253
smids/Non-Sperm/Non-Sperm (271).bmp,0,0,2,2,0.190543,0.028931,0.780526
smids/Non-Sperm/Non-Sperm (273).bmp,0,0,2,2,0.040119,0.167979,0.791902
smids/Non-Sperm/Non-Sperm (278).bmp,0,0,2,2,0.182905,0.028943,0.788152
smids/Non-Sperm/Non-Sperm (281).bmp,0,0,2,2,0.039572,0.180088,0.780340
smids/Non-Sperm/Non-Sperm (283).bmp,0,0,2,2,0.186498,0.028752,0.784750
smids/Non-Sperm/Non-Sperm (292).bmp,0,0,2,2,0.182032,0.026910,0.791058
smids/Non-Sperm/Non-Sperm (295).bmp,0,0,2,2,0.190806,0.028197,0.780997
smids/Non-Sperm/Non-Sperm (302).bmp,0,0,2,2,0.183976,0.027073,0.788950
smids/Non-Sperm/Non-Sperm (308).bmp,0,0,2,2,0.178642,0.028309,0.793049
smids/Non-Sperm/Non-Sperm (317).bmp,0,0,2,2,0.177551,0.029795,0.792654
smids/Non-Sperm/Non-Sperm (319).bmp,0,0,2,2,0.172163,0.027952,0.799885
smids/Non-Sperm/Non-Sperm (324).bmp,0,0,2,2,0.237338,0.025423,0.737239
smids/Non-Sperm/Non-Sperm (329).bmp,0,0,2,2,0.171151,0.028197,0.800653
smids/Non-Sperm/Non-Sperm (337).bmp,0,0,2,2,0.036944,0.148946,0.814110
smids/Non-Sperm/Non-Sperm (343).bmp,0,0,2,2,0.180844,0.029323,0.789833
smids/Non-Sperm/Non-Sperm (348).bmp,0,0,2,2,0.178239,0.028087,0.793674
smids/Non-Sperm/Non-Sperm (351).bmp,0,0,2,1,0.288559,0.677734,0.033706
smids/Non-Sperm/Non-Sperm (352).bmp,0,0,2,2,0.175890,0.028586,0.795524
smids/Non-Sperm/Non-Sperm (356).bmp,0,0,2,2,0.182822,0.028651,0.788527
smids/Non-Sperm/Non-Sperm (365).bmp,0,0,2,1,0.050403,0.686344,0.263253
smids/Non-Sperm/Non-Sperm (368).bmp,0,0,2,2,0.033291,0.211733,0.754976
smids/Non-Sperm/Non-Sperm (372).bmp,0,0,2,2,0.039093,0.144084,0.816824
smids/Non-Sperm/Non-Sperm (383).bmp,0,0,2,2,0.039447,0.171596,0.788957
smids/Non-Sperm/Non-Sperm (388).bmp,0,0,2,2,0.236753,0.025791,0.737455
smids/Non-Sperm/Non-Sperm (392).bmp,0,0,2,0,0.658094,0.043076,0.298829
smids/Non-Sperm/Non-Sperm (394).bmp,0,0,2,2,0.211767,0.032526,0.755708
smids/Non-Sperm/Non-Sperm (397).bmp,0,0,2,2,0.200357,0.027766,0.771876
smids/Non-Sperm/Non-Sperm (402).bmp,0,0,2,2,0.040385,0.180982,0.778633
smids/Non-Sperm/Non-Sperm (406).bmp,0,0,2,2,0.037689,0.194995,0.767316
smids/Non-Sperm/Non-Sperm (416).bmp,0,0,2,2,0.038550,0.212568,0.748882
smids/Non-Sperm/Non-Sperm (417).bmp,0,0,2,2,0.216725,0.036220,0.747055
smids/Non-Sperm/Non-Sperm (419).bmp,0,0,2,2,0.039218,0.148493,0.812289
smids/Non-Sperm/Non-Sperm (427).bmp,0,0,2,2,0.036390,0.206336,0.757274
smids/Non-Sperm/Non-Sperm (431).bmp,0,0,2,2,0.178193,0.028514,0.793293
smids/Non-Sperm/Non-Sperm (44).bmp,0,0,2,2,0.038656,0.148997,0.812347
smids/Non-Sperm/Non-Sperm (443).bmp,0,0,2,2,0.039463,0.150332,0.810205
smids/Non-Sperm/Non-Sperm (451).bmp,0,0,2,2,0.213625,0.034582,0.751793
smids/Non-Sperm/Non-Sperm (458).bmp,0,0,2,2,0.181492,0.028827,0.789682
smids/Non-Sperm/Non-Sperm (471).bmp,0,0,2,2,0.039878,0.165108,0.795013
smids/Non-Sperm/Non-Sperm (476).bmp,0,0,2,2,0.176431,0.029396,0.794172
smids/Non-Sperm/Non-Sperm (483).bmp,0,0,2,2,0.041395,0.155711,0.802894
smids/Non-Sperm/Non-Sperm (488).bmp,0,0,2,2,0.043907,0.166183,0.789910
smids/Non-Sperm/Non-Sperm (49).bmp,0,0,2,1,0.040230,0.651995,0.307775
smids/Non-Sperm/Non-Sperm (490).bmp,0,0,2,2,0.040407,0.160241,0.799353
smids/Non-Sperm/Non-Sperm (492).bmp,0,0,2,2,0.183309,0.026981,0.789710
smids/Non-Sperm/Non-Sperm (494).bmp,0,0,2,2,0.039813,0.166625,0.793561
smids/Non-Sperm/Non-Sperm (505).bmp,0,0,2,2,0.043675,0.162022,0.794302
smids/Non-Sperm/Non-Sperm (51).bmp,0,0,2,2,0.037048,0.160736,0.802216
smids/Non-Sperm/Non-Sperm (517).bmp,0,0,2,2,0.039239,0.156718,0.804042
smids/Non-Sperm/Non-Sperm (523).bmp,0,0,2,2,0.043387,0.172388,0.784226
smids/Non-Sperm/Non-Sperm (529).bmp,0,0,2,2,0.037569,0.191756,0.770674
smids/Non-Sperm/Non-Sperm (538).bmp,0,0,2,2,0.183083,0.027692,0.789225
smids/Non-Sperm/Non-Sperm (542).bmp,0,0,2,2,0.186879,0.033197,0.779924
smids/Non-Sperm/Non-Sperm (545).bmp,0,0,2,2,0.215971,0.029044,0.754985
smids/Non-Sperm/Non-Sperm (548).bmp,0,0,2,2,0.041293,0.155386,0.803320
smids/Non-Sperm/Non-Sperm (550).bmp,0,0,2,2,0.173309,0.028355,0.798336
smids/Non-Sperm/Non-Sperm (552).bmp,0,0,2,2,0.235286,0.030586,0.734129
smids/Non-Sperm/Non-Sperm (557).bmp,0,0,2,2,0.180380,0.028906,0.790713
smids/Non-Sperm/Non-Sperm (566).bmp,0,0,2,1,0.050808,0.663312,0.285880
smids/Non-Sperm/Non-Sperm (568).bmp,0,0,2,2,0.192296,0.032244,0.775460
smids/Non-Sperm/Non-Sperm (569).bmp,0,0,2,2,0.034994,0.191133,0.773873
smids/Non-Sperm/Non-Sperm (570).bmp,0,0,2,2,0.042634,0.171344,0.786021
smids/Non-Sperm/Non-Sperm (579).bmp,0,0,2,2,0.185793,0.027865,0.786342
smids/Non-Sperm/Non-Sperm (580).bmp,0,0,2,2,0.201538,0.027639,0.770823
smids/Non-Sperm/Non-Sperm (585).bmp,0,0,2,2,0.037967,0.216430,0.745603
smids/Non-Sperm/Non-Sperm (592).bmp,0,0,2,2,0.036611,0.158165,0.805223
smids/Non-Sperm/Non-Sperm (595).bmp,0,0,2,2,0.176845,0.028230,0.794925
smids/Non-Sperm/Non-Sperm (596).bmp,0,0,2,2,0.216211,0.028630,0.755159
smids/Non-Sperm/Non-Sperm (614).bmp,0,0,2,2,0.192579,0.026836,0.780585
smids/Non-Sperm/Non-Sperm (616).bmp,0,0,2,2,0.188509,0.027671,0.783820
smids/Non-Sperm/Non-Sperm (624).bmp,0,0,2,2,0.037501,0.157706,0.804793
smids/Non-Sperm/Non-Sperm (626).bmp,0,0,2,2,0.184904,0.028625,0.786472
smids/Non-Sperm/Non-Sperm (629).bmp,0,0,2,2,0.181227,0.027897,0.790876
smids/Non-Sperm/Non-Sperm (630).bmp,0,0,2,2,0.039129,0.169006,0.791864
smids/Non-Sperm/Non-Sperm (635).bmp,0,0,2,2,0.038522,0.155451,0.806027
smids/Non-Sperm/Non-Sperm (637).bmp,0,0,2,2,0.034891,0.177556,0.787553
smids/Non-Sperm/Non-Sperm (64).bmp,0,0,2,1,0.041956,0.644790,0.313254
smids/Non-Sperm/Non-Sperm (640).bmp,0,0,2,2,0.183118,0.028360,0.788521
smids/Non-Sperm/Non-Sperm (641).bmp,0,0,2,2,0.177967,0.028274,0.793759
smids/Non-Sperm/Non-Sperm (645).bmp,0,0,2,2,0.038771,0.159517,0.801712
smids/Non-Sperm/Non-Sperm (648).bmp,0,0,2,2,0.177725,0.028061,0.794214
smids/Non-Sperm/Non-Sperm (652).bmp,0,0,2,2,0.173454,0.028544,0.798001
smids/Non-Sperm/Non-Sperm (654).bmp,0,0,2,2,0.184398,0.029594,0.786008
smids/Non-Sperm/Non-Sperm (655).bmp,0,0,2,2,0.182694,0.028403,0.788902
smids/Non-Sperm/Non-Sperm (656).bmp,0,0,2,2,0.034943,0.196629,0.768428
smids/Non-Sperm/Non-Sperm (661).bmp,0,0,2,2,0.170538,0.028960,0.800501
smids/Non-Sperm/Non-Sperm (667).bmp,0,0,2,2,0.037196,0.158020,0.804784
smids/Non-Sperm/Non-Sperm (668).bmp,0,0,2,2,0.181302,0.029422,0.789276
smids/Non-Sperm/Non-Sperm (682).bmp,0,0,2,2,0.190937,0.027135,0.781928
smids/Non-Sperm/Non-Sperm (690).bmp,0,0,2,0,0.707798,0.033877,0.258325
smids/Non-Sperm/Non-Sperm (694).bmp,0,0,2,2,0.176646,0.028293,0.795062
smids/Non-Sperm/Non-Sperm (702).bmp,0,0,2,1,0.050298,0.651829,0.297874
smids/Non-Sperm/Non-Sperm (708).bmp,0,0,2,2,0.039395,0.147449,0.813156
smids/Non-Sperm/Non-Sperm (710).bmp,0,0,2,1,0.036550,0.636446,0.327005
smids/Non-Sperm/Non-Sperm (716).bmp,0,0,2,2,0.035452,0.231037,0.733511
smids/Non-Sperm/Non-Sperm (718).bmp,0,0,2,2,0.039997,0.152520,0.807483
smids/Non-Sperm/Non-Sperm (719).bmp,0,0,2,1,0.047628,0.657126,0.295247
smids/Non-Sperm/Non-Sperm (725).bmp,0,0,2,2,0.041418,0.153983,0.804599
smids/Non-Sperm/Non-Sperm (730).bmp,0,0,2,2,0.217041,0.039172,0.743787
smids/Non-Sperm/Non-Sperm (731).bmp,0,0,2,2,0.037392,0.151648,0.810960
smids/Non-Sperm/Non-Sperm (732).bmp,0,0,2,2,0.040430,0.156988,0.802582
smids/Non-Sperm/Non-Sperm (733).bmp,0,0,2,2,0.038663,0.145896,0.815442
smids/Non-Sperm/Non-Sperm (735).bmp,0,0,2,2,0.181699,0.029044,0.789256
smids/Non-Sperm/Non-Sperm (738).bmp,0,0,2,2,0.037943,0.141685,0.820372
smids/Non-Sperm/Non-Sperm (741).bmp,0,0,2,2,0.171046,0.027260,0.801693
smids/Non-Sperm/Non-Sperm (742).bmp,0,0,2,2,0.038037,0.142177,0.819787
smids/Non-Sperm/Non-Sperm (749).bmp,0,0,2,2,0.036264,0.172011,0.791725
smids/Non-Sperm/Non-Sperm (75).bmp,0,0,2,1,0.042249,0.645745,0.312006
smids/Non-Sperm/Non-Sperm (750).bmp,0,0,2,2,0.038651,0.160343,0.801007
smids/Non-Sperm/Non-Sperm (76).bmp,0,0,2,1,0.044502,0.716610,0.238888
smids/Non-Sperm/Non-Sperm (765).bmp,0,0,2,2,0.039308,0.202099,0.758593
smids/Non-Sperm/Non-Sperm (767).bmp,0,0,2,2,0.185016,0.027085,0.787899
smids/Non-Sperm/Non-Sperm (769).bmp,0,0,2,2,0.038814,0.148287,0.812899
smids/Non-Sperm/Non-Sperm (770).bmp,0,0,2,2,0.180722,0.029334,0.789944
smids/Non-Sperm/Non-Sperm (772).bmp,0,0,2,2,0.037128,0.148245,0.814628
smids/Non-Sperm/Non-Sperm (782).bmp,0,0,2,2,0.196594,0.029504,0.773901
smids/Non-Sperm/Non-Sperm (785).bmp,0,0,2,2,0.179980,0.027669,0.792351
smids/Non-Sperm/Non-Sperm (792).bmp,0,0,2,2,0.191997,0.032032,0.775971
smids/Non-Sperm/Non-Sperm (802).bmp,0,0,2,2,0.039219,0.158187,0.802594
smids/Non-Sperm/Non-Sperm (805).bmp,0,0,2,2,0.174244,0.028100,0.797656
smids/Non-Sperm/Non-Sperm (807).bmp,0,0,2,2,0.038739,0.149433,0.811828
smids/Non-Sperm/Non-Sperm (814).bmp,0,0,2,2,0.176319,0.028315,0.795366
smids/Non-Sperm/Non-Sperm (817).bmp,0,0,2,2,0.197304,0.027762,0.774934
smids/Non-Sperm/Non-Sperm (828).bmp,0,0,2,2,0.034988,0.178161,0.786851
smids/Non-Sperm/Non-Sperm (830).bmp,0,0,2,2,0.185996,0.028785,0.785218
smids/Non-Sperm/Non-Sperm (838).bmp,0,0,2,2,0.040751,0.161828,0.797421
smids/Non-Sperm/Non-Sperm (849).bmp,0,0,2,2,0.184178,0.029736,0.786087
smids/Non-Sperm/Non-Sperm (858).bmp,0,0,2,2,0.040098,0.153784,0.806118
smids/Non-Sperm/Non-Sperm (860).bmp,0,0,2,2,0.036888,0.157377,0.805735
smids/Non-Sperm/Non-Sperm (862).bmp,0,0,2,2,0.040748,0.157833,0.801419
smids/Non-Sperm/Non-Sperm (867).bmp,0,0,2,2,0.035785,0.202014,0.762201
smids/Non-Sperm/Non-Sperm (868).bmp,0,0,2,2,0.198159,0.028550,0.773291
smids/Non-Sperm/Non-Sperm (876).bmp,0,0,2,2,0.046152,0.183238,0.770609
smids/Non-Sperm/Non-Sperm (879).bmp,0,0,2,2,0.041644,0.179408,0.778948
smids/Non-Sperm/Non-Sperm (88).bmp,0,0,2,1,0.222649,0.750635,0.026716
smids/Non-Sperm/Non-Sperm (882).bmp,0,0,2,2,0.191504,0.029390,0.779106
smids/Non-Sperm/Non-Sperm (883).bmp,0,0,2,2,0.188565,0.029492,0.781942
smids/Non-Sperm/Non-Sperm (887).bmp,0,0,2,2,0.194371,0.029132,0.776497
smids/Non-Sperm/Non-Sperm (891).bmp,0,0,2,0,0.764328,0.207510,0.028162
smids/Non-Sperm/Non-Sperm (90).bmp,0,0,2,2,0.176701,0.028252,0.795047
smids/Non-Sperm/Non-Sperm (900).bmp,0,0,2,0,0.713826,0.035812,0.250363
smids/Non-Sperm/Non-Sperm (903).bmp,0,0,2,1,0.208656,0.764292,0.027052
smids/Non-Sperm/Non-Sperm (905).bmp,0,0,2,1,0.048409,0.665070,0.286521
smids/Non-Sperm/Non-Sperm (908).bmp,0,0,2,1,0.044235,0.721453,0.234312
smids/Non-Sperm/Non-Sperm (910).bmp,0,0,2,2,0.035826,0.214797,0.749377
smids/Non-Sperm/Non-Sperm (918).bmp,0,0,2,1,0.038964,0.660511,0.300526
smids/Non-Sperm/Non-Sperm (920).bmp,0,0,2,2,0.039960,0.155194,0.804846
smids/Non-Sperm/Non-Sperm (926).bmp,0,0,2,2,0.034959,0.213795,0.751246
smids/Non-Sperm/Non-Sperm (928).bmp,0,0,2,1,0.044318,0.725044,0.230638
smids/Non-Sperm/Non-Sperm (930).bmp,0,0,2,2,0.043947,0.180681,0.775372
smids/Non-Sperm/Non-Sperm (932).bmp,0,0,2,0,0.682245,0.032193,0.285562
smids/Non-Sperm/Non-Sperm (935).bmp,0,0,2,2,0.205234,0.035952,0.758814
smids/Non-Sperm/Non-Sperm (940).bmp,0,0,2,2,0.226273,0.029143,0.744584
smids/Non-Sperm/Non-Sperm (942).bmp,0,0,2,2,0.236973,0.026762,0.736265
smids/Non-Sperm/Non-Sperm (946).bmp,0,0,2,2,0.040270,0.153066,0.806664
smids/Non-Sperm/Non-Sperm (949).bmp,0,0,2,2,0.040320,0.151089,0.808591
smids/Non-Sperm/Non-Sperm (954).bmp,0,0,2,2,0.183744,0.029203,0.787053
smids/Non-Sperm/Non-Sperm (969).bmp,0,0,2,1,0.043893,0.741559,0.214548
smids/Non-Sperm/Non-Sperm (97).bmp,0,0,2,2,0.180922,0.029629,0.789450
smids/Non-Sperm/Non-Sperm (970).bmp,0,0,2,2,0.040233,0.161350,0.798418
smids/Non-Sperm/Non-Sperm (971).bmp,0,0,2,2,0.039316,0.166162,0.794522
smids/Non-Sperm/Non-Sperm (974).bmp,0,0,2,2,0.243173,0.027956,0.728871
smids/Non-Sperm/Non-Sperm (98).bmp,0,0,2,2,0.175541,0.027665,0.796794
smids/Normal_Sperm/Normal_Sperm (1).bmp,0,0,0,0,0.771617,0.206194,0.022189
smids/Normal_Sperm/Normal_Sperm (1004).bmp,0,0,0,0,0.710380,0.030828,0.258792
smids/Normal_Sperm/Normal_Sperm (1019).bmp,0,0,0,1,0.255096,0.709191,0.035713
smids/Normal_Sperm/Normal_Sperm (1020).bmp,0,0,0,2,0.038939,0.164824,0.796236
smids/Normal_Sperm/Normal_Sperm (106).bmp,0,0,0,0,0.775068,0.195862,0.029070
smids/Normal_Sperm/Normal_Sperm (127).bmp,0,0,0,0,0.770812,0.203324,0.025865
smids/Normal_Sperm/Normal_Sperm (13).bmp,0,0,0,0,0.726475,0.245583,0.027943
smids/Normal_Sperm/Normal_Sperm (136).bmp,0,0,0,1,0.275629,0.695509,0.028862
smids/Normal_Sperm/Normal_Sperm (143).bmp,0,0,0,0,0.741869,0.236004,0.022127
smids/Normal_Sperm/Normal_Sperm (15).bmp,0,0,0,0,0.732308,0.241049,0.026643
smids/Normal_Sperm/Normal_Sperm (150).bmp,0,0,0,0,0.720838,0.250804,0.028358
smids/Normal_Sperm/Normal_Sperm (152).bmp,0,0,0,0,0.718628,0.251884,0.029488
smids/Normal_Sperm/Normal_Sperm (156).bmp,0,0,0,1,0.305144,0.671586,0.023270
smids/Normal_Sperm/Normal_Sperm (158).bmp,0,0,0,0,0.802771,0.173138,0.024090
smids/Normal_Sperm/Normal_Sperm (159).bmp,0,0,0,0,0.733184,0.245872,0.020944
smids/Normal_Sperm/Normal_Sperm (166).bmp,0,0,0,0,0.764487,0.209672,0.025841
smids/Normal_Sperm/Normal_Sperm (173).bmp,0,0,0,2,0.243122,0.033327,0.723551
smids/Normal_Sperm/Normal_Sperm (178).bmp,0,0,0,0,0.750135,0.032902,0.216963
smids/Normal_Sperm/Normal_Sperm (182).bmp,0,0,0,1,0.045120,0.720345,0.234535
smids/Normal_Sperm/Normal_Sperm (185).bmp,0,0,0,0,0.717646,0.261627,0.020727
smids/Normal_Sperm/Normal_Sperm (186).bmp,0,0,0,2,0.254002,0.030364,0.715633
smids/Normal_Sperm/Normal_Sperm (198).bmp,0,0,0,0,0.784827,0.190047,0.025126
smids/Normal_Sperm/Normal_Sperm (2).bmp,0,0,0,0,0.801203,0.174002,0.024795
smids/Normal_Sperm/Normal_Sperm (201).bmp,0,0,0,1,0.302007,0.676005,0.021988
smids/Normal_Sperm/Normal_Sperm (202).bmp,0,0,0,0,0.761401,0.214543,0.024056
smids/Normal_Sperm/Normal_Sperm (206).bmp,0,0,0,0,0.795484,0.179920,0.024596
smids/Normal_Sperm/Normal_Sperm (209).bmp,0,0,0,0,0.709462,0.269941,0.020597
smids/Normal_Sperm/Normal_Sperm (224).bmp,0,0,0,0,0.764636,0.210777,0.024587
smids/Normal_Sperm/Normal_Sperm (232).bmp,0,0,0,1,0.308986,0.670511,0.020502
smids/Normal_Sperm/Normal_Sperm (244).bmp,0,0,0,1,0.300607,0.678729,0.020664
smids/Normal_Sperm/Normal_Sperm (25).bmp,0,0,0,2,0.190517,0.028504,0.780979
smids/Normal_Sperm/Normal_Sperm (259).bmp,0,0,0,0,0.723105,0.255896,0.020999
smids/Normal_Sperm/Normal_Sperm (264).bmp,0,0,0,0,0.714395,0.262594,0.023010
smids/Normal_Sperm/Normal_Sperm (268).bmp,0,0,0,0,0.801880,0.171443,0.026677
smids/Normal_Sperm/Normal_Sperm (269).bmp,0,0,0,0,0.738130,0.240532,0.021338
smids/Normal_Sperm/Normal_Sperm (270).bmp,0,0,0,0,0.751449,0.031235,0.217316
smids/Normal_Sperm/Normal_Sperm (272).bmp,0,0,0,0,0.779483,0.196585,0.023932
smids/Normal_Sperm/Normal_Sperm (280).bmp,0,0,0,0,0.779386,0.195736,0.024878
smids/Normal_Sperm/Normal_Sperm (287).bmp,0,0,0,0,0.797977,0.173801,0.028222
smids/Normal_Sperm/Normal_Sperm (289).bmp,0,0,0,0,0.779727,0.197238,0.023035
smids/Normal_Sperm/Normal_Sperm (293).bmp,0,0,0,0,0.767273,0.209967,0.022759
smids/Normal_Sperm/Normal_Sperm (303).bmp,0,0,0,0,0.721007,0.257619,0.021374
smids/Normal_Sperm/Normal_Sperm (31).bmp,0,0,0,0,0.675518,0.034767,0.289715
smids/Normal_Sperm/Normal_Sperm (310).bmp,0,0,0,0,0.800022,0.172450,0.027527
smids/Normal_Sperm/Normal_Sperm (313).bmp,0,0,0,0,0.800328,0.175839,0.023833
smids/Normal_Sperm/Normal_Sperm (317).bmp,0,0,0,0,0.761724,0.213252,0.025023
smids/Normal_Sperm/Normal_Sperm (318).bmp,0,0,0,0,0.777696,0.190368,0.031937
smids/Normal_Sperm/Normal_Sperm (324).bmp,0,0,0,1,0.300816,0.678444,0.020740
smids/Normal_Sperm/Normal_Sperm (326).bmp,0,0,0,2,0.222439,0.035106,0.742455
smids/Normal_Sperm/Normal_Sperm (329).bmp,0,0,0,0,0.730179,0.247977,0.021844
smids/Normal_Sperm/Normal_Sperm (343).bmp,0,0,0,0,0.742420,0.224993,0.032587
smids/Normal_Sperm/Normal_Sperm (344).bmp,0,0,0,0,0.783471,0.191936,0.024593
smids/Normal_Sperm/Normal_Sperm (346).bmp,0,0,0,0,0.769727,0.200742,0.029531
smids/Normal_Sperm/Normal_Sperm (354).bmp,0,0,0,0,0.719940,0.257140,0.022920
smids/Normal_Sperm/Normal_Sperm (357).bmp,0,0,0,0,0.726689,0.252331,0.020980
smids/Normal_Sperm/Normal_Sperm (358).bmp,0,0,0,0,0.746916,0.231439,0.021645
smids/Normal_Sperm/Normal_Sperm (359).bmp,0,0,0,0,0.773207,0.203320,0.023473
smids/Normal_Sperm/Normal_Sperm (368).bmp,0,0,0,0,0.710663,0.265295,0.024042
smids/Normal_Sperm/Normal_Sperm (370).bmp,0,0,0,0,0.729437,0.250053,0.020510
smids/Normal_Sperm/Normal_Sperm (372).bmp,0,0,0,0,0.743991,0.231529,0.024480
smids/Normal_Sperm/Normal_Sperm (39).bmp,0,0,0,0,0.794822,0.177877,0.027301
smids/Normal_Sperm/Normal_Sperm (395).bmp,0,0,0,0,0.790961,0.180311,0.028729
smids/Normal_Sperm/Normal_Sperm (396).bmp,0,0,0,0,0.742974,0.234545,0.022481
smids/Normal_Sperm/Normal_Sperm (399).bmp,0,0,0,0,0.716921,0.262054,0.021025
smids/Normal_Sperm/Normal_Sperm (402).bmp,0,0,0,1,0.286537,0.691085,0.022378
smids/Normal_Sperm/Normal_Sperm (408).bmp,0,0,0,0,0.735322,0.243122,0.021556
smids/Normal_Sperm/Normal_Sperm (409).bmp,0,0,0,0,0.726216,0.253179,0.020604
smids/Normal_Sperm/Normal_Sperm (411).bmp,0,0,0,1,0.236005,0.736410,0.027585
smids/Normal_Sperm/Normal_Sperm (412).bmp,0,0,0,0,0.789982,0.185503,0.024515
smids/Normal_Sperm/Normal_Sperm (415).bmp,0,0,0,1,0.043373,0.704641,0.251985
smids/Normal_Sperm/Normal_Sperm (417).bmp,0,0,0,0,0.799019,0.175896,0.025085
smids/Normal_Sperm/Normal_Sperm (42).bmp,0,0,0,1,0.270319,0.690771,0.038910
smids/Normal_Sperm/Normal_Sperm (420).bmp,0,0,0,0,0.752381,0.224115,0.023504
smids/Normal_Sperm/Normal_Sperm (423).bmp,0,0,0,0,0.739628,0.237703,0.022669
smids/Normal_Sperm/Normal_Sperm (431).bmp,0,0,0,0,0.725405,0.254350,0.020245
smids/Normal_Sperm/Normal_Sperm (433).bmp,0,0,0,0,0.716224,0.260988,0.022788
smids/Normal_Sperm/Normal_Sperm (439).bmp,0,0,0,0,0.733794,0.245259,0.020948
smids/Normal_Sperm/Normal_Sperm (44).bmp,0,0,0,0,0.797352,0.176947,0.025701
smids/Normal_Sperm/Normal_Sperm (450).bmp,0,0,0,0,0.750448,0.224086,0.025466
smids/Normal_Sperm/Normal_Sperm (451).bmp,0,0,0,0,0.721384,0.256012,0.022605
smids/Normal_Sperm/Normal_Sperm (455).bmp,0,0,0,0,0.718080,0.261300,0.020620
smids/Normal_Sperm/Normal_Sperm (464).bmp,0,0,0,0,0.771545,0.202978,0.025477
smids/Normal_Sperm/Normal_Sperm (465).bmp,0,0,0,0,0.719538,0.259155,0.021307
smids/Normal_Sperm/Normal_Sperm (468).bmp,0,0,0,0,0.732300,0.245614,0.022086
smids/Normal_Sperm/Normal_Sperm (47).bmp,0,0,0,2,0.207217,0.031442,0.761341
smids/Normal_Sperm/Normal_Sperm (472).bmp,0,0,0,0,0.775750,0.200224,0.024025
smids/Normal_Sperm/Normal_Sperm (473).bmp,0,0,0,0,0.706178,0.272939,0.020882
smids/Normal_Sperm/Normal_Sperm (483).bmp,0,0,0,0,0.733934,0.244828,0.021238
smids/Normal_Sperm/Normal_Sperm (487).bmp,0,0,0,0,0.777391,0.199468,0.023141
smids/Normal_Sperm/Normal_Sperm (494).bmp,0,0,0,0,0.729052,0.250384,0.020565
smids/Normal_Sperm/Normal_Sperm (498).bmp,0,0,0,0,0.781894,0.193603,0.024504
smids/Normal_Sperm/Normal_Sperm (512).bmp,0,0,0,1,0.293773,0.683203,0.023024
smids/Normal_Sperm/Normal_Sperm (514).bmp,0,0,0,0,0.723275,0.254507,0.022217
smids/Normal_Sperm/Normal_Sperm (516).bmp,0,0,0,0,0.780955,0.192996,0.026049
smids/Normal_Sperm/Normal_Sperm (518).bmp,0,0,0,0,0.793716,0.180448,0.025837
smids/Normal_Sperm/Normal_Sperm (519).bmp,0,0,0,0,0.795178,0.177450,0.027372
smids/Normal_Sperm/Normal_Sperm (521).bmp,0,0,0,0,0.738949,0.239817,0.021234
smids/Normal_Sperm/Normal_Sperm (522).bmp,0,0,0,0,0.774735,0.199339,0.025927
smids/Normal_Sperm/Normal_Sperm (530).bmp,0,0,0,0,0.796465,0.180573,0.022962
smids/Normal_Sperm/Normal_Sperm (531).bmp,0,0,0,0,0.717025,0.262209,0.020765
smids/Normal_Sperm/Normal_Sperm (535).bmp,0,0,0,0,0.743315,0.233706,0.022980
smids/Normal_Sperm/Normal_Sperm (540).bmp,0,0,0,0,0.774244,0.201482,0.024274
smids/Normal_Sperm/Normal_Sperm (542).bmp,0,0,0,0,0.760356,0.218102,0.021541
smids/Normal_Sperm/Normal_Sperm (555).bmp,0,0,0,0,0.752807,0.222735,0.024457
smids/Normal_Sperm/Normal_Sperm (556).bmp,0,0,0,0,0.785140,0.190641,0.024219
smids/Normal_Sperm/Normal_Sperm (561).bmp,0,0,0,1,0.300306,0.676585,0.023110
smids/Normal_Sperm/Normal_Sperm (563).bmp,0,0,0,0,0.731051,0.245816,0.023134
smids/Normal_Sperm/Normal_Sperm (568).bmp,0,0,0,0,0.721566,0.257076,0.021358
smids/Normal_Sperm/Normal_Sperm (590).bmp,0,0,0,0,0.753751,0.223574,0.022675
smids/Normal_Sperm/Normal_Sperm (594).bmp,0,0,0,0,0.774201,0.202849,0.022949
smids/Normal_Sperm/Normal_Sperm (596).bmp,0,0,0,0,0.723029,0.255804,0.021167
smids/Normal_Sperm/Normal_Sperm (602).bmp,0,0,0,0,0.743949,0.232670,0.023382
smids/Normal_Sperm/Normal_Sperm (611).bmp,0,0,0,0,0.724080,0.254897,0.021023
smids/Normal_Sperm/Normal_Sperm (613).bmp,0,0,0,0,0.724747,0.253986,0.021266
smids/Normal_Sperm/Normal_Sperm (614).bmp,0,0,0,0,0.709983,0.269653,0.020364
smids/Normal_Sperm/Normal_Sperm (619).bmp,0,0,0,0,0.791149,0.185656,0.023195
smids/Normal_Sperm/Normal_Sperm (620).bmp,0,0,0,0,0.741534,0.236472,0.021994
smids/Normal_Sperm/Normal_Sperm (622).bmp,0,0,0,1,0.280503,0.697740,0.021757
smids/Normal_Sperm/Normal_Sperm (627).bmp,0,0,0,0,0.740185,0.238792,0.021022
smids/Normal_Sperm/Normal_Sperm (63).bmp,0,0,0,1,0.244401,0.726450,0.029148
smids/Normal_Sperm/Normal_Sperm (638).bmp,0,0,0,0,0.732407,0.245232,0.022361
smids/Normal_Sperm/Normal_Sperm (64).bmp,0,0,0,1,0.277740,0.697510,0.024750
smids/Normal_Sperm/Normal_Sperm (643).bmp,0,0,0,0,0.703949,0.275559,0.020492
smids/Normal_Sperm/Normal_Sperm (644).bmp,0,0,0,0,0.763782,0.209988,0.026230
smids/Normal_Sperm/Normal_Sperm (645).bmp,0,0,0,0,0.791465,0.182339,0.026195
smids/Normal_Sperm/Normal_Sperm (649).bmp,0,0,0,0,0.783264,0.192966,0.023770
smids/Normal_Sperm/Normal_Sperm (650).bmp,0,0,0,0,0.779916,0.196821,0.023263
smids/Normal_Sperm/Normal_Sperm (653).bmp,0,0,0,0,0.750644,0.227955,0.021401
smids/Normal_Sperm/Normal_Sperm (661).bmp,0,0,0,0,0.731790,0.246417,0.021793
smids/Normal_Sperm/Normal_Sperm (668).bmp,0,0,0,0,0.728272,0.249278,0.022450
smids/Normal_Sperm/Normal_Sperm (676).bmp,0,0,0,0,0.786670,0.189830,0.023499
smids/Normal_Sperm/Normal_Sperm (679).bmp,0,0,0,0,0.787794,0.187123,0.025083
smids/Normal_Sperm/Normal_Sperm (68).bmp,0,0,0,0,0.745522,0.231419,0.023059
smids/Normal_Sperm/Normal_Sperm (682).bmp,0,0,0,0,0.789432,0.188075,0.022493
smids/Normal_Sperm/Normal_Sperm (684).bmp,0,0,0,1,0.290453,0.684864,0.024683
smids/Normal_Sperm/Normal_Sperm (702).bmp,0,0,0,0,0.709674,0.269428,0.020899
smids/Normal_Sperm/Normal_Sperm (705).bmp,0,0,0,1,0.275846,0.698394,0.025760
smids/Normal_Sperm/Normal_Sperm (707).bmp,0,0,0,0,0.729191,0.236202,0.034607
smids/Normal_Sperm/Normal_Sperm (711).bmp,0,0,0,0,0.760692,0.217598,0.021710
smids/Normal_Sperm/Normal_Sperm (725).bmp,0,0,0,0,0.801317,0.172434,0.026249
smids/Normal_Sperm/Normal_Sperm (727).bmp,0,0,0,0,0.780604,0.196040,0.023356
smids/Normal_Sperm/Normal_Sperm (728).bmp,0,0,0,1,0.276331,0.700541,0.023129
smids/Normal_Sperm/Normal_Sperm (734).bmp,0,0,0,0,0.798754,0.177057,0.024188
smids/Normal_Sperm/Normal_Sperm (736).bmp,0,0,0,0,0.790095,0.186598,0.023307
smids/Normal_Sperm/Normal_Sperm (745).bmp,0,0,0,0,0.796114,0.179513,0.024374
smids/Normal_Sperm/Normal_Sperm (75).bmp,0,0,0,2,0.229053,0.031422,0.739525
smids/Normal_Sperm/Normal_Sperm (753).bmp,0,0,0,0,0.744559,0.233750,0.021691
smids/Normal_Sperm/Normal_Sperm (755).bmp,0,0,0,0,0.779796,0.196911,0.023292
smids/Normal_Sperm/Normal_Sperm (76).bmp,0,0,0,0,0.686109,0.034430,0.279460
smids/Normal_Sperm/Normal_Sperm (764).bmp,0,0,0,0,0.799987,0.174048,0.025965
smids/Normal_Sperm/Normal_Sperm (767).bmp,0,0,0,0,0.747647,0.035045,0.217308
smids/Normal_Sperm/Normal_Sperm (77).bmp,0,0,0,0,0.787612,0.183281,0.029107
smids/Normal_Sperm/Normal_Sperm (78).bmp,0,0,0,0,0.743784,0.030908,0.225308
smids/Normal_Sperm/Normal_Sperm (782).bmp,0,0,0,0,0.763218,0.214619,0.022162
smids/Normal_Sperm/Normal_Sperm (787).bmp,0,0,0,0,0.656478,0.028831,0.314691
smids/Normal_Sperm/Normal_Sperm (79).bmp,0,0,0,0,0.780497,0.185921,0.033582
smids/Normal_Sperm/Normal_Sperm (791).bmp,0,0,0,1,0.295877,0.681845,0.022278
smids/Normal_Sperm/Normal_Sperm (795).bmp,0,0,0,0,0.735016,0.242712,0.022272
smids/Normal_Sperm/Normal_Sperm (797).bmp,0,0,0,0,0.718192,0.260360,0.021448
smids/Normal_Sperm/Normal_Sperm (799).bmp,0,0,0,0,0.798572,0.174116,0.027312
smids/Normal_Sperm/Normal_Sperm (80).bmp,0,0,0,0,0.792010,0.182885,0.025105
smids/Normal_Sperm/Normal_Sperm (801).bmp,0,0,0,1,0.284642,0.685597,0.029761
smids/Normal_Sperm/Normal_Sperm (808).bmp,0,0,0,0,0.740051,0.237138,0.022811
smids/Normal_Sperm/Normal_Sperm (815).bmp,0,0,0,0,0.728070,0.250374,0.021557
smids/Normal_Sperm/Normal_Sperm (818).bmp,0,0,0,0,0.720104,0.252145,0.027751
smids/Normal_Sperm/Normal_Sperm (82).bmp,0,0,0,1,0.236769,0.736662,0.026569
smids/Normal_Sperm/Normal_Sperm (838).bmp,0,0,0,0,0.721376,0.256226,0.022398
smids/Normal_Sperm/Normal_Sperm (839).bmp,0,0,0,1,0.271061,0.706758,0.022181
smids/Normal_Sperm/Normal_Sperm (850).bmp,0,0,0,0,0.729170,0.247427,0.023403
smids/Normal_Sperm/Normal_Sperm (851).bmp,0,0,0,0,0.734482,0.235614,0.029904
smids/Normal_Sperm/Normal_Sperm (853).bmp,0,0,0,0,0.725638,0.253341,0.021021
smids/Normal_Sperm/Normal_Sperm (867).bmp,0,0,0,0,0.710608,0.263488,0.025904
smids/Normal_Sperm/Normal_Sperm (87).bmp,0,0,0,0,0.773741,0.202420,0.023839
smids/Normal_Sperm/Normal_Sperm (880).bmp,0,0,0,1,0.252124,0.724770,0.023106
smids/Normal_Sperm/Normal_Sperm (885).bmp,0,0,0,0,0.721228,0.257545,0.021227
smids/Normal_Sperm/Normal_Sperm (89).bmp,0,0,0,0,0.796166,0.176018,0.027816
smids/Normal_Sperm/Normal_Sperm (901).bmp,0,0,0,0,0.724445,0.254350,0.021205
smids/Normal_Sperm/Normal_Sperm (91).bmp,0,0,0,0,0.661345,0.030617,0.308038
smids/Normal_Sperm/Normal_Sperm (913).bmp,0,0,0,0,0.784297,0.191648,0.024054
smids/Normal_Sperm/Normal_Sperm (917).bmp,0,0,0,0,0.736046,0.240085,0.023869
smids/Normal_Sperm/Normal_Sperm (918).bmp,0,0,0,0,0.710519,0.267557,0.021925
smids/Normal_Sperm/Normal_Sperm (921).bmp,0,0,0,0,0.731541,0.245042,0.023417
smids/Normal_Sperm/Normal_Sperm (927).bmp,0,0,0,1,0.296186,0.682684,0.021131
smids/Normal_Sperm/Normal_Sperm (929).bmp,0,0,0,0,0.793481,0.182772,0.023746
smids/Normal_Sperm/Normal_Sperm (930).bmp,0,0,0,2,0.192414,0.027698,0.779888
smids/Normal_Sperm/Normal_Sperm (935).bmp,0,0,0,1,0.222206,0.751791,0.026003
smids/Normal_Sperm/Normal_Sperm (939).bmp,0,0,0,0,0.759116,0.213410,0.027474
smids/Normal_Sperm/Normal_Sperm (940).bmp,0,0,0,0,0.731112,0.247129,0.021759
smids/Normal_Sperm/Normal_Sperm (942).bmp,0,0,0,0,0.711480,0.267265,0.021255
smids/Normal_Sperm/Normal_Sperm (949).bmp,0,0,0,0,0.712031,0.265264,0.022705
smids/Normal_Sperm/Normal_Sperm (952).bmp,0,0,0,1,0.217383,0.755747,0.026870
smids/Normal_Sperm/Normal_Sperm (954).bmp,0,0,0,1,0.293117,0.684124,0.022759
smids/Normal_Sperm/Normal_Sperm (956).bmp,0,0,0,1,0.044705,0.724422,0.230873
smids/Normal_Sperm/Normal_Sperm (957).bmp,0,0,0,0,0.714498,0.263724,0.021778
smids/Normal_Sperm/Normal_Sperm (959).bmp,0,0,0,1,0.218133,0.755221,0.026646
smids/Normal_Sperm/Normal_Sperm (962).bmp,0,0,0,2,0.039443,0.207860,0.752696
smids/Normal_Sperm/Normal_Sperm (977).bmp,0,0,0,1,0.282701,0.691424,0.025875
smids/Normal_Sperm/Normal_Sperm (983).bmp,0,0,0,1,0.246485,0.730802,0.022714
smids/Normal_Sperm/Normal_Sperm (99).bmp,0,0,0,0,0.769501,0.207169,0.023330
smids/Normal_Sperm/Normal_Sperm (995).bmp,0,0,0,0,0.726897,0.249063,0.024040
smids/Abnormal_Sperm/Abnormal_Sperm (1).bmp,0,1,1,1,0.253781,0.722567,0.023651
smids/Abnormal_Sperm/Abnormal_Sperm (10).bmp,0,1,1,0,0.728207,0.249327,0.022466
smids/Abnormal_Sperm/Abnormal_Sperm (1003).bmp,0,1,1,0,0.718712,0.255937,0.025351
smids/Abnormal_Sperm/Abnormal_Sperm (101).bmp,0,1,1,1,0.030280,0.698349,0.271371
smids/Abnormal_Sperm/Abnormal_Sperm (102).bmp,0,1,1,0,0.729263,0.244325,0.026412
smids/Abnormal_Sperm/Abnormal_Sperm (104).bmp,0,1,1,0,0.746596,0.227424,0.025980
smids/Abnormal_Sperm/Abnormal_Sperm (109).bmp,0,1,1,1,0.027605,0.618662,0.353733
smids/Abnormal_Sperm/Abnormal_Sperm (110).bmp,0,1,1,1,0.027773,0.616751,0.355476
smids/Abnormal_Sperm/Abnormal_Sperm (12).bmp,0,1,1,0,0.733871,0.242155,0.023974
smids/Abnormal_Sperm/Abnormal_Sperm (127).bmp,0,1,1,1,0.217443,0.755841,0.026716
smids/Abnormal_Sperm/Abnormal_Sperm (128).bmp,0,1,1,0,0.714007,0.264771,0.021221
smids/Abnormal_Sperm/Abnormal_Sperm (14).bmp,0,1,1,1,0.230513,0.742140,0.027348
smids/Abnormal_Sperm/Abnormal_Sperm (158).bmp,0,1,1,1,0.029948,0.718016,0.252036
smids/Abnormal_Sperm/Abnormal_Sperm (164).bmp,0,1,1,1,0.251347,0.724796,0.023857
smids/Abnormal_Sperm/Abnormal_Sperm (165).bmp,0,1,1,1,0.202297,0.758554,0.039149
smids/Abnormal_Sperm/Abnormal_Sperm (174).bmp,0,1,1,1,0.208470,0.760676,0.030854
smids/Abnormal_Sperm/Abnormal_Sperm (18).bmp,0,1,1,1,0.291898,0.682954,0.025148
smids/Abnormal_Sperm/Abnormal_Sperm (182).bmp,0,1,1,1,0.280595,0.696713,0.022693
smids/Abnormal_Sperm/Abnormal_Sperm (184).bmp,0,1,1,1,0.206879,0.762906,0.030215
smids/Abnormal_Sperm/Abnormal_Sperm (207).bmp,0,1,1,1,0.241582,0.727480,0.030939
smids/Abnormal_Sperm/Abnormal_Sperm (209).bmp,0,1,1,1,0.289657,0.684065,0.026279
smids/Abnormal_Sperm/Abnormal_Sperm (216).bmp,0,1,1,1,0.221820,0.751732,0.026448
smids/Abnormal_Sperm/Abnormal_Sperm (22).bmp,0,1,1,2,0.027327,0.157821,0.814851
smids/Abnormal_Sperm/Abnormal_Sperm (227).bmp,0,1,1,1,0.212127,0.761040,0.026832
smids/Abnormal_Sperm/Abnormal_Sperm (232).bmp,0,1,1,1,0.223452,0.746388,0.030160
smids/Abnormal_Sperm/Abnormal_Sperm (233).bmp,0,1,1,1,0.224775,0.748244,0.026981
smids/Abnormal_Sperm/Abnormal_Sperm (235).bmp,0,1,1,1,0.203265,0.768080,0.028655
smids/Abnormal_Sperm/Abnormal_Sperm (236).bmp,0,1,1,1,0.271867,0.701006,0.027126
smids/Abnormal_Sperm/Abnormal_Sperm (25).bmp,0,1,1,1,0.223278,0.748873,0.027849
smids/Abnormal_Sperm/Abnormal_Sperm (250).bmp,0,1,1,1,0.030490,0.737053,0.232457
smids/Abnormal_Sperm/Abnormal_Sperm (256).bmp,0,1,1,1,0.032913,0.716603,0.250483
smids/Abnormal_Sperm/Abnormal_Sperm (257).bmp,0,1,1,1,0.037626,0.682448,0.279926
smids/Abnormal_Sperm/Abnormal_Sperm (258).bmp,0,1,1,1,0.031341,0.714047,0.254612
smids/Abnormal_Sperm/Abnormal_Sperm (260).bmp,0,1,1,1,0.032156,0.718702,0.249143
smids/Abnormal_Sperm/Abnormal_Sperm (266).bmp,0,1,1,1,0.030995,0.682568,0.286437
smids/Abnormal_Sperm/Abnormal_Sperm (285).bmp,0,1,1,1,0.299398,0.678867,0.021736
smids/Abnormal_Sperm/Abnormal_Sperm (289).bmp,0,1,1,1,0.196096,0.774972,0.028931
smids/Abnormal_Sperm/Abnormal_Sperm (291).bmp,0,1,1,1,0.251606,0.720912,0.027482
smids/Abnormal_Sperm/Abnormal_Sperm (298).bmp,0,1,1,1,0.232296,0.740734,0.026970
smids/Abnormal_Sperm/Abnormal_Sperm (300).bmp,0,1,1,1,0.300799,0.677139,0.022062
smids/Abnormal_Sperm/Abnormal_Sperm (303).bmp,0,1,1,0,0.771729,0.204019,0.024251
smids/Abnormal_Sperm/Abnormal_Sperm (304).bmp,0,1,1,2,0.030950,0.202855,0.766194
smids/Abnormal_Sperm/Abnormal_Sperm (309).bmp,0,1,1,1,0.235154,0.727632,0.037213
smids/Abnormal_Sperm/Abnormal_Sperm (310).bmp,0,1,1,2,0.028653,0.206162,0.765185
smids/Abnormal_Sperm/Abnormal_Sperm (311).bmp,0,1,1,2,0.034830,0.203755,0.761415
smids/Abnormal_Sperm/Abnormal_Sperm (313).bmp,0,1,1,2,0.029429,0.215855,0.754716
smids/Abnormal_Sperm/Abnormal_Sperm (319).bmp,0,1,1,1,0.274095,0.701590,0.024315
smids/Abnormal_Sperm/Abnormal_Sperm (322).bmp,0,1,1,1,0.026475,0.618058,0.355467
smids/Abnormal_Sperm/Abnormal_Sperm (326).bmp,0,1,1,1,0.210845,0.762549,0.026606
smids/Abnormal_Sperm/Abnormal_Sperm (338).bmp,0,1,1,1,0.296632,0.680536,0.022831
smids/Abnormal_Sperm/Abnormal_Sperm (340).bmp,0,1,1,1,0.028098,0.638748,0.333154
smids/Abnormal_Sperm/Abnormal_Sperm (348).bmp,0,1,1,1,0.262117,0.711125,0.026758
smids/Abnormal_Sperm/Abnormal_Sperm (354).bmp,0,1,1,1,0.031299,0.710946,0.257755
smids/Abnormal_Sperm/Abnormal_Sperm (362).bmp,0,1,1,1,0.032024,0.733926,0.234050
smids/Abnormal_Sperm/Abnormal_Sperm (370).bmp,0,1,1,0,0.755349,0.216100,0.028552
smids/Abnormal_Sperm/Abnormal_Sperm (376).bmp,0,1,1,1,0.201567,0.770347,0.028086
smids/Abnormal_Sperm/Abnormal_Sperm (386).bmp,0,1,1,2,0.029063,0.209845,0.761092
smids/Abnormal_Sperm/Abnormal_Sperm (387).bmp,0,1,1,1,0.197225,0.764911,0.037864
smids/Abnormal_Sperm/Abnormal_Sperm (391).bmp,0,1,1,1,0.286920,0.690328,0.022752
smids/Abnormal_Sperm/Abnormal_Sperm (397).bmp,0,1,1,1,0.033189,0.705857,0.260953
smids/Abnormal_Sperm/Abnormal_Sperm (4).bmp,0,1,1,2,0.237838,0.032715,0.729447
smids/Abnormal_Sperm/Abnormal_Sperm (41).bmp,0,1,1,1,0.236196,0.732614,0.031190
smids/Abnormal_Sperm/Abnormal_Sperm (411).bmp,0,1,1,1,0.225087,0.747846,0.027067
smids/Abnormal_Sperm/Abnormal_Sperm (416).bmp,0,1,1,1,0.225143,0.747928,0.026929
smids/Abnormal_Sperm/Abnormal_Sperm (420).bmp,0,1,1,1,0.030781,0.736430,0.232790
smids/Abnormal_Sperm/Abnormal_Sperm (432).bmp,0,1,1,1,0.025865,0.637730,0.336405
smids/Abnormal_Sperm/Abnormal_Sperm (435).bmp,0,1,1,1,0.240040,0.732295,0.027665
smids/Abnormal_Sperm/Abnormal_Sperm (442).bmp,0,1,1,1,0.201887,0.769528,0.028585
smids/Abnormal_Sperm/Abnormal_Sperm (445).bmp,0,1,1,1,0.032399,0.736711,0.230890
smids/Abnormal_Sperm/Abnormal_Sperm (451).bmp,0,1,1,1,0.226669,0.748398,0.024934
smids/Abnormal_Sperm/Abnormal_Sperm (456).bmp,0,1,1,1,0.267672,0.706565,0.025763
smids/Abnormal_Sperm/Abnormal_Sperm (458).bmp,0,1,1,1,0.205735,0.767777,0.026488
smids/Abnormal_Sperm/Abnormal_Sperm (466).bmp,0,1,1,1,0.220773,0.752088,0.027139
smids/Abnormal_Sperm/Abnormal_Sperm (473).bmp,0,1,1,1,0.208515,0.764916,0.026569
smids/Abnormal_Sperm/Abnormal_Sperm (491).bmp,0,1,1,1,0.031078,0.723257,0.245665
smids/Abnormal_Sperm/Abnormal_Sperm (492).bmp,0,1,1,0,0.788102,0.186035,0.025862
smids/Abnormal_Sperm/Abnormal_Sperm (5).bmp,0,1,1,0,0.711647,0.262170,0.026183
smids/Abnormal_Sperm/Abnormal_Sperm (502).bmp,0,1,1,2,0.206889,0.036896,0.756215
smids/Abnormal_Sperm/Abnormal_Sperm (519).bmp,0,1,1,0,0.724449,0.255081,0.020470
smids/Abnormal_Sperm/Abnormal_Sperm (520).bmp,0,1,1,1,0.262984,0.711099,0.025917
smids/Abnormal_Sperm/Abnormal_Sperm (524).bmp,0,1,1,1,0.025125,0.613664,0.361211
smids/Abnormal_Sperm/Abnormal_Sperm (526).bmp,0,1,1,1,0.247904,0.717953,0.034143
smids/Abnormal_Sperm/Abnormal_Sperm (536).bmp,0,1,1,0,0.718557,0.258908,0.022535
smids/Abnormal_Sperm/Abnormal_Sperm (54).bmp,0,1,1,1,0.219347,0.753805,0.026848
smids/Abnormal_Sperm/Abnormal_Sperm (540).bmp,0,1,1,1,0.195129,0.776349,0.028522
smids/Abnormal_Sperm/Abnormal_Sperm (542).bmp,0,1,1,0,0.726924,0.251872,0.021203
smids/Abnormal_Sperm/Abnormal_Sperm (543).bmp,0,1,1,1,0.195217,0.778092,0.026691
smids/Abnormal_Sperm/Abnormal_Sperm (556).bmp,0,1,1,2,0.025178,0.217969,0.756853
smids/Abnormal_Sperm/Abnormal_Sperm (56).bmp,0,1,1,1,0.027342,0.668706,0.303952
smids/Abnormal_Sperm/Abnormal_Sperm (563).bmp,0,1,1,2,0.027894,0.216684,0.755423
smids/Abnormal_Sperm/Abnormal_Sperm (566).bmp,0,1,1,0,0.717941,0.259963,0.022096
smids/Abnormal_Sperm/Abnormal_Sperm (571).bmp,0,1,1,0,0.715019,0.042527,0.242455
smids/Abnormal_Sperm/Abnormal_Sperm (572).bmp,0,1,1,2,0.223159,0.040207,0.736633
smids/Abnormal_Sperm/Abnormal_Sperm (58).bmp,0,1,1,1,0.029627,0.738702,0.231671
smids/Abnormal_Sperm/Abnormal_Sperm (583).bmp,0,1,1,1,0.270114,0.695202,0.034684
smids/Abnormal_Sperm/Abnormal_Sperm (584).bmp,0,1,1,1,0.038647,0.640171,0.321181
smids/Abnormal_Sperm/Abnormal_Sperm (588).bmp,0,1,1,1,0.264590,0.696984,0.038426
smids/Abnormal_Sperm/Abnormal_Sperm (589).bmp,0,1,1,1,0.036934,0.627303,0.335763
smids/Abnormal_Sperm/Abnormal_Sperm (59).bmp,0,1,1,1,0.032138,0.736971,0.230890
smids/Abnormal_Sperm/Abnormal_Sperm (594).bmp,0,1,1,0,0.750177,0.218253,0.031570
smids/Abnormal_Sperm/Abnormal_Sperm (595).bmp,0,1,1,1,0.032108,0.639872,0.328020
smids/Abnormal_Sperm/Abnormal_Sperm (604).bmp,0,1,1,1,0.219573,0.747964,0.032464
smids/Abnormal_Sperm/Abnormal_Sperm (608).bmp,0,1,1,1,0.207655,0.753383,0.038962
smids/Abnormal_Sperm/Abnormal_Sperm (612).bmp,0,1,1,0,0.717335,0.262095,0.020570
smids/Abnormal_Sperm/Abnormal_Sperm (614).bmp,0,1,1,1,0.248131,0.728110,0.023759
smids/Abnormal_Sperm/Abnormal_Sperm (615).bmp,0,1,1,1,0.313242,0.663597,0.023161
smids/Abnormal_Sperm/Abnormal_Sperm (621).bmp,0,1,1,1,0.243424,0.726156,0.030420
smids/Abnormal_Sperm/Abnormal_Sperm (626).bmp,0,1,1,1,0.241007,0.734641,0.024352
smids/Abnormal_Sperm/Abnormal_Sperm (640).bmp,0,1,1,1,0.237384,0.734198,0.028418
smids/Abnormal_Sperm/Abnormal_Sperm (653).bmp,0,1,1,1,0.229865,0.743235,0.026900
smids/Abnormal_Sperm/Abnormal_Sperm (657).bmp,0,1,1,1,0.234859,0.734912,0.030228
smids/Abnormal_Sperm/Abnormal_Sperm (658).bmp,0,1,1,1,0.215387,0.759305,0.025308
smids/Abnormal_Sperm/Abnormal_Sperm (659).bmp,0,1,1,1,0.224442,0.745018,0.030539
smids/Abnormal_Sperm/Abnormal_Sperm (660).bmp,0,1,1,0,0.721724,0.257117,0.021158
smids/Abnormal_Sperm/Abnormal_Sperm (663).bmp,0,1,1,1,0.277331,0.700010,0.022659
smids/Abnormal_Sperm/Abnormal_Sperm (667).bmp,0,1,1,0,0.725305,0.254590,0.020105
smids/Abnormal_Sperm/Abnormal_Sperm (672).bmp,0,1,1,1,0.262987,0.708298,0.028715
smids/Abnormal_Sperm/Abnormal_Sperm (675).bmp,0,1,1,1,0.239629,0.733839,0.026533
smids/Abnormal_Sperm/Abnormal_Sperm (676).bmp,0,1,1,1,0.302749,0.675959,0.021293
smids/Abnormal_Sperm/Abnormal_Sperm (677).bmp,0,1,1,1,0.254254,0.719824,0.025922
smids/Abnormal_Sperm/Abnormal_Sperm (68).bmp,0,1,1,1,0.223381,0.750337,0.026282
smids/Abnormal_Sperm/Abnormal_Sperm (687).bmp,0,1,1,1,0.271241,0.705335,0.023424
smids/Abnormal_Sperm/Abnormal_Sperm (689).bmp,0,1,1,0,0.726510,0.252540,0.020950
smids/Abnormal_Sperm/Abnormal_Sperm (692).bmp,0,1,1,1,0.306995,0.671858,0.021147
smids/Abnormal_Sperm/Abnormal_Sperm (694).bmp,0,1,1,1,0.030072,0.684842,0.285086
smids/Abnormal_Sperm/Abnormal_Sperm (70).bmp,0,1,1,1,0.214217,0.761214,0.024569
smids/Abnormal_Sperm/Abnormal_Sperm (700).bmp,0,1,1,1,0.283327,0.689352,0.027321
smids/Abnormal_Sperm/Abnormal_Sperm (704).bmp,0,1,1,1,0.236088,0.737249,0.026664
smids/Abnormal_Sperm/Abnormal_Sperm (712).bmp,0,1,1,1,0.283220,0.692448,0.024332
smids/Abnormal_Sperm/Abnormal_Sperm (718).bmp,0,1,1,1,0.257316,0.717144,0.025540
smids/Abnormal_Sperm/Abnormal_Sperm (723).bmp,0,1,1,1,0.285484,0.689278,0.025237
smids/Abnormal_Sperm/Abnormal_Sperm (724).bmp,0,1,1,2,0.025846,0.215800,0.758354
smids/Abnormal_Sperm/Abnormal_Sperm (726).bmp,0,1,1,0,0.719208,0.259913,0.020879
smids/Abnormal_Sperm/Abnormal_Sperm (728).bmp,0,1,1,1,0.229754,0.740600,0.029646
smids/Abnormal_Sperm/Abnormal_Sperm (73).bmp,0,1,1,0,0.722508,0.255460,0.022032
smids/Abnormal_Sperm/Abnormal_Sperm (732).bmp,0,1,1,2,0.024495,0.231348,0.744157
smids/Abnormal_Sperm/Abnormal_Sperm (735).bmp,0,1,1,0,0.732111,0.245424,0.022465
smids/Abnormal_Sperm/Abnormal_Sperm (746).bmp,0,1,1,1,0.313137,0.665005,0.021858
smids/Abnormal_Sperm/Abnormal_Sperm (749).bmp,0,1,1,1,0.213456,0.758592,0.027952
smids/Abnormal_Sperm/Abnormal_Sperm (753).bmp,0,1,1,1,0.214849,0.759472,0.025679
smids/Abnormal_Sperm/Abnormal_Sperm (761).bmp,0,1,1,0,0.754885,0.223071,0.022043
smids/Abnormal_Sperm/Abnormal_Sperm (762).bmp,0,1,1,1,0.243900,0.731383,0.024717
smids/Abnormal_Sperm/Abnormal_Sperm (766).bmp,0,1,1,0,0.715206,0.263917,0.020876
smids/Abnormal_Sperm/Abnormal_Sperm (771).bmp,0,1,1,2,0.028120,0.215900,0.755980
smids/Abnormal_Sperm/Abnormal_Sperm (772).bmp,0,1,1,1,0.232355,0.741396,0.026249
smids/Abnormal_Sperm/Abnormal_Sperm (776).bmp,0,1,1,1,0.219238,0.754062,0.026700
smids/Abnormal_Sperm/Abnormal_Sperm (78).bmp,0,1,1,1,0.205251,0.768749,0.026000
smids/Abnormal_Sperm/Abnormal_Sperm (781).bmp,0,1,1,2,0.187279,0.042548,0.770172
smids/Abnormal_Sperm/Abnormal_Sperm (786).bmp,0,1,1,0,0.718915,0.258933,0.022151
smids/Abnormal_Sperm/Abnormal_Sperm (795).bmp,0,1,1,1,0.295909,0.681582,0.022510
smids/Abnormal_Sperm/Abnormal_Sperm (796).bmp,0,1,1,1,0.307803,0.668696,0.023501
smids/Abnormal_Sperm/Abnormal_Sperm (799).bmp,0,1,1,0,0.735573,0.241637,0.022790
smids/Abnormal_Sperm/Abnormal_Sperm (804).bmp,0,1,1,1,0.279992,0.698022,0.021986
smids/Abnormal_Sperm/Abnormal_Sperm (807).bmp,0,1,1,0,0.715652,0.264302,0.020046
smids/Abnormal_Sperm/Abnormal_Sperm (81).bmp,0,1,1,1,0.200987,0.768498,0.030515
smids/Abnormal_Sperm/Abnormal_Sperm (813).bmp,0,1,1,0,0.717535,0.262012,0.020454
smids/Abnormal_Sperm/Abnormal_Sperm (824).bmp,0,1,1,1,0.299985,0.677783,0.022232
smids/Abnormal_Sperm/Abnormal_Sperm (825).bmp,0,1,1,1,0.301091,0.674024,0.024885
smids/Abnormal_Sperm/Abnormal_Sperm (827).bmp,0,1,1,1,0.268991,0.707235,0.023774
smids/Abnormal_Sperm/Abnormal_Sperm (829).bmp,0,1,1,1,0.287678,0.689312,0.023010
smids/Abnormal_Sperm/Abnormal_Sperm (845).bmp,0,1,1,1,0.201799,0.769931,0.028269
smids/Abnormal_Sperm/Abnormal_Sperm (861).bmp,0,1,1,1,0.303946,0.675073,0.020980
smids/Abnormal_Sperm/Abnormal_Sperm (866).bmp,0,1,1,0,0.719621,0.258569,0.021811
smids/Abnormal_Sperm/Abnormal_Sperm (87).bmp,0,1,1,1,0.223004,0.750939,0.026057
smids/Abnormal_Sperm/Abnormal_Sperm (871).bmp,0,1,1,1,0.211393,0.760040,0.028567
smids/Abnormal_Sperm/Abnormal_Sperm (880).bmp,0,1,1,0,0.741741,0.236788,0.021471
smids/Abnormal_Sperm/Abnormal_Sperm (882).bmp,0,1,1,1,0.283108,0.694606,0.022286
smids/Abnormal_Sperm/Abnormal_Sperm (896).bmp,0,1,1,1,0.284271,0.691209,0.024520
smids/Abnormal_Sperm/Abnormal_Sperm (897).bmp,0,1,1,0,0.735243,0.244514,0.020243
smids/Abnormal_Sperm/Abnormal_Sperm (899).bmp,0,1,1,0,0.737389,0.233418,0.029193
smids/Abnormal_Sperm/Abnormal_Sperm (910).bmp,0,1,1,0,0.731452,0.243412,0.025136
smids/Abnormal_Sperm/Abnormal_Sperm (912).bmp,0,1,1,1,0.296752,0.678574,0.024673
smids/Abnormal_Sperm/Abnormal_Sperm (914).bmp,0,1,1,0,0.726787,0.251542,0.021671
smids/Abnormal_Sperm/Abnormal_Sperm (92).bmp,0,1,1,1,0.030622,0.650317,0.319061
smids/Abnormal_Sperm/Abnormal_Sperm (927).bmp,0,1,1,1,0.214771,0.753083,0.032146
smids/Abnormal_Sperm/Abnormal_Sperm (928).bmp,0,1,1,1,0.284288,0.693013,0.022699
smids/Abnormal_Sperm/Abnormal_Sperm (932).bmp,0,1,1,0,0.714000,0.266441,0.019558
smids/Abnormal_Sperm/Abnormal_Sperm (933).bmp,0,1,1,0,0.728646,0.250743,0.020610
smids/Abnormal_Sperm/Abnormal_Sperm (938).bmp,0,1,1,2,0.030922,0.202376,0.766702
smids/Abnormal_Sperm/Abnormal_Sperm (939).bmp,0,1,1,0,0.793973,0.178858,0.027169
smids/Abnormal_Sperm/Abnormal_Sperm (941).bmp,0,1,1,1,0.211562,0.755779,0.032659
smids/Abnormal_Sperm/Abnormal_Sperm (949).bmp,0,1,1,1,0.254544,0.718677,0.026779
smids/Abnormal_Sperm/Abnormal_Sperm (952).bmp,0,1,1,0,0.716415,0.262718,0.020867
smids/Abnormal_Sperm/Abnormal_Sperm (959).bmp,0,1,1,1,0.212154,0.761481,0.026365
smids/Abnormal_Sperm/Abnormal_Sperm (963).bmp,0,1,1,1,0.210048,0.763959,0.025993
smids/Abnormal_Sperm/Abnormal_Sperm (966).bmp,0,1,1,1,0.026149,0.631475,0.342376
smids/Abnormal_Sperm/Abnormal_Sperm (968).bmp,0,1,1,1,0.206113,0.767006,0.026880
smids/Abnormal_Sperm/Abnormal_Sperm (970).bmp,0,1,1,1,0.220462,0.751341,0.028197
smids/Abnormal_Sperm/Abnormal_Sperm (972).bmp,0,1,1,0,0.733300,0.235949,0.030751
smids/Abnormal_Sperm/Abnormal_Sperm (977).bmp,0,1,1,1,0.209333,0.759419,0.031248
smids/Abnormal_Sperm/Abnormal_Sperm (984).bmp,0,1,1,1,0.214319,0.758829,0.026852
smids/Abnormal_Sperm/Abnormal_Sperm (986).bmp,0,1,1,1,0.033029,0.697018,0.269953
smids/Abnormal_Sperm/Abnormal_Sperm (988).bmp,0,1,1,1,0.030276,0.719742,0.249983
smids/Abnormal_Sperm/Abnormal_Sperm (996).bmp,0,1,1,1,0.031439,0.740361,0.228200
smids/Non-Sperm/Non-Sperm (1).bmp,0,1,2,2,0.023383,0.232723,0.743894
smids/Non-Sperm/Non-Sperm (100).bmp,0,1,2,2,0.024355,0.197794,0.777851
smids/Non-Sperm/Non-Sperm (102).bmp,0,1,2,2,0.178354,0.032677,0.788970
smids/Non-Sperm/Non-Sperm (103).bmp,0,1,2,2,0.027626,0.155811,0.816564
smids/Non-Sperm/Non-Sperm (112).bmp,0,1,2,2,0.025099,0.152080,0.822821
smids/Non-Sperm/Non-Sperm (124).bmp,0,1,2,2,0.154212,0.033650,0.812138
smids/Non-Sperm/Non-Sperm (125).bmp,0,1,2,2,0.025969,0.153239,0.820792
smids/Non-Sperm/Non-Sperm (126).bmp,0,1,2,2,0.191908,0.032752,0.775340
smids/Non-Sperm/Non-Sperm (129).bmp,0,1,2,2,0.171083,0.033830,0.795087
smids/Non-Sperm/Non-Sperm (136).bmp,0,1,2,2,0.025946,0.147047,0.827006
smids/Non-Sperm/Non-Sperm (142).bmp,0,1,2,2,0.152906,0.034987,0.812107
smids/Non-Sperm/Non-Sperm (146).bmp,0,1,2,2,0.027994,0.167713,0.804293
smids/Non-Sperm/Non-Sperm (147).bmp,0,1,2,2,0.025755,0.157159,0.817086
smids/Non-Sperm/Non-Sperm (15).bmp,0,1,2,2,0.032144,0.208137,0.759719
smids/Non-Sperm/Non-Sperm (165).bmp,0,1,2,2,0.165946,0.034951,0.799103
smids/Non-Sperm/Non-Sperm (169).bmp,0,1,2,2,0.159231,0.033530,0.807239
smids/Non-Sperm/Non-Sperm (182).bmp,0,1,2,2,0.181705,0.035642,0.782653
smids/Non-Sperm/Non-Sperm (19).bmp,0,1,2,2,0.025417,0.182555,0.792027
smids/Non-Sperm/Non-Sperm (191).bmp,0,1,2,1,0.024775,0.616113,0.359111
smids/Non-Sperm/Non-Sperm (192).bmp,0,1,2,2,0.029058,0.160290,0.810652
smids/Non-Sperm/Non-Sperm (198).bmp,0,1,2,2,0.169453,0.034917,0.795629
smids/Non-Sperm/Non-Sperm (199).bmp,0,1,2,2,0.026975,0.149631,0.823393
smids/Non-Sperm/Non-Sperm (202).bmp,0,1,2,2,0.025096,0.153783,0.821121
smids/Non-Sperm/Non-Sperm (208).bmp,0,1,2,1,0.029272,0.679217,0.291511
smids/Non-Sperm/Non-Sperm (210).bmp,0,1,2,2,0.027748,0.150619,0.821633
smids/Non-Sperm/Non-Sperm (211).bmp,0,1,2,2,0.029259,0.168282,0.802460
smids/Non-Sperm/Non-Sperm (214).bmp,0,1,2,2,0.025714,0.154896,0.819390
smids/Non-Sperm/Non-Sperm (215).bmp,0,1,2,2,0.026282,0.154774,0.818945
smids/Non-Sperm/Non-Sperm (216).bmp,0,1,2,2,0.188599,0.033981,0.777420
smids/Non-Sperm/Non-Sperm (228).bmp,0,1,2,2,0.157707,0.036616,0.805676
smids/Non-Sperm/Non-Sperm (234).bmp,0,1,2,2,0.026247,0.152718,0.821035
smids/Non-Sperm/Non-Sperm (237).bmp,0,1,2,2,0.161433,0.036634,0.801933
smids/Non-Sperm/Non-Sperm (240).bmp,0,1,2,2,0.147612,0.034457,0.817931
smids/Non-Sperm/Non-Sperm (247).bmp,0,1,2,2,0.026282,0.152101,0.821617
smids/Non-Sperm/Non-Sperm (254).bmp,0,1,2,2,0.026425,0.157343,0.816232
smids/Non-Sperm/Non-Sperm (259).bmp,0,1,2,2,0.026512,0.150554,0.822934
smids/Non-Sperm/Non-Sperm (264).bmp,0,1,2,2,0.027160,0.156519,0.816321
smids/Non-Sperm/Non-Sperm (268).bmp,0,1,2,2,0.027986,0.152866,0.819148
smids/Non-Sperm/Non-Sperm (27).bmp,0,1,2,2,0.026825,0.185867,0.787308
smids/Non-Sperm/Non-Sperm (274).bmp,0,1,2,2,0.028523,0.179180,0.792296
smids/Non-Sperm/Non-Sperm (277).bmp,0,1,2,2,0.172171,0.036557,0.791272
smids/Non-Sperm/Non-Sperm (28).bmp,0,1,2,1,0.202192,0.771922,0.025886
smids/Non-Sperm/Non-Sperm (287).bmp,0,1,2,0,0.667677,0.041384,0.290939
smids/Non-Sperm/Non-Sperm (29).bmp,0,1,2,2,0.025759,0.193685,0.780557
smids/Non-Sperm/Non-Sperm (291).bmp,0,1,2,2,0.218609,0.032841,0.748550
smids/Non-Sperm/Non-Sperm (298).bmp,0,1,2,2,0.162615,0.034971,0.802414
smids/Non-Sperm/Non-Sperm (321).bmp,0,1,2,2,0.171645,0.033639,0.794716
smids/Non-Sperm/Non-Sperm (323).bmp,0,1,2,2,0.031688,0.176165,0.792146
smids/Non-Sperm/Non-Sperm (326).bmp,0,1,2,2,0.026136,0.191699,0.782165
smids/Non-Sperm/Non-Sperm (332).bmp,0,1,2,2,0.039156,0.193181,0.767663
smids/Non-Sperm/Non-Sperm (336).bmp,0,1,2,2,0.164553,0.035057,0.800390
smids/Non-Sperm/Non-Sperm (340).bmp,0,1,2,2,0.027521,0.172173,0.800306
smids/Non-Sperm/Non-Sperm (353).bmp,0,1,2,1,0.304674,0.670491,0.024836
smids/Non-Sperm/Non-Sperm (355).bmp,0,1,2,1,0.028690,0.649053,0.322257
smids/Non-Sperm/Non-Sperm (359).bmp,0,1,2,2,0.024685,0.158639,0.816676
smids/Non-Sperm/Non-Sperm (361).bmp,0,1,2,2,0.025347,0.176194,0.798459
smids/Non-Sperm/Non-Sperm (362).bmp,0,1,2,2,0.028627,0.158489,0.812884
smids/Non-Sperm/Non-Sperm (364).bmp,0,1,2,2,0.025745,0.173185,0.801070
smids/Non-Sperm/Non-Sperm (366).bmp,0,1,2,2,0.178487,0.037024,0.784489
smids/Non-Sperm/Non-Sperm (367).bmp,0,1,2,2,0.174912,0.034054,0.791034
smids/Non-Sperm/Non-Sperm (369).bmp,0,1,2,2,0.214479,0.037228,0.748292
smids/Non-Sperm/Non-Sperm (370).bmp,0,1,2,2,0.297159,0.318758,0.384083
smids/Non-Sperm/Non-Sperm (371).bmp,0,1,2,2,0.026197,0.162642,0.811161
smids/Non-Sperm/Non-Sperm (374).bmp,0,1,2,2,0.189242,0.034473,0.776285
smids/Non-Sperm/Non-Sperm (378).bmp,0,1,2,2,0.162708,0.033036,0.804256
smids/Non-Sperm/Non-Sperm (380).bmp,0,1,2,2,0.031154,0.180181,0.788665
smids/Non-Sperm/Non-Sperm (385).bmp,0,1,2,2,0.024775,0.220473,0.754752
smids/Non-Sperm/Non-Sperm (39).bmp,0,1,2,2,0.032873,0.182117,0.785009
smids/Non-Sperm/Non-Sperm (391).bmp,0,1,2,2,0.025057,0.218603,0.756340
smids/Non-Sperm/Non-Sperm (398).bmp,0,1,2,0,0.748061,0.230532,0.021407
smids/Non-Sperm/Non-Sperm (401).bmp,0,1,2,2,0.167638,0.034702,0.797660
smids/Non-Sperm/Non-Sperm (403).bmp,0,1,2,2,0.211288,0.032347,0.756364
smids/Non-Sperm/Non-Sperm (412).bmp,0,1,2,0,0.688991,0.035378,0.275631
smids/Non-Sperm/Non-Sperm (426).bmp,0,1,2,2,0.025448,0.178741,0.795811
smids/Non-Sperm/Non-Sperm (434).bmp,0,1,2,2,0.026664,0.199980,0.773355
smids/Non-Sperm/Non-Sperm (438).bmp,0,1,2,2,0.158632,0.034346,0.807022
smids/Non-Sperm/Non-Sperm (439).bmp,0,1,2,2,0.151441,0.033053,0.815506
smids/Non-Sperm/Non-Sperm (448).bmp,0,1,2,2,0.149433,0.034467,0.816101
smids/Non-Sperm/Non-Sperm (453).bmp,0,1,2,2,0.029757,0.188413,0.781830
smids/Non-Sperm/Non-Sperm (454).bmp,0,1,2,2,0.031000,0.189737,0.779263
smids/Non-Sperm/Non-Sperm (459).bmp,0,1,2,2,0.189616,0.033123,0.777261
smids/Non-Sperm/Non-Sperm (470).bmp,0,1,2,2,0.159864,0.035034,0.805102
smids/Non-Sperm/Non-Sperm (472).bmp,0,1,2,0,0.743442,0.037950,0.218608
smids/Non-Sperm/Non-Sperm (474).bmp,0,1,2,2,0.025459,0.160172,0.814368
smids/Non-Sperm/Non-Sperm (48).bmp,0,1,2,1,0.029900,0.656800,0.313300
smids/Non-Sperm/Non-Sperm (480).bmp,0,1,2,2,0.027769,0.169063,0.803168
smids/Non-Sperm/Non-Sperm (484).bmp,0,1,2,2,0.152067,0.035310,0.812623
smids/Non-Sperm/Non-Sperm (485).bmp,0,1,2,2,0.205660,0.032576,0.761765
smids/Non-Sperm/Non-Sperm (493).bmp,0,1,2,2,0.027732,0.158700,0.813568
smids/Non-Sperm/Non-Sperm (497).bmp,0,1,2,2,0.026001,0.171717,0.802282
smids/Non-Sperm/Non-Sperm (50).bmp,0,1,2,2,0.026513,0.199263,0.774223
smids/Non-Sperm/Non-Sperm (502).bmp,0,1,2,2,0.158350,0.035111,0.806539
smids/Non-Sperm/Non-Sperm (507).bmp,0,1,2,2,0.192258,0.034370,0.773373
smids/Non-Sperm/Non-Sperm (512).bmp,0,1,2,2,0.156141,0.033368,0.810492
smids/Non-Sperm/Non-Sperm (524).bmp,0,1,2,2,0.279456,0.313793,0.406750
smids/Non-Sperm/Non-Sperm (527).bmp,0,1,2,2,0.027315,0.155282,0.817403
smids/Non-Sperm/Non-Sperm (534).bmp,0,1,2,2,0.026692,0.164589,0.808719
smids/Non-Sperm/Non-Sperm (536).bmp,0,1,2,2,0.165962,0.035343,0.798695
smids/Non-Sperm/Non-Sperm (537).bmp,0,1,2,2,0.026183,0.149009,0.824809
smids/Non-Sperm/Non-Sperm (539).bmp,0,1,2,2,0.028236,0.156836,0.814929
smids/Non-Sperm/Non-Sperm (540).bmp,0,1,2,2,0.026611,0.158275,0.815113
smids/Non-Sperm/Non-Sperm (543).bmp,0,1,2,2,0.179244,0.034366,0.786390
smids/Non-Sperm/Non-Sperm (546).bmp,0,1,2,2,0.028280,0.179986,0.791734
smids/Non-Sperm/Non-Sperm (551).bmp,0,1,2,2,0.024795,0.149820,0.825386
smids/Non-Sperm/Non-Sperm (56).bmp,0,1,2,2,0.023630,0.217093,0.759276
smids/Non-Sperm/Non-Sperm (560).bmp,0,1,2,2,0.027332,0.152453,0.820216
smids/Non-Sperm/Non-Sperm (561).bmp,0,1,2,2,0.025825,0.150827,0.823348
smids/Non-Sperm/Non-Sperm (582).bmp,0,1,2,2,0.025213,0.164404,0.810382
smids/Non-Sperm/Non-Sperm (583).bmp,0,1,2,2,0.025710,0.192612,0.781678
smids/Non-Sperm/Non-Sperm (589).bmp,0,1,2,2,0.022985,0.203548,0.773467
smids/Non-Sperm/Non-Sperm (590).bmp,0,1,2,2,0.209927,0.036663,0.753410
smids/Non-Sperm/Non-Sperm (599).bmp,0,1,2,2,0.156590,0.034131,0.809279
smids/Non-Sperm/Non-Sperm (604).bmp,0,1,2,2,0.023893,0.174970,0.801137
smids/Non-Sperm/Non-Sperm (605).bmp,0,1,2,2,0.025508,0.158930,0.815563
smids/Non-Sperm/Non-Sperm (608).bmp,0,1,2,2,0.025765,0.157871,0.816363
smids/Non-Sperm/Non-Sperm (613).bmp,0,1,2,2,0.168176,0.033827,0.797998
smids/Non-Sperm/Non-Sperm (615).bmp,0,1,2,2,0.024558,0.202225,0.773217
smids/Non-Sperm/Non-Sperm (623).bmp,0,1,2,2,0.026861,0.151878,0.821261
smids/Non-Sperm/Non-Sperm (628).bmp,0,1,2,2,0.159702,0.034725,0.805572
smids/Non-Sperm/Non-Sperm (632).bmp,0,1,2,2,0.026005,0.198274,0.775721
smids/Non-Sperm/Non-Sperm (636).bmp,0,1,2,2,0.028629,0.160049,0.811322
smids/Non-Sperm/Non-Sperm (642).bmp,0,1,2,2,0.163938,0.033123,0.802939
smids/Non-Sperm/Non-Sperm (643).bmp,0,1,2,2,0.026650,0.150454,0.822896
smids/Non-Sperm/Non-Sperm (658).bmp,0,1,2,2,0.027138,0.155354,0.817508
smids/Non-Sperm/Non-Sperm (669).bmp,0,1,2,1,0.029960,0.695057,0.274983
smids/Non-Sperm/Non-Sperm (670).bmp,0,1,2,2,0.028921,0.173275,0.797803
smids/Non-Sperm/Non-Sperm (68).bmp,0,1,2,2,0.029412,0.186668,0.783921
smids/Non-Sperm/Non-Sperm (684).bmp,0,1,2,2,0.024335,0.178240,0.797425
smids/Non-Sperm/Non-Sperm (689).bmp,0,1,2,1,0.029445,0.636625,0.333930
smids/Non-Sperm/Non-Sperm (692).bmp,0,1,2,2,0.029632,0.159906,0.810462
smids/Non-Sperm/Non-Sperm (696).bmp,0,1,2,2,0.024021,0.226537,0.749442
smids/Non-Sperm/Non-Sperm (698).bmp,0,1,2,2,0.031402,0.165680,0.802918
smids/Non-Sperm/Non-Sperm (699).bmp,0,1,2,2,0.029785,0.153150,0.817065
smids/Non-Sperm/Non-Sperm (704).bmp,0,1,2,2,0.165503,0.035293,0.799205
smids/Non-Sperm/Non-Sperm (709).bmp,0,1,2,2,0.025803,0.151890,0.822307
smids/Non-Sperm/Non-Sperm (71).bmp,0,1,2,1,0.035529,0.633424,0.331046
smids/Non-Sperm/Non-Sperm (715).bmp,0,1,2,2,0.025752,0.150680,0.823568
smids/Non-Sperm/Non-Sperm (717).bmp,0,1,2,2,0.025226,0.146570,0.828205
smids/Non-Sperm/Non-Sperm (722).bmp,0,1,2,2,0.025279,0.157389,0.817332
smids/Non-Sperm/Non-Sperm (734).bmp,0,1,2,2,0.027217,0.167312,0.805472
smids/Non-Sperm/Non-Sperm (737).bmp,0,1,2,2,0.023581,0.210562,0.765857
smids/Non-Sperm/Non-Sperm (751).bmp,0,1,2,2,0.155871,0.034516,0.809612
smids/Non-Sperm/Non-Sperm (753).bmp,0,1,2,0,0.747471,0.221681,0.030848
smids/Non-Sperm/Non-Sperm (755).bmp,0,1,2,0,0.664826,0.051080,0.284094
smids/Non-Sperm/Non-Sperm (759).bmp,0,1,2,2,0.159388,0.032590,0.808022
smids/Non-Sperm/Non-Sperm (761).bmp,0,1,2,2,0.205186,0.037481,0.757333
smids/Non-Sperm/Non-Sperm (763).bmp,0,1,2,2,0.172589,0.035661,0.791750
smids/Non-Sperm/Non-Sperm (766).bmp,0,1,2,2,0.029543,0.169146,0.801310
smids/Non-Sperm/Non-Sperm (774).bmp,0,1,2,2,0.234362,0.031157,0.734481
smids/Non-Sperm/Non-Sperm (78).bmp,0,1,2,1,0.254782,0.705236,0.039982
smids/Non-Sperm/Non-Sperm (786).bmp,0,1,2,2,0.164234,0.033845,0.801921
smids/Non-Sperm/Non-Sperm (788).bmp,0,1,2,2,0.186887,0.036341,0.776772
smids/Non-Sperm/Non-Sperm (789).bmp,0,1,2,2,0.159723,0.033525,0.806753
smids/Non-Sperm/Non-Sperm (790).bmp,0,1,2,2,0.160660,0.033428,0.805912
smids/Non-Sperm/Non-Sperm (793).bmp,0,1,2,2,0.175986,0.032840,0.791174
smids/Non-Sperm/Non-Sperm (794).bmp,0,1,2,0,0.643672,0.031793,0.324535
smids/Non-Sperm/Non-Sperm (796).bmp,0,1,2,2,0.230477,0.033052,0.736471
smids/Non-Sperm/Non-Sperm (797).bmp,0,1,2,2,0.026096,0.161702,0.812203
smids/Non-Sperm/Non-Sperm (8).bmp,0,1,2,2,0.030459,0.169555,0.799986
smids/Non-Sperm/Non-Sperm (800).bmp,0,1,2,2,0.159389,0.035045,0.805566
smids/Non-Sperm/Non-Sperm (803).bmp,0,1,2,2,0.169753,0.038058,0.792189
smids/Non-Sperm/Non-Sperm (816).bmp,0,1,2,2,0.183035,0.033054,0.783911
smids/Non-Sperm/Non-Sperm (818).bmp,0,1,2,2,0.181538,0.032949,0.785513
smids/Non-Sperm/Non-Sperm (82).bmp,0,1,2,2,0.025751,0.157320,0.816929
smids/Non-Sperm/Non-Sperm (820).bmp,0,1,2,2,0.161691,0.037493,0.800816
smids/Non-Sperm/Non-Sperm (824).bmp,0,1,2,2,0.024668,0.149914,0.825419
smids/Non-Sperm/Non-Sperm (825).bmp,0,1,2,0,0.772545,0.204049,0.023406
smids/Non-Sperm/Non-Sperm (827).bmp,0,1,2,2,0.023395,0.226315,0.750289
smids/Non-Sperm/Non-Sperm (831).bmp,0,1,2,2,0.166083,0.036130,0.797788
smids/Non-Sperm/Non-Sperm (832).bmp,0,1,2,2,0.175430,0.037695,0.786875
smids/Non-Sperm/Non-Sperm (85).bmp,0,1,2,2,0.202516,0.033576,0.763908
smids/Non-Sperm/Non-Sperm (850).bmp,0,1,2,2,0.028007,0.155414,0.816580
smids/Non-Sperm/Non-Sperm (871).bmp,0,1,2,2,0.162922,0.033640,0.803437
smids/Non-Sperm/Non-Sperm (872).bmp,0,1,2,2,0.028500,0.185256,0.786244
smids/Non-Sperm/Non-Sperm (873).bmp,0,1,2,2,0.025292,0.196976,0.777731
smids/Non-Sperm/Non-Sperm (877).bmp,0,1,2,2,0.028654,0.162224,0.809121
smids/Non-Sperm/Non-Sperm (889).bmp,0,1,2,2,0.158613,0.033852,0.807535
smids/Non-Sperm/Non-Sperm (893).bmp,0,1,2,2,0.210650,0.038553,0.750797
smids/Non-Sperm/Non-Sperm (895).bmp,0,1,2,2,0.297411,0.253511,0.449078
smids/Non-Sperm/Non-Sperm (897).bmp,0,1,2,2,0.026826,0.192003,0.781171
smids/Non-Sperm/Non-Sperm (899).bmp,0,1,2,2,0.024310,0.237433,0.738257
smids/Non-Sperm/Non-Sperm (907).bmp,0,1,2,1,0.025941,0.624351,0.349707
smids/Non-Sperm/Non-Sperm (917).bmp,0,1,2,2,0.028358,0.181338,0.790305
smids/Non-Sperm/Non-Sperm (919).bmp,0,1,2,2,0.028239,0.182032,0.789729
smids/Non-Sperm/Non-Sperm (92).bmp,0,1,2,2,0.031114,0.192562,0.776324
smids/Non-Sperm/Non-Sperm (921).bmp,0,1,2,2,0.026755,0.166893,0.806352
smids/Non-Sperm/Non-Sperm (927).bmp,0,1,2,2,0.216006,0.032368,0.751627
smids/Non-Sperm/Non-Sperm (936).bmp,0,1,2,2,0.029099,0.190356,0.780544
smids/Non-Sperm/Non-Sperm (939).bmp,0,1,2,2,0.225943,0.032161,0.741896
smids/Non-Sperm/Non-Sperm (94).bmp,0,1,2,2,0.029464,0.176093,0.794444
smids/Non-Sperm/Non-Sperm (950).bmp,0,1,2,1,0.045919,0.691983,0.262097
smids/Non-Sperm/Non-Sperm (958).bmp,0,1,2,2,0.028630,0.204535,0.766835
smids/Non-Sperm/Non-Sperm (96).bmp,0,1,2,2,0.024031,0.173896,0.802072
smids/Non-Sperm/Non-Sperm (968).bmp,0,1,2,2,0.195774,0.032742,0.771484
smids/Non-Sperm/Non-Sperm (973).bmp,0,1,2,1,0.037839,0.681869,0.280292
smids/Normal_Sperm/Normal_Sperm (1010).bmp,0,1,0,0,0.739638,0.038319,0.222044
smids/Normal_Sperm/Normal_Sperm (1012).bmp,0,1,0,0,0.766966,0.209498,0.023536
smids/Normal_Sperm/Normal_Sperm (1013).bmp,0,1,0,1,0.283569,0.692704,0.023727
smids/Normal_Sperm/Normal_Sperm (1014).bmp,0,1,0,0,0.721664,0.257063,0.021273
smids/Normal_Sperm/Normal_Sperm (1015).bmp,0,1,0,0,0.786441,0.191348,0.022211
smids/Normal_Sperm/Normal_Sperm (1021).bmp,0,1,0,0,0.735261,0.044031,0.220708
smids/Normal_Sperm/Normal_Sperm (110).bmp,0,1,0,0,0.686761,0.039033,0.274206
smids/Normal_Sperm/Normal_Sperm (111).bmp,0,1,0,2,0.225068,0.036711,0.738221
smids/Normal_Sperm/Normal_Sperm (112).bmp,0,1,0,0,0.738336,0.241353,0.020311
smids/Normal_Sperm/Normal_Sperm (117).bmp,0,1,0,0,0.792655,0.185647,0.021698
smids/Normal_Sperm/Normal_Sperm (121).bmp,0,1,0,0,0.732840,0.243888,0.023273
smids/Normal_Sperm/Normal_Sperm (122).bmp,0,1,0,1,0.034912,0.632273,0.332815
smids/Normal_Sperm/Normal_Sperm (128).bmp,0,1,0,2,0.313715,0.286979,0.399305
smids/Normal_Sperm/Normal_Sperm (131).bmp,0,1,0,1,0.040277,0.671787,0.287936
smids/Normal_Sperm/Normal_Sperm (133).bmp,0,1,0,1,0.269059,0.696815,0.034126
smids/Normal_Sperm/Normal_Sperm (137).bmp,0,1,0,1,0.041635,0.683505,0.274859
smids/Normal_Sperm/Normal_Sperm (139).bmp,0,1,0,0,0.754615,0.217000,0.028385
smids/Normal_Sperm/Normal_Sperm (141).bmp,0,1,0,1,0.038875,0.651366,0.309760
smids/Normal_Sperm/Normal_Sperm (148).bmp,0,1,0,0,0.767360,0.206432,0.026208
smids/Normal_Sperm/Normal_Sperm (149).bmp,0,1,0,1,0.036375,0.648945,0.314680
smids/Normal_Sperm/Normal_Sperm (153).bmp,0,1,0,0,0.784731,0.185575,0.029694
smids/Normal_Sperm/Normal_Sperm (154).bmp,0,1,0,0,0.758051,0.219462,0.022486
smids/Normal_Sperm/Normal_Sperm (164).bmp,0,1,0,0,0.726667,0.250751,0.022582
smids/Normal_Sperm/Normal_Sperm (180).bmp,0,1,0,0,0.724573,0.252431,0.022997
smids/Normal_Sperm/Normal_Sperm (181).bmp,0,1,0,0,0.719169,0.260858,0.019973
smids/Normal_Sperm/Normal_Sperm (183).bmp,0,1,0,0,0.719519,0.259395,0.021086
smids/Normal_Sperm/Normal_Sperm (187).bmp,0,1,0,0,0.744445,0.222914,0.032641
smids/Normal_Sperm/Normal_Sperm (188).bmp,0,1,0,2,0.171748,0.037291,0.790962
smids/Normal_Sperm/Normal_Sperm (189).bmp,0,1,0,0,0.781344,0.193612,0.025044
smids/Normal_Sperm/Normal_Sperm (190).bmp,0,1,0,0,0.750292,0.227850,0.021858
smids/Normal_Sperm/Normal_Sperm (192).bmp,0,1,0,1,0.292373,0.684048,0.023579
smids/Normal_Sperm/Normal_Sperm (196).bmp,0,1,0,1,0.308295,0.670539,0.021167
smids/Normal_Sperm/Normal_Sperm (197).bmp,0,1,0,0,0.732089,0.247259,0.020652
smids/Normal_Sperm/Normal_Sperm (199).bmp,0,1,0,0,0.792237,0.182440,0.025323
smids/Normal_Sperm/Normal_Sperm (20).bmp,0,1,0,2,0.203697,0.031073,0.765229
smids/Normal_Sperm/Normal_Sperm (210).bmp,0,1,0,0,0.791099,0.186507,0.022393
smids/Normal_Sperm/Normal_Sperm (215).bmp,0,1,0,1,0.221092,0.751031,0.027876
smids/Normal_Sperm/Normal_Sperm (218).bmp,0,1,0,0,0.774649,0.195221,0.030131
smids/Normal_Sperm/Normal_Sperm (22).bmp,0,1,0,2,0.206263,0.037895,0.755842
smids/Normal_Sperm/Normal_Sperm (222).bmp,0,1,0,1,0.274374,0.700760,0.024866
smids/Normal_Sperm/Normal_Sperm (227).bmp,0,1,0,0,0.763398,0.213519,0.023083
smids/Normal_Sperm/Normal_Sperm (231).bmp,0,1,0,1,0.294994,0.680287,0.024719
smids/Normal_Sperm/Normal_Sperm (243).bmp,0,1,0,0,0.725612,0.254214,0.020173
smids/Normal_Sperm/Normal_Sperm (246).bmp,0,1,0,1,0.295856,0.681710,0.022434
smids/Normal_Sperm/Normal_Sperm (247).bmp,0,1,0,0,0.729506,0.248906,0.021588
smids/Normal_Sperm/Normal_Sperm (248).bmp,0,1,0,0,0.720146,0.259147,0.020707
smids/Normal_Sperm/Normal_Sperm (253).bmp,0,1,0,0,0.766992,0.211029,0.021978
smids/Normal_Sperm/Normal_Sperm (254).bmp,0,1,0,0,0.754288,0.223710,0.022003
smids/Normal_Sperm/Normal_Sperm (256).bmp,0,1,0,0,0.781049,0.196880,0.022071
smids/Normal_Sperm/Normal_Sperm (258).bmp,0,1,0,1,0.311133,0.666735,0.022132
smids/Normal_Sperm/Normal_Sperm (26).bmp,0,1,0,0,0.798361,0.179222,0.022417
smids/Normal_Sperm/Normal_Sperm (262).bmp,0,1,0,0,0.719784,0.260079,0.020137
smids/Normal_Sperm/Normal_Sperm (267).bmp,0,1,0,1,0.260033,0.713344,0.026623
smids/Normal_Sperm/Normal_Sperm (276).bmp,0,1,0,0,0.733757,0.244490,0.021753
smids/Normal_Sperm/Normal_Sperm (278).bmp,0,1,0,0,0.722779,0.257652,0.019570
smids/Normal_Sperm/Normal_Sperm (279).bmp,0,1,0,1,0.287370,0.685555,0.027075
smids/Normal_Sperm/Normal_Sperm (283).bmp,0,1,0,0,0.755754,0.221849,0.022398
smids/Normal_Sperm/Normal_Sperm (286).bmp,0,1,0,1,0.302272,0.676216,0.021511
smids/Normal_Sperm/Normal_Sperm (290).bmp,0,1,0,0,0.747093,0.230674,0.022233
smids/Normal_Sperm/Normal_Sperm (292).bmp,0,1,0,1,0.298958,0.677833,0.023209
smids/Normal_Sperm/Normal_Sperm (30).bmp,0,1,0,0,0.782036,0.188214,0.029750
smids/Normal_Sperm/Normal_Sperm (304).bmp,0,1,0,0,0.736575,0.243269,0.020156
smids/Normal_Sperm/Normal_Sperm (306).bmp,0,1,0,0,0.752245,0.226699,0.021056
smids/Normal_Sperm/Normal_Sperm (307).bmp,0,1,0,0,0.727386,0.251331,0.021283
smids/Normal_Sperm/Normal_Sperm (308).bmp,0,1,0,1,0.035621,0.700720,0.263659
smids/Normal_Sperm/Normal_Sperm (311).bmp,0,1,0,0,0.746181,0.231681,0.022138
smids/Normal_Sperm/Normal_Sperm (32).bmp,0,1,0,0,0.794725,0.181395,0.023880
smids/Normal_Sperm/Normal_Sperm (328).bmp,0,1,0,0,0.720424,0.259599,0.019977
smids/Normal_Sperm/Normal_Sperm (330).bmp,0,1,0,0,0.717750,0.261834,0.020416
smids/Normal_Sperm/Normal_Sperm (332).bmp,0,1,0,0,0.645119,0.033707,0.321174
smids/Normal_Sperm/Normal_Sperm (34).bmp,0,1,0,0,0.663033,0.037686,0.299282
smids/Normal_Sperm/Normal_Sperm (340).bmp,0,1,0,0,0.769867,0.205988,0.024145
smids/Normal_Sperm/Normal_Sperm (35).bmp,0,1,0,2,0.173898,0.034193,0.791908
smids/Normal_Sperm/Normal_Sperm (351).bmp,0,1,0,0,0.774288,0.195930,0.029783
smids/Normal_Sperm/Normal_Sperm (352).bmp,0,1,0,1,0.273891,0.700755,0.025354
smids/Normal_Sperm/Normal_Sperm (353).bmp,0,1,0,1,0.298167,0.678529,0.023304
smids/Normal_Sperm/Normal_Sperm (361).bmp,0,1,0,0,0.738140,0.241017,0.020843
smids/Normal_Sperm/Normal_Sperm (363).bmp,0,1,0,0,0.738552,0.237726,0.023722
smids/Normal_Sperm/Normal_Sperm (366).bmp,0,1,0,0,0.722545,0.257342,0.020113
smids/Normal_Sperm/Normal_Sperm (374).bmp,0,1,0,0,0.722007,0.256482,0.021511
smids/Normal_Sperm/Normal_Sperm (375).bmp,0,1,0,0,0.777411,0.199354,0.023236
smids/Normal_Sperm/Normal_Sperm (377).bmp,0,1,0,0,0.776187,0.198658,0.025155
smids/Normal_Sperm/Normal_Sperm (386).bmp,0,1,0,0,0.761599,0.216097,0.022305
smids/Normal_Sperm/Normal_Sperm (387).bmp,0,1,0,0,0.723814,0.255643,0.020543
smids/Normal_Sperm/Normal_Sperm (393).bmp,0,1,0,0,0.729298,0.248883,0.021819
smids/Normal_Sperm/Normal_Sperm (400).bmp,0,1,0,0,0.729527,0.248809,0.021664
smids/Normal_Sperm/Normal_Sperm (410).bmp,0,1,0,0,0.764886,0.201033,0.034081
smids/Normal_Sperm/Normal_Sperm (413).bmp,0,1,0,0,0.748171,0.230966,0.020863
smids/Normal_Sperm/Normal_Sperm (422).bmp,0,1,0,0,0.737230,0.242253,0.020517
smids/Normal_Sperm/Normal_Sperm (425).bmp,0,1,0,0,0.729164,0.250174,0.020662
smids/Normal_Sperm/Normal_Sperm (434).bmp,0,1,0,0,0.800136,0.176939,0.022925
smids/Normal_Sperm/Normal_Sperm (437).bmp,0,1,0,0,0.722523,0.257634,0.019843
smids/Normal_Sperm/Normal_Sperm (444).bmp,0,1,0,0,0.767605,0.210647,0.021747
smids/Normal_Sperm/Normal_Sperm (445).bmp,0,1,0,0,0.730977,0.246254,0.022769
smids/Normal_Sperm/Normal_Sperm (458).bmp,0,1,0,0,0.736408,0.242872,0.020721
smids/Normal_Sperm/Normal_Sperm (459).bmp,0,1,0,0,0.734431,0.243859,0.021710
smids/Normal_Sperm/Normal_Sperm (466).bmp,0,1,0,0,0.770674,0.206658,0.022668
smids/Normal_Sperm/Normal_Sperm (478).bmp,0,1,0,0,0.735709,0.243053,0.021238
smids/Normal_Sperm/Normal_Sperm (479).bmp,0,1,0,1,0.300331,0.676089,0.023580
smids/Normal_Sperm/Normal_Sperm (488).bmp,0,1,0,1,0.286682,0.688387,0.024931
smids/Normal_Sperm/Normal_Sperm (499).bmp,0,1,0,0,0.732811,0.246354,0.020835
smids/Normal_Sperm/Normal_Sperm (505).bmp,0,1,0,0,0.777842,0.198912,0.023246
smids/Normal_Sperm/Normal_Sperm (507).bmp,0,1,0,0,0.761887,0.214022,0.024090
smids/Normal_Sperm/Normal_Sperm (515).bmp,0,1,0,0,0.717235,0.262530,0.020235
smids/Normal_Sperm/Normal_Sperm (52).bmp,0,1,0,0,0.729603,0.245733,0.024664
smids/Normal_Sperm/Normal_Sperm (520).bmp,0,1,0,0,0.788744,0.188897,0.022359
smids/Normal_Sperm/Normal_Sperm (527).bmp,0,1,0,0,0.742107,0.237548,0.020345
smids/Normal_Sperm/Normal_Sperm (532).bmp,0,1,0,1,0.301164,0.677206,0.021631
smids/Normal_Sperm/Normal_Sperm (543).bmp,0,1,0,1,0.300870,0.677444,0.021685
smids/Normal_Sperm/Normal_Sperm (544).bmp,0,1,0,0,0.744166,0.235101,0.020733
smids/Normal_Sperm/Normal_Sperm (548).bmp,0,1,0,1,0.285605,0.689817,0.024577
smids/Normal_Sperm/Normal_Sperm (550).bmp,0,1,0,0,0.730983,0.248874,0.020143
smids/Normal_Sperm/Normal_Sperm (557).bmp,0,1,0,0,0.784530,0.190463,0.025006
smids/Normal_Sperm/Normal_Sperm (560).bmp,0,1,0,0,0.745761,0.233171,0.021068
smids/Normal_Sperm/Normal_Sperm (564).bmp,0,1,0,0,0.755979,0.222746,0.021275
smids/Normal_Sperm/Normal_Sperm (565).bmp,0,1,0,0,0.719289,0.259225,0.021486
smids/Normal_Sperm/Normal_Sperm (566).bmp,0,1,0,0,0.774013,0.202990,0.022997
smids/Normal_Sperm/Normal_Sperm (57).bmp,0,1,0,0,0.745201,0.229633,0.025166
smids/Normal_Sperm/Normal_Sperm (573).bmp,0,1,0,0,0.732712,0.244675,0.022613
smids/Normal_Sperm/Normal_Sperm (575).bmp,0,1,0,0,0.752038,0.226623,0.021339
smids/Normal_Sperm/Normal_Sperm (58).bmp,0,1,0,0,0.744398,0.227133,0.028470
smids/Normal_Sperm/Normal_Sperm (591).bmp,0,1,0,0,0.777109,0.201015,0.021876
smids/Normal_Sperm/Normal_Sperm (595).bmp,0,1,0,0,0.765352,0.213874,0.020774
smids/Normal_Sperm/Normal_Sperm (60).bmp,0,1,0,2,0.218364,0.034388,0.747248
smids/Normal_Sperm/Normal_Sperm (604).bmp,0,1,0,0,0.769834,0.203534,0.026632
smids/Normal_Sperm/Normal_Sperm (630).bmp,0,1,0,0,0.743630,0.235224,0.021146
smids/Normal_Sperm/Normal_Sperm (636).bmp,0,1,0,0,0.731954,0.247200,0.020847
smids/Normal_Sperm/Normal_Sperm (637).bmp,0,1,0,1,0.290991,0.685645,0.023364
smids/Normal_Sperm/Normal_Sperm (648).bmp,0,1,0,0,0.743887,0.235197,0.020916
smids/Normal_Sperm/Normal_Sperm (660).bmp,0,1,0,0,0.734608,0.243060,0.022332
smids/Normal_Sperm/Normal_Sperm (662).bmp,0,1,0,0,0.790840,0.185682,0.023478
smids/Normal_Sperm/Normal_Sperm (669).bmp,0,1,0,0,0.773465,0.204178,0.022357
smids/Normal_Sperm/Normal_Sperm (678).bmp,0,1,0,0,0.777282,0.200570,0.022148
smids/Normal_Sperm/Normal_Sperm (686).bmp,0,1,0,1,0.289313,0.686675,0.024012
smids/Normal_Sperm/Normal_Sperm (69).bmp,0,1,0,1,0.030840,0.727715,0.241445
smids/Normal_Sperm/Normal_Sperm (692).bmp,0,1,0,0,0.778766,0.199124,0.022111
smids/Normal_Sperm/Normal_Sperm (7).bmp,0,1,0,0,0.778517,0.197964,0.023519
smids/Normal_Sperm/Normal_Sperm (704).bmp,0,1,0,0,0.762039,0.214588,0.023373
smids/Normal_Sperm/Normal_Sperm (712).bmp,0,1,0,0,0.785829,0.189912,0.024258
smids/Normal_Sperm/Normal_Sperm (718).bmp,0,1,0,0,0.742872,0.236182,0.020946
smids/Normal_Sperm/Normal_Sperm (719).bmp,0,1,0,0,0.737306,0.038323,0.224372
smids/Normal_Sperm/Normal_Sperm (721).bmp,0,1,0,0,0.804231,0.171658,0.024111
smids/Normal_Sperm/Normal_Sperm (722).bmp,0,1,0,0,0.769759,0.208175,0.022066
smids/Normal_Sperm/Normal_Sperm (738).bmp,0,1,0,0,0.792523,0.185374,0.022103
smids/Normal_Sperm/Normal_Sperm (749).bmp,0,1,0,0,0.788471,0.190131,0.021399
smids/Normal_Sperm/Normal_Sperm (750).bmp,0,1,0,0,0.754884,0.216043,0.029072
smids/Normal_Sperm/Normal_Sperm (757).bmp,0,1,0,0,0.740044,0.239085,0.020871
smids/Normal_Sperm/Normal_Sperm (759).bmp,0,1,0,0,0.693908,0.045955,0.260137
smids/Normal_Sperm/Normal_Sperm (771).bmp,0,1,0,0,0.743927,0.231690,0.024382
smids/Normal_Sperm/Normal_Sperm (772).bmp,0,1,0,0,0.748717,0.229838,0.021444
smids/Normal_Sperm/Normal_Sperm (775).bmp,0,1,0,0,0.778254,0.198546,0.023200
smids/Normal_Sperm/Normal_Sperm (786).bmp,0,1,0,0,0.714808,0.264866,0.020326
smids/Normal_Sperm/Normal_Sperm (788).bmp,0,1,0,0,0.768337,0.209117,0.022546
smids/Normal_Sperm/Normal_Sperm (792).bmp,0,1,0,0,0.724972,0.255056,0.019971
smids/Normal_Sperm/Normal_Sperm (793).bmp,0,1,0,0,0.714592,0.261488,0.023920
smids/Normal_Sperm/Normal_Sperm (800).bmp,0,1,0,0,0.729199,0.248279,0.022522
smids/Normal_Sperm/Normal_Sperm (820).bmp,0,1,0,0,0.739870,0.239124,0.021006
smids/Normal_Sperm/Normal_Sperm (822).bmp,0,1,0,0,0.758749,0.037437,0.203815
smids/Normal_Sperm/Normal_Sperm (823).bmp,0,1,0,0,0.756009,0.223233,0.020759
smids/Normal_Sperm/Normal_Sperm (827).bmp,0,1,0,0,0.757309,0.038395,0.204296
smids/Normal_Sperm/Normal_Sperm (829).bmp,0,1,0,0,0.797761,0.180251,0.021987
smids/Normal_Sperm/Normal_Sperm (840).bmp,0,1,0,1,0.313850,0.664509,0.021641
smids/Normal_Sperm/Normal_Sperm (841).bmp,0,1,0,0,0.799753,0.178005,0.022242
smids/Normal_Sperm/Normal_Sperm (842).bmp,0,1,0,0,0.772992,0.203748,0.023260
smids/Normal_Sperm/Normal_Sperm (847).bmp,0,1,0,0,0.715188,0.261582,0.023230
smids/Normal_Sperm/Normal_Sperm (849).bmp,0,1,0,0,0.767761,0.211020,0.021219
smids/Normal_Sperm/Normal_Sperm (858).bmp,0,1,0,0,0.735055,0.243461,0.021484
smids/Normal_Sperm/Normal_Sperm (862).bmp,0,1,0,0,0.735861,0.243585,0.020554
smids/Normal_Sperm/Normal_Sperm (864).bmp,0,1,0,0,0.790405,0.185935,0.023660
smids/Normal_Sperm/Normal_Sperm (865).bmp,0,1,0,0,0.722443,0.257160,0.020398
smids/Normal_Sperm/Normal_Sperm (874).bmp,0,1,0,0,0.733258,0.241915,0.024827
smids/Normal_Sperm/Normal_Sperm (886).bmp,0,1,0,1,0.255216,0.715060,0.029724
smids/Normal_Sperm/Normal_Sperm (887).bmp,0,1,0,0,0.774104,0.203906,0.021989
smids/Normal_Sperm/Normal_Sperm (888).bmp,0,1,0,0,0.716771,0.261442,0.021786
smids/Normal_Sperm/Normal_Sperm (890).bmp,0,1,0,1,0.258253,0.715606,0.026141
smids/Normal_Sperm/Normal_Sperm (891).bmp,0,1,0,0,0.787773,0.188900,0.023327
smids/Normal_Sperm/Normal_Sperm (893).bmp,0,1,0,1,0.031747,0.733481,0.234771
smids/Normal_Sperm/Normal_Sperm (898).bmp,0,1,0,0,0.739844,0.239592,0.020564
smids/Normal_Sperm/Normal_Sperm (9).bmp,0,1,0,0,0.645144,0.032377,0.322480
smids/Normal_Sperm/Normal_Sperm (902).bmp,0,1,0,0,0.769780,0.208886,0.021334
smids/Normal_Sperm/Normal_Sperm (910).bmp,0,1,0,1,0.306743,0.671665,0.021592
smids/Normal_Sperm/Normal_Sperm (911).bmp,0,1,0,0,0.760119,0.217965,0.021916
smids/Normal_Sperm/Normal_Sperm (919).bmp,0,1,0,0,0.717802,0.259826,0.022372
smids/Normal_Sperm/Normal_Sperm (923).bmp,0,1,0,1,0.283609,0.693088,0.023302
smids/Normal_Sperm/Normal_Sperm (926).bmp,0,1,0,0,0.710977,0.268038,0.020985
smids/Normal_Sperm/Normal_Sperm (934).bmp,0,1,0,1,0.278262,0.698649,0.023089
smids/Normal_Sperm/Normal_Sperm (947).bmp,0,1,0,1,0.223545,0.746159,0.030296
smids/Normal_Sperm/Normal_Sperm (95).bmp,0,1,0,2,0.176935,0.039396,0.783669
smids/Normal_Sperm/Normal_Sperm (951).bmp,0,1,0,0,0.724927,0.254619,0.020454
smids/Normal_Sperm/Normal_Sperm (953).bmp,0,1,0,1,0.303072,0.674820,0.022107
smids/Normal_Sperm/Normal_Sperm (966).bmp,0,1,0,0,0.748726,0.228278,0.022996
smids/Normal_Sperm/Normal_Sperm (968).bmp,0,1,0,1,0.273696,0.702480,0.023825
smids/Normal_Sperm/Normal_Sperm (969).bmp,0,1,0,2,0.185859,0.044166,0.769975
smids/Normal_Sperm/Normal_Sperm (97).bmp,0,1,0,0,0.784461,0.190942,0.024598
smids/Normal_Sperm/Normal_Sperm (970).bmp,0,1,0,1,0.302789,0.674510,0.022701
smids/Normal_Sperm/Normal_Sperm (984).bmp,0,1,0,2,0.032713,0.186988,0.780299
smids/Normal_Sperm/Normal_Sperm (986).bmp,0,1,0,1,0.046330,0.663945,0.289725
smids/Normal_Sperm/Normal_Sperm (987).bmp,0,1,0,0,0.733973,0.244492,0.021535
smids/Normal_Sperm/Normal_Sperm (990).bmp,0,1,0,0,0.744862,0.233924,0.021214
smids/Normal_Sperm/Normal_Sperm (994).bmp,0,1,0,2,0.024274,0.222792,0.752934
smids/Normal_Sperm/Normal_Sperm (996).bmp,0,1,0,0,0.735466,0.244658,0.019875
smids/Abnormal_Sperm/Abnormal_Sperm (1005).bmp,0,2,1,1,0.208695,0.755596,0.035709
smids/Abnormal_Sperm/Abnormal_Sperm (108).bmp,0,2,1,1,0.319288,0.654058,0.026654
smids/Abnormal_Sperm/Abnormal_Sperm (114).bmp,0,2,1,1,0.261208,0.697851,0.040941
smids/Abnormal_Sperm/Abnormal_Sperm (117).bmp,0,2,1,1,0.220879,0.746980,0.032141
smids/Abnormal_Sperm/Abnormal_Sperm (122).bmp,0,2,1,1,0.291979,0.679216,0.028805
smids/Abnormal_Sperm/Abnormal_Sperm (126).bmp,0,2,1,1,0.221801,0.744819,0.033380
smids/Abnormal_Sperm/Abnormal_Sperm (129).bmp,0,2,1,1,0.041407,0.677482,0.281111
smids/Abnormal_Sperm/Abnormal_Sperm (131).bmp,0,2,1,1,0.203143,0.764596,0.032261
smids/Abnormal_Sperm/Abnormal_Sperm (134).bmp,0,2,1,1,0.260134,0.710222,0.029643
smids/Abnormal_Sperm/Abnormal_Sperm (137).bmp,0,2,1,1,0.040596,0.698254,0.261151
smids/Abnormal_Sperm/Abnormal_Sperm (15).bmp,0,2,1,1,0.220077,0.744380,0.035543
smids/Abnormal_Sperm/Abnormal_Sperm (155).bmp,0,2,1,1,0.221960,0.742973,0.035067
smids/Abnormal_Sperm/Abnormal_Sperm (156).bmp,0,2,1,1,0.218514,0.742071,0.039415
smids/Abnormal_Sperm/Abnormal_Sperm (157).bmp,0,2,1,1,0.216665,0.749062,0.034273
smids/Abnormal_Sperm/Abnormal_Sperm (16).bmp,0,2,1,1,0.281592,0.688508,0.029899
smids/Abnormal_Sperm/Abnormal_Sperm (160).bmp,0,2,1,1,0.207189,0.758506,0.034306
smids/Abnormal_Sperm/Abnormal_Sperm (161).bmp,0,2,1,1,0.246226,0.717308,0.036465
smids/Abnormal_Sperm/Abnormal_Sperm (169).bmp,0,2,1,1,0.207336,0.757962,0.034702
smids/Abnormal_Sperm/Abnormal_Sperm (177).bmp,0,2,1,2,0.029916,0.235057,0.735027
smids/Abnormal_Sperm/Abnormal_Sperm (180).bmp,0,2,1,1,0.234647,0.732624,0.032729
smids/Abnormal_Sperm/Abnormal_Sperm (181).bmp,0,2,1,1,0.036320,0.705605,0.258075
smids/Abnormal_Sperm/Abnormal_Sperm (183).bmp,0,2,1,1,0.226951,0.742943,0.030107
smids/Abnormal_Sperm/Abnormal_Sperm (190).bmp,0,2,1,1,0.233237,0.733701,0.033062
smids/Abnormal_Sperm/Abnormal_Sperm (191).bmp,0,2,1,1,0.308222,0.663689,0.028089
smids/Abnormal_Sperm/Abnormal_Sperm (196).bmp,0,2,1,1,0.037292,0.689572,0.273135
smids/Abnormal_Sperm/Abnormal_Sperm (198).bmp,0,2,1,1,0.223423,0.745009,0.031568
smids/Abnormal_Sperm/Abnormal_Sperm (202).bmp,0,2,1,1,0.226158,0.742265,0.031578
smids/Abnormal_Sperm/Abnormal_Sperm (215).bmp,0,2,1,1,0.227242,0.737499,0.035260
smids/Abnormal_Sperm/Abnormal_Sperm (219).bmp,0,2,1,1,0.038725,0.699250,0.262025
smids/Abnormal_Sperm/Abnormal_Sperm (220).bmp,0,2,1,1,0.221912,0.747014,0.031074
smids/Abnormal_Sperm/Abnormal_Sperm (223).bmp,0,2,1,2,0.029393,0.228771,0.741836
smids/Abnormal_Sperm/Abnormal_Sperm (225).bmp,0,2,1,1,0.227177,0.737938,0.034886
smids/Abnormal_Sperm/Abnormal_Sperm (238).bmp,0,2,1,1,0.243618,0.723042,0.033339
smids/Abnormal_Sperm/Abnormal_Sperm (245).bmp,0,2,1,1,0.272663,0.696132,0.031206
smids/Abnormal_Sperm/Abnormal_Sperm (247).bmp,0,2,1,1,0.282104,0.687789,0.030107
smids/Abnormal_Sperm/Abnormal_Sperm (249).bmp,0,2,1,1,0.038392,0.695724,0.265884
smids/Abnormal_Sperm/Abnormal_Sperm (251).bmp,0,2,1,1,0.271716,0.698724,0.029560
smids/Abnormal_Sperm/Abnormal_Sperm (263).bmp,0,2,1,1,0.038711,0.687264,0.274024
smids/Abnormal_Sperm/Abnormal_Sperm (267).bmp,0,2,1,1,0.219612,0.748722,0.031666
smids/Abnormal_Sperm/Abnormal_Sperm (269).bmp,0,2,1,0,0.690210,0.272916,0.036875
smids/Abnormal_Sperm/Abnormal_Sperm (277).bmp,0,2,1,1,0.262257,0.706451,0.031292
smids/Abnormal_Sperm/Abnormal_Sperm (282).bmp,0,2,1,1,0.036706,0.719462,0.243833
smids/Abnormal_Sperm/Abnormal_Sperm (284).bmp,0,2,1,1,0.037336,0.670560,0.292104
smids/Abnormal_Sperm/Abnormal_Sperm (287).bmp,0,2,1,1,0.209529,0.757057,0.033414
smids/Abnormal_Sperm/Abnormal_Sperm (296).bmp,0,2,1,1,0.215583,0.748835,0.035581
smids/Abnormal_Sperm/Abnormal_Sperm (301).bmp,0,2,1,1,0.293577,0.677853,0.028569
smids/Abnormal_Sperm/Abnormal_Sperm (302).bmp,0,2,1,1,0.039367,0.704379,0.256254
smids/Abnormal_Sperm/Abnormal_Sperm (308).bmp,0,2,1,0,0.719648,0.249969,0.030383
smids/Abnormal_Sperm/Abnormal_Sperm (312).bmp,0,2,1,1,0.038598,0.623659,0.337744
smids/Abnormal_Sperm/Abnormal_Sperm (317).bmp,0,2,1,1,0.222233,0.743756,0.034011
smids/Abnormal_Sperm/Abnormal_Sperm (323).bmp,0,2,1,1,0.283305,0.684352,0.032343
smids/Abnormal_Sperm/Abnormal_Sperm (327).bmp,0,2,1,1,0.036185,0.682067,0.281748
smids/Abnormal_Sperm/Abnormal_Sperm (328).bmp,0,2,1,1,0.223325,0.740343,0.036332
smids/Abnormal_Sperm/Abnormal_Sperm (331).bmp,0,2,1,1,0.216932,0.748650,0.034418
smids/Abnormal_Sperm/Abnormal_Sperm (336).bmp,0,2,1,2,0.030699,0.235179,0.734121
smids/Abnormal_Sperm/Abnormal_Sperm (339).bmp,0,2,1,1,0.308734,0.662724,0.028542
smids/Abnormal_Sperm/Abnormal_Sperm (353).bmp,0,2,1,1,0.034325,0.712909,0.252766
smids/Abnormal_Sperm/Abnormal_Sperm (355).bmp,0,2,1,1,0.037914,0.671119,0.290967
smids/Abnormal_Sperm/Abnormal_Sperm (363).bmp,0,2,1,1,0.236842,0.730895,0.032263
smids/Abnormal_Sperm/Abnormal_Sperm (366).bmp,0,2,1,1,0.287551,0.682011,0.030438
smids/Abnormal_Sperm/Abnormal_Sperm (369).bmp,0,2,1,1,0.267928,0.702180,0.029892
smids/Abnormal_Sperm/Abnormal_Sperm (372).bmp,0,2,1,1,0.038059,0.715914,0.246027
smids/Abnormal_Sperm/Abnormal_Sperm (374).bmp,0,2,1,1,0.222768,0.745580,0.031652
smids/Abnormal_Sperm/Abnormal_Sperm (375).bmp,0,2,1,1,0.280260,0.689987,0.029753
smids/Abnormal_Sperm/Abnormal_Sperm (381).bmp,0,2,1,1,0.275601,0.694222,0.030177
smids/Abnormal_Sperm/Abnormal_Sperm (384).bmp,0,2,1,1,0.040853,0.663263,0.295883
smids/Abnormal_Sperm/Abnormal_Sperm (389).bmp,0,2,1,1,0.223321,0.742844,0.033835
smids/Abnormal_Sperm/Abnormal_Sperm (39).bmp,0,2,1,1,0.221654,0.743010,0.035336
smids/Abnormal_Sperm/Abnormal_Sperm (390).bmp,0,2,1,1,0.037597,0.679113,0.283289
smids/Abnormal_Sperm/Abnormal_Sperm (392).bmp,0,2,1,1,0.315456,0.656658,0.027886
smids/Abnormal_Sperm/Abnormal_Sperm (393).bmp,0,2,1,1,0.207989,0.758454,0.033557
smids/Abnormal_Sperm/Abnormal_Sperm (395).bmp,0,2,1,1,0.216568,0.751323,0.032108
smids/Abnormal_Sperm/Abnormal_Sperm (398).bmp,0,2,1,1,0.036275,0.701999,0.261726
smids/Abnormal_Sperm/Abnormal_Sperm (402).bmp,0,2,1,1,0.036925,0.685439,0.277636
smids/Abnormal_Sperm/Abnormal_Sperm (404).bmp,0,2,1,1,0.036072,0.628699,0.335229
smids/Abnormal_Sperm/Abnormal_Sperm (409).bmp,0,2,1,1,0.305112,0.663880,0.031008
smids/Abnormal_Sperm/Abnormal_Sperm (410).bmp,0,2,1,1,0.230974,0.735203,0.033822
smids/Abnormal_Sperm/Abnormal_Sperm (412).bmp,0,2,1,1,0.254764,0.712382,0.032854
smids/Abnormal_Sperm/Abnormal_Sperm (413).bmp,0,2,1,1,0.197256,0.769151,0.033593
smids/Abnormal_Sperm/Abnormal_Sperm (414).bmp,0,2,1,0,0.701635,0.273543,0.024823
smids/Abnormal_Sperm/Abnormal_Sperm (415).bmp,0,2,1,1,0.227274,0.740740,0.031986
smids/Abnormal_Sperm/Abnormal_Sperm (418).bmp,0,2,1,1,0.037290,0.710267,0.252442
smids/Abnormal_Sperm/Abnormal_Sperm (425).bmp,0,2,1,0,0.641605,0.057484,0.300911
smids/Abnormal_Sperm/Abnormal_Sperm (428).bmp,0,2,1,1,0.035425,0.651245,0.313330
smids/Abnormal_Sperm/Abnormal_Sperm (434).bmp,0,2,1,1,0.214574,0.752118,0.033307
smids/Abnormal_Sperm/Abnormal_Sperm (439).bmp,0,2,1,1,0.245292,0.723621,0.031087
smids/Abnormal_Sperm/Abnormal_Sperm (446).bmp,0,2,1,1,0.305964,0.666069,0.027967
smids/Abnormal_Sperm/Abnormal_Sperm (449).bmp,0,2,1,1,0.208052,0.757959,0.033990
smids/Abnormal_Sperm/Abnormal_Sperm (455).bmp,0,2,1,1,0.216426,0.749934,0.033639
smids/Abnormal_Sperm/Abnormal_Sperm (461).bmp,0,2,1,1,0.035109,0.674996,0.289895
smids/Abnormal_Sperm/Abnormal_Sperm (472).bmp,0,2,1,1,0.224473,0.739599,0.035929
smids/Abnormal_Sperm/Abnormal_Sperm (475).bmp,0,2,1,1,0.038786,0.692657,0.268557
smids/Abnormal_Sperm/Abnormal_Sperm (480).bmp,0,2,1,0,0.709477,0.259270,0.031253
smids/Abnormal_Sperm/Abnormal_Sperm (489).bmp,0,2,1,2,0.033185,0.188115,0.778700
smids/Abnormal_Sperm/Abnormal_Sperm (494).bmp,0,2,1,1,0.252356,0.702865,0.044779
smids/Abnormal_Sperm/Abnormal_Sperm (503).bmp,0,2,1,1,0.032800,0.626093,0.341107
smids/Abnormal_Sperm/Abnormal_Sperm (504).bmp,0,2,1,1,0.219967,0.741679,0.038354
smids/Abnormal_Sperm/Abnormal_Sperm (507).bmp,0,2,1,2,0.026844,0.246223,0.726933
smids/Abnormal_Sperm/Abnormal_Sperm (509).bmp,0,2,1,2,0.026712,0.246504,0.726785
smids/Abnormal_Sperm/Abnormal_Sperm (515).bmp,0,2,1,1,0.273416,0.694133,0.032451
smids/Abnormal_Sperm/Abnormal_Sperm (517).bmp,0,2,1,1,0.210003,0.753930,0.036067
smids/Abnormal_Sperm/Abnormal_Sperm (528).bmp,0,2,1,1,0.040676,0.704019,0.255306
smids/Abnormal_Sperm/Abnormal_Sperm (534).bmp,0,2,1,1,0.255135,0.707819,0.037046
smids/Abnormal_Sperm/Abnormal_Sperm (539).bmp,0,2,1,1,0.312944,0.657036,0.030019
smids/Abnormal_Sperm/Abnormal_Sperm (541).bmp,0,2,1,1,0.226226,0.738621,0.035153
smids/Abnormal_Sperm/Abnormal_Sperm (547).bmp,0,2,1,1,0.218283,0.747955,0.033763
smids/Abnormal_Sperm/Abnormal_Sperm (550).bmp,0,2,1,1,0.227554,0.735101,0.037345
smids/Abnormal_Sperm/Abnormal_Sperm (553).bmp,0,2,1,0,0.753162,0.218598,0.028240
smids/Abnormal_Sperm/Abnormal_Sperm (560).bmp,0,2,1,1,0.277010,0.688890,0.034100
smids/Abnormal_Sperm/Abnormal_Sperm (564).bmp,0,2,1,2,0.033193,0.216560,0.750248
smids/Abnormal_Sperm/Abnormal_Sperm (567).bmp,0,2,1,1,0.229753,0.731537,0.038711
smids/Abnormal_Sperm/Abnormal_Sperm (573).bmp,0,2,1,2,0.034051,0.229986,0.735963
smids/Abnormal_Sperm/Abnormal_Sperm (576).bmp,0,2,1,1,0.035355,0.647141,0.317504
smids/Abnormal_Sperm/Abnormal_Sperm (579).bmp,0,2,1,1,0.037944,0.663209,0.298847
smids/Abnormal_Sperm/Abnormal_Sperm (582).bmp,0,2,1,1,0.039353,0.669126,0.291521
smids/Abnormal_Sperm/Abnormal_Sperm (587).bmp,0,2,1,2,0.029674,0.233329,0.736997
smids/Abnormal_Sperm/Abnormal_Sperm (596).bmp,0,2,1,1,0.037153,0.625909,0.336938
smids/Abnormal_Sperm/Abnormal_Sperm (6).bmp,0,2,1,2,0.035220,0.224839,0.739941
smids/Abnormal_Sperm/Abnormal_Sperm (607).bmp,0,2,1,0,0.700999,0.270532,0.028469
smids/Abnormal_Sperm/Abnormal_Sperm (61).bmp,0,2,1,1,0.213115,0.750997,0.035888
smids/Abnormal_Sperm/Abnormal_Sperm (62).bmp,0,2,1,1,0.037602,0.722438,0.239960
smids/Abnormal_Sperm/Abnormal_Sperm (625).bmp,0,2,1,0,0.699121,0.275445,0.025434
smids/Abnormal_Sperm/Abnormal_Sperm (628).bmp,0,2,1,1,0.248342,0.720229,0.031429
smids/Abnormal_Sperm/Abnormal_Sperm (629).bmp,0,2,1,2,0.036164,0.226909,0.736927
smids/Abnormal_Sperm/Abnormal_Sperm (63).bmp,0,2,1,1,0.230303,0.736980,0.032717
smids/Abnormal_Sperm/Abnormal_Sperm (649).bmp,0,2,1,0,0.718281,0.251172,0.030547
smids/Abnormal_Sperm/Abnormal_Sperm (651).bmp,0,2,1,0,0.729461,0.237221,0.033318
smids/Abnormal_Sperm/Abnormal_Sperm (66).bmp,0,2,1,1,0.029872,0.604193,0.365935
smids/Abnormal_Sperm/Abnormal_Sperm (661).bmp,0,2,1,1,0.299703,0.671776,0.028521
smids/Abnormal_Sperm/Abnormal_Sperm (668).bmp,0,2,1,1,0.035703,0.695887,0.268410
smids/Abnormal_Sperm/Abnormal_Sperm (671).bmp,0,2,1,1,0.302820,0.666984,0.030196
smids/Abnormal_Sperm/Abnormal_Sperm (683).bmp,0,2,1,0,0.777373,0.192771,0.029856
smids/Abnormal_Sperm/Abnormal_Sperm (691).bmp,0,2,1,1,0.304175,0.664297,0.031528
smids/Abnormal_Sperm/Abnormal_Sperm (695).bmp,0,2,1,0,0.708481,0.263080,0.028439
smids/Abnormal_Sperm/Abnormal_Sperm (717).bmp,0,2,1,0,0.718315,0.255855,0.025830
smids/Abnormal_Sperm/Abnormal_Sperm (719).bmp,0,2,1,1,0.036231,0.675511,0.288258
smids/Abnormal_Sperm/Abnormal_Sperm (733).bmp,0,2,1,1,0.304505,0.662487,0.033008
smids/Abnormal_Sperm/Abnormal_Sperm (736).bmp,0,2,1,1,0.281449,0.685740,0.032812
smids/Abnormal_Sperm/Abnormal_Sperm (742).bmp,0,2,1,1,0.308737,0.663765,0.027498
smids/Abnormal_Sperm/Abnormal_Sperm (748).bmp,0,2,1,1,0.269199,0.702091,0.028710
smids/Abnormal_Sperm/Abnormal_Sperm (754).bmp,0,2,1,1,0.311401,0.659700,0.028899
smids/Abnormal_Sperm/Abnormal_Sperm (76).bmp,0,2,1,1,0.041812,0.662368,0.295820
smids/Abnormal_Sperm/Abnormal_Sperm (764).bmp,0,2,1,0,0.772920,0.199670,0.027410
smids/Abnormal_Sperm/Abnormal_Sperm (765).bmp,0,2,1,1,0.289079,0.679961,0.030960
smids/Abnormal_Sperm/Abnormal_Sperm (767).bmp,0,2,1,1,0.220823,0.747051,0.032126
smids/Abnormal_Sperm/Abnormal_Sperm (77).bmp,0,2,1,1,0.259758,0.710277,0.029966
smids/Abnormal_Sperm/Abnormal_Sperm (770).bmp,0,2,1,0,0.720791,0.254246,0.024963
smids/Abnormal_Sperm/Abnormal_Sperm (775).bmp,0,2,1,0,0.703742,0.268060,0.028198
smids/Abnormal_Sperm/Abnormal_Sperm (785).bmp,0,2,1,0,0.722129,0.252233,0.025637
smids/Abnormal_Sperm/Abnormal_Sperm (789).bmp,0,2,1,1,0.035970,0.692112,0.271918
smids/Abnormal_Sperm/Abnormal_Sperm (793).bmp,0,2,1,2,0.030487,0.199016,0.770497
smids/Abnormal_Sperm/Abnormal_Sperm (794).bmp,0,2,1,1,0.241860,0.727619,0.030520
smids/Abnormal_Sperm/Abnormal_Sperm (801).bmp,0,2,1,1,0.310384,0.658239,0.031377
smids/Abnormal_Sperm/Abnormal_Sperm (802).bmp,0,2,1,0,0.707164,0.263982,0.028853
smids/Abnormal_Sperm/Abnormal_Sperm (803).bmp,0,2,1,1,0.268362,0.701637,0.030001
smids/Abnormal_Sperm/Abnormal_Sperm (812).bmp,0,2,1,1,0.308888,0.663492,0.027620
smids/Abnormal_Sperm/Abnormal_Sperm (823).bmp,0,2,1,1,0.225145,0.741109,0.033746
smids/Abnormal_Sperm/Abnormal_Sperm (830).bmp,0,2,1,0,0.714389,0.260714,0.024896
smids/Abnormal_Sperm/Abnormal_Sperm (831).bmp,0,2,1,0,0.702041,0.273616,0.024343
smids/Abnormal_Sperm/Abnormal_Sperm (834).bmp,0,2,1,0,0.728495,0.246297,0.025208
smids/Abnormal_Sperm/Abnormal_Sperm (839).bmp,0,2,1,0,0.726980,0.246429,0.026590
smids/Abnormal_Sperm/Abnormal_Sperm (84).bmp,0,2,1,1,0.213869,0.752387,0.033744
smids/Abnormal_Sperm/Abnormal_Sperm (840).bmp,0,2,1,1,0.289965,0.679290,0.030745
smids/Abnormal_Sperm/Abnormal_Sperm (843).bmp,0,2,1,1,0.296890,0.670642,0.032468
smids/Abnormal_Sperm/Abnormal_Sperm (847).bmp,0,2,1,1,0.317947,0.655467,0.026586
smids/Abnormal_Sperm/Abnormal_Sperm (852).bmp,0,2,1,0,0.735713,0.236619,0.027667
smids/Abnormal_Sperm/Abnormal_Sperm (855).bmp,0,2,1,1,0.312310,0.659522,0.028168
smids/Abnormal_Sperm/Abnormal_Sperm (858).bmp,0,2,1,1,0.268606,0.700388,0.031006
smids/Abnormal_Sperm/Abnormal_Sperm (865).bmp,0,2,1,0,0.703448,0.271514,0.025037
smids/Abnormal_Sperm/Abnormal_Sperm (873).bmp,0,2,1,1,0.238783,0.727873,0.033344
smids/Abnormal_Sperm/Abnormal_Sperm (874).bmp,0,2,1,1,0.224660,0.741653,0.033687
smids/Abnormal_Sperm/Abnormal_Sperm (876).bmp,0,2,1,1,0.314444,0.658127,0.027430
smids/Abnormal_Sperm/Abnormal_Sperm (877).bmp,0,2,1,1,0.226513,0.728272,0.045215
smids/Abnormal_Sperm/Abnormal_Sperm (88).bmp,0,2,1,1,0.210293,0.755503,0.034205
smids/Abnormal_Sperm/Abnormal_Sperm (883).bmp,0,2,1,1,0.290320,0.677111,0.032569
smids/Abnormal_Sperm/Abnormal_Sperm (884).bmp,0,2,1,1,0.306204,0.665936,0.027860
smids/Abnormal_Sperm/Abnormal_Sperm (885).bmp,0,2,1,1,0.038684,0.692815,0.268501
smids/Abnormal_Sperm/Abnormal_Sperm (888).bmp,0,2,1,0,0.747424,0.226203,0.026373
smids/Abnormal_Sperm/Abnormal_Sperm (894).bmp,0,2,1,0,0.763416,0.207497,0.029087
smids/Abnormal_Sperm/Abnormal_Sperm (904).bmp,0,2,1,0,0.705732,0.268086,0.026182
smids/Abnormal_Sperm/Abnormal_Sperm (906).bmp,0,2,1,1,0.257514,0.708736,0.033750
smids/Abnormal_Sperm/Abnormal_Sperm (913).bmp,0,2,1,1,0.267861,0.698534,0.033605
smids/Abnormal_Sperm/Abnormal_Sperm (915).bmp,0,2,1,0,0.743281,0.224086,0.032633
smids/Abnormal_Sperm/Abnormal_Sperm (922).bmp,0,2,1,0,0.715097,0.257463,0.027440
smids/Abnormal_Sperm/Abnormal_Sperm (929).bmp,0,2,1,1,0.036596,0.634696,0.328707
smids/Abnormal_Sperm/Abnormal_Sperm (94).bmp,0,2,1,1,0.030492,0.629068,0.340440
smids/Abnormal_Sperm/Abnormal_Sperm (943).bmp,0,2,1,0,0.747140,0.215413,0.037447
smids/Abnormal_Sperm/Abnormal_Sperm (946).bmp,0,2,1,0,0.700679,0.274772,0.024549
smids/Abnormal_Sperm/Abnormal_Sperm (947).bmp,0,2,1,1,0.254311,0.713700,0.031989
smids/Abnormal_Sperm/Abnormal_Sperm (950).bmp,0,2,1,1,0.311842,0.658348,0.029810
smids/Abnormal_Sperm/Abnormal_Sperm (96).bmp,0,2,1,1,0.036598,0.714343,0.249059
smids/Abnormal_Sperm/Abnormal_Sperm (978).bmp,0,2,1,1,0.249371,0.716748,0.033881
smids/Abnormal_Sperm/Abnormal_Sperm (979).bmp,0,2,1,1,0.259631,0.708397,0.031973
smids/Abnormal_Sperm/Abnormal_Sperm (991).bmp,0,2,1,1,0.279095,0.681522,0.039384
smids/Abnormal_Sperm/Abnormal_Sperm (997).bmp,0,2,1,1,0.269705,0.700271,0.030025
smids/Non-Sperm/Non-Sperm (10).bmp,0,2,2,2,0.177262,0.045608,0.777130
smids/Non-Sperm/Non-Sperm (107).bmp,0,2,2,2,0.030366,0.169767,0.799867
smids/Non-Sperm/Non-Sperm (122).bmp,0,2,2,2,0.156285,0.044912,0.798803
smids/Non-Sperm/Non-Sperm (130).bmp,0,2,2,2,0.030680,0.171950,0.797371
smids/Non-Sperm/Non-Sperm (134).bmp,0,2,2,2,0.030144,0.167581,0.802275
smids/Non-Sperm/Non-Sperm (14).bmp,0,2,2,2,0.030643,0.208992,0.760365
smids/Non-Sperm/Non-Sperm (140).bmp,0,2,2,2,0.168417,0.044740,0.786843
smids/Non-Sperm/Non-Sperm (141).bmp,0,2,2,2,0.159167,0.044783,0.796051
smids/Non-Sperm/Non-Sperm (143).bmp,0,2,2,2,0.030735,0.208258,0.761007
smids/Non-Sperm/Non-Sperm (150).bmp,0,2,2,2,0.177840,0.045586,0.776574
smids/Non-Sperm/Non-Sperm (159).bmp,0,2,2,2,0.164568,0.044968,0.790464
smids/Non-Sperm/Non-Sperm (16).bmp,0,2,2,2,0.032029,0.178808,0.789163
smids/Non-Sperm/Non-Sperm (160).bmp,0,2,2,2,0.166282,0.046467,0.787250
smids/Non-Sperm/Non-Sperm (168).bmp,0,2,2,2,0.163252,0.044419,0.792329
smids/Non-Sperm/Non-Sperm (171).bmp,0,2,2,2,0.228399,0.041792,0.729809
smids/Non-Sperm/Non-Sperm (172).bmp,0,2,2,2,0.161964,0.046037,0.791999
smids/Non-Sperm/Non-Sperm (183).bmp,0,2,2,2,0.160357,0.045900,0.793744
smids/Non-Sperm/Non-Sperm (184).bmp,0,2,2,2,0.163973,0.045432,0.790595
smids/Non-Sperm/Non-Sperm (188).bmp,0,2,2,2,0.164636,0.045975,0.789388
smids/Non-Sperm/Non-Sperm (207).bmp,0,2,2,2,0.031523,0.174958,0.793520
smids/Non-Sperm/Non-Sperm (219).bmp,0,2,2,2,0.170108,0.045821,0.784071
smids/Non-Sperm/Non-Sperm (223).bmp,0,2,2,2,0.160410,0.045360,0.794229
smids/Non-Sperm/Non-Sperm (225).bmp,0,2,2,2,0.159420,0.046907,0.793673
smids/Non-Sperm/Non-Sperm (227).bmp,0,2,2,2,0.163965,0.044974,0.791061
smids/Non-Sperm/Non-Sperm (229).bmp,0,2,2,2,0.033391,0.215292,0.751317
smids/Non-Sperm/Non-Sperm (230).bmp,0,2,2,2,0.190450,0.043959,0.765590
smids/Non-Sperm/Non-Sperm (238).bmp,0,2,2,2,0.171240,0.045754,0.783006
smids/Non-Sperm/Non-Sperm (239).bmp,0,2,2,2,0.031175,0.173739,0.795086
smids/Non-Sperm/Non-Sperm (24).bmp,0,2,2,1,0.035747,0.695649,0.268604
smids/Non-Sperm/Non-Sperm (242).bmp,0,2,2,2,0.163699,0.047296,0.789006
smids/Non-Sperm/Non-Sperm (244).bmp,0,2,2,2,0.163741,0.045552,0.790707
smids/Non-Sperm/Non-Sperm (249).bmp,0,2,2,2,0.030469,0.168883,0.800648
smids/Non-Sperm/Non-Sperm (25).bmp,0,2,2,2,0.037334,0.207135,0.755531
smids/Non-Sperm/Non-Sperm (252).bmp,0,2,2,2,0.170194,0.044334,0.785472
smids/Non-Sperm/Non-Sperm (255).bmp,0,2,2,2,0.173293,0.044464,0.782244
smids/Non-Sperm/Non-Sperm (258).bmp,0,2,2,2,0.178487,0.045921,0.775592
smids/Non-Sperm/Non-Sperm (260).bmp,0,2,2,2,0.163857,0.046805,0.789338
smids/Non-Sperm/Non-Sperm (263).bmp,0,2,2,2,0.033486,0.183169,0.783345
smids/Non-Sperm/Non-Sperm (265).bmp,0,2,2,2,0.032026,0.172148,0.795825
smids/Non-Sperm/Non-Sperm (266).bmp,0,2,2,2,0.031082,0.178403,0.790515
smids/Non-Sperm/Non-Sperm (270).bmp,0,2,2,2,0.168993,0.046396,0.784612
smids/Non-Sperm/Non-Sperm (272).bmp,0,2,2,2,0.181657,0.044270,0.774073
smids/Non-Sperm/Non-Sperm (275).bmp,0,2,2,2,0.032275,0.172761,0.794964
smids/Non-Sperm/Non-Sperm (279).bmp,0,2,2,2,0.173804,0.044771,0.781426
smids/Non-Sperm/Non-Sperm (280).bmp,0,2,2,2,0.166789,0.046455,0.786756
smids/Non-Sperm/Non-Sperm (285).bmp,0,2,2,2,0.032753,0.176860,0.790387
smids/Non-Sperm/Non-Sperm (288).bmp,0,2,2,2,0.160515,0.045195,0.794290
smids/Non-Sperm/Non-Sperm (300).bmp,0,2,2,2,0.161369,0.044909,0.793723
smids/Non-Sperm/Non-Sperm (301).bmp,0,2,2,2,0.173664,0.045165,0.781171
smids/Non-Sperm/Non-Sperm (305).bmp,0,2,2,2,0.174253,0.044857,0.780889
smids/Non-Sperm/Non-Sperm (31).bmp,0,2,2,2,0.166815,0.046292,0.786894
smids/Non-Sperm/Non-Sperm (310).bmp,0,2,2,2,0.164669,0.043733,0.791598
smids/Non-Sperm/Non-Sperm (313).bmp,0,2,2,2,0.209725,0.044159,0.746116
smids/Non-Sperm/Non-Sperm (316).bmp,0,2,2,2,0.171134,0.046290,0.782575
smids/Non-Sperm/Non-Sperm (32).bmp,0,2,2,1,0.032529,0.611734,0.355737
smids/Non-Sperm/Non-Sperm (320).bmp,0,2,2,2,0.173098,0.044662,0.782240
smids/Non-Sperm/Non-Sperm (325).bmp,0,2,2,2,0.178197,0.045291,0.776512
smids/Non-Sperm/Non-Sperm (327).bmp,0,2,2,2,0.242302,0.047022,0.710675
smids/Non-Sperm/Non-Sperm (328).bmp,0,2,2,2,0.158587,0.045148,0.796264
smids/Non-Sperm/Non-Sperm (331).bmp,0,2,2,2,0.161344,0.044415,0.794240
smids/Non-Sperm/Non-Sperm (335).bmp,0,2,2,2,0.181285,0.049093,0.769622
smids/Non-Sperm/Non-Sperm (339).bmp,0,2,2,2,0.172742,0.045452,0.781806
smids/Non-Sperm/Non-Sperm (34).bmp,0,2,2,2,0.029339,0.240361,0.730299
smids/Non-Sperm/Non-Sperm (342).bmp,0,2,2,1,0.267663,0.681662,0.050675
smids/Non-Sperm/Non-Sperm (346).bmp,0,2,2,2,0.161556,0.044828,0.793616
smids/Non-Sperm/Non-Sperm (349).bmp,0,2,2,2,0.030507,0.214134,0.755360
smids/Non-Sperm/Non-Sperm (357).bmp,0,2,2,2,0.194568,0.044508,0.760925
smids/Non-Sperm/Non-Sperm (37).bmp,0,2,2,2,0.180436,0.051433,0.768131
smids/Non-Sperm/Non-Sperm (373).bmp,0,2,2,2,0.165976,0.044306,0.789718
smids/Non-Sperm/Non-Sperm (375).bmp,0,2,2,2,0.031473,0.172946,0.795582
smids/Non-Sperm/Non-Sperm (376).bmp,0,2,2,2,0.171802,0.046591,0.781607
smids/Non-Sperm/Non-Sperm (382).bmp,0,2,2,2,0.173870,0.043552,0.782578
smids/Non-Sperm/Non-Sperm (387).bmp,0,2,2,2,0.164119,0.045936,0.789945
smids/Non-Sperm/Non-Sperm (390).bmp,0,2,2,2,0.162897,0.045176,0.791927
smids/Non-Sperm/Non-Sperm (4).bmp,0,2,2,1,0.040182,0.699608,0.260210
smids/Non-Sperm/Non-Sperm (407).bmp,0,2,2,2,0.173845,0.044571,0.781584
smids/Non-Sperm/Non-Sperm (41).bmp,0,2,2,1,0.039508,0.651636,0.308856
smids/Non-Sperm/Non-Sperm (414).bmp,0,2,2,2,0.240947,0.041278,0.717775
smids/Non-Sperm/Non-Sperm (415).bmp,0,2,2,1,0.244233,0.713026,0.042741
smids/Non-Sperm/Non-Sperm (421).bmp,0,2,2,2,0.165153,0.045320,0.789527
smids/Non-Sperm/Non-Sperm (429).bmp,0,2,2,2,0.032185,0.174283,0.793532
smids/Non-Sperm/Non-Sperm (43).bmp,0,2,2,2,0.031030,0.214762,0.754208
smids/Non-Sperm/Non-Sperm (432).bmp,0,2,2,2,0.166833,0.046358,0.786809
smids/Non-Sperm/Non-Sperm (436).bmp,0,2,2,2,0.030724,0.168453,0.800822
smids/Non-Sperm/Non-Sperm (440).bmp,0,2,2,2,0.203491,0.043321,0.753188
smids/Non-Sperm/Non-Sperm (441).bmp,0,2,2,2,0.031014,0.173170,0.795816
smids/Non-Sperm/Non-Sperm (442).bmp,0,2,2,2,0.168388,0.047516,0.784096
smids/Non-Sperm/Non-Sperm (45).bmp,0,2,2,2,0.031068,0.198015,0.770917
smids/Non-Sperm/Non-Sperm (463).bmp,0,2,2,2,0.173274,0.050350,0.776376
smids/Non-Sperm/Non-Sperm (464).bmp,0,2,2,2,0.030826,0.170847,0.798328
smids/Non-Sperm/Non-Sperm (465).bmp,0,2,2,2,0.031460,0.194186,0.774354
smids/Non-Sperm/Non-Sperm (466).bmp,0,2,2,2,0.031431,0.169103,0.799466
smids/Non-Sperm/Non-Sperm (467).bmp,0,2,2,2,0.030572,0.167148,0.802280
smids/Non-Sperm/Non-Sperm (473).bmp,0,2,2,2,0.171538,0.046358,0.782104
smids/Non-Sperm/Non-Sperm (475).bmp,0,2,2,2,0.168000,0.043529,0.788470
smids/Non-Sperm/Non-Sperm (477).bmp,0,2,2,2,0.158195,0.044956,0.796849
smids/Non-Sperm/Non-Sperm (479).bmp,0,2,2,2,0.196747,0.043446,0.759807
smids/Non-Sperm/Non-Sperm (482).bmp,0,2,2,2,0.163193,0.043931,0.792876
smids/Non-Sperm/Non-Sperm (489).bmp,0,2,2,2,0.032600,0.172159,0.795242
smids/Non-Sperm/Non-Sperm (491).bmp,0,2,2,2,0.172200,0.043824,0.783976
smids/Non-Sperm/Non-Sperm (495).bmp,0,2,2,2,0.031412,0.168371,0.800217
smids/Non-Sperm/Non-Sperm (503).bmp,0,2,2,2,0.177717,0.044989,0.777295
smids/Non-Sperm/Non-Sperm (506).bmp,0,2,2,2,0.033759,0.175992,0.790249
smids/Non-Sperm/Non-Sperm (510).bmp,0,2,2,2,0.159792,0.044212,0.795997
smids/Non-Sperm/Non-Sperm (513).bmp,0,2,2,2,0.183812,0.050454,0.765734
smids/Non-Sperm/Non-Sperm (514).bmp,0,2,2,2,0.030340,0.166926,0.802733
smids/Non-Sperm/Non-Sperm (515).bmp,0,2,2,2,0.031581,0.177965,0.790454
smids/Non-Sperm/Non-Sperm (519).bmp,0,2,2,2,0.168010,0.045254,0.786736
smids/Non-Sperm/Non-Sperm (52).bmp,0,2,2,2,0.030902,0.232664,0.736434
smids/Non-Sperm/Non-Sperm (520).bmp,0,2,2,2,0.029072,0.199182,0.771746
smids/Non-Sperm/Non-Sperm (526).bmp,0,2,2,2,0.207475,0.043788,0.748737
smids/Non-Sperm/Non-Sperm (528).bmp,0,2,2,1,0.035899,0.674706,0.289395
smids/Non-Sperm/Non-Sperm (531).bmp,0,2,2,2,0.031123,0.197157,0.771721
smids/Non-Sperm/Non-Sperm (535).bmp,0,2,2,2,0.161209,0.046396,0.792395
smids/Non-Sperm/Non-Sperm (549).bmp,0,2,2,2,0.030421,0.166093,0.803486
smids/Non-Sperm/Non-Sperm (554).bmp,0,2,2,2,0.179194,0.049137,0.771669
smids/Non-Sperm/Non-Sperm (555).bmp,0,2,2,2,0.165283,0.045847,0.788870
smids/Non-Sperm/Non-Sperm (558).bmp,0,2,2,2,0.161949,0.045223,0.792827
smids/Non-Sperm/Non-Sperm (559).bmp,0,2,2,2,0.031359,0.195904,0.772737
smids/Non-Sperm/Non-Sperm (567).bmp,0,2,2,2,0.181751,0.047570,0.770680
smids/Non-Sperm/Non-Sperm (577).bmp,0,2,2,2,0.032884,0.178384,0.788732
smids/Non-Sperm/Non-Sperm (578).bmp,0,2,2,0,0.699723,0.050566,0.249712
smids/Non-Sperm/Non-Sperm (584).bmp,0,2,2,2,0.215968,0.044636,0.739395
smids/Non-Sperm/Non-Sperm (606).bmp,0,2,2,2,0.157905,0.045615,0.796480
smids/Non-Sperm/Non-Sperm (617).bmp,0,2,2,2,0.164328,0.044289,0.791383
smids/Non-Sperm/Non-Sperm (619).bmp,0,2,2,2,0.032132,0.187352,0.780516
smids/Non-Sperm/Non-Sperm (631).bmp,0,2,2,2,0.160956,0.045336,0.793708
smids/Non-Sperm/Non-Sperm (649).bmp,0,2,2,2,0.030418,0.172726,0.796856
smids/Non-Sperm/Non-Sperm (653).bmp,0,2,2,2,0.201736,0.040943,0.757321
smids/Non-Sperm/Non-Sperm (659).bmp,0,2,2,2,0.031472,0.178216,0.790311
smids/Non-Sperm/Non-Sperm (662).bmp,0,2,2,2,0.190899,0.045655,0.763446
smids/Non-Sperm/Non-Sperm (665).bmp,0,2,2,2,0.032548,0.177408,0.790044
smids/Non-Sperm/Non-Sperm (672).bmp,0,2,2,2,0.166772,0.045406,0.787822
smids/Non-Sperm/Non-Sperm (673).bmp,0,2,2,2,0.158937,0.044848,0.796215
smids/Non-Sperm/Non-Sperm (675).bmp,0,2,2,2,0.159519,0.046374,0.794107
smids/Non-Sperm/Non-Sperm (679).bmp,0,2,2,2,0.227446,0.047509,0.725045
smids/Non-Sperm/Non-Sperm (688).bmp,0,2,2,2,0.164686,0.046759,0.788556
smids/Non-Sperm/Non-Sperm (691).bmp,0,2,2,2,0.226410,0.042910,0.730680
smids/Non-Sperm/Non-Sperm (695).bmp,0,2,2,2,0.210542,0.048582,0.740876
smids/Non-Sperm/Non-Sperm (700).bmp,0,2,2,2,0.160003,0.044870,0.795126
smids/Non-Sperm/Non-Sperm (721).bmp,0,2,2,2,0.165515,0.044673,0.789812
smids/Non-Sperm/Non-Sperm (739).bmp,0,2,2,2,0.166698,0.045179,0.788123
smids/Non-Sperm/Non-Sperm (74).bmp,0,2,2,1,0.036684,0.634226,0.329090
smids/Non-Sperm/Non-Sperm (743).bmp,0,2,2,2,0.165261,0.045597,0.789142
smids/Non-Sperm/Non-Sperm (744).bmp,0,2,2,2,0.164613,0.046464,0.788923
smids/Non-Sperm/Non-Sperm (773).bmp,0,2,2,2,0.028530,0.187685,0.783785
smids/Non-Sperm/Non-Sperm (775).bmp,0,2,2,2,0.175857,0.044369,0.779774
smids/Non-Sperm/Non-Sperm (778).bmp,0,2,2,2,0.171849,0.044702,0.783449
smids/Non-Sperm/Non-Sperm (779).bmp,0,2,2,2,0.163699,0.044635,0.791666
smids/Non-Sperm/Non-Sperm (780).bmp,0,2,2,2,0.171982,0.043956,0.784062
smids/Non-Sperm/Non-Sperm (791).bmp,0,2,2,2,0.175039,0.045322,0.779639
smids/Non-Sperm/Non-Sperm (795).bmp,0,2,2,2,0.174052,0.047496,0.778452
smids/Non-Sperm/Non-Sperm (798).bmp,0,2,2,2,0.178037,0.044552,0.777411
smids/Non-Sperm/Non-Sperm (799).bmp,0,2,2,2,0.034333,0.180004,0.785663
smids/Non-Sperm/Non-Sperm (80).bmp,0,2,2,2,0.030531,0.173696,0.795773
smids/Non-Sperm/Non-Sperm (806).bmp,0,2,2,2,0.163931,0.045700,0.790369
smids/Non-Sperm/Non-Sperm (810).bmp,0,2,2,2,0.169899,0.045808,0.784292
smids/Non-Sperm/Non-Sperm (812).bmp,0,2,2,2,0.162230,0.045456,0.792313
smids/Non-Sperm/Non-Sperm (821).bmp,0,2,2,2,0.030448,0.176160,0.793393
smids/Non-Sperm/Non-Sperm (829).bmp,0,2,2,2,0.028780,0.191954,0.779266
smids/Non-Sperm/Non-Sperm (833).bmp,0,2,2,2,0.030883,0.221959,0.747158
smids/Non-Sperm/Non-Sperm (837).bmp,0,2,2,2,0.162590,0.045973,0.791437
smids/Non-Sperm/Non-Sperm (839).bmp,0,2,2,2,0.163135,0.045604,0.791261
smids/Non-Sperm/Non-Sperm (841).bmp,0,2,2,0,0.647891,0.042684,0.309425
smids/Non-Sperm/Non-Sperm (842).bmp,0,2,2,2,0.172304,0.046217,0.781480
smids/Non-Sperm/Non-Sperm (843).bmp,0,2,2,2,0.166046,0.045428,0.788526
smids/Non-Sperm/Non-Sperm (846).bmp,0,2,2,2,0.202365,0.043907,0.753728
smids/Non-Sperm/Non-Sperm (851).bmp,0,2,2,2,0.034671,0.178627,0.786702
smids/Non-Sperm/Non-Sperm (853).bmp,0,2,2,2,0.171506,0.048250,0.780244
smids/Non-Sperm/Non-Sperm (857).bmp,0,2,2,2,0.029980,0.176250,0.793770
smids/Non-Sperm/Non-Sperm (865).bmp,0,2,2,2,0.032030,0.193985,0.773985
smids/Non-Sperm/Non-Sperm (869).bmp,0,2,2,2,0.032366,0.172938,0.794697
smids/Non-Sperm/Non-Sperm (87).bmp,0,2,2,2,0.214608,0.047234,0.738157
smids/Non-Sperm/Non-Sperm (874).bmp,0,2,2,2,0.031114,0.172743,0.796143
smids/Non-Sperm/Non-Sperm (89).bmp,0,2,2,2,0.184223,0.043578,0.772200
smids/Non-Sperm/Non-Sperm (896).bmp,0,2,2,2,0.033810,0.197176,0.769014
smids/Non-Sperm/Non-Sperm (9).bmp,0,2,2,2,0.029443,0.190175,0.780382
smids/Non-Sperm/Non-Sperm (901).bmp,0,2,2,1,0.032391,0.617954,0.349655
smids/Non-Sperm/Non-Sperm (906).bmp,0,2,2,0,0.684231,0.049450,0.266319
smids/Non-Sperm/Non-Sperm (912).bmp,0,2,2,1,0.038852,0.691315,0.269832
smids/Non-Sperm/Non-Sperm (913).bmp,0,2,2,2,0.031670,0.172395,0.795935
smids/Non-Sperm/Non-Sperm (914).bmp,0,2,2,2,0.029925,0.187557,0.782518
smids/Non-Sperm/Non-Sperm (923).bmp,0,2,2,2,0.033871,0.187478,0.778651
smids/Non-Sperm/Non-Sperm (925).bmp,0,2,2,2,0.187417,0.047838,0.764745
smids/Non-Sperm/Non-Sperm (929).bmp,0,2,2,0,0.721188,0.249085,0.029727
smids/Non-Sperm/Non-Sperm (933).bmp,0,2,2,0,0.742792,0.221347,0.035861
smids/Non-Sperm/Non-Sperm (934).bmp,0,2,2,2,0.031226,0.175615,0.793158
smids/Non-Sperm/Non-Sperm (941).bmp,0,2,2,2,0.032091,0.189016,0.778893
smids/Non-Sperm/Non-Sperm (944).bmp,0,2,2,2,0.243673,0.042090,0.714238
smids/Non-Sperm/Non-Sperm (947).bmp,0,2,2,2,0.235831,0.042294,0.721875
smids/Non-Sperm/Non-Sperm (951).bmp,0,2,2,2,0.226345,0.044469,0.729186
smids/Non-Sperm/Non-Sperm (953).bmp,0,2,2,2,0.029406,0.217923,0.752671
smids/Non-Sperm/Non-Sperm (956).bmp,0,2,2,2,0.159167,0.045420,0.795413
smids/Non-Sperm/Non-Sperm (99).bmp,0,2,2,2,0.170379,0.045874,0.783747
smids/Normal_Sperm/Normal_Sperm (100).bmp,0,2,0,0,0.772772,0.196807,0.030421
smids/Normal_Sperm/Normal_Sperm (1003).bmp,0,2,0,0,0.667613,0.044377,0.288009
smids/Normal_Sperm/Normal_Sperm (1006).bmp,0,2,0,1,0.318479,0.653444,0.028077
smids/Normal_Sperm/Normal_Sperm (1007).bmp,0,2,0,0,0.702168,0.274219,0.023613
smids/Normal_Sperm/Normal_Sperm (1009).bmp,0,2,0,0,0.750096,0.215885,0.034018
smids/Normal_Sperm/Normal_Sperm (1016).bmp,0,2,0,0,0.720132,0.253061,0.026807
smids/Normal_Sperm/Normal_Sperm (1017).bmp,0,2,0,0,0.778778,0.193705,0.027517
smids/Normal_Sperm/Normal_Sperm (103).bmp,0,2,0,0,0.783334,0.186342,0.030325
smids/Normal_Sperm/Normal_Sperm (105).bmp,0,2,0,0,0.718897,0.047113,0.233990
smids/Normal_Sperm/Normal_Sperm (107).bmp,0,2,0,1,0.036786,0.636721,0.326493
smids/Normal_Sperm/Normal_Sperm (108).bmp,0,2,0,0,0.774644,0.193128,0.032228
smids/Normal_Sperm/Normal_Sperm (113).bmp,0,2,0,0,0.772195,0.200360,0.027445
smids/Normal_Sperm/Normal_Sperm (115).bmp,0,2,0,0,0.714150,0.251746,0.034104
smids/Normal_Sperm/Normal_Sperm (12).bmp,0,2,0,0,0.778838,0.190267,0.030895
smids/Normal_Sperm/Normal_Sperm (123).bmp,0,2,0,1,0.281584,0.684456,0.033960
smids/Normal_Sperm/Normal_Sperm (125).bmp,0,2,0,1,0.271454,0.692663,0.035883
smids/Normal_Sperm/Normal_Sperm (132).bmp,0,2,0,1,0.039017,0.637875,0.323108
smids/Normal_Sperm/Normal_Sperm (135).bmp,0,2,0,2,0.030392,0.230039,0.739569
smids/Normal_Sperm/Normal_Sperm (138).bmp,0,2,0,0,0.704468,0.266307,0.029225
smids/Normal_Sperm/Normal_Sperm (140).bmp,0,2,0,0,0.724754,0.234916,0.040331
smids/Normal_Sperm/Normal_Sperm (142).bmp,0,2,0,1,0.046793,0.635281,0.317926
smids/Normal_Sperm/Normal_Sperm (144).bmp,0,2,0,1,0.045529,0.681623,0.272848
smids/Normal_Sperm/Normal_Sperm (147).bmp,0,2,0,0,0.701079,0.271837,0.027084
smids/Normal_Sperm/Normal_Sperm (157).bmp,0,2,0,0,0.762508,0.209937,0.027555
smids/Normal_Sperm/Normal_Sperm (16).bmp,0,2,0,2,0.036968,0.199132,0.763900
smids/Normal_Sperm/Normal_Sperm (162).bmp,0,2,0,0,0.773293,0.198033,0.028674
smids/Normal_Sperm/Normal_Sperm (169).bmp,0,2,0,0,0.760320,0.210379,0.029301
smids/Normal_Sperm/Normal_Sperm (17).bmp,0,2,0,0,0.708802,0.265141,0.026057
smids/Normal_Sperm/Normal_Sperm (172).bmp,0,2,0,0,0.762723,0.207965,0.029312
smids/Normal_Sperm/Normal_Sperm (177).bmp,0,2,0,0,0.717884,0.253027,0.029089
smids/Normal_Sperm/Normal_Sperm (194).bmp,0,2,0,0,0.742383,0.231470,0.026146
smids/Normal_Sperm/Normal_Sperm (200).bmp,0,2,0,0,0.705331,0.270177,0.024492
smids/Normal_Sperm/Normal_Sperm (205).bmp,0,2,0,0,0.752977,0.221306,0.025718
smids/Normal_Sperm/Normal_Sperm (208).bmp,0,2,0,0,0.753107,0.219573,0.027320
smids/Normal_Sperm/Normal_Sperm (21).bmp,0,2,0,0,0.762647,0.209984,0.027369
smids/Normal_Sperm/Normal_Sperm (211).bmp,0,2,0,0,0.775212,0.194957,0.029831
smids/Normal_Sperm/Normal_Sperm (213).bmp,0,2,0,0,0.762234,0.211562,0.026205
smids/Normal_Sperm/Normal_Sperm (214).bmp,0,2,0,1,0.315498,0.657550,0.026952
smids/Normal_Sperm/Normal_Sperm (216).bmp,0,2,0,0,0.733152,0.238585,0.028264
smids/Normal_Sperm/Normal_Sperm (219).bmp,0,2,0,0,0.707260,0.265350,0.027390
smids/Normal_Sperm/Normal_Sperm (220).bmp,0,2,0,0,0.721689,0.251186,0.027125
smids/Normal_Sperm/Normal_Sperm (221).bmp,0,2,0,0,0.758009,0.209837,0.032154
smids/Normal_Sperm/Normal_Sperm (223).bmp,0,2,0,0,0.736201,0.232900,0.030899
smids/Normal_Sperm/Normal_Sperm (238).bmp,0,2,0,1,0.305264,0.667677,0.027060
smids/Normal_Sperm/Normal_Sperm (239).bmp,0,2,0,0,0.770791,0.198709,0.030501
smids/Normal_Sperm/Normal_Sperm (241).bmp,0,2,0,0,0.768891,0.199375,0.031734
smids/Normal_Sperm/Normal_Sperm (27).bmp,0,2,0,0,0.775948,0.197342,0.026710
smids/Normal_Sperm/Normal_Sperm (271).bmp,0,2,0,0,0.736555,0.049466,0.213979
smids/Normal_Sperm/Normal_Sperm (273).bmp,0,2,0,0,0.729299,0.050638,0.220063
smids/Normal_Sperm/Normal_Sperm (275).bmp,0,2,0,0,0.725444,0.249682,0.024875
smids/Normal_Sperm/Normal_Sperm (281).bmp,0,2,0,0,0.705832,0.267670,0.026498
smids/Normal_Sperm/Normal_Sperm (291).bmp,0,2,0,0,0.717835,0.051770,0.230395
smids/Normal_Sperm/Normal_Sperm (294).bmp,0,2,0,0,0.767482,0.203540,0.028978
smids/Normal_Sperm/Normal_Sperm (297).bmp,0,2,0,0,0.722806,0.250852,0.026343
smids/Normal_Sperm/Normal_Sperm (300).bmp,0,2,0,1,0.264161,0.702929,0.032910
smids/Normal_Sperm/Normal_Sperm (314).bmp,0,2,0,0,0.775324,0.193915,0.030762
smids/Normal_Sperm/Normal_Sperm (320).bmp,0,2,0,1,0.287816,0.680767,0.031417
smids/Normal_Sperm/Normal_Sperm (325).bmp,0,2,0,0,0.748840,0.218159,0.033002
smids/Normal_Sperm/Normal_Sperm (337).bmp,0,2,0,0,0.709605,0.264593,0.025802
smids/Normal_Sperm/Normal_Sperm (339).bmp,0,2,0,2,0.219326,0.047052,0.733622
smids/Normal_Sperm/Normal_Sperm (349).bmp,0,2,0,0,0.726996,0.237950,0.035054
smids/Normal_Sperm/Normal_Sperm (350).bmp,0,2,0,1,0.320353,0.652466,0.027181
smids/Normal_Sperm/Normal_Sperm (356).bmp,0,2,0,0,0.710399,0.261021,0.028580
smids/Normal_Sperm/Normal_Sperm (365).bmp,0,2,0,0,0.773271,0.193662,0.033068
smids/Normal_Sperm/Normal_Sperm (371).bmp,0,2,0,1,0.312624,0.660321,0.027055
smids/Normal_Sperm/Normal_Sperm (378).bmp,0,2,0,0,0.745530,0.226862,0.027608
smids/Normal_Sperm/Normal_Sperm (38).bmp,0,2,0,2,0.236913,0.040535,0.722552
smids/Normal_Sperm/Normal_Sperm (383).bmp,0,2,0,0,0.763385,0.207950,0.028665
smids/Normal_Sperm/Normal_Sperm (385).bmp,0,2,0,0,0.728254,0.245949,0.025798
smids/Normal_Sperm/Normal_Sperm (394).bmp,0,2,0,0,0.714494,0.260152,0.025354
smids/Normal_Sperm/Normal_Sperm (40).bmp,0,2,0,2,0.172592,0.044449,0.782958
smids/Normal_Sperm/Normal_Sperm (403).bmp,0,2,0,1,0.232386,0.727965,0.039649
smids/Normal_Sperm/Normal_Sperm (405).bmp,0,2,0,0,0.750716,0.222833,0.026452
smids/Normal_Sperm/Normal_Sperm (406).bmp,0,2,0,1,0.289599,0.680232,0.030169
smids/Normal_Sperm/Normal_Sperm (414).bmp,0,2,0,0,0.757381,0.213794,0.028825
smids/Normal_Sperm/Normal_Sperm (418).bmp,0,2,0,1,0.319419,0.652954,0.027627
smids/Normal_Sperm/Normal_Sperm (421).bmp,0,2,0,0,0.656174,0.044447,0.299379
smids/Normal_Sperm/Normal_Sperm (429).bmp,0,2,0,0,0.718103,0.049427,0.232470
smids/Normal_Sperm/Normal_Sperm (430).bmp,0,2,0,0,0.766237,0.206464,0.027299
smids/Normal_Sperm/Normal_Sperm (438).bmp,0,2,0,0,0.713671,0.260810,0.025519
smids/Normal_Sperm/Normal_Sperm (443).bmp,0,2,0,0,0.780967,0.189134,0.029900
smids/Normal_Sperm/Normal_Sperm (449).bmp,0,2,0,0,0.767124,0.205004,0.027872
smids/Normal_Sperm/Normal_Sperm (45).bmp,0,2,0,0,0.756994,0.208038,0.034968
smids/Normal_Sperm/Normal_Sperm (452).bmp,0,2,0,0,0.761966,0.210514,0.027520
smids/Normal_Sperm/Normal_Sperm (457).bmp,0,2,0,0,0.731231,0.241520,0.027249
smids/Normal_Sperm/Normal_Sperm (46).bmp,0,2,0,0,0.745705,0.224519,0.029775
smids/Normal_Sperm/Normal_Sperm (462).bmp,0,2,0,0,0.776952,0.193631,0.029417
smids/Normal_Sperm/Normal_Sperm (469).bmp,0,2,0,0,0.769552,0.200090,0.030358
smids/Normal_Sperm/Normal_Sperm (474).bmp,0,2,0,1,0.312707,0.658834,0.028459
smids/Normal_Sperm/Normal_Sperm (476).bmp,0,2,0,1,0.283323,0.688386,0.028290
smids/Normal_Sperm/Normal_Sperm (482).bmp,0,2,0,0,0.754723,0.217608,0.027670
smids/Normal_Sperm/Normal_Sperm (492).bmp,0,2,0,0,0.760506,0.212738,0.026756
smids/Normal_Sperm/Normal_Sperm (497).bmp,0,2,0,0,0.771840,0.199228,0.028931
smids/Normal_Sperm/Normal_Sperm (50).bmp,0,2,0,2,0.042062,0.222846,0.735092
smids/Normal_Sperm/Normal_Sperm (500).bmp,0,2,0,0,0.708788,0.264754,0.026459
smids/Normal_Sperm/Normal_Sperm (502).bmp,0,2,0,0,0.762246,0.210569,0.027185
smids/Normal_Sperm/Normal_Sperm (511).bmp,0,2,0,0,0.774713,0.198554,0.026733
smids/Normal_Sperm/Normal_Sperm (523).bmp,0,2,0,1,0.036294,0.661524,0.302182
smids/Normal_Sperm/Normal_Sperm (525).bmp,0,2,0,0,0.763537,0.209180,0.027283
smids/Normal_Sperm/Normal_Sperm (529).bmp,0,2,0,0,0.741743,0.228171,0.030086
smids/Normal_Sperm/Normal_Sperm (53).bmp,0,2,0,0,0.719789,0.252578,0.027632
smids/Normal_Sperm/Normal_Sperm (546).bmp,0,2,0,0,0.738420,0.232354,0.029225
smids/Normal_Sperm/Normal_Sperm (547).bmp,0,2,0,0,0.721667,0.251235,0.027097
smids/Normal_Sperm/Normal_Sperm (55).bmp,0,2,0,2,0.032360,0.218650,0.748990
smids/Normal_Sperm/Normal_Sperm (551).bmp,0,2,0,0,0.730485,0.243266,0.026249
smids/Normal_Sperm/Normal_Sperm (559).bmp,0,2,0,0,0.778955,0.190768,0.030277
smids/Normal_Sperm/Normal_Sperm (56).bmp,0,2,0,0,0.729174,0.050400,0.220426
smids/Normal_Sperm/Normal_Sperm (562).bmp,0,2,0,0,0.766849,0.205330,0.027821
smids/Normal_Sperm/Normal_Sperm (570).bmp,0,2,0,0,0.727448,0.246884,0.025668
smids/Normal_Sperm/Normal_Sperm (577).bmp,0,2,0,1,0.313079,0.658523,0.028398
smids/Normal_Sperm/Normal_Sperm (579).bmp,0,2,0,0,0.752104,0.218081,0.029815
smids/Normal_Sperm/Normal_Sperm (581).bmp,0,2,0,0,0.741038,0.233054,0.025908
smids/Normal_Sperm/Normal_Sperm (583).bmp,0,2,0,0,0.737819,0.234496,0.027685
smids/Normal_Sperm/Normal_Sperm (585).bmp,0,2,0,0,0.705701,0.270121,0.024179
smids/Normal_Sperm/Normal_Sperm (586).bmp,0,2,0,0,0.734029,0.240240,0.025731
smids/Normal_Sperm/Normal_Sperm (589).bmp,0,2,0,0,0.736050,0.235165,0.028785
smids/Normal_Sperm/Normal_Sperm (597).bmp,0,2,0,0,0.750014,0.220578,0.029409
smids/Normal_Sperm/Normal_Sperm (6).bmp,0,2,0,2,0.034970,0.181384,0.783647
smids/Normal_Sperm/Normal_Sperm (601).bmp,0,2,0,0,0.763448,0.204969,0.031583
smids/Normal_Sperm/Normal_Sperm (606).bmp,0,2,0,0,0.714021,0.049169,0.236810
smids/Normal_Sperm/Normal_Sperm (609).bmp,0,2,0,0,0.705553,0.269028,0.025419
smids/Normal_Sperm/Normal_Sperm (61).bmp,0,2,0,0,0.764830,0.204994,0.030176
smids/Normal_Sperm/Normal_Sperm (612).bmp,0,2,0,1,0.300657,0.671242,0.028101
smids/Normal_Sperm/Normal_Sperm (617).bmp,0,2,0,0,0.763128,0.210186,0.026686
smids/Normal_Sperm/Normal_Sperm (626).bmp,0,2,0,0,0.767651,0.205146,0.027202
smids/Normal_Sperm/Normal_Sperm (631).bmp,0,2,0,0,0.719936,0.255628,0.024436
smids/Normal_Sperm/Normal_Sperm (632).bmp,0,2,0,0,0.717666,0.256202,0.026133
smids/Normal_Sperm/Normal_Sperm (656).bmp,0,2,0,1,0.323761,0.650208,0.026031
smids/Normal_Sperm/Normal_Sperm (657).bmp,0,2,0,0,0.698409,0.050690,0.250901
smids/Normal_Sperm/Normal_Sperm (664).bmp,0,2,0,0,0.769614,0.197234,0.033151
smids/Normal_Sperm/Normal_Sperm (665).bmp,0,2,0,0,0.775437,0.195527,0.029036
smids/Normal_Sperm/Normal_Sperm (672).bmp,0,2,0,0,0.743501,0.228052,0.028447
smids/Normal_Sperm/Normal_Sperm (675).bmp,0,2,0,0,0.736087,0.235980,0.027934
smids/Normal_Sperm/Normal_Sperm (677).bmp,0,2,0,0,0.706226,0.268995,0.024780
smids/Normal_Sperm/Normal_Sperm (680).bmp,0,2,0,0,0.732422,0.241943,0.025634
smids/Normal_Sperm/Normal_Sperm (681).bmp,0,2,0,0,0.704750,0.269662,0.025588
smids/Normal_Sperm/Normal_Sperm (685).bmp,0,2,0,0,0.733336,0.237000,0.029665
smids/Normal_Sperm/Normal_Sperm (688).bmp,0,2,0,0,0.720498,0.253467,0.026035
smids/Normal_Sperm/Normal_Sperm (691).bmp,0,2,0,0,0.779457,0.190508,0.030035
smids/Normal_Sperm/Normal_Sperm (693).bmp,0,2,0,0,0.736026,0.221382,0.042591
smids/Normal_Sperm/Normal_Sperm (695).bmp,0,2,0,2,0.042455,0.215562,0.741983
smids/Normal_Sperm/Normal_Sperm (697).bmp,0,2,0,0,0.750593,0.220284,0.029122
smids/Normal_Sperm/Normal_Sperm (703).bmp,0,2,0,0,0.767017,0.203577,0.029406
smids/Normal_Sperm/Normal_Sperm (710).bmp,0,2,0,0,0.717190,0.254823,0.027988
smids/Normal_Sperm/Normal_Sperm (714).bmp,0,2,0,1,0.299033,0.666113,0.034854
smids/Normal_Sperm/Normal_Sperm (720).bmp,0,2,0,0,0.731068,0.243319,0.025614
smids/Normal_Sperm/Normal_Sperm (726).bmp,0,2,0,0,0.715578,0.258821,0.025600
smids/Normal_Sperm/Normal_Sperm (739).bmp,0,2,0,0,0.774977,0.193718,0.031305
smids/Normal_Sperm/Normal_Sperm (740).bmp,0,2,0,0,0.768882,0.204235,0.026884
smids/Normal_Sperm/Normal_Sperm (743).bmp,0,2,0,0,0.737718,0.232890,0.029392
smids/Normal_Sperm/Normal_Sperm (744).bmp,0,2,0,0,0.750117,0.223665,0.026218
smids/Normal_Sperm/Normal_Sperm (748).bmp,0,2,0,1,0.277159,0.693207,0.029634
smids/Normal_Sperm/Normal_Sperm (754).bmp,0,2,0,2,0.214554,0.045783,0.739663
smids/Normal_Sperm/Normal_Sperm (762).bmp,0,2,0,0,0.744970,0.226846,0.028184
smids/Normal_Sperm/Normal_Sperm (763).bmp,0,2,0,0,0.778733,0.192478,0.028790
smids/Normal_Sperm/Normal_Sperm (766).bmp,0,2,0,0,0.703685,0.271534,0.024781
smids/Normal_Sperm/Normal_Sperm (774).bmp,0,2,0,0,0.769142,0.202579,0.028279
smids/Normal_Sperm/Normal_Sperm (781).bmp,0,2,0,0,0.721965,0.253006,0.025029
smids/Normal_Sperm/Normal_Sperm (785).bmp,0,2,0,0,0.754797,0.218595,0.026608
smids/Normal_Sperm/Normal_Sperm (796).bmp,0,2,0,0,0.709210,0.264873,0.025917
smids/Normal_Sperm/Normal_Sperm (806).bmp,0,2,0,0,0.706783,0.052359,0.240858
smids/Normal_Sperm/Normal_Sperm (810).bmp,0,2,0,0,0.755378,0.216729,0.027893
smids/Normal_Sperm/Normal_Sperm (812).bmp,0,2,0,0,0.678486,0.049382,0.272132
smids/Normal_Sperm/Normal_Sperm (813).bmp,0,2,0,0,0.742678,0.222915,0.034407
smids/Normal_Sperm/Normal_Sperm (814).bmp,0,2,0,0,0.770285,0.200147,0.029568
smids/Normal_Sperm/Normal_Sperm (828).bmp,0,2,0,0,0.748202,0.225227,0.026571
smids/Normal_Sperm/Normal_Sperm (835).bmp,0,2,0,0,0.761412,0.209025,0.029563
smids/Normal_Sperm/Normal_Sperm (836).bmp,0,2,0,0,0.711344,0.262340,0.026316
smids/Normal_Sperm/Normal_Sperm (84).bmp,0,2,0,1,0.308495,0.662783,0.028723
smids/Normal_Sperm/Normal_Sperm (843).bmp,0,2,0,0,0.758296,0.211356,0.030348
smids/Normal_Sperm/Normal_Sperm (844).bmp,0,2,0,0,0.727512,0.244469,0.028019
smids/Normal_Sperm/Normal_Sperm (845).bmp,0,2,0,0,0.717038,0.253850,0.029112
smids/Normal_Sperm/Normal_Sperm (855).bmp,0,2,0,0,0.762661,0.209643,0.027696
smids/Normal_Sperm/Normal_Sperm (86).bmp,0,2,0,1,0.036505,0.627083,0.336412
smids/Normal_Sperm/Normal_Sperm (860).bmp,0,2,0,1,0.256998,0.712148,0.030854
smids/Normal_Sperm/Normal_Sperm (863).bmp,0,2,0,0,0.638084,0.047155,0.314760
smids/Normal_Sperm/Normal_Sperm (866).bmp,0,2,0,1,0.308871,0.661412,0.029717
smids/Normal_Sperm/Normal_Sperm (868).bmp,0,2,0,0,0.759149,0.212053,0.028798
smids/Normal_Sperm/Normal_Sperm (872).bmp,0,2,0,0,0.708191,0.264516,0.027293
smids/Normal_Sperm/Normal_Sperm (884).bmp,0,2,0,0,0.724213,0.249115,0.026672
smids/Normal_Sperm/Normal_Sperm (897).bmp,0,2,0,1,0.310793,0.661337,0.027870
smids/Normal_Sperm/Normal_Sperm (899).bmp,0,2,0,1,0.037219,0.643335,0.319447
smids/Normal_Sperm/Normal_Sperm (900).bmp,0,2,0,0,0.756213,0.209828,0.033959
smids/Normal_Sperm/Normal_Sperm (904).bmp,0,2,0,0,0.737354,0.237131,0.025515
smids/Normal_Sperm/Normal_Sperm (906).bmp,0,2,0,0,0.718025,0.256422,0.025553
smids/Normal_Sperm/Normal_Sperm (912).bmp,0,2,0,0,0.708902,0.266935,0.024162
smids/Normal_Sperm/Normal_Sperm (915).bmp,0,2,0,1,0.314117,0.656652,0.029231
smids/Normal_Sperm/Normal_Sperm (928).bmp,0,2,0,0,0.709522,0.265155,0.025322
smids/Normal_Sperm/Normal_Sperm (948).bmp,0,2,0,1,0.276156,0.688904,0.034940
smids/Normal_Sperm/Normal_Sperm (961).bmp,0,2,0,1,0.255776,0.713294,0.030930
smids/Normal_Sperm/Normal_Sperm (963).bmp,0,2,0,0,0.700123,0.274048,0.025829
smids/Normal_Sperm/Normal_Sperm (964).bmp,0,2,0,0,0.755069,0.219243,0.025688
smids/Normal_Sperm/Normal_Sperm (967).bmp,0,2,0,0,0.703987,0.270758,0.025255
smids/Normal_Sperm/Normal_Sperm (976).bmp,0,2,0,0,0.778945,0.193156,0.027899
smids/Normal_Sperm/Normal_Sperm (98).bmp,0,2,0,0,0.775142,0.196344,0.028514
smids/Normal_Sperm/Normal_Sperm (985).bmp,0,2,0,0,0.776798,0.192421,0.030782
smids/Normal_Sperm/Normal_Sperm (991).bmp,0,2,0,0,0.755496,0.215805,0.028699
smids/Normal_Sperm/Normal_Sperm (992).bmp,0,2,0,0,0.683308,0.044977,0.271715
smids/Normal_Sperm/Normal_Sperm (997).bmp,0,2,0,0,0.759669,0.212208,0.028123
smids/Normal_Sperm/Normal_Sperm (998).bmp,0,2,0,0,0.769009,0.195981,0.035011
smids/Abnormal_Sperm/Abnormal_Sperm (1001).bmp,0,3,1,0,0.719807,0.262057,0.018136
smids/Abnormal_Sperm/Abnormal_Sperm (1004).bmp,0,3,1,1,0.244576,0.732949,0.022475
smids/Abnormal_Sperm/Abnormal_Sperm (103).bmp,0,3,1,1,0.232296,0.742045,0.025658
smids/Abnormal_Sperm/Abnormal_Sperm (115).bmp,0,3,1,1,0.228690,0.747245,0.024065
smids/Abnormal_Sperm/Abnormal_Sperm (124).bmp,0,3,1,1,0.044426,0.712717,0.242858
smids/Abnormal_Sperm/Abnormal_Sperm (136).bmp,0,3,1,1,0.249400,0.728691,0.021909
smids/Abnormal_Sperm/Abnormal_Sperm (139).bmp,0,3,1,1,0.278984,0.701924,0.019092
smids/Abnormal_Sperm/Abnormal_Sperm (146).bmp,0,3,1,1,0.243975,0.734999,0.021026
smids/Abnormal_Sperm/Abnormal_Sperm (148).bmp,0,3,1,1,0.043773,0.731354,0.224873
smids/Abnormal_Sperm/Abnormal_Sperm (150).bmp,0,3,1,1,0.271442,0.709929,0.018629
smids/Abnormal_Sperm/Abnormal_Sperm (154).bmp,0,3,1,1,0.247487,0.730630,0.021883
smids/Abnormal_Sperm/Abnormal_Sperm (159).bmp,0,3,1,1,0.247782,0.728837,0.023382
smids/Abnormal_Sperm/Abnormal_Sperm (166).bmp,0,3,1,1,0.225581,0.753233,0.021186
smids/Abnormal_Sperm/Abnormal_Sperm (17).bmp,0,3,1,1,0.053301,0.692058,0.254641
smids/Abnormal_Sperm/Abnormal_Sperm (171).bmp,0,3,1,2,0.038048,0.226875,0.735077
smids/Abnormal_Sperm/Abnormal_Sperm (185).bmp,0,3,1,1,0.229188,0.749632,0.021180
smids/Abnormal_Sperm/Abnormal_Sperm (19).bmp,0,3,1,1,0.214428,0.762442,0.023130
smids/Abnormal_Sperm/Abnormal_Sperm (2).bmp,0,3,1,1,0.245148,0.731112,0.023740
smids/Abnormal_Sperm/Abnormal_Sperm (204).bmp,0,3,1,1,0.043546,0.741326,0.215127
smids/Abnormal_Sperm/Abnormal_Sperm (206).bmp,0,3,1,1,0.044831,0.722091,0.233078
smids/Abnormal_Sperm/Abnormal_Sperm (213).bmp,0,3,1,1,0.047558,0.721861,0.230581
smids/Abnormal_Sperm/Abnormal_Sperm (217).bmp,0,3,1,1,0.220462,0.753581,0.025957
smids/Abnormal_Sperm/Abnormal_Sperm (231).bmp,0,3,1,1,0.263737,0.716789,0.019474
smids/Abnormal_Sperm/Abnormal_Sperm (239).bmp,0,3,1,1,0.257753,0.721980,0.020267
smids/Abnormal_Sperm/Abnormal_Sperm (24).bmp,0,3,1,1,0.228403,0.750605,0.020992
smids/Abnormal_Sperm/Abnormal_Sperm (240).bmp,0,3,1,1,0.040910,0.707201,0.251889
smids/Abnormal_Sperm/Abnormal_Sperm (242).bmp,0,3,1,1,0.243084,0.735265,0.021651
smids/Abnormal_Sperm/Abnormal_Sperm (243).bmp,0,3,1,1,0.037232,0.651373,0.311395
smids/Abnormal_Sperm/Abnormal_Sperm (261).bmp,0,3,1,0,0.712698,0.267761,0.019541
smids/Abnormal_Sperm/Abnormal_Sperm (271).bmp,0,3,1,1,0.208071,0.767928,0.024001
smids/Abnormal_Sperm/Abnormal_Sperm (272).bmp,0,3,1,1,0.268243,0.712902,0.018856
smids/Abnormal_Sperm/Abnormal_Sperm (278).bmp,0,3,1,1,0.236318,0.741452,0.022230
smids/Abnormal_Sperm/Abnormal_Sperm (280).bmp,0,3,1,1,0.302225,0.679913,0.017862
smids/Abnormal_Sperm/Abnormal_Sperm (281).bmp,0,3,1,1,0.047107,0.738017,0.214876
smids/Abnormal_Sperm/Abnormal_Sperm (286).bmp,0,3,1,2,0.040027,0.169597,0.790376
smids/Abnormal_Sperm/Abnormal_Sperm (288).bmp,0,3,1,1,0.239885,0.732804,0.027312
smids/Abnormal_Sperm/Abnormal_Sperm (293).bmp,0,3,1,1,0.256919,0.722436,0.020646
smids/Abnormal_Sperm/Abnormal_Sperm (295).bmp,0,3,1,1,0.217445,0.759601,0.022954
smids/Abnormal_Sperm/Abnormal_Sperm (306).bmp,0,3,1,1,0.274639,0.703667,0.021694
smids/Abnormal_Sperm/Abnormal_Sperm (314).bmp,0,3,1,1,0.042482,0.748719,0.208799
smids/Abnormal_Sperm/Abnormal_Sperm (324).bmp,0,3,1,2,0.043178,0.208448,0.748374
smids/Abnormal_Sperm/Abnormal_Sperm (325).bmp,0,3,1,1,0.043485,0.760367,0.196148
smids/Abnormal_Sperm/Abnormal_Sperm (33).bmp,0,3,1,1,0.310175,0.670215,0.019610
smids/Abnormal_Sperm/Abnormal_Sperm (332).bmp,0,3,1,1,0.232670,0.746832,0.020499
smids/Abnormal_Sperm/Abnormal_Sperm (337).bmp,0,3,1,1,0.242886,0.735289,0.021825
smids/Abnormal_Sperm/Abnormal_Sperm (34).bmp,0,3,1,1,0.043511,0.674108,0.282381
smids/Abnormal_Sperm/Abnormal_Sperm (341).bmp,0,3,1,1,0.235195,0.743908,0.020897
smids/Abnormal_Sperm/Abnormal_Sperm (347).bmp,0,3,1,1,0.218030,0.761227,0.020743
smids/Abnormal_Sperm/Abnormal_Sperm (349).bmp,0,3,1,1,0.220403,0.757220,0.022377
smids/Abnormal_Sperm/Abnormal_Sperm (352).bmp,0,3,1,1,0.220826,0.757702,0.021472
smids/Abnormal_Sperm/Abnormal_Sperm (358).bmp,0,3,1,1,0.230907,0.744683,0.024410
smids/Abnormal_Sperm/Abnormal_Sperm (377).bmp,0,3,1,1,0.228113,0.746111,0.025777
smids/Abnormal_Sperm/Abnormal_Sperm (379).bmp,0,3,1,2,0.035525,0.237790,0.726685
smids/Abnormal_Sperm/Abnormal_Sperm (385).bmp,0,3,1,1,0.239176,0.737883,0.022941
smids/Abnormal_Sperm/Abnormal_Sperm (399).bmp,0,3,1,1,0.044173,0.745506,0.210320
smids/Abnormal_Sperm/Abnormal_Sperm (405).bmp,0,3,1,1,0.038540,0.668744,0.292716
smids/Abnormal_Sperm/Abnormal_Sperm (408).bmp,0,3,1,1,0.229405,0.744523,0.026072
smids/Abnormal_Sperm/Abnormal_Sperm (417).bmp,0,3,1,1,0.285368,0.694971,0.019662
smids/Abnormal_Sperm/Abnormal_Sperm (419).bmp,0,3,1,1,0.046718,0.740175,0.213106
smids/Abnormal_Sperm/Abnormal_Sperm (423).bmp,0,3,1,1,0.299325,0.682147,0.018528
smids/Abnormal_Sperm/Abnormal_Sperm (426).bmp,0,3,1,1,0.215450,0.762940,0.021610
smids/Abnormal_Sperm/Abnormal_Sperm (431).bmp,0,3,1,1,0.046846,0.731286,0.221868
smids/Abnormal_Sperm/Abnormal_Sperm (433).bmp,0,3,1,1,0.231518,0.742926,0.025555
smids/Abnormal_Sperm/Abnormal_Sperm (436).bmp,0,3,1,1,0.269977,0.710491,0.019532
smids/Abnormal_Sperm/Abnormal_Sperm (437).bmp,0,3,1,1,0.240343,0.740317,0.019340
smids/Abnormal_Sperm/Abnormal_Sperm (443).bmp,0,3,1,1,0.265519,0.713848,0.020633
smids/Abnormal_Sperm/Abnormal_Sperm (447).bmp,0,3,1,1,0.042738,0.737391,0.219872
smids/Abnormal_Sperm/Abnormal_Sperm (448).bmp,0,3,1,1,0.043692,0.742400,0.213908
smids/Abnormal_Sperm/Abnormal_Sperm (450).bmp,0,3,1,1,0.274586,0.705290,0.020124
smids/Abnormal_Sperm/Abnormal_Sperm (453).bmp,0,3,1,1,0.246918,0.732395,0.020687
smids/Abnormal_Sperm/Abnormal_Sperm (459).bmp,0,3,1,1,0.228934,0.751569,0.019496
smids/Abnormal_Sperm/Abnormal_Sperm (460).bmp,0,3,1,1,0.044287,0.752007,0.203706
smids/Abnormal_Sperm/Abnormal_Sperm (462).bmp,0,3,1,1,0.303483,0.678524,0.017993
smids/Abnormal_Sperm/Abnormal_Sperm (463).bmp,0,3,1,1,0.039727,0.693496,0.266777
smids/Abnormal_Sperm/Abnormal_Sperm (465).bmp,0,3,1,1,0.045338,0.750072,0.204590
smids/Abnormal_Sperm/Abnormal_Sperm (474).bmp,0,3,1,1,0.248068,0.724076,0.027856
smids/Abnormal_Sperm/Abnormal_Sperm (483).bmp,0,3,1,0,0.732552,0.245442,0.022007
smids/Abnormal_Sperm/Abnormal_Sperm (495).bmp,0,3,1,1,0.044402,0.746076,0.209522
smids/Abnormal_Sperm/Abnormal_Sperm (498).bmp,0,3,1,2,0.207204,0.036931,0.755866
smids/Abnormal_Sperm/Abnormal_Sperm (499).bmp,0,3,1,2,0.245806,0.029499,0.724695
smids/Abnormal_Sperm/Abnormal_Sperm (505).bmp,0,3,1,1,0.046626,0.735155,0.218219
smids/Abnormal_Sperm/Abnormal_Sperm (516).bmp,0,3,1,1,0.044451,0.718483,0.237065
smids/Abnormal_Sperm/Abnormal_Sperm (523).bmp,0,3,1,1,0.220398,0.757869,0.021733
smids/Abnormal_Sperm/Abnormal_Sperm (529).bmp,0,3,1,1,0.044228,0.751223,0.204549
smids/Abnormal_Sperm/Abnormal_Sperm (531).bmp,0,3,1,1,0.271229,0.701871,0.026900
smids/Abnormal_Sperm/Abnormal_Sperm (535).bmp,0,3,1,1,0.206634,0.772097,0.021269
smids/Abnormal_Sperm/Abnormal_Sperm (537).bmp,0,3,1,0,0.702257,0.278154,0.019588
smids/Abnormal_Sperm/Abnormal_Sperm (544).bmp,0,3,1,1,0.044638,0.736492,0.218870
smids/Abnormal_Sperm/Abnormal_Sperm (545).bmp,0,3,1,0,0.727204,0.243569,0.029227
smids/Abnormal_Sperm/Abnormal_Sperm (551).bmp,0,3,1,2,0.038465,0.189503,0.772032
smids/Abnormal_Sperm/Abnormal_Sperm (552).bmp,0,3,1,0,0.713750,0.266819,0.019430
smids/Abnormal_Sperm/Abnormal_Sperm (559).bmp,0,3,1,1,0.234296,0.738084,0.027620
smids/Abnormal_Sperm/Abnormal_Sperm (561).bmp,0,3,1,0,0.711415,0.267464,0.021121
smids/Abnormal_Sperm/Abnormal_Sperm (57).bmp,0,3,1,1,0.227562,0.751960,0.020478
smids/Abnormal_Sperm/Abnormal_Sperm (570).bmp,0,3,1,1,0.264639,0.704205,0.031156
smids/Abnormal_Sperm/Abnormal_Sperm (574).bmp,0,3,1,1,0.054991,0.680160,0.264849
smids/Abnormal_Sperm/Abnormal_Sperm (575).bmp,0,3,1,0,0.716453,0.256556,0.026991
smids/Abnormal_Sperm/Abnormal_Sperm (580).bmp,0,3,1,1,0.286514,0.686129,0.027357
smids/Abnormal_Sperm/Abnormal_Sperm (586).bmp,0,3,1,1,0.051261,0.687194,0.261545
smids/Abnormal_Sperm/Abnormal_Sperm (590).bmp,0,3,1,2,0.041160,0.187252,0.771587
smids/Abnormal_Sperm/Abnormal_Sperm (592).bmp,0,3,1,1,0.047413,0.684054,0.268534
smids/Abnormal_Sperm/Abnormal_Sperm (60).bmp,0,3,1,1,0.041718,0.707868,0.250415
smids/Abnormal_Sperm/Abnormal_Sperm (602).bmp,0,3,1,1,0.042221,0.639723,0.318057
smids/Abnormal_Sperm/Abnormal_Sperm (616).bmp,0,3,1,1,0.281958,0.698988,0.019054
smids/Abnormal_Sperm/Abnormal_Sperm (622).bmp,0,3,1,0,0.721498,0.259645,0.018856
smids/Abnormal_Sperm/Abnormal_Sperm (632).bmp,0,3,1,1,0.227392,0.749831,0.022777
smids/Abnormal_Sperm/Abnormal_Sperm (636).bmp,0,3,1,1,0.299676,0.679721,0.020603
smids/Abnormal_Sperm/Abnormal_Sperm (637).bmp,0,3,1,1,0.310499,0.671032,0.018469
smids/Abnormal_Sperm/Abnormal_Sperm (64).bmp,0,3,1,1,0.045373,0.751644,0.202983
smids/Abnormal_Sperm/Abnormal_Sperm (641).bmp,0,3,1,1,0.236910,0.733584,0.029506
smids/Abnormal_Sperm/Abnormal_Sperm (643).bmp,0,3,1,1,0.305776,0.675844,0.018380
smids/Abnormal_Sperm/Abnormal_Sperm (644).bmp,0,3,1,1,0.285458,0.695232,0.019310
smids/Abnormal_Sperm/Abnormal_Sperm (646).bmp,0,3,1,1,0.233066,0.746562,0.020372
smids/Abnormal_Sperm/Abnormal_Sperm (65).bmp,0,3,1,1,0.261974,0.717380,0.020646
smids/Abnormal_Sperm/Abnormal_Sperm (650).bmp,0,3,1,0,0.700705,0.280228,0.019067
smids/Abnormal_Sperm/Abnormal_Sperm (654).bmp,0,3,1,0,0.728720,0.247575,0.023705
smids/Abnormal_Sperm/Abnormal_Sperm (656).bmp,0,3,1,1,0.304476,0.675890,0.019634
smids/Abnormal_Sperm/Abnormal_Sperm (664).bmp,0,3,1,1,0.310344,0.671546,0.018110
smids/Abnormal_Sperm/Abnormal_Sperm (665).bmp,0,3,1,1,0.237752,0.739170,0.023079
smids/Abnormal_Sperm/Abnormal_Sperm (67).bmp,0,3,1,1,0.047307,0.735467,0.217226
smids/Abnormal_Sperm/Abnormal_Sperm (674).bmp,0,3,1,1,0.222661,0.757240,0.020099
smids/Abnormal_Sperm/Abnormal_Sperm (678).bmp,0,3,1,1,0.226014,0.747293,0.026693
smids/Abnormal_Sperm/Abnormal_Sperm (682).bmp,0,3,1,1,0.054947,0.690822,0.254231
smids/Abnormal_Sperm/Abnormal_Sperm (690).bmp,0,3,1,1,0.237821,0.741812,0.020367
smids/Abnormal_Sperm/Abnormal_Sperm (697).bmp,0,3,1,1,0.257019,0.721560,0.021421
smids/Abnormal_Sperm/Abnormal_Sperm (703).bmp,0,3,1,1,0.303436,0.677962,0.018601
smids/Abnormal_Sperm/Abnormal_Sperm (706).bmp,0,3,1,1,0.240272,0.735774,0.023954
smids/Abnormal_Sperm/Abnormal_Sperm (708).bmp,0,3,1,1,0.257223,0.722023,0.020754
smids/Abnormal_Sperm/Abnormal_Sperm (710).bmp,0,3,1,1,0.224700,0.754259,0.021041
smids/Abnormal_Sperm/Abnormal_Sperm (714).bmp,0,3,1,0,0.717285,0.265124,0.017591
smids/Abnormal_Sperm/Abnormal_Sperm (725).bmp,0,3,1,0,0.737185,0.243339,0.019475
smids/Abnormal_Sperm/Abnormal_Sperm (727).bmp,0,3,1,1,0.256044,0.721673,0.022283
smids/Abnormal_Sperm/Abnormal_Sperm (729).bmp,0,3,1,1,0.043455,0.741885,0.214660
smids/Abnormal_Sperm/Abnormal_Sperm (734).bmp,0,3,1,0,0.742058,0.239095,0.018848
smids/Abnormal_Sperm/Abnormal_Sperm (737).bmp,0,3,1,1,0.295469,0.685188,0.019344
smids/Abnormal_Sperm/Abnormal_Sperm (74).bmp,0,3,1,1,0.220132,0.758876,0.020991
smids/Abnormal_Sperm/Abnormal_Sperm (743).bmp,0,3,1,1,0.236308,0.736261,0.027430
smids/Abnormal_Sperm/Abnormal_Sperm (744).bmp,0,3,1,0,0.722738,0.044097,0.233165
smids/Abnormal_Sperm/Abnormal_Sperm (75).bmp,0,3,1,1,0.295821,0.685540,0.018640
smids/Abnormal_Sperm/Abnormal_Sperm (750).bmp,0,3,1,0,0.711566,0.270835,0.017599
smids/Abnormal_Sperm/Abnormal_Sperm (760).bmp,0,3,1,0,0.712370,0.269772,0.017858
smids/Abnormal_Sperm/Abnormal_Sperm (763).bmp,0,3,1,0,0.706150,0.275873,0.017977
smids/Abnormal_Sperm/Abnormal_Sperm (768).bmp,0,3,1,0,0.723755,0.257941,0.018304
smids/Abnormal_Sperm/Abnormal_Sperm (769).bmp,0,3,1,1,0.207036,0.770775,0.022189
smids/Abnormal_Sperm/Abnormal_Sperm (779).bmp,0,3,1,1,0.273383,0.704290,0.022327
smids/Abnormal_Sperm/Abnormal_Sperm (782).bmp,0,3,1,1,0.215491,0.762431,0.022078
smids/Abnormal_Sperm/Abnormal_Sperm (783).bmp,0,3,1,0,0.778812,0.198187,0.023001
smids/Abnormal_Sperm/Abnormal_Sperm (784).bmp,0,3,1,1,0.248568,0.730997,0.020436
smids/Abnormal_Sperm/Abnormal_Sperm (788).bmp,0,3,1,1,0.213188,0.764005,0.022807
smids/Abnormal_Sperm/Abnormal_Sperm (792).bmp,0,3,1,1,0.279783,0.697374,0.022843
smids/Abnormal_Sperm/Abnormal_Sperm (806).bmp,0,3,1,1,0.245211,0.731771,0.023018
smids/Abnormal_Sperm/Abnormal_Sperm (808).bmp,0,3,1,1,0.308843,0.673256,0.017901
smids/Abnormal_Sperm/Abnormal_Sperm (810).bmp,0,3,1,0,0.717244,0.263950,0.018806
smids/Abnormal_Sperm/Abnormal_Sperm (815).bmp,0,3,1,0,0.711653,0.270572,0.017776
smids/Abnormal_Sperm/Abnormal_Sperm (818).bmp,0,3,1,1,0.304295,0.676076,0.019629
smids/Abnormal_Sperm/Abnormal_Sperm (82).bmp,0,3,1,1,0.312693,0.669583,0.017724
smids/Abnormal_Sperm/Abnormal_Sperm (821).bmp,0,3,1,1,0.287702,0.690096,0.022202
smids/Abnormal_Sperm/Abnormal_Sperm (835).bmp,0,3,1,1,0.241130,0.738043,0.020826
smids/Abnormal_Sperm/Abnormal_Sperm (846).bmp,0,3,1,1,0.305400,0.675662,0.018938
smids/Abnormal_Sperm/Abnormal_Sperm (85).bmp,0,3,1,1,0.209274,0.769956,0.020769
smids/Abnormal_Sperm/Abnormal_Sperm (856).bmp,0,3,1,1,0.258046,0.722057,0.019896
smids/Abnormal_Sperm/Abnormal_Sperm (859).bmp,0,3,1,1,0.277106,0.702456,0.020438
smids/Abnormal_Sperm/Abnormal_Sperm (86).bmp,0,3,1,1,0.221847,0.756897,0.021256
smids/Abnormal_Sperm/Abnormal_Sperm (862).bmp,0,3,1,1,0.233610,0.745251,0.021140
smids/Abnormal_Sperm/Abnormal_Sperm (864).bmp,0,3,1,0,0.790776,0.185559,0.023665
smids/Abnormal_Sperm/Abnormal_Sperm (870).bmp,0,3,1,1,0.255317,0.719890,0.024792
smids/Abnormal_Sperm/Abnormal_Sperm (872).bmp,0,3,1,1,0.304664,0.676067,0.019269
smids/Abnormal_Sperm/Abnormal_Sperm (879).bmp,0,3,1,1,0.299978,0.680177,0.019845
smids/Abnormal_Sperm/Abnormal_Sperm (89).bmp,0,3,1,1,0.043560,0.748024,0.208416
smids/Abnormal_Sperm/Abnormal_Sperm (890).bmp,0,3,1,1,0.273629,0.707736,0.018634
smids/Abnormal_Sperm/Abnormal_Sperm (891).bmp,0,3,1,1,0.304009,0.677827,0.018164
smids/Abnormal_Sperm/Abnormal_Sperm (902).bmp,0,3,1,1,0.047577,0.686425,0.265999
smids/Abnormal_Sperm/Abnormal_Sperm (905).bmp,0,3,1,0,0.704021,0.278352,0.017628
smids/Abnormal_Sperm/Abnormal_Sperm (916).bmp,0,3,1,1,0.051208,0.669140,0.279652
smids/Abnormal_Sperm/Abnormal_Sperm (921).bmp,0,3,1,2,0.039992,0.207758,0.752250
smids/Abnormal_Sperm/Abnormal_Sperm (923).bmp,0,3,1,0,0.715906,0.261680,0.022414
smids/Abnormal_Sperm/Abnormal_Sperm (926).bmp,0,3,1,1,0.288666,0.689761,0.021573
smids/Abnormal_Sperm/Abnormal_Sperm (937).bmp,0,3,1,1,0.052467,0.661611,0.285922
smids/Abnormal_Sperm/Abnormal_Sperm (940).bmp,0,3,1,1,0.045990,0.725703,0.228307
smids/Abnormal_Sperm/Abnormal_Sperm (942).bmp,0,3,1,0,0.776882,0.198432,0.024686
smids/Abnormal_Sperm/Abnormal_Sperm (951).bmp,0,3,1,1,0.249949,0.720798,0.029253
smids/Abnormal_Sperm/Abnormal_Sperm (960).bmp,0,3,1,1,0.227465,0.746821,0.025714
smids/Abnormal_Sperm/Abnormal_Sperm (964).bmp,0,3,1,1,0.268293,0.711942,0.019765
smids/Abnormal_Sperm/Abnormal_Sperm (969).bmp,0,3,1,1,0.044925,0.749380,0.205696
smids/Abnormal_Sperm/Abnormal_Sperm (97).bmp,0,3,1,0,0.709432,0.271628,0.018940
smids/Abnormal_Sperm/Abnormal_Sperm (973).bmp,0,3,1,1,0.233466,0.742931,0.023603
smids/Abnormal_Sperm/Abnormal_Sperm (98).bmp,0,3,1,1,0.237012,0.740679,0.022309
smids/Abnormal_Sperm/Abnormal_Sperm (983).bmp,0,3,1,1,0.215506,0.757259,0.027235
smids/Abnormal_Sperm/Abnormal_Sperm (985).bmp,0,3,1,1,0.242000,0.735903,0.022097
smids/Abnormal_Sperm/Abnormal_Sperm (987).bmp,0,3,1,0,0.720365,0.259566,0.020069
smids/Abnormal_Sperm/Abnormal_Sperm (992).bmp,0,3,1,1,0.251035,0.725911,0.023054
smids/Abnormal_Sperm/Abnormal_Sperm (993).bmp,0,3,1,1,0.314423,0.664536,0.021042
smids/Abnormal_Sperm/Abnormal_Sperm (995).bmp,0,3,1,1,0.047043,0.745957,0.207000
smids/Abnormal_Sperm/Abnormal_Sperm (998).bmp,0,3,1,1,0.290296,0.690254,0.019450
smids/Non-Sperm/Non-Sperm (101).bmp,0,3,2,2,0.184202,0.031887,0.783911
smids/Non-Sperm/Non-Sperm (104).bmp,0,3,2,2,0.180742,0.031484,0.787774
smids/Non-Sperm/Non-Sperm (108).bmp,0,3,2,2,0.037045,0.172973,0.789982
smids/Non-Sperm/Non-Sperm (109).bmp,0,3,2,2,0.184582,0.031769,0.783649
smids/Non-Sperm/Non-Sperm (11).bmp,0,3,2,2,0.035673,0.178458,0.785869
smids/Non-Sperm/Non-Sperm (110).bmp,0,3,2,2,0.038066,0.157182,0.804753
smids/Non-Sperm/Non-Sperm (111).bmp,0,3,2,2,0.184813,0.033315,0.781872
smids/Non-Sperm/Non-Sperm (114).bmp,0,3,2,2,0.173864,0.034006,0.792130
smids/Non-Sperm/Non-Sperm (115).bmp,0,3,2,2,0.037520,0.151985,0.810494
smids/Non-Sperm/Non-Sperm (118).bmp,0,3,2,2,0.174739,0.032123,0.793139
smids/Non-Sperm/Non-Sperm (119).bmp,0,3,2,2,0.170331,0.034298,0.795371
smids/Non-Sperm/Non-Sperm (121).bmp,0,3,2,2,0.177307,0.031455,0.791239
smids/Non-Sperm/Non-Sperm (123).bmp,0,3,2,2,0.183580,0.034146,0.782274
smids/Non-Sperm/Non-Sperm (13).bmp,0,3,2,2,0.177358,0.032944,0.789698
smids/Non-Sperm/Non-Sperm (144).bmp,0,3,2,2,0.197747,0.032299,0.769954
smids/Non-Sperm/Non-Sperm (151).bmp,0,3,2,2,0.172634,0.032351,0.795015
smids/Non-Sperm/Non-Sperm (156).bmp,0,3,2,2,0.168377,0.034008,0.797615
smids/Non-Sperm/Non-Sperm (158).bmp,0,3,2,2,0.175968,0.032366,0.791665
smids/Non-Sperm/Non-Sperm (164).bmp,0,3,2,2,0.177732,0.032462,0.789806
smids/Non-Sperm/Non-Sperm (166).bmp,0,3,2,2,0.200436,0.033250,0.766314
smids/Non-Sperm/Non-Sperm (167).bmp,0,3,2,2,0.167151,0.032742,0.800107
smids/Non-Sperm/Non-Sperm (17).bmp,0,3,2,2,0.039394,0.158457,0.802150
smids/Non-Sperm/Non-Sperm (170).bmp,0,3,2,2,0.172556,0.033463,0.793981
smids/Non-Sperm/Non-Sperm (173).bmp,0,3,2,2,0.176359,0.033968,0.789674
smids/Non-Sperm/Non-Sperm (179).bmp,0,3,2,2,0.179070,0.032378,0.788552
smids/Non-Sperm/Non-Sperm (18).bmp,0,3,2,2,0.040054,0.183605,0.776341
smids/Non-Sperm/Non-Sperm (186).bmp,0,3,2,2,0.175777,0.035128,0.789095
smids/Non-Sperm/Non-Sperm (189).bmp,0,3,2,2,0.234014,0.030722,0.735264
smids/Non-Sperm/Non-Sperm (193).bmp,0,3,2,2,0.182718,0.032617,0.784664
smids/Non-Sperm/Non-Sperm (196).bmp,0,3,2,2,0.177862,0.035168,0.786970
smids/Non-Sperm/Non-Sperm (2).bmp,0,3,2,1,0.043156,0.721595,0.235249
smids/Non-Sperm/Non-Sperm (200).bmp,0,3,2,2,0.179294,0.032915,0.787791
smids/Non-Sperm/Non-Sperm (201).bmp,0,3,2,2,0.186989,0.032635,0.780376
smids/Non-Sperm/Non-Sperm (204).bmp,0,3,2,2,0.182545,0.033688,0.783766
smids/Non-Sperm/Non-Sperm (206).bmp,0,3,2,2,0.185888,0.032445,0.781667
smids/Non-Sperm/Non-Sperm (21).bmp,0,3,2,2,0.040888,0.163264,0.795848
smids/Non-Sperm/Non-Sperm (212).bmp,0,3,2,2,0.175590,0.033283,0.791128
smids/Non-Sperm/Non-Sperm (218).bmp,0,3,2,2,0.182696,0.035277,0.782027
smids/Non-Sperm/Non-Sperm (22).bmp,0,3,2,2,0.044845,0.180764,0.774392
smids/Non-Sperm/Non-Sperm (221).bmp,0,3,2,2,0.038419,0.158573,0.803008
smids/Non-Sperm/Non-Sperm (233).bmp,0,3,2,2,0.177578,0.035200,0.787222
smids/Non-Sperm/Non-Sperm (243).bmp,0,3,2,2,0.195327,0.033025,0.771648
smids/Non-Sperm/Non-Sperm (245).bmp,0,3,2,2,0.177573,0.035341,0.787086
smids/Non-Sperm/Non-Sperm (253).bmp,0,3,2,2,0.181466,0.032901,0.785633
smids/Non-Sperm/Non-Sperm (26).bmp,0,3,2,1,0.042078,0.754209,0.203712
smids/Non-Sperm/Non-Sperm (261).bmp,0,3,2,2,0.187170,0.034384,0.778446
smids/Non-Sperm/Non-Sperm (276).bmp,0,3,2,2,0.185312,0.032006,0.782682
smids/Non-Sperm/Non-Sperm (282).bmp,0,3,2,2,0.175524,0.032958,0.791518
smids/Non-Sperm/Non-Sperm (289).bmp,0,3,2,2,0.185075,0.032479,0.782446
smids/Non-Sperm/Non-Sperm (296).bmp,0,3,2,2,0.193554,0.033445,0.773001
smids/Non-Sperm/Non-Sperm (299).bmp,0,3,2,2,0.182641,0.036478,0.780881
smids/Non-Sperm/Non-Sperm (30).bmp,0,3,2,2,0.038798,0.216912,0.744290
smids/Non-Sperm/Non-Sperm (304).bmp,0,3,2,2,0.189564,0.033363,0.777073
smids/Non-Sperm/Non-Sperm (306).bmp,0,3,2,2,0.183265,0.032571,0.784164
smids/Non-Sperm/Non-Sperm (311).bmp,0,3,2,2,0.183289,0.037983,0.778728
smids/Non-Sperm/Non-Sperm (314).bmp,0,3,2,2,0.238494,0.031024,0.730482
smids/Non-Sperm/Non-Sperm (315).bmp,0,3,2,2,0.183635,0.031791,0.784574
smids/Non-Sperm/Non-Sperm (318).bmp,0,3,2,2,0.190686,0.031503,0.777811
smids/Non-Sperm/Non-Sperm (322).bmp,0,3,2,2,0.177466,0.031947,0.790588
smids/Non-Sperm/Non-Sperm (330).bmp,0,3,2,2,0.039488,0.191090,0.769421
smids/Non-Sperm/Non-Sperm (333).bmp,0,3,2,2,0.179364,0.034809,0.785827
smids/Non-Sperm/Non-Sperm (334).bmp,0,3,2,2,0.189382,0.033787,0.776831
smids/Non-Sperm/Non-Sperm (341).bmp,0,3,2,1,0.221535,0.755108,0.023357
smids/Non-Sperm/Non-Sperm (344).bmp,0,3,2,2,0.040611,0.159058,0.800331
smids/Non-Sperm/Non-Sperm (345).bmp,0,3,2,2,0.036950,0.164124,0.798926
smids/Non-Sperm/Non-Sperm (35).bmp,0,3,2,1,0.237886,0.738272,0.023842
smids/Non-Sperm/Non-Sperm (358).bmp,0,3,2,2,0.240620,0.031131,0.728249
smids/Non-Sperm/Non-Sperm (360).bmp,0,3,2,2,0.199578,0.033547,0.766875
smids/Non-Sperm/Non-Sperm (377).bmp,0,3,2,2,0.192277,0.037770,0.769954
smids/Non-Sperm/Non-Sperm (38).bmp,0,3,2,2,0.036906,0.224505,0.738590
smids/Non-Sperm/Non-Sperm (381).bmp,0,3,2,2,0.209772,0.037418,0.752810
smids/Non-Sperm/Non-Sperm (395).bmp,0,3,2,1,0.048754,0.680504,0.270742
smids/Non-Sperm/Non-Sperm (396).bmp,0,3,2,0,0.758297,0.219656,0.022046
smids/Non-Sperm/Non-Sperm (399).bmp,0,3,2,2,0.253387,0.032089,0.714524
smids/Non-Sperm/Non-Sperm (40).bmp,0,3,2,2,0.037677,0.212240,0.750083
smids/Non-Sperm/Non-Sperm (405).bmp,0,3,2,1,0.051204,0.654405,0.294391
smids/Non-Sperm/Non-Sperm (408).bmp,0,3,2,2,0.196809,0.035951,0.767241
smids/Non-Sperm/Non-Sperm (409).bmp,0,3,2,2,0.205223,0.041430,0.753347
smids/Non-Sperm/Non-Sperm (410).bmp,0,3,2,2,0.176412,0.035500,0.788088
smids/Non-Sperm/Non-Sperm (411).bmp,0,3,2,2,0.181245,0.034362,0.784393
smids/Non-Sperm/Non-Sperm (418).bmp,0,3,2,2,0.035544,0.169169,0.795287
smids/Non-Sperm/Non-Sperm (422).bmp,0,3,2,2,0.173437,0.032256,0.794307
smids/Non-Sperm/Non-Sperm (424).bmp,0,3,2,2,0.188725,0.031714,0.779560
smids/Non-Sperm/Non-Sperm (428).bmp,0,3,2,2,0.037043,0.160636,0.802322
smids/Non-Sperm/Non-Sperm (433).bmp,0,3,2,2,0.199762,0.032345,0.767893
smids/Non-Sperm/Non-Sperm (449).bmp,0,3,2,0,0.732692,0.232601,0.034708
smids/Non-Sperm/Non-Sperm (450).bmp,0,3,2,2,0.035584,0.194945,0.769472
smids/Non-Sperm/Non-Sperm (452).bmp,0,3,2,1,0.049743,0.629516,0.320741
smids/Non-Sperm/Non-Sperm (456).bmp,0,3,2,2,0.200040,0.037998,0.761961
smids/Non-Sperm/Non-Sperm (468).bmp,0,3,2,2,0.179075,0.031681,0.789244
smids/Non-Sperm/Non-Sperm (481).bmp,0,3,2,2,0.175505,0.033239,0.791256
smids/Non-Sperm/Non-Sperm (486).bmp,0,3,2,2,0.187756,0.034040,0.778204
smids/Non-Sperm/Non-Sperm (487).bmp,0,3,2,2,0.036406,0.158545,0.805050
smids/Non-Sperm/Non-Sperm (500).bmp,0,3,2,2,0.174688,0.034672,0.790640
smids/Non-Sperm/Non-Sperm (504).bmp,0,3,2,2,0.040291,0.156727,0.802983
smids/Non-Sperm/Non-Sperm (521).bmp,0,3,2,2,0.237819,0.030377,0.731804
smids/Non-Sperm/Non-Sperm (525).bmp,0,3,2,2,0.170640,0.033344,0.796016
smids/Non-Sperm/Non-Sperm (530).bmp,0,3,2,2,0.039280,0.159356,0.801365
smids/Non-Sperm/Non-Sperm (532).bmp,0,3,2,2,0.171503,0.034122,0.794375
smids/Non-Sperm/Non-Sperm (55).bmp,0,3,2,1,0.039357,0.646025,0.314618
smids/Non-Sperm/Non-Sperm (553).bmp,0,3,2,2,0.038808,0.174611,0.786580
smids/Non-Sperm/Non-Sperm (556).bmp,0,3,2,2,0.174521,0.033266,0.792213
smids/Non-Sperm/Non-Sperm (562).bmp,0,3,2,2,0.180743,0.033059,0.786198
smids/Non-Sperm/Non-Sperm (564).bmp,0,3,2,2,0.035918,0.164035,0.800047
smids/Non-Sperm/Non-Sperm (565).bmp,0,3,2,2,0.035939,0.182959,0.781102
smids/Non-Sperm/Non-Sperm (57).bmp,0,3,2,2,0.040143,0.178394,0.781463
smids/Non-Sperm/Non-Sperm (573).bmp,0,3,2,2,0.182553,0.033440,0.784008
smids/Non-Sperm/Non-Sperm (58).bmp,0,3,2,2,0.033580,0.232097,0.734323
smids/Non-Sperm/Non-Sperm (586).bmp,0,3,2,2,0.036594,0.158955,0.804450
smids/Non-Sperm/Non-Sperm (587).bmp,0,3,2,2,0.032848,0.216918,0.750235
smids/Non-Sperm/Non-Sperm (594).bmp,0,3,2,2,0.182393,0.032412,0.785194
smids/Non-Sperm/Non-Sperm (598).bmp,0,3,2,2,0.175892,0.032645,0.791462
smids/Non-Sperm/Non-Sperm (600).bmp,0,3,2,2,0.184813,0.035833,0.779354
smids/Non-Sperm/Non-Sperm (601).bmp,0,3,2,2,0.178906,0.031650,0.789444
smids/Non-Sperm/Non-Sperm (602).bmp,0,3,2,2,0.170226,0.032931,0.796843
smids/Non-Sperm/Non-Sperm (609).bmp,0,3,2,2,0.181184,0.035952,0.782864
smids/Non-Sperm/Non-Sperm (610).bmp,0,3,2,0,0.723696,0.045032,0.231272
smids/Non-Sperm/Non-Sperm (618).bmp,0,3,2,2,0.173919,0.033188,0.792893
smids/Non-Sperm/Non-Sperm (620).bmp,0,3,2,2,0.183501,0.031919,0.784580
smids/Non-Sperm/Non-Sperm (622).bmp,0,3,2,2,0.038291,0.160563,0.801146
smids/Non-Sperm/Non-Sperm (625).bmp,0,3,2,2,0.193343,0.031598,0.775059
smids/Non-Sperm/Non-Sperm (627).bmp,0,3,2,2,0.169246,0.032974,0.797780
smids/Non-Sperm/Non-Sperm (63).bmp,0,3,2,2,0.192396,0.040394,0.767210
smids/Non-Sperm/Non-Sperm (638).bmp,0,3,2,2,0.043194,0.189091,0.767715
smids/Non-Sperm/Non-Sperm (639).bmp,0,3,2,2,0.180348,0.036127,0.783526
smids/Non-Sperm/Non-Sperm (646).bmp,0,3,2,2,0.039073,0.190776,0.770151
smids/Non-Sperm/Non-Sperm (647).bmp,0,3,2,2,0.188127,0.037197,0.774676
smids/Non-Sperm/Non-Sperm (65).bmp,0,3,2,1,0.043750,0.655838,0.300412
smids/Non-Sperm/Non-Sperm (651).bmp,0,3,2,2,0.182343,0.031834,0.785823
smids/Non-Sperm/Non-Sperm (666).bmp,0,3,2,2,0.189343,0.031490,0.779167
smids/Non-Sperm/Non-Sperm (67).bmp,0,3,2,2,0.042009,0.185771,0.772220
smids/Non-Sperm/Non-Sperm (671).bmp,0,3,2,2,0.038381,0.163400,0.798219
smids/Non-Sperm/Non-Sperm (674).bmp,0,3,2,2,0.036241,0.186936,0.776823
smids/Non-Sperm/Non-Sperm (676).bmp,0,3,2,1,0.040132,0.697552,0.262316
smids/Non-Sperm/Non-Sperm (677).bmp,0,3,2,2,0.038882,0.170297,0.790821
smids/Non-Sperm/Non-Sperm (680).bmp,0,3,2,2,0.173396,0.033868,0.792736
smids/Non-Sperm/Non-Sperm (686).bmp,0,3,2,2,0.178031,0.031872,0.790097
smids/Non-Sperm/Non-Sperm (687).bmp,0,3,2,2,0.221146,0.033469,0.745385
smids/Non-Sperm/Non-Sperm (697).bmp,0,3,2,2,0.035660,0.212994,0.751346
smids/Non-Sperm/Non-Sperm (70).bmp,0,3,2,2,0.036064,0.229262,0.734675
smids/Non-Sperm/Non-Sperm (703).bmp,0,3,2,2,0.188355,0.031747,0.779898
smids/Non-Sperm/Non-Sperm (705).bmp,0,3,2,2,0.245355,0.031614,0.723030
smids/Non-Sperm/Non-Sperm (706).bmp,0,3,2,2,0.178830,0.032557,0.788613
smids/Non-Sperm/Non-Sperm (711).bmp,0,3,2,2,0.037959,0.170072,0.791969
smids/Non-Sperm/Non-Sperm (712).bmp,0,3,2,2,0.179303,0.034012,0.786685
smids/Non-Sperm/Non-Sperm (713).bmp,0,3,2,2,0.194194,0.030724,0.775082
smids/Non-Sperm/Non-Sperm (714).bmp,0,3,2,2,0.233518,0.031123,0.735359
smids/Non-Sperm/Non-Sperm (72).bmp,0,3,2,2,0.043180,0.198597,0.758222
smids/Non-Sperm/Non-Sperm (723).bmp,0,3,2,2,0.036413,0.184223,0.779364
smids/Non-Sperm/Non-Sperm (726).bmp,0,3,2,2,0.173274,0.032481,0.794245
smids/Non-Sperm/Non-Sperm (727).bmp,0,3,2,2,0.180810,0.034748,0.784442
smids/Non-Sperm/Non-Sperm (740).bmp,0,3,2,2,0.036046,0.171443,0.792511
smids/Non-Sperm/Non-Sperm (745).bmp,0,3,2,2,0.174572,0.032338,0.793091
smids/Non-Sperm/Non-Sperm (747).bmp,0,3,2,2,0.039612,0.211108,0.749281
smids/Non-Sperm/Non-Sperm (748).bmp,0,3,2,0,0.348927,0.314476,0.336596
smids/Non-Sperm/Non-Sperm (752).bmp,0,3,2,2,0.041209,0.197897,0.760894
smids/Non-Sperm/Non-Sperm (768).bmp,0,3,2,2,0.180994,0.032706,0.786300
smids/Non-Sperm/Non-Sperm (77).bmp,0,3,2,1,0.038562,0.654025,0.307413
smids/Non-Sperm/Non-Sperm (771).bmp,0,3,2,2,0.182626,0.035823,0.781551
smids/Non-Sperm/Non-Sperm (781).bmp,0,3,2,2,0.185393,0.032404,0.782203
smids/Non-Sperm/Non-Sperm (783).bmp,0,3,2,2,0.184354,0.032574,0.783072
smids/Non-Sperm/Non-Sperm (784).bmp,0,3,2,2,0.184723,0.036505,0.778772
smids/Non-Sperm/Non-Sperm (787).bmp,0,3,2,2,0.037918,0.153961,0.808121
smids/Non-Sperm/Non-Sperm (79).bmp,0,3,2,2,0.041925,0.195398,0.762677
smids/Non-Sperm/Non-Sperm (808).bmp,0,3,2,2,0.203094,0.030609,0.766297
smids/Non-Sperm/Non-Sperm (81).bmp,0,3,2,2,0.038864,0.157165,0.803971
smids/Non-Sperm/Non-Sperm (813).bmp,0,3,2,2,0.190636,0.032362,0.777002
smids/Non-Sperm/Non-Sperm (815).bmp,0,3,2,2,0.229593,0.034208,0.736198
smids/Non-Sperm/Non-Sperm (823).bmp,0,3,2,2,0.037187,0.211227,0.751586
smids/Non-Sperm/Non-Sperm (826).bmp,0,3,2,2,0.037615,0.225578,0.736807
smids/Non-Sperm/Non-Sperm (835).bmp,0,3,2,2,0.188580,0.032876,0.778545
smids/Non-Sperm/Non-Sperm (84).bmp,0,3,2,2,0.173306,0.032175,0.794519
smids/Non-Sperm/Non-Sperm (848).bmp,0,3,2,2,0.171158,0.032842,0.796001
smids/Non-Sperm/Non-Sperm (854).bmp,0,3,2,0,0.728353,0.239231,0.032416
smids/Non-Sperm/Non-Sperm (855).bmp,0,3,2,2,0.170908,0.034439,0.794653
smids/Non-Sperm/Non-Sperm (861).bmp,0,3,2,2,0.039533,0.177371,0.783096
smids/Non-Sperm/Non-Sperm (875).bmp,0,3,2,2,0.175830,0.033646,0.790524
smids/Non-Sperm/Non-Sperm (878).bmp,0,3,2,2,0.036571,0.217567,0.745862
smids/Non-Sperm/Non-Sperm (880).bmp,0,3,2,2,0.176376,0.035985,0.787638
smids/Non-Sperm/Non-Sperm (885).bmp,0,3,2,2,0.175105,0.034695,0.790199
smids/Non-Sperm/Non-Sperm (890).bmp,0,3,2,2,0.212423,0.031000,0.756577
smids/Non-Sperm/Non-Sperm (894).bmp,0,3,2,1,0.040315,0.641624,0.318061
smids/Non-Sperm/Non-Sperm (909).bmp,0,3,2,0,0.689802,0.037988,0.272210
smids/Non-Sperm/Non-Sperm (91).bmp,0,3,2,2,0.039779,0.176171,0.784050
smids/Non-Sperm/Non-Sperm (911).bmp,0,3,2,1,0.045103,0.739182,0.215715
smids/Non-Sperm/Non-Sperm (922).bmp,0,3,2,2,0.040255,0.197737,0.762008
smids/Non-Sperm/Non-Sperm (93).bmp,0,3,2,2,0.039927,0.176246,0.783827
smids/Non-Sperm/Non-Sperm (931).bmp,0,3,2,2,0.041427,0.184865,0.773708
smids/Non-Sperm/Non-Sperm (938).bmp,0,3,2,1,0.275074,0.695828,0.029098
smids/Non-Sperm/Non-Sperm (945).bmp,0,3,2,2,0.213837,0.035833,0.750330
smids/Non-Sperm/Non-Sperm (955).bmp,0,3,2,2,0.186659,0.036152,0.777189
smids/Non-Sperm/Non-Sperm (957).bmp,0,3,2,2,0.036238,0.225199,0.738563
smids/Non-Sperm/Non-Sperm (961).bmp,0,3,2,2,0.183787,0.035634,0.780579
smids/Non-Sperm/Non-Sperm (966).bmp,0,3,2,0,0.729201,0.244016,0.026783
smids/Non-Sperm/Non-Sperm (967).bmp,0,3,2,2,0.041105,0.161308,0.797588
smids/Normal_Sperm/Normal_Sperm (1000).bmp,0,3,0,1,0.272651,0.703802,0.023546
smids/Normal_Sperm/Normal_Sperm (1005).bmp,0,3,0,1,0.226798,0.752063,0.021139
smids/Normal_Sperm/Normal_Sperm (1008).bmp,0,3,0,0,0.771754,0.205155,0.023091
smids/Normal_Sperm/Normal_Sperm (101).bmp,0,3,0,0,0.795347,0.183893,0.020760
smids/Normal_Sperm/Normal_Sperm (102).bmp,0,3,0,0,0.719593,0.037217,0.243190
smids/Normal_Sperm/Normal_Sperm (104).bmp,0,3,0,0,0.713568,0.267077,0.019355
smids/Normal_Sperm/Normal_Sperm (109).bmp,0,3,0,0,0.731956,0.243335,0.024709
smids/Normal_Sperm/Normal_Sperm (118).bmp,0,3,0,1,0.052483,0.649746,0.297771
smids/Normal_Sperm/Normal_Sperm (119).bmp,0,3,0,1,0.052130,0.699345,0.248524
smids/Normal_Sperm/Normal_Sperm (120).bmp,0,3,0,0,0.709808,0.268708,0.021484
smids/Normal_Sperm/Normal_Sperm (134).bmp,0,3,0,2,0.208644,0.044773,0.746584
smids/Normal_Sperm/Normal_Sperm (14).bmp,0,3,0,2,0.228235,0.039270,0.732495
smids/Normal_Sperm/Normal_Sperm (146).bmp,0,3,0,0,0.741451,0.239381,0.019168
smids/Normal_Sperm/Normal_Sperm (151).bmp,0,3,0,0,0.735219,0.041992,0.222789
smids/Normal_Sperm/Normal_Sperm (155).bmp,0,3,0,0,0.703952,0.277478,0.018570
smids/Normal_Sperm/Normal_Sperm (160).bmp,0,3,0,0,0.723016,0.259783,0.017201
smids/Normal_Sperm/Normal_Sperm (163).bmp,0,3,0,0,0.765639,0.213859,0.020502
smids/Normal_Sperm/Normal_Sperm (171).bmp,0,3,0,0,0.786962,0.191885,0.021153
smids/Normal_Sperm/Normal_Sperm (175).bmp,0,3,0,0,0.763976,0.217350,0.018674
smids/Normal_Sperm/Normal_Sperm (179).bmp,0,3,0,0,0.785511,0.190334,0.024155
smids/Normal_Sperm/Normal_Sperm (18).bmp,0,3,0,0,0.668531,0.035721,0.295748
smids/Normal_Sperm/Normal_Sperm (184).bmp,0,3,0,0,0.716063,0.265609,0.018328
smids/Normal_Sperm/Normal_Sperm (191).bmp,0,3,0,0,0.770456,0.208945,0.020599
smids/Normal_Sperm/Normal_Sperm (193).bmp,0,3,0,0,0.770914,0.202213,0.026873
smids/Normal_Sperm/Normal_Sperm (195).bmp,0,3,0,0,0.714492,0.267335,0.018173
smids/Normal_Sperm/Normal_Sperm (203).bmp,0,3,0,1,0.255089,0.720709,0.024202
smids/Normal_Sperm/Normal_Sperm (204).bmp,0,3,0,0,0.743283,0.235618,0.021098
smids/Normal_Sperm/Normal_Sperm (207).bmp,0,3,0,0,0.714269,0.267733,0.017997
smids/Normal_Sperm/Normal_Sperm (217).bmp,0,3,0,0,0.791815,0.186305,0.021880
smids/Normal_Sperm/Normal_Sperm (225).bmp,0,3,0,1,0.249006,0.727857,0.023137
smids/Normal_Sperm/Normal_Sperm (226).bmp,0,3,0,1,0.237008,0.742592,0.020401
smids/Normal_Sperm/Normal_Sperm (229).bmp,0,3,0,0,0.721747,0.259844,0.018409
smids/Normal_Sperm/Normal_Sperm (230).bmp,0,3,0,0,0.740703,0.239690,0.019607
smids/Normal_Sperm/Normal_Sperm (235).bmp,0,3,0,0,0.800425,0.178221,0.021354
smids/Normal_Sperm/Normal_Sperm (236).bmp,0,3,0,2,0.046140,0.182012,0.771848
smids/Normal_Sperm/Normal_Sperm (237).bmp,0,3,0,1,0.297316,0.683578,0.019106
smids/Normal_Sperm/Normal_Sperm (242).bmp,0,3,0,0,0.721761,0.259125,0.019114
smids/Normal_Sperm/Normal_Sperm (245).bmp,0,3,0,0,0.723262,0.254035,0.022703
smids/Normal_Sperm/Normal_Sperm (249).bmp,0,3,0,0,0.791344,0.183995,0.024661
smids/Normal_Sperm/Normal_Sperm (251).bmp,0,3,0,0,0.747457,0.234261,0.018282
smids/Normal_Sperm/Normal_Sperm (252).bmp,0,3,0,0,0.707017,0.275745,0.017238
smids/Normal_Sperm/Normal_Sperm (257).bmp,0,3,0,0,0.699450,0.282621,0.017930
smids/Normal_Sperm/Normal_Sperm (261).bmp,0,3,0,0,0.786976,0.193147,0.019877
smids/Normal_Sperm/Normal_Sperm (263).bmp,0,3,0,0,0.754246,0.219493,0.026261
smids/Normal_Sperm/Normal_Sperm (266).bmp,0,3,0,0,0.721194,0.260880,0.017926
smids/Normal_Sperm/Normal_Sperm (274).bmp,0,3,0,0,0.780476,0.194754,0.024770
smids/Normal_Sperm/Normal_Sperm (288).bmp,0,3,0,0,0.769271,0.210453,0.020276
smids/Normal_Sperm/Normal_Sperm (295).bmp,0,3,0,0,0.710773,0.272097,0.017130
smids/Normal_Sperm/Normal_Sperm (296).bmp,0,3,0,1,0.244747,0.731183,0.024070
smids/Normal_Sperm/Normal_Sperm (299).bmp,0,3,0,0,0.716838,0.262302,0.020860
smids/Normal_Sperm/Normal_Sperm (301).bmp,0,3,0,0,0.752125,0.226670,0.021205
smids/Normal_Sperm/Normal_Sperm (302).bmp,0,3,0,1,0.049855,0.707303,0.242842
smids/Normal_Sperm/Normal_Sperm (309).bmp,0,3,0,0,0.720830,0.260910,0.018260
smids/Normal_Sperm/Normal_Sperm (315).bmp,0,3,0,0,0.703775,0.278753,0.017472
smids/Normal_Sperm/Normal_Sperm (316).bmp,0,3,0,0,0.711222,0.271008,0.017771
smids/Normal_Sperm/Normal_Sperm (322).bmp,0,3,0,0,0.715519,0.266378,0.018103
smids/Normal_Sperm/Normal_Sperm (327).bmp,0,3,0,0,0.703336,0.278671,0.017992
smids/Normal_Sperm/Normal_Sperm (33).bmp,0,3,0,2,0.231912,0.034846,0.733242
smids/Normal_Sperm/Normal_Sperm (331).bmp,0,3,0,0,0.721607,0.260030,0.018363
smids/Normal_Sperm/Normal_Sperm (333).bmp,0,3,0,0,0.771408,0.208273,0.020319
smids/Normal_Sperm/Normal_Sperm (338).bmp,0,3,0,0,0.756592,0.221849,0.021559
smids/Normal_Sperm/Normal_Sperm (341).bmp,0,3,0,0,0.778726,0.201997,0.019277
smids/Normal_Sperm/Normal_Sperm (355).bmp,0,3,0,1,0.254190,0.721910,0.023900
smids/Normal_Sperm/Normal_Sperm (360).bmp,0,3,0,0,0.730834,0.251085,0.018082
smids/Normal_Sperm/Normal_Sperm (362).bmp,0,3,0,1,0.275123,0.704678,0.020199
smids/Normal_Sperm/Normal_Sperm (364).bmp,0,3,0,0,0.752165,0.223170,0.024666
smids/Normal_Sperm/Normal_Sperm (369).bmp,0,3,0,0,0.691135,0.038685,0.270180
smids/Normal_Sperm/Normal_Sperm (37).bmp,0,3,0,2,0.211252,0.033317,0.755431
smids/Normal_Sperm/Normal_Sperm (373).bmp,0,3,0,0,0.784785,0.193761,0.021454
smids/Normal_Sperm/Normal_Sperm (376).bmp,0,3,0,0,0.779841,0.200037,0.020122
smids/Normal_Sperm/Normal_Sperm (379).bmp,0,3,0,0,0.732407,0.248251,0.019342
smids/Normal_Sperm/Normal_Sperm (380).bmp,0,3,0,0,0.766474,0.213607,0.019920
smids/Normal_Sperm/Normal_Sperm (382).bmp,0,3,0,0,0.775218,0.202143,0.022639
smids/Normal_Sperm/Normal_Sperm (388).bmp,0,3,0,1,0.306752,0.674596,0.018652
smids/Normal_Sperm/Normal_Sperm (389).bmp,0,3,0,0,0.711619,0.270791,0.017590
smids/Normal_Sperm/Normal_Sperm (390).bmp,0,3,0,1,0.279053,0.697835,0.023112
smids/Normal_Sperm/Normal_Sperm (391).bmp,0,3,0,0,0.708330,0.273062,0.018608
smids/Normal_Sperm/Normal_Sperm (398).bmp,0,3,0,1,0.297806,0.683161,0.019033
smids/Normal_Sperm/Normal_Sperm (401).bmp,0,3,0,0,0.710221,0.271793,0.017986
smids/Normal_Sperm/Normal_Sperm (419).bmp,0,3,0,0,0.727823,0.253156,0.019021
smids/Normal_Sperm/Normal_Sperm (427).bmp,0,3,0,0,0.760792,0.218476,0.020732
smids/Normal_Sperm/Normal_Sperm (43).bmp,0,3,0,1,0.254422,0.714355,0.031223
smids/Normal_Sperm/Normal_Sperm (435).bmp,0,3,0,0,0.777400,0.197963,0.024638
smids/Normal_Sperm/Normal_Sperm (440).bmp,0,3,0,0,0.742826,0.233530,0.023644
smids/Normal_Sperm/Normal_Sperm (441).bmp,0,3,0,0,0.707225,0.275272,0.017503
smids/Normal_Sperm/Normal_Sperm (442).bmp,0,3,0,0,0.781845,0.196464,0.021691
smids/Normal_Sperm/Normal_Sperm (448).bmp,0,3,0,0,0.769469,0.210021,0.020511
smids/Normal_Sperm/Normal_Sperm (453).bmp,0,3,0,0,0.767202,0.211685,0.021113
smids/Normal_Sperm/Normal_Sperm (456).bmp,0,3,0,0,0.709171,0.273434,0.017395
smids/Normal_Sperm/Normal_Sperm (460).bmp,0,3,0,1,0.289256,0.691380,0.019365
smids/Normal_Sperm/Normal_Sperm (461).bmp,0,3,0,0,0.715969,0.263492,0.020539
smids/Normal_Sperm/Normal_Sperm (471).bmp,0,3,0,0,0.720705,0.261892,0.017403
smids/Normal_Sperm/Normal_Sperm (475).bmp,0,3,0,0,0.756287,0.223843,0.019871
smids/Normal_Sperm/Normal_Sperm (48).bmp,0,3,0,0,0.731731,0.246726,0.021543
smids/Normal_Sperm/Normal_Sperm (481).bmp,0,3,0,0,0.710102,0.267970,0.021928
smids/Normal_Sperm/Normal_Sperm (486).bmp,0,3,0,0,0.725664,0.256258,0.018078
smids/Normal_Sperm/Normal_Sperm (489).bmp,0,3,0,0,0.737271,0.243718,0.019011
smids/Normal_Sperm/Normal_Sperm (490).bmp,0,3,0,0,0.751321,0.230332,0.018346
smids/Normal_Sperm/Normal_Sperm (491).bmp,0,3,0,0,0.734273,0.247185,0.018541
smids/Normal_Sperm/Normal_Sperm (496).bmp,0,3,0,0,0.715868,0.043405,0.240727
smids/Normal_Sperm/Normal_Sperm (5).bmp,0,3,0,0,0.777211,0.199200,0.023590
smids/Normal_Sperm/Normal_Sperm (501).bmp,0,3,0,0,0.744678,0.229777,0.025545
smids/Normal_Sperm/Normal_Sperm (504).bmp,0,3,0,0,0.785371,0.194723,0.019907
smids/Normal_Sperm/Normal_Sperm (508).bmp,0,3,0,0,0.740138,0.240901,0.018962
smids/Normal_Sperm/Normal_Sperm (509).bmp,0,3,0,2,0.231851,0.036432,0.731718
smids/Normal_Sperm/Normal_Sperm (51).bmp,0,3,0,1,0.289189,0.688482,0.022329
smids/Normal_Sperm/Normal_Sperm (510).bmp,0,3,0,0,0.726391,0.254356,0.019253
smids/Normal_Sperm/Normal_Sperm (524).bmp,0,3,0,0,0.754678,0.226992,0.018331
smids/Normal_Sperm/Normal_Sperm (526).bmp,0,3,0,0,0.769122,0.212195,0.018683
smids/Normal_Sperm/Normal_Sperm (528).bmp,0,3,0,0,0.706506,0.275351,0.018143
smids/Normal_Sperm/Normal_Sperm (533).bmp,0,3,0,0,0.735935,0.245140,0.018925
smids/Normal_Sperm/Normal_Sperm (537).bmp,0,3,0,0,0.770508,0.209342,0.020150
smids/Normal_Sperm/Normal_Sperm (545).bmp,0,3,0,0,0.780264,0.200145,0.019591
smids/Normal_Sperm/Normal_Sperm (553).bmp,0,3,0,0,0.768802,0.212012,0.019186
smids/Normal_Sperm/Normal_Sperm (576).bmp,0,3,0,0,0.760236,0.220553,0.019211
smids/Normal_Sperm/Normal_Sperm (580).bmp,0,3,0,0,0.781591,0.198731,0.019678
smids/Normal_Sperm/Normal_Sperm (587).bmp,0,3,0,0,0.726604,0.254150,0.019246
smids/Normal_Sperm/Normal_Sperm (598).bmp,0,3,0,0,0.722778,0.260123,0.017099
smids/Normal_Sperm/Normal_Sperm (605).bmp,0,3,0,0,0.769076,0.210204,0.020720
smids/Normal_Sperm/Normal_Sperm (608).bmp,0,3,0,0,0.786481,0.194728,0.018791
smids/Normal_Sperm/Normal_Sperm (610).bmp,0,3,0,0,0.774248,0.206116,0.019636
smids/Normal_Sperm/Normal_Sperm (615).bmp,0,3,0,0,0.793285,0.185292,0.021423
smids/Normal_Sperm/Normal_Sperm (618).bmp,0,3,0,0,0.701332,0.281518,0.017150
smids/Normal_Sperm/Normal_Sperm (62).bmp,0,3,0,1,0.214115,0.763664,0.022221
smids/Normal_Sperm/Normal_Sperm (624).bmp,0,3,0,0,0.759714,0.220774,0.019512
smids/Normal_Sperm/Normal_Sperm (629).bmp,0,3,0,0,0.769276,0.210585,0.020139
smids/Normal_Sperm/Normal_Sperm (633).bmp,0,3,0,1,0.228490,0.750284,0.021226
smids/Normal_Sperm/Normal_Sperm (635).bmp,0,3,0,0,0.722052,0.259881,0.018067
smids/Normal_Sperm/Normal_Sperm (639).bmp,0,3,0,0,0.712849,0.269381,0.017770
smids/Normal_Sperm/Normal_Sperm (640).bmp,0,3,0,0,0.764962,0.214954,0.020084
smids/Normal_Sperm/Normal_Sperm (642).bmp,0,3,0,0,0.788999,0.188246,0.022755
smids/Normal_Sperm/Normal_Sperm (646).bmp,0,3,0,0,0.783411,0.196700,0.019889
smids/Normal_Sperm/Normal_Sperm (65).bmp,0,3,0,0,0.692753,0.041117,0.266130
smids/Normal_Sperm/Normal_Sperm (658).bmp,0,3,0,0,0.720794,0.258309,0.020897
smids/Normal_Sperm/Normal_Sperm (659).bmp,0,3,0,0,0.751535,0.226934,0.021531
smids/Normal_Sperm/Normal_Sperm (667).bmp,0,3,0,0,0.730101,0.248998,0.020901
smids/Normal_Sperm/Normal_Sperm (67).bmp,0,3,0,0,0.760027,0.217731,0.022242
smids/Normal_Sperm/Normal_Sperm (670).bmp,0,3,0,0,0.771404,0.205233,0.023363
smids/Normal_Sperm/Normal_Sperm (673).bmp,0,3,0,0,0.700686,0.281213,0.018101
smids/Normal_Sperm/Normal_Sperm (674).bmp,0,3,0,0,0.791079,0.189193,0.019727
smids/Normal_Sperm/Normal_Sperm (694).bmp,0,3,0,0,0.784490,0.191904,0.023606
smids/Normal_Sperm/Normal_Sperm (701).bmp,0,3,0,0,0.735940,0.244361,0.019698
smids/Normal_Sperm/Normal_Sperm (706).bmp,0,3,0,0,0.756301,0.223511,0.020188
smids/Normal_Sperm/Normal_Sperm (716).bmp,0,3,0,1,0.047635,0.661983,0.290382
smids/Normal_Sperm/Normal_Sperm (717).bmp,0,3,0,0,0.721935,0.258411,0.019654
smids/Normal_Sperm/Normal_Sperm (72).bmp,0,3,0,0,0.776056,0.198032,0.025912
smids/Normal_Sperm/Normal_Sperm (729).bmp,0,3,0,0,0.763747,0.213825,0.022428
smids/Normal_Sperm/Normal_Sperm (730).bmp,0,3,0,1,0.060549,0.677529,0.261922
smids/Normal_Sperm/Normal_Sperm (731).bmp,0,3,0,0,0.713134,0.265229,0.021637
smids/Normal_Sperm/Normal_Sperm (732).bmp,0,3,0,0,0.785581,0.193367,0.021053
smids/Normal_Sperm/Normal_Sperm (737).bmp,0,3,0,0,0.783243,0.196311,0.020446
smids/Normal_Sperm/Normal_Sperm (741).bmp,0,3,0,0,0.753245,0.227264,0.019491
smids/Normal_Sperm/Normal_Sperm (746).bmp,0,3,0,0,0.730672,0.251070,0.018259
smids/Normal_Sperm/Normal_Sperm (751).bmp,0,3,0,0,0.785155,0.194270,0.020574
smids/Normal_Sperm/Normal_Sperm (756).bmp,0,3,0,0,0.756929,0.223523,0.019549
smids/Normal_Sperm/Normal_Sperm (761).bmp,0,3,0,0,0.731193,0.250660,0.018147
smids/Normal_Sperm/Normal_Sperm (768).bmp,0,3,0,0,0.794330,0.183393,0.022277
smids/Normal_Sperm/Normal_Sperm (773).bmp,0,3,0,0,0.763075,0.216661,0.020264
smids/Normal_Sperm/Normal_Sperm (776).bmp,0,3,0,0,0.746824,0.233949,0.019228
smids/Normal_Sperm/Normal_Sperm (778).bmp,0,3,0,0,0.783104,0.194302,0.022594
smids/Normal_Sperm/Normal_Sperm (798).bmp,0,3,0,2,0.226284,0.036474,0.737242
smids/Normal_Sperm/Normal_Sperm (8).bmp,0,3,0,2,0.235395,0.034160,0.730444
smids/Normal_Sperm/Normal_Sperm (802).bmp,0,3,0,0,0.729375,0.039746,0.230879
smids/Normal_Sperm/Normal_Sperm (805).bmp,0,3,0,1,0.284523,0.688048,0.027430
smids/Normal_Sperm/Normal_Sperm (809).bmp,0,3,0,0,0.767325,0.213643,0.019031
smids/Normal_Sperm/Normal_Sperm (81).bmp,0,3,0,0,0.750594,0.226614,0.022792
smids/Normal_Sperm/Normal_Sperm (816).bmp,0,3,0,1,0.217521,0.758417,0.024062
smids/Normal_Sperm/Normal_Sperm (817).bmp,0,3,0,2,0.222751,0.037080,0.740169
smids/Normal_Sperm/Normal_Sperm (819).bmp,0,3,0,0,0.737231,0.235772,0.026997
smids/Normal_Sperm/Normal_Sperm (824).bmp,0,3,0,0,0.768158,0.211891,0.019951
smids/Normal_Sperm/Normal_Sperm (825).bmp,0,3,0,0,0.769502,0.207038,0.023460
smids/Normal_Sperm/Normal_Sperm (834).bmp,0,3,0,0,0.708899,0.273596,0.017505
smids/Normal_Sperm/Normal_Sperm (837).bmp,0,3,0,0,0.702861,0.278524,0.018616
smids/Normal_Sperm/Normal_Sperm (846).bmp,0,3,0,0,0.738979,0.241080,0.019941
smids/Normal_Sperm/Normal_Sperm (848).bmp,0,3,0,0,0.727775,0.251198,0.021027
smids/Normal_Sperm/Normal_Sperm (852).bmp,0,3,0,0,0.746815,0.234746,0.018439
smids/Normal_Sperm/Normal_Sperm (854).bmp,0,3,0,1,0.304232,0.677698,0.018070
smids/Normal_Sperm/Normal_Sperm (869).bmp,0,3,0,0,0.738706,0.242951,0.018343
smids/Normal_Sperm/Normal_Sperm (870).bmp,0,3,0,0,0.752813,0.226905,0.020282
smids/Normal_Sperm/Normal_Sperm (875).bmp,0,3,0,0,0.705989,0.270592,0.023418
smids/Normal_Sperm/Normal_Sperm (877).bmp,0,3,0,0,0.760032,0.220932,0.019036
smids/Normal_Sperm/Normal_Sperm (88).bmp,0,3,0,0,0.774728,0.198518,0.026754
smids/Normal_Sperm/Normal_Sperm (889).bmp,0,3,0,1,0.292515,0.688646,0.018839
smids/Normal_Sperm/Normal_Sperm (895).bmp,0,3,0,0,0.748068,0.233585,0.018346
smids/Normal_Sperm/Normal_Sperm (896).bmp,0,3,0,0,0.752945,0.228563,0.018492
smids/Normal_Sperm/Normal_Sperm (903).bmp,0,3,0,1,0.303636,0.676081,0.020283
smids/Normal_Sperm/Normal_Sperm (907).bmp,0,3,0,1,0.209541,0.769309,0.021151
smids/Normal_Sperm/Normal_Sperm (908).bmp,0,3,0,0,0.716950,0.265486,0.017564
smids/Normal_Sperm/Normal_Sperm (922).bmp,0,3,0,0,0.708245,0.273694,0.018061
smids/Normal_Sperm/Normal_Sperm (925).bmp,0,3,0,1,0.236714,0.742020,0.021266
smids/Normal_Sperm/Normal_Sperm (93).bmp,0,3,0,0,0.794337,0.182560,0.023103
smids/Normal_Sperm/Normal_Sperm (936).bmp,0,3,0,1,0.301983,0.679025,0.018992
smids/Normal_Sperm/Normal_Sperm (937).bmp,0,3,0,0,0.759618,0.219745,0.020637
smids/Normal_Sperm/Normal_Sperm (941).bmp,0,3,0,1,0.247504,0.731474,0.021021
smids/Normal_Sperm/Normal_Sperm (945).bmp,0,3,0,1,0.294590,0.685670,0.019740
smids/Normal_Sperm/Normal_Sperm (946).bmp,0,3,0,1,0.045437,0.735851,0.218712
smids/Normal_Sperm/Normal_Sperm (960).bmp,0,3,0,1,0.293167,0.687415,0.019418
smids/Normal_Sperm/Normal_Sperm (965).bmp,0,3,0,0,0.732042,0.248450,0.019508
smids/Normal_Sperm/Normal_Sperm (981).bmp,0,3,0,1,0.291053,0.689856,0.019092
smids/Normal_Sperm/Normal_Sperm (989).bmp,0,3,0,0,0.738070,0.040111,0.221819
smids/Abnormal_Sperm/Abnormal_Sperm (100).bmp,0,4,1,1,0.289783,0.694515,0.015701
smids/Abnormal_Sperm/Abnormal_Sperm (1000).bmp,0,4,1,1,0.251774,0.730704,0.017522
smids/Abnormal_Sperm/Abnormal_Sperm (106).bmp,0,4,1,1,0.042030,0.689199,0.268771
smids/Abnormal_Sperm/Abnormal_Sperm (113).bmp,0,4,1,1,0.040062,0.695977,0.263960
smids/Abnormal_Sperm/Abnormal_Sperm (118).bmp,0,4,1,1,0.235230,0.747521,0.017249
smids/Abnormal_Sperm/Abnormal_Sperm (121).bmp,0,4,1,1,0.222282,0.759459,0.018259
smids/Abnormal_Sperm/Abnormal_Sperm (130).bmp,0,4,1,1,0.211866,0.768810,0.019324
smids/Abnormal_Sperm/Abnormal_Sperm (135).bmp,0,4,1,1,0.211363,0.768731,0.019906
smids/Abnormal_Sperm/Abnormal_Sperm (138).bmp,0,4,1,1,0.233704,0.747227,0.019069
smids/Abnormal_Sperm/Abnormal_Sperm (140).bmp,0,4,1,1,0.274187,0.709192,0.016621
smids/Abnormal_Sperm/Abnormal_Sperm (142).bmp,0,4,1,1,0.290230,0.694848,0.014922
smids/Abnormal_Sperm/Abnormal_Sperm (143).bmp,0,4,1,1,0.268816,0.712024,0.019160
smids/Abnormal_Sperm/Abnormal_Sperm (145).bmp,0,4,1,1,0.216076,0.765894,0.018030
smids/Abnormal_Sperm/Abnormal_Sperm (149).bmp,0,4,1,1,0.205608,0.774685,0.019707
smids/Abnormal_Sperm/Abnormal_Sperm (151).bmp,0,4,1,2,0.039865,0.178964,0.781171
smids/Abnormal_Sperm/Abnormal_Sperm (153).bmp,0,4,1,1,0.201411,0.780007,0.018582
smids/Abnormal_Sperm/Abnormal_Sperm (162).bmp,0,4,1,1,0.219034,0.761219,0.019747
smids/Abnormal_Sperm/Abnormal_Sperm (163).bmp,0,4,1,1,0.219364,0.761133,0.019503
smids/Abnormal_Sperm/Abnormal_Sperm (170).bmp,0,4,1,1,0.222833,0.757984,0.019183
smids/Abnormal_Sperm/Abnormal_Sperm (178).bmp,0,4,1,1,0.237339,0.744041,0.018619
smids/Abnormal_Sperm/Abnormal_Sperm (179).bmp,0,4,1,1,0.302151,0.681581,0.016268
smids/Abnormal_Sperm/Abnormal_Sperm (186).bmp,0,4,1,1,0.214215,0.767809,0.017976
smids/Abnormal_Sperm/Abnormal_Sperm (188).bmp,0,4,1,1,0.040927,0.740524,0.218550
smids/Abnormal_Sperm/Abnormal_Sperm (189).bmp,0,4,1,1,0.201796,0.778819,0.019385
smids/Abnormal_Sperm/Abnormal_Sperm (192).bmp,0,4,1,1,0.291827,0.692289,0.015884
smids/Abnormal_Sperm/Abnormal_Sperm (195).bmp,0,4,1,1,0.238128,0.742443,0.019429
smids/Abnormal_Sperm/Abnormal_Sperm (197).bmp,0,4,1,1,0.227832,0.754613,0.017556
smids/Abnormal_Sperm/Abnormal_Sperm (199).bmp,0,4,1,1,0.041318,0.766283,0.192399
smids/Abnormal_Sperm/Abnormal_Sperm (205).bmp,0,4,1,1,0.040548,0.718539,0.240914
smids/Abnormal_Sperm/Abnormal_Sperm (21).bmp,0,4,1,1,0.035627,0.647804,0.316569
smids/Abnormal_Sperm/Abnormal_Sperm (214).bmp,0,4,1,1,0.044385,0.753918,0.201697
smids/Abnormal_Sperm/Abnormal_Sperm (226).bmp,0,4,1,1,0.228353,0.751762,0.019885
smids/Abnormal_Sperm/Abnormal_Sperm (228).bmp,0,4,1,2,0.037417,0.201552,0.761031
smids/Abnormal_Sperm/Abnormal_Sperm (229).bmp,0,4,1,1,0.263933,0.718788,0.017279
smids/Abnormal_Sperm/Abnormal_Sperm (230).bmp,0,4,1,1,0.286582,0.696801,0.016618
smids/Abnormal_Sperm/Abnormal_Sperm (237).bmp,0,4,1,1,0.039775,0.737835,0.222390
smids/Abnormal_Sperm/Abnormal_Sperm (244).bmp,0,4,1,1,0.041330,0.762227,0.196444
smids/Abnormal_Sperm/Abnormal_Sperm (248).bmp,0,4,1,1,0.282637,0.701941,0.015422
smids/Abnormal_Sperm/Abnormal_Sperm (259).bmp,0,4,1,1,0.043478,0.721624,0.234898
smids/Abnormal_Sperm/Abnormal_Sperm (262).bmp,0,4,1,1,0.227039,0.752856,0.020105
smids/Abnormal_Sperm/Abnormal_Sperm (264).bmp,0,4,1,1,0.208458,0.771196,0.020346
smids/Abnormal_Sperm/Abnormal_Sperm (265).bmp,0,4,1,1,0.040990,0.740607,0.218402
smids/Abnormal_Sperm/Abnormal_Sperm (270).bmp,0,4,1,1,0.261531,0.722012,0.016457
smids/Abnormal_Sperm/Abnormal_Sperm (273).bmp,0,4,1,1,0.203342,0.776956,0.019701
smids/Abnormal_Sperm/Abnormal_Sperm (274).bmp,0,4,1,1,0.040063,0.731477,0.228460
smids/Abnormal_Sperm/Abnormal_Sperm (279).bmp,0,4,1,1,0.267472,0.713761,0.018767
smids/Abnormal_Sperm/Abnormal_Sperm (283).bmp,0,4,1,1,0.038224,0.710656,0.251120
smids/Abnormal_Sperm/Abnormal_Sperm (297).bmp,0,4,1,1,0.236649,0.743472,0.019879
smids/Abnormal_Sperm/Abnormal_Sperm (299).bmp,0,4,1,1,0.269451,0.713487,0.017062
smids/Abnormal_Sperm/Abnormal_Sperm (3).bmp,0,4,1,2,0.038151,0.176698,0.785152
smids/Abnormal_Sperm/Abnormal_Sperm (305).bmp,0,4,1,1,0.202067,0.778336,0.019597
smids/Abnormal_Sperm/Abnormal_Sperm (307).bmp,0,4,1,0,0.715026,0.270043,0.014931
smids/Abnormal_Sperm/Abnormal_Sperm (315).bmp,0,4,1,2,0.033996,0.220441,0.745564
smids/Abnormal_Sperm/Abnormal_Sperm (316).bmp,0,4,1,1,0.229985,0.753177,0.016838
smids/Abnormal_Sperm/Abnormal_Sperm (318).bmp,0,4,1,1,0.289575,0.693587,0.016838
smids/Abnormal_Sperm/Abnormal_Sperm (329).bmp,0,4,1,1,0.243171,0.739060,0.017769
smids/Abnormal_Sperm/Abnormal_Sperm (330).bmp,0,4,1,1,0.267360,0.716087,0.016552
smids/Abnormal_Sperm/Abnormal_Sperm (334).bmp,0,4,1,1,0.043280,0.748037,0.208683
smids/Abnormal_Sperm/Abnormal_Sperm (344).bmp,0,4,1,1,0.214687,0.765532,0.019781
smids/Abnormal_Sperm/Abnormal_Sperm (346).bmp,0,4,1,1,0.253279,0.725499,0.021223
smids/Abnormal_Sperm/Abnormal_Sperm (350).bmp,0,4,1,1,0.231914,0.750867,0.017219
smids/Abnormal_Sperm/Abnormal_Sperm (357).bmp,0,4,1,1,0.206042,0.772598,0.021360
smids/Abnormal_Sperm/Abnormal_Sperm (360).bmp,0,4,1,1,0.266665,0.717426,0.015908
smids/Abnormal_Sperm/Abnormal_Sperm (364).bmp,0,4,1,1,0.220135,0.761745,0.018120
smids/Abnormal_Sperm/Abnormal_Sperm (367).bmp,0,4,1,1,0.299300,0.686103,0.014597
smids/Abnormal_Sperm/Abnormal_Sperm (368).bmp,0,4,1,1,0.033535,0.667123,0.299341
smids/Abnormal_Sperm/Abnormal_Sperm (382).bmp,0,4,1,1,0.218255,0.764065,0.017681
smids/Abnormal_Sperm/Abnormal_Sperm (383).bmp,0,4,1,1,0.040749,0.754738,0.204514
smids/Abnormal_Sperm/Abnormal_Sperm (396).bmp,0,4,1,1,0.297168,0.686610,0.016222
smids/Abnormal_Sperm/Abnormal_Sperm (400).bmp,0,4,1,1,0.202981,0.777352,0.019668
smids/Abnormal_Sperm/Abnormal_Sperm (401).bmp,0,4,1,1,0.241547,0.741118,0.017335
smids/Abnormal_Sperm/Abnormal_Sperm (403).bmp,0,4,1,1,0.311840,0.673959,0.014201
smids/Abnormal_Sperm/Abnormal_Sperm (421).bmp,0,4,1,1,0.250511,0.731362,0.018127
smids/Abnormal_Sperm/Abnormal_Sperm (429).bmp,0,4,1,1,0.243242,0.736912,0.019846
smids/Abnormal_Sperm/Abnormal_Sperm (43).bmp,0,4,1,2,0.039293,0.191650,0.769057
smids/Abnormal_Sperm/Abnormal_Sperm (469).bmp,0,4,1,1,0.224953,0.756461,0.018586
smids/Abnormal_Sperm/Abnormal_Sperm (477).bmp,0,4,1,1,0.264867,0.717464,0.017669
smids/Abnormal_Sperm/Abnormal_Sperm (478).bmp,0,4,1,1,0.273326,0.701999,0.024675
smids/Abnormal_Sperm/Abnormal_Sperm (485).bmp,0,4,1,1,0.220284,0.759554,0.020162
smids/Abnormal_Sperm/Abnormal_Sperm (486).bmp,0,4,1,1,0.036474,0.690666,0.272860
smids/Abnormal_Sperm/Abnormal_Sperm (487).bmp,0,4,1,0,0.715522,0.267856,0.016622
smids/Abnormal_Sperm/Abnormal_Sperm (490).bmp,0,4,1,1,0.215922,0.765956,0.018122
smids/Abnormal_Sperm/Abnormal_Sperm (493).bmp,0,4,1,1,0.210924,0.765737,0.023339
smids/Abnormal_Sperm/Abnormal_Sperm (496).bmp,0,4,1,1,0.262952,0.719630,0.017417
smids/Abnormal_Sperm/Abnormal_Sperm (497).bmp,0,4,1,2,0.031883,0.221394,0.746723
smids/Abnormal_Sperm/Abnormal_Sperm (500).bmp,0,4,1,2,0.181529,0.031731,0.786740
smids/Abnormal_Sperm/Abnormal_Sperm (506).bmp,0,4,1,1,0.292323,0.691437,0.016240
smids/Abnormal_Sperm/Abnormal_Sperm (508).bmp,0,4,1,2,0.038252,0.145806,0.815942
smids/Abnormal_Sperm/Abnormal_Sperm (510).bmp,0,4,1,2,0.346019,0.292954,0.361027
smids/Abnormal_Sperm/Abnormal_Sperm (511).bmp,0,4,1,1,0.255200,0.726658,0.018142
smids/Abnormal_Sperm/Abnormal_Sperm (518).bmp,0,4,1,1,0.278610,0.705624,0.015766
smids/Abnormal_Sperm/Abnormal_Sperm (521).bmp,0,4,1,1,0.213369,0.767468,0.019163
smids/Abnormal_Sperm/Abnormal_Sperm (522).bmp,0,4,1,1,0.228565,0.747984,0.023451
smids/Abnormal_Sperm/Abnormal_Sperm (525).bmp,0,4,1,1,0.206576,0.774135,0.019289
smids/Abnormal_Sperm/Abnormal_Sperm (532).bmp,0,4,1,1,0.211192,0.767043,0.021765
smids/Abnormal_Sperm/Abnormal_Sperm (548).bmp,0,4,1,1,0.042528,0.750952,0.206520
smids/Abnormal_Sperm/Abnormal_Sperm (549).bmp,0,4,1,0,0.759165,0.034404,0.206431
smids/Abnormal_Sperm/Abnormal_Sperm (55).bmp,0,4,1,1,0.227195,0.753872,0.018934
smids/Abnormal_Sperm/Abnormal_Sperm (554).bmp,0,4,1,0,0.778878,0.194835,0.026286
smids/Abnormal_Sperm/Abnormal_Sperm (555).bmp,0,4,1,0,0.735959,0.246377,0.017664
smids/Abnormal_Sperm/Abnormal_Sperm (558).bmp,0,4,1,1,0.268767,0.708752,0.022481
smids/Abnormal_Sperm/Abnormal_Sperm (568).bmp,0,4,1,1,0.237914,0.741168,0.020917
smids/Abnormal_Sperm/Abnormal_Sperm (577).bmp,0,4,1,0,0.731207,0.249061,0.019732
smids/Abnormal_Sperm/Abnormal_Sperm (578).bmp,0,4,1,0,0.750603,0.220294,0.029102
smids/Abnormal_Sperm/Abnormal_Sperm (601).bmp,0,4,1,0,0.777300,0.197566,0.025134
smids/Abnormal_Sperm/Abnormal_Sperm (605).bmp,0,4,1,2,0.038964,0.174520,0.786516
smids/Abnormal_Sperm/Abnormal_Sperm (606).bmp,0,4,1,0,0.753050,0.228103,0.018847
smids/Abnormal_Sperm/Abnormal_Sperm (611).bmp,0,4,1,1,0.300517,0.681503,0.017980
smids/Abnormal_Sperm/Abnormal_Sperm (613).bmp,0,4,1,1,0.274987,0.708646,0.016367
smids/Abnormal_Sperm/Abnormal_Sperm (617).bmp,0,4,1,1,0.287075,0.697993,0.014932
smids/Abnormal_Sperm/Abnormal_Sperm (619).bmp,0,4,1,1,0.223014,0.758811,0.018175
smids/Abnormal_Sperm/Abnormal_Sperm (623).bmp,0,4,1,1,0.291017,0.692521,0.016461
smids/Abnormal_Sperm/Abnormal_Sperm (630).bmp,0,4,1,2,0.031094,0.228696,0.740210
smids/Abnormal_Sperm/Abnormal_Sperm (631).bmp,0,4,1,1,0.280414,0.701355,0.018232
smids/Abnormal_Sperm/Abnormal_Sperm (633).bmp,0,4,1,1,0.221455,0.758716,0.019829
smids/Abnormal_Sperm/Abnormal_Sperm (635).bmp,0,4,1,1,0.272640,0.712055,0.015305
smids/Abnormal_Sperm/Abnormal_Sperm (638).bmp,0,4,1,0,0.743230,0.239797,0.016973
smids/Abnormal_Sperm/Abnormal_Sperm (642).bmp,0,4,1,0,0.726198,0.258751,0.015051
smids/Abnormal_Sperm/Abnormal_Sperm (652).bmp,0,4,1,1,0.282783,0.699903,0.017314
smids/Abnormal_Sperm/Abnormal_Sperm (669).bmp,0,4,1,1,0.224260,0.756767,0.018974
smids/Abnormal_Sperm/Abnormal_Sperm (673).bmp,0,4,1,1,0.231173,0.752296,0.016532
smids/Abnormal_Sperm/Abnormal_Sperm (680).bmp,0,4,1,1,0.217820,0.763954,0.018226
smids/Abnormal_Sperm/Abnormal_Sperm (681).bmp,0,4,1,1,0.222333,0.759902,0.017765
smids/Abnormal_Sperm/Abnormal_Sperm (688).bmp,0,4,1,1,0.206044,0.773664,0.020292
smids/Abnormal_Sperm/Abnormal_Sperm (698).bmp,0,4,1,1,0.301740,0.683993,0.014267
smids/Abnormal_Sperm/Abnormal_Sperm (699).bmp,0,4,1,0,0.716215,0.266453,0.017332
smids/Abnormal_Sperm/Abnormal_Sperm (7).bmp,0,4,1,0,0.777896,0.206123,0.015981
smids/Abnormal_Sperm/Abnormal_Sperm (701).bmp,0,4,1,1,0.218167,0.759138,0.022695
smids/Abnormal_Sperm/Abnormal_Sperm (702).bmp,0,4,1,1,0.214880,0.767639,0.017480
smids/Abnormal_Sperm/Abnormal_Sperm (709).bmp,0,4,1,1,0.281369,0.703484,0.015147
smids/Abnormal_Sperm/Abnormal_Sperm (71).bmp,0,4,1,1,0.041298,0.746975,0.211728
smids/Abnormal_Sperm/Abnormal_Sperm (711).bmp,0,4,1,1,0.275687,0.705548,0.018765
smids/Abnormal_Sperm/Abnormal_Sperm (716).bmp,0,4,1,1,0.297932,0.686626,0.015442
smids/Abnormal_Sperm/Abnormal_Sperm (72).bmp,0,4,1,1,0.208211,0.773446,0.018343
smids/Abnormal_Sperm/Abnormal_Sperm (721).bmp,0,4,1,1,0.301016,0.681662,0.017323
smids/Abnormal_Sperm/Abnormal_Sperm (722).bmp,0,4,1,1,0.296296,0.688551,0.015153
smids/Abnormal_Sperm/Abnormal_Sperm (730).bmp,0,4,1,0,0.737798,0.246426,0.015776
smids/Abnormal_Sperm/Abnormal_Sperm (731).bmp,0,4,1,1,0.292842,0.692185,0.014973
smids/Abnormal_Sperm/Abnormal_Sperm (739).bmp,0,4,1,1,0.289989,0.694850,0.015161
smids/Abnormal_Sperm/Abnormal_Sperm (741).bmp,0,4,1,0,0.713674,0.272266,0.014059
smids/Abnormal_Sperm/Abnormal_Sperm (745).bmp,0,4,1,1,0.310065,0.675651,0.014284
smids/Abnormal_Sperm/Abnormal_Sperm (747).bmp,0,4,1,1,0.041596,0.667623,0.290781
smids/Abnormal_Sperm/Abnormal_Sperm (751).bmp,0,4,1,0,0.712017,0.272938,0.015045
smids/Abnormal_Sperm/Abnormal_Sperm (755).bmp,0,4,1,1,0.222358,0.756256,0.021386
smids/Abnormal_Sperm/Abnormal_Sperm (757).bmp,0,4,1,1,0.250341,0.733483,0.016177
smids/Abnormal_Sperm/Abnormal_Sperm (758).bmp,0,4,1,1,0.284255,0.700497,0.015248
smids/Abnormal_Sperm/Abnormal_Sperm (759).bmp,0,4,1,1,0.212491,0.768845,0.018664
smids/Abnormal_Sperm/Abnormal_Sperm (773).bmp,0,4,1,1,0.208383,0.774265,0.017352
smids/Abnormal_Sperm/Abnormal_Sperm (774).bmp,0,4,1,0,0.803951,0.178202,0.017846
smids/Abnormal_Sperm/Abnormal_Sperm (778).bmp,0,4,1,1,0.240721,0.741883,0.017396
smids/Abnormal_Sperm/Abnormal_Sperm (79).bmp,0,4,1,1,0.034146,0.650505,0.315349
smids/Abnormal_Sperm/Abnormal_Sperm (791).bmp,0,4,1,0,0.712998,0.271823,0.015179
smids/Abnormal_Sperm/Abnormal_Sperm (798).bmp,0,4,1,1,0.234282,0.749652,0.016065
smids/Abnormal_Sperm/Abnormal_Sperm (800).bmp,0,4,1,1,0.246982,0.735942,0.017076
smids/Abnormal_Sperm/Abnormal_Sperm (809).bmp,0,4,1,1,0.240485,0.737516,0.021999
smids/Abnormal_Sperm/Abnormal_Sperm (814).bmp,0,4,1,1,0.304248,0.680998,0.014754
smids/Abnormal_Sperm/Abnormal_Sperm (817).bmp,0,4,1,1,0.232908,0.750211,0.016882
smids/Abnormal_Sperm/Abnormal_Sperm (820).bmp,0,4,1,0,0.732103,0.251407,0.016490
smids/Abnormal_Sperm/Abnormal_Sperm (826).bmp,0,4,1,0,0.741978,0.240731,0.017291
smids/Abnormal_Sperm/Abnormal_Sperm (833).bmp,0,4,1,1,0.222604,0.760721,0.016676
smids/Abnormal_Sperm/Abnormal_Sperm (836).bmp,0,4,1,1,0.304360,0.680582,0.015058
smids/Abnormal_Sperm/Abnormal_Sperm (838).bmp,0,4,1,1,0.297616,0.686497,0.015887
smids/Abnormal_Sperm/Abnormal_Sperm (841).bmp,0,4,1,1,0.244456,0.739327,0.016217
smids/Abnormal_Sperm/Abnormal_Sperm (849).bmp,0,4,1,0,0.775749,0.207141,0.017111
smids/Abnormal_Sperm/Abnormal_Sperm (850).bmp,0,4,1,1,0.213382,0.768091,0.018527
smids/Abnormal_Sperm/Abnormal_Sperm (851).bmp,0,4,1,1,0.244867,0.738203,0.016930
smids/Abnormal_Sperm/Abnormal_Sperm (860).bmp,0,4,1,0,0.765722,0.218748,0.015530
smids/Abnormal_Sperm/Abnormal_Sperm (867).bmp,0,4,1,0,0.755864,0.224362,0.019775
smids/Abnormal_Sperm/Abnormal_Sperm (868).bmp,0,4,1,1,0.220051,0.760232,0.019717
smids/Abnormal_Sperm/Abnormal_Sperm (875).bmp,0,4,1,1,0.289503,0.694560,0.015937
smids/Abnormal_Sperm/Abnormal_Sperm (881).bmp,0,4,1,0,0.712690,0.272877,0.014433
smids/Abnormal_Sperm/Abnormal_Sperm (886).bmp,0,4,1,0,0.740985,0.241584,0.017431
smids/Abnormal_Sperm/Abnormal_Sperm (887).bmp,0,4,1,1,0.265032,0.711297,0.023671
smids/Abnormal_Sperm/Abnormal_Sperm (893).bmp,0,4,1,1,0.298732,0.686160,0.015108
smids/Abnormal_Sperm/Abnormal_Sperm (898).bmp,0,4,1,1,0.246403,0.736303,0.017293
smids/Abnormal_Sperm/Abnormal_Sperm (90).bmp,0,4,1,0,0.731646,0.249938,0.018416
smids/Abnormal_Sperm/Abnormal_Sperm (91).bmp,0,4,1,1,0.218422,0.760289,0.021289
smids/Abnormal_Sperm/Abnormal_Sperm (917).bmp,0,4,1,2,0.044719,0.179630,0.775651
smids/Abnormal_Sperm/Abnormal_Sperm (918).bmp,0,4,1,1,0.309904,0.675309,0.014787
smids/Abnormal_Sperm/Abnormal_Sperm (924).bmp,0,4,1,1,0.204255,0.776325,0.019420
smids/Abnormal_Sperm/Abnormal_Sperm (93).bmp,0,4,1,1,0.262204,0.721440,0.016356
smids/Abnormal_Sperm/Abnormal_Sperm (934).bmp,0,4,1,1,0.223289,0.759285,0.017426
smids/Abnormal_Sperm/Abnormal_Sperm (95).bmp,0,4,1,1,0.037605,0.744011,0.218384
smids/Abnormal_Sperm/Abnormal_Sperm (953).bmp,0,4,1,0,0.712312,0.272973,0.014715
smids/Abnormal_Sperm/Abnormal_Sperm (954).bmp,0,4,1,1,0.284517,0.700231,0.015252
smids/Abnormal_Sperm/Abnormal_Sperm (956).bmp,0,4,1,1,0.236835,0.742393,0.020771
smids/Abnormal_Sperm/Abnormal_Sperm (958).bmp,0,4,1,1,0.050548,0.733319,0.216133
smids/Abnormal_Sperm/Abnormal_Sperm (961).bmp,0,4,1,1,0.291699,0.691037,0.017264
smids/Abnormal_Sperm/Abnormal_Sperm (965).bmp,0,4,1,1,0.289060,0.694761,0.016179
smids/Abnormal_Sperm/Abnormal_Sperm (971).bmp,0,4,1,1,0.261224,0.720069,0.018707
smids/Abnormal_Sperm/Abnormal_Sperm (980).bmp,0,4,1,1,0.213246,0.762516,0.024239
smids/Abnormal_Sperm/Abnormal_Sperm (981).bmp,0,4,1,1,0.224503,0.757432,0.018065
smids/Abnormal_Sperm/Abnormal_Sperm (990).bmp,0,4,1,1,0.266686,0.715174,0.018140
smids/Abnormal_Sperm/Abnormal_Sperm (999).bmp,0,4,1,1,0.212058,0.766788,0.021154
smids/Non-Sperm/Non-Sperm (105).bmp,0,4,2,2,0.167853,0.027807,0.804340
smids/Non-Sperm/Non-Sperm (117).bmp,0,4,2,2,0.225746,0.031157,0.743097
smids/Non-Sperm/Non-Sperm (12).bmp,0,4,2,2,0.030759,0.213137,0.756104
smids/Non-Sperm/Non-Sperm (127).bmp,0,4,2,2,0.034877,0.158150,0.806973
smids/Non-Sperm/Non-Sperm (133).bmp,0,4,2,2,0.186651,0.027460,0.785889
smids/Non-Sperm/Non-Sperm (135).bmp,0,4,2,2,0.165692,0.027477,0.806832
smids/Non-Sperm/Non-Sperm (137).bmp,0,4,2,2,0.037295,0.161918,0.800787
smids/Non-Sperm/Non-Sperm (138).bmp,0,4,2,2,0.186986,0.027798,0.785216
smids/Non-Sperm/Non-Sperm (152).bmp,0,4,2,2,0.184018,0.026827,0.789155
smids/Non-Sperm/Non-Sperm (153).bmp,0,4,2,2,0.192890,0.028188,0.778922
smids/Non-Sperm/Non-Sperm (157).bmp,0,4,2,2,0.175595,0.027592,0.796812
smids/Non-Sperm/Non-Sperm (161).bmp,0,4,2,0,0.792503,0.190228,0.017270
smids/Non-Sperm/Non-Sperm (174).bmp,0,4,2,2,0.175836,0.030967,0.793196
smids/Non-Sperm/Non-Sperm (177).bmp,0,4,2,2,0.175641,0.028226,0.796133
smids/Non-Sperm/Non-Sperm (180).bmp,0,4,2,2,0.190012,0.027089,0.782899
smids/Non-Sperm/Non-Sperm (181).bmp,0,4,2,2,0.170397,0.027695,0.801908
smids/Non-Sperm/Non-Sperm (185).bmp,0,4,2,1,0.040548,0.738575,0.220877
smids/Non-Sperm/Non-Sperm (187).bmp,0,4,2,2,0.037510,0.154016,0.808474
smids/Non-Sperm/Non-Sperm (190).bmp,0,4,2,2,0.032218,0.175891,0.791891
smids/Non-Sperm/Non-Sperm (194).bmp,0,4,2,2,0.037191,0.148263,0.814546
smids/Non-Sperm/Non-Sperm (20).bmp,0,4,2,1,0.047024,0.658346,0.294629
smids/Non-Sperm/Non-Sperm (205).bmp,0,4,2,2,0.032556,0.162276,0.805168
smids/Non-Sperm/Non-Sperm (213).bmp,0,4,2,2,0.035665,0.146831,0.817504
smids/Non-Sperm/Non-Sperm (222).bmp,0,4,2,2,0.170013,0.027625,0.802362
smids/Non-Sperm/Non-Sperm (226).bmp,0,4,2,2,0.164645,0.027791,0.807563
smids/Non-Sperm/Non-Sperm (23).bmp,0,4,2,0,0.772008,0.208218,0.019774
smids/Non-Sperm/Non-Sperm (235).bmp,0,4,2,2,0.167015,0.028793,0.804192
smids/Non-Sperm/Non-Sperm (241).bmp,0,4,2,2,0.172484,0.027846,0.799670
smids/Non-Sperm/Non-Sperm (248).bmp,0,4,2,2,0.163016,0.027711,0.809274
smids/Non-Sperm/Non-Sperm (250).bmp,0,4,2,2,0.175756,0.028097,0.796147
smids/Non-Sperm/Non-Sperm (256).bmp,0,4,2,2,0.200589,0.030004,0.769407
smids/Non-Sperm/Non-Sperm (267).bmp,0,4,2,2,0.033924,0.149155,0.816921
smids/Non-Sperm/Non-Sperm (269).bmp,0,4,2,2,0.210474,0.026936,0.762590
smids/Non-Sperm/Non-Sperm (284).bmp,0,4,2,2,0.033291,0.156758,0.809951
smids/Non-Sperm/Non-Sperm (286).bmp,0,4,2,2,0.219314,0.026946,0.753740
smids/Non-Sperm/Non-Sperm (290).bmp,0,4,2,2,0.170508,0.028257,0.801236
smids/Non-Sperm/Non-Sperm (293).bmp,0,4,2,2,0.182050,0.028898,0.789052
smids/Non-Sperm/Non-Sperm (294).bmp,0,4,2,2,0.168835,0.030782,0.800382
smids/Non-Sperm/Non-Sperm (297).bmp,0,4,2,2,0.033812,0.162309,0.803879
smids/Non-Sperm/Non-Sperm (3).bmp,0,4,2,2,0.031257,0.227843,0.740900
smids/Non-Sperm/Non-Sperm (303).bmp,0,4,2,2,0.175069,0.027367,0.797564
smids/Non-Sperm/Non-Sperm (307).bmp,0,4,2,2,0.180561,0.027679,0.791760
smids/Non-Sperm/Non-Sperm (309).bmp,0,4,2,2,0.182545,0.029954,0.787502
smids/Non-Sperm/Non-Sperm (312).bmp,0,4,2,2,0.173694,0.028222,0.798084
smids/Non-Sperm/Non-Sperm (33).bmp,0,4,2,1,0.037352,0.673637,0.289011
smids/Non-Sperm/Non-Sperm (338).bmp,0,4,2,1,0.200048,0.780587,0.019366
smids/Non-Sperm/Non-Sperm (347).bmp,0,4,2,2,0.175698,0.027318,0.796984
smids/Non-Sperm/Non-Sperm (350).bmp,0,4,2,2,0.218982,0.027311,0.753707
smids/Non-Sperm/Non-Sperm (354).bmp,0,4,2,2,0.030830,0.180182,0.788988
smids/Non-Sperm/Non-Sperm (36).bmp,0,4,2,1,0.212191,0.768081,0.019727
smids/Non-Sperm/Non-Sperm (363).bmp,0,4,2,2,0.199380,0.032167,0.768453
smids/Non-Sperm/Non-Sperm (379).bmp,0,4,2,2,0.030855,0.170944,0.798201
smids/Non-Sperm/Non-Sperm (384).bmp,0,4,2,2,0.295436,0.347424,0.357141
smids/Non-Sperm/Non-Sperm (386).bmp,0,4,2,2,0.032853,0.207653,0.759494
smids/Non-Sperm/Non-Sperm (389).bmp,0,4,2,2,0.166178,0.027729,0.806093
smids/Non-Sperm/Non-Sperm (393).bmp,0,4,2,2,0.198120,0.029868,0.772012
smids/Non-Sperm/Non-Sperm (400).bmp,0,4,2,2,0.329608,0.302491,0.367901
smids/Non-Sperm/Non-Sperm (404).bmp,0,4,2,2,0.030803,0.195461,0.773736
smids/Non-Sperm/Non-Sperm (413).bmp,0,4,2,2,0.030732,0.190943,0.778325
smids/Non-Sperm/Non-Sperm (42).bmp,0,4,2,0,0.684669,0.041948,0.273383
smids/Non-Sperm/Non-Sperm (420).bmp,0,4,2,2,0.254474,0.025706,0.719820
smids/Non-Sperm/Non-Sperm (423).bmp,0,4,2,2,0.168060,0.027723,0.804217
smids/Non-Sperm/Non-Sperm (425).bmp,0,4,2,1,0.040082,0.705469,0.254449
smids/Non-Sperm/Non-Sperm (430).bmp,0,4,2,2,0.034431,0.140257,0.825312
smids/Non-Sperm/Non-Sperm (435).bmp,0,4,2,2,0.177019,0.029930,0.793051
smids/Non-Sperm/Non-Sperm (437).bmp,0,4,2,2,0.033905,0.147532,0.818563
smids/Non-Sperm/Non-Sperm (444).bmp,0,4,2,2,0.175832,0.027754,0.796414
smids/Non-Sperm/Non-Sperm (445).bmp,0,4,2,2,0.191204,0.028034,0.780761
smids/Non-Sperm/Non-Sperm (446).bmp,0,4,2,2,0.175638,0.028447,0.795915
smids/Non-Sperm/Non-Sperm (447).bmp,0,4,2,2,0.033340,0.145029,0.821632
smids/Non-Sperm/Non-Sperm (455).bmp,0,4,2,2,0.169884,0.029104,0.801012
smids/Non-Sperm/Non-Sperm (457).bmp,0,4,2,2,0.177486,0.031524,0.790989
smids/Non-Sperm/Non-Sperm (46).bmp,0,4,2,2,0.036161,0.205914,0.757925
smids/Non-Sperm/Non-Sperm (460).bmp,0,4,2,2,0.199715,0.026992,0.773292
smids/Non-Sperm/Non-Sperm (461).bmp,0,4,2,2,0.030964,0.208173,0.760863
smids/Non-Sperm/Non-Sperm (462).bmp,0,4,2,2,0.172001,0.028130,0.799868
smids/Non-Sperm/Non-Sperm (469).bmp,0,4,2,2,0.194881,0.030736,0.774383
smids/Non-Sperm/Non-Sperm (47).bmp,0,4,2,1,0.038667,0.678104,0.283229
smids/Non-Sperm/Non-Sperm (478).bmp,0,4,2,2,0.182234,0.029933,0.787833
smids/Non-Sperm/Non-Sperm (496).bmp,0,4,2,2,0.179208,0.027921,0.792872
smids/Non-Sperm/Non-Sperm (498).bmp,0,4,2,2,0.176211,0.029363,0.794426
smids/Non-Sperm/Non-Sperm (499).bmp,0,4,2,2,0.172087,0.028385,0.799528
smids/Non-Sperm/Non-Sperm (5).bmp,0,4,2,1,0.034917,0.683856,0.281227
smids/Non-Sperm/Non-Sperm (501).bmp,0,4,2,2,0.191479,0.028343,0.780178
smids/Non-Sperm/Non-Sperm (508).bmp,0,4,2,2,0.176705,0.027420,0.795874
smids/Non-Sperm/Non-Sperm (509).bmp,0,4,2,2,0.172188,0.028395,0.799417
smids/Non-Sperm/Non-Sperm (511).bmp,0,4,2,2,0.032829,0.185873,0.781298
smids/Non-Sperm/Non-Sperm (516).bmp,0,4,2,1,0.039341,0.670244,0.290415
smids/Non-Sperm/Non-Sperm (518).bmp,0,4,2,2,0.032567,0.142260,0.825173
smids/Non-Sperm/Non-Sperm (522).bmp,0,4,2,2,0.031006,0.205932,0.763062
smids/Non-Sperm/Non-Sperm (53).bmp,0,4,2,1,0.037274,0.719071,0.243655
smids/Non-Sperm/Non-Sperm (533).bmp,0,4,2,2,0.039825,0.155491,0.804684
smids/Non-Sperm/Non-Sperm (54).bmp,0,4,2,1,0.257332,0.717803,0.024866
smids/Non-Sperm/Non-Sperm (541).bmp,0,4,2,2,0.191680,0.026888,0.781432
smids/Non-Sperm/Non-Sperm (544).bmp,0,4,2,2,0.183581,0.027526,0.788893
smids/Non-Sperm/Non-Sperm (547).bmp,0,4,2,2,0.177125,0.031564,0.791311
smids/Non-Sperm/Non-Sperm (563).bmp,0,4,2,2,0.035660,0.153138,0.811202
smids/Non-Sperm/Non-Sperm (571).bmp,0,4,2,1,0.043058,0.719366,0.237576
smids/Non-Sperm/Non-Sperm (572).bmp,0,4,2,2,0.039075,0.185667,0.775257
smids/Non-Sperm/Non-Sperm (574).bmp,0,4,2,2,0.032102,0.168723,0.799175
smids/Non-Sperm/Non-Sperm (575).bmp,0,4,2,2,0.169758,0.030087,0.800154
smids/Non-Sperm/Non-Sperm (576).bmp,0,4,2,1,0.039088,0.728623,0.232289
smids/Non-Sperm/Non-Sperm (581).bmp,0,4,2,2,0.181962,0.027580,0.790458
smids/Non-Sperm/Non-Sperm (588).bmp,0,4,2,2,0.036511,0.157067,0.806421
smids/Non-Sperm/Non-Sperm (59).bmp,0,4,2,1,0.041955,0.745074,0.212971
smids/Non-Sperm/Non-Sperm (591).bmp,0,4,2,2,0.171694,0.030886,0.797421
smids/Non-Sperm/Non-Sperm (593).bmp,0,4,2,2,0.231205,0.028673,0.740122
smids/Non-Sperm/Non-Sperm (597).bmp,0,4,2,2,0.192762,0.027493,0.779745
smids/Non-Sperm/Non-Sperm (6).bmp,0,4,2,2,0.031051,0.220495,0.748453
smids/Non-Sperm/Non-Sperm (60).bmp,0,4,2,1,0.267448,0.715583,0.016969
smids/Non-Sperm/Non-Sperm (603).bmp,0,4,2,2,0.032566,0.205652,0.761781
smids/Non-Sperm/Non-Sperm (607).bmp,0,4,2,2,0.032410,0.168952,0.798639
smids/Non-Sperm/Non-Sperm (61).bmp,0,4,2,1,0.213756,0.768162,0.018082
smids/Non-Sperm/Non-Sperm (611).bmp,0,4,2,2,0.195804,0.026751,0.777446
smids/Non-Sperm/Non-Sperm (612).bmp,0,4,2,2,0.163805,0.027618,0.808576
smids/Non-Sperm/Non-Sperm (62).bmp,0,4,2,1,0.040300,0.734888,0.224812
smids/Non-Sperm/Non-Sperm (621).bmp,0,4,2,2,0.174645,0.031272,0.794083
smids/Non-Sperm/Non-Sperm (633).bmp,0,4,2,2,0.033505,0.142433,0.824061
smids/Non-Sperm/Non-Sperm (634).bmp,0,4,2,2,0.037035,0.160457,0.802508
smids/Non-Sperm/Non-Sperm (644).bmp,0,4,2,2,0.035257,0.154567,0.810176
smids/Non-Sperm/Non-Sperm (650).bmp,0,4,2,1,0.033510,0.647069,0.319421
smids/Non-Sperm/Non-Sperm (657).bmp,0,4,2,2,0.034234,0.153976,0.811790
smids/Non-Sperm/Non-Sperm (66).bmp,0,4,2,2,0.033356,0.218003,0.748641
smids/Non-Sperm/Non-Sperm (660).bmp,0,4,2,2,0.199662,0.036339,0.763999
smids/Non-Sperm/Non-Sperm (663).bmp,0,4,2,2,0.032553,0.180592,0.786855
smids/Non-Sperm/Non-Sperm (664).bmp,0,4,2,2,0.031146,0.217066,0.751788
smids/Non-Sperm/Non-Sperm (678).bmp,0,4,2,2,0.033498,0.159845,0.806657
smids/Non-Sperm/Non-Sperm (681).bmp,0,4,2,2,0.201923,0.028442,0.769635
smids/Non-Sperm/Non-Sperm (683).bmp,0,4,2,2,0.033978,0.144762,0.821260
smids/Non-Sperm/Non-Sperm (685).bmp,0,4,2,2,0.173517,0.029584,0.796899
smids/Non-Sperm/Non-Sperm (69).bmp,0,4,2,2,0.036313,0.197973,0.765714
smids/Non-Sperm/Non-Sperm (693).bmp,0,4,2,2,0.038358,0.172719,0.788923
smids/Non-Sperm/Non-Sperm (7).bmp,0,4,2,2,0.036152,0.182155,0.781693
smids/Non-Sperm/Non-Sperm (701).bmp,0,4,2,2,0.033178,0.148211,0.818612
smids/Non-Sperm/Non-Sperm (707).bmp,0,4,2,2,0.188462,0.028036,0.783503
smids/Non-Sperm/Non-Sperm (720).bmp,0,4,2,2,0.036352,0.208416,0.755232
smids/Non-Sperm/Non-Sperm (724).bmp,0,4,2,2,0.203986,0.026365,0.769649
smids/Non-Sperm/Non-Sperm (728).bmp,0,4,2,2,0.032965,0.142731,0.824304
smids/Non-Sperm/Non-Sperm (729).bmp,0,4,2,2,0.031715,0.151094,0.817192
smids/Non-Sperm/Non-Sperm (73).bmp,0,4,2,2,0.034639,0.202198,0.763163
smids/Non-Sperm/Non-Sperm (736).bmp,0,4,2,2,0.031903,0.199672,0.768424
smids/Non-Sperm/Non-Sperm (746).bmp,0,4,2,2,0.180433,0.027382,0.792185
smids/Non-Sperm/Non-Sperm (754).bmp,0,4,2,2,0.031837,0.148973,0.819190
smids/Non-Sperm/Non-Sperm (756).bmp,0,4,2,2,0.164456,0.028918,0.806625
smids/Non-Sperm/Non-Sperm (757).bmp,0,4,2,0,0.658821,0.028129,0.313050
smids/Non-Sperm/Non-Sperm (758).bmp,0,4,2,0,0.666980,0.030999,0.302021
smids/Non-Sperm/Non-Sperm (760).bmp,0,4,2,2,0.167571,0.028344,0.804085
smids/Non-Sperm/Non-Sperm (762).bmp,0,4,2,2,0.192592,0.030864,0.776544
smids/Non-Sperm/Non-Sperm (764).bmp,0,4,2,2,0.176821,0.030181,0.792998
smids/Non-Sperm/Non-Sperm (776).bmp,0,4,2,2,0.035572,0.173245,0.791182
smids/Non-Sperm/Non-Sperm (777).bmp,0,4,2,2,0.187804,0.026496,0.785699
smids/Non-Sperm/Non-Sperm (801).bmp,0,4,2,2,0.161978,0.028627,0.809395
smids/Non-Sperm/Non-Sperm (804).bmp,0,4,2,2,0.185419,0.028745,0.785836
smids/Non-Sperm/Non-Sperm (809).bmp,0,4,2,2,0.229318,0.026021,0.744661
smids/Non-Sperm/Non-Sperm (811).bmp,0,4,2,2,0.177130,0.028980,0.793890
smids/Non-Sperm/Non-Sperm (819).bmp,0,4,2,0,0.682347,0.034668,0.282985
smids/Non-Sperm/Non-Sperm (822).bmp,0,4,2,2,0.035848,0.152264,0.811887
smids/Non-Sperm/Non-Sperm (83).bmp,0,4,2,2,0.031213,0.195733,0.773054
smids/Non-Sperm/Non-Sperm (834).bmp,0,4,2,0,0.742982,0.237888,0.019130
smids/Non-Sperm/Non-Sperm (836).bmp,0,4,2,2,0.321898,0.318743,0.359359
smids/Non-Sperm/Non-Sperm (840).bmp,0,4,2,2,0.036087,0.198209,0.765704
smids/Non-Sperm/Non-Sperm (844).bmp,0,4,2,1,0.040482,0.660247,0.299271
smids/Non-Sperm/Non-Sperm (845).bmp,0,4,2,2,0.222456,0.026303,0.751241
smids/Non-Sperm/Non-Sperm (847).bmp,0,4,2,2,0.181452,0.027214,0.791334
smids/Non-Sperm/Non-Sperm (852).bmp,0,4,2,2,0.184036,0.029863,0.786100
smids/Non-Sperm/Non-Sperm (856).bmp,0,4,2,2,0.329142,0.284951,0.385907
smids/Non-Sperm/Non-Sperm (859).bmp,0,4,2,2,0.036095,0.150705,0.813200
smids/Non-Sperm/Non-Sperm (86).bmp,0,4,2,2,0.034135,0.219030,0.746835
smids/Non-Sperm/Non-Sperm (863).bmp,0,4,2,2,0.034450,0.147767,0.817782
smids/Non-Sperm/Non-Sperm (864).bmp,0,4,2,2,0.037742,0.165834,0.796424
smids/Non-Sperm/Non-Sperm (866).bmp,0,4,2,2,0.040446,0.180715,0.778839
smids/Non-Sperm/Non-Sperm (870).bmp,0,4,2,2,0.239317,0.029466,0.731217
smids/Non-Sperm/Non-Sperm (881).bmp,0,4,2,2,0.171831,0.028381,0.799788
smids/Non-Sperm/Non-Sperm (884).bmp,0,4,2,2,0.037215,0.156013,0.806772
smids/Non-Sperm/Non-Sperm (886).bmp,0,4,2,2,0.166344,0.030206,0.803450
smids/Non-Sperm/Non-Sperm (888).bmp,0,4,2,2,0.194452,0.029792,0.775756
smids/Non-Sperm/Non-Sperm (892).bmp,0,4,2,2,0.183985,0.030887,0.785128
smids/Non-Sperm/Non-Sperm (898).bmp,0,4,2,0,0.675786,0.042595,0.281620
smids/Non-Sperm/Non-Sperm (902).bmp,0,4,2,0,0.679530,0.032208,0.288262
smids/Non-Sperm/Non-Sperm (904).bmp,0,4,2,2,0.037626,0.164798,0.797577
smids/Non-Sperm/Non-Sperm (915).bmp,0,4,2,2,0.194389,0.032672,0.772939
smids/Non-Sperm/Non-Sperm (916).bmp,0,4,2,0,0.732561,0.251115,0.016324
smids/Non-Sperm/Non-Sperm (924).bmp,0,4,2,2,0.196321,0.029864,0.773815
smids/Non-Sperm/Non-Sperm (937).bmp,0,4,2,2,0.031606,0.215504,0.752889
smids/Non-Sperm/Non-Sperm (943).bmp,0,4,2,2,0.174806,0.030260,0.794934
smids/Non-Sperm/Non-Sperm (948).bmp,0,4,2,2,0.033477,0.218051,0.748471
smids/Non-Sperm/Non-Sperm (95).bmp,0,4,2,2,0.034265,0.155844,0.809891
smids/Non-Sperm/Non-Sperm (959).bmp,0,4,2,2,0.033937,0.194531,0.771532
smids/Non-Sperm/Non-Sperm (960).bmp,0,4,2,1,0.038258,0.699139,0.262603
smids/Non-Sperm/Non-Sperm (962).bmp,0,4,2,2,0.035959,0.170520,0.793520
smids/Non-Sperm/Non-Sperm (963).bmp,0,4,2,1,0.035217,0.660611,0.304172
smids/Non-Sperm/Non-Sperm (964).bmp,0,4,2,2,0.029150,0.229550,0.741300
smids/Non-Sperm/Non-Sperm (965).bmp,0,4,2,1,0.038509,0.715768,0.245723
smids/Non-Sperm/Non-Sperm (972).bmp,0,4,2,2,0.032040,0.210342,0.757618
smids/Normal_Sperm/Normal_Sperm (10).bmp,0,4,0,0,0.759746,0.037779,0.202475
smids/Normal_Sperm/Normal_Sperm (1011).bmp,0,4,0,0,0.763364,0.219037,0.017600
smids/Normal_Sperm/Normal_Sperm (1018).bmp,0,4,0,0,0.805237,0.177933,0.016830
smids/Normal_Sperm/Normal_Sperm (11).bmp,0,4,0,2,0.240586,0.027459,0.731955
smids/Normal_Sperm/Normal_Sperm (114).bmp,0,4,0,1,0.278965,0.701090,0.019945
smids/Normal_Sperm/Normal_Sperm (116).bmp,0,4,0,0,0.769866,0.208791,0.021343
smids/Normal_Sperm/Normal_Sperm (124).bmp,0,4,0,1,0.274638,0.697129,0.028233
smids/Normal_Sperm/Normal_Sperm (126).bmp,0,4,0,1,0.283601,0.697676,0.018723
smids/Normal_Sperm/Normal_Sperm (129).bmp,0,4,0,0,0.736499,0.244969,0.018532
smids/Normal_Sperm/Normal_Sperm (130).bmp,0,4,0,0,0.774448,0.203065,0.022487
smids/Normal_Sperm/Normal_Sperm (145).bmp,0,4,0,1,0.253454,0.717046,0.029500
smids/Normal_Sperm/Normal_Sperm (161).bmp,0,4,0,0,0.743331,0.241678,0.014991
smids/Normal_Sperm/Normal_Sperm (165).bmp,0,4,0,0,0.768982,0.213741,0.017277
smids/Normal_Sperm/Normal_Sperm (167).bmp,0,4,0,0,0.747416,0.237310,0.015274
smids/Normal_Sperm/Normal_Sperm (168).bmp,0,4,0,0,0.806809,0.173663,0.019529
smids/Normal_Sperm/Normal_Sperm (170).bmp,0,4,0,0,0.778188,0.204799,0.017013
smids/Normal_Sperm/Normal_Sperm (174).bmp,0,4,0,0,0.729678,0.254209,0.016113
smids/Normal_Sperm/Normal_Sperm (176).bmp,0,4,0,0,0.779091,0.204692,0.016217
smids/Normal_Sperm/Normal_Sperm (19).bmp,0,4,0,1,0.260691,0.717513,0.021796
smids/Normal_Sperm/Normal_Sperm (212).bmp,0,4,0,0,0.729899,0.251529,0.018571
smids/Normal_Sperm/Normal_Sperm (228).bmp,0,4,0,0,0.752630,0.232311,0.015059
smids/Normal_Sperm/Normal_Sperm (23).bmp,0,4,0,0,0.669386,0.028457,0.302157
smids/Normal_Sperm/Normal_Sperm (233).bmp,0,4,0,0,0.793603,0.189790,0.016608
smids/Normal_Sperm/Normal_Sperm (234).bmp,0,4,0,0,0.761015,0.219177,0.019809
smids/Normal_Sperm/Normal_Sperm (24).bmp,0,4,0,0,0.768214,0.215676,0.016111
smids/Normal_Sperm/Normal_Sperm (240).bmp,0,4,0,0,0.783604,0.195155,0.021241
smids/Normal_Sperm/Normal_Sperm (250).bmp,0,4,0,0,0.738049,0.245121,0.016830
smids/Normal_Sperm/Normal_Sperm (255).bmp,0,4,0,0,0.762974,0.221376,0.015650
smids/Normal_Sperm/Normal_Sperm (260).bmp,0,4,0,0,0.726881,0.257828,0.015291
smids/Normal_Sperm/Normal_Sperm (265).bmp,0,4,0,0,0.730265,0.250591,0.019144
smids/Normal_Sperm/Normal_Sperm (277).bmp,0,4,0,0,0.776418,0.200054,0.023528
smids/Normal_Sperm/Normal_Sperm (28).bmp,0,4,0,2,0.207613,0.033538,0.758849
smids/Normal_Sperm/Normal_Sperm (282).bmp,0,4,0,0,0.756400,0.227373,0.016226
smids/Normal_Sperm/Normal_Sperm (284).bmp,0,4,0,0,0.710742,0.275088,0.014170
smids/Normal_Sperm/Normal_Sperm (285).bmp,0,4,0,0,0.697651,0.031033,0.271316
smids/Normal_Sperm/Normal_Sperm (29).bmp,0,4,0,1,0.312508,0.672141,0.015351
smids/Normal_Sperm/Normal_Sperm (298).bmp,0,4,0,1,0.271164,0.710061,0.018775
smids/Normal_Sperm/Normal_Sperm (3).bmp,0,4,0,0,0.731213,0.253548,0.015239
smids/Normal_Sperm/Normal_Sperm (305).bmp,0,4,0,0,0.770257,0.214324,0.015419
smids/Normal_Sperm/Normal_Sperm (312).bmp,0,4,0,0,0.791298,0.192447,0.016256
smids/Normal_Sperm/Normal_Sperm (319).bmp,0,4,0,0,0.728167,0.256775,0.015058
smids/Normal_Sperm/Normal_Sperm (321).bmp,0,4,0,0,0.737686,0.243281,0.019034
smids/Normal_Sperm/Normal_Sperm (323).bmp,0,4,0,0,0.743339,0.241348,0.015312
smids/Normal_Sperm/Normal_Sperm (334).bmp,0,4,0,0,0.789956,0.190308,0.019736
smids/Normal_Sperm/Normal_Sperm (335).bmp,0,4,0,1,0.286878,0.694896,0.018225
smids/Normal_Sperm/Normal_Sperm (336).bmp,0,4,0,0,0.793626,0.190115,0.016259
smids/Normal_Sperm/Normal_Sperm (342).bmp,0,4,0,0,0.754100,0.036863,0.209037
smids/Normal_Sperm/Normal_Sperm (345).bmp,0,4,0,1,0.275964,0.701763,0.022273
smids/Normal_Sperm/Normal_Sperm (347).bmp,0,4,0,0,0.750540,0.231572,0.017888
smids/Normal_Sperm/Normal_Sperm (348).bmp,0,4,0,0,0.794658,0.185632,0.019709
smids/Normal_Sperm/Normal_Sperm (36).bmp,0,4,0,0,0.753713,0.224036,0.022251
smids/Normal_Sperm/Normal_Sperm (367).bmp,0,4,0,1,0.307493,0.677347,0.015160
smids/Normal_Sperm/Normal_Sperm (381).bmp,0,4,0,0,0.729979,0.255497,0.014524
smids/Normal_Sperm/Normal_Sperm (384).bmp,0,4,0,1,0.270141,0.711889,0.017969
smids/Normal_Sperm/Normal_Sperm (392).bmp,0,4,0,0,0.728161,0.254466,0.017373
smids/Normal_Sperm/Normal_Sperm (397).bmp,0,4,0,2,0.340326,0.307926,0.351748
smids/Normal_Sperm/Normal_Sperm (4).bmp,0,4,0,0,0.753277,0.231258,0.015464
smids/Normal_Sperm/Normal_Sperm (404).bmp,0,4,0,0,0.731090,0.246872,0.022038
smids/Normal_Sperm/Normal_Sperm (407).bmp,0,4,0,0,0.805251,0.176388,0.018361
smids/Normal_Sperm/Normal_Sperm (41).bmp,0,4,0,2,0.246769,0.025640,0.727592
smids/Normal_Sperm/Normal_Sperm (416).bmp,0,4,0,0,0.732449,0.253144,0.014407
smids/Normal_Sperm/Normal_Sperm (424).bmp,0,4,0,0,0.787200,0.196339,0.016460
smids/Normal_Sperm/Normal_Sperm (426).bmp,0,4,0,0,0.738935,0.246007,0.015058
smids/Normal_Sperm/Normal_Sperm (428).bmp,0,4,0,0,0.731941,0.251226,0.016833
smids/Normal_Sperm/Normal_Sperm (432).bmp,0,4,0,0,0.750458,0.231632,0.017910
smids/Normal_Sperm/Normal_Sperm (436).bmp,0,4,0,0,0.734936,0.248501,0.016562
smids/Normal_Sperm/Normal_Sperm (446).bmp,0,4,0,0,0.770671,0.039484,0.189845
smids/Normal_Sperm/Normal_Sperm (447).bmp,0,4,0,0,0.809458,0.174495,0.016047
smids/Normal_Sperm/Normal_Sperm (454).bmp,0,4,0,0,0.767847,0.215385,0.016768
smids/Normal_Sperm/Normal_Sperm (463).bmp,0,4,0,1,0.293770,0.690059,0.016171
smids/Normal_Sperm/Normal_Sperm (467).bmp,0,4,0,0,0.799989,0.183701,0.016310
smids/Normal_Sperm/Normal_Sperm (470).bmp,0,4,0,0,0.781183,0.203625,0.015192
smids/Normal_Sperm/Normal_Sperm (477).bmp,0,4,0,0,0.805454,0.175991,0.018555
smids/Normal_Sperm/Normal_Sperm (480).bmp,0,4,0,0,0.784234,0.199075,0.016691
smids/Normal_Sperm/Normal_Sperm (484).bmp,0,4,0,0,0.793368,0.185070,0.021562
smids/Normal_Sperm/Normal_Sperm (485).bmp,0,4,0,0,0.730200,0.254104,0.015696
smids/Normal_Sperm/Normal_Sperm (49).bmp,0,4,0,1,0.201948,0.777716,0.020335
smids/Normal_Sperm/Normal_Sperm (493).bmp,0,4,0,0,0.723495,0.260927,0.015579
smids/Normal_Sperm/Normal_Sperm (495).bmp,0,4,0,0,0.776315,0.208190,0.015496
smids/Normal_Sperm/Normal_Sperm (503).bmp,0,4,0,1,0.303694,0.679850,0.016456
smids/Normal_Sperm/Normal_Sperm (506).bmp,0,4,0,0,0.736903,0.247006,0.016091
smids/Normal_Sperm/Normal_Sperm (513).bmp,0,4,0,0,0.745226,0.240052,0.014723
smids/Normal_Sperm/Normal_Sperm (517).bmp,0,4,0,1,0.258482,0.720450,0.021068
smids/Normal_Sperm/Normal_Sperm (534).bmp,0,4,0,1,0.276364,0.694979,0.028657
smids/Normal_Sperm/Normal_Sperm (536).bmp,0,4,0,0,0.719401,0.263950,0.016649
smids/Normal_Sperm/Normal_Sperm (538).bmp,0,4,0,0,0.800845,0.183002,0.016152
smids/Normal_Sperm/Normal_Sperm (539).bmp,0,4,0,0,0.744704,0.240161,0.015135
smids/Normal_Sperm/Normal_Sperm (54).bmp,0,4,0,0,0.773035,0.034272,0.192693
smids/Normal_Sperm/Normal_Sperm (541).bmp,0,4,0,0,0.778921,0.201431,0.019648
smids/Normal_Sperm/Normal_Sperm (549).bmp,0,4,0,1,0.311187,0.674068,0.014745
smids/Normal_Sperm/Normal_Sperm (552).bmp,0,4,0,0,0.790235,0.190332,0.019433
smids/Normal_Sperm/Normal_Sperm (554).bmp,0,4,0,0,0.795982,0.187173,0.016845
smids/Normal_Sperm/Normal_Sperm (558).bmp,0,4,0,0,0.789891,0.192487,0.017622
smids/Normal_Sperm/Normal_Sperm (567).bmp,0,4,0,0,0.783607,0.200769,0.015624
smids/Normal_Sperm/Normal_Sperm (569).bmp,0,4,0,0,0.793639,0.189180,0.017181
smids/Normal_Sperm/Normal_Sperm (571).bmp,0,4,0,0,0.789527,0.194511,0.015962
smids/Normal_Sperm/Normal_Sperm (572).bmp,0,4,0,0,0.766217,0.218622,0.015161
smids/Normal_Sperm/Normal_Sperm (574).bmp,0,4,0,0,0.758304,0.035611,0.206085
smids/Normal_Sperm/Normal_Sperm (578).bmp,0,4,0,0,0.777459,0.206095,0.016446
smids/Normal_Sperm/Normal_Sperm (582).bmp,0,4,0,0,0.749084,0.235477,0.015440
smids/Normal_Sperm/Normal_Sperm (584).bmp,0,4,0,0,0.723309,0.262057,0.014634
smids/Normal_Sperm/Normal_Sperm (588).bmp,0,4,0,0,0.789701,0.192413,0.017886
smids/Normal_Sperm/Normal_Sperm (59).bmp,0,4,0,1,0.289200,0.693017,0.017783
smids/Normal_Sperm/Normal_Sperm (592).bmp,0,4,0,0,0.788088,0.193897,0.018015
smids/Normal_Sperm/Normal_Sperm (593).bmp,0,4,0,0,0.777498,0.206867,0.015635
smids/Normal_Sperm/Normal_Sperm (599).bmp,0,4,0,0,0.721965,0.263285,0.014750
smids/Normal_Sperm/Normal_Sperm (600).bmp,0,4,0,0,0.804141,0.178694,0.017165
smids/Normal_Sperm/Normal_Sperm (603).bmp,0,4,0,0,0.802160,0.179369,0.018471
smids/Normal_Sperm/Normal_Sperm (607).bmp,0,4,0,0,0.795406,0.188858,0.015736
smids/Normal_Sperm/Normal_Sperm (616).bmp,0,4,0,0,0.765103,0.218693,0.016204
smids/Normal_Sperm/Normal_Sperm (621).bmp,0,4,0,0,0.775786,0.208873,0.015342
smids/Normal_Sperm/Normal_Sperm (623).bmp,0,4,0,0,0.743029,0.241199,0.015771
smids/Normal_Sperm/Normal_Sperm (625).bmp,0,4,0,0,0.801255,0.182340,0.016405
smids/Normal_Sperm/Normal_Sperm (628).bmp,0,4,0,0,0.744615,0.234980,0.020405
smids/Normal_Sperm/Normal_Sperm (634).bmp,0,4,0,0,0.795212,0.187563,0.017225
smids/Normal_Sperm/Normal_Sperm (641).bmp,0,4,0,0,0.808986,0.173515,0.017498
smids/Normal_Sperm/Normal_Sperm (647).bmp,0,4,0,0,0.808211,0.174374,0.017415
smids/Normal_Sperm/Normal_Sperm (651).bmp,0,4,0,0,0.749017,0.235562,0.015421
smids/Normal_Sperm/Normal_Sperm (652).bmp,0,4,0,1,0.267502,0.715420,0.017078
smids/Normal_Sperm/Normal_Sperm (654).bmp,0,4,0,0,0.742278,0.241256,0.016465
smids/Normal_Sperm/Normal_Sperm (655).bmp,0,4,0,0,0.753386,0.227786,0.018829
smids/Normal_Sperm/Normal_Sperm (66).bmp,0,4,0,0,0.731700,0.251771,0.016529
smids/Normal_Sperm/Normal_Sperm (663).bmp,0,4,0,0,0.721931,0.263536,0.014534
smids/Normal_Sperm/Normal_Sperm (666).bmp,0,4,0,0,0.799076,0.182076,0.018848
smids/Normal_Sperm/Normal_Sperm (671).bmp,0,4,0,0,0.790117,0.192440,0.017443
smids/Normal_Sperm/Normal_Sperm (683).bmp,0,4,0,0,0.788029,0.192397,0.019574
smids/Normal_Sperm/Normal_Sperm (687).bmp,0,4,0,0,0.788585,0.193186,0.018229
smids/Normal_Sperm/Normal_Sperm (689).bmp,0,4,0,0,0.794357,0.187692,0.017952
smids/Normal_Sperm/Normal_Sperm (690).bmp,0,4,0,0,0.763648,0.220396,0.015955
smids/Normal_Sperm/Normal_Sperm (696).bmp,0,4,0,0,0.732153,0.251656,0.016191
smids/Normal_Sperm/Normal_Sperm (698).bmp,0,4,0,0,0.773119,0.208606,0.018275
smids/Normal_Sperm/Normal_Sperm (699).bmp,0,4,0,0,0.801913,0.180690,0.017397
smids/Normal_Sperm/Normal_Sperm (70).bmp,0,4,0,0,0.753261,0.229819,0.016921
smids/Normal_Sperm/Normal_Sperm (700).bmp,0,4,0,1,0.260624,0.719897,0.019479
smids/Normal_Sperm/Normal_Sperm (708).bmp,0,4,0,0,0.727070,0.257636,0.015294
smids/Normal_Sperm/Normal_Sperm (709).bmp,0,4,0,0,0.795677,0.187343,0.016980
smids/Normal_Sperm/Normal_Sperm (71).bmp,0,4,0,0,0.716647,0.268431,0.014922
smids/Normal_Sperm/Normal_Sperm (713).bmp,0,4,0,1,0.047688,0.703874,0.248438
smids/Normal_Sperm/Normal_Sperm (715).bmp,0,4,0,1,0.048011,0.723601,0.228389
smids/Normal_Sperm/Normal_Sperm (723).bmp,0,4,0,0,0.787742,0.194759,0.017499
smids/Normal_Sperm/Normal_Sperm (724).bmp,0,4,0,0,0.735361,0.249893,0.014746
smids/Normal_Sperm/Normal_Sperm (73).bmp,0,4,0,0,0.719352,0.265603,0.015045
smids/Normal_Sperm/Normal_Sperm (733).bmp,0,4,0,0,0.773856,0.209110,0.017035
smids/Normal_Sperm/Normal_Sperm (735).bmp,0,4,0,0,0.805331,0.176827,0.017841
smids/Normal_Sperm/Normal_Sperm (74).bmp,0,4,0,0,0.713760,0.271267,0.014973
smids/Normal_Sperm/Normal_Sperm (742).bmp,0,4,0,0,0.777454,0.206478,0.016068
smids/Normal_Sperm/Normal_Sperm (747).bmp,0,4,0,0,0.789067,0.194467,0.016466
smids/Normal_Sperm/Normal_Sperm (752).bmp,0,4,0,0,0.778732,0.205659,0.015609
smids/Normal_Sperm/Normal_Sperm (758).bmp,0,4,0,0,0.778083,0.205565,0.016352
smids/Normal_Sperm/Normal_Sperm (760).bmp,0,4,0,0,0.812349,0.170527,0.017124
smids/Normal_Sperm/Normal_Sperm (765).bmp,0,4,0,0,0.746539,0.237307,0.016154
smids/Normal_Sperm/Normal_Sperm (769).bmp,0,4,0,0,0.794186,0.188338,0.017475
smids/Normal_Sperm/Normal_Sperm (770).bmp,0,4,0,0,0.748093,0.036436,0.215470
smids/Normal_Sperm/Normal_Sperm (777).bmp,0,4,0,0,0.809829,0.173170,0.017001
smids/Normal_Sperm/Normal_Sperm (779).bmp,0,4,0,0,0.787955,0.195602,0.016443
smids/Normal_Sperm/Normal_Sperm (780).bmp,0,4,0,1,0.257680,0.719443,0.022877
smids/Normal_Sperm/Normal_Sperm (783).bmp,0,4,0,0,0.805294,0.178195,0.016510
smids/Normal_Sperm/Normal_Sperm (784).bmp,0,4,0,0,0.755420,0.228362,0.016218
smids/Normal_Sperm/Normal_Sperm (789).bmp,0,4,0,0,0.793137,0.188998,0.017865
smids/Normal_Sperm/Normal_Sperm (790).bmp,0,4,0,1,0.305851,0.678344,0.015805
smids/Normal_Sperm/Normal_Sperm (794).bmp,0,4,0,0,0.754975,0.227591,0.017433
smids/Normal_Sperm/Normal_Sperm (803).bmp,0,4,0,1,0.270105,0.708918,0.020977
smids/Normal_Sperm/Normal_Sperm (804).bmp,0,4,0,1,0.301112,0.684154,0.014735
smids/Normal_Sperm/Normal_Sperm (807).bmp,0,4,0,1,0.272018,0.707616,0.020365
smids/Normal_Sperm/Normal_Sperm (811).bmp,0,4,0,1,0.280361,0.693418,0.026221
smids/Normal_Sperm/Normal_Sperm (821).bmp,0,4,0,0,0.716453,0.269255,0.014291
smids/Normal_Sperm/Normal_Sperm (826).bmp,0,4,0,0,0.720766,0.264088,0.015146
smids/Normal_Sperm/Normal_Sperm (83).bmp,0,4,0,0,0.770032,0.211351,0.018617
smids/Normal_Sperm/Normal_Sperm (833).bmp,0,4,0,0,0.779094,0.202727,0.018179
smids/Normal_Sperm/Normal_Sperm (85).bmp,0,4,0,1,0.276782,0.706435,0.016782
smids/Normal_Sperm/Normal_Sperm (856).bmp,0,4,0,0,0.782367,0.200873,0.016760
smids/Normal_Sperm/Normal_Sperm (857).bmp,0,4,0,0,0.769926,0.214667,0.015407
smids/Normal_Sperm/Normal_Sperm (859).bmp,0,4,0,0,0.718881,0.266697,0.014423
smids/Normal_Sperm/Normal_Sperm (861).bmp,0,4,0,0,0.796319,0.186039,0.017641
smids/Normal_Sperm/Normal_Sperm (873).bmp,0,4,0,1,0.291962,0.690790,0.017248
smids/Normal_Sperm/Normal_Sperm (876).bmp,0,4,0,0,0.729547,0.255044,0.015409
smids/Normal_Sperm/Normal_Sperm (882).bmp,0,4,0,0,0.714184,0.271098,0.014718
smids/Normal_Sperm/Normal_Sperm (883).bmp,0,4,0,0,0.747855,0.237091,0.015054
smids/Normal_Sperm/Normal_Sperm (892).bmp,0,4,0,0,0.719408,0.266043,0.014549
smids/Normal_Sperm/Normal_Sperm (90).bmp,0,4,0,0,0.800263,0.181748,0.017989
smids/Normal_Sperm/Normal_Sperm (905).bmp,0,4,0,1,0.269216,0.713574,0.017211
smids/Normal_Sperm/Normal_Sperm (909).bmp,0,4,0,0,0.711038,0.274309,0.014653
smids/Normal_Sperm/Normal_Sperm (914).bmp,0,4,0,1,0.279238,0.703596,0.017165
smids/Normal_Sperm/Normal_Sperm (916).bmp,0,4,0,1,0.279653,0.704979,0.015368
smids/Normal_Sperm/Normal_Sperm (92).bmp,0,4,0,0,0.717516,0.040420,0.242063
smids/Normal_Sperm/Normal_Sperm (920).bmp,0,4,0,0,0.723371,0.261354,0.015275
smids/Normal_Sperm/Normal_Sperm (924).bmp,0,4,0,0,0.739460,0.244520,0.016019
smids/Normal_Sperm/Normal_Sperm (931).bmp,0,4,0,1,0.310532,0.674532,0.014936
smids/Normal_Sperm/Normal_Sperm (932).bmp,0,4,0,0,0.716050,0.269547,0.014403
smids/Normal_Sperm/Normal_Sperm (938).bmp,0,4,0,0,0.722696,0.262373,0.014931
smids/Normal_Sperm/Normal_Sperm (94).bmp,0,4,0,0,0.741369,0.242022,0.016609
smids/Normal_Sperm/Normal_Sperm (943).bmp,0,4,0,0,0.737353,0.247872,0.014775
smids/Normal_Sperm/Normal_Sperm (944).bmp,0,4,0,0,0.753779,0.230115,0.016105
smids/Normal_Sperm/Normal_Sperm (950).bmp,0,4,0,1,0.293483,0.691169,0.015349
smids/Normal_Sperm/Normal_Sperm (955).bmp,0,4,0,0,0.731180,0.253145,0.015675
smids/Normal_Sperm/Normal_Sperm (958).bmp,0,4,0,0,0.732989,0.252475,0.014535
smids/Normal_Sperm/Normal_Sperm (96).bmp,0,4,0,0,0.396605,0.300259,0.303136
smids/Normal_Sperm/Normal_Sperm (980).bmp,0,4,0,0,0.741584,0.239433,0.018983
smids/Normal_Sperm/Normal_Sperm (988).bmp,0,4,0,0,0.797267,0.186212,0.016521
smids/Normal_Sperm/Normal_Sperm (993).bmp,0,4,0,0,0.744161,0.240376,0.015463
smids/Normal_Sperm/Normal_Sperm (999).bmp,0,4,0,1,0.231492,0.750355,0.018153
