image_id,repeat,fold,label_idx,pred,prob_0,prob_1,prob_2
smids/Abnormal_Sperm/Abnormal_Sperm (1002).bmp,0,0,1,0,0.736370,0.241453,0.022176
smids/Abnormal_Sperm/Abnormal_Sperm (105).bmp,0,0,1,1,0.243695,0.733555,0.022751
smids/Abnormal_Sperm/Abnormal_Sperm (107).bmp,0,0,1,1,0.243322,0.734229,0.022449
smids/Abnormal_Sperm/Abnormal_Sperm (11).bmp,0,0,1,1,0.271451,0.705829,0.022720
smids/Abnormal_Sperm/Abnormal_Sperm (111).bmp,0,0,1,1,0.044563,0.649991,0.305446
smids/Abnormal_Sperm/Abnormal_Sperm (112).bmp,0,0,1,1,0.049170,0.629657,0.321172
smids/Abnormal_Sperm/Abnormal_Sperm (119).bmp,0,0,1,1,0.284265,0.694307,0.021428
smids/Abnormal_Sperm/Abnormal_Sperm (120).bmp,0,0,1,1,0.258667,0.715326,0.026007
smids/Abnormal_Sperm/Abnormal_Sperm (123).bmp,0,0,1,1,0.222859,0.751079,0.026062
smids/Abnormal_Sperm/Abnormal_Sperm (125).bmp,0,0,1,1,0.251634,0.726094,0.022273
smids/Abnormal_Sperm/Abnormal_Sperm (13).bmp,0,0,1,2,0.245100,0.031585,0.723315
smids/Abnormal_Sperm/Abnormal_Sperm (132).bmp,0,0,1,1,0.241223,0.736880,0.021897
smids/Abnormal_Sperm/Abnormal_Sperm (133).bmp,0,0,1,1,0.295475,0.681826,0.022699
smids/Abnormal_Sperm/Abnormal_Sperm (141).bmp,0,0,1,1,0.219109,0.754057,0.026835
smids/Abnormal_Sperm/Abnormal_Sperm (147).bmp,0,0,1,1,0.259032,0.710682,0.030286
smids/Abnormal_Sperm/Abnormal_Sperm (152).bmp,0,0,1,1,0.241402,0.731181,0.027417
smids/Abnormal_Sperm/Abnormal_Sperm (167).bmp,0,0,1,1,0.227460,0.745626,0.026914
smids/Abnormal_Sperm/Abnormal_Sperm (168).bmp,0,0,1,1,0.263166,0.701224,0.035610
smids/Abnormal_Sperm/Abnormal_Sperm (172).bmp,0,0,1,1,0.281053,0.697128,0.021819
smids/Abnormal_Sperm/Abnormal_Sperm (173).bmp,0,0,1,1,0.223243,0.749327,0.027431
smids/Abnormal_Sperm/Abnormal_Sperm (175).bmp,0,0,1,1,0.233185,0.743308,0.023507
smids/Abnormal_Sperm/Abnormal_Sperm (176).bmp,0,0,1,1,0.237568,0.739359,0.023072
smids/Abnormal_Sperm/Abnormal_Sperm (187).bmp,0,0,1,1,0.227539,0.747403,0.025058
smids/Abnormal_Sperm/Abnormal_Sperm (193).bmp,0,0,1,1,0.244421,0.733740,0.021839
smids/Abnormal_Sperm/Abnormal_Sperm (194).bmp,0,0,1,1,0.043363,0.743252,0.213385
smids/Abnormal_Sperm/Abnormal_Sperm (20).bmp,0,0,1,2,0.037314,0.210690,0.751996
smids/Abnormal_Sperm/Abnormal_Sperm (203).bmp,0,0,1,1,0.310770,0.669798,0.019432
smids/Abnormal_Sperm/Abnormal_Sperm (208).bmp,0,0,1,1,0.254123,0.720359,0.025518
smids/Abnormal_Sperm/Abnormal_Sperm (212).bmp,0,0,1,1,0.296609,0.683793,0.019598
smids/Abnormal_Sperm/Abnormal_Sperm (218).bmp,0,0,1,0,0.711511,0.268956,0.019533
smids/Abnormal_Sperm/Abnormal_Sperm (221).bmp,0,0,1,1,0.280596,0.698716,0.020688
smids/Abnormal_Sperm/Abnormal_Sperm (222).bmp,0,0,1,1,0.046178,0.708778,0.245044
smids/Abnormal_Sperm/Abnormal_Sperm (224).bmp,0,0,1,1,0.269639,0.706817,0.023545
smids/Abnormal_Sperm/Abnormal_Sperm (23).bmp,0,0,1,1,0.282465,0.696640,0.020895
smids/Abnormal_Sperm/Abnormal_Sperm (234).bmp,0,0,1,1,0.219409,0.755995,0.024596
smids/Abnormal_Sperm/Abnormal_Sperm (241).bmp,0,0,1,0,0.713717,0.265339,0.020944
smids/Abnormal_Sperm/Abnormal_Sperm (246).bmp,0,0,1,1,0.301713,0.677708,0.020579
smids/Abnormal_Sperm/Abnormal_Sperm (26).bmp,0,0,1,1,0.211194,0.764926,0.023880
smids/Abnormal_Sperm/Abnormal_Sperm (268).bmp,0,0,1,1,0.044775,0.741133,0.214092
smids/Abnormal_Sperm/Abnormal_Sperm (275).bmp,0,0,1,1,0.223112,0.752635,0.024253
smids/Abnormal_Sperm/Abnormal_Sperm (276).bmp,0,0,1,1,0.249456,0.728360,0.022185
smids/Abnormal_Sperm/Abnormal_Sperm (28).bmp,0,0,1,0,0.717733,0.035641,0.246626
smids/Abnormal_Sperm/Abnormal_Sperm (31).bmp,0,0,1,1,0.046014,0.736119,0.217867
smids/Abnormal_Sperm/Abnormal_Sperm (320).bmp,0,0,1,1,0.219467,0.756889,0.023644
smids/Abnormal_Sperm/Abnormal_Sperm (321).bmp,0,0,1,1,0.225421,0.749835,0.024743
smids/Abnormal_Sperm/Abnormal_Sperm (333).bmp,0,0,1,1,0.048440,0.709151,0.242409
smids/Abnormal_Sperm/Abnormal_Sperm (335).bmp,0,0,1,1,0.306227,0.674642,0.019131
smids/Abnormal_Sperm/Abnormal_Sperm (342).bmp,0,0,1,1,0.218983,0.755478,0.025539
smids/Abnormal_Sperm/Abnormal_Sperm (343).bmp,0,0,1,1,0.046987,0.644993,0.308020
smids/Abnormal_Sperm/Abnormal_Sperm (345).bmp,0,0,1,1,0.272992,0.703635,0.023373
smids/Abnormal_Sperm/Abnormal_Sperm (35).bmp,0,0,1,1,0.301460,0.678514,0.020025
smids/Abnormal_Sperm/Abnormal_Sperm (351).bmp,0,0,1,0,0.704469,0.270291,0.025240
smids/Abnormal_Sperm/Abnormal_Sperm (356).bmp,0,0,1,1,0.043866,0.723803,0.232332
smids/Abnormal_Sperm/Abnormal_Sperm (359).bmp,0,0,1,1,0.217253,0.757577,0.025170
smids/Abnormal_Sperm/Abnormal_Sperm (361).bmp,0,0,1,1,0.284257,0.693721,0.022021
smids/Abnormal_Sperm/Abnormal_Sperm (365).bmp,0,0,1,1,0.215615,0.760890,0.023495
smids/Abnormal_Sperm/Abnormal_Sperm (371).bmp,0,0,1,1,0.248120,0.728839,0.023042
smids/Abnormal_Sperm/Abnormal_Sperm (373).bmp,0,0,1,1,0.214550,0.761722,0.023728
smids/Abnormal_Sperm/Abnormal_Sperm (378).bmp,0,0,1,0,0.738732,0.239904,0.021364
smids/Abnormal_Sperm/Abnormal_Sperm (380).bmp,0,0,1,1,0.043437,0.732393,0.224170
smids/Abnormal_Sperm/Abnormal_Sperm (388).bmp,0,0,1,1,0.041916,0.717760,0.240323
smids/Abnormal_Sperm/Abnormal_Sperm (394).bmp,0,0,1,1,0.046729,0.713546,0.239725
smids/Abnormal_Sperm/Abnormal_Sperm (406).bmp,0,0,1,1,0.217245,0.760231,0.022524
smids/Abnormal_Sperm/Abnormal_Sperm (407).bmp,0,0,1,0,0.710078,0.268050,0.021873
smids/Abnormal_Sperm/Abnormal_Sperm (42).bmp,0,0,1,0,0.725747,0.254445,0.019807
smids/Abnormal_Sperm/Abnormal_Sperm (422).bmp,0,0,1,1,0.223757,0.748820,0.027424
smids/Abnormal_Sperm/Abnormal_Sperm (424).bmp,0,0,1,1,0.043444,0.740223,0.216333
smids/Abnormal_Sperm/Abnormal_Sperm (427).bmp,0,0,1,1,0.295380,0.685045,0.019575
smids/Abnormal_Sperm/Abnormal_Sperm (430).bmp,0,0,1,1,0.231695,0.740397,0.027908
smids/Abnormal_Sperm/Abnormal_Sperm (438).bmp,0,0,1,1,0.240583,0.734387,0.025030
smids/Abnormal_Sperm/Abnormal_Sperm (440).bmp,0,0,1,1,0.221216,0.757006,0.021777
smids/Abnormal_Sperm/Abnormal_Sperm (441).bmp,0,0,1,1,0.210633,0.766058,0.023309
smids/Abnormal_Sperm/Abnormal_Sperm (444).bmp,0,0,1,1,0.298789,0.681170,0.020041
smids/Abnormal_Sperm/Abnormal_Sperm (452).bmp,0,0,1,1,0.215126,0.761184,0.023691
smids/Abnormal_Sperm/Abnormal_Sperm (454).bmp,0,0,1,1,0.234496,0.744680,0.020824
smids/Abnormal_Sperm/Abnormal_Sperm (457).bmp,0,0,1,1,0.212432,0.762546,0.025022
smids/Abnormal_Sperm/Abnormal_Sperm (464).bmp,0,0,1,1,0.312275,0.669098,0.018627
smids/Abnormal_Sperm/Abnormal_Sperm (467).bmp,0,0,1,1,0.041759,0.714486,0.243755
smids/Abnormal_Sperm/Abnormal_Sperm (468).bmp,0,0,1,1,0.039149,0.668285,0.292566
smids/Abnormal_Sperm/Abnormal_Sperm (470).bmp,0,0,1,1,0.309473,0.671088,0.019439
smids/Abnormal_Sperm/Abnormal_Sperm (471).bmp,0,0,1,1,0.223227,0.754111,0.022662
smids/Abnormal_Sperm/Abnormal_Sperm (476).bmp,0,0,1,1,0.244700,0.726405,0.028895
smids/Abnormal_Sperm/Abnormal_Sperm (479).bmp,0,0,1,0,0.712399,0.265063,0.022538
smids/Abnormal_Sperm/Abnormal_Sperm (48).bmp,0,0,1,1,0.238473,0.731704,0.029823
smids/Abnormal_Sperm/Abnormal_Sperm (481).bmp,0,0,1,1,0.042474,0.637355,0.320171
smids/Abnormal_Sperm/Abnormal_Sperm (482).bmp,0,0,1,1,0.236026,0.737181,0.026793
smids/Abnormal_Sperm/Abnormal_Sperm (484).bmp,0,0,1,1,0.222817,0.751509,0.025674
smids/Abnormal_Sperm/Abnormal_Sperm (488).bmp,0,0,1,2,0.034154,0.197220,0.768625
smids/Abnormal_Sperm/Abnormal_Sperm (501).bmp,0,0,1,0,0.713135,0.038238,0.248627
smids/Abnormal_Sperm/Abnormal_Sperm (512).bmp,0,0,1,0,0.738406,0.232228,0.029367
smids/Abnormal_Sperm/Abnormal_Sperm (513).bmp,0,0,1,1,0.238813,0.731184,0.030004
smids/Abnormal_Sperm/Abnormal_Sperm (514).bmp,0,0,1,1,0.261210,0.716821,0.021969
smids/Abnormal_Sperm/Abnormal_Sperm (527).bmp,0,0,1,0,0.726808,0.252170,0.021021
smids/Abnormal_Sperm/Abnormal_Sperm (53).bmp,0,0,1,1,0.266758,0.707580,0.025661
smids/Abnormal_Sperm/Abnormal_Sperm (530).bmp,0,0,1,1,0.043397,0.746799,0.209804
smids/Abnormal_Sperm/Abnormal_Sperm (533).bmp,0,0,1,0,0.758355,0.219590,0.022055
smids/Abnormal_Sperm/Abnormal_Sperm (538).bmp,0,0,1,1,0.248059,0.725242,0.026699
smids/Abnormal_Sperm/Abnormal_Sperm (546).bmp,0,0,1,1,0.296782,0.681824,0.021394
smids/Abnormal_Sperm/Abnormal_Sperm (557).bmp,0,0,1,0,0.657714,0.030789,0.311497
smids/Abnormal_Sperm/Abnormal_Sperm (562).bmp,0,0,1,2,0.237849,0.038414,0.723737
smids/Abnormal_Sperm/Abnormal_Sperm (565).bmp,0,0,1,0,0.752917,0.223423,0.023660
smids/Abnormal_Sperm/Abnormal_Sperm (569).bmp,0,0,1,1,0.045847,0.676478,0.277675
smids/Abnormal_Sperm/Abnormal_Sperm (581).bmp,0,0,1,0,0.725444,0.247512,0.027044
smids/Abnormal_Sperm/Abnormal_Sperm (585).bmp,0,0,1,2,0.042816,0.197799,0.759385
smids/Abnormal_Sperm/Abnormal_Sperm (591).bmp,0,0,1,2,0.042523,0.206291,0.751186
smids/Abnormal_Sperm/Abnormal_Sperm (593).bmp,0,0,1,0,0.720379,0.253700,0.025922
smids/Abnormal_Sperm/Abnormal_Sperm (597).bmp,0,0,1,2,0.039623,0.212766,0.747610
smids/Abnormal_Sperm/Abnormal_Sperm (598).bmp,0,0,1,1,0.264026,0.704774,0.031200
smids/Abnormal_Sperm/Abnormal_Sperm (599).bmp,0,0,1,0,0.722009,0.252016,0.025974
smids/Abnormal_Sperm/Abnormal_Sperm (600).bmp,0,0,1,1,0.282409,0.689380,0.028210
smids/Abnormal_Sperm/Abnormal_Sperm (603).bmp,0,0,1,0,0.727720,0.246979,0.025302
smids/Abnormal_Sperm/Abnormal_Sperm (609).bmp,0,0,1,0,0.729929,0.246221,0.023850
smids/Abnormal_Sperm/Abnormal_Sperm (610).bmp,0,0,1,0,0.739606,0.240066,0.020329
smids/Abnormal_Sperm/Abnormal_Sperm (618).bmp,0,0,1,1,0.274021,0.704625,0.021354
smids/Abnormal_Sperm/Abnormal_Sperm (620).bmp,0,0,1,1,0.041084,0.693415,0.265501
smids/Abnormal_Sperm/Abnormal_Sperm (624).bmp,0,0,1,1,0.272201,0.704794,0.023005
smids/Abnormal_Sperm/Abnormal_Sperm (627).bmp,0,0,1,2,0.210732,0.035297,0.753971
smids/Abnormal_Sperm/Abnormal_Sperm (634).bmp,0,0,1,1,0.231553,0.746424,0.022023
smids/Abnormal_Sperm/Abnormal_Sperm (639).bmp,0,0,1,1,0.221483,0.755401,0.023115
smids/Abnormal_Sperm/Abnormal_Sperm (645).bmp,0,0,1,1,0.290930,0.686247,0.022823
smids/Abnormal_Sperm/Abnormal_Sperm (647).bmp,0,0,1,1,0.304398,0.675950,0.019652
smids/Abnormal_Sperm/Abnormal_Sperm (648).bmp,0,0,1,1,0.281098,0.696024,0.022878
smids/Abnormal_Sperm/Abnormal_Sperm (655).bmp,0,0,1,0,0.725969,0.254243,0.019788
smids/Abnormal_Sperm/Abnormal_Sperm (662).bmp,0,0,1,1,0.036796,0.669351,0.293853
smids/Abnormal_Sperm/Abnormal_Sperm (666).bmp,0,0,1,1,0.040065,0.650807,0.309128
smids/Abnormal_Sperm/Abnormal_Sperm (670).bmp,0,0,1,0,0.720476,0.259939,0.019585
smids/Abnormal_Sperm/Abnormal_Sperm (679).bmp,0,0,1,1,0.299176,0.680742,0.020081
smids/Abnormal_Sperm/Abnormal_Sperm (684).bmp,0,0,1,1,0.232910,0.740334,0.026756
smids/Abnormal_Sperm/Abnormal_Sperm (685).bmp,0,0,1,1,0.280048,0.698628,0.021323
smids/Abnormal_Sperm/Abnormal_Sperm (686).bmp,0,0,1,1,0.223812,0.751248,0.024940
smids/Abnormal_Sperm/Abnormal_Sperm (69).bmp,0,0,1,1,0.230741,0.746480,0.022780
smids/Abnormal_Sperm/Abnormal_Sperm (693).bmp,0,0,1,1,0.289587,0.686300,0.024112
smids/Abnormal_Sperm/Abnormal_Sperm (696).bmp,0,0,1,1,0.253112,0.724524,0.022365
smids/Abnormal_Sperm/Abnormal_Sperm (705).bmp,0,0,1,0,0.679235,0.037271,0.283495
smids/Abnormal_Sperm/Abnormal_Sperm (707).bmp,0,0,1,1,0.245863,0.733017,0.021120
smids/Abnormal_Sperm/Abnormal_Sperm (713).bmp,0,0,1,0,0.712528,0.268189,0.019283
smids/Abnormal_Sperm/Abnormal_Sperm (715).bmp,0,0,1,0,0.707823,0.274197,0.017980
smids/Abnormal_Sperm/Abnormal_Sperm (720).bmp,0,0,1,1,0.288005,0.690808,0.021187
smids/Abnormal_Sperm/Abnormal_Sperm (738).bmp,0,0,1,1,0.232914,0.745075,0.022011
smids/Abnormal_Sperm/Abnormal_Sperm (740).bmp,0,0,1,1,0.293860,0.685931,0.020209
smids/Abnormal_Sperm/Abnormal_Sperm (752).bmp,0,0,1,1,0.275273,0.700997,0.023730
smids/Abnormal_Sperm/Abnormal_Sperm (756).bmp,0,0,1,0,0.713959,0.264178,0.021863
smids/Abnormal_Sperm/Abnormal_Sperm (777).bmp,0,0,1,1,0.315351,0.665620,0.019029
smids/Abnormal_Sperm/Abnormal_Sperm (780).bmp,0,0,1,1,0.042539,0.674776,0.282685
smids/Abnormal_Sperm/Abnormal_Sperm (787).bmp,0,0,1,0,0.723315,0.255886,0.020800
smids/Abnormal_Sperm/Abnormal_Sperm (790).bmp,0,0,1,1,0.302276,0.676429,0.021295
smids/Abnormal_Sperm/Abnormal_Sperm (797).bmp,0,0,1,0,0.717757,0.262494,0.019750
smids/Abnormal_Sperm/Abnormal_Sperm (80).bmp,0,0,1,1,0.206502,0.770602,0.022896
smids/Abnormal_Sperm/Abnormal_Sperm (805).bmp,0,0,1,1,0.258619,0.717227,0.024154
smids/Abnormal_Sperm/Abnormal_Sperm (811).bmp,0,0,1,0,0.779254,0.197007,0.023739
smids/Abnormal_Sperm/Abnormal_Sperm (816).bmp,0,0,1,1,0.296216,0.683897,0.019888
smids/Abnormal_Sperm/Abnormal_Sperm (819).bmp,0,0,1,1,0.297181,0.683124,0.019695
smids/Abnormal_Sperm/Abnormal_Sperm (822).bmp,0,0,1,0,0.727357,0.248638,0.024005
smids/Abnormal_Sperm/Abnormal_Sperm (828).bmp,0,0,1,1,0.244034,0.734478,0.021488
smids/Abnormal_Sperm/Abnormal_Sperm (83).bmp,0,0,1,1,0.274028,0.703684,0.022288
smids/Abnormal_Sperm/Abnormal_Sperm (832).bmp,0,0,1,1,0.234537,0.741972,0.023492
smids/Abnormal_Sperm/Abnormal_Sperm (837).bmp,0,0,1,0,0.718319,0.262259,0.019422
smids/Abnormal_Sperm/Abnormal_Sperm (842).bmp,0,0,1,1,0.306943,0.673216,0.019842
smids/Abnormal_Sperm/Abnormal_Sperm (844).bmp,0,0,1,1,0.045281,0.642275,0.312444
smids/Abnormal_Sperm/Abnormal_Sperm (848).bmp,0,0,1,0,0.731596,0.247190,0.021214
smids/Abnormal_Sperm/Abnormal_Sperm (853).bmp,0,0,1,1,0.307081,0.673262,0.019657
smids/Abnormal_Sperm/Abnormal_Sperm (854).bmp,0,0,1,1,0.307180,0.672628,0.020193
smids/Abnormal_Sperm/Abnormal_Sperm (857).bmp,0,0,1,1,0.231919,0.742746,0.025334
smids/Abnormal_Sperm/Abnormal_Sperm (863).bmp,0,0,1,1,0.220396,0.755125,0.024479
smids/Abnormal_Sperm/Abnormal_Sperm (869).bmp,0,0,1,1,0.302674,0.677434,0.019893
smids/Abnormal_Sperm/Abnormal_Sperm (878).bmp,0,0,1,1,0.302404,0.678165,0.019431
smids/Abnormal_Sperm/Abnormal_Sperm (889).bmp,0,0,1,1,0.281128,0.695967,0.022906
smids/Abnormal_Sperm/Abnormal_Sperm (892).bmp,0,0,1,0,0.724234,0.255074,0.020692
smids/Abnormal_Sperm/Abnormal_Sperm (895).bmp,0,0,1,0,0.714964,0.265122,0.019914
smids/Abnormal_Sperm/Abnormal_Sperm (900).bmp,0,0,1,1,0.050257,0.661466,0.288277
smids/Abnormal_Sperm/Abnormal_Sperm (901).bmp,0,0,1,1,0.053961,0.681750,0.264289
smids/Abnormal_Sperm/Abnormal_Sperm (903).bmp,0,0,1,1,0.310840,0.662688,0.026472
smids/Abnormal_Sperm/Abnormal_Sperm (907).bmp,0,0,1,1,0.290351,0.686551,0.023099
smids/Abnormal_Sperm/Abnormal_Sperm (908).bmp,0,0,1,1,0.251100,0.725552,0.023348
smids/Abnormal_Sperm/Abnormal_Sperm (909).bmp,0,0,1,1,0.285774,0.692463,0.021763
smids/Abnormal_Sperm/Abnormal_Sperm (911).bmp,0,0,1,1,0.276488,0.700971,0.022542
smids/Abnormal_Sperm/Abnormal_Sperm (919).bmp,0,0,1,0,0.775834,0.194348,0.029818
smids/Abnormal_Sperm/Abnormal_Sperm (920).bmp,0,0,1,2,0.048956,0.165600,0.785444
smids/Abnormal_Sperm/Abnormal_Sperm (925).bmp,0,0,1,0,0.710525,0.269641,0.019834
smids/Abnormal_Sperm/Abnormal_Sperm (930).bmp,0,0,1,0,0.750936,0.224923,0.024141
smids/Abnormal_Sperm/Abnormal_Sperm (931).bmp,0,0,1,0,0.723851,0.252514,0.023635
smids/Abnormal_Sperm/Abnormal_Sperm (944).bmp,0,0,1,1,0.236434,0.741031,0.022536
smids/Abnormal_Sperm/Abnormal_Sperm (945).bmp,0,0,1,1,0.253248,0.723343,0.023409
smids/Abnormal_Sperm/Abnormal_Sperm (948).bmp,0,0,1,1,0.284509,0.693676,0.021815
smids/Abnormal_Sperm/Abnormal_Sperm (955).bmp,0,0,1,1,0.250082,0.728788,0.021130
smids/Abnormal_Sperm/Abnormal_Sperm (957).bmp,0,0,1,1,0.049097,0.721251,0.229652
smids/Abnormal_Sperm/Abnormal_Sperm (962).bmp,0,0,1,1,0.038658,0.673629,0.287713
smids/Abnormal_Sperm/Abnormal_Sperm (967).bmp,0,0,1,1,0.044710,0.737702,0.217588
smids/Abnormal_Sperm/Abnormal_Sperm (974).bmp,0,0,1,1,0.216985,0.759034,0.023980
smids/Abnormal_Sperm/Abnormal_Sperm (975).bmp,0,0,1,1,0.044548,0.734769,0.220684
smids/Abnormal_Sperm/Abnormal_Sperm (976).bmp,0,0,1,1,0.046335,0.694361,0.259304
smids/Abnormal_Sperm/Abnormal_Sperm (982).bmp,0,0,1,1,0.226311,0.746235,0.027455
smids/Abnormal_Sperm/Abnormal_Sperm (989).bmp,0,0,1,1,0.043191,0.654824,0.301985
smids/Abnormal_Sperm/Abnormal_Sperm (99).bmp,0,0,1,1,0.233301,0.744817,0.021883
smids/Abnormal_Sperm/Abnormal_Sperm (994).bmp,0,0,1,1,0.283285,0.695866,0.020849
smids/Non-Sperm/Non-Sperm (106).bmp,0,0,2,2,0.187004,0.030608,0.782388
smids/Non-Sperm/Non-Sperm (113).bmp,0,0,2,2,0.035294,0.151923,0.812783
smids/Non-Sperm/Non-Sperm (116).bmp,0,0,2,2,0.035128,0.165115,0.799757
smids/Non-Sperm/Non-Sperm (120).bmp,0,0,2,2,0.034153,0.163194,0.802652
smids/Non-Sperm/Non-Sperm (128).bmp,0,0,2,2,0.033149,0.197820,0.769031
smids/Non-Sperm/Non-Sperm (131).bmp,0,0,2,2,0.192834,0.029834,0.777332
smids/Non-Sperm/Non-Sperm (132).bmp,0,0,2,2,0.203600,0.031132,0.765268
smids/Non-Sperm/Non-Sperm (139).bmp,0,0,2,2,0.187242,0.031358,0.781400
smids/Non-Sperm/Non-Sperm (145).bmp,0,0,2,2,0.043248,0.167358,0.789394
smids/Non-Sperm/Non-Sperm (148).bmp,0,0,2,2,0.036418,0.178392,0.785190
smids/Non-Sperm/Non-Sperm (149).bmp,0,0,2,2,0.036529,0.167532,0.795939
smids/Non-Sperm/Non-Sperm (154).bmp,0,0,2,2,0.035940,0.148234,0.815826
smids/Non-Sperm/Non-Sperm (155).bmp,0,0,2,2,0.037301,0.156379,0.806319
smids/Non-Sperm/Non-Sperm (162).bmp,0,0,2,2,0.037285,0.148161,0.814555
smids/Non-Sperm/Non-Sperm (163).bmp,0,0,2,2,0.035564,0.224469,0.739967
smids/Non-Sperm/Non-Sperm (175).bmp,0,0,2,2,0.177477,0.031444,0.791079
smids/Non-Sperm/Non-Sperm (176).bmp,0,0,2,2,0.036124,0.203041,0.760835
smids/Non-Sperm/Non-Sperm (178).bmp,0,0,2,2,0.036996,0.158606,0.804399
smids/Non-Sperm/Non-Sperm (195).bmp,0,0,2,2,0.040324,0.172879,0.786796
smids/Non-Sperm/Non-Sperm (197).bmp,0,0,2,2,0.034598,0.220313,0.745089
smids/Non-Sperm/Non-Sperm (203).bmp,0,0,2,2,0.037432,0.146465,0.816103
smids/Non-Sperm/Non-Sperm (209).bmp,0,0,2,2,0.034850,0.157569,0.807581
smids/Non-Sperm/Non-Sperm (217).bmp,0,0,2,2,0.200169,0.029850,0.769981
smids/Non-Sperm/Non-Sperm (220).bmp,0,0,2,2,0.037156,0.159754,0.803089
smids/Non-Sperm/Non-Sperm (224).bmp,0,0,2,2,0.184672,0.030388,0.784940
smids/Non-Sperm/Non-Sperm (231).bmp,0,0,2,2,0.178772,0.031655,0.789573
smids/Non-Sperm/Non-Sperm (232).bmp,0,0,2,2,0.035590,0.166416,0.797994
smids/Non-Sperm/Non-Sperm (236).bmp,0,0,2,2,0.182412,0.032187,0.785401
smids/Non-Sperm/Non-Sperm (246).bmp,0,0,2,2,0.176383,0.030130,0.793486
smids/Non-Sperm/Non-Sperm (251).bmp,0,0,2,2,0.036324,0.174056,0.789620
smids/Non-Sperm/Non-Sperm (257).bmp,0,0,2,2,0.036317,0.161395,0.802289
smids/Non-Sperm/Non-Sperm (262).bmp,0,0,2,2,0.036093,0.168067,0.795841
smids/Non-Sperm/Non-Sperm (271).bmp,0,0,2,2,0.215731,0.029603,0.754666
smids/Non-Sperm/Non-Sperm (273).bmp,0,0,2,2,0.042989,0.162358,0.794653
smids/Non-Sperm/Non-Sperm (278).bmp,0,0,2,2,0.041290,0.152820,0.805890
smids/Non-Sperm/Non-Sperm (281).bmp,0,0,2,2,0.036680,0.190986,0.772334
smids/Non-Sperm/Non-Sperm (283).bmp,0,0,2,2,0.037951,0.155680,0.806369
smids/Non-Sperm/Non-Sperm (292).bmp,0,0,2,2,0.174900,0.031594,0.793506
smids/Non-Sperm/Non-Sperm (295).bmp,0,0,2,2,0.185984,0.033332,0.780684
smids/Non-Sperm/Non-Sperm (302).bmp,0,0,2,2,0.176902,0.030692,0.792406
smids/Non-Sperm/Non-Sperm (308).bmp,0,0,2,2,0.036182,0.173107,0.790711
smids/Non-Sperm/Non-Sperm (317).bmp,0,0,2,2,0.036713,0.154767,0.808520
smids/Non-Sperm/Non-Sperm (319).bmp,0,0,2,2,0.036400,0.150270,0.813330
smids/Non-Sperm/Non-Sperm (324).bmp,0,0,2,2,0.236612,0.028051,0.735337
smids/Non-Sperm/Non-Sperm (329).bmp,0,0,2,2,0.036980,0.153709,0.809311
smids/Non-Sperm/Non-Sperm (337).bmp,0,0,2,2,0.036074,0.147171,0.816754
smids/Non-Sperm/Non-Sperm (343).bmp,0,0,2,2,0.179083,0.029423,0.791493
smids/Non-Sperm/Non-Sperm (348).bmp,0,0,2,2,0.038589,0.154408,0.807003
smids/Non-Sperm/Non-Sperm (351).bmp,0,0,2,2,0.238241,0.034024,0.727735
smids/Non-Sperm/Non-Sperm (352).bmp,0,0,2,2,0.036208,0.151543,0.812249
smids/Non-Sperm/Non-Sperm (356).bmp,0,0,2,2,0.190035,0.031650,0.778315
smids/Non-Sperm/Non-Sperm (365).bmp,0,0,2,2,0.045683,0.203472,0.750846
smids/Non-Sperm/Non-Sperm (368).bmp,0,0,2,2,0.033476,0.207147,0.759377
smids/Non-Sperm/Non-Sperm (372).bmp,0,0,2,2,0.035614,0.172897,0.791489
smids/Non-Sperm/Non-Sperm (383).bmp,0,0,2,2,0.187040,0.029483,0.783477
smids/Non-Sperm/Non-Sperm (388).bmp,0,0,2,2,0.229139,0.030139,0.740722
smids/Non-Sperm/Non-Sperm (392).bmp,0,0,2,0,0.773219,0.199047,0.027734
smids/Non-Sperm/Non-Sperm (394).bmp,0,0,2,2,0.038707,0.157299,0.803994
smids/Non-Sperm/Non-Sperm (397).bmp,0,0,2,2,0.192492,0.031882,0.775626
smids/Non-Sperm/Non-Sperm (402).bmp,0,0,2,2,0.042670,0.168700,0.788630
smids/Non-Sperm/Non-Sperm (406).bmp,0,0,2,2,0.033705,0.229099,0.737196
smids/Non-Sperm/Non-Sperm (416).bmp,0,0,2,2,0.034959,0.219370,0.745671
smids/Non-Sperm/Non-Sperm (417).bmp,0,0,2,2,0.037314,0.209375,0.753311
smids/Non-Sperm/Non-Sperm (419).bmp,0,0,2,2,0.036423,0.156359,0.807218
smids/Non-Sperm/Non-Sperm (427).bmp,0,0,2,2,0.036225,0.206868,0.756907
smids/Non-Sperm/Non-Sperm (431).bmp,0,0,2,2,0.038189,0.153898,0.807913
smids/Non-Sperm/Non-Sperm (44).bmp,0,0,2,2,0.036143,0.165796,0.798060
smids/Non-Sperm/Non-Sperm (443).bmp,0,0,2,2,0.036910,0.157310,0.805780
smids/Non-Sperm/Non-Sperm (451).bmp,0,0,2,2,0.211146,0.034582,0.754272
smids/Non-Sperm/Non-Sperm (458).bmp,0,0,2,2,0.174302,0.032072,0.793627
smids/Non-Sperm/Non-Sperm (471).bmp,0,0,2,2,0.036941,0.174460,0.788599
smids/Non-Sperm/Non-Sperm (476).bmp,0,0,2,2,0.037914,0.152446,0.809640
smids/Non-Sperm/Non-Sperm (483).bmp,0,0,2,2,0.199762,0.030223,0.770015
smids/Non-Sperm/Non-Sperm (488).bmp,0,0,2,2,0.235690,0.030686,0.733624
smids/Non-Sperm/Non-Sperm (49).bmp,0,0,2,2,0.034501,0.227628,0.737871
smids/Non-Sperm/Non-Sperm (490).bmp,0,0,2,2,0.038975,0.173154,0.787871
smids/Non-Sperm/Non-Sperm (492).bmp,0,0,2,2,0.181682,0.029069,0.789249
smids/Non-Sperm/Non-Sperm (494).bmp,0,0,2,2,0.036858,0.187502,0.775640
smids/Non-Sperm/Non-Sperm (505).bmp,0,0,2,2,0.203296,0.033525,0.763179
smids/Non-Sperm/Non-Sperm (51).bmp,0,0,2,2,0.034840,0.168566,0.796594
smids/Non-Sperm/Non-Sperm (517).bmp,0,0,2,2,0.036901,0.160227,0.802872
smids/Non-Sperm/Non-Sperm (523).bmp,0,0,2,2,0.210295,0.032012,0.757694
smids/Non-Sperm/Non-Sperm (529).bmp,0,0,2,2,0.034175,0.203160,0.762665
smids/Non-Sperm/Non-Sperm (538).bmp,0,0,2,2,0.172944,0.030845,0.796211
smids/Non-Sperm/Non-Sperm (542).bmp,0,0,2,2,0.037674,0.165611,0.796715
smids/Non-Sperm/Non-Sperm (545).bmp,0,0,2,2,0.196669,0.032371,0.770960
smids/Non-Sperm/Non-Sperm (548).bmp,0,0,2,2,0.038915,0.155600,0.805484
smids/Non-Sperm/Non-Sperm (550).bmp,0,0,2,2,0.036316,0.147586,0.816098
smids/Non-Sperm/Non-Sperm (552).bmp,0,0,2,2,0.345630,0.284764,0.369606
smids/Non-Sperm/Non-Sperm (557).bmp,0,0,2,2,0.033782,0.204964,0.761254
smids/Non-Sperm/Non-Sperm (566).bmp,0,0,2,2,0.200945,0.035088,0.763968
smids/Non-Sperm/Non-Sperm (568).bmp,0,0,2,2,0.188759,0.033723,0.777518
smids/Non-Sperm/Non-Sperm (569).bmp,0,0,2,2,0.036286,0.179106,0.784608
smids/Non-Sperm/Non-Sperm (570).bmp,0,0,2,2,0.198763,0.032541,0.768696
smids/Non-Sperm/Non-Sperm (579).bmp,0,0,2,2,0.036872,0.152008,0.811120
smids/Non-Sperm/Non-Sperm (580).bmp,0,0,2,2,0.182777,0.029977,0.787246
smids/Non-Sperm/Non-Sperm (585).bmp,0,0,2,2,0.036225,0.211649,0.752127
smids/Non-Sperm/Non-Sperm (592).bmp,0,0,2,2,0.037895,0.149295,0.812809
smids/Non-Sperm/Non-Sperm (595).bmp,0,0,2,2,0.037147,0.158249,0.804605
smids/Non-Sperm/Non-Sperm (596).bmp,0,0,2,2,0.037655,0.161803,0.800542
smids/Non-Sperm/Non-Sperm (614).bmp,0,0,2,2,0.183686,0.028780,0.787534
smids/Non-Sperm/Non-Sperm (616).bmp,0,0,2,2,0.039526,0.150623,0.809852
smids/Non-Sperm/Non-Sperm (624).bmp,0,0,2,2,0.035264,0.174723,0.790013
smids/Non-Sperm/Non-Sperm (626).bmp,0,0,2,2,0.188970,0.030447,0.780583
smids/Non-Sperm/Non-Sperm (629).bmp,0,0,2,2,0.180836,0.029578,0.789585
smids/Non-Sperm/Non-Sperm (630).bmp,0,0,2,2,0.037780,0.173331,0.788888
smids/Non-Sperm/Non-Sperm (635).bmp,0,0,2,2,0.035731,0.166204,0.798065
smids/Non-Sperm/Non-Sperm (637).bmp,0,0,2,2,0.034120,0.180549,0.785331
smids/Non-Sperm/Non-Sperm (64).bmp,0,0,2,2,0.039064,0.215529,0.745407
smids/Non-Sperm/Non-Sperm (640).bmp,0,0,2,2,0.038819,0.159823,0.801359
smids/Non-Sperm/Non-Sperm (641).bmp,0,0,2,2,0.039818,0.151500,0.808682
smids/Non-Sperm/Non-Sperm (645).bmp,0,0,2,2,0.036593,0.167398,0.796010
smids/Non-Sperm/Non-Sperm (648).bmp,0,0,2,2,0.036245,0.155335,0.808420
smids/Non-Sperm/Non-Sperm (652).bmp,0,0,2,2,0.176092,0.030440,0.793469
smids/Non-Sperm/Non-Sperm (654).bmp,0,0,2,2,0.193187,0.030737,0.776076
smids/Non-Sperm/Non-Sperm (655).bmp,0,0,2,2,0.037085,0.154938,0.807977
smids/Non-Sperm/Non-Sperm (656).bmp,0,0,2,2,0.037798,0.173546,0.788656
smids/Non-Sperm/Non-Sperm (661).bmp,0,0,2,2,0.034903,0.161545,0.803552
smids/Non-Sperm/Non-Sperm (667).bmp,0,0,2,2,0.036481,0.154476,0.809042
smids/Non-Sperm/Non-Sperm (668).bmp,0,0,2,2,0.039147,0.150100,0.810753
smids/Non-Sperm/Non-Sperm (682).bmp,0,0,2,2,0.182915,0.030512,0.786573
smids/Non-Sperm/Non-Sperm (690).bmp,0,0,2,2,0.240266,0.029465,0.730270
smids/Non-Sperm/Non-Sperm (694).bmp,0,0,2,2,0.037392,0.158675,0.803932
smids/Non-Sperm/Non-Sperm (702).bmp,0,0,2,1,0.049568,0.683818,0.266614
smids/Non-Sperm/Non-Sperm (708).bmp,0,0,2,2,0.039721,0.149035,0.811243
smids/Non-Sperm/Non-Sperm (710).bmp,0,0,2,1,0.035939,0.632402,0.331659
smids/Non-Sperm/Non-Sperm (716).bmp,0,0,2,1,0.038836,0.639507,0.321657
smids/Non-Sperm/Non-Sperm (718).bmp,0,0,2,2,0.035878,0.181951,0.782171
smids/Non-Sperm/Non-Sperm (719).bmp,0,0,2,1,0.051783,0.672940,0.275277
smids/Non-Sperm/Non-Sperm (725).bmp,0,0,2,2,0.039308,0.156533,0.804159
smids/Non-Sperm/Non-Sperm (730).bmp,0,0,2,2,0.193080,0.033476,0.773444
smids/Non-Sperm/Non-Sperm (731).bmp,0,0,2,2,0.034840,0.163122,0.802038
smids/Non-Sperm/Non-Sperm (732).bmp,0,0,2,2,0.037241,0.168253,0.794506
smids/Non-Sperm/Non-Sperm (733).bmp,0,0,2,2,0.036355,0.156413,0.807232
smids/Non-Sperm/Non-Sperm (735).bmp,0,0,2,2,0.038578,0.150499,0.810923
smids/Non-Sperm/Non-Sperm (738).bmp,0,0,2,2,0.037878,0.148187,0.813935
smids/Non-Sperm/Non-Sperm (741).bmp,0,0,2,2,0.035069,0.153217,0.811715
smids/Non-Sperm/Non-Sperm (742).bmp,0,0,2,2,0.036813,0.147421,0.815765
smids/Non-Sperm/Non-Sperm (749).bmp,0,0,2,2,0.035586,0.167221,0.797193
smids/Non-Sperm/Non-Sperm (75).bmp,0,0,2,2,0.040498,0.214397,0.745105
smids/Non-Sperm/Non-Sperm (750).bmp,0,0,2,2,0.037911,0.159598,0.802492
smids/Non-Sperm/Non-Sperm (76).bmp,0,0,2,1,0.044619,0.686529,0.268852
smids/Non-Sperm/Non-Sperm (765).bmp,0,0,2,2,0.043897,0.185163,0.770940
smids/Non-Sperm/Non-Sperm (767).bmp,0,0,2,2,0.037565,0.153227,0.809208
smids/Non-Sperm/Non-Sperm (769).bmp,0,0,2,2,0.036677,0.151600,0.811724
smids/Non-Sperm/Non-Sperm (770).bmp,0,0,2,2,0.175529,0.030067,0.794404
smids/Non-Sperm/Non-Sperm (772).bmp,0,0,2,2,0.036231,0.157225,0.806544
smids/Non-Sperm/Non-Sperm (782).bmp,0,0,2,2,0.048328,0.177906,0.773766
smids/Non-Sperm/Non-Sperm (785).bmp,0,0,2,2,0.039407,0.153156,0.807436
smids/Non-Sperm/Non-Sperm (792).bmp,0,0,2,2,0.228143,0.031557,0.740300
smids/Non-Sperm/Non-Sperm (802).bmp,0,0,2,2,0.036282,0.186811,0.776907
smids/Non-Sperm/Non-Sperm (805).bmp,0,0,2,2,0.179262,0.030735,0.790003
smids/Non-Sperm/Non-Sperm (807).bmp,0,0,2,2,0.037514,0.161319,0.801167
smids/Non-Sperm/Non-Sperm (814).bmp,0,0,2,2,0.036487,0.158077,0.805435
smids/Non-Sperm/Non-Sperm (817).bmp,0,0,2,2,0.041282,0.159142,0.799576
smids/Non-Sperm/Non-Sperm (828).bmp,0,0,2,2,0.035312,0.163100,0.801588
smids/Non-Sperm/Non-Sperm (830).bmp,0,0,2,2,0.184652,0.032454,0.782893
smids/Non-Sperm/Non-Sperm (838).bmp,0,0,2,2,0.041406,0.157555,0.801039
smids/Non-Sperm/Non-Sperm (849).bmp,0,0,2,2,0.178314,0.031665,0.790021
smids/Non-Sperm/Non-Sperm (858).bmp,0,0,2,2,0.036248,0.165030,0.798722
smids/Non-Sperm/Non-Sperm (860).bmp,0,0,2,2,0.034479,0.174290,0.791231
smids/Non-Sperm/Non-Sperm (862).bmp,0,0,2,2,0.038026,0.164194,0.797779
smids/Non-Sperm/Non-Sperm (867).bmp,0,0,2,2,0.035026,0.197571,0.767403
smids/Non-Sperm/Non-Sperm (868).bmp,0,0,2,2,0.176259,0.030533,0.793208
smids/Non-Sperm/Non-Sperm (876).bmp,0,0,2,2,0.040598,0.180580,0.778821
smids/Non-Sperm/Non-Sperm (879).bmp,0,0,2,2,0.041880,0.172646,0.785474
smids/Non-Sperm/Non-Sperm (88).bmp,0,0,2,1,0.052736,0.732160,0.215104
smids/Non-Sperm/Non-Sperm (882).bmp,0,0,2,2,0.181285,0.030286,0.788429
smids/Non-Sperm/Non-Sperm (883).bmp,0,0,2,2,0.180297,0.030826,0.788878
smids/Non-Sperm/Non-Sperm (887).bmp,0,0,2,2,0.040139,0.157481,0.802380
smids/Non-Sperm/Non-Sperm (891).bmp,0,0,2,0,0.694539,0.034226,0.271235
smids/Non-Sperm/Non-Sperm (90).bmp,0,0,2,2,0.037778,0.158558,0.803664
smids/Non-Sperm/Non-Sperm (900).bmp,0,0,2,2,0.340679,0.305254,0.354066
smids/Non-Sperm/Non-Sperm (903).bmp,0,0,2,1,0.046349,0.735701,0.217950
smids/Non-Sperm/Non-Sperm (905).bmp,0,0,2,2,0.314210,0.260844,0.424946
smids/Non-Sperm/Non-Sperm (908).bmp,0,0,2,1,0.226838,0.744440,0.028722
smids/Non-Sperm/Non-Sperm (910).bmp,0,0,2,1,0.037311,0.651728,0.310961
smids/Non-Sperm/Non-Sperm (918).bmp,0,0,2,1,0.040646,0.645942,0.313412
smids/Non-Sperm/Non-Sperm (920).bmp,0,0,2,2,0.177923,0.031307,0.790769
smids/Non-Sperm/Non-Sperm (926).bmp,0,0,2,2,0.033250,0.225600,0.741150
smids/Non-Sperm/Non-Sperm (928).bmp,0,0,2,1,0.044543,0.663512,0.291945
smids/Non-Sperm/Non-Sperm (930).bmp,0,0,2,2,0.045655,0.182135,0.772210
smids/Non-Sperm/Non-Sperm (932).bmp,0,0,2,2,0.259706,0.026222,0.714073
smids/Non-Sperm/Non-Sperm (935).bmp,0,0,2,1,0.044872,0.672534,0.282594
smids/Non-Sperm/Non-Sperm (940).bmp,0,0,2,2,0.333325,0.290433,0.376242
smids/Non-Sperm/Non-Sperm (942).bmp,0,0,2,2,0.255873,0.028585,0.715542
smids/Non-Sperm/Non-Sperm (946).bmp,0,0,2,2,0.035286,0.214900,0.749814
smids/Non-Sperm/Non-Sperm (949).bmp,0,0,2,2,0.037210,0.158825,0.803965
smids/Non-Sperm/Non-Sperm (954).bmp,0,0,2,2,0.186088,0.031203,0.782708
smids/Non-Sperm/Non-Sperm (969).bmp,0,0,2,1,0.042756,0.719585,0.237659
smids/Non-Sperm/Non-Sperm (97).bmp,0,0,2,2,0.183932,0.031039,0.785029
smids/Non-Sperm/Non-Sperm (970).bmp,0,0,2,2,0.037688,0.166507,0.795806
smids/Non-Sperm/Non-Sperm (971).bmp,0,0,2,2,0.038008,0.168427,0.793565
smids/Non-Sperm/Non-Sperm (974).bmp,0,0,2,2,0.232144,0.029041,0.738815
smids/Non-Sperm/Non-Sperm (98).bmp,0,0,2,2,0.176141,0.030411,0.793448
smids/Normal_Sperm/Normal_Sperm (1).bmp,0,0,0,0,0.772464,0.207418,0.020117
smids/Normal_Sperm/Normal_Sperm (1004).bmp,0,0,0,0,0.740692,0.034220,0.225088
smids/Normal_Sperm/Normal_Sperm (1019).bmp,0,0,0,1,0.052345,0.664141,0.283514
smids/Normal_Sperm/Normal_Sperm (1020).bmp,0,0,0,2,0.184785,0.034294,0.780921
smids/Normal_Sperm/Normal_Sperm (106).bmp,0,0,0,0,0.792363,0.183899,0.023738
smids/Normal_Sperm/Normal_Sperm (127).bmp,0,0,0,0,0.765736,0.210289,0.023975
smids/Normal_Sperm/Normal_Sperm (13).bmp,0,0,0,0,0.764634,0.206775,0.028591
smids/Normal_Sperm/Normal_Sperm (136).bmp,0,0,0,0,0.722604,0.253097,0.024299
smids/Normal_Sperm/Normal_Sperm (143).bmp,0,0,0,0,0.736995,0.242781,0.020224
smids/Normal_Sperm/Normal_Sperm (15).bmp,0,0,0,0,0.721495,0.256973,0.021532
smids/Normal_Sperm/Normal_Sperm (150).bmp,0,0,0,0,0.730756,0.244155,0.025089
smids/Normal_Sperm/Normal_Sperm (152).bmp,0,0,0,1,0.276040,0.692795,0.031165
smids/Normal_Sperm/Normal_Sperm (156).bmp,0,0,0,1,0.312059,0.667989,0.019952
smids/Normal_Sperm/Normal_Sperm (158).bmp,0,0,0,0,0.791988,0.186403,0.021609
smids/Normal_Sperm/Normal_Sperm (159).bmp,0,0,0,0,0.722443,0.258920,0.018637
smids/Normal_Sperm/Normal_Sperm (166).bmp,0,0,0,0,0.792572,0.181578,0.025851
smids/Normal_Sperm/Normal_Sperm (173).bmp,0,0,0,0,0.707922,0.039003,0.253075
smids/Normal_Sperm/Normal_Sperm (178).bmp,0,0,0,0,0.798254,0.177859,0.023887
smids/Normal_Sperm/Normal_Sperm (182).bmp,0,0,0,1,0.050158,0.728888,0.220954
smids/Normal_Sperm/Normal_Sperm (185).bmp,0,0,0,0,0.716793,0.263193,0.020013
smids/Normal_Sperm/Normal_Sperm (186).bmp,0,0,0,1,0.264645,0.707556,0.027798
smids/Normal_Sperm/Normal_Sperm (198).bmp,0,0,0,0,0.741019,0.238374,0.020607
smids/Normal_Sperm/Normal_Sperm (2).bmp,0,0,0,0,0.800247,0.174538,0.025215
smids/Normal_Sperm/Normal_Sperm (201).bmp,0,0,0,1,0.309258,0.668937,0.021805
smids/Normal_Sperm/Normal_Sperm (202).bmp,0,0,0,0,0.716719,0.263340,0.019941
smids/Normal_Sperm/Normal_Sperm (206).bmp,0,0,0,0,0.768577,0.210071,0.021352
smids/Normal_Sperm/Normal_Sperm (209).bmp,0,0,0,1,0.314124,0.667567,0.018308
smids/Normal_Sperm/Normal_Sperm (224).bmp,0,0,0,0,0.777467,0.198896,0.023637
smids/Normal_Sperm/Normal_Sperm (232).bmp,0,0,0,1,0.315561,0.666101,0.018338
smids/Normal_Sperm/Normal_Sperm (244).bmp,0,0,0,1,0.316998,0.663960,0.019042
smids/Normal_Sperm/Normal_Sperm (25).bmp,0,0,0,2,0.240973,0.028402,0.730625
smids/Normal_Sperm/Normal_Sperm (259).bmp,0,0,0,0,0.727405,0.253198,0.019397
smids/Normal_Sperm/Normal_Sperm (264).bmp,0,0,0,0,0.719360,0.258715,0.021925
smids/Normal_Sperm/Normal_Sperm (268).bmp,0,0,0,0,0.758142,0.034732,0.207127
smids/Normal_Sperm/Normal_Sperm (269).bmp,0,0,0,0,0.723909,0.257302,0.018789
smids/Normal_Sperm/Normal_Sperm (270).bmp,0,0,0,0,0.760646,0.034139,0.205214
smids/Normal_Sperm/Normal_Sperm (272).bmp,0,0,0,0,0.765470,0.213274,0.021256
smids/Normal_Sperm/Normal_Sperm (280).bmp,0,0,0,0,0.767759,0.208336,0.023905
smids/Normal_Sperm/Normal_Sperm (287).bmp,0,0,0,0,0.784394,0.187519,0.028087
smids/Normal_Sperm/Normal_Sperm (289).bmp,0,0,0,0,0.784983,0.193618,0.021398
smids/Normal_Sperm/Normal_Sperm (293).bmp,0,0,0,0,0.758980,0.220880,0.020141
smids/Normal_Sperm/Normal_Sperm (303).bmp,0,0,0,0,0.734797,0.245825,0.019378
smids/Normal_Sperm/Normal_Sperm (31).bmp,0,0,0,0,0.762328,0.200686,0.036985
smids/Normal_Sperm/Normal_Sperm (310).bmp,0,0,0,0,0.785703,0.187909,0.026388
smids/Normal_Sperm/Normal_Sperm (313).bmp,0,0,0,0,0.790972,0.187413,0.021615
smids/Normal_Sperm/Normal_Sperm (317).bmp,0,0,0,0,0.736498,0.243990,0.019512
smids/Normal_Sperm/Normal_Sperm (318).bmp,0,0,0,0,0.786005,0.187548,0.026447
smids/Normal_Sperm/Normal_Sperm (324).bmp,0,0,0,0,0.712250,0.268576,0.019174
smids/Normal_Sperm/Normal_Sperm (326).bmp,0,0,0,2,0.262138,0.031722,0.706140
smids/Normal_Sperm/Normal_Sperm (329).bmp,0,0,0,0,0.730416,0.250083,0.019502
smids/Normal_Sperm/Normal_Sperm (343).bmp,0,0,0,0,0.380014,0.255812,0.364175
smids/Normal_Sperm/Normal_Sperm (344).bmp,0,0,0,0,0.744297,0.235460,0.020243
smids/Normal_Sperm/Normal_Sperm (346).bmp,0,0,0,0,0.729087,0.246464,0.024449
smids/Normal_Sperm/Normal_Sperm (354).bmp,0,0,0,1,0.275047,0.703278,0.021675
smids/Normal_Sperm/Normal_Sperm (357).bmp,0,0,0,0,0.729193,0.251977,0.018829
smids/Normal_Sperm/Normal_Sperm (358).bmp,0,0,0,0,0.719097,0.262506,0.018396
smids/Normal_Sperm/Normal_Sperm (359).bmp,0,0,0,0,0.738231,0.240842,0.020927
smids/Normal_Sperm/Normal_Sperm (368).bmp,0,0,0,0,0.730531,0.246021,0.023448
smids/Normal_Sperm/Normal_Sperm (370).bmp,0,0,0,0,0.738043,0.243021,0.018936
smids/Normal_Sperm/Normal_Sperm (372).bmp,0,0,0,0,0.724909,0.253942,0.021149
smids/Normal_Sperm/Normal_Sperm (39).bmp,0,0,0,0,0.800922,0.174409,0.024668
smids/Normal_Sperm/Normal_Sperm (395).bmp,0,0,0,0,0.679021,0.034084,0.286895
smids/Normal_Sperm/Normal_Sperm (396).bmp,0,0,0,0,0.778527,0.199452,0.022021
smids/Normal_Sperm/Normal_Sperm (399).bmp,0,0,0,0,0.716114,0.265047,0.018839
smids/Normal_Sperm/Normal_Sperm (402).bmp,0,0,0,0,0.711855,0.268487,0.019658
smids/Normal_Sperm/Normal_Sperm (408).bmp,0,0,0,0,0.756168,0.222430,0.021403
smids/Normal_Sperm/Normal_Sperm (409).bmp,0,0,0,0,0.723825,0.256606,0.019569
smids/Normal_Sperm/Normal_Sperm (411).bmp,0,0,0,1,0.277107,0.699077,0.023815
smids/Normal_Sperm/Normal_Sperm (412).bmp,0,0,0,0,0.737664,0.242125,0.020212
smids/Normal_Sperm/Normal_Sperm (415).bmp,0,0,0,1,0.045135,0.704900,0.249965
smids/Normal_Sperm/Normal_Sperm (417).bmp,0,0,0,0,0.772242,0.204745,0.023014
smids/Normal_Sperm/Normal_Sperm (42).bmp,0,0,0,0,0.768640,0.200162,0.031198
smids/Normal_Sperm/Normal_Sperm (420).bmp,0,0,0,0,0.768900,0.209756,0.021344
smids/Normal_Sperm/Normal_Sperm (423).bmp,0,0,0,0,0.766725,0.209398,0.023877
smids/Normal_Sperm/Normal_Sperm (431).bmp,0,0,0,0,0.715646,0.266152,0.018202
smids/Normal_Sperm/Normal_Sperm (433).bmp,0,0,0,0,0.713996,0.265661,0.020343
smids/Normal_Sperm/Normal_Sperm (439).bmp,0,0,0,0,0.716011,0.265713,0.018276
smids/Normal_Sperm/Normal_Sperm (44).bmp,0,0,0,0,0.782265,0.194657,0.023078
smids/Normal_Sperm/Normal_Sperm (450).bmp,0,0,0,0,0.738879,0.240710,0.020411
smids/Normal_Sperm/Normal_Sperm (451).bmp,0,0,0,1,0.315241,0.664993,0.019766
smids/Normal_Sperm/Normal_Sperm (455).bmp,0,0,0,0,0.716481,0.265282,0.018237
smids/Normal_Sperm/Normal_Sperm (464).bmp,0,0,0,0,0.743743,0.235457,0.020800
smids/Normal_Sperm/Normal_Sperm (465).bmp,0,0,0,1,0.318302,0.662585,0.019113
smids/Normal_Sperm/Normal_Sperm (468).bmp,0,0,0,0,0.718042,0.261861,0.020097
smids/Normal_Sperm/Normal_Sperm (47).bmp,0,0,0,2,0.041172,0.207236,0.751592
smids/Normal_Sperm/Normal_Sperm (472).bmp,0,0,0,0,0.777631,0.199963,0.022406
smids/Normal_Sperm/Normal_Sperm (473).bmp,0,0,0,0,0.709533,0.271563,0.018903
smids/Normal_Sperm/Normal_Sperm (483).bmp,0,0,0,0,0.724688,0.256538,0.018774
smids/Normal_Sperm/Normal_Sperm (487).bmp,0,0,0,0,0.757263,0.222419,0.020318
smids/Normal_Sperm/Normal_Sperm (494).bmp,0,0,0,0,0.728473,0.252806,0.018721
smids/Normal_Sperm/Normal_Sperm (498).bmp,0,0,0,0,0.788971,0.189929,0.021100
smids/Normal_Sperm/Normal_Sperm (512).bmp,0,0,0,0,0.724529,0.253829,0.021642
smids/Normal_Sperm/Normal_Sperm (514).bmp,0,0,0,0,0.718049,0.261821,0.020130
smids/Normal_Sperm/Normal_Sperm (516).bmp,0,0,0,0,0.742519,0.035004,0.222476
smids/Normal_Sperm/Normal_Sperm (518).bmp,0,0,0,0,0.789189,0.186140,0.024671
smids/Normal_Sperm/Normal_Sperm (519).bmp,0,0,0,0,0.726340,0.253111,0.020549
smids/Normal_Sperm/Normal_Sperm (521).bmp,0,0,0,0,0.738290,0.242454,0.019256
smids/Normal_Sperm/Normal_Sperm (522).bmp,0,0,0,0,0.783483,0.189679,0.026838
smids/Normal_Sperm/Normal_Sperm (530).bmp,0,0,0,0,0.792417,0.186835,0.020748
smids/Normal_Sperm/Normal_Sperm (531).bmp,0,0,0,0,0.726299,0.253990,0.019711
smids/Normal_Sperm/Normal_Sperm (535).bmp,0,0,0,0,0.768424,0.209864,0.021712
smids/Normal_Sperm/Normal_Sperm (540).bmp,0,0,0,0,0.795435,0.180596,0.023969
smids/Normal_Sperm/Normal_Sperm (542).bmp,0,0,0,0,0.737448,0.243330,0.019222
smids/Normal_Sperm/Normal_Sperm (555).bmp,0,0,0,0,0.744829,0.234427,0.020744
smids/Normal_Sperm/Normal_Sperm (556).bmp,0,0,0,0,0.800259,0.175991,0.023750
smids/Normal_Sperm/Normal_Sperm (561).bmp,0,0,0,1,0.245454,0.723250,0.031296
smids/Normal_Sperm/Normal_Sperm (563).bmp,0,0,0,0,0.716370,0.262454,0.021176
smids/Normal_Sperm/Normal_Sperm (568).bmp,0,0,0,0,0.716890,0.263970,0.019140
smids/Normal_Sperm/Normal_Sperm (590).bmp,0,0,0,0,0.773848,0.205803,0.020349
smids/Normal_Sperm/Normal_Sperm (594).bmp,0,0,0,0,0.784029,0.194397,0.021574
smids/Normal_Sperm/Normal_Sperm (596).bmp,0,0,0,0,0.714774,0.266435,0.018791
smids/Normal_Sperm/Normal_Sperm (602).bmp,0,0,0,0,0.724159,0.255574,0.020267
smids/Normal_Sperm/Normal_Sperm (611).bmp,0,0,0,0,0.724595,0.256278,0.019126
smids/Normal_Sperm/Normal_Sperm (613).bmp,0,0,0,0,0.722066,0.259287,0.018647
smids/Normal_Sperm/Normal_Sperm (614).bmp,0,0,0,1,0.319899,0.661721,0.018381
smids/Normal_Sperm/Normal_Sperm (619).bmp,0,0,0,0,0.748866,0.231661,0.019472
smids/Normal_Sperm/Normal_Sperm (620).bmp,0,0,0,0,0.716674,0.264102,0.019224
smids/Normal_Sperm/Normal_Sperm (622).bmp,0,0,0,1,0.250184,0.728886,0.020930
smids/Normal_Sperm/Normal_Sperm (627).bmp,0,0,0,0,0.772310,0.207311,0.020379
smids/Normal_Sperm/Normal_Sperm (63).bmp,0,0,0,1,0.280330,0.691213,0.028457
smids/Normal_Sperm/Normal_Sperm (638).bmp,0,0,0,0,0.726877,0.253336,0.019786
smids/Normal_Sperm/Normal_Sperm (64).bmp,0,0,0,0,0.719441,0.257801,0.022757
smids/Normal_Sperm/Normal_Sperm (643).bmp,0,0,0,1,0.312807,0.668083,0.019110
smids/Normal_Sperm/Normal_Sperm (644).bmp,0,0,0,2,0.231418,0.032939,0.735642
smids/Normal_Sperm/Normal_Sperm (645).bmp,0,0,0,0,0.806126,0.169973,0.023901
smids/Normal_Sperm/Normal_Sperm (649).bmp,0,0,0,0,0.743548,0.235773,0.020678
smids/Normal_Sperm/Normal_Sperm (650).bmp,0,0,0,0,0.778288,0.200747,0.020965
smids/Normal_Sperm/Normal_Sperm (653).bmp,0,0,0,0,0.781814,0.197369,0.020817
smids/Normal_Sperm/Normal_Sperm (661).bmp,0,0,0,0,0.778960,0.199561,0.021479
smids/Normal_Sperm/Normal_Sperm (668).bmp,0,0,0,0,0.748532,0.229558,0.021911
smids/Normal_Sperm/Normal_Sperm (676).bmp,0,0,0,0,0.795170,0.182472,0.022358
smids/Normal_Sperm/Normal_Sperm (679).bmp,0,0,0,0,0.774027,0.203809,0.022164
smids/Normal_Sperm/Normal_Sperm (68).bmp,0,0,0,0,0.748166,0.231838,0.019996
smids/Normal_Sperm/Normal_Sperm (682).bmp,0,0,0,0,0.781183,0.198032,0.020784
smids/Normal_Sperm/Normal_Sperm (684).bmp,0,0,0,0,0.719451,0.258178,0.022371
smids/Normal_Sperm/Normal_Sperm (702).bmp,0,0,0,0,0.716499,0.264516,0.018985
smids/Normal_Sperm/Normal_Sperm (705).bmp,0,0,0,0,0.725062,0.252034,0.022904
smids/Normal_Sperm/Normal_Sperm (707).bmp,0,0,0,0,0.737300,0.232413,0.030287
smids/Normal_Sperm/Normal_Sperm (711).bmp,0,0,0,0,0.773766,0.205547,0.020687
smids/Normal_Sperm/Normal_Sperm (725).bmp,0,0,0,0,0.755354,0.034919,0.209727
smids/Normal_Sperm/Normal_Sperm (727).bmp,0,0,0,0,0.781585,0.196558,0.021857
smids/Normal_Sperm/Normal_Sperm (728).bmp,0,0,0,1,0.297433,0.681574,0.020994
smids/Normal_Sperm/Normal_Sperm (734).bmp,0,0,0,0,0.757578,0.035609,0.206813
smids/Normal_Sperm/Normal_Sperm (736).bmp,0,0,0,0,0.793268,0.184480,0.022251
smids/Normal_Sperm/Normal_Sperm (745).bmp,0,0,0,0,0.752879,0.226310,0.020811
smids/Normal_Sperm/Normal_Sperm (75).bmp,0,0,0,0,0.685302,0.035586,0.279113
smids/Normal_Sperm/Normal_Sperm (753).bmp,0,0,0,0,0.725196,0.255816,0.018988
smids/Normal_Sperm/Normal_Sperm (755).bmp,0,0,0,0,0.798661,0.179029,0.022310
smids/Normal_Sperm/Normal_Sperm (76).bmp,0,0,0,0,0.732052,0.037034,0.230914
smids/Normal_Sperm/Normal_Sperm (764).bmp,0,0,0,0,0.755183,0.035870,0.208947
smids/Normal_Sperm/Normal_Sperm (767).bmp,0,0,0,0,0.729269,0.246605,0.024125
smids/Normal_Sperm/Normal_Sperm (77).bmp,0,0,0,0,0.738245,0.034373,0.227382
smids/Normal_Sperm/Normal_Sperm (78).bmp,0,0,0,0,0.803602,0.173221,0.023177
smids/Normal_Sperm/Normal_Sperm (782).bmp,0,0,0,0,0.777314,0.201365,0.021321
smids/Normal_Sperm/Normal_Sperm (787).bmp,0,0,0,0,0.726639,0.034342,0.239019
smids/Normal_Sperm/Normal_Sperm (79).bmp,0,0,0,0,0.744919,0.232664,0.022417
smids/Normal_Sperm/Normal_Sperm (791).bmp,0,0,0,1,0.308827,0.669824,0.021349
smids/Normal_Sperm/Normal_Sperm (795).bmp,0,0,0,0,0.728434,0.251673,0.019893
smids/Normal_Sperm/Normal_Sperm (797).bmp,0,0,0,0,0.740776,0.238781,0.020443
smids/Normal_Sperm/Normal_Sperm (799).bmp,0,0,0,0,0.798053,0.177761,0.024185
smids/Normal_Sperm/Normal_Sperm (80).bmp,0,0,0,0,0.725674,0.254333,0.019993
smids/Normal_Sperm/Normal_Sperm (801).bmp,0,0,0,0,0.752209,0.224317,0.023474
smids/Normal_Sperm/Normal_Sperm (808).bmp,0,0,0,0,0.773776,0.205170,0.021054
smids/Normal_Sperm/Normal_Sperm (815).bmp,0,0,0,0,0.766678,0.212896,0.020426
smids/Normal_Sperm/Normal_Sperm (818).bmp,0,0,0,0,0.743834,0.225813,0.030352
smids/Normal_Sperm/Normal_Sperm (82).bmp,0,0,0,1,0.280841,0.695908,0.023250
smids/Normal_Sperm/Normal_Sperm (838).bmp,0,0,0,0,0.719426,0.259026,0.021548
smids/Normal_Sperm/Normal_Sperm (839).bmp,0,0,0,1,0.240998,0.736878,0.022124
smids/Normal_Sperm/Normal_Sperm (850).bmp,0,0,0,0,0.720281,0.257777,0.021943
smids/Normal_Sperm/Normal_Sperm (851).bmp,0,0,0,1,0.278056,0.696591,0.025353
smids/Normal_Sperm/Normal_Sperm (853).bmp,0,0,0,0,0.750061,0.229862,0.020077
smids/Normal_Sperm/Normal_Sperm (867).bmp,0,0,0,0,0.727751,0.247813,0.024435
smids/Normal_Sperm/Normal_Sperm (87).bmp,0,0,0,0,0.738518,0.241122,0.020361
smids/Normal_Sperm/Normal_Sperm (880).bmp,0,0,0,1,0.233696,0.743555,0.022749
smids/Normal_Sperm/Normal_Sperm (885).bmp,0,0,0,0,0.724293,0.256125,0.019582
smids/Normal_Sperm/Normal_Sperm (89).bmp,0,0,0,0,0.721018,0.035600,0.243382
smids/Normal_Sperm/Normal_Sperm (901).bmp,0,0,0,0,0.720879,0.259871,0.019249
smids/Normal_Sperm/Normal_Sperm (91).bmp,0,0,0,0,0.768380,0.202670,0.028950
smids/Normal_Sperm/Normal_Sperm (913).bmp,0,0,0,0,0.802806,0.173835,0.023359
smids/Normal_Sperm/Normal_Sperm (917).bmp,0,0,0,0,0.742607,0.235211,0.022181
smids/Normal_Sperm/Normal_Sperm (918).bmp,0,0,0,0,0.732474,0.246768,0.020758
smids/Normal_Sperm/Normal_Sperm (921).bmp,0,0,0,0,0.716128,0.261970,0.021903
smids/Normal_Sperm/Normal_Sperm (927).bmp,0,0,0,1,0.310328,0.670237,0.019436
smids/Normal_Sperm/Normal_Sperm (929).bmp,0,0,0,0,0.737433,0.243088,0.019479
smids/Normal_Sperm/Normal_Sperm (930).bmp,0,0,0,2,0.194596,0.030055,0.775349
smids/Normal_Sperm/Normal_Sperm (935).bmp,0,0,0,1,0.252162,0.724299,0.023539
smids/Normal_Sperm/Normal_Sperm (939).bmp,0,0,0,0,0.769105,0.206766,0.024129
smids/Normal_Sperm/Normal_Sperm (940).bmp,0,0,0,0,0.743902,0.236063,0.020035
smids/Normal_Sperm/Normal_Sperm (942).bmp,0,0,0,0,0.713217,0.267361,0.019422
smids/Normal_Sperm/Normal_Sperm (949).bmp,0,0,0,1,0.298778,0.680296,0.020926
smids/Normal_Sperm/Normal_Sperm (952).bmp,0,0,0,1,0.235650,0.738328,0.026022
smids/Normal_Sperm/Normal_Sperm (954).bmp,0,0,0,1,0.297360,0.681520,0.021120
smids/Normal_Sperm/Normal_Sperm (956).bmp,0,0,0,1,0.238626,0.732584,0.028790
smids/Normal_Sperm/Normal_Sperm (957).bmp,0,0,0,0,0.717846,0.261953,0.020201
smids/Normal_Sperm/Normal_Sperm (959).bmp,0,0,0,1,0.286983,0.692004,0.021013
smids/Normal_Sperm/Normal_Sperm (962).bmp,0,0,0,1,0.044323,0.641367,0.314310
smids/Normal_Sperm/Normal_Sperm (977).bmp,0,0,0,0,0.718741,0.257834,0.023425
smids/Normal_Sperm/Normal_Sperm (983).bmp,0,0,0,1,0.223389,0.754475,0.022135
smids/Normal_Sperm/Normal_Sperm (99).bmp,0,0,0,0,0.789900,0.188294,0.021806
smids/Normal_Sperm/Normal_Sperm (995).bmp,0,0,0,1,0.300909,0.677098,0.021993
smids/Abnormal_Sperm/Abnormal_Sperm (1).bmp,0,1,1,1,0.288218,0.692697,0.019085
smids/Abnormal_Sperm/Abnormal_Sperm (10).bmp,0,1,1,0,0.732715,0.247842,0.019443
smids/Abnormal_Sperm/Abnormal_Sperm (1003).bmp,0,1,1,1,0.239901,0.734870,0.025228
smids/Abnormal_Sperm/Abnormal_Sperm (101).bmp,0,1,1,1,0.043748,0.710670,0.245582
smids/Abnormal_Sperm/Abnormal_Sperm (102).bmp,0,1,1,1,0.280389,0.696949,0.022662
smids/Abnormal_Sperm/Abnormal_Sperm (104).bmp,0,1,1,0,0.736108,0.241206,0.022686
smids/Abnormal_Sperm/Abnormal_Sperm (109).bmp,0,1,1,2,0.032499,0.208651,0.758850
smids/Abnormal_Sperm/Abnormal_Sperm (110).bmp,0,1,1,1,0.035184,0.628077,0.336740
smids/Abnormal_Sperm/Abnormal_Sperm (12).bmp,0,1,1,0,0.724649,0.254644,0.020707
smids/Abnormal_Sperm/Abnormal_Sperm (127).bmp,0,1,1,1,0.222232,0.756471,0.021297
smids/Abnormal_Sperm/Abnormal_Sperm (128).bmp,0,1,1,1,0.304698,0.676396,0.018906
smids/Abnormal_Sperm/Abnormal_Sperm (14).bmp,0,1,1,1,0.270893,0.707875,0.021231
smids/Abnormal_Sperm/Abnormal_Sperm (158).bmp,0,1,1,1,0.039397,0.712682,0.247921
smids/Abnormal_Sperm/Abnormal_Sperm (164).bmp,0,1,1,1,0.230528,0.749055,0.020418
smids/Abnormal_Sperm/Abnormal_Sperm (165).bmp,0,1,1,1,0.039382,0.705930,0.254689
smids/Abnormal_Sperm/Abnormal_Sperm (174).bmp,0,1,1,1,0.245346,0.729957,0.024697
smids/Abnormal_Sperm/Abnormal_Sperm (18).bmp,0,1,1,1,0.296904,0.681874,0.021222
smids/Abnormal_Sperm/Abnormal_Sperm (182).bmp,0,1,1,1,0.312790,0.669092,0.018118
smids/Abnormal_Sperm/Abnormal_Sperm (184).bmp,0,1,1,1,0.235742,0.740680,0.023578
smids/Abnormal_Sperm/Abnormal_Sperm (207).bmp,0,1,1,1,0.047660,0.717370,0.234970
smids/Abnormal_Sperm/Abnormal_Sperm (209).bmp,0,1,1,1,0.260959,0.714638,0.024403
smids/Abnormal_Sperm/Abnormal_Sperm (216).bmp,0,1,1,1,0.276752,0.702977,0.020270
smids/Abnormal_Sperm/Abnormal_Sperm (22).bmp,0,1,1,2,0.036247,0.156933,0.806820
smids/Abnormal_Sperm/Abnormal_Sperm (227).bmp,0,1,1,1,0.282059,0.696928,0.021013
smids/Abnormal_Sperm/Abnormal_Sperm (232).bmp,0,1,1,1,0.040438,0.701025,0.258537
smids/Abnormal_Sperm/Abnormal_Sperm (233).bmp,0,1,1,1,0.224943,0.752740,0.022316
smids/Abnormal_Sperm/Abnormal_Sperm (235).bmp,0,1,1,1,0.043830,0.728129,0.228041
smids/Abnormal_Sperm/Abnormal_Sperm (236).bmp,0,1,1,1,0.257739,0.719519,0.022742
smids/Abnormal_Sperm/Abnormal_Sperm (25).bmp,0,1,1,1,0.240023,0.736590,0.023387
smids/Abnormal_Sperm/Abnormal_Sperm (250).bmp,0,1,1,1,0.039514,0.726569,0.233917
smids/Abnormal_Sperm/Abnormal_Sperm (256).bmp,0,1,1,1,0.040476,0.701830,0.257694
smids/Abnormal_Sperm/Abnormal_Sperm (257).bmp,0,1,1,1,0.043127,0.731473,0.225400
smids/Abnormal_Sperm/Abnormal_Sperm (258).bmp,0,1,1,1,0.231779,0.742644,0.025577
smids/Abnormal_Sperm/Abnormal_Sperm (260).bmp,0,1,1,1,0.043443,0.739732,0.216825
smids/Abnormal_Sperm/Abnormal_Sperm (266).bmp,0,1,1,1,0.041796,0.721750,0.236453
smids/Abnormal_Sperm/Abnormal_Sperm (285).bmp,0,1,1,1,0.299959,0.682280,0.017761
smids/Abnormal_Sperm/Abnormal_Sperm (289).bmp,0,1,1,1,0.235527,0.741667,0.022807
smids/Abnormal_Sperm/Abnormal_Sperm (291).bmp,0,1,1,1,0.261777,0.713263,0.024960
smids/Abnormal_Sperm/Abnormal_Sperm (298).bmp,0,1,1,1,0.301863,0.676896,0.021242
smids/Abnormal_Sperm/Abnormal_Sperm (300).bmp,0,1,1,0,0.716455,0.265869,0.017676
smids/Abnormal_Sperm/Abnormal_Sperm (303).bmp,0,1,1,1,0.297037,0.683930,0.019033
smids/Abnormal_Sperm/Abnormal_Sperm (304).bmp,0,1,1,1,0.042699,0.648692,0.308609
smids/Abnormal_Sperm/Abnormal_Sperm (309).bmp,0,1,1,2,0.040973,0.209001,0.750027
smids/Abnormal_Sperm/Abnormal_Sperm (310).bmp,0,1,1,1,0.039520,0.628108,0.332372
smids/Abnormal_Sperm/Abnormal_Sperm (311).bmp,0,1,1,2,0.043102,0.179442,0.777456
smids/Abnormal_Sperm/Abnormal_Sperm (313).bmp,0,1,1,1,0.044004,0.637088,0.318908
smids/Abnormal_Sperm/Abnormal_Sperm (319).bmp,0,1,1,1,0.238318,0.739361,0.022321
smids/Abnormal_Sperm/Abnormal_Sperm (322).bmp,0,1,1,2,0.031517,0.212685,0.755798
smids/Abnormal_Sperm/Abnormal_Sperm (326).bmp,0,1,1,1,0.206604,0.769259,0.024136
smids/Abnormal_Sperm/Abnormal_Sperm (338).bmp,0,1,1,1,0.288535,0.691777,0.019688
smids/Abnormal_Sperm/Abnormal_Sperm (340).bmp,0,1,1,1,0.040564,0.688891,0.270545
smids/Abnormal_Sperm/Abnormal_Sperm (348).bmp,0,1,1,1,0.300342,0.678492,0.021166
smids/Abnormal_Sperm/Abnormal_Sperm (354).bmp,0,1,1,1,0.037216,0.633524,0.329260
smids/Abnormal_Sperm/Abnormal_Sperm (362).bmp,0,1,1,1,0.216302,0.759207,0.024491
smids/Abnormal_Sperm/Abnormal_Sperm (370).bmp,0,1,1,1,0.294573,0.680794,0.024632
smids/Abnormal_Sperm/Abnormal_Sperm (376).bmp,0,1,1,1,0.219075,0.755571,0.025354
smids/Abnormal_Sperm/Abnormal_Sperm (386).bmp,0,1,1,2,0.034944,0.202583,0.762473
smids/Abnormal_Sperm/Abnormal_Sperm (387).bmp,0,1,1,1,0.215238,0.758486,0.026276
smids/Abnormal_Sperm/Abnormal_Sperm (391).bmp,0,1,1,1,0.300584,0.680518,0.018898
smids/Abnormal_Sperm/Abnormal_Sperm (397).bmp,0,1,1,1,0.234138,0.737668,0.028194
smids/Abnormal_Sperm/Abnormal_Sperm (4).bmp,0,1,1,0,0.720333,0.036312,0.243355
smids/Abnormal_Sperm/Abnormal_Sperm (41).bmp,0,1,1,1,0.255218,0.720104,0.024678
smids/Abnormal_Sperm/Abnormal_Sperm (411).bmp,0,1,1,1,0.234345,0.743207,0.022448
smids/Abnormal_Sperm/Abnormal_Sperm (416).bmp,0,1,1,1,0.230084,0.745994,0.023922
smids/Abnormal_Sperm/Abnormal_Sperm (420).bmp,0,1,1,1,0.037791,0.711590,0.250619
smids/Abnormal_Sperm/Abnormal_Sperm (432).bmp,0,1,1,1,0.035901,0.658938,0.305161
smids/Abnormal_Sperm/Abnormal_Sperm (435).bmp,0,1,1,1,0.215714,0.759300,0.024986
smids/Abnormal_Sperm/Abnormal_Sperm (442).bmp,0,1,1,1,0.211797,0.760754,0.027450
smids/Abnormal_Sperm/Abnormal_Sperm (445).bmp,0,1,1,1,0.206036,0.770984,0.022980
smids/Abnormal_Sperm/Abnormal_Sperm (451).bmp,0,1,1,1,0.284217,0.696300,0.019483
smids/Abnormal_Sperm/Abnormal_Sperm (456).bmp,0,1,1,1,0.245414,0.732184,0.022401
smids/Abnormal_Sperm/Abnormal_Sperm (458).bmp,0,1,1,1,0.219002,0.758799,0.022200
smids/Abnormal_Sperm/Abnormal_Sperm (466).bmp,0,1,1,1,0.228764,0.747723,0.023514
smids/Abnormal_Sperm/Abnormal_Sperm (473).bmp,0,1,1,1,0.218504,0.757246,0.024250
smids/Abnormal_Sperm/Abnormal_Sperm (491).bmp,0,1,1,1,0.039203,0.719673,0.241124
smids/Abnormal_Sperm/Abnormal_Sperm (492).bmp,0,1,1,0,0.774118,0.204629,0.021253
smids/Abnormal_Sperm/Abnormal_Sperm (5).bmp,0,1,1,1,0.241081,0.734070,0.024849
smids/Abnormal_Sperm/Abnormal_Sperm (502).bmp,0,1,1,1,0.253087,0.712216,0.034697
smids/Abnormal_Sperm/Abnormal_Sperm (519).bmp,0,1,1,0,0.720382,0.262096,0.017522
smids/Abnormal_Sperm/Abnormal_Sperm (520).bmp,0,1,1,1,0.250311,0.728218,0.021471
smids/Abnormal_Sperm/Abnormal_Sperm (524).bmp,0,1,1,2,0.028554,0.228882,0.742563
smids/Abnormal_Sperm/Abnormal_Sperm (526).bmp,0,1,1,1,0.246976,0.726321,0.026703
smids/Abnormal_Sperm/Abnormal_Sperm (536).bmp,0,1,1,0,0.717177,0.263583,0.019240
smids/Abnormal_Sperm/Abnormal_Sperm (54).bmp,0,1,1,1,0.249269,0.726793,0.023938
smids/Abnormal_Sperm/Abnormal_Sperm (540).bmp,0,1,1,1,0.211920,0.764729,0.023352
smids/Abnormal_Sperm/Abnormal_Sperm (542).bmp,0,1,1,1,0.302435,0.678189,0.019375
smids/Abnormal_Sperm/Abnormal_Sperm (543).bmp,0,1,1,1,0.223186,0.755825,0.020989
smids/Abnormal_Sperm/Abnormal_Sperm (556).bmp,0,1,1,2,0.033857,0.200834,0.765309
smids/Abnormal_Sperm/Abnormal_Sperm (56).bmp,0,1,1,1,0.035050,0.650088,0.314862
smids/Abnormal_Sperm/Abnormal_Sperm (563).bmp,0,1,1,1,0.041090,0.625977,0.332933
smids/Abnormal_Sperm/Abnormal_Sperm (566).bmp,0,1,1,1,0.306921,0.672557,0.020522
smids/Abnormal_Sperm/Abnormal_Sperm (571).bmp,0,1,1,0,0.712229,0.040585,0.247186
smids/Abnormal_Sperm/Abnormal_Sperm (572).bmp,0,1,1,2,0.206592,0.036717,0.756691
smids/Abnormal_Sperm/Abnormal_Sperm (58).bmp,0,1,1,1,0.037042,0.705793,0.257166
smids/Abnormal_Sperm/Abnormal_Sperm (583).bmp,0,1,1,1,0.288377,0.682273,0.029350
smids/Abnormal_Sperm/Abnormal_Sperm (584).bmp,0,1,1,2,0.046359,0.190183,0.763458
smids/Abnormal_Sperm/Abnormal_Sperm (588).bmp,0,1,1,1,0.052464,0.665356,0.282181
smids/Abnormal_Sperm/Abnormal_Sperm (589).bmp,0,1,1,1,0.043950,0.631090,0.324960
smids/Abnormal_Sperm/Abnormal_Sperm (59).bmp,0,1,1,1,0.212015,0.764365,0.023620
smids/Abnormal_Sperm/Abnormal_Sperm (594).bmp,0,1,1,0,0.750907,0.219665,0.029427
smids/Abnormal_Sperm/Abnormal_Sperm (595).bmp,0,1,1,1,0.041884,0.652227,0.305890
smids/Abnormal_Sperm/Abnormal_Sperm (604).bmp,0,1,1,1,0.277236,0.697910,0.024854
smids/Abnormal_Sperm/Abnormal_Sperm (608).bmp,0,1,1,1,0.039819,0.683814,0.276367
smids/Abnormal_Sperm/Abnormal_Sperm (612).bmp,0,1,1,0,0.739885,0.241777,0.018337
smids/Abnormal_Sperm/Abnormal_Sperm (614).bmp,0,1,1,1,0.300800,0.680077,0.019124
smids/Abnormal_Sperm/Abnormal_Sperm (615).bmp,0,1,1,1,0.313245,0.668038,0.018716
smids/Abnormal_Sperm/Abnormal_Sperm (621).bmp,0,1,1,1,0.244288,0.731839,0.023873
smids/Abnormal_Sperm/Abnormal_Sperm (626).bmp,0,1,1,1,0.248196,0.731520,0.020285
smids/Abnormal_Sperm/Abnormal_Sperm (640).bmp,0,1,1,1,0.296205,0.681641,0.022154
smids/Abnormal_Sperm/Abnormal_Sperm (653).bmp,0,1,1,0,0.738709,0.241518,0.019773
smids/Abnormal_Sperm/Abnormal_Sperm (657).bmp,0,1,1,1,0.291417,0.682442,0.026141
smids/Abnormal_Sperm/Abnormal_Sperm (658).bmp,0,1,1,1,0.220553,0.757886,0.021561
smids/Abnormal_Sperm/Abnormal_Sperm (659).bmp,0,1,1,1,0.223430,0.748819,0.027751
smids/Abnormal_Sperm/Abnormal_Sperm (660).bmp,0,1,1,0,0.752053,0.227995,0.019953
smids/Abnormal_Sperm/Abnormal_Sperm (663).bmp,0,1,1,1,0.269773,0.710706,0.019522
smids/Abnormal_Sperm/Abnormal_Sperm (667).bmp,0,1,1,0,0.717210,0.265001,0.017789
smids/Abnormal_Sperm/Abnormal_Sperm (672).bmp,0,1,1,1,0.237207,0.738604,0.024189
smids/Abnormal_Sperm/Abnormal_Sperm (675).bmp,0,1,1,1,0.225565,0.750072,0.024362
smids/Abnormal_Sperm/Abnormal_Sperm (676).bmp,0,1,1,1,0.307535,0.674616,0.017849
smids/Abnormal_Sperm/Abnormal_Sperm (677).bmp,0,1,1,1,0.243020,0.735140,0.021841
smids/Abnormal_Sperm/Abnormal_Sperm (68).bmp,0,1,1,1,0.242676,0.735244,0.022081
smids/Abnormal_Sperm/Abnormal_Sperm (687).bmp,0,1,1,1,0.240340,0.738725,0.020935
smids/Abnormal_Sperm/Abnormal_Sperm (689).bmp,0,1,1,0,0.737613,0.243657,0.018730
smids/Abnormal_Sperm/Abnormal_Sperm (692).bmp,0,1,1,1,0.310200,0.671895,0.017905
smids/Abnormal_Sperm/Abnormal_Sperm (694).bmp,0,1,1,1,0.038666,0.649014,0.312320
smids/Abnormal_Sperm/Abnormal_Sperm (70).bmp,0,1,1,1,0.257569,0.722704,0.019727
smids/Abnormal_Sperm/Abnormal_Sperm (700).bmp,0,1,1,1,0.239072,0.737954,0.022974
smids/Abnormal_Sperm/Abnormal_Sperm (704).bmp,0,1,1,1,0.233710,0.742767,0.023523
smids/Abnormal_Sperm/Abnormal_Sperm (712).bmp,0,1,1,1,0.257954,0.720253,0.021793
smids/Abnormal_Sperm/Abnormal_Sperm (718).bmp,0,1,1,1,0.242813,0.734107,0.023081
smids/Abnormal_Sperm/Abnormal_Sperm (723).bmp,0,1,1,1,0.270913,0.707876,0.021212
smids/Abnormal_Sperm/Abnormal_Sperm (724).bmp,0,1,1,1,0.041085,0.630591,0.328324
smids/Abnormal_Sperm/Abnormal_Sperm (726).bmp,0,1,1,0,0.741951,0.239055,0.018994
smids/Abnormal_Sperm/Abnormal_Sperm (728).bmp,0,1,1,1,0.242289,0.732076,0.025635
smids/Abnormal_Sperm/Abnormal_Sperm (73).bmp,0,1,1,1,0.300159,0.679059,0.020782
smids/Abnormal_Sperm/Abnormal_Sperm (732).bmp,0,1,1,1,0.035874,0.638302,0.325824
smids/Abnormal_Sperm/Abnormal_Sperm (735).bmp,0,1,1,0,0.761910,0.215324,0.022765
smids/Abnormal_Sperm/Abnormal_Sperm (746).bmp,0,1,1,1,0.314398,0.666822,0.018780
smids/Abnormal_Sperm/Abnormal_Sperm (749).bmp,0,1,1,1,0.217401,0.758561,0.024038
smids/Abnormal_Sperm/Abnormal_Sperm (753).bmp,0,1,1,1,0.228188,0.750498,0.021314
smids/Abnormal_Sperm/Abnormal_Sperm (761).bmp,0,1,1,0,0.785240,0.194529,0.020231
smids/Abnormal_Sperm/Abnormal_Sperm (762).bmp,0,1,1,1,0.270011,0.709195,0.020794
smids/Abnormal_Sperm/Abnormal_Sperm (766).bmp,0,1,1,0,0.720985,0.260258,0.018757
smids/Abnormal_Sperm/Abnormal_Sperm (771).bmp,0,1,1,1,0.044686,0.669635,0.285679
smids/Abnormal_Sperm/Abnormal_Sperm (772).bmp,0,1,1,0,0.710321,0.269773,0.019907
smids/Abnormal_Sperm/Abnormal_Sperm (776).bmp,0,1,1,1,0.218732,0.758486,0.022782
smids/Abnormal_Sperm/Abnormal_Sperm (78).bmp,0,1,1,1,0.255860,0.722946,0.021194
smids/Abnormal_Sperm/Abnormal_Sperm (781).bmp,0,1,1,2,0.036524,0.175350,0.788126
smids/Abnormal_Sperm/Abnormal_Sperm (786).bmp,0,1,1,0,0.719464,0.261063,0.019473
smids/Abnormal_Sperm/Abnormal_Sperm (795).bmp,0,1,1,0,0.723802,0.257933,0.018265
smids/Abnormal_Sperm/Abnormal_Sperm (796).bmp,0,1,1,0,0.730617,0.250066,0.019317
smids/Abnormal_Sperm/Abnormal_Sperm (799).bmp,0,1,1,1,0.310944,0.669564,0.019492
smids/Abnormal_Sperm/Abnormal_Sperm (804).bmp,0,1,1,1,0.239463,0.740739,0.019798
smids/Abnormal_Sperm/Abnormal_Sperm (807).bmp,0,1,1,1,0.302567,0.679181,0.018252
smids/Abnormal_Sperm/Abnormal_Sperm (81).bmp,0,1,1,1,0.226699,0.746473,0.026828
smids/Abnormal_Sperm/Abnormal_Sperm (813).bmp,0,1,1,0,0.712025,0.270337,0.017638
smids/Abnormal_Sperm/Abnormal_Sperm (824).bmp,0,1,1,1,0.301944,0.679195,0.018861
smids/Abnormal_Sperm/Abnormal_Sperm (825).bmp,0,1,1,0,0.745497,0.232266,0.022237
smids/Abnormal_Sperm/Abnormal_Sperm (827).bmp,0,1,1,1,0.237840,0.741243,0.020917
smids/Abnormal_Sperm/Abnormal_Sperm (829).bmp,0,1,1,1,0.295871,0.684049,0.020081
smids/Abnormal_Sperm/Abnormal_Sperm (845).bmp,0,1,1,1,0.227076,0.749007,0.023917
smids/Abnormal_Sperm/Abnormal_Sperm (861).bmp,0,1,1,1,0.314541,0.667912,0.017547
smids/Abnormal_Sperm/Abnormal_Sperm (866).bmp,0,1,1,0,0.715025,0.267222,0.017753
smids/Abnormal_Sperm/Abnormal_Sperm (87).bmp,0,1,1,1,0.253242,0.725217,0.021541
smids/Abnormal_Sperm/Abnormal_Sperm (871).bmp,0,1,1,0,0.715924,0.262258,0.021819
smids/Abnormal_Sperm/Abnormal_Sperm (880).bmp,0,1,1,0,0.725281,0.256781,0.017938
smids/Abnormal_Sperm/Abnormal_Sperm (882).bmp,0,1,1,1,0.288955,0.692075,0.018970
smids/Abnormal_Sperm/Abnormal_Sperm (896).bmp,0,1,1,1,0.297975,0.680294,0.021731
smids/Abnormal_Sperm/Abnormal_Sperm (897).bmp,0,1,1,0,0.725734,0.257038,0.017228
smids/Abnormal_Sperm/Abnormal_Sperm (899).bmp,0,1,1,0,0.768107,0.206785,0.025108
smids/Abnormal_Sperm/Abnormal_Sperm (910).bmp,0,1,1,0,0.726745,0.250772,0.022482
smids/Abnormal_Sperm/Abnormal_Sperm (912).bmp,0,1,1,1,0.281072,0.697808,0.021120
smids/Abnormal_Sperm/Abnormal_Sperm (914).bmp,0,1,1,1,0.315276,0.664775,0.019949
smids/Abnormal_Sperm/Abnormal_Sperm (92).bmp,0,1,1,2,0.034535,0.199980,0.765485
smids/Abnormal_Sperm/Abnormal_Sperm (927).bmp,0,1,1,1,0.229288,0.742026,0.028686
smids/Abnormal_Sperm/Abnormal_Sperm (928).bmp,0,1,1,1,0.294879,0.686028,0.019093
smids/Abnormal_Sperm/Abnormal_Sperm (932).bmp,0,1,1,0,0.713777,0.269183,0.017040
smids/Abnormal_Sperm/Abnormal_Sperm (933).bmp,0,1,1,0,0.716602,0.265874,0.017524
smids/Abnormal_Sperm/Abnormal_Sperm (938).bmp,0,1,1,2,0.037677,0.201189,0.761134
smids/Abnormal_Sperm/Abnormal_Sperm (939).bmp,0,1,1,0,0.760451,0.219690,0.019858
smids/Abnormal_Sperm/Abnormal_Sperm (941).bmp,0,1,1,1,0.215893,0.759229,0.024878
smids/Abnormal_Sperm/Abnormal_Sperm (949).bmp,0,1,1,1,0.271726,0.707534,0.020740
smids/Abnormal_Sperm/Abnormal_Sperm (952).bmp,0,1,1,0,0.722315,0.259453,0.018232
smids/Abnormal_Sperm/Abnormal_Sperm (959).bmp,0,1,1,1,0.040876,0.736355,0.222769
smids/Abnormal_Sperm/Abnormal_Sperm (963).bmp,0,1,1,1,0.219379,0.757984,0.022637
smids/Abnormal_Sperm/Abnormal_Sperm (966).bmp,0,1,1,1,0.033130,0.620573,0.346297
smids/Abnormal_Sperm/Abnormal_Sperm (968).bmp,0,1,1,1,0.040329,0.720560,0.239111
smids/Abnormal_Sperm/Abnormal_Sperm (970).bmp,0,1,1,1,0.240648,0.736061,0.023291
smids/Abnormal_Sperm/Abnormal_Sperm (972).bmp,0,1,1,1,0.279672,0.693003,0.027325
smids/Abnormal_Sperm/Abnormal_Sperm (977).bmp,0,1,1,1,0.225883,0.749727,0.024390
smids/Abnormal_Sperm/Abnormal_Sperm (984).bmp,0,1,1,1,0.231569,0.745915,0.022516
smids/Abnormal_Sperm/Abnormal_Sperm (986).bmp,0,1,1,1,0.231597,0.738189,0.030214
smids/Abnormal_Sperm/Abnormal_Sperm (988).bmp,0,1,1,1,0.038961,0.720310,0.240729
smids/Abnormal_Sperm/Abnormal_Sperm (996).bmp,0,1,1,1,0.040895,0.742646,0.216459
smids/Non-Sperm/Non-Sperm (1).bmp,0,1,2,2,0.029823,0.214283,0.755893
smids/Non-Sperm/Non-Sperm (100).bmp,0,1,2,2,0.030372,0.201123,0.768505
smids/Non-Sperm/Non-Sperm (102).bmp,0,1,2,2,0.182943,0.030356,0.786701
smids/Non-Sperm/Non-Sperm (103).bmp,0,1,2,2,0.033837,0.156488,0.809675
smids/Non-Sperm/Non-Sperm (112).bmp,0,1,2,2,0.031986,0.146987,0.821027
smids/Non-Sperm/Non-Sperm (124).bmp,0,1,2,2,0.033866,0.142451,0.823683
smids/Non-Sperm/Non-Sperm (125).bmp,0,1,2,2,0.032434,0.152604,0.814962
smids/Non-Sperm/Non-Sperm (126).bmp,0,1,2,2,0.183204,0.030622,0.786174
smids/Non-Sperm/Non-Sperm (129).bmp,0,1,2,2,0.168345,0.033126,0.798529
smids/Non-Sperm/Non-Sperm (136).bmp,0,1,2,2,0.032109,0.142202,0.825689
smids/Non-Sperm/Non-Sperm (142).bmp,0,1,2,2,0.163800,0.030668,0.805532
smids/Non-Sperm/Non-Sperm (146).bmp,0,1,2,2,0.179329,0.032704,0.787967
smids/Non-Sperm/Non-Sperm (147).bmp,0,1,2,2,0.032423,0.151330,0.816247
smids/Non-Sperm/Non-Sperm (15).bmp,0,1,2,2,0.034634,0.212671,0.752695
smids/Non-Sperm/Non-Sperm (165).bmp,0,1,2,2,0.035389,0.153625,0.810985
smids/Non-Sperm/Non-Sperm (169).bmp,0,1,2,2,0.170925,0.029861,0.799214
smids/Non-Sperm/Non-Sperm (182).bmp,0,1,2,2,0.194855,0.031928,0.773217
smids/Non-Sperm/Non-Sperm (19).bmp,0,1,2,2,0.032350,0.181438,0.786211
smids/Non-Sperm/Non-Sperm (191).bmp,0,1,2,1,0.032132,0.622680,0.345189
smids/Non-Sperm/Non-Sperm (192).bmp,0,1,2,2,0.187580,0.034084,0.778335
smids/Non-Sperm/Non-Sperm (198).bmp,0,1,2,2,0.035934,0.155718,0.808347
smids/Non-Sperm/Non-Sperm (199).bmp,0,1,2,2,0.034373,0.154312,0.811315
smids/Non-Sperm/Non-Sperm (202).bmp,0,1,2,2,0.032906,0.146071,0.821023
smids/Non-Sperm/Non-Sperm (208).bmp,0,1,2,1,0.033066,0.617089,0.349845
smids/Non-Sperm/Non-Sperm (210).bmp,0,1,2,2,0.032255,0.155589,0.812156
smids/Non-Sperm/Non-Sperm (211).bmp,0,1,2,2,0.035078,0.166262,0.798660
smids/Non-Sperm/Non-Sperm (214).bmp,0,1,2,2,0.032881,0.149296,0.817823
smids/Non-Sperm/Non-Sperm (215).bmp,0,1,2,2,0.031787,0.155663,0.812550
smids/Non-Sperm/Non-Sperm (216).bmp,0,1,2,2,0.175381,0.032235,0.792384
smids/Non-Sperm/Non-Sperm (228).bmp,0,1,2,2,0.034249,0.154559,0.811192
smids/Non-Sperm/Non-Sperm (234).bmp,0,1,2,2,0.166922,0.032094,0.800984
smids/Non-Sperm/Non-Sperm (237).bmp,0,1,2,2,0.189626,0.031070,0.779304
smids/Non-Sperm/Non-Sperm (240).bmp,0,1,2,2,0.033367,0.141270,0.825364
smids/Non-Sperm/Non-Sperm (247).bmp,0,1,2,2,0.166196,0.030839,0.802965
smids/Non-Sperm/Non-Sperm (254).bmp,0,1,2,2,0.176444,0.030910,0.792646
smids/Non-Sperm/Non-Sperm (259).bmp,0,1,2,2,0.033857,0.149011,0.817132
smids/Non-Sperm/Non-Sperm (264).bmp,0,1,2,2,0.032622,0.148076,0.819302
smids/Non-Sperm/Non-Sperm (268).bmp,0,1,2,2,0.170510,0.031381,0.798109
smids/Non-Sperm/Non-Sperm (27).bmp,0,1,2,2,0.035813,0.152079,0.812108
smids/Non-Sperm/Non-Sperm (274).bmp,0,1,2,2,0.036257,0.164589,0.799154
smids/Non-Sperm/Non-Sperm (277).bmp,0,1,2,2,0.036742,0.160040,0.803218
smids/Non-Sperm/Non-Sperm (28).bmp,0,1,2,1,0.039261,0.736565,0.224173
smids/Non-Sperm/Non-Sperm (287).bmp,0,1,2,2,0.229698,0.033489,0.736813
smids/Non-Sperm/Non-Sperm (29).bmp,0,1,2,2,0.031372,0.206873,0.761755
smids/Non-Sperm/Non-Sperm (291).bmp,0,1,2,2,0.185582,0.035636,0.778782
smids/Non-Sperm/Non-Sperm (298).bmp,0,1,2,2,0.170863,0.030712,0.798425
smids/Non-Sperm/Non-Sperm (321).bmp,0,1,2,2,0.034138,0.149952,0.815910
smids/Non-Sperm/Non-Sperm (323).bmp,0,1,2,2,0.186321,0.036503,0.777176
smids/Non-Sperm/Non-Sperm (326).bmp,0,1,2,2,0.033237,0.185678,0.781085
smids/Non-Sperm/Non-Sperm (332).bmp,0,1,2,2,0.187411,0.032371,0.780218
smids/Non-Sperm/Non-Sperm (336).bmp,0,1,2,2,0.033768,0.155136,0.811095
smids/Non-Sperm/Non-Sperm (340).bmp,0,1,2,2,0.033832,0.157484,0.808684
smids/Non-Sperm/Non-Sperm (353).bmp,0,1,2,1,0.298262,0.678996,0.022741
smids/Non-Sperm/Non-Sperm (355).bmp,0,1,2,2,0.031178,0.221662,0.747159
smids/Non-Sperm/Non-Sperm (359).bmp,0,1,2,2,0.030866,0.156477,0.812657
smids/Non-Sperm/Non-Sperm (361).bmp,0,1,2,2,0.031359,0.177677,0.790964
smids/Non-Sperm/Non-Sperm (362).bmp,0,1,2,2,0.168409,0.033308,0.798283
smids/Non-Sperm/Non-Sperm (364).bmp,0,1,2,2,0.034432,0.153245,0.812323
smids/Non-Sperm/Non-Sperm (366).bmp,0,1,2,2,0.204363,0.037398,0.758239
smids/Non-Sperm/Non-Sperm (367).bmp,0,1,2,2,0.199301,0.030657,0.770042
smids/Non-Sperm/Non-Sperm (369).bmp,0,1,2,0,0.779926,0.191554,0.028520
smids/Non-Sperm/Non-Sperm (370).bmp,0,1,2,1,0.046187,0.649181,0.304633
smids/Non-Sperm/Non-Sperm (371).bmp,0,1,2,2,0.034194,0.150166,0.815640
smids/Non-Sperm/Non-Sperm (374).bmp,0,1,2,2,0.175770,0.032799,0.791431
smids/Non-Sperm/Non-Sperm (378).bmp,0,1,2,2,0.169869,0.030880,0.799251
smids/Non-Sperm/Non-Sperm (380).bmp,0,1,2,2,0.035530,0.192041,0.772429
smids/Non-Sperm/Non-Sperm (385).bmp,0,1,2,2,0.035400,0.170205,0.794395
smids/Non-Sperm/Non-Sperm (39).bmp,0,1,2,2,0.037452,0.201007,0.761541
smids/Non-Sperm/Non-Sperm (391).bmp,0,1,2,2,0.035651,0.178272,0.786077
smids/Non-Sperm/Non-Sperm (398).bmp,0,1,2,0,0.776470,0.204054,0.019477
smids/Non-Sperm/Non-Sperm (401).bmp,0,1,2,2,0.182600,0.031256,0.786144
smids/Non-Sperm/Non-Sperm (403).bmp,0,1,2,2,0.179126,0.030984,0.789890
smids/Non-Sperm/Non-Sperm (412).bmp,0,1,2,0,0.697347,0.035279,0.267374
smids/Non-Sperm/Non-Sperm (426).bmp,0,1,2,2,0.031989,0.163661,0.804350
smids/Non-Sperm/Non-Sperm (434).bmp,0,1,2,2,0.032417,0.207462,0.760121
smids/Non-Sperm/Non-Sperm (438).bmp,0,1,2,2,0.033882,0.142780,0.823338
smids/Non-Sperm/Non-Sperm (439).bmp,0,1,2,2,0.031909,0.148486,0.819605
smids/Non-Sperm/Non-Sperm (448).bmp,0,1,2,2,0.032371,0.147222,0.820407
smids/Non-Sperm/Non-Sperm (453).bmp,0,1,2,2,0.035307,0.183642,0.781051
smids/Non-Sperm/Non-Sperm (454).bmp,0,1,2,2,0.037702,0.182789,0.779509
smids/Non-Sperm/Non-Sperm (459).bmp,0,1,2,2,0.200498,0.029737,0.769765
smids/Non-Sperm/Non-Sperm (470).bmp,0,1,2,2,0.034696,0.148039,0.817265
smids/Non-Sperm/Non-Sperm (472).bmp,0,1,2,0,0.702761,0.034013,0.263226
smids/Non-Sperm/Non-Sperm (474).bmp,0,1,2,2,0.032785,0.149013,0.818202
smids/Non-Sperm/Non-Sperm (48).bmp,0,1,2,2,0.032090,0.221841,0.746070
smids/Non-Sperm/Non-Sperm (480).bmp,0,1,2,2,0.178329,0.034289,0.787382
smids/Non-Sperm/Non-Sperm (484).bmp,0,1,2,2,0.034462,0.149298,0.816240
smids/Non-Sperm/Non-Sperm (485).bmp,0,1,2,2,0.194897,0.029895,0.775209
smids/Non-Sperm/Non-Sperm (493).bmp,0,1,2,2,0.177056,0.030529,0.792414
smids/Non-Sperm/Non-Sperm (497).bmp,0,1,2,2,0.036695,0.159820,0.803485
smids/Non-Sperm/Non-Sperm (50).bmp,0,1,2,2,0.032782,0.179485,0.787733
smids/Non-Sperm/Non-Sperm (502).bmp,0,1,2,2,0.168701,0.031461,0.799838
smids/Non-Sperm/Non-Sperm (507).bmp,0,1,2,2,0.209641,0.029884,0.760475
smids/Non-Sperm/Non-Sperm (512).bmp,0,1,2,2,0.164447,0.030440,0.805112
smids/Non-Sperm/Non-Sperm (524).bmp,0,1,2,2,0.035004,0.198720,0.766276
smids/Non-Sperm/Non-Sperm (527).bmp,0,1,2,2,0.035377,0.145813,0.818810
smids/Non-Sperm/Non-Sperm (534).bmp,0,1,2,2,0.035203,0.149006,0.815791
smids/Non-Sperm/Non-Sperm (536).bmp,0,1,2,2,0.034713,0.149697,0.815590
smids/Non-Sperm/Non-Sperm (537).bmp,0,1,2,2,0.032766,0.144562,0.822672
smids/Non-Sperm/Non-Sperm (539).bmp,0,1,2,2,0.183492,0.031256,0.785251
smids/Non-Sperm/Non-Sperm (540).bmp,0,1,2,2,0.037385,0.165433,0.797182
smids/Non-Sperm/Non-Sperm (543).bmp,0,1,2,2,0.181435,0.035195,0.783370
smids/Non-Sperm/Non-Sperm (546).bmp,0,1,2,2,0.038302,0.171569,0.790129
smids/Non-Sperm/Non-Sperm (551).bmp,0,1,2,2,0.030510,0.159059,0.810431
smids/Non-Sperm/Non-Sperm (56).bmp,0,1,2,2,0.032881,0.174630,0.792489
smids/Non-Sperm/Non-Sperm (560).bmp,0,1,2,2,0.168043,0.032105,0.799853
smids/Non-Sperm/Non-Sperm (561).bmp,0,1,2,2,0.032169,0.147430,0.820401
smids/Non-Sperm/Non-Sperm (582).bmp,0,1,2,2,0.033146,0.152696,0.814158
smids/Non-Sperm/Non-Sperm (583).bmp,0,1,2,2,0.031566,0.186678,0.781757
smids/Non-Sperm/Non-Sperm (589).bmp,0,1,2,2,0.030217,0.181798,0.787985
smids/Non-Sperm/Non-Sperm (590).bmp,0,1,2,2,0.189762,0.033288,0.776950
smids/Non-Sperm/Non-Sperm (599).bmp,0,1,2,2,0.033751,0.144277,0.821972
smids/Non-Sperm/Non-Sperm (604).bmp,0,1,2,2,0.031288,0.157083,0.811629
smids/Non-Sperm/Non-Sperm (605).bmp,0,1,2,2,0.033287,0.146753,0.819960
smids/Non-Sperm/Non-Sperm (608).bmp,0,1,2,2,0.034974,0.151509,0.813517
smids/Non-Sperm/Non-Sperm (613).bmp,0,1,2,2,0.175289,0.031065,0.793646
smids/Non-Sperm/Non-Sperm (615).bmp,0,1,2,2,0.031764,0.162443,0.805793
smids/Non-Sperm/Non-Sperm (623).bmp,0,1,2,2,0.033411,0.146230,0.820358
smids/Non-Sperm/Non-Sperm (628).bmp,0,1,2,2,0.176508,0.031264,0.792228
smids/Non-Sperm/Non-Sperm (632).bmp,0,1,2,2,0.035268,0.177231,0.787501
smids/Non-Sperm/Non-Sperm (636).bmp,0,1,2,2,0.033559,0.153761,0.812680
smids/Non-Sperm/Non-Sperm (642).bmp,0,1,2,2,0.164283,0.030633,0.805084
smids/Non-Sperm/Non-Sperm (643).bmp,0,1,2,2,0.035282,0.151049,0.813669
smids/Non-Sperm/Non-Sperm (658).bmp,0,1,2,2,0.035174,0.160272,0.804554
smids/Non-Sperm/Non-Sperm (669).bmp,0,1,2,1,0.035457,0.662953,0.301591
smids/Non-Sperm/Non-Sperm (670).bmp,0,1,2,2,0.034957,0.161263,0.803780
smids/Non-Sperm/Non-Sperm (68).bmp,0,1,2,2,0.035564,0.197612,0.766825
smids/Non-Sperm/Non-Sperm (684).bmp,0,1,2,2,0.031069,0.189544,0.779386
smids/Non-Sperm/Non-Sperm (689).bmp,0,1,2,1,0.037134,0.636435,0.326431
smids/Non-Sperm/Non-Sperm (692).bmp,0,1,2,2,0.036890,0.156759,0.806351
smids/Non-Sperm/Non-Sperm (696).bmp,0,1,2,2,0.030460,0.218311,0.751230
smids/Non-Sperm/Non-Sperm (698).bmp,0,1,2,2,0.034494,0.167793,0.797712
smids/Non-Sperm/Non-Sperm (699).bmp,0,1,2,2,0.034038,0.147171,0.818792
smids/Non-Sperm/Non-Sperm (704).bmp,0,1,2,2,0.182831,0.034816,0.782353
smids/Non-Sperm/Non-Sperm (709).bmp,0,1,2,2,0.032050,0.154020,0.813930
smids/Non-Sperm/Non-Sperm (71).bmp,0,1,2,1,0.040316,0.638263,0.321421
smids/Non-Sperm/Non-Sperm (715).bmp,0,1,2,2,0.032746,0.144889,0.822365
smids/Non-Sperm/Non-Sperm (717).bmp,0,1,2,2,0.031755,0.149136,0.819109
smids/Non-Sperm/Non-Sperm (722).bmp,0,1,2,2,0.032213,0.158523,0.809263
smids/Non-Sperm/Non-Sperm (734).bmp,0,1,2,2,0.033499,0.168896,0.797605
smids/Non-Sperm/Non-Sperm (737).bmp,0,1,2,2,0.030005,0.208164,0.761830
smids/Non-Sperm/Non-Sperm (751).bmp,0,1,2,2,0.172157,0.031077,0.796766
smids/Non-Sperm/Non-Sperm (753).bmp,0,1,2,2,0.227131,0.035442,0.737427
smids/Non-Sperm/Non-Sperm (755).bmp,0,1,2,2,0.038407,0.209609,0.751984
smids/Non-Sperm/Non-Sperm (759).bmp,0,1,2,2,0.166580,0.029956,0.803464
smids/Non-Sperm/Non-Sperm (761).bmp,0,1,2,2,0.191039,0.035238,0.773723
smids/Non-Sperm/Non-Sperm (763).bmp,0,1,2,2,0.181760,0.033164,0.785075
smids/Non-Sperm/Non-Sperm (766).bmp,0,1,2,2,0.037952,0.157483,0.804566
smids/Non-Sperm/Non-Sperm (774).bmp,0,1,2,2,0.237276,0.028467,0.734257
smids/Non-Sperm/Non-Sperm (78).bmp,0,1,2,2,0.040950,0.201198,0.757852
smids/Non-Sperm/Non-Sperm (786).bmp,0,1,2,2,0.185363,0.029566,0.785071
smids/Non-Sperm/Non-Sperm (788).bmp,0,1,2,2,0.190618,0.032261,0.777121
smids/Non-Sperm/Non-Sperm (789).bmp,0,1,2,2,0.168273,0.030937,0.800790
smids/Non-Sperm/Non-Sperm (790).bmp,0,1,2,2,0.169996,0.030632,0.799373
smids/Non-Sperm/Non-Sperm (793).bmp,0,1,2,2,0.176987,0.031632,0.791381
smids/Non-Sperm/Non-Sperm (794).bmp,0,1,2,2,0.205580,0.032517,0.761904
smids/Non-Sperm/Non-Sperm (796).bmp,0,1,2,2,0.233693,0.028786,0.737521
smids/Non-Sperm/Non-Sperm (797).bmp,0,1,2,2,0.033599,0.151344,0.815057
smids/Non-Sperm/Non-Sperm (8).bmp,0,1,2,2,0.034188,0.176524,0.789288
smids/Non-Sperm/Non-Sperm (800).bmp,0,1,2,2,0.034088,0.158901,0.807010
smids/Non-Sperm/Non-Sperm (803).bmp,0,1,2,2,0.191264,0.034601,0.774135
smids/Non-Sperm/Non-Sperm (816).bmp,0,1,2,2,0.188366,0.031065,0.780568
smids/Non-Sperm/Non-Sperm (818).bmp,0,1,2,2,0.223906,0.029559,0.746535
smids/Non-Sperm/Non-Sperm (82).bmp,0,1,2,2,0.031773,0.157122,0.811105
smids/Non-Sperm/Non-Sperm (820).bmp,0,1,2,2,0.199566,0.033768,0.766666
smids/Non-Sperm/Non-Sperm (824).bmp,0,1,2,2,0.031923,0.142657,0.825420
smids/Non-Sperm/Non-Sperm (825).bmp,0,1,2,0,0.788204,0.190714,0.021081
smids/Non-Sperm/Non-Sperm (827).bmp,0,1,2,2,0.028950,0.216047,0.755003
smids/Non-Sperm/Non-Sperm (831).bmp,0,1,2,2,0.036898,0.153885,0.809217
smids/Non-Sperm/Non-Sperm (832).bmp,0,1,2,2,0.189791,0.031466,0.778743
smids/Non-Sperm/Non-Sperm (85).bmp,0,1,2,2,0.035532,0.158711,0.805757
smids/Non-Sperm/Non-Sperm (850).bmp,0,1,2,2,0.035970,0.151616,0.812415
smids/Non-Sperm/Non-Sperm (871).bmp,0,1,2,2,0.170039,0.030653,0.799307
smids/Non-Sperm/Non-Sperm (872).bmp,0,1,2,2,0.035729,0.179743,0.784528
smids/Non-Sperm/Non-Sperm (873).bmp,0,1,2,2,0.032224,0.168903,0.798873
smids/Non-Sperm/Non-Sperm (877).bmp,0,1,2,2,0.034334,0.156420,0.809246
smids/Non-Sperm/Non-Sperm (889).bmp,0,1,2,2,0.164352,0.030869,0.804779
smids/Non-Sperm/Non-Sperm (893).bmp,0,1,2,2,0.240835,0.029547,0.729619
smids/Non-Sperm/Non-Sperm (895).bmp,0,1,2,1,0.296010,0.678462,0.025527
smids/Non-Sperm/Non-Sperm (897).bmp,0,1,2,2,0.038290,0.169705,0.792005
smids/Non-Sperm/Non-Sperm (899).bmp,0,1,2,2,0.030641,0.196453,0.772906
smids/Non-Sperm/Non-Sperm (907).bmp,0,1,2,2,0.029567,0.225685,0.744748
smids/Non-Sperm/Non-Sperm (917).bmp,0,1,2,2,0.034511,0.152186,0.813303
smids/Non-Sperm/Non-Sperm (919).bmp,0,1,2,2,0.036618,0.168724,0.794658
smids/Non-Sperm/Non-Sperm (92).bmp,0,1,2,2,0.036804,0.167570,0.795626
smids/Non-Sperm/Non-Sperm (921).bmp,0,1,2,2,0.033427,0.168416,0.798157
smids/Non-Sperm/Non-Sperm (927).bmp,0,1,2,2,0.224676,0.031700,0.743624
smids/Non-Sperm/Non-Sperm (936).bmp,0,1,2,2,0.036431,0.165465,0.798105
smids/Non-Sperm/Non-Sperm (939).bmp,0,1,2,2,0.244006,0.028985,0.727009
smids/Non-Sperm/Non-Sperm (94).bmp,0,1,2,2,0.035143,0.165192,0.799665
smids/Non-Sperm/Non-Sperm (950).bmp,0,1,2,1,0.248249,0.726889,0.024862
smids/Non-Sperm/Non-Sperm (958).bmp,0,1,2,2,0.033354,0.206520,0.760126
smids/Non-Sperm/Non-Sperm (96).bmp,0,1,2,2,0.030086,0.178560,0.791354
smids/Non-Sperm/Non-Sperm (968).bmp,0,1,2,2,0.180922,0.031715,0.787363
smids/Non-Sperm/Non-Sperm (973).bmp,0,1,2,1,0.043774,0.687169,0.269057
smids/Normal_Sperm/Normal_Sperm (1010).bmp,0,1,0,0,0.790732,0.188016,0.021252
smids/Normal_Sperm/Normal_Sperm (1012).bmp,0,1,0,0,0.791225,0.187743,0.021032
smids/Normal_Sperm/Normal_Sperm (1013).bmp,0,1,0,1,0.310312,0.671181,0.018507
smids/Normal_Sperm/Normal_Sperm (1014).bmp,0,1,0,0,0.739220,0.241672,0.019108
smids/Normal_Sperm/Normal_Sperm (1015).bmp,0,1,0,0,0.781753,0.198731,0.019515
smids/Normal_Sperm/Normal_Sperm (1021).bmp,0,1,0,0,0.686114,0.040723,0.273162
smids/Normal_Sperm/Normal_Sperm (110).bmp,0,1,0,0,0.769458,0.199008,0.031534
smids/Normal_Sperm/Normal_Sperm (111).bmp,0,1,0,0,0.745868,0.226588,0.027544
smids/Normal_Sperm/Normal_Sperm (112).bmp,0,1,0,0,0.742582,0.239950,0.017468
smids/Normal_Sperm/Normal_Sperm (117).bmp,0,1,0,0,0.745650,0.236353,0.017997
smids/Normal_Sperm/Normal_Sperm (121).bmp,0,1,0,0,0.723255,0.255681,0.021064
smids/Normal_Sperm/Normal_Sperm (122).bmp,0,1,0,2,0.039497,0.195844,0.764659
smids/Normal_Sperm/Normal_Sperm (128).bmp,0,1,0,2,0.209095,0.040973,0.749932
smids/Normal_Sperm/Normal_Sperm (131).bmp,0,1,0,1,0.050652,0.671296,0.278052
smids/Normal_Sperm/Normal_Sperm (133).bmp,0,1,0,1,0.276602,0.691339,0.032058
smids/Normal_Sperm/Normal_Sperm (137).bmp,0,1,0,1,0.050801,0.684447,0.264752
smids/Normal_Sperm/Normal_Sperm (139).bmp,0,1,0,0,0.744565,0.230295,0.025140
smids/Normal_Sperm/Normal_Sperm (141).bmp,0,1,0,1,0.043625,0.652148,0.304227
smids/Normal_Sperm/Normal_Sperm (148).bmp,0,1,0,1,0.297734,0.677095,0.025171
smids/Normal_Sperm/Normal_Sperm (149).bmp,0,1,0,2,0.043922,0.192428,0.763650
smids/Normal_Sperm/Normal_Sperm (153).bmp,0,1,0,0,0.791347,0.181002,0.027651
smids/Normal_Sperm/Normal_Sperm (154).bmp,0,1,0,0,0.740527,0.240359,0.019114
smids/Normal_Sperm/Normal_Sperm (164).bmp,0,1,0,0,0.737955,0.242504,0.019541
smids/Normal_Sperm/Normal_Sperm (180).bmp,0,1,0,0,0.722917,0.256756,0.020327
smids/Normal_Sperm/Normal_Sperm (181).bmp,0,1,0,0,0.716538,0.266003,0.017460
smids/Normal_Sperm/Normal_Sperm (183).bmp,0,1,0,0,0.720091,0.260810,0.019099
smids/Normal_Sperm/Normal_Sperm (187).bmp,0,1,0,0,0.743231,0.222697,0.034072
smids/Normal_Sperm/Normal_Sperm (188).bmp,0,1,0,2,0.038095,0.153691,0.808214
smids/Normal_Sperm/Normal_Sperm (189).bmp,0,1,0,0,0.746194,0.233317,0.020489
smids/Normal_Sperm/Normal_Sperm (190).bmp,0,1,0,0,0.727644,0.254100,0.018256
smids/Normal_Sperm/Normal_Sperm (192).bmp,0,1,0,1,0.299433,0.681778,0.018789
smids/Normal_Sperm/Normal_Sperm (196).bmp,0,1,0,1,0.321542,0.660851,0.017608
smids/Normal_Sperm/Normal_Sperm (197).bmp,0,1,0,0,0.724072,0.256908,0.019020
smids/Normal_Sperm/Normal_Sperm (199).bmp,0,1,0,0,0.779497,0.199385,0.021117
smids/Normal_Sperm/Normal_Sperm (20).bmp,0,1,0,2,0.182498,0.030323,0.787179
smids/Normal_Sperm/Normal_Sperm (210).bmp,0,1,0,0,0.800718,0.179501,0.019781
smids/Normal_Sperm/Normal_Sperm (215).bmp,0,1,0,1,0.268774,0.709205,0.022021
smids/Normal_Sperm/Normal_Sperm (218).bmp,0,1,0,0,0.767760,0.208644,0.023595
smids/Normal_Sperm/Normal_Sperm (22).bmp,0,1,0,2,0.039615,0.169644,0.790742
smids/Normal_Sperm/Normal_Sperm (222).bmp,0,1,0,1,0.282917,0.697008,0.020074
smids/Normal_Sperm/Normal_Sperm (227).bmp,0,1,0,0,0.796926,0.180912,0.022162
smids/Normal_Sperm/Normal_Sperm (231).bmp,0,1,0,1,0.287575,0.691579,0.020846
smids/Normal_Sperm/Normal_Sperm (243).bmp,0,1,0,0,0.719628,0.262794,0.017578
smids/Normal_Sperm/Normal_Sperm (246).bmp,0,1,0,0,0.719057,0.262723,0.018220
smids/Normal_Sperm/Normal_Sperm (247).bmp,0,1,0,0,0.738344,0.242296,0.019360
smids/Normal_Sperm/Normal_Sperm (248).bmp,0,1,0,0,0.717002,0.265668,0.017330
smids/Normal_Sperm/Normal_Sperm (253).bmp,0,1,0,0,0.771838,0.208167,0.019995
smids/Normal_Sperm/Normal_Sperm (254).bmp,0,1,0,0,0.748118,0.232996,0.018886
smids/Normal_Sperm/Normal_Sperm (256).bmp,0,1,0,0,0.788761,0.191590,0.019649
smids/Normal_Sperm/Normal_Sperm (258).bmp,0,1,0,0,0.713757,0.268354,0.017889
smids/Normal_Sperm/Normal_Sperm (26).bmp,0,1,0,0,0.789625,0.191092,0.019284
smids/Normal_Sperm/Normal_Sperm (262).bmp,0,1,0,0,0.723644,0.258734,0.017622
smids/Normal_Sperm/Normal_Sperm (267).bmp,0,1,0,1,0.295014,0.684489,0.020497
smids/Normal_Sperm/Normal_Sperm (276).bmp,0,1,0,0,0.730406,0.250758,0.018836
smids/Normal_Sperm/Normal_Sperm (278).bmp,0,1,0,0,0.716536,0.266570,0.016894
smids/Normal_Sperm/Normal_Sperm (279).bmp,0,1,0,0,0.713297,0.264663,0.022040
smids/Normal_Sperm/Normal_Sperm (283).bmp,0,1,0,0,0.763153,0.216845,0.020002
smids/Normal_Sperm/Normal_Sperm (286).bmp,0,1,0,0,0.720765,0.261236,0.017999
smids/Normal_Sperm/Normal_Sperm (290).bmp,0,1,0,0,0.786343,0.192559,0.021098
smids/Normal_Sperm/Normal_Sperm (292).bmp,0,1,0,0,0.729713,0.251474,0.018814
smids/Normal_Sperm/Normal_Sperm (30).bmp,0,1,0,1,0.289397,0.687954,0.022648
smids/Normal_Sperm/Normal_Sperm (304).bmp,0,1,0,0,0.736544,0.245586,0.017870
smids/Normal_Sperm/Normal_Sperm (306).bmp,0,1,0,0,0.784281,0.196139,0.019580
smids/Normal_Sperm/Normal_Sperm (307).bmp,0,1,0,1,0.292509,0.688072,0.019419
smids/Normal_Sperm/Normal_Sperm (308).bmp,0,1,0,0,0.733960,0.245157,0.020884
smids/Normal_Sperm/Normal_Sperm (311).bmp,0,1,0,0,0.768829,0.210946,0.020225
smids/Normal_Sperm/Normal_Sperm (32).bmp,0,1,0,0,0.767945,0.210944,0.021111
smids/Normal_Sperm/Normal_Sperm (328).bmp,0,1,0,1,0.319473,0.662617,0.017909
smids/Normal_Sperm/Normal_Sperm (330).bmp,0,1,0,0,0.720221,0.262317,0.017462
smids/Normal_Sperm/Normal_Sperm (332).bmp,0,1,0,0,0.726334,0.037028,0.236638
smids/Normal_Sperm/Normal_Sperm (34).bmp,0,1,0,1,0.291052,0.675332,0.033616
smids/Normal_Sperm/Normal_Sperm (340).bmp,0,1,0,0,0.791523,0.187651,0.020826
smids/Normal_Sperm/Normal_Sperm (35).bmp,0,1,0,2,0.036011,0.174712,0.789277
smids/Normal_Sperm/Normal_Sperm (351).bmp,0,1,0,0,0.767525,0.207540,0.024935
smids/Normal_Sperm/Normal_Sperm (352).bmp,0,1,0,0,0.714953,0.262800,0.022247
smids/Normal_Sperm/Normal_Sperm (353).bmp,0,1,0,0,0.722564,0.259411,0.018025
smids/Normal_Sperm/Normal_Sperm (361).bmp,0,1,0,0,0.763621,0.217610,0.018769
smids/Normal_Sperm/Normal_Sperm (363).bmp,0,1,0,0,0.789620,0.187166,0.023214
smids/Normal_Sperm/Normal_Sperm (366).bmp,0,1,0,0,0.720263,0.262337,0.017400
smids/Normal_Sperm/Normal_Sperm (374).bmp,0,1,0,0,0.759502,0.221463,0.019035
smids/Normal_Sperm/Normal_Sperm (375).bmp,0,1,0,0,0.748214,0.233280,0.018506
smids/Normal_Sperm/Normal_Sperm (377).bmp,0,1,0,0,0.756323,0.221832,0.021845
smids/Normal_Sperm/Normal_Sperm (386).bmp,0,1,0,0,0.793722,0.186652,0.019626
smids/Normal_Sperm/Normal_Sperm (387).bmp,0,1,0,0,0.750884,0.229971,0.019145
smids/Normal_Sperm/Normal_Sperm (393).bmp,0,1,0,0,0.771001,0.208221,0.020778
smids/Normal_Sperm/Normal_Sperm (400).bmp,0,1,0,0,0.774743,0.205193,0.020064
smids/Normal_Sperm/Normal_Sperm (410).bmp,0,1,0,2,0.235093,0.032424,0.732484
smids/Normal_Sperm/Normal_Sperm (413).bmp,0,1,0,0,0.741182,0.240573,0.018245
smids/Normal_Sperm/Normal_Sperm (422).bmp,0,1,0,0,0.740182,0.241575,0.018243
smids/Normal_Sperm/Normal_Sperm (425).bmp,0,1,0,0,0.762712,0.218667,0.018621
smids/Normal_Sperm/Normal_Sperm (434).bmp,0,1,0,0,0.806898,0.171825,0.021277
smids/Normal_Sperm/Normal_Sperm (437).bmp,0,1,0,0,0.729251,0.253136,0.017614
smids/Normal_Sperm/Normal_Sperm (444).bmp,0,1,0,0,0.780911,0.199787,0.019302
smids/Normal_Sperm/Normal_Sperm (445).bmp,0,1,0,0,0.746412,0.232800,0.020789
smids/Normal_Sperm/Normal_Sperm (458).bmp,0,1,0,0,0.756805,0.224717,0.018478
smids/Normal_Sperm/Normal_Sperm (459).bmp,0,1,0,0,0.762340,0.218435,0.019226
smids/Normal_Sperm/Normal_Sperm (466).bmp,0,1,0,0,0.747363,0.234431,0.018206
smids/Normal_Sperm/Normal_Sperm (478).bmp,0,1,0,0,0.730020,0.251095,0.018885
smids/Normal_Sperm/Normal_Sperm (479).bmp,0,1,0,0,0.721712,0.258253,0.020035
smids/Normal_Sperm/Normal_Sperm (488).bmp,0,1,0,1,0.307663,0.672788,0.019549
smids/Normal_Sperm/Normal_Sperm (499).bmp,0,1,0,0,0.773696,0.206576,0.019727
smids/Normal_Sperm/Normal_Sperm (505).bmp,0,1,0,0,0.794074,0.186296,0.019631
smids/Normal_Sperm/Normal_Sperm (507).bmp,0,1,0,0,0.777836,0.200827,0.021337
smids/Normal_Sperm/Normal_Sperm (515).bmp,0,1,0,0,0.717236,0.264888,0.017876
smids/Normal_Sperm/Normal_Sperm (52).bmp,0,1,0,0,0.741484,0.235345,0.023170
smids/Normal_Sperm/Normal_Sperm (520).bmp,0,1,0,0,0.790385,0.189523,0.020092
smids/Normal_Sperm/Normal_Sperm (527).bmp,0,1,0,0,0.741909,0.240451,0.017640
smids/Normal_Sperm/Normal_Sperm (532).bmp,0,1,0,0,0.713908,0.268314,0.017779
smids/Normal_Sperm/Normal_Sperm (543).bmp,0,1,0,0,0.712893,0.269407,0.017699
smids/Normal_Sperm/Normal_Sperm (544).bmp,0,1,0,0,0.789828,0.190900,0.019272
smids/Normal_Sperm/Normal_Sperm (548).bmp,0,1,0,0,0.752719,0.227814,0.019467
smids/Normal_Sperm/Normal_Sperm (550).bmp,0,1,0,0,0.737529,0.244739,0.017732
smids/Normal_Sperm/Normal_Sperm (557).bmp,0,1,0,0,0.752621,0.225956,0.021424
smids/Normal_Sperm/Normal_Sperm (560).bmp,0,1,0,0,0.745712,0.236447,0.017841
smids/Normal_Sperm/Normal_Sperm (564).bmp,0,1,0,0,0.747102,0.234930,0.017968
smids/Normal_Sperm/Normal_Sperm (565).bmp,0,1,0,0,0.723446,0.258924,0.017630
smids/Normal_Sperm/Normal_Sperm (566).bmp,0,1,0,0,0.798299,0.180923,0.020779
smids/Normal_Sperm/Normal_Sperm (57).bmp,0,1,0,0,0.730517,0.248758,0.020725
smids/Normal_Sperm/Normal_Sperm (573).bmp,0,1,0,0,0.730673,0.248507,0.020820
smids/Normal_Sperm/Normal_Sperm (575).bmp,0,1,0,0,0.781746,0.198886,0.019368
smids/Normal_Sperm/Normal_Sperm (58).bmp,0,1,0,0,0.750389,0.221628,0.027983
smids/Normal_Sperm/Normal_Sperm (591).bmp,0,1,0,0,0.755046,0.226220,0.018734
smids/Normal_Sperm/Normal_Sperm (595).bmp,0,1,0,0,0.739969,0.242769,0.017262
smids/Normal_Sperm/Normal_Sperm (60).bmp,0,1,0,2,0.229460,0.030360,0.740180
smids/Normal_Sperm/Normal_Sperm (604).bmp,0,1,0,0,0.786016,0.189036,0.024948
smids/Normal_Sperm/Normal_Sperm (630).bmp,0,1,0,0,0.779567,0.200548,0.019886
smids/Normal_Sperm/Normal_Sperm (636).bmp,0,1,0,0,0.743759,0.237688,0.018553
smids/Normal_Sperm/Normal_Sperm (637).bmp,0,1,0,0,0.722993,0.258088,0.018919
smids/Normal_Sperm/Normal_Sperm (648).bmp,0,1,0,0,0.744143,0.237872,0.017986
smids/Normal_Sperm/Normal_Sperm (660).bmp,0,1,0,0,0.717774,0.263588,0.018639
smids/Normal_Sperm/Normal_Sperm (662).bmp,0,1,0,0,0.803881,0.174909,0.021211
smids/Normal_Sperm/Normal_Sperm (669).bmp,0,1,0,0,0.748454,0.231991,0.019555
smids/Normal_Sperm/Normal_Sperm (678).bmp,0,1,0,0,0.795409,0.184788,0.019803
smids/Normal_Sperm/Normal_Sperm (686).bmp,0,1,0,1,0.288058,0.690276,0.021665
smids/Normal_Sperm/Normal_Sperm (69).bmp,0,1,0,1,0.038648,0.709780,0.251572
smids/Normal_Sperm/Normal_Sperm (692).bmp,0,1,0,0,0.789036,0.191732,0.019232
smids/Normal_Sperm/Normal_Sperm (7).bmp,0,1,0,0,0.802538,0.176804,0.020658
smids/Normal_Sperm/Normal_Sperm (704).bmp,0,1,0,0,0.786907,0.192140,0.020953
smids/Normal_Sperm/Normal_Sperm (712).bmp,0,1,0,0,0.784525,0.193876,0.021600
smids/Normal_Sperm/Normal_Sperm (718).bmp,0,1,0,0,0.737013,0.244937,0.018049
smids/Normal_Sperm/Normal_Sperm (719).bmp,0,1,0,0,0.806808,0.169760,0.023432
smids/Normal_Sperm/Normal_Sperm (721).bmp,0,1,0,0,0.803717,0.175395,0.020888
smids/Normal_Sperm/Normal_Sperm (722).bmp,0,1,0,0,0.727555,0.254994,0.017451
smids/Normal_Sperm/Normal_Sperm (738).bmp,0,1,0,0,0.798256,0.182556,0.019189
smids/Normal_Sperm/Normal_Sperm (749).bmp,0,1,0,0,0.793393,0.187217,0.019390
smids/Normal_Sperm/Normal_Sperm (750).bmp,0,1,0,0,0.785985,0.189109,0.024906
smids/Normal_Sperm/Normal_Sperm (757).bmp,0,1,0,0,0.766944,0.212971,0.020085
smids/Normal_Sperm/Normal_Sperm (759).bmp,0,1,0,0,0.676291,0.035403,0.288307
smids/Normal_Sperm/Normal_Sperm (771).bmp,0,1,0,0,0.765068,0.211278,0.023653
smids/Normal_Sperm/Normal_Sperm (772).bmp,0,1,0,0,0.775724,0.204947,0.019329
smids/Normal_Sperm/Normal_Sperm (775).bmp,0,1,0,0,0.732190,0.249560,0.018250
smids/Normal_Sperm/Normal_Sperm (786).bmp,0,1,0,0,0.714537,0.267848,0.017615
smids/Normal_Sperm/Normal_Sperm (788).bmp,0,1,0,0,0.731363,0.250787,0.017850
smids/Normal_Sperm/Normal_Sperm (792).bmp,0,1,0,0,0.716645,0.266261,0.017094
smids/Normal_Sperm/Normal_Sperm (793).bmp,0,1,0,0,0.747135,0.232644,0.020222
smids/Normal_Sperm/Normal_Sperm (800).bmp,0,1,0,1,0.306692,0.674597,0.018711
smids/Normal_Sperm/Normal_Sperm (820).bmp,0,1,0,0,0.764900,0.216320,0.018780
smids/Normal_Sperm/Normal_Sperm (822).bmp,0,1,0,0,0.793500,0.186289,0.020211
smids/Normal_Sperm/Normal_Sperm (823).bmp,0,1,0,0,0.771353,0.210217,0.018430
smids/Normal_Sperm/Normal_Sperm (827).bmp,0,1,0,0,0.763595,0.216337,0.020067
smids/Normal_Sperm/Normal_Sperm (829).bmp,0,1,0,0,0.801186,0.179970,0.018843
smids/Normal_Sperm/Normal_Sperm (840).bmp,0,1,0,0,0.733019,0.249164,0.017817
smids/Normal_Sperm/Normal_Sperm (841).bmp,0,1,0,0,0.798853,0.181930,0.019216
smids/Normal_Sperm/Normal_Sperm (842).bmp,0,1,0,0,0.760868,0.219284,0.019848
smids/Normal_Sperm/Normal_Sperm (847).bmp,0,1,0,0,0.728579,0.252174,0.019247
smids/Normal_Sperm/Normal_Sperm (849).bmp,0,1,0,0,0.782947,0.197689,0.019364
smids/Normal_Sperm/Normal_Sperm (858).bmp,0,1,0,0,0.754081,0.224651,0.021267
smids/Normal_Sperm/Normal_Sperm (862).bmp,0,1,0,0,0.757646,0.222836,0.019518
smids/Normal_Sperm/Normal_Sperm (864).bmp,0,1,0,0,0.734164,0.247801,0.018035
smids/Normal_Sperm/Normal_Sperm (865).bmp,0,1,0,0,0.729292,0.252370,0.018337
smids/Normal_Sperm/Normal_Sperm (874).bmp,0,1,0,0,0.756140,0.219927,0.023933
smids/Normal_Sperm/Normal_Sperm (886).bmp,0,1,0,1,0.241095,0.733663,0.025242
smids/Normal_Sperm/Normal_Sperm (887).bmp,0,1,0,0,0.744080,0.236713,0.019207
smids/Normal_Sperm/Normal_Sperm (888).bmp,0,1,0,0,0.730040,0.250460,0.019500
smids/Normal_Sperm/Normal_Sperm (890).bmp,0,1,0,1,0.280623,0.696950,0.022427
smids/Normal_Sperm/Normal_Sperm (891).bmp,0,1,0,0,0.750557,0.229584,0.019859
smids/Normal_Sperm/Normal_Sperm (893).bmp,0,1,0,1,0.040249,0.690291,0.269460
smids/Normal_Sperm/Normal_Sperm (898).bmp,0,1,0,0,0.735330,0.246980,0.017690
smids/Normal_Sperm/Normal_Sperm (9).bmp,0,1,0,2,0.248578,0.029772,0.721650
smids/Normal_Sperm/Normal_Sperm (902).bmp,0,1,0,0,0.750472,0.231916,0.017612
smids/Normal_Sperm/Normal_Sperm (910).bmp,0,1,0,1,0.297570,0.684446,0.017983
smids/Normal_Sperm/Normal_Sperm (911).bmp,0,1,0,0,0.740249,0.240333,0.019418
smids/Normal_Sperm/Normal_Sperm (919).bmp,0,1,0,1,0.312750,0.668429,0.018821
smids/Normal_Sperm/Normal_Sperm (923).bmp,0,1,0,1,0.281765,0.699093,0.019142
smids/Normal_Sperm/Normal_Sperm (926).bmp,0,1,0,1,0.311021,0.669979,0.018999
smids/Normal_Sperm/Normal_Sperm (934).bmp,0,1,0,1,0.291231,0.689697,0.019072
smids/Normal_Sperm/Normal_Sperm (947).bmp,0,1,0,1,0.224901,0.749650,0.025448
smids/Normal_Sperm/Normal_Sperm (95).bmp,0,1,0,2,0.040226,0.168428,0.791346
smids/Normal_Sperm/Normal_Sperm (951).bmp,0,1,0,0,0.716708,0.265967,0.017326
smids/Normal_Sperm/Normal_Sperm (953).bmp,0,1,0,1,0.298504,0.682753,0.018743
smids/Normal_Sperm/Normal_Sperm (966).bmp,0,1,0,0,0.748533,0.231407,0.020060
smids/Normal_Sperm/Normal_Sperm (968).bmp,0,1,0,1,0.284384,0.695623,0.019993
smids/Normal_Sperm/Normal_Sperm (969).bmp,0,1,0,2,0.034072,0.211235,0.754693
smids/Normal_Sperm/Normal_Sperm (97).bmp,0,1,0,0,0.787982,0.189546,0.022472
smids/Normal_Sperm/Normal_Sperm (970).bmp,0,1,0,1,0.291601,0.688931,0.019469
smids/Normal_Sperm/Normal_Sperm (984).bmp,0,1,0,0,0.649886,0.037621,0.312493
smids/Normal_Sperm/Normal_Sperm (986).bmp,0,1,0,2,0.354024,0.247655,0.398320
smids/Normal_Sperm/Normal_Sperm (987).bmp,0,1,0,0,0.734258,0.247068,0.018674
smids/Normal_Sperm/Normal_Sperm (990).bmp,0,1,0,0,0.738357,0.243550,0.018093
smids/Normal_Sperm/Normal_Sperm (994).bmp,0,1,0,2,0.036423,0.169622,0.793955
smids/Normal_Sperm/Normal_Sperm (996).bmp,0,1,0,0,0.751215,0.231054,0.017731
smids/Abnormal_Sperm/Abnormal_Sperm (1005).bmp,0,2,1,1,0.216915,0.756122,0.026963
smids/Abnormal_Sperm/Abnormal_Sperm (108).bmp,0,2,1,0,0.705517,0.275756,0.018727
smids/Abnormal_Sperm/Abnormal_Sperm (114).bmp,0,2,1,1,0.242212,0.731990,0.025798
smids/Abnormal_Sperm/Abnormal_Sperm (117).bmp,0,2,1,1,0.222195,0.752843,0.024962
smids/Abnormal_Sperm/Abnormal_Sperm (122).bmp,0,2,1,1,0.299903,0.678527,0.021570
smids/Abnormal_Sperm/Abnormal_Sperm (126).bmp,0,2,1,1,0.262248,0.715057,0.022695
smids/Abnormal_Sperm/Abnormal_Sperm (129).bmp,0,2,1,0,0.722838,0.239059,0.038103
smids/Abnormal_Sperm/Abnormal_Sperm (131).bmp,0,2,1,1,0.221339,0.753454,0.025208
smids/Abnormal_Sperm/Abnormal_Sperm (134).bmp,0,2,1,1,0.266445,0.711394,0.022160
smids/Abnormal_Sperm/Abnormal_Sperm (137).bmp,0,2,1,1,0.262124,0.709837,0.028039
smids/Abnormal_Sperm/Abnormal_Sperm (15).bmp,0,2,1,1,0.240751,0.734463,0.024786
smids/Abnormal_Sperm/Abnormal_Sperm (155).bmp,0,2,1,1,0.238043,0.736335,0.025622
smids/Abnormal_Sperm/Abnormal_Sperm (156).bmp,0,2,1,1,0.235241,0.735300,0.029459
smids/Abnormal_Sperm/Abnormal_Sperm (157).bmp,0,2,1,1,0.253592,0.724154,0.022254
smids/Abnormal_Sperm/Abnormal_Sperm (16).bmp,0,2,1,1,0.304935,0.674378,0.020687
smids/Abnormal_Sperm/Abnormal_Sperm (160).bmp,0,2,1,1,0.041978,0.709977,0.248046
smids/Abnormal_Sperm/Abnormal_Sperm (161).bmp,0,2,1,0,0.739761,0.234649,0.025590
smids/Abnormal_Sperm/Abnormal_Sperm (169).bmp,0,2,1,1,0.214356,0.758412,0.027231
smids/Abnormal_Sperm/Abnormal_Sperm (177).bmp,0,2,1,1,0.044338,0.614436,0.341226
smids/Abnormal_Sperm/Abnormal_Sperm (180).bmp,0,2,1,1,0.271621,0.704031,0.024348
smids/Abnormal_Sperm/Abnormal_Sperm (181).bmp,0,2,1,1,0.219567,0.751850,0.028583
smids/Abnormal_Sperm/Abnormal_Sperm (183).bmp,0,2,1,1,0.292742,0.686489,0.020769
smids/Abnormal_Sperm/Abnormal_Sperm (190).bmp,0,2,1,1,0.278855,0.698145,0.023000
smids/Abnormal_Sperm/Abnormal_Sperm (191).bmp,0,2,1,1,0.314615,0.664562,0.020823
smids/Abnormal_Sperm/Abnormal_Sperm (196).bmp,0,2,1,1,0.289952,0.682926,0.027122
smids/Abnormal_Sperm/Abnormal_Sperm (198).bmp,0,2,1,1,0.234758,0.740856,0.024385
smids/Abnormal_Sperm/Abnormal_Sperm (202).bmp,0,2,1,1,0.277094,0.700954,0.021953
smids/Abnormal_Sperm/Abnormal_Sperm (215).bmp,0,2,1,1,0.243212,0.728728,0.028060
smids/Abnormal_Sperm/Abnormal_Sperm (219).bmp,0,2,1,1,0.050157,0.693233,0.256610
smids/Abnormal_Sperm/Abnormal_Sperm (220).bmp,0,2,1,1,0.298639,0.679295,0.022066
smids/Abnormal_Sperm/Abnormal_Sperm (223).bmp,0,2,1,2,0.039059,0.173541,0.787400
smids/Abnormal_Sperm/Abnormal_Sperm (225).bmp,0,2,1,1,0.284855,0.693520,0.021626
smids/Abnormal_Sperm/Abnormal_Sperm (238).bmp,0,2,1,1,0.227106,0.749061,0.023832
smids/Abnormal_Sperm/Abnormal_Sperm (245).bmp,0,2,1,1,0.276243,0.700159,0.023598
smids/Abnormal_Sperm/Abnormal_Sperm (247).bmp,0,2,1,1,0.283943,0.693836,0.022220
smids/Abnormal_Sperm/Abnormal_Sperm (249).bmp,0,2,1,1,0.246343,0.725437,0.028220
smids/Abnormal_Sperm/Abnormal_Sperm (251).bmp,0,2,1,1,0.243230,0.733811,0.022958
smids/Abnormal_Sperm/Abnormal_Sperm (263).bmp,0,2,1,1,0.049310,0.704950,0.245740
smids/Abnormal_Sperm/Abnormal_Sperm (267).bmp,0,2,1,1,0.249124,0.727802,0.023074
smids/Abnormal_Sperm/Abnormal_Sperm (269).bmp,0,2,1,0,0.712096,0.262640,0.025264
smids/Abnormal_Sperm/Abnormal_Sperm (277).bmp,0,2,1,0,0.712868,0.267169,0.019962
smids/Abnormal_Sperm/Abnormal_Sperm (282).bmp,0,2,1,1,0.043707,0.719112,0.237181
smids/Abnormal_Sperm/Abnormal_Sperm (284).bmp,0,2,1,1,0.218575,0.750571,0.030854
smids/Abnormal_Sperm/Abnormal_Sperm (287).bmp,0,2,1,1,0.233136,0.741726,0.025138
smids/Abnormal_Sperm/Abnormal_Sperm (296).bmp,0,2,1,1,0.227514,0.748850,0.023636
smids/Abnormal_Sperm/Abnormal_Sperm (301).bmp,0,2,1,1,0.301997,0.677624,0.020379
smids/Abnormal_Sperm/Abnormal_Sperm (302).bmp,0,2,1,1,0.049810,0.699620,0.250570
smids/Abnormal_Sperm/Abnormal_Sperm (308).bmp,0,2,1,1,0.290122,0.686906,0.022973
smids/Abnormal_Sperm/Abnormal_Sperm (312).bmp,0,2,1,2,0.050567,0.197637,0.751795
smids/Abnormal_Sperm/Abnormal_Sperm (317).bmp,0,2,1,1,0.300128,0.676444,0.023428
smids/Abnormal_Sperm/Abnormal_Sperm (323).bmp,0,2,1,1,0.251029,0.722446,0.026525
smids/Abnormal_Sperm/Abnormal_Sperm (327).bmp,0,2,1,1,0.047305,0.694531,0.258164
smids/Abnormal_Sperm/Abnormal_Sperm (328).bmp,0,2,1,1,0.233410,0.740758,0.025832
smids/Abnormal_Sperm/Abnormal_Sperm (331).bmp,0,2,1,1,0.237849,0.738351,0.023800
smids/Abnormal_Sperm/Abnormal_Sperm (336).bmp,0,2,1,2,0.041475,0.190352,0.768173
smids/Abnormal_Sperm/Abnormal_Sperm (339).bmp,0,2,1,1,0.317902,0.661506,0.020593
smids/Abnormal_Sperm/Abnormal_Sperm (353).bmp,0,2,1,2,0.032391,0.237101,0.730509
smids/Abnormal_Sperm/Abnormal_Sperm (355).bmp,0,2,1,1,0.046017,0.660625,0.293358
smids/Abnormal_Sperm/Abnormal_Sperm (363).bmp,0,2,1,1,0.302940,0.676438,0.020622
smids/Abnormal_Sperm/Abnormal_Sperm (366).bmp,0,2,1,0,0.709675,0.269675,0.020650
smids/Abnormal_Sperm/Abnormal_Sperm (369).bmp,0,2,1,1,0.286295,0.693285,0.020421
smids/Abnormal_Sperm/Abnormal_Sperm (372).bmp,0,2,1,1,0.042972,0.726582,0.230445
smids/Abnormal_Sperm/Abnormal_Sperm (374).bmp,0,2,1,1,0.239535,0.737439,0.023025
smids/Abnormal_Sperm/Abnormal_Sperm (375).bmp,0,2,1,1,0.314378,0.665296,0.020326
smids/Abnormal_Sperm/Abnormal_Sperm (381).bmp,0,2,1,1,0.276511,0.700043,0.023446
smids/Abnormal_Sperm/Abnormal_Sperm (384).bmp,0,2,1,0,0.711942,0.260287,0.027770
smids/Abnormal_Sperm/Abnormal_Sperm (389).bmp,0,2,1,1,0.234582,0.739445,0.025972
smids/Abnormal_Sperm/Abnormal_Sperm (39).bmp,0,2,1,1,0.301813,0.673502,0.024685
smids/Abnormal_Sperm/Abnormal_Sperm (390).bmp,0,2,1,1,0.224343,0.747050,0.028606
smids/Abnormal_Sperm/Abnormal_Sperm (392).bmp,0,2,1,1,0.288952,0.689955,0.021093
smids/Abnormal_Sperm/Abnormal_Sperm (393).bmp,0,2,1,1,0.238686,0.737170,0.024145
smids/Abnormal_Sperm/Abnormal_Sperm (395).bmp,0,2,1,1,0.224549,0.750450,0.025001
smids/Abnormal_Sperm/Abnormal_Sperm (398).bmp,0,2,1,2,0.036283,0.216984,0.746733
smids/Abnormal_Sperm/Abnormal_Sperm (402).bmp,0,2,1,1,0.048391,0.671224,0.280384
smids/Abnormal_Sperm/Abnormal_Sperm (404).bmp,0,2,1,2,0.043152,0.183684,0.773165
smids/Abnormal_Sperm/Abnormal_Sperm (409).bmp,0,2,1,0,0.709997,0.268389,0.021614
smids/Abnormal_Sperm/Abnormal_Sperm (410).bmp,0,2,1,1,0.048678,0.705121,0.246200
smids/Abnormal_Sperm/Abnormal_Sperm (412).bmp,0,2,1,1,0.263189,0.713091,0.023720
smids/Abnormal_Sperm/Abnormal_Sperm (413).bmp,0,2,1,1,0.043633,0.723122,0.233245
smids/Abnormal_Sperm/Abnormal_Sperm (414).bmp,0,2,1,1,0.308874,0.671538,0.019588
smids/Abnormal_Sperm/Abnormal_Sperm (415).bmp,0,2,1,1,0.246013,0.730132,0.023855
smids/Abnormal_Sperm/Abnormal_Sperm (418).bmp,0,2,1,1,0.044227,0.655250,0.300523
smids/Abnormal_Sperm/Abnormal_Sperm (425).bmp,0,2,1,0,0.726548,0.248251,0.025200
smids/Abnormal_Sperm/Abnormal_Sperm (428).bmp,0,2,1,1,0.049367,0.616910,0.333722
smids/Abnormal_Sperm/Abnormal_Sperm (434).bmp,0,2,1,1,0.224788,0.746721,0.028491
smids/Abnormal_Sperm/Abnormal_Sperm (439).bmp,0,2,1,1,0.287892,0.691299,0.020809
smids/Abnormal_Sperm/Abnormal_Sperm (446).bmp,0,2,1,1,0.316289,0.664395,0.019316
smids/Abnormal_Sperm/Abnormal_Sperm (449).bmp,0,2,1,1,0.243090,0.732202,0.024708
smids/Abnormal_Sperm/Abnormal_Sperm (455).bmp,0,2,1,1,0.223384,0.749125,0.027491
smids/Abnormal_Sperm/Abnormal_Sperm (461).bmp,0,2,1,2,0.037793,0.213614,0.748593
smids/Abnormal_Sperm/Abnormal_Sperm (472).bmp,0,2,1,1,0.249753,0.721395,0.028852
smids/Abnormal_Sperm/Abnormal_Sperm (475).bmp,0,2,1,1,0.047316,0.642825,0.309859
smids/Abnormal_Sperm/Abnormal_Sperm (480).bmp,0,2,1,0,0.724189,0.251525,0.024286
smids/Abnormal_Sperm/Abnormal_Sperm (489).bmp,0,2,1,2,0.036828,0.217217,0.745954
smids/Abnormal_Sperm/Abnormal_Sperm (494).bmp,0,2,1,1,0.039898,0.644079,0.316023
smids/Abnormal_Sperm/Abnormal_Sperm (503).bmp,0,2,1,1,0.042328,0.638863,0.318810
smids/Abnormal_Sperm/Abnormal_Sperm (504).bmp,0,2,1,1,0.050573,0.620937,0.328490
smids/Abnormal_Sperm/Abnormal_Sperm (507).bmp,0,2,1,1,0.038352,0.614694,0.346954
smids/Abnormal_Sperm/Abnormal_Sperm (509).bmp,0,2,1,2,0.032803,0.226538,0.740659
smids/Abnormal_Sperm/Abnormal_Sperm (515).bmp,0,2,1,1,0.222002,0.749698,0.028301
smids/Abnormal_Sperm/Abnormal_Sperm (517).bmp,0,2,1,1,0.275018,0.701317,0.023664
smids/Abnormal_Sperm/Abnormal_Sperm (528).bmp,0,2,1,1,0.241166,0.728239,0.030595
smids/Abnormal_Sperm/Abnormal_Sperm (534).bmp,0,2,1,1,0.047812,0.690770,0.261418
smids/Abnormal_Sperm/Abnormal_Sperm (539).bmp,0,2,1,1,0.296080,0.681860,0.022060
smids/Abnormal_Sperm/Abnormal_Sperm (541).bmp,0,2,1,1,0.219752,0.753644,0.026603
smids/Abnormal_Sperm/Abnormal_Sperm (547).bmp,0,2,1,1,0.241175,0.735540,0.023285
smids/Abnormal_Sperm/Abnormal_Sperm (550).bmp,0,2,1,1,0.235809,0.731256,0.032935
smids/Abnormal_Sperm/Abnormal_Sperm (553).bmp,0,2,1,0,0.726164,0.253530,0.020306
smids/Abnormal_Sperm/Abnormal_Sperm (560).bmp,0,2,1,0,0.711526,0.264927,0.023547
smids/Abnormal_Sperm/Abnormal_Sperm (564).bmp,0,2,1,1,0.234567,0.729780,0.035653
smids/Abnormal_Sperm/Abnormal_Sperm (567).bmp,0,2,1,1,0.261335,0.712320,0.026345
smids/Abnormal_Sperm/Abnormal_Sperm (573).bmp,0,2,1,2,0.042174,0.187497,0.770329
smids/Abnormal_Sperm/Abnormal_Sperm (576).bmp,0,2,1,1,0.043742,0.675429,0.280829
smids/Abnormal_Sperm/Abnormal_Sperm (579).bmp,0,2,1,1,0.264573,0.704095,0.031332
smids/Abnormal_Sperm/Abnormal_Sperm (582).bmp,0,2,1,1,0.232861,0.735674,0.031465
smids/Abnormal_Sperm/Abnormal_Sperm (587).bmp,0,2,1,1,0.045343,0.669158,0.285500
smids/Abnormal_Sperm/Abnormal_Sperm (596).bmp,0,2,1,2,0.044751,0.194535,0.760713
smids/Abnormal_Sperm/Abnormal_Sperm (6).bmp,0,2,1,1,0.279691,0.685734,0.034575
smids/Abnormal_Sperm/Abnormal_Sperm (607).bmp,0,2,1,1,0.309016,0.669306,0.021678
smids/Abnormal_Sperm/Abnormal_Sperm (61).bmp,0,2,1,1,0.046190,0.703382,0.250427
smids/Abnormal_Sperm/Abnormal_Sperm (62).bmp,0,2,1,1,0.229456,0.744992,0.025552
smids/Abnormal_Sperm/Abnormal_Sperm (625).bmp,0,2,1,0,0.718032,0.262295,0.019673
smids/Abnormal_Sperm/Abnormal_Sperm (628).bmp,0,2,1,1,0.280574,0.695258,0.024169
smids/Abnormal_Sperm/Abnormal_Sperm (629).bmp,0,2,1,1,0.043517,0.636711,0.319772
smids/Abnormal_Sperm/Abnormal_Sperm (63).bmp,0,2,1,1,0.228258,0.747589,0.024152
smids/Abnormal_Sperm/Abnormal_Sperm (649).bmp,0,2,1,0,0.743493,0.233413,0.023094
smids/Abnormal_Sperm/Abnormal_Sperm (651).bmp,0,2,1,0,0.717167,0.259031,0.023802
smids/Abnormal_Sperm/Abnormal_Sperm (66).bmp,0,2,1,1,0.041655,0.675535,0.282810
smids/Abnormal_Sperm/Abnormal_Sperm (661).bmp,0,2,1,1,0.301320,0.677932,0.020748
smids/Abnormal_Sperm/Abnormal_Sperm (668).bmp,0,2,1,1,0.041268,0.693181,0.265551
smids/Abnormal_Sperm/Abnormal_Sperm (671).bmp,0,2,1,1,0.318236,0.660456,0.021307
smids/Abnormal_Sperm/Abnormal_Sperm (683).bmp,0,2,1,0,0.715839,0.263089,0.021072
smids/Abnormal_Sperm/Abnormal_Sperm (691).bmp,0,2,1,1,0.253405,0.721771,0.024824
smids/Abnormal_Sperm/Abnormal_Sperm (695).bmp,0,2,1,0,0.714300,0.262760,0.022940
smids/Abnormal_Sperm/Abnormal_Sperm (717).bmp,0,2,1,1,0.320704,0.658883,0.020413
smids/Abnormal_Sperm/Abnormal_Sperm (719).bmp,0,2,1,1,0.044080,0.688835,0.267085
smids/Abnormal_Sperm/Abnormal_Sperm (733).bmp,0,2,1,1,0.301256,0.673899,0.024845
smids/Abnormal_Sperm/Abnormal_Sperm (736).bmp,0,2,1,1,0.262980,0.711808,0.025212
smids/Abnormal_Sperm/Abnormal_Sperm (742).bmp,0,2,1,1,0.318905,0.661198,0.019897
smids/Abnormal_Sperm/Abnormal_Sperm (748).bmp,0,2,1,1,0.311633,0.668685,0.019682
smids/Abnormal_Sperm/Abnormal_Sperm (754).bmp,0,2,1,1,0.317502,0.662060,0.020438
smids/Abnormal_Sperm/Abnormal_Sperm (76).bmp,0,2,1,1,0.048620,0.645617,0.305763
smids/Abnormal_Sperm/Abnormal_Sperm (764).bmp,0,2,1,0,0.730107,0.249200,0.020692
smids/Abnormal_Sperm/Abnormal_Sperm (765).bmp,0,2,1,1,0.231363,0.745086,0.023551
smids/Abnormal_Sperm/Abnormal_Sperm (767).bmp,0,2,1,1,0.283789,0.695003,0.021208
smids/Abnormal_Sperm/Abnormal_Sperm (77).bmp,0,2,1,1,0.230031,0.742936,0.027033
smids/Abnormal_Sperm/Abnormal_Sperm (770).bmp,0,2,1,0,0.710376,0.270461,0.019163
smids/Abnormal_Sperm/Abnormal_Sperm (775).bmp,0,2,1,1,0.305504,0.673254,0.021242
smids/Abnormal_Sperm/Abnormal_Sperm (785).bmp,0,2,1,0,0.753781,0.225540,0.020679
smids/Abnormal_Sperm/Abnormal_Sperm (789).bmp,0,2,1,1,0.045855,0.704042,0.250103
smids/Abnormal_Sperm/Abnormal_Sperm (793).bmp,0,2,1,2,0.038472,0.177368,0.784160
smids/Abnormal_Sperm/Abnormal_Sperm (794).bmp,0,2,1,1,0.286755,0.691668,0.021577
smids/Abnormal_Sperm/Abnormal_Sperm (801).bmp,0,2,1,1,0.306085,0.671404,0.022511
smids/Abnormal_Sperm/Abnormal_Sperm (802).bmp,0,2,1,0,0.755858,0.214908,0.029235
smids/Abnormal_Sperm/Abnormal_Sperm (803).bmp,0,2,1,1,0.267195,0.710656,0.022149
smids/Abnormal_Sperm/Abnormal_Sperm (812).bmp,0,2,1,1,0.316525,0.663880,0.019594
smids/Abnormal_Sperm/Abnormal_Sperm (823).bmp,0,2,1,1,0.218220,0.745811,0.035969
smids/Abnormal_Sperm/Abnormal_Sperm (830).bmp,0,2,1,1,0.318720,0.661460,0.019820
smids/Abnormal_Sperm/Abnormal_Sperm (831).bmp,0,2,1,0,0.709709,0.270989,0.019302
smids/Abnormal_Sperm/Abnormal_Sperm (834).bmp,0,2,1,0,0.727647,0.253583,0.018770
smids/Abnormal_Sperm/Abnormal_Sperm (839).bmp,0,2,1,0,0.739236,0.239726,0.021038
smids/Abnormal_Sperm/Abnormal_Sperm (84).bmp,0,2,1,1,0.253449,0.721415,0.025137
smids/Abnormal_Sperm/Abnormal_Sperm (840).bmp,0,2,1,1,0.298550,0.679209,0.022241
smids/Abnormal_Sperm/Abnormal_Sperm (843).bmp,0,2,1,1,0.241724,0.728898,0.029378
smids/Abnormal_Sperm/Abnormal_Sperm (847).bmp,0,2,1,1,0.319187,0.661097,0.019716
smids/Abnormal_Sperm/Abnormal_Sperm (852).bmp,0,2,1,0,0.719032,0.259552,0.021416
smids/Abnormal_Sperm/Abnormal_Sperm (855).bmp,0,2,1,0,0.720134,0.256729,0.023137
smids/Abnormal_Sperm/Abnormal_Sperm (858).bmp,0,2,1,1,0.242929,0.733876,0.023195
smids/Abnormal_Sperm/Abnormal_Sperm (865).bmp,0,2,1,0,0.708013,0.273166,0.018821
smids/Abnormal_Sperm/Abnormal_Sperm (873).bmp,0,2,1,1,0.315370,0.663099,0.021532
smids/Abnormal_Sperm/Abnormal_Sperm (874).bmp,0,2,1,1,0.248456,0.727307,0.024236
smids/Abnormal_Sperm/Abnormal_Sperm (876).bmp,0,2,1,1,0.270133,0.708903,0.020964
smids/Abnormal_Sperm/Abnormal_Sperm (877).bmp,0,2,1,1,0.249073,0.722023,0.028904
smids/Abnormal_Sperm/Abnormal_Sperm (88).bmp,0,2,1,1,0.222635,0.752966,0.024398
smids/Abnormal_Sperm/Abnormal_Sperm (883).bmp,0,2,1,1,0.243704,0.729135,0.027160
smids/Abnormal_Sperm/Abnormal_Sperm (884).bmp,0,2,1,1,0.290247,0.687102,0.022651
smids/Abnormal_Sperm/Abnormal_Sperm (885).bmp,0,2,1,1,0.251375,0.721149,0.027476
smids/Abnormal_Sperm/Abnormal_Sperm (888).bmp,0,2,1,0,0.723618,0.256997,0.019385
smids/Abnormal_Sperm/Abnormal_Sperm (894).bmp,0,2,1,0,0.728774,0.250158,0.021068
smids/Abnormal_Sperm/Abnormal_Sperm (904).bmp,0,2,1,0,0.722708,0.255360,0.021932
smids/Abnormal_Sperm/Abnormal_Sperm (906).bmp,0,2,1,1,0.296426,0.681544,0.022030
smids/Abnormal_Sperm/Abnormal_Sperm (913).bmp,0,2,1,1,0.286119,0.688122,0.025759
smids/Abnormal_Sperm/Abnormal_Sperm (915).bmp,0,2,1,1,0.310246,0.666815,0.022939
smids/Abnormal_Sperm/Abnormal_Sperm (922).bmp,0,2,1,0,0.737292,0.240995,0.021714
smids/Abnormal_Sperm/Abnormal_Sperm (929).bmp,0,2,1,1,0.050555,0.691608,0.257837
smids/Abnormal_Sperm/Abnormal_Sperm (94).bmp,0,2,1,1,0.036076,0.611491,0.352432
smids/Abnormal_Sperm/Abnormal_Sperm (943).bmp,0,2,1,1,0.296024,0.680239,0.023737
smids/Abnormal_Sperm/Abnormal_Sperm (946).bmp,0,2,1,1,0.319449,0.661229,0.019322
smids/Abnormal_Sperm/Abnormal_Sperm (947).bmp,0,2,1,1,0.301062,0.677964,0.020974
smids/Abnormal_Sperm/Abnormal_Sperm (950).bmp,0,2,1,1,0.298131,0.678255,0.023615
smids/Abnormal_Sperm/Abnormal_Sperm (96).bmp,0,2,1,1,0.040367,0.655217,0.304416
smids/Abnormal_Sperm/Abnormal_Sperm (978).bmp,0,2,1,1,0.256087,0.718230,0.025683
smids/Abnormal_Sperm/Abnormal_Sperm (979).bmp,0,2,1,1,0.289469,0.687930,0.022601
smids/Abnormal_Sperm/Abnormal_Sperm (991).bmp,0,2,1,1,0.292199,0.683158,0.024643
smids/Abnormal_Sperm/Abnormal_Sperm (997).bmp,0,2,1,1,0.295131,0.684063,0.020806
smids/Non-Sperm/Non-Sperm (10).bmp,0,2,2,2,0.034851,0.175824,0.789326
smids/Non-Sperm/Non-Sperm (107).bmp,0,2,2,2,0.033650,0.162543,0.803806
smids/Non-Sperm/Non-Sperm (122).bmp,0,2,2,2,0.034805,0.156778,0.808418
smids/Non-Sperm/Non-Sperm (130).bmp,0,2,2,2,0.033423,0.180635,0.785942
smids/Non-Sperm/Non-Sperm (134).bmp,0,2,2,2,0.033257,0.157953,0.808790
smids/Non-Sperm/Non-Sperm (14).bmp,0,2,2,2,0.036659,0.191751,0.771590
smids/Non-Sperm/Non-Sperm (140).bmp,0,2,2,2,0.037391,0.158267,0.804342
smids/Non-Sperm/Non-Sperm (141).bmp,0,2,2,2,0.034739,0.156769,0.808492
smids/Non-Sperm/Non-Sperm (143).bmp,0,2,2,2,0.039449,0.181350,0.779201
smids/Non-Sperm/Non-Sperm (150).bmp,0,2,2,2,0.175812,0.036817,0.787371
smids/Non-Sperm/Non-Sperm (159).bmp,0,2,2,2,0.035784,0.154165,0.810051
smids/Non-Sperm/Non-Sperm (16).bmp,0,2,2,2,0.034362,0.182603,0.783034
smids/Non-Sperm/Non-Sperm (160).bmp,0,2,2,2,0.035967,0.178099,0.785934
smids/Non-Sperm/Non-Sperm (168).bmp,0,2,2,2,0.034462,0.153787,0.811751
smids/Non-Sperm/Non-Sperm (171).bmp,0,2,2,2,0.214152,0.033673,0.752174
smids/Non-Sperm/Non-Sperm (172).bmp,0,2,2,2,0.035943,0.159104,0.804953
smids/Non-Sperm/Non-Sperm (183).bmp,0,2,2,2,0.034949,0.153332,0.811719
smids/Non-Sperm/Non-Sperm (184).bmp,0,2,2,2,0.172921,0.036251,0.790828
smids/Non-Sperm/Non-Sperm (188).bmp,0,2,2,2,0.037950,0.160163,0.801886
smids/Non-Sperm/Non-Sperm (207).bmp,0,2,2,2,0.034182,0.162731,0.803088
smids/Non-Sperm/Non-Sperm (219).bmp,0,2,2,2,0.165325,0.037115,0.797559
smids/Non-Sperm/Non-Sperm (223).bmp,0,2,2,2,0.036000,0.160165,0.803835
smids/Non-Sperm/Non-Sperm (225).bmp,0,2,2,2,0.034752,0.167904,0.797344
smids/Non-Sperm/Non-Sperm (227).bmp,0,2,2,2,0.035113,0.150497,0.814390
smids/Non-Sperm/Non-Sperm (229).bmp,0,2,2,2,0.043646,0.210070,0.746285
smids/Non-Sperm/Non-Sperm (230).bmp,0,2,2,2,0.036747,0.168189,0.795064
smids/Non-Sperm/Non-Sperm (238).bmp,0,2,2,2,0.171411,0.036878,0.791711
smids/Non-Sperm/Non-Sperm (239).bmp,0,2,2,2,0.035438,0.168405,0.796157
smids/Non-Sperm/Non-Sperm (24).bmp,0,2,2,1,0.043734,0.705581,0.250685
smids/Non-Sperm/Non-Sperm (242).bmp,0,2,2,2,0.036846,0.164758,0.798396
smids/Non-Sperm/Non-Sperm (244).bmp,0,2,2,2,0.166317,0.036446,0.797238
smids/Non-Sperm/Non-Sperm (249).bmp,0,2,2,2,0.034342,0.160522,0.805135
smids/Non-Sperm/Non-Sperm (25).bmp,0,2,2,2,0.040345,0.201160,0.758495
smids/Non-Sperm/Non-Sperm (252).bmp,0,2,2,2,0.171103,0.036096,0.792801
smids/Non-Sperm/Non-Sperm (255).bmp,0,2,2,2,0.037143,0.153692,0.809165
smids/Non-Sperm/Non-Sperm (258).bmp,0,2,2,2,0.175732,0.037434,0.786834
smids/Non-Sperm/Non-Sperm (260).bmp,0,2,2,2,0.164734,0.036941,0.798325
smids/Non-Sperm/Non-Sperm (263).bmp,0,2,2,2,0.032153,0.222600,0.745247
smids/Non-Sperm/Non-Sperm (265).bmp,0,2,2,2,0.165229,0.037464,0.797307
smids/Non-Sperm/Non-Sperm (266).bmp,0,2,2,2,0.036839,0.157799,0.805362
smids/Non-Sperm/Non-Sperm (270).bmp,0,2,2,2,0.176709,0.036978,0.786313
smids/Non-Sperm/Non-Sperm (272).bmp,0,2,2,2,0.241118,0.032348,0.726535
smids/Non-Sperm/Non-Sperm (275).bmp,0,2,2,2,0.186012,0.035457,0.778530
smids/Non-Sperm/Non-Sperm (279).bmp,0,2,2,2,0.165037,0.035545,0.799418
smids/Non-Sperm/Non-Sperm (280).bmp,0,2,2,2,0.161623,0.035875,0.802502
smids/Non-Sperm/Non-Sperm (285).bmp,0,2,2,2,0.181632,0.037128,0.781240
smids/Non-Sperm/Non-Sperm (288).bmp,0,2,2,2,0.035785,0.159617,0.804598
smids/Non-Sperm/Non-Sperm (300).bmp,0,2,2,2,0.034926,0.164769,0.800306
smids/Non-Sperm/Non-Sperm (301).bmp,0,2,2,2,0.182196,0.037437,0.780367
smids/Non-Sperm/Non-Sperm (305).bmp,0,2,2,2,0.179080,0.035459,0.785461
smids/Non-Sperm/Non-Sperm (31).bmp,0,2,2,2,0.168690,0.036691,0.794619
smids/Non-Sperm/Non-Sperm (310).bmp,0,2,2,2,0.165419,0.035935,0.798646
smids/Non-Sperm/Non-Sperm (313).bmp,0,2,2,2,0.235250,0.036777,0.727973
smids/Non-Sperm/Non-Sperm (316).bmp,0,2,2,2,0.171158,0.036061,0.792780
smids/Non-Sperm/Non-Sperm (32).bmp,0,2,2,2,0.192040,0.041863,0.766097
smids/Non-Sperm/Non-Sperm (320).bmp,0,2,2,2,0.169886,0.035673,0.794441
smids/Non-Sperm/Non-Sperm (325).bmp,0,2,2,2,0.039478,0.162702,0.797820
smids/Non-Sperm/Non-Sperm (327).bmp,0,2,2,2,0.042596,0.191211,0.766193
smids/Non-Sperm/Non-Sperm (328).bmp,0,2,2,2,0.033450,0.168929,0.797621
smids/Non-Sperm/Non-Sperm (331).bmp,0,2,2,2,0.166187,0.036313,0.797499
smids/Non-Sperm/Non-Sperm (335).bmp,0,2,2,2,0.036019,0.162551,0.801429
smids/Non-Sperm/Non-Sperm (339).bmp,0,2,2,2,0.036770,0.156889,0.806341
smids/Non-Sperm/Non-Sperm (34).bmp,0,2,2,1,0.045474,0.661650,0.292875
smids/Non-Sperm/Non-Sperm (342).bmp,0,2,2,2,0.236206,0.038709,0.725084
smids/Non-Sperm/Non-Sperm (346).bmp,0,2,2,2,0.035451,0.153045,0.811503
smids/Non-Sperm/Non-Sperm (349).bmp,0,2,2,2,0.038071,0.192547,0.769382
smids/Non-Sperm/Non-Sperm (357).bmp,0,2,2,2,0.037666,0.156980,0.805354
smids/Non-Sperm/Non-Sperm (37).bmp,0,2,2,2,0.036516,0.208944,0.754540
smids/Non-Sperm/Non-Sperm (373).bmp,0,2,2,2,0.175234,0.034577,0.790189
smids/Non-Sperm/Non-Sperm (375).bmp,0,2,2,2,0.038347,0.151441,0.810212
smids/Non-Sperm/Non-Sperm (376).bmp,0,2,2,2,0.036379,0.162621,0.801001
smids/Non-Sperm/Non-Sperm (382).bmp,0,2,2,2,0.177642,0.036532,0.785825
smids/Non-Sperm/Non-Sperm (387).bmp,0,2,2,2,0.167851,0.035709,0.796440
smids/Non-Sperm/Non-Sperm (390).bmp,0,2,2,2,0.035561,0.160332,0.804107
smids/Non-Sperm/Non-Sperm (4).bmp,0,2,2,1,0.046226,0.673237,0.280537
smids/Non-Sperm/Non-Sperm (407).bmp,0,2,2,2,0.035694,0.156257,0.808049
smids/Non-Sperm/Non-Sperm (41).bmp,0,2,2,2,0.044007,0.194611,0.761382
smids/Non-Sperm/Non-Sperm (414).bmp,0,2,2,2,0.197548,0.035926,0.766526
smids/Non-Sperm/Non-Sperm (415).bmp,0,2,2,1,0.053821,0.644995,0.301183
smids/Non-Sperm/Non-Sperm (421).bmp,0,2,2,2,0.174176,0.035343,0.790481
smids/Non-Sperm/Non-Sperm (429).bmp,0,2,2,2,0.164772,0.036161,0.799067
smids/Non-Sperm/Non-Sperm (43).bmp,0,2,2,2,0.034803,0.217757,0.747440
smids/Non-Sperm/Non-Sperm (432).bmp,0,2,2,2,0.034353,0.162028,0.803619
smids/Non-Sperm/Non-Sperm (436).bmp,0,2,2,2,0.034443,0.170625,0.794932
smids/Non-Sperm/Non-Sperm (440).bmp,0,2,2,2,0.039692,0.167697,0.792611
smids/Non-Sperm/Non-Sperm (441).bmp,0,2,2,2,0.033648,0.174498,0.791854
smids/Non-Sperm/Non-Sperm (442).bmp,0,2,2,2,0.167107,0.036280,0.796612
smids/Non-Sperm/Non-Sperm (45).bmp,0,2,2,2,0.185392,0.038983,0.775625
smids/Non-Sperm/Non-Sperm (463).bmp,0,2,2,2,0.042511,0.172640,0.784850
smids/Non-Sperm/Non-Sperm (464).bmp,0,2,2,2,0.035917,0.154545,0.809537
smids/Non-Sperm/Non-Sperm (465).bmp,0,2,2,2,0.039540,0.174238,0.786222
smids/Non-Sperm/Non-Sperm (466).bmp,0,2,2,2,0.034442,0.177358,0.788201
smids/Non-Sperm/Non-Sperm (467).bmp,0,2,2,2,0.034143,0.157102,0.808755
smids/Non-Sperm/Non-Sperm (473).bmp,0,2,2,2,0.170637,0.037067,0.792296
smids/Non-Sperm/Non-Sperm (475).bmp,0,2,2,2,0.036276,0.151733,0.811990
smids/Non-Sperm/Non-Sperm (477).bmp,0,2,2,2,0.034282,0.152228,0.813490
smids/Non-Sperm/Non-Sperm (479).bmp,0,2,2,2,0.232996,0.031442,0.735562
smids/Non-Sperm/Non-Sperm (482).bmp,0,2,2,2,0.035561,0.151091,0.813349
smids/Non-Sperm/Non-Sperm (489).bmp,0,2,2,2,0.036802,0.157702,0.805496
smids/Non-Sperm/Non-Sperm (491).bmp,0,2,2,2,0.175411,0.033873,0.790716
smids/Non-Sperm/Non-Sperm (495).bmp,0,2,2,2,0.034407,0.173475,0.792118
smids/Non-Sperm/Non-Sperm (503).bmp,0,2,2,2,0.171913,0.038174,0.789913
smids/Non-Sperm/Non-Sperm (506).bmp,0,2,2,2,0.034916,0.179609,0.785475
smids/Non-Sperm/Non-Sperm (510).bmp,0,2,2,2,0.034824,0.150151,0.815025
smids/Non-Sperm/Non-Sperm (513).bmp,0,2,2,2,0.183114,0.039273,0.777613
smids/Non-Sperm/Non-Sperm (514).bmp,0,2,2,2,0.033952,0.162273,0.803775
smids/Non-Sperm/Non-Sperm (515).bmp,0,2,2,2,0.036523,0.157631,0.805847
smids/Non-Sperm/Non-Sperm (519).bmp,0,2,2,2,0.177743,0.035495,0.786762
smids/Non-Sperm/Non-Sperm (52).bmp,0,2,2,2,0.036937,0.175275,0.787788
smids/Non-Sperm/Non-Sperm (520).bmp,0,2,2,2,0.033995,0.176568,0.789436
smids/Non-Sperm/Non-Sperm (526).bmp,0,2,2,2,0.197571,0.033771,0.768658
smids/Non-Sperm/Non-Sperm (528).bmp,0,2,2,1,0.048106,0.677672,0.274222
smids/Non-Sperm/Non-Sperm (531).bmp,0,2,2,2,0.034726,0.204678,0.760596
smids/Non-Sperm/Non-Sperm (535).bmp,0,2,2,2,0.035678,0.154957,0.809365
smids/Non-Sperm/Non-Sperm (549).bmp,0,2,2,2,0.034188,0.146383,0.819429
smids/Non-Sperm/Non-Sperm (554).bmp,0,2,2,2,0.035009,0.180439,0.784553
smids/Non-Sperm/Non-Sperm (555).bmp,0,2,2,2,0.164051,0.035107,0.800842
smids/Non-Sperm/Non-Sperm (558).bmp,0,2,2,2,0.035099,0.148887,0.816014
smids/Non-Sperm/Non-Sperm (559).bmp,0,2,2,2,0.043411,0.173616,0.782973
smids/Non-Sperm/Non-Sperm (567).bmp,0,2,2,2,0.184296,0.035566,0.780137
smids/Non-Sperm/Non-Sperm (577).bmp,0,2,2,2,0.036717,0.161713,0.801569
smids/Non-Sperm/Non-Sperm (578).bmp,0,2,2,2,0.225681,0.037681,0.736638
smids/Non-Sperm/Non-Sperm (584).bmp,0,2,2,2,0.035960,0.210802,0.753238
smids/Non-Sperm/Non-Sperm (606).bmp,0,2,2,2,0.033829,0.156515,0.809656
smids/Non-Sperm/Non-Sperm (617).bmp,0,2,2,2,0.167196,0.035416,0.797388
smids/Non-Sperm/Non-Sperm (619).bmp,0,2,2,2,0.037439,0.171387,0.791174
smids/Non-Sperm/Non-Sperm (631).bmp,0,2,2,2,0.164155,0.035802,0.800044
smids/Non-Sperm/Non-Sperm (649).bmp,0,2,2,2,0.035207,0.150048,0.814745
smids/Non-Sperm/Non-Sperm (653).bmp,0,2,2,2,0.192647,0.032747,0.774605
smids/Non-Sperm/Non-Sperm (659).bmp,0,2,2,2,0.034695,0.181446,0.783859
smids/Non-Sperm/Non-Sperm (662).bmp,0,2,2,2,0.174986,0.036204,0.788810
smids/Non-Sperm/Non-Sperm (665).bmp,0,2,2,2,0.036665,0.158098,0.805237
smids/Non-Sperm/Non-Sperm (672).bmp,0,2,2,2,0.159111,0.036016,0.804873
smids/Non-Sperm/Non-Sperm (673).bmp,0,2,2,2,0.033246,0.162715,0.804039
smids/Non-Sperm/Non-Sperm (675).bmp,0,2,2,2,0.034554,0.162246,0.803200
smids/Non-Sperm/Non-Sperm (679).bmp,0,2,2,0,0.664030,0.037647,0.298322
smids/Non-Sperm/Non-Sperm (688).bmp,0,2,2,2,0.177153,0.036896,0.785952
smids/Non-Sperm/Non-Sperm (691).bmp,0,2,2,2,0.222491,0.034843,0.742666
smids/Non-Sperm/Non-Sperm (695).bmp,0,2,2,1,0.044243,0.677125,0.278632
smids/Non-Sperm/Non-Sperm (700).bmp,0,2,2,2,0.034284,0.154528,0.811189
smids/Non-Sperm/Non-Sperm (721).bmp,0,2,2,2,0.162339,0.037063,0.800598
smids/Non-Sperm/Non-Sperm (739).bmp,0,2,2,2,0.035858,0.152447,0.811695
smids/Non-Sperm/Non-Sperm (74).bmp,0,2,2,2,0.039452,0.208469,0.752079
smids/Non-Sperm/Non-Sperm (743).bmp,0,2,2,2,0.035424,0.154295,0.810281
smids/Non-Sperm/Non-Sperm (744).bmp,0,2,2,2,0.165179,0.036962,0.797859
smids/Non-Sperm/Non-Sperm (773).bmp,0,2,2,2,0.030907,0.218113,0.750981
smids/Non-Sperm/Non-Sperm (775).bmp,0,2,2,2,0.187562,0.035782,0.776656
smids/Non-Sperm/Non-Sperm (778).bmp,0,2,2,2,0.179644,0.037556,0.782801
smids/Non-Sperm/Non-Sperm (779).bmp,0,2,2,2,0.035489,0.158885,0.805627
smids/Non-Sperm/Non-Sperm (780).bmp,0,2,2,2,0.036344,0.149669,0.813987
smids/Non-Sperm/Non-Sperm (791).bmp,0,2,2,2,0.175226,0.037021,0.787753
smids/Non-Sperm/Non-Sperm (795).bmp,0,2,2,2,0.198951,0.034875,0.766174
smids/Non-Sperm/Non-Sperm (798).bmp,0,2,2,2,0.169567,0.036815,0.793618
smids/Non-Sperm/Non-Sperm (799).bmp,0,2,2,2,0.043338,0.168014,0.788648
smids/Non-Sperm/Non-Sperm (80).bmp,0,2,2,2,0.034528,0.169463,0.796009
smids/Non-Sperm/Non-Sperm (806).bmp,0,2,2,2,0.166216,0.037493,0.796292
smids/Non-Sperm/Non-Sperm (810).bmp,0,2,2,2,0.173912,0.037348,0.788740
smids/Non-Sperm/Non-Sperm (812).bmp,0,2,2,2,0.036219,0.157354,0.806427
smids/Non-Sperm/Non-Sperm (821).bmp,0,2,2,2,0.033878,0.163331,0.802791
smids/Non-Sperm/Non-Sperm (829).bmp,0,2,2,2,0.032918,0.176791,0.790291
smids/Non-Sperm/Non-Sperm (833).bmp,0,2,2,2,0.040526,0.170269,0.789205
smids/Non-Sperm/Non-Sperm (837).bmp,0,2,2,2,0.034848,0.155881,0.809271
smids/Non-Sperm/Non-Sperm (839).bmp,0,2,2,2,0.036028,0.158167,0.805805
smids/Non-Sperm/Non-Sperm (841).bmp,0,2,2,0,0.642673,0.036544,0.320783
smids/Non-Sperm/Non-Sperm (842).bmp,0,2,2,2,0.169075,0.036404,0.794521
smids/Non-Sperm/Non-Sperm (843).bmp,0,2,2,2,0.166253,0.034918,0.798830
smids/Non-Sperm/Non-Sperm (846).bmp,0,2,2,2,0.183177,0.037785,0.779038
smids/Non-Sperm/Non-Sperm (851).bmp,0,2,2,2,0.190657,0.039188,0.770156
smids/Non-Sperm/Non-Sperm (853).bmp,0,2,2,2,0.037906,0.172780,0.789314
smids/Non-Sperm/Non-Sperm (857).bmp,0,2,2,2,0.034120,0.176529,0.789351
smids/Non-Sperm/Non-Sperm (865).bmp,0,2,2,2,0.035791,0.210152,0.754058
smids/Non-Sperm/Non-Sperm (869).bmp,0,2,2,2,0.036642,0.166946,0.796412
smids/Non-Sperm/Non-Sperm (87).bmp,0,2,2,2,0.190048,0.040181,0.769771
smids/Non-Sperm/Non-Sperm (874).bmp,0,2,2,2,0.036917,0.159446,0.803637
smids/Non-Sperm/Non-Sperm (89).bmp,0,2,2,2,0.039703,0.159052,0.801244
smids/Non-Sperm/Non-Sperm (896).bmp,0,2,2,2,0.033972,0.217537,0.748492
smids/Non-Sperm/Non-Sperm (9).bmp,0,2,2,2,0.034711,0.175367,0.789921
smids/Non-Sperm/Non-Sperm (901).bmp,0,2,2,1,0.036776,0.615123,0.348101
smids/Non-Sperm/Non-Sperm (906).bmp,0,2,2,0,0.649804,0.039088,0.311108
smids/Non-Sperm/Non-Sperm (912).bmp,0,2,2,1,0.047116,0.688779,0.264104
smids/Non-Sperm/Non-Sperm (913).bmp,0,2,2,2,0.035471,0.173825,0.790703
smids/Non-Sperm/Non-Sperm (914).bmp,0,2,2,2,0.034288,0.189721,0.775991
smids/Non-Sperm/Non-Sperm (923).bmp,0,2,2,2,0.040038,0.182371,0.777591
smids/Non-Sperm/Non-Sperm (925).bmp,0,2,2,2,0.036233,0.218603,0.745164
smids/Non-Sperm/Non-Sperm (929).bmp,0,2,2,1,0.285992,0.690720,0.023288
smids/Non-Sperm/Non-Sperm (933).bmp,0,2,2,1,0.291947,0.685092,0.022961
smids/Non-Sperm/Non-Sperm (934).bmp,0,2,2,2,0.037466,0.164645,0.797890
smids/Non-Sperm/Non-Sperm (941).bmp,0,2,2,2,0.038993,0.169749,0.791258
smids/Non-Sperm/Non-Sperm (944).bmp,0,2,2,2,0.044624,0.181282,0.774094
smids/Non-Sperm/Non-Sperm (947).bmp,0,2,2,2,0.041452,0.161898,0.796650
smids/Non-Sperm/Non-Sperm (951).bmp,0,2,2,2,0.045756,0.185228,0.769016
smids/Non-Sperm/Non-Sperm (953).bmp,0,2,2,2,0.032870,0.209759,0.757371
smids/Non-Sperm/Non-Sperm (956).bmp,0,2,2,2,0.034176,0.165898,0.799927
smids/Non-Sperm/Non-Sperm (99).bmp,0,2,2,2,0.036918,0.174609,0.788472
smids/Normal_Sperm/Normal_Sperm (100).bmp,0,2,0,0,0.784647,0.193231,0.022122
smids/Normal_Sperm/Normal_Sperm (1003).bmp,0,2,0,0,0.745505,0.224889,0.029606
smids/Normal_Sperm/Normal_Sperm (1006).bmp,0,2,0,1,0.305704,0.671848,0.022447
smids/Normal_Sperm/Normal_Sperm (1007).bmp,0,2,0,0,0.703665,0.278558,0.017777
smids/Normal_Sperm/Normal_Sperm (1009).bmp,0,2,0,0,0.760670,0.211542,0.027788
smids/Normal_Sperm/Normal_Sperm (1016).bmp,0,2,0,0,0.756137,0.222353,0.021509
smids/Normal_Sperm/Normal_Sperm (1017).bmp,0,2,0,0,0.795699,0.182765,0.021536
smids/Normal_Sperm/Normal_Sperm (103).bmp,0,2,0,0,0.738771,0.240960,0.020269
smids/Normal_Sperm/Normal_Sperm (105).bmp,0,2,0,0,0.795176,0.178538,0.026286
smids/Normal_Sperm/Normal_Sperm (107).bmp,0,2,0,1,0.253080,0.712484,0.034436
smids/Normal_Sperm/Normal_Sperm (108).bmp,0,2,0,0,0.786387,0.190334,0.023278
smids/Normal_Sperm/Normal_Sperm (113).bmp,0,2,0,0,0.754038,0.225821,0.020142
smids/Normal_Sperm/Normal_Sperm (115).bmp,0,2,0,1,0.306215,0.670092,0.023693
smids/Normal_Sperm/Normal_Sperm (12).bmp,0,2,0,0,0.795398,0.182127,0.022475
smids/Normal_Sperm/Normal_Sperm (123).bmp,0,2,0,1,0.303000,0.673902,0.023098
smids/Normal_Sperm/Normal_Sperm (125).bmp,0,2,0,1,0.298729,0.671845,0.029426
smids/Normal_Sperm/Normal_Sperm (132).bmp,0,2,0,1,0.272320,0.690994,0.036686
smids/Normal_Sperm/Normal_Sperm (135).bmp,0,2,0,1,0.047276,0.659892,0.292832
smids/Normal_Sperm/Normal_Sperm (138).bmp,0,2,0,1,0.310437,0.665407,0.024156
smids/Normal_Sperm/Normal_Sperm (140).bmp,0,2,0,0,0.747255,0.227615,0.025130
smids/Normal_Sperm/Normal_Sperm (142).bmp,0,2,0,2,0.044186,0.195583,0.760231
smids/Normal_Sperm/Normal_Sperm (144).bmp,0,2,0,1,0.288100,0.682266,0.029634
smids/Normal_Sperm/Normal_Sperm (147).bmp,0,2,0,0,0.725633,0.253300,0.021068
smids/Normal_Sperm/Normal_Sperm (157).bmp,0,2,0,0,0.732193,0.247740,0.020067
smids/Normal_Sperm/Normal_Sperm (16).bmp,0,2,0,0,0.657840,0.042716,0.299443
smids/Normal_Sperm/Normal_Sperm (162).bmp,0,2,0,0,0.761948,0.217435,0.020616
smids/Normal_Sperm/Normal_Sperm (169).bmp,0,2,0,0,0.738186,0.240750,0.021063
smids/Normal_Sperm/Normal_Sperm (17).bmp,0,2,0,0,0.705972,0.273831,0.020197
smids/Normal_Sperm/Normal_Sperm (172).bmp,0,2,0,0,0.716425,0.262674,0.020900
smids/Normal_Sperm/Normal_Sperm (177).bmp,0,2,0,0,0.748845,0.228500,0.022655
smids/Normal_Sperm/Normal_Sperm (194).bmp,0,2,0,0,0.724608,0.256462,0.018930
smids/Normal_Sperm/Normal_Sperm (200).bmp,0,2,0,1,0.322646,0.658094,0.019260
smids/Normal_Sperm/Normal_Sperm (205).bmp,0,2,0,0,0.751091,0.229467,0.019441
smids/Normal_Sperm/Normal_Sperm (208).bmp,0,2,0,0,0.742159,0.236806,0.021035
smids/Normal_Sperm/Normal_Sperm (21).bmp,0,2,0,0,0.771926,0.206898,0.021176
smids/Normal_Sperm/Normal_Sperm (211).bmp,0,2,0,0,0.782696,0.195614,0.021690
smids/Normal_Sperm/Normal_Sperm (213).bmp,0,2,0,0,0.747235,0.233056,0.019709
smids/Normal_Sperm/Normal_Sperm (214).bmp,0,2,0,0,0.716375,0.264428,0.019197
smids/Normal_Sperm/Normal_Sperm (216).bmp,0,2,0,0,0.760888,0.217372,0.021740
smids/Normal_Sperm/Normal_Sperm (219).bmp,0,2,0,0,0.716665,0.262537,0.020798
smids/Normal_Sperm/Normal_Sperm (220).bmp,0,2,0,0,0.755120,0.224185,0.020695
smids/Normal_Sperm/Normal_Sperm (221).bmp,0,2,0,0,0.770038,0.204074,0.025888
smids/Normal_Sperm/Normal_Sperm (223).bmp,0,2,0,0,0.727569,0.242231,0.030199
smids/Normal_Sperm/Normal_Sperm (238).bmp,0,2,0,1,0.306598,0.673029,0.020373
smids/Normal_Sperm/Normal_Sperm (239).bmp,0,2,0,0,0.762038,0.216492,0.021471
smids/Normal_Sperm/Normal_Sperm (241).bmp,0,2,0,0,0.723907,0.255391,0.020703
smids/Normal_Sperm/Normal_Sperm (27).bmp,0,2,0,0,0.776721,0.202967,0.020311
smids/Normal_Sperm/Normal_Sperm (271).bmp,0,2,0,0,0.745011,0.234133,0.020856
smids/Normal_Sperm/Normal_Sperm (273).bmp,0,2,0,0,0.791394,0.185143,0.023463
smids/Normal_Sperm/Normal_Sperm (275).bmp,0,2,0,0,0.727784,0.252962,0.019254
smids/Normal_Sperm/Normal_Sperm (281).bmp,0,2,0,0,0.748765,0.229927,0.021307
smids/Normal_Sperm/Normal_Sperm (291).bmp,0,2,0,0,0.712516,0.043942,0.243542
smids/Normal_Sperm/Normal_Sperm (294).bmp,0,2,0,0,0.749448,0.229995,0.020557
smids/Normal_Sperm/Normal_Sperm (297).bmp,0,2,0,0,0.718059,0.262527,0.019414
smids/Normal_Sperm/Normal_Sperm (300).bmp,0,2,0,0,0.708579,0.269414,0.022007
smids/Normal_Sperm/Normal_Sperm (314).bmp,0,2,0,0,0.781273,0.193762,0.024965
smids/Normal_Sperm/Normal_Sperm (320).bmp,0,2,0,1,0.298893,0.677797,0.023310
smids/Normal_Sperm/Normal_Sperm (325).bmp,0,2,0,0,0.759434,0.217460,0.023106
smids/Normal_Sperm/Normal_Sperm (337).bmp,0,2,0,0,0.714224,0.266083,0.019693
smids/Normal_Sperm/Normal_Sperm (339).bmp,0,2,0,0,0.680642,0.043627,0.275731
smids/Normal_Sperm/Normal_Sperm (349).bmp,0,2,0,1,0.053742,0.677450,0.268808
smids/Normal_Sperm/Normal_Sperm (350).bmp,0,2,0,0,0.707531,0.273468,0.019000
smids/Normal_Sperm/Normal_Sperm (356).bmp,0,2,0,0,0.710696,0.268293,0.021012
smids/Normal_Sperm/Normal_Sperm (365).bmp,0,2,0,0,0.732351,0.246410,0.021238
smids/Normal_Sperm/Normal_Sperm (371).bmp,0,2,0,0,0.703889,0.277305,0.018806
smids/Normal_Sperm/Normal_Sperm (378).bmp,0,2,0,0,0.727284,0.252775,0.019941
smids/Normal_Sperm/Normal_Sperm (38).bmp,0,2,0,2,0.178756,0.034939,0.786305
smids/Normal_Sperm/Normal_Sperm (383).bmp,0,2,0,0,0.747917,0.231093,0.020990
smids/Normal_Sperm/Normal_Sperm (385).bmp,0,2,0,0,0.714544,0.266940,0.018516
smids/Normal_Sperm/Normal_Sperm (394).bmp,0,2,0,0,0.715078,0.265879,0.019043
smids/Normal_Sperm/Normal_Sperm (40).bmp,0,2,0,2,0.212994,0.034796,0.752210
smids/Normal_Sperm/Normal_Sperm (403).bmp,0,2,0,1,0.257512,0.716382,0.026107
smids/Normal_Sperm/Normal_Sperm (405).bmp,0,2,0,0,0.713129,0.267758,0.019113
smids/Normal_Sperm/Normal_Sperm (406).bmp,0,2,0,0,0.712954,0.265525,0.021521
smids/Normal_Sperm/Normal_Sperm (414).bmp,0,2,0,0,0.745478,0.233529,0.020993
smids/Normal_Sperm/Normal_Sperm (418).bmp,0,2,0,1,0.307499,0.671606,0.020896
smids/Normal_Sperm/Normal_Sperm (421).bmp,0,2,0,2,0.231914,0.035929,0.732157
smids/Normal_Sperm/Normal_Sperm (429).bmp,0,2,0,0,0.793380,0.182904,0.023715
smids/Normal_Sperm/Normal_Sperm (430).bmp,0,2,0,0,0.766008,0.213711,0.020281
smids/Normal_Sperm/Normal_Sperm (438).bmp,0,2,0,0,0.723513,0.256878,0.019608
smids/Normal_Sperm/Normal_Sperm (443).bmp,0,2,0,0,0.794521,0.183294,0.022185
smids/Normal_Sperm/Normal_Sperm (449).bmp,0,2,0,0,0.764574,0.214623,0.020803
smids/Normal_Sperm/Normal_Sperm (45).bmp,0,2,0,0,0.765550,0.208710,0.025740
smids/Normal_Sperm/Normal_Sperm (452).bmp,0,2,0,0,0.745098,0.234490,0.020413
smids/Normal_Sperm/Normal_Sperm (457).bmp,0,2,0,0,0.714377,0.266127,0.019496
smids/Normal_Sperm/Normal_Sperm (46).bmp,0,2,0,0,0.776124,0.195570,0.028307
smids/Normal_Sperm/Normal_Sperm (462).bmp,0,2,0,0,0.764116,0.214767,0.021116
smids/Normal_Sperm/Normal_Sperm (469).bmp,0,2,0,0,0.746905,0.231000,0.022094
smids/Normal_Sperm/Normal_Sperm (474).bmp,0,2,0,1,0.308728,0.671258,0.020015
smids/Normal_Sperm/Normal_Sperm (476).bmp,0,2,0,1,0.279346,0.699457,0.021197
smids/Normal_Sperm/Normal_Sperm (482).bmp,0,2,0,0,0.729608,0.250959,0.019433
smids/Normal_Sperm/Normal_Sperm (492).bmp,0,2,0,0,0.778819,0.200438,0.020743
smids/Normal_Sperm/Normal_Sperm (497).bmp,0,2,0,0,0.721353,0.259053,0.019595
smids/Normal_Sperm/Normal_Sperm (50).bmp,0,2,0,2,0.202981,0.044251,0.752768
smids/Normal_Sperm/Normal_Sperm (500).bmp,0,2,0,0,0.722999,0.256314,0.020688
smids/Normal_Sperm/Normal_Sperm (502).bmp,0,2,0,0,0.765367,0.214187,0.020446
smids/Normal_Sperm/Normal_Sperm (511).bmp,0,2,0,0,0.720955,0.260209,0.018836
smids/Normal_Sperm/Normal_Sperm (523).bmp,0,2,0,1,0.043532,0.615003,0.341464
smids/Normal_Sperm/Normal_Sperm (525).bmp,0,2,0,0,0.738901,0.241555,0.019543
smids/Normal_Sperm/Normal_Sperm (529).bmp,0,2,0,0,0.710192,0.268979,0.020829
smids/Normal_Sperm/Normal_Sperm (53).bmp,0,2,0,0,0.721003,0.258909,0.020088
smids/Normal_Sperm/Normal_Sperm (546).bmp,0,2,0,0,0.748861,0.229738,0.021401
smids/Normal_Sperm/Normal_Sperm (547).bmp,0,2,0,0,0.736172,0.242923,0.020905
smids/Normal_Sperm/Normal_Sperm (55).bmp,0,2,0,2,0.049576,0.187064,0.763360
smids/Normal_Sperm/Normal_Sperm (551).bmp,0,2,0,0,0.770637,0.208142,0.021221
smids/Normal_Sperm/Normal_Sperm (559).bmp,0,2,0,0,0.788059,0.188564,0.023377
smids/Normal_Sperm/Normal_Sperm (56).bmp,0,2,0,0,0.781876,0.192568,0.025556
smids/Normal_Sperm/Normal_Sperm (562).bmp,0,2,0,0,0.773182,0.206098,0.020720
smids/Normal_Sperm/Normal_Sperm (570).bmp,0,2,0,0,0.716082,0.264510,0.019407
smids/Normal_Sperm/Normal_Sperm (577).bmp,0,2,0,1,0.315240,0.664053,0.020707
smids/Normal_Sperm/Normal_Sperm (579).bmp,0,2,0,0,0.746355,0.230046,0.023599
smids/Normal_Sperm/Normal_Sperm (581).bmp,0,2,0,0,0.742830,0.237439,0.019731
smids/Normal_Sperm/Normal_Sperm (583).bmp,0,2,0,0,0.719506,0.260051,0.020443
smids/Normal_Sperm/Normal_Sperm (585).bmp,0,2,0,0,0.710631,0.270607,0.018762
smids/Normal_Sperm/Normal_Sperm (586).bmp,0,2,0,0,0.782624,0.196588,0.020788
smids/Normal_Sperm/Normal_Sperm (589).bmp,0,2,0,0,0.725408,0.253473,0.021120
smids/Normal_Sperm/Normal_Sperm (597).bmp,0,2,0,1,0.309950,0.667670,0.022380
smids/Normal_Sperm/Normal_Sperm (6).bmp,0,2,0,2,0.242613,0.033446,0.723942
smids/Normal_Sperm/Normal_Sperm (601).bmp,0,2,0,0,0.733068,0.245343,0.021590
smids/Normal_Sperm/Normal_Sperm (606).bmp,0,2,0,0,0.786014,0.189859,0.024126
smids/Normal_Sperm/Normal_Sperm (609).bmp,0,2,0,1,0.312781,0.667203,0.020017
smids/Normal_Sperm/Normal_Sperm (61).bmp,0,2,0,0,0.748845,0.230595,0.020560
smids/Normal_Sperm/Normal_Sperm (612).bmp,0,2,0,0,0.707224,0.273588,0.019188
smids/Normal_Sperm/Normal_Sperm (617).bmp,0,2,0,0,0.765131,0.214203,0.020666
smids/Normal_Sperm/Normal_Sperm (626).bmp,0,2,0,0,0.726241,0.254725,0.019034
smids/Normal_Sperm/Normal_Sperm (631).bmp,0,2,0,0,0.717641,0.264080,0.018279
smids/Normal_Sperm/Normal_Sperm (632).bmp,0,2,0,0,0.713997,0.266792,0.019210
smids/Normal_Sperm/Normal_Sperm (656).bmp,0,2,0,1,0.322477,0.659045,0.018478
smids/Normal_Sperm/Normal_Sperm (657).bmp,0,2,0,0,0.721597,0.253422,0.024981
smids/Normal_Sperm/Normal_Sperm (664).bmp,0,2,0,0,0.780978,0.195801,0.023222
smids/Normal_Sperm/Normal_Sperm (665).bmp,0,2,0,0,0.794127,0.184131,0.021741
smids/Normal_Sperm/Normal_Sperm (672).bmp,0,2,0,0,0.776625,0.201106,0.022270
smids/Normal_Sperm/Normal_Sperm (675).bmp,0,2,0,0,0.744169,0.234526,0.021305
smids/Normal_Sperm/Normal_Sperm (677).bmp,0,2,0,0,0.715310,0.265571,0.019118
smids/Normal_Sperm/Normal_Sperm (680).bmp,0,2,0,0,0.757508,0.221722,0.020770
smids/Normal_Sperm/Normal_Sperm (681).bmp,0,2,0,0,0.709710,0.270404,0.019886
smids/Normal_Sperm/Normal_Sperm (685).bmp,0,2,0,0,0.728681,0.250027,0.021292
smids/Normal_Sperm/Normal_Sperm (688).bmp,0,2,0,0,0.761618,0.217696,0.020686
smids/Normal_Sperm/Normal_Sperm (691).bmp,0,2,0,0,0.772754,0.205937,0.021309
smids/Normal_Sperm/Normal_Sperm (693).bmp,0,2,0,0,0.748350,0.221004,0.030646
smids/Normal_Sperm/Normal_Sperm (695).bmp,0,2,0,0,0.665821,0.048776,0.285403
smids/Normal_Sperm/Normal_Sperm (697).bmp,0,2,0,0,0.710545,0.267456,0.021999
smids/Normal_Sperm/Normal_Sperm (703).bmp,0,2,0,0,0.716627,0.263988,0.019385
smids/Normal_Sperm/Normal_Sperm (710).bmp,0,2,0,0,0.726907,0.252054,0.021039
smids/Normal_Sperm/Normal_Sperm (714).bmp,0,2,0,0,0.712577,0.262680,0.024744
smids/Normal_Sperm/Normal_Sperm (720).bmp,0,2,0,0,0.735974,0.244676,0.019349
smids/Normal_Sperm/Normal_Sperm (726).bmp,0,2,0,0,0.714301,0.266637,0.019062
smids/Normal_Sperm/Normal_Sperm (739).bmp,0,2,0,0,0.772455,0.204407,0.023138
smids/Normal_Sperm/Normal_Sperm (740).bmp,0,2,0,0,0.772650,0.207094,0.020256
smids/Normal_Sperm/Normal_Sperm (743).bmp,0,2,0,0,0.731022,0.247720,0.021258
smids/Normal_Sperm/Normal_Sperm (744).bmp,0,2,0,0,0.786472,0.192403,0.021125
smids/Normal_Sperm/Normal_Sperm (748).bmp,0,2,0,0,0.707055,0.272054,0.020891
smids/Normal_Sperm/Normal_Sperm (754).bmp,0,2,0,0,0.702199,0.044014,0.253788
smids/Normal_Sperm/Normal_Sperm (762).bmp,0,2,0,0,0.738471,0.240063,0.021466
smids/Normal_Sperm/Normal_Sperm (763).bmp,0,2,0,0,0.769858,0.209364,0.020778
smids/Normal_Sperm/Normal_Sperm (766).bmp,0,2,0,0,0.728534,0.251521,0.019945
smids/Normal_Sperm/Normal_Sperm (774).bmp,0,2,0,0,0.761241,0.217971,0.020788
smids/Normal_Sperm/Normal_Sperm (781).bmp,0,2,0,0,0.727235,0.253403,0.019362
smids/Normal_Sperm/Normal_Sperm (785).bmp,0,2,0,0,0.746767,0.232063,0.021169
smids/Normal_Sperm/Normal_Sperm (796).bmp,0,2,0,0,0.726900,0.252890,0.020210
smids/Normal_Sperm/Normal_Sperm (806).bmp,0,2,0,0,0.712809,0.266854,0.020337
smids/Normal_Sperm/Normal_Sperm (810).bmp,0,2,0,0,0.760915,0.218076,0.021009
smids/Normal_Sperm/Normal_Sperm (812).bmp,0,2,0,0,0.739889,0.229906,0.030206
smids/Normal_Sperm/Normal_Sperm (813).bmp,0,2,0,0,0.782237,0.191735,0.026028
smids/Normal_Sperm/Normal_Sperm (814).bmp,0,2,0,0,0.780859,0.196584,0.022557
smids/Normal_Sperm/Normal_Sperm (828).bmp,0,2,0,0,0.764189,0.215332,0.020479
smids/Normal_Sperm/Normal_Sperm (835).bmp,0,2,0,0,0.785065,0.193014,0.021921
smids/Normal_Sperm/Normal_Sperm (836).bmp,0,2,0,0,0.709154,0.271282,0.019564
smids/Normal_Sperm/Normal_Sperm (84).bmp,0,2,0,1,0.315586,0.663883,0.020531
smids/Normal_Sperm/Normal_Sperm (843).bmp,0,2,0,0,0.735365,0.244137,0.020499
smids/Normal_Sperm/Normal_Sperm (844).bmp,0,2,0,0,0.788206,0.189611,0.022183
smids/Normal_Sperm/Normal_Sperm (845).bmp,0,2,0,0,0.728003,0.251666,0.020330
smids/Normal_Sperm/Normal_Sperm (855).bmp,0,2,0,0,0.768413,0.210472,0.021115
smids/Normal_Sperm/Normal_Sperm (86).bmp,0,2,0,1,0.047522,0.656050,0.296428
smids/Normal_Sperm/Normal_Sperm (860).bmp,0,2,0,1,0.280505,0.696272,0.023224
smids/Normal_Sperm/Normal_Sperm (863).bmp,0,2,0,1,0.306430,0.663375,0.030195
smids/Normal_Sperm/Normal_Sperm (866).bmp,0,2,0,1,0.309037,0.667857,0.023105
smids/Normal_Sperm/Normal_Sperm (868).bmp,0,2,0,0,0.752878,0.225559,0.021564
smids/Normal_Sperm/Normal_Sperm (872).bmp,0,2,0,1,0.302751,0.673664,0.023585
smids/Normal_Sperm/Normal_Sperm (884).bmp,0,2,0,0,0.780125,0.196225,0.023650
smids/Normal_Sperm/Normal_Sperm (897).bmp,0,2,0,0,0.730846,0.247481,0.021673
smids/Normal_Sperm/Normal_Sperm (899).bmp,0,2,0,1,0.050837,0.635420,0.313744
smids/Normal_Sperm/Normal_Sperm (900).bmp,0,2,0,0,0.741053,0.233910,0.025037
smids/Normal_Sperm/Normal_Sperm (904).bmp,0,2,0,0,0.762080,0.218073,0.019848
smids/Normal_Sperm/Normal_Sperm (906).bmp,0,2,0,0,0.743535,0.236215,0.020250
smids/Normal_Sperm/Normal_Sperm (912).bmp,0,2,0,0,0.771337,0.207687,0.020975
smids/Normal_Sperm/Normal_Sperm (915).bmp,0,2,0,0,0.727795,0.250232,0.021973
smids/Normal_Sperm/Normal_Sperm (928).bmp,0,2,0,0,0.721193,0.259139,0.019668
smids/Normal_Sperm/Normal_Sperm (948).bmp,0,2,0,1,0.305798,0.670053,0.024149
smids/Normal_Sperm/Normal_Sperm (961).bmp,0,2,0,0,0.713111,0.265161,0.021727
smids/Normal_Sperm/Normal_Sperm (963).bmp,0,2,0,0,0.710549,0.269367,0.020084
smids/Normal_Sperm/Normal_Sperm (964).bmp,0,2,0,0,0.774246,0.205274,0.020480
smids/Normal_Sperm/Normal_Sperm (967).bmp,0,2,0,0,0.710005,0.270974,0.019021
smids/Normal_Sperm/Normal_Sperm (976).bmp,0,2,0,0,0.797659,0.180442,0.021899
smids/Normal_Sperm/Normal_Sperm (98).bmp,0,2,0,0,0.784371,0.193803,0.021826
smids/Normal_Sperm/Normal_Sperm (985).bmp,0,2,0,0,0.762540,0.216388,0.021073
smids/Normal_Sperm/Normal_Sperm (991).bmp,0,2,0,0,0.739169,0.239924,0.020907
smids/Normal_Sperm/Normal_Sperm (992).bmp,0,2,0,0,0.753729,0.219291,0.026980
smids/Normal_Sperm/Normal_Sperm (997).bmp,0,2,0,0,0.722946,0.257113,0.019941
smids/Normal_Sperm/Normal_Sperm (998).bmp,0,2,0,0,0.703824,0.039847,0.256329
smids/Abnormal_Sperm/Abnormal_Sperm (1001).bmp,0,3,1,0,0.717638,0.262652,0.019710
smids/Abnormal_Sperm/Abnormal_Sperm (1004).bmp,0,3,1,1,0.254695,0.718896,0.026409
smids/Abnormal_Sperm/Abnormal_Sperm (103).bmp,0,3,1,1,0.251019,0.718650,0.030331
smids/Abnormal_Sperm/Abnormal_Sperm (115).bmp,0,3,1,1,0.257809,0.717744,0.024447
smids/Abnormal_Sperm/Abnormal_Sperm (124).bmp,0,3,1,1,0.046824,0.665381,0.287795
smids/Abnormal_Sperm/Abnormal_Sperm (136).bmp,0,3,1,1,0.234301,0.735414,0.030284
smids/Abnormal_Sperm/Abnormal_Sperm (139).bmp,0,3,1,1,0.309069,0.670121,0.020809
smids/Abnormal_Sperm/Abnormal_Sperm (146).bmp,0,3,1,1,0.267891,0.710014,0.022094
smids/Abnormal_Sperm/Abnormal_Sperm (148).bmp,0,3,1,1,0.232335,0.743026,0.024640
smids/Abnormal_Sperm/Abnormal_Sperm (150).bmp,0,3,1,1,0.283747,0.695983,0.020270
smids/Abnormal_Sperm/Abnormal_Sperm (154).bmp,0,3,1,1,0.264573,0.710857,0.024570
smids/Abnormal_Sperm/Abnormal_Sperm (159).bmp,0,3,1,1,0.245554,0.726946,0.027500
smids/Abnormal_Sperm/Abnormal_Sperm (166).bmp,0,3,1,1,0.291378,0.687680,0.020942
smids/Abnormal_Sperm/Abnormal_Sperm (17).bmp,0,3,1,2,0.040595,0.214453,0.744952
smids/Abnormal_Sperm/Abnormal_Sperm (171).bmp,0,3,1,2,0.035665,0.226477,0.737858
smids/Abnormal_Sperm/Abnormal_Sperm (185).bmp,0,3,1,1,0.223178,0.750641,0.026181
smids/Abnormal_Sperm/Abnormal_Sperm (19).bmp,0,3,1,1,0.047459,0.722454,0.230087
smids/Abnormal_Sperm/Abnormal_Sperm (2).bmp,0,3,1,1,0.054293,0.681559,0.264148
smids/Abnormal_Sperm/Abnormal_Sperm (204).bmp,0,3,1,1,0.053811,0.720264,0.225925
smids/Abnormal_Sperm/Abnormal_Sperm (206).bmp,0,3,1,1,0.040762,0.641214,0.318023
smids/Abnormal_Sperm/Abnormal_Sperm (213).bmp,0,3,1,1,0.047562,0.718598,0.233839
smids/Abnormal_Sperm/Abnormal_Sperm (217).bmp,0,3,1,1,0.252029,0.722643,0.025328
smids/Abnormal_Sperm/Abnormal_Sperm (231).bmp,0,3,1,1,0.308350,0.671529,0.020121
smids/Abnormal_Sperm/Abnormal_Sperm (239).bmp,0,3,1,1,0.233956,0.740992,0.025052
smids/Abnormal_Sperm/Abnormal_Sperm (24).bmp,0,3,1,1,0.238040,0.738536,0.023424
smids/Abnormal_Sperm/Abnormal_Sperm (240).bmp,0,3,1,1,0.039197,0.629542,0.331261
smids/Abnormal_Sperm/Abnormal_Sperm (242).bmp,0,3,1,0,0.725496,0.251793,0.022711
smids/Abnormal_Sperm/Abnormal_Sperm (243).bmp,0,3,1,2,0.035700,0.230531,0.733769
smids/Abnormal_Sperm/Abnormal_Sperm (261).bmp,0,3,1,0,0.723878,0.251402,0.024720
smids/Abnormal_Sperm/Abnormal_Sperm (271).bmp,0,3,1,1,0.215563,0.758857,0.025581
smids/Abnormal_Sperm/Abnormal_Sperm (272).bmp,0,3,1,1,0.305716,0.674397,0.019887
smids/Abnormal_Sperm/Abnormal_Sperm (278).bmp,0,3,1,1,0.277108,0.698714,0.024178
smids/Abnormal_Sperm/Abnormal_Sperm (280).bmp,0,3,1,1,0.328808,0.651284,0.019907
smids/Abnormal_Sperm/Abnormal_Sperm (281).bmp,0,3,1,1,0.266339,0.710681,0.022980
smids/Abnormal_Sperm/Abnormal_Sperm (286).bmp,0,3,1,2,0.038479,0.191861,0.769660
smids/Abnormal_Sperm/Abnormal_Sperm (288).bmp,0,3,1,1,0.061500,0.702111,0.236389
smids/Abnormal_Sperm/Abnormal_Sperm (293).bmp,0,3,1,1,0.254040,0.723505,0.022455
smids/Abnormal_Sperm/Abnormal_Sperm (295).bmp,0,3,1,1,0.224509,0.751020,0.024471
smids/Abnormal_Sperm/Abnormal_Sperm (306).bmp,0,3,1,1,0.271652,0.704701,0.023647
smids/Abnormal_Sperm/Abnormal_Sperm (314).bmp,0,3,1,1,0.043037,0.726958,0.230005
smids/Abnormal_Sperm/Abnormal_Sperm (324).bmp,0,3,1,2,0.041204,0.214187,0.744609
smids/Abnormal_Sperm/Abnormal_Sperm (325).bmp,0,3,1,1,0.222468,0.752339,0.025193
smids/Abnormal_Sperm/Abnormal_Sperm (33).bmp,0,3,1,0,0.723466,0.252360,0.024174
smids/Abnormal_Sperm/Abnormal_Sperm (332).bmp,0,3,1,1,0.232796,0.741369,0.025835
smids/Abnormal_Sperm/Abnormal_Sperm (337).bmp,0,3,1,1,0.306395,0.672284,0.021321
smids/Abnormal_Sperm/Abnormal_Sperm (34).bmp,0,3,1,2,0.038569,0.219962,0.741468
smids/Abnormal_Sperm/Abnormal_Sperm (341).bmp,0,3,1,1,0.250355,0.727002,0.022643
smids/Abnormal_Sperm/Abnormal_Sperm (347).bmp,0,3,1,1,0.217604,0.756836,0.025560
smids/Abnormal_Sperm/Abnormal_Sperm (349).bmp,0,3,1,1,0.222638,0.752816,0.024545
smids/Abnormal_Sperm/Abnormal_Sperm (352).bmp,0,3,1,1,0.239979,0.736758,0.023264
smids/Abnormal_Sperm/Abnormal_Sperm (358).bmp,0,3,1,1,0.051225,0.724942,0.223833
smids/Abnormal_Sperm/Abnormal_Sperm (377).bmp,0,3,1,1,0.249241,0.723097,0.027661
smids/Abnormal_Sperm/Abnormal_Sperm (379).bmp,0,3,1,2,0.036149,0.222486,0.741366
smids/Abnormal_Sperm/Abnormal_Sperm (385).bmp,0,3,1,1,0.280589,0.696070,0.023340
smids/Abnormal_Sperm/Abnormal_Sperm (399).bmp,0,3,1,1,0.047646,0.700150,0.252204
smids/Abnormal_Sperm/Abnormal_Sperm (405).bmp,0,3,1,2,0.034090,0.225406,0.740504
smids/Abnormal_Sperm/Abnormal_Sperm (408).bmp,0,3,1,1,0.049996,0.677284,0.272720
smids/Abnormal_Sperm/Abnormal_Sperm (417).bmp,0,3,1,1,0.301815,0.677076,0.021109
smids/Abnormal_Sperm/Abnormal_Sperm (419).bmp,0,3,1,1,0.046779,0.739177,0.214044
smids/Abnormal_Sperm/Abnormal_Sperm (423).bmp,0,3,1,1,0.253859,0.725034,0.021107
smids/Abnormal_Sperm/Abnormal_Sperm (426).bmp,0,3,1,1,0.267761,0.704961,0.027278
smids/Abnormal_Sperm/Abnormal_Sperm (431).bmp,0,3,1,1,0.047029,0.735351,0.217620
smids/Abnormal_Sperm/Abnormal_Sperm (433).bmp,0,3,1,1,0.232892,0.740673,0.026435
smids/Abnormal_Sperm/Abnormal_Sperm (436).bmp,0,3,1,1,0.284462,0.693153,0.022385
smids/Abnormal_Sperm/Abnormal_Sperm (437).bmp,0,3,1,1,0.279668,0.699453,0.020879
smids/Abnormal_Sperm/Abnormal_Sperm (443).bmp,0,3,1,1,0.236725,0.736489,0.026786
smids/Abnormal_Sperm/Abnormal_Sperm (447).bmp,0,3,1,2,0.036514,0.224030,0.739457
smids/Abnormal_Sperm/Abnormal_Sperm (448).bmp,0,3,1,1,0.043796,0.726856,0.229348
smids/Abnormal_Sperm/Abnormal_Sperm (450).bmp,0,3,1,1,0.259301,0.718633,0.022066
smids/Abnormal_Sperm/Abnormal_Sperm (453).bmp,0,3,1,1,0.305137,0.674212,0.020651
smids/Abnormal_Sperm/Abnormal_Sperm (459).bmp,0,3,1,1,0.219117,0.758540,0.022343
smids/Abnormal_Sperm/Abnormal_Sperm (460).bmp,0,3,1,1,0.044656,0.738930,0.216414
smids/Abnormal_Sperm/Abnormal_Sperm (462).bmp,0,3,1,1,0.298741,0.681401,0.019859
smids/Abnormal_Sperm/Abnormal_Sperm (463).bmp,0,3,1,1,0.039512,0.634110,0.326378
smids/Abnormal_Sperm/Abnormal_Sperm (465).bmp,0,3,1,1,0.043500,0.694367,0.262133
smids/Abnormal_Sperm/Abnormal_Sperm (474).bmp,0,3,1,1,0.048365,0.706122,0.245513
smids/Abnormal_Sperm/Abnormal_Sperm (483).bmp,0,3,1,0,0.769082,0.208395,0.022524
smids/Abnormal_Sperm/Abnormal_Sperm (495).bmp,0,3,1,1,0.046739,0.739995,0.213266
smids/Abnormal_Sperm/Abnormal_Sperm (498).bmp,0,3,1,2,0.041595,0.172523,0.785882
smids/Abnormal_Sperm/Abnormal_Sperm (499).bmp,0,3,1,2,0.240024,0.026450,0.733525
smids/Abnormal_Sperm/Abnormal_Sperm (505).bmp,0,3,1,1,0.042085,0.655656,0.302259
smids/Abnormal_Sperm/Abnormal_Sperm (516).bmp,0,3,1,1,0.045306,0.695459,0.259234
smids/Abnormal_Sperm/Abnormal_Sperm (523).bmp,0,3,1,1,0.281453,0.695915,0.022631
smids/Abnormal_Sperm/Abnormal_Sperm (529).bmp,0,3,1,1,0.045432,0.735509,0.219060
smids/Abnormal_Sperm/Abnormal_Sperm (531).bmp,0,3,1,1,0.253377,0.718876,0.027747
smids/Abnormal_Sperm/Abnormal_Sperm (535).bmp,0,3,1,1,0.047041,0.743303,0.209656
smids/Abnormal_Sperm/Abnormal_Sperm (537).bmp,0,3,1,1,0.281808,0.694719,0.023473
smids/Abnormal_Sperm/Abnormal_Sperm (544).bmp,0,3,1,1,0.230422,0.742542,0.027036
smids/Abnormal_Sperm/Abnormal_Sperm (545).bmp,0,3,1,0,0.781653,0.193126,0.025221
smids/Abnormal_Sperm/Abnormal_Sperm (551).bmp,0,3,1,2,0.037586,0.219824,0.742590
smids/Abnormal_Sperm/Abnormal_Sperm (552).bmp,0,3,1,0,0.801597,0.175215,0.023188
smids/Abnormal_Sperm/Abnormal_Sperm (559).bmp,0,3,1,1,0.295671,0.679179,0.025150
smids/Abnormal_Sperm/Abnormal_Sperm (561).bmp,0,3,1,1,0.252469,0.724055,0.023476
smids/Abnormal_Sperm/Abnormal_Sperm (57).bmp,0,3,1,1,0.237594,0.739788,0.022618
smids/Abnormal_Sperm/Abnormal_Sperm (570).bmp,0,3,1,1,0.286289,0.683737,0.029974
smids/Abnormal_Sperm/Abnormal_Sperm (574).bmp,0,3,1,1,0.261602,0.709588,0.028810
smids/Abnormal_Sperm/Abnormal_Sperm (575).bmp,0,3,1,1,0.294018,0.678498,0.027484
smids/Abnormal_Sperm/Abnormal_Sperm (580).bmp,0,3,1,0,0.728240,0.244026,0.027735
smids/Abnormal_Sperm/Abnormal_Sperm (586).bmp,0,3,1,1,0.059778,0.704270,0.235952
smids/Abnormal_Sperm/Abnormal_Sperm (590).bmp,0,3,1,2,0.041204,0.198099,0.760696
smids/Abnormal_Sperm/Abnormal_Sperm (592).bmp,0,3,1,1,0.053817,0.694366,0.251816
smids/Abnormal_Sperm/Abnormal_Sperm (60).bmp,0,3,1,1,0.047448,0.725847,0.226705
smids/Abnormal_Sperm/Abnormal_Sperm (602).bmp,0,3,1,2,0.036047,0.220720,0.743232
smids/Abnormal_Sperm/Abnormal_Sperm (616).bmp,0,3,1,1,0.296775,0.682007,0.021218
smids/Abnormal_Sperm/Abnormal_Sperm (622).bmp,0,3,1,0,0.729672,0.251103,0.019225
smids/Abnormal_Sperm/Abnormal_Sperm (632).bmp,0,3,1,1,0.259542,0.715587,0.024870
smids/Abnormal_Sperm/Abnormal_Sperm (636).bmp,0,3,1,1,0.296256,0.682735,0.021009
smids/Abnormal_Sperm/Abnormal_Sperm (637).bmp,0,3,1,1,0.319213,0.661361,0.019427
smids/Abnormal_Sperm/Abnormal_Sperm (64).bmp,0,3,1,1,0.056301,0.728279,0.215420
smids/Abnormal_Sperm/Abnormal_Sperm (641).bmp,0,3,1,1,0.051385,0.673301,0.275314
smids/Abnormal_Sperm/Abnormal_Sperm (643).bmp,0,3,1,0,0.718925,0.261379,0.019696
smids/Abnormal_Sperm/Abnormal_Sperm (644).bmp,0,3,1,1,0.321627,0.658736,0.019638
smids/Abnormal_Sperm/Abnormal_Sperm (646).bmp,0,3,1,1,0.304636,0.673601,0.021763
smids/Abnormal_Sperm/Abnormal_Sperm (65).bmp,0,3,1,1,0.259318,0.719261,0.021421
smids/Abnormal_Sperm/Abnormal_Sperm (650).bmp,0,3,1,0,0.724430,0.255827,0.019743
smids/Abnormal_Sperm/Abnormal_Sperm (654).bmp,0,3,1,0,0.737272,0.235657,0.027070
smids/Abnormal_Sperm/Abnormal_Sperm (656).bmp,0,3,1,1,0.323000,0.656477,0.020523
smids/Abnormal_Sperm/Abnormal_Sperm (664).bmp,0,3,1,0,0.718965,0.260247,0.020789
smids/Abnormal_Sperm/Abnormal_Sperm (665).bmp,0,3,1,1,0.275174,0.699325,0.025501
smids/Abnormal_Sperm/Abnormal_Sperm (67).bmp,0,3,1,1,0.226403,0.745919,0.027678
smids/Abnormal_Sperm/Abnormal_Sperm (674).bmp,0,3,1,1,0.245840,0.732548,0.021613
smids/Abnormal_Sperm/Abnormal_Sperm (678).bmp,0,3,1,1,0.238038,0.733491,0.028471
smids/Abnormal_Sperm/Abnormal_Sperm (682).bmp,0,3,1,2,0.298314,0.316519,0.385167
smids/Abnormal_Sperm/Abnormal_Sperm (690).bmp,0,3,1,1,0.255706,0.722112,0.022182
smids/Abnormal_Sperm/Abnormal_Sperm (697).bmp,0,3,1,1,0.291118,0.687543,0.021339
smids/Abnormal_Sperm/Abnormal_Sperm (703).bmp,0,3,1,1,0.256026,0.721887,0.022087
smids/Abnormal_Sperm/Abnormal_Sperm (706).bmp,0,3,1,1,0.250623,0.723990,0.025387
smids/Abnormal_Sperm/Abnormal_Sperm (708).bmp,0,3,1,1,0.298598,0.680410,0.020992
smids/Abnormal_Sperm/Abnormal_Sperm (710).bmp,0,3,1,1,0.256443,0.719766,0.023791
smids/Abnormal_Sperm/Abnormal_Sperm (714).bmp,0,3,1,0,0.729328,0.252039,0.018633
smids/Abnormal_Sperm/Abnormal_Sperm (725).bmp,0,3,1,0,0.788956,0.189882,0.021162
smids/Abnormal_Sperm/Abnormal_Sperm (727).bmp,0,3,1,1,0.275202,0.701637,0.023161
smids/Abnormal_Sperm/Abnormal_Sperm (729).bmp,0,3,1,1,0.234352,0.738553,0.027095
smids/Abnormal_Sperm/Abnormal_Sperm (734).bmp,0,3,1,0,0.732199,0.248241,0.019559
smids/Abnormal_Sperm/Abnormal_Sperm (737).bmp,0,3,1,1,0.322607,0.657084,0.020309
smids/Abnormal_Sperm/Abnormal_Sperm (74).bmp,0,3,1,1,0.250734,0.725314,0.023952
smids/Abnormal_Sperm/Abnormal_Sperm (743).bmp,0,3,1,1,0.258966,0.705883,0.035152
smids/Abnormal_Sperm/Abnormal_Sperm (744).bmp,0,3,1,0,0.785338,0.188243,0.026419
smids/Abnormal_Sperm/Abnormal_Sperm (75).bmp,0,3,1,1,0.322722,0.658076,0.019202
smids/Abnormal_Sperm/Abnormal_Sperm (750).bmp,0,3,1,1,0.327642,0.653675,0.018683
smids/Abnormal_Sperm/Abnormal_Sperm (760).bmp,0,3,1,0,0.728376,0.251753,0.019870
smids/Abnormal_Sperm/Abnormal_Sperm (763).bmp,0,3,1,1,0.328421,0.652118,0.019461
smids/Abnormal_Sperm/Abnormal_Sperm (768).bmp,0,3,1,0,0.715921,0.265057,0.019021
smids/Abnormal_Sperm/Abnormal_Sperm (769).bmp,0,3,1,1,0.260450,0.716793,0.022757
smids/Abnormal_Sperm/Abnormal_Sperm (779).bmp,0,3,1,1,0.260345,0.715483,0.024172
smids/Abnormal_Sperm/Abnormal_Sperm (782).bmp,0,3,1,1,0.227764,0.746014,0.026222
smids/Abnormal_Sperm/Abnormal_Sperm (783).bmp,0,3,1,0,0.784620,0.190359,0.025021
smids/Abnormal_Sperm/Abnormal_Sperm (784).bmp,0,3,1,1,0.307107,0.670954,0.021940
smids/Abnormal_Sperm/Abnormal_Sperm (788).bmp,0,3,1,1,0.042192,0.684968,0.272840
smids/Abnormal_Sperm/Abnormal_Sperm (792).bmp,0,3,1,1,0.276313,0.692073,0.031614
smids/Abnormal_Sperm/Abnormal_Sperm (806).bmp,0,3,1,1,0.238041,0.736858,0.025101
smids/Abnormal_Sperm/Abnormal_Sperm (808).bmp,0,3,1,0,0.717531,0.263747,0.018722
smids/Abnormal_Sperm/Abnormal_Sperm (810).bmp,0,3,1,0,0.743180,0.236484,0.020336
smids/Abnormal_Sperm/Abnormal_Sperm (815).bmp,0,3,1,1,0.327794,0.653047,0.019159
smids/Abnormal_Sperm/Abnormal_Sperm (818).bmp,0,3,1,1,0.326063,0.653032,0.020905
smids/Abnormal_Sperm/Abnormal_Sperm (82).bmp,0,3,1,0,0.719883,0.260570,0.019547
smids/Abnormal_Sperm/Abnormal_Sperm (821).bmp,0,3,1,1,0.296109,0.682881,0.021011
smids/Abnormal_Sperm/Abnormal_Sperm (835).bmp,0,3,1,1,0.263863,0.712808,0.023329
smids/Abnormal_Sperm/Abnormal_Sperm (846).bmp,0,3,1,1,0.315323,0.664019,0.020658
smids/Abnormal_Sperm/Abnormal_Sperm (85).bmp,0,3,1,1,0.241026,0.735139,0.023835
smids/Abnormal_Sperm/Abnormal_Sperm (856).bmp,0,3,1,1,0.307322,0.672065,0.020613
smids/Abnormal_Sperm/Abnormal_Sperm (859).bmp,0,3,1,1,0.305302,0.672777,0.021921
smids/Abnormal_Sperm/Abnormal_Sperm (86).bmp,0,3,1,1,0.227517,0.748567,0.023917
smids/Abnormal_Sperm/Abnormal_Sperm (862).bmp,0,3,1,1,0.263221,0.714668,0.022110
smids/Abnormal_Sperm/Abnormal_Sperm (864).bmp,0,3,1,0,0.802559,0.173822,0.023620
smids/Abnormal_Sperm/Abnormal_Sperm (870).bmp,0,3,1,1,0.293677,0.678554,0.027769
smids/Abnormal_Sperm/Abnormal_Sperm (872).bmp,0,3,1,1,0.261323,0.717670,0.021007
smids/Abnormal_Sperm/Abnormal_Sperm (879).bmp,0,3,1,1,0.288995,0.690130,0.020875
smids/Abnormal_Sperm/Abnormal_Sperm (89).bmp,0,3,1,1,0.043136,0.714055,0.242809
smids/Abnormal_Sperm/Abnormal_Sperm (890).bmp,0,3,1,1,0.274610,0.704800,0.020590
smids/Abnormal_Sperm/Abnormal_Sperm (891).bmp,0,3,1,1,0.310252,0.669324,0.020423
smids/Abnormal_Sperm/Abnormal_Sperm (902).bmp,0,3,1,1,0.053698,0.677137,0.269165
smids/Abnormal_Sperm/Abnormal_Sperm (905).bmp,0,3,1,1,0.313852,0.665883,0.020265
smids/Abnormal_Sperm/Abnormal_Sperm (916).bmp,0,3,1,1,0.275241,0.689751,0.035008
smids/Abnormal_Sperm/Abnormal_Sperm (921).bmp,0,3,1,1,0.048960,0.699788,0.251252
smids/Abnormal_Sperm/Abnormal_Sperm (923).bmp,0,3,1,0,0.735936,0.242747,0.021317
smids/Abnormal_Sperm/Abnormal_Sperm (926).bmp,0,3,1,1,0.236329,0.736422,0.027249
smids/Abnormal_Sperm/Abnormal_Sperm (937).bmp,0,3,1,0,0.763711,0.207483,0.028806
smids/Abnormal_Sperm/Abnormal_Sperm (940).bmp,0,3,1,1,0.045905,0.719574,0.234521
smids/Abnormal_Sperm/Abnormal_Sperm (942).bmp,0,3,1,2,0.270383,0.027942,0.701675
smids/Abnormal_Sperm/Abnormal_Sperm (951).bmp,0,3,1,0,0.743538,0.230007,0.026455
smids/Abnormal_Sperm/Abnormal_Sperm (960).bmp,0,3,1,1,0.238960,0.732332,0.028709
smids/Abnormal_Sperm/Abnormal_Sperm (964).bmp,0,3,1,1,0.256050,0.721189,0.022761
smids/Abnormal_Sperm/Abnormal_Sperm (969).bmp,0,3,1,1,0.046067,0.735277,0.218656
smids/Abnormal_Sperm/Abnormal_Sperm (97).bmp,0,3,1,1,0.318106,0.661811,0.020083
smids/Abnormal_Sperm/Abnormal_Sperm (973).bmp,0,3,1,1,0.294120,0.683172,0.022707
smids/Abnormal_Sperm/Abnormal_Sperm (98).bmp,0,3,1,1,0.243507,0.732143,0.024350
smids/Abnormal_Sperm/Abnormal_Sperm (983).bmp,0,3,1,1,0.235195,0.739409,0.025396
smids/Abnormal_Sperm/Abnormal_Sperm (985).bmp,0,3,1,1,0.257936,0.718258,0.023805
smids/Abnormal_Sperm/Abnormal_Sperm (987).bmp,0,3,1,0,0.722475,0.256029,0.021496
smids/Abnormal_Sperm/Abnormal_Sperm (992).bmp,0,3,1,0,0.732249,0.244528,0.023223
smids/Abnormal_Sperm/Abnormal_Sperm (993).bmp,0,3,1,0,0.754433,0.221767,0.023800
smids/Abnormal_Sperm/Abnormal_Sperm (995).bmp,0,3,1,1,0.239667,0.732704,0.027629
smids/Abnormal_Sperm/Abnormal_Sperm (998).bmp,0,3,1,1,0.053069,0.698287,0.248644
smids/Non-Sperm/Non-Sperm (101).bmp,0,3,2,2,0.040578,0.139810,0.819612
smids/Non-Sperm/Non-Sperm (104).bmp,0,3,2,2,0.036953,0.146973,0.816075
smids/Non-Sperm/Non-Sperm (108).bmp,0,3,2,2,0.036079,0.200554,0.763368
smids/Non-Sperm/Non-Sperm (109).bmp,0,3,2,2,0.038350,0.145487,0.816163
smids/Non-Sperm/Non-Sperm (11).bmp,0,3,2,2,0.035872,0.206323,0.757805
smids/Non-Sperm/Non-Sperm (110).bmp,0,3,2,2,0.037683,0.145474,0.816842
smids/Non-Sperm/Non-Sperm (111).bmp,0,3,2,2,0.038225,0.165739,0.796036
smids/Non-Sperm/Non-Sperm (114).bmp,0,3,2,2,0.037337,0.151489,0.811174
smids/Non-Sperm/Non-Sperm (115).bmp,0,3,2,2,0.037560,0.145960,0.816479
smids/Non-Sperm/Non-Sperm (118).bmp,0,3,2,2,0.038282,0.142224,0.819495
smids/Non-Sperm/Non-Sperm (119).bmp,0,3,2,2,0.037282,0.142682,0.820036
smids/Non-Sperm/Non-Sperm (121).bmp,0,3,2,2,0.036718,0.139316,0.823966
smids/Non-Sperm/Non-Sperm (123).bmp,0,3,2,2,0.042141,0.146874,0.810985
smids/Non-Sperm/Non-Sperm (13).bmp,0,3,2,2,0.176579,0.029444,0.793976
smids/Non-Sperm/Non-Sperm (144).bmp,0,3,2,2,0.180364,0.030439,0.789197
smids/Non-Sperm/Non-Sperm (151).bmp,0,3,2,2,0.037140,0.145964,0.816897
smids/Non-Sperm/Non-Sperm (156).bmp,0,3,2,2,0.036719,0.147193,0.816089
smids/Non-Sperm/Non-Sperm (158).bmp,0,3,2,2,0.039596,0.141708,0.818696
smids/Non-Sperm/Non-Sperm (164).bmp,0,3,2,2,0.036898,0.149577,0.813525
smids/Non-Sperm/Non-Sperm (166).bmp,0,3,2,2,0.047224,0.152727,0.800049
smids/Non-Sperm/Non-Sperm (167).bmp,0,3,2,2,0.037316,0.141739,0.820945
smids/Non-Sperm/Non-Sperm (17).bmp,0,3,2,2,0.038925,0.147046,0.814029
smids/Non-Sperm/Non-Sperm (170).bmp,0,3,2,2,0.183310,0.028466,0.788223
smids/Non-Sperm/Non-Sperm (173).bmp,0,3,2,2,0.037797,0.149200,0.813003
smids/Non-Sperm/Non-Sperm (179).bmp,0,3,2,2,0.037038,0.157714,0.805248
smids/Non-Sperm/Non-Sperm (18).bmp,0,3,2,2,0.042689,0.179352,0.777959
smids/Non-Sperm/Non-Sperm (186).bmp,0,3,2,2,0.038550,0.154127,0.807323
smids/Non-Sperm/Non-Sperm (189).bmp,0,3,2,0,0.657510,0.033752,0.308737
smids/Non-Sperm/Non-Sperm (193).bmp,0,3,2,2,0.181424,0.029413,0.789163
smids/Non-Sperm/Non-Sperm (196).bmp,0,3,2,2,0.036901,0.179633,0.783466
smids/Non-Sperm/Non-Sperm (2).bmp,0,3,2,1,0.049498,0.635215,0.315287
smids/Non-Sperm/Non-Sperm (200).bmp,0,3,2,2,0.037912,0.157917,0.804171
smids/Non-Sperm/Non-Sperm (201).bmp,0,3,2,2,0.038574,0.147498,0.813928
smids/Non-Sperm/Non-Sperm (204).bmp,0,3,2,2,0.039215,0.147252,0.813533
smids/Non-Sperm/Non-Sperm (206).bmp,0,3,2,2,0.036523,0.148536,0.814940
smids/Non-Sperm/Non-Sperm (21).bmp,0,3,2,2,0.038099,0.174671,0.787230
smids/Non-Sperm/Non-Sperm (212).bmp,0,3,2,2,0.182641,0.028500,0.788859
smids/Non-Sperm/Non-Sperm (218).bmp,0,3,2,2,0.041853,0.154162,0.803985
smids/Non-Sperm/Non-Sperm (22).bmp,0,3,2,2,0.043018,0.165687,0.791295
smids/Non-Sperm/Non-Sperm (221).bmp,0,3,2,2,0.035728,0.170629,0.793644
smids/Non-Sperm/Non-Sperm (233).bmp,0,3,2,2,0.034639,0.208732,0.756629
smids/Non-Sperm/Non-Sperm (243).bmp,0,3,2,2,0.040466,0.153715,0.805819
smids/Non-Sperm/Non-Sperm (245).bmp,0,3,2,2,0.038429,0.171547,0.790024
smids/Non-Sperm/Non-Sperm (253).bmp,0,3,2,2,0.037571,0.171341,0.791088
smids/Non-Sperm/Non-Sperm (26).bmp,0,3,2,1,0.042328,0.702662,0.255009
smids/Non-Sperm/Non-Sperm (261).bmp,0,3,2,2,0.188989,0.030059,0.780953
smids/Non-Sperm/Non-Sperm (276).bmp,0,3,2,2,0.040583,0.143954,0.815463
smids/Non-Sperm/Non-Sperm (282).bmp,0,3,2,2,0.038522,0.147191,0.814288
smids/Non-Sperm/Non-Sperm (289).bmp,0,3,2,2,0.200937,0.028064,0.770999
smids/Non-Sperm/Non-Sperm (296).bmp,0,3,2,2,0.036998,0.177600,0.785401
smids/Non-Sperm/Non-Sperm (299).bmp,0,3,2,2,0.037515,0.161229,0.801255
smids/Non-Sperm/Non-Sperm (30).bmp,0,3,2,1,0.042719,0.645620,0.311661
smids/Non-Sperm/Non-Sperm (304).bmp,0,3,2,2,0.037715,0.196692,0.765593
smids/Non-Sperm/Non-Sperm (306).bmp,0,3,2,2,0.039856,0.146751,0.813394
smids/Non-Sperm/Non-Sperm (311).bmp,0,3,2,2,0.038421,0.171931,0.789648
smids/Non-Sperm/Non-Sperm (314).bmp,0,3,2,2,0.250075,0.027984,0.721941
smids/Non-Sperm/Non-Sperm (315).bmp,0,3,2,2,0.038063,0.151624,0.810313
smids/Non-Sperm/Non-Sperm (318).bmp,0,3,2,2,0.040466,0.149097,0.810437
smids/Non-Sperm/Non-Sperm (322).bmp,0,3,2,2,0.176228,0.029039,0.794733
smids/Non-Sperm/Non-Sperm (330).bmp,0,3,2,2,0.037735,0.210499,0.751766
smids/Non-Sperm/Non-Sperm (333).bmp,0,3,2,2,0.040796,0.151534,0.807670
smids/Non-Sperm/Non-Sperm (334).bmp,0,3,2,2,0.218982,0.029423,0.751595
smids/Non-Sperm/Non-Sperm (341).bmp,0,3,2,1,0.046870,0.721423,0.231706
smids/Non-Sperm/Non-Sperm (344).bmp,0,3,2,2,0.040444,0.145584,0.813972
smids/Non-Sperm/Non-Sperm (345).bmp,0,3,2,2,0.036177,0.165570,0.798253
smids/Non-Sperm/Non-Sperm (35).bmp,0,3,2,1,0.227671,0.744835,0.027494
smids/Non-Sperm/Non-Sperm (358).bmp,0,3,2,2,0.205119,0.032277,0.762604
smids/Non-Sperm/Non-Sperm (360).bmp,0,3,2,2,0.237336,0.027979,0.734685
smids/Non-Sperm/Non-Sperm (377).bmp,0,3,2,2,0.037591,0.216743,0.745666
smids/Non-Sperm/Non-Sperm (38).bmp,0,3,2,2,0.035234,0.221722,0.743044
smids/Non-Sperm/Non-Sperm (381).bmp,0,3,2,2,0.217798,0.033150,0.749052
smids/Non-Sperm/Non-Sperm (395).bmp,0,3,2,1,0.253625,0.713901,0.032475
smids/Non-Sperm/Non-Sperm (396).bmp,0,3,2,1,0.296614,0.677851,0.025535
smids/Non-Sperm/Non-Sperm (399).bmp,0,3,2,0,0.658250,0.032416,0.309334
smids/Non-Sperm/Non-Sperm (40).bmp,0,3,2,2,0.035603,0.215768,0.748630
smids/Non-Sperm/Non-Sperm (405).bmp,0,3,2,2,0.043551,0.203235,0.753215
smids/Non-Sperm/Non-Sperm (408).bmp,0,3,2,2,0.202409,0.028245,0.769346
smids/Non-Sperm/Non-Sperm (409).bmp,0,3,2,0,0.697858,0.039607,0.262535
smids/Non-Sperm/Non-Sperm (410).bmp,0,3,2,2,0.039848,0.160272,0.799880
smids/Non-Sperm/Non-Sperm (411).bmp,0,3,2,2,0.041543,0.150543,0.807914
smids/Non-Sperm/Non-Sperm (418).bmp,0,3,2,2,0.036595,0.149840,0.813565
smids/Non-Sperm/Non-Sperm (422).bmp,0,3,2,2,0.174261,0.028967,0.796772
smids/Non-Sperm/Non-Sperm (424).bmp,0,3,2,2,0.038026,0.153743,0.808231
smids/Non-Sperm/Non-Sperm (428).bmp,0,3,2,2,0.037014,0.158437,0.804549
smids/Non-Sperm/Non-Sperm (433).bmp,0,3,2,2,0.191147,0.029031,0.779822
smids/Non-Sperm/Non-Sperm (449).bmp,0,3,2,2,0.039555,0.208771,0.751674
smids/Non-Sperm/Non-Sperm (450).bmp,0,3,2,2,0.034382,0.207461,0.758157
smids/Non-Sperm/Non-Sperm (452).bmp,0,3,2,2,0.201811,0.034835,0.763354
smids/Non-Sperm/Non-Sperm (456).bmp,0,3,2,2,0.041520,0.204328,0.754152
smids/Non-Sperm/Non-Sperm (468).bmp,0,3,2,2,0.038057,0.150164,0.811778
smids/Non-Sperm/Non-Sperm (481).bmp,0,3,2,2,0.039909,0.144079,0.816012
smids/Non-Sperm/Non-Sperm (486).bmp,0,3,2,2,0.194263,0.029269,0.776468
smids/Non-Sperm/Non-Sperm (487).bmp,0,3,2,2,0.037045,0.158201,0.804753
smids/Non-Sperm/Non-Sperm (500).bmp,0,3,2,2,0.182867,0.029602,0.787530
smids/Non-Sperm/Non-Sperm (504).bmp,0,3,2,2,0.184219,0.028740,0.787041
smids/Non-Sperm/Non-Sperm (521).bmp,0,3,2,2,0.193974,0.029420,0.776606
smids/Non-Sperm/Non-Sperm (525).bmp,0,3,2,2,0.038165,0.146967,0.814868
smids/Non-Sperm/Non-Sperm (530).bmp,0,3,2,2,0.036525,0.199785,0.763690
smids/Non-Sperm/Non-Sperm (532).bmp,0,3,2,2,0.180050,0.029986,0.789964
smids/Non-Sperm/Non-Sperm (55).bmp,0,3,2,1,0.038387,0.633813,0.327800
smids/Non-Sperm/Non-Sperm (553).bmp,0,3,2,1,0.049045,0.649065,0.301890
smids/Non-Sperm/Non-Sperm (556).bmp,0,3,2,2,0.178131,0.028872,0.792997
smids/Non-Sperm/Non-Sperm (562).bmp,0,3,2,2,0.039606,0.151717,0.808677
smids/Non-Sperm/Non-Sperm (564).bmp,0,3,2,2,0.035012,0.177926,0.787063
smids/Non-Sperm/Non-Sperm (565).bmp,0,3,2,2,0.036670,0.181430,0.781900
smids/Non-Sperm/Non-Sperm (57).bmp,0,3,2,2,0.039966,0.179861,0.780173
smids/Non-Sperm/Non-Sperm (573).bmp,0,3,2,2,0.040590,0.145190,0.814220
smids/Non-Sperm/Non-Sperm (58).bmp,0,3,2,2,0.032921,0.225451,0.741628
smids/Non-Sperm/Non-Sperm (586).bmp,0,3,2,2,0.034048,0.210695,0.755257
smids/Non-Sperm/Non-Sperm (587).bmp,0,3,2,2,0.034687,0.188917,0.776396
smids/Non-Sperm/Non-Sperm (594).bmp,0,3,2,2,0.038400,0.145436,0.816165
smids/Non-Sperm/Non-Sperm (598).bmp,0,3,2,2,0.039906,0.140877,0.819217
smids/Non-Sperm/Non-Sperm (600).bmp,0,3,2,2,0.041996,0.145466,0.812538
smids/Non-Sperm/Non-Sperm (601).bmp,0,3,2,2,0.037789,0.141412,0.820799
smids/Non-Sperm/Non-Sperm (602).bmp,0,3,2,2,0.036935,0.151120,0.811945
smids/Non-Sperm/Non-Sperm (609).bmp,0,3,2,2,0.195056,0.032177,0.772767
smids/Non-Sperm/Non-Sperm (610).bmp,0,3,2,0,0.652058,0.030393,0.317549
smids/Non-Sperm/Non-Sperm (618).bmp,0,3,2,2,0.038388,0.155720,0.805892
smids/Non-Sperm/Non-Sperm (620).bmp,0,3,2,2,0.037830,0.154840,0.807330
smids/Non-Sperm/Non-Sperm (622).bmp,0,3,2,2,0.037802,0.158560,0.803638
smids/Non-Sperm/Non-Sperm (625).bmp,0,3,2,2,0.179509,0.031170,0.789321
smids/Non-Sperm/Non-Sperm (627).bmp,0,3,2,2,0.037262,0.146074,0.816664
smids/Non-Sperm/Non-Sperm (63).bmp,0,3,2,2,0.042358,0.163000,0.794642
smids/Non-Sperm/Non-Sperm (638).bmp,0,3,2,2,0.212974,0.032602,0.754423
smids/Non-Sperm/Non-Sperm (639).bmp,0,3,2,2,0.043360,0.150261,0.806379
smids/Non-Sperm/Non-Sperm (646).bmp,0,3,2,2,0.039138,0.196113,0.764749
smids/Non-Sperm/Non-Sperm (647).bmp,0,3,2,2,0.039638,0.156703,0.803659
smids/Non-Sperm/Non-Sperm (65).bmp,0,3,2,2,0.036609,0.228715,0.734675
smids/Non-Sperm/Non-Sperm (651).bmp,0,3,2,2,0.186553,0.028683,0.784764
smids/Non-Sperm/Non-Sperm (666).bmp,0,3,2,2,0.181251,0.029803,0.788947
smids/Non-Sperm/Non-Sperm (67).bmp,0,3,2,2,0.040498,0.194224,0.765279
smids/Non-Sperm/Non-Sperm (671).bmp,0,3,2,2,0.038054,0.164892,0.797054
smids/Non-Sperm/Non-Sperm (674).bmp,0,3,2,2,0.035401,0.213247,0.751352
smids/Non-Sperm/Non-Sperm (676).bmp,0,3,2,1,0.039299,0.622647,0.338054
smids/Non-Sperm/Non-Sperm (677).bmp,0,3,2,2,0.176263,0.030406,0.793331
smids/Non-Sperm/Non-Sperm (680).bmp,0,3,2,2,0.039372,0.141052,0.819576
smids/Non-Sperm/Non-Sperm (686).bmp,0,3,2,2,0.038360,0.138820,0.822820
smids/Non-Sperm/Non-Sperm (687).bmp,0,3,2,2,0.186215,0.030078,0.783707
smids/Non-Sperm/Non-Sperm (697).bmp,0,3,2,2,0.036786,0.167189,0.796025
smids/Non-Sperm/Non-Sperm (70).bmp,0,3,2,2,0.037592,0.220881,0.741527
smids/Non-Sperm/Non-Sperm (703).bmp,0,3,2,2,0.037988,0.142198,0.819814
smids/Non-Sperm/Non-Sperm (705).bmp,0,3,2,2,0.262015,0.026896,0.711089
smids/Non-Sperm/Non-Sperm (706).bmp,0,3,2,2,0.183725,0.029159,0.787116
smids/Non-Sperm/Non-Sperm (711).bmp,0,3,2,2,0.035519,0.219769,0.744712
smids/Non-Sperm/Non-Sperm (712).bmp,0,3,2,2,0.037004,0.155845,0.807151
smids/Non-Sperm/Non-Sperm (713).bmp,0,3,2,2,0.039206,0.139100,0.821694
smids/Non-Sperm/Non-Sperm (714).bmp,0,3,2,2,0.038428,0.145207,0.816365
smids/Non-Sperm/Non-Sperm (72).bmp,0,3,2,2,0.211367,0.033900,0.754733
smids/Non-Sperm/Non-Sperm (723).bmp,0,3,2,2,0.035347,0.219348,0.745306
smids/Non-Sperm/Non-Sperm (726).bmp,0,3,2,2,0.036566,0.143945,0.819489
smids/Non-Sperm/Non-Sperm (727).bmp,0,3,2,2,0.037192,0.148353,0.814455
smids/Non-Sperm/Non-Sperm (740).bmp,0,3,2,2,0.035159,0.186063,0.778778
smids/Non-Sperm/Non-Sperm (745).bmp,0,3,2,2,0.036220,0.153412,0.810368
smids/Non-Sperm/Non-Sperm (747).bmp,0,3,2,1,0.049217,0.663261,0.287522
smids/Non-Sperm/Non-Sperm (748).bmp,0,3,2,1,0.265923,0.702160,0.031917
smids/Non-Sperm/Non-Sperm (752).bmp,0,3,2,2,0.036246,0.224094,0.739660
smids/Non-Sperm/Non-Sperm (768).bmp,0,3,2,2,0.040157,0.146937,0.812906
smids/Non-Sperm/Non-Sperm (77).bmp,0,3,2,2,0.034764,0.229601,0.735636
smids/Non-Sperm/Non-Sperm (771).bmp,0,3,2,2,0.180246,0.030630,0.789123
smids/Non-Sperm/Non-Sperm (781).bmp,0,3,2,2,0.040221,0.148489,0.811290
smids/Non-Sperm/Non-Sperm (783).bmp,0,3,2,2,0.191376,0.030269,0.778355
smids/Non-Sperm/Non-Sperm (784).bmp,0,3,2,2,0.037164,0.193208,0.769628
smids/Non-Sperm/Non-Sperm (787).bmp,0,3,2,2,0.036359,0.158807,0.804834
smids/Non-Sperm/Non-Sperm (79).bmp,0,3,2,2,0.040096,0.181008,0.778897
smids/Non-Sperm/Non-Sperm (808).bmp,0,3,2,2,0.039297,0.141402,0.819302
smids/Non-Sperm/Non-Sperm (81).bmp,0,3,2,2,0.034911,0.198694,0.766395
smids/Non-Sperm/Non-Sperm (813).bmp,0,3,2,2,0.040610,0.151292,0.808098
smids/Non-Sperm/Non-Sperm (815).bmp,0,3,2,2,0.224659,0.026837,0.748505
smids/Non-Sperm/Non-Sperm (823).bmp,0,3,2,2,0.035779,0.207412,0.756808
smids/Non-Sperm/Non-Sperm (826).bmp,0,3,2,2,0.037389,0.197018,0.765593
smids/Non-Sperm/Non-Sperm (835).bmp,0,3,2,2,0.041851,0.151404,0.806746
smids/Non-Sperm/Non-Sperm (84).bmp,0,3,2,2,0.037714,0.145659,0.816628
smids/Non-Sperm/Non-Sperm (848).bmp,0,3,2,2,0.036575,0.146222,0.817202
smids/Non-Sperm/Non-Sperm (854).bmp,0,3,2,2,0.337881,0.254749,0.407370
smids/Non-Sperm/Non-Sperm (855).bmp,0,3,2,2,0.037915,0.150239,0.811846
smids/Non-Sperm/Non-Sperm (861).bmp,0,3,2,2,0.040255,0.196761,0.762984
smids/Non-Sperm/Non-Sperm (875).bmp,0,3,2,2,0.037519,0.155719,0.806761
smids/Non-Sperm/Non-Sperm (878).bmp,0,3,2,2,0.037686,0.217495,0.744819
smids/Non-Sperm/Non-Sperm (880).bmp,0,3,2,2,0.183156,0.030514,0.786330
smids/Non-Sperm/Non-Sperm (885).bmp,0,3,2,2,0.040496,0.147353,0.812151
smids/Non-Sperm/Non-Sperm (890).bmp,0,3,2,2,0.231160,0.028210,0.740630
smids/Non-Sperm/Non-Sperm (894).bmp,0,3,2,1,0.041570,0.625537,0.332893
smids/Non-Sperm/Non-Sperm (909).bmp,0,3,2,0,0.659609,0.031989,0.308402
smids/Non-Sperm/Non-Sperm (91).bmp,0,3,2,2,0.041043,0.177553,0.781404
smids/Non-Sperm/Non-Sperm (911).bmp,0,3,2,1,0.045417,0.726737,0.227846
smids/Non-Sperm/Non-Sperm (922).bmp,0,3,2,2,0.040135,0.171586,0.788279
smids/Non-Sperm/Non-Sperm (93).bmp,0,3,2,2,0.039772,0.184584,0.775643
smids/Non-Sperm/Non-Sperm (931).bmp,0,3,2,2,0.037643,0.195864,0.766493
smids/Non-Sperm/Non-Sperm (938).bmp,0,3,2,2,0.048551,0.151987,0.799462
smids/Non-Sperm/Non-Sperm (945).bmp,0,3,2,2,0.205324,0.030210,0.764466
smids/Non-Sperm/Non-Sperm (955).bmp,0,3,2,2,0.039750,0.150215,0.810036
smids/Non-Sperm/Non-Sperm (957).bmp,0,3,2,2,0.036370,0.202375,0.761255
smids/Non-Sperm/Non-Sperm (961).bmp,0,3,2,2,0.038936,0.181207,0.779857
smids/Non-Sperm/Non-Sperm (966).bmp,0,3,2,1,0.050124,0.669311,0.280564
smids/Non-Sperm/Non-Sperm (967).bmp,0,3,2,2,0.040679,0.147914,0.811407
smids/Normal_Sperm/Normal_Sperm (1000).bmp,0,3,0,1,0.268717,0.702734,0.028549
smids/Normal_Sperm/Normal_Sperm (1005).bmp,0,3,0,1,0.244996,0.732828,0.022176
smids/Normal_Sperm/Normal_Sperm (1008).bmp,0,3,0,0,0.805440,0.169894,0.024665
smids/Normal_Sperm/Normal_Sperm (101).bmp,0,3,0,0,0.804785,0.173652,0.021563
smids/Normal_Sperm/Normal_Sperm (102).bmp,0,3,0,0,0.810180,0.163681,0.026139
smids/Normal_Sperm/Normal_Sperm (104).bmp,0,3,0,1,0.318371,0.661340,0.020289
smids/Normal_Sperm/Normal_Sperm (109).bmp,0,3,0,1,0.319436,0.659106,0.021458
smids/Normal_Sperm/Normal_Sperm (118).bmp,0,3,0,2,0.040394,0.207775,0.751831
smids/Normal_Sperm/Normal_Sperm (119).bmp,0,3,0,1,0.247145,0.721877,0.030978
smids/Normal_Sperm/Normal_Sperm (120).bmp,0,3,0,0,0.727057,0.251176,0.021767
smids/Normal_Sperm/Normal_Sperm (134).bmp,0,3,0,2,0.040888,0.207834,0.751278
smids/Normal_Sperm/Normal_Sperm (14).bmp,0,3,0,2,0.217379,0.036168,0.746452
smids/Normal_Sperm/Normal_Sperm (146).bmp,0,3,0,0,0.773973,0.204627,0.021401
smids/Normal_Sperm/Normal_Sperm (151).bmp,0,3,0,2,0.215051,0.030303,0.754647
smids/Normal_Sperm/Normal_Sperm (155).bmp,0,3,0,1,0.301455,0.677289,0.021256
smids/Normal_Sperm/Normal_Sperm (160).bmp,0,3,0,0,0.728666,0.252465,0.018869
smids/Normal_Sperm/Normal_Sperm (163).bmp,0,3,0,0,0.732660,0.247799,0.019541
smids/Normal_Sperm/Normal_Sperm (171).bmp,0,3,0,0,0.792519,0.184724,0.022757
smids/Normal_Sperm/Normal_Sperm (175).bmp,0,3,0,0,0.799569,0.179044,0.021388
smids/Normal_Sperm/Normal_Sperm (179).bmp,0,3,0,0,0.755859,0.036998,0.207143
smids/Normal_Sperm/Normal_Sperm (18).bmp,0,3,0,2,0.253602,0.033118,0.713280
smids/Normal_Sperm/Normal_Sperm (184).bmp,0,3,0,0,0.739788,0.240558,0.019655
smids/Normal_Sperm/Normal_Sperm (191).bmp,0,3,0,0,0.750679,0.228389,0.020932
smids/Normal_Sperm/Normal_Sperm (193).bmp,0,3,0,0,0.668479,0.035861,0.295660
smids/Normal_Sperm/Normal_Sperm (195).bmp,0,3,0,0,0.733151,0.246717,0.020132
smids/Normal_Sperm/Normal_Sperm (203).bmp,0,3,0,1,0.251370,0.724876,0.023754
smids/Normal_Sperm/Normal_Sperm (204).bmp,0,3,0,0,0.769661,0.206424,0.023915
smids/Normal_Sperm/Normal_Sperm (207).bmp,0,3,0,0,0.723932,0.257342,0.018726
smids/Normal_Sperm/Normal_Sperm (217).bmp,0,3,0,0,0.745968,0.033350,0.220681
smids/Normal_Sperm/Normal_Sperm (225).bmp,0,3,0,1,0.279962,0.696732,0.023306
smids/Normal_Sperm/Normal_Sperm (226).bmp,0,3,0,1,0.241478,0.732977,0.025545
smids/Normal_Sperm/Normal_Sperm (229).bmp,0,3,0,0,0.752653,0.227206,0.020142
smids/Normal_Sperm/Normal_Sperm (230).bmp,0,3,0,0,0.771788,0.207035,0.021177
smids/Normal_Sperm/Normal_Sperm (235).bmp,0,3,0,0,0.807710,0.169011,0.023279
smids/Normal_Sperm/Normal_Sperm (236).bmp,0,3,0,2,0.043443,0.189090,0.767467
smids/Normal_Sperm/Normal_Sperm (237).bmp,0,3,0,0,0.715458,0.264708,0.019834
smids/Normal_Sperm/Normal_Sperm (242).bmp,0,3,0,0,0.714055,0.265894,0.020051
smids/Normal_Sperm/Normal_Sperm (245).bmp,0,3,0,0,0.725033,0.253880,0.021087
smids/Normal_Sperm/Normal_Sperm (249).bmp,0,3,0,0,0.734595,0.033758,0.231646
smids/Normal_Sperm/Normal_Sperm (251).bmp,0,3,0,0,0.754829,0.225493,0.019678
smids/Normal_Sperm/Normal_Sperm (252).bmp,0,3,0,0,0.720379,0.261132,0.018489
smids/Normal_Sperm/Normal_Sperm (257).bmp,0,3,0,0,0.719899,0.261114,0.018987
smids/Normal_Sperm/Normal_Sperm (261).bmp,0,3,0,0,0.783120,0.196097,0.020783
smids/Normal_Sperm/Normal_Sperm (263).bmp,0,3,0,0,0.790044,0.184498,0.025459
smids/Normal_Sperm/Normal_Sperm (266).bmp,0,3,0,0,0.727246,0.253981,0.018773
smids/Normal_Sperm/Normal_Sperm (274).bmp,0,3,0,0,0.799979,0.173177,0.026844
smids/Normal_Sperm/Normal_Sperm (288).bmp,0,3,0,0,0.795352,0.181747,0.022901
smids/Normal_Sperm/Normal_Sperm (295).bmp,0,3,0,0,0.736433,0.244605,0.018962
smids/Normal_Sperm/Normal_Sperm (296).bmp,0,3,0,1,0.053441,0.714096,0.232463
smids/Normal_Sperm/Normal_Sperm (299).bmp,0,3,0,1,0.327779,0.649869,0.022352
smids/Normal_Sperm/Normal_Sperm (301).bmp,0,3,0,0,0.784625,0.190360,0.025016
smids/Normal_Sperm/Normal_Sperm (302).bmp,0,3,0,1,0.046609,0.695490,0.257901
smids/Normal_Sperm/Normal_Sperm (309).bmp,0,3,0,0,0.720550,0.260328,0.019122
smids/Normal_Sperm/Normal_Sperm (315).bmp,0,3,0,0,0.729428,0.250738,0.019834
smids/Normal_Sperm/Normal_Sperm (316).bmp,0,3,0,0,0.718150,0.263211,0.018640
smids/Normal_Sperm/Normal_Sperm (322).bmp,0,3,0,1,0.329433,0.651422,0.019145
smids/Normal_Sperm/Normal_Sperm (327).bmp,0,3,0,0,0.727219,0.252965,0.019816
smids/Normal_Sperm/Normal_Sperm (33).bmp,0,3,0,0,0.686174,0.030446,0.283380
smids/Normal_Sperm/Normal_Sperm (331).bmp,0,3,0,0,0.725180,0.255089,0.019731
smids/Normal_Sperm/Normal_Sperm (333).bmp,0,3,0,0,0.753888,0.225061,0.021051
smids/Normal_Sperm/Normal_Sperm (338).bmp,0,3,0,0,0.748923,0.228658,0.022419
smids/Normal_Sperm/Normal_Sperm (341).bmp,0,3,0,0,0.798979,0.180032,0.020989
smids/Normal_Sperm/Normal_Sperm (355).bmp,0,3,0,1,0.284436,0.689292,0.026272
smids/Normal_Sperm/Normal_Sperm (360).bmp,0,3,0,0,0.725312,0.256347,0.018341
smids/Normal_Sperm/Normal_Sperm (362).bmp,0,3,0,0,0.721858,0.257651,0.020491
smids/Normal_Sperm/Normal_Sperm (364).bmp,0,3,0,0,0.772101,0.201881,0.026017
smids/Normal_Sperm/Normal_Sperm (369).bmp,0,3,0,0,0.726319,0.035878,0.237803
smids/Normal_Sperm/Normal_Sperm (37).bmp,0,3,0,2,0.041269,0.168377,0.790354
smids/Normal_Sperm/Normal_Sperm (373).bmp,0,3,0,0,0.794260,0.184086,0.021653
smids/Normal_Sperm/Normal_Sperm (376).bmp,0,3,0,0,0.784763,0.193020,0.022217
smids/Normal_Sperm/Normal_Sperm (379).bmp,0,3,0,0,0.788967,0.189706,0.021327
smids/Normal_Sperm/Normal_Sperm (380).bmp,0,3,0,0,0.783001,0.195253,0.021746
smids/Normal_Sperm/Normal_Sperm (382).bmp,0,3,0,0,0.806734,0.169714,0.023552
smids/Normal_Sperm/Normal_Sperm (388).bmp,0,3,0,1,0.330345,0.650642,0.019013
smids/Normal_Sperm/Normal_Sperm (389).bmp,0,3,0,1,0.327313,0.653417,0.019271
smids/Normal_Sperm/Normal_Sperm (390).bmp,0,3,0,1,0.249083,0.723108,0.027809
smids/Normal_Sperm/Normal_Sperm (391).bmp,0,3,0,0,0.723388,0.256421,0.020191
smids/Normal_Sperm/Normal_Sperm (398).bmp,0,3,0,1,0.327069,0.653663,0.019268
smids/Normal_Sperm/Normal_Sperm (401).bmp,0,3,0,0,0.725376,0.254833,0.019792
smids/Normal_Sperm/Normal_Sperm (419).bmp,0,3,0,1,0.316898,0.660473,0.022629
smids/Normal_Sperm/Normal_Sperm (427).bmp,0,3,0,0,0.785507,0.190925,0.023568
smids/Normal_Sperm/Normal_Sperm (43).bmp,0,3,0,1,0.292100,0.678332,0.029568
smids/Normal_Sperm/Normal_Sperm (435).bmp,0,3,0,1,0.318132,0.658766,0.023103
smids/Normal_Sperm/Normal_Sperm (440).bmp,0,3,0,0,0.733676,0.244733,0.021591
smids/Normal_Sperm/Normal_Sperm (441).bmp,0,3,0,0,0.722364,0.259103,0.018533
smids/Normal_Sperm/Normal_Sperm (442).bmp,0,3,0,0,0.804642,0.171785,0.023573
smids/Normal_Sperm/Normal_Sperm (448).bmp,0,3,0,0,0.792184,0.185123,0.022693
smids/Normal_Sperm/Normal_Sperm (453).bmp,0,3,0,0,0.791726,0.181471,0.026804
smids/Normal_Sperm/Normal_Sperm (456).bmp,0,3,0,0,0.722287,0.259347,0.018365
smids/Normal_Sperm/Normal_Sperm (460).bmp,0,3,0,1,0.267470,0.710746,0.021784
smids/Normal_Sperm/Normal_Sperm (461).bmp,0,3,0,1,0.318458,0.659365,0.022177
smids/Normal_Sperm/Normal_Sperm (471).bmp,0,3,0,0,0.727295,0.254184,0.018522
smids/Normal_Sperm/Normal_Sperm (475).bmp,0,3,0,0,0.796426,0.181956,0.021618
smids/Normal_Sperm/Normal_Sperm (48).bmp,0,3,0,0,0.751646,0.226550,0.021804
smids/Normal_Sperm/Normal_Sperm (481).bmp,0,3,0,0,0.724306,0.253122,0.022572
smids/Normal_Sperm/Normal_Sperm (486).bmp,0,3,0,0,0.733033,0.248033,0.018934
smids/Normal_Sperm/Normal_Sperm (489).bmp,0,3,0,0,0.719646,0.261188,0.019166
smids/Normal_Sperm/Normal_Sperm (490).bmp,0,3,0,0,0.739326,0.241855,0.018818
smids/Normal_Sperm/Normal_Sperm (491).bmp,0,3,0,0,0.740561,0.239618,0.019821
smids/Normal_Sperm/Normal_Sperm (496).bmp,0,3,0,0,0.720183,0.041936,0.237881
smids/Normal_Sperm/Normal_Sperm (5).bmp,0,3,0,0,0.803750,0.170963,0.025287
smids/Normal_Sperm/Normal_Sperm (501).bmp,0,3,0,1,0.280474,0.689325,0.030201
smids/Normal_Sperm/Normal_Sperm (504).bmp,0,3,0,0,0.784800,0.194724,0.020476
smids/Normal_Sperm/Normal_Sperm (508).bmp,0,3,0,0,0.736967,0.243243,0.019790
smids/Normal_Sperm/Normal_Sperm (509).bmp,0,3,0,0,0.664048,0.032711,0.303241
smids/Normal_Sperm/Normal_Sperm (51).bmp,0,3,0,0,0.735284,0.241041,0.023675
smids/Normal_Sperm/Normal_Sperm (510).bmp,0,3,0,0,0.729231,0.250211,0.020557
smids/Normal_Sperm/Normal_Sperm (524).bmp,0,3,0,0,0.736249,0.244679,0.019072
smids/Normal_Sperm/Normal_Sperm (526).bmp,0,3,0,0,0.744597,0.236506,0.018897
smids/Normal_Sperm/Normal_Sperm (528).bmp,0,3,0,0,0.719529,0.261102,0.019369
smids/Normal_Sperm/Normal_Sperm (533).bmp,0,3,0,0,0.737261,0.243361,0.019379
smids/Normal_Sperm/Normal_Sperm (537).bmp,0,3,0,0,0.745916,0.233806,0.020279
smids/Normal_Sperm/Normal_Sperm (545).bmp,0,3,0,0,0.790772,0.187661,0.021567
smids/Normal_Sperm/Normal_Sperm (553).bmp,0,3,0,0,0.796904,0.181643,0.021453
smids/Normal_Sperm/Normal_Sperm (576).bmp,0,3,0,0,0.797951,0.179172,0.022876
smids/Normal_Sperm/Normal_Sperm (580).bmp,0,3,0,0,0.806283,0.171439,0.022278
smids/Normal_Sperm/Normal_Sperm (587).bmp,0,3,0,0,0.803099,0.174788,0.022112
smids/Normal_Sperm/Normal_Sperm (598).bmp,0,3,0,0,0.735507,0.245610,0.018884
smids/Normal_Sperm/Normal_Sperm (605).bmp,0,3,0,0,0.752195,0.226562,0.021243
smids/Normal_Sperm/Normal_Sperm (608).bmp,0,3,0,0,0.791285,0.188628,0.020087
smids/Normal_Sperm/Normal_Sperm (610).bmp,0,3,0,0,0.804675,0.173491,0.021834
smids/Normal_Sperm/Normal_Sperm (615).bmp,0,3,0,0,0.809858,0.166351,0.023792
smids/Normal_Sperm/Normal_Sperm (618).bmp,0,3,0,0,0.718466,0.262729,0.018805
smids/Normal_Sperm/Normal_Sperm (62).bmp,0,3,0,1,0.226866,0.749931,0.023203
smids/Normal_Sperm/Normal_Sperm (624).bmp,0,3,0,0,0.749192,0.230186,0.020621
smids/Normal_Sperm/Normal_Sperm (629).bmp,0,3,0,0,0.798220,0.178990,0.022790
smids/Normal_Sperm/Normal_Sperm (633).bmp,0,3,0,1,0.278113,0.699172,0.022715
smids/Normal_Sperm/Normal_Sperm (635).bmp,0,3,0,0,0.730136,0.250420,0.019444
smids/Normal_Sperm/Normal_Sperm (639).bmp,0,3,0,0,0.716133,0.264879,0.018988
smids/Normal_Sperm/Normal_Sperm (640).bmp,0,3,0,0,0.807078,0.170166,0.022756
smids/Normal_Sperm/Normal_Sperm (642).bmp,0,3,0,0,0.795350,0.180943,0.023707
smids/Normal_Sperm/Normal_Sperm (646).bmp,0,3,0,0,0.745227,0.234402,0.020371
smids/Normal_Sperm/Normal_Sperm (65).bmp,0,3,0,0,0.786805,0.182242,0.030952
smids/Normal_Sperm/Normal_Sperm (658).bmp,0,3,0,0,0.764800,0.210268,0.024931
smids/Normal_Sperm/Normal_Sperm (659).bmp,0,3,0,0,0.784621,0.191859,0.023520
smids/Normal_Sperm/Normal_Sperm (667).bmp,0,3,0,0,0.752152,0.222797,0.025051
smids/Normal_Sperm/Normal_Sperm (67).bmp,0,3,0,0,0.792737,0.184282,0.022980
smids/Normal_Sperm/Normal_Sperm (670).bmp,0,3,0,0,0.767995,0.208662,0.023343
smids/Normal_Sperm/Normal_Sperm (673).bmp,0,3,0,0,0.714353,0.266639,0.019008
smids/Normal_Sperm/Normal_Sperm (674).bmp,0,3,0,0,0.806154,0.172653,0.021193
smids/Normal_Sperm/Normal_Sperm (694).bmp,0,3,0,0,0.784121,0.192232,0.023647
smids/Normal_Sperm/Normal_Sperm (701).bmp,0,3,0,0,0.733396,0.246436,0.020167
smids/Normal_Sperm/Normal_Sperm (706).bmp,0,3,0,0,0.800428,0.176241,0.023331
smids/Normal_Sperm/Normal_Sperm (716).bmp,0,3,0,1,0.051606,0.659970,0.288424
smids/Normal_Sperm/Normal_Sperm (717).bmp,0,3,0,0,0.737844,0.240685,0.021470
smids/Normal_Sperm/Normal_Sperm (72).bmp,0,3,0,0,0.779433,0.193541,0.027026
smids/Normal_Sperm/Normal_Sperm (729).bmp,0,3,0,0,0.756949,0.219493,0.023558
smids/Normal_Sperm/Normal_Sperm (730).bmp,0,3,0,1,0.244332,0.726296,0.029371
smids/Normal_Sperm/Normal_Sperm (731).bmp,0,3,0,1,0.289221,0.688246,0.022533
smids/Normal_Sperm/Normal_Sperm (732).bmp,0,3,0,0,0.787081,0.189177,0.023742
smids/Normal_Sperm/Normal_Sperm (737).bmp,0,3,0,0,0.801355,0.176066,0.022579
smids/Normal_Sperm/Normal_Sperm (741).bmp,0,3,0,0,0.761406,0.218179,0.020415
smids/Normal_Sperm/Normal_Sperm (746).bmp,0,3,0,0,0.731825,0.249022,0.019153
smids/Normal_Sperm/Normal_Sperm (751).bmp,0,3,0,0,0.798074,0.179859,0.022067
smids/Normal_Sperm/Normal_Sperm (756).bmp,0,3,0,0,0.788893,0.189186,0.021921
smids/Normal_Sperm/Normal_Sperm (761).bmp,0,3,0,0,0.742326,0.238958,0.018716
smids/Normal_Sperm/Normal_Sperm (768).bmp,0,3,0,0,0.815197,0.162213,0.022589
smids/Normal_Sperm/Normal_Sperm (773).bmp,0,3,0,0,0.781688,0.197099,0.021213
smids/Normal_Sperm/Normal_Sperm (776).bmp,0,3,0,0,0.782108,0.196881,0.021011
smids/Normal_Sperm/Normal_Sperm (778).bmp,0,3,0,0,0.809564,0.167432,0.023004
smids/Normal_Sperm/Normal_Sperm (798).bmp,0,3,0,0,0.782740,0.189956,0.027304
smids/Normal_Sperm/Normal_Sperm (8).bmp,0,3,0,0,0.757863,0.207779,0.034358
smids/Normal_Sperm/Normal_Sperm (802).bmp,0,3,0,0,0.753195,0.036606,0.210199
smids/Normal_Sperm/Normal_Sperm (805).bmp,0,3,0,0,0.760497,0.212811,0.026692
smids/Normal_Sperm/Normal_Sperm (809).bmp,0,3,0,0,0.748831,0.231602,0.019566
smids/Normal_Sperm/Normal_Sperm (81).bmp,0,3,0,0,0.769580,0.208163,0.022257
smids/Normal_Sperm/Normal_Sperm (816).bmp,0,3,0,1,0.222990,0.752488,0.024523
smids/Normal_Sperm/Normal_Sperm (817).bmp,0,3,0,2,0.049763,0.169470,0.780767
smids/Normal_Sperm/Normal_Sperm (819).bmp,0,3,0,0,0.737689,0.240383,0.021929
smids/Normal_Sperm/Normal_Sperm (824).bmp,0,3,0,0,0.758521,0.221457,0.020022
smids/Normal_Sperm/Normal_Sperm (825).bmp,0,3,0,0,0.753913,0.223336,0.022751
smids/Normal_Sperm/Normal_Sperm (834).bmp,0,3,0,0,0.722518,0.259214,0.018268
smids/Normal_Sperm/Normal_Sperm (837).bmp,0,3,0,0,0.736329,0.241210,0.022461
smids/Normal_Sperm/Normal_Sperm (846).bmp,0,3,0,0,0.736592,0.242798,0.020611
smids/Normal_Sperm/Normal_Sperm (848).bmp,0,3,0,0,0.758033,0.219990,0.021976
smids/Normal_Sperm/Normal_Sperm (852).bmp,0,3,0,0,0.745388,0.235045,0.019567
smids/Normal_Sperm/Normal_Sperm (854).bmp,0,3,0,0,0.721173,0.259046,0.019781
smids/Normal_Sperm/Normal_Sperm (869).bmp,0,3,0,0,0.760377,0.218611,0.021013
smids/Normal_Sperm/Normal_Sperm (870).bmp,0,3,0,0,0.783574,0.194657,0.021769
smids/Normal_Sperm/Normal_Sperm (875).bmp,0,3,0,1,0.298024,0.674534,0.027441
smids/Normal_Sperm/Normal_Sperm (877).bmp,0,3,0,0,0.800758,0.176542,0.022700
smids/Normal_Sperm/Normal_Sperm (88).bmp,0,3,0,0,0.767392,0.207662,0.024946
smids/Normal_Sperm/Normal_Sperm (889).bmp,0,3,0,0,0.727742,0.251474,0.020784
smids/Normal_Sperm/Normal_Sperm (895).bmp,0,3,0,0,0.807303,0.171081,0.021617
smids/Normal_Sperm/Normal_Sperm (896).bmp,0,3,0,0,0.743126,0.237886,0.018988
smids/Normal_Sperm/Normal_Sperm (903).bmp,0,3,0,0,0.724101,0.253656,0.022243
smids/Normal_Sperm/Normal_Sperm (907).bmp,0,3,0,1,0.225460,0.752025,0.022514
smids/Normal_Sperm/Normal_Sperm (908).bmp,0,3,0,0,0.725891,0.255005,0.019104
smids/Normal_Sperm/Normal_Sperm (922).bmp,0,3,0,0,0.729067,0.251812,0.019121
smids/Normal_Sperm/Normal_Sperm (925).bmp,0,3,0,0,0.715742,0.262275,0.021983
smids/Normal_Sperm/Normal_Sperm (93).bmp,0,3,0,0,0.802918,0.173009,0.024072
smids/Normal_Sperm/Normal_Sperm (936).bmp,0,3,0,0,0.720573,0.256739,0.022688
smids/Normal_Sperm/Normal_Sperm (937).bmp,0,3,0,0,0.759909,0.217703,0.022387
smids/Normal_Sperm/Normal_Sperm (941).bmp,0,3,0,1,0.255193,0.721192,0.023615
smids/Normal_Sperm/Normal_Sperm (945).bmp,0,3,0,0,0.717831,0.260656,0.021513
smids/Normal_Sperm/Normal_Sperm (946).bmp,0,3,0,1,0.052794,0.719119,0.228087
smids/Normal_Sperm/Normal_Sperm (960).bmp,0,3,0,0,0.718430,0.260578,0.020992
smids/Normal_Sperm/Normal_Sperm (965).bmp,0,3,0,0,0.801984,0.175066,0.022951
smids/Normal_Sperm/Normal_Sperm (981).bmp,0,3,0,1,0.303869,0.675386,0.020745
smids/Normal_Sperm/Normal_Sperm (989).bmp,0,3,0,0,0.785387,0.180120,0.034493
smids/Abnormal_Sperm/Abnormal_Sperm (100).bmp,0,4,1,0,0.706727,0.275447,0.017826
smids/Abnormal_Sperm/Abnormal_Sperm (1000).bmp,0,4,1,1,0.215715,0.763458,0.020827
smids/Abnormal_Sperm/Abnormal_Sperm (106).bmp,0,4,1,1,0.036111,0.697215,0.266674
smids/Abnormal_Sperm/Abnormal_Sperm (113).bmp,0,4,1,1,0.033727,0.692140,0.274132
smids/Abnormal_Sperm/Abnormal_Sperm (118).bmp,0,4,1,1,0.254072,0.726650,0.019278
smids/Abnormal_Sperm/Abnormal_Sperm (121).bmp,0,4,1,1,0.226112,0.753632,0.020256
smids/Abnormal_Sperm/Abnormal_Sperm (130).bmp,0,4,1,1,0.188817,0.788654,0.022529
smids/Abnormal_Sperm/Abnormal_Sperm (135).bmp,0,4,1,1,0.222113,0.756568,0.021319
smids/Abnormal_Sperm/Abnormal_Sperm (138).bmp,0,4,1,1,0.267299,0.712946,0.019755
smids/Abnormal_Sperm/Abnormal_Sperm (140).bmp,0,4,1,1,0.282366,0.697728,0.019906
smids/Abnormal_Sperm/Abnormal_Sperm (142).bmp,0,4,1,1,0.268900,0.712765,0.018335
smids/Abnormal_Sperm/Abnormal_Sperm (143).bmp,0,4,1,1,0.244343,0.733417,0.022239
smids/Abnormal_Sperm/Abnormal_Sperm (145).bmp,0,4,1,1,0.221325,0.758891,0.019784
smids/Abnormal_Sperm/Abnormal_Sperm (149).bmp,0,4,1,1,0.203236,0.774706,0.022058
smids/Abnormal_Sperm/Abnormal_Sperm (151).bmp,0,4,1,1,0.037520,0.649579,0.312901
smids/Abnormal_Sperm/Abnormal_Sperm (153).bmp,0,4,1,1,0.196657,0.782628,0.020715
smids/Abnormal_Sperm/Abnormal_Sperm (162).bmp,0,4,1,1,0.035197,0.750070,0.214733
smids/Abnormal_Sperm/Abnormal_Sperm (163).bmp,0,4,1,1,0.212957,0.765692,0.021351
smids/Abnormal_Sperm/Abnormal_Sperm (170).bmp,0,4,1,1,0.203202,0.772963,0.023834
smids/Abnormal_Sperm/Abnormal_Sperm (178).bmp,0,4,1,1,0.235528,0.741757,0.022715
smids/Abnormal_Sperm/Abnormal_Sperm (179).bmp,0,4,1,1,0.279456,0.701369,0.019174
smids/Abnormal_Sperm/Abnormal_Sperm (186).bmp,0,4,1,1,0.219744,0.759884,0.020372
smids/Abnormal_Sperm/Abnormal_Sperm (188).bmp,0,4,1,1,0.194900,0.781314,0.023786
smids/Abnormal_Sperm/Abnormal_Sperm (189).bmp,0,4,1,1,0.189680,0.787228,0.023092
smids/Abnormal_Sperm/Abnormal_Sperm (192).bmp,0,4,1,1,0.285378,0.696480,0.018142
smids/Abnormal_Sperm/Abnormal_Sperm (195).bmp,0,4,1,1,0.199002,0.778813,0.022185
smids/Abnormal_Sperm/Abnormal_Sperm (197).bmp,0,4,1,1,0.273197,0.708183,0.018620
smids/Abnormal_Sperm/Abnormal_Sperm (199).bmp,0,4,1,1,0.198101,0.779829,0.022070
smids/Abnormal_Sperm/Abnormal_Sperm (205).bmp,0,4,1,1,0.204790,0.769273,0.025937
smids/Abnormal_Sperm/Abnormal_Sperm (21).bmp,0,4,1,1,0.030193,0.672713,0.297094
smids/Abnormal_Sperm/Abnormal_Sperm (214).bmp,0,4,1,1,0.203573,0.773381,0.023046
smids/Abnormal_Sperm/Abnormal_Sperm (226).bmp,0,4,1,1,0.206223,0.769449,0.024328
smids/Abnormal_Sperm/Abnormal_Sperm (228).bmp,0,4,1,2,0.037790,0.190383,0.771827
smids/Abnormal_Sperm/Abnormal_Sperm (229).bmp,0,4,1,1,0.248218,0.731768,0.020014
smids/Abnormal_Sperm/Abnormal_Sperm (230).bmp,0,4,1,1,0.252133,0.727781,0.020086
smids/Abnormal_Sperm/Abnormal_Sperm (237).bmp,0,4,1,1,0.032176,0.692370,0.275454
smids/Abnormal_Sperm/Abnormal_Sperm (244).bmp,0,4,1,1,0.201061,0.776142,0.022798
smids/Abnormal_Sperm/Abnormal_Sperm (248).bmp,0,4,1,1,0.279553,0.702200,0.018247
smids/Abnormal_Sperm/Abnormal_Sperm (259).bmp,0,4,1,1,0.038294,0.727115,0.234591
smids/Abnormal_Sperm/Abnormal_Sperm (262).bmp,0,4,1,1,0.036737,0.738371,0.224891
smids/Abnormal_Sperm/Abnormal_Sperm (264).bmp,0,4,1,1,0.209234,0.769330,0.021436
smids/Abnormal_Sperm/Abnormal_Sperm (265).bmp,0,4,1,1,0.036276,0.737291,0.226433
smids/Abnormal_Sperm/Abnormal_Sperm (270).bmp,0,4,1,1,0.213204,0.766658,0.020138
smids/Abnormal_Sperm/Abnormal_Sperm (273).bmp,0,4,1,1,0.193207,0.785178,0.021616
smids/Abnormal_Sperm/Abnormal_Sperm (274).bmp,0,4,1,1,0.032225,0.713124,0.254652
smids/Abnormal_Sperm/Abnormal_Sperm (279).bmp,0,4,1,1,0.221374,0.756379,0.022247
smids/Abnormal_Sperm/Abnormal_Sperm (283).bmp,0,4,1,1,0.199941,0.773890,0.026170
smids/Abnormal_Sperm/Abnormal_Sperm (297).bmp,0,4,1,1,0.236502,0.740456,0.023042
smids/Abnormal_Sperm/Abnormal_Sperm (299).bmp,0,4,1,1,0.242908,0.737360,0.019732
smids/Abnormal_Sperm/Abnormal_Sperm (3).bmp,0,4,1,1,0.038587,0.714626,0.246788
smids/Abnormal_Sperm/Abnormal_Sperm (305).bmp,0,4,1,1,0.199092,0.780033,0.020875
smids/Abnormal_Sperm/Abnormal_Sperm (307).bmp,0,4,1,1,0.276589,0.704773,0.018638
smids/Abnormal_Sperm/Abnormal_Sperm (315).bmp,0,4,1,1,0.031563,0.667937,0.300500
smids/Abnormal_Sperm/Abnormal_Sperm (316).bmp,0,4,1,1,0.227861,0.752770,0.019368
smids/Abnormal_Sperm/Abnormal_Sperm (318).bmp,0,4,1,1,0.264973,0.716183,0.018845
smids/Abnormal_Sperm/Abnormal_Sperm (329).bmp,0,4,1,1,0.206191,0.771854,0.021956
smids/Abnormal_Sperm/Abnormal_Sperm (330).bmp,0,4,1,1,0.218305,0.761394,0.020301
smids/Abnormal_Sperm/Abnormal_Sperm (334).bmp,0,4,1,1,0.036094,0.749296,0.214610
smids/Abnormal_Sperm/Abnormal_Sperm (344).bmp,0,4,1,1,0.199621,0.777722,0.022657
smids/Abnormal_Sperm/Abnormal_Sperm (346).bmp,0,4,1,1,0.035569,0.736861,0.227570
smids/Abnormal_Sperm/Abnormal_Sperm (350).bmp,0,4,1,1,0.268629,0.712922,0.018450
smids/Abnormal_Sperm/Abnormal_Sperm (357).bmp,0,4,1,1,0.211906,0.764298,0.023796
smids/Abnormal_Sperm/Abnormal_Sperm (360).bmp,0,4,1,1,0.274667,0.706922,0.018412
smids/Abnormal_Sperm/Abnormal_Sperm (364).bmp,0,4,1,1,0.195872,0.781880,0.022248
smids/Abnormal_Sperm/Abnormal_Sperm (367).bmp,0,4,1,1,0.286743,0.695628,0.017629
smids/Abnormal_Sperm/Abnormal_Sperm (368).bmp,0,4,1,1,0.029623,0.683183,0.287194
smids/Abnormal_Sperm/Abnormal_Sperm (382).bmp,0,4,1,1,0.195482,0.782096,0.022422
smids/Abnormal_Sperm/Abnormal_Sperm (383).bmp,0,4,1,1,0.192986,0.782853,0.024161
smids/Abnormal_Sperm/Abnormal_Sperm (396).bmp,0,4,1,1,0.225320,0.754703,0.019978
smids/Abnormal_Sperm/Abnormal_Sperm (400).bmp,0,4,1,1,0.192712,0.785465,0.021824
smids/Abnormal_Sperm/Abnormal_Sperm (401).bmp,0,4,1,1,0.202786,0.776490,0.020724
smids/Abnormal_Sperm/Abnormal_Sperm (403).bmp,0,4,1,1,0.302289,0.680870,0.016841
smids/Abnormal_Sperm/Abnormal_Sperm (421).bmp,0,4,1,1,0.242042,0.736784,0.021174
smids/Abnormal_Sperm/Abnormal_Sperm (429).bmp,0,4,1,1,0.209715,0.768876,0.021408
smids/Abnormal_Sperm/Abnormal_Sperm (43).bmp,0,4,1,2,0.032134,0.219336,0.748530
smids/Abnormal_Sperm/Abnormal_Sperm (469).bmp,0,4,1,1,0.204867,0.772565,0.022568
smids/Abnormal_Sperm/Abnormal_Sperm (477).bmp,0,4,1,1,0.281404,0.699437,0.019160
smids/Abnormal_Sperm/Abnormal_Sperm (478).bmp,0,4,1,1,0.271527,0.702397,0.026076
smids/Abnormal_Sperm/Abnormal_Sperm (485).bmp,0,4,1,1,0.237950,0.741077,0.020973
smids/Abnormal_Sperm/Abnormal_Sperm (486).bmp,0,4,1,1,0.031662,0.705980,0.262358
smids/Abnormal_Sperm/Abnormal_Sperm (487).bmp,0,4,1,0,0.721683,0.258763,0.019553
smids/Abnormal_Sperm/Abnormal_Sperm (490).bmp,0,4,1,1,0.190117,0.788309,0.021574
smids/Abnormal_Sperm/Abnormal_Sperm (493).bmp,0,4,1,1,0.200174,0.774960,0.024866
smids/Abnormal_Sperm/Abnormal_Sperm (496).bmp,0,4,1,1,0.282045,0.699105,0.018850
smids/Abnormal_Sperm/Abnormal_Sperm (497).bmp,0,4,1,2,0.034242,0.171994,0.793764
smids/Abnormal_Sperm/Abnormal_Sperm (500).bmp,0,4,1,2,0.032471,0.166849,0.800680
smids/Abnormal_Sperm/Abnormal_Sperm (506).bmp,0,4,1,1,0.253594,0.726839,0.019566
smids/Abnormal_Sperm/Abnormal_Sperm (508).bmp,0,4,1,2,0.220955,0.028034,0.751011
smids/Abnormal_Sperm/Abnormal_Sperm (510).bmp,0,4,1,2,0.331403,0.271297,0.397300
smids/Abnormal_Sperm/Abnormal_Sperm (511).bmp,0,4,1,1,0.211381,0.767329,0.021290
smids/Abnormal_Sperm/Abnormal_Sperm (518).bmp,0,4,1,1,0.224412,0.756575,0.019013
smids/Abnormal_Sperm/Abnormal_Sperm (521).bmp,0,4,1,1,0.206652,0.771433,0.021915
smids/Abnormal_Sperm/Abnormal_Sperm (522).bmp,0,4,1,1,0.036998,0.662046,0.300957
smids/Abnormal_Sperm/Abnormal_Sperm (525).bmp,0,4,1,1,0.196658,0.781322,0.022021
smids/Abnormal_Sperm/Abnormal_Sperm (532).bmp,0,4,1,1,0.194962,0.778422,0.026616
smids/Abnormal_Sperm/Abnormal_Sperm (548).bmp,0,4,1,1,0.036544,0.740624,0.222832
smids/Abnormal_Sperm/Abnormal_Sperm (549).bmp,0,4,1,0,0.711513,0.035947,0.252540
smids/Abnormal_Sperm/Abnormal_Sperm (55).bmp,0,4,1,1,0.200314,0.777186,0.022500
smids/Abnormal_Sperm/Abnormal_Sperm (554).bmp,0,4,1,2,0.228620,0.030588,0.740793
smids/Abnormal_Sperm/Abnormal_Sperm (555).bmp,0,4,1,1,0.277532,0.700399,0.022069
smids/Abnormal_Sperm/Abnormal_Sperm (558).bmp,0,4,1,0,0.717771,0.255030,0.027199
smids/Abnormal_Sperm/Abnormal_Sperm (568).bmp,0,4,1,1,0.232567,0.739726,0.027706
smids/Abnormal_Sperm/Abnormal_Sperm (577).bmp,0,4,1,1,0.220277,0.756043,0.023681
smids/Abnormal_Sperm/Abnormal_Sperm (578).bmp,0,4,1,0,0.718955,0.256021,0.025024
smids/Abnormal_Sperm/Abnormal_Sperm (601).bmp,0,4,1,0,0.766842,0.210452,0.022706
smids/Abnormal_Sperm/Abnormal_Sperm (605).bmp,0,4,1,2,0.029070,0.204837,0.766093
smids/Abnormal_Sperm/Abnormal_Sperm (606).bmp,0,4,1,0,0.793767,0.185621,0.020612
smids/Abnormal_Sperm/Abnormal_Sperm (611).bmp,0,4,1,1,0.273097,0.705696,0.021207
smids/Abnormal_Sperm/Abnormal_Sperm (613).bmp,0,4,1,0,0.724716,0.256107,0.019177
smids/Abnormal_Sperm/Abnormal_Sperm (617).bmp,0,4,1,1,0.298264,0.684611,0.017125
smids/Abnormal_Sperm/Abnormal_Sperm (619).bmp,0,4,1,1,0.211203,0.768680,0.020118
smids/Abnormal_Sperm/Abnormal_Sperm (623).bmp,0,4,1,0,0.721597,0.259416,0.018987
smids/Abnormal_Sperm/Abnormal_Sperm (630).bmp,0,4,1,2,0.030045,0.211549,0.758406
smids/Abnormal_Sperm/Abnormal_Sperm (631).bmp,0,4,1,0,0.729561,0.248300,0.022139
smids/Abnormal_Sperm/Abnormal_Sperm (633).bmp,0,4,1,1,0.215653,0.757599,0.026748
smids/Abnormal_Sperm/Abnormal_Sperm (635).bmp,0,4,1,1,0.295277,0.687176,0.017547
smids/Abnormal_Sperm/Abnormal_Sperm (638).bmp,0,4,1,0,0.734538,0.244592,0.020869
smids/Abnormal_Sperm/Abnormal_Sperm (642).bmp,0,4,1,1,0.298358,0.683083,0.018559
smids/Abnormal_Sperm/Abnormal_Sperm (652).bmp,0,4,1,1,0.267701,0.712417,0.019882
smids/Abnormal_Sperm/Abnormal_Sperm (669).bmp,0,4,1,1,0.036266,0.747937,0.215797
smids/Abnormal_Sperm/Abnormal_Sperm (673).bmp,0,4,1,1,0.219061,0.761139,0.019800
smids/Abnormal_Sperm/Abnormal_Sperm (680).bmp,0,4,1,1,0.204355,0.773339,0.022306
smids/Abnormal_Sperm/Abnormal_Sperm (681).bmp,0,4,1,1,0.232363,0.746824,0.020813
smids/Abnormal_Sperm/Abnormal_Sperm (688).bmp,0,4,1,1,0.036366,0.728946,0.234687
smids/Abnormal_Sperm/Abnormal_Sperm (698).bmp,0,4,1,1,0.294256,0.688687,0.017057
smids/Abnormal_Sperm/Abnormal_Sperm (699).bmp,0,4,1,0,0.726746,0.252834,0.020420
smids/Abnormal_Sperm/Abnormal_Sperm (7).bmp,0,4,1,0,0.790548,0.189495,0.019957
smids/Abnormal_Sperm/Abnormal_Sperm (701).bmp,0,4,1,1,0.034047,0.709180,0.256773
smids/Abnormal_Sperm/Abnormal_Sperm (702).bmp,0,4,1,1,0.229319,0.750422,0.020259
smids/Abnormal_Sperm/Abnormal_Sperm (709).bmp,0,4,1,1,0.273766,0.707861,0.018373
smids/Abnormal_Sperm/Abnormal_Sperm (71).bmp,0,4,1,1,0.202611,0.774507,0.022881
smids/Abnormal_Sperm/Abnormal_Sperm (711).bmp,0,4,1,0,0.739756,0.239455,0.020789
smids/Abnormal_Sperm/Abnormal_Sperm (716).bmp,0,4,1,1,0.285557,0.696361,0.018082
smids/Abnormal_Sperm/Abnormal_Sperm (72).bmp,0,4,1,1,0.217260,0.763015,0.019725
smids/Abnormal_Sperm/Abnormal_Sperm (721).bmp,0,4,1,0,0.722942,0.256385,0.020673
smids/Abnormal_Sperm/Abnormal_Sperm (722).bmp,0,4,1,1,0.285432,0.696432,0.018136
smids/Abnormal_Sperm/Abnormal_Sperm (730).bmp,0,4,1,0,0.718333,0.263021,0.018647
smids/Abnormal_Sperm/Abnormal_Sperm (731).bmp,0,4,1,0,0.706016,0.276977,0.017007
smids/Abnormal_Sperm/Abnormal_Sperm (739).bmp,0,4,1,1,0.275194,0.706528,0.018278
smids/Abnormal_Sperm/Abnormal_Sperm (741).bmp,0,4,1,0,0.709646,0.273643,0.016710
smids/Abnormal_Sperm/Abnormal_Sperm (745).bmp,0,4,1,0,0.712896,0.270314,0.016790
smids/Abnormal_Sperm/Abnormal_Sperm (747).bmp,0,4,1,0,0.715400,0.255455,0.029145
smids/Abnormal_Sperm/Abnormal_Sperm (751).bmp,0,4,1,1,0.291873,0.690461,0.017665
smids/Abnormal_Sperm/Abnormal_Sperm (755).bmp,0,4,1,1,0.239381,0.740169,0.020450
smids/Abnormal_Sperm/Abnormal_Sperm (757).bmp,0,4,1,1,0.230495,0.750522,0.018983
smids/Abnormal_Sperm/Abnormal_Sperm (758).bmp,0,4,1,1,0.293031,0.689483,0.017486
smids/Abnormal_Sperm/Abnormal_Sperm (759).bmp,0,4,1,1,0.197837,0.780800,0.021364
smids/Abnormal_Sperm/Abnormal_Sperm (773).bmp,0,4,1,1,0.240893,0.740320,0.018788
smids/Abnormal_Sperm/Abnormal_Sperm (774).bmp,0,4,1,0,0.795251,0.184758,0.019991
smids/Abnormal_Sperm/Abnormal_Sperm (778).bmp,0,4,1,1,0.242796,0.737830,0.019374
smids/Abnormal_Sperm/Abnormal_Sperm (79).bmp,0,4,1,1,0.029267,0.643945,0.326788
smids/Abnormal_Sperm/Abnormal_Sperm (791).bmp,0,4,1,0,0.720349,0.261792,0.017859
smids/Abnormal_Sperm/Abnormal_Sperm (798).bmp,0,4,1,1,0.222825,0.757868,0.019308
smids/Abnormal_Sperm/Abnormal_Sperm (800).bmp,0,4,1,1,0.262972,0.717598,0.019430
smids/Abnormal_Sperm/Abnormal_Sperm (809).bmp,0,4,1,1,0.237573,0.739993,0.022433
smids/Abnormal_Sperm/Abnormal_Sperm (814).bmp,0,4,1,0,0.704956,0.278334,0.016710
smids/Abnormal_Sperm/Abnormal_Sperm (817).bmp,0,4,1,1,0.233361,0.747433,0.019207
smids/Abnormal_Sperm/Abnormal_Sperm (820).bmp,0,4,1,0,0.721299,0.260454,0.018247
smids/Abnormal_Sperm/Abnormal_Sperm (826).bmp,0,4,1,0,0.740881,0.239494,0.019625
smids/Abnormal_Sperm/Abnormal_Sperm (833).bmp,0,4,1,1,0.271076,0.710962,0.017962
smids/Abnormal_Sperm/Abnormal_Sperm (836).bmp,0,4,1,0,0.714721,0.267487,0.017792
smids/Abnormal_Sperm/Abnormal_Sperm (838).bmp,0,4,1,0,0.708615,0.273511,0.017874
smids/Abnormal_Sperm/Abnormal_Sperm (841).bmp,0,4,1,1,0.271737,0.709792,0.018471
smids/Abnormal_Sperm/Abnormal_Sperm (849).bmp,0,4,1,0,0.749644,0.231519,0.018837
smids/Abnormal_Sperm/Abnormal_Sperm (850).bmp,0,4,1,1,0.196123,0.782150,0.021727
smids/Abnormal_Sperm/Abnormal_Sperm (851).bmp,0,4,1,1,0.287815,0.692709,0.019476
smids/Abnormal_Sperm/Abnormal_Sperm (860).bmp,0,4,1,0,0.785120,0.196338,0.018542
smids/Abnormal_Sperm/Abnormal_Sperm (867).bmp,0,4,1,0,0.780737,0.191648,0.027615
smids/Abnormal_Sperm/Abnormal_Sperm (868).bmp,0,4,1,1,0.214030,0.763673,0.022297
smids/Abnormal_Sperm/Abnormal_Sperm (875).bmp,0,4,1,0,0.714946,0.266464,0.018590
smids/Abnormal_Sperm/Abnormal_Sperm (881).bmp,0,4,1,1,0.294495,0.688032,0.017472
smids/Abnormal_Sperm/Abnormal_Sperm (886).bmp,0,4,1,0,0.779559,0.199588,0.020854
smids/Abnormal_Sperm/Abnormal_Sperm (887).bmp,0,4,1,1,0.041972,0.716770,0.241258
smids/Abnormal_Sperm/Abnormal_Sperm (893).bmp,0,4,1,1,0.288891,0.692444,0.018665
smids/Abnormal_Sperm/Abnormal_Sperm (898).bmp,0,4,1,1,0.267870,0.713468,0.018662
smids/Abnormal_Sperm/Abnormal_Sperm (90).bmp,0,4,1,0,0.734268,0.243347,0.022385
smids/Abnormal_Sperm/Abnormal_Sperm (91).bmp,0,4,1,1,0.216649,0.759710,0.023640
smids/Abnormal_Sperm/Abnormal_Sperm (917).bmp,0,4,1,1,0.047269,0.689809,0.262922
smids/Abnormal_Sperm/Abnormal_Sperm (918).bmp,0,4,1,1,0.295275,0.686887,0.017837
smids/Abnormal_Sperm/Abnormal_Sperm (924).bmp,0,4,1,1,0.193409,0.784668,0.021923
smids/Abnormal_Sperm/Abnormal_Sperm (93).bmp,0,4,1,1,0.266959,0.714890,0.018151
smids/Abnormal_Sperm/Abnormal_Sperm (934).bmp,0,4,1,1,0.203491,0.775909,0.020601
smids/Abnormal_Sperm/Abnormal_Sperm (95).bmp,0,4,1,1,0.035144,0.757375,0.207481
smids/Abnormal_Sperm/Abnormal_Sperm (953).bmp,0,4,1,1,0.297565,0.685140,0.017294
smids/Abnormal_Sperm/Abnormal_Sperm (954).bmp,0,4,1,1,0.290284,0.692325,0.017391
smids/Abnormal_Sperm/Abnormal_Sperm (956).bmp,0,4,1,1,0.210556,0.763121,0.026323
smids/Abnormal_Sperm/Abnormal_Sperm (958).bmp,0,4,1,1,0.035464,0.734539,0.229997
smids/Abnormal_Sperm/Abnormal_Sperm (961).bmp,0,4,1,1,0.280702,0.699702,0.019596
smids/Abnormal_Sperm/Abnormal_Sperm (965).bmp,0,4,1,1,0.288170,0.692915,0.018915
smids/Abnormal_Sperm/Abnormal_Sperm (971).bmp,0,4,1,1,0.273902,0.705849,0.020248
smids/Abnormal_Sperm/Abnormal_Sperm (980).bmp,0,4,1,1,0.209022,0.765946,0.025032
smids/Abnormal_Sperm/Abnormal_Sperm (981).bmp,0,4,1,1,0.257021,0.722389,0.020590
smids/Abnormal_Sperm/Abnormal_Sperm (990).bmp,0,4,1,1,0.261187,0.718300,0.020513
smids/Abnormal_Sperm/Abnormal_Sperm (999).bmp,0,4,1,1,0.035470,0.735910,0.228620
smids/Non-Sperm/Non-Sperm (105).bmp,0,4,2,2,0.159533,0.029091,0.811376
smids/Non-Sperm/Non-Sperm (117).bmp,0,4,2,2,0.167703,0.031618,0.800679
smids/Non-Sperm/Non-Sperm (12).bmp,0,4,2,2,0.027426,0.204908,0.767667
smids/Non-Sperm/Non-Sperm (127).bmp,0,4,2,2,0.028291,0.180432,0.791276
smids/Non-Sperm/Non-Sperm (133).bmp,0,4,2,2,0.162942,0.028759,0.808298
smids/Non-Sperm/Non-Sperm (135).bmp,0,4,2,2,0.154196,0.028698,0.817106
smids/Non-Sperm/Non-Sperm (137).bmp,0,4,2,2,0.031103,0.160223,0.808674
smids/Non-Sperm/Non-Sperm (138).bmp,0,4,2,2,0.158959,0.029812,0.811229
smids/Non-Sperm/Non-Sperm (152).bmp,0,4,2,2,0.159751,0.028701,0.811548
smids/Non-Sperm/Non-Sperm (153).bmp,0,4,2,2,0.161320,0.029513,0.809167
smids/Non-Sperm/Non-Sperm (157).bmp,0,4,2,2,0.163242,0.028062,0.808696
smids/Non-Sperm/Non-Sperm (161).bmp,0,4,2,0,0.752299,0.228920,0.018782
smids/Non-Sperm/Non-Sperm (174).bmp,0,4,2,2,0.167776,0.029847,0.802377
smids/Non-Sperm/Non-Sperm (177).bmp,0,4,2,2,0.031008,0.149980,0.819012
smids/Non-Sperm/Non-Sperm (180).bmp,0,4,2,2,0.161299,0.029145,0.809556
smids/Non-Sperm/Non-Sperm (181).bmp,0,4,2,2,0.029917,0.149893,0.820190
smids/Non-Sperm/Non-Sperm (185).bmp,0,4,2,1,0.035492,0.717165,0.247343
smids/Non-Sperm/Non-Sperm (187).bmp,0,4,2,2,0.031377,0.163250,0.805373
smids/Non-Sperm/Non-Sperm (190).bmp,0,4,2,2,0.026725,0.215919,0.757356
smids/Non-Sperm/Non-Sperm (194).bmp,0,4,2,2,0.029969,0.163284,0.806747
smids/Non-Sperm/Non-Sperm (20).bmp,0,4,2,2,0.033324,0.213757,0.752919
smids/Non-Sperm/Non-Sperm (205).bmp,0,4,2,2,0.028864,0.159282,0.811854
smids/Non-Sperm/Non-Sperm (213).bmp,0,4,2,2,0.030609,0.161997,0.807393
smids/Non-Sperm/Non-Sperm (222).bmp,0,4,2,2,0.160451,0.028742,0.810807
smids/Non-Sperm/Non-Sperm (226).bmp,0,4,2,2,0.156790,0.028742,0.814468
smids/Non-Sperm/Non-Sperm (23).bmp,0,4,2,1,0.264245,0.714421,0.021335
smids/Non-Sperm/Non-Sperm (235).bmp,0,4,2,2,0.178764,0.028670,0.792566
smids/Non-Sperm/Non-Sperm (241).bmp,0,4,2,2,0.158545,0.029477,0.811978
smids/Non-Sperm/Non-Sperm (248).bmp,0,4,2,2,0.154772,0.028644,0.816584
smids/Non-Sperm/Non-Sperm (250).bmp,0,4,2,2,0.160897,0.029522,0.809581
smids/Non-Sperm/Non-Sperm (256).bmp,0,4,2,2,0.187720,0.028602,0.783678
smids/Non-Sperm/Non-Sperm (267).bmp,0,4,2,2,0.029943,0.153424,0.816633
smids/Non-Sperm/Non-Sperm (269).bmp,0,4,2,2,0.168935,0.029837,0.801228
smids/Non-Sperm/Non-Sperm (284).bmp,0,4,2,2,0.157587,0.030217,0.812197
smids/Non-Sperm/Non-Sperm (286).bmp,0,4,2,2,0.193056,0.027729,0.779214
smids/Non-Sperm/Non-Sperm (290).bmp,0,4,2,2,0.162404,0.029356,0.808241
smids/Non-Sperm/Non-Sperm (293).bmp,0,4,2,2,0.168576,0.028824,0.802600
smids/Non-Sperm/Non-Sperm (294).bmp,0,4,2,2,0.164875,0.028964,0.806162
smids/Non-Sperm/Non-Sperm (297).bmp,0,4,2,2,0.030598,0.156624,0.812777
smids/Non-Sperm/Non-Sperm (3).bmp,0,4,2,1,0.029641,0.660928,0.309431
smids/Non-Sperm/Non-Sperm (303).bmp,0,4,2,2,0.160460,0.029361,0.810179
smids/Non-Sperm/Non-Sperm (307).bmp,0,4,2,2,0.161729,0.029463,0.808808
smids/Non-Sperm/Non-Sperm (309).bmp,0,4,2,2,0.173051,0.029251,0.797698
smids/Non-Sperm/Non-Sperm (312).bmp,0,4,2,2,0.157115,0.029421,0.813463
smids/Non-Sperm/Non-Sperm (33).bmp,0,4,2,1,0.037017,0.709351,0.253632
smids/Non-Sperm/Non-Sperm (338).bmp,0,4,2,1,0.194355,0.783446,0.022199
smids/Non-Sperm/Non-Sperm (347).bmp,0,4,2,2,0.162132,0.027730,0.810138
smids/Non-Sperm/Non-Sperm (350).bmp,0,4,2,2,0.184702,0.030700,0.784598
smids/Non-Sperm/Non-Sperm (354).bmp,0,4,2,2,0.031465,0.148540,0.819994
smids/Non-Sperm/Non-Sperm (36).bmp,0,4,2,1,0.195397,0.779340,0.025263
smids/Non-Sperm/Non-Sperm (363).bmp,0,4,2,2,0.180504,0.031515,0.787981
smids/Non-Sperm/Non-Sperm (379).bmp,0,4,2,2,0.029157,0.154312,0.816531
smids/Non-Sperm/Non-Sperm (384).bmp,0,4,2,2,0.033686,0.195313,0.771001
smids/Non-Sperm/Non-Sperm (386).bmp,0,4,2,2,0.030054,0.186986,0.782960
smids/Non-Sperm/Non-Sperm (389).bmp,0,4,2,2,0.160204,0.028432,0.811364
smids/Non-Sperm/Non-Sperm (393).bmp,0,4,2,2,0.167399,0.031754,0.800847
smids/Non-Sperm/Non-Sperm (400).bmp,0,4,2,2,0.037627,0.178472,0.783901
smids/Non-Sperm/Non-Sperm (404).bmp,0,4,2,2,0.029142,0.159281,0.811578
smids/Non-Sperm/Non-Sperm (413).bmp,0,4,2,2,0.025793,0.220065,0.754142
smids/Non-Sperm/Non-Sperm (42).bmp,0,4,2,1,0.031309,0.643206,0.325485
smids/Non-Sperm/Non-Sperm (420).bmp,0,4,2,2,0.243703,0.025796,0.730501
smids/Non-Sperm/Non-Sperm (423).bmp,0,4,2,2,0.159621,0.028211,0.812169
smids/Non-Sperm/Non-Sperm (425).bmp,0,4,2,1,0.034511,0.691252,0.274237
smids/Non-Sperm/Non-Sperm (430).bmp,0,4,2,2,0.154543,0.028824,0.816633
smids/Non-Sperm/Non-Sperm (435).bmp,0,4,2,2,0.166516,0.031040,0.802444
smids/Non-Sperm/Non-Sperm (437).bmp,0,4,2,2,0.030388,0.146504,0.823108
smids/Non-Sperm/Non-Sperm (444).bmp,0,4,2,2,0.156057,0.029090,0.814853
smids/Non-Sperm/Non-Sperm (445).bmp,0,4,2,2,0.166557,0.029372,0.804071
smids/Non-Sperm/Non-Sperm (446).bmp,0,4,2,2,0.158921,0.029349,0.811730
smids/Non-Sperm/Non-Sperm (447).bmp,0,4,2,2,0.155995,0.028962,0.815043
smids/Non-Sperm/Non-Sperm (455).bmp,0,4,2,2,0.031037,0.150635,0.818328
smids/Non-Sperm/Non-Sperm (457).bmp,0,4,2,2,0.032223,0.171528,0.796249
smids/Non-Sperm/Non-Sperm (46).bmp,0,4,2,2,0.031486,0.216673,0.751841
smids/Non-Sperm/Non-Sperm (460).bmp,0,4,2,2,0.163707,0.029394,0.806899
smids/Non-Sperm/Non-Sperm (461).bmp,0,4,2,2,0.027659,0.211328,0.761013
smids/Non-Sperm/Non-Sperm (462).bmp,0,4,2,2,0.030763,0.148268,0.820969
smids/Non-Sperm/Non-Sperm (469).bmp,0,4,2,2,0.033971,0.161108,0.804921
smids/Non-Sperm/Non-Sperm (47).bmp,0,4,2,1,0.033773,0.665917,0.300310
smids/Non-Sperm/Non-Sperm (478).bmp,0,4,2,2,0.179341,0.030540,0.790119
smids/Non-Sperm/Non-Sperm (496).bmp,0,4,2,2,0.158318,0.029429,0.812253
smids/Non-Sperm/Non-Sperm (498).bmp,0,4,2,2,0.030541,0.157035,0.812424
smids/Non-Sperm/Non-Sperm (499).bmp,0,4,2,2,0.156299,0.028846,0.814854
smids/Non-Sperm/Non-Sperm (5).bmp,0,4,2,1,0.030793,0.689298,0.279910
smids/Non-Sperm/Non-Sperm (501).bmp,0,4,2,2,0.161104,0.028864,0.810032
smids/Non-Sperm/Non-Sperm (508).bmp,0,4,2,2,0.162603,0.028571,0.808826
smids/Non-Sperm/Non-Sperm (509).bmp,0,4,2,2,0.158234,0.029473,0.812293
smids/Non-Sperm/Non-Sperm (511).bmp,0,4,2,2,0.029732,0.158560,0.811708
smids/Non-Sperm/Non-Sperm (516).bmp,0,4,2,2,0.028586,0.229373,0.742042
smids/Non-Sperm/Non-Sperm (518).bmp,0,4,2,2,0.029493,0.145525,0.824981
smids/Non-Sperm/Non-Sperm (522).bmp,0,4,2,2,0.028168,0.191684,0.780147
smids/Non-Sperm/Non-Sperm (53).bmp,0,4,2,1,0.035338,0.740898,0.223764
smids/Non-Sperm/Non-Sperm (533).bmp,0,4,2,2,0.188720,0.031902,0.779378
smids/Non-Sperm/Non-Sperm (54).bmp,0,4,2,1,0.209398,0.766384,0.024217
smids/Non-Sperm/Non-Sperm (541).bmp,0,4,2,2,0.167412,0.028338,0.804249
smids/Non-Sperm/Non-Sperm (544).bmp,0,4,2,2,0.160372,0.029626,0.810002
smids/Non-Sperm/Non-Sperm (547).bmp,0,4,2,2,0.031716,0.154055,0.814230
smids/Non-Sperm/Non-Sperm (563).bmp,0,4,2,2,0.030298,0.161627,0.808075
smids/Non-Sperm/Non-Sperm (571).bmp,0,4,2,1,0.034636,0.721786,0.243578
smids/Non-Sperm/Non-Sperm (572).bmp,0,4,2,2,0.033727,0.164988,0.801285
smids/Non-Sperm/Non-Sperm (574).bmp,0,4,2,2,0.028911,0.153245,0.817845
smids/Non-Sperm/Non-Sperm (575).bmp,0,4,2,2,0.032173,0.147745,0.820081
smids/Non-Sperm/Non-Sperm (576).bmp,0,4,2,1,0.031125,0.684351,0.284524
smids/Non-Sperm/Non-Sperm (581).bmp,0,4,2,2,0.166166,0.028822,0.805012
smids/Non-Sperm/Non-Sperm (588).bmp,0,4,2,2,0.032549,0.155005,0.812446
smids/Non-Sperm/Non-Sperm (59).bmp,0,4,2,1,0.207393,0.770105,0.022502
smids/Non-Sperm/Non-Sperm (591).bmp,0,4,2,2,0.166358,0.029446,0.804196
smids/Non-Sperm/Non-Sperm (593).bmp,0,4,2,2,0.031325,0.158120,0.810555
smids/Non-Sperm/Non-Sperm (597).bmp,0,4,2,2,0.184340,0.027055,0.788605
smids/Non-Sperm/Non-Sperm (6).bmp,0,4,2,1,0.029195,0.630304,0.340501
smids/Non-Sperm/Non-Sperm (60).bmp,0,4,2,1,0.284368,0.697020,0.018612
smids/Non-Sperm/Non-Sperm (603).bmp,0,4,2,2,0.026631,0.219196,0.754173
smids/Non-Sperm/Non-Sperm (607).bmp,0,4,2,2,0.160277,0.029885,0.809838
smids/Non-Sperm/Non-Sperm (61).bmp,0,4,2,1,0.194033,0.783623,0.022345
smids/Non-Sperm/Non-Sperm (611).bmp,0,4,2,2,0.162891,0.028376,0.808733
smids/Non-Sperm/Non-Sperm (612).bmp,0,4,2,2,0.163445,0.027930,0.808625
smids/Non-Sperm/Non-Sperm (62).bmp,0,4,2,1,0.033153,0.726311,0.240536
smids/Non-Sperm/Non-Sperm (621).bmp,0,4,2,2,0.162265,0.030361,0.807374
smids/Non-Sperm/Non-Sperm (633).bmp,0,4,2,2,0.159555,0.029059,0.811386
smids/Non-Sperm/Non-Sperm (634).bmp,0,4,2,2,0.030961,0.163269,0.805769
smids/Non-Sperm/Non-Sperm (644).bmp,0,4,2,2,0.031198,0.159072,0.809729
smids/Non-Sperm/Non-Sperm (650).bmp,0,4,2,1,0.028179,0.632762,0.339059
smids/Non-Sperm/Non-Sperm (657).bmp,0,4,2,2,0.028471,0.171453,0.800076
smids/Non-Sperm/Non-Sperm (66).bmp,0,4,2,1,0.032909,0.653211,0.313880
smids/Non-Sperm/Non-Sperm (660).bmp,0,4,2,2,0.035436,0.195934,0.768630
smids/Non-Sperm/Non-Sperm (663).bmp,0,4,2,2,0.029223,0.179564,0.791213
smids/Non-Sperm/Non-Sperm (664).bmp,0,4,2,2,0.025913,0.226625,0.747461
smids/Non-Sperm/Non-Sperm (678).bmp,0,4,2,2,0.028752,0.174983,0.796266
smids/Non-Sperm/Non-Sperm (681).bmp,0,4,2,2,0.179237,0.029237,0.791526
smids/Non-Sperm/Non-Sperm (683).bmp,0,4,2,2,0.030285,0.146982,0.822734
smids/Non-Sperm/Non-Sperm (685).bmp,0,4,2,2,0.031325,0.149370,0.819305
smids/Non-Sperm/Non-Sperm (69).bmp,0,4,2,2,0.029973,0.208923,0.761104
smids/Non-Sperm/Non-Sperm (693).bmp,0,4,2,2,0.032291,0.201712,0.765996
smids/Non-Sperm/Non-Sperm (7).bmp,0,4,2,2,0.030843,0.207650,0.761506
smids/Non-Sperm/Non-Sperm (701).bmp,0,4,2,2,0.029039,0.147589,0.823372
smids/Non-Sperm/Non-Sperm (707).bmp,0,4,2,2,0.159918,0.029227,0.810855
smids/Non-Sperm/Non-Sperm (720).bmp,0,4,2,2,0.032798,0.213090,0.754111
smids/Non-Sperm/Non-Sperm (724).bmp,0,4,2,2,0.165857,0.028346,0.805797
smids/Non-Sperm/Non-Sperm (728).bmp,0,4,2,2,0.030490,0.144764,0.824746
smids/Non-Sperm/Non-Sperm (729).bmp,0,4,2,2,0.028876,0.149452,0.821672
smids/Non-Sperm/Non-Sperm (73).bmp,0,4,2,2,0.030166,0.212365,0.757469
smids/Non-Sperm/Non-Sperm (736).bmp,0,4,2,2,0.030142,0.165697,0.804161
smids/Non-Sperm/Non-Sperm (746).bmp,0,4,2,2,0.165950,0.027551,0.806499
smids/Non-Sperm/Non-Sperm (754).bmp,0,4,2,2,0.028114,0.155442,0.816444
smids/Non-Sperm/Non-Sperm (756).bmp,0,4,2,2,0.029451,0.147236,0.823313
smids/Non-Sperm/Non-Sperm (757).bmp,0,4,2,2,0.195639,0.027616,0.776745
smids/Non-Sperm/Non-Sperm (758).bmp,0,4,2,2,0.214204,0.028897,0.756898
smids/Non-Sperm/Non-Sperm (760).bmp,0,4,2,2,0.156163,0.028811,0.815026
smids/Non-Sperm/Non-Sperm (762).bmp,0,4,2,2,0.033101,0.156854,0.810045
smids/Non-Sperm/Non-Sperm (764).bmp,0,4,2,2,0.164796,0.030388,0.804816
smids/Non-Sperm/Non-Sperm (776).bmp,0,4,2,2,0.170788,0.030063,0.799149
smids/Non-Sperm/Non-Sperm (777).bmp,0,4,2,2,0.164717,0.027742,0.807542
smids/Non-Sperm/Non-Sperm (801).bmp,0,4,2,2,0.154402,0.028815,0.816783
smids/Non-Sperm/Non-Sperm (804).bmp,0,4,2,2,0.183589,0.028843,0.787567
smids/Non-Sperm/Non-Sperm (809).bmp,0,4,2,2,0.185792,0.028678,0.785530
smids/Non-Sperm/Non-Sperm (811).bmp,0,4,2,2,0.159304,0.031176,0.809520
smids/Non-Sperm/Non-Sperm (819).bmp,0,4,2,0,0.683492,0.039794,0.276714
smids/Non-Sperm/Non-Sperm (822).bmp,0,4,2,2,0.030353,0.148564,0.821083
smids/Non-Sperm/Non-Sperm (83).bmp,0,4,2,2,0.030025,0.160004,0.809971
smids/Non-Sperm/Non-Sperm (834).bmp,0,4,2,0,0.788656,0.187842,0.023503
smids/Non-Sperm/Non-Sperm (836).bmp,0,4,2,2,0.220444,0.031799,0.747756
smids/Non-Sperm/Non-Sperm (840).bmp,0,4,2,2,0.031638,0.216480,0.751881
smids/Non-Sperm/Non-Sperm (844).bmp,0,4,2,2,0.029024,0.224735,0.746241
smids/Non-Sperm/Non-Sperm (845).bmp,0,4,2,2,0.186907,0.030142,0.782951
smids/Non-Sperm/Non-Sperm (847).bmp,0,4,2,2,0.159892,0.029832,0.810276
smids/Non-Sperm/Non-Sperm (852).bmp,0,4,2,2,0.164094,0.030011,0.805896
smids/Non-Sperm/Non-Sperm (856).bmp,0,4,2,1,0.038832,0.720857,0.240311
smids/Non-Sperm/Non-Sperm (859).bmp,0,4,2,2,0.029953,0.153010,0.817037
smids/Non-Sperm/Non-Sperm (86).bmp,0,4,2,2,0.028840,0.224948,0.746212
smids/Non-Sperm/Non-Sperm (863).bmp,0,4,2,2,0.029217,0.150460,0.820322
smids/Non-Sperm/Non-Sperm (864).bmp,0,4,2,2,0.173940,0.032880,0.793180
smids/Non-Sperm/Non-Sperm (866).bmp,0,4,2,2,0.036840,0.177103,0.786057
smids/Non-Sperm/Non-Sperm (870).bmp,0,4,2,2,0.221082,0.029756,0.749162
smids/Non-Sperm/Non-Sperm (881).bmp,0,4,2,2,0.161917,0.029355,0.808728
smids/Non-Sperm/Non-Sperm (884).bmp,0,4,2,2,0.033150,0.169015,0.797835
smids/Non-Sperm/Non-Sperm (886).bmp,0,4,2,2,0.161637,0.029638,0.808725
smids/Non-Sperm/Non-Sperm (888).bmp,0,4,2,2,0.179282,0.030018,0.790700
smids/Non-Sperm/Non-Sperm (892).bmp,0,4,2,2,0.211947,0.034935,0.753118
smids/Non-Sperm/Non-Sperm (898).bmp,0,4,2,1,0.041937,0.666972,0.291091
smids/Non-Sperm/Non-Sperm (902).bmp,0,4,2,0,0.665782,0.032058,0.302160
smids/Non-Sperm/Non-Sperm (904).bmp,0,4,2,2,0.216610,0.031728,0.751662
smids/Non-Sperm/Non-Sperm (915).bmp,0,4,2,2,0.032762,0.184281,0.782957
smids/Non-Sperm/Non-Sperm (916).bmp,0,4,2,0,0.712663,0.266641,0.020696
smids/Non-Sperm/Non-Sperm (924).bmp,0,4,2,2,0.202396,0.030235,0.767369
smids/Non-Sperm/Non-Sperm (937).bmp,0,4,2,2,0.026427,0.218889,0.754684
smids/Non-Sperm/Non-Sperm (943).bmp,0,4,2,2,0.031122,0.157814,0.811064
smids/Non-Sperm/Non-Sperm (948).bmp,0,4,2,2,0.030160,0.221788,0.748052
smids/Non-Sperm/Non-Sperm (95).bmp,0,4,2,2,0.030110,0.168781,0.801109
smids/Non-Sperm/Non-Sperm (959).bmp,0,4,2,2,0.029617,0.219007,0.751376
smids/Non-Sperm/Non-Sperm (960).bmp,0,4,2,1,0.030494,0.658518,0.310988
smids/Non-Sperm/Non-Sperm (962).bmp,0,4,2,2,0.030044,0.198396,0.771559
smids/Non-Sperm/Non-Sperm (963).bmp,0,4,2,1,0.029361,0.642442,0.328197
smids/Non-Sperm/Non-Sperm (964).bmp,0,4,2,2,0.026568,0.228498,0.744934
smids/Non-Sperm/Non-Sperm (965).bmp,0,4,2,1,0.031245,0.685120,0.283635
smids/Non-Sperm/Non-Sperm (972).bmp,0,4,2,2,0.027838,0.219216,0.752946
smids/Normal_Sperm/Normal_Sperm (10).bmp,0,4,0,0,0.735531,0.033279,0.231190
smids/Normal_Sperm/Normal_Sperm (1011).bmp,0,4,0,0,0.738275,0.240601,0.021124
smids/Normal_Sperm/Normal_Sperm (1018).bmp,0,4,0,0,0.801407,0.178549,0.020044
smids/Normal_Sperm/Normal_Sperm (11).bmp,0,4,0,2,0.238595,0.026916,0.734489
smids/Normal_Sperm/Normal_Sperm (114).bmp,0,4,0,1,0.239096,0.738095,0.022809
smids/Normal_Sperm/Normal_Sperm (116).bmp,0,4,0,0,0.772892,0.204324,0.022784
smids/Normal_Sperm/Normal_Sperm (124).bmp,0,4,0,0,0.738114,0.235815,0.026071
smids/Normal_Sperm/Normal_Sperm (126).bmp,0,4,0,0,0.717753,0.262911,0.019336
smids/Normal_Sperm/Normal_Sperm (129).bmp,0,4,0,0,0.719957,0.259973,0.020070
smids/Normal_Sperm/Normal_Sperm (130).bmp,0,4,0,0,0.766234,0.210354,0.023412
smids/Normal_Sperm/Normal_Sperm (145).bmp,0,4,0,0,0.759931,0.215225,0.024844
smids/Normal_Sperm/Normal_Sperm (161).bmp,0,4,0,0,0.749962,0.232243,0.017795
smids/Normal_Sperm/Normal_Sperm (165).bmp,0,4,0,0,0.751286,0.228928,0.019786
smids/Normal_Sperm/Normal_Sperm (167).bmp,0,4,0,0,0.779008,0.202246,0.018746
smids/Normal_Sperm/Normal_Sperm (168).bmp,0,4,0,0,0.784562,0.195408,0.020030
smids/Normal_Sperm/Normal_Sperm (170).bmp,0,4,0,0,0.795765,0.183946,0.020289
smids/Normal_Sperm/Normal_Sperm (174).bmp,0,4,0,0,0.714158,0.267107,0.018735
smids/Normal_Sperm/Normal_Sperm (176).bmp,0,4,0,0,0.759930,0.221502,0.018568
smids/Normal_Sperm/Normal_Sperm (19).bmp,0,4,0,1,0.035898,0.681598,0.282504
smids/Normal_Sperm/Normal_Sperm (212).bmp,0,4,0,0,0.773198,0.205710,0.021093
smids/Normal_Sperm/Normal_Sperm (228).bmp,0,4,0,0,0.721298,0.261451,0.017252
smids/Normal_Sperm/Normal_Sperm (23).bmp,0,4,0,2,0.236819,0.026049,0.737132
smids/Normal_Sperm/Normal_Sperm (233).bmp,0,4,0,0,0.747875,0.233691,0.018434
smids/Normal_Sperm/Normal_Sperm (234).bmp,0,4,0,0,0.793366,0.183068,0.023566
smids/Normal_Sperm/Normal_Sperm (24).bmp,0,4,0,0,0.781518,0.199097,0.019385
smids/Normal_Sperm/Normal_Sperm (240).bmp,0,4,0,0,0.801595,0.175771,0.022633
smids/Normal_Sperm/Normal_Sperm (250).bmp,0,4,0,0,0.726272,0.254890,0.018838
smids/Normal_Sperm/Normal_Sperm (255).bmp,0,4,0,0,0.790100,0.191123,0.018777
smids/Normal_Sperm/Normal_Sperm (260).bmp,0,4,0,0,0.733815,0.248145,0.018039
smids/Normal_Sperm/Normal_Sperm (265).bmp,0,4,0,0,0.728881,0.249796,0.021324
smids/Normal_Sperm/Normal_Sperm (277).bmp,0,4,0,0,0.730769,0.035882,0.233350
smids/Normal_Sperm/Normal_Sperm (28).bmp,0,4,0,2,0.034219,0.165746,0.800035
smids/Normal_Sperm/Normal_Sperm (282).bmp,0,4,0,0,0.795825,0.184504,0.019671
smids/Normal_Sperm/Normal_Sperm (284).bmp,0,4,0,0,0.708230,0.274710,0.017060
smids/Normal_Sperm/Normal_Sperm (285).bmp,0,4,0,2,0.205382,0.033693,0.760925
smids/Normal_Sperm/Normal_Sperm (29).bmp,0,4,0,0,0.750253,0.230594,0.019153
smids/Normal_Sperm/Normal_Sperm (298).bmp,0,4,0,1,0.259015,0.719253,0.021732
smids/Normal_Sperm/Normal_Sperm (3).bmp,0,4,0,0,0.750333,0.231453,0.018213
smids/Normal_Sperm/Normal_Sperm (305).bmp,0,4,0,0,0.780981,0.200277,0.018742
smids/Normal_Sperm/Normal_Sperm (312).bmp,0,4,0,0,0.793237,0.187509,0.019254
smids/Normal_Sperm/Normal_Sperm (319).bmp,0,4,0,0,0.728638,0.253795,0.017568
smids/Normal_Sperm/Normal_Sperm (321).bmp,0,4,0,0,0.778766,0.198659,0.022575
smids/Normal_Sperm/Normal_Sperm (323).bmp,0,4,0,0,0.737530,0.244212,0.018257
smids/Normal_Sperm/Normal_Sperm (334).bmp,0,4,0,0,0.790117,0.187644,0.022239
smids/Normal_Sperm/Normal_Sperm (335).bmp,0,4,0,0,0.785387,0.189442,0.025171
smids/Normal_Sperm/Normal_Sperm (336).bmp,0,4,0,0,0.756186,0.225590,0.018224
smids/Normal_Sperm/Normal_Sperm (342).bmp,0,4,0,0,0.752756,0.033210,0.214034
smids/Normal_Sperm/Normal_Sperm (345).bmp,0,4,0,0,0.720531,0.258444,0.021025
smids/Normal_Sperm/Normal_Sperm (347).bmp,0,4,0,0,0.780729,0.196108,0.023163
smids/Normal_Sperm/Normal_Sperm (348).bmp,0,4,0,0,0.763993,0.214372,0.021634
smids/Normal_Sperm/Normal_Sperm (36).bmp,0,4,0,0,0.781309,0.194844,0.023847
smids/Normal_Sperm/Normal_Sperm (367).bmp,0,4,0,1,0.295448,0.686559,0.017993
smids/Normal_Sperm/Normal_Sperm (381).bmp,0,4,0,0,0.731972,0.250205,0.017823
smids/Normal_Sperm/Normal_Sperm (384).bmp,0,4,0,1,0.278998,0.701605,0.019397
smids/Normal_Sperm/Normal_Sperm (392).bmp,0,4,0,1,0.280782,0.699110,0.020108
smids/Normal_Sperm/Normal_Sperm (397).bmp,0,4,0,0,0.720090,0.034051,0.245859
smids/Normal_Sperm/Normal_Sperm (4).bmp,0,4,0,0,0.746557,0.235587,0.017856
smids/Normal_Sperm/Normal_Sperm (404).bmp,0,4,0,1,0.040723,0.713190,0.246087
smids/Normal_Sperm/Normal_Sperm (407).bmp,0,4,0,0,0.793876,0.185121,0.021002
smids/Normal_Sperm/Normal_Sperm (41).bmp,0,4,0,2,0.235435,0.025631,0.738934
smids/Normal_Sperm/Normal_Sperm (416).bmp,0,4,0,0,0.753770,0.228212,0.018018
smids/Normal_Sperm/Normal_Sperm (424).bmp,0,4,0,0,0.782680,0.198072,0.019248
smids/Normal_Sperm/Normal_Sperm (426).bmp,0,4,0,0,0.745173,0.236282,0.018545
smids/Normal_Sperm/Normal_Sperm (428).bmp,0,4,0,0,0.788935,0.187321,0.023744
smids/Normal_Sperm/Normal_Sperm (432).bmp,0,4,0,0,0.733831,0.246645,0.019523
smids/Normal_Sperm/Normal_Sperm (436).bmp,0,4,0,0,0.746613,0.233970,0.019416
smids/Normal_Sperm/Normal_Sperm (446).bmp,0,4,0,0,0.796954,0.180348,0.022698
smids/Normal_Sperm/Normal_Sperm (447).bmp,0,4,0,0,0.796287,0.184965,0.018748
smids/Normal_Sperm/Normal_Sperm (454).bmp,0,4,0,0,0.759273,0.221493,0.019235
smids/Normal_Sperm/Normal_Sperm (463).bmp,0,4,0,1,0.286406,0.695090,0.018504
smids/Normal_Sperm/Normal_Sperm (467).bmp,0,4,0,0,0.788188,0.192709,0.019103
smids/Normal_Sperm/Normal_Sperm (470).bmp,0,4,0,0,0.778137,0.203863,0.017999
smids/Normal_Sperm/Normal_Sperm (477).bmp,0,4,0,0,0.798152,0.180721,0.021126
smids/Normal_Sperm/Normal_Sperm (480).bmp,0,4,0,0,0.780983,0.199908,0.019110
smids/Normal_Sperm/Normal_Sperm (484).bmp,0,4,0,0,0.779048,0.195912,0.025040
smids/Normal_Sperm/Normal_Sperm (485).bmp,0,4,0,0,0.711908,0.270211,0.017882
smids/Normal_Sperm/Normal_Sperm (49).bmp,0,4,0,1,0.198477,0.778666,0.022857
smids/Normal_Sperm/Normal_Sperm (493).bmp,0,4,0,0,0.730216,0.251030,0.018754
smids/Normal_Sperm/Normal_Sperm (495).bmp,0,4,0,0,0.764141,0.217649,0.018210
smids/Normal_Sperm/Normal_Sperm (503).bmp,0,4,0,0,0.711216,0.269995,0.018789
smids/Normal_Sperm/Normal_Sperm (506).bmp,0,4,0,0,0.724460,0.257065,0.018475
smids/Normal_Sperm/Normal_Sperm (513).bmp,0,4,0,0,0.739747,0.242364,0.017889
smids/Normal_Sperm/Normal_Sperm (517).bmp,0,4,0,0,0.730533,0.247462,0.022005
smids/Normal_Sperm/Normal_Sperm (534).bmp,0,4,0,1,0.278772,0.694650,0.026577
smids/Normal_Sperm/Normal_Sperm (536).bmp,0,4,0,0,0.722774,0.256798,0.020428
smids/Normal_Sperm/Normal_Sperm (538).bmp,0,4,0,0,0.791486,0.189815,0.018699
smids/Normal_Sperm/Normal_Sperm (539).bmp,0,4,0,0,0.770982,0.210572,0.018446
smids/Normal_Sperm/Normal_Sperm (54).bmp,0,4,0,0,0.753624,0.033714,0.212662
smids/Normal_Sperm/Normal_Sperm (541).bmp,0,4,0,0,0.734730,0.241370,0.023901
smids/Normal_Sperm/Normal_Sperm (549).bmp,0,4,0,0,0.738189,0.243843,0.017968
smids/Normal_Sperm/Normal_Sperm (552).bmp,0,4,0,0,0.779160,0.199997,0.020843
smids/Normal_Sperm/Normal_Sperm (554).bmp,0,4,0,0,0.794091,0.186373,0.019536
smids/Normal_Sperm/Normal_Sperm (558).bmp,0,4,0,0,0.785190,0.193113,0.021698
smids/Normal_Sperm/Normal_Sperm (567).bmp,0,4,0,0,0.782542,0.199007,0.018452
smids/Normal_Sperm/Normal_Sperm (569).bmp,0,4,0,0,0.773573,0.206654,0.019773
smids/Normal_Sperm/Normal_Sperm (571).bmp,0,4,0,0,0.795757,0.184956,0.019287
smids/Normal_Sperm/Normal_Sperm (572).bmp,0,4,0,0,0.794171,0.186896,0.018932
smids/Normal_Sperm/Normal_Sperm (574).bmp,0,4,0,0,0.668816,0.033904,0.297280
smids/Normal_Sperm/Normal_Sperm (578).bmp,0,4,0,0,0.801850,0.178312,0.019837
smids/Normal_Sperm/Normal_Sperm (582).bmp,0,4,0,0,0.750182,0.231629,0.018190
smids/Normal_Sperm/Normal_Sperm (584).bmp,0,4,0,0,0.731645,0.250317,0.018038
smids/Normal_Sperm/Normal_Sperm (588).bmp,0,4,0,0,0.782062,0.197889,0.020049
smids/Normal_Sperm/Normal_Sperm (59).bmp,0,4,0,1,0.284409,0.694995,0.020596
smids/Normal_Sperm/Normal_Sperm (592).bmp,0,4,0,0,0.775650,0.204404,0.019946
smids/Normal_Sperm/Normal_Sperm (593).bmp,0,4,0,0,0.806320,0.174712,0.018969
smids/Normal_Sperm/Normal_Sperm (599).bmp,0,4,0,0,0.733221,0.249129,0.017650
smids/Normal_Sperm/Normal_Sperm (600).bmp,0,4,0,0,0.801891,0.177563,0.020546
smids/Normal_Sperm/Normal_Sperm (603).bmp,0,4,0,0,0.802166,0.175372,0.022461
smids/Normal_Sperm/Normal_Sperm (607).bmp,0,4,0,0,0.785421,0.196376,0.018202
smids/Normal_Sperm/Normal_Sperm (616).bmp,0,4,0,0,0.732535,0.249664,0.017801
smids/Normal_Sperm/Normal_Sperm (621).bmp,0,4,0,0,0.758603,0.223697,0.017700
smids/Normal_Sperm/Normal_Sperm (623).bmp,0,4,0,0,0.725418,0.256505,0.018078
smids/Normal_Sperm/Normal_Sperm (625).bmp,0,4,0,0,0.785561,0.195120,0.019319
smids/Normal_Sperm/Normal_Sperm (628).bmp,0,4,0,0,0.724955,0.254474,0.020571
smids/Normal_Sperm/Normal_Sperm (634).bmp,0,4,0,0,0.795941,0.183782,0.020278
smids/Normal_Sperm/Normal_Sperm (641).bmp,0,4,0,0,0.803137,0.176773,0.020091
smids/Normal_Sperm/Normal_Sperm (647).bmp,0,4,0,0,0.798643,0.181005,0.020352
smids/Normal_Sperm/Normal_Sperm (651).bmp,0,4,0,0,0.745015,0.236159,0.018826
smids/Normal_Sperm/Normal_Sperm (652).bmp,0,4,0,1,0.283130,0.697270,0.019600
smids/Normal_Sperm/Normal_Sperm (654).bmp,0,4,0,0,0.788932,0.189771,0.021298
smids/Normal_Sperm/Normal_Sperm (655).bmp,0,4,0,0,0.746594,0.231514,0.021892
smids/Normal_Sperm/Normal_Sperm (66).bmp,0,4,0,0,0.720880,0.259617,0.019504
smids/Normal_Sperm/Normal_Sperm (663).bmp,0,4,0,0,0.711229,0.271606,0.017165
smids/Normal_Sperm/Normal_Sperm (666).bmp,0,4,0,0,0.788462,0.188988,0.022550
smids/Normal_Sperm/Normal_Sperm (671).bmp,0,4,0,0,0.790005,0.189794,0.020200
smids/Normal_Sperm/Normal_Sperm (683).bmp,0,4,0,0,0.770501,0.208610,0.020888
smids/Normal_Sperm/Normal_Sperm (687).bmp,0,4,0,0,0.778229,0.200353,0.021418
smids/Normal_Sperm/Normal_Sperm (689).bmp,0,4,0,0,0.781799,0.197168,0.021033
smids/Normal_Sperm/Normal_Sperm (690).bmp,0,4,0,0,0.771749,0.209427,0.018823
smids/Normal_Sperm/Normal_Sperm (696).bmp,0,4,0,0,0.739700,0.241922,0.018377
smids/Normal_Sperm/Normal_Sperm (698).bmp,0,4,0,0,0.765740,0.213217,0.021042
smids/Normal_Sperm/Normal_Sperm (699).bmp,0,4,0,0,0.785134,0.195066,0.019801
smids/Normal_Sperm/Normal_Sperm (70).bmp,0,4,0,0,0.728541,0.252516,0.018943
smids/Normal_Sperm/Normal_Sperm (700).bmp,0,4,0,1,0.250962,0.725721,0.023317
smids/Normal_Sperm/Normal_Sperm (708).bmp,0,4,0,0,0.724990,0.256295,0.018716
smids/Normal_Sperm/Normal_Sperm (709).bmp,0,4,0,0,0.803959,0.175125,0.020916
smids/Normal_Sperm/Normal_Sperm (71).bmp,0,4,0,0,0.716165,0.266100,0.017735
smids/Normal_Sperm/Normal_Sperm (713).bmp,0,4,0,1,0.237299,0.734032,0.028669
smids/Normal_Sperm/Normal_Sperm (715).bmp,0,4,0,1,0.223248,0.748806,0.027947
smids/Normal_Sperm/Normal_Sperm (723).bmp,0,4,0,0,0.785802,0.194355,0.019843
smids/Normal_Sperm/Normal_Sperm (724).bmp,0,4,0,0,0.777109,0.204457,0.018435
smids/Normal_Sperm/Normal_Sperm (73).bmp,0,4,0,0,0.706464,0.276142,0.017394
smids/Normal_Sperm/Normal_Sperm (733).bmp,0,4,0,0,0.769225,0.211350,0.019424
smids/Normal_Sperm/Normal_Sperm (735).bmp,0,4,0,0,0.790222,0.189295,0.020483
smids/Normal_Sperm/Normal_Sperm (74).bmp,0,4,0,1,0.293134,0.687931,0.018935
smids/Normal_Sperm/Normal_Sperm (742).bmp,0,4,0,0,0.736457,0.245417,0.018126
smids/Normal_Sperm/Normal_Sperm (747).bmp,0,4,0,0,0.766429,0.214226,0.019344
smids/Normal_Sperm/Normal_Sperm (752).bmp,0,4,0,0,0.780191,0.200604,0.019205
smids/Normal_Sperm/Normal_Sperm (758).bmp,0,4,0,0,0.749434,0.231614,0.018953
smids/Normal_Sperm/Normal_Sperm (760).bmp,0,4,0,0,0.801216,0.179242,0.019541
smids/Normal_Sperm/Normal_Sperm (765).bmp,0,4,0,0,0.742049,0.238963,0.018988
smids/Normal_Sperm/Normal_Sperm (769).bmp,0,4,0,0,0.765425,0.214146,0.020429
smids/Normal_Sperm/Normal_Sperm (770).bmp,0,4,0,0,0.684454,0.033033,0.282513
smids/Normal_Sperm/Normal_Sperm (777).bmp,0,4,0,0,0.806923,0.172662,0.020415
smids/Normal_Sperm/Normal_Sperm (779).bmp,0,4,0,0,0.787502,0.193523,0.018975
smids/Normal_Sperm/Normal_Sperm (780).bmp,0,4,0,0,0.747922,0.226296,0.025782
smids/Normal_Sperm/Normal_Sperm (783).bmp,0,4,0,0,0.803188,0.177144,0.019668
smids/Normal_Sperm/Normal_Sperm (784).bmp,0,4,0,0,0.734902,0.247112,0.017987
smids/Normal_Sperm/Normal_Sperm (789).bmp,0,4,0,0,0.794473,0.184464,0.021062
smids/Normal_Sperm/Normal_Sperm (790).bmp,0,4,0,0,0.746485,0.233678,0.019838
smids/Normal_Sperm/Normal_Sperm (794).bmp,0,4,0,0,0.795531,0.180706,0.023763
smids/Normal_Sperm/Normal_Sperm (803).bmp,0,4,0,0,0.737214,0.238574,0.024212
smids/Normal_Sperm/Normal_Sperm (804).bmp,0,4,0,0,0.709319,0.273769,0.016912
smids/Normal_Sperm/Normal_Sperm (807).bmp,0,4,0,0,0.728466,0.247548,0.023986
smids/Normal_Sperm/Normal_Sperm (811).bmp,0,4,0,0,0.726324,0.248878,0.024798
smids/Normal_Sperm/Normal_Sperm (821).bmp,0,4,0,0,0.707911,0.275749,0.016340
smids/Normal_Sperm/Normal_Sperm (826).bmp,0,4,0,0,0.721427,0.260485,0.018088
smids/Normal_Sperm/Normal_Sperm (83).bmp,0,4,0,0,0.785903,0.187919,0.026178
smids/Normal_Sperm/Normal_Sperm (833).bmp,0,4,0,0,0.750267,0.227588,0.022145
smids/Normal_Sperm/Normal_Sperm (85).bmp,0,4,0,0,0.714657,0.266250,0.019093
smids/Normal_Sperm/Normal_Sperm (856).bmp,0,4,0,0,0.783681,0.197110,0.019209
smids/Normal_Sperm/Normal_Sperm (857).bmp,0,4,0,0,0.800939,0.179879,0.019182
smids/Normal_Sperm/Normal_Sperm (859).bmp,0,4,0,0,0.721720,0.261336,0.016944
smids/Normal_Sperm/Normal_Sperm (861).bmp,0,4,0,0,0.772535,0.207688,0.019777
smids/Normal_Sperm/Normal_Sperm (873).bmp,0,4,0,1,0.269189,0.710061,0.020750
smids/Normal_Sperm/Normal_Sperm (876).bmp,0,4,0,0,0.729348,0.252103,0.018549
smids/Normal_Sperm/Normal_Sperm (882).bmp,0,4,0,0,0.707669,0.275119,0.017212
smids/Normal_Sperm/Normal_Sperm (883).bmp,0,4,0,0,0.747602,0.234018,0.018380
smids/Normal_Sperm/Normal_Sperm (892).bmp,0,4,0,0,0.704873,0.278376,0.016751
smids/Normal_Sperm/Normal_Sperm (90).bmp,0,4,0,0,0.777905,0.200996,0.021099
smids/Normal_Sperm/Normal_Sperm (905).bmp,0,4,0,1,0.289156,0.690923,0.019921
smids/Normal_Sperm/Normal_Sperm (909).bmp,0,4,0,0,0.707426,0.275489,0.017085
smids/Normal_Sperm/Normal_Sperm (914).bmp,0,4,0,1,0.218450,0.760130,0.021420
smids/Normal_Sperm/Normal_Sperm (916).bmp,0,4,0,1,0.286133,0.696451,0.017416
smids/Normal_Sperm/Normal_Sperm (92).bmp,0,4,0,0,0.745287,0.225965,0.028748
smids/Normal_Sperm/Normal_Sperm (920).bmp,0,4,0,0,0.710553,0.272249,0.017198
smids/Normal_Sperm/Normal_Sperm (924).bmp,0,4,0,0,0.748682,0.232061,0.019257
smids/Normal_Sperm/Normal_Sperm (931).bmp,0,4,0,0,0.714249,0.268343,0.017408
smids/Normal_Sperm/Normal_Sperm (932).bmp,0,4,0,1,0.300148,0.682352,0.017500
smids/Normal_Sperm/Normal_Sperm (938).bmp,0,4,0,0,0.715759,0.266265,0.017976
smids/Normal_Sperm/Normal_Sperm (94).bmp,0,4,0,0,0.771927,0.206498,0.021575
smids/Normal_Sperm/Normal_Sperm (943).bmp,0,4,0,0,0.764778,0.217055,0.018167
smids/Normal_Sperm/Normal_Sperm (944).bmp,0,4,0,0,0.738942,0.242476,0.018582
smids/Normal_Sperm/Normal_Sperm (950).bmp,0,4,0,1,0.261547,0.720051,0.018402
smids/Normal_Sperm/Normal_Sperm (955).bmp,0,4,0,0,0.719020,0.262663,0.018317
smids/Normal_Sperm/Normal_Sperm (958).bmp,0,4,0,0,0.725486,0.257350,0.017164
smids/Normal_Sperm/Normal_Sperm (96).bmp,0,4,0,0,0.733409,0.032961,0.233630
smids/Normal_Sperm/Normal_Sperm (980).bmp,0,4,0,0,0.738444,0.234141,0.027414
smids/Normal_Sperm/Normal_Sperm (988).bmp,0,4,0,0,0.791358,0.189579,0.019063
smids/Normal_Sperm/Normal_Sperm (993).bmp,0,4,0,0,0.776926,0.203272,0.019802
smids/Normal_Sperm/Normal_Sperm (999).bmp,0,4,0,1,0.238891,0.740330,0.020778
