image_id,repeat,fold,label_idx,pred,prob_0,prob_1,prob_2
smids/Abnormal_Sperm/Abnormal_Sperm (1002).bmp,0,0,1,1,0.259314,0.714240,0.026446
smids/Abnormal_Sperm/Abnormal_Sperm (105).bmp,0,0,1,1,0.231991,0.741253,0.026755
smids/Abnormal_Sperm/Abnormal_Sperm (107).bmp,0,0,1,1,0.284579,0.691348,0.024072
smids/Abnormal_Sperm/Abnormal_Sperm (11).bmp,0,0,1,0,0.728751,0.247456,0.023793
smids/Abnormal_Sperm/Abnormal_Sperm (111).bmp,0,0,1,1,0.040852,0.647677,0.311471
smids/Abnormal_Sperm/Abnormal_Sperm (112).bmp,0,0,1,1,0.038417,0.637252,0.324331
smids/Abnormal_Sperm/Abnormal_Sperm (119).bmp,0,0,1,1,0.309967,0.667310,0.022723
smids/Abnormal_Sperm/Abnormal_Sperm (120).bmp,0,0,1,1,0.278655,0.693396,0.027949
smids/Abnormal_Sperm/Abnormal_Sperm (123).bmp,0,0,1,1,0.223526,0.746693,0.029780
smids/Abnormal_Sperm/Abnormal_Sperm (125).bmp,0,0,1,1,0.292271,0.684144,0.023586
smids/Abnormal_Sperm/Abnormal_Sperm (13).bmp,0,0,1,2,0.252538,0.031068,0.716394
smids/Abnormal_Sperm/Abnormal_Sperm (132).bmp,0,0,1,1,0.303599,0.673985,0.022415
smids/Abnormal_Sperm/Abnormal_Sperm (133).bmp,0,0,1,1,0.314929,0.661811,0.023260
smids/Abnormal_Sperm/Abnormal_Sperm (141).bmp,0,0,1,1,0.219233,0.751062,0.029705
smids/Abnormal_Sperm/Abnormal_Sperm (147).bmp,0,0,1,1,0.043054,0.724331,0.232615
smids/Abnormal_Sperm/Abnormal_Sperm (152).bmp,0,0,1,1,0.249606,0.721267,0.029128
smids/Abnormal_Sperm/Abnormal_Sperm (167).bmp,0,0,1,1,0.266887,0.706566,0.026548
smids/Abnormal_Sperm/Abnormal_Sperm (168).bmp,0,0,1,1,0.049298,0.721247,0.229454
smids/Abnormal_Sperm/Abnormal_Sperm (172).bmp,0,0,1,0,0.740640,0.236540,0.022820
smids/Abnormal_Sperm/Abnormal_Sperm (173).bmp,0,0,1,1,0.243389,0.726617,0.029994
smids/Abnormal_Sperm/Abnormal_Sperm (175).bmp,0,0,1,1,0.244254,0.729676,0.026070
smids/Abnormal_Sperm/Abnormal_Sperm (176).bmp,0,0,1,1,0.318780,0.658322,0.022898
smids/Abnormal_Sperm/Abnormal_Sperm (187).bmp,0,0,1,1,0.250244,0.723420,0.026337
smids/Abnormal_Sperm/Abnormal_Sperm (193).bmp,0,0,1,0,0.727942,0.250755,0.021303
smids/Abnormal_Sperm/Abnormal_Sperm (194).bmp,0,0,1,1,0.251486,0.719070,0.029443
smids/Abnormal_Sperm/Abnormal_Sperm (20).bmp,0,0,1,2,0.039202,0.176361,0.784437
smids/Abnormal_Sperm/Abnormal_Sperm (203).bmp,0,0,1,0,0.743687,0.235639,0.020674
smids/Abnormal_Sperm/Abnormal_Sperm (208).bmp,0,0,1,1,0.287506,0.683199,0.029295
smids/Abnormal_Sperm/Abnormal_Sperm (212).bmp,0,0,1,1,0.314158,0.663686,0.022157
smids/Abnormal_Sperm/Abnormal_Sperm (218).bmp,0,0,1,1,0.324495,0.653743,0.021763
smids/Abnormal_Sperm/Abnormal_Sperm (221).bmp,0,0,1,1,0.303001,0.674426,0.022573
smids/Abnormal_Sperm/Abnormal_Sperm (222).bmp,0,0,1,1,0.046200,0.732184,0.221616
smids/Abnormal_Sperm/Abnormal_Sperm (224).bmp,0,0,1,1,0.280885,0.693272,0.025844
smids/Abnormal_Sperm/Abnormal_Sperm (23).bmp,0,0,1,1,0.251560,0.722801,0.025639
smids/Abnormal_Sperm/Abnormal_Sperm (234).bmp,0,0,1,1,0.243976,0.729186,0.026838
smids/Abnormal_Sperm/Abnormal_Sperm (241).bmp,0,0,1,1,0.296650,0.679258,0.024092
smids/Abnormal_Sperm/Abnormal_Sperm (246).bmp,0,0,1,0,0.741098,0.237620,0.021282
smids/Abnormal_Sperm/Abnormal_Sperm (26).bmp,0,0,1,1,0.232365,0.738935,0.028700
smids/Abnormal_Sperm/Abnormal_Sperm (268).bmp,0,0,1,1,0.246902,0.725263,0.027835
smids/Abnormal_Sperm/Abnormal_Sperm (275).bmp,0,0,1,1,0.220898,0.749919,0.029183
smids/Abnormal_Sperm/Abnormal_Sperm (276).bmp,0,0,1,1,0.237795,0.735433,0.026772
smids/Abnormal_Sperm/Abnormal_Sperm (28).bmp,0,0,1,0,0.751649,0.033377,0.214974
smids/Abnormal_Sperm/Abnormal_Sperm (31).bmp,0,0,1,1,0.246483,0.721185,0.032332
smids/Abnormal_Sperm/Abnormal_Sperm (320).bmp,0,0,1,1,0.254093,0.720842,0.025065
smids/Abnormal_Sperm/Abnormal_Sperm (321).bmp,0,0,1,1,0.224199,0.747253,0.028547
smids/Abnormal_Sperm/Abnormal_Sperm (333).bmp,0,0,1,0,0.726072,0.246444,0.027483
smids/Abnormal_Sperm/Abnormal_Sperm (335).bmp,0,0,1,0,0.730307,0.248344,0.021349
smids/Abnormal_Sperm/Abnormal_Sperm (342).bmp,0,0,1,1,0.244229,0.729506,0.026265
smids/Abnormal_Sperm/Abnormal_Sperm (343).bmp,0,0,1,1,0.238356,0.729852,0.031792
smids/Abnormal_Sperm/Abnormal_Sperm (345).bmp,0,0,1,1,0.320170,0.655744,0.024086
smids/Abnormal_Sperm/Abnormal_Sperm (35).bmp,0,0,1,1,0.266163,0.710530,0.023307
smids/Abnormal_Sperm/Abnormal_Sperm (351).bmp,0,0,1,0,0.787294,0.183093,0.029613
smids/Abnormal_Sperm/Abnormal_Sperm (356).bmp,0,0,1,0,0.733474,0.241258,0.025268
smids/Abnormal_Sperm/Abnormal_Sperm (359).bmp,0,0,1,1,0.043758,0.740946,0.215296
smids/Abnormal_Sperm/Abnormal_Sperm (361).bmp,0,0,1,1,0.270604,0.700569,0.028828
smids/Abnormal_Sperm/Abnormal_Sperm (365).bmp,0,0,1,1,0.265786,0.707693,0.026521
smids/Abnormal_Sperm/Abnormal_Sperm (371).bmp,0,0,1,1,0.281737,0.693095,0.025168
smids/Abnormal_Sperm/Abnormal_Sperm (373).bmp,0,0,1,1,0.226514,0.746459,0.027027
smids/Abnormal_Sperm/Abnormal_Sperm (378).bmp,0,0,1,0,0.784638,0.191727,0.023635
smids/Abnormal_Sperm/Abnormal_Sperm (380).bmp,0,0,1,1,0.218914,0.750181,0.030906
smids/Abnormal_Sperm/Abnormal_Sperm (388).bmp,0,0,1,1,0.040187,0.690526,0.269287
smids/Abnormal_Sperm/Abnormal_Sperm (394).bmp,0,0,1,2,0.037446,0.221000,0.741554
smids/Abnormal_Sperm/Abnormal_Sperm (406).bmp,0,0,1,1,0.241337,0.734048,0.024615
smids/Abnormal_Sperm/Abnormal_Sperm (407).bmp,0,0,1,1,0.259846,0.712058,0.028096
smids/Abnormal_Sperm/Abnormal_Sperm (42).bmp,0,0,1,0,0.738215,0.240451,0.021334
smids/Abnormal_Sperm/Abnormal_Sperm (422).bmp,0,0,1,1,0.043795,0.741703,0.214503
smids/Abnormal_Sperm/Abnormal_Sperm (424).bmp,0,0,1,1,0.044542,0.730242,0.225216
smids/Abnormal_Sperm/Abnormal_Sperm (427).bmp,0,0,1,0,0.726976,0.250923,0.022101
smids/Abnormal_Sperm/Abnormal_Sperm (430).bmp,0,0,1,1,0.043424,0.714259,0.242317
smids/Abnormal_Sperm/Abnormal_Sperm (438).bmp,0,0,1,1,0.298295,0.675769,0.025936
smids/Abnormal_Sperm/Abnormal_Sperm (440).bmp,0,0,1,1,0.283360,0.693570,0.023070
smids/Abnormal_Sperm/Abnormal_Sperm (441).bmp,0,0,1,1,0.226208,0.748681,0.025111
smids/Abnormal_Sperm/Abnormal_Sperm (444).bmp,0,0,1,0,0.731292,0.247283,0.021425
smids/Abnormal_Sperm/Abnormal_Sperm (452).bmp,0,0,1,1,0.283384,0.693220,0.023396
smids/Abnormal_Sperm/Abnormal_Sperm (454).bmp,0,0,1,1,0.236657,0.739203,0.024141
smids/Abnormal_Sperm/Abnormal_Sperm (457).bmp,0,0,1,1,0.041927,0.750734,0.207339
smids/Abnormal_Sperm/Abnormal_Sperm (464).bmp,0,0,1,1,0.302767,0.675529,0.021703
smids/Abnormal_Sperm/Abnormal_Sperm (467).bmp,0,0,1,1,0.041242,0.727929,0.230829
smids/Abnormal_Sperm/Abnormal_Sperm (468).bmp,0,0,1,1,0.035163,0.665027,0.299810
smids/Abnormal_Sperm/Abnormal_Sperm (470).bmp,0,0,1,1,0.317527,0.660924,0.021550
smids/Abnormal_Sperm/Abnormal_Sperm (471).bmp,0,0,1,1,0.302002,0.675197,0.022800
smids/Abnormal_Sperm/Abnormal_Sperm (476).bmp,0,0,1,1,0.047864,0.709725,0.242411
smids/Abnormal_Sperm/Abnormal_Sperm (479).bmp,0,0,1,1,0.045266,0.726947,0.227787
smids/Abnormal_Sperm/Abnormal_Sperm (48).bmp,0,0,1,1,0.274484,0.696613,0.028902
smids/Abnormal_Sperm/Abnormal_Sperm (481).bmp,0,0,1,1,0.276804,0.690311,0.032884
smids/Abnormal_Sperm/Abnormal_Sperm (482).bmp,0,0,1,1,0.247735,0.719887,0.032378
smids/Abnormal_Sperm/Abnormal_Sperm (484).bmp,0,0,1,1,0.052832,0.710369,0.236799
smids/Abnormal_Sperm/Abnormal_Sperm (488).bmp,0,0,1,2,0.031561,0.231097,0.737342
smids/Abnormal_Sperm/Abnormal_Sperm (501).bmp,0,0,1,0,0.747578,0.226902,0.025521
smids/Abnormal_Sperm/Abnormal_Sperm (512).bmp,0,0,1,0,0.748943,0.227858,0.023199
smids/Abnormal_Sperm/Abnormal_Sperm (513).bmp,0,0,1,1,0.044706,0.705150,0.250144
smids/Abnormal_Sperm/Abnormal_Sperm (514).bmp,0,0,1,1,0.316126,0.661330,0.022543
smids/Abnormal_Sperm/Abnormal_Sperm (527).bmp,0,0,1,0,0.738990,0.238217,0.022793
smids/Abnormal_Sperm/Abnormal_Sperm (53).bmp,0,0,1,1,0.267347,0.697604,0.035050
smids/Abnormal_Sperm/Abnormal_Sperm (530).bmp,0,0,1,1,0.039613,0.712987,0.247400
smids/Abnormal_Sperm/Abnormal_Sperm (533).bmp,0,0,1,0,0.783757,0.192077,0.024166
smids/Abnormal_Sperm/Abnormal_Sperm (538).bmp,0,0,1,1,0.042320,0.708568,0.249112
smids/Abnormal_Sperm/Abnormal_Sperm (546).bmp,0,0,1,0,0.732089,0.245984,0.021926
smids/Abnormal_Sperm/Abnormal_Sperm (557).bmp,0,0,1,2,0.266044,0.027091,0.706865
smids/Abnormal_Sperm/Abnormal_Sperm (562).bmp,0,0,1,2,0.047595,0.201751,0.750654
smids/Abnormal_Sperm/Abnormal_Sperm (565).bmp,0,0,1,1,0.298380,0.677038,0.024583
smids/Abnormal_Sperm/Abnormal_Sperm (569).bmp,0,0,1,1,0.259298,0.710286,0.030416
smids/Abnormal_Sperm/Abnormal_Sperm (581).bmp,0,0,1,0,0.774104,0.198289,0.027607
smids/Abnormal_Sperm/Abnormal_Sperm (585).bmp,0,0,1,1,0.044366,0.672069,0.283565
smids/Abnormal_Sperm/Abnormal_Sperm (591).bmp,0,0,1,1,0.044764,0.649567,0.305669
smids/Abnormal_Sperm/Abnormal_Sperm (593).bmp,0,0,1,0,0.744530,0.231372,0.024098
smids/Abnormal_Sperm/Abnormal_Sperm (597).bmp,0,0,1,2,0.038322,0.216406,0.745272
smids/Abnormal_Sperm/Abnormal_Sperm (598).bmp,0,0,1,1,0.264269,0.704068,0.031664
smids/Abnormal_Sperm/Abnormal_Sperm (599).bmp,0,0,1,0,0.743784,0.228798,0.027417
smids/Abnormal_Sperm/Abnormal_Sperm (600).bmp,0,0,1,1,0.267160,0.701261,0.031579
smids/Abnormal_Sperm/Abnormal_Sperm (603).bmp,0,0,1,1,0.310695,0.664710,0.024595
smids/Abnormal_Sperm/Abnormal_Sperm (609).bmp,0,0,1,0,0.752901,0.218663,0.028436
smids/Abnormal_Sperm/Abnormal_Sperm (610).bmp,0,0,1,1,0.318575,0.658062,0.023363
smids/Abnormal_Sperm/Abnormal_Sperm (618).bmp,0,0,1,1,0.258607,0.716477,0.024916
smids/Abnormal_Sperm/Abnormal_Sperm (620).bmp,0,0,1,1,0.040577,0.716462,0.242961
smids/Abnormal_Sperm/Abnormal_Sperm (624).bmp,0,0,1,1,0.306874,0.669584,0.023542
smids/Abnormal_Sperm/Abnormal_Sperm (627).bmp,0,0,1,2,0.036269,0.196033,0.767697
smids/Abnormal_Sperm/Abnormal_Sperm (634).bmp,0,0,1,1,0.267886,0.708363,0.023751
smids/Abnormal_Sperm/Abnormal_Sperm (639).bmp,0,0,1,1,0.239073,0.733199,0.027728
smids/Abnormal_Sperm/Abnormal_Sperm (645).bmp,0,0,1,1,0.273054,0.702276,0.024670
smids/Abnormal_Sperm/Abnormal_Sperm (647).bmp,0,0,1,1,0.310528,0.666289,0.023184
smids/Abnormal_Sperm/Abnormal_Sperm (648).bmp,0,0,1,1,0.242823,0.730081,0.027096
smids/Abnormal_Sperm/Abnormal_Sperm (655).bmp,0,0,1,0,0.748071,0.230380,0.021549
smids/Abnormal_Sperm/Abnormal_Sperm (662).bmp,0,0,1,1,0.037728,0.682080,0.280191
smids/Abnormal_Sperm/Abnormal_Sperm (666).bmp,0,0,1,1,0.040034,0.712138,0.247828
smids/Abnormal_Sperm/Abnormal_Sperm (670).bmp,0,0,1,1,0.324657,0.652906,0.022437
smids/Abnormal_Sperm/Abnormal_Sperm (679).bmp,0,0,1,1,0.324205,0.654033,0.021761
smids/Abnormal_Sperm/Abnormal_Sperm (684).bmp,0,0,1,1,0.316390,0.657322,0.026288
smids/Abnormal_Sperm/Abnormal_Sperm (685).bmp,0,0,1,0,0.744090,0.232606,0.023305
smids/Abnormal_Sperm/Abnormal_Sperm (686).bmp,0,0,1,1,0.233732,0.738689,0.027579
smids/Abnormal_Sperm/Abnormal_Sperm (69).bmp,0,0,1,0,0.736279,0.239134,0.024587
smids/Abnormal_Sperm/Abnormal_Sperm (693).bmp,0,0,1,1,0.286760,0.685372,0.027868
smids/Abnormal_Sperm/Abnormal_Sperm (696).bmp,0,0,1,1,0.234707,0.736493,0.028801
smids/Abnormal_Sperm/Abnormal_Sperm (705).bmp,0,0,1,0,0.380093,0.241695,0.378212
smids/Abnormal_Sperm/Abnormal_Sperm (707).bmp,0,0,1,1,0.322087,0.655346,0.022567
smids/Abnormal_Sperm/Abnormal_Sperm (713).bmp,0,0,1,1,0.326243,0.652253,0.021504
smids/Abnormal_Sperm/Abnormal_Sperm (715).bmp,0,0,1,1,0.331952,0.647720,0.020328
smids/Abnormal_Sperm/Abnormal_Sperm (720).bmp,0,0,1,1,0.247296,0.726757,0.025947
smids/Abnormal_Sperm/Abnormal_Sperm (738).bmp,0,0,1,1,0.231653,0.744232,0.024115
smids/Abnormal_Sperm/Abnormal_Sperm (740).bmp,0,0,1,1,0.269993,0.706060,0.023947
smids/Abnormal_Sperm/Abnormal_Sperm (752).bmp,0,0,1,1,0.042749,0.747576,0.209675
smids/Abnormal_Sperm/Abnormal_Sperm (756).bmp,0,0,1,1,0.233286,0.740587,0.026126
smids/Abnormal_Sperm/Abnormal_Sperm (777).bmp,0,0,1,0,0.731795,0.247578,0.020628
smids/Abnormal_Sperm/Abnormal_Sperm (780).bmp,0,0,1,1,0.039193,0.688242,0.272564
smids/Abnormal_Sperm/Abnormal_Sperm (787).bmp,0,0,1,1,0.307918,0.668069,0.024014
smids/Abnormal_Sperm/Abnormal_Sperm (790).bmp,0,0,1,1,0.308559,0.667795,0.023647
smids/Abnormal_Sperm/Abnormal_Sperm (797).bmp,0,0,1,0,0.736618,0.242176,0.021206
smids/Abnormal_Sperm/Abnormal_Sperm (80).bmp,0,0,1,1,0.221933,0.751503,0.026564
smids/Abnormal_Sperm/Abnormal_Sperm (805).bmp,0,0,1,1,0.303302,0.671471,0.025227
smids/Abnormal_Sperm/Abnormal_Sperm (811).bmp,0,0,1,0,0.773096,0.204233,0.022671
smids/Abnormal_Sperm/Abnormal_Sperm (816).bmp,0,0,1,1,0.258240,0.718166,0.023594
smids/Abnormal_Sperm/Abnormal_Sperm (819).bmp,0,0,1,1,0.287959,0.689060,0.022981
smids/Abnormal_Sperm/Abnormal_Sperm (822).bmp,0,0,1,0,0.738359,0.238965,0.022676
smids/Abnormal_Sperm/Abnormal_Sperm (828).bmp,0,0,1,1,0.301809,0.675645,0.022546
smids/Abnormal_Sperm/Abnormal_Sperm (83).bmp,0,0,1,1,0.274930,0.699273,0.025797
smids/Abnormal_Sperm/Abnormal_Sperm (832).bmp,0,0,1,1,0.277708,0.698773,0.023519
smids/Abnormal_Sperm/Abnormal_Sperm (837).bmp,0,0,1,0,0.810955,0.165996,0.023049
smids/Abnormal_Sperm/Abnormal_Sperm (842).bmp,0,0,1,0,0.736915,0.241851,0.021234
smids/Abnormal_Sperm/Abnormal_Sperm (844).bmp,0,0,1,2,0.045086,0.210917,0.743997
smids/Abnormal_Sperm/Abnormal_Sperm (848).bmp,0,0,1,0,0.732834,0.244871,0.022295
smids/Abnormal_Sperm/Abnormal_Sperm (853).bmp,0,0,1,1,0.316931,0.660337,0.022732
smids/Abnormal_Sperm/Abnormal_Sperm (854).bmp,0,0,1,1,0.319250,0.659007,0.021742
smids/Abnormal_Sperm/Abnormal_Sperm (857).bmp,0,0,1,1,0.261110,0.713671,0.025219
smids/Abnormal_Sperm/Abnormal_Sperm (863).bmp,0,0,1,1,0.235524,0.736982,0.027494
smids/Abnormal_Sperm/Abnormal_Sperm (869).bmp,0,0,1,1,0.298008,0.679638,0.022354
smids/Abnormal_Sperm/Abnormal_Sperm (878).bmp,0,0,1,1,0.310510,0.667854,0.021635
smids/Abnormal_Sperm/Abnormal_Sperm (889).bmp,0,0,1,1,0.290591,0.684729,0.024679
smids/Abnormal_Sperm/Abnormal_Sperm (892).bmp,0,0,1,0,0.735245,0.243780,0.020975
smids/Abnormal_Sperm/Abnormal_Sperm (895).bmp,0,0,1,1,0.329748,0.648754,0.021497
smids/Abnormal_Sperm/Abnormal_Sperm (900).bmp,0,0,1,1,0.045143,0.680007,0.274850
smids/Abnormal_Sperm/Abnormal_Sperm (901).bmp,0,0,1,1,0.046199,0.703736,0.250064
smids/Abnormal_Sperm/Abnormal_Sperm (903).bmp,0,0,1,1,0.323755,0.651849,0.024396
smids/Abnormal_Sperm/Abnormal_Sperm (907).bmp,0,0,1,1,0.275861,0.694892,0.029247
smids/Abnormal_Sperm/Abnormal_Sperm (908).bmp,0,0,1,1,0.270004,0.704123,0.025873
smids/Abnormal_Sperm/Abnormal_Sperm (909).bmp,0,0,1,1,0.267409,0.706551,0.026040
smids/Abnormal_Sperm/Abnormal_Sperm (911).bmp,0,0,1,1,0.301748,0.674108,0.024144
smids/Abnormal_Sperm/Abnormal_Sperm (919).bmp,0,0,1,0,0.762492,0.210611,0.026897
smids/Abnormal_Sperm/Abnormal_Sperm (920).bmp,0,0,1,0,0.744817,0.036836,0.218347
smids/Abnormal_Sperm/Abnormal_Sperm (925).bmp,0,0,1,0,0.731773,0.246757,0.021470
smids/Abnormal_Sperm/Abnormal_Sperm (930).bmp,0,0,1,1,0.325868,0.645966,0.028166
smids/Abnormal_Sperm/Abnormal_Sperm (931).bmp,0,0,1,0,0.746977,0.228565,0.024458
smids/Abnormal_Sperm/Abnormal_Sperm (944).bmp,0,0,1,1,0.242205,0.733564,0.024231
smids/Abnormal_Sperm/Abnormal_Sperm (945).bmp,0,0,1,1,0.304408,0.671234,0.024358
smids/Abnormal_Sperm/Abnormal_Sperm (948).bmp,0,0,1,1,0.316492,0.660302,0.023205
smids/Abnormal_Sperm/Abnormal_Sperm (955).bmp,0,0,1,1,0.302737,0.674836,0.022427
smids/Abnormal_Sperm/Abnormal_Sperm (957).bmp,0,0,1,1,0.046658,0.706805,0.246537
smids/Abnormal_Sperm/Abnormal_Sperm (962).bmp,0,0,1,1,0.034331,0.652713,0.312956
smids/Abnormal_Sperm/Abnormal_Sperm (967).bmp,0,0,1,1,0.038547,0.682273,0.279180
smids/Abnormal_Sperm/Abnormal_Sperm (974).bmp,0,0,1,1,0.245964,0.728596,0.025439
smids/Abnormal_Sperm/Abnormal_Sperm (975).bmp,0,0,1,1,0.041251,0.736359,0.222390
smids/Abnormal_Sperm/Abnormal_Sperm (976).bmp,0,0,1,0,0.750966,0.210233,0.038801
smids/Abnormal_Sperm/Abnormal_Sperm (982).bmp,0,0,1,1,0.041483,0.724482,0.234036
smids/Abnormal_Sperm/Abnormal_Sperm (989).bmp,0,0,1,2,0.039012,0.224701,0.736287
smids/Abnormal_Sperm/Abnormal_Sperm (99).bmp,0,0,1,1,0.304582,0.673039,0.022379
smids/Abnormal_Sperm/Abnormal_Sperm (994).bmp,0,0,1,0,0.747855,0.229820,0.022325
smids/Non-Sperm/Non-Sperm (106).bmp,0,0,2,2,0.037554,0.148428,0.814018
smids/Non-Sperm/Non-Sperm (113).bmp,0,0,2,2,0.033244,0.150847,0.815909
smids/Non-Sperm/Non-Sperm (116).bmp,0,0,2,2,0.034578,0.149219,0.816202
smids/Non-Sperm/Non-Sperm (120).bmp,0,0,2,2,0.035872,0.144077,0.820051
smids/Non-Sperm/Non-Sperm (128).bmp,0,0,2,2,0.030547,0.222846,0.746606
smids/Non-Sperm/Non-Sperm (131).bmp,0,0,2,2,0.191301,0.027474,0.781225
smids/Non-Sperm/Non-Sperm (132).bmp,0,0,2,2,0.200961,0.028577,0.770462
smids/Non-Sperm/Non-Sperm (139).bmp,0,0,2,2,0.037903,0.158681,0.803416
smids/Non-Sperm/Non-Sperm (145).bmp,0,0,2,2,0.038825,0.192805,0.768371
smids/Non-Sperm/Non-Sperm (148).bmp,0,0,2,2,0.039060,0.161778,0.799162
smids/Non-Sperm/Non-Sperm (149).bmp,0,0,2,2,0.192645,0.027639,0.779716
smids/Non-Sperm/Non-Sperm (154).bmp,0,0,2,2,0.035188,0.147782,0.817029
smids/Non-Sperm/Non-Sperm (155).bmp,0,0,2,2,0.035545,0.142279,0.822175
smids/Non-Sperm/Non-Sperm (162).bmp,0,0,2,2,0.037332,0.144411,0.818257
smids/Non-Sperm/Non-Sperm (163).bmp,0,0,2,2,0.034909,0.227110,0.737981
smids/Non-Sperm/Non-Sperm (175).bmp,0,0,2,2,0.038187,0.147215,0.814598
smids/Non-Sperm/Non-Sperm (176).bmp,0,0,2,2,0.039158,0.180465,0.780377
smids/Non-Sperm/Non-Sperm (178).bmp,0,0,2,2,0.037816,0.170771,0.791413
smids/Non-Sperm/Non-Sperm (195).bmp,0,0,2,2,0.039796,0.196335,0.763869
smids/Non-Sperm/Non-Sperm (197).bmp,0,0,2,2,0.032390,0.229924,0.737687
smids/Non-Sperm/Non-Sperm (203).bmp,0,0,2,2,0.189984,0.027122,0.782893
smids/Non-Sperm/Non-Sperm (209).bmp,0,0,2,2,0.034880,0.150427,0.814694
smids/Non-Sperm/Non-Sperm (217).bmp,0,0,2,2,0.035724,0.158136,0.806140
smids/Non-Sperm/Non-Sperm (220).bmp,0,0,2,2,0.037153,0.161019,0.801828
smids/Non-Sperm/Non-Sperm (224).bmp,0,0,2,2,0.037614,0.147514,0.814872
smids/Non-Sperm/Non-Sperm (231).bmp,0,0,2,2,0.035747,0.174193,0.790060
smids/Non-Sperm/Non-Sperm (232).bmp,0,0,2,2,0.037354,0.174808,0.787839
smids/Non-Sperm/Non-Sperm (236).bmp,0,0,2,2,0.038226,0.163563,0.798210
smids/Non-Sperm/Non-Sperm (246).bmp,0,0,2,2,0.189421,0.027678,0.782901
smids/Non-Sperm/Non-Sperm (251).bmp,0,0,2,2,0.195223,0.030335,0.774442
smids/Non-Sperm/Non-Sperm (257).bmp,0,0,2,2,0.037893,0.159067,0.803040
smids/Non-Sperm/Non-Sperm (262).bmp,0,0,2,2,0.036565,0.165332,0.798103
smids/Non-Sperm/Non-Sperm (271).bmp,0,0,2,2,0.200161,0.029290,0.770548
smids/Non-Sperm/Non-Sperm (273).bmp,0,0,2,2,0.038924,0.157575,0.803501
smids/Non-Sperm/Non-Sperm (278).bmp,0,0,2,2,0.225305,0.027361,0.747334
smids/Non-Sperm/Non-Sperm (281).bmp,0,0,2,2,0.223170,0.027762,0.749068
smids/Non-Sperm/Non-Sperm (283).bmp,0,0,2,2,0.037973,0.146007,0.816020
smids/Non-Sperm/Non-Sperm (292).bmp,0,0,2,2,0.036792,0.146104,0.817103
smids/Non-Sperm/Non-Sperm (295).bmp,0,0,2,2,0.194814,0.031218,0.773968
smids/Non-Sperm/Non-Sperm (302).bmp,0,0,2,2,0.037684,0.143138,0.819178
smids/Non-Sperm/Non-Sperm (308).bmp,0,0,2,2,0.035795,0.177818,0.786387
smids/Non-Sperm/Non-Sperm (317).bmp,0,0,2,2,0.191226,0.028475,0.780300
smids/Non-Sperm/Non-Sperm (319).bmp,0,0,2,2,0.034073,0.162919,0.803008
smids/Non-Sperm/Non-Sperm (324).bmp,0,0,2,2,0.209422,0.027046,0.763532
smids/Non-Sperm/Non-Sperm (329).bmp,0,0,2,2,0.034626,0.153814,0.811560
smids/Non-Sperm/Non-Sperm (337).bmp,0,0,2,2,0.031898,0.189160,0.778942
smids/Non-Sperm/Non-Sperm (343).bmp,0,0,2,2,0.040125,0.150664,0.809211
smids/Non-Sperm/Non-Sperm (348).bmp,0,0,2,2,0.035433,0.150840,0.813727
smids/Non-Sperm/Non-Sperm (351).bmp,0,0,2,1,0.056457,0.687429,0.256115
smids/Non-Sperm/Non-Sperm (352).bmp,0,0,2,2,0.035875,0.151909,0.812216
smids/Non-Sperm/Non-Sperm (356).bmp,0,0,2,2,0.036367,0.155385,0.808249
smids/Non-Sperm/Non-Sperm (365).bmp,0,0,2,1,0.260915,0.705419,0.033666
smids/Non-Sperm/Non-Sperm (368).bmp,0,0,2,2,0.032215,0.204666,0.763119
smids/Non-Sperm/Non-Sperm (372).bmp,0,0,2,2,0.034177,0.181449,0.784374
smids/Non-Sperm/Non-Sperm (383).bmp,0,0,2,2,0.034843,0.210032,0.755125
smids/Non-Sperm/Non-Sperm (388).bmp,0,0,2,2,0.227292,0.026841,0.745867
smids/Non-Sperm/Non-Sperm (392).bmp,0,0,2,0,0.710365,0.031440,0.258195
smids/Non-Sperm/Non-Sperm (394).bmp,0,0,2,2,0.034936,0.178529,0.786535
smids/Non-Sperm/Non-Sperm (397).bmp,0,0,2,2,0.041081,0.153346,0.805573
smids/Non-Sperm/Non-Sperm (402).bmp,0,0,2,2,0.039522,0.198123,0.762355
smids/Non-Sperm/Non-Sperm (406).bmp,0,0,2,1,0.037189,0.639547,0.323264
smids/Non-Sperm/Non-Sperm (416).bmp,0,0,2,2,0.032452,0.206312,0.761236
smids/Non-Sperm/Non-Sperm (417).bmp,0,0,2,2,0.234068,0.032443,0.733488
smids/Non-Sperm/Non-Sperm (419).bmp,0,0,2,2,0.037871,0.152703,0.809426
smids/Non-Sperm/Non-Sperm (427).bmp,0,0,2,2,0.034711,0.211381,0.753908
smids/Non-Sperm/Non-Sperm (431).bmp,0,0,2,2,0.197169,0.029601,0.773230
smids/Non-Sperm/Non-Sperm (44).bmp,0,0,2,2,0.035115,0.176662,0.788223
smids/Non-Sperm/Non-Sperm (443).bmp,0,0,2,2,0.039458,0.151214,0.809329
smids/Non-Sperm/Non-Sperm (451).bmp,0,0,2,1,0.047066,0.668652,0.284282
smids/Non-Sperm/Non-Sperm (458).bmp,0,0,2,2,0.037539,0.150977,0.811484
smids/Non-Sperm/Non-Sperm (471).bmp,0,0,2,2,0.206760,0.029208,0.764032
smids/Non-Sperm/Non-Sperm (476).bmp,0,0,2,2,0.187613,0.028046,0.784341
smids/Non-Sperm/Non-Sperm (483).bmp,0,0,2,2,0.035690,0.187370,0.776940
smids/Non-Sperm/Non-Sperm (488).bmp,0,0,2,2,0.037576,0.190891,0.771533
smids/Non-Sperm/Non-Sperm (49).bmp,0,0,2,1,0.041741,0.707222,0.251037
smids/Non-Sperm/Non-Sperm (490).bmp,0,0,2,2,0.037627,0.205770,0.756603
smids/Non-Sperm/Non-Sperm (492).bmp,0,0,2,2,0.035330,0.141502,0.823168
smids/Non-Sperm/Non-Sperm (494).bmp,0,0,2,2,0.036926,0.221404,0.741670
smids/Non-Sperm/Non-Sperm (505).bmp,0,0,2,2,0.038051,0.165872,0.796077
smids/Non-Sperm/Non-Sperm (51).bmp,0,0,2,2,0.036915,0.167580,0.795505
smids/Non-Sperm/Non-Sperm (517).bmp,0,0,2,2,0.037177,0.194823,0.768001
smids/Non-Sperm/Non-Sperm (523).bmp,0,0,2,2,0.047135,0.172193,0.780672
smids/Non-Sperm/Non-Sperm (529).bmp,0,0,2,2,0.033504,0.204577,0.761919
smids/Non-Sperm/Non-Sperm (538).bmp,0,0,2,2,0.038211,0.147324,0.814465
smids/Non-Sperm/Non-Sperm (542).bmp,0,0,2,2,0.038131,0.151938,0.809931
smids/Non-Sperm/Non-Sperm (545).bmp,0,0,2,2,0.040584,0.161861,0.797554
smids/Non-Sperm/Non-Sperm (548).bmp,0,0,2,2,0.194773,0.030054,0.775173
smids/Non-Sperm/Non-Sperm (550).bmp,0,0,2,2,0.183855,0.027282,0.788863
smids/Non-Sperm/Non-Sperm (552).bmp,0,0,2,0,0.708689,0.028794,0.262517
smids/Non-Sperm/Non-Sperm (557).bmp,0,0,2,2,0.038968,0.150621,0.810410
smids/Non-Sperm/Non-Sperm (566).bmp,0,0,2,2,0.044722,0.170756,0.784522
smids/Non-Sperm/Non-Sperm (568).bmp,0,0,2,2,0.037248,0.200874,0.761878
smids/Non-Sperm/Non-Sperm (569).bmp,0,0,2,2,0.031132,0.224405,0.744464
smids/Non-Sperm/Non-Sperm (570).bmp,0,0,2,2,0.040744,0.168247,0.791008
smids/Non-Sperm/Non-Sperm (579).bmp,0,0,2,2,0.037672,0.146844,0.815484
smids/Non-Sperm/Non-Sperm (580).bmp,0,0,2,2,0.196306,0.027355,0.776339
smids/Non-Sperm/Non-Sperm (585).bmp,0,0,2,2,0.034979,0.210390,0.754631
smids/Non-Sperm/Non-Sperm (592).bmp,0,0,2,2,0.033089,0.188594,0.778317
smids/Non-Sperm/Non-Sperm (595).bmp,0,0,2,2,0.036324,0.145997,0.817679
smids/Non-Sperm/Non-Sperm (596).bmp,0,0,2,2,0.194329,0.028379,0.777292
smids/Non-Sperm/Non-Sperm (614).bmp,0,0,2,2,0.187327,0.026748,0.785925
smids/Non-Sperm/Non-Sperm (616).bmp,0,0,2,2,0.039318,0.151799,0.808883
smids/Non-Sperm/Non-Sperm (624).bmp,0,0,2,2,0.037707,0.150254,0.812039
smids/Non-Sperm/Non-Sperm (626).bmp,0,0,2,2,0.192127,0.028555,0.779318
smids/Non-Sperm/Non-Sperm (629).bmp,0,0,2,2,0.036903,0.149681,0.813416
smids/Non-Sperm/Non-Sperm (630).bmp,0,0,2,2,0.035429,0.203364,0.761207
smids/Non-Sperm/Non-Sperm (635).bmp,0,0,2,2,0.036591,0.169841,0.793569
smids/Non-Sperm/Non-Sperm (637).bmp,0,0,2,2,0.031828,0.212596,0.755577
smids/Non-Sperm/Non-Sperm (64).bmp,0,0,2,2,0.039106,0.216453,0.744441
smids/Non-Sperm/Non-Sperm (640).bmp,0,0,2,2,0.037655,0.151291,0.811054
smids/Non-Sperm/Non-Sperm (641).bmp,0,0,2,2,0.035417,0.159526,0.805057
smids/Non-Sperm/Non-Sperm (645).bmp,0,0,2,2,0.036404,0.183950,0.779646
smids/Non-Sperm/Non-Sperm (648).bmp,0,0,2,2,0.034523,0.167778,0.797699
smids/Non-Sperm/Non-Sperm (652).bmp,0,0,2,2,0.038247,0.145540,0.816212
smids/Non-Sperm/Non-Sperm (654).bmp,0,0,2,2,0.205505,0.030274,0.764221
smids/Non-Sperm/Non-Sperm (655).bmp,0,0,2,2,0.037709,0.151724,0.810567
smids/Non-Sperm/Non-Sperm (656).bmp,0,0,2,2,0.032025,0.210356,0.757619
smids/Non-Sperm/Non-Sperm (661).bmp,0,0,2,2,0.034687,0.151700,0.813613
smids/Non-Sperm/Non-Sperm (667).bmp,0,0,2,2,0.034763,0.162267,0.802971
smids/Non-Sperm/Non-Sperm (668).bmp,0,0,2,2,0.034866,0.166082,0.799052
smids/Non-Sperm/Non-Sperm (682).bmp,0,0,2,2,0.035898,0.150872,0.813229
smids/Non-Sperm/Non-Sperm (690).bmp,0,0,2,2,0.211350,0.029847,0.758804
smids/Non-Sperm/Non-Sperm (694).bmp,0,0,2,2,0.036293,0.164135,0.799572
smids/Non-Sperm/Non-Sperm (702).bmp,0,0,2,1,0.047980,0.662697,0.289322
smids/Non-Sperm/Non-Sperm (708).bmp,0,0,2,2,0.034981,0.157963,0.807056
smids/Non-Sperm/Non-Sperm (710).bmp,0,0,2,2,0.032454,0.227202,0.740343
smids/Non-Sperm/Non-Sperm (716).bmp,0,0,2,2,0.033854,0.213536,0.752610
smids/Non-Sperm/Non-Sperm (718).bmp,0,0,2,2,0.033415,0.214775,0.751810
smids/Non-Sperm/Non-Sperm (719).bmp,0,0,2,1,0.046522,0.685453,0.268025
smids/Non-Sperm/Non-Sperm (725).bmp,0,0,2,2,0.038127,0.169094,0.792779
smids/Non-Sperm/Non-Sperm (730).bmp,0,0,2,2,0.256108,0.031848,0.712044
smids/Non-Sperm/Non-Sperm (731).bmp,0,0,2,2,0.034140,0.164587,0.801273
smids/Non-Sperm/Non-Sperm (732).bmp,0,0,2,2,0.037495,0.173481,0.789024
smids/Non-Sperm/Non-Sperm (733).bmp,0,0,2,2,0.035550,0.160439,0.804012
smids/Non-Sperm/Non-Sperm (735).bmp,0,0,2,2,0.035147,0.165021,0.799832
smids/Non-Sperm/Non-Sperm (738).bmp,0,0,2,2,0.035172,0.152608,0.812220
smids/Non-Sperm/Non-Sperm (741).bmp,0,0,2,2,0.033971,0.148986,0.817043
smids/Non-Sperm/Non-Sperm (742).bmp,0,0,2,2,0.033324,0.161440,0.805235
smids/Non-Sperm/Non-Sperm (749).bmp,0,0,2,2,0.032379,0.204838,0.762783
smids/Non-Sperm/Non-Sperm (75).bmp,0,0,2,1,0.046998,0.690356,0.262646
smids/Non-Sperm/Non-Sperm (750).bmp,0,0,2,2,0.035270,0.203989,0.760741
smids/Non-Sperm/Non-Sperm (76).bmp,0,0,2,1,0.040184,0.649521,0.310295
smids/Non-Sperm/Non-Sperm (765).bmp,0,0,2,2,0.038724,0.213162,0.748114
smids/Non-Sperm/Non-Sperm (767).bmp,0,0,2,2,0.191219,0.028814,0.779967
smids/Non-Sperm/Non-Sperm (769).bmp,0,0,2,2,0.034950,0.156217,0.808834
smids/Non-Sperm/Non-Sperm (770).bmp,0,0,2,2,0.189629,0.028024,0.782347
smids/Non-Sperm/Non-Sperm (772).bmp,0,0,2,2,0.033154,0.196450,0.770395
smids/Non-Sperm/Non-Sperm (782).bmp,0,0,2,2,0.256155,0.026181,0.717665
smids/Non-Sperm/Non-Sperm (785).bmp,0,0,2,2,0.193110,0.028379,0.778511
smids/Non-Sperm/Non-Sperm (792).bmp,0,0,2,0,0.675570,0.035696,0.288735
smids/Non-Sperm/Non-Sperm (802).bmp,0,0,2,2,0.035306,0.186402,0.778292
smids/Non-Sperm/Non-Sperm (805).bmp,0,0,2,2,0.035760,0.155621,0.808618
smids/Non-Sperm/Non-Sperm (807).bmp,0,0,2,2,0.035413,0.163619,0.800969
smids/Non-Sperm/Non-Sperm (814).bmp,0,0,2,2,0.036559,0.148491,0.814950
smids/Non-Sperm/Non-Sperm (817).bmp,0,0,2,2,0.226890,0.026748,0.746362
smids/Non-Sperm/Non-Sperm (828).bmp,0,0,2,2,0.033066,0.199630,0.767304
smids/Non-Sperm/Non-Sperm (830).bmp,0,0,2,2,0.037115,0.146746,0.816139
smids/Non-Sperm/Non-Sperm (838).bmp,0,0,2,2,0.040628,0.179285,0.780087
smids/Non-Sperm/Non-Sperm (849).bmp,0,0,2,2,0.037143,0.168425,0.794433
smids/Non-Sperm/Non-Sperm (858).bmp,0,0,2,2,0.039001,0.153973,0.807026
smids/Non-Sperm/Non-Sperm (860).bmp,0,0,2,2,0.032650,0.201058,0.766292
smids/Non-Sperm/Non-Sperm (862).bmp,0,0,2,2,0.036041,0.169806,0.794153
smids/Non-Sperm/Non-Sperm (867).bmp,0,0,2,1,0.039422,0.645912,0.314666
smids/Non-Sperm/Non-Sperm (868).bmp,0,0,2,2,0.039097,0.156584,0.804318
smids/Non-Sperm/Non-Sperm (876).bmp,0,0,2,2,0.043659,0.209073,0.747267
smids/Non-Sperm/Non-Sperm (879).bmp,0,0,2,2,0.039684,0.192147,0.768169
smids/Non-Sperm/Non-Sperm (88).bmp,0,0,2,1,0.280080,0.694352,0.025568
smids/Non-Sperm/Non-Sperm (882).bmp,0,0,2,2,0.039040,0.152159,0.808801
smids/Non-Sperm/Non-Sperm (883).bmp,0,0,2,2,0.039054,0.159391,0.801555
smids/Non-Sperm/Non-Sperm (887).bmp,0,0,2,2,0.227394,0.029714,0.742892
smids/Non-Sperm/Non-Sperm (891).bmp,0,0,2,1,0.288258,0.682356,0.029386
smids/Non-Sperm/Non-Sperm (90).bmp,0,0,2,2,0.037440,0.152422,0.810138
smids/Non-Sperm/Non-Sperm (900).bmp,0,0,2,0,0.735617,0.233155,0.031228
smids/Non-Sperm/Non-Sperm (903).bmp,0,0,2,1,0.236890,0.736153,0.026957
smids/Non-Sperm/Non-Sperm (905).bmp,0,0,2,1,0.054476,0.723739,0.221785
smids/Non-Sperm/Non-Sperm (908).bmp,0,0,2,1,0.041464,0.729015,0.229521
smids/Non-Sperm/Non-Sperm (910).bmp,0,0,2,2,0.033197,0.232189,0.734614
smids/Non-Sperm/Non-Sperm (918).bmp,0,0,2,2,0.032680,0.225344,0.741976
smids/Non-Sperm/Non-Sperm (920).bmp,0,0,2,2,0.033913,0.196724,0.769362
smids/Non-Sperm/Non-Sperm (926).bmp,0,0,2,2,0.031105,0.225253,0.743643
smids/Non-Sperm/Non-Sperm (928).bmp,0,0,2,1,0.248245,0.720302,0.031453
smids/Non-Sperm/Non-Sperm (930).bmp,0,0,2,2,0.035450,0.215810,0.748740
smids/Non-Sperm/Non-Sperm (932).bmp,0,0,2,0,0.802438,0.168533,0.029029
smids/Non-Sperm/Non-Sperm (935).bmp,0,0,2,2,0.035394,0.224164,0.740441
smids/Non-Sperm/Non-Sperm (940).bmp,0,0,2,2,0.041054,0.187108,0.771838
smids/Non-Sperm/Non-Sperm (942).bmp,0,0,2,2,0.245158,0.028312,0.726530
smids/Non-Sperm/Non-Sperm (946).bmp,0,0,2,2,0.033174,0.219987,0.746839
smids/Non-Sperm/Non-Sperm (949).bmp,0,0,2,2,0.037162,0.169145,0.793692
smids/Non-Sperm/Non-Sperm (954).bmp,0,0,2,2,0.206026,0.030757,0.763217
smids/Non-Sperm/Non-Sperm (969).bmp,0,0,2,1,0.041769,0.733914,0.224318
smids/Non-Sperm/Non-Sperm (97).bmp,0,0,2,2,0.035532,0.162356,0.802112
smids/Non-Sperm/Non-Sperm (970).bmp,0,0,2,2,0.036254,0.186764,0.776981
smids/Non-Sperm/Non-Sperm (971).bmp,0,0,2,2,0.040410,0.180670,0.778920
smids/Non-Sperm/Non-Sperm (974).bmp,0,0,2,2,0.043150,0.193159,0.763691
smids/Non-Sperm/Non-Sperm (98).bmp,0,0,2,2,0.191389,0.027439,0.781171
smids/Normal_Sperm/Normal_Sperm (1).bmp,0,0,0,0,0.759137,0.220305,0.020559
smids/Normal_Sperm/Normal_Sperm (1004).bmp,0,0,0,0,0.749782,0.032107,0.218112
smids/Normal_Sperm/Normal_Sperm (1019).bmp,0,0,0,1,0.269748,0.698148,0.032104
smids/Normal_Sperm/Normal_Sperm (1020).bmp,0,0,0,2,0.034054,0.208249,0.757697
smids/Normal_Sperm/Normal_Sperm (106).bmp,0,0,0,0,0.797490,0.177602,0.024908
smids/Normal_Sperm/Normal_Sperm (127).bmp,0,0,0,0,0.748970,0.225920,0.025110
smids/Normal_Sperm/Normal_Sperm (13).bmp,0,0,0,0,0.779423,0.186350,0.034227
smids/Normal_Sperm/Normal_Sperm (136).bmp,0,0,0,1,0.296060,0.674883,0.029057
smids/Normal_Sperm/Normal_Sperm (143).bmp,0,0,0,0,0.788719,0.188612,0.022669
smids/Normal_Sperm/Normal_Sperm (15).bmp,0,0,0,0,0.752119,0.223715,0.024166
smids/Normal_Sperm/Normal_Sperm (150).bmp,0,0,0,0,0.742954,0.228992,0.028053
smids/Normal_Sperm/Normal_Sperm (152).bmp,0,0,0,1,0.313715,0.660601,0.025685
smids/Normal_Sperm/Normal_Sperm (156).bmp,0,0,0,0,0.729637,0.249456,0.020907
smids/Normal_Sperm/Normal_Sperm (158).bmp,0,0,0,0,0.775963,0.201186,0.022851
smids/Normal_Sperm/Normal_Sperm (159).bmp,0,0,0,0,0.736624,0.242942,0.020434
smids/Normal_Sperm/Normal_Sperm (166).bmp,0,0,0,1,0.332686,0.644112,0.023202
smids/Normal_Sperm/Normal_Sperm (173).bmp,0,0,0,1,0.273439,0.700918,0.025643
smids/Normal_Sperm/Normal_Sperm (178).bmp,0,0,0,0,0.779660,0.192455,0.027885
smids/Normal_Sperm/Normal_Sperm (182).bmp,0,0,0,1,0.042797,0.744417,0.212786
smids/Normal_Sperm/Normal_Sperm (185).bmp,0,0,0,0,0.740900,0.238517,0.020583
smids/Normal_Sperm/Normal_Sperm (186).bmp,0,0,0,1,0.249728,0.719624,0.030648
smids/Normal_Sperm/Normal_Sperm (198).bmp,0,0,0,0,0.766179,0.210129,0.023692
smids/Normal_Sperm/Normal_Sperm (2).bmp,0,0,0,0,0.814984,0.158066,0.026950
smids/Normal_Sperm/Normal_Sperm (201).bmp,0,0,0,0,0.747545,0.228295,0.024160
smids/Normal_Sperm/Normal_Sperm (202).bmp,0,0,0,0,0.764279,0.213312,0.022409
smids/Normal_Sperm/Normal_Sperm (206).bmp,0,0,0,0,0.807820,0.168289,0.023891
smids/Normal_Sperm/Normal_Sperm (209).bmp,0,0,0,1,0.328242,0.651050,0.020708
smids/Normal_Sperm/Normal_Sperm (224).bmp,0,0,0,0,0.765315,0.211497,0.023187
smids/Normal_Sperm/Normal_Sperm (232).bmp,0,0,0,1,0.327297,0.652633,0.020070
smids/Normal_Sperm/Normal_Sperm (244).bmp,0,0,0,0,0.728180,0.251620,0.020200
smids/Normal_Sperm/Normal_Sperm (25).bmp,0,0,0,2,0.208475,0.029506,0.762019
smids/Normal_Sperm/Normal_Sperm (259).bmp,0,0,0,0,0.798153,0.180008,0.021838
smids/Normal_Sperm/Normal_Sperm (264).bmp,0,0,0,0,0.732524,0.244285,0.023191
smids/Normal_Sperm/Normal_Sperm (268).bmp,0,0,0,0,0.771069,0.030119,0.198812
smids/Normal_Sperm/Normal_Sperm (269).bmp,0,0,0,0,0.754078,0.224946,0.020975
smids/Normal_Sperm/Normal_Sperm (270).bmp,0,0,0,0,0.751155,0.032101,0.216744
smids/Normal_Sperm/Normal_Sperm (272).bmp,0,0,0,0,0.782891,0.194827,0.022282
smids/Normal_Sperm/Normal_Sperm (280).bmp,0,0,0,1,0.300969,0.666415,0.032616
smids/Normal_Sperm/Normal_Sperm (287).bmp,0,0,0,0,0.780098,0.192928,0.026975
smids/Normal_Sperm/Normal_Sperm (289).bmp,0,0,0,0,0.803900,0.173526,0.022574
smids/Normal_Sperm/Normal_Sperm (293).bmp,0,0,0,0,0.777872,0.200153,0.021975
smids/Normal_Sperm/Normal_Sperm (303).bmp,0,0,0,0,0.728962,0.250942,0.020096
smids/Normal_Sperm/Normal_Sperm (31).bmp,0,0,0,0,0.694790,0.036781,0.268429
smids/Normal_Sperm/Normal_Sperm (310).bmp,0,0,0,0,0.782153,0.190928,0.026919
smids/Normal_Sperm/Normal_Sperm (313).bmp,0,0,0,0,0.791402,0.185092,0.023507
smids/Normal_Sperm/Normal_Sperm (317).bmp,0,0,0,0,0.747633,0.230693,0.021674
smids/Normal_Sperm/Normal_Sperm (318).bmp,0,0,0,0,0.738303,0.238807,0.022890
smids/Normal_Sperm/Normal_Sperm (324).bmp,0,0,0,0,0.725211,0.252083,0.022705
smids/Normal_Sperm/Normal_Sperm (326).bmp,0,0,0,0,0.747265,0.227086,0.025649
smids/Normal_Sperm/Normal_Sperm (329).bmp,0,0,0,0,0.740714,0.237950,0.021336
smids/Normal_Sperm/Normal_Sperm (343).bmp,0,0,0,1,0.273389,0.696683,0.029929
smids/Normal_Sperm/Normal_Sperm (344).bmp,0,0,0,0,0.768219,0.207919,0.023862
smids/Normal_Sperm/Normal_Sperm (346).bmp,0,0,0,0,0.767374,0.203887,0.028739
smids/Normal_Sperm/Normal_Sperm (354).bmp,0,0,0,1,0.279114,0.696278,0.024607
smids/Normal_Sperm/Normal_Sperm (357).bmp,0,0,0,0,0.745741,0.233992,0.020267
smids/Normal_Sperm/Normal_Sperm (358).bmp,0,0,0,0,0.755531,0.223464,0.021005
smids/Normal_Sperm/Normal_Sperm (359).bmp,0,0,0,1,0.332618,0.643142,0.024240
smids/Normal_Sperm/Normal_Sperm (368).bmp,0,0,0,1,0.291092,0.684443,0.024465
smids/Normal_Sperm/Normal_Sperm (370).bmp,0,0,0,0,0.778233,0.199862,0.021905
smids/Normal_Sperm/Normal_Sperm (372).bmp,0,0,0,0,0.798471,0.174649,0.026880
smids/Normal_Sperm/Normal_Sperm (39).bmp,0,0,0,0,0.795012,0.179893,0.025095
smids/Normal_Sperm/Normal_Sperm (395).bmp,0,0,0,0,0.790441,0.182035,0.027524
smids/Normal_Sperm/Normal_Sperm (396).bmp,0,0,0,0,0.792073,0.182904,0.025023
smids/Normal_Sperm/Normal_Sperm (399).bmp,0,0,0,0,0.730354,0.248966,0.020680
smids/Normal_Sperm/Normal_Sperm (402).bmp,0,0,0,1,0.248946,0.726307,0.024747
smids/Normal_Sperm/Normal_Sperm (408).bmp,0,0,0,0,0.749521,0.229383,0.021096
smids/Normal_Sperm/Normal_Sperm (409).bmp,0,0,0,0,0.749013,0.230306,0.020680
smids/Normal_Sperm/Normal_Sperm (411).bmp,0,0,0,1,0.247071,0.728196,0.024732
smids/Normal_Sperm/Normal_Sperm (412).bmp,0,0,0,0,0.780795,0.196930,0.022275
smids/Normal_Sperm/Normal_Sperm (415).bmp,0,0,0,1,0.043604,0.751745,0.204651
smids/Normal_Sperm/Normal_Sperm (417).bmp,0,0,0,0,0.813723,0.160870,0.025407
smids/Normal_Sperm/Normal_Sperm (42).bmp,0,0,0,1,0.295916,0.675003,0.029080
smids/Normal_Sperm/Normal_Sperm (420).bmp,0,0,0,0,0.762578,0.215311,0.022111
smids/Normal_Sperm/Normal_Sperm (423).bmp,0,0,0,0,0.744940,0.233611,0.021448
smids/Normal_Sperm/Normal_Sperm (431).bmp,0,0,0,0,0.749414,0.230262,0.020324
smids/Normal_Sperm/Normal_Sperm (433).bmp,0,0,0,0,0.742706,0.235302,0.021992
smids/Normal_Sperm/Normal_Sperm (439).bmp,0,0,0,0,0.760430,0.218508,0.021062
smids/Normal_Sperm/Normal_Sperm (44).bmp,0,0,0,0,0.788701,0.185119,0.026180
smids/Normal_Sperm/Normal_Sperm (450).bmp,0,0,0,0,0.740334,0.236543,0.023123
smids/Normal_Sperm/Normal_Sperm (451).bmp,0,0,0,0,0.745105,0.233631,0.021264
smids/Normal_Sperm/Normal_Sperm (455).bmp,0,0,0,0,0.735345,0.244754,0.019901
smids/Normal_Sperm/Normal_Sperm (464).bmp,0,0,0,0,0.737943,0.237703,0.024353
smids/Normal_Sperm/Normal_Sperm (465).bmp,0,0,0,0,0.731693,0.247971,0.020336
smids/Normal_Sperm/Normal_Sperm (468).bmp,0,0,0,0,0.729298,0.249885,0.020817
smids/Normal_Sperm/Normal_Sperm (47).bmp,0,0,0,2,0.046127,0.161868,0.792005
smids/Normal_Sperm/Normal_Sperm (472).bmp,0,0,0,0,0.739802,0.238896,0.021303
smids/Normal_Sperm/Normal_Sperm (473).bmp,0,0,0,1,0.329990,0.649455,0.020554
smids/Normal_Sperm/Normal_Sperm (483).bmp,0,0,0,0,0.756762,0.221954,0.021284
smids/Normal_Sperm/Normal_Sperm (487).bmp,0,0,0,0,0.742851,0.235752,0.021397
smids/Normal_Sperm/Normal_Sperm (494).bmp,0,0,0,0,0.746627,0.232841,0.020533
smids/Normal_Sperm/Normal_Sperm (498).bmp,0,0,0,0,0.755916,0.221233,0.022850
smids/Normal_Sperm/Normal_Sperm (512).bmp,0,0,0,1,0.312691,0.662784,0.024526
smids/Normal_Sperm/Normal_Sperm (514).bmp,0,0,0,1,0.325296,0.652165,0.022539
smids/Normal_Sperm/Normal_Sperm (516).bmp,0,0,0,0,0.763665,0.212457,0.023879
smids/Normal_Sperm/Normal_Sperm (518).bmp,0,0,0,0,0.788055,0.186813,0.025132
smids/Normal_Sperm/Normal_Sperm (519).bmp,0,0,0,0,0.735513,0.241730,0.022757
smids/Normal_Sperm/Normal_Sperm (521).bmp,0,0,0,0,0.771412,0.207116,0.021472
smids/Normal_Sperm/Normal_Sperm (522).bmp,0,0,0,0,0.801839,0.172922,0.025240
smids/Normal_Sperm/Normal_Sperm (530).bmp,0,0,0,0,0.813024,0.164225,0.022752
smids/Normal_Sperm/Normal_Sperm (531).bmp,0,0,0,0,0.740876,0.238709,0.020415
smids/Normal_Sperm/Normal_Sperm (535).bmp,0,0,0,0,0.794716,0.181028,0.024256
smids/Normal_Sperm/Normal_Sperm (540).bmp,0,0,0,0,0.783661,0.193080,0.023259
smids/Normal_Sperm/Normal_Sperm (542).bmp,0,0,0,0,0.747161,0.232249,0.020590
smids/Normal_Sperm/Normal_Sperm (555).bmp,0,0,0,0,0.763950,0.212281,0.023769
smids/Normal_Sperm/Normal_Sperm (556).bmp,0,0,0,0,0.802514,0.173463,0.024022
smids/Normal_Sperm/Normal_Sperm (561).bmp,0,0,0,1,0.321580,0.655275,0.023146
smids/Normal_Sperm/Normal_Sperm (563).bmp,0,0,0,1,0.314260,0.661180,0.024560
smids/Normal_Sperm/Normal_Sperm (568).bmp,0,0,0,0,0.744516,0.234437,0.021047
smids/Normal_Sperm/Normal_Sperm (590).bmp,0,0,0,0,0.772028,0.205531,0.022441
smids/Normal_Sperm/Normal_Sperm (594).bmp,0,0,0,0,0.779909,0.197950,0.022141
smids/Normal_Sperm/Normal_Sperm (596).bmp,0,0,0,0,0.739375,0.239572,0.021053
smids/Normal_Sperm/Normal_Sperm (602).bmp,0,0,0,0,0.745587,0.231273,0.023139
smids/Normal_Sperm/Normal_Sperm (611).bmp,0,0,0,0,0.750893,0.227793,0.021314
smids/Normal_Sperm/Normal_Sperm (613).bmp,0,0,0,0,0.733425,0.245427,0.021148
smids/Normal_Sperm/Normal_Sperm (614).bmp,0,0,0,0,0.730452,0.249082,0.020466
smids/Normal_Sperm/Normal_Sperm (619).bmp,0,0,0,0,0.755811,0.221402,0.022787
smids/Normal_Sperm/Normal_Sperm (620).bmp,0,0,0,0,0.742475,0.235401,0.022124
smids/Normal_Sperm/Normal_Sperm (622).bmp,0,0,0,1,0.322761,0.656087,0.021152
smids/Normal_Sperm/Normal_Sperm (627).bmp,0,0,0,0,0.778789,0.200250,0.020961
smids/Normal_Sperm/Normal_Sperm (63).bmp,0,0,0,1,0.051687,0.678016,0.270296
smids/Normal_Sperm/Normal_Sperm (638).bmp,0,0,0,1,0.323220,0.654877,0.021903
smids/Normal_Sperm/Normal_Sperm (64).bmp,0,0,0,1,0.306456,0.669458,0.024086
smids/Normal_Sperm/Normal_Sperm (643).bmp,0,0,0,0,0.737080,0.241667,0.021254
smids/Normal_Sperm/Normal_Sperm (644).bmp,0,0,0,0,0.746067,0.228498,0.025435
smids/Normal_Sperm/Normal_Sperm (645).bmp,0,0,0,0,0.809262,0.166746,0.023992
smids/Normal_Sperm/Normal_Sperm (649).bmp,0,0,0,0,0.779108,0.197055,0.023837
smids/Normal_Sperm/Normal_Sperm (650).bmp,0,0,0,0,0.765712,0.212716,0.021572
smids/Normal_Sperm/Normal_Sperm (653).bmp,0,0,0,0,0.753043,0.226252,0.020704
smids/Normal_Sperm/Normal_Sperm (661).bmp,0,0,0,0,0.739028,0.237537,0.023435
smids/Normal_Sperm/Normal_Sperm (668).bmp,0,0,0,0,0.757054,0.220220,0.022726
smids/Normal_Sperm/Normal_Sperm (676).bmp,0,0,0,0,0.811034,0.165438,0.023528
smids/Normal_Sperm/Normal_Sperm (679).bmp,0,0,0,0,0.789166,0.186623,0.024211
smids/Normal_Sperm/Normal_Sperm (68).bmp,0,0,0,0,0.785131,0.191427,0.023442
smids/Normal_Sperm/Normal_Sperm (682).bmp,0,0,0,0,0.816296,0.160793,0.022910
smids/Normal_Sperm/Normal_Sperm (684).bmp,0,0,0,0,0.730676,0.246296,0.023028
smids/Normal_Sperm/Normal_Sperm (702).bmp,0,0,0,0,0.738782,0.240295,0.020923
smids/Normal_Sperm/Normal_Sperm (705).bmp,0,0,0,1,0.321785,0.655574,0.022640
smids/Normal_Sperm/Normal_Sperm (707).bmp,0,0,0,1,0.286661,0.680357,0.032982
smids/Normal_Sperm/Normal_Sperm (711).bmp,0,0,0,0,0.767467,0.211614,0.020919
smids/Normal_Sperm/Normal_Sperm (725).bmp,0,0,0,0,0.771656,0.029815,0.198529
smids/Normal_Sperm/Normal_Sperm (727).bmp,0,0,0,0,0.809207,0.165494,0.025298
smids/Normal_Sperm/Normal_Sperm (728).bmp,0,0,0,1,0.322433,0.655283,0.022284
smids/Normal_Sperm/Normal_Sperm (734).bmp,0,0,0,0,0.802899,0.172456,0.024645
smids/Normal_Sperm/Normal_Sperm (736).bmp,0,0,0,0,0.814094,0.163255,0.022651
smids/Normal_Sperm/Normal_Sperm (745).bmp,0,0,0,0,0.770243,0.206177,0.023580
smids/Normal_Sperm/Normal_Sperm (75).bmp,0,0,0,0,0.702756,0.032608,0.264636
smids/Normal_Sperm/Normal_Sperm (753).bmp,0,0,0,0,0.754668,0.224184,0.021148
smids/Normal_Sperm/Normal_Sperm (755).bmp,0,0,0,0,0.793376,0.184032,0.022592
smids/Normal_Sperm/Normal_Sperm (76).bmp,0,0,0,0,0.732151,0.032525,0.235323
smids/Normal_Sperm/Normal_Sperm (764).bmp,0,0,0,0,0.790391,0.184478,0.025131
smids/Normal_Sperm/Normal_Sperm (767).bmp,0,0,0,0,0.795321,0.175088,0.029591
smids/Normal_Sperm/Normal_Sperm (77).bmp,0,0,0,0,0.799074,0.170610,0.030315
smids/Normal_Sperm/Normal_Sperm (78).bmp,0,0,0,0,0.804346,0.169843,0.025811
smids/Normal_Sperm/Normal_Sperm (782).bmp,0,0,0,0,0.769239,0.209284,0.021477
smids/Normal_Sperm/Normal_Sperm (787).bmp,0,0,0,2,0.241484,0.032157,0.726359
smids/Normal_Sperm/Normal_Sperm (79).bmp,0,0,0,0,0.744869,0.232087,0.023043
smids/Normal_Sperm/Normal_Sperm (791).bmp,0,0,0,1,0.311713,0.663402,0.024885
smids/Normal_Sperm/Normal_Sperm (795).bmp,0,0,0,0,0.751758,0.225242,0.023000
smids/Normal_Sperm/Normal_Sperm (797).bmp,0,0,0,0,0.756487,0.221038,0.022475
smids/Normal_Sperm/Normal_Sperm (799).bmp,0,0,0,0,0.795151,0.181129,0.023720
smids/Normal_Sperm/Normal_Sperm (80).bmp,0,0,0,0,0.800136,0.176151,0.023713
smids/Normal_Sperm/Normal_Sperm (801).bmp,0,0,0,0,0.796470,0.176443,0.027087
smids/Normal_Sperm/Normal_Sperm (808).bmp,0,0,0,0,0.768762,0.208375,0.022863
smids/Normal_Sperm/Normal_Sperm (815).bmp,0,0,0,0,0.809792,0.166237,0.023971
smids/Normal_Sperm/Normal_Sperm (818).bmp,0,0,0,0,0.754632,0.212926,0.032441
smids/Normal_Sperm/Normal_Sperm (82).bmp,0,0,0,0,0.734099,0.240892,0.025009
smids/Normal_Sperm/Normal_Sperm (838).bmp,0,0,0,0,0.770106,0.207223,0.022672
smids/Normal_Sperm/Normal_Sperm (839).bmp,0,0,0,1,0.297421,0.679523,0.023056
smids/Normal_Sperm/Normal_Sperm (850).bmp,0,0,0,0,0.761104,0.212219,0.026678
smids/Normal_Sperm/Normal_Sperm (851).bmp,0,0,0,1,0.296922,0.676964,0.026114
smids/Normal_Sperm/Normal_Sperm (853).bmp,0,0,0,0,0.727479,0.251622,0.020900
smids/Normal_Sperm/Normal_Sperm (867).bmp,0,0,0,0,0.740608,0.233414,0.025977
smids/Normal_Sperm/Normal_Sperm (87).bmp,0,0,0,0,0.798477,0.177070,0.024453
smids/Normal_Sperm/Normal_Sperm (880).bmp,0,0,0,1,0.246091,0.728849,0.025060
smids/Normal_Sperm/Normal_Sperm (885).bmp,0,0,0,0,0.739863,0.239032,0.021105
smids/Normal_Sperm/Normal_Sperm (89).bmp,0,0,0,0,0.805229,0.165179,0.029592
smids/Normal_Sperm/Normal_Sperm (901).bmp,0,0,0,0,0.756370,0.222719,0.020910
smids/Normal_Sperm/Normal_Sperm (91).bmp,0,0,0,0,0.773458,0.195740,0.030802
smids/Normal_Sperm/Normal_Sperm (913).bmp,0,0,0,0,0.810526,0.163254,0.026220
smids/Normal_Sperm/Normal_Sperm (917).bmp,0,0,0,0,0.785223,0.189205,0.025572
smids/Normal_Sperm/Normal_Sperm (918).bmp,0,0,0,0,0.736635,0.240674,0.022692
smids/Normal_Sperm/Normal_Sperm (921).bmp,0,0,0,0,0.756228,0.221159,0.022614
smids/Normal_Sperm/Normal_Sperm (927).bmp,0,0,0,0,0.722835,0.255975,0.021191
smids/Normal_Sperm/Normal_Sperm (929).bmp,0,0,0,0,0.782684,0.194878,0.022438
smids/Normal_Sperm/Normal_Sperm (930).bmp,0,0,0,2,0.194213,0.028347,0.777441
smids/Normal_Sperm/Normal_Sperm (935).bmp,0,0,0,1,0.252106,0.721962,0.025932
smids/Normal_Sperm/Normal_Sperm (939).bmp,0,0,0,0,0.765046,0.209361,0.025593
smids/Normal_Sperm/Normal_Sperm (940).bmp,0,0,0,0,0.753599,0.224845,0.021556
smids/Normal_Sperm/Normal_Sperm (942).bmp,0,0,0,0,0.740071,0.238983,0.020946
smids/Normal_Sperm/Normal_Sperm (949).bmp,0,0,0,0,0.744988,0.233844,0.021167
smids/Normal_Sperm/Normal_Sperm (952).bmp,0,0,0,1,0.052131,0.733317,0.214552
smids/Normal_Sperm/Normal_Sperm (954).bmp,0,0,0,1,0.318174,0.658353,0.023474
smids/Normal_Sperm/Normal_Sperm (956).bmp,0,0,0,1,0.048831,0.722069,0.229100
smids/Normal_Sperm/Normal_Sperm (957).bmp,0,0,0,1,0.322581,0.655541,0.021878
smids/Normal_Sperm/Normal_Sperm (959).bmp,0,0,0,1,0.229905,0.741142,0.028953
smids/Normal_Sperm/Normal_Sperm (962).bmp,0,0,0,1,0.039607,0.671895,0.288498
smids/Normal_Sperm/Normal_Sperm (977).bmp,0,0,0,1,0.306493,0.665911,0.027596
smids/Normal_Sperm/Normal_Sperm (983).bmp,0,0,0,1,0.248831,0.726930,0.024239
smids/Normal_Sperm/Normal_Sperm (99).bmp,0,0,0,0,0.806618,0.169169,0.024214
smids/Normal_Sperm/Normal_Sperm (995).bmp,0,0,0,0,0.801619,0.173513,0.024868
smids/Abnormal_Sperm/Abnormal_Sperm (1).bmp,0,1,1,1,0.291433,0.678485,0.030082
smids/Abnormal_Sperm/Abnormal_Sperm (10).bmp,0,1,1,0,0.706913,0.260681,0.032407
smids/Abnormal_Sperm/Abnormal_Sperm (1003).bmp,0,1,1,1,0.056610,0.678038,0.265352
smids/Abnormal_Sperm/Abnormal_Sperm (101).bmp,0,1,1,1,0.053592,0.698908,0.247500
smids/Abnormal_Sperm/Abnormal_Sperm (102).bmp,0,1,1,1,0.265704,0.695042,0.039254
smids/Abnormal_Sperm/Abnormal_Sperm (104).bmp,0,1,1,0,0.702462,0.252951,0.044587
smids/Abnormal_Sperm/Abnormal_Sperm (109).bmp,0,1,1,2,0.043817,0.243951,0.712232
smids/Abnormal_Sperm/Abnormal_Sperm (110).bmp,0,1,1,2,0.043335,0.246502,0.710163
smids/Abnormal_Sperm/Abnormal_Sperm (12).bmp,0,1,1,0,0.718952,0.245527,0.035521
smids/Abnormal_Sperm/Abnormal_Sperm (127).bmp,0,1,1,1,0.228326,0.738253,0.033421
smids/Abnormal_Sperm/Abnormal_Sperm (128).bmp,0,1,1,0,0.664839,0.305287,0.029875
smids/Abnormal_Sperm/Abnormal_Sperm (14).bmp,0,1,1,1,0.249901,0.715328,0.034771
smids/Abnormal_Sperm/Abnormal_Sperm (158).bmp,0,1,1,1,0.218292,0.744213,0.037495
smids/Abnormal_Sperm/Abnormal_Sperm (164).bmp,0,1,1,1,0.270169,0.698383,0.031448
smids/Abnormal_Sperm/Abnormal_Sperm (165).bmp,0,1,1,1,0.263187,0.702165,0.034648
smids/Abnormal_Sperm/Abnormal_Sperm (174).bmp,0,1,1,1,0.257673,0.705739,0.036588
smids/Abnormal_Sperm/Abnormal_Sperm (18).bmp,0,1,1,0,0.665422,0.298178,0.036400
smids/Abnormal_Sperm/Abnormal_Sperm (182).bmp,0,1,1,1,0.276815,0.692029,0.031156
smids/Abnormal_Sperm/Abnormal_Sperm (184).bmp,0,1,1,1,0.232279,0.730828,0.036893
smids/Abnormal_Sperm/Abnormal_Sperm (207).bmp,0,1,1,1,0.241649,0.715425,0.042926
smids/Abnormal_Sperm/Abnormal_Sperm (209).bmp,0,1,1,0,0.668398,0.300886,0.030716
smids/Abnormal_Sperm/Abnormal_Sperm (216).bmp,0,1,1,1,0.277422,0.690428,0.032150
smids/Abnormal_Sperm/Abnormal_Sperm (22).bmp,0,1,1,2,0.180912,0.054873,0.764214
smids/Abnormal_Sperm/Abnormal_Sperm (227).bmp,0,1,1,1,0.277992,0.689097,0.032911
smids/Abnormal_Sperm/Abnormal_Sperm (232).bmp,0,1,1,1,0.238336,0.725330,0.036334
smids/Abnormal_Sperm/Abnormal_Sperm (233).bmp,0,1,1,1,0.247196,0.718482,0.034321
smids/Abnormal_Sperm/Abnormal_Sperm (235).bmp,0,1,1,1,0.271830,0.691390,0.036780
smids/Abnormal_Sperm/Abnormal_Sperm (236).bmp,0,1,1,1,0.285113,0.679729,0.035157
smids/Abnormal_Sperm/Abnormal_Sperm (25).bmp,0,1,1,1,0.289604,0.677132,0.033265
smids/Abnormal_Sperm/Abnormal_Sperm (250).bmp,0,1,1,1,0.225204,0.740356,0.034440
smids/Abnormal_Sperm/Abnormal_Sperm (256).bmp,0,1,1,1,0.246369,0.712095,0.041536
smids/Abnormal_Sperm/Abnormal_Sperm (257).bmp,0,1,1,1,0.056030,0.681482,0.262487
smids/Abnormal_Sperm/Abnormal_Sperm (258).bmp,0,1,1,1,0.230259,0.730594,0.039146
smids/Abnormal_Sperm/Abnormal_Sperm (260).bmp,0,1,1,1,0.053511,0.706667,0.239821
smids/Abnormal_Sperm/Abnormal_Sperm (266).bmp,0,1,1,1,0.052952,0.692230,0.254818
smids/Abnormal_Sperm/Abnormal_Sperm (285).bmp,0,1,1,1,0.290700,0.678960,0.030340
smids/Abnormal_Sperm/Abnormal_Sperm (289).bmp,0,1,1,1,0.229242,0.735019,0.035738
smids/Abnormal_Sperm/Abnormal_Sperm (291).bmp,0,1,1,1,0.305500,0.662139,0.032361
smids/Abnormal_Sperm/Abnormal_Sperm (298).bmp,0,1,1,1,0.275763,0.687103,0.037133
smids/Abnormal_Sperm/Abnormal_Sperm (300).bmp,0,1,1,1,0.305194,0.664001,0.030805
smids/Abnormal_Sperm/Abnormal_Sperm (303).bmp,0,1,1,0,0.726322,0.238656,0.035022
smids/Abnormal_Sperm/Abnormal_Sperm (304).bmp,0,1,1,1,0.054841,0.613562,0.331596
smids/Abnormal_Sperm/Abnormal_Sperm (309).bmp,0,1,1,1,0.262776,0.687517,0.049707
smids/Abnormal_Sperm/Abnormal_Sperm (310).bmp,0,1,1,1,0.057041,0.619098,0.323861
smids/Abnormal_Sperm/Abnormal_Sperm (311).bmp,0,1,1,2,0.054246,0.214251,0.731502
smids/Abnormal_Sperm/Abnormal_Sperm (313).bmp,0,1,1,2,0.047151,0.243603,0.709246
smids/Abnormal_Sperm/Abnormal_Sperm (319).bmp,0,1,1,1,0.291187,0.676413,0.032400
smids/Abnormal_Sperm/Abnormal_Sperm (322).bmp,0,1,1,1,0.050043,0.644735,0.305222
smids/Abnormal_Sperm/Abnormal_Sperm (326).bmp,0,1,1,1,0.237611,0.728078,0.034311
smids/Abnormal_Sperm/Abnormal_Sperm (338).bmp,0,1,1,1,0.305071,0.661842,0.033088
smids/Abnormal_Sperm/Abnormal_Sperm (340).bmp,0,1,1,1,0.052992,0.702451,0.244556
smids/Abnormal_Sperm/Abnormal_Sperm (348).bmp,0,1,1,1,0.294584,0.671001,0.034415
smids/Abnormal_Sperm/Abnormal_Sperm (354).bmp,0,1,1,1,0.051980,0.663682,0.284338
smids/Abnormal_Sperm/Abnormal_Sperm (362).bmp,0,1,1,1,0.254619,0.710845,0.034536
smids/Abnormal_Sperm/Abnormal_Sperm (370).bmp,0,1,1,1,0.305394,0.659360,0.035246
smids/Abnormal_Sperm/Abnormal_Sperm (376).bmp,0,1,1,1,0.226021,0.738524,0.035455
smids/Abnormal_Sperm/Abnormal_Sperm (386).bmp,0,1,1,2,0.046435,0.224818,0.728747
smids/Abnormal_Sperm/Abnormal_Sperm (387).bmp,0,1,1,1,0.227431,0.733796,0.038773
smids/Abnormal_Sperm/Abnormal_Sperm (391).bmp,0,1,1,1,0.287184,0.680581,0.032235
smids/Abnormal_Sperm/Abnormal_Sperm (397).bmp,0,1,1,1,0.243547,0.710964,0.045489
smids/Abnormal_Sperm/Abnormal_Sperm (4).bmp,0,1,1,2,0.257256,0.048234,0.694510
smids/Abnormal_Sperm/Abnormal_Sperm (41).bmp,0,1,1,1,0.294085,0.671446,0.034470
smids/Abnormal_Sperm/Abnormal_Sperm (411).bmp,0,1,1,1,0.298741,0.669790,0.031469
smids/Abnormal_Sperm/Abnormal_Sperm (416).bmp,0,1,1,1,0.285622,0.679548,0.034831
smids/Abnormal_Sperm/Abnormal_Sperm (420).bmp,0,1,1,1,0.217605,0.744554,0.037842
smids/Abnormal_Sperm/Abnormal_Sperm (432).bmp,0,1,1,1,0.051136,0.698601,0.250262
smids/Abnormal_Sperm/Abnormal_Sperm (435).bmp,0,1,1,1,0.262314,0.703586,0.034100
smids/Abnormal_Sperm/Abnormal_Sperm (442).bmp,0,1,1,1,0.275974,0.691286,0.032740
smids/Abnormal_Sperm/Abnormal_Sperm (445).bmp,0,1,1,1,0.220844,0.740680,0.038476
smids/Abnormal_Sperm/Abnormal_Sperm (451).bmp,0,1,1,1,0.299682,0.669258,0.031060
smids/Abnormal_Sperm/Abnormal_Sperm (456).bmp,0,1,1,1,0.252802,0.712242,0.034956
smids/Abnormal_Sperm/Abnormal_Sperm (458).bmp,0,1,1,1,0.246010,0.718836,0.035153
smids/Abnormal_Sperm/Abnormal_Sperm (466).bmp,0,1,1,1,0.277832,0.687743,0.034424
smids/Abnormal_Sperm/Abnormal_Sperm (473).bmp,0,1,1,1,0.251632,0.713630,0.034738
smids/Abnormal_Sperm/Abnormal_Sperm (491).bmp,0,1,1,1,0.223330,0.738689,0.037981
smids/Abnormal_Sperm/Abnormal_Sperm (492).bmp,0,1,1,0,0.728886,0.232584,0.038530
smids/Abnormal_Sperm/Abnormal_Sperm (5).bmp,0,1,1,1,0.060425,0.669673,0.269902
smids/Abnormal_Sperm/Abnormal_Sperm (502).bmp,0,1,1,2,0.203480,0.061527,0.734993
smids/Abnormal_Sperm/Abnormal_Sperm (519).bmp,0,1,1,0,0.671435,0.299430,0.029135
smids/Abnormal_Sperm/Abnormal_Sperm (520).bmp,0,1,1,0,0.669719,0.295872,0.034409
smids/Abnormal_Sperm/Abnormal_Sperm (524).bmp,0,1,1,1,0.044488,0.622728,0.332784
smids/Abnormal_Sperm/Abnormal_Sperm (526).bmp,0,1,1,1,0.258898,0.699891,0.041211
smids/Abnormal_Sperm/Abnormal_Sperm (536).bmp,0,1,1,0,0.675331,0.293559,0.031110
smids/Abnormal_Sperm/Abnormal_Sperm (54).bmp,0,1,1,1,0.225625,0.735633,0.038742
smids/Abnormal_Sperm/Abnormal_Sperm (540).bmp,0,1,1,1,0.232078,0.731522,0.036400
smids/Abnormal_Sperm/Abnormal_Sperm (542).bmp,0,1,1,0,0.667092,0.303447,0.029461
smids/Abnormal_Sperm/Abnormal_Sperm (543).bmp,0,1,1,1,0.227712,0.738758,0.033530
smids/Abnormal_Sperm/Abnormal_Sperm (556).bmp,0,1,1,2,0.045745,0.200275,0.753979
smids/Abnormal_Sperm/Abnormal_Sperm (56).bmp,0,1,1,1,0.046711,0.629794,0.323495
smids/Abnormal_Sperm/Abnormal_Sperm (563).bmp,0,1,1,1,0.050984,0.657655,0.291361
smids/Abnormal_Sperm/Abnormal_Sperm (566).bmp,0,1,1,1,0.302755,0.665638,0.031607
smids/Abnormal_Sperm/Abnormal_Sperm (571).bmp,0,1,1,0,0.693529,0.262618,0.043853
smids/Abnormal_Sperm/Abnormal_Sperm (572).bmp,0,1,1,2,0.195228,0.060868,0.743904
smids/Abnormal_Sperm/Abnormal_Sperm (58).bmp,0,1,1,1,0.219723,0.744573,0.035704
smids/Abnormal_Sperm/Abnormal_Sperm (583).bmp,0,1,1,1,0.257200,0.695930,0.046870
smids/Abnormal_Sperm/Abnormal_Sperm (584).bmp,0,1,1,2,0.052281,0.216823,0.730896
smids/Abnormal_Sperm/Abnormal_Sperm (588).bmp,0,1,1,2,0.216530,0.065175,0.718296
smids/Abnormal_Sperm/Abnormal_Sperm (589).bmp,0,1,1,2,0.051064,0.222512,0.726425
smids/Abnormal_Sperm/Abnormal_Sperm (59).bmp,0,1,1,1,0.228671,0.736205,0.035125
smids/Abnormal_Sperm/Abnormal_Sperm (594).bmp,0,1,1,0,0.632169,0.074049,0.293782
smids/Abnormal_Sperm/Abnormal_Sperm (595).bmp,0,1,1,1,0.055359,0.617949,0.326692
smids/Abnormal_Sperm/Abnormal_Sperm (604).bmp,0,1,1,1,0.301606,0.662231,0.036163
smids/Abnormal_Sperm/Abnormal_Sperm (608).bmp,0,1,1,1,0.052550,0.680738,0.266711
smids/Abnormal_Sperm/Abnormal_Sperm (612).bmp,0,1,1,0,0.681830,0.286518,0.031652
smids/Abnormal_Sperm/Abnormal_Sperm (614).bmp,0,1,1,0,0.675081,0.293794,0.031125
smids/Abnormal_Sperm/Abnormal_Sperm (615).bmp,0,1,1,0,0.671856,0.298183,0.029961
smids/Abnormal_Sperm/Abnormal_Sperm (621).bmp,0,1,1,1,0.235181,0.729400,0.035419
smids/Abnormal_Sperm/Abnormal_Sperm (626).bmp,0,1,1,1,0.245453,0.720705,0.033842
smids/Abnormal_Sperm/Abnormal_Sperm (640).bmp,0,1,1,1,0.292559,0.671656,0.035785
smids/Abnormal_Sperm/Abnormal_Sperm (653).bmp,0,1,1,0,0.671975,0.296061,0.031964
smids/Abnormal_Sperm/Abnormal_Sperm (657).bmp,0,1,1,1,0.276934,0.686291,0.036775
smids/Abnormal_Sperm/Abnormal_Sperm (658).bmp,0,1,1,1,0.268333,0.699987,0.031679
smids/Abnormal_Sperm/Abnormal_Sperm (659).bmp,0,1,1,1,0.231422,0.728009,0.040569
smids/Abnormal_Sperm/Abnormal_Sperm (660).bmp,0,1,1,0,0.679218,0.290857,0.029925
smids/Abnormal_Sperm/Abnormal_Sperm (663).bmp,0,1,1,1,0.293401,0.675515,0.031084
smids/Abnormal_Sperm/Abnormal_Sperm (667).bmp,0,1,1,0,0.675411,0.295610,0.028978
smids/Abnormal_Sperm/Abnormal_Sperm (672).bmp,0,1,1,1,0.267418,0.694725,0.037857
smids/Abnormal_Sperm/Abnormal_Sperm (675).bmp,0,1,1,1,0.240502,0.722362,0.037136
smids/Abnormal_Sperm/Abnormal_Sperm (676).bmp,0,1,1,1,0.301577,0.668186,0.030237
smids/Abnormal_Sperm/Abnormal_Sperm (677).bmp,0,1,1,1,0.274064,0.690868,0.035068
smids/Abnormal_Sperm/Abnormal_Sperm (68).bmp,0,1,1,1,0.264735,0.699993,0.035272
smids/Abnormal_Sperm/Abnormal_Sperm (687).bmp,0,1,1,0,0.667674,0.301576,0.030750
smids/Abnormal_Sperm/Abnormal_Sperm (689).bmp,0,1,1,0,0.700799,0.267365,0.031836
smids/Abnormal_Sperm/Abnormal_Sperm (692).bmp,0,1,1,0,0.666610,0.303951,0.029439
smids/Abnormal_Sperm/Abnormal_Sperm (694).bmp,0,1,1,1,0.053256,0.704518,0.242226
smids/Abnormal_Sperm/Abnormal_Sperm (70).bmp,0,1,1,1,0.283173,0.686261,0.030567
smids/Abnormal_Sperm/Abnormal_Sperm (700).bmp,0,1,1,1,0.248466,0.713482,0.038052
smids/Abnormal_Sperm/Abnormal_Sperm (704).bmp,0,1,1,1,0.226315,0.732043,0.041643
smids/Abnormal_Sperm/Abnormal_Sperm (712).bmp,0,1,1,1,0.301963,0.665381,0.032657
smids/Abnormal_Sperm/Abnormal_Sperm (718).bmp,0,1,1,1,0.265700,0.698562,0.035738
smids/Abnormal_Sperm/Abnormal_Sperm (723).bmp,0,1,1,1,0.279015,0.685243,0.035742
smids/Abnormal_Sperm/Abnormal_Sperm (724).bmp,0,1,1,1,0.055962,0.647558,0.296480
smids/Abnormal_Sperm/Abnormal_Sperm (726).bmp,0,1,1,0,0.726123,0.239530,0.034347
smids/Abnormal_Sperm/Abnormal_Sperm (728).bmp,0,1,1,1,0.277809,0.687655,0.034536
smids/Abnormal_Sperm/Abnormal_Sperm (73).bmp,0,1,1,1,0.302558,0.664600,0.032842
smids/Abnormal_Sperm/Abnormal_Sperm (732).bmp,0,1,1,1,0.052122,0.614505,0.333373
smids/Abnormal_Sperm/Abnormal_Sperm (735).bmp,0,1,1,0,0.692079,0.062968,0.244954
smids/Abnormal_Sperm/Abnormal_Sperm (746).bmp,0,1,1,0,0.678159,0.291571,0.030270
smids/Abnormal_Sperm/Abnormal_Sperm (749).bmp,0,1,1,1,0.230569,0.734208,0.035223
smids/Abnormal_Sperm/Abnormal_Sperm (753).bmp,0,1,1,1,0.246526,0.721132,0.032342
smids/Abnormal_Sperm/Abnormal_Sperm (761).bmp,0,1,1,0,0.726281,0.240166,0.033553
smids/Abnormal_Sperm/Abnormal_Sperm (762).bmp,0,1,1,1,0.275889,0.687169,0.036942
smids/Abnormal_Sperm/Abnormal_Sperm (766).bmp,0,1,1,0,0.675434,0.295017,0.029550
smids/Abnormal_Sperm/Abnormal_Sperm (771).bmp,0,1,1,2,0.222424,0.065739,0.711837
smids/Abnormal_Sperm/Abnormal_Sperm (772).bmp,0,1,1,1,0.292602,0.673588,0.033810
smids/Abnormal_Sperm/Abnormal_Sperm (776).bmp,0,1,1,1,0.237740,0.727255,0.035005
smids/Abnormal_Sperm/Abnormal_Sperm (78).bmp,0,1,1,1,0.232979,0.733210,0.033811
smids/Abnormal_Sperm/Abnormal_Sperm (781).bmp,0,1,1,2,0.205493,0.059964,0.734543
smids/Abnormal_Sperm/Abnormal_Sperm (786).bmp,0,1,1,0,0.684220,0.282447,0.033333
smids/Abnormal_Sperm/Abnormal_Sperm (795).bmp,0,1,1,0,0.689692,0.275686,0.034623
smids/Abnormal_Sperm/Abnormal_Sperm (796).bmp,0,1,1,0,0.674604,0.293810,0.031585
smids/Abnormal_Sperm/Abnormal_Sperm (799).bmp,0,1,1,1,0.302138,0.664983,0.032879
smids/Abnormal_Sperm/Abnormal_Sperm (804).bmp,0,1,1,1,0.295794,0.674576,0.029631
smids/Abnormal_Sperm/Abnormal_Sperm (807).bmp,0,1,1,1,0.305447,0.665592,0.028961
smids/Abnormal_Sperm/Abnormal_Sperm (81).bmp,0,1,1,1,0.218351,0.744597,0.037052
smids/Abnormal_Sperm/Abnormal_Sperm (813).bmp,0,1,1,1,0.307534,0.662665,0.029801
smids/Abnormal_Sperm/Abnormal_Sperm (824).bmp,0,1,1,0,0.669320,0.299885,0.030795
smids/Abnormal_Sperm/Abnormal_Sperm (825).bmp,0,1,1,0,0.719697,0.247537,0.032766
smids/Abnormal_Sperm/Abnormal_Sperm (827).bmp,0,1,1,1,0.304117,0.665039,0.030844
smids/Abnormal_Sperm/Abnormal_Sperm (829).bmp,0,1,1,1,0.307785,0.660234,0.031981
smids/Abnormal_Sperm/Abnormal_Sperm (845).bmp,0,1,1,1,0.238205,0.727675,0.034121
smids/Abnormal_Sperm/Abnormal_Sperm (861).bmp,0,1,1,0,0.680691,0.290882,0.028428
smids/Abnormal_Sperm/Abnormal_Sperm (866).bmp,0,1,1,0,0.678124,0.290238,0.031638
smids/Abnormal_Sperm/Abnormal_Sperm (87).bmp,0,1,1,1,0.302708,0.664429,0.032863
smids/Abnormal_Sperm/Abnormal_Sperm (871).bmp,0,1,1,1,0.059657,0.651737,0.288606
smids/Abnormal_Sperm/Abnormal_Sperm (880).bmp,0,1,1,0,0.727079,0.239861,0.033061
smids/Abnormal_Sperm/Abnormal_Sperm (882).bmp,0,1,1,1,0.283836,0.685800,0.030364
smids/Abnormal_Sperm/Abnormal_Sperm (896).bmp,0,1,1,0,0.674302,0.292905,0.032794
smids/Abnormal_Sperm/Abnormal_Sperm (897).bmp,0,1,1,0,0.733191,0.234824,0.031985
smids/Abnormal_Sperm/Abnormal_Sperm (899).bmp,0,1,1,0,0.680148,0.275792,0.044060
smids/Abnormal_Sperm/Abnormal_Sperm (910).bmp,0,1,1,0,0.725428,0.235205,0.039367
smids/Abnormal_Sperm/Abnormal_Sperm (912).bmp,0,1,1,0,0.672837,0.294388,0.032775
smids/Abnormal_Sperm/Abnormal_Sperm (914).bmp,0,1,1,0,0.675222,0.292704,0.032074
smids/Abnormal_Sperm/Abnormal_Sperm (92).bmp,0,1,1,2,0.048551,0.218866,0.732584
smids/Abnormal_Sperm/Abnormal_Sperm (927).bmp,0,1,1,1,0.271609,0.688334,0.040057
smids/Abnormal_Sperm/Abnormal_Sperm (928).bmp,0,1,1,1,0.301479,0.667234,0.031287
smids/Abnormal_Sperm/Abnormal_Sperm (932).bmp,0,1,1,0,0.665749,0.305677,0.028573
smids/Abnormal_Sperm/Abnormal_Sperm (933).bmp,0,1,1,0,0.687439,0.281660,0.030900
smids/Abnormal_Sperm/Abnormal_Sperm (938).bmp,0,1,1,1,0.271638,0.680329,0.048033
smids/Abnormal_Sperm/Abnormal_Sperm (939).bmp,0,1,1,0,0.730375,0.235552,0.034073
smids/Abnormal_Sperm/Abnormal_Sperm (941).bmp,0,1,1,1,0.270041,0.691156,0.038803
smids/Abnormal_Sperm/Abnormal_Sperm (949).bmp,0,1,1,1,0.271356,0.694144,0.034500
smids/Abnormal_Sperm/Abnormal_Sperm (952).bmp,0,1,1,0,0.686727,0.282858,0.030416
smids/Abnormal_Sperm/Abnormal_Sperm (959).bmp,0,1,1,1,0.223943,0.737517,0.038540
smids/Abnormal_Sperm/Abnormal_Sperm (963).bmp,0,1,1,1,0.266176,0.700657,0.033167
smids/Abnormal_Sperm/Abnormal_Sperm (966).bmp,0,1,1,1,0.046389,0.637554,0.316056
smids/Abnormal_Sperm/Abnormal_Sperm (968).bmp,0,1,1,1,0.234301,0.731433,0.034266
smids/Abnormal_Sperm/Abnormal_Sperm (970).bmp,0,1,1,1,0.236824,0.727306,0.035870
smids/Abnormal_Sperm/Abnormal_Sperm (972).bmp,0,1,1,1,0.241558,0.720263,0.038179
smids/Abnormal_Sperm/Abnormal_Sperm (977).bmp,0,1,1,1,0.230122,0.733526,0.036352
smids/Abnormal_Sperm/Abnormal_Sperm (984).bmp,0,1,1,1,0.261273,0.704886,0.033841
smids/Abnormal_Sperm/Abnormal_Sperm (986).bmp,0,1,1,0,0.696309,0.259882,0.043809
smids/Abnormal_Sperm/Abnormal_Sperm (988).bmp,0,1,1,1,0.050993,0.697876,0.251130
smids/Abnormal_Sperm/Abnormal_Sperm (996).bmp,0,1,1,1,0.238282,0.722268,0.039450
smids/Non-Sperm/Non-Sperm (1).bmp,0,1,2,1,0.050594,0.675291,0.274115
smids/Non-Sperm/Non-Sperm (100).bmp,0,1,2,2,0.044471,0.220470,0.735060
smids/Non-Sperm/Non-Sperm (102).bmp,0,1,2,2,0.236135,0.046882,0.716982
smids/Non-Sperm/Non-Sperm (103).bmp,0,1,2,2,0.180958,0.053958,0.765085
smids/Non-Sperm/Non-Sperm (112).bmp,0,1,2,2,0.041752,0.187650,0.770598
smids/Non-Sperm/Non-Sperm (124).bmp,0,1,2,2,0.183203,0.050543,0.766254
smids/Non-Sperm/Non-Sperm (125).bmp,0,1,2,2,0.173226,0.053868,0.772906
smids/Non-Sperm/Non-Sperm (126).bmp,0,1,2,2,0.182791,0.054953,0.762256
smids/Non-Sperm/Non-Sperm (129).bmp,0,1,2,2,0.177175,0.053920,0.768905
smids/Non-Sperm/Non-Sperm (136).bmp,0,1,2,2,0.170498,0.052470,0.777032
smids/Non-Sperm/Non-Sperm (142).bmp,0,1,2,2,0.185789,0.051487,0.762724
smids/Non-Sperm/Non-Sperm (146).bmp,0,1,2,2,0.047225,0.199285,0.753490
smids/Non-Sperm/Non-Sperm (147).bmp,0,1,2,2,0.180236,0.055965,0.763799
smids/Non-Sperm/Non-Sperm (15).bmp,0,1,2,2,0.049132,0.202017,0.748851
smids/Non-Sperm/Non-Sperm (165).bmp,0,1,2,2,0.048955,0.196385,0.754659
smids/Non-Sperm/Non-Sperm (169).bmp,0,1,2,2,0.182086,0.050658,0.767256
smids/Non-Sperm/Non-Sperm (182).bmp,0,1,2,2,0.224597,0.049704,0.725699
smids/Non-Sperm/Non-Sperm (19).bmp,0,1,2,2,0.043971,0.204240,0.751789
smids/Non-Sperm/Non-Sperm (191).bmp,0,1,2,1,0.046384,0.628288,0.325328
smids/Non-Sperm/Non-Sperm (192).bmp,0,1,2,2,0.047745,0.212799,0.739456
smids/Non-Sperm/Non-Sperm (198).bmp,0,1,2,2,0.047576,0.194161,0.758263
smids/Non-Sperm/Non-Sperm (199).bmp,0,1,2,2,0.044849,0.188683,0.766468
smids/Non-Sperm/Non-Sperm (202).bmp,0,1,2,2,0.184790,0.050220,0.764990
smids/Non-Sperm/Non-Sperm (208).bmp,0,1,2,1,0.052361,0.676253,0.271386
smids/Non-Sperm/Non-Sperm (210).bmp,0,1,2,2,0.189289,0.051380,0.759331
smids/Non-Sperm/Non-Sperm (211).bmp,0,1,2,2,0.199001,0.058992,0.742007
smids/Non-Sperm/Non-Sperm (214).bmp,0,1,2,2,0.180042,0.053181,0.766777
smids/Non-Sperm/Non-Sperm (215).bmp,0,1,2,2,0.185161,0.052140,0.762698
smids/Non-Sperm/Non-Sperm (216).bmp,0,1,2,2,0.218407,0.053075,0.728517
smids/Non-Sperm/Non-Sperm (228).bmp,0,1,2,2,0.182710,0.055505,0.761785
smids/Non-Sperm/Non-Sperm (234).bmp,0,1,2,2,0.190157,0.049960,0.759883
smids/Non-Sperm/Non-Sperm (237).bmp,0,1,2,2,0.202419,0.050188,0.747393
smids/Non-Sperm/Non-Sperm (240).bmp,0,1,2,2,0.176214,0.050195,0.773591
smids/Non-Sperm/Non-Sperm (247).bmp,0,1,2,2,0.201387,0.049251,0.749362
smids/Non-Sperm/Non-Sperm (254).bmp,0,1,2,2,0.178388,0.052211,0.769401
smids/Non-Sperm/Non-Sperm (259).bmp,0,1,2,2,0.186213,0.051971,0.761816
smids/Non-Sperm/Non-Sperm (264).bmp,0,1,2,2,0.183035,0.053302,0.763664
smids/Non-Sperm/Non-Sperm (268).bmp,0,1,2,2,0.195058,0.051791,0.753151
smids/Non-Sperm/Non-Sperm (27).bmp,0,1,2,2,0.047074,0.200275,0.752650
smids/Non-Sperm/Non-Sperm (274).bmp,0,1,2,2,0.186997,0.057731,0.755272
smids/Non-Sperm/Non-Sperm (277).bmp,0,1,2,2,0.217779,0.055085,0.727136
smids/Non-Sperm/Non-Sperm (28).bmp,0,1,2,1,0.229783,0.735148,0.035069
smids/Non-Sperm/Non-Sperm (287).bmp,0,1,2,1,0.058403,0.606567,0.335029
smids/Non-Sperm/Non-Sperm (29).bmp,0,1,2,1,0.056956,0.619474,0.323570
smids/Non-Sperm/Non-Sperm (291).bmp,0,1,2,2,0.234126,0.050703,0.715171
smids/Non-Sperm/Non-Sperm (298).bmp,0,1,2,2,0.192615,0.051570,0.755815
smids/Non-Sperm/Non-Sperm (321).bmp,0,1,2,2,0.187559,0.053301,0.759141
smids/Non-Sperm/Non-Sperm (323).bmp,0,1,2,2,0.203243,0.060845,0.735912
smids/Non-Sperm/Non-Sperm (326).bmp,0,1,2,2,0.042499,0.242513,0.714988
smids/Non-Sperm/Non-Sperm (332).bmp,0,1,2,2,0.045199,0.196805,0.757996
smids/Non-Sperm/Non-Sperm (336).bmp,0,1,2,2,0.046171,0.197170,0.756659
smids/Non-Sperm/Non-Sperm (340).bmp,0,1,2,2,0.044362,0.201266,0.754372
smids/Non-Sperm/Non-Sperm (353).bmp,0,1,2,1,0.304915,0.662182,0.032903
smids/Non-Sperm/Non-Sperm (355).bmp,0,1,2,2,0.044841,0.241033,0.714126
smids/Non-Sperm/Non-Sperm (359).bmp,0,1,2,2,0.041471,0.184382,0.774146
smids/Non-Sperm/Non-Sperm (361).bmp,0,1,2,2,0.041082,0.217854,0.741064
smids/Non-Sperm/Non-Sperm (362).bmp,0,1,2,2,0.201624,0.055464,0.742912
smids/Non-Sperm/Non-Sperm (364).bmp,0,1,2,2,0.182641,0.055416,0.761943
smids/Non-Sperm/Non-Sperm (366).bmp,0,1,2,2,0.236943,0.060368,0.702689
smids/Non-Sperm/Non-Sperm (367).bmp,0,1,2,2,0.191000,0.052465,0.756536
smids/Non-Sperm/Non-Sperm (369).bmp,0,1,2,2,0.250553,0.050365,0.699082
smids/Non-Sperm/Non-Sperm (370).bmp,0,1,2,0,0.680524,0.285144,0.034332
smids/Non-Sperm/Non-Sperm (371).bmp,0,1,2,2,0.193126,0.050089,0.756785
smids/Non-Sperm/Non-Sperm (374).bmp,0,1,2,2,0.049620,0.197991,0.752389
smids/Non-Sperm/Non-Sperm (378).bmp,0,1,2,2,0.190005,0.050582,0.759413
smids/Non-Sperm/Non-Sperm (380).bmp,0,1,2,2,0.049851,0.246517,0.703632
smids/Non-Sperm/Non-Sperm (385).bmp,0,1,2,1,0.046987,0.635921,0.317093
smids/Non-Sperm/Non-Sperm (39).bmp,0,1,2,2,0.049421,0.240924,0.709655
smids/Non-Sperm/Non-Sperm (391).bmp,0,1,2,2,0.046115,0.205002,0.748883
smids/Non-Sperm/Non-Sperm (398).bmp,0,1,2,0,0.676908,0.293973,0.029119
smids/Non-Sperm/Non-Sperm (401).bmp,0,1,2,2,0.222822,0.047960,0.729218
smids/Non-Sperm/Non-Sperm (403).bmp,0,1,2,2,0.200295,0.052736,0.746969
smids/Non-Sperm/Non-Sperm (412).bmp,0,1,2,0,0.672718,0.062113,0.265170
smids/Non-Sperm/Non-Sperm (426).bmp,0,1,2,2,0.044047,0.193384,0.762570
smids/Non-Sperm/Non-Sperm (434).bmp,0,1,2,2,0.045047,0.218734,0.736218
smids/Non-Sperm/Non-Sperm (438).bmp,0,1,2,2,0.044647,0.187291,0.768062
smids/Non-Sperm/Non-Sperm (439).bmp,0,1,2,2,0.174530,0.051993,0.773477
smids/Non-Sperm/Non-Sperm (448).bmp,0,1,2,2,0.171426,0.053232,0.775342
smids/Non-Sperm/Non-Sperm (453).bmp,0,1,2,2,0.048338,0.203085,0.748577
smids/Non-Sperm/Non-Sperm (454).bmp,0,1,2,2,0.048305,0.208191,0.743505
smids/Non-Sperm/Non-Sperm (459).bmp,0,1,2,2,0.214527,0.050845,0.734628
smids/Non-Sperm/Non-Sperm (470).bmp,0,1,2,2,0.181087,0.053397,0.765515
smids/Non-Sperm/Non-Sperm (472).bmp,0,1,2,0,0.724486,0.236765,0.038749
smids/Non-Sperm/Non-Sperm (474).bmp,0,1,2,2,0.178832,0.053135,0.768033
smids/Non-Sperm/Non-Sperm (48).bmp,0,1,2,1,0.051861,0.636373,0.311766
smids/Non-Sperm/Non-Sperm (480).bmp,0,1,2,2,0.043919,0.242874,0.713207
smids/Non-Sperm/Non-Sperm (484).bmp,0,1,2,2,0.175399,0.054832,0.769769
smids/Non-Sperm/Non-Sperm (485).bmp,0,1,2,2,0.207183,0.051289,0.741528
smids/Non-Sperm/Non-Sperm (493).bmp,0,1,2,2,0.044525,0.198842,0.756633
smids/Non-Sperm/Non-Sperm (497).bmp,0,1,2,2,0.044428,0.201424,0.754147
smids/Non-Sperm/Non-Sperm (50).bmp,0,1,2,2,0.044425,0.238431,0.717144
smids/Non-Sperm/Non-Sperm (502).bmp,0,1,2,2,0.209721,0.052360,0.737919
smids/Non-Sperm/Non-Sperm (507).bmp,0,1,2,2,0.199795,0.053942,0.746262
smids/Non-Sperm/Non-Sperm (512).bmp,0,1,2,2,0.175706,0.051401,0.772893
smids/Non-Sperm/Non-Sperm (524).bmp,0,1,2,2,0.239153,0.052322,0.708525
smids/Non-Sperm/Non-Sperm (527).bmp,0,1,2,2,0.042692,0.229288,0.728020
smids/Non-Sperm/Non-Sperm (534).bmp,0,1,2,2,0.180877,0.053511,0.765611
smids/Non-Sperm/Non-Sperm (536).bmp,0,1,2,2,0.045920,0.199437,0.754643
smids/Non-Sperm/Non-Sperm (537).bmp,0,1,2,2,0.183919,0.049982,0.766099
smids/Non-Sperm/Non-Sperm (539).bmp,0,1,2,2,0.215640,0.051518,0.732842
smids/Non-Sperm/Non-Sperm (540).bmp,0,1,2,2,0.045659,0.190367,0.763974
smids/Non-Sperm/Non-Sperm (543).bmp,0,1,2,2,0.195959,0.057287,0.746754
smids/Non-Sperm/Non-Sperm (546).bmp,0,1,2,2,0.047340,0.212513,0.740147
smids/Non-Sperm/Non-Sperm (551).bmp,0,1,2,2,0.041539,0.186560,0.771901
smids/Non-Sperm/Non-Sperm (56).bmp,0,1,2,2,0.179776,0.054831,0.765392
smids/Non-Sperm/Non-Sperm (560).bmp,0,1,2,2,0.044375,0.184439,0.771185
smids/Non-Sperm/Non-Sperm (561).bmp,0,1,2,2,0.175295,0.050647,0.774058
smids/Non-Sperm/Non-Sperm (582).bmp,0,1,2,2,0.042059,0.215755,0.742186
smids/Non-Sperm/Non-Sperm (583).bmp,0,1,2,2,0.044847,0.228889,0.726264
smids/Non-Sperm/Non-Sperm (589).bmp,0,1,2,2,0.043023,0.193576,0.763401
smids/Non-Sperm/Non-Sperm (590).bmp,0,1,2,2,0.198723,0.057544,0.743733
smids/Non-Sperm/Non-Sperm (599).bmp,0,1,2,2,0.188415,0.050134,0.761451
smids/Non-Sperm/Non-Sperm (604).bmp,0,1,2,2,0.172234,0.053538,0.774228
smids/Non-Sperm/Non-Sperm (605).bmp,0,1,2,2,0.177167,0.055888,0.766946
smids/Non-Sperm/Non-Sperm (608).bmp,0,1,2,2,0.044222,0.180970,0.774807
smids/Non-Sperm/Non-Sperm (613).bmp,0,1,2,2,0.209570,0.049806,0.740625
smids/Non-Sperm/Non-Sperm (615).bmp,0,1,2,2,0.043039,0.240071,0.716890
smids/Non-Sperm/Non-Sperm (623).bmp,0,1,2,2,0.174712,0.051707,0.773581
smids/Non-Sperm/Non-Sperm (628).bmp,0,1,2,2,0.177815,0.056299,0.765885
smids/Non-Sperm/Non-Sperm (632).bmp,0,1,2,2,0.044636,0.239836,0.715527
smids/Non-Sperm/Non-Sperm (636).bmp,0,1,2,2,0.185601,0.056213,0.758186
smids/Non-Sperm/Non-Sperm (642).bmp,0,1,2,2,0.182172,0.050634,0.767194
smids/Non-Sperm/Non-Sperm (643).bmp,0,1,2,2,0.185807,0.051270,0.762923
smids/Non-Sperm/Non-Sperm (658).bmp,0,1,2,2,0.182028,0.053283,0.764689
smids/Non-Sperm/Non-Sperm (669).bmp,0,1,2,2,0.043846,0.258153,0.698001
smids/Non-Sperm/Non-Sperm (670).bmp,0,1,2,2,0.205927,0.051820,0.742253
smids/Non-Sperm/Non-Sperm (68).bmp,0,1,2,1,0.053297,0.611894,0.334808
smids/Non-Sperm/Non-Sperm (684).bmp,0,1,2,2,0.181056,0.050995,0.767948
smids/Non-Sperm/Non-Sperm (689).bmp,0,1,2,1,0.049898,0.651043,0.299059
smids/Non-Sperm/Non-Sperm (692).bmp,0,1,2,2,0.047224,0.200086,0.752689
smids/Non-Sperm/Non-Sperm (696).bmp,0,1,2,2,0.044102,0.248873,0.707025
smids/Non-Sperm/Non-Sperm (698).bmp,0,1,2,2,0.046194,0.204470,0.749336
smids/Non-Sperm/Non-Sperm (699).bmp,0,1,2,2,0.045056,0.183809,0.771134
smids/Non-Sperm/Non-Sperm (704).bmp,0,1,2,2,0.181482,0.054392,0.764126
smids/Non-Sperm/Non-Sperm (709).bmp,0,1,2,2,0.180714,0.051802,0.767484
smids/Non-Sperm/Non-Sperm (71).bmp,0,1,2,1,0.054409,0.616656,0.328935
smids/Non-Sperm/Non-Sperm (715).bmp,0,1,2,2,0.183498,0.050124,0.766378
smids/Non-Sperm/Non-Sperm (717).bmp,0,1,2,2,0.175938,0.050831,0.773231
smids/Non-Sperm/Non-Sperm (722).bmp,0,1,2,2,0.171569,0.052609,0.775821
smids/Non-Sperm/Non-Sperm (734).bmp,0,1,2,2,0.046741,0.208085,0.745174
smids/Non-Sperm/Non-Sperm (737).bmp,0,1,2,2,0.045807,0.194445,0.759748
smids/Non-Sperm/Non-Sperm (751).bmp,0,1,2,2,0.199107,0.049667,0.751226
smids/Non-Sperm/Non-Sperm (753).bmp,0,1,2,1,0.272678,0.685615,0.041707
smids/Non-Sperm/Non-Sperm (755).bmp,0,1,2,2,0.053972,0.225379,0.720649
smids/Non-Sperm/Non-Sperm (759).bmp,0,1,2,2,0.190647,0.048994,0.760359
smids/Non-Sperm/Non-Sperm (761).bmp,0,1,2,2,0.048268,0.218009,0.733723
smids/Non-Sperm/Non-Sperm (763).bmp,0,1,2,2,0.212432,0.054639,0.732930
smids/Non-Sperm/Non-Sperm (766).bmp,0,1,2,2,0.198210,0.059576,0.742214
smids/Non-Sperm/Non-Sperm (774).bmp,0,1,2,2,0.226905,0.052340,0.720754
smids/Non-Sperm/Non-Sperm (78).bmp,0,1,2,2,0.046660,0.248372,0.704968
smids/Non-Sperm/Non-Sperm (786).bmp,0,1,2,2,0.195560,0.053254,0.751186
smids/Non-Sperm/Non-Sperm (788).bmp,0,1,2,2,0.197195,0.053363,0.749442
smids/Non-Sperm/Non-Sperm (789).bmp,0,1,2,2,0.189007,0.050335,0.760659
smids/Non-Sperm/Non-Sperm (790).bmp,0,1,2,2,0.176446,0.053861,0.769693
smids/Non-Sperm/Non-Sperm (793).bmp,0,1,2,2,0.187827,0.052775,0.759398
smids/Non-Sperm/Non-Sperm (794).bmp,0,1,2,2,0.240367,0.050761,0.708872
smids/Non-Sperm/Non-Sperm (796).bmp,0,1,2,2,0.229896,0.051707,0.718397
smids/Non-Sperm/Non-Sperm (797).bmp,0,1,2,2,0.194441,0.054727,0.750832
smids/Non-Sperm/Non-Sperm (8).bmp,0,1,2,2,0.049191,0.223547,0.727262
smids/Non-Sperm/Non-Sperm (800).bmp,0,1,2,2,0.175992,0.054529,0.769480
smids/Non-Sperm/Non-Sperm (803).bmp,0,1,2,2,0.196336,0.061509,0.742155
smids/Non-Sperm/Non-Sperm (816).bmp,0,1,2,2,0.199970,0.050927,0.749102
smids/Non-Sperm/Non-Sperm (818).bmp,0,1,2,2,0.204479,0.050359,0.745162
smids/Non-Sperm/Non-Sperm (82).bmp,0,1,2,2,0.174118,0.054494,0.771388
smids/Non-Sperm/Non-Sperm (820).bmp,0,1,2,2,0.189632,0.054685,0.755683
smids/Non-Sperm/Non-Sperm (824).bmp,0,1,2,2,0.171548,0.051157,0.777296
smids/Non-Sperm/Non-Sperm (825).bmp,0,1,2,0,0.687913,0.280820,0.031267
smids/Non-Sperm/Non-Sperm (827).bmp,0,1,2,2,0.043408,0.204393,0.752198
smids/Non-Sperm/Non-Sperm (831).bmp,0,1,2,2,0.048057,0.195371,0.756571
smids/Non-Sperm/Non-Sperm (832).bmp,0,1,2,2,0.195298,0.052551,0.752151
smids/Non-Sperm/Non-Sperm (85).bmp,0,1,2,2,0.047554,0.210217,0.742229
smids/Non-Sperm/Non-Sperm (850).bmp,0,1,2,2,0.043408,0.209521,0.747071
smids/Non-Sperm/Non-Sperm (871).bmp,0,1,2,2,0.181188,0.051227,0.767585
smids/Non-Sperm/Non-Sperm (872).bmp,0,1,2,2,0.047770,0.216304,0.735926
smids/Non-Sperm/Non-Sperm (873).bmp,0,1,2,2,0.045987,0.194188,0.759825
smids/Non-Sperm/Non-Sperm (877).bmp,0,1,2,2,0.045485,0.191265,0.763249
smids/Non-Sperm/Non-Sperm (889).bmp,0,1,2,2,0.184895,0.051121,0.763985
smids/Non-Sperm/Non-Sperm (893).bmp,0,1,2,2,0.233416,0.050050,0.716534
smids/Non-Sperm/Non-Sperm (895).bmp,0,1,2,0,0.700493,0.255983,0.043524
smids/Non-Sperm/Non-Sperm (897).bmp,0,1,2,1,0.067738,0.645429,0.286833
smids/Non-Sperm/Non-Sperm (899).bmp,0,1,2,2,0.042891,0.207839,0.749270
smids/Non-Sperm/Non-Sperm (907).bmp,0,1,2,1,0.050163,0.685016,0.264821
smids/Non-Sperm/Non-Sperm (917).bmp,0,1,2,2,0.043731,0.234936,0.721333
smids/Non-Sperm/Non-Sperm (919).bmp,0,1,2,2,0.048900,0.205437,0.745663
smids/Non-Sperm/Non-Sperm (92).bmp,0,1,2,2,0.051299,0.205454,0.743248
smids/Non-Sperm/Non-Sperm (921).bmp,0,1,2,2,0.184140,0.054198,0.761663
smids/Non-Sperm/Non-Sperm (927).bmp,0,1,2,2,0.242502,0.051001,0.706497
smids/Non-Sperm/Non-Sperm (936).bmp,0,1,2,2,0.191678,0.058453,0.749870
smids/Non-Sperm/Non-Sperm (939).bmp,0,1,2,2,0.244152,0.049031,0.706817
smids/Non-Sperm/Non-Sperm (94).bmp,0,1,2,2,0.047537,0.201642,0.750822
smids/Non-Sperm/Non-Sperm (950).bmp,0,1,2,0,0.647511,0.071281,0.281208
smids/Non-Sperm/Non-Sperm (958).bmp,0,1,2,2,0.046084,0.226721,0.727195
smids/Non-Sperm/Non-Sperm (96).bmp,0,1,2,2,0.042134,0.195704,0.762162
smids/Non-Sperm/Non-Sperm (968).bmp,0,1,2,2,0.230362,0.049281,0.720357
smids/Non-Sperm/Non-Sperm (973).bmp,0,1,2,1,0.055684,0.625741,0.318576
smids/Normal_Sperm/Normal_Sperm (1010).bmp,0,1,0,0,0.682850,0.060827,0.256323
smids/Normal_Sperm/Normal_Sperm (1012).bmp,0,1,0,0,0.701163,0.059295,0.239541
smids/Normal_Sperm/Normal_Sperm (1013).bmp,0,1,0,1,0.298096,0.670894,0.031010
smids/Normal_Sperm/Normal_Sperm (1014).bmp,0,1,0,0,0.697126,0.271154,0.031720
smids/Normal_Sperm/Normal_Sperm (1015).bmp,0,1,0,0,0.736615,0.231470,0.031915
smids/Normal_Sperm/Normal_Sperm (1021).bmp,0,1,0,1,0.293794,0.666743,0.039463
smids/Normal_Sperm/Normal_Sperm (110).bmp,0,1,0,2,0.244308,0.055470,0.700222
smids/Normal_Sperm/Normal_Sperm (111).bmp,0,1,0,0,0.662922,0.061219,0.275859
smids/Normal_Sperm/Normal_Sperm (112).bmp,0,1,0,0,0.727776,0.240578,0.031646
smids/Normal_Sperm/Normal_Sperm (117).bmp,0,1,0,0,0.681319,0.288998,0.029683
smids/Normal_Sperm/Normal_Sperm (121).bmp,0,1,0,0,0.677489,0.287338,0.035173
smids/Normal_Sperm/Normal_Sperm (122).bmp,0,1,0,1,0.058658,0.607039,0.334304
smids/Normal_Sperm/Normal_Sperm (128).bmp,0,1,0,2,0.216191,0.062343,0.721466
smids/Normal_Sperm/Normal_Sperm (131).bmp,0,1,0,2,0.050457,0.237148,0.712395
smids/Normal_Sperm/Normal_Sperm (133).bmp,0,1,0,2,0.051280,0.235726,0.712994
smids/Normal_Sperm/Normal_Sperm (137).bmp,0,1,0,1,0.260288,0.696666,0.043046
smids/Normal_Sperm/Normal_Sperm (139).bmp,0,1,0,1,0.253993,0.703054,0.042953
smids/Normal_Sperm/Normal_Sperm (141).bmp,0,1,0,1,0.055369,0.640419,0.304212
smids/Normal_Sperm/Normal_Sperm (148).bmp,0,1,0,0,0.720604,0.239787,0.039610
smids/Normal_Sperm/Normal_Sperm (149).bmp,0,1,0,2,0.051677,0.210817,0.737506
smids/Normal_Sperm/Normal_Sperm (153).bmp,0,1,0,2,0.249108,0.051256,0.699636
smids/Normal_Sperm/Normal_Sperm (154).bmp,0,1,0,0,0.723600,0.243274,0.033126
smids/Normal_Sperm/Normal_Sperm (164).bmp,0,1,0,0,0.738165,0.224455,0.037380
smids/Normal_Sperm/Normal_Sperm (180).bmp,0,1,0,0,0.691544,0.275121,0.033335
smids/Normal_Sperm/Normal_Sperm (181).bmp,0,1,0,1,0.307240,0.663163,0.029598
smids/Normal_Sperm/Normal_Sperm (183).bmp,0,1,0,0,0.669771,0.300114,0.030115
smids/Normal_Sperm/Normal_Sperm (187).bmp,0,1,0,0,0.682984,0.281617,0.035399
smids/Normal_Sperm/Normal_Sperm (188).bmp,0,1,0,2,0.216900,0.051952,0.731148
smids/Normal_Sperm/Normal_Sperm (189).bmp,0,1,0,0,0.715795,0.248077,0.036128
smids/Normal_Sperm/Normal_Sperm (190).bmp,0,1,0,0,0.686144,0.283792,0.030064
smids/Normal_Sperm/Normal_Sperm (192).bmp,0,1,0,1,0.301233,0.666372,0.032396
smids/Normal_Sperm/Normal_Sperm (196).bmp,0,1,0,0,0.672660,0.298470,0.028870
smids/Normal_Sperm/Normal_Sperm (197).bmp,0,1,0,0,0.709200,0.259962,0.030838
smids/Normal_Sperm/Normal_Sperm (199).bmp,0,1,0,0,0.743782,0.220029,0.036189
smids/Normal_Sperm/Normal_Sperm (20).bmp,0,1,0,2,0.186972,0.052503,0.760525
smids/Normal_Sperm/Normal_Sperm (210).bmp,0,1,0,0,0.743636,0.222309,0.034055
smids/Normal_Sperm/Normal_Sperm (215).bmp,0,1,0,1,0.284563,0.679434,0.036003
smids/Normal_Sperm/Normal_Sperm (218).bmp,0,1,0,0,0.630388,0.055730,0.313882
smids/Normal_Sperm/Normal_Sperm (22).bmp,0,1,0,2,0.045276,0.241822,0.712903
smids/Normal_Sperm/Normal_Sperm (222).bmp,0,1,0,1,0.298928,0.670011,0.031061
smids/Normal_Sperm/Normal_Sperm (227).bmp,0,1,0,0,0.739684,0.222554,0.037762
smids/Normal_Sperm/Normal_Sperm (231).bmp,0,1,0,1,0.273327,0.692356,0.034317
smids/Normal_Sperm/Normal_Sperm (243).bmp,0,1,0,0,0.687329,0.283312,0.029359
smids/Normal_Sperm/Normal_Sperm (246).bmp,0,1,0,0,0.672106,0.296724,0.031171
smids/Normal_Sperm/Normal_Sperm (247).bmp,0,1,0,0,0.687113,0.280106,0.032781
smids/Normal_Sperm/Normal_Sperm (248).bmp,0,1,0,0,0.670386,0.300043,0.029571
smids/Normal_Sperm/Normal_Sperm (253).bmp,0,1,0,0,0.745295,0.221269,0.033436
smids/Normal_Sperm/Normal_Sperm (254).bmp,0,1,0,0,0.727269,0.237441,0.035290
smids/Normal_Sperm/Normal_Sperm (256).bmp,0,1,0,0,0.731314,0.236622,0.032064
smids/Normal_Sperm/Normal_Sperm (258).bmp,0,1,0,0,0.662473,0.308513,0.029014
smids/Normal_Sperm/Normal_Sperm (26).bmp,0,1,0,0,0.737079,0.230751,0.032170
smids/Normal_Sperm/Normal_Sperm (262).bmp,0,1,0,0,0.672373,0.298726,0.028901
smids/Normal_Sperm/Normal_Sperm (267).bmp,0,1,0,0,0.674059,0.290991,0.034950
smids/Normal_Sperm/Normal_Sperm (276).bmp,0,1,0,0,0.686018,0.282285,0.031697
smids/Normal_Sperm/Normal_Sperm (278).bmp,0,1,0,0,0.668276,0.303826,0.027899
smids/Normal_Sperm/Normal_Sperm (279).bmp,0,1,0,1,0.282421,0.680674,0.036905
smids/Normal_Sperm/Normal_Sperm (283).bmp,0,1,0,0,0.721347,0.245679,0.032973
smids/Normal_Sperm/Normal_Sperm (286).bmp,0,1,0,1,0.298979,0.671463,0.029558
smids/Normal_Sperm/Normal_Sperm (290).bmp,0,1,0,0,0.746244,0.216988,0.036768
smids/Normal_Sperm/Normal_Sperm (292).bmp,0,1,0,0,0.687949,0.280698,0.031353
smids/Normal_Sperm/Normal_Sperm (30).bmp,0,1,0,0,0.694298,0.269881,0.035821
smids/Normal_Sperm/Normal_Sperm (304).bmp,0,1,0,0,0.702241,0.267952,0.029807
smids/Normal_Sperm/Normal_Sperm (306).bmp,0,1,0,0,0.735975,0.231183,0.032842
smids/Normal_Sperm/Normal_Sperm (307).bmp,0,1,0,0,0.666642,0.303141,0.030217
smids/Normal_Sperm/Normal_Sperm (308).bmp,0,1,0,1,0.238023,0.719420,0.042557
smids/Normal_Sperm/Normal_Sperm (311).bmp,0,1,0,0,0.736331,0.229734,0.033935
smids/Normal_Sperm/Normal_Sperm (32).bmp,0,1,0,0,0.720254,0.245871,0.033875
smids/Normal_Sperm/Normal_Sperm (328).bmp,0,1,0,0,0.671463,0.298712,0.029824
smids/Normal_Sperm/Normal_Sperm (330).bmp,0,1,0,0,0.673976,0.296279,0.029745
smids/Normal_Sperm/Normal_Sperm (332).bmp,0,1,0,2,0.245453,0.051526,0.703020
smids/Normal_Sperm/Normal_Sperm (34).bmp,0,1,0,0,0.646523,0.058816,0.294662
smids/Normal_Sperm/Normal_Sperm (340).bmp,0,1,0,0,0.728530,0.236887,0.034584
smids/Normal_Sperm/Normal_Sperm (35).bmp,0,1,0,2,0.215715,0.052823,0.731461
smids/Normal_Sperm/Normal_Sperm (351).bmp,0,1,0,0,0.708042,0.249168,0.042790
smids/Normal_Sperm/Normal_Sperm (352).bmp,0,1,0,0,0.670970,0.294408,0.034622
smids/Normal_Sperm/Normal_Sperm (353).bmp,0,1,0,0,0.678275,0.291047,0.030678
smids/Normal_Sperm/Normal_Sperm (361).bmp,0,1,0,0,0.707973,0.261241,0.030785
smids/Normal_Sperm/Normal_Sperm (363).bmp,0,1,0,0,0.703594,0.059779,0.236627
smids/Normal_Sperm/Normal_Sperm (366).bmp,0,1,0,0,0.688302,0.281919,0.029779
smids/Normal_Sperm/Normal_Sperm (374).bmp,0,1,0,0,0.684676,0.284162,0.031163
smids/Normal_Sperm/Normal_Sperm (375).bmp,0,1,0,0,0.729254,0.236061,0.034685
smids/Normal_Sperm/Normal_Sperm (377).bmp,0,1,0,0,0.705048,0.258803,0.036149
smids/Normal_Sperm/Normal_Sperm (386).bmp,0,1,0,0,0.730736,0.236154,0.033110
smids/Normal_Sperm/Normal_Sperm (387).bmp,0,1,0,0,0.726253,0.240445,0.033302
smids/Normal_Sperm/Normal_Sperm (393).bmp,0,1,0,0,0.728830,0.234768,0.036402
smids/Normal_Sperm/Normal_Sperm (400).bmp,0,1,0,0,0.691224,0.277626,0.031150
smids/Normal_Sperm/Normal_Sperm (410).bmp,0,1,0,0,0.686489,0.273200,0.040311
smids/Normal_Sperm/Normal_Sperm (413).bmp,0,1,0,0,0.702262,0.268005,0.029734
smids/Normal_Sperm/Normal_Sperm (422).bmp,0,1,0,0,0.689902,0.280650,0.029448
smids/Normal_Sperm/Normal_Sperm (425).bmp,0,1,0,0,0.739930,0.227150,0.032920
smids/Normal_Sperm/Normal_Sperm (434).bmp,0,1,0,0,0.748320,0.218020,0.033659
smids/Normal_Sperm/Normal_Sperm (437).bmp,0,1,0,0,0.693870,0.276207,0.029923
smids/Normal_Sperm/Normal_Sperm (444).bmp,0,1,0,0,0.737544,0.230530,0.031926
smids/Normal_Sperm/Normal_Sperm (445).bmp,0,1,0,0,0.682994,0.285075,0.031931
smids/Normal_Sperm/Normal_Sperm (458).bmp,0,1,0,0,0.733931,0.232698,0.033370
smids/Normal_Sperm/Normal_Sperm (459).bmp,0,1,0,0,0.734237,0.231864,0.033899
smids/Normal_Sperm/Normal_Sperm (466).bmp,0,1,0,0,0.735071,0.232552,0.032376
smids/Normal_Sperm/Normal_Sperm (478).bmp,0,1,0,0,0.689487,0.279836,0.030677
smids/Normal_Sperm/Normal_Sperm (479).bmp,0,1,0,1,0.301797,0.663499,0.034704
smids/Normal_Sperm/Normal_Sperm (488).bmp,0,1,0,1,0.256657,0.709089,0.034254
smids/Normal_Sperm/Normal_Sperm (499).bmp,0,1,0,0,0.701115,0.267897,0.030988
smids/Normal_Sperm/Normal_Sperm (505).bmp,0,1,0,0,0.743797,0.222070,0.034133
smids/Normal_Sperm/Normal_Sperm (507).bmp,0,1,0,0,0.721232,0.241588,0.037180
smids/Normal_Sperm/Normal_Sperm (515).bmp,0,1,0,0,0.697223,0.272415,0.030362
smids/Normal_Sperm/Normal_Sperm (52).bmp,0,1,0,0,0.674277,0.285942,0.039781
smids/Normal_Sperm/Normal_Sperm (520).bmp,0,1,0,0,0.730842,0.235658,0.033499
smids/Normal_Sperm/Normal_Sperm (527).bmp,0,1,0,0,0.686375,0.284607,0.029018
smids/Normal_Sperm/Normal_Sperm (532).bmp,0,1,0,1,0.299486,0.669635,0.030879
smids/Normal_Sperm/Normal_Sperm (543).bmp,0,1,0,1,0.299125,0.670884,0.029991
smids/Normal_Sperm/Normal_Sperm (544).bmp,0,1,0,0,0.732096,0.234969,0.032935
smids/Normal_Sperm/Normal_Sperm (548).bmp,0,1,0,0,0.693543,0.274123,0.032334
smids/Normal_Sperm/Normal_Sperm (550).bmp,0,1,0,0,0.688724,0.281375,0.029901
smids/Normal_Sperm/Normal_Sperm (557).bmp,0,1,0,0,0.697247,0.269447,0.033306
smids/Normal_Sperm/Normal_Sperm (560).bmp,0,1,0,0,0.733543,0.235007,0.031451
smids/Normal_Sperm/Normal_Sperm (564).bmp,0,1,0,0,0.715215,0.254476,0.030309
smids/Normal_Sperm/Normal_Sperm (565).bmp,0,1,0,0,0.694350,0.274137,0.031513
smids/Normal_Sperm/Normal_Sperm (566).bmp,0,1,0,0,0.725170,0.241092,0.033738
smids/Normal_Sperm/Normal_Sperm (57).bmp,0,1,0,0,0.682704,0.281001,0.036295
smids/Normal_Sperm/Normal_Sperm (573).bmp,0,1,0,0,0.694200,0.272429,0.033370
smids/Normal_Sperm/Normal_Sperm (575).bmp,0,1,0,0,0.737234,0.230161,0.032605
smids/Normal_Sperm/Normal_Sperm (58).bmp,0,1,0,1,0.286973,0.669121,0.043907
smids/Normal_Sperm/Normal_Sperm (591).bmp,0,1,0,0,0.727936,0.239900,0.032165
smids/Normal_Sperm/Normal_Sperm (595).bmp,0,1,0,0,0.734089,0.234632,0.031280
smids/Normal_Sperm/Normal_Sperm (60).bmp,0,1,0,2,0.232910,0.056154,0.710936
smids/Normal_Sperm/Normal_Sperm (604).bmp,0,1,0,0,0.677435,0.288227,0.034338
smids/Normal_Sperm/Normal_Sperm (630).bmp,0,1,0,0,0.692980,0.276114,0.030905
smids/Normal_Sperm/Normal_Sperm (636).bmp,0,1,0,0,0.697335,0.272859,0.029806
smids/Normal_Sperm/Normal_Sperm (637).bmp,0,1,0,1,0.281241,0.685906,0.032854
smids/Normal_Sperm/Normal_Sperm (648).bmp,0,1,0,0,0.730636,0.237044,0.032320
smids/Normal_Sperm/Normal_Sperm (660).bmp,0,1,0,1,0.300576,0.667929,0.031495
smids/Normal_Sperm/Normal_Sperm (662).bmp,0,1,0,0,0.704126,0.059234,0.236640
smids/Normal_Sperm/Normal_Sperm (669).bmp,0,1,0,0,0.689535,0.279472,0.030994
smids/Normal_Sperm/Normal_Sperm (678).bmp,0,1,0,0,0.745319,0.222038,0.032644
smids/Normal_Sperm/Normal_Sperm (686).bmp,0,1,0,1,0.295727,0.671847,0.032426
smids/Normal_Sperm/Normal_Sperm (69).bmp,0,1,0,1,0.221783,0.742712,0.035505
smids/Normal_Sperm/Normal_Sperm (692).bmp,0,1,0,0,0.743108,0.224277,0.032615
smids/Normal_Sperm/Normal_Sperm (7).bmp,0,1,0,0,0.736489,0.226970,0.036541
smids/Normal_Sperm/Normal_Sperm (704).bmp,0,1,0,0,0.732785,0.230188,0.037027
smids/Normal_Sperm/Normal_Sperm (712).bmp,0,1,0,0,0.728042,0.232881,0.039077
smids/Normal_Sperm/Normal_Sperm (718).bmp,0,1,0,0,0.723236,0.246142,0.030623
smids/Normal_Sperm/Normal_Sperm (719).bmp,0,1,0,0,0.698714,0.058709,0.242577
smids/Normal_Sperm/Normal_Sperm (721).bmp,0,1,0,0,0.748211,0.216044,0.035745
smids/Normal_Sperm/Normal_Sperm (722).bmp,0,1,0,0,0.722891,0.246073,0.031036
smids/Normal_Sperm/Normal_Sperm (738).bmp,0,1,0,0,0.746634,0.221090,0.032276
smids/Normal_Sperm/Normal_Sperm (749).bmp,0,1,0,0,0.729578,0.239357,0.031065
smids/Normal_Sperm/Normal_Sperm (750).bmp,0,1,0,0,0.631146,0.062065,0.306788
smids/Normal_Sperm/Normal_Sperm (757).bmp,0,1,0,0,0.726547,0.240476,0.032977
smids/Normal_Sperm/Normal_Sperm (759).bmp,0,1,0,0,0.628289,0.059111,0.312601
smids/Normal_Sperm/Normal_Sperm (771).bmp,0,1,0,0,0.726583,0.234396,0.039021
smids/Normal_Sperm/Normal_Sperm (772).bmp,0,1,0,0,0.734686,0.232477,0.032837
smids/Normal_Sperm/Normal_Sperm (775).bmp,0,1,0,0,0.703226,0.265307,0.031467
smids/Normal_Sperm/Normal_Sperm (786).bmp,0,1,0,0,0.672415,0.298291,0.029294
smids/Normal_Sperm/Normal_Sperm (788).bmp,0,1,0,0,0.706776,0.260712,0.032512
smids/Normal_Sperm/Normal_Sperm (792).bmp,0,1,0,0,0.710289,0.259191,0.030521
smids/Normal_Sperm/Normal_Sperm (793).bmp,0,1,0,0,0.725216,0.235060,0.039723
smids/Normal_Sperm/Normal_Sperm (800).bmp,0,1,0,0,0.686483,0.280484,0.033033
smids/Normal_Sperm/Normal_Sperm (820).bmp,0,1,0,0,0.739337,0.227552,0.033111
smids/Normal_Sperm/Normal_Sperm (822).bmp,0,1,0,0,0.714822,0.059559,0.225619
smids/Normal_Sperm/Normal_Sperm (823).bmp,0,1,0,0,0.722881,0.246948,0.030171
smids/Normal_Sperm/Normal_Sperm (827).bmp,0,1,0,0,0.721143,0.239898,0.038958
smids/Normal_Sperm/Normal_Sperm (829).bmp,0,1,0,0,0.750993,0.216878,0.032130
smids/Normal_Sperm/Normal_Sperm (840).bmp,0,1,0,0,0.685798,0.284274,0.029928
smids/Normal_Sperm/Normal_Sperm (841).bmp,0,1,0,0,0.740960,0.226810,0.032230
smids/Normal_Sperm/Normal_Sperm (842).bmp,0,1,0,0,0.693883,0.273725,0.032392
smids/Normal_Sperm/Normal_Sperm (847).bmp,0,1,0,0,0.665244,0.303350,0.031406
smids/Normal_Sperm/Normal_Sperm (849).bmp,0,1,0,0,0.722794,0.245689,0.031516
smids/Normal_Sperm/Normal_Sperm (858).bmp,0,1,0,0,0.714347,0.249481,0.036173
smids/Normal_Sperm/Normal_Sperm (862).bmp,0,1,0,0,0.698075,0.271353,0.030572
smids/Normal_Sperm/Normal_Sperm (864).bmp,0,1,0,0,0.727170,0.239082,0.033748
smids/Normal_Sperm/Normal_Sperm (865).bmp,0,1,0,0,0.677656,0.292255,0.030090
smids/Normal_Sperm/Normal_Sperm (874).bmp,0,1,0,0,0.667556,0.299416,0.033028
smids/Normal_Sperm/Normal_Sperm (886).bmp,0,1,0,1,0.237754,0.725457,0.036789
smids/Normal_Sperm/Normal_Sperm (887).bmp,0,1,0,0,0.717007,0.251788,0.031204
smids/Normal_Sperm/Normal_Sperm (888).bmp,0,1,0,0,0.663691,0.305903,0.030406
smids/Normal_Sperm/Normal_Sperm (890).bmp,0,1,0,1,0.246414,0.719031,0.034555
smids/Normal_Sperm/Normal_Sperm (891).bmp,0,1,0,0,0.678793,0.289963,0.031244
smids/Normal_Sperm/Normal_Sperm (893).bmp,0,1,0,1,0.231011,0.733941,0.035048
smids/Normal_Sperm/Normal_Sperm (898).bmp,0,1,0,0,0.678324,0.292260,0.029416
smids/Normal_Sperm/Normal_Sperm (9).bmp,0,1,0,0,0.653158,0.062849,0.283993
smids/Normal_Sperm/Normal_Sperm (902).bmp,0,1,0,0,0.683820,0.287103,0.029077
smids/Normal_Sperm/Normal_Sperm (910).bmp,0,1,0,1,0.313478,0.656872,0.029651
smids/Normal_Sperm/Normal_Sperm (911).bmp,0,1,0,0,0.681752,0.288084,0.030165
smids/Normal_Sperm/Normal_Sperm (919).bmp,0,1,0,1,0.298494,0.669472,0.032033
smids/Normal_Sperm/Normal_Sperm (923).bmp,0,1,0,1,0.303790,0.666243,0.029967
smids/Normal_Sperm/Normal_Sperm (926).bmp,0,1,0,1,0.307616,0.661907,0.030476
smids/Normal_Sperm/Normal_Sperm (934).bmp,0,1,0,1,0.299965,0.669364,0.030670
smids/Normal_Sperm/Normal_Sperm (947).bmp,0,1,0,1,0.255737,0.709286,0.034977
smids/Normal_Sperm/Normal_Sperm (95).bmp,0,1,0,2,0.214539,0.057160,0.728301
smids/Normal_Sperm/Normal_Sperm (951).bmp,0,1,0,0,0.678295,0.292279,0.029425
smids/Normal_Sperm/Normal_Sperm (953).bmp,0,1,0,0,0.666509,0.305462,0.028030
smids/Normal_Sperm/Normal_Sperm (966).bmp,0,1,0,0,0.679883,0.288040,0.032077
smids/Normal_Sperm/Normal_Sperm (968).bmp,0,1,0,1,0.304546,0.664722,0.030732
smids/Normal_Sperm/Normal_Sperm (969).bmp,0,1,0,2,0.057250,0.215132,0.727618
smids/Normal_Sperm/Normal_Sperm (97).bmp,0,1,0,0,0.727350,0.233937,0.038713
smids/Normal_Sperm/Normal_Sperm (970).bmp,0,1,0,1,0.310135,0.659184,0.030680
smids/Normal_Sperm/Normal_Sperm (984).bmp,0,1,0,2,0.247240,0.049503,0.703257
smids/Normal_Sperm/Normal_Sperm (986).bmp,0,1,0,2,0.217501,0.062221,0.720278
smids/Normal_Sperm/Normal_Sperm (987).bmp,0,1,0,0,0.686715,0.281297,0.031988
smids/Normal_Sperm/Normal_Sperm (990).bmp,0,1,0,0,0.705525,0.263058,0.031417
smids/Normal_Sperm/Normal_Sperm (994).bmp,0,1,0,2,0.197415,0.056234,0.746351
smids/Normal_Sperm/Normal_Sperm (996).bmp,0,1,0,0,0.740530,0.227447,0.032023
smids/Abnormal_Sperm/Abnormal_Sperm (1005).bmp,0,2,1,1,0.219642,0.735482,0.044876
smids/Abnormal_Sperm/Abnormal_Sperm (108).bmp,0,2,1,1,0.302427,0.663447,0.034126
smids/Abnormal_Sperm/Abnormal_Sperm (114).bmp,0,2,1,1,0.244413,0.703852,0.051735
smids/Abnormal_Sperm/Abnormal_Sperm (117).bmp,0,2,1,1,0.212762,0.746335,0.040903
smids/Abnormal_Sperm/Abnormal_Sperm (122).bmp,0,2,1,1,0.289133,0.674915,0.035952
smids/Abnormal_Sperm/Abnormal_Sperm (126).bmp,0,2,1,1,0.219037,0.739654,0.041308
smids/Abnormal_Sperm/Abnormal_Sperm (129).bmp,0,2,1,1,0.250919,0.705760,0.043321
smids/Abnormal_Sperm/Abnormal_Sperm (131).bmp,0,2,1,1,0.199121,0.759305,0.041574
smids/Abnormal_Sperm/Abnormal_Sperm (134).bmp,0,2,1,1,0.258964,0.704532,0.036504
smids/Abnormal_Sperm/Abnormal_Sperm (137).bmp,0,2,1,1,0.238585,0.716898,0.044517
smids/Abnormal_Sperm/Abnormal_Sperm (15).bmp,0,2,1,1,0.213233,0.743488,0.043279
smids/Abnormal_Sperm/Abnormal_Sperm (155).bmp,0,2,1,1,0.226292,0.731689,0.042018
smids/Abnormal_Sperm/Abnormal_Sperm (156).bmp,0,2,1,1,0.213397,0.739189,0.047414
smids/Abnormal_Sperm/Abnormal_Sperm (157).bmp,0,2,1,1,0.213873,0.745960,0.040167
smids/Abnormal_Sperm/Abnormal_Sperm (16).bmp,0,2,1,1,0.240046,0.719195,0.040759
smids/Abnormal_Sperm/Abnormal_Sperm (160).bmp,0,2,1,1,0.203439,0.752188,0.044372
smids/Abnormal_Sperm/Abnormal_Sperm (161).bmp,0,2,1,1,0.228931,0.727744,0.043324
smids/Abnormal_Sperm/Abnormal_Sperm (169).bmp,0,2,1,1,0.210582,0.746216,0.043202
smids/Abnormal_Sperm/Abnormal_Sperm (177).bmp,0,2,1,2,0.041064,0.218668,0.740269
smids/Abnormal_Sperm/Abnormal_Sperm (180).bmp,0,2,1,1,0.260996,0.699057,0.039947
smids/Abnormal_Sperm/Abnormal_Sperm (181).bmp,0,2,1,1,0.041267,0.711774,0.246959
smids/Abnormal_Sperm/Abnormal_Sperm (183).bmp,0,2,1,1,0.232965,0.729452,0.037583
smids/Abnormal_Sperm/Abnormal_Sperm (190).bmp,0,2,1,1,0.230847,0.730047,0.039107
smids/Abnormal_Sperm/Abnormal_Sperm (191).bmp,0,2,1,1,0.283142,0.680435,0.036423
smids/Abnormal_Sperm/Abnormal_Sperm (196).bmp,0,2,1,1,0.234367,0.721550,0.044083
smids/Abnormal_Sperm/Abnormal_Sperm (198).bmp,0,2,1,1,0.212079,0.748312,0.039609
smids/Abnormal_Sperm/Abnormal_Sperm (202).bmp,0,2,1,1,0.257016,0.705969,0.037015
smids/Abnormal_Sperm/Abnormal_Sperm (215).bmp,0,2,1,1,0.243008,0.714359,0.042633
smids/Abnormal_Sperm/Abnormal_Sperm (219).bmp,0,2,1,1,0.223310,0.728632,0.048057
smids/Abnormal_Sperm/Abnormal_Sperm (220).bmp,0,2,1,1,0.245461,0.716961,0.037578
smids/Abnormal_Sperm/Abnormal_Sperm (223).bmp,0,2,1,2,0.036217,0.229458,0.734325
smids/Abnormal_Sperm/Abnormal_Sperm (225).bmp,0,2,1,1,0.226866,0.733249,0.039884
smids/Abnormal_Sperm/Abnormal_Sperm (238).bmp,0,2,1,1,0.229712,0.726105,0.044183
smids/Abnormal_Sperm/Abnormal_Sperm (245).bmp,0,2,1,1,0.294041,0.667159,0.038800
smids/Abnormal_Sperm/Abnormal_Sperm (247).bmp,0,2,1,1,0.300108,0.663132,0.036759
smids/Abnormal_Sperm/Abnormal_Sperm (249).bmp,0,2,1,1,0.265039,0.689567,0.045394
smids/Abnormal_Sperm/Abnormal_Sperm (251).bmp,0,2,1,1,0.234783,0.725788,0.039428
smids/Abnormal_Sperm/Abnormal_Sperm (263).bmp,0,2,1,1,0.042677,0.684384,0.272939
smids/Abnormal_Sperm/Abnormal_Sperm (267).bmp,0,2,1,1,0.225228,0.736072,0.038700
smids/Abnormal_Sperm/Abnormal_Sperm (269).bmp,0,2,1,1,0.047748,0.608383,0.343869
smids/Abnormal_Sperm/Abnormal_Sperm (277).bmp,0,2,1,1,0.263018,0.699473,0.037508
smids/Abnormal_Sperm/Abnormal_Sperm (282).bmp,0,2,1,1,0.215518,0.740017,0.044465
smids/Abnormal_Sperm/Abnormal_Sperm (284).bmp,0,2,1,1,0.041434,0.644039,0.314527
smids/Abnormal_Sperm/Abnormal_Sperm (287).bmp,0,2,1,1,0.204314,0.754821,0.040865
smids/Abnormal_Sperm/Abnormal_Sperm (296).bmp,0,2,1,1,0.212460,0.744449,0.043092
smids/Abnormal_Sperm/Abnormal_Sperm (301).bmp,0,2,1,1,0.282158,0.681082,0.036760
smids/Abnormal_Sperm/Abnormal_Sperm (302).bmp,0,2,1,1,0.037787,0.656143,0.306070
smids/Abnormal_Sperm/Abnormal_Sperm (308).bmp,0,2,1,1,0.286203,0.674539,0.039258
smids/Abnormal_Sperm/Abnormal_Sperm (312).bmp,0,2,1,2,0.040349,0.215224,0.744427
smids/Abnormal_Sperm/Abnormal_Sperm (317).bmp,0,2,1,1,0.041539,0.703290,0.255171
smids/Abnormal_Sperm/Abnormal_Sperm (323).bmp,0,2,1,1,0.253779,0.705287,0.040934
smids/Abnormal_Sperm/Abnormal_Sperm (327).bmp,0,2,1,1,0.220633,0.731535,0.047832
smids/Abnormal_Sperm/Abnormal_Sperm (328).bmp,0,2,1,1,0.247081,0.708930,0.043989
smids/Abnormal_Sperm/Abnormal_Sperm (331).bmp,0,2,1,1,0.221263,0.736510,0.042227
smids/Abnormal_Sperm/Abnormal_Sperm (336).bmp,0,2,1,1,0.046475,0.643529,0.309996
smids/Abnormal_Sperm/Abnormal_Sperm (339).bmp,0,2,1,0,0.704302,0.261307,0.034391
smids/Abnormal_Sperm/Abnormal_Sperm (353).bmp,0,2,1,1,0.036892,0.696747,0.266361
smids/Abnormal_Sperm/Abnormal_Sperm (355).bmp,0,2,1,1,0.233718,0.721296,0.044986
smids/Abnormal_Sperm/Abnormal_Sperm (363).bmp,0,2,1,1,0.226860,0.732841,0.040299
smids/Abnormal_Sperm/Abnormal_Sperm (366).bmp,0,2,1,1,0.296211,0.667804,0.035984
smids/Abnormal_Sperm/Abnormal_Sperm (369).bmp,0,2,1,1,0.279845,0.682527,0.037628
smids/Abnormal_Sperm/Abnormal_Sperm (372).bmp,0,2,1,1,0.041421,0.707828,0.250751
smids/Abnormal_Sperm/Abnormal_Sperm (374).bmp,0,2,1,1,0.222982,0.738100,0.038918
smids/Abnormal_Sperm/Abnormal_Sperm (375).bmp,0,2,1,1,0.298372,0.665457,0.036170
smids/Abnormal_Sperm/Abnormal_Sperm (381).bmp,0,2,1,1,0.268139,0.694448,0.037413
smids/Abnormal_Sperm/Abnormal_Sperm (384).bmp,0,2,1,1,0.043860,0.667351,0.288788
smids/Abnormal_Sperm/Abnormal_Sperm (389).bmp,0,2,1,1,0.042894,0.709518,0.247588
smids/Abnormal_Sperm/Abnormal_Sperm (39).bmp,0,2,1,1,0.232434,0.722361,0.045205
smids/Abnormal_Sperm/Abnormal_Sperm (390).bmp,0,2,1,1,0.274006,0.686889,0.039105
smids/Abnormal_Sperm/Abnormal_Sperm (392).bmp,0,2,1,1,0.287907,0.675126,0.036967
smids/Abnormal_Sperm/Abnormal_Sperm (393).bmp,0,2,1,1,0.219077,0.740544,0.040378
smids/Abnormal_Sperm/Abnormal_Sperm (395).bmp,0,2,1,1,0.216760,0.743407,0.039834
smids/Abnormal_Sperm/Abnormal_Sperm (398).bmp,0,2,1,1,0.034926,0.639171,0.325903
smids/Abnormal_Sperm/Abnormal_Sperm (402).bmp,0,2,1,1,0.040764,0.662759,0.296477
smids/Abnormal_Sperm/Abnormal_Sperm (404).bmp,0,2,1,1,0.241938,0.707291,0.050772
smids/Abnormal_Sperm/Abnormal_Sperm (409).bmp,0,2,1,1,0.263462,0.695671,0.040867
smids/Abnormal_Sperm/Abnormal_Sperm (410).bmp,0,2,1,1,0.233189,0.719610,0.047201
smids/Abnormal_Sperm/Abnormal_Sperm (412).bmp,0,2,1,1,0.267237,0.696189,0.036573
smids/Abnormal_Sperm/Abnormal_Sperm (413).bmp,0,2,1,1,0.202408,0.757260,0.040332
smids/Abnormal_Sperm/Abnormal_Sperm (414).bmp,0,2,1,0,0.714186,0.251495,0.034319
smids/Abnormal_Sperm/Abnormal_Sperm (415).bmp,0,2,1,1,0.208124,0.749125,0.042752
smids/Abnormal_Sperm/Abnormal_Sperm (418).bmp,0,2,1,1,0.039501,0.707788,0.252711
smids/Abnormal_Sperm/Abnormal_Sperm (425).bmp,0,2,1,2,0.235966,0.037656,0.726378
smids/Abnormal_Sperm/Abnormal_Sperm (428).bmp,0,2,1,1,0.236962,0.711444,0.051594
smids/Abnormal_Sperm/Abnormal_Sperm (434).bmp,0,2,1,1,0.214507,0.743985,0.041508
smids/Abnormal_Sperm/Abnormal_Sperm (439).bmp,0,2,1,1,0.292964,0.672156,0.034880
smids/Abnormal_Sperm/Abnormal_Sperm (446).bmp,0,2,1,1,0.304554,0.661034,0.034412
smids/Abnormal_Sperm/Abnormal_Sperm (449).bmp,0,2,1,1,0.205311,0.751554,0.043135
smids/Abnormal_Sperm/Abnormal_Sperm (455).bmp,0,2,1,1,0.230496,0.728576,0.040928
smids/Abnormal_Sperm/Abnormal_Sperm (461).bmp,0,2,1,1,0.038049,0.666451,0.295500
smids/Abnormal_Sperm/Abnormal_Sperm (472).bmp,0,2,1,1,0.043490,0.702026,0.254484
smids/Abnormal_Sperm/Abnormal_Sperm (475).bmp,0,2,1,1,0.043523,0.678826,0.277651
smids/Abnormal_Sperm/Abnormal_Sperm (480).bmp,0,2,1,0,0.733507,0.224971,0.041521
smids/Abnormal_Sperm/Abnormal_Sperm (489).bmp,0,2,1,2,0.036552,0.218220,0.745228
smids/Abnormal_Sperm/Abnormal_Sperm (494).bmp,0,2,1,1,0.043238,0.631192,0.325570
smids/Abnormal_Sperm/Abnormal_Sperm (503).bmp,0,2,1,2,0.034532,0.230480,0.734988
smids/Abnormal_Sperm/Abnormal_Sperm (504).bmp,0,2,1,1,0.043295,0.696799,0.259906
smids/Abnormal_Sperm/Abnormal_Sperm (507).bmp,0,2,1,2,0.032332,0.238745,0.728922
smids/Abnormal_Sperm/Abnormal_Sperm (509).bmp,0,2,1,1,0.033600,0.621658,0.344742
smids/Abnormal_Sperm/Abnormal_Sperm (515).bmp,0,2,1,1,0.235500,0.722703,0.041797
smids/Abnormal_Sperm/Abnormal_Sperm (517).bmp,0,2,1,1,0.208433,0.747260,0.044307
smids/Abnormal_Sperm/Abnormal_Sperm (528).bmp,0,2,1,1,0.037936,0.635403,0.326662
smids/Abnormal_Sperm/Abnormal_Sperm (534).bmp,0,2,1,1,0.041046,0.648275,0.310679
smids/Abnormal_Sperm/Abnormal_Sperm (539).bmp,0,2,1,1,0.277300,0.683648,0.039052
smids/Abnormal_Sperm/Abnormal_Sperm (541).bmp,0,2,1,1,0.043231,0.705011,0.251758
smids/Abnormal_Sperm/Abnormal_Sperm (547).bmp,0,2,1,1,0.250118,0.711159,0.038723
smids/Abnormal_Sperm/Abnormal_Sperm (550).bmp,0,2,1,1,0.044073,0.679971,0.275956
smids/Abnormal_Sperm/Abnormal_Sperm (553).bmp,0,2,1,0,0.727843,0.232262,0.039894
smids/Abnormal_Sperm/Abnormal_Sperm (560).bmp,0,2,1,0,0.718288,0.237791,0.043920
smids/Abnormal_Sperm/Abnormal_Sperm (564).bmp,0,2,1,2,0.042093,0.200094,0.757813
smids/Abnormal_Sperm/Abnormal_Sperm (567).bmp,0,2,1,1,0.254660,0.696021,0.049319
smids/Abnormal_Sperm/Abnormal_Sperm (573).bmp,0,2,1,2,0.039898,0.199350,0.760752
smids/Abnormal_Sperm/Abnormal_Sperm (576).bmp,0,2,1,1,0.042051,0.633824,0.324125
smids/Abnormal_Sperm/Abnormal_Sperm (579).bmp,0,2,1,1,0.047007,0.652402,0.300591
smids/Abnormal_Sperm/Abnormal_Sperm (582).bmp,0,2,1,1,0.044735,0.634806,0.320459
smids/Abnormal_Sperm/Abnormal_Sperm (587).bmp,0,2,1,2,0.039333,0.207830,0.752837
smids/Abnormal_Sperm/Abnormal_Sperm (596).bmp,0,2,1,2,0.042587,0.189127,0.768285
smids/Abnormal_Sperm/Abnormal_Sperm (6).bmp,0,2,1,1,0.043821,0.666398,0.289781
smids/Abnormal_Sperm/Abnormal_Sperm (607).bmp,0,2,1,1,0.271761,0.688324,0.039916
smids/Abnormal_Sperm/Abnormal_Sperm (61).bmp,0,2,1,1,0.206357,0.748743,0.044900
smids/Abnormal_Sperm/Abnormal_Sperm (62).bmp,0,2,1,1,0.210658,0.747100,0.042242
smids/Abnormal_Sperm/Abnormal_Sperm (625).bmp,0,2,1,0,0.701156,0.264512,0.034331
smids/Abnormal_Sperm/Abnormal_Sperm (628).bmp,0,2,1,1,0.254041,0.705253,0.040705
smids/Abnormal_Sperm/Abnormal_Sperm (629).bmp,0,2,1,2,0.048549,0.198043,0.753407
smids/Abnormal_Sperm/Abnormal_Sperm (63).bmp,0,2,1,1,0.221857,0.735444,0.042700
smids/Abnormal_Sperm/Abnormal_Sperm (649).bmp,0,2,1,0,0.735979,0.223002,0.041020
smids/Abnormal_Sperm/Abnormal_Sperm (651).bmp,0,2,1,0,0.713310,0.233822,0.052868
smids/Abnormal_Sperm/Abnormal_Sperm (66).bmp,0,2,1,2,0.033270,0.239220,0.727510
smids/Abnormal_Sperm/Abnormal_Sperm (661).bmp,0,2,1,1,0.282991,0.678546,0.038464
smids/Abnormal_Sperm/Abnormal_Sperm (668).bmp,0,2,1,1,0.039187,0.706434,0.254379
smids/Abnormal_Sperm/Abnormal_Sperm (671).bmp,0,2,1,0,0.720911,0.239502,0.039588
smids/Abnormal_Sperm/Abnormal_Sperm (683).bmp,0,2,1,0,0.787291,0.171436,0.041273
smids/Abnormal_Sperm/Abnormal_Sperm (691).bmp,0,2,1,1,0.285816,0.674322,0.039862
smids/Abnormal_Sperm/Abnormal_Sperm (695).bmp,0,2,1,1,0.278045,0.676632,0.045323
smids/Abnormal_Sperm/Abnormal_Sperm (717).bmp,0,2,1,0,0.750232,0.213555,0.036213
smids/Abnormal_Sperm/Abnormal_Sperm (719).bmp,0,2,1,1,0.040475,0.689323,0.270202
smids/Abnormal_Sperm/Abnormal_Sperm (733).bmp,0,2,1,1,0.277075,0.679867,0.043057
smids/Abnormal_Sperm/Abnormal_Sperm (736).bmp,0,2,1,1,0.284744,0.675625,0.039631
smids/Abnormal_Sperm/Abnormal_Sperm (742).bmp,0,2,1,1,0.291444,0.672169,0.036387
smids/Abnormal_Sperm/Abnormal_Sperm (748).bmp,0,2,1,1,0.218943,0.742499,0.038558
smids/Abnormal_Sperm/Abnormal_Sperm (754).bmp,0,2,1,1,0.299319,0.664553,0.036128
smids/Abnormal_Sperm/Abnormal_Sperm (76).bmp,0,2,1,1,0.046970,0.654860,0.298170
smids/Abnormal_Sperm/Abnormal_Sperm (764).bmp,0,2,1,0,0.788994,0.172048,0.038959
smids/Abnormal_Sperm/Abnormal_Sperm (765).bmp,0,2,1,1,0.275107,0.685058,0.039835
smids/Abnormal_Sperm/Abnormal_Sperm (767).bmp,0,2,1,1,0.249492,0.713569,0.036940
smids/Abnormal_Sperm/Abnormal_Sperm (77).bmp,0,2,1,1,0.217235,0.741401,0.041364
smids/Abnormal_Sperm/Abnormal_Sperm (770).bmp,0,2,1,0,0.732220,0.232836,0.034944
smids/Abnormal_Sperm/Abnormal_Sperm (775).bmp,0,2,1,1,0.286096,0.675625,0.038278
smids/Abnormal_Sperm/Abnormal_Sperm (785).bmp,0,2,1,0,0.755957,0.206852,0.037191
smids/Abnormal_Sperm/Abnormal_Sperm (789).bmp,0,2,1,1,0.037651,0.684637,0.277712
smids/Abnormal_Sperm/Abnormal_Sperm (793).bmp,0,2,1,2,0.039269,0.180845,0.779886
smids/Abnormal_Sperm/Abnormal_Sperm (794).bmp,0,2,1,1,0.215271,0.744917,0.039813
smids/Abnormal_Sperm/Abnormal_Sperm (801).bmp,0,2,1,1,0.275082,0.684775,0.040144
smids/Abnormal_Sperm/Abnormal_Sperm (802).bmp,0,2,1,1,0.278295,0.680518,0.041187
smids/Abnormal_Sperm/Abnormal_Sperm (803).bmp,0,2,1,1,0.283721,0.679827,0.036452
smids/Abnormal_Sperm/Abnormal_Sperm (812).bmp,0,2,1,1,0.305607,0.659874,0.034519
smids/Abnormal_Sperm/Abnormal_Sperm (823).bmp,0,2,1,1,0.217613,0.739369,0.043018
smids/Abnormal_Sperm/Abnormal_Sperm (830).bmp,0,2,1,0,0.709257,0.255171,0.035571
smids/Abnormal_Sperm/Abnormal_Sperm (831).bmp,0,2,1,0,0.707619,0.258243,0.034139
smids/Abnormal_Sperm/Abnormal_Sperm (834).bmp,0,2,1,0,0.746542,0.218211,0.035246
smids/Abnormal_Sperm/Abnormal_Sperm (839).bmp,0,2,1,0,0.777156,0.182718,0.040126
smids/Abnormal_Sperm/Abnormal_Sperm (84).bmp,0,2,1,1,0.227863,0.731938,0.040199
smids/Abnormal_Sperm/Abnormal_Sperm (840).bmp,0,2,1,1,0.282223,0.680159,0.037617
smids/Abnormal_Sperm/Abnormal_Sperm (843).bmp,0,2,1,1,0.282371,0.670201,0.047428
smids/Abnormal_Sperm/Abnormal_Sperm (847).bmp,0,2,1,1,0.300322,0.665726,0.033952
smids/Abnormal_Sperm/Abnormal_Sperm (852).bmp,0,2,1,0,0.740452,0.220134,0.039414
smids/Abnormal_Sperm/Abnormal_Sperm (855).bmp,0,2,1,1,0.292500,0.668797,0.038703
smids/Abnormal_Sperm/Abnormal_Sperm (858).bmp,0,2,1,1,0.257656,0.701996,0.040347
smids/Abnormal_Sperm/Abnormal_Sperm (865).bmp,0,2,1,0,0.702599,0.263060,0.034341
smids/Abnormal_Sperm/Abnormal_Sperm (873).bmp,0,2,1,1,0.274255,0.688418,0.037327
smids/Abnormal_Sperm/Abnormal_Sperm (874).bmp,0,2,1,1,0.273412,0.688794,0.037795
smids/Abnormal_Sperm/Abnormal_Sperm (876).bmp,0,2,1,1,0.278323,0.684914,0.036763
smids/Abnormal_Sperm/Abnormal_Sperm (877).bmp,0,2,1,1,0.039345,0.674634,0.286021
smids/Abnormal_Sperm/Abnormal_Sperm (88).bmp,0,2,1,1,0.213114,0.746911,0.039976
smids/Abnormal_Sperm/Abnormal_Sperm (883).bmp,0,2,1,1,0.250384,0.700703,0.048914
smids/Abnormal_Sperm/Abnormal_Sperm (884).bmp,0,2,1,1,0.265416,0.696181,0.038403
smids/Abnormal_Sperm/Abnormal_Sperm (885).bmp,0,2,1,1,0.211189,0.744301,0.044509
smids/Abnormal_Sperm/Abnormal_Sperm (888).bmp,0,2,1,0,0.766291,0.196290,0.037419
smids/Abnormal_Sperm/Abnormal_Sperm (894).bmp,0,2,1,1,0.295831,0.665353,0.038817
smids/Abnormal_Sperm/Abnormal_Sperm (904).bmp,0,2,1,0,0.710938,0.252877,0.036186
smids/Abnormal_Sperm/Abnormal_Sperm (906).bmp,0,2,1,1,0.252491,0.708281,0.039228
smids/Abnormal_Sperm/Abnormal_Sperm (913).bmp,0,2,1,1,0.258711,0.697443,0.043846
smids/Abnormal_Sperm/Abnormal_Sperm (915).bmp,0,2,1,0,0.722828,0.232944,0.044228
smids/Abnormal_Sperm/Abnormal_Sperm (922).bmp,0,2,1,0,0.712261,0.250239,0.037500
smids/Abnormal_Sperm/Abnormal_Sperm (929).bmp,0,2,1,1,0.039674,0.653036,0.307290
smids/Abnormal_Sperm/Abnormal_Sperm (94).bmp,0,2,1,1,0.034069,0.640992,0.324938
smids/Abnormal_Sperm/Abnormal_Sperm (943).bmp,0,2,1,0,0.730003,0.228275,0.041723
smids/Abnormal_Sperm/Abnormal_Sperm (946).bmp,0,2,1,1,0.306459,0.659775,0.033766
smids/Abnormal_Sperm/Abnormal_Sperm (947).bmp,0,2,1,1,0.230089,0.729583,0.040327
smids/Abnormal_Sperm/Abnormal_Sperm (950).bmp,0,2,1,1,0.291797,0.669499,0.038704
smids/Abnormal_Sperm/Abnormal_Sperm (96).bmp,0,2,1,1,0.040422,0.699989,0.259588
smids/Abnormal_Sperm/Abnormal_Sperm (978).bmp,0,2,1,1,0.254564,0.704628,0.040807
smids/Abnormal_Sperm/Abnormal_Sperm (979).bmp,0,2,1,1,0.286819,0.676555,0.036625
smids/Abnormal_Sperm/Abnormal_Sperm (991).bmp,0,2,1,1,0.242523,0.711096,0.046380
smids/Abnormal_Sperm/Abnormal_Sperm (997).bmp,0,2,1,1,0.251659,0.708563,0.039779
smids/Non-Sperm/Non-Sperm (10).bmp,0,2,2,2,0.212695,0.029655,0.757650
smids/Non-Sperm/Non-Sperm (107).bmp,0,2,2,2,0.173382,0.030138,0.796480
smids/Non-Sperm/Non-Sperm (122).bmp,0,2,2,2,0.176163,0.029268,0.794569
smids/Non-Sperm/Non-Sperm (130).bmp,0,2,2,2,0.036733,0.155041,0.808226
smids/Non-Sperm/Non-Sperm (134).bmp,0,2,2,2,0.173872,0.029573,0.796555
smids/Non-Sperm/Non-Sperm (14).bmp,0,2,2,2,0.039069,0.175480,0.785452
smids/Non-Sperm/Non-Sperm (140).bmp,0,2,2,2,0.188834,0.032268,0.778898
smids/Non-Sperm/Non-Sperm (141).bmp,0,2,2,2,0.183270,0.029702,0.787028
smids/Non-Sperm/Non-Sperm (143).bmp,0,2,2,2,0.040368,0.185216,0.774416
smids/Non-Sperm/Non-Sperm (150).bmp,0,2,2,2,0.202037,0.030378,0.767585
smids/Non-Sperm/Non-Sperm (159).bmp,0,2,2,2,0.181478,0.029555,0.788967
smids/Non-Sperm/Non-Sperm (16).bmp,0,2,2,2,0.191568,0.031084,0.777348
smids/Non-Sperm/Non-Sperm (160).bmp,0,2,2,2,0.189393,0.031077,0.779529
smids/Non-Sperm/Non-Sperm (168).bmp,0,2,2,2,0.185162,0.028933,0.785906
smids/Non-Sperm/Non-Sperm (171).bmp,0,2,2,2,0.238717,0.027428,0.733855
smids/Non-Sperm/Non-Sperm (172).bmp,0,2,2,2,0.193174,0.029540,0.777285
smids/Non-Sperm/Non-Sperm (183).bmp,0,2,2,2,0.179034,0.029683,0.791283
smids/Non-Sperm/Non-Sperm (184).bmp,0,2,2,2,0.039871,0.161249,0.798880
smids/Non-Sperm/Non-Sperm (188).bmp,0,2,2,2,0.038659,0.157047,0.804293
smids/Non-Sperm/Non-Sperm (207).bmp,0,2,2,2,0.177455,0.030492,0.792053
smids/Non-Sperm/Non-Sperm (219).bmp,0,2,2,2,0.189012,0.029888,0.781100
smids/Non-Sperm/Non-Sperm (223).bmp,0,2,2,2,0.185281,0.029181,0.785538
smids/Non-Sperm/Non-Sperm (225).bmp,0,2,2,2,0.185440,0.030301,0.784259
smids/Non-Sperm/Non-Sperm (227).bmp,0,2,2,2,0.187448,0.029521,0.783031
smids/Non-Sperm/Non-Sperm (229).bmp,0,2,2,2,0.042320,0.172683,0.784997
smids/Non-Sperm/Non-Sperm (230).bmp,0,2,2,2,0.235635,0.027181,0.737184
smids/Non-Sperm/Non-Sperm (238).bmp,0,2,2,2,0.191530,0.029716,0.778755
smids/Non-Sperm/Non-Sperm (239).bmp,0,2,2,2,0.186992,0.030466,0.782542
smids/Non-Sperm/Non-Sperm (24).bmp,0,2,2,1,0.041838,0.701788,0.256374
smids/Non-Sperm/Non-Sperm (242).bmp,0,2,2,2,0.185997,0.030467,0.783536
smids/Non-Sperm/Non-Sperm (244).bmp,0,2,2,2,0.183606,0.030926,0.785468
smids/Non-Sperm/Non-Sperm (249).bmp,0,2,2,2,0.180973,0.030153,0.788874
smids/Non-Sperm/Non-Sperm (25).bmp,0,2,2,0,0.665666,0.036206,0.298128
smids/Non-Sperm/Non-Sperm (252).bmp,0,2,2,2,0.208283,0.028223,0.763494
smids/Non-Sperm/Non-Sperm (255).bmp,0,2,2,2,0.212123,0.028364,0.759514
smids/Non-Sperm/Non-Sperm (258).bmp,0,2,2,2,0.212454,0.029414,0.758132
smids/Non-Sperm/Non-Sperm (260).bmp,0,2,2,2,0.194308,0.029670,0.776023
smids/Non-Sperm/Non-Sperm (263).bmp,0,2,2,2,0.190076,0.034606,0.775319
smids/Non-Sperm/Non-Sperm (265).bmp,0,2,2,2,0.188763,0.030590,0.780647
smids/Non-Sperm/Non-Sperm (266).bmp,0,2,2,2,0.037776,0.163870,0.798354
smids/Non-Sperm/Non-Sperm (270).bmp,0,2,2,2,0.183845,0.030303,0.785851
smids/Non-Sperm/Non-Sperm (272).bmp,0,2,2,2,0.192347,0.030964,0.776688
smids/Non-Sperm/Non-Sperm (275).bmp,0,2,2,2,0.188363,0.031962,0.779674
smids/Non-Sperm/Non-Sperm (279).bmp,0,2,2,2,0.186561,0.029759,0.783680
smids/Non-Sperm/Non-Sperm (280).bmp,0,2,2,2,0.184456,0.030716,0.784828
smids/Non-Sperm/Non-Sperm (285).bmp,0,2,2,2,0.200730,0.032142,0.767127
smids/Non-Sperm/Non-Sperm (288).bmp,0,2,2,2,0.181489,0.029503,0.789007
smids/Non-Sperm/Non-Sperm (300).bmp,0,2,2,2,0.185490,0.028549,0.785961
smids/Non-Sperm/Non-Sperm (301).bmp,0,2,2,2,0.190324,0.030245,0.779431
smids/Non-Sperm/Non-Sperm (305).bmp,0,2,2,2,0.190178,0.029849,0.779973
smids/Non-Sperm/Non-Sperm (31).bmp,0,2,2,2,0.186582,0.031242,0.782176
smids/Non-Sperm/Non-Sperm (310).bmp,0,2,2,2,0.184355,0.028780,0.786864
smids/Non-Sperm/Non-Sperm (313).bmp,0,2,2,2,0.041797,0.165345,0.792858
smids/Non-Sperm/Non-Sperm (316).bmp,0,2,2,2,0.189961,0.030328,0.779710
smids/Non-Sperm/Non-Sperm (32).bmp,0,2,2,1,0.036300,0.622142,0.341557
smids/Non-Sperm/Non-Sperm (320).bmp,0,2,2,2,0.203315,0.028476,0.768210
smids/Non-Sperm/Non-Sperm (325).bmp,0,2,2,2,0.183046,0.030442,0.786512
smids/Non-Sperm/Non-Sperm (327).bmp,0,2,2,0,0.657023,0.030311,0.312666
smids/Non-Sperm/Non-Sperm (328).bmp,0,2,2,2,0.174619,0.029879,0.795502
smids/Non-Sperm/Non-Sperm (331).bmp,0,2,2,2,0.184343,0.029404,0.786253
smids/Non-Sperm/Non-Sperm (335).bmp,0,2,2,2,0.218769,0.032534,0.748696
smids/Non-Sperm/Non-Sperm (339).bmp,0,2,2,2,0.215176,0.029201,0.755622
smids/Non-Sperm/Non-Sperm (34).bmp,0,2,2,1,0.044031,0.685824,0.270145
smids/Non-Sperm/Non-Sperm (342).bmp,0,2,2,2,0.046515,0.203251,0.750234
smids/Non-Sperm/Non-Sperm (346).bmp,0,2,2,2,0.181816,0.029386,0.788797
smids/Non-Sperm/Non-Sperm (349).bmp,0,2,2,2,0.038041,0.199151,0.762807
smids/Non-Sperm/Non-Sperm (357).bmp,0,2,2,2,0.041150,0.164962,0.793887
smids/Non-Sperm/Non-Sperm (37).bmp,0,2,2,2,0.041458,0.178449,0.780093
smids/Non-Sperm/Non-Sperm (373).bmp,0,2,2,2,0.186934,0.029472,0.783594
smids/Non-Sperm/Non-Sperm (375).bmp,0,2,2,2,0.036223,0.181541,0.782236
smids/Non-Sperm/Non-Sperm (376).bmp,0,2,2,2,0.185145,0.031671,0.783184
smids/Non-Sperm/Non-Sperm (382).bmp,0,2,2,2,0.206599,0.027668,0.765732
smids/Non-Sperm/Non-Sperm (387).bmp,0,2,2,2,0.181448,0.030080,0.788472
smids/Non-Sperm/Non-Sperm (390).bmp,0,2,2,2,0.037309,0.155143,0.807549
smids/Non-Sperm/Non-Sperm (4).bmp,0,2,2,1,0.041120,0.662114,0.296767
smids/Non-Sperm/Non-Sperm (407).bmp,0,2,2,2,0.190917,0.030300,0.778784
smids/Non-Sperm/Non-Sperm (41).bmp,0,2,2,1,0.041075,0.656007,0.302918
smids/Non-Sperm/Non-Sperm (414).bmp,0,2,2,2,0.266416,0.026734,0.706850
smids/Non-Sperm/Non-Sperm (415).bmp,0,2,2,1,0.275893,0.664867,0.059241
smids/Non-Sperm/Non-Sperm (421).bmp,0,2,2,2,0.192914,0.030769,0.776317
smids/Non-Sperm/Non-Sperm (429).bmp,0,2,2,2,0.038500,0.156231,0.805269
smids/Non-Sperm/Non-Sperm (43).bmp,0,2,2,2,0.035103,0.224080,0.740817
smids/Non-Sperm/Non-Sperm (432).bmp,0,2,2,2,0.037492,0.155625,0.806883
smids/Non-Sperm/Non-Sperm (436).bmp,0,2,2,2,0.181121,0.029780,0.789099
smids/Non-Sperm/Non-Sperm (440).bmp,0,2,2,2,0.253341,0.027180,0.719479
smids/Non-Sperm/Non-Sperm (441).bmp,0,2,2,2,0.175748,0.030332,0.793919
smids/Non-Sperm/Non-Sperm (442).bmp,0,2,2,2,0.037991,0.171892,0.790117
smids/Non-Sperm/Non-Sperm (45).bmp,0,2,2,2,0.208359,0.033211,0.758430
smids/Non-Sperm/Non-Sperm (463).bmp,0,2,2,2,0.209299,0.033631,0.757070
smids/Non-Sperm/Non-Sperm (464).bmp,0,2,2,2,0.041121,0.162649,0.796231
smids/Non-Sperm/Non-Sperm (465).bmp,0,2,2,2,0.041457,0.168146,0.790397
smids/Non-Sperm/Non-Sperm (466).bmp,0,2,2,2,0.037015,0.166127,0.796858
smids/Non-Sperm/Non-Sperm (467).bmp,0,2,2,2,0.181153,0.029964,0.788883
smids/Non-Sperm/Non-Sperm (473).bmp,0,2,2,2,0.211396,0.028881,0.759723
smids/Non-Sperm/Non-Sperm (475).bmp,0,2,2,2,0.189935,0.028492,0.781573
smids/Non-Sperm/Non-Sperm (477).bmp,0,2,2,2,0.177418,0.029092,0.793490
smids/Non-Sperm/Non-Sperm (479).bmp,0,2,2,2,0.230151,0.027372,0.742477
smids/Non-Sperm/Non-Sperm (482).bmp,0,2,2,2,0.181209,0.029104,0.789687
smids/Non-Sperm/Non-Sperm (489).bmp,0,2,2,2,0.037803,0.159898,0.802299
smids/Non-Sperm/Non-Sperm (491).bmp,0,2,2,2,0.184168,0.029931,0.785901
smids/Non-Sperm/Non-Sperm (495).bmp,0,2,2,2,0.194536,0.029356,0.776108
smids/Non-Sperm/Non-Sperm (503).bmp,0,2,2,2,0.192912,0.030045,0.777043
smids/Non-Sperm/Non-Sperm (506).bmp,0,2,2,2,0.194078,0.032026,0.773897
smids/Non-Sperm/Non-Sperm (510).bmp,0,2,2,2,0.183269,0.028612,0.788119
smids/Non-Sperm/Non-Sperm (513).bmp,0,2,2,2,0.229851,0.031892,0.738257
smids/Non-Sperm/Non-Sperm (514).bmp,0,2,2,2,0.175514,0.030059,0.794427
smids/Non-Sperm/Non-Sperm (515).bmp,0,2,2,2,0.184453,0.032642,0.782905
smids/Non-Sperm/Non-Sperm (519).bmp,0,2,2,2,0.190919,0.031391,0.777690
smids/Non-Sperm/Non-Sperm (52).bmp,0,2,2,2,0.037829,0.220774,0.741397
smids/Non-Sperm/Non-Sperm (520).bmp,0,2,2,2,0.037328,0.164520,0.798152
smids/Non-Sperm/Non-Sperm (526).bmp,0,2,2,2,0.253834,0.028159,0.718007
smids/Non-Sperm/Non-Sperm (528).bmp,0,2,2,1,0.040886,0.689607,0.269507
smids/Non-Sperm/Non-Sperm (531).bmp,0,2,2,2,0.042296,0.172212,0.785492
smids/Non-Sperm/Non-Sperm (535).bmp,0,2,2,2,0.176694,0.031644,0.791662
smids/Non-Sperm/Non-Sperm (549).bmp,0,2,2,2,0.177331,0.029651,0.793018
smids/Non-Sperm/Non-Sperm (554).bmp,0,2,2,2,0.192012,0.033530,0.774458
smids/Non-Sperm/Non-Sperm (555).bmp,0,2,2,2,0.183856,0.029931,0.786213
smids/Non-Sperm/Non-Sperm (558).bmp,0,2,2,2,0.181860,0.029970,0.788171
smids/Non-Sperm/Non-Sperm (559).bmp,0,2,2,2,0.040668,0.186085,0.773247
smids/Non-Sperm/Non-Sperm (567).bmp,0,2,2,2,0.196571,0.033455,0.769974
smids/Non-Sperm/Non-Sperm (577).bmp,0,2,2,2,0.199457,0.031773,0.768769
smids/Non-Sperm/Non-Sperm (578).bmp,0,2,2,0,0.696972,0.032031,0.270997
smids/Non-Sperm/Non-Sperm (584).bmp,0,2,2,2,0.214345,0.031378,0.754277
smids/Non-Sperm/Non-Sperm (606).bmp,0,2,2,2,0.178691,0.028914,0.792395
smids/Non-Sperm/Non-Sperm (617).bmp,0,2,2,2,0.186437,0.030669,0.782894
smids/Non-Sperm/Non-Sperm (619).bmp,0,2,2,2,0.039969,0.179038,0.780993
smids/Non-Sperm/Non-Sperm (631).bmp,0,2,2,2,0.183674,0.029741,0.786585
smids/Non-Sperm/Non-Sperm (649).bmp,0,2,2,2,0.174682,0.030638,0.794680
smids/Non-Sperm/Non-Sperm (653).bmp,0,2,2,2,0.189356,0.029127,0.781518
smids/Non-Sperm/Non-Sperm (659).bmp,0,2,2,2,0.038762,0.158034,0.803204
smids/Non-Sperm/Non-Sperm (662).bmp,0,2,2,2,0.041240,0.159687,0.799073
smids/Non-Sperm/Non-Sperm (665).bmp,0,2,2,2,0.039243,0.163225,0.797531
smids/Non-Sperm/Non-Sperm (672).bmp,0,2,2,2,0.183433,0.028963,0.787604
smids/Non-Sperm/Non-Sperm (673).bmp,0,2,2,2,0.178156,0.028837,0.793007
smids/Non-Sperm/Non-Sperm (675).bmp,0,2,2,2,0.176105,0.030023,0.793872
smids/Non-Sperm/Non-Sperm (679).bmp,0,2,2,2,0.042265,0.185357,0.772378
smids/Non-Sperm/Non-Sperm (688).bmp,0,2,2,2,0.182110,0.031303,0.786586
smids/Non-Sperm/Non-Sperm (691).bmp,0,2,2,2,0.245697,0.029286,0.725017
smids/Non-Sperm/Non-Sperm (695).bmp,0,2,2,2,0.039896,0.219220,0.740884
smids/Non-Sperm/Non-Sperm (700).bmp,0,2,2,2,0.180523,0.029823,0.789654
smids/Non-Sperm/Non-Sperm (721).bmp,0,2,2,2,0.188443,0.028846,0.782711
smids/Non-Sperm/Non-Sperm (739).bmp,0,2,2,2,0.184440,0.029008,0.786552
smids/Non-Sperm/Non-Sperm (74).bmp,0,2,2,1,0.042793,0.640482,0.316725
smids/Non-Sperm/Non-Sperm (743).bmp,0,2,2,2,0.182528,0.029972,0.787500
smids/Non-Sperm/Non-Sperm (744).bmp,0,2,2,2,0.037513,0.153854,0.808633
smids/Non-Sperm/Non-Sperm (773).bmp,0,2,2,2,0.036418,0.155966,0.807615
smids/Non-Sperm/Non-Sperm (775).bmp,0,2,2,2,0.185360,0.029556,0.785084
smids/Non-Sperm/Non-Sperm (778).bmp,0,2,2,2,0.202858,0.029492,0.767651
smids/Non-Sperm/Non-Sperm (779).bmp,0,2,2,2,0.178013,0.030021,0.791966
smids/Non-Sperm/Non-Sperm (780).bmp,0,2,2,2,0.182372,0.030522,0.787106
smids/Non-Sperm/Non-Sperm (791).bmp,0,2,2,2,0.040900,0.159798,0.799302
smids/Non-Sperm/Non-Sperm (795).bmp,0,2,2,2,0.038325,0.174108,0.787567
smids/Non-Sperm/Non-Sperm (798).bmp,0,2,2,2,0.183609,0.029826,0.786565
smids/Non-Sperm/Non-Sperm (799).bmp,0,2,2,2,0.209007,0.033494,0.757499
smids/Non-Sperm/Non-Sperm (80).bmp,0,2,2,2,0.037724,0.156890,0.805386
smids/Non-Sperm/Non-Sperm (806).bmp,0,2,2,2,0.038680,0.153947,0.807373
smids/Non-Sperm/Non-Sperm (810).bmp,0,2,2,2,0.208616,0.030635,0.760750
smids/Non-Sperm/Non-Sperm (812).bmp,0,2,2,2,0.188846,0.028930,0.782225
smids/Non-Sperm/Non-Sperm (821).bmp,0,2,2,2,0.037641,0.162290,0.800068
smids/Non-Sperm/Non-Sperm (829).bmp,0,2,2,2,0.035029,0.178774,0.786197
smids/Non-Sperm/Non-Sperm (833).bmp,0,2,2,2,0.037755,0.205310,0.756935
smids/Non-Sperm/Non-Sperm (837).bmp,0,2,2,2,0.186286,0.029486,0.784228
smids/Non-Sperm/Non-Sperm (839).bmp,0,2,2,2,0.192163,0.029835,0.778001
smids/Non-Sperm/Non-Sperm (841).bmp,0,2,2,2,0.250369,0.030596,0.719035
smids/Non-Sperm/Non-Sperm (842).bmp,0,2,2,2,0.199252,0.030053,0.770696
smids/Non-Sperm/Non-Sperm (843).bmp,0,2,2,2,0.199526,0.028665,0.771809
smids/Non-Sperm/Non-Sperm (846).bmp,0,2,2,2,0.237369,0.028844,0.733786
smids/Non-Sperm/Non-Sperm (851).bmp,0,2,2,2,0.041164,0.170586,0.788250
smids/Non-Sperm/Non-Sperm (853).bmp,0,2,2,2,0.191979,0.030152,0.777868
smids/Non-Sperm/Non-Sperm (857).bmp,0,2,2,2,0.037077,0.168286,0.794637
smids/Non-Sperm/Non-Sperm (865).bmp,0,2,2,2,0.040533,0.182493,0.776973
smids/Non-Sperm/Non-Sperm (869).bmp,0,2,2,2,0.189715,0.030993,0.779292
smids/Non-Sperm/Non-Sperm (87).bmp,0,2,2,1,0.040720,0.619757,0.339523
smids/Non-Sperm/Non-Sperm (874).bmp,0,2,2,2,0.188892,0.029928,0.781180
smids/Non-Sperm/Non-Sperm (89).bmp,0,2,2,2,0.189386,0.030012,0.780602
smids/Non-Sperm/Non-Sperm (896).bmp,0,2,2,2,0.036807,0.203767,0.759426
smids/Non-Sperm/Non-Sperm (9).bmp,0,2,2,2,0.033410,0.211494,0.755097
smids/Non-Sperm/Non-Sperm (901).bmp,0,2,2,1,0.039917,0.639127,0.320955
smids/Non-Sperm/Non-Sperm (906).bmp,0,2,2,0,0.655488,0.032146,0.312366
smids/Non-Sperm/Non-Sperm (912).bmp,0,2,2,1,0.223645,0.727976,0.048379
smids/Non-Sperm/Non-Sperm (913).bmp,0,2,2,2,0.039252,0.157783,0.802965
smids/Non-Sperm/Non-Sperm (914).bmp,0,2,2,2,0.036077,0.198336,0.765588
smids/Non-Sperm/Non-Sperm (923).bmp,0,2,2,2,0.209487,0.035033,0.755481
smids/Non-Sperm/Non-Sperm (925).bmp,0,2,2,2,0.038736,0.166751,0.794512
smids/Non-Sperm/Non-Sperm (929).bmp,0,2,2,0,0.723849,0.231010,0.045142
smids/Non-Sperm/Non-Sperm (933).bmp,0,2,2,0,0.720036,0.236086,0.043878
smids/Non-Sperm/Non-Sperm (934).bmp,0,2,2,2,0.039291,0.165023,0.795686
smids/Non-Sperm/Non-Sperm (941).bmp,0,2,2,2,0.041700,0.178527,0.779772
smids/Non-Sperm/Non-Sperm (944).bmp,0,2,2,2,0.223750,0.029240,0.747010
smids/Non-Sperm/Non-Sperm (947).bmp,0,2,2,2,0.204603,0.030026,0.765371
smids/Non-Sperm/Non-Sperm (951).bmp,0,2,2,2,0.224395,0.032388,0.743217
smids/Non-Sperm/Non-Sperm (953).bmp,0,2,2,2,0.034710,0.227057,0.738232
smids/Non-Sperm/Non-Sperm (956).bmp,0,2,2,2,0.039311,0.153124,0.807565
smids/Non-Sperm/Non-Sperm (99).bmp,0,2,2,2,0.189830,0.029337,0.780833
smids/Normal_Sperm/Normal_Sperm (100).bmp,0,2,0,0,0.793132,0.165355,0.041513
smids/Normal_Sperm/Normal_Sperm (1003).bmp,0,2,0,0,0.677758,0.035340,0.286902
smids/Normal_Sperm/Normal_Sperm (1006).bmp,0,2,0,1,0.299980,0.664132,0.035887
smids/Normal_Sperm/Normal_Sperm (1007).bmp,0,2,0,0,0.705362,0.261980,0.032658
smids/Normal_Sperm/Normal_Sperm (1009).bmp,0,2,0,0,0.698956,0.037989,0.263055
smids/Normal_Sperm/Normal_Sperm (1016).bmp,0,2,0,0,0.761374,0.198670,0.039955
smids/Normal_Sperm/Normal_Sperm (1017).bmp,0,2,0,0,0.792647,0.168746,0.038607
smids/Normal_Sperm/Normal_Sperm (103).bmp,0,2,0,0,0.790164,0.167341,0.042495
smids/Normal_Sperm/Normal_Sperm (105).bmp,0,2,0,0,0.677226,0.029505,0.293269
smids/Normal_Sperm/Normal_Sperm (107).bmp,0,2,0,1,0.263863,0.685576,0.050561
smids/Normal_Sperm/Normal_Sperm (108).bmp,0,2,0,0,0.782440,0.174513,0.043047
smids/Normal_Sperm/Normal_Sperm (113).bmp,0,2,0,0,0.754747,0.208802,0.036451
smids/Normal_Sperm/Normal_Sperm (115).bmp,0,2,0,0,0.704919,0.036605,0.258477
smids/Normal_Sperm/Normal_Sperm (12).bmp,0,2,0,0,0.784660,0.171761,0.043579
smids/Normal_Sperm/Normal_Sperm (123).bmp,0,2,0,0,0.710538,0.241018,0.048445
smids/Normal_Sperm/Normal_Sperm (125).bmp,0,2,0,1,0.050830,0.639105,0.310065
smids/Normal_Sperm/Normal_Sperm (132).bmp,0,2,0,2,0.044120,0.189032,0.766848
smids/Normal_Sperm/Normal_Sperm (135).bmp,0,2,0,2,0.037778,0.222636,0.739587
smids/Normal_Sperm/Normal_Sperm (138).bmp,0,2,0,1,0.277947,0.675867,0.046186
smids/Normal_Sperm/Normal_Sperm (140).bmp,0,2,0,0,0.730311,0.220866,0.048823
smids/Normal_Sperm/Normal_Sperm (142).bmp,0,2,0,2,0.040717,0.206679,0.752604
smids/Normal_Sperm/Normal_Sperm (144).bmp,0,2,0,2,0.048182,0.197118,0.754699
smids/Normal_Sperm/Normal_Sperm (147).bmp,0,2,0,0,0.726729,0.232378,0.040893
smids/Normal_Sperm/Normal_Sperm (157).bmp,0,2,0,0,0.766125,0.194628,0.039248
smids/Normal_Sperm/Normal_Sperm (16).bmp,0,2,0,0,0.649377,0.039116,0.311507
smids/Normal_Sperm/Normal_Sperm (162).bmp,0,2,0,0,0.770006,0.191573,0.038421
smids/Normal_Sperm/Normal_Sperm (169).bmp,0,2,0,0,0.774073,0.184392,0.041535
smids/Normal_Sperm/Normal_Sperm (17).bmp,0,2,0,0,0.716076,0.246010,0.037914
smids/Normal_Sperm/Normal_Sperm (172).bmp,0,2,0,0,0.758833,0.200993,0.040175
smids/Normal_Sperm/Normal_Sperm (177).bmp,0,2,0,0,0.721835,0.236819,0.041346
smids/Normal_Sperm/Normal_Sperm (194).bmp,0,2,0,0,0.725075,0.240300,0.034625
smids/Normal_Sperm/Normal_Sperm (200).bmp,0,2,0,0,0.705663,0.260577,0.033760
smids/Normal_Sperm/Normal_Sperm (205).bmp,0,2,0,0,0.774229,0.189244,0.036527
smids/Normal_Sperm/Normal_Sperm (208).bmp,0,2,0,0,0.765865,0.192751,0.041384
smids/Normal_Sperm/Normal_Sperm (21).bmp,0,2,0,0,0.767359,0.194916,0.037724
smids/Normal_Sperm/Normal_Sperm (211).bmp,0,2,0,0,0.787861,0.171167,0.040972
smids/Normal_Sperm/Normal_Sperm (213).bmp,0,2,0,0,0.737075,0.228010,0.034915
smids/Normal_Sperm/Normal_Sperm (214).bmp,0,2,0,0,0.710063,0.254638,0.035299
smids/Normal_Sperm/Normal_Sperm (216).bmp,0,2,0,0,0.732781,0.228865,0.038354
smids/Normal_Sperm/Normal_Sperm (219).bmp,0,2,0,1,0.293510,0.667478,0.039012
smids/Normal_Sperm/Normal_Sperm (220).bmp,0,2,0,0,0.739797,0.221450,0.038753
smids/Normal_Sperm/Normal_Sperm (221).bmp,0,2,0,0,0.755219,0.199251,0.045530
smids/Normal_Sperm/Normal_Sperm (223).bmp,0,2,0,1,0.285226,0.669047,0.045728
smids/Normal_Sperm/Normal_Sperm (238).bmp,0,2,0,1,0.295117,0.670666,0.034217
smids/Normal_Sperm/Normal_Sperm (239).bmp,0,2,0,0,0.790850,0.168495,0.040655
smids/Normal_Sperm/Normal_Sperm (241).bmp,0,2,0,0,0.789309,0.167399,0.043292
smids/Normal_Sperm/Normal_Sperm (27).bmp,0,2,0,0,0.781449,0.180695,0.037856
smids/Normal_Sperm/Normal_Sperm (271).bmp,0,2,0,0,0.784428,0.173691,0.041880
smids/Normal_Sperm/Normal_Sperm (273).bmp,0,2,0,0,0.777586,0.177637,0.044777
smids/Normal_Sperm/Normal_Sperm (275).bmp,0,2,0,0,0.757925,0.205919,0.036155
smids/Normal_Sperm/Normal_Sperm (281).bmp,0,2,0,0,0.707802,0.255154,0.037044
smids/Normal_Sperm/Normal_Sperm (291).bmp,0,2,0,0,0.742490,0.215132,0.042379
smids/Normal_Sperm/Normal_Sperm (294).bmp,0,2,0,0,0.776869,0.183149,0.039982
smids/Normal_Sperm/Normal_Sperm (297).bmp,0,2,0,0,0.719062,0.245911,0.035027
smids/Normal_Sperm/Normal_Sperm (300).bmp,0,2,0,1,0.276011,0.686122,0.037867
smids/Normal_Sperm/Normal_Sperm (314).bmp,0,2,0,0,0.749648,0.209621,0.040732
smids/Normal_Sperm/Normal_Sperm (320).bmp,0,2,0,1,0.290207,0.672464,0.037330
smids/Normal_Sperm/Normal_Sperm (325).bmp,0,2,0,0,0.730314,0.225995,0.043691
smids/Normal_Sperm/Normal_Sperm (337).bmp,0,2,0,0,0.710547,0.253578,0.035875
smids/Normal_Sperm/Normal_Sperm (339).bmp,0,2,0,2,0.218244,0.037155,0.744602
smids/Normal_Sperm/Normal_Sperm (349).bmp,0,2,0,0,0.681443,0.038827,0.279730
smids/Normal_Sperm/Normal_Sperm (350).bmp,0,2,0,0,0.704506,0.260924,0.034570
smids/Normal_Sperm/Normal_Sperm (356).bmp,0,2,0,0,0.727388,0.231534,0.041078
smids/Normal_Sperm/Normal_Sperm (365).bmp,0,2,0,0,0.758514,0.200497,0.040989
smids/Normal_Sperm/Normal_Sperm (371).bmp,0,2,0,1,0.304105,0.660286,0.035609
smids/Normal_Sperm/Normal_Sperm (378).bmp,0,2,0,0,0.743805,0.218452,0.037743
smids/Normal_Sperm/Normal_Sperm (38).bmp,0,2,0,2,0.233736,0.028461,0.737803
smids/Normal_Sperm/Normal_Sperm (383).bmp,0,2,0,0,0.728083,0.234675,0.037242
smids/Normal_Sperm/Normal_Sperm (385).bmp,0,2,0,0,0.737938,0.226962,0.035099
smids/Normal_Sperm/Normal_Sperm (394).bmp,0,2,0,0,0.715488,0.249497,0.035015
smids/Normal_Sperm/Normal_Sperm (40).bmp,0,2,0,2,0.185110,0.029913,0.784977
smids/Normal_Sperm/Normal_Sperm (403).bmp,0,2,0,1,0.217108,0.736873,0.046019
smids/Normal_Sperm/Normal_Sperm (405).bmp,0,2,0,0,0.766701,0.196581,0.036718
smids/Normal_Sperm/Normal_Sperm (406).bmp,0,2,0,0,0.710307,0.251950,0.037742
smids/Normal_Sperm/Normal_Sperm (414).bmp,0,2,0,0,0.761110,0.199893,0.038997
smids/Normal_Sperm/Normal_Sperm (418).bmp,0,2,0,0,0.708175,0.256771,0.035054
smids/Normal_Sperm/Normal_Sperm (421).bmp,0,2,0,2,0.250557,0.030447,0.718996
smids/Normal_Sperm/Normal_Sperm (429).bmp,0,2,0,0,0.692005,0.031915,0.276080
smids/Normal_Sperm/Normal_Sperm (430).bmp,0,2,0,0,0.741754,0.222547,0.035699
smids/Normal_Sperm/Normal_Sperm (438).bmp,0,2,0,0,0.721616,0.243559,0.034825
smids/Normal_Sperm/Normal_Sperm (443).bmp,0,2,0,0,0.793741,0.165219,0.041040
smids/Normal_Sperm/Normal_Sperm (449).bmp,0,2,0,0,0.766436,0.196057,0.037507
smids/Normal_Sperm/Normal_Sperm (45).bmp,0,2,0,0,0.766766,0.186941,0.046293
smids/Normal_Sperm/Normal_Sperm (452).bmp,0,2,0,0,0.769780,0.191499,0.038722
smids/Normal_Sperm/Normal_Sperm (457).bmp,0,2,0,0,0.725276,0.239845,0.034879
smids/Normal_Sperm/Normal_Sperm (46).bmp,0,2,0,0,0.761177,0.196927,0.041896
smids/Normal_Sperm/Normal_Sperm (462).bmp,0,2,0,0,0.793360,0.164333,0.042308
smids/Normal_Sperm/Normal_Sperm (469).bmp,0,2,0,0,0.758921,0.199770,0.041309
smids/Normal_Sperm/Normal_Sperm (474).bmp,0,2,0,1,0.295981,0.669638,0.034381
smids/Normal_Sperm/Normal_Sperm (476).bmp,0,2,0,1,0.246283,0.715719,0.037997
smids/Normal_Sperm/Normal_Sperm (482).bmp,0,2,0,0,0.763304,0.198495,0.038201
smids/Normal_Sperm/Normal_Sperm (492).bmp,0,2,0,0,0.762638,0.200997,0.036366
smids/Normal_Sperm/Normal_Sperm (497).bmp,0,2,0,0,0.751270,0.210325,0.038406
smids/Normal_Sperm/Normal_Sperm (50).bmp,0,2,0,2,0.047694,0.205551,0.746756
smids/Normal_Sperm/Normal_Sperm (500).bmp,0,2,0,0,0.711559,0.252925,0.035516
smids/Normal_Sperm/Normal_Sperm (502).bmp,0,2,0,0,0.790096,0.171718,0.038186
smids/Normal_Sperm/Normal_Sperm (511).bmp,0,2,0,0,0.777613,0.185568,0.036819
smids/Normal_Sperm/Normal_Sperm (523).bmp,0,2,0,1,0.040062,0.661871,0.298067
smids/Normal_Sperm/Normal_Sperm (525).bmp,0,2,0,0,0.762229,0.200656,0.037115
smids/Normal_Sperm/Normal_Sperm (529).bmp,0,2,0,0,0.760832,0.199108,0.040060
smids/Normal_Sperm/Normal_Sperm (53).bmp,0,2,0,0,0.759950,0.197098,0.042952
smids/Normal_Sperm/Normal_Sperm (546).bmp,0,2,0,0,0.746215,0.215843,0.037942
smids/Normal_Sperm/Normal_Sperm (547).bmp,0,2,0,0,0.744406,0.217522,0.038071
smids/Normal_Sperm/Normal_Sperm (55).bmp,0,2,0,2,0.043721,0.211876,0.744403
smids/Normal_Sperm/Normal_Sperm (551).bmp,0,2,0,0,0.772102,0.190057,0.037841
smids/Normal_Sperm/Normal_Sperm (559).bmp,0,2,0,0,0.779017,0.178375,0.042608
smids/Normal_Sperm/Normal_Sperm (56).bmp,0,2,0,0,0.712212,0.033935,0.253854
smids/Normal_Sperm/Normal_Sperm (562).bmp,0,2,0,0,0.789979,0.171477,0.038544
smids/Normal_Sperm/Normal_Sperm (570).bmp,0,2,0,0,0.716132,0.247829,0.036038
smids/Normal_Sperm/Normal_Sperm (577).bmp,0,2,0,1,0.283179,0.678204,0.038617
smids/Normal_Sperm/Normal_Sperm (579).bmp,0,2,0,0,0.737741,0.221764,0.040494
smids/Normal_Sperm/Normal_Sperm (581).bmp,0,2,0,0,0.743731,0.219995,0.036273
smids/Normal_Sperm/Normal_Sperm (583).bmp,0,2,0,0,0.731775,0.229032,0.039193
smids/Normal_Sperm/Normal_Sperm (585).bmp,0,2,0,0,0.710408,0.255617,0.033975
smids/Normal_Sperm/Normal_Sperm (586).bmp,0,2,0,0,0.775517,0.187689,0.036794
smids/Normal_Sperm/Normal_Sperm (589).bmp,0,2,0,0,0.713243,0.248987,0.037770
smids/Normal_Sperm/Normal_Sperm (597).bmp,0,2,0,0,0.747021,0.212921,0.040057
smids/Normal_Sperm/Normal_Sperm (6).bmp,0,2,0,2,0.044575,0.169946,0.785479
smids/Normal_Sperm/Normal_Sperm (601).bmp,0,2,0,0,0.772320,0.183211,0.044469
smids/Normal_Sperm/Normal_Sperm (606).bmp,0,2,0,0,0.778135,0.176909,0.044956
smids/Normal_Sperm/Normal_Sperm (609).bmp,0,2,0,1,0.297917,0.664043,0.038039
smids/Normal_Sperm/Normal_Sperm (61).bmp,0,2,0,0,0.756574,0.201904,0.041521
smids/Normal_Sperm/Normal_Sperm (612).bmp,0,2,0,0,0.700996,0.265174,0.033830
smids/Normal_Sperm/Normal_Sperm (617).bmp,0,2,0,0,0.780436,0.182592,0.036973
smids/Normal_Sperm/Normal_Sperm (626).bmp,0,2,0,0,0.779623,0.182594,0.037782
smids/Normal_Sperm/Normal_Sperm (631).bmp,0,2,0,0,0.755229,0.209659,0.035112
smids/Normal_Sperm/Normal_Sperm (632).bmp,0,2,0,0,0.758562,0.204398,0.037040
smids/Normal_Sperm/Normal_Sperm (656).bmp,0,2,0,1,0.306785,0.660126,0.033089
smids/Normal_Sperm/Normal_Sperm (657).bmp,0,2,0,1,0.258384,0.682795,0.058821
smids/Normal_Sperm/Normal_Sperm (664).bmp,0,2,0,0,0.764857,0.190146,0.044997
smids/Normal_Sperm/Normal_Sperm (665).bmp,0,2,0,0,0.770209,0.187208,0.042582
smids/Normal_Sperm/Normal_Sperm (672).bmp,0,2,0,0,0.765677,0.196133,0.038190
smids/Normal_Sperm/Normal_Sperm (675).bmp,0,2,0,0,0.719490,0.244586,0.035924
smids/Normal_Sperm/Normal_Sperm (677).bmp,0,2,0,0,0.721677,0.243120,0.035203
smids/Normal_Sperm/Normal_Sperm (680).bmp,0,2,0,0,0.731538,0.232825,0.035637
smids/Normal_Sperm/Normal_Sperm (681).bmp,0,2,0,0,0.703984,0.261779,0.034236
smids/Normal_Sperm/Normal_Sperm (685).bmp,0,2,0,0,0.746942,0.214121,0.038937
smids/Normal_Sperm/Normal_Sperm (688).bmp,0,2,0,0,0.723399,0.242572,0.034030
smids/Normal_Sperm/Normal_Sperm (691).bmp,0,2,0,0,0.767016,0.193866,0.039118
smids/Normal_Sperm/Normal_Sperm (693).bmp,0,2,0,1,0.053727,0.660551,0.285722
smids/Normal_Sperm/Normal_Sperm (695).bmp,0,2,0,2,0.314086,0.279982,0.405932
smids/Normal_Sperm/Normal_Sperm (697).bmp,0,2,0,0,0.726517,0.234722,0.038761
smids/Normal_Sperm/Normal_Sperm (703).bmp,0,2,0,0,0.770607,0.188772,0.040621
smids/Normal_Sperm/Normal_Sperm (710).bmp,0,2,0,0,0.732552,0.230142,0.037305
smids/Normal_Sperm/Normal_Sperm (714).bmp,0,2,0,1,0.282115,0.673060,0.044825
smids/Normal_Sperm/Normal_Sperm (720).bmp,0,2,0,0,0.754218,0.207996,0.037786
smids/Normal_Sperm/Normal_Sperm (726).bmp,0,2,0,0,0.714397,0.250428,0.035175
smids/Normal_Sperm/Normal_Sperm (739).bmp,0,2,0,0,0.784056,0.174514,0.041430
smids/Normal_Sperm/Normal_Sperm (740).bmp,0,2,0,0,0.781743,0.181406,0.036851
smids/Normal_Sperm/Normal_Sperm (743).bmp,0,2,0,0,0.709764,0.250658,0.039578
smids/Normal_Sperm/Normal_Sperm (744).bmp,0,2,0,0,0.742387,0.221452,0.036161
smids/Normal_Sperm/Normal_Sperm (748).bmp,0,2,0,1,0.264860,0.698227,0.036914
smids/Normal_Sperm/Normal_Sperm (754).bmp,0,2,0,2,0.246081,0.030475,0.723444
smids/Normal_Sperm/Normal_Sperm (762).bmp,0,2,0,0,0.767560,0.193007,0.039433
smids/Normal_Sperm/Normal_Sperm (763).bmp,0,2,0,0,0.792987,0.167405,0.039608
smids/Normal_Sperm/Normal_Sperm (766).bmp,0,2,0,0,0.726787,0.237100,0.036113
smids/Normal_Sperm/Normal_Sperm (774).bmp,0,2,0,0,0.760468,0.201021,0.038511
smids/Normal_Sperm/Normal_Sperm (781).bmp,0,2,0,0,0.727509,0.237486,0.035004
smids/Normal_Sperm/Normal_Sperm (785).bmp,0,2,0,0,0.769561,0.191991,0.038448
smids/Normal_Sperm/Normal_Sperm (796).bmp,0,2,0,0,0.704008,0.258687,0.037306
smids/Normal_Sperm/Normal_Sperm (806).bmp,0,2,0,0,0.707674,0.035580,0.256746
smids/Normal_Sperm/Normal_Sperm (810).bmp,0,2,0,0,0.761482,0.198061,0.040458
smids/Normal_Sperm/Normal_Sperm (812).bmp,0,2,0,0,0.655372,0.031851,0.312777
smids/Normal_Sperm/Normal_Sperm (813).bmp,0,2,0,0,0.688326,0.034854,0.276820
smids/Normal_Sperm/Normal_Sperm (814).bmp,0,2,0,0,0.782383,0.177180,0.040437
smids/Normal_Sperm/Normal_Sperm (828).bmp,0,2,0,0,0.761384,0.199388,0.039228
smids/Normal_Sperm/Normal_Sperm (835).bmp,0,2,0,0,0.743957,0.211649,0.044395
smids/Normal_Sperm/Normal_Sperm (836).bmp,0,2,0,1,0.288449,0.674722,0.036829
smids/Normal_Sperm/Normal_Sperm (84).bmp,0,2,0,0,0.704602,0.257775,0.037622
smids/Normal_Sperm/Normal_Sperm (843).bmp,0,2,0,0,0.746310,0.212463,0.041227
smids/Normal_Sperm/Normal_Sperm (844).bmp,0,2,0,0,0.773473,0.186598,0.039929
smids/Normal_Sperm/Normal_Sperm (845).bmp,0,2,0,0,0.747604,0.210523,0.041873
smids/Normal_Sperm/Normal_Sperm (855).bmp,0,2,0,0,0.790597,0.169697,0.039706
smids/Normal_Sperm/Normal_Sperm (86).bmp,0,2,0,2,0.043350,0.177901,0.778749
smids/Normal_Sperm/Normal_Sperm (860).bmp,0,2,0,1,0.244155,0.715895,0.039950
smids/Normal_Sperm/Normal_Sperm (863).bmp,0,2,0,2,0.256535,0.030947,0.712518
smids/Normal_Sperm/Normal_Sperm (866).bmp,0,2,0,0,0.704330,0.258786,0.036884
smids/Normal_Sperm/Normal_Sperm (868).bmp,0,2,0,0,0.746427,0.213936,0.039637
smids/Normal_Sperm/Normal_Sperm (872).bmp,0,2,0,0,0.716737,0.243362,0.039901
smids/Normal_Sperm/Normal_Sperm (884).bmp,0,2,0,0,0.737273,0.226970,0.035757
smids/Normal_Sperm/Normal_Sperm (897).bmp,0,2,0,1,0.255660,0.705739,0.038601
smids/Normal_Sperm/Normal_Sperm (899).bmp,0,2,0,1,0.253012,0.696122,0.050866
smids/Normal_Sperm/Normal_Sperm (900).bmp,0,2,0,0,0.750785,0.202507,0.046708
smids/Normal_Sperm/Normal_Sperm (904).bmp,0,2,0,0,0.765426,0.198622,0.035952
smids/Normal_Sperm/Normal_Sperm (906).bmp,0,2,0,0,0.715777,0.249182,0.035041
smids/Normal_Sperm/Normal_Sperm (912).bmp,0,2,0,0,0.716565,0.249680,0.033756
smids/Normal_Sperm/Normal_Sperm (915).bmp,0,2,0,0,0.708808,0.255333,0.035859
smids/Normal_Sperm/Normal_Sperm (928).bmp,0,2,0,0,0.760793,0.201102,0.038105
smids/Normal_Sperm/Normal_Sperm (948).bmp,0,2,0,1,0.290976,0.668447,0.040577
smids/Normal_Sperm/Normal_Sperm (961).bmp,0,2,0,1,0.271070,0.691911,0.037019
smids/Normal_Sperm/Normal_Sperm (963).bmp,0,2,0,1,0.295993,0.668433,0.035574
smids/Normal_Sperm/Normal_Sperm (964).bmp,0,2,0,0,0.758076,0.206450,0.035474
smids/Normal_Sperm/Normal_Sperm (967).bmp,0,2,0,0,0.711248,0.254348,0.034404
smids/Normal_Sperm/Normal_Sperm (976).bmp,0,2,0,0,0.793497,0.167374,0.039129
smids/Normal_Sperm/Normal_Sperm (98).bmp,0,2,0,0,0.781457,0.175988,0.042555
smids/Normal_Sperm/Normal_Sperm (985).bmp,0,2,0,0,0.787296,0.170952,0.041752
smids/Normal_Sperm/Normal_Sperm (991).bmp,0,2,0,0,0.730266,0.231084,0.038649
smids/Normal_Sperm/Normal_Sperm (992).bmp,0,2,0,0,0.657204,0.028814,0.313982
smids/Normal_Sperm/Normal_Sperm (997).bmp,0,2,0,0,0.778476,0.180982,0.040541
smids/Normal_Sperm/Normal_Sperm (998).bmp,0,2,0,0,0.749650,0.207193,0.043158
smids/Abnormal_Sperm/Abnormal_Sperm (1001).bmp,0,3,1,0,0.689018,0.292639,0.018342
smids/Abnormal_Sperm/Abnormal_Sperm (1004).bmp,0,3,1,1,0.249321,0.731532,0.019147
smids/Abnormal_Sperm/Abnormal_Sperm (103).bmp,0,3,1,1,0.283171,0.697752,0.019077
smids/Abnormal_Sperm/Abnormal_Sperm (115).bmp,0,3,1,1,0.231501,0.742620,0.025879
smids/Abnormal_Sperm/Abnormal_Sperm (124).bmp,0,3,1,1,0.239708,0.737463,0.022829
smids/Abnormal_Sperm/Abnormal_Sperm (136).bmp,0,3,1,1,0.269707,0.711725,0.018568
smids/Abnormal_Sperm/Abnormal_Sperm (139).bmp,0,3,1,1,0.285600,0.697415,0.016986
smids/Abnormal_Sperm/Abnormal_Sperm (146).bmp,0,3,1,1,0.228955,0.751584,0.019462
smids/Abnormal_Sperm/Abnormal_Sperm (148).bmp,0,3,1,1,0.210298,0.766130,0.023572
smids/Abnormal_Sperm/Abnormal_Sperm (150).bmp,0,3,1,1,0.277309,0.705035,0.017657
smids/Abnormal_Sperm/Abnormal_Sperm (154).bmp,0,3,1,1,0.237547,0.743514,0.018939
smids/Abnormal_Sperm/Abnormal_Sperm (159).bmp,0,3,1,1,0.244482,0.733753,0.021766
smids/Abnormal_Sperm/Abnormal_Sperm (166).bmp,0,3,1,1,0.279513,0.702550,0.017937
smids/Abnormal_Sperm/Abnormal_Sperm (17).bmp,0,3,1,1,0.050027,0.717538,0.232435
smids/Abnormal_Sperm/Abnormal_Sperm (171).bmp,0,3,1,2,0.041084,0.229629,0.729287
smids/Abnormal_Sperm/Abnormal_Sperm (185).bmp,0,3,1,1,0.291895,0.690639,0.017466
smids/Abnormal_Sperm/Abnormal_Sperm (19).bmp,0,3,1,1,0.227097,0.751551,0.021353
smids/Abnormal_Sperm/Abnormal_Sperm (2).bmp,0,3,1,1,0.245781,0.734619,0.019600
smids/Abnormal_Sperm/Abnormal_Sperm (204).bmp,0,3,1,1,0.208970,0.769909,0.021121
smids/Abnormal_Sperm/Abnormal_Sperm (206).bmp,0,3,1,1,0.052524,0.719844,0.227632
smids/Abnormal_Sperm/Abnormal_Sperm (213).bmp,0,3,1,1,0.219245,0.757074,0.023681
smids/Abnormal_Sperm/Abnormal_Sperm (217).bmp,0,3,1,1,0.221639,0.754455,0.023906
smids/Abnormal_Sperm/Abnormal_Sperm (231).bmp,0,3,1,1,0.260273,0.721883,0.017844
smids/Abnormal_Sperm/Abnormal_Sperm (239).bmp,0,3,1,1,0.252913,0.728206,0.018881
smids/Abnormal_Sperm/Abnormal_Sperm (24).bmp,0,3,1,1,0.239905,0.741142,0.018953
smids/Abnormal_Sperm/Abnormal_Sperm (240).bmp,0,3,1,1,0.044096,0.716057,0.239847
smids/Abnormal_Sperm/Abnormal_Sperm (242).bmp,0,3,1,0,0.684762,0.296566,0.018673
smids/Abnormal_Sperm/Abnormal_Sperm (243).bmp,0,3,1,1,0.041252,0.696227,0.262521
smids/Abnormal_Sperm/Abnormal_Sperm (261).bmp,0,3,1,0,0.696972,0.285095,0.017933
smids/Abnormal_Sperm/Abnormal_Sperm (271).bmp,0,3,1,1,0.212754,0.766427,0.020819
smids/Abnormal_Sperm/Abnormal_Sperm (272).bmp,0,3,1,1,0.256139,0.725845,0.018016
smids/Abnormal_Sperm/Abnormal_Sperm (278).bmp,0,3,1,1,0.245292,0.732678,0.022029
smids/Abnormal_Sperm/Abnormal_Sperm (280).bmp,0,3,1,0,0.689433,0.293716,0.016851
smids/Abnormal_Sperm/Abnormal_Sperm (281).bmp,0,3,1,1,0.239590,0.739875,0.020535
smids/Abnormal_Sperm/Abnormal_Sperm (286).bmp,0,3,1,2,0.041238,0.223739,0.735023
smids/Abnormal_Sperm/Abnormal_Sperm (288).bmp,0,3,1,1,0.052719,0.723833,0.223448
smids/Abnormal_Sperm/Abnormal_Sperm (293).bmp,0,3,1,1,0.271695,0.709629,0.018676
smids/Abnormal_Sperm/Abnormal_Sperm (295).bmp,0,3,1,1,0.219985,0.757520,0.022496
smids/Abnormal_Sperm/Abnormal_Sperm (306).bmp,0,3,1,1,0.274269,0.705224,0.020506
smids/Abnormal_Sperm/Abnormal_Sperm (314).bmp,0,3,1,1,0.048179,0.748542,0.203279
smids/Abnormal_Sperm/Abnormal_Sperm (324).bmp,0,3,1,2,0.040828,0.213429,0.745743
smids/Abnormal_Sperm/Abnormal_Sperm (325).bmp,0,3,1,1,0.209843,0.770072,0.020086
smids/Abnormal_Sperm/Abnormal_Sperm (33).bmp,0,3,1,0,0.694744,0.287455,0.017802
smids/Abnormal_Sperm/Abnormal_Sperm (332).bmp,0,3,1,1,0.239029,0.742974,0.017997
smids/Abnormal_Sperm/Abnormal_Sperm (337).bmp,0,3,1,1,0.227681,0.752780,0.019539
smids/Abnormal_Sperm/Abnormal_Sperm (34).bmp,0,3,1,1,0.224777,0.751502,0.023721
smids/Abnormal_Sperm/Abnormal_Sperm (341).bmp,0,3,1,1,0.219717,0.760280,0.020003
smids/Abnormal_Sperm/Abnormal_Sperm (347).bmp,0,3,1,1,0.236887,0.744004,0.019110
smids/Abnormal_Sperm/Abnormal_Sperm (349).bmp,0,3,1,1,0.221527,0.758328,0.020144
smids/Abnormal_Sperm/Abnormal_Sperm (352).bmp,0,3,1,1,0.253372,0.728133,0.018495
smids/Abnormal_Sperm/Abnormal_Sperm (358).bmp,0,3,1,1,0.054080,0.721843,0.224077
smids/Abnormal_Sperm/Abnormal_Sperm (377).bmp,0,3,1,1,0.232971,0.744119,0.022910
smids/Abnormal_Sperm/Abnormal_Sperm (379).bmp,0,3,1,1,0.043889,0.677771,0.278339
smids/Abnormal_Sperm/Abnormal_Sperm (385).bmp,0,3,1,1,0.283748,0.697358,0.018894
smids/Abnormal_Sperm/Abnormal_Sperm (399).bmp,0,3,1,1,0.207490,0.768002,0.024508
smids/Abnormal_Sperm/Abnormal_Sperm (405).bmp,0,3,1,1,0.043326,0.685662,0.271012
smids/Abnormal_Sperm/Abnormal_Sperm (408).bmp,0,3,1,1,0.247909,0.727243,0.024849
smids/Abnormal_Sperm/Abnormal_Sperm (417).bmp,0,3,1,1,0.260483,0.720409,0.019108
smids/Abnormal_Sperm/Abnormal_Sperm (419).bmp,0,3,1,1,0.048377,0.744180,0.207443
smids/Abnormal_Sperm/Abnormal_Sperm (423).bmp,0,3,1,1,0.280150,0.701547,0.018302
smids/Abnormal_Sperm/Abnormal_Sperm (426).bmp,0,3,1,1,0.228600,0.752503,0.018896
smids/Abnormal_Sperm/Abnormal_Sperm (431).bmp,0,3,1,1,0.048233,0.710104,0.241664
smids/Abnormal_Sperm/Abnormal_Sperm (433).bmp,0,3,1,1,0.269653,0.708939,0.021408
smids/Abnormal_Sperm/Abnormal_Sperm (436).bmp,0,3,1,1,0.271293,0.709921,0.018785
smids/Abnormal_Sperm/Abnormal_Sperm (437).bmp,0,3,1,1,0.282723,0.700313,0.016964
smids/Abnormal_Sperm/Abnormal_Sperm (443).bmp,0,3,1,1,0.234471,0.744983,0.020546
smids/Abnormal_Sperm/Abnormal_Sperm (447).bmp,0,3,1,1,0.048857,0.756517,0.194626
smids/Abnormal_Sperm/Abnormal_Sperm (448).bmp,0,3,1,1,0.044963,0.724834,0.230203
smids/Abnormal_Sperm/Abnormal_Sperm (450).bmp,0,3,1,1,0.241432,0.739201,0.019367
smids/Abnormal_Sperm/Abnormal_Sperm (453).bmp,0,3,1,1,0.254231,0.726909,0.018859
smids/Abnormal_Sperm/Abnormal_Sperm (459).bmp,0,3,1,1,0.211709,0.769543,0.018748
smids/Abnormal_Sperm/Abnormal_Sperm (460).bmp,0,3,1,1,0.213243,0.766435,0.020322
smids/Abnormal_Sperm/Abnormal_Sperm (462).bmp,0,3,1,1,0.274397,0.708189,0.017414
smids/Abnormal_Sperm/Abnormal_Sperm (463).bmp,0,3,1,1,0.044464,0.722692,0.232844
smids/Abnormal_Sperm/Abnormal_Sperm (465).bmp,0,3,1,1,0.208284,0.770762,0.020953
smids/Abnormal_Sperm/Abnormal_Sperm (474).bmp,0,3,1,1,0.056340,0.671697,0.271963
smids/Abnormal_Sperm/Abnormal_Sperm (483).bmp,0,3,1,0,0.708962,0.267272,0.023766
smids/Abnormal_Sperm/Abnormal_Sperm (495).bmp,0,3,1,1,0.211984,0.766186,0.021830
smids/Abnormal_Sperm/Abnormal_Sperm (498).bmp,0,3,1,2,0.187838,0.039190,0.772972
smids/Abnormal_Sperm/Abnormal_Sperm (499).bmp,0,3,1,2,0.231609,0.032845,0.735546
smids/Abnormal_Sperm/Abnormal_Sperm (505).bmp,0,3,1,1,0.048217,0.759140,0.192643
smids/Abnormal_Sperm/Abnormal_Sperm (516).bmp,0,3,1,1,0.049985,0.746174,0.203841
smids/Abnormal_Sperm/Abnormal_Sperm (523).bmp,0,3,1,1,0.227905,0.753187,0.018908
smids/Abnormal_Sperm/Abnormal_Sperm (529).bmp,0,3,1,1,0.210632,0.769047,0.020322
smids/Abnormal_Sperm/Abnormal_Sperm (531).bmp,0,3,1,1,0.233711,0.744191,0.022098
smids/Abnormal_Sperm/Abnormal_Sperm (535).bmp,0,3,1,1,0.221585,0.759291,0.019124
smids/Abnormal_Sperm/Abnormal_Sperm (537).bmp,0,3,1,1,0.292354,0.690615,0.017030
smids/Abnormal_Sperm/Abnormal_Sperm (544).bmp,0,3,1,1,0.047269,0.750478,0.202253
smids/Abnormal_Sperm/Abnormal_Sperm (545).bmp,0,3,1,0,0.742896,0.229723,0.027382
smids/Abnormal_Sperm/Abnormal_Sperm (551).bmp,0,3,1,2,0.043603,0.169572,0.786825
smids/Abnormal_Sperm/Abnormal_Sperm (552).bmp,0,3,1,0,0.714857,0.265951,0.019192
smids/Abnormal_Sperm/Abnormal_Sperm (559).bmp,0,3,1,1,0.057860,0.703337,0.238803
smids/Abnormal_Sperm/Abnormal_Sperm (561).bmp,0,3,1,1,0.288060,0.692965,0.018975
smids/Abnormal_Sperm/Abnormal_Sperm (57).bmp,0,3,1,1,0.231786,0.749521,0.018694
smids/Abnormal_Sperm/Abnormal_Sperm (570).bmp,0,3,1,1,0.049342,0.674290,0.276368
smids/Abnormal_Sperm/Abnormal_Sperm (574).bmp,0,3,1,1,0.057272,0.707254,0.235474
smids/Abnormal_Sperm/Abnormal_Sperm (575).bmp,0,3,1,1,0.268909,0.707225,0.023867
smids/Abnormal_Sperm/Abnormal_Sperm (580).bmp,0,3,1,1,0.056061,0.718300,0.225639
smids/Abnormal_Sperm/Abnormal_Sperm (586).bmp,0,3,1,1,0.240935,0.734722,0.024343
smids/Abnormal_Sperm/Abnormal_Sperm (590).bmp,0,3,1,2,0.044037,0.209018,0.746944
smids/Abnormal_Sperm/Abnormal_Sperm (592).bmp,0,3,1,1,0.050799,0.680936,0.268265
smids/Abnormal_Sperm/Abnormal_Sperm (60).bmp,0,3,1,1,0.042695,0.663268,0.294036
smids/Abnormal_Sperm/Abnormal_Sperm (602).bmp,0,3,1,1,0.041182,0.668037,0.290782
smids/Abnormal_Sperm/Abnormal_Sperm (616).bmp,0,3,1,1,0.244015,0.737810,0.018175
smids/Abnormal_Sperm/Abnormal_Sperm (622).bmp,0,3,1,0,0.762631,0.217582,0.019787
smids/Abnormal_Sperm/Abnormal_Sperm (632).bmp,0,3,1,1,0.217612,0.760136,0.022252
smids/Abnormal_Sperm/Abnormal_Sperm (636).bmp,0,3,1,1,0.294340,0.687282,0.018378
smids/Abnormal_Sperm/Abnormal_Sperm (637).bmp,0,3,1,1,0.293440,0.686777,0.019782
smids/Abnormal_Sperm/Abnormal_Sperm (64).bmp,0,3,1,1,0.216897,0.762235,0.020867
smids/Abnormal_Sperm/Abnormal_Sperm (641).bmp,0,3,1,1,0.051641,0.701012,0.247348
smids/Abnormal_Sperm/Abnormal_Sperm (643).bmp,0,3,1,1,0.273467,0.708348,0.018184
smids/Abnormal_Sperm/Abnormal_Sperm (644).bmp,0,3,1,1,0.276071,0.705756,0.018173
smids/Abnormal_Sperm/Abnormal_Sperm (646).bmp,0,3,1,1,0.227050,0.753583,0.019367
smids/Abnormal_Sperm/Abnormal_Sperm (65).bmp,0,3,1,1,0.280321,0.701367,0.018312
smids/Abnormal_Sperm/Abnormal_Sperm (650).bmp,0,3,1,0,0.706151,0.276126,0.017723
smids/Abnormal_Sperm/Abnormal_Sperm (654).bmp,0,3,1,0,0.695401,0.278750,0.025849
smids/Abnormal_Sperm/Abnormal_Sperm (656).bmp,0,3,1,0,0.704449,0.276231,0.019320
smids/Abnormal_Sperm/Abnormal_Sperm (664).bmp,0,3,1,1,0.290309,0.692265,0.017426
smids/Abnormal_Sperm/Abnormal_Sperm (665).bmp,0,3,1,1,0.241060,0.738494,0.020446
smids/Abnormal_Sperm/Abnormal_Sperm (67).bmp,0,3,1,1,0.224098,0.754972,0.020929
smids/Abnormal_Sperm/Abnormal_Sperm (674).bmp,0,3,1,1,0.237134,0.744636,0.018229
smids/Abnormal_Sperm/Abnormal_Sperm (678).bmp,0,3,1,1,0.277596,0.701571,0.020833
smids/Abnormal_Sperm/Abnormal_Sperm (682).bmp,0,3,1,1,0.048032,0.694668,0.257300
smids/Abnormal_Sperm/Abnormal_Sperm (690).bmp,0,3,1,1,0.223507,0.756728,0.019765
smids/Abnormal_Sperm/Abnormal_Sperm (697).bmp,0,3,1,1,0.290044,0.690933,0.019023
smids/Abnormal_Sperm/Abnormal_Sperm (703).bmp,0,3,1,1,0.265124,0.716885,0.017991
smids/Abnormal_Sperm/Abnormal_Sperm (706).bmp,0,3,1,1,0.215971,0.760559,0.023470
smids/Abnormal_Sperm/Abnormal_Sperm (708).bmp,0,3,1,1,0.287793,0.693837,0.018370
smids/Abnormal_Sperm/Abnormal_Sperm (710).bmp,0,3,1,1,0.255456,0.726332,0.018212
smids/Abnormal_Sperm/Abnormal_Sperm (714).bmp,0,3,1,0,0.711167,0.272314,0.016520
smids/Abnormal_Sperm/Abnormal_Sperm (725).bmp,0,3,1,0,0.738889,0.241910,0.019200
smids/Abnormal_Sperm/Abnormal_Sperm (727).bmp,0,3,1,1,0.053317,0.729058,0.217625
smids/Abnormal_Sperm/Abnormal_Sperm (729).bmp,0,3,1,1,0.239791,0.738556,0.021653
smids/Abnormal_Sperm/Abnormal_Sperm (734).bmp,0,3,1,0,0.704501,0.277460,0.018038
smids/Abnormal_Sperm/Abnormal_Sperm (737).bmp,0,3,1,0,0.693439,0.289158,0.017404
smids/Abnormal_Sperm/Abnormal_Sperm (74).bmp,0,3,1,1,0.236911,0.743091,0.019998
smids/Abnormal_Sperm/Abnormal_Sperm (743).bmp,0,3,1,1,0.239623,0.734802,0.025575
smids/Abnormal_Sperm/Abnormal_Sperm (744).bmp,0,3,1,0,0.752540,0.047473,0.199987
smids/Abnormal_Sperm/Abnormal_Sperm (75).bmp,0,3,1,1,0.299502,0.683740,0.016758
smids/Abnormal_Sperm/Abnormal_Sperm (750).bmp,0,3,1,0,0.695820,0.287814,0.016366
smids/Abnormal_Sperm/Abnormal_Sperm (760).bmp,0,3,1,0,0.718484,0.263788,0.017729
smids/Abnormal_Sperm/Abnormal_Sperm (763).bmp,0,3,1,0,0.708670,0.274458,0.016872
smids/Abnormal_Sperm/Abnormal_Sperm (768).bmp,0,3,1,1,0.301231,0.682285,0.016483
smids/Abnormal_Sperm/Abnormal_Sperm (769).bmp,0,3,1,1,0.208844,0.770811,0.020345
smids/Abnormal_Sperm/Abnormal_Sperm (779).bmp,0,3,1,0,0.693695,0.286833,0.019473
smids/Abnormal_Sperm/Abnormal_Sperm (782).bmp,0,3,1,1,0.223006,0.757823,0.019171
smids/Abnormal_Sperm/Abnormal_Sperm (783).bmp,0,3,1,0,0.758358,0.221451,0.020190
smids/Abnormal_Sperm/Abnormal_Sperm (784).bmp,0,3,1,1,0.268219,0.713293,0.018489
smids/Abnormal_Sperm/Abnormal_Sperm (788).bmp,0,3,1,1,0.049054,0.752999,0.197947
smids/Abnormal_Sperm/Abnormal_Sperm (792).bmp,0,3,1,1,0.049879,0.725395,0.224726
smids/Abnormal_Sperm/Abnormal_Sperm (806).bmp,0,3,1,1,0.251458,0.726015,0.022526
smids/Abnormal_Sperm/Abnormal_Sperm (808).bmp,0,3,1,0,0.699785,0.283355,0.016861
smids/Abnormal_Sperm/Abnormal_Sperm (810).bmp,0,3,1,0,0.691050,0.291965,0.016985
smids/Abnormal_Sperm/Abnormal_Sperm (815).bmp,0,3,1,0,0.691441,0.291865,0.016693
smids/Abnormal_Sperm/Abnormal_Sperm (818).bmp,0,3,1,0,0.695223,0.286972,0.017805
smids/Abnormal_Sperm/Abnormal_Sperm (82).bmp,0,3,1,0,0.693597,0.289450,0.016953
smids/Abnormal_Sperm/Abnormal_Sperm (821).bmp,0,3,1,1,0.296382,0.685265,0.018354
smids/Abnormal_Sperm/Abnormal_Sperm (835).bmp,0,3,1,1,0.219410,0.761216,0.019374
smids/Abnormal_Sperm/Abnormal_Sperm (846).bmp,0,3,1,1,0.302292,0.680729,0.016979
smids/Abnormal_Sperm/Abnormal_Sperm (85).bmp,0,3,1,1,0.211109,0.769940,0.018951
smids/Abnormal_Sperm/Abnormal_Sperm (856).bmp,0,3,1,0,0.690252,0.291972,0.017776
smids/Abnormal_Sperm/Abnormal_Sperm (859).bmp,0,3,1,1,0.280916,0.700554,0.018530
smids/Abnormal_Sperm/Abnormal_Sperm (86).bmp,0,3,1,1,0.217405,0.763302,0.019293
smids/Abnormal_Sperm/Abnormal_Sperm (862).bmp,0,3,1,1,0.295626,0.686683,0.017691
smids/Abnormal_Sperm/Abnormal_Sperm (864).bmp,0,3,1,0,0.774530,0.201962,0.023508
smids/Abnormal_Sperm/Abnormal_Sperm (870).bmp,0,3,1,1,0.233944,0.738137,0.027918
smids/Abnormal_Sperm/Abnormal_Sperm (872).bmp,0,3,1,1,0.269358,0.712609,0.018033
smids/Abnormal_Sperm/Abnormal_Sperm (879).bmp,0,3,1,1,0.267222,0.714878,0.017900
smids/Abnormal_Sperm/Abnormal_Sperm (89).bmp,0,3,1,1,0.046937,0.759417,0.193646
smids/Abnormal_Sperm/Abnormal_Sperm (890).bmp,0,3,1,1,0.242631,0.739456,0.017913
smids/Abnormal_Sperm/Abnormal_Sperm (891).bmp,0,3,1,1,0.261597,0.720731,0.017672
smids/Abnormal_Sperm/Abnormal_Sperm (902).bmp,0,3,1,1,0.053105,0.674853,0.272042
smids/Abnormal_Sperm/Abnormal_Sperm (905).bmp,0,3,1,0,0.694487,0.289041,0.016472
smids/Abnormal_Sperm/Abnormal_Sperm (916).bmp,0,3,1,1,0.303462,0.357084,0.339454
smids/Abnormal_Sperm/Abnormal_Sperm (921).bmp,0,3,1,1,0.057045,0.691714,0.251241
smids/Abnormal_Sperm/Abnormal_Sperm (923).bmp,0,3,1,0,0.719418,0.259536,0.021046
smids/Abnormal_Sperm/Abnormal_Sperm (926).bmp,0,3,1,1,0.230273,0.749659,0.020067
smids/Abnormal_Sperm/Abnormal_Sperm (937).bmp,0,3,1,2,0.194731,0.040055,0.765214
smids/Abnormal_Sperm/Abnormal_Sperm (940).bmp,0,3,1,1,0.046449,0.745575,0.207975
smids/Abnormal_Sperm/Abnormal_Sperm (942).bmp,0,3,1,0,0.738211,0.236707,0.025082
smids/Abnormal_Sperm/Abnormal_Sperm (951).bmp,0,3,1,0,0.740755,0.233338,0.025907
smids/Abnormal_Sperm/Abnormal_Sperm (960).bmp,0,3,1,1,0.223035,0.754635,0.022330
smids/Abnormal_Sperm/Abnormal_Sperm (964).bmp,0,3,1,1,0.224410,0.755724,0.019866
smids/Abnormal_Sperm/Abnormal_Sperm (969).bmp,0,3,1,1,0.217016,0.760478,0.022506
smids/Abnormal_Sperm/Abnormal_Sperm (97).bmp,0,3,1,1,0.288575,0.690924,0.020500
smids/Abnormal_Sperm/Abnormal_Sperm (973).bmp,0,3,1,1,0.255784,0.723140,0.021077
smids/Abnormal_Sperm/Abnormal_Sperm (98).bmp,0,3,1,1,0.228803,0.750765,0.020432
smids/Abnormal_Sperm/Abnormal_Sperm (983).bmp,0,3,1,1,0.219532,0.757669,0.022799
smids/Abnormal_Sperm/Abnormal_Sperm (985).bmp,0,3,1,1,0.267973,0.710163,0.021863
smids/Abnormal_Sperm/Abnormal_Sperm (987).bmp,0,3,1,0,0.706773,0.274630,0.018597
smids/Abnormal_Sperm/Abnormal_Sperm (992).bmp,0,3,1,0,0.685574,0.292583,0.021843
smids/Abnormal_Sperm/Abnormal_Sperm (993).bmp,0,3,1,0,0.713517,0.053853,0.232630
smids/Abnormal_Sperm/Abnormal_Sperm (995).bmp,0,3,1,1,0.047798,0.763002,0.189199
smids/Abnormal_Sperm/Abnormal_Sperm (998).bmp,0,3,1,1,0.228864,0.751177,0.019958
smids/Non-Sperm/Non-Sperm (101).bmp,0,3,2,2,0.041605,0.168416,0.789979
smids/Non-Sperm/Non-Sperm (104).bmp,0,3,2,2,0.175248,0.034967,0.789786
smids/Non-Sperm/Non-Sperm (108).bmp,0,3,2,2,0.036972,0.201578,0.761449
smids/Non-Sperm/Non-Sperm (109).bmp,0,3,2,2,0.040291,0.163516,0.796193
smids/Non-Sperm/Non-Sperm (11).bmp,0,3,2,2,0.035834,0.216824,0.747342
smids/Non-Sperm/Non-Sperm (110).bmp,0,3,2,2,0.042244,0.161245,0.796511
smids/Non-Sperm/Non-Sperm (111).bmp,0,3,2,2,0.038213,0.179129,0.782659
smids/Non-Sperm/Non-Sperm (114).bmp,0,3,2,2,0.182965,0.034842,0.782193
smids/Non-Sperm/Non-Sperm (115).bmp,0,3,2,2,0.171692,0.036559,0.791749
smids/Non-Sperm/Non-Sperm (118).bmp,0,3,2,2,0.179838,0.033786,0.786376
smids/Non-Sperm/Non-Sperm (119).bmp,0,3,2,2,0.040579,0.165091,0.794330
smids/Non-Sperm/Non-Sperm (121).bmp,0,3,2,2,0.039041,0.159345,0.801614
smids/Non-Sperm/Non-Sperm (123).bmp,0,3,2,2,0.041352,0.167403,0.791245
smids/Non-Sperm/Non-Sperm (13).bmp,0,3,2,2,0.041250,0.166685,0.792065
smids/Non-Sperm/Non-Sperm (144).bmp,0,3,2,2,0.184582,0.035689,0.779729
smids/Non-Sperm/Non-Sperm (151).bmp,0,3,2,2,0.177070,0.033905,0.789024
smids/Non-Sperm/Non-Sperm (156).bmp,0,3,2,2,0.037906,0.167251,0.794843
smids/Non-Sperm/Non-Sperm (158).bmp,0,3,2,2,0.185484,0.035259,0.779257
smids/Non-Sperm/Non-Sperm (164).bmp,0,3,2,2,0.039582,0.162516,0.797902
smids/Non-Sperm/Non-Sperm (166).bmp,0,3,2,2,0.187927,0.036705,0.775369
smids/Non-Sperm/Non-Sperm (167).bmp,0,3,2,2,0.039852,0.155674,0.804474
smids/Non-Sperm/Non-Sperm (17).bmp,0,3,2,2,0.043122,0.170098,0.786780
smids/Non-Sperm/Non-Sperm (170).bmp,0,3,2,2,0.041344,0.161835,0.796821
smids/Non-Sperm/Non-Sperm (173).bmp,0,3,2,2,0.183758,0.036736,0.779506
smids/Non-Sperm/Non-Sperm (179).bmp,0,3,2,2,0.040043,0.159659,0.800297
smids/Non-Sperm/Non-Sperm (18).bmp,0,3,2,2,0.042714,0.205310,0.751975
smids/Non-Sperm/Non-Sperm (186).bmp,0,3,2,2,0.185096,0.035915,0.778989
smids/Non-Sperm/Non-Sperm (189).bmp,0,3,2,0,0.669706,0.037828,0.292466
smids/Non-Sperm/Non-Sperm (193).bmp,0,3,2,2,0.212475,0.033979,0.753546
smids/Non-Sperm/Non-Sperm (196).bmp,0,3,2,2,0.039813,0.171208,0.788980
smids/Non-Sperm/Non-Sperm (2).bmp,0,3,2,1,0.212176,0.767117,0.020707
smids/Non-Sperm/Non-Sperm (200).bmp,0,3,2,2,0.173994,0.038084,0.787922
smids/Non-Sperm/Non-Sperm (201).bmp,0,3,2,2,0.173100,0.038151,0.788750
smids/Non-Sperm/Non-Sperm (204).bmp,0,3,2,2,0.190797,0.035804,0.773399
smids/Non-Sperm/Non-Sperm (206).bmp,0,3,2,2,0.038844,0.169933,0.791223
smids/Non-Sperm/Non-Sperm (21).bmp,0,3,2,2,0.037378,0.223949,0.738673
smids/Non-Sperm/Non-Sperm (212).bmp,0,3,2,2,0.040345,0.170859,0.788797
smids/Non-Sperm/Non-Sperm (218).bmp,0,3,2,2,0.052170,0.172708,0.775122
smids/Non-Sperm/Non-Sperm (22).bmp,0,3,2,2,0.197065,0.042187,0.760748
smids/Non-Sperm/Non-Sperm (221).bmp,0,3,2,2,0.037764,0.189895,0.772341
smids/Non-Sperm/Non-Sperm (233).bmp,0,3,2,2,0.035981,0.204067,0.759952
smids/Non-Sperm/Non-Sperm (243).bmp,0,3,2,2,0.041277,0.175174,0.783549
smids/Non-Sperm/Non-Sperm (245).bmp,0,3,2,2,0.038575,0.216493,0.744931
smids/Non-Sperm/Non-Sperm (253).bmp,0,3,2,2,0.177734,0.036109,0.786157
smids/Non-Sperm/Non-Sperm (26).bmp,0,3,2,1,0.044392,0.735575,0.220033
smids/Non-Sperm/Non-Sperm (261).bmp,0,3,2,2,0.041010,0.173581,0.785409
smids/Non-Sperm/Non-Sperm (276).bmp,0,3,2,2,0.222228,0.034167,0.743604
smids/Non-Sperm/Non-Sperm (282).bmp,0,3,2,2,0.185344,0.035071,0.779584
smids/Non-Sperm/Non-Sperm (289).bmp,0,3,2,2,0.221681,0.033814,0.744505
smids/Non-Sperm/Non-Sperm (296).bmp,0,3,2,2,0.187222,0.038151,0.774627
smids/Non-Sperm/Non-Sperm (299).bmp,0,3,2,2,0.043589,0.182612,0.773799
smids/Non-Sperm/Non-Sperm (30).bmp,0,3,2,1,0.046401,0.652291,0.301307
smids/Non-Sperm/Non-Sperm (304).bmp,0,3,2,2,0.202871,0.036622,0.760508
smids/Non-Sperm/Non-Sperm (306).bmp,0,3,2,2,0.190250,0.035918,0.773832
smids/Non-Sperm/Non-Sperm (311).bmp,0,3,2,2,0.200916,0.036440,0.762643
smids/Non-Sperm/Non-Sperm (314).bmp,0,3,2,2,0.214496,0.034227,0.751277
smids/Non-Sperm/Non-Sperm (315).bmp,0,3,2,2,0.188365,0.033716,0.777919
smids/Non-Sperm/Non-Sperm (318).bmp,0,3,2,2,0.215460,0.034203,0.750336
smids/Non-Sperm/Non-Sperm (322).bmp,0,3,2,2,0.226546,0.031579,0.741876
smids/Non-Sperm/Non-Sperm (330).bmp,0,3,2,2,0.036781,0.232911,0.730308
smids/Non-Sperm/Non-Sperm (333).bmp,0,3,2,2,0.194107,0.035314,0.770579
smids/Non-Sperm/Non-Sperm (334).bmp,0,3,2,2,0.220717,0.034287,0.744996
smids/Non-Sperm/Non-Sperm (341).bmp,0,3,2,1,0.052333,0.713188,0.234479
smids/Non-Sperm/Non-Sperm (344).bmp,0,3,2,2,0.041135,0.174929,0.783936
smids/Non-Sperm/Non-Sperm (345).bmp,0,3,2,2,0.039221,0.166281,0.794498
smids/Non-Sperm/Non-Sperm (35).bmp,0,3,2,1,0.282839,0.696241,0.020920
smids/Non-Sperm/Non-Sperm (358).bmp,0,3,2,2,0.225105,0.037123,0.737772
smids/Non-Sperm/Non-Sperm (360).bmp,0,3,2,2,0.233120,0.033156,0.733724
smids/Non-Sperm/Non-Sperm (377).bmp,0,3,2,2,0.042470,0.217281,0.740249
smids/Non-Sperm/Non-Sperm (38).bmp,0,3,2,2,0.038944,0.211981,0.749075
smids/Non-Sperm/Non-Sperm (381).bmp,0,3,2,2,0.041888,0.206797,0.751316
smids/Non-Sperm/Non-Sperm (395).bmp,0,3,2,1,0.250925,0.724587,0.024488
smids/Non-Sperm/Non-Sperm (396).bmp,0,3,2,0,0.743408,0.229978,0.026615
smids/Non-Sperm/Non-Sperm (399).bmp,0,3,2,2,0.226617,0.034605,0.738777
smids/Non-Sperm/Non-Sperm (40).bmp,0,3,2,2,0.040226,0.227701,0.732074
smids/Non-Sperm/Non-Sperm (405).bmp,0,3,2,2,0.037890,0.223696,0.738414
smids/Non-Sperm/Non-Sperm (408).bmp,0,3,2,2,0.221794,0.037278,0.740928
smids/Non-Sperm/Non-Sperm (409).bmp,0,3,2,2,0.045688,0.207023,0.747289
smids/Non-Sperm/Non-Sperm (410).bmp,0,3,2,2,0.038442,0.186027,0.775531
smids/Non-Sperm/Non-Sperm (411).bmp,0,3,2,2,0.040817,0.173604,0.785579
smids/Non-Sperm/Non-Sperm (418).bmp,0,3,2,2,0.036066,0.224992,0.738942
smids/Non-Sperm/Non-Sperm (422).bmp,0,3,2,2,0.170971,0.035087,0.793942
smids/Non-Sperm/Non-Sperm (424).bmp,0,3,2,2,0.180055,0.035531,0.784414
smids/Non-Sperm/Non-Sperm (428).bmp,0,3,2,2,0.040163,0.170907,0.788930
smids/Non-Sperm/Non-Sperm (433).bmp,0,3,2,2,0.234831,0.033395,0.731773
smids/Non-Sperm/Non-Sperm (449).bmp,0,3,2,1,0.054814,0.671390,0.273796
smids/Non-Sperm/Non-Sperm (450).bmp,0,3,2,2,0.036208,0.206512,0.757280
smids/Non-Sperm/Non-Sperm (452).bmp,0,3,2,2,0.040746,0.225972,0.733282
smids/Non-Sperm/Non-Sperm (456).bmp,0,3,2,2,0.211607,0.040892,0.747501
smids/Non-Sperm/Non-Sperm (468).bmp,0,3,2,2,0.187273,0.034151,0.778576
smids/Non-Sperm/Non-Sperm (481).bmp,0,3,2,2,0.181114,0.034774,0.784113
smids/Non-Sperm/Non-Sperm (486).bmp,0,3,2,2,0.188263,0.037893,0.773843
smids/Non-Sperm/Non-Sperm (487).bmp,0,3,2,2,0.038743,0.169026,0.792231
smids/Non-Sperm/Non-Sperm (500).bmp,0,3,2,2,0.180806,0.036362,0.782832
smids/Non-Sperm/Non-Sperm (504).bmp,0,3,2,2,0.191478,0.037307,0.771215
smids/Non-Sperm/Non-Sperm (521).bmp,0,3,2,2,0.232206,0.032903,0.734890
smids/Non-Sperm/Non-Sperm (525).bmp,0,3,2,2,0.172237,0.034927,0.792837
smids/Non-Sperm/Non-Sperm (530).bmp,0,3,2,2,0.041006,0.199472,0.759522
smids/Non-Sperm/Non-Sperm (532).bmp,0,3,2,2,0.180924,0.036041,0.783035
smids/Non-Sperm/Non-Sperm (55).bmp,0,3,2,1,0.044800,0.682560,0.272639
smids/Non-Sperm/Non-Sperm (553).bmp,0,3,2,2,0.045932,0.219651,0.734417
smids/Non-Sperm/Non-Sperm (556).bmp,0,3,2,2,0.178861,0.035960,0.785179
smids/Non-Sperm/Non-Sperm (562).bmp,0,3,2,2,0.184321,0.035092,0.780587
smids/Non-Sperm/Non-Sperm (564).bmp,0,3,2,2,0.038020,0.174580,0.787400
smids/Non-Sperm/Non-Sperm (565).bmp,0,3,2,2,0.037540,0.214321,0.748139
smids/Non-Sperm/Non-Sperm (57).bmp,0,3,2,2,0.040923,0.187007,0.772070
smids/Non-Sperm/Non-Sperm (573).bmp,0,3,2,2,0.177002,0.036792,0.786206
smids/Non-Sperm/Non-Sperm (58).bmp,0,3,2,1,0.040693,0.660090,0.299216
smids/Non-Sperm/Non-Sperm (586).bmp,0,3,2,2,0.037525,0.172561,0.789914
smids/Non-Sperm/Non-Sperm (587).bmp,0,3,2,2,0.034904,0.240254,0.724842
smids/Non-Sperm/Non-Sperm (594).bmp,0,3,2,2,0.181217,0.034779,0.784004
smids/Non-Sperm/Non-Sperm (598).bmp,0,3,2,2,0.189089,0.035149,0.775762
smids/Non-Sperm/Non-Sperm (600).bmp,0,3,2,2,0.191649,0.038217,0.770134
smids/Non-Sperm/Non-Sperm (601).bmp,0,3,2,2,0.180782,0.034686,0.784532
smids/Non-Sperm/Non-Sperm (602).bmp,0,3,2,2,0.172523,0.035118,0.792359
smids/Non-Sperm/Non-Sperm (609).bmp,0,3,2,2,0.181127,0.038104,0.780769
smids/Non-Sperm/Non-Sperm (610).bmp,0,3,2,0,0.673698,0.045006,0.281296
smids/Non-Sperm/Non-Sperm (618).bmp,0,3,2,2,0.040742,0.169942,0.789315
smids/Non-Sperm/Non-Sperm (620).bmp,0,3,2,2,0.179857,0.035239,0.784903
smids/Non-Sperm/Non-Sperm (622).bmp,0,3,2,2,0.200591,0.034306,0.765103
smids/Non-Sperm/Non-Sperm (625).bmp,0,3,2,2,0.184348,0.035998,0.779654
smids/Non-Sperm/Non-Sperm (627).bmp,0,3,2,2,0.172847,0.034723,0.792430
smids/Non-Sperm/Non-Sperm (63).bmp,0,3,2,2,0.045306,0.215506,0.739188
smids/Non-Sperm/Non-Sperm (638).bmp,0,3,2,2,0.042298,0.204657,0.753044
smids/Non-Sperm/Non-Sperm (639).bmp,0,3,2,2,0.044111,0.174449,0.781439
smids/Non-Sperm/Non-Sperm (646).bmp,0,3,2,2,0.041478,0.197316,0.761206
smids/Non-Sperm/Non-Sperm (647).bmp,0,3,2,2,0.045389,0.181812,0.772799
smids/Non-Sperm/Non-Sperm (65).bmp,0,3,2,1,0.045320,0.723994,0.230686
smids/Non-Sperm/Non-Sperm (651).bmp,0,3,2,2,0.188976,0.033720,0.777304
smids/Non-Sperm/Non-Sperm (666).bmp,0,3,2,2,0.176442,0.035907,0.787651
smids/Non-Sperm/Non-Sperm (67).bmp,0,3,2,2,0.047904,0.201921,0.750176
smids/Non-Sperm/Non-Sperm (671).bmp,0,3,2,2,0.042030,0.178029,0.779941
smids/Non-Sperm/Non-Sperm (674).bmp,0,3,2,2,0.041709,0.184341,0.773950
smids/Non-Sperm/Non-Sperm (676).bmp,0,3,2,1,0.045314,0.733182,0.221504
smids/Non-Sperm/Non-Sperm (677).bmp,0,3,2,2,0.179079,0.038061,0.782860
smids/Non-Sperm/Non-Sperm (680).bmp,0,3,2,2,0.041424,0.170055,0.788521
smids/Non-Sperm/Non-Sperm (686).bmp,0,3,2,2,0.174798,0.034683,0.790520
smids/Non-Sperm/Non-Sperm (687).bmp,0,3,2,2,0.182834,0.039584,0.777581
smids/Non-Sperm/Non-Sperm (697).bmp,0,3,2,2,0.038329,0.224930,0.736741
smids/Non-Sperm/Non-Sperm (70).bmp,0,3,2,1,0.046707,0.705098,0.248195
smids/Non-Sperm/Non-Sperm (703).bmp,0,3,2,2,0.176995,0.034866,0.788138
smids/Non-Sperm/Non-Sperm (705).bmp,0,3,2,2,0.044088,0.165223,0.790689
smids/Non-Sperm/Non-Sperm (706).bmp,0,3,2,2,0.220169,0.032342,0.747490
smids/Non-Sperm/Non-Sperm (711).bmp,0,3,2,2,0.043407,0.171659,0.784933
smids/Non-Sperm/Non-Sperm (712).bmp,0,3,2,2,0.181414,0.035398,0.783188
smids/Non-Sperm/Non-Sperm (713).bmp,0,3,2,2,0.231954,0.031281,0.736766
smids/Non-Sperm/Non-Sperm (714).bmp,0,3,2,2,0.040605,0.167995,0.791400
smids/Non-Sperm/Non-Sperm (72).bmp,0,3,2,1,0.051349,0.699784,0.248866
smids/Non-Sperm/Non-Sperm (723).bmp,0,3,2,2,0.036617,0.221679,0.741705
smids/Non-Sperm/Non-Sperm (726).bmp,0,3,2,2,0.037947,0.161688,0.800365
smids/Non-Sperm/Non-Sperm (727).bmp,0,3,2,2,0.038306,0.171051,0.790643
smids/Non-Sperm/Non-Sperm (740).bmp,0,3,2,2,0.038393,0.193733,0.767874
smids/Non-Sperm/Non-Sperm (745).bmp,0,3,2,2,0.170915,0.035577,0.793508
smids/Non-Sperm/Non-Sperm (747).bmp,0,3,2,1,0.055407,0.674000,0.270593
smids/Non-Sperm/Non-Sperm (748).bmp,0,3,2,0,0.721643,0.253703,0.024655
smids/Non-Sperm/Non-Sperm (752).bmp,0,3,2,2,0.236181,0.035450,0.728369
smids/Non-Sperm/Non-Sperm (768).bmp,0,3,2,2,0.192609,0.034586,0.772805
smids/Non-Sperm/Non-Sperm (77).bmp,0,3,2,1,0.047173,0.730985,0.221842
smids/Non-Sperm/Non-Sperm (771).bmp,0,3,2,2,0.042799,0.177107,0.780094
smids/Non-Sperm/Non-Sperm (781).bmp,0,3,2,2,0.204466,0.034878,0.760657
smids/Non-Sperm/Non-Sperm (783).bmp,0,3,2,2,0.238398,0.032062,0.729540
smids/Non-Sperm/Non-Sperm (784).bmp,0,3,2,2,0.044755,0.182582,0.772663
smids/Non-Sperm/Non-Sperm (787).bmp,0,3,2,2,0.169797,0.036096,0.794107
smids/Non-Sperm/Non-Sperm (79).bmp,0,3,2,1,0.053101,0.662772,0.284126
smids/Non-Sperm/Non-Sperm (808).bmp,0,3,2,2,0.172127,0.035518,0.792355
smids/Non-Sperm/Non-Sperm (81).bmp,0,3,2,2,0.038988,0.171393,0.789619
smids/Non-Sperm/Non-Sperm (813).bmp,0,3,2,2,0.211116,0.035795,0.753089
smids/Non-Sperm/Non-Sperm (815).bmp,0,3,2,2,0.191207,0.034688,0.774105
smids/Non-Sperm/Non-Sperm (823).bmp,0,3,2,1,0.047679,0.700337,0.251983
smids/Non-Sperm/Non-Sperm (826).bmp,0,3,2,2,0.045392,0.206495,0.748113
smids/Non-Sperm/Non-Sperm (835).bmp,0,3,2,2,0.180326,0.035824,0.783850
smids/Non-Sperm/Non-Sperm (84).bmp,0,3,2,2,0.171300,0.034853,0.793847
smids/Non-Sperm/Non-Sperm (848).bmp,0,3,2,2,0.038871,0.163642,0.797487
smids/Non-Sperm/Non-Sperm (854).bmp,0,3,2,1,0.262432,0.712513,0.025055
smids/Non-Sperm/Non-Sperm (855).bmp,0,3,2,2,0.040289,0.165458,0.794253
smids/Non-Sperm/Non-Sperm (861).bmp,0,3,2,2,0.044535,0.223624,0.731841
smids/Non-Sperm/Non-Sperm (875).bmp,0,3,2,2,0.038782,0.171966,0.789252
smids/Non-Sperm/Non-Sperm (878).bmp,0,3,2,1,0.047887,0.686250,0.265863
smids/Non-Sperm/Non-Sperm (880).bmp,0,3,2,2,0.040798,0.176163,0.783038
smids/Non-Sperm/Non-Sperm (885).bmp,0,3,2,2,0.041183,0.168432,0.790385
smids/Non-Sperm/Non-Sperm (890).bmp,0,3,2,2,0.232191,0.032648,0.735162
smids/Non-Sperm/Non-Sperm (894).bmp,0,3,2,1,0.043810,0.663491,0.292699
smids/Non-Sperm/Non-Sperm (909).bmp,0,3,2,2,0.232759,0.035492,0.731749
smids/Non-Sperm/Non-Sperm (91).bmp,0,3,2,2,0.189286,0.040783,0.769931
smids/Non-Sperm/Non-Sperm (911).bmp,0,3,2,1,0.221799,0.755489,0.022712
smids/Non-Sperm/Non-Sperm (922).bmp,0,3,2,2,0.042661,0.229443,0.727895
smids/Non-Sperm/Non-Sperm (93).bmp,0,3,2,2,0.043782,0.195069,0.761149
smids/Non-Sperm/Non-Sperm (931).bmp,0,3,2,1,0.045395,0.656717,0.297888
smids/Non-Sperm/Non-Sperm (938).bmp,0,3,2,1,0.268097,0.700231,0.031673
smids/Non-Sperm/Non-Sperm (945).bmp,0,3,2,2,0.248343,0.032330,0.719327
smids/Non-Sperm/Non-Sperm (955).bmp,0,3,2,2,0.038417,0.173812,0.787771
smids/Non-Sperm/Non-Sperm (957).bmp,0,3,2,2,0.042604,0.234387,0.723009
smids/Non-Sperm/Non-Sperm (961).bmp,0,3,2,2,0.040154,0.195935,0.763911
smids/Non-Sperm/Non-Sperm (966).bmp,0,3,2,1,0.057508,0.691686,0.250805
smids/Non-Sperm/Non-Sperm (967).bmp,0,3,2,2,0.040587,0.190540,0.768873
smids/Normal_Sperm/Normal_Sperm (1000).bmp,0,3,0,0,0.724339,0.254699,0.020962
smids/Normal_Sperm/Normal_Sperm (1005).bmp,0,3,0,1,0.230327,0.750275,0.019398
smids/Normal_Sperm/Normal_Sperm (1008).bmp,0,3,0,0,0.773699,0.203546,0.022755
smids/Normal_Sperm/Normal_Sperm (101).bmp,0,3,0,0,0.779249,0.201141,0.019609
smids/Normal_Sperm/Normal_Sperm (102).bmp,0,3,0,0,0.747786,0.041719,0.210496
smids/Normal_Sperm/Normal_Sperm (104).bmp,0,3,0,0,0.707829,0.273566,0.018605
smids/Normal_Sperm/Normal_Sperm (109).bmp,0,3,0,0,0.715041,0.252003,0.032956
smids/Normal_Sperm/Normal_Sperm (118).bmp,0,3,0,2,0.045947,0.219378,0.734675
smids/Normal_Sperm/Normal_Sperm (119).bmp,0,3,0,1,0.273794,0.703396,0.022810
smids/Normal_Sperm/Normal_Sperm (120).bmp,0,3,0,0,0.697852,0.282562,0.019586
smids/Normal_Sperm/Normal_Sperm (134).bmp,0,3,0,1,0.050681,0.672589,0.276730
smids/Normal_Sperm/Normal_Sperm (14).bmp,0,3,0,2,0.046804,0.194329,0.758868
smids/Normal_Sperm/Normal_Sperm (146).bmp,0,3,0,0,0.727052,0.253727,0.019221
smids/Normal_Sperm/Normal_Sperm (151).bmp,0,3,0,2,0.250735,0.036201,0.713064
smids/Normal_Sperm/Normal_Sperm (155).bmp,0,3,0,1,0.287996,0.694339,0.017665
smids/Normal_Sperm/Normal_Sperm (160).bmp,0,3,0,0,0.704295,0.278810,0.016895
smids/Normal_Sperm/Normal_Sperm (163).bmp,0,3,0,0,0.703304,0.279495,0.017201
smids/Normal_Sperm/Normal_Sperm (171).bmp,0,3,0,0,0.705225,0.276995,0.017780
smids/Normal_Sperm/Normal_Sperm (175).bmp,0,3,0,0,0.717855,0.265256,0.016889
smids/Normal_Sperm/Normal_Sperm (179).bmp,0,3,0,0,0.772290,0.206617,0.021093
smids/Normal_Sperm/Normal_Sperm (18).bmp,0,3,0,2,0.228492,0.036507,0.735001
smids/Normal_Sperm/Normal_Sperm (184).bmp,0,3,0,0,0.699775,0.281981,0.018244
smids/Normal_Sperm/Normal_Sperm (191).bmp,0,3,0,1,0.291605,0.689189,0.019205
smids/Normal_Sperm/Normal_Sperm (193).bmp,0,3,0,2,0.252850,0.035148,0.712003
smids/Normal_Sperm/Normal_Sperm (195).bmp,0,3,0,1,0.301309,0.681469,0.017221
smids/Normal_Sperm/Normal_Sperm (203).bmp,0,3,0,1,0.299033,0.679423,0.021544
smids/Normal_Sperm/Normal_Sperm (204).bmp,0,3,0,1,0.270472,0.709360,0.020168
smids/Normal_Sperm/Normal_Sperm (207).bmp,0,3,0,0,0.707132,0.275642,0.017225
smids/Normal_Sperm/Normal_Sperm (217).bmp,0,3,0,0,0.753567,0.225782,0.020652
smids/Normal_Sperm/Normal_Sperm (225).bmp,0,3,0,1,0.290659,0.689287,0.020054
smids/Normal_Sperm/Normal_Sperm (226).bmp,0,3,0,1,0.242744,0.738843,0.018412
smids/Normal_Sperm/Normal_Sperm (229).bmp,0,3,0,0,0.741374,0.239728,0.018897
smids/Normal_Sperm/Normal_Sperm (230).bmp,0,3,0,0,0.747937,0.233482,0.018581
smids/Normal_Sperm/Normal_Sperm (235).bmp,0,3,0,0,0.777265,0.203134,0.019601
smids/Normal_Sperm/Normal_Sperm (236).bmp,0,3,0,2,0.046166,0.209242,0.744592
smids/Normal_Sperm/Normal_Sperm (237).bmp,0,3,0,0,0.699369,0.283781,0.016850
smids/Normal_Sperm/Normal_Sperm (242).bmp,0,3,0,1,0.284997,0.696855,0.018149
smids/Normal_Sperm/Normal_Sperm (245).bmp,0,3,0,0,0.707963,0.265572,0.026465
smids/Normal_Sperm/Normal_Sperm (249).bmp,0,3,0,2,0.251072,0.033620,0.715308
smids/Normal_Sperm/Normal_Sperm (251).bmp,0,3,0,0,0.757791,0.223851,0.018358
smids/Normal_Sperm/Normal_Sperm (252).bmp,0,3,0,0,0.693475,0.290032,0.016493
smids/Normal_Sperm/Normal_Sperm (257).bmp,0,3,0,0,0.697342,0.285704,0.016954
smids/Normal_Sperm/Normal_Sperm (261).bmp,0,3,0,0,0.777461,0.202478,0.020061
smids/Normal_Sperm/Normal_Sperm (263).bmp,0,3,0,0,0.727492,0.242116,0.030391
smids/Normal_Sperm/Normal_Sperm (266).bmp,0,3,0,0,0.726777,0.255687,0.017535
smids/Normal_Sperm/Normal_Sperm (274).bmp,0,3,0,0,0.677432,0.038421,0.284146
smids/Normal_Sperm/Normal_Sperm (288).bmp,0,3,0,0,0.771617,0.207054,0.021329
smids/Normal_Sperm/Normal_Sperm (295).bmp,0,3,0,0,0.708350,0.275031,0.016618
smids/Normal_Sperm/Normal_Sperm (296).bmp,0,3,0,0,0.709231,0.269453,0.021316
smids/Normal_Sperm/Normal_Sperm (299).bmp,0,3,0,0,0.714239,0.267081,0.018680
smids/Normal_Sperm/Normal_Sperm (301).bmp,0,3,0,0,0.719897,0.259118,0.020986
smids/Normal_Sperm/Normal_Sperm (302).bmp,0,3,0,2,0.038932,0.230742,0.730326
smids/Normal_Sperm/Normal_Sperm (309).bmp,0,3,0,0,0.708163,0.274557,0.017280
smids/Normal_Sperm/Normal_Sperm (315).bmp,0,3,0,0,0.698006,0.285334,0.016660
smids/Normal_Sperm/Normal_Sperm (316).bmp,0,3,0,0,0.701266,0.281452,0.017282
smids/Normal_Sperm/Normal_Sperm (322).bmp,0,3,0,0,0.700772,0.281954,0.017274
smids/Normal_Sperm/Normal_Sperm (327).bmp,0,3,0,1,0.296882,0.686352,0.016766
smids/Normal_Sperm/Normal_Sperm (33).bmp,0,3,0,0,0.685731,0.042300,0.271969
smids/Normal_Sperm/Normal_Sperm (331).bmp,0,3,0,0,0.698121,0.285295,0.016584
smids/Normal_Sperm/Normal_Sperm (333).bmp,0,3,0,0,0.717813,0.263867,0.018320
smids/Normal_Sperm/Normal_Sperm (338).bmp,0,3,0,0,0.716578,0.255600,0.027822
smids/Normal_Sperm/Normal_Sperm (341).bmp,0,3,0,0,0.783014,0.198119,0.018867
smids/Normal_Sperm/Normal_Sperm (355).bmp,0,3,0,0,0.712768,0.265427,0.021805
smids/Normal_Sperm/Normal_Sperm (360).bmp,0,3,0,0,0.748316,0.233581,0.018104
smids/Normal_Sperm/Normal_Sperm (362).bmp,0,3,0,1,0.281619,0.699095,0.019286
smids/Normal_Sperm/Normal_Sperm (364).bmp,0,3,0,0,0.728532,0.247795,0.023674
smids/Normal_Sperm/Normal_Sperm (369).bmp,0,3,0,0,0.664066,0.040905,0.295028
smids/Normal_Sperm/Normal_Sperm (37).bmp,0,3,0,2,0.243166,0.033935,0.722900
smids/Normal_Sperm/Normal_Sperm (373).bmp,0,3,0,0,0.772163,0.206377,0.021460
smids/Normal_Sperm/Normal_Sperm (376).bmp,0,3,0,0,0.763153,0.218636,0.018211
smids/Normal_Sperm/Normal_Sperm (379).bmp,0,3,0,0,0.762429,0.218281,0.019289
smids/Normal_Sperm/Normal_Sperm (380).bmp,0,3,0,0,0.754290,0.224651,0.021058
smids/Normal_Sperm/Normal_Sperm (382).bmp,0,3,0,0,0.765703,0.211006,0.023291
smids/Normal_Sperm/Normal_Sperm (388).bmp,0,3,0,0,0.698762,0.283029,0.018209
smids/Normal_Sperm/Normal_Sperm (389).bmp,0,3,0,0,0.696342,0.286339,0.017320
smids/Normal_Sperm/Normal_Sperm (390).bmp,0,3,0,1,0.279050,0.695363,0.025587
smids/Normal_Sperm/Normal_Sperm (391).bmp,0,3,0,0,0.753615,0.225678,0.020707
smids/Normal_Sperm/Normal_Sperm (398).bmp,0,3,0,1,0.266892,0.713597,0.019510
smids/Normal_Sperm/Normal_Sperm (401).bmp,0,3,0,0,0.698962,0.284200,0.016838
smids/Normal_Sperm/Normal_Sperm (419).bmp,0,3,0,0,0.746936,0.232371,0.020693
smids/Normal_Sperm/Normal_Sperm (427).bmp,0,3,0,1,0.289123,0.692385,0.018491
smids/Normal_Sperm/Normal_Sperm (43).bmp,0,3,0,1,0.257719,0.716523,0.025758
smids/Normal_Sperm/Normal_Sperm (435).bmp,0,3,0,0,0.727399,0.048858,0.223743
smids/Normal_Sperm/Normal_Sperm (440).bmp,0,3,0,0,0.720803,0.259777,0.019420
smids/Normal_Sperm/Normal_Sperm (441).bmp,0,3,0,0,0.707484,0.275354,0.017162
smids/Normal_Sperm/Normal_Sperm (442).bmp,0,3,0,0,0.761456,0.217166,0.021378
smids/Normal_Sperm/Normal_Sperm (448).bmp,0,3,0,1,0.303012,0.676313,0.020675
smids/Normal_Sperm/Normal_Sperm (453).bmp,0,3,0,0,0.750312,0.228740,0.020948
smids/Normal_Sperm/Normal_Sperm (456).bmp,0,3,0,0,0.694138,0.289784,0.016078
smids/Normal_Sperm/Normal_Sperm (460).bmp,0,3,0,1,0.287998,0.694185,0.017816
smids/Normal_Sperm/Normal_Sperm (461).bmp,0,3,0,1,0.236317,0.738074,0.025609
smids/Normal_Sperm/Normal_Sperm (471).bmp,0,3,0,0,0.704536,0.278978,0.016487
smids/Normal_Sperm/Normal_Sperm (475).bmp,0,3,0,0,0.721338,0.260529,0.018133
smids/Normal_Sperm/Normal_Sperm (48).bmp,0,3,0,0,0.711800,0.266701,0.021499
smids/Normal_Sperm/Normal_Sperm (481).bmp,0,3,0,1,0.232177,0.746090,0.021733
smids/Normal_Sperm/Normal_Sperm (486).bmp,0,3,0,0,0.716114,0.266759,0.017127
smids/Normal_Sperm/Normal_Sperm (489).bmp,0,3,0,0,0.764951,0.216990,0.018059
smids/Normal_Sperm/Normal_Sperm (490).bmp,0,3,0,0,0.708153,0.275252,0.016595
smids/Normal_Sperm/Normal_Sperm (491).bmp,0,3,0,0,0.716707,0.265900,0.017393
smids/Normal_Sperm/Normal_Sperm (496).bmp,0,3,0,2,0.048682,0.193098,0.758220
smids/Normal_Sperm/Normal_Sperm (5).bmp,0,3,0,0,0.743280,0.233480,0.023240
smids/Normal_Sperm/Normal_Sperm (501).bmp,0,3,0,0,0.711970,0.264411,0.023618
smids/Normal_Sperm/Normal_Sperm (504).bmp,0,3,0,0,0.768398,0.212815,0.018787
smids/Normal_Sperm/Normal_Sperm (508).bmp,0,3,0,0,0.735745,0.245917,0.018338
smids/Normal_Sperm/Normal_Sperm (509).bmp,0,3,0,2,0.219722,0.038160,0.742118
smids/Normal_Sperm/Normal_Sperm (51).bmp,0,3,0,1,0.249139,0.726817,0.024045
smids/Normal_Sperm/Normal_Sperm (510).bmp,0,3,0,0,0.709124,0.272415,0.018461
smids/Normal_Sperm/Normal_Sperm (524).bmp,0,3,0,0,0.706997,0.276644,0.016358
smids/Normal_Sperm/Normal_Sperm (526).bmp,0,3,0,0,0.746937,0.235922,0.017141
smids/Normal_Sperm/Normal_Sperm (528).bmp,0,3,0,1,0.298342,0.685147,0.016512
smids/Normal_Sperm/Normal_Sperm (533).bmp,0,3,0,0,0.708165,0.273398,0.018437
smids/Normal_Sperm/Normal_Sperm (537).bmp,0,3,0,0,0.731877,0.248313,0.019810
smids/Normal_Sperm/Normal_Sperm (545).bmp,0,3,0,0,0.715468,0.266653,0.017878
smids/Normal_Sperm/Normal_Sperm (553).bmp,0,3,0,0,0.769200,0.211722,0.019078
smids/Normal_Sperm/Normal_Sperm (576).bmp,0,3,0,0,0.733167,0.248825,0.018009
smids/Normal_Sperm/Normal_Sperm (580).bmp,0,3,0,0,0.770152,0.210468,0.019380
smids/Normal_Sperm/Normal_Sperm (587).bmp,0,3,0,0,0.718641,0.261690,0.019668
smids/Normal_Sperm/Normal_Sperm (598).bmp,0,3,0,0,0.695429,0.288180,0.016392
smids/Normal_Sperm/Normal_Sperm (605).bmp,0,3,0,0,0.752313,0.228969,0.018718
smids/Normal_Sperm/Normal_Sperm (608).bmp,0,3,0,0,0.757017,0.225696,0.017287
smids/Normal_Sperm/Normal_Sperm (610).bmp,0,3,0,0,0.767402,0.213691,0.018906
smids/Normal_Sperm/Normal_Sperm (615).bmp,0,3,0,0,0.720328,0.259109,0.020563
smids/Normal_Sperm/Normal_Sperm (618).bmp,0,3,0,0,0.690131,0.293397,0.016472
smids/Normal_Sperm/Normal_Sperm (62).bmp,0,3,0,1,0.238777,0.740848,0.020375
smids/Normal_Sperm/Normal_Sperm (624).bmp,0,3,0,0,0.748363,0.231155,0.020482
smids/Normal_Sperm/Normal_Sperm (629).bmp,0,3,0,0,0.724442,0.257294,0.018264
smids/Normal_Sperm/Normal_Sperm (633).bmp,0,3,0,1,0.244665,0.736666,0.018670
smids/Normal_Sperm/Normal_Sperm (635).bmp,0,3,0,0,0.698092,0.285505,0.016404
smids/Normal_Sperm/Normal_Sperm (639).bmp,0,3,0,0,0.697642,0.286077,0.016282
smids/Normal_Sperm/Normal_Sperm (640).bmp,0,3,0,0,0.779450,0.199147,0.021403
smids/Normal_Sperm/Normal_Sperm (642).bmp,0,3,0,0,0.759663,0.220110,0.020227
smids/Normal_Sperm/Normal_Sperm (646).bmp,0,3,0,0,0.718221,0.263374,0.018405
smids/Normal_Sperm/Normal_Sperm (65).bmp,0,3,0,0,0.702681,0.269970,0.027349
smids/Normal_Sperm/Normal_Sperm (658).bmp,0,3,0,0,0.705518,0.274335,0.020147
smids/Normal_Sperm/Normal_Sperm (659).bmp,0,3,0,0,0.717305,0.262029,0.020666
smids/Normal_Sperm/Normal_Sperm (667).bmp,0,3,0,0,0.702150,0.278024,0.019827
smids/Normal_Sperm/Normal_Sperm (67).bmp,0,3,0,0,0.748326,0.231977,0.019697
smids/Normal_Sperm/Normal_Sperm (670).bmp,0,3,0,0,0.755953,0.222541,0.021506
smids/Normal_Sperm/Normal_Sperm (673).bmp,0,3,0,0,0.696017,0.287330,0.016652
smids/Normal_Sperm/Normal_Sperm (674).bmp,0,3,0,0,0.773397,0.208128,0.018475
smids/Normal_Sperm/Normal_Sperm (694).bmp,0,3,0,0,0.703388,0.278307,0.018305
smids/Normal_Sperm/Normal_Sperm (701).bmp,0,3,0,0,0.722024,0.258886,0.019090
smids/Normal_Sperm/Normal_Sperm (706).bmp,0,3,0,0,0.712180,0.270138,0.017683
smids/Normal_Sperm/Normal_Sperm (716).bmp,0,3,0,1,0.054574,0.697051,0.248375
smids/Normal_Sperm/Normal_Sperm (717).bmp,0,3,0,0,0.719666,0.262603,0.017731
smids/Normal_Sperm/Normal_Sperm (72).bmp,0,3,0,0,0.780442,0.197147,0.022410
smids/Normal_Sperm/Normal_Sperm (729).bmp,0,3,0,0,0.714875,0.264884,0.020241
smids/Normal_Sperm/Normal_Sperm (730).bmp,0,3,0,1,0.253832,0.718084,0.028085
smids/Normal_Sperm/Normal_Sperm (731).bmp,0,3,0,0,0.755507,0.222588,0.021906
smids/Normal_Sperm/Normal_Sperm (732).bmp,0,3,0,0,0.743353,0.237041,0.019606
smids/Normal_Sperm/Normal_Sperm (737).bmp,0,3,0,0,0.737169,0.245029,0.017802
smids/Normal_Sperm/Normal_Sperm (741).bmp,0,3,0,0,0.752773,0.226611,0.020616
smids/Normal_Sperm/Normal_Sperm (746).bmp,0,3,0,0,0.700572,0.282944,0.016484
smids/Normal_Sperm/Normal_Sperm (751).bmp,0,3,0,0,0.743431,0.236985,0.019584
smids/Normal_Sperm/Normal_Sperm (756).bmp,0,3,0,0,0.743731,0.238370,0.017899
smids/Normal_Sperm/Normal_Sperm (761).bmp,0,3,0,0,0.729480,0.253540,0.016980
smids/Normal_Sperm/Normal_Sperm (768).bmp,0,3,0,0,0.787251,0.191600,0.021149
smids/Normal_Sperm/Normal_Sperm (773).bmp,0,3,0,0,0.727823,0.253473,0.018705
smids/Normal_Sperm/Normal_Sperm (776).bmp,0,3,0,0,0.740124,0.240994,0.018881
smids/Normal_Sperm/Normal_Sperm (778).bmp,0,3,0,0,0.716477,0.041010,0.242512
smids/Normal_Sperm/Normal_Sperm (798).bmp,0,3,0,2,0.226997,0.040119,0.732884
smids/Normal_Sperm/Normal_Sperm (8).bmp,0,3,0,0,0.655259,0.038555,0.306186
smids/Normal_Sperm/Normal_Sperm (802).bmp,0,3,0,0,0.725222,0.044233,0.230546
smids/Normal_Sperm/Normal_Sperm (805).bmp,0,3,0,2,0.049271,0.224421,0.726308
smids/Normal_Sperm/Normal_Sperm (809).bmp,0,3,0,0,0.720821,0.261504,0.017674
smids/Normal_Sperm/Normal_Sperm (81).bmp,0,3,0,0,0.742441,0.236212,0.021346
smids/Normal_Sperm/Normal_Sperm (816).bmp,0,3,0,1,0.215084,0.763802,0.021114
smids/Normal_Sperm/Normal_Sperm (817).bmp,0,3,0,0,0.678545,0.040952,0.280503
smids/Normal_Sperm/Normal_Sperm (819).bmp,0,3,0,0,0.776817,0.200956,0.022227
smids/Normal_Sperm/Normal_Sperm (824).bmp,0,3,0,0,0.754086,0.227325,0.018589
smids/Normal_Sperm/Normal_Sperm (825).bmp,0,3,0,0,0.753376,0.223856,0.022768
smids/Normal_Sperm/Normal_Sperm (834).bmp,0,3,0,0,0.697257,0.286387,0.016356
smids/Normal_Sperm/Normal_Sperm (837).bmp,0,3,0,0,0.690481,0.292038,0.017481
smids/Normal_Sperm/Normal_Sperm (846).bmp,0,3,0,0,0.702128,0.279342,0.018530
smids/Normal_Sperm/Normal_Sperm (848).bmp,0,3,0,0,0.695329,0.286161,0.018510
smids/Normal_Sperm/Normal_Sperm (852).bmp,0,3,0,0,0.690274,0.293313,0.016413
smids/Normal_Sperm/Normal_Sperm (854).bmp,0,3,0,1,0.289289,0.694109,0.016602
smids/Normal_Sperm/Normal_Sperm (869).bmp,0,3,0,0,0.743012,0.239583,0.017405
smids/Normal_Sperm/Normal_Sperm (870).bmp,0,3,0,0,0.746752,0.232979,0.020268
smids/Normal_Sperm/Normal_Sperm (875).bmp,0,3,0,1,0.284327,0.695330,0.020342
smids/Normal_Sperm/Normal_Sperm (877).bmp,0,3,0,0,0.723413,0.259199,0.017388
smids/Normal_Sperm/Normal_Sperm (88).bmp,0,3,0,0,0.766206,0.210114,0.023680
smids/Normal_Sperm/Normal_Sperm (889).bmp,0,3,0,0,0.686135,0.297103,0.016762
smids/Normal_Sperm/Normal_Sperm (895).bmp,0,3,0,0,0.721971,0.260801,0.017229
smids/Normal_Sperm/Normal_Sperm (896).bmp,0,3,0,0,0.708324,0.274958,0.016718
smids/Normal_Sperm/Normal_Sperm (903).bmp,0,3,0,1,0.291400,0.690508,0.018092
smids/Normal_Sperm/Normal_Sperm (907).bmp,0,3,0,1,0.215161,0.765220,0.019619
smids/Normal_Sperm/Normal_Sperm (908).bmp,0,3,0,0,0.710255,0.273270,0.016475
smids/Normal_Sperm/Normal_Sperm (922).bmp,0,3,0,0,0.696820,0.286434,0.016745
smids/Normal_Sperm/Normal_Sperm (925).bmp,0,3,0,1,0.235407,0.744882,0.019711
smids/Normal_Sperm/Normal_Sperm (93).bmp,0,3,0,0,0.785065,0.194367,0.020568
smids/Normal_Sperm/Normal_Sperm (936).bmp,0,3,0,0,0.693092,0.289946,0.016962
smids/Normal_Sperm/Normal_Sperm (937).bmp,0,3,0,0,0.737025,0.243926,0.019049
smids/Normal_Sperm/Normal_Sperm (941).bmp,0,3,0,1,0.267424,0.712795,0.019782
smids/Normal_Sperm/Normal_Sperm (945).bmp,0,3,0,1,0.272952,0.708718,0.018330
smids/Normal_Sperm/Normal_Sperm (946).bmp,0,3,0,1,0.218589,0.758024,0.023387
smids/Normal_Sperm/Normal_Sperm (960).bmp,0,3,0,0,0.705320,0.275854,0.018826
smids/Normal_Sperm/Normal_Sperm (965).bmp,0,3,0,0,0.737357,0.244725,0.017918
smids/Normal_Sperm/Normal_Sperm (981).bmp,0,3,0,1,0.284954,0.698028,0.017018
smids/Normal_Sperm/Normal_Sperm (989).bmp,0,3,0,0,0.684338,0.047154,0.268508
smids/Abnormal_Sperm/Abnormal_Sperm (100).bmp,0,4,1,1,0.276508,0.694024,0.029468
smids/Abnormal_Sperm/Abnormal_Sperm (1000).bmp,0,4,1,1,0.274659,0.691764,0.033577
smids/Abnormal_Sperm/Abnormal_Sperm (106).bmp,0,4,1,1,0.051369,0.684723,0.263907
smids/Abnormal_Sperm/Abnormal_Sperm (113).bmp,0,4,1,1,0.048924,0.679213,0.271863
smids/Abnormal_Sperm/Abnormal_Sperm (118).bmp,0,4,1,1,0.229658,0.737332,0.033009
smids/Abnormal_Sperm/Abnormal_Sperm (121).bmp,0,4,1,1,0.232301,0.734255,0.033444
smids/Abnormal_Sperm/Abnormal_Sperm (130).bmp,0,4,1,1,0.202884,0.761855,0.035261
smids/Abnormal_Sperm/Abnormal_Sperm (135).bmp,0,4,1,1,0.218005,0.747536,0.034459
smids/Abnormal_Sperm/Abnormal_Sperm (138).bmp,0,4,1,1,0.239687,0.727270,0.033043
smids/Abnormal_Sperm/Abnormal_Sperm (140).bmp,0,4,1,1,0.262075,0.707059,0.030866
smids/Abnormal_Sperm/Abnormal_Sperm (142).bmp,0,4,1,1,0.278098,0.693234,0.028668
smids/Abnormal_Sperm/Abnormal_Sperm (143).bmp,0,4,1,0,0.682196,0.284594,0.033210
smids/Abnormal_Sperm/Abnormal_Sperm (145).bmp,0,4,1,1,0.219977,0.747386,0.032637
smids/Abnormal_Sperm/Abnormal_Sperm (149).bmp,0,4,1,1,0.216880,0.747294,0.035826
smids/Abnormal_Sperm/Abnormal_Sperm (151).bmp,0,4,1,1,0.053136,0.629399,0.317465
smids/Abnormal_Sperm/Abnormal_Sperm (153).bmp,0,4,1,1,0.207298,0.759321,0.033381
smids/Abnormal_Sperm/Abnormal_Sperm (162).bmp,0,4,1,1,0.048069,0.647597,0.304334
smids/Abnormal_Sperm/Abnormal_Sperm (163).bmp,0,4,1,1,0.210221,0.754517,0.035261
smids/Abnormal_Sperm/Abnormal_Sperm (170).bmp,0,4,1,1,0.222509,0.742057,0.035434
smids/Abnormal_Sperm/Abnormal_Sperm (178).bmp,0,4,1,1,0.276066,0.692262,0.031672
smids/Abnormal_Sperm/Abnormal_Sperm (179).bmp,0,4,1,1,0.277040,0.692301,0.030659
smids/Abnormal_Sperm/Abnormal_Sperm (186).bmp,0,4,1,1,0.217155,0.750157,0.032688
smids/Abnormal_Sperm/Abnormal_Sperm (188).bmp,0,4,1,1,0.048179,0.694867,0.256953
smids/Abnormal_Sperm/Abnormal_Sperm (189).bmp,0,4,1,1,0.207932,0.758305,0.033763
smids/Abnormal_Sperm/Abnormal_Sperm (192).bmp,0,4,1,1,0.248910,0.720564,0.030526
smids/Abnormal_Sperm/Abnormal_Sperm (195).bmp,0,4,1,1,0.215743,0.751685,0.032572
smids/Abnormal_Sperm/Abnormal_Sperm (197).bmp,0,4,1,1,0.237296,0.731839,0.030865
smids/Abnormal_Sperm/Abnormal_Sperm (199).bmp,0,4,1,1,0.207615,0.758556,0.033830
smids/Abnormal_Sperm/Abnormal_Sperm (205).bmp,0,4,1,1,0.048764,0.693835,0.257401
smids/Abnormal_Sperm/Abnormal_Sperm (21).bmp,0,4,1,1,0.042514,0.640022,0.317464
smids/Abnormal_Sperm/Abnormal_Sperm (214).bmp,0,4,1,1,0.216885,0.747596,0.035519
smids/Abnormal_Sperm/Abnormal_Sperm (226).bmp,0,4,1,1,0.208815,0.754160,0.037025
smids/Abnormal_Sperm/Abnormal_Sperm (228).bmp,0,4,1,2,0.194122,0.045472,0.760407
smids/Abnormal_Sperm/Abnormal_Sperm (229).bmp,0,4,1,1,0.228007,0.739836,0.032157
smids/Abnormal_Sperm/Abnormal_Sperm (230).bmp,0,4,1,1,0.229592,0.737463,0.032945
smids/Abnormal_Sperm/Abnormal_Sperm (237).bmp,0,4,1,1,0.047161,0.684446,0.268393
smids/Abnormal_Sperm/Abnormal_Sperm (244).bmp,0,4,1,1,0.048939,0.711852,0.239208
smids/Abnormal_Sperm/Abnormal_Sperm (248).bmp,0,4,1,0,0.663269,0.307362,0.029369
smids/Abnormal_Sperm/Abnormal_Sperm (259).bmp,0,4,1,1,0.050892,0.695111,0.253997
smids/Abnormal_Sperm/Abnormal_Sperm (262).bmp,0,4,1,1,0.052051,0.703725,0.244224
smids/Abnormal_Sperm/Abnormal_Sperm (264).bmp,0,4,1,1,0.209648,0.756823,0.033529
smids/Abnormal_Sperm/Abnormal_Sperm (265).bmp,0,4,1,1,0.049278,0.701108,0.249614
smids/Abnormal_Sperm/Abnormal_Sperm (270).bmp,0,4,1,1,0.224734,0.742794,0.032471
smids/Abnormal_Sperm/Abnormal_Sperm (273).bmp,0,4,1,1,0.204151,0.762578,0.033272
smids/Abnormal_Sperm/Abnormal_Sperm (274).bmp,0,4,1,1,0.046750,0.698976,0.254274
smids/Abnormal_Sperm/Abnormal_Sperm (279).bmp,0,4,1,1,0.265389,0.703102,0.031510
smids/Abnormal_Sperm/Abnormal_Sperm (283).bmp,0,4,1,1,0.254189,0.705257,0.040553
smids/Abnormal_Sperm/Abnormal_Sperm (297).bmp,0,4,1,1,0.259864,0.707063,0.033073
smids/Abnormal_Sperm/Abnormal_Sperm (299).bmp,0,4,1,1,0.229122,0.737468,0.033409
smids/Abnormal_Sperm/Abnormal_Sperm (3).bmp,0,4,1,1,0.056635,0.640965,0.302400
smids/Abnormal_Sperm/Abnormal_Sperm (305).bmp,0,4,1,1,0.207098,0.759821,0.033081
smids/Abnormal_Sperm/Abnormal_Sperm (307).bmp,0,4,1,1,0.275459,0.691758,0.032783
smids/Abnormal_Sperm/Abnormal_Sperm (315).bmp,0,4,1,1,0.044038,0.632741,0.323221
smids/Abnormal_Sperm/Abnormal_Sperm (316).bmp,0,4,1,1,0.252544,0.716090,0.031365
smids/Abnormal_Sperm/Abnormal_Sperm (318).bmp,0,4,1,1,0.271791,0.697866,0.030343
smids/Abnormal_Sperm/Abnormal_Sperm (329).bmp,0,4,1,1,0.213184,0.752028,0.034788
smids/Abnormal_Sperm/Abnormal_Sperm (330).bmp,0,4,1,1,0.260996,0.707924,0.031080
smids/Abnormal_Sperm/Abnormal_Sperm (334).bmp,0,4,1,1,0.218212,0.745713,0.036075
smids/Abnormal_Sperm/Abnormal_Sperm (344).bmp,0,4,1,1,0.229687,0.737012,0.033302
smids/Abnormal_Sperm/Abnormal_Sperm (346).bmp,0,4,1,1,0.229337,0.727702,0.042961
smids/Abnormal_Sperm/Abnormal_Sperm (350).bmp,0,4,1,1,0.238757,0.730305,0.030938
smids/Abnormal_Sperm/Abnormal_Sperm (357).bmp,0,4,1,1,0.216285,0.747991,0.035724
smids/Abnormal_Sperm/Abnormal_Sperm (360).bmp,0,4,1,1,0.250415,0.718276,0.031309
smids/Abnormal_Sperm/Abnormal_Sperm (364).bmp,0,4,1,1,0.217732,0.741409,0.040858
smids/Abnormal_Sperm/Abnormal_Sperm (367).bmp,0,4,1,1,0.281910,0.689659,0.028431
smids/Abnormal_Sperm/Abnormal_Sperm (368).bmp,0,4,1,1,0.045153,0.678756,0.276090
smids/Abnormal_Sperm/Abnormal_Sperm (382).bmp,0,4,1,1,0.216321,0.747373,0.036307
smids/Abnormal_Sperm/Abnormal_Sperm (383).bmp,0,4,1,1,0.216728,0.745875,0.037397
smids/Abnormal_Sperm/Abnormal_Sperm (396).bmp,0,4,1,1,0.236244,0.731453,0.032304
smids/Abnormal_Sperm/Abnormal_Sperm (400).bmp,0,4,1,1,0.217462,0.745989,0.036549
smids/Abnormal_Sperm/Abnormal_Sperm (401).bmp,0,4,1,1,0.208437,0.757930,0.033633
smids/Abnormal_Sperm/Abnormal_Sperm (403).bmp,0,4,1,1,0.293019,0.678827,0.028154
smids/Abnormal_Sperm/Abnormal_Sperm (421).bmp,0,4,1,1,0.241550,0.724737,0.033712
smids/Abnormal_Sperm/Abnormal_Sperm (429).bmp,0,4,1,1,0.212998,0.750302,0.036700
smids/Abnormal_Sperm/Abnormal_Sperm (43).bmp,0,4,1,1,0.053958,0.674154,0.271888
smids/Abnormal_Sperm/Abnormal_Sperm (469).bmp,0,4,1,1,0.050175,0.658327,0.291498
smids/Abnormal_Sperm/Abnormal_Sperm (477).bmp,0,4,1,1,0.287107,0.683022,0.029871
smids/Abnormal_Sperm/Abnormal_Sperm (478).bmp,0,4,1,0,0.692932,0.272049,0.035019
smids/Abnormal_Sperm/Abnormal_Sperm (485).bmp,0,4,1,1,0.224812,0.742597,0.032591
smids/Abnormal_Sperm/Abnormal_Sperm (486).bmp,0,4,1,1,0.043003,0.642281,0.314716
smids/Abnormal_Sperm/Abnormal_Sperm (487).bmp,0,4,1,0,0.664598,0.303937,0.031465
smids/Abnormal_Sperm/Abnormal_Sperm (490).bmp,0,4,1,1,0.048872,0.719708,0.231420
smids/Abnormal_Sperm/Abnormal_Sperm (493).bmp,0,4,1,1,0.211198,0.752761,0.036040
smids/Abnormal_Sperm/Abnormal_Sperm (496).bmp,0,4,1,1,0.269635,0.700703,0.029662
smids/Abnormal_Sperm/Abnormal_Sperm (497).bmp,0,4,1,0,0.621699,0.053831,0.324470
smids/Abnormal_Sperm/Abnormal_Sperm (500).bmp,0,4,1,2,0.046433,0.223252,0.730315
smids/Abnormal_Sperm/Abnormal_Sperm (506).bmp,0,4,1,1,0.232627,0.735347,0.032026
smids/Abnormal_Sperm/Abnormal_Sperm (508).bmp,0,4,1,2,0.225529,0.043182,0.731289
smids/Abnormal_Sperm/Abnormal_Sperm (510).bmp,0,4,1,2,0.218973,0.048593,0.732434
smids/Abnormal_Sperm/Abnormal_Sperm (511).bmp,0,4,1,1,0.226167,0.739151,0.034682
smids/Abnormal_Sperm/Abnormal_Sperm (518).bmp,0,4,1,1,0.224026,0.744862,0.031112
smids/Abnormal_Sperm/Abnormal_Sperm (521).bmp,0,4,1,1,0.213066,0.752901,0.034033
smids/Abnormal_Sperm/Abnormal_Sperm (522).bmp,0,4,1,1,0.233118,0.719141,0.047741
smids/Abnormal_Sperm/Abnormal_Sperm (525).bmp,0,4,1,1,0.050498,0.690235,0.259267
smids/Abnormal_Sperm/Abnormal_Sperm (532).bmp,0,4,1,1,0.049878,0.712058,0.238064
smids/Abnormal_Sperm/Abnormal_Sperm (548).bmp,0,4,1,1,0.049412,0.700962,0.249626
smids/Abnormal_Sperm/Abnormal_Sperm (549).bmp,0,4,1,0,0.621623,0.044769,0.333608
smids/Abnormal_Sperm/Abnormal_Sperm (55).bmp,0,4,1,1,0.218634,0.743762,0.037604
smids/Abnormal_Sperm/Abnormal_Sperm (554).bmp,0,4,1,0,0.633392,0.048116,0.318492
smids/Abnormal_Sperm/Abnormal_Sperm (555).bmp,0,4,1,0,0.650546,0.055475,0.293979
smids/Abnormal_Sperm/Abnormal_Sperm (558).bmp,0,4,1,2,0.238510,0.043204,0.718286
smids/Abnormal_Sperm/Abnormal_Sperm (568).bmp,0,4,1,1,0.223706,0.737903,0.038391
smids/Abnormal_Sperm/Abnormal_Sperm (577).bmp,0,4,1,1,0.235585,0.724735,0.039680
smids/Abnormal_Sperm/Abnormal_Sperm (578).bmp,0,4,1,1,0.255973,0.706027,0.038000
smids/Abnormal_Sperm/Abnormal_Sperm (601).bmp,0,4,1,0,0.719931,0.244272,0.035797
smids/Abnormal_Sperm/Abnormal_Sperm (605).bmp,0,4,1,2,0.193196,0.047552,0.759252
smids/Abnormal_Sperm/Abnormal_Sperm (606).bmp,0,4,1,0,0.737462,0.228899,0.033639
smids/Abnormal_Sperm/Abnormal_Sperm (611).bmp,0,4,1,1,0.259017,0.708011,0.032973
smids/Abnormal_Sperm/Abnormal_Sperm (613).bmp,0,4,1,0,0.728354,0.237269,0.034377
smids/Abnormal_Sperm/Abnormal_Sperm (617).bmp,0,4,1,0,0.676117,0.294660,0.029223
smids/Abnormal_Sperm/Abnormal_Sperm (619).bmp,0,4,1,1,0.235034,0.732584,0.032383
smids/Abnormal_Sperm/Abnormal_Sperm (623).bmp,0,4,1,1,0.284066,0.685666,0.030269
smids/Abnormal_Sperm/Abnormal_Sperm (630).bmp,0,4,1,2,0.048739,0.207562,0.743699
smids/Abnormal_Sperm/Abnormal_Sperm (631).bmp,0,4,1,0,0.681377,0.281387,0.037236
smids/Abnormal_Sperm/Abnormal_Sperm (633).bmp,0,4,1,1,0.252874,0.707644,0.039481
smids/Abnormal_Sperm/Abnormal_Sperm (635).bmp,0,4,1,1,0.285851,0.684874,0.029276
smids/Abnormal_Sperm/Abnormal_Sperm (638).bmp,0,4,1,0,0.719887,0.244685,0.035427
smids/Abnormal_Sperm/Abnormal_Sperm (642).bmp,0,4,1,0,0.683475,0.284619,0.031906
smids/Abnormal_Sperm/Abnormal_Sperm (652).bmp,0,4,1,1,0.227773,0.739689,0.032539
smids/Abnormal_Sperm/Abnormal_Sperm (669).bmp,0,4,1,1,0.227078,0.732991,0.039931
smids/Abnormal_Sperm/Abnormal_Sperm (673).bmp,0,4,1,1,0.244856,0.723671,0.031473
smids/Abnormal_Sperm/Abnormal_Sperm (680).bmp,0,4,1,1,0.236848,0.729148,0.034003
smids/Abnormal_Sperm/Abnormal_Sperm (681).bmp,0,4,1,1,0.275493,0.689166,0.035341
smids/Abnormal_Sperm/Abnormal_Sperm (688).bmp,0,4,1,1,0.050763,0.625710,0.323527
smids/Abnormal_Sperm/Abnormal_Sperm (698).bmp,0,4,1,1,0.289319,0.682019,0.028663
smids/Abnormal_Sperm/Abnormal_Sperm (699).bmp,0,4,1,0,0.682844,0.278467,0.038689
smids/Abnormal_Sperm/Abnormal_Sperm (7).bmp,0,4,1,0,0.740806,0.224863,0.034331
smids/Abnormal_Sperm/Abnormal_Sperm (701).bmp,0,4,1,1,0.050093,0.686822,0.263085
smids/Abnormal_Sperm/Abnormal_Sperm (702).bmp,0,4,1,1,0.234919,0.730984,0.034097
smids/Abnormal_Sperm/Abnormal_Sperm (709).bmp,0,4,1,1,0.272311,0.695807,0.031882
smids/Abnormal_Sperm/Abnormal_Sperm (71).bmp,0,4,1,1,0.233907,0.726719,0.039373
smids/Abnormal_Sperm/Abnormal_Sperm (711).bmp,0,4,1,0,0.724215,0.238988,0.036798
smids/Abnormal_Sperm/Abnormal_Sperm (716).bmp,0,4,1,1,0.274235,0.694405,0.031360
smids/Abnormal_Sperm/Abnormal_Sperm (72).bmp,0,4,1,1,0.213093,0.754039,0.032867
smids/Abnormal_Sperm/Abnormal_Sperm (721).bmp,0,4,1,0,0.689912,0.274396,0.035692
smids/Abnormal_Sperm/Abnormal_Sperm (722).bmp,0,4,1,1,0.284034,0.687562,0.028403
smids/Abnormal_Sperm/Abnormal_Sperm (730).bmp,0,4,1,0,0.692001,0.277881,0.030119
smids/Abnormal_Sperm/Abnormal_Sperm (731).bmp,0,4,1,0,0.672457,0.297928,0.029614
smids/Abnormal_Sperm/Abnormal_Sperm (739).bmp,0,4,1,1,0.265821,0.703291,0.030889
smids/Abnormal_Sperm/Abnormal_Sperm (741).bmp,0,4,1,0,0.664573,0.307613,0.027814
smids/Abnormal_Sperm/Abnormal_Sperm (745).bmp,0,4,1,0,0.680783,0.290890,0.028327
smids/Abnormal_Sperm/Abnormal_Sperm (747).bmp,0,4,1,2,0.234016,0.045851,0.720133
smids/Abnormal_Sperm/Abnormal_Sperm (751).bmp,0,4,1,1,0.291110,0.681206,0.027684
smids/Abnormal_Sperm/Abnormal_Sperm (755).bmp,0,4,1,1,0.227415,0.738122,0.034462
smids/Abnormal_Sperm/Abnormal_Sperm (757).bmp,0,4,1,1,0.246301,0.723700,0.029999
smids/Abnormal_Sperm/Abnormal_Sperm (758).bmp,0,4,1,1,0.281393,0.689754,0.028852
smids/Abnormal_Sperm/Abnormal_Sperm (759).bmp,0,4,1,1,0.050736,0.702394,0.246870
smids/Abnormal_Sperm/Abnormal_Sperm (773).bmp,0,4,1,1,0.232436,0.736027,0.031537
smids/Abnormal_Sperm/Abnormal_Sperm (774).bmp,0,4,1,0,0.721676,0.247145,0.031179
smids/Abnormal_Sperm/Abnormal_Sperm (778).bmp,0,4,1,1,0.276549,0.693412,0.030038
smids/Abnormal_Sperm/Abnormal_Sperm (79).bmp,0,4,1,2,0.042142,0.199193,0.758664
smids/Abnormal_Sperm/Abnormal_Sperm (791).bmp,0,4,1,0,0.676744,0.293002,0.030254
smids/Abnormal_Sperm/Abnormal_Sperm (798).bmp,0,4,1,1,0.271856,0.699165,0.028979
smids/Abnormal_Sperm/Abnormal_Sperm (800).bmp,0,4,1,1,0.232086,0.733857,0.034057
smids/Abnormal_Sperm/Abnormal_Sperm (809).bmp,0,4,1,1,0.223437,0.739302,0.037261
smids/Abnormal_Sperm/Abnormal_Sperm (814).bmp,0,4,1,1,0.287832,0.684573,0.027595
smids/Abnormal_Sperm/Abnormal_Sperm (817).bmp,0,4,1,1,0.261688,0.707256,0.031055
smids/Abnormal_Sperm/Abnormal_Sperm (820).bmp,0,4,1,0,0.668805,0.302579,0.028616
smids/Abnormal_Sperm/Abnormal_Sperm (826).bmp,0,4,1,0,0.668460,0.300229,0.031310
smids/Abnormal_Sperm/Abnormal_Sperm (833).bmp,0,4,1,1,0.274512,0.696759,0.028729
smids/Abnormal_Sperm/Abnormal_Sperm (836).bmp,0,4,1,1,0.291382,0.678793,0.029826
smids/Abnormal_Sperm/Abnormal_Sperm (838).bmp,0,4,1,0,0.672639,0.297581,0.029780
smids/Abnormal_Sperm/Abnormal_Sperm (841).bmp,0,4,1,1,0.262883,0.706464,0.030653
smids/Abnormal_Sperm/Abnormal_Sperm (849).bmp,0,4,1,0,0.722807,0.244745,0.032448
smids/Abnormal_Sperm/Abnormal_Sperm (850).bmp,0,4,1,1,0.214745,0.747562,0.037693
smids/Abnormal_Sperm/Abnormal_Sperm (851).bmp,0,4,1,0,0.680244,0.286990,0.032766
smids/Abnormal_Sperm/Abnormal_Sperm (860).bmp,0,4,1,0,0.734394,0.235430,0.030176
smids/Abnormal_Sperm/Abnormal_Sperm (867).bmp,0,4,1,0,0.737356,0.227230,0.035414
smids/Abnormal_Sperm/Abnormal_Sperm (868).bmp,0,4,1,1,0.260733,0.699364,0.039904
smids/Abnormal_Sperm/Abnormal_Sperm (875).bmp,0,4,1,1,0.281131,0.688230,0.030639
smids/Abnormal_Sperm/Abnormal_Sperm (881).bmp,0,4,1,1,0.284333,0.687240,0.028427
smids/Abnormal_Sperm/Abnormal_Sperm (886).bmp,0,4,1,0,0.726800,0.241189,0.032011
smids/Abnormal_Sperm/Abnormal_Sperm (887).bmp,0,4,1,0,0.674660,0.281723,0.043617
smids/Abnormal_Sperm/Abnormal_Sperm (893).bmp,0,4,1,0,0.675369,0.294089,0.030541
smids/Abnormal_Sperm/Abnormal_Sperm (898).bmp,0,4,1,1,0.260473,0.708176,0.031352
smids/Abnormal_Sperm/Abnormal_Sperm (90).bmp,0,4,1,0,0.709012,0.251427,0.039561
smids/Abnormal_Sperm/Abnormal_Sperm (91).bmp,0,4,1,1,0.219109,0.745566,0.035325
smids/Abnormal_Sperm/Abnormal_Sperm (917).bmp,0,4,1,1,0.263147,0.695212,0.041641
smids/Abnormal_Sperm/Abnormal_Sperm (918).bmp,0,4,1,1,0.280104,0.691304,0.028592
smids/Abnormal_Sperm/Abnormal_Sperm (924).bmp,0,4,1,1,0.221373,0.743963,0.034664
smids/Abnormal_Sperm/Abnormal_Sperm (93).bmp,0,4,1,1,0.229866,0.738745,0.031389
smids/Abnormal_Sperm/Abnormal_Sperm (934).bmp,0,4,1,1,0.243687,0.723035,0.033278
smids/Abnormal_Sperm/Abnormal_Sperm (95).bmp,0,4,1,1,0.045658,0.702108,0.252235
smids/Abnormal_Sperm/Abnormal_Sperm (953).bmp,0,4,1,1,0.285212,0.686391,0.028396
smids/Abnormal_Sperm/Abnormal_Sperm (954).bmp,0,4,1,1,0.282139,0.689474,0.028387
smids/Abnormal_Sperm/Abnormal_Sperm (956).bmp,0,4,1,1,0.262896,0.699653,0.037452
smids/Abnormal_Sperm/Abnormal_Sperm (958).bmp,0,4,1,1,0.052112,0.663000,0.284888
smids/Abnormal_Sperm/Abnormal_Sperm (961).bmp,0,4,1,1,0.240400,0.725161,0.034438
smids/Abnormal_Sperm/Abnormal_Sperm (965).bmp,0,4,1,1,0.280101,0.689665,0.030234
smids/Abnormal_Sperm/Abnormal_Sperm (971).bmp,0,4,1,1,0.288830,0.680120,0.031050
smids/Abnormal_Sperm/Abnormal_Sperm (980).bmp,0,4,1,1,0.238840,0.726518,0.034642
smids/Abnormal_Sperm/Abnormal_Sperm (981).bmp,0,4,1,0,0.678596,0.284407,0.036997
smids/Abnormal_Sperm/Abnormal_Sperm (990).bmp,0,4,1,1,0.259554,0.707441,0.033005
smids/Abnormal_Sperm/Abnormal_Sperm (999).bmp,0,4,1,1,0.218616,0.744626,0.036758
smids/Non-Sperm/Non-Sperm (105).bmp,0,4,2,2,0.178863,0.040810,0.780327
smids/Non-Sperm/Non-Sperm (117).bmp,0,4,2,2,0.194379,0.043117,0.762504
smids/Non-Sperm/Non-Sperm (12).bmp,0,4,2,2,0.045056,0.192184,0.762760
smids/Non-Sperm/Non-Sperm (127).bmp,0,4,2,2,0.175494,0.047707,0.776799
smids/Non-Sperm/Non-Sperm (133).bmp,0,4,2,2,0.178388,0.041620,0.779992
smids/Non-Sperm/Non-Sperm (135).bmp,0,4,2,2,0.176261,0.040198,0.783541
smids/Non-Sperm/Non-Sperm (137).bmp,0,4,2,2,0.178577,0.046409,0.775014
smids/Non-Sperm/Non-Sperm (138).bmp,0,4,2,2,0.178108,0.040752,0.781140
smids/Non-Sperm/Non-Sperm (152).bmp,0,4,2,2,0.178733,0.040306,0.780962
smids/Non-Sperm/Non-Sperm (153).bmp,0,4,2,2,0.176747,0.042543,0.780711
smids/Non-Sperm/Non-Sperm (157).bmp,0,4,2,2,0.180211,0.040541,0.779249
smids/Non-Sperm/Non-Sperm (161).bmp,0,4,2,0,0.697885,0.272421,0.029694
smids/Non-Sperm/Non-Sperm (174).bmp,0,4,2,2,0.179573,0.042791,0.777637
smids/Non-Sperm/Non-Sperm (177).bmp,0,4,2,2,0.172623,0.042174,0.785203
smids/Non-Sperm/Non-Sperm (180).bmp,0,4,2,2,0.186243,0.040033,0.773724
smids/Non-Sperm/Non-Sperm (181).bmp,0,4,2,2,0.171972,0.042541,0.785488
smids/Non-Sperm/Non-Sperm (185).bmp,0,4,2,1,0.050063,0.681957,0.267980
smids/Non-Sperm/Non-Sperm (187).bmp,0,4,2,2,0.175304,0.046174,0.778522
smids/Non-Sperm/Non-Sperm (190).bmp,0,4,2,2,0.039578,0.226420,0.734003
smids/Non-Sperm/Non-Sperm (194).bmp,0,4,2,2,0.043778,0.188080,0.768142
smids/Non-Sperm/Non-Sperm (20).bmp,0,4,2,2,0.053278,0.209693,0.737029
smids/Non-Sperm/Non-Sperm (205).bmp,0,4,2,2,0.170172,0.043075,0.786753
smids/Non-Sperm/Non-Sperm (213).bmp,0,4,2,2,0.180462,0.043272,0.776266
smids/Non-Sperm/Non-Sperm (222).bmp,0,4,2,2,0.191268,0.040123,0.768608
smids/Non-Sperm/Non-Sperm (226).bmp,0,4,2,2,0.181371,0.040248,0.778381
smids/Non-Sperm/Non-Sperm (23).bmp,0,4,2,1,0.250582,0.715145,0.034273
smids/Non-Sperm/Non-Sperm (235).bmp,0,4,2,2,0.222142,0.039569,0.738289
smids/Non-Sperm/Non-Sperm (241).bmp,0,4,2,2,0.185392,0.041126,0.773482
smids/Non-Sperm/Non-Sperm (248).bmp,0,4,2,2,0.178251,0.039746,0.782003
smids/Non-Sperm/Non-Sperm (250).bmp,0,4,2,2,0.177958,0.041076,0.780965
smids/Non-Sperm/Non-Sperm (256).bmp,0,4,2,2,0.207060,0.040363,0.752577
smids/Non-Sperm/Non-Sperm (267).bmp,0,4,2,2,0.174317,0.041933,0.783750
smids/Non-Sperm/Non-Sperm (269).bmp,0,4,2,2,0.200266,0.041466,0.758268
smids/Non-Sperm/Non-Sperm (284).bmp,0,4,2,2,0.198169,0.041329,0.760502
smids/Non-Sperm/Non-Sperm (286).bmp,0,4,2,2,0.199707,0.040720,0.759573
smids/Non-Sperm/Non-Sperm (290).bmp,0,4,2,2,0.174765,0.041610,0.783625
smids/Non-Sperm/Non-Sperm (293).bmp,0,4,2,2,0.180065,0.041082,0.778853
smids/Non-Sperm/Non-Sperm (294).bmp,0,4,2,2,0.180959,0.040916,0.778126
smids/Non-Sperm/Non-Sperm (297).bmp,0,4,2,2,0.179018,0.044652,0.776330
smids/Non-Sperm/Non-Sperm (3).bmp,0,4,2,1,0.042948,0.659197,0.297855
smids/Non-Sperm/Non-Sperm (303).bmp,0,4,2,2,0.189878,0.039967,0.770155
smids/Non-Sperm/Non-Sperm (307).bmp,0,4,2,2,0.180845,0.041182,0.777973
smids/Non-Sperm/Non-Sperm (309).bmp,0,4,2,2,0.188848,0.041031,0.770121
smids/Non-Sperm/Non-Sperm (312).bmp,0,4,2,2,0.170942,0.041490,0.787569
smids/Non-Sperm/Non-Sperm (33).bmp,0,4,2,1,0.227152,0.736067,0.036781
smids/Non-Sperm/Non-Sperm (338).bmp,0,4,2,1,0.213229,0.752793,0.033978
smids/Non-Sperm/Non-Sperm (347).bmp,0,4,2,2,0.187381,0.039382,0.773237
smids/Non-Sperm/Non-Sperm (350).bmp,0,4,2,2,0.208480,0.047622,0.743898
smids/Non-Sperm/Non-Sperm (354).bmp,0,4,2,2,0.223913,0.039354,0.736733
smids/Non-Sperm/Non-Sperm (36).bmp,0,4,2,1,0.237860,0.728811,0.033329
smids/Non-Sperm/Non-Sperm (363).bmp,0,4,2,2,0.198187,0.049680,0.752133
smids/Non-Sperm/Non-Sperm (379).bmp,0,4,2,2,0.172088,0.042145,0.785767
smids/Non-Sperm/Non-Sperm (384).bmp,0,4,2,0,0.669308,0.280947,0.049745
smids/Non-Sperm/Non-Sperm (386).bmp,0,4,2,2,0.194643,0.053334,0.752023
smids/Non-Sperm/Non-Sperm (389).bmp,0,4,2,2,0.185015,0.039866,0.775119
smids/Non-Sperm/Non-Sperm (393).bmp,0,4,2,2,0.214047,0.040741,0.745213
smids/Non-Sperm/Non-Sperm (400).bmp,0,4,2,0,0.686066,0.276953,0.036981
smids/Non-Sperm/Non-Sperm (404).bmp,0,4,2,2,0.178005,0.046149,0.775845
smids/Non-Sperm/Non-Sperm (413).bmp,0,4,2,2,0.038668,0.217968,0.743365
smids/Non-Sperm/Non-Sperm (42).bmp,0,4,2,1,0.053743,0.631239,0.315018
smids/Non-Sperm/Non-Sperm (420).bmp,0,4,2,2,0.244350,0.037795,0.717855
smids/Non-Sperm/Non-Sperm (423).bmp,0,4,2,2,0.178947,0.039945,0.781109
smids/Non-Sperm/Non-Sperm (425).bmp,0,4,2,1,0.049723,0.677890,0.272387
smids/Non-Sperm/Non-Sperm (430).bmp,0,4,2,2,0.183313,0.040399,0.776288
smids/Non-Sperm/Non-Sperm (435).bmp,0,4,2,2,0.187751,0.041913,0.770336
smids/Non-Sperm/Non-Sperm (437).bmp,0,4,2,2,0.185211,0.041246,0.773542
smids/Non-Sperm/Non-Sperm (444).bmp,0,4,2,2,0.174336,0.040580,0.785084
smids/Non-Sperm/Non-Sperm (445).bmp,0,4,2,2,0.180351,0.040875,0.778773
smids/Non-Sperm/Non-Sperm (446).bmp,0,4,2,2,0.176110,0.040969,0.782921
smids/Non-Sperm/Non-Sperm (447).bmp,0,4,2,2,0.224280,0.039074,0.736646
smids/Non-Sperm/Non-Sperm (455).bmp,0,4,2,2,0.175225,0.041392,0.783383
smids/Non-Sperm/Non-Sperm (457).bmp,0,4,2,2,0.045050,0.184708,0.770242
smids/Non-Sperm/Non-Sperm (46).bmp,0,4,2,1,0.050677,0.662086,0.287237
smids/Non-Sperm/Non-Sperm (460).bmp,0,4,2,2,0.182517,0.040687,0.776796
smids/Non-Sperm/Non-Sperm (461).bmp,0,4,2,2,0.175334,0.043359,0.781307
smids/Non-Sperm/Non-Sperm (462).bmp,0,4,2,2,0.173348,0.041931,0.784720
smids/Non-Sperm/Non-Sperm (469).bmp,0,4,2,2,0.190209,0.045163,0.764628
smids/Non-Sperm/Non-Sperm (47).bmp,0,4,2,1,0.049210,0.663549,0.287241
smids/Non-Sperm/Non-Sperm (478).bmp,0,4,2,0,0.624076,0.055770,0.320154
smids/Non-Sperm/Non-Sperm (496).bmp,0,4,2,2,0.179501,0.041137,0.779363
smids/Non-Sperm/Non-Sperm (498).bmp,0,4,2,2,0.175902,0.044638,0.779460
smids/Non-Sperm/Non-Sperm (499).bmp,0,4,2,2,0.171787,0.040551,0.787663
smids/Non-Sperm/Non-Sperm (5).bmp,0,4,2,1,0.042355,0.642605,0.315040
smids/Non-Sperm/Non-Sperm (501).bmp,0,4,2,2,0.175991,0.042120,0.781889
smids/Non-Sperm/Non-Sperm (508).bmp,0,4,2,2,0.177826,0.040870,0.781304
smids/Non-Sperm/Non-Sperm (509).bmp,0,4,2,2,0.182376,0.040035,0.777589
smids/Non-Sperm/Non-Sperm (511).bmp,0,4,2,2,0.042266,0.190598,0.767136
smids/Non-Sperm/Non-Sperm (516).bmp,0,4,2,2,0.046304,0.195471,0.758225
smids/Non-Sperm/Non-Sperm (518).bmp,0,4,2,2,0.172407,0.040703,0.786890
smids/Non-Sperm/Non-Sperm (522).bmp,0,4,2,2,0.177629,0.047141,0.775231
smids/Non-Sperm/Non-Sperm (53).bmp,0,4,2,1,0.050905,0.664400,0.284695
smids/Non-Sperm/Non-Sperm (533).bmp,0,4,2,0,0.628359,0.054913,0.316728
smids/Non-Sperm/Non-Sperm (54).bmp,0,4,2,1,0.263835,0.697627,0.038537
smids/Non-Sperm/Non-Sperm (541).bmp,0,4,2,2,0.187702,0.040229,0.772070
smids/Non-Sperm/Non-Sperm (544).bmp,0,4,2,2,0.182181,0.041306,0.776512
smids/Non-Sperm/Non-Sperm (547).bmp,0,4,2,2,0.188607,0.043991,0.767402
smids/Non-Sperm/Non-Sperm (563).bmp,0,4,2,2,0.043375,0.204986,0.751640
smids/Non-Sperm/Non-Sperm (571).bmp,0,4,2,1,0.051333,0.658294,0.290373
smids/Non-Sperm/Non-Sperm (572).bmp,0,4,2,2,0.204242,0.047311,0.748446
smids/Non-Sperm/Non-Sperm (574).bmp,0,4,2,2,0.041596,0.177057,0.781347
smids/Non-Sperm/Non-Sperm (575).bmp,0,4,2,2,0.175035,0.044948,0.780017
smids/Non-Sperm/Non-Sperm (576).bmp,0,4,2,1,0.045345,0.622878,0.331777
smids/Non-Sperm/Non-Sperm (581).bmp,0,4,2,2,0.201021,0.039718,0.759261
smids/Non-Sperm/Non-Sperm (588).bmp,0,4,2,2,0.184832,0.047722,0.767446
smids/Non-Sperm/Non-Sperm (59).bmp,0,4,2,1,0.049315,0.713876,0.236808
smids/Non-Sperm/Non-Sperm (591).bmp,0,4,2,2,0.177086,0.041844,0.781070
smids/Non-Sperm/Non-Sperm (593).bmp,0,4,2,2,0.185015,0.044272,0.770713
smids/Non-Sperm/Non-Sperm (597).bmp,0,4,2,2,0.194625,0.039348,0.766028
smids/Non-Sperm/Non-Sperm (6).bmp,0,4,2,2,0.038404,0.238222,0.723374
smids/Non-Sperm/Non-Sperm (60).bmp,0,4,2,1,0.274182,0.695687,0.030132
smids/Non-Sperm/Non-Sperm (603).bmp,0,4,2,2,0.042820,0.191523,0.765657
smids/Non-Sperm/Non-Sperm (607).bmp,0,4,2,2,0.217237,0.040870,0.741893
smids/Non-Sperm/Non-Sperm (61).bmp,0,4,2,1,0.220981,0.742811,0.036208
smids/Non-Sperm/Non-Sperm (611).bmp,0,4,2,2,0.210378,0.039861,0.749761
smids/Non-Sperm/Non-Sperm (612).bmp,0,4,2,2,0.189335,0.039647,0.771018
smids/Non-Sperm/Non-Sperm (62).bmp,0,4,2,1,0.043833,0.639959,0.316209
smids/Non-Sperm/Non-Sperm (621).bmp,0,4,2,2,0.211015,0.040876,0.748109
smids/Non-Sperm/Non-Sperm (633).bmp,0,4,2,2,0.190713,0.040064,0.769223
smids/Non-Sperm/Non-Sperm (634).bmp,0,4,2,2,0.043436,0.191969,0.764595
smids/Non-Sperm/Non-Sperm (644).bmp,0,4,2,2,0.184517,0.042883,0.772600
smids/Non-Sperm/Non-Sperm (650).bmp,0,4,2,2,0.038942,0.235280,0.725778
smids/Non-Sperm/Non-Sperm (657).bmp,0,4,2,2,0.042056,0.189236,0.768708
smids/Non-Sperm/Non-Sperm (66).bmp,0,4,2,1,0.048156,0.671183,0.280661
smids/Non-Sperm/Non-Sperm (660).bmp,0,4,2,0,0.632147,0.057045,0.310808
smids/Non-Sperm/Non-Sperm (663).bmp,0,4,2,2,0.178312,0.043934,0.777754
smids/Non-Sperm/Non-Sperm (664).bmp,0,4,2,2,0.038548,0.222196,0.739256
smids/Non-Sperm/Non-Sperm (678).bmp,0,4,2,2,0.176568,0.043211,0.780221
smids/Non-Sperm/Non-Sperm (681).bmp,0,4,2,2,0.208845,0.040023,0.751133
smids/Non-Sperm/Non-Sperm (683).bmp,0,4,2,2,0.176713,0.041053,0.782235
smids/Non-Sperm/Non-Sperm (685).bmp,0,4,2,2,0.174215,0.043092,0.782692
smids/Non-Sperm/Non-Sperm (69).bmp,0,4,2,1,0.051137,0.677785,0.271078
smids/Non-Sperm/Non-Sperm (693).bmp,0,4,2,1,0.048207,0.624388,0.327404
smids/Non-Sperm/Non-Sperm (7).bmp,0,4,2,2,0.042981,0.235695,0.721324
smids/Non-Sperm/Non-Sperm (701).bmp,0,4,2,2,0.172864,0.042190,0.784947
smids/Non-Sperm/Non-Sperm (707).bmp,0,4,2,2,0.177783,0.041536,0.780681
smids/Non-Sperm/Non-Sperm (720).bmp,0,4,2,1,0.244576,0.711659,0.043765
smids/Non-Sperm/Non-Sperm (724).bmp,0,4,2,2,0.199306,0.040197,0.760497
smids/Non-Sperm/Non-Sperm (728).bmp,0,4,2,2,0.174495,0.041188,0.784316
smids/Non-Sperm/Non-Sperm (729).bmp,0,4,2,2,0.166913,0.041807,0.791280
smids/Non-Sperm/Non-Sperm (73).bmp,0,4,2,1,0.048926,0.629110,0.321964
smids/Non-Sperm/Non-Sperm (736).bmp,0,4,2,2,0.043871,0.179968,0.776161
smids/Non-Sperm/Non-Sperm (746).bmp,0,4,2,2,0.185968,0.039585,0.774447
smids/Non-Sperm/Non-Sperm (754).bmp,0,4,2,2,0.165651,0.042727,0.791622
smids/Non-Sperm/Non-Sperm (756).bmp,0,4,2,2,0.173650,0.041310,0.785040
smids/Non-Sperm/Non-Sperm (757).bmp,0,4,2,2,0.231160,0.041063,0.727777
smids/Non-Sperm/Non-Sperm (758).bmp,0,4,2,0,0.632212,0.051184,0.316604
smids/Non-Sperm/Non-Sperm (760).bmp,0,4,2,2,0.175958,0.041075,0.782968
smids/Non-Sperm/Non-Sperm (762).bmp,0,4,2,2,0.050677,0.208583,0.740740
smids/Non-Sperm/Non-Sperm (764).bmp,0,4,2,2,0.179854,0.041363,0.778783
smids/Non-Sperm/Non-Sperm (776).bmp,0,4,2,2,0.178329,0.042716,0.778955
smids/Non-Sperm/Non-Sperm (777).bmp,0,4,2,2,0.194885,0.039306,0.765809
smids/Non-Sperm/Non-Sperm (801).bmp,0,4,2,2,0.183916,0.039746,0.776338
smids/Non-Sperm/Non-Sperm (804).bmp,0,4,2,2,0.223203,0.039055,0.737742
smids/Non-Sperm/Non-Sperm (809).bmp,0,4,2,2,0.209987,0.040386,0.749627
smids/Non-Sperm/Non-Sperm (811).bmp,0,4,2,2,0.174101,0.043611,0.782288
smids/Non-Sperm/Non-Sperm (819).bmp,0,4,2,0,0.702430,0.252353,0.045217
smids/Non-Sperm/Non-Sperm (822).bmp,0,4,2,2,0.177670,0.042716,0.779614
smids/Non-Sperm/Non-Sperm (83).bmp,0,4,2,2,0.192830,0.041673,0.765498
smids/Non-Sperm/Non-Sperm (834).bmp,0,4,2,0,0.726835,0.234778,0.038387
smids/Non-Sperm/Non-Sperm (836).bmp,0,4,2,2,0.222147,0.043541,0.734312
smids/Non-Sperm/Non-Sperm (840).bmp,0,4,2,1,0.055380,0.632104,0.312516
smids/Non-Sperm/Non-Sperm (844).bmp,0,4,2,2,0.044832,0.226438,0.728730
smids/Non-Sperm/Non-Sperm (845).bmp,0,4,2,2,0.233939,0.042721,0.723340
smids/Non-Sperm/Non-Sperm (847).bmp,0,4,2,2,0.179190,0.040914,0.779895
smids/Non-Sperm/Non-Sperm (852).bmp,0,4,2,2,0.172510,0.043688,0.783802
smids/Non-Sperm/Non-Sperm (856).bmp,0,4,2,1,0.051533,0.687272,0.261196
smids/Non-Sperm/Non-Sperm (859).bmp,0,4,2,2,0.169229,0.043246,0.787526
smids/Non-Sperm/Non-Sperm (86).bmp,0,4,2,2,0.043357,0.225601,0.731042
smids/Non-Sperm/Non-Sperm (863).bmp,0,4,2,2,0.169928,0.042170,0.787901
smids/Non-Sperm/Non-Sperm (864).bmp,0,4,2,2,0.046238,0.184937,0.768825
smids/Non-Sperm/Non-Sperm (866).bmp,0,4,2,2,0.050938,0.211543,0.737520
smids/Non-Sperm/Non-Sperm (870).bmp,0,4,2,0,0.628673,0.054457,0.316869
smids/Non-Sperm/Non-Sperm (881).bmp,0,4,2,2,0.177538,0.043600,0.778862
smids/Non-Sperm/Non-Sperm (884).bmp,0,4,2,2,0.046837,0.204132,0.749032
smids/Non-Sperm/Non-Sperm (886).bmp,0,4,2,2,0.173623,0.043461,0.782915
smids/Non-Sperm/Non-Sperm (888).bmp,0,4,2,2,0.182159,0.045611,0.772230
smids/Non-Sperm/Non-Sperm (892).bmp,0,4,2,0,0.663996,0.054607,0.281397
smids/Non-Sperm/Non-Sperm (898).bmp,0,4,2,1,0.249691,0.713582,0.036728
smids/Non-Sperm/Non-Sperm (902).bmp,0,4,2,0,0.660578,0.050765,0.288657
smids/Non-Sperm/Non-Sperm (904).bmp,0,4,2,0,0.615795,0.045865,0.338340
smids/Non-Sperm/Non-Sperm (915).bmp,0,4,2,2,0.049668,0.216699,0.733633
smids/Non-Sperm/Non-Sperm (916).bmp,0,4,2,0,0.669094,0.297066,0.033840
smids/Non-Sperm/Non-Sperm (924).bmp,0,4,2,0,0.641101,0.047530,0.311369
smids/Non-Sperm/Non-Sperm (937).bmp,0,4,2,2,0.039627,0.220841,0.739533
smids/Non-Sperm/Non-Sperm (943).bmp,0,4,2,2,0.044658,0.180255,0.775087
smids/Non-Sperm/Non-Sperm (948).bmp,0,4,2,2,0.225536,0.047033,0.727431
smids/Non-Sperm/Non-Sperm (95).bmp,0,4,2,2,0.191483,0.046737,0.761780
smids/Non-Sperm/Non-Sperm (959).bmp,0,4,2,1,0.048192,0.629457,0.322350
smids/Non-Sperm/Non-Sperm (960).bmp,0,4,2,2,0.038595,0.245390,0.716015
smids/Non-Sperm/Non-Sperm (962).bmp,0,4,2,2,0.048631,0.202660,0.748709
smids/Non-Sperm/Non-Sperm (963).bmp,0,4,2,1,0.042544,0.639854,0.317602
smids/Non-Sperm/Non-Sperm (964).bmp,0,4,2,2,0.039822,0.239943,0.720235
smids/Non-Sperm/Non-Sperm (965).bmp,0,4,2,1,0.046000,0.643243,0.310758
smids/Non-Sperm/Non-Sperm (972).bmp,0,4,2,2,0.041442,0.219153,0.739404
smids/Normal_Sperm/Normal_Sperm (10).bmp,0,4,0,0,0.742357,0.218912,0.038731
smids/Normal_Sperm/Normal_Sperm (1011).bmp,0,4,0,0,0.739940,0.223718,0.036342
smids/Normal_Sperm/Normal_Sperm (1018).bmp,0,4,0,0,0.741893,0.225271,0.032836
smids/Normal_Sperm/Normal_Sperm (11).bmp,0,4,0,2,0.236585,0.038728,0.724687
smids/Normal_Sperm/Normal_Sperm (114).bmp,0,4,0,1,0.240828,0.726947,0.032225
smids/Normal_Sperm/Normal_Sperm (116).bmp,0,4,0,0,0.671977,0.293261,0.034762
smids/Normal_Sperm/Normal_Sperm (124).bmp,0,4,0,1,0.054126,0.653837,0.292036
smids/Normal_Sperm/Normal_Sperm (126).bmp,0,4,0,1,0.283669,0.684501,0.031830
smids/Normal_Sperm/Normal_Sperm (129).bmp,0,4,0,1,0.281289,0.686010,0.032701
smids/Normal_Sperm/Normal_Sperm (130).bmp,0,4,0,0,0.713292,0.250878,0.035830
smids/Normal_Sperm/Normal_Sperm (145).bmp,0,4,0,1,0.057012,0.670712,0.272276
smids/Normal_Sperm/Normal_Sperm (161).bmp,0,4,0,0,0.675726,0.296510,0.027765
smids/Normal_Sperm/Normal_Sperm (165).bmp,0,4,0,0,0.692082,0.276807,0.031111
smids/Normal_Sperm/Normal_Sperm (167).bmp,0,4,0,0,0.740402,0.228333,0.031265
smids/Normal_Sperm/Normal_Sperm (168).bmp,0,4,0,0,0.737696,0.229125,0.033179
smids/Normal_Sperm/Normal_Sperm (170).bmp,0,4,0,0,0.747252,0.220412,0.032337
smids/Normal_Sperm/Normal_Sperm (174).bmp,0,4,0,0,0.674465,0.294364,0.031170
smids/Normal_Sperm/Normal_Sperm (176).bmp,0,4,0,0,0.737792,0.230304,0.031904
smids/Normal_Sperm/Normal_Sperm (19).bmp,0,4,0,2,0.046322,0.203612,0.750066
smids/Normal_Sperm/Normal_Sperm (212).bmp,0,4,0,0,0.725415,0.238913,0.035672
smids/Normal_Sperm/Normal_Sperm (228).bmp,0,4,0,0,0.684830,0.286464,0.028705
smids/Normal_Sperm/Normal_Sperm (23).bmp,0,4,0,0,0.612617,0.045607,0.341776
smids/Normal_Sperm/Normal_Sperm (233).bmp,0,4,0,0,0.689478,0.280994,0.029528
smids/Normal_Sperm/Normal_Sperm (234).bmp,0,4,0,0,0.744902,0.216477,0.038622
smids/Normal_Sperm/Normal_Sperm (24).bmp,0,4,0,0,0.746059,0.220823,0.033119
smids/Normal_Sperm/Normal_Sperm (240).bmp,0,4,0,0,0.746588,0.217778,0.035634
smids/Normal_Sperm/Normal_Sperm (250).bmp,0,4,0,1,0.282230,0.687169,0.030600
smids/Normal_Sperm/Normal_Sperm (255).bmp,0,4,0,0,0.712893,0.257705,0.029402
smids/Normal_Sperm/Normal_Sperm (260).bmp,0,4,0,0,0.700572,0.267834,0.031594
smids/Normal_Sperm/Normal_Sperm (265).bmp,0,4,0,0,0.679049,0.287112,0.033839
smids/Normal_Sperm/Normal_Sperm (277).bmp,0,4,0,0,0.745844,0.217934,0.036222
smids/Normal_Sperm/Normal_Sperm (28).bmp,0,4,0,2,0.050828,0.201242,0.747930
smids/Normal_Sperm/Normal_Sperm (282).bmp,0,4,0,0,0.733795,0.234852,0.031353
smids/Normal_Sperm/Normal_Sperm (284).bmp,0,4,0,0,0.671349,0.300076,0.028576
smids/Normal_Sperm/Normal_Sperm (285).bmp,0,4,0,2,0.237829,0.040679,0.721492
smids/Normal_Sperm/Normal_Sperm (29).bmp,0,4,0,0,0.697400,0.270020,0.032580
smids/Normal_Sperm/Normal_Sperm (298).bmp,0,4,0,0,0.665780,0.301523,0.032697
smids/Normal_Sperm/Normal_Sperm (3).bmp,0,4,0,0,0.692228,0.279074,0.028698
smids/Normal_Sperm/Normal_Sperm (305).bmp,0,4,0,0,0.741012,0.227549,0.031439
smids/Normal_Sperm/Normal_Sperm (312).bmp,0,4,0,0,0.735701,0.233379,0.030920
smids/Normal_Sperm/Normal_Sperm (319).bmp,0,4,0,0,0.684440,0.287057,0.028504
smids/Normal_Sperm/Normal_Sperm (321).bmp,0,4,0,0,0.730153,0.236134,0.033714
smids/Normal_Sperm/Normal_Sperm (323).bmp,0,4,0,0,0.705909,0.264693,0.029398
smids/Normal_Sperm/Normal_Sperm (334).bmp,0,4,0,0,0.721658,0.244839,0.033503
smids/Normal_Sperm/Normal_Sperm (335).bmp,0,4,0,0,0.671370,0.052024,0.276607
smids/Normal_Sperm/Normal_Sperm (336).bmp,0,4,0,0,0.690361,0.280502,0.029137
smids/Normal_Sperm/Normal_Sperm (342).bmp,0,4,0,0,0.748752,0.215191,0.036057
smids/Normal_Sperm/Normal_Sperm (345).bmp,0,4,0,0,0.723841,0.240893,0.035266
smids/Normal_Sperm/Normal_Sperm (347).bmp,0,4,0,0,0.691899,0.050077,0.258024
smids/Normal_Sperm/Normal_Sperm (348).bmp,0,4,0,0,0.736306,0.228587,0.035107
smids/Normal_Sperm/Normal_Sperm (36).bmp,0,4,0,0,0.697210,0.053201,0.249589
smids/Normal_Sperm/Normal_Sperm (367).bmp,0,4,0,0,0.666357,0.305011,0.028632
smids/Normal_Sperm/Normal_Sperm (381).bmp,0,4,0,0,0.696338,0.274562,0.029101
smids/Normal_Sperm/Normal_Sperm (384).bmp,0,4,0,1,0.251173,0.717740,0.031086
smids/Normal_Sperm/Normal_Sperm (392).bmp,0,4,0,1,0.249884,0.716450,0.033666
smids/Normal_Sperm/Normal_Sperm (397).bmp,0,4,0,0,0.690685,0.053797,0.255518
smids/Normal_Sperm/Normal_Sperm (4).bmp,0,4,0,0,0.684007,0.287794,0.028199
smids/Normal_Sperm/Normal_Sperm (404).bmp,0,4,0,1,0.260454,0.702294,0.037252
smids/Normal_Sperm/Normal_Sperm (407).bmp,0,4,0,0,0.738228,0.229155,0.032618
smids/Normal_Sperm/Normal_Sperm (41).bmp,0,4,0,2,0.239249,0.037612,0.723139
smids/Normal_Sperm/Normal_Sperm (416).bmp,0,4,0,0,0.735402,0.233867,0.030731
smids/Normal_Sperm/Normal_Sperm (424).bmp,0,4,0,0,0.694921,0.275395,0.029684
smids/Normal_Sperm/Normal_Sperm (426).bmp,0,4,0,0,0.745886,0.220298,0.033816
smids/Normal_Sperm/Normal_Sperm (428).bmp,0,4,0,0,0.730072,0.232258,0.037670
smids/Normal_Sperm/Normal_Sperm (432).bmp,0,4,0,0,0.666080,0.303045,0.030876
smids/Normal_Sperm/Normal_Sperm (436).bmp,0,4,0,0,0.692863,0.276988,0.030150
smids/Normal_Sperm/Normal_Sperm (446).bmp,0,4,0,0,0.730592,0.236250,0.033157
smids/Normal_Sperm/Normal_Sperm (447).bmp,0,4,0,0,0.746249,0.223466,0.030285
smids/Normal_Sperm/Normal_Sperm (454).bmp,0,4,0,0,0.737001,0.230231,0.032768
smids/Normal_Sperm/Normal_Sperm (463).bmp,0,4,0,1,0.266985,0.700863,0.032152
smids/Normal_Sperm/Normal_Sperm (467).bmp,0,4,0,0,0.724428,0.245678,0.029894
smids/Normal_Sperm/Normal_Sperm (470).bmp,0,4,0,0,0.742083,0.227473,0.030444
smids/Normal_Sperm/Normal_Sperm (477).bmp,0,4,0,0,0.726971,0.242169,0.030860
smids/Normal_Sperm/Normal_Sperm (480).bmp,0,4,0,0,0.696407,0.273866,0.029727
smids/Normal_Sperm/Normal_Sperm (484).bmp,0,4,0,0,0.712886,0.251504,0.035610
smids/Normal_Sperm/Normal_Sperm (485).bmp,0,4,0,1,0.289769,0.681729,0.028503
smids/Normal_Sperm/Normal_Sperm (49).bmp,0,4,0,1,0.215542,0.750203,0.034255
smids/Normal_Sperm/Normal_Sperm (493).bmp,0,4,0,0,0.695070,0.271505,0.033425
smids/Normal_Sperm/Normal_Sperm (495).bmp,0,4,0,0,0.705611,0.265147,0.029242
smids/Normal_Sperm/Normal_Sperm (503).bmp,0,4,0,1,0.278169,0.691993,0.029838
smids/Normal_Sperm/Normal_Sperm (506).bmp,0,4,0,0,0.672266,0.298131,0.029603
smids/Normal_Sperm/Normal_Sperm (513).bmp,0,4,0,0,0.682506,0.289222,0.028272
smids/Normal_Sperm/Normal_Sperm (517).bmp,0,4,0,0,0.682658,0.284338,0.033003
smids/Normal_Sperm/Normal_Sperm (534).bmp,0,4,0,1,0.276492,0.689661,0.033847
smids/Normal_Sperm/Normal_Sperm (536).bmp,0,4,0,0,0.685639,0.280506,0.033855
smids/Normal_Sperm/Normal_Sperm (538).bmp,0,4,0,0,0.737615,0.231481,0.030904
smids/Normal_Sperm/Normal_Sperm (539).bmp,0,4,0,0,0.693204,0.278139,0.028657
smids/Normal_Sperm/Normal_Sperm (54).bmp,0,4,0,0,0.743786,0.217921,0.038293
smids/Normal_Sperm/Normal_Sperm (541).bmp,0,4,0,0,0.705153,0.262657,0.032190
smids/Normal_Sperm/Normal_Sperm (549).bmp,0,4,0,0,0.695273,0.275478,0.029250
smids/Normal_Sperm/Normal_Sperm (552).bmp,0,4,0,0,0.690790,0.276384,0.032827
smids/Normal_Sperm/Normal_Sperm (554).bmp,0,4,0,0,0.737683,0.231096,0.031221
smids/Normal_Sperm/Normal_Sperm (558).bmp,0,4,0,0,0.743023,0.221780,0.035196
smids/Normal_Sperm/Normal_Sperm (567).bmp,0,4,0,0,0.723800,0.246622,0.029578
smids/Normal_Sperm/Normal_Sperm (569).bmp,0,4,0,0,0.709971,0.259236,0.030793
smids/Normal_Sperm/Normal_Sperm (571).bmp,0,4,0,0,0.723800,0.245792,0.030408
smids/Normal_Sperm/Normal_Sperm (572).bmp,0,4,0,0,0.739945,0.229899,0.030156
smids/Normal_Sperm/Normal_Sperm (574).bmp,0,4,0,0,0.637256,0.049226,0.313518
smids/Normal_Sperm/Normal_Sperm (578).bmp,0,4,0,0,0.741069,0.227363,0.031567
smids/Normal_Sperm/Normal_Sperm (582).bmp,0,4,0,0,0.698924,0.272231,0.028846
smids/Normal_Sperm/Normal_Sperm (584).bmp,0,4,0,0,0.703622,0.266325,0.030052
smids/Normal_Sperm/Normal_Sperm (588).bmp,0,4,0,0,0.739401,0.228108,0.032491
smids/Normal_Sperm/Normal_Sperm (59).bmp,0,4,0,1,0.264256,0.703742,0.032002
smids/Normal_Sperm/Normal_Sperm (592).bmp,0,4,0,0,0.696802,0.272488,0.030710
smids/Normal_Sperm/Normal_Sperm (593).bmp,0,4,0,0,0.753178,0.215873,0.030949
smids/Normal_Sperm/Normal_Sperm (599).bmp,0,4,0,0,0.686938,0.283924,0.029138
smids/Normal_Sperm/Normal_Sperm (600).bmp,0,4,0,0,0.746313,0.220992,0.032695
smids/Normal_Sperm/Normal_Sperm (603).bmp,0,4,0,0,0.741893,0.223289,0.034818
smids/Normal_Sperm/Normal_Sperm (607).bmp,0,4,0,0,0.733782,0.236404,0.029814
smids/Normal_Sperm/Normal_Sperm (616).bmp,0,4,0,0,0.729493,0.239498,0.031009
smids/Normal_Sperm/Normal_Sperm (621).bmp,0,4,0,0,0.707995,0.263212,0.028793
smids/Normal_Sperm/Normal_Sperm (623).bmp,0,4,0,0,0.677802,0.293388,0.028809
smids/Normal_Sperm/Normal_Sperm (625).bmp,0,4,0,0,0.732294,0.237024,0.030682
smids/Normal_Sperm/Normal_Sperm (628).bmp,0,4,0,1,0.277351,0.690044,0.032605
smids/Normal_Sperm/Normal_Sperm (634).bmp,0,4,0,0,0.741871,0.226013,0.032115
smids/Normal_Sperm/Normal_Sperm (641).bmp,0,4,0,0,0.735541,0.232607,0.031852
smids/Normal_Sperm/Normal_Sperm (647).bmp,0,4,0,0,0.740967,0.226813,0.032220
smids/Normal_Sperm/Normal_Sperm (651).bmp,0,4,0,0,0.722076,0.246988,0.030935
smids/Normal_Sperm/Normal_Sperm (652).bmp,0,4,0,1,0.263157,0.705224,0.031619
smids/Normal_Sperm/Normal_Sperm (654).bmp,0,4,0,0,0.739465,0.227780,0.032755
smids/Normal_Sperm/Normal_Sperm (655).bmp,0,4,0,0,0.684399,0.282415,0.033186
smids/Normal_Sperm/Normal_Sperm (66).bmp,0,4,0,0,0.687646,0.280574,0.031780
smids/Normal_Sperm/Normal_Sperm (663).bmp,0,4,0,0,0.664509,0.307553,0.027938
smids/Normal_Sperm/Normal_Sperm (666).bmp,0,4,0,0,0.728862,0.235003,0.036135
smids/Normal_Sperm/Normal_Sperm (671).bmp,0,4,0,0,0.728547,0.239704,0.031749
smids/Normal_Sperm/Normal_Sperm (683).bmp,0,4,0,0,0.687889,0.279972,0.032139
smids/Normal_Sperm/Normal_Sperm (687).bmp,0,4,0,0,0.731310,0.235437,0.033254
smids/Normal_Sperm/Normal_Sperm (689).bmp,0,4,0,0,0.693350,0.275522,0.031128
smids/Normal_Sperm/Normal_Sperm (690).bmp,0,4,0,0,0.690762,0.279812,0.029426
smids/Normal_Sperm/Normal_Sperm (696).bmp,0,4,0,0,0.675517,0.295179,0.029305
smids/Normal_Sperm/Normal_Sperm (698).bmp,0,4,0,0,0.691451,0.275968,0.032580
smids/Normal_Sperm/Normal_Sperm (699).bmp,0,4,0,0,0.733813,0.233614,0.032573
smids/Normal_Sperm/Normal_Sperm (70).bmp,0,4,0,0,0.705022,0.261879,0.033100
smids/Normal_Sperm/Normal_Sperm (700).bmp,0,4,0,1,0.264490,0.702100,0.033410
smids/Normal_Sperm/Normal_Sperm (708).bmp,0,4,0,0,0.689119,0.279277,0.031603
smids/Normal_Sperm/Normal_Sperm (709).bmp,0,4,0,0,0.742488,0.220968,0.036544
smids/Normal_Sperm/Normal_Sperm (71).bmp,0,4,0,0,0.673062,0.297736,0.029202
smids/Normal_Sperm/Normal_Sperm (713).bmp,0,4,0,1,0.238944,0.720636,0.040420
smids/Normal_Sperm/Normal_Sperm (715).bmp,0,4,0,1,0.230504,0.728468,0.041028
smids/Normal_Sperm/Normal_Sperm (723).bmp,0,4,0,0,0.703525,0.265957,0.030518
smids/Normal_Sperm/Normal_Sperm (724).bmp,0,4,0,0,0.724199,0.244902,0.030899
smids/Normal_Sperm/Normal_Sperm (73).bmp,0,4,0,1,0.291056,0.680980,0.027963
smids/Normal_Sperm/Normal_Sperm (733).bmp,0,4,0,0,0.684780,0.284463,0.030757
smids/Normal_Sperm/Normal_Sperm (735).bmp,0,4,0,0,0.728798,0.239016,0.032187
smids/Normal_Sperm/Normal_Sperm (74).bmp,0,4,0,1,0.285918,0.683972,0.030110
smids/Normal_Sperm/Normal_Sperm (742).bmp,0,4,0,0,0.702948,0.267437,0.029615
smids/Normal_Sperm/Normal_Sperm (747).bmp,0,4,0,0,0.734606,0.233706,0.031688
smids/Normal_Sperm/Normal_Sperm (752).bmp,0,4,0,0,0.708699,0.261192,0.030109
smids/Normal_Sperm/Normal_Sperm (758).bmp,0,4,0,0,0.682242,0.287011,0.030747
smids/Normal_Sperm/Normal_Sperm (760).bmp,0,4,0,0,0.753168,0.215252,0.031580
smids/Normal_Sperm/Normal_Sperm (765).bmp,0,4,0,0,0.686605,0.283296,0.030098
smids/Normal_Sperm/Normal_Sperm (769).bmp,0,4,0,0,0.744393,0.221443,0.034164
smids/Normal_Sperm/Normal_Sperm (770).bmp,0,4,0,0,0.687696,0.049074,0.263231
smids/Normal_Sperm/Normal_Sperm (777).bmp,0,4,0,0,0.745425,0.221077,0.033498
smids/Normal_Sperm/Normal_Sperm (779).bmp,0,4,0,0,0.692508,0.278819,0.028674
smids/Normal_Sperm/Normal_Sperm (780).bmp,0,4,0,0,0.652629,0.049106,0.298264
smids/Normal_Sperm/Normal_Sperm (783).bmp,0,4,0,0,0.750367,0.218080,0.031554
smids/Normal_Sperm/Normal_Sperm (784).bmp,0,4,0,0,0.701605,0.268270,0.030125
smids/Normal_Sperm/Normal_Sperm (789).bmp,0,4,0,0,0.748570,0.215683,0.035747
smids/Normal_Sperm/Normal_Sperm (790).bmp,0,4,0,0,0.741114,0.223164,0.035722
smids/Normal_Sperm/Normal_Sperm (794).bmp,0,4,0,0,0.746256,0.215419,0.038325
smids/Normal_Sperm/Normal_Sperm (803).bmp,0,4,0,0,0.698100,0.257883,0.044016
smids/Normal_Sperm/Normal_Sperm (804).bmp,0,4,0,0,0.666548,0.305084,0.028369
smids/Normal_Sperm/Normal_Sperm (807).bmp,0,4,0,0,0.658793,0.051534,0.289672
smids/Normal_Sperm/Normal_Sperm (811).bmp,0,4,0,1,0.268987,0.693558,0.037455
smids/Normal_Sperm/Normal_Sperm (821).bmp,0,4,0,0,0.667192,0.305642,0.027166
smids/Normal_Sperm/Normal_Sperm (826).bmp,0,4,0,0,0.673948,0.296575,0.029477
smids/Normal_Sperm/Normal_Sperm (83).bmp,0,4,0,0,0.702288,0.262967,0.034746
smids/Normal_Sperm/Normal_Sperm (833).bmp,0,4,0,0,0.741379,0.221356,0.037265
smids/Normal_Sperm/Normal_Sperm (85).bmp,0,4,0,1,0.286069,0.684033,0.029898
smids/Normal_Sperm/Normal_Sperm (856).bmp,0,4,0,0,0.705924,0.264089,0.029987
smids/Normal_Sperm/Normal_Sperm (857).bmp,0,4,0,0,0.733943,0.235773,0.030284
smids/Normal_Sperm/Normal_Sperm (859).bmp,0,4,0,0,0.680215,0.291888,0.027897
smids/Normal_Sperm/Normal_Sperm (861).bmp,0,4,0,0,0.723452,0.244118,0.032430
smids/Normal_Sperm/Normal_Sperm (873).bmp,0,4,0,0,0.666591,0.302264,0.031145
smids/Normal_Sperm/Normal_Sperm (876).bmp,0,4,0,0,0.663066,0.307751,0.029183
smids/Normal_Sperm/Normal_Sperm (882).bmp,0,4,0,0,0.662143,0.308832,0.029025
smids/Normal_Sperm/Normal_Sperm (883).bmp,0,4,0,0,0.730127,0.237738,0.032135
smids/Normal_Sperm/Normal_Sperm (892).bmp,0,4,0,1,0.292224,0.680287,0.027488
smids/Normal_Sperm/Normal_Sperm (90).bmp,0,4,0,0,0.703333,0.263897,0.032770
smids/Normal_Sperm/Normal_Sperm (905).bmp,0,4,0,1,0.288558,0.680333,0.031109
smids/Normal_Sperm/Normal_Sperm (909).bmp,0,4,0,0,0.665985,0.305253,0.028763
smids/Normal_Sperm/Normal_Sperm (914).bmp,0,4,0,1,0.216157,0.750330,0.033513
smids/Normal_Sperm/Normal_Sperm (916).bmp,0,4,0,1,0.282609,0.688800,0.028591
smids/Normal_Sperm/Normal_Sperm (92).bmp,0,4,0,0,0.657400,0.053416,0.289184
smids/Normal_Sperm/Normal_Sperm (920).bmp,0,4,0,0,0.675192,0.295168,0.029640
smids/Normal_Sperm/Normal_Sperm (924).bmp,0,4,0,0,0.683369,0.286408,0.030223
smids/Normal_Sperm/Normal_Sperm (931).bmp,0,4,0,0,0.675489,0.296043,0.028468
smids/Normal_Sperm/Normal_Sperm (932).bmp,0,4,0,1,0.285272,0.686213,0.028515
smids/Normal_Sperm/Normal_Sperm (938).bmp,0,4,0,0,0.670078,0.301193,0.028729
smids/Normal_Sperm/Normal_Sperm (94).bmp,0,4,0,0,0.704673,0.261319,0.034007
smids/Normal_Sperm/Normal_Sperm (943).bmp,0,4,0,0,0.710193,0.260968,0.028839
smids/Normal_Sperm/Normal_Sperm (944).bmp,0,4,0,0,0.674476,0.296440,0.029084
smids/Normal_Sperm/Normal_Sperm (950).bmp,0,4,0,1,0.240773,0.728990,0.030237
smids/Normal_Sperm/Normal_Sperm (955).bmp,0,4,0,0,0.664666,0.306032,0.029302
smids/Normal_Sperm/Normal_Sperm (958).bmp,0,4,0,0,0.711812,0.258288,0.029900
smids/Normal_Sperm/Normal_Sperm (96).bmp,0,4,0,0,0.642892,0.047395,0.309713
smids/Normal_Sperm/Normal_Sperm (980).bmp,0,4,0,2,0.228777,0.043695,0.727528
smids/Normal_Sperm/Normal_Sperm (988).bmp,0,4,0,0,0.718566,0.250886,0.030548
smids/Normal_Sperm/Normal_Sperm (993).bmp,0,4,0,0,0.738183,0.226347,0.035470
smids/Normal_Sperm/Normal_Sperm (999).bmp,0,4,0,1,0.253626,0.709320,0.037054
