image_id,role,label_idx,logit_0,logit_1,logit_2
smids/Abnormal_Sperm/Abnormal_Sperm (1002).bmp,val,1,3.164259,3.250667,-7.102743
smids/Abnormal_Sperm/Abnormal_Sperm (1003).bmp,val,1,-2.271178,5.843213,-2.702867
smids/Abnormal_Sperm/Abnormal_Sperm (103).bmp,val,1,-2.617812,5.067358,-1.950038
smids/Abnormal_Sperm/Abnormal_Sperm (11).bmp,val,1,0.692219,2.085907,-2.873145
smids/Abnormal_Sperm/Abnormal_Sperm (113).bmp,val,1,-4.344682,6.002950,-1.447981
smids/Abnormal_Sperm/Abnormal_Sperm (120).bmp,val,1,1.677647,4.694901,-6.443419
smids/Abnormal_Sperm/Abnormal_Sperm (137).bmp,val,1,1.884788,5.210347,-7.685147
smids/Abnormal_Sperm/Abnormal_Sperm (138).bmp,val,1,-3.936714,2.762826,1.811537
smids/Abnormal_Sperm/Abnormal_Sperm (140).bmp,val,1,-0.252635,5.195351,-4.774150
smids/Abnormal_Sperm/Abnormal_Sperm (161).bmp,val,1,-0.699371,2.119921,-0.748366
smids/Abnormal_Sperm/Abnormal_Sperm (163).bmp,val,1,-0.228854,4.195919,-3.640126
smids/Abnormal_Sperm/Abnormal_Sperm (175).bmp,val,1,-0.431465,4.011388,-3.376030
smids/Abnormal_Sperm/Abnormal_Sperm (192).bmp,val,1,3.281473,4.992745,-8.262345
smids/Abnormal_Sperm/Abnormal_Sperm (205).bmp,val,1,-1.510924,2.516970,-0.759561
smids/Abnormal_Sperm/Abnormal_Sperm (223).bmp,val,1,-3.056054,2.357083,0.997462
smids/Abnormal_Sperm/Abnormal_Sperm (234).bmp,val,1,-2.380511,5.134869,-2.128098
smids/Abnormal_Sperm/Abnormal_Sperm (235).bmp,val,1,-2.930673,3.431467,-0.455505
smids/Abnormal_Sperm/Abnormal_Sperm (237).bmp,val,1,-2.380181,1.230712,1.874397
smids/Abnormal_Sperm/Abnormal_Sperm (239).bmp,val,1,2.044336,3.788469,-5.686984
smids/Abnormal_Sperm/Abnormal_Sperm (246).bmp,val,1,2.932261,3.902503,-6.462792
smids/Abnormal_Sperm/Abnormal_Sperm (26).bmp,val,1,0.062979,3.277649,-3.143714
smids/Abnormal_Sperm/Abnormal_Sperm (265).bmp,val,1,0.297743,3.412385,-3.401281
smids/Abnormal_Sperm/Abnormal_Sperm (276).bmp,val,1,-1.035217,5.059196,-3.501388
smids/Abnormal_Sperm/Abnormal_Sperm (302).bmp,val,1,-1.519540,1.988780,-0.517839
smids/Abnormal_Sperm/Abnormal_Sperm (317).bmp,val,1,-1.506231,1.598088,-0.547921
smids/Abnormal_Sperm/Abnormal_Sperm (33).bmp,val,1,4.671895,1.237524,-5.947599
smids/Abnormal_Sperm/Abnormal_Sperm (341).bmp,val,1,0.740957,4.717877,-5.227426
smids/Abnormal_Sperm/Abnormal_Sperm (344).bmp,val,1,-2.659972,5.357939,-1.973724
smids/Abnormal_Sperm/Abnormal_Sperm (362).bmp,val,1,-0.437735,4.021209,-3.114609
smids/Abnormal_Sperm/Abnormal_Sperm (366).bmp,val,1,2.696371,3.404921,-6.383095
smids/Abnormal_Sperm/Abnormal_Sperm (377).bmp,val,1,-0.920620,3.892515,-2.731379
smids/Abnormal_Sperm/Abnormal_Sperm (389).bmp,val,1,-1.166050,4.218259,-2.783619
smids/Abnormal_Sperm/Abnormal_Sperm (393).bmp,val,1,-3.479572,5.225815,-0.965167
smids/Abnormal_Sperm/Abnormal_Sperm (4).bmp,val,1,0.098007,0.005480,-0.473361
smids/Abnormal_Sperm/Abnormal_Sperm (42).bmp,val,1,5.731905,2.579553,-8.702351
smids/Abnormal_Sperm/Abnormal_Sperm (438).bmp,val,1,-2.535709,4.040154,-1.028270
smids/Abnormal_Sperm/Abnormal_Sperm (446).bmp,val,1,2.844139,3.518943,-6.175166
smids/Abnormal_Sperm/Abnormal_Sperm (450).bmp,val,1,-0.373846,5.104982,-4.480796
smids/Abnormal_Sperm/Abnormal_Sperm (458).bmp,val,1,-2.879383,5.869777,-2.910850
smids/Abnormal_Sperm/Abnormal_Sperm (472).bmp,val,1,-0.346659,4.371002,-3.789598
smids/Abnormal_Sperm/Abnormal_Sperm (478).bmp,val,1,-3.817484,0.876661,2.638859
smids/Abnormal_Sperm/Abnormal_Sperm (487).bmp,val,1,1.728321,0.571682,-1.756171
smids/Abnormal_Sperm/Abnormal_Sperm (490).bmp,val,1,-1.871551,4.301704,-2.567206
smids/Abnormal_Sperm/Abnormal_Sperm (491).bmp,val,1,-2.453891,3.421504,-0.665991
smids/Abnormal_Sperm/Abnormal_Sperm (500).bmp,val,1,1.165580,-2.966656,1.484321
smids/Abnormal_Sperm/Abnormal_Sperm (520).bmp,val,1,2.312467,2.823899,-5.483865
smids/Abnormal_Sperm/Abnormal_Sperm (533).bmp,val,1,4.618495,2.361072,-7.368711
smids/Abnormal_Sperm/Abnormal_Sperm (556).bmp,val,1,0.671085,2.723090,-4.125578
smids/Abnormal_Sperm/Abnormal_Sperm (557).bmp,val,1,3.410981,0.030653,-3.851540
smids/Abnormal_Sperm/Abnormal_Sperm (577).bmp,val,1,1.973860,2.958966,-4.344326
smids/Abnormal_Sperm/Abnormal_Sperm (582).bmp,val,1,-1.642100,3.589923,-1.209177
smids/Abnormal_Sperm/Abnormal_Sperm (596).bmp,val,1,3.473400,2.672965,-6.100447
smids/Abnormal_Sperm/Abnormal_Sperm (598).bmp,val,1,0.322745,4.626316,-5.121731
smids/Abnormal_Sperm/Abnormal_Sperm (599).bmp,val,1,0.947603,3.351017,-4.298054
smids/Abnormal_Sperm/Abnormal_Sperm (601).bmp,val,1,-0.965060,-0.373310,1.829434
smids/Abnormal_Sperm/Abnormal_Sperm (609).bmp,val,1,1.490590,0.515971,-2.930068
smids/Abnormal_Sperm/Abnormal_Sperm (612).bmp,val,1,1.851218,3.850767,-6.318593
smids/Abnormal_Sperm/Abnormal_Sperm (613).bmp,val,1,-0.460128,3.773683,-3.378279
smids/Abnormal_Sperm/Abnormal_Sperm (624).bmp,val,1,-2.522149,2.405472,0.337023
smids/Abnormal_Sperm/Abnormal_Sperm (631).bmp,val,1,0.017259,4.635189,-4.776779
smids/Abnormal_Sperm/Abnormal_Sperm (633).bmp,val,1,-0.381588,1.551496,-1.095903
smids/Abnormal_Sperm/Abnormal_Sperm (642).bmp,val,1,1.707388,4.353545,-5.766571
smids/Abnormal_Sperm/Abnormal_Sperm (645).bmp,val,1,0.399202,4.351979,-4.557476
smids/Abnormal_Sperm/Abnormal_Sperm (662).bmp,val,1,-3.129050,4.976066,-1.341089
smids/Abnormal_Sperm/Abnormal_Sperm (671).bmp,val,1,0.154379,3.527303,-3.745300
smids/Abnormal_Sperm/Abnormal_Sperm (672).bmp,val,1,1.352882,2.263466,-3.583308
smids/Abnormal_Sperm/Abnormal_Sperm (678).bmp,val,1,-1.110436,3.818536,-2.174141
smids/Abnormal_Sperm/Abnormal_Sperm (679).bmp,val,1,0.884344,2.792756,-3.617041
smids/Abnormal_Sperm/Abnormal_Sperm (716).bmp,val,1,-0.487019,4.742208,-4.233868
smids/Abnormal_Sperm/Abnormal_Sperm (717).bmp,val,1,2.946549,2.053010,-4.638107
smids/Abnormal_Sperm/Abnormal_Sperm (72).bmp,val,1,-3.392598,3.786742,0.059105
smids/Abnormal_Sperm/Abnormal_Sperm (731).bmp,val,1,0.991253,3.685005,-4.586213
smids/Abnormal_Sperm/Abnormal_Sperm (740).bmp,val,1,-0.072222,5.563830,-5.588055
smids/Abnormal_Sperm/Abnormal_Sperm (748).bmp,val,1,0.724827,3.539534,-4.517725
smids/Abnormal_Sperm/Abnormal_Sperm (752).bmp,val,1,1.926930,2.179233,-4.699532
smids/Abnormal_Sperm/Abnormal_Sperm (769).bmp,val,1,-4.582723,2.281461,3.045013
smids/Abnormal_Sperm/Abnormal_Sperm (773).bmp,val,1,-0.419857,2.960664,-1.860724
smids/Abnormal_Sperm/Abnormal_Sperm (776).bmp,val,1,0.284751,4.840568,-5.255252
smids/Abnormal_Sperm/Abnormal_Sperm (777).bmp,val,1,0.792768,4.072370,-5.018896
smids/Abnormal_Sperm/Abnormal_Sperm (785).bmp,val,1,5.382557,1.401958,-6.395771
smids/Abnormal_Sperm/Abnormal_Sperm (789).bmp,val,1,-1.226285,3.009717,-1.178226
smids/Abnormal_Sperm/Abnormal_Sperm (791).bmp,val,1,0.165918,3.169949,-2.562288
smids/Abnormal_Sperm/Abnormal_Sperm (792).bmp,val,1,0.339154,4.562145,-4.794782
smids/Abnormal_Sperm/Abnormal_Sperm (807).bmp,val,1,4.791377,3.528846,-8.532793
smids/Abnormal_Sperm/Abnormal_Sperm (81).bmp,val,1,1.158184,4.032615,-4.969556
smids/Abnormal_Sperm/Abnormal_Sperm (817).bmp,val,1,0.582322,4.396540,-4.914856
smids/Abnormal_Sperm/Abnormal_Sperm (826).bmp,val,1,1.225760,3.681658,-5.698515
smids/Abnormal_Sperm/Abnormal_Sperm (828).bmp,val,1,-0.423457,2.993711,-2.200549
smids/Abnormal_Sperm/Abnormal_Sperm (838).bmp,val,1,4.674109,4.043306,-8.779444
smids/Abnormal_Sperm/Abnormal_Sperm (841).bmp,val,1,1.454024,2.605763,-4.141615
smids/Abnormal_Sperm/Abnormal_Sperm (883).bmp,val,1,2.012352,3.511058,-5.681045
smids/Abnormal_Sperm/Abnormal_Sperm (887).bmp,val,1,2.621543,1.361935,-3.664557
smids/Abnormal_Sperm/Abnormal_Sperm (889).bmp,val,1,-0.620811,3.005317,-2.081344
smids/Abnormal_Sperm/Abnormal_Sperm (890).bmp,val,1,0.611844,4.539766,-4.838187
smids/Abnormal_Sperm/Abnormal_Sperm (892).bmp,val,1,3.482693,1.536285,-5.038816
smids/Abnormal_Sperm/Abnormal_Sperm (893).bmp,val,1,-1.337611,3.033023,-1.175469
smids/Abnormal_Sperm/Abnormal_Sperm (899).bmp,val,1,1.511897,2.886041,-5.049206
smids/Abnormal_Sperm/Abnormal_Sperm (90).bmp,val,1,0.308209,3.352705,-3.944698
smids/Abnormal_Sperm/Abnormal_Sperm (902).bmp,val,1,-1.399234,1.641278,0.201000
smids/Abnormal_Sperm/Abnormal_Sperm (909).bmp,val,1,2.002516,2.066803,-3.912402
smids/Abnormal_Sperm/Abnormal_Sperm (912).bmp,val,1,0.442414,2.279881,-2.310873
smids/Abnormal_Sperm/Abnormal_Sperm (923).bmp,val,1,2.483569,0.308611,-3.125706
smids/Abnormal_Sperm/Abnormal_Sperm (929).bmp,val,1,0.442453,1.892117,-2.272276
smids/Abnormal_Sperm/Abnormal_Sperm (93).bmp,val,1,-1.622395,7.167575,-5.436247
smids/Abnormal_Sperm/Abnormal_Sperm (932).bmp,val,1,1.185291,3.162420,-4.235783
smids/Abnormal_Sperm/Abnormal_Sperm (944).bmp,val,1,2.181795,4.572927,-6.804914
smids/Abnormal_Sperm/Abnormal_Sperm (95).bmp,val,1,-3.559788,3.670245,0.474269
smids/Abnormal_Sperm/Abnormal_Sperm (952).bmp,val,1,4.726715,1.439543,-5.906716
smids/Abnormal_Sperm/Abnormal_Sperm (975).bmp,val,1,-2.158749,3.283460,-0.968170
smids/Abnormal_Sperm/Abnormal_Sperm (978).bmp,val,1,-1.312657,3.589322,-2.664290
smids/Abnormal_Sperm/Abnormal_Sperm (980).bmp,val,1,-0.581722,4.175530,-3.735223
smids/Abnormal_Sperm/Abnormal_Sperm (983).bmp,val,1,-2.980514,5.018677,-2.139296
smids/Abnormal_Sperm/Abnormal_Sperm (984).bmp,val,1,-1.051227,4.977070,-4.133945
smids/Abnormal_Sperm/Abnormal_Sperm (985).bmp,val,1,-1.807616,2.111276,0.091799
smids/Abnormal_Sperm/Abnormal_Sperm (99).bmp,val,1,2.870016,4.217067,-6.689357
smids/Abnormal_Sperm/Abnormal_Sperm (993).bmp,val,1,-1.637311,5.388287,-4.202313
smids/Abnormal_Sperm/Abnormal_Sperm (995).bmp,val,1,-1.897508,3.832992,-2.018233
smids/Non-Sperm/Non-Sperm (106).bmp,val,2,-3.845501,-3.804806,7.527351
smids/Non-Sperm/Non-Sperm (11).bmp,val,2,-3.177617,0.290422,2.989460
smids/Non-Sperm/Non-Sperm (113).bmp,val,2,-3.965054,-3.567056,7.782886
smids/Non-Sperm/Non-Sperm (114).bmp,val,2,-4.471146,-5.841304,10.316429
smids/Non-Sperm/Non-Sperm (124).bmp,val,2,-3.260258,-6.654001,8.867785
smids/Non-Sperm/Non-Sperm (130).bmp,val,2,-2.845069,-2.746997,5.697274
smids/Non-Sperm/Non-Sperm (139).bmp,val,2,-4.149864,-1.100394,5.158454
smids/Non-Sperm/Non-Sperm (146).bmp,val,2,-3.823090,-5.339590,8.777820
smids/Non-Sperm/Non-Sperm (15).bmp,val,2,-2.317450,-0.757569,3.104366
smids/Non-Sperm/Non-Sperm (152).bmp,val,2,-5.193063,-6.431889,10.441500
smids/Non-Sperm/Non-Sperm (158).bmp,val,2,-2.867312,-5.748942,8.349527
smids/Non-Sperm/Non-Sperm (174).bmp,val,2,-3.268427,-4.778356,6.640255
smids/Non-Sperm/Non-Sperm (201).bmp,val,2,-5.445118,-5.333746,10.193294
smids/Non-Sperm/Non-Sperm (208).bmp,val,2,-2.832811,0.586017,2.635394
smids/Non-Sperm/Non-Sperm (221).bmp,val,2,-3.843286,-2.311259,6.171671
smids/Non-Sperm/Non-Sperm (222).bmp,val,2,-5.124779,-5.886025,10.795400
smids/Non-Sperm/Non-Sperm (223).bmp,val,2,-4.769351,-4.325021,7.964588
smids/Non-Sperm/Non-Sperm (238).bmp,val,2,-2.761751,-5.612638,7.627537
smids/Non-Sperm/Non-Sperm (25).bmp,val,2,1.638773,-0.085045,-1.061943
smids/Non-Sperm/Non-Sperm (267).bmp,val,2,-4.096042,-4.859784,9.006745
smids/Non-Sperm/Non-Sperm (273).bmp,val,2,-2.007021,-4.720700,6.360904
smids/Non-Sperm/Non-Sperm (276).bmp,val,2,-2.981627,-6.316972,8.739450
smids/Non-Sperm/Non-Sperm (285).bmp,val,2,-2.951917,-2.590371,5.422523
smids/Non-Sperm/Non-Sperm (29).bmp,val,2,-3.546600,-0.767533,4.525519
smids/Non-Sperm/Non-Sperm (290).bmp,val,2,-2.573319,-4.407232,6.234755
smids/Non-Sperm/Non-Sperm (293).bmp,val,2,-3.650676,-6.385265,9.984150
smids/Non-Sperm/Non-Sperm (303).bmp,val,2,-2.719067,-5.201468,7.435255
smids/Non-Sperm/Non-Sperm (306).bmp,val,2,-2.920091,-3.080770,5.742393
smids/Non-Sperm/Non-Sperm (309).bmp,val,2,0.385626,-0.823805,0.572549
smids/Non-Sperm/Non-Sperm (324).bmp,val,2,1.924922,-4.694271,2.346310
smids/Non-Sperm/Non-Sperm (336).bmp,val,2,-4.429209,-4.299862,8.638557
smids/Non-Sperm/Non-Sperm (337).bmp,val,2,-5.287924,-4.793494,9.949035
smids/Non-Sperm/Non-Sperm (340).bmp,val,2,-2.660706,-0.494054,3.887920
smids/Non-Sperm/Non-Sperm (354).bmp,val,2,-5.041146,-0.853590,6.035765
smids/Non-Sperm/Non-Sperm (356).bmp,val,2,-0.090425,-4.500525,3.647286
smids/Non-Sperm/Non-Sperm (358).bmp,val,2,-3.497171,-3.388999,6.559602
smids/Non-Sperm/Non-Sperm (385).bmp,val,2,-2.924981,-1.426287,3.935715
smids/Non-Sperm/Non-Sperm (388).bmp,val,2,-2.545509,-4.566186,6.475351
smids/Non-Sperm/Non-Sperm (405).bmp,val,2,-1.637323,-1.734339,3.714833
smids/Non-Sperm/Non-Sperm (407).bmp,val,2,-3.520840,-2.248097,5.938042
smids/Non-Sperm/Non-Sperm (413).bmp,val,2,-2.860299,-1.406858,4.440333
smids/Non-Sperm/Non-Sperm (420).bmp,val,2,-2.017034,-3.885632,5.421168
smids/Non-Sperm/Non-Sperm (421).bmp,val,2,-2.787575,-5.603196,7.630791
smids/Non-Sperm/Non-Sperm (433).bmp,val,2,-4.397371,-3.705465,7.543653
smids/Non-Sperm/Non-Sperm (444).bmp,val,2,-2.364691,-7.525053,9.111855
smids/Non-Sperm/Non-Sperm (447).bmp,val,2,-4.354670,-2.397946,7.023146
smids/Non-Sperm/Non-Sperm (451).bmp,val,2,-4.571044,-3.299501,7.704287
smids/Non-Sperm/Non-Sperm (455).bmp,val,2,-4.240484,-5.962017,9.427299
smids/Non-Sperm/Non-Sperm (499).bmp,val,2,-1.227249,-5.508609,6.517485
smids/Non-Sperm/Non-Sperm (500).bmp,val,2,-1.901786,-4.074442,5.468362
smids/Non-Sperm/Non-Sperm (502).bmp,val,2,-0.535893,-5.852811,5.604591
smids/Non-Sperm/Non-Sperm (504).bmp,val,2,-2.507503,-6.416419,8.008940
smids/Non-Sperm/Non-Sperm (511).bmp,val,2,-2.245724,-1.783463,3.541092
smids/Non-Sperm/Non-Sperm (513).bmp,val,2,-1.134659,-0.958992,1.434697
smids/Non-Sperm/Non-Sperm (515).bmp,val,2,-3.925017,-2.763654,6.406559
smids/Non-Sperm/Non-Sperm (560).bmp,val,2,-1.196096,-4.871370,5.454991
smids/Non-Sperm/Non-Sperm (576).bmp,val,2,-5.683303,0.705926,5.855763
smids/Non-Sperm/Non-Sperm (579).bmp,val,2,-4.818505,-5.436291,9.571882
smids/Non-Sperm/Non-Sperm (584).bmp,val,2,-2.178641,-2.486622,4.992458
smids/Non-Sperm/Non-Sperm (587).bmp,val,2,-6.267648,-0.531876,7.132161
smids/Non-Sperm/Non-Sperm (59).bmp,val,2,-1.570356,2.623290,-0.322542
smids/Non-Sperm/Non-Sperm (590).bmp,val,2,-2.072269,-3.837117,5.691591
smids/Non-Sperm/Non-Sperm (591).bmp,val,2,-1.418608,-5.720853,6.842954
smids/Non-Sperm/Non-Sperm (594).bmp,val,2,-2.539374,-4.657829,6.839077
smids/Non-Sperm/Non-Sperm (597).bmp,val,2,-2.258263,-5.652352,7.407847
smids/Non-Sperm/Non-Sperm (60).bmp,val,2,-0.263822,2.401606,-1.687891
smids/Non-Sperm/Non-Sperm (602).bmp,val,2,-3.872618,-5.563093,8.923102
smids/Non-Sperm/Non-Sperm (606).bmp,val,2,-3.744593,-6.543581,9.651874
smids/Non-Sperm/Non-Sperm (609).bmp,val,2,-1.228971,-1.210244,2.748768
smids/Non-Sperm/Non-Sperm (616).bmp,val,2,-2.870105,-4.536880,6.978697
smids/Non-Sperm/Non-Sperm (618).bmp,val,2,-3.355106,-3.654825,6.134718
smids/Non-Sperm/Non-Sperm (620).bmp,val,2,-4.908589,-6.558091,10.865889
smids/Non-Sperm/Non-Sperm (629).bmp,val,2,-1.666341,-4.174702,5.292521
smids/Non-Sperm/Non-Sperm (643).bmp,val,2,-3.463933,-6.015378,9.011419
smids/Non-Sperm/Non-Sperm (645).bmp,val,2,-3.278415,-2.824259,5.935005
smids/Non-Sperm/Non-Sperm (659).bmp,val,2,-5.198191,-4.544240,9.717728
smids/Non-Sperm/Non-Sperm (665).bmp,val,2,-4.465937,-3.274630,7.442595
smids/Non-Sperm/Non-Sperm (666).bmp,val,2,-5.755792,-5.748426,11.084394
smids/Non-Sperm/Non-Sperm (672).bmp,val,2,-4.384007,-3.572805,8.003944
smids/Non-Sperm/Non-Sperm (678).bmp,val,2,-3.764753,-2.460640,6.147419
smids/Non-Sperm/Non-Sperm (690).bmp,val,2,-1.902268,-4.406730,5.367967
smids/Non-Sperm/Non-Sperm (7).bmp,val,2,-4.908440,2.860146,1.560767
smids/Non-Sperm/Non-Sperm (706).bmp,val,2,-1.628511,-6.652571,7.430479
smids/Non-Sperm/Non-Sperm (731).bmp,val,2,-5.594776,-6.063271,10.861277
smids/Non-Sperm/Non-Sperm (735).bmp,val,2,-3.832698,-4.329673,7.680531
smids/Non-Sperm/Non-Sperm (755).bmp,val,2,-3.944013,1.485587,2.961820
smids/Non-Sperm/Non-Sperm (769).bmp,val,2,-4.043902,-3.143502,7.427968
smids/Non-Sperm/Non-Sperm (77).bmp,val,2,-5.934464,0.302785,5.807251
smids/Non-Sperm/Non-Sperm (78).bmp,val,2,-0.444596,-0.429714,2.021690
smids/Non-Sperm/Non-Sperm (785).bmp,val,2,-3.520632,-6.255610,9.072960
smids/Non-Sperm/Non-Sperm (788).bmp,val,2,-0.074551,-6.700623,6.178570
smids/Non-Sperm/Non-Sperm (79).bmp,val,2,-3.543663,-0.425254,4.678386
smids/Non-Sperm/Non-Sperm (808).bmp,val,2,-2.751929,-3.867274,6.608196
smids/Non-Sperm/Non-Sperm (830).bmp,val,2,-4.310341,-2.692218,6.659751
smids/Non-Sperm/Non-Sperm (854).bmp,val,2,-1.195155,1.431074,0.046732
smids/Non-Sperm/Non-Sperm (869).bmp,val,2,-3.477335,-2.991940,6.672317
smids/Non-Sperm/Non-Sperm (87).bmp,val,2,-3.039474,-0.798018,4.947898
smids/Non-Sperm/Non-Sperm (871).bmp,val,2,-3.754111,-4.089459,7.648757
smids/Non-Sperm/Non-Sperm (877).bmp,val,2,-2.913841,-1.868379,5.082890
smids/Non-Sperm/Non-Sperm (880).bmp,val,2,-4.109998,-1.245299,5.485845
smids/Non-Sperm/Non-Sperm (883).bmp,val,2,-3.443442,-2.686110,6.227379
smids/Non-Sperm/Non-Sperm (890).bmp,val,2,-1.287354,-3.949336,4.807286
smids/Non-Sperm/Non-Sperm (900).bmp,val,2,-1.115286,-0.177197,1.417161
smids/Non-Sperm/Non-Sperm (906).bmp,val,2,-2.133296,-1.410109,4.292729
smids/Non-Sperm/Non-Sperm (908).bmp,val,2,-3.219910,2.953831,0.308440
smids/Non-Sperm/Non-Sperm (916).bmp,val,2,3.942559,-0.500199,-3.623140
smids/Non-Sperm/Non-Sperm (919).bmp,val,2,-3.888793,-1.980407,5.977767
smids/Non-Sperm/Non-Sperm (920).bmp,val,2,-3.868148,-0.976992,4.963762
smids/Non-Sperm/Non-Sperm (922).bmp,val,2,-5.368440,-0.689363,6.642591
smids/Non-Sperm/Non-Sperm (927).bmp,val,2,0.671107,-4.302588,3.467411
smids/Non-Sperm/Non-Sperm (934).bmp,val,2,-1.732534,-1.379389,2.988499
smids/Non-Sperm/Non-Sperm (953).bmp,val,2,-2.736776,0.307549,2.643972
smids/Non-Sperm/Non-Sperm (955).bmp,val,2,-3.729229,-2.301048,6.210197
smids/Non-Sperm/Non-Sperm (963).bmp,val,2,-4.009521,1.273556,2.470348
smids/Non-Sperm/Non-Sperm (964).bmp,val,2,-5.015505,1.106287,4.619786
smids/Non-Sperm/Non-Sperm (969).bmp,val,2,-1.723131,1.430089,0.759983
smids/Non-Sperm/Non-Sperm (972).bmp,val,2,-2.834776,-0.565447,3.318359
smids/Normal_Sperm/Normal_Sperm (1005).bmp,val,0,3.495000,2.171090,-5.539157
smids/Normal_Sperm/Normal_Sperm (1018).bmp,val,0,7.768999,0.961933,-9.606778
smids/Normal_Sperm/Normal_Sperm (106).bmp,val,0,2.836823,0.410285,-3.234818
smids/Normal_Sperm/Normal_Sperm (108).bmp,val,0,5.185239,-0.443115,-4.842846
smids/Normal_Sperm/Normal_Sperm (117).bmp,val,0,8.313052,0.208378,-8.903695
smids/Normal_Sperm/Normal_Sperm (133).bmp,val,0,1.441725,1.221974,-2.174877
smids/Normal_Sperm/Normal_Sperm (135).bmp,val,0,4.355178,2.498552,-7.287698
smids/Normal_Sperm/Normal_Sperm (141).bmp,val,0,3.612646,1.378327,-4.688812
smids/Normal_Sperm/Normal_Sperm (146).bmp,val,0,4.620200,1.958388,-6.725024
smids/Normal_Sperm/Normal_Sperm (152).bmp,val,0,0.694187,-1.296887,0.284368
smids/Normal_Sperm/Normal_Sperm (157).bmp,val,0,5.137624,0.788179,-6.356689
smids/Normal_Sperm/Normal_Sperm (168).bmp,val,0,6.295327,-0.609759,-6.367533
smids/Normal_Sperm/Normal_Sperm (174).bmp,val,0,5.410095,0.534444,-5.947216
smids/Normal_Sperm/Normal_Sperm (184).bmp,val,0,5.426050,1.866300,-7.286624
smids/Normal_Sperm/Normal_Sperm (189).bmp,val,0,5.395040,-0.998179,-5.128560
smids/Normal_Sperm/Normal_Sperm (195).bmp,val,0,5.247771,-0.888107,-4.359417
smids/Normal_Sperm/Normal_Sperm (201).bmp,val,0,1.074912,2.384149,-3.910327
smids/Normal_Sperm/Normal_Sperm (202).bmp,val,0,4.603479,0.866551,-5.544066
smids/Normal_Sperm/Normal_Sperm (204).bmp,val,0,3.541076,0.135279,-4.072584
smids/Normal_Sperm/Normal_Sperm (220).bmp,val,0,4.065308,0.949608,-5.026726
smids/Normal_Sperm/Normal_Sperm (239).bmp,val,0,4.152143,0.522498,-5.272428
smids/Normal_Sperm/Normal_Sperm (240).bmp,val,0,4.124019,-0.547929,-3.986138
smids/Normal_Sperm/Normal_Sperm (244).bmp,val,0,2.015487,1.920520,-4.113968
smids/Normal_Sperm/Normal_Sperm (249).bmp,val,0,2.585468,0.569059,-3.553513
smids/Normal_Sperm/Normal_Sperm (270).bmp,val,0,4.649715,0.100353,-4.689525
smids/Normal_Sperm/Normal_Sperm (272).bmp,val,0,6.550544,0.428292,-7.537474
smids/Normal_Sperm/Normal_Sperm (279).bmp,val,0,6.867988,0.805046,-8.503669
smids/Normal_Sperm/Normal_Sperm (305).bmp,val,0,5.659888,-0.261540,-5.505478
smids/Normal_Sperm/Normal_Sperm (31).bmp,val,0,0.762942,-2.782090,1.860144
smids/Normal_Sperm/Normal_Sperm (322).bmp,val,0,2.502805,-1.494753,-1.599901
smids/Normal_Sperm/Normal_Sperm (326).bmp,val,0,1.296066,2.360884,-3.623042
smids/Normal_Sperm/Normal_Sperm (328).bmp,val,0,2.404341,2.207329,-4.534726
smids/Normal_Sperm/Normal_Sperm (334).bmp,val,0,2.451347,-1.296565,-1.571468
smids/Normal_Sperm/Normal_Sperm (350).bmp,val,0,4.340565,2.011265,-7.211362
smids/Normal_Sperm/Normal_Sperm (351).bmp,val,0,1.753460,-0.447154,-1.245764
smids/Normal_Sperm/Normal_Sperm (360).bmp,val,0,4.179005,-0.496522,-3.704189
smids/Normal_Sperm/Normal_Sperm (375).bmp,val,0,3.603605,0.046764,-3.208361
smids/Normal_Sperm/Normal_Sperm (376).bmp,val,0,3.865655,-0.661691,-2.709999
smids/Normal_Sperm/Normal_Sperm (38).bmp,val,0,0.217050,-3.157158,2.986926
smids/Normal_Sperm/Normal_Sperm (391).bmp,val,0,1.717006,0.757459,-2.476485
smids/Normal_Sperm/Normal_Sperm (392).bmp,val,0,4.566155,0.739881,-5.511917
smids/Normal_Sperm/Normal_Sperm (395).bmp,val,0,2.859733,0.350681,-3.275495
smids/Normal_Sperm/Normal_Sperm (404).bmp,val,0,4.877597,2.100164,-7.728028
smids/Normal_Sperm/Normal_Sperm (406).bmp,val,0,3.511734,1.151814,-4.761184
smids/Normal_Sperm/Normal_Sperm (414).bmp,val,0,8.214449,1.076142,-9.968367
smids/Normal_Sperm/Normal_Sperm (418).bmp,val,0,4.831542,2.733500,-7.939497
smids/Normal_Sperm/Normal_Sperm (429).bmp,val,0,3.501453,-3.220714,-0.842702
smids/Normal_Sperm/Normal_Sperm (43).bmp,val,0,-0.463414,0.627855,-0.571190
smids/Normal_Sperm/Normal_Sperm (434).bmp,val,0,6.178056,-1.010302,-5.377486
smids/Normal_Sperm/Normal_Sperm (439).bmp,val,0,4.661102,2.067214,-7.030392
smids/Normal_Sperm/Normal_Sperm (444).bmp,val,0,4.019808,0.201227,-4.364588
smids/Normal_Sperm/Normal_Sperm (446).bmp,val,0,2.914099,-0.463491,-2.366318
smids/Normal_Sperm/Normal_Sperm (447).bmp,val,0,6.915061,0.696491,-7.739389
smids/Normal_Sperm/Normal_Sperm (458).bmp,val,0,4.534544,-0.385123,-4.981492
smids/Normal_Sperm/Normal_Sperm (472).bmp,val,0,4.082234,0.721432,-5.151010
smids/Normal_Sperm/Normal_Sperm (496).bmp,val,0,3.010573,-0.199063,-2.648572
smids/Normal_Sperm/Normal_Sperm (509).bmp,val,0,2.206918,0.741549,-2.836911
smids/Normal_Sperm/Normal_Sperm (515).bmp,val,0,6.449159,0.793637,-7.327731
smids/Normal_Sperm/Normal_Sperm (516).bmp,val,0,4.549771,1.379436,-6.642340
smids/Normal_Sperm/Normal_Sperm (523).bmp,val,0,2.392659,-0.156688,-2.547436
smids/Normal_Sperm/Normal_Sperm (534).bmp,val,0,0.406102,0.689308,-0.986869
smids/Normal_Sperm/Normal_Sperm (552).bmp,val,0,4.728073,-0.005715,-5.431112
smids/Normal_Sperm/Normal_Sperm (559).bmp,val,0,5.490191,-0.839972,-4.414635
smids/Normal_Sperm/Normal_Sperm (575).bmp,val,0,6.145734,1.248776,-7.860472
smids/Normal_Sperm/Normal_Sperm (582).bmp,val,0,8.199227,-0.419387,-8.145202
smids/Normal_Sperm/Normal_Sperm (583).bmp,val,0,5.676451,1.243303,-7.383383
smids/Normal_Sperm/Normal_Sperm (589).bmp,val,0,3.992551,1.885587,-6.259716
smids/Normal_Sperm/Normal_Sperm (6).bmp,val,0,4.237691,-0.924716,-3.609615
smids/Normal_Sperm/Normal_Sperm (604).bmp,val,0,2.085760,0.551233,-2.170041
smids/Normal_Sperm/Normal_Sperm (624).bmp,val,0,3.339305,1.687132,-5.203001
smids/Normal_Sperm/Normal_Sperm (625).bmp,val,0,4.839747,0.851568,-6.467952
smids/Normal_Sperm/Normal_Sperm (626).bmp,val,0,5.486122,2.329143,-8.150283
smids/Normal_Sperm/Normal_Sperm (643).bmp,val,0,6.118987,1.724926,-8.046583
smids/Normal_Sperm/Normal_Sperm (644).bmp,val,0,-0.167735,0.771639,-0.092437
smids/Normal_Sperm/Normal_Sperm (646).bmp,val,0,5.819298,1.386781,-7.599918
smids/Normal_Sperm/Normal_Sperm (66).bmp,val,0,6.280323,2.164947,-9.834148
smids/Normal_Sperm/Normal_Sperm (662).bmp,val,0,4.508155,-0.122220,-4.813024
smids/Normal_Sperm/Normal_Sperm (668).bmp,val,0,6.657711,-0.596163,-6.428879
smids/Normal_Sperm/Normal_Sperm (686).bmp,val,0,4.953020,2.068092,-7.265259
smids/Normal_Sperm/Normal_Sperm (694).bmp,val,0,3.769561,-0.195203,-3.654243
smids/Normal_Sperm/Normal_Sperm (7).bmp,val,0,6.258377,0.060997,-6.901824
smids/Normal_Sperm/Normal_Sperm (702).bmp,val,0,7.017101,1.713281,-9.175348
smids/Normal_Sperm/Normal_Sperm (713).bmp,val,0,1.118298,1.460863,-2.534661
smids/Normal_Sperm/Normal_Sperm (714).bmp,val,0,3.775792,1.054299,-4.397520
smids/Normal_Sperm/Normal_Sperm (724).bmp,val,0,6.133224,-0.981154,-5.624640
smids/Normal_Sperm/Normal_Sperm (726).bmp,val,0,4.676689,1.415408,-5.855229
smids/Normal_Sperm/Normal_Sperm (740).bmp,val,0,7.373555,0.822147,-8.527303
smids/Normal_Sperm/Normal_Sperm (750).bmp,val,0,4.794159,0.830713,-5.456060
smids/Normal_Sperm/Normal_Sperm (751).bmp,val,0,7.031024,-0.498714,-6.713378
smids/Normal_Sperm/Normal_Sperm (766).bmp,val,0,5.632231,1.342524,-7.453844
smids/Normal_Sperm/Normal_Sperm (771).bmp,val,0,1.223386,-0.089391,-0.790497
smids/Normal_Sperm/Normal_Sperm (776).bmp,val,0,5.714532,0.620122,-7.180888
smids/Normal_Sperm/Normal_Sperm (777).bmp,val,0,5.154242,1.770261,-7.853678
smids/Normal_Sperm/Normal_Sperm (781).bmp,val,0,7.876579,1.328944,-9.224201
smids/Normal_Sperm/Normal_Sperm (791).bmp,val,0,2.459807,2.525887,-4.701597
smids/Normal_Sperm/Normal_Sperm (797).bmp,val,0,4.112783,0.731610,-4.770582
smids/Normal_Sperm/Normal_Sperm (814).bmp,val,0,6.755108,-0.589346,-5.918321
smids/Normal_Sperm/Normal_Sperm (842).bmp,val,0,7.584974,0.894756,-8.661433
smids/Normal_Sperm/Normal_Sperm (843).bmp,val,0,3.024769,1.112529,-4.166265
smids/Normal_Sperm/Normal_Sperm (848).bmp,val,0,4.202975,0.672508,-4.899684
smids/Normal_Sperm/Normal_Sperm (851).bmp,val,0,-2.190824,2.991334,-0.569048
smids/Normal_Sperm/Normal_Sperm (852).bmp,val,0,4.012157,2.918106,-6.952086
smids/Normal_Sperm/Normal_Sperm (87).bmp,val,0,2.858234,1.007638,-3.959790
smids/Normal_Sperm/Normal_Sperm (88).bmp,val,0,1.846943,0.667341,-2.694972
smids/Normal_Sperm/Normal_Sperm (899).bmp,val,0,3.787782,1.297975,-5.242595
smids/Normal_Sperm/Normal_Sperm (920).bmp,val,0,3.482868,2.374471,-5.660615
smids/Normal_Sperm/Normal_Sperm (927).bmp,val,0,2.142705,4.026543,-6.211852
smids/Normal_Sperm/Normal_Sperm (931).bmp,val,0,2.146692,2.613200,-4.841307
smids/Normal_Sperm/Normal_Sperm (932).bmp,val,0,4.535408,1.664509,-6.382186
smids/Normal_Sperm/Normal_Sperm (94).bmp,val,0,4.687336,0.298014,-5.199921
smids/Normal_Sperm/Normal_Sperm (940).bmp,val,0,5.787778,2.689234,-8.994920
smids/Normal_Sperm/Normal_Sperm (943).bmp,val,0,5.201308,2.110766,-7.710407
smids/Normal_Sperm/Normal_Sperm (944).bmp,val,0,4.300202,2.215334,-6.766031
smids/Normal_Sperm/Normal_Sperm (955).bmp,val,0,1.257086,3.154595,-4.661362
smids/Normal_Sperm/Normal_Sperm (96).bmp,val,0,2.908497,-1.255244,-1.724872
smids/Normal_Sperm/Normal_Sperm (961).bmp,val,0,1.518963,2.504408,-3.522250
smids/Normal_Sperm/Normal_Sperm (97).bmp,val,0,3.379898,-2.734627,-1.569261
smids/Normal_Sperm/Normal_Sperm (980).bmp,val,0,2.146428,0.354579,-2.711268
smids/Normal_Sperm/Normal_Sperm (986).bmp,val,0,4.309099,0.532261,-4.979846
smids/Normal_Sperm/Normal_Sperm (988).bmp,val,0,2.607064,2.123653,-5.102656
smids/Abnormal_Sperm/Abnormal_Sperm (110).bmp,calib,1,-3.159587,2.465719,0.988788
smids/Abnormal_Sperm/Abnormal_Sperm (119).bmp,calib,1,2.946679,2.927118,-5.838652
smids/Abnormal_Sperm/Abnormal_Sperm (126).bmp,calib,1,-0.301412,4.201466,-3.754770
smids/Abnormal_Sperm/Abnormal_Sperm (128).bmp,calib,1,3.601433,3.166988,-6.344294
smids/Abnormal_Sperm/Abnormal_Sperm (133).bmp,calib,1,1.433888,4.784682,-5.656772
smids/Abnormal_Sperm/Abnormal_Sperm (135).bmp,calib,1,0.560688,5.119467,-5.570755
smids/Abnormal_Sperm/Abnormal_Sperm (152).bmp,calib,1,0.692514,4.517673,-5.317497
smids/Abnormal_Sperm/Abnormal_Sperm (159).bmp,calib,1,0.413726,5.198875,-5.747387
smids/Abnormal_Sperm/Abnormal_Sperm (174).bmp,calib,1,-1.828680,3.190496,-1.093234
smids/Abnormal_Sperm/Abnormal_Sperm (176).bmp,calib,1,2.216372,2.648612,-4.472879
smids/Abnormal_Sperm/Abnormal_Sperm (186).bmp,calib,1,0.859986,4.691423,-5.448634
smids/Abnormal_Sperm/Abnormal_Sperm (195).bmp,calib,1,-1.353803,2.058269,-0.351011
smids/Abnormal_Sperm/Abnormal_Sperm (199).bmp,calib,1,-0.131746,5.643321,-5.383397
smids/Abnormal_Sperm/Abnormal_Sperm (20).bmp,calib,1,-2.200929,0.227232,1.425985
smids/Abnormal_Sperm/Abnormal_Sperm (206).bmp,calib,1,0.751372,2.462457,-2.975168
smids/Abnormal_Sperm/Abnormal_Sperm (21).bmp,calib,1,-3.052223,2.542654,1.225464
smids/Abnormal_Sperm/Abnormal_Sperm (22).bmp,calib,1,0.052488,1.448645,-2.049560
smids/Abnormal_Sperm/Abnormal_Sperm (220).bmp,calib,1,0.125994,3.446516,-3.486903
smids/Abnormal_Sperm/Abnormal_Sperm (227).bmp,calib,1,0.887735,4.917891,-5.565830
smids/Abnormal_Sperm/Abnormal_Sperm (238).bmp,calib,1,0.758673,3.452382,-3.861650
smids/Abnormal_Sperm/Abnormal_Sperm (240).bmp,calib,1,-2.758125,3.598983,-0.785756
smids/Abnormal_Sperm/Abnormal_Sperm (241).bmp,calib,1,-1.533581,1.993258,-0.138303
smids/Abnormal_Sperm/Abnormal_Sperm (268).bmp,calib,1,-2.462575,4.044607,-1.391064
smids/Abnormal_Sperm/Abnormal_Sperm (286).bmp,calib,1,0.334279,0.229989,-0.669350
smids/Abnormal_Sperm/Abnormal_Sperm (289).bmp,calib,1,-0.064171,2.211190,-2.199684
smids/Abnormal_Sperm/Abnormal_Sperm (291).bmp,calib,1,3.994761,2.791886,-6.578415
smids/Abnormal_Sperm/Abnormal_Sperm (3).bmp,calib,1,-1.028106,2.394803,-0.782746
smids/Abnormal_Sperm/Abnormal_Sperm (310).bmp,calib,1,-1.639695,1.240033,0.451005
smids/Abnormal_Sperm/Abnormal_Sperm (314).bmp,calib,1,-4.105755,4.063554,0.462406
smids/Abnormal_Sperm/Abnormal_Sperm (332).bmp,calib,1,-2.867348,1.914212,2.128282
smids/Abnormal_Sperm/Abnormal_Sperm (334).bmp,calib,1,2.450968,1.283834,-3.462633
smids/Abnormal_Sperm/Abnormal_Sperm (339).bmp,calib,1,3.429694,3.618433,-6.468445
smids/Abnormal_Sperm/Abnormal_Sperm (345).bmp,calib,1,1.154368,4.272864,-5.321980
smids/Abnormal_Sperm/Abnormal_Sperm (346).bmp,calib,1,0.166873,3.779072,-3.822524
smids/Abnormal_Sperm/Abnormal_Sperm (355).bmp,calib,1,1.491579,3.704714,-5.147981
smids/Abnormal_Sperm/Abnormal_Sperm (357).bmp,calib,1,-0.829994,5.025577,-4.006999
smids/Abnormal_Sperm/Abnormal_Sperm (361).bmp,calib,1,2.368951,4.812838,-7.113162
smids/Abnormal_Sperm/Abnormal_Sperm (369).bmp,calib,1,1.255129,5.622435,-7.104251
smids/Abnormal_Sperm/Abnormal_Sperm (374).bmp,calib,1,-2.637993,6.637927,-3.760856
smids/Abnormal_Sperm/Abnormal_Sperm (375).bmp,calib,1,0.440256,4.438699,-4.737883
smids/Abnormal_Sperm/Abnormal_Sperm (387).bmp,calib,1,1.223642,4.186990,-5.804106
smids/Abnormal_Sperm/Abnormal_Sperm (391).bmp,calib,1,0.993977,4.416342,-5.516395
smids/Abnormal_Sperm/Abnormal_Sperm (409).bmp,calib,1,1.224617,2.089602,-3.465176
smids/Abnormal_Sperm/Abnormal_Sperm (41).bmp,calib,1,2.126371,0.869593,-2.424903
smids/Abnormal_Sperm/Abnormal_Sperm (411).bmp,calib,1,-2.578773,2.304529,0.252348
smids/Abnormal_Sperm/Abnormal_Sperm (425).bmp,calib,1,0.719596,2.903085,-3.621973
smids/Abnormal_Sperm/Abnormal_Sperm (435).bmp,calib,1,-0.309204,5.579421,-5.071604
smids/Abnormal_Sperm/Abnormal_Sperm (449).bmp,calib,1,-2.912304,5.480213,-2.487508
smids/Abnormal_Sperm/Abnormal_Sperm (451).bmp,calib,1,0.710895,4.931182,-5.459280
smids/Abnormal_Sperm/Abnormal_Sperm (454).bmp,calib,1,-1.882156,5.781389,-3.510838
smids/Abnormal_Sperm/Abnormal_Sperm (455).bmp,calib,1,-2.156066,3.242779,-0.361462
smids/Abnormal_Sperm/Abnormal_Sperm (462).bmp,calib,1,2.294693,1.840652,-4.418598
smids/Abnormal_Sperm/Abnormal_Sperm (467).bmp,calib,1,-3.317061,3.712432,0.166446
smids/Abnormal_Sperm/Abnormal_Sperm (473).bmp,calib,1,-0.960498,4.831140,-3.990828
smids/Abnormal_Sperm/Abnormal_Sperm (480).bmp,calib,1,3.304984,0.263645,-4.070720
smids/Abnormal_Sperm/Abnormal_Sperm (493).bmp,calib,1,-0.731401,3.776621,-2.918259
smids/Abnormal_Sperm/Abnormal_Sperm (498).bmp,calib,1,-0.436463,-1.346082,2.228810
smids/Abnormal_Sperm/Abnormal_Sperm (5).bmp,calib,1,1.111677,0.680825,-2.062260
smids/Abnormal_Sperm/Abnormal_Sperm (505).bmp,calib,1,-3.903972,1.693517,2.272079
smids/Abnormal_Sperm/Abnormal_Sperm (509).bmp,calib,1,-2.565973,3.024789,-0.576048
smids/Abnormal_Sperm/Abnormal_Sperm (511).bmp,calib,1,1.308395,2.090054,-3.381625
smids/Abnormal_Sperm/Abnormal_Sperm (522).bmp,calib,1,-0.179115,2.983346,-3.877972
smids/Abnormal_Sperm/Abnormal_Sperm (523).bmp,calib,1,-2.935033,1.648714,1.904045
smids/Abnormal_Sperm/Abnormal_Sperm (526).bmp,calib,1,-0.543957,1.791666,-0.967387
smids/Abnormal_Sperm/Abnormal_Sperm (540).bmp,calib,1,1.290820,3.332574,-4.471314
smids/Abnormal_Sperm/Abnormal_Sperm (543).bmp,calib,1,-1.581688,2.163014,0.036255
smids/Abnormal_Sperm/Abnormal_Sperm (55).bmp,calib,1,-2.134581,0.621623,1.678760
smids/Abnormal_Sperm/Abnormal_Sperm (552).bmp,calib,1,6.032359,0.904436,-7.007745
smids/Abnormal_Sperm/Abnormal_Sperm (559).bmp,calib,1,-3.286002,2.144718,1.451016
smids/Abnormal_Sperm/Abnormal_Sperm (56).bmp,calib,1,-4.089549,4.421324,-0.095568
smids/Abnormal_Sperm/Abnormal_Sperm (565).bmp,calib,1,2.179050,0.462389,-3.127051
smids/Abnormal_Sperm/Abnormal_Sperm (574).bmp,calib,1,-0.069998,3.012103,-2.585836
smids/Abnormal_Sperm/Abnormal_Sperm (576).bmp,calib,1,-4.077555,3.811641,0.642118
smids/Abnormal_Sperm/Abnormal_Sperm (579).bmp,calib,1,1.516280,2.624158,-3.661983
smids/Abnormal_Sperm/Abnormal_Sperm (581).bmp,calib,1,3.948881,1.846704,-6.235976
smids/Abnormal_Sperm/Abnormal_Sperm (589).bmp,calib,1,4.211242,0.839479,-5.457204
smids/Abnormal_Sperm/Abnormal_Sperm (597).bmp,calib,1,-0.284321,2.362061,-1.314433
smids/Abnormal_Sperm/Abnormal_Sperm (607).bmp,calib,1,1.005180,0.949444,-2.015387
smids/Abnormal_Sperm/Abnormal_Sperm (618).bmp,calib,1,-2.320638,5.177139,-2.533584
smids/Abnormal_Sperm/Abnormal_Sperm (62).bmp,calib,1,0.831913,4.187283,-4.920223
smids/Abnormal_Sperm/Abnormal_Sperm (623).bmp,calib,1,1.018762,4.584681,-5.364885
smids/Abnormal_Sperm/Abnormal_Sperm (626).bmp,calib,1,-0.092630,2.416797,-1.742122
smids/Abnormal_Sperm/Abnormal_Sperm (63).bmp,calib,1,-2.428646,4.358662,-2.094337
smids/Abnormal_Sperm/Abnormal_Sperm (634).bmp,calib,1,0.490305,4.234018,-4.355741
smids/Abnormal_Sperm/Abnormal_Sperm (635).bmp,calib,1,0.821950,2.597901,-3.502177
smids/Abnormal_Sperm/Abnormal_Sperm (636).bmp,calib,1,-1.735061,5.909564,-4.110163
smids/Abnormal_Sperm/Abnormal_Sperm (64).bmp,calib,1,-3.528689,2.947761,1.108894
smids/Abnormal_Sperm/Abnormal_Sperm (643).bmp,calib,1,0.443937,2.472276,-2.735524
smids/Abnormal_Sperm/Abnormal_Sperm (644).bmp,calib,1,-0.061745,2.550521,-2.233054
smids/Abnormal_Sperm/Abnormal_Sperm (652).bmp,calib,1,4.269439,3.183105,-7.831434
smids/Abnormal_Sperm/Abnormal_Sperm (654).bmp,calib,1,2.436837,2.407349,-4.904144
smids/Abnormal_Sperm/Abnormal_Sperm (658).bmp,calib,1,1.768074,2.381069,-4.213790
smids/Abnormal_Sperm/Abnormal_Sperm (663).bmp,calib,1,0.531993,4.784764,-5.981267
smids/Abnormal_Sperm/Abnormal_Sperm (666).bmp,calib,1,0.592393,0.445254,-1.055672
smids/Abnormal_Sperm/Abnormal_Sperm (67).bmp,calib,1,-3.980405,3.389323,0.908456
smids/Abnormal_Sperm/Abnormal_Sperm (680).bmp,calib,1,-2.008796,2.004068,0.422653
smids/Abnormal_Sperm/Abnormal_Sperm (686).bmp,calib,1,1.737999,2.378199,-4.306367
smids/Abnormal_Sperm/Abnormal_Sperm (697).bmp,calib,1,-0.108556,2.286386,-1.999799
smids/Abnormal_Sperm/Abnormal_Sperm (699).bmp,calib,1,-1.637613,4.382566,-2.484259
smids/Abnormal_Sperm/Abnormal_Sperm (700).bmp,calib,1,1.336428,2.930698,-4.052518
smids/Abnormal_Sperm/Abnormal_Sperm (707).bmp,calib,1,-0.028991,3.888464,-3.777675
smids/Abnormal_Sperm/Abnormal_Sperm (710).bmp,calib,1,0.163963,4.147253,-4.014209
smids/Abnormal_Sperm/Abnormal_Sperm (720).bmp,calib,1,2.299338,2.655179,-5.255748
smids/Abnormal_Sperm/Abnormal_Sperm (742).bmp,calib,1,2.761693,3.423627,-5.806900
smids/Abnormal_Sperm/Abnormal_Sperm (744).bmp,calib,1,2.909750,2.506449,-5.915415
smids/Abnormal_Sperm/Abnormal_Sperm (756).bmp,calib,1,1.316861,2.522101,-3.341539
smids/Abnormal_Sperm/Abnormal_Sperm (758).bmp,calib,1,0.139910,3.159988,-2.984463
smids/Abnormal_Sperm/Abnormal_Sperm (76).bmp,calib,1,-0.283769,0.250586,0.179380
smids/Abnormal_Sperm/Abnormal_Sperm (762).bmp,calib,1,1.295563,2.861129,-4.155167
smids/Abnormal_Sperm/Abnormal_Sperm (77).bmp,calib,1,-0.603192,3.085504,-1.958829
smids/Abnormal_Sperm/Abnormal_Sperm (774).bmp,calib,1,4.751156,-0.478528,-4.788736
smids/Abnormal_Sperm/Abnormal_Sperm (775).bmp,calib,1,0.832087,4.063070,-5.675511
smids/Abnormal_Sperm/Abnormal_Sperm (781).bmp,calib,1,3.814718,-0.027582,-4.353977
smids/Abnormal_Sperm/Abnormal_Sperm (787).bmp,calib,1,3.344703,0.754654,-3.780097
smids/Abnormal_Sperm/Abnormal_Sperm (798).bmp,calib,1,0.309064,3.467747,-3.282467
smids/Abnormal_Sperm/Abnormal_Sperm (799).bmp,calib,1,3.092195,2.141603,-5.138615
smids/Abnormal_Sperm/Abnormal_Sperm (802).bmp,calib,1,-0.015308,2.596941,-2.410952
smids/Abnormal_Sperm/Abnormal_Sperm (805).bmp,calib,1,0.852137,2.409154,-3.007209
smids/Abnormal_Sperm/Abnormal_Sperm (815).bmp,calib,1,4.426455,0.889403,-5.604928
smids/Abnormal_Sperm/Abnormal_Sperm (82).bmp,calib,1,2.186078,5.057805,-7.864875
smids/Abnormal_Sperm/Abnormal_Sperm (825).bmp,calib,1,-0.606371,4.373048,-3.810510
smids/Abnormal_Sperm/Abnormal_Sperm (834).bmp,calib,1,3.256886,2.177283,-5.264077
smids/Abnormal_Sperm/Abnormal_Sperm (843).bmp,calib,1,3.640905,1.961325,-5.283548
smids/Abnormal_Sperm/Abnormal_Sperm (848).bmp,calib,1,1.851869,1.031521,-2.856745
smids/Abnormal_Sperm/Abnormal_Sperm (852).bmp,calib,1,4.483175,1.527456,-6.411863
smids/Abnormal_Sperm/Abnormal_Sperm (853).bmp,calib,1,1.974363,4.856986,-7.292769
smids/Abnormal_Sperm/Abnormal_Sperm (854).bmp,calib,1,3.983881,3.207738,-7.342984
smids/Abnormal_Sperm/Abnormal_Sperm (865).bmp,calib,1,3.098480,2.284241,-5.497526
smids/Abnormal_Sperm/Abnormal_Sperm (868).bmp,calib,1,2.549894,1.138895,-3.792937
smids/Abnormal_Sperm/Abnormal_Sperm (873).bmp,calib,1,3.928347,3.345273,-7.264493
smids/Abnormal_Sperm/Abnormal_Sperm (898).bmp,calib,1,2.813446,3.324918,-5.637464
smids/Abnormal_Sperm/Abnormal_Sperm (905).bmp,calib,1,3.395351,2.822265,-5.868541
smids/Abnormal_Sperm/Abnormal_Sperm (906).bmp,calib,1,2.746038,1.757185,-4.387258
smids/Abnormal_Sperm/Abnormal_Sperm (910).bmp,calib,1,0.857549,0.151377,-1.103762
smids/Abnormal_Sperm/Abnormal_Sperm (916).bmp,calib,1,-1.130207,3.765754,-2.582807
smids/Abnormal_Sperm/Abnormal_Sperm (917).bmp,calib,1,-1.152286,-0.433337,1.776510
smids/Abnormal_Sperm/Abnormal_Sperm (918).bmp,calib,1,3.280066,2.065869,-5.427444
smids/Abnormal_Sperm/Abnormal_Sperm (92).bmp,calib,1,-1.625974,1.580570,0.483582
smids/Abnormal_Sperm/Abnormal_Sperm (928).bmp,calib,1,1.964542,4.617105,-7.302936
smids/Abnormal_Sperm/Abnormal_Sperm (930).bmp,calib,1,4.060492,1.543683,-5.401658
smids/Abnormal_Sperm/Abnormal_Sperm (934).bmp,calib,1,3.291367,1.959763,-5.405612
smids/Abnormal_Sperm/Abnormal_Sperm (948).bmp,calib,1,3.990255,0.980900,-4.891827
smids/Abnormal_Sperm/Abnormal_Sperm (950).bmp,calib,1,2.841017,1.880044,-4.791665
smids/Abnormal_Sperm/Abnormal_Sperm (951).bmp,calib,1,1.305599,2.470991,-3.978034
smids/Abnormal_Sperm/Abnormal_Sperm (954).bmp,calib,1,3.469870,2.741757,-5.775951
smids/Abnormal_Sperm/Abnormal_Sperm (958).bmp,calib,1,-2.296729,3.380672,-0.850453
smids/Abnormal_Sperm/Abnormal_Sperm (959).bmp,calib,1,1.947907,4.039618,-6.023638
smids/Abnormal_Sperm/Abnormal_Sperm (962).bmp,calib,1,-4.184195,3.293502,1.273414
smids/Abnormal_Sperm/Abnormal_Sperm (967).bmp,calib,1,-3.922476,7.201630,-2.564241
smids/Abnormal_Sperm/Abnormal_Sperm (97).bmp,calib,1,-1.147872,4.505866,-3.459369
smids/Abnormal_Sperm/Abnormal_Sperm (971).bmp,calib,1,-1.126251,4.581882,-3.356269
smids/Abnormal_Sperm/Abnormal_Sperm (974).bmp,calib,1,-1.688348,3.661973,-1.836012
smids/Abnormal_Sperm/Abnormal_Sperm (981).bmp,calib,1,-0.656192,3.049655,-2.652414
smids/Abnormal_Sperm/Abnormal_Sperm (989).bmp,calib,1,-1.368520,4.002496,-2.661822
smids/Abnormal_Sperm/Abnormal_Sperm (990).bmp,calib,1,-2.221910,5.595135,-3.032161
smids/Non-Sperm/Non-Sperm (1).bmp,calib,2,-3.149776,-0.392666,4.490860
smids/Non-Sperm/Non-Sperm (101).bmp,calib,2,-4.812992,-3.285043,7.969963
smids/Non-Sperm/Non-Sperm (116).bmp,calib,2,-4.174231,-6.318534,10.608849
smids/Non-Sperm/Non-Sperm (120).bmp,calib,2,-5.391706,-5.680104,10.797501
smids/Non-Sperm/Non-Sperm (121).bmp,calib,2,-7.077332,-6.284040,13.353397
smids/Non-Sperm/Non-Sperm (123).bmp,calib,2,-3.959444,-0.470021,4.425610
smids/Non-Sperm/Non-Sperm (125).bmp,calib,2,-4.875216,-2.524598,7.106088
smids/Non-Sperm/Non-Sperm (127).bmp,calib,2,-5.219167,-2.817205,8.631033
smids/Non-Sperm/Non-Sperm (128).bmp,calib,2,-5.026746,-0.450927,6.002126
smids/Non-Sperm/Non-Sperm (13).bmp,calib,2,-5.936953,-1.747706,8.082253
smids/Non-Sperm/Non-Sperm (131).bmp,calib,2,-2.495003,-6.705255,8.436951
smids/Non-Sperm/Non-Sperm (134).bmp,calib,2,-6.038782,-4.059826,9.774971
smids/Non-Sperm/Non-Sperm (138).bmp,calib,2,-2.796139,-4.109190,6.261150
smids/Non-Sperm/Non-Sperm (142).bmp,calib,2,-3.485031,-4.580150,8.048645
smids/Non-Sperm/Non-Sperm (144).bmp,calib,2,-4.024463,-7.457679,11.004778
smids/Non-Sperm/Non-Sperm (148).bmp,calib,2,-2.637518,-5.809677,7.829238
smids/Non-Sperm/Non-Sperm (151).bmp,calib,2,-1.174657,-2.800004,3.212655
smids/Non-Sperm/Non-Sperm (16).bmp,calib,2,-5.185863,-1.913145,6.687022
smids/Non-Sperm/Non-Sperm (163).bmp,calib,2,-1.816017,1.099510,0.905492
smids/Non-Sperm/Non-Sperm (165).bmp,calib,2,-2.661880,-3.453950,5.261747
smids/Non-Sperm/Non-Sperm (168).bmp,calib,2,-4.222792,-5.258535,8.806541
smids/Non-Sperm/Non-Sperm (179).bmp,calib,2,-4.224280,-4.976433,8.606701
smids/Non-Sperm/Non-Sperm (188).bmp,calib,2,-2.749225,-3.961129,5.796867
smids/Non-Sperm/Non-Sperm (195).bmp,calib,2,-0.664453,1.672133,-1.147223
smids/Non-Sperm/Non-Sperm (197).bmp,calib,2,-2.384387,1.005867,2.279345
smids/Non-Sperm/Non-Sperm (213).bmp,calib,2,-5.233919,-4.847576,9.296785
smids/Non-Sperm/Non-Sperm (214).bmp,calib,2,-3.867587,-5.351912,8.722418
smids/Non-Sperm/Non-Sperm (22).bmp,calib,2,-2.862736,1.841433,1.708193
smids/Non-Sperm/Non-Sperm (220).bmp,calib,2,-3.089833,-3.481360,6.830383
smids/Non-Sperm/Non-Sperm (237).bmp,calib,2,-3.707276,-5.380888,8.653766
smids/Non-Sperm/Non-Sperm (240).bmp,calib,2,-3.627084,-6.532208,9.362272
smids/Non-Sperm/Non-Sperm (242).bmp,calib,2,-2.709174,-2.645170,5.252827
smids/Non-Sperm/Non-Sperm (248).bmp,calib,2,-2.632469,-5.767493,7.641096
smids/Non-Sperm/Non-Sperm (250).bmp,calib,2,-3.136972,-5.658729,7.781394
smids/Non-Sperm/Non-Sperm (255).bmp,calib,2,-3.400161,-5.708494,8.366198
smids/Non-Sperm/Non-Sperm (268).bmp,calib,2,-3.149971,-6.525463,9.240164
smids/Non-Sperm/Non-Sperm (271).bmp,calib,2,-2.423681,-5.633034,7.360288
smids/Non-Sperm/Non-Sperm (275).bmp,calib,2,-1.650526,-5.743949,7.036155
smids/Non-Sperm/Non-Sperm (291).bmp,calib,2,-0.205665,-2.382365,2.335088
smids/Non-Sperm/Non-Sperm (292).bmp,calib,2,-3.751697,-6.488151,9.273380
smids/Non-Sperm/Non-Sperm (294).bmp,calib,2,-3.971042,-6.402040,9.735274
smids/Non-Sperm/Non-Sperm (296).bmp,calib,2,-3.737842,-4.698465,7.572592
smids/Non-Sperm/Non-Sperm (299).bmp,calib,2,-2.977308,-3.169312,5.862358
smids/Non-Sperm/Non-Sperm (302).bmp,calib,2,-3.348130,-6.604562,9.341767
smids/Non-Sperm/Non-Sperm (316).bmp,calib,2,-3.049004,-4.943247,7.956260
smids/Non-Sperm/Non-Sperm (317).bmp,calib,2,-3.308424,-5.214152,8.834408
smids/Non-Sperm/Non-Sperm (318).bmp,calib,2,-1.637817,-6.182708,7.933061
smids/Non-Sperm/Non-Sperm (319).bmp,calib,2,-4.332723,-4.367222,8.265993
smids/Non-Sperm/Non-Sperm (330).bmp,calib,2,-4.683752,0.231832,4.688113
smids/Non-Sperm/Non-Sperm (346).bmp,calib,2,-1.279387,-6.047503,7.008555
smids/Non-Sperm/Non-Sperm (35).bmp,calib,2,-0.588470,0.596721,0.393921
smids/Non-Sperm/Non-Sperm (352).bmp,calib,2,-4.825941,-7.664854,12.366102
smids/Non-Sperm/Non-Sperm (355).bmp,calib,2,-4.073076,3.290635,0.932115
smids/Non-Sperm/Non-Sperm (36).bmp,calib,2,-0.596380,0.234618,0.657878
smids/Non-Sperm/Non-Sperm (366).bmp,calib,2,-2.446245,-3.676341,6.347436
smids/Non-Sperm/Non-Sperm (368).bmp,calib,2,-6.247151,0.179565,6.687798
smids/Non-Sperm/Non-Sperm (374).bmp,calib,2,-2.201787,1.806790,0.098996
smids/Non-Sperm/Non-Sperm (389).bmp,calib,2,-3.901446,-4.801609,8.424347
smids/Non-Sperm/Non-Sperm (395).bmp,calib,2,-2.428813,-1.465706,4.075353
smids/Non-Sperm/Non-Sperm (40).bmp,calib,2,-3.415438,-0.475078,3.980642
smids/Non-Sperm/Non-Sperm (406).bmp,calib,2,-2.838010,-2.697923,5.110388
smids/Non-Sperm/Non-Sperm (416).bmp,calib,2,-1.569249,-0.097492,1.886282
smids/Non-Sperm/Non-Sperm (426).bmp,calib,2,-1.755606,-0.218543,2.927916
smids/Non-Sperm/Non-Sperm (429).bmp,calib,2,-4.239538,-3.815711,8.625741
smids/Non-Sperm/Non-Sperm (435).bmp,calib,2,-3.172064,-3.255614,6.018990
smids/Non-Sperm/Non-Sperm (440).bmp,calib,2,-0.670358,-2.315147,2.717968
smids/Non-Sperm/Non-Sperm (442).bmp,calib,2,-5.112344,-4.210649,8.578212
smids/Non-Sperm/Non-Sperm (446).bmp,calib,2,-3.503207,-5.102204,8.352749
smids/Non-Sperm/Non-Sperm (454).bmp,calib,2,-3.122231,-2.924713,5.863637
smids/Non-Sperm/Non-Sperm (456).bmp,calib,2,-2.707322,1.643137,0.890722
smids/Non-Sperm/Non-Sperm (464).bmp,calib,2,-3.955403,-5.933817,8.960039
smids/Non-Sperm/Non-Sperm (465).bmp,calib,2,-3.101827,-4.668575,7.196010
smids/Non-Sperm/Non-Sperm (490).bmp,calib,2,-2.546682,-2.211643,4.461763
smids/Non-Sperm/Non-Sperm (493).bmp,calib,2,-2.199115,-4.048661,5.738130
smids/Non-Sperm/Non-Sperm (495).bmp,calib,2,-3.168447,-3.764990,6.784660
smids/Non-Sperm/Non-Sperm (50).bmp,calib,2,-5.969054,0.676926,5.371975
smids/Non-Sperm/Non-Sperm (510).bmp,calib,2,-4.892766,-5.963255,10.149233
smids/Non-Sperm/Non-Sperm (519).bmp,calib,2,-4.193726,-5.296349,9.032370
smids/Non-Sperm/Non-Sperm (52).bmp,calib,2,-3.488003,-1.934477,5.819262
smids/Non-Sperm/Non-Sperm (522).bmp,calib,2,-1.245186,-1.858932,3.408635
smids/Non-Sperm/Non-Sperm (523).bmp,calib,2,-2.329268,-2.539272,4.125877
smids/Non-Sperm/Non-Sperm (527).bmp,calib,2,-3.005237,-2.525549,5.400898
smids/Non-Sperm/Non-Sperm (528).bmp,calib,2,-4.441617,0.604690,4.515163
smids/Non-Sperm/Non-Sperm (532).bmp,calib,2,-4.535354,-4.714169,9.341778
smids/Non-Sperm/Non-Sperm (535).bmp,calib,2,-2.647429,-5.574029,7.618753
smids/Non-Sperm/Non-Sperm (539).bmp,calib,2,-5.074160,-6.194135,10.878242
smids/Non-Sperm/Non-Sperm (542).bmp,calib,2,-3.045836,1.485703,1.725222
smids/Non-Sperm/Non-Sperm (544).bmp,calib,2,-5.867589,-7.531300,12.691024
smids/Non-Sperm/Non-Sperm (545).bmp,calib,2,-2.279876,-4.756887,5.631516
smids/Non-Sperm/Non-Sperm (562).bmp,calib,2,-1.744498,-4.010951,5.390399
smids/Non-Sperm/Non-Sperm (564).bmp,calib,2,-3.950320,-0.599283,4.983097
smids/Non-Sperm/Non-Sperm (566).bmp,calib,2,-2.486618,-2.880405,5.438959
smids/Non-Sperm/Non-Sperm (575).bmp,calib,2,-3.928590,-5.197316,8.499006
smids/Non-Sperm/Non-Sperm (578).bmp,calib,2,-3.285286,-5.142459,7.570814
smids/Non-Sperm/Non-Sperm (596).bmp,calib,2,-4.689169,-5.119570,10.075096
smids/Non-Sperm/Non-Sperm (599).bmp,calib,2,-3.766737,-3.503839,7.870336
smids/Non-Sperm/Non-Sperm (605).bmp,calib,2,-5.192894,-2.128369,6.966319
smids/Non-Sperm/Non-Sperm (608).bmp,calib,2,-3.563706,-0.746279,4.956381
smids/Non-Sperm/Non-Sperm (611).bmp,calib,2,-3.024507,-3.935203,6.282585
smids/Non-Sperm/Non-Sperm (613).bmp,calib,2,-3.687601,-4.354254,7.513783
smids/Non-Sperm/Non-Sperm (625).bmp,calib,2,-4.912727,-6.574522,10.990059
smids/Non-Sperm/Non-Sperm (637).bmp,calib,2,-4.138343,-0.947894,5.075883
smids/Non-Sperm/Non-Sperm (641).bmp,calib,2,-3.228240,-5.201499,7.490533
smids/Non-Sperm/Non-Sperm (658).bmp,calib,2,-5.425975,-3.220773,8.915947
smids/Non-Sperm/Non-Sperm (671).bmp,calib,2,-2.571552,-5.776141,7.770088
smids/Non-Sperm/Non-Sperm (676).bmp,calib,2,-3.324148,1.409838,2.441761
smids/Non-Sperm/Non-Sperm (689).bmp,calib,2,-1.177135,-3.006888,3.468528
smids/Non-Sperm/Non-Sperm (69).bmp,calib,2,-2.553549,-0.085995,2.888971
smids/Non-Sperm/Non-Sperm (693).bmp,calib,2,-2.803898,1.114712,1.993323
smids/Non-Sperm/Non-Sperm (70).bmp,calib,2,-2.848111,2.256697,1.008914
smids/Non-Sperm/Non-Sperm (707).bmp,calib,2,-2.096383,-6.588078,8.008356
smids/Non-Sperm/Non-Sperm (71).bmp,calib,2,-1.738741,0.729483,1.321869
smids/Non-Sperm/Non-Sperm (712).bmp,calib,2,-2.769196,-4.693479,7.601627
smids/Non-Sperm/Non-Sperm (714).bmp,calib,2,-2.997466,-0.997194,4.045838
smids/Non-Sperm/Non-Sperm (72).bmp,calib,2,-3.697041,-0.596374,4.277997
smids/Non-Sperm/Non-Sperm (728).bmp,calib,2,-3.924452,-4.913293,8.850430
smids/Non-Sperm/Non-Sperm (753).bmp,calib,2,1.223251,0.199218,-1.024567
smids/Non-Sperm/Non-Sperm (760).bmp,calib,2,-2.438922,-6.123681,8.192866
smids/Non-Sperm/Non-Sperm (764).bmp,calib,2,1.003169,-2.437503,0.790621
smids/Non-Sperm/Non-Sperm (765).bmp,calib,2,-1.279833,-4.233591,5.106900
smids/Non-Sperm/Non-Sperm (771).bmp,calib,2,-3.002507,-6.014146,8.631716
smids/Non-Sperm/Non-Sperm (796).bmp,calib,2,-1.119203,-4.750373,5.215304
smids/Non-Sperm/Non-Sperm (797).bmp,calib,2,-2.683517,-8.121286,9.587956
smids/Non-Sperm/Non-Sperm (802).bmp,calib,2,-2.820738,-3.799220,6.378125
smids/Non-Sperm/Non-Sperm (811).bmp,calib,2,-3.177285,-5.036178,7.947893
smids/Non-Sperm/Non-Sperm (816).bmp,calib,2,-1.238984,-5.411663,6.483954
smids/Non-Sperm/Non-Sperm (819).bmp,calib,2,1.043712,-3.342070,2.015832
smids/Non-Sperm/Non-Sperm (826).bmp,calib,2,-2.434648,-1.669800,4.431901
smids/Non-Sperm/Non-Sperm (834).bmp,calib,2,1.684017,0.248146,-2.199512
smids/Non-Sperm/Non-Sperm (835).bmp,calib,2,-3.110612,-5.837025,8.119581
smids/Non-Sperm/Non-Sperm (838).bmp,calib,2,-2.678917,-1.786281,4.369924
smids/Non-Sperm/Non-Sperm (848).bmp,calib,2,-4.018081,-5.044722,9.053532
smids/Non-Sperm/Non-Sperm (855).bmp,calib,2,-2.614058,-2.264191,5.377754
smids/Non-Sperm/Non-Sperm (856).bmp,calib,2,-0.285920,1.330927,-1.195616
smids/Non-Sperm/Non-Sperm (862).bmp,calib,2,-3.931906,-0.712831,4.868550
smids/Non-Sperm/Non-Sperm (863).bmp,calib,2,-4.007440,-3.391281,7.643431
smids/Non-Sperm/Non-Sperm (866).bmp,calib,2,-1.012650,-1.036786,2.037890
smids/Non-Sperm/Non-Sperm (868).bmp,calib,2,-3.763828,-2.880534,6.711807
smids/Non-Sperm/Non-Sperm (874).bmp,calib,2,-3.934915,-0.520029,5.007366
smids/Non-Sperm/Non-Sperm (875).bmp,calib,2,-4.433039,-3.448064,8.193790
smids/Non-Sperm/Non-Sperm (882).bmp,calib,2,-2.885476,-3.397085,6.128704
smids/Non-Sperm/Non-Sperm (9).bmp,calib,2,-5.591829,0.803731,5.241631
smids/Non-Sperm/Non-Sperm (90).bmp,calib,2,-4.112525,-5.905037,9.488708
smids/Non-Sperm/Non-Sperm (903).bmp,calib,2,-2.764284,0.694641,2.780142
smids/Non-Sperm/Non-Sperm (907).bmp,calib,2,-2.683224,-0.144609,3.599569
smids/Non-Sperm/Non-Sperm (91).bmp,calib,2,-3.298906,-2.839832,6.291172
smids/Non-Sperm/Non-Sperm (911).bmp,calib,2,-2.903653,4.557462,-1.691832
smids/Non-Sperm/Non-Sperm (92).bmp,calib,2,-1.628381,-1.246523,2.853247
smids/Non-Sperm/Non-Sperm (929).bmp,calib,2,-3.266548,1.005168,2.793291
smids/Non-Sperm/Non-Sperm (941).bmp,calib,2,-2.854468,-2.986714,5.814070
smids/Non-Sperm/Non-Sperm (942).bmp,calib,2,-0.760164,1.452883,-0.177748
smids/Non-Sperm/Non-Sperm (945).bmp,calib,2,2.066988,-0.706367,-1.218742
smids/Non-Sperm/Non-Sperm (954).bmp,calib,2,-3.544724,-1.640237,4.997515
smids/Non-Sperm/Non-Sperm (961).bmp,calib,2,-5.177403,1.961255,3.092800
smids/Non-Sperm/Non-Sperm (962).bmp,calib,2,-0.614883,1.145236,-0.488222
smids/Non-Sperm/Non-Sperm (966).bmp,calib,2,1.852789,0.323368,-2.250296
smids/Normal_Sperm/Normal_Sperm (100).bmp,calib,0,3.299882,-1.309547,-2.227960
smids/Normal_Sperm/Normal_Sperm (1000).bmp,calib,0,4.439751,0.306687,-4.803820
smids/Normal_Sperm/Normal_Sperm (1008).bmp,calib,0,4.617801,-1.696816,-3.637732
smids/Normal_Sperm/Normal_Sperm (1011).bmp,calib,0,4.034943,0.851175,-5.160542
smids/Normal_Sperm/Normal_Sperm (1016).bmp,calib,0,2.523694,-0.232110,-2.339723
smids/Normal_Sperm/Normal_Sperm (1021).bmp,calib,0,3.945322,0.239064,-3.892952
smids/Normal_Sperm/Normal_Sperm (105).bmp,calib,0,5.561056,-1.254347,-4.883855
smids/Normal_Sperm/Normal_Sperm (114).bmp,calib,0,3.947829,3.035119,-7.814569
smids/Normal_Sperm/Normal_Sperm (115).bmp,calib,0,2.432384,0.048301,-2.620415
smids/Normal_Sperm/Normal_Sperm (116).bmp,calib,0,2.879479,0.395414,-4.271503
smids/Normal_Sperm/Normal_Sperm (118).bmp,calib,0,-0.890791,0.118476,1.005157
smids/Normal_Sperm/Normal_Sperm (122).bmp,calib,0,5.146202,2.272886,-7.735771
smids/Normal_Sperm/Normal_Sperm (126).bmp,calib,0,4.095247,3.413755,-7.434463
smids/Normal_Sperm/Normal_Sperm (132).bmp,calib,0,2.544351,1.118161,-3.335704
smids/Normal_Sperm/Normal_Sperm (136).bmp,calib,0,3.331553,2.572292,-5.913502
smids/Normal_Sperm/Normal_Sperm (140).bmp,calib,0,4.606579,1.719849,-6.289306
smids/Normal_Sperm/Normal_Sperm (147).bmp,calib,0,5.403426,1.994656,-7.652403
smids/Normal_Sperm/Normal_Sperm (148).bmp,calib,0,3.948647,1.053073,-5.506111
smids/Normal_Sperm/Normal_Sperm (150).bmp,calib,0,3.179649,2.264170,-5.524091
smids/Normal_Sperm/Normal_Sperm (154).bmp,calib,0,5.016044,0.560382,-5.652145
smids/Normal_Sperm/Normal_Sperm (170).bmp,calib,0,5.060994,-0.001354,-5.277559
smids/Normal_Sperm/Normal_Sperm (171).bmp,calib,0,4.111870,0.596214,-4.402162
smids/Normal_Sperm/Normal_Sperm (175).bmp,calib,0,5.130095,0.265383,-5.257043
smids/Normal_Sperm/Normal_Sperm (178).bmp,calib,0,5.126804,-1.010253,-4.903013
smids/Normal_Sperm/Normal_Sperm (181).bmp,calib,0,3.668504,2.971118,-6.499508
smids/Normal_Sperm/Normal_Sperm (187).bmp,calib,0,3.356205,0.815506,-4.533063
smids/Normal_Sperm/Normal_Sperm (190).bmp,calib,0,6.002436,1.754266,-8.251496
smids/Normal_Sperm/Normal_Sperm (198).bmp,calib,0,4.785525,0.720942,-6.444231
smids/Normal_Sperm/Normal_Sperm (206).bmp,calib,0,5.567247,-1.026546,-5.189688
smids/Normal_Sperm/Normal_Sperm (21).bmp,calib,0,6.272151,-0.253800,-5.800732
smids/Normal_Sperm/Normal_Sperm (22).bmp,calib,0,2.679142,-1.318101,-1.533256
smids/Normal_Sperm/Normal_Sperm (225).bmp,calib,0,2.849063,1.563512,-4.758001
smids/Normal_Sperm/Normal_Sperm (233).bmp,calib,0,5.720093,0.997971,-6.911391
smids/Normal_Sperm/Normal_Sperm (234).bmp,calib,0,3.115907,-0.557644,-2.503507
smids/Normal_Sperm/Normal_Sperm (235).bmp,calib,0,4.363925,0.817217,-5.933732
smids/Normal_Sperm/Normal_Sperm (238).bmp,calib,0,3.201560,4.578625,-7.695078
smids/Normal_Sperm/Normal_Sperm (247).bmp,calib,0,4.951912,2.525624,-7.656219
smids/Normal_Sperm/Normal_Sperm (251).bmp,calib,0,5.284234,0.533723,-6.647209
smids/Normal_Sperm/Normal_Sperm (261).bmp,calib,0,4.701457,0.814831,-5.975984
smids/Normal_Sperm/Normal_Sperm (264).bmp,calib,0,2.184715,0.895569,-3.192495
smids/Normal_Sperm/Normal_Sperm (265).bmp,calib,0,3.055017,1.033507,-4.007868
smids/Normal_Sperm/Normal_Sperm (274).bmp,calib,0,3.213242,-0.783794,-2.751529
smids/Normal_Sperm/Normal_Sperm (281).bmp,calib,0,4.068403,-0.315498,-3.680370
smids/Normal_Sperm/Normal_Sperm (285).bmp,calib,0,4.071696,0.289300,-4.736906
smids/Normal_Sperm/Normal_Sperm (289).bmp,calib,0,4.757654,0.078658,-4.707885
smids/Normal_Sperm/Normal_Sperm (295).bmp,calib,0,4.097086,1.148993,-5.561656
smids/Normal_Sperm/Normal_Sperm (3).bmp,calib,0,0.254629,5.119976,-5.401824
smids/Normal_Sperm/Normal_Sperm (301).bmp,calib,0,4.453779,-0.525532,-4.327520
smids/Normal_Sperm/Normal_Sperm (337).bmp,calib,0,2.094284,-1.358367,-0.906425
smids/Normal_Sperm/Normal_Sperm (35).bmp,calib,0,2.233138,-0.117364,-2.388684
smids/Normal_Sperm/Normal_Sperm (353).bmp,calib,0,1.791777,4.506230,-6.352745
smids/Normal_Sperm/Normal_Sperm (355).bmp,calib,0,3.320241,1.547718,-5.251230
smids/Normal_Sperm/Normal_Sperm (365).bmp,calib,0,5.964756,-0.456999,-5.628914
smids/Normal_Sperm/Normal_Sperm (368).bmp,calib,0,1.585889,-0.166340,-1.828111
smids/Normal_Sperm/Normal_Sperm (370).bmp,calib,0,5.886820,0.028210,-6.017444
smids/Normal_Sperm/Normal_Sperm (374).bmp,calib,0,4.959170,0.904052,-5.787734
smids/Normal_Sperm/Normal_Sperm (390).bmp,calib,0,2.305271,1.535579,-3.855505
smids/Normal_Sperm/Normal_Sperm (394).bmp,calib,0,5.481259,1.311509,-6.757586
smids/Normal_Sperm/Normal_Sperm (401).bmp,calib,0,3.977866,-0.213328,-3.774148
smids/Normal_Sperm/Normal_Sperm (41).bmp,calib,0,2.489552,-3.996136,0.508958
smids/Normal_Sperm/Normal_Sperm (415).bmp,calib,0,4.336782,1.213693,-5.461904
smids/Normal_Sperm/Normal_Sperm (416).bmp,calib,0,5.714177,1.605814,-7.641094
smids/Normal_Sperm/Normal_Sperm (42).bmp,calib,0,2.391659,0.327128,-2.449512
smids/Normal_Sperm/Normal_Sperm (420).bmp,calib,0,4.211480,0.552214,-4.648800
smids/Normal_Sperm/Normal_Sperm (422).bmp,calib,0,3.827946,-0.042309,-4.127985
smids/Normal_Sperm/Normal_Sperm (445).bmp,calib,0,4.536986,-0.150205,-4.749150
smids/Normal_Sperm/Normal_Sperm (453).bmp,calib,0,3.491729,-0.189633,-3.739734
smids/Normal_Sperm/Normal_Sperm (454).bmp,calib,0,4.501416,1.017520,-5.842585
smids/Normal_Sperm/Normal_Sperm (467).bmp,calib,0,3.596880,0.024134,-3.922096
smids/Normal_Sperm/Normal_Sperm (478).bmp,calib,0,3.223527,0.657968,-3.685010
smids/Normal_Sperm/Normal_Sperm (479).bmp,calib,0,3.895954,1.344388,-5.868180
smids/Normal_Sperm/Normal_Sperm (480).bmp,calib,0,5.930272,0.134925,-6.624846
smids/Normal_Sperm/Normal_Sperm (484).bmp,calib,0,3.743873,2.792127,-7.158631
smids/Normal_Sperm/Normal_Sperm (489).bmp,calib,0,4.087826,1.562877,-5.689043
smids/Normal_Sperm/Normal_Sperm (494).bmp,calib,0,2.419507,1.753829,-4.006584
smids/Normal_Sperm/Normal_Sperm (5).bmp,calib,0,7.371202,-2.052107,-5.909883
smids/Normal_Sperm/Normal_Sperm (50).bmp,calib,0,5.357131,1.030944,-6.805973
smids/Normal_Sperm/Normal_Sperm (51).bmp,calib,0,3.363824,1.170137,-4.661153
smids/Normal_Sperm/Normal_Sperm (512).bmp,calib,0,4.122152,1.382886,-5.429373
smids/Normal_Sperm/Normal_Sperm (513).bmp,calib,0,5.435747,0.802010,-6.389818
smids/Normal_Sperm/Normal_Sperm (517).bmp,calib,0,4.150566,0.958471,-6.015627
smids/Normal_Sperm/Normal_Sperm (518).bmp,calib,0,4.978584,-1.382740,-4.123333
smids/Normal_Sperm/Normal_Sperm (519).bmp,calib,0,5.315490,-1.328273,-4.077188
smids/Normal_Sperm/Normal_Sperm (521).bmp,calib,0,4.936099,1.542006,-7.114568
smids/Normal_Sperm/Normal_Sperm (524).bmp,calib,0,5.624035,0.429733,-6.213093
smids/Normal_Sperm/Normal_Sperm (528).bmp,calib,0,3.513413,2.308829,-5.601995
smids/Normal_Sperm/Normal_Sperm (531).bmp,calib,0,4.385339,2.752826,-6.984171
smids/Normal_Sperm/Normal_Sperm (535).bmp,calib,0,5.097296,-0.731430,-4.959606
smids/Normal_Sperm/Normal_Sperm (554).bmp,calib,0,5.879101,-0.526721,-5.240706
smids/Normal_Sperm/Normal_Sperm (557).bmp,calib,0,3.816941,0.080666,-3.445263
smids/Normal_Sperm/Normal_Sperm (558).bmp,calib,0,2.810517,0.420223,-2.988524
smids/Normal_Sperm/Normal_Sperm (570).bmp,calib,0,6.612532,1.644925,-8.378552
smids/Normal_Sperm/Normal_Sperm (571).bmp,calib,0,5.845789,-0.527388,-5.492727
smids/Normal_Sperm/Normal_Sperm (591).bmp,calib,0,6.609456,0.563915,-7.987613
smids/Normal_Sperm/Normal_Sperm (593).bmp,calib,0,6.589376,1.130195,-7.709082
smids/Normal_Sperm/Normal_Sperm (594).bmp,calib,0,4.572348,0.027624,-4.908890
smids/Normal_Sperm/Normal_Sperm (602).bmp,calib,0,6.301668,1.608378,-8.462308
smids/Normal_Sperm/Normal_Sperm (606).bmp,calib,0,6.935598,1.804119,-9.226414
smids/Normal_Sperm/Normal_Sperm (617).bmp,calib,0,6.601461,0.528110,-7.220083
smids/Normal_Sperm/Normal_Sperm (619).bmp,calib,0,7.074779,0.348554,-8.367916
smids/Normal_Sperm/Normal_Sperm (627).bmp,calib,0,4.192689,1.704010,-5.803827
smids/Normal_Sperm/Normal_Sperm (63).bmp,calib,0,2.226857,2.373888,-4.841528
smids/Normal_Sperm/Normal_Sperm (640).bmp,calib,0,2.984619,-0.549207,-2.695689
smids/Normal_Sperm/Normal_Sperm (657).bmp,calib,0,0.354886,1.218522,-1.830998
smids/Normal_Sperm/Normal_Sperm (661).bmp,calib,0,3.741474,0.953712,-4.777737
smids/Normal_Sperm/Normal_Sperm (667).bmp,calib,0,4.380047,1.124608,-5.653727
smids/Normal_Sperm/Normal_Sperm (674).bmp,calib,0,7.160506,-0.863051,-6.275652
smids/Normal_Sperm/Normal_Sperm (679).bmp,calib,0,6.056802,0.109016,-7.129440
smids/Normal_Sperm/Normal_Sperm (683).bmp,calib,0,6.144040,1.745919,-8.614381
smids/Normal_Sperm/Normal_Sperm (695).bmp,calib,0,5.756893,1.202627,-7.365687
smids/Normal_Sperm/Normal_Sperm (698).bmp,calib,0,6.187545,-0.344684,-5.828845
smids/Normal_Sperm/Normal_Sperm (71).bmp,calib,0,6.373027,0.657095,-7.637092
smids/Normal_Sperm/Normal_Sperm (719).bmp,calib,0,6.323871,-1.278016,-5.914417
smids/Normal_Sperm/Normal_Sperm (72).bmp,calib,0,6.340318,0.205268,-7.378326
smids/Normal_Sperm/Normal_Sperm (722).bmp,calib,0,6.975182,0.230567,-7.399468
smids/Normal_Sperm/Normal_Sperm (723).bmp,calib,0,4.957278,0.659953,-6.314162
smids/Normal_Sperm/Normal_Sperm (727).bmp,calib,0,3.963561,0.087003,-4.147394
smids/Normal_Sperm/Normal_Sperm (735).bmp,calib,0,4.372437,-1.791222,-3.085785
smids/Normal_Sperm/Normal_Sperm (74).bmp,calib,0,1.855848,0.949062,-2.334926
smids/Normal_Sperm/Normal_Sperm (742).bmp,calib,0,6.682980,1.251696,-8.530369
smids/Normal_Sperm/Normal_Sperm (745).bmp,calib,0,4.878728,0.715573,-5.967785
smids/Normal_Sperm/Normal_Sperm (763).bmp,calib,0,5.637568,1.365825,-7.257540
smids/Normal_Sperm/Normal_Sperm (765).bmp,calib,0,5.654435,1.666554,-7.616320
smids/Normal_Sperm/Normal_Sperm (770).bmp,calib,0,3.477965,0.681758,-3.894833
smids/Normal_Sperm/Normal_Sperm (782).bmp,calib,0,6.235689,0.506090,-6.973714
smids/Normal_Sperm/Normal_Sperm (79).bmp,calib,0,5.370786,0.129512,-5.692502
smids/Normal_Sperm/Normal_Sperm (805).bmp,calib,0,3.529950,-0.878717,-2.384847
smids/Normal_Sperm/Normal_Sperm (813).bmp,calib,0,4.620142,0.881089,-5.700197
smids/Normal_Sperm/Normal_Sperm (818).bmp,calib,0,0.620367,0.322082,-0.417537
smids/Normal_Sperm/Normal_Sperm (821).bmp,calib,0,7.374446,1.440518,-9.421167
smids/Normal_Sperm/Normal_Sperm (825).bmp,calib,0,1.208117,2.598924,-4.102016
smids/Normal_Sperm/Normal_Sperm (826).bmp,calib,0,6.410021,1.944873,-8.141129
smids/Normal_Sperm/Normal_Sperm (833).bmp,calib,0,4.485197,0.174024,-5.045900
smids/Normal_Sperm/Normal_Sperm (837).bmp,calib,0,2.798475,2.030472,-5.416174
smids/Normal_Sperm/Normal_Sperm (838).bmp,calib,0,6.613194,1.194926,-7.800320
smids/Normal_Sperm/Normal_Sperm (856).bmp,calib,0,4.513603,1.210515,-5.530838
smids/Normal_Sperm/Normal_Sperm (863).bmp,calib,0,2.765866,0.427319,-2.451152
smids/Normal_Sperm/Normal_Sperm (872).bmp,calib,0,4.224893,0.760473,-5.245634
smids/Normal_Sperm/Normal_Sperm (874).bmp,calib,0,2.308271,1.008271,-3.287012
smids/Normal_Sperm/Normal_Sperm (880).bmp,calib,0,1.877224,4.689809,-6.342990
smids/Normal_Sperm/Normal_Sperm (882).bmp,calib,0,4.619496,3.371155,-7.920695
smids/Normal_Sperm/Normal_Sperm (891).bmp,calib,0,3.463679,0.993043,-4.287142
smids/Normal_Sperm/Normal_Sperm (896).bmp,calib,0,4.553558,-0.500312,-4.377861
smids/Normal_Sperm/Normal_Sperm (9).bmp,calib,0,2.632740,-3.091860,-0.199482
smids/Normal_Sperm/Normal_Sperm (902).bmp,calib,0,6.444447,0.105694,-6.800344
smids/Normal_Sperm/Normal_Sperm (904).bmp,calib,0,5.730192,0.397507,-5.957872
smids/Normal_Sperm/Normal_Sperm (907).bmp,calib,0,-0.502675,2.725711,-1.951737
smids/Normal_Sperm/Normal_Sperm (91).bmp,calib,0,4.017725,-1.229783,-3.540732
smids/Normal_Sperm/Normal_Sperm (915).bmp,calib,0,3.111883,0.404798,-3.427923
smids/Normal_Sperm/Normal_Sperm (921).bmp,calib,0,7.405864,0.821729,-8.563763
smids/Normal_Sperm/Normal_Sperm (924).bmp,calib,0,5.887360,2.741989,-9.006037
smids/Normal_Sperm/Normal_Sperm (938).bmp,calib,0,5.650465,1.835946,-7.865292
smids/Normal_Sperm/Normal_Sperm (948).bmp,calib,0,4.655376,3.342030,-8.214683
smids/Normal_Sperm/Normal_Sperm (951).bmp,calib,0,3.045920,2.008324,-4.914729
smids/Normal_Sperm/Normal_Sperm (957).bmp,calib,0,2.776112,3.172141,-6.125146
smids/Normal_Sperm/Normal_Sperm (983).bmp,calib,0,2.508254,2.716833,-5.119907
smids/Normal_Sperm/Normal_Sperm (987).bmp,calib,0,3.893011,0.238483,-4.098954
smids/Normal_Sperm/Normal_Sperm (990).bmp,calib,0,5.232988,1.147988,-6.816875
smids/Normal_Sperm/Normal_Sperm (993).bmp,calib,0,4.988246,0.090997,-5.401062
smids/Normal_Sperm/Normal_Sperm (995).bmp,calib,0,5.147664,-0.395578,-4.580533
smids/Abnormal_Sperm/Abnormal_Sperm (10).bmp,test,1,1.194713,0.976479,-2.007028
smids/Abnormal_Sperm/Abnormal_Sperm (100).bmp,test,1,2.571221,2.976862,-5.091588
smids/Abnormal_Sperm/Abnormal_Sperm (1005).bmp,test,1,-0.495232,5.520510,-4.932172
smids/Abnormal_Sperm/Abnormal_Sperm (101).bmp,test,1,0.723169,3.203722,-3.862245
smids/Abnormal_Sperm/Abnormal_Sperm (104).bmp,test,1,2.309838,0.372721,-2.664988
smids/Abnormal_Sperm/Abnormal_Sperm (107).bmp,test,1,-2.649704,4.482479,-1.747846
smids/Abnormal_Sperm/Abnormal_Sperm (111).bmp,test,1,-1.508627,4.528646,-3.328888
smids/Abnormal_Sperm/Abnormal_Sperm (114).bmp,test,1,-1.992052,5.394876,-3.393682
smids/Abnormal_Sperm/Abnormal_Sperm (121).bmp,test,1,-0.724458,4.818708,-3.928630
smids/Abnormal_Sperm/Abnormal_Sperm (131).bmp,test,1,-0.830975,3.753175,-3.117155
smids/Abnormal_Sperm/Abnormal_Sperm (132).bmp,test,1,1.329915,5.624660,-7.027462
smids/Abnormal_Sperm/Abnormal_Sperm (139).bmp,test,1,0.791646,4.104128,-4.653750
smids/Abnormal_Sperm/Abnormal_Sperm (15).bmp,test,1,2.987816,2.963513,-6.347859
smids/Abnormal_Sperm/Abnormal_Sperm (153).bmp,test,1,0.306086,3.332587,-2.984928
smids/Abnormal_Sperm/Abnormal_Sperm (155).bmp,test,1,-1.270267,4.044476,-2.443528
smids/Abnormal_Sperm/Abnormal_Sperm (160).bmp,test,1,-3.292689,4.335757,-0.539804
smids/Abnormal_Sperm/Abnormal_Sperm (167).bmp,test,1,-1.732760,5.131979,-3.361302
smids/Abnormal_Sperm/Abnormal_Sperm (170).bmp,test,1,-3.269355,3.437922,0.212878
smids/Abnormal_Sperm/Abnormal_Sperm (182).bmp,test,1,-1.505393,5.799016,-3.844703
smids/Abnormal_Sperm/Abnormal_Sperm (187).bmp,test,1,0.330567,3.015370,-3.487016
smids/Abnormal_Sperm/Abnormal_Sperm (189).bmp,test,1,-3.569983,1.112791,3.217572
smids/Abnormal_Sperm/Abnormal_Sperm (190).bmp,test,1,0.447124,2.628744,-2.661335
smids/Abnormal_Sperm/Abnormal_Sperm (197).bmp,test,1,0.459964,4.675905,-4.898927
smids/Abnormal_Sperm/Abnormal_Sperm (198).bmp,test,1,-1.433627,2.414013,-0.561311
smids/Abnormal_Sperm/Abnormal_Sperm (202).bmp,test,1,0.109410,1.656895,-1.574194
smids/Abnormal_Sperm/Abnormal_Sperm (204).bmp,test,1,-1.017004,1.769418,-0.098736
smids/Abnormal_Sperm/Abnormal_Sperm (207).bmp,test,1,-0.821142,6.645809,-5.670595
smids/Abnormal_Sperm/Abnormal_Sperm (209).bmp,test,1,-0.865735,2.671374,-1.855653
smids/Abnormal_Sperm/Abnormal_Sperm (212).bmp,test,1,1.840480,4.192869,-6.223767
smids/Abnormal_Sperm/Abnormal_Sperm (213).bmp,test,1,0.994050,3.862163,-4.850677
smids/Abnormal_Sperm/Abnormal_Sperm (214).bmp,test,1,-2.149152,3.904901,-1.488356
smids/Abnormal_Sperm/Abnormal_Sperm (219).bmp,test,1,1.197639,2.391989,-3.370153
smids/Abnormal_Sperm/Abnormal_Sperm (226).bmp,test,1,0.137677,0.948547,-0.986358
smids/Abnormal_Sperm/Abnormal_Sperm (229).bmp,test,1,3.307037,4.120919,-7.735742
smids/Abnormal_Sperm/Abnormal_Sperm (232).bmp,test,1,-3.145666,1.776212,1.816716
smids/Abnormal_Sperm/Abnormal_Sperm (236).bmp,test,1,0.321849,3.019842,-3.251180
smids/Abnormal_Sperm/Abnormal_Sperm (242).bmp,test,1,1.267868,2.816695,-3.560117
smids/Abnormal_Sperm/Abnormal_Sperm (245).bmp,test,1,0.626907,2.336016,-2.927819
smids/Abnormal_Sperm/Abnormal_Sperm (256).bmp,test,1,-0.183552,2.967623,-3.040928
smids/Abnormal_Sperm/Abnormal_Sperm (258).bmp,test,1,-0.208037,2.096437,-1.875215
smids/Abnormal_Sperm/Abnormal_Sperm (260).bmp,test,1,-0.211029,4.593030,-4.126225
smids/Abnormal_Sperm/Abnormal_Sperm (261).bmp,test,1,4.421308,0.860245,-5.258606
smids/Abnormal_Sperm/Abnormal_Sperm (272).bmp,test,1,0.477860,3.795652,-4.015650
smids/Abnormal_Sperm/Abnormal_Sperm (275).bmp,test,1,-2.352956,2.779238,0.220842
smids/Abnormal_Sperm/Abnormal_Sperm (281).bmp,test,1,-2.444566,5.548495,-3.255559
smids/Abnormal_Sperm/Abnormal_Sperm (282).bmp,test,1,-1.556550,1.971940,-0.354065
smids/Abnormal_Sperm/Abnormal_Sperm (283).bmp,test,1,-2.369424,1.484560,1.073175
smids/Abnormal_Sperm/Abnormal_Sperm (295).bmp,test,1,1.425101,2.889527,-4.326973
smids/Abnormal_Sperm/Abnormal_Sperm (304).bmp,test,1,-2.052091,2.547779,-0.644800
smids/Abnormal_Sperm/Abnormal_Sperm (319).bmp,test,1,-2.137135,5.608759,-2.927971
smids/Abnormal_Sperm/Abnormal_Sperm (320).bmp,test,1,-2.431548,4.244590,-1.657557
smids/Abnormal_Sperm/Abnormal_Sperm (323).bmp,test,1,-3.738497,3.422035,0.618206
smids/Abnormal_Sperm/Abnormal_Sperm (326).bmp,test,1,-2.262898,4.933367,-2.642363
smids/Abnormal_Sperm/Abnormal_Sperm (328).bmp,test,1,-0.144154,5.382799,-5.341952
smids/Abnormal_Sperm/Abnormal_Sperm (330).bmp,test,1,1.364163,5.594707,-7.078076
smids/Abnormal_Sperm/Abnormal_Sperm (331).bmp,test,1,-1.903056,4.267225,-2.054613
smids/Abnormal_Sperm/Abnormal_Sperm (333).bmp,test,1,-1.494035,3.458539,-1.356403
smids/Abnormal_Sperm/Abnormal_Sperm (335).bmp,test,1,3.752474,2.260806,-6.201882
smids/Abnormal_Sperm/Abnormal_Sperm (336).bmp,test,1,-3.588371,3.995893,0.331118
smids/Abnormal_Sperm/Abnormal_Sperm (34).bmp,test,1,-1.114670,1.272401,-0.074199
smids/Abnormal_Sperm/Abnormal_Sperm (340).bmp,test,1,-0.622893,2.953438,-1.938173
smids/Abnormal_Sperm/Abnormal_Sperm (342).bmp,test,1,-3.875694,3.552086,0.598535
smids/Abnormal_Sperm/Abnormal_Sperm (351).bmp,test,1,-1.334935,4.127770,-3.101555
smids/Abnormal_Sperm/Abnormal_Sperm (353).bmp,test,1,-3.621934,1.448617,2.593450
smids/Abnormal_Sperm/Abnormal_Sperm (356).bmp,test,1,0.872005,2.447595,-2.844422
smids/Abnormal_Sperm/Abnormal_Sperm (360).bmp,test,1,0.097825,2.121738,-2.197363
smids/Abnormal_Sperm/Abnormal_Sperm (367).bmp,test,1,1.377757,4.750412,-6.173027
smids/Abnormal_Sperm/Abnormal_Sperm (370).bmp,test,1,1.444343,3.611127,-4.853348
smids/Abnormal_Sperm/Abnormal_Sperm (371).bmp,test,1,1.784249,4.290759,-6.004428
smids/Abnormal_Sperm/Abnormal_Sperm (381).bmp,test,1,1.742675,2.687453,-4.301422
smids/Abnormal_Sperm/Abnormal_Sperm (382).bmp,test,1,1.098511,3.374972,-4.233822
smids/Abnormal_Sperm/Abnormal_Sperm (388).bmp,test,1,-1.804136,6.695863,-4.374625
smids/Abnormal_Sperm/Abnormal_Sperm (390).bmp,test,1,0.646637,2.781268,-3.293616
smids/Abnormal_Sperm/Abnormal_Sperm (395).bmp,test,1,-3.414912,2.545818,1.636726
smids/Abnormal_Sperm/Abnormal_Sperm (396).bmp,test,1,1.735085,1.923799,-3.481071
smids/Abnormal_Sperm/Abnormal_Sperm (399).bmp,test,1,-2.347836,4.697682,-1.806542
smids/Abnormal_Sperm/Abnormal_Sperm (401).bmp,test,1,1.058444,3.333975,-4.309422
smids/Abnormal_Sperm/Abnormal_Sperm (405).bmp,test,1,-2.889925,0.695542,3.110716
smids/Abnormal_Sperm/Abnormal_Sperm (406).bmp,test,1,-0.770176,6.026634,-5.063347
smids/Abnormal_Sperm/Abnormal_Sperm (413).bmp,test,1,-4.184645,3.271406,1.205635
smids/Abnormal_Sperm/Abnormal_Sperm (416).bmp,test,1,-5.173425,4.920665,0.649894
smids/Abnormal_Sperm/Abnormal_Sperm (417).bmp,test,1,0.572443,3.526859,-3.837164
smids/Abnormal_Sperm/Abnormal_Sperm (418).bmp,test,1,-3.662183,3.422931,0.306297
smids/Abnormal_Sperm/Abnormal_Sperm (422).bmp,test,1,-3.419951,4.357699,-0.695421
smids/Abnormal_Sperm/Abnormal_Sperm (424).bmp,test,1,-2.924934,3.859044,-0.486153
smids/Abnormal_Sperm/Abnormal_Sperm (427).bmp,test,1,-0.840454,3.461618,-2.407670
smids/Abnormal_Sperm/Abnormal_Sperm (43).bmp,test,1,-1.012268,2.157999,-0.574058
smids/Abnormal_Sperm/Abnormal_Sperm (434).bmp,test,1,1.428733,4.633951,-5.815671
smids/Abnormal_Sperm/Abnormal_Sperm (436).bmp,test,1,1.267740,4.002009,-4.728730
smids/Abnormal_Sperm/Abnormal_Sperm (437).bmp,test,1,-1.089100,4.550299,-2.782689
smids/Abnormal_Sperm/Abnormal_Sperm (442).bmp,test,1,-0.699634,3.372574,-2.321316
smids/Abnormal_Sperm/Abnormal_Sperm (448).bmp,test,1,-0.877232,5.091757,-3.949827
smids/Abnormal_Sperm/Abnormal_Sperm (452).bmp,test,1,-0.898012,2.793474,-1.338855
smids/Abnormal_Sperm/Abnormal_Sperm (456).bmp,test,1,0.149591,3.849780,-3.612971
smids/Abnormal_Sperm/Abnormal_Sperm (465).bmp,test,1,-2.925202,3.110629,0.614268
smids/Abnormal_Sperm/Abnormal_Sperm (468).bmp,test,1,-2.895467,2.165521,0.952778
smids/Abnormal_Sperm/Abnormal_Sperm (469).bmp,test,1,-1.295616,1.781929,-0.349320
smids/Abnormal_Sperm/Abnormal_Sperm (476).bmp,test,1,0.255191,1.066775,-0.898731
smids/Abnormal_Sperm/Abnormal_Sperm (48).bmp,test,1,-2.270701,1.943859,0.957125
smids/Abnormal_Sperm/Abnormal_Sperm (481).bmp,test,1,-1.306296,-0.896662,2.698930
smids/Abnormal_Sperm/Abnormal_Sperm (482).bmp,test,1,-2.153611,3.780607,-1.206003
smids/Abnormal_Sperm/Abnormal_Sperm (492).bmp,test,1,1.294715,1.115081,-2.225108
smids/Abnormal_Sperm/Abnormal_Sperm (499).bmp,test,1,2.063163,-0.765809,-1.650549
smids/Abnormal_Sperm/Abnormal_Sperm (503).bmp,test,1,-3.854217,3.324245,0.677976
smids/Abnormal_Sperm/Abnormal_Sperm (507).bmp,test,1,-2.936163,2.784014,0.821730
smids/Abnormal_Sperm/Abnormal_Sperm (508).bmp,test,1,-3.022892,1.367724,1.992919
smids/Abnormal_Sperm/Abnormal_Sperm (516).bmp,test,1,-3.890084,3.779019,0.557149
smids/Abnormal_Sperm/Abnormal_Sperm (519).bmp,test,1,2.374242,2.617818,-4.631205
smids/Abnormal_Sperm/Abnormal_Sperm (524).bmp,test,1,-4.849628,1.527147,3.813669
smids/Abnormal_Sperm/Abnormal_Sperm (53).bmp,test,1,-3.006796,4.999412,-1.938912
smids/Abnormal_Sperm/Abnormal_Sperm (532).bmp,test,1,0.336648,2.363569,-2.514619
smids/Abnormal_Sperm/Abnormal_Sperm (541).bmp,test,1,-1.739199,2.328192,-0.587379
smids/Abnormal_Sperm/Abnormal_Sperm (545).bmp,test,1,-0.431517,2.011408,-1.501943
smids/Abnormal_Sperm/Abnormal_Sperm (548).bmp,test,1,-2.856015,1.714921,1.174265
smids/Abnormal_Sperm/Abnormal_Sperm (551).bmp,test,1,0.549747,1.451613,-2.311306
smids/Abnormal_Sperm/Abnormal_Sperm (560).bmp,test,1,3.869346,1.867847,-6.131455
smids/Abnormal_Sperm/Abnormal_Sperm (564).bmp,test,1,-1.590016,3.162933,-2.008931
smids/Abnormal_Sperm/Abnormal_Sperm (566).bmp,test,1,0.657527,4.118919,-4.875642
smids/Abnormal_Sperm/Abnormal_Sperm (58).bmp,test,1,-1.502423,1.769333,0.450978
smids/Abnormal_Sperm/Abnormal_Sperm (580).bmp,test,1,3.815292,1.928195,-5.459334
smids/Abnormal_Sperm/Abnormal_Sperm (583).bmp,test,1,2.066061,2.962160,-5.022873
smids/Abnormal_Sperm/Abnormal_Sperm (587).bmp,test,1,-1.699368,3.939757,-1.786804
smids/Abnormal_Sperm/Abnormal_Sperm (590).bmp,test,1,2.327824,1.368147,-3.687568
smids/Abnormal_Sperm/Abnormal_Sperm (591).bmp,test,1,-0.681585,1.800137,-0.985151
smids/Abnormal_Sperm/Abnormal_Sperm (603).bmp,test,1,1.945462,0.322416,-2.051815
smids/Abnormal_Sperm/Abnormal_Sperm (604).bmp,test,1,2.261580,0.263614,-2.772513
smids/Abnormal_Sperm/Abnormal_Sperm (605).bmp,test,1,-0.749329,0.602334,0.220978
smids/Abnormal_Sperm/Abnormal_Sperm (606).bmp,test,1,2.571843,-0.604190,-2.192000
smids/Abnormal_Sperm/Abnormal_Sperm (610).bmp,test,1,1.998543,2.369255,-4.513746
smids/Abnormal_Sperm/Abnormal_Sperm (611).bmp,test,1,1.575232,3.382889,-5.033764
smids/Abnormal_Sperm/Abnormal_Sperm (615).bmp,test,1,0.196488,4.922535,-4.836037
smids/Abnormal_Sperm/Abnormal_Sperm (627).bmp,test,1,1.308175,-0.795873,-0.702418
smids/Abnormal_Sperm/Abnormal_Sperm (641).bmp,test,1,-0.927650,4.234485,-3.395733
smids/Abnormal_Sperm/Abnormal_Sperm (65).bmp,test,1,0.384568,4.671040,-4.619733
smids/Abnormal_Sperm/Abnormal_Sperm (650).bmp,test,1,0.318382,3.965312,-3.747192
smids/Abnormal_Sperm/Abnormal_Sperm (659).bmp,test,1,-1.395126,1.420650,0.290837
smids/Abnormal_Sperm/Abnormal_Sperm (660).bmp,test,1,3.761415,2.423301,-6.464642
smids/Abnormal_Sperm/Abnormal_Sperm (665).bmp,test,1,2.737486,1.735982,-4.656491
smids/Abnormal_Sperm/Abnormal_Sperm (668).bmp,test,1,-2.877686,3.849070,-0.741472
smids/Abnormal_Sperm/Abnormal_Sperm (674).bmp,test,1,0.954651,3.307820,-4.234279
smids/Abnormal_Sperm/Abnormal_Sperm (68).bmp,test,1,-1.478894,6.145102,-4.463306
smids/Abnormal_Sperm/Abnormal_Sperm (681).bmp,test,1,-0.564359,4.138886,-3.314399
smids/Abnormal_Sperm/Abnormal_Sperm (685).bmp,test,1,1.368657,4.006424,-5.551500
smids/Abnormal_Sperm/Abnormal_Sperm (690).bmp,test,1,1.170233,4.000011,-4.947361
smids/Abnormal_Sperm/Abnormal_Sperm (702).bmp,test,1,1.252814,1.720257,-2.705593
smids/Abnormal_Sperm/Abnormal_Sperm (705).bmp,test,1,-0.517540,0.896601,0.017203
smids/Abnormal_Sperm/Abnormal_Sperm (708).bmp,test,1,2.683506,3.180665,-6.239027
smids/Abnormal_Sperm/Abnormal_Sperm (713).bmp,test,1,3.056458,2.061692,-4.909915
smids/Abnormal_Sperm/Abnormal_Sperm (718).bmp,test,1,-0.244898,2.280314,-1.911647
smids/Abnormal_Sperm/Abnormal_Sperm (719).bmp,test,1,1.392272,2.192590,-3.285280
smids/Abnormal_Sperm/Abnormal_Sperm (721).bmp,test,1,0.370962,2.805742,-2.945235
smids/Abnormal_Sperm/Abnormal_Sperm (722).bmp,test,1,0.255034,3.981187,-4.193356
smids/Abnormal_Sperm/Abnormal_Sperm (729).bmp,test,1,-0.932389,2.339908,-1.313108
smids/Abnormal_Sperm/Abnormal_Sperm (730).bmp,test,1,-2.465010,2.227816,0.736564
smids/Abnormal_Sperm/Abnormal_Sperm (735).bmp,test,1,3.610648,0.619893,-4.112388
smids/Abnormal_Sperm/Abnormal_Sperm (760).bmp,test,1,1.231904,1.976355,-3.238102
smids/Abnormal_Sperm/Abnormal_Sperm (764).bmp,test,1,4.052124,1.169170,-5.254840
smids/Abnormal_Sperm/Abnormal_Sperm (78).bmp,test,1,-2.440114,5.876166,-3.298550
smids/Abnormal_Sperm/Abnormal_Sperm (79).bmp,test,1,-2.717372,3.449994,-0.775017
smids/Abnormal_Sperm/Abnormal_Sperm (797).bmp,test,1,1.579078,3.162943,-4.523015
smids/Abnormal_Sperm/Abnormal_Sperm (803).bmp,test,1,2.485936,2.028318,-4.202060
smids/Abnormal_Sperm/Abnormal_Sperm (809).bmp,test,1,3.234710,1.211817,-5.260115
smids/Abnormal_Sperm/Abnormal_Sperm (812).bmp,test,1,1.920863,2.416921,-4.583149
smids/Abnormal_Sperm/Abnormal_Sperm (813).bmp,test,1,2.119931,1.591750,-3.759175
smids/Abnormal_Sperm/Abnormal_Sperm (822).bmp,test,1,1.494944,2.361265,-3.464565
smids/Abnormal_Sperm/Abnormal_Sperm (823).bmp,test,1,0.955655,4.079043,-4.836573
smids/Abnormal_Sperm/Abnormal_Sperm (83).bmp,test,1,1.853085,0.641056,-3.014592
smids/Abnormal_Sperm/Abnormal_Sperm (830).bmp,test,1,1.870860,2.261896,-3.941673
smids/Abnormal_Sperm/Abnormal_Sperm (835).bmp,test,1,0.871176,3.159953,-3.390108
smids/Abnormal_Sperm/Abnormal_Sperm (837).bmp,test,1,4.910018,0.743110,-5.588907
smids/Abnormal_Sperm/Abnormal_Sperm (845).bmp,test,1,3.538056,2.361967,-5.655256
smids/Abnormal_Sperm/Abnormal_Sperm (851).bmp,test,1,1.646127,3.016406,-5.020756
smids/Abnormal_Sperm/Abnormal_Sperm (855).bmp,test,1,1.304887,4.018454,-5.225228
smids/Abnormal_Sperm/Abnormal_Sperm (856).bmp,test,1,1.566655,4.364819,-5.711135
smids/Abnormal_Sperm/Abnormal_Sperm (859).bmp,test,1,4.292048,3.165030,-7.385949
smids/Abnormal_Sperm/Abnormal_Sperm (861).bmp,test,1,3.431058,3.024953,-6.478402
smids/Abnormal_Sperm/Abnormal_Sperm (866).bmp,test,1,0.366853,4.170710,-4.742982
smids/Abnormal_Sperm/Abnormal_Sperm (869).bmp,test,1,0.405133,3.865398,-4.180831
smids/Abnormal_Sperm/Abnormal_Sperm (872).bmp,test,1,0.139691,4.805816,-4.561050
smids/Abnormal_Sperm/Abnormal_Sperm (875).bmp,test,1,-0.768878,5.756074,-4.926480
smids/Abnormal_Sperm/Abnormal_Sperm (880).bmp,test,1,1.328284,3.392920,-4.525479
smids/Abnormal_Sperm/Abnormal_Sperm (882).bmp,test,1,0.703131,4.312922,-4.819579
smids/Abnormal_Sperm/Abnormal_Sperm (885).bmp,test,1,1.675628,3.958212,-5.505656
smids/Abnormal_Sperm/Abnormal_Sperm (89).bmp,test,1,-1.773712,3.890731,-1.856602
smids/Abnormal_Sperm/Abnormal_Sperm (894).bmp,test,1,1.817918,3.991007,-6.365333
smids/Abnormal_Sperm/Abnormal_Sperm (913).bmp,test,1,-1.161232,1.937989,-0.310222
smids/Abnormal_Sperm/Abnormal_Sperm (914).bmp,test,1,1.412338,3.513666,-5.242935
smids/Abnormal_Sperm/Abnormal_Sperm (941).bmp,test,1,-1.116395,3.392698,-2.281440
smids/Abnormal_Sperm/Abnormal_Sperm (956).bmp,test,1,-2.398075,4.391332,-1.805900
smids/Abnormal_Sperm/Abnormal_Sperm (964).bmp,test,1,-0.629516,6.351995,-5.467005
smids/Abnormal_Sperm/Abnormal_Sperm (966).bmp,test,1,-2.175151,4.329321,-1.863663
smids/Abnormal_Sperm/Abnormal_Sperm (976).bmp,test,1,-3.107444,3.592769,-0.456435
smids/Abnormal_Sperm/Abnormal_Sperm (987).bmp,test,1,1.531012,3.382879,-4.921113
smids/Abnormal_Sperm/Abnormal_Sperm (997).bmp,test,1,-2.753401,3.376023,-0.750440
smids/Abnormal_Sperm/Abnormal_Sperm (999).bmp,test,1,-2.211529,5.538725,-3.527406
smids/Non-Sperm/Non-Sperm (102).bmp,test,2,-2.213169,-2.834168,4.441663
smids/Non-Sperm/Non-Sperm (105).bmp,test,2,-2.637956,-4.166312,6.176682
smids/Non-Sperm/Non-Sperm (111).bmp,test,2,-3.680970,-2.699416,5.927295
smids/Non-Sperm/Non-Sperm (119).bmp,test,2,-4.651906,-3.324435,7.862122
smids/Non-Sperm/Non-Sperm (122).bmp,test,2,-2.430037,-5.243277,7.091672
smids/Non-Sperm/Non-Sperm (129).bmp,test,2,-1.851951,-2.701136,4.843212
smids/Non-Sperm/Non-Sperm (132).bmp,test,2,-1.821169,-5.271036,6.512149
smids/Non-Sperm/Non-Sperm (133).bmp,test,2,-3.076935,-4.853788,6.993201
smids/Non-Sperm/Non-Sperm (135).bmp,test,2,-5.358680,-6.111171,11.028416
smids/Non-Sperm/Non-Sperm (149).bmp,test,2,-2.688003,-7.167844,8.776674
smids/Non-Sperm/Non-Sperm (164).bmp,test,2,-3.326384,-4.606897,7.593501
smids/Non-Sperm/Non-Sperm (167).bmp,test,2,-4.337681,-5.029050,8.945878
smids/Non-Sperm/Non-Sperm (171).bmp,test,2,-0.949606,-1.654465,2.536532
smids/Non-Sperm/Non-Sperm (172).bmp,test,2,-6.096250,-1.286992,6.977686
smids/Non-Sperm/Non-Sperm (173).bmp,test,2,-2.818326,-5.394002,8.169565
smids/Non-Sperm/Non-Sperm (175).bmp,test,2,-2.392890,-5.149634,6.788044
smids/Non-Sperm/Non-Sperm (178).bmp,test,2,-3.797725,-4.991838,7.958224
smids/Non-Sperm/Non-Sperm (18).bmp,test,2,-2.235599,-0.625771,2.992527
smids/Non-Sperm/Non-Sperm (183).bmp,test,2,-4.675999,-3.817855,8.446899
smids/Non-Sperm/Non-Sperm (196).bmp,test,2,-2.003437,-0.426682,2.211267
smids/Non-Sperm/Non-Sperm (202).bmp,test,2,-4.643601,-5.126165,9.502772
smids/Non-Sperm/Non-Sperm (203).bmp,test,2,-5.107150,-4.956048,9.532306
smids/Non-Sperm/Non-Sperm (205).bmp,test,2,-3.169345,-1.014244,3.921172
smids/Non-Sperm/Non-Sperm (209).bmp,test,2,-5.167518,-6.841232,11.748459
smids/Non-Sperm/Non-Sperm (215).bmp,test,2,-3.729807,-5.061052,7.923457
smids/Non-Sperm/Non-Sperm (217).bmp,test,2,-4.525849,-3.171982,7.197270
smids/Non-Sperm/Non-Sperm (226).bmp,test,2,-5.283512,-6.676037,11.444285
smids/Non-Sperm/Non-Sperm (230).bmp,test,2,-2.714894,-5.323771,7.771708
smids/Non-Sperm/Non-Sperm (233).bmp,test,2,-3.376556,-2.378813,5.452860
smids/Non-Sperm/Non-Sperm (235).bmp,test,2,-2.217302,-4.282509,6.325784
smids/Non-Sperm/Non-Sperm (239).bmp,test,2,-3.373889,-3.863616,7.081808
smids/Non-Sperm/Non-Sperm (24).bmp,test,2,-3.265814,1.917859,1.465232
smids/Non-Sperm/Non-Sperm (243).bmp,test,2,-3.675212,-4.224675,7.498685
smids/Non-Sperm/Non-Sperm (245).bmp,test,2,-4.626985,-3.701830,7.913702
smids/Non-Sperm/Non-Sperm (249).bmp,test,2,-3.437953,-5.647265,8.450508
smids/Non-Sperm/Non-Sperm (266).bmp,test,2,-4.288934,-4.215300,8.670303
smids/Non-Sperm/Non-Sperm (279).bmp,test,2,-2.059628,-5.992678,8.005653
smids/Non-Sperm/Non-Sperm (281).bmp,test,2,-2.791268,-5.356019,7.745047
smids/Non-Sperm/Non-Sperm (289).bmp,test,2,-3.550092,-7.240642,9.648195
smids/Non-Sperm/Non-Sperm (30).bmp,test,2,-4.054609,1.795907,2.776212
smids/Non-Sperm/Non-Sperm (307).bmp,test,2,-3.489707,-5.871965,8.498125
smids/Non-Sperm/Non-Sperm (308).bmp,test,2,-5.022484,-4.642539,9.336278
smids/Non-Sperm/Non-Sperm (31).bmp,test,2,-3.093621,-1.755528,4.896964
smids/Non-Sperm/Non-Sperm (32).bmp,test,2,-5.562202,0.224493,5.833565
smids/Non-Sperm/Non-Sperm (321).bmp,test,2,-2.485584,-4.833981,6.854436
smids/Non-Sperm/Non-Sperm (325).bmp,test,2,-1.117136,-6.487818,7.062876
smids/Non-Sperm/Non-Sperm (326).bmp,test,2,-2.083848,0.511275,1.395019
smids/Non-Sperm/Non-Sperm (327).bmp,test,2,-0.550818,1.678955,-0.940418
smids/Non-Sperm/Non-Sperm (33).bmp,test,2,-0.134703,-0.100748,0.597177
smids/Non-Sperm/Non-Sperm (338).bmp,test,2,-4.201175,0.351511,4.464080
smids/Non-Sperm/Non-Sperm (347).bmp,test,2,-2.998055,-4.466181,6.301270
smids/Non-Sperm/Non-Sperm (349).bmp,test,2,-3.749521,-3.054972,6.538345
smids/Non-Sperm/Non-Sperm (350).bmp,test,2,-1.356202,-3.580772,4.130749
smids/Non-Sperm/Non-Sperm (351).bmp,test,2,-2.508097,-1.598575,3.990800
smids/Non-Sperm/Non-Sperm (353).bmp,test,2,-2.425972,-1.049402,3.939700
smids/Non-Sperm/Non-Sperm (357).bmp,test,2,-2.342915,-2.461065,5.099016
smids/Non-Sperm/Non-Sperm (361).bmp,test,2,-4.137673,0.494279,3.664625
smids/Non-Sperm/Non-Sperm (365).bmp,test,2,-1.948261,-4.056002,5.639285
smids/Non-Sperm/Non-Sperm (37).bmp,test,2,-4.119006,1.037741,2.992709
smids/Non-Sperm/Non-Sperm (373).bmp,test,2,-1.868086,-4.829040,5.805668
smids/Non-Sperm/Non-Sperm (375).bmp,test,2,-2.718882,-1.905986,4.585272
smids/Non-Sperm/Non-Sperm (378).bmp,test,2,1.174300,-4.314113,2.340014
smids/Non-Sperm/Non-Sperm (381).bmp,test,2,-0.994158,-3.030599,2.973953
smids/Non-Sperm/Non-Sperm (409).bmp,test,2,0.492026,-3.987737,2.906397
smids/Non-Sperm/Non-Sperm (414).bmp,test,2,-3.594296,-2.060117,5.767804
smids/Non-Sperm/Non-Sperm (415).bmp,test,2,-1.311533,-1.175093,2.927074
smids/Non-Sperm/Non-Sperm (417).bmp,test,2,-3.246243,-2.758136,5.768048
smids/Non-Sperm/Non-Sperm (425).bmp,test,2,-3.111359,1.699080,1.583110
smids/Non-Sperm/Non-Sperm (431).bmp,test,2,-4.955550,-4.752711,9.676378
smids/Non-Sperm/Non-Sperm (436).bmp,test,2,-2.919996,-3.759734,6.502981
smids/Non-Sperm/Non-Sperm (44).bmp,test,2,-5.141119,-1.263990,6.529349
smids/Non-Sperm/Non-Sperm (449).bmp,test,2,-1.482685,1.521000,-0.438976
smids/Non-Sperm/Non-Sperm (452).bmp,test,2,-3.465783,-0.881823,5.386121
smids/Non-Sperm/Non-Sperm (453).bmp,test,2,-4.017951,-5.783334,9.954896
smids/Non-Sperm/Non-Sperm (459).bmp,test,2,-2.878842,-3.243146,5.949093
smids/Non-Sperm/Non-Sperm (467).bmp,test,2,-5.248587,-5.265512,10.134012
smids/Non-Sperm/Non-Sperm (472).bmp,test,2,-2.434170,-1.797904,4.075633
smids/Non-Sperm/Non-Sperm (473).bmp,test,2,-1.852457,-1.949969,3.585444
smids/Non-Sperm/Non-Sperm (474).bmp,test,2,-4.054064,-4.472825,8.354102
smids/Non-Sperm/Non-Sperm (486).bmp,test,2,-3.025155,-5.529387,8.615492
smids/Non-Sperm/Non-Sperm (488).bmp,test,2,-1.177889,-3.141848,3.663063
smids/Non-Sperm/Non-Sperm (49).bmp,test,2,-4.612813,2.155916,2.798912
smids/Non-Sperm/Non-Sperm (492).bmp,test,2,-2.862235,-6.505602,8.342379
smids/Non-Sperm/Non-Sperm (498).bmp,test,2,-2.603910,-4.983803,7.112385
smids/Non-Sperm/Non-Sperm (5).bmp,test,2,-3.575655,0.063553,4.583781
smids/Non-Sperm/Non-Sperm (503).bmp,test,2,-0.728398,-0.141321,1.126972
smids/Non-Sperm/Non-Sperm (505).bmp,test,2,-1.627001,-5.989361,6.979541
smids/Non-Sperm/Non-Sperm (507).bmp,test,2,-1.313197,-6.383633,7.386205
smids/Non-Sperm/Non-Sperm (514).bmp,test,2,-2.892154,-4.505520,7.385870
smids/Non-Sperm/Non-Sperm (520).bmp,test,2,-4.891946,-2.529655,7.470471
smids/Non-Sperm/Non-Sperm (530).bmp,test,2,-3.887076,-3.828633,7.245901
smids/Non-Sperm/Non-Sperm (531).bmp,test,2,-2.659921,-0.809910,3.713971
smids/Non-Sperm/Non-Sperm (537).bmp,test,2,-4.884181,-5.998545,11.094379
smids/Non-Sperm/Non-Sperm (54).bmp,test,2,-4.404199,0.753969,4.213013
smids/Non-Sperm/Non-Sperm (549).bmp,test,2,-3.682731,-4.343997,7.483822
smids/Non-Sperm/Non-Sperm (550).bmp,test,2,-5.872612,-7.476462,12.658237
smids/Non-Sperm/Non-Sperm (555).bmp,test,2,-2.332513,-4.374720,6.024951
smids/Non-Sperm/Non-Sperm (557).bmp,test,2,-3.902558,-6.924964,9.979238
smids/Non-Sperm/Non-Sperm (558).bmp,test,2,-3.432225,-4.724320,7.273547
smids/Non-Sperm/Non-Sperm (565).bmp,test,2,-4.344597,-0.498368,5.164601
smids/Non-Sperm/Non-Sperm (567).bmp,test,2,-3.045469,-2.553478,5.750286
smids/Non-Sperm/Non-Sperm (568).bmp,test,2,-2.823787,-4.461967,7.224204
smids/Non-Sperm/Non-Sperm (570).bmp,test,2,-3.083922,-1.914965,5.156687
smids/Non-Sperm/Non-Sperm (573).bmp,test,2,-2.593766,-3.091573,5.289506
smids/Non-Sperm/Non-Sperm (577).bmp,test,2,-3.513894,-3.749325,7.611912
smids/Non-Sperm/Non-Sperm (580).bmp,test,2,-3.416156,-4.215661,6.622387
smids/Non-Sperm/Non-Sperm (581).bmp,test,2,-3.918034,-4.806711,8.182795
smids/Non-Sperm/Non-Sperm (586).bmp,test,2,-3.723460,-1.924478,6.397049
smids/Non-Sperm/Non-Sperm (600).bmp,test,2,-5.265800,-2.429115,8.010090
smids/Non-Sperm/Non-Sperm (62).bmp,test,2,-5.286004,3.139388,1.960235
smids/Non-Sperm/Non-Sperm (63).bmp,test,2,-1.110458,-0.939680,2.684799
smids/Non-Sperm/Non-Sperm (631).bmp,test,2,-3.765216,-5.163311,9.299604
smids/Non-Sperm/Non-Sperm (635).bmp,test,2,-5.423556,-3.891562,8.709672
smids/Non-Sperm/Non-Sperm (639).bmp,test,2,-3.006199,-3.547658,6.165730
smids/Non-Sperm/Non-Sperm (64).bmp,test,2,-0.792357,-0.648231,2.284594
smids/Non-Sperm/Non-Sperm (640).bmp,test,2,-2.297902,-2.979219,5.079273
smids/Non-Sperm/Non-Sperm (642).bmp,test,2,-3.710546,-4.288572,7.375247
smids/Non-Sperm/Non-Sperm (652).bmp,test,2,-2.807449,-6.609419,8.759999
smids/Non-Sperm/Non-Sperm (653).bmp,test,2,-2.776076,-4.989828,7.380936
smids/Non-Sperm/Non-Sperm (654).bmp,test,2,-2.584784,-4.359016,6.280269
smids/Non-Sperm/Non-Sperm (656).bmp,test,2,-3.011958,-2.703413,5.730192
smids/Non-Sperm/Non-Sperm (662).bmp,test,2,-2.706168,-4.519600,6.559412
smids/Non-Sperm/Non-Sperm (667).bmp,test,2,-4.306909,-3.084195,7.171141
smids/Non-Sperm/Non-Sperm (668).bmp,test,2,-2.716779,-5.929648,8.183654
smids/Non-Sperm/Non-Sperm (675).bmp,test,2,-5.019619,-3.420235,8.154224
smids/Non-Sperm/Non-Sperm (677).bmp,test,2,-4.508884,-0.050680,4.954720
smids/Non-Sperm/Non-Sperm (679).bmp,test,2,-1.597948,-1.157816,2.634774
smids/Non-Sperm/Non-Sperm (682).bmp,test,2,-1.170512,-5.318189,5.904766
smids/Non-Sperm/Non-Sperm (694).bmp,test,2,-2.738369,-4.917737,7.591795
smids/Non-Sperm/Non-Sperm (695).bmp,test,2,-3.284063,-0.126476,3.944857
smids/Non-Sperm/Non-Sperm (699).bmp,test,2,-2.773114,-1.502315,3.704223
smids/Non-Sperm/Non-Sperm (709).bmp,test,2,-1.252300,-2.222701,3.380064
smids/Non-Sperm/Non-Sperm (711).bmp,test,2,-3.629806,-1.767575,5.498899
smids/Non-Sperm/Non-Sperm (715).bmp,test,2,-4.994983,-3.683677,8.468983
smids/Non-Sperm/Non-Sperm (717).bmp,test,2,-3.802339,-3.374942,7.117008
smids/Non-Sperm/Non-Sperm (718).bmp,test,2,-2.408466,-3.098799,5.571910
smids/Non-Sperm/Non-Sperm (720).bmp,test,2,-2.941531,-2.848343,5.024048
smids/Non-Sperm/Non-Sperm (722).bmp,test,2,-3.233845,-1.988559,5.247649
smids/Non-Sperm/Non-Sperm (724).bmp,test,2,-2.303237,-3.952281,5.000291
smids/Non-Sperm/Non-Sperm (729).bmp,test,2,-4.296188,-2.929240,7.737160
smids/Non-Sperm/Non-Sperm (733).bmp,test,2,-3.467828,-1.119200,4.152359
smids/Non-Sperm/Non-Sperm (736).bmp,test,2,-3.868132,-5.033478,8.659321
smids/Non-Sperm/Non-Sperm (742).bmp,test,2,-3.275759,-5.427818,8.171852
smids/Non-Sperm/Non-Sperm (748).bmp,test,2,-3.340417,1.795013,1.608516
smids/Non-Sperm/Non-Sperm (749).bmp,test,2,-2.652017,-0.518470,3.481793
smids/Non-Sperm/Non-Sperm (75).bmp,test,2,-2.191106,1.564276,0.902471
smids/Non-Sperm/Non-Sperm (754).bmp,test,2,-6.856814,-4.116694,10.647528
smids/Non-Sperm/Non-Sperm (758).bmp,test,2,-3.259374,-4.635891,6.752161
smids/Non-Sperm/Non-Sperm (766).bmp,test,2,-3.727621,-4.920901,8.295785
smids/Non-Sperm/Non-Sperm (770).bmp,test,2,-2.550628,-3.248167,5.889376
smids/Non-Sperm/Non-Sperm (774).bmp,test,2,-1.036725,-6.138028,5.990742
smids/Non-Sperm/Non-Sperm (779).bmp,test,2,-3.300039,-1.946646,4.822765
smids/Non-Sperm/Non-Sperm (780).bmp,test,2,-2.100851,-4.517992,6.125609
smids/Non-Sperm/Non-Sperm (783).bmp,test,2,-3.362048,-6.525153,9.159126
smids/Non-Sperm/Non-Sperm (790).bmp,test,2,-3.028822,-5.321260,8.535928
smids/Non-Sperm/Non-Sperm (791).bmp,test,2,-0.300800,-5.942151,5.831434
smids/Non-Sperm/Non-Sperm (799).bmp,test,2,-2.175238,-3.049812,4.909162
smids/Non-Sperm/Non-Sperm (8).bmp,test,2,-4.565112,-0.188088,4.713778
smids/Non-Sperm/Non-Sperm (806).bmp,test,2,-2.586263,-5.902310,7.917845
smids/Non-Sperm/Non-Sperm (807).bmp,test,2,-5.041908,0.040315,4.981750
smids/Non-Sperm/Non-Sperm (809).bmp,test,2,-1.791924,-3.724752,5.213702
smids/Non-Sperm/Non-Sperm (812).bmp,test,2,-4.602901,-2.970414,7.283491
smids/Non-Sperm/Non-Sperm (814).bmp,test,2,0.026903,-4.447684,3.526419
smids/Non-Sperm/Non-Sperm (815).bmp,test,2,-1.094063,-0.845752,2.423714
smids/Non-Sperm/Non-Sperm (824).bmp,test,2,-3.393349,-4.921065,8.050177
smids/Non-Sperm/Non-Sperm (827).bmp,test,2,-3.218591,-0.647381,4.347976
smids/Non-Sperm/Non-Sperm (832).bmp,test,2,-3.782728,-2.746335,6.625542
smids/Non-Sperm/Non-Sperm (840).bmp,test,2,-1.857893,-1.589333,2.966141
smids/Non-Sperm/Non-Sperm (847).bmp,test,2,-4.063974,-5.332716,8.895020
smids/Non-Sperm/Non-Sperm (85).bmp,test,2,-2.169380,-3.610239,5.569574
smids/Non-Sperm/Non-Sperm (852).bmp,test,2,-4.553778,-1.339477,5.598867
smids/Non-Sperm/Non-Sperm (86).bmp,test,2,-4.031209,-1.572346,5.564759
smids/Non-Sperm/Non-Sperm (885).bmp,test,2,-5.277169,-1.585316,6.601632
smids/Non-Sperm/Non-Sperm (894).bmp,test,2,-3.845245,0.090403,4.520731
smids/Non-Sperm/Non-Sperm (895).bmp,test,2,-2.956507,-0.316106,3.988719
smids/Non-Sperm/Non-Sperm (896).bmp,test,2,-3.343317,-0.656262,4.876844
smids/Non-Sperm/Non-Sperm (898).bmp,test,2,-1.851061,0.531263,1.470935
smids/Non-Sperm/Non-Sperm (899).bmp,test,2,-2.696217,0.273997,3.000620
smids/Non-Sperm/Non-Sperm (904).bmp,test,2,-1.199737,0.465893,1.539636
smids/Non-Sperm/Non-Sperm (912).bmp,test,2,-3.179626,2.667213,0.343172
smids/Non-Sperm/Non-Sperm (914).bmp,test,2,-5.000035,-2.009186,6.966863
smids/Non-Sperm/Non-Sperm (943).bmp,test,2,-2.134423,-0.868813,3.213907
smids/Non-Sperm/Non-Sperm (948).bmp,test,2,-1.419361,1.422363,0.409825
smids/Non-Sperm/Non-Sperm (949).bmp,test,2,-2.790888,-2.442334,5.119885
smids/Non-Sperm/Non-Sperm (950).bmp,test,2,0.951684,0.231180,-0.568867
smids/Non-Sperm/Non-Sperm (957).bmp,test,2,-3.323518,-0.345189,3.808287
smids/Non-Sperm/Non-Sperm (958).bmp,test,2,-2.062935,-3.768308,5.599127
smids/Non-Sperm/Non-Sperm (960).bmp,test,2,-2.196218,0.646449,1.889217
smids/Non-Sperm/Non-Sperm (968).bmp,test,2,-3.175357,-3.598657,7.251470
smids/Non-Sperm/Non-Sperm (97).bmp,test,2,-2.353677,-3.959585,6.152122
smids/Non-Sperm/Non-Sperm (973).bmp,test,2,-1.182268,0.002638,1.467060
smids/Non-Sperm/Non-Sperm (974).bmp,test,2,-0.504650,-1.014988,1.833367
smids/Non-Sperm/Non-Sperm (98).bmp,test,2,-3.859675,-3.112013,6.873784
smids/Non-Sperm/Non-Sperm (99).bmp,test,2,-4.293876,-4.062930,7.935058
smids/Normal_Sperm/Normal_Sperm (10).bmp,test,0,3.513512,-0.099656,-4.090478
smids/Normal_Sperm/Normal_Sperm (1006).bmp,test,0,3.997472,1.751594,-5.949827
smids/Normal_Sperm/Normal_Sperm (101).bmp,test,0,6.869771,-0.481920,-6.330760
smids/Normal_Sperm/Normal_Sperm (1010).bmp,test,0,5.060880,-0.837846,-4.551740
smids/Normal_Sperm/Normal_Sperm (103).bmp,test,0,4.890287,-0.302714,-4.590427
smids/Normal_Sperm/Normal_Sperm (107).bmp,test,0,1.639342,-1.629818,-0.081857
smids/Normal_Sperm/Normal_Sperm (109).bmp,test,0,3.150349,-0.144084,-2.529094
smids/Normal_Sperm/Normal_Sperm (112).bmp,test,0,6.531740,1.265385,-8.108803
smids/Normal_Sperm/Normal_Sperm (113).bmp,test,0,4.453265,0.407328,-5.782482
smids/Normal_Sperm/Normal_Sperm (119).bmp,test,0,2.458481,2.279941,-4.235868
smids/Normal_Sperm/Normal_Sperm (129).bmp,test,0,3.803121,1.320204,-5.017217
smids/Normal_Sperm/Normal_Sperm (13).bmp,test,0,0.873313,0.612340,-1.626155
smids/Normal_Sperm/Normal_Sperm (130).bmp,test,0,3.250387,2.147835,-5.159902
smids/Normal_Sperm/Normal_Sperm (131).bmp,test,0,2.727129,1.629489,-3.915506
smids/Normal_Sperm/Normal_Sperm (137).bmp,test,0,3.271018,2.470406,-5.807576
smids/Normal_Sperm/Normal_Sperm (155).bmp,test,0,1.935244,1.144032,-2.566108
smids/Normal_Sperm/Normal_Sperm (156).bmp,test,0,3.671684,2.173049,-5.748610
smids/Normal_Sperm/Normal_Sperm (159).bmp,test,0,4.481333,1.369692,-6.031686
smids/Normal_Sperm/Normal_Sperm (161).bmp,test,0,4.550003,1.444215,-6.408159
smids/Normal_Sperm/Normal_Sperm (166).bmp,test,0,2.984596,-0.084719,-2.903047
smids/Normal_Sperm/Normal_Sperm (167).bmp,test,0,4.158597,0.822914,-5.116213
smids/Normal_Sperm/Normal_Sperm (169).bmp,test,0,6.155732,0.209357,-6.774033
smids/Normal_Sperm/Normal_Sperm (177).bmp,test,0,3.847324,0.916167,-5.046920
smids/Normal_Sperm/Normal_Sperm (18).bmp,test,0,3.097325,-0.179764,-3.371121
smids/Normal_Sperm/Normal_Sperm (183).bmp,test,0,3.203760,-0.160366,-3.912693
smids/Normal_Sperm/Normal_Sperm (185).bmp,test,0,5.093019,2.913626,-8.466214
smids/Normal_Sperm/Normal_Sperm (188).bmp,test,0,-0.875748,1.535390,-0.452056
smids/Normal_Sperm/Normal_Sperm (196).bmp,test,0,2.662383,2.378873,-5.137167
smids/Normal_Sperm/Normal_Sperm (200).bmp,test,0,1.793575,4.425145,-6.181011
smids/Normal_Sperm/Normal_Sperm (213).bmp,test,0,4.918428,1.118326,-6.645106
smids/Normal_Sperm/Normal_Sperm (216).bmp,test,0,3.913352,1.759712,-6.589961
smids/Normal_Sperm/Normal_Sperm (217).bmp,test,0,3.092094,0.246491,-3.754859
smids/Normal_Sperm/Normal_Sperm (219).bmp,test,0,2.583656,0.786173,-3.955168
smids/Normal_Sperm/Normal_Sperm (224).bmp,test,0,2.420757,0.542148,-2.920426
smids/Normal_Sperm/Normal_Sperm (228).bmp,test,0,7.850747,0.503190,-9.145387
smids/Normal_Sperm/Normal_Sperm (229).bmp,test,0,4.477508,1.055427,-6.414956
smids/Normal_Sperm/Normal_Sperm (232).bmp,test,0,4.563653,2.770080,-7.226211
smids/Normal_Sperm/Normal_Sperm (237).bmp,test,0,4.089771,2.683132,-7.218498
smids/Normal_Sperm/Normal_Sperm (241).bmp,test,0,4.653872,1.128579,-6.391897
smids/Normal_Sperm/Normal_Sperm (25).bmp,test,0,2.057460,-3.496279,0.694342
smids/Normal_Sperm/Normal_Sperm (253).bmp,test,0,4.929607,-1.662922,-4.070469
smids/Normal_Sperm/Normal_Sperm (254).bmp,test,0,4.654153,-1.584908,-3.345268
smids/Normal_Sperm/Normal_Sperm (266).bmp,test,0,1.791545,2.936333,-4.630059
smids/Normal_Sperm/Normal_Sperm (268).bmp,test,0,1.338050,-1.798151,0.279232
smids/Normal_Sperm/Normal_Sperm (275).bmp,test,0,5.249715,0.769029,-6.089855
smids/Normal_Sperm/Normal_Sperm (283).bmp,test,0,7.705694,0.893158,-9.136711
smids/Normal_Sperm/Normal_Sperm (293).bmp,test,0,3.279207,0.444942,-4.290024
smids/Normal_Sperm/Normal_Sperm (294).bmp,test,0,5.342577,-0.701680,-5.138928
smids/Normal_Sperm/Normal_Sperm (303).bmp,test,0,1.459207,-1.511817,-0.811522
smids/Normal_Sperm/Normal_Sperm (304).bmp,test,0,5.068265,1.091755,-6.649436
smids/Normal_Sperm/Normal_Sperm (309).bmp,test,0,3.006917,3.490309,-6.504433
smids/Normal_Sperm/Normal_Sperm (312).bmp,test,0,6.045045,0.127558,-6.431529
smids/Normal_Sperm/Normal_Sperm (314).bmp,test,0,3.936812,-0.453726,-3.595359
smids/Normal_Sperm/Normal_Sperm (317).bmp,test,0,1.988745,0.725474,-2.596914
smids/Normal_Sperm/Normal_Sperm (324).bmp,test,0,6.341206,2.248226,-8.803020
smids/Normal_Sperm/Normal_Sperm (325).bmp,test,0,4.398497,2.349397,-7.114573
smids/Normal_Sperm/Normal_Sperm (33).bmp,test,0,3.367429,-0.973235,-2.929915
smids/Normal_Sperm/Normal_Sperm (330).bmp,test,0,3.607243,1.326776,-5.171483
smids/Normal_Sperm/Normal_Sperm (335).bmp,test,0,3.105337,1.783054,-5.296942
smids/Normal_Sperm/Normal_Sperm (338).bmp,test,0,1.790643,1.453562,-3.946800
smids/Normal_Sperm/Normal_Sperm (340).bmp,test,0,3.957915,-1.978526,-2.204268
smids/Normal_Sperm/Normal_Sperm (345).bmp,test,0,2.217564,0.231286,-2.200735
smids/Normal_Sperm/Normal_Sperm (346).bmp,test,0,5.451311,0.994445,-6.290453
smids/Normal_Sperm/Normal_Sperm (348).bmp,test,0,3.091618,0.228102,-2.793792
smids/Normal_Sperm/Normal_Sperm (366).bmp,test,0,5.342844,0.075970,-5.858912
smids/Normal_Sperm/Normal_Sperm (378).bmp,test,0,3.158274,0.402647,-3.527315
smids/Normal_Sperm/Normal_Sperm (379).bmp,test,0,2.824378,1.289463,-4.298994
smids/Normal_Sperm/Normal_Sperm (384).bmp,test,0,3.044254,2.960234,-5.846681
smids/Normal_Sperm/Normal_Sperm (397).bmp,test,0,3.195175,-1.342143,-2.490129
smids/Normal_Sperm/Normal_Sperm (398).bmp,test,0,3.261991,1.983370,-5.491892
smids/Normal_Sperm/Normal_Sperm (4).bmp,test,0,5.399078,0.486374,-5.945925
smids/Normal_Sperm/Normal_Sperm (403).bmp,test,0,2.585088,0.303653,-2.959290
smids/Normal_Sperm/Normal_Sperm (412).bmp,test,0,6.013231,0.871825,-7.125257
smids/Normal_Sperm/Normal_Sperm (417).bmp,test,0,2.867605,1.622707,-4.522797
smids/Normal_Sperm/Normal_Sperm (428).bmp,test,0,5.053043,0.426035,-5.365762
smids/Normal_Sperm/Normal_Sperm (432).bmp,test,0,5.121917,0.851824,-6.588141
smids/Normal_Sperm/Normal_Sperm (437).bmp,test,0,5.980983,0.837639,-7.297885
smids/Normal_Sperm/Normal_Sperm (440).bmp,test,0,3.676993,-0.005212,-3.713251
smids/Normal_Sperm/Normal_Sperm (442).bmp,test,0,5.179897,-1.442130,-4.188123
smids/Normal_Sperm/Normal_Sperm (450).bmp,test,0,4.529058,-0.191212,-4.382240
smids/Normal_Sperm/Normal_Sperm (451).bmp,test,0,3.156504,-0.700434,-2.631324
smids/Normal_Sperm/Normal_Sperm (455).bmp,test,0,3.953641,0.933290,-4.521640
smids/Normal_Sperm/Normal_Sperm (461).bmp,test,0,6.712246,0.821135,-8.038376
smids/Normal_Sperm/Normal_Sperm (464).bmp,test,0,5.093381,1.852758,-7.364164
smids/Normal_Sperm/Normal_Sperm (465).bmp,test,0,5.994375,0.814704,-6.648038
smids/Normal_Sperm/Normal_Sperm (470).bmp,test,0,3.385563,2.011085,-5.166048
smids/Normal_Sperm/Normal_Sperm (477).bmp,test,0,5.275698,0.740994,-6.393890
smids/Normal_Sperm/Normal_Sperm (48).bmp,test,0,4.085437,-0.077192,-4.818838
smids/Normal_Sperm/Normal_Sperm (483).bmp,test,0,3.300002,0.512474,-3.644864
smids/Normal_Sperm/Normal_Sperm (488).bmp,test,0,2.155584,-1.258207,-0.770246
smids/Normal_Sperm/Normal_Sperm (49).bmp,test,0,0.169841,4.312032,-4.562928
smids/Normal_Sperm/Normal_Sperm (499).bmp,test,0,4.188257,1.108503,-5.390447
smids/Normal_Sperm/Normal_Sperm (500).bmp,test,0,4.921316,-0.016034,-5.086376
smids/Normal_Sperm/Normal_Sperm (505).bmp,test,0,4.281357,-0.248757,-4.064380
smids/Normal_Sperm/Normal_Sperm (520).bmp,test,0,5.316717,0.476720,-6.423755
smids/Normal_Sperm/Normal_Sperm (525).bmp,test,0,6.182354,0.291990,-7.247492
smids/Normal_Sperm/Normal_Sperm (526).bmp,test,0,6.791855,1.894208,-8.933069
smids/Normal_Sperm/Normal_Sperm (527).bmp,test,0,5.252689,2.039283,-7.064950
smids/Normal_Sperm/Normal_Sperm (529).bmp,test,0,6.184061,0.434830,-6.726504
smids/Normal_Sperm/Normal_Sperm (530).bmp,test,0,5.335882,0.352028,-5.650424
smids/Normal_Sperm/Normal_Sperm (532).bmp,test,0,4.261782,1.267175,-5.449747
smids/Normal_Sperm/Normal_Sperm (540).bmp,test,0,5.121038,-0.215741,-4.556821
smids/Normal_Sperm/Normal_Sperm (541).bmp,test,0,3.416433,0.952474,-4.169270
smids/Normal_Sperm/Normal_Sperm (542).bmp,test,0,6.312066,0.639697,-7.235281
smids/Normal_Sperm/Normal_Sperm (544).bmp,test,0,6.699111,0.526169,-7.406207
smids/Normal_Sperm/Normal_Sperm (546).bmp,test,0,5.843265,0.916684,-6.775211
smids/Normal_Sperm/Normal_Sperm (547).bmp,test,0,2.759691,1.312969,-4.007006
smids/Normal_Sperm/Normal_Sperm (549).bmp,test,0,4.613679,-0.273751,-4.566736
smids/Normal_Sperm/Normal_Sperm (55).bmp,test,0,2.301394,-2.207114,-0.806158
smids/Normal_Sperm/Normal_Sperm (555).bmp,test,0,6.491453,0.271980,-6.585761
smids/Normal_Sperm/Normal_Sperm (560).bmp,test,0,5.661484,0.300541,-6.249895
smids/Normal_Sperm/Normal_Sperm (561).bmp,test,0,0.944730,0.749214,-1.465626
smids/Normal_Sperm/Normal_Sperm (562).bmp,test,0,6.872749,-0.417872,-6.507587
smids/Normal_Sperm/Normal_Sperm (563).bmp,test,0,7.279821,1.726391,-9.594919
smids/Normal_Sperm/Normal_Sperm (568).bmp,test,0,3.317092,2.820779,-6.140753
smids/Normal_Sperm/Normal_Sperm (572).bmp,test,0,5.923841,1.677295,-7.676227
smids/Normal_Sperm/Normal_Sperm (579).bmp,test,0,3.193164,1.766846,-5.521095
smids/Normal_Sperm/Normal_Sperm (59).bmp,test,0,3.421754,1.418459,-4.974575
smids/Normal_Sperm/Normal_Sperm (598).bmp,test,0,5.783848,2.672087,-8.339127
smids/Normal_Sperm/Normal_Sperm (600).bmp,test,0,2.239279,0.240670,-1.809293
smids/Normal_Sperm/Normal_Sperm (605).bmp,test,0,5.477860,1.019616,-6.928142
smids/Normal_Sperm/Normal_Sperm (613).bmp,test,0,3.417670,2.545269,-5.750239
smids/Normal_Sperm/Normal_Sperm (615).bmp,test,0,3.484004,-0.289647,-2.738266
smids/Normal_Sperm/Normal_Sperm (633).bmp,test,0,2.799929,3.420591,-5.986075
smids/Normal_Sperm/Normal_Sperm (635).bmp,test,0,7.336715,0.670744,-8.555950
smids/Normal_Sperm/Normal_Sperm (637).bmp,test,0,4.878872,0.770646,-5.734020
smids/Normal_Sperm/Normal_Sperm (642).bmp,test,0,5.549367,0.304719,-6.259983
smids/Normal_Sperm/Normal_Sperm (647).bmp,test,0,4.299516,-0.428494,-4.210732
smids/Normal_Sperm/Normal_Sperm (649).bmp,test,0,1.346539,4.706861,-6.448593
smids/Normal_Sperm/Normal_Sperm (65).bmp,test,0,4.869790,-0.533567,-4.610116
smids/Normal_Sperm/Normal_Sperm (655).bmp,test,0,2.890289,-0.448449,-2.205911
smids/Normal_Sperm/Normal_Sperm (658).bmp,test,0,5.316305,-0.299248,-5.389816
smids/Normal_Sperm/Normal_Sperm (666).bmp,test,0,5.482604,-1.253623,-4.269477
smids/Normal_Sperm/Normal_Sperm (672).bmp,test,0,8.611556,1.054708,-9.962131
smids/Normal_Sperm/Normal_Sperm (685).bmp,test,0,6.342708,2.588126,-9.214008
smids/Normal_Sperm/Normal_Sperm (696).bmp,test,0,5.577781,1.141299,-6.851714
smids/Normal_Sperm/Normal_Sperm (697).bmp,test,0,2.899087,0.038073,-2.920181
smids/Normal_Sperm/Normal_Sperm (705).bmp,test,0,3.664826,1.159858,-5.028790
smids/Normal_Sperm/Normal_Sperm (717).bmp,test,0,6.422396,-0.301289,-6.584764
smids/Normal_Sperm/Normal_Sperm (718).bmp,test,0,5.106110,0.839184,-6.606384
smids/Normal_Sperm/Normal_Sperm (720).bmp,test,0,6.184095,1.193189,-7.466675
smids/Normal_Sperm/Normal_Sperm (721).bmp,test,0,5.889153,0.505804,-6.567775
smids/Normal_Sperm/Normal_Sperm (730).bmp,test,0,5.614555,-1.140911,-5.413087
smids/Normal_Sperm/Normal_Sperm (741).bmp,test,0,5.716059,0.668821,-6.471082
smids/Normal_Sperm/Normal_Sperm (743).bmp,test,0,4.880884,-1.780998,-2.939439
smids/Normal_Sperm/Normal_Sperm (744).bmp,test,0,6.174177,-1.095316,-6.126158
smids/Normal_Sperm/Normal_Sperm (748).bmp,test,0,4.295397,1.667850,-5.573406
smids/Normal_Sperm/Normal_Sperm (75).bmp,test,0,4.758887,-2.306702,-3.124070
smids/Normal_Sperm/Normal_Sperm (752).bmp,test,0,5.007193,-0.049255,-5.621253
smids/Normal_Sperm/Normal_Sperm (758).bmp,test,0,3.135873,-0.655718,-1.992733
smids/Normal_Sperm/Normal_Sperm (759).bmp,test,0,5.551679,0.981047,-6.629146
smids/Normal_Sperm/Normal_Sperm (760).bmp,test,0,7.074600,2.238289,-9.832407
smids/Normal_Sperm/Normal_Sperm (762).bmp,test,0,5.687872,-0.363587,-5.063741
smids/Normal_Sperm/Normal_Sperm (764).bmp,test,0,4.704740,0.853885,-5.920396
smids/Normal_Sperm/Normal_Sperm (77).bmp,test,0,4.279020,-1.446427,-3.249248
smids/Normal_Sperm/Normal_Sperm (784).bmp,test,0,2.571969,1.955937,-5.123204
smids/Normal_Sperm/Normal_Sperm (787).bmp,test,0,5.448598,-0.158244,-5.276660
smids/Normal_Sperm/Normal_Sperm (790).bmp,test,0,2.683743,1.994415,-4.589961
smids/Normal_Sperm/Normal_Sperm (794).bmp,test,0,4.812640,0.182430,-5.307343
smids/Normal_Sperm/Normal_Sperm (801).bmp,test,0,3.655885,-0.606590,-3.292317
smids/Normal_Sperm/Normal_Sperm (806).bmp,test,0,4.770806,-0.341632,-4.624857
smids/Normal_Sperm/Normal_Sperm (807).bmp,test,0,4.520648,-0.463537,-4.728117
smids/Normal_Sperm/Normal_Sperm (809).bmp,test,0,5.965768,1.406278,-7.980830
smids/Normal_Sperm/Normal_Sperm (811).bmp,test,0,4.336023,0.333352,-5.393653
smids/Normal_Sperm/Normal_Sperm (815).bmp,test,0,5.224721,-0.046656,-5.441786
smids/Normal_Sperm/Normal_Sperm (816).bmp,test,0,2.468314,3.812259,-6.390866
smids/Normal_Sperm/Normal_Sperm (817).bmp,test,0,3.661263,0.441437,-4.572068
smids/Normal_Sperm/Normal_Sperm (819).bmp,test,0,6.046607,0.655799,-7.057479
smids/Normal_Sperm/Normal_Sperm (822).bmp,test,0,5.770298,-0.492251,-5.987027
smids/Normal_Sperm/Normal_Sperm (823).bmp,test,0,6.098232,0.078792,-6.798692
smids/Normal_Sperm/Normal_Sperm (824).bmp,test,0,7.374285,-0.467695,-7.269258
smids/Normal_Sperm/Normal_Sperm (83).bmp,test,0,6.287288,-0.133104,-6.708869
smids/Normal_Sperm/Normal_Sperm (840).bmp,test,0,5.620825,0.821755,-6.200466
smids/Normal_Sperm/Normal_Sperm (841).bmp,test,0,6.783174,0.427460,-7.014678
smids/Normal_Sperm/Normal_Sperm (847).bmp,test,0,5.198717,1.079190,-6.069193
smids/Normal_Sperm/Normal_Sperm (849).bmp,test,0,6.388463,0.870468,-7.680186
smids/Normal_Sperm/Normal_Sperm (857).bmp,test,0,4.722646,2.794257,-7.989712
smids/Normal_Sperm/Normal_Sperm (866).bmp,test,0,3.298509,2.357630,-5.540236
smids/Normal_Sperm/Normal_Sperm (876).bmp,test,0,6.618608,1.719719,-8.359241
smids/Normal_Sperm/Normal_Sperm (883).bmp,test,0,6.811269,0.076624,-7.413896
smids/Normal_Sperm/Normal_Sperm (884).bmp,test,0,6.210053,2.042684,-8.118240
smids/Normal_Sperm/Normal_Sperm (890).bmp,test,0,3.520496,2.309089,-5.634887
smids/Normal_Sperm/Normal_Sperm (90).bmp,test,0,5.940030,-0.139161,-6.561352
smids/Normal_Sperm/Normal_Sperm (919).bmp,test,0,0.832128,1.991430,-2.636295
smids/Normal_Sperm/Normal_Sperm (925).bmp,test,0,4.627569,2.932354,-7.440568
smids/Normal_Sperm/Normal_Sperm (928).bmp,test,0,3.117182,1.780187,-4.954178
smids/Normal_Sperm/Normal_Sperm (930).bmp,test,0,0.164925,-2.215512,1.352773
smids/Normal_Sperm/Normal_Sperm (934).bmp,test,0,3.832673,2.058368,-5.912439
smids/Normal_Sperm/Normal_Sperm (939).bmp,test,0,4.889354,1.315400,-6.976679
smids/Normal_Sperm/Normal_Sperm (952).bmp,test,0,1.885878,4.097294,-5.550023
smids/Normal_Sperm/Normal_Sperm (953).bmp,test,0,3.439586,4.089524,-7.843760
smids/Normal_Sperm/Normal_Sperm (954).bmp,test,0,3.813080,3.050661,-6.752395
smids/Normal_Sperm/Normal_Sperm (966).bmp,test,0,4.112637,3.432295,-8.388458
smids/Normal_Sperm/Normal_Sperm (970).bmp,test,0,4.560602,2.001242,-7.443087
smids/Normal_Sperm/Normal_Sperm (976).bmp,test,0,6.625179,-0.462278,-5.877408
smids/Normal_Sperm/Normal_Sperm (977).bmp,test,0,4.936715,0.780577,-5.575963
smids/Normal_Sperm/Normal_Sperm (985).bmp,test,0,4.306166,-0.205605,-4.009893
smids/Normal_Sperm/Normal_Sperm (99).bmp,test,0,5.597932,-0.916370,-5.224873
smids/Normal_Sperm/Normal_Sperm (996).bmp,test,0,7.327024,0.213364,-8.065057
smids/Normal_Sperm/Normal_Sperm (998).bmp,test,0,5.175451,-0.486549,-5.245240
smids/Normal_Sperm/Normal_Sperm (999).bmp,test,0,1.636248,-0.169161,-1.363517
